Sample_Size,Exp_ID,T,Y,True_Effect,MAE_Full,MAE_Local,Time_Full,Time_Local,Eff_Full,Eff_Local,Set_Size_Full,Set_Size_Local,MAE_Full_n,MAE_Local_n,Time_Full_n,Time_Local_n,Vars_Full,Vars_Local,Eff_Full_n,Eff_Local_n,Set_Size_Full_n,Set_Size_Local_n
500,0,12,6,0.0,0.0,0.0,0.016694307327270508,0.00370025634765625,0.0,0.0,1,1,0.022384668288699283,0.0018424274610105503,0.014061689376831055,0.002614736557006836,17,2,-0.04293|-0.00184,-0.00184,2,1
500,1,1,5,0.0,0.0,0.0,0.011311054229736328,0.003148317337036133,0.0,0.0,1,1,0.020482050154359607,0.01632630311788519,0.014284610748291016,0.0027315616607666016,17,2,-0.03602|-0.01633|-0.0091,-0.01633,3,1
500,2,5,18,0.0,0.0,0.0,0.008454561233520508,0.0030977725982666016,0.0,0.0,1,1,0.031048571184183527,0.011514463319728618,0.011632680892944336,0.0023806095123291016,17,2,0.01151|0.05058,0.01151,2,1
500,3,20,1,0.0,0.0,0.0,0.008353233337402344,0.0030753612518310547,0.0,0.0,1,1,0.014065977882077557,0.0005176243362952218,0.011365175247192383,0.0024068355560302734,17,2,-0.02761|0.00052,0.00052,2,1
500,4,18,4,0.0,0.0,0.0,0.008207559585571289,0.0030364990234375,0.0,0.0,1,1,0.029442209217297205,0.003173350787963186,0.011013031005859375,0.0023872852325439453,17,2,0.00317|0.05571,0.00317,2,1
500,5,4,3,0.0,0.0,0.0,0.008161306381225586,0.0035583972930908203,0.0,0.0,1,1,0.014115590815703646,0.014115590815703646,0.011066675186157227,0.0025000572204589844,17,2,-0.01412,-0.01412,1,1
500,6,17,19,0.0,0.0,0.0,0.008982419967651367,0.005294322967529297,0.0,0.0,1,1,0.03415177072080828,0.03415177072080828,0.03725862503051758,0.00437164306640625,17,7,0.03415,0.03415,1,1
500,7,9,12,0.0,0.0,0.0,0.00905299186706543,0.003521442413330078,0.0,0.0,1,1,0.008637198433822832,0.0009684088655058899,0.012899637222290039,0.002706289291381836,17,2,-0.00097|0.01631,-0.00097,2,1
500,8,1,11,0.0,0.0,0.0,0.009328126907348633,0.003176450729370117,0.0,0.0,1,1,0.055634750517307534,0.03181655860020639,0.012888908386230469,0.0025551319122314453,17,2,0.03182|0.05745|0.07764,0.03182,3,1
500,9,9,11,0.0,0.0,0.0,0.00885319709777832,0.0037186145782470703,0.0,0.0,1,1,0.01129400073884649,0.005509700059394835,0.011955738067626953,0.002544879913330078,17,2,-0.01708|-0.00551,-0.00551,2,1
500,10,14,20,0.0,0.0,0.0,0.008771419525146484,0.0032744407653808594,0.0,0.0,1,1,0.02689669305898581,0.02637022774690347,0.011504650115966797,0.0025289058685302734,17,2,-0.02742|-0.02637,-0.02637,2,1
500,11,4,3,0.0,0.0,0.0,0.008557796478271484,0.005904436111450195,0.0,0.0,1,1,0.012053863262995311,0.012053863262995311,0.00920557975769043,0.002412080764770508,17,2,-0.01205,-0.01205,1,1
500,12,15,20,0.0,0.0,0.0,0.009247541427612305,0.007494449615478516,0.0,0.0,1,1,0.03293743493955307,0.03293743493955307,0.010595083236694336,0.002895832061767578,17,2,-0.03294,-0.03294,1,1
500,13,6,15,0.0,0.0,0.0,0.00884389877319336,0.003395557403564453,0.0,0.0,1,1,0.01857780166583833,0.005318347466553378,0.010470390319824219,0.006349325180053711,17,2,-0.03184|-0.00532,-0.00532,2,1
500,14,6,17,0.0,0.0,0.0,0.010312318801879883,0.004073381423950195,0.0,0.0,1,1,0.0463385833442254,0.025647835645172968,0.010544061660766602,0.007481575012207031,17,5,-0.06703|-0.02565,-0.02565,2,1
500,15,17,20,0.0,0.0,0.0,0.009419918060302734,0.007287502288818359,0.0,0.0,1,1,0.02057281740304555,0.02057281740304555,0.009309768676757812,0.004410743713378906,17,5,0.02057,0.02057,1,1
500,16,16,13,0.0,0.0,0.0,0.009365558624267578,0.006586313247680664,0.0,0.0,1,1,0.030315334928428802,0.030315334928428802,0.010547876358032227,0.003019094467163086,17,2,-0.03032,-0.03032,1,1
500,17,5,14,0.0,0.0,0.0,0.008618831634521484,0.003602266311645508,0.0,0.0,1,1,0.028097543147701166,0.016278283864973386,0.11655473709106445,0.006353139877319336,17,2,0.01628|0.03992,0.01628,2,1
500,18,11,13,0.0,0.0,0.0,0.009591102600097656,0.003564119338989258,0.0,0.0,1,1,0.004366334366907022,0.004366334366907022,0.008836507797241211,0.006857156753540039,17,2,0.00437,0.00437,1,1
500,19,18,19,0.0,0.0,0.0,0.010041952133178711,0.004173755645751953,0.0,0.0,1,1,0.01896286226648825,0.00043801962343735783,0.010219573974609375,0.007144927978515625,17,4,-0.03749|0.00044,0.00044,2,1
500,20,9,19,0.0,0.0,0.0,0.009557485580444336,0.010616540908813477,0.0,0.0,1,1,0.03423884854853648,0.00960674594986724,0.008950233459472656,0.0037565231323242188,17,4,0.00961|0.05887,0.00961,2,1
500,21,16,18,0.0,0.0,0.0,0.00860905647277832,0.0059490203857421875,0.0,0.0,1,1,0.008096739232270812,0.008096739232270812,0.008113622665405273,0.0027921199798583984,17,2,-0.0081,-0.0081,1,1
500,22,16,4,0.0,0.0,0.0,0.008573532104492188,0.0054209232330322266,0.0,0.0,1,1,0.02625698098219312,0.02625698098219312,0.00811767578125,0.003173351287841797,17,2,0.02626,0.02626,1,1
500,23,19,16,0.0,0.0,0.0,0.008621454238891602,0.006380319595336914,0.0,0.0,1,1,0.009484645587466941,0.009484645587466941,0.008216381072998047,0.0032830238342285156,17,4,0.00948,0.00948,1,1
500,24,11,3,0.0,0.0,0.0,0.00862264633178711,0.007512331008911133,0.0,0.0,1,1,0.03676247927743028,0.03676247927743028,0.009866476058959961,0.004206180572509766,17,2,-0.03676,-0.03676,1,1
500,25,1,8,0.0,0.0,0.0,0.011689901351928711,0.007988452911376953,0.0,0.0,1,1,0.05910975851351138,0.030306290961372474,0.009848594665527344,0.00371551513671875,17,2,-0.08748|-0.05954|-0.03031,-0.03031,3,1
500,26,5,18,0.0,0.0,0.0,0.010226011276245117,0.007058620452880859,0.0,0.0,1,1,0.038649214122349194,0.010731391143978222,0.009076833724975586,0.0027954578399658203,17,2,0.01073|0.06657,0.01073,2,1
500,27,6,8,0.0,0.0,0.0,0.009498119354248047,0.008099079132080078,0.0,0.0,1,1,0.022970689059565702,0.016389649384066715,0.010324716567993164,0.002852201461791992,17,2,0.01639|0.02955,0.01639,2,1
500,28,16,8,0.0,0.0,0.0,0.00897669792175293,0.0031616687774658203,0.0,0.0,1,1,0.039269690621216664,0.039269690621216664,0.009450435638427734,0.006500244140625,17,2,0.03927,0.03927,1,1
500,29,5,16,0.0,0.0,0.0,0.009261608123779297,0.003091096878051758,0.0,0.0,1,1,0.008575707095028081,0.0056633773662739155,0.008512735366821289,0.0054781436920166016,17,2,-0.01149|-0.00566,-0.00566,2,1
500,30,18,13,0.0,0.0,0.0,0.008413314819335938,0.0027549266815185547,0.0,0.0,1,1,0.013693775653063123,0.009229053645112962,0.007840156555175781,0.0025305747985839844,17,2,-0.01816|-0.00923,-0.00923,2,1
500,31,3,16,0.0,0.0,0.0,0.009330034255981445,0.0033833980560302734,0.0,0.0,1,1,0.046255547199826275,0.011206199645772056,0.010875701904296875,0.003096342086791992,17,2,-0.09267|0.01121|0.03489,0.01121,3,1
500,32,17,13,0.0,0.0,0.0,0.010646343231201172,0.005164384841918945,0.0,0.0,1,1,0.03060556443870986,0.03060556443870986,0.010422706604003906,0.004004716873168945,17,5,0.03061,0.03061,1,1
500,33,1,16,0.0,0.0,0.0,0.01238393783569336,0.003849029541015625,0.0,0.0,1,1,0.06406651855592156,0.034090583297719586,0.01014852523803711,0.002873659133911133,17,2,0.03409|0.07453|0.08358,0.03409,3,1
500,34,19,3,0.0,0.0,0.0,0.010275840759277344,0.0038216114044189453,0.0,0.0,1,1,0.026414821276747096,0.026414821276747096,0.009324312210083008,0.003008127212524414,17,4,-0.02641,-0.02641,1,1
500,35,14,8,0.0,0.0,0.0,0.009247303009033203,0.003012418746948242,0.0,0.0,1,1,0.027009387878889148,0.010329582811516422,0.008681297302246094,0.002488851547241211,17,2,0.01033|0.04369,0.01033,2,1
500,36,3,20,0.0,0.0,0.0,0.009560823440551758,0.003131866455078125,0.0,0.0,1,1,0.06382223885636563,0.02823154351897578,0.009619712829589844,0.002582073211669922,17,2,-0.09555|-0.06769|-0.02823,-0.02823,3,1
500,37,4,11,0.0,0.0,0.0,0.011600255966186523,0.0031147003173828125,0.0,0.0,1,1,0.031034894435239033,0.031034894435239033,0.011456727981567383,0.002473592758178711,17,2,0.03103,0.03103,1,1
500,38,18,16,0.0,0.0,0.0,0.012125968933105469,0.0032045841217041016,0.0,0.0,1,1,0.045377157243528685,0.0152437825046951,0.009552955627441406,0.00255584716796875,17,2,0.01524|0.07551,0.01524,2,1
500,39,12,15,0.0,0.0,0.0,0.010863542556762695,0.0032958984375,0.0,0.0,1,1,0.026097639324104523,0.00651667469207246,0.009685277938842773,0.002554655075073242,17,2,-0.04568|-0.00652,-0.00652,2,1
500,40,13,3,0.0,0.0,0.0,0.01396036148071289,0.0034415721893310547,0.0,0.0,1,1,0.04224594679678168,0.01839348437479676,0.010710477828979492,0.0029249191284179688,17,2,-0.0661|-0.01839,-0.01839,2,1
500,41,12,3,0.0,0.0,0.0,0.014352798461914062,0.0030329227447509766,0.0,0.0,1,1,0.04027454348579206,0.01624652090881094,0.010033130645751953,0.0024614334106445312,17,2,-0.0643|-0.01625,-0.01625,2,1
500,42,17,15,0.0,0.0,0.0,0.013505935668945312,0.003664255142211914,0.0,0.0,1,1,0.016608725162356255,0.016608725162356255,0.00944066047668457,0.0031507015228271484,17,5,-0.01661,-0.01661,1,1
500,43,6,18,0.0,0.25,0.25,0.009569406509399414,0.005094766616821289,0.0|0.5,0.0|0.5,2,2,0.26176563748046217,0.26176563748046217,0.008220434188842773,0.007578372955322266,17,3,-0.02292|0.50061,-0.02292|0.50061,2,2
500,44,11,19,0.0,0.0,0.0,0.010251760482788086,0.004487276077270508,0.0,0.0,1,1,0.005637877503328914,0.005637877503328914,0.01250767707824707,0.008307456970214844,17,4,0.00564,0.00564,1,1
500,45,15,8,0.0,0.0,0.0,0.011734962463378906,0.004055976867675781,0.0,0.0,1,1,0.05328777283349475,0.05328777283349475,0.011346578598022461,0.007418632507324219,17,2,-0.05329,-0.05329,1,1
500,46,13,19,0.0,0.0,0.0,0.011217117309570312,0.0036923885345458984,0.0,0.0,1,1,0.07116234720641611,0.02703234635969211,0.008927345275878906,0.007023334503173828,17,4,0.02703|0.11529,0.02703,2,1
500,47,4,6,0.0,0.0,0.0,0.008656501770019531,0.006053447723388672,0.0,0.0,1,1,0.021944170058772878,0.021944170058772878,0.008366823196411133,0.0035462379455566406,17,2,-0.02194,-0.02194,1,1
500,48,1,8,0.0,0.0,0.0,0.008922338485717773,0.07607722282409668,0.0,0.0,1,1,0.0183005953600836,0.016002061626787644,0.009138822555541992,0.0033931732177734375,17,2,0.016|0.01927|0.01963,0.016,3,1
500,49,19,8,0.0,0.0,0.0,0.009688377380371094,0.003937482833862305,0.0,0.0,1,1,0.0010006487801782434,0.0010006487801782434,0.010114908218383789,0.0037114620208740234,17,4,-0.001,-0.001,1,1
500,50,8,13,0.0,0.0,0.0,0.012330293655395508,0.004467010498046875,0.0,0.0,1,1,0.03161725406384589,0.015224782443390079,0.014413118362426758,0.0036830902099609375,17,2,0.01522|0.02829|0.05134,0.01522,3,1
500,51,12,3,0.0,0.0,0.0,0.01297450065612793,0.004308938980102539,0.0,0.0,1,1,0.021235650185843866,0.008726205177999375,0.013219118118286133,0.003263711929321289,17,2,-0.03375|0.00873,0.00873,2,1
500,52,1,5,0.0,0.0,0.0,0.012979984283447266,0.0028905868530273438,0.0,0.0,1,1,0.014693437264989511,0.0020205554282688833,0.008968830108642578,0.0023179054260253906,17,2,-0.01167|0.00202|0.03039,0.00202,3,1
500,53,1,12,0.0,0.0,0.0,0.008449554443359375,0.0029401779174804688,0.0,0.0,1,1,0.049853791987658345,0.023726583978047153,0.008522748947143555,0.002391815185546875,17,2,-0.11415|-0.02373|-0.01168,-0.02373,3,1
500,54,9,3,0.0,0.16666666666666666,0.16666666666666666,0.00817418098449707,0.005206584930419922,0.0|0.33333,0.0|0.33333,2,2,0.16389297081497364,0.16389297081497364,0.008002758026123047,0.004762172698974609,17,3,-0.01655|0.31123,-0.01655|0.31123,2,2
500,55,16,1,0.0,0.0,0.0,0.012646198272705078,0.004331350326538086,0.0,0.0,1,1,0.023648218520534135,0.023648218520534135,0.010970354080200195,0.00323486328125,17,2,0.02365,0.02365,1,1
500,56,6,13,0.0,0.0,0.0,0.00886082649230957,0.00336456298828125,0.0,0.0,1,1,0.022497998241314147,0.01914858809316556,0.009878396987915039,0.002854585647583008,17,2,0.01915|0.02585,0.01915,2,1
500,57,9,19,0.0,0.0,0.0,0.009920120239257812,0.0037653446197509766,0.0,0.0,1,1,0.022543286396631536,3.0778139676830875e-06,0.0120391845703125,0.0029630661010742188,17,4,-0.0|0.04508,-0.0,2,1
500,58,15,6,0.0,0.0,0.0,0.008605241775512695,0.003168821334838867,0.0,0.0,1,1,0.001120680168831198,0.001120680168831198,0.013831138610839844,0.0024671554565429688,17,2,-0.00112,-0.00112,1,1
500,59,11,1,0.0,0.0,0.0,0.008428335189819336,0.003366231918334961,0.0,0.0,1,1,0.013095464328789932,0.013095464328789932,0.008358478546142578,0.0027692317962646484,17,2,0.0131,0.0131,1,1
500,60,20,13,0.0,0.0,0.0,0.009200811386108398,0.0028467178344726562,0.0,0.0,1,1,0.010746669119773972,0.003982676501536086,0.008944272994995117,0.002378702163696289,17,2,-0.01751|-0.00398,-0.00398,2,1
500,61,6,15,0.0,0.0,0.0,0.008139371871948242,0.0031151771545410156,0.0,0.0,1,1,0.02047764478717074,0.004769381138505404,0.011749505996704102,0.002445697784423828,17,2,0.00477|0.03619,0.00477,2,1
500,62,16,8,0.0,0.0,0.0,0.008934497833251953,0.002933979034423828,0.0,0.0,1,1,0.01955124832565029,0.01955124832565029,0.008308649063110352,0.0024557113647460938,17,2,-0.01955,-0.01955,1,1
500,63,4,3,0.0,0.0,0.0,0.011374711990356445,0.0035827159881591797,0.0,0.0,1,1,0.013041106215240248,0.013041106215240248,0.011985063552856445,0.0032472610473632812,17,2,0.01304,0.01304,1,1
500,64,5,19,0.0,0.0,0.0,0.009161949157714844,0.004507303237915039,0.0,0.0,1,1,0.03062016181087881,0.02129860896817083,0.010768890380859375,0.0039250850677490234,17,4,0.0213|0.03994,0.0213,2,1
500,65,20,9,0.0,0.0,0.0,0.008740901947021484,0.0031118392944335938,0.0,0.0,1,1,0.01281988834809633,0.006419565690125619,0.008521795272827148,0.002409696578979492,17,2,0.00642|0.01922,0.00642,2,1
500,66,8,13,0.0,0.0,0.0,0.008994817733764648,0.0032231807708740234,0.0,0.0,1,1,0.06881142773847972,0.03336893685320715,0.008583307266235352,0.002423524856567383,17,2,-0.11616|-0.05691|-0.03337,-0.03337,3,1
500,67,17,4,0.0,0.0,0.0,0.008355140686035156,0.0037767887115478516,0.0,0.0,1,1,0.004611242588815333,0.004611242588815333,0.008239984512329102,0.0031855106353759766,17,5,-0.00461,-0.00461,1,1
500,68,8,1,0.0,0.0,0.0,0.01232290267944336,0.003082752227783203,0.0,0.0,1,1,0.033961441500165356,0.002807668459706838,0.009130477905273438,0.002460956573486328,17,2,-0.07958|-0.00281|0.0195,-0.00281,3,1
500,69,20,11,0.0,0.0,0.0,0.00812840461730957,0.002766847610473633,0.0,0.0,1,1,0.024937144529734216,0.016188031640861578,0.008044958114624023,0.0023627281188964844,17,2,0.01619|0.03369,0.01619,2,1
500,70,20,15,0.0,0.0,0.0,0.008741617202758789,0.002851724624633789,0.0,0.0,1,1,0.026439931988620654,0.007342000229203944,0.007865190505981445,0.0024690628051757812,17,2,-0.04554|-0.00734,-0.00734,2,1
500,71,17,13,0.0,0.0,0.0,0.008044242858886719,0.004477024078369141,0.0,0.0,1,1,0.1279297612603076,0.1279297612603076,0.012961864471435547,0.004545450210571289,17,5,0.12793,0.12793,1,1
500,72,12,11,0.0,0.0,0.0,0.010363340377807617,0.003880739212036133,0.0,0.0,1,1,0.05600947707340054,0.033232494625535645,0.01006317138671875,0.003256559371948242,17,2,0.03323|0.07879,0.03323,2,1
500,73,19,9,0.0,0.0,0.0,0.009206771850585938,0.0041294097900390625,0.0,0.0,1,1,0.10540741824403442,0.10540741824403442,0.009255409240722656,0.003444671630859375,17,4,0.10541,0.10541,1,1
500,74,16,6,0.0,0.0,0.0,0.008566141128540039,0.0032634735107421875,0.0,0.0,1,1,0.0018669931440064087,0.0018669931440064087,0.01215815544128418,0.002415180206298828,17,2,-0.00187,-0.00187,1,1
500,75,15,17,0.0,0.0,0.0,0.008379459381103516,0.0037178993225097656,0.0,0.0,1,1,0.0150004626631422,0.0150004626631422,0.00825357437133789,0.003246307373046875,17,5,-0.015,-0.015,1,1
500,76,5,1,0.0,0.0,0.0,0.008325338363647461,0.0033254623413085938,0.0,0.0,1,1,0.0732151327344635,0.03948353912912786,0.009222030639648438,0.0024619102478027344,17,2,-0.10695|-0.03948,-0.03948,2,1
500,77,18,15,0.0,0.0,0.0,0.010649681091308594,0.0029528141021728516,0.0,0.0,1,1,0.00635793669877253,0.004772103490488877,0.008138895034790039,0.0061397552490234375,17,2,-0.00794|0.00477,0.00477,2,1
500,78,12,14,0.0,0.0,0.0,0.008847713470458984,0.0028955936431884766,0.0,0.0,1,1,0.04716855259348986,0.03487247643088151,0.010309219360351562,0.002476930618286133,17,2,0.03487|0.05946,0.03487,2,1
500,79,18,6,0.0,0.25,0.25,0.010729312896728516,0.006545305252075195,0.0|0.5,0.0|0.5,2,2,0.26063836174715554,0.26063836174715554,0.009807348251342773,0.0064775943756103516,17,3,-0.05038|0.4709,-0.05038|0.4709,2,2
500,80,8,11,0.0,0.0,0.0,0.008837699890136719,0.003587007522583008,0.0,0.0,1,1,0.010026904195297085,0.009001570248330697,0.008751153945922852,0.003020048141479492,17,2,-0.01343|-0.009|-0.00765,-0.009,3,1
500,81,13,18,0.0,0.0,0.0,0.009112119674682617,0.004125118255615234,0.0,0.0,1,1,0.048841703320430155,0.043844312966077825,0.008762598037719727,0.002862215042114258,17,2,0.04384|0.05384,0.04384,2,1
500,82,16,11,0.0,0.0,0.0,0.009107351303100586,0.0029685497283935547,0.0,0.0,1,1,0.020639070439083182,0.020639070439083182,0.00815439224243164,0.002637147903442383,17,2,0.02064,0.02064,1,1
500,83,12,11,0.0,0.0,0.0,0.008476972579956055,0.0032014846801757812,0.0,0.0,1,1,0.040028060557813966,0.012558716217376984,0.008183956146240234,0.002557516098022461,17,2,-0.0675|-0.01256,-0.01256,2,1
500,84,8,18,0.0,0.0,0.0,0.01277470588684082,0.003148794174194336,0.0,0.0,1,1,0.05979938679458707,0.02201482985697221,0.009218692779541016,0.002405405044555664,17,2,-0.10097|-0.05641|-0.02201,-0.02201,3,1
500,85,13,20,0.0,0.0,0.0,0.008814811706542969,0.0033752918243408203,0.0,0.0,1,1,0.0960962375807514,0.03717427287948208,0.008917093276977539,0.0030853748321533203,17,2,0.03717|0.15502,0.03717,2,1
500,86,1,19,0.0,0.0,0.0,0.010512113571166992,0.0038068294525146484,0.0,0.0,1,1,0.04698249876145444,0.01955821722854879,0.009500503540039062,0.0032227039337158203,17,4,-0.04439|0.01956|0.077,0.01956,3,1
500,87,6,16,0.0,0.0,0.0,0.013618946075439453,0.0031294822692871094,0.0,0.0,1,1,0.016557810013503378,0.009535423143061692,0.00859689712524414,0.002504587173461914,17,2,-0.02358|0.00954,0.00954,2,1
500,88,20,18,0.0,0.0,0.0,0.009697437286376953,0.004162311553955078,0.0,0.0,1,1,0.008592933129149667,0.013687287932001906,0.009187459945678711,0.0032205581665039062,17,2,-0.01369|0.0035,-0.01369,2,1
500,89,3,19,0.0,0.0,0.0,0.009704113006591797,0.0034656524658203125,0.0,0.0,1,1,0.01279365416889275,0.0004674685523691437,0.008722305297851562,0.0031015872955322266,17,4,-0.02294|-0.00047|0.01497,-0.00047,3,1
500,90,6,19,0.0,0.0,0.0,0.008415699005126953,0.0034177303314208984,0.0,0.0,1,1,0.029768424578925343,0.016164702565267405,0.012537479400634766,0.002852916717529297,17,4,-0.04337|-0.01616,-0.01616,2,1
500,91,4,13,0.0,0.0,0.0,0.008330106735229492,0.0029001235961914062,0.0,0.0,1,1,0.015077778445326059,0.015077778445326059,0.008916616439819336,0.002486705780029297,17,2,0.01508,0.01508,1,1
500,92,3,15,0.0,0.0,0.0,0.008120059967041016,0.0031387805938720703,0.0,0.0,1,1,0.012313828635802828,0.00763048444712109,0.008520126342773438,0.002496957778930664,17,2,-0.02133|-0.00798|-0.00763,-0.00763,3,1
500,93,17,20,0.0,0.0,0.0,0.01068258285522461,0.004058837890625,0.0,0.0,1,1,0.019833978190376116,0.019833978190376116,0.013522863388061523,0.003332853317260742,17,5,-0.01983,-0.01983,1,1
500,94,4,13,0.0,0.0,0.0,0.010364532470703125,0.0035529136657714844,0.0,0.0,1,1,0.06732828032645852,0.06732828032645852,0.010525941848754883,0.002962827682495117,17,2,-0.06733,-0.06733,1,1
500,95,18,12,0.0,0.0,0.0,0.009698867797851562,0.0033943653106689453,0.0,0.0,1,1,0.034593452713578055,0.01835997490980256,0.011077165603637695,0.002643585205078125,17,2,0.01836|0.05083,0.01836,2,1
500,96,18,3,0.0,0.0,0.0,0.00941610336303711,0.0032494068145751953,0.0,0.0,1,1,0.0416269264278164,0.02134425794894192,0.008843183517456055,0.0024406909942626953,17,2,-0.06191|-0.02134,-0.02134,2,1
500,97,15,17,0.0,0.0,0.0,0.008352518081665039,0.0036847591400146484,0.0,0.0,1,1,0.008203962541320883,0.008203962541320883,0.008060455322265625,0.006277799606323242,17,5,-0.0082,-0.0082,1,1
500,98,17,4,0.0,0.0,0.0,0.009215593338012695,0.003499746322631836,0.0,0.0,1,1,0.014413626492436226,0.014413626492436226,0.008245468139648438,0.005109548568725586,17,5,-0.01441,-0.01441,1,1
500,99,5,4,0.0,0.0,0.0,0.008047103881835938,0.0029926300048828125,0.0,0.0,1,1,0.0336044042450548,0.030585566811694342,0.007869958877563477,0.0026159286499023438,17,2,-0.03662|-0.03059,-0.03059,2,1
1000,0,11,5,0.0,0.0,0.0,0.012558221817016602,0.003368377685546875,0.0,0.0,1,1,0.02753645875640592,0.02753645875640592,0.009462118148803711,0.002555370330810547,17,2,-0.02754,-0.02754,1,1
1000,1,12,15,0.0,0.0,0.0,0.008967876434326172,0.0031461715698242188,0.0,0.0,1,1,0.02547150637672489,0.021404653852967397,0.009291648864746094,0.002444744110107422,17,2,-0.02954|-0.0214,-0.0214,2,1
1000,2,13,16,0.0,0.0,0.0,0.010132312774658203,0.003887176513671875,0.0,0.0,1,1,0.039921252300857676,0.024620857811885354,0.009266138076782227,0.002608060836791992,17,2,-0.05522|-0.02462,-0.02462,2,1
1000,3,19,9,0.0,0.0,0.0,0.012906789779663086,0.0035555362701416016,0.0,0.0,1,1,0.02207119696998999,0.02207119696998999,0.008283615112304688,0.0033648014068603516,17,4,-0.02207,-0.02207,1,1
1000,4,15,13,0.0,0.0,0.0,0.008283376693725586,0.0028078556060791016,0.0,0.0,1,1,0.011869507175274284,0.011869507175274284,0.008276700973510742,0.0023813247680664062,17,2,-0.01187,-0.01187,1,1
1000,5,16,6,0.0,0.0,0.0,0.008097171783447266,0.0031638145446777344,0.0,0.0,1,1,0.02022898274924356,0.02022898274924356,0.008768320083618164,0.0025262832641601562,17,2,-0.02023,-0.02023,1,1
1000,6,9,4,0.0,0.0,0.0,0.008352279663085938,0.003325223922729492,0.0,0.0,1,1,0.024016310002820798,0.008106744070996395,0.014768362045288086,0.0024700164794921875,17,2,0.00811|0.03993,0.00811,2,1
1000,7,1,20,0.0,0.0,0.0,0.008819103240966797,0.003643512725830078,0.0,0.0,1,1,0.013479709928280015,0.006193888099966682,0.010220050811767578,0.0031325817108154297,17,2,-0.00256|0.00619|0.03168,0.00619,3,1
1000,8,13,6,0.0,0.0,0.0,0.008644580841064453,0.0031757354736328125,0.0,0.0,1,1,0.08547656329743028,0.04727788476022281,0.008591890335083008,0.0027256011962890625,17,2,-0.12368|-0.04728,-0.04728,2,1
1000,9,6,4,0.0,0.0,0.0,0.011099576950073242,0.0035707950592041016,0.0,0.0,1,1,0.0035235028320976264,0.0023056144183952326,0.014405012130737305,0.0029883384704589844,17,2,-0.00474|-0.00231,-0.00231,2,1
1000,10,15,9,0.0,0.0,0.0,0.008798837661743164,0.003210783004760742,0.0,0.0,1,1,0.035540461264807185,0.035540461264807185,0.009014368057250977,0.002604961395263672,17,2,-0.03554,-0.03554,1,1
1000,11,4,12,0.0,0.0,0.0,0.00817251205444336,0.002986431121826172,0.0,0.0,1,1,0.018011126811316787,0.018011126811316787,0.008125782012939453,0.003072023391723633,17,2,0.01801,0.01801,1,1
1000,12,6,5,0.0,0.0,0.0,0.010158061981201172,0.0029447078704833984,0.0,0.0,1,1,0.013636611597443794,0.003611923817792767,0.008466005325317383,0.006125688552856445,17,2,-0.02366|-0.00361,-0.00361,2,1
1000,13,17,1,0.0,0.0,0.0,0.009387016296386719,0.0038924217224121094,0.0,0.0,1,1,0.08731676007004863,0.08731676007004863,0.008048772811889648,0.0032196044921875,17,5,-0.08732,-0.08732,1,1
1000,14,19,6,0.0,0.0,0.0,0.009934663772583008,0.004846096038818359,0.0,0.0,1,1,0.032005373740434634,0.032005373740434634,0.009838104248046875,0.0036623477935791016,17,4,0.03201,0.03201,1,1
1000,15,4,16,0.0,0.0,0.0,0.009373903274536133,0.0033829212188720703,0.0,0.0,1,1,0.00761493996948188,0.00761493996948188,0.009316682815551758,0.003596067428588867,17,2,-0.00761,-0.00761,1,1
1000,16,15,4,0.0,0.0,0.0,0.009402751922607422,0.003427743911743164,0.0,0.0,1,1,0.009232894441349095,0.009232894441349095,0.010923147201538086,0.002705812454223633,17,2,0.00923,0.00923,1,1
1000,17,19,5,0.0,0.0,0.0,0.009556293487548828,0.0036416053771972656,0.0,0.0,1,1,0.054198216350364425,0.054198216350364425,0.008414030075073242,0.003066539764404297,17,4,0.0542,0.0542,1,1
1000,18,17,19,0.0,0.0,0.0,0.008567094802856445,0.004109382629394531,0.0,0.0,1,1,0.0494594185644194,0.0494594185644194,0.008795499801635742,0.0034987926483154297,17,7,0.04946,0.04946,1,1
1000,19,19,18,0.0,0.0,0.0,0.014543771743774414,0.0039980411529541016,0.0,0.0,1,1,0.0515533341813411,0.0515533341813411,0.008377790451049805,0.003004789352416992,17,4,-0.05155,-0.05155,1,1
1000,20,19,12,0.0,0.0,0.0,0.009658098220825195,0.004654407501220703,0.0,0.0,1,1,0.08550203005436824,0.08550203005436824,0.009632349014282227,0.003494739532470703,17,4,0.0855,0.0855,1,1
1000,21,4,5,0.0,0.0,0.0,0.009989738464355469,0.0031714439392089844,0.0,0.0,1,1,0.0021840728293517275,0.0021840728293517275,0.011555910110473633,0.002501249313354492,17,2,-0.00218,-0.00218,1,1
1000,22,3,6,0.0,0.0,0.0,0.015004634857177734,0.003721952438354492,0.0,0.0,1,1,0.0379891543469249,0.02241758818504051,0.009710550308227539,0.0031273365020751953,17,2,0.02242|0.04437|0.04718,0.02242,3,1
1000,23,15,8,0.0,0.0,0.0,0.00887751579284668,0.003790616989135742,0.0,0.0,1,1,0.013655189883080404,0.013655189883080404,0.0091400146484375,0.002523183822631836,17,2,-0.01366,-0.01366,1,1
1000,24,5,13,0.0,0.0,0.0,0.008648157119750977,0.0029404163360595703,0.0,0.0,1,1,0.008480492840495077,0.0019722759525120145,0.007897615432739258,0.002496004104614258,17,2,-0.01499|0.00197,0.00197,2,1
1000,25,18,9,0.0,0.0,0.0,0.008153915405273438,0.002935171127319336,0.0,0.0,1,1,0.026741814921327833,0.0034507711023870425,0.012811660766601562,0.002404451370239258,17,2,0.00345|0.05003,0.00345,2,1
1000,26,8,15,0.0,0.0,0.0,0.008256912231445312,0.0028481483459472656,0.0,0.0,1,1,0.015786918494654256,0.0029250556033268388,0.008239030838012695,0.0024814605712890625,17,2,-0.02508|-0.01936|-0.00293,-0.00293,3,1
1000,27,4,1,0.0,0.0,0.0,0.00831913948059082,0.0035011768341064453,0.0,0.0,1,1,0.004303551100271421,0.004303551100271421,0.008756399154663086,0.0024051666259765625,17,2,-0.0043,-0.0043,1,1
1000,28,5,4,0.0,0.0,0.0,0.010175704956054688,0.003757476806640625,0.0,0.0,1,1,0.023309835420234792,0.009139824190850635,0.010736942291259766,0.0025582313537597656,17,2,-0.03748|-0.00914,-0.00914,2,1
1000,29,3,20,0.0,0.0,0.0,0.010836362838745117,0.0033731460571289062,0.0,0.0,1,1,0.041558059749838054,0.024377109763575985,0.012260675430297852,0.0031778812408447266,17,2,-0.0572|-0.04309|-0.02438,-0.02438,3,1
1000,30,17,9,0.0,0.0,0.0,0.008327960968017578,0.005694389343261719,0.0,0.0,1,1,0.016507612983939823,0.016507612983939823,0.007863044738769531,0.005527973175048828,17,7,0.01651,0.01651,1,1
1000,31,14,5,0.0,0.0,0.0,0.0075261592864990234,0.003709077835083008,0.0,0.0,1,1,0.016124400247243296,0.012958038039500646,0.007608652114868164,0.0024073123931884766,17,2,0.01296|0.01929,0.01296,2,1
1000,32,12,3,0.0,0.0,0.0,0.007935047149658203,0.002685070037841797,0.0,0.0,1,1,0.04454509036066996,0.03941907282015766,0.0075261592864990234,0.002185821533203125,17,2,-0.04967|-0.03942,-0.03942,2,1
1000,33,20,4,0.0,0.0,0.0,0.00753021240234375,0.002523660659790039,0.0,0.0,1,1,0.009201540764021372,0.01530317530358685,0.007192373275756836,0.0021195411682128906,17,2,-0.0153|-0.0031,-0.0153,2,1
1000,34,12,1,0.0,0.0,0.0,0.007120847702026367,0.0026586055755615234,0.0,0.0,1,1,0.07440929938827738,0.05201969390289408,0.007060527801513672,0.002192974090576172,17,2,0.05202|0.0968,0.05202,2,1
1000,35,20,3,0.0,0.0,0.0,0.012283563613891602,0.002775430679321289,0.0,0.0,1,1,0.026409404847898096,0.010132853993218487,0.00807642936706543,0.0021910667419433594,17,2,-0.04269|-0.01013,-0.01013,2,1
1000,36,14,19,0.0,0.0,0.0,0.007736682891845703,0.0033342838287353516,0.0,0.0,1,1,0.01125910257054964,0.012517059136544,0.007809877395629883,0.0026979446411132812,17,4,-0.01|0.01252,0.01252,2,1
1000,37,4,16,0.0,0.0,0.0,0.007605791091918945,0.003053426742553711,0.0,0.0,1,1,0.003155321706108285,0.003155321706108285,0.008511543273925781,0.0022869110107421875,17,2,0.00316,0.00316,1,1
1000,38,5,1,0.0,0.0,0.0,0.00780797004699707,0.0030202865600585938,0.0,0.0,1,1,0.011030527851628046,0.0019865765176428616,0.013250350952148438,0.002458333969116211,17,2,-0.02007|-0.00199,-0.00199,2,1
1000,39,8,12,0.0,0.0,0.0,0.007898569107055664,0.0045413970947265625,0.0,0.0,1,1,0.03186273897195532,0.018255885574288387,0.008783102035522461,0.002820253372192383,17,2,0.00072|0.01826|0.07662,0.01826,3,1
1000,40,16,3,0.0,0.0,0.0,0.008023738861083984,0.003050088882446289,0.0,0.0,1,1,0.03157936180926687,0.03157936180926687,0.008041620254516602,0.002308368682861328,17,2,0.03158,0.03158,1,1
1000,41,15,5,0.0,0.0,0.0,0.007744312286376953,0.0032095909118652344,0.0,0.0,1,1,0.0035985594813016104,0.0035985594813016104,0.012135744094848633,0.0022764205932617188,17,2,-0.0036,-0.0036,1,1
1000,42,1,9,0.0,0.0,0.0,0.007938146591186523,0.0029478073120117188,0.0,0.0,1,1,0.019430003985437972,0.009976960859346528,0.007730007171630859,0.002259492874145508,17,2,-0.04132|-0.00998|-0.00699,-0.00998,3,1
1000,43,20,5,0.0,0.0,0.0,0.007803916931152344,0.002519845962524414,0.0,0.0,1,1,0.024869705866863184,0.012613391803129669,0.007659912109375,0.0022013187408447266,17,2,0.01261|0.03713,0.01261,2,1
1000,44,1,5,0.0,0.0,0.0,0.007581949234008789,0.0027818679809570312,0.0,0.0,1,1,0.014309877985489418,0.008567796969106634,0.007565021514892578,0.002267122268676758,17,2,-0.00539|0.00857|0.02897,0.00857,3,1
1000,45,11,13,0.0,0.0,0.0,0.008299827575683594,0.002936124801635742,0.0,0.0,1,1,0.002961762145246334,0.002961762145246334,0.007974624633789062,0.0023221969604492188,17,2,0.00296,0.00296,1,1
1000,46,15,12,0.0,0.0,0.0,0.008330345153808594,0.002958536148071289,0.0,0.0,1,1,0.03036104168438477,0.03036104168438477,0.008460760116577148,0.0022385120391845703,17,2,-0.03036,-0.03036,1,1
1000,47,12,17,0.0,0.0,0.0,0.007760524749755859,0.003757953643798828,0.0,0.0,1,1,0.018417627397166618,0.01998989374640275,0.008465290069580078,0.0035676956176757812,17,5,0.01685|0.01999,0.01999,2,1
1000,48,9,12,0.0,0.0,0.0,0.013363838195800781,0.0032851696014404297,0.0,0.0,1,1,0.03427892699187355,0.014014659793737389,0.008258819580078125,0.0024285316467285156,17,2,0.01401|0.05454,0.01401,2,1
1000,49,4,20,0.0,0.0,0.0,0.008014917373657227,0.0027132034301757812,0.0,0.0,1,1,0.00494209628541139,0.00494209628541139,0.007743120193481445,0.0021696090698242188,17,2,-0.00494,-0.00494,1,1
1000,50,6,8,0.0,0.0,0.0,0.007683515548706055,0.002612590789794922,0.0,0.0,1,1,0.010986796846063657,0.0071385505146767374,0.007407665252685547,0.0022497177124023438,17,2,-0.01484|-0.00714,-0.00714,2,1
1000,51,13,4,0.0,0.0,0.0,0.007435798645019531,0.0028731822967529297,0.0,0.0,1,1,0.013014977753298768,0.005025582943606736,0.013195991516113281,0.002445220947265625,17,2,0.00503|0.021,0.00503,2,1
1000,52,15,6,0.0,0.0,0.0,0.0077037811279296875,0.0029714107513427734,0.0,0.0,1,1,0.0016423637117784207,0.0016423637117784207,0.00826406478881836,0.0024042129516601562,17,2,0.00164,0.00164,1,1
1000,53,3,1,0.0,0.0,0.0,0.00996255874633789,0.0032236576080322266,0.0,0.0,1,1,0.05530976410539473,0.0322033448341282,0.009154319763183594,0.002588033676147461,17,2,0.0322|0.05738|0.07635,0.0322,3,1
1000,54,20,19,0.0,0.0,0.0,0.009663581848144531,0.003972768783569336,0.0,0.0,1,1,0.018631948250292518,0.014196592958474984,0.014290571212768555,0.0030679702758789062,17,4,-0.02307|-0.0142,-0.0142,2,1
1000,55,15,4,0.0,0.0,0.0,0.010061025619506836,0.0033326148986816406,0.0,0.0,1,1,0.02391269163445399,0.02391269163445399,0.010009527206420898,0.0027053356170654297,17,2,-0.02391,-0.02391,1,1
1000,56,3,13,0.0,0.0,0.0,0.008982658386230469,0.0030050277709960938,0.0,0.0,1,1,0.008657301285050236,0.007408357775868787,0.008504390716552734,0.0024712085723876953,17,2,-0.01212|-0.00741|-0.00644,-0.00741,3,1
1000,57,12,9,0.0,0.0,0.0,0.008285284042358398,0.006705045700073242,0.0,0.0,1,1,0.03208611091745474,0.024151639464275072,0.007880926132202148,0.0032501220703125,17,2,-0.04002|-0.02415,-0.02415,2,1
1000,58,16,13,0.0,0.0,0.0,0.008108854293823242,0.0028772354125976562,0.0,0.0,1,1,0.03627818650067003,0.03627818650067003,0.007858514785766602,0.002336263656616211,17,2,-0.03628,-0.03628,1,1
1000,59,12,13,0.0,0.0,0.0,0.008391380310058594,0.002810239791870117,0.0,0.0,1,1,0.016568193098446097,0.005062097770229203,0.008608818054199219,0.003125429153442383,17,2,0.00506|0.02807,0.00506,2,1
1000,60,5,16,0.0,0.0,0.0,0.009895563125610352,0.0032253265380859375,0.0,0.0,1,1,0.005106295256601671,0.0035018429389576068,0.011199951171875,0.002623319625854492,17,2,-0.00671|0.0035,0.0035,2,1
1000,61,4,1,0.0,0.0,0.0,0.014120101928710938,0.0034890174865722656,0.0,0.0,1,1,0.014556924509246758,0.014556924509246758,0.010400056838989258,0.003247499465942383,17,2,0.01456,0.01456,1,1
1000,62,13,17,0.0,0.0,0.0,0.009754180908203125,0.004224538803100586,0.0,0.0,1,1,0.013375670198947344,0.022252459332934245,0.010282754898071289,0.00334930419921875,17,5,-0.02225|0.0045,-0.02225,2,1
1000,63,3,18,0.0,0.0,0.0,0.01032114028930664,0.003127574920654297,0.0,0.0,1,1,0.028662057689476255,0.014840250743814242,0.009542226791381836,0.0024433135986328125,17,2,0.01484|0.03274|0.0384,0.01484,3,1
1000,64,11,8,0.0,0.0,0.0,0.014282941818237305,0.002985715866088867,0.0,0.0,1,1,0.0013557416210631236,0.0013557416210631236,0.008502960205078125,0.0025615692138671875,17,2,-0.00136,-0.00136,1,1
1000,65,9,17,0.0,0.16666666666666666,0.16666666666666666,0.008294343948364258,0.005793571472167969,0.0|0.33333,0.0|0.33333,2,2,0.1746892605837017,0.1746892605837017,0.008791208267211914,0.005040168762207031,17,7,0.02011|0.32927,0.02011|0.32927,2,2
1000,66,14,17,0.0,0.0,0.0,0.007895469665527344,0.003414630889892578,0.0,0.0,1,1,0.0282618963378574,0.018012323933086882,0.00770878791809082,0.0031080245971679688,17,5,-0.03851|-0.01801,-0.01801,2,1
1000,67,8,13,0.0,0.0,0.0,0.015152215957641602,0.0032372474670410156,0.0,0.0,1,1,0.013841567915450157,0.0021818327417569877,0.009645462036132812,0.0024895668029785156,17,2,0.00218|0.01961|0.01973,0.00218,3,1
1000,68,8,16,0.0,0.0,0.0,0.010932207107543945,0.003276824951171875,0.0,0.0,1,1,0.010528080549555419,0.009710996016750878,0.010465621948242188,0.002496957778930664,17,2,-0.01917|-0.00971|-0.00271,-0.00971,3,1
1000,69,14,4,0.0,0.0,0.0,0.00919485092163086,0.0037353038787841797,0.0,0.0,1,1,0.016097109504231058,0.002353173316412645,0.008635282516479492,0.0028197765350341797,17,2,0.00235|0.02984,0.00235,2,1
1000,70,9,16,0.0,0.0,0.0,0.014186620712280273,0.0031795501708984375,0.0,0.0,1,1,0.011988939752151703,0.0035566097469701455,0.008755207061767578,0.0024971961975097656,17,2,0.00356|0.02042,0.00356,2,1
1000,71,17,9,0.0,0.0,0.0,0.008954286575317383,0.005402565002441406,0.0,0.0,1,1,0.127597710911096,0.127597710911096,0.008192062377929688,0.004994630813598633,17,7,-0.1276,-0.1276,1,1
1000,72,12,3,0.0,0.0,0.0,0.010102987289428711,0.0028107166290283203,0.0,0.0,1,1,0.00482249550311156,0.006235914808665768,0.008042097091674805,0.0027208328247070312,17,2,-0.00624|0.00341,-0.00624,2,1
1000,73,3,6,0.0,0.0,0.0,0.013360738754272461,0.005826473236083984,0.0,0.0,1,1,0.06814823810542016,0.04425021899320704,0.008725881576538086,0.003179788589477539,17,2,-0.10414|-0.05605|-0.04425,-0.04425,3,1
1000,74,5,18,0.0,0.0,0.0,0.009551048278808594,0.0032155513763427734,0.0,0.0,1,1,0.009149446430895136,0.007164836053900528,0.009157896041870117,0.002555370330810547,17,2,-0.01113|0.00716,0.00716,2,1
1000,75,13,6,0.0,0.0,0.0,0.009047746658325195,0.0032711029052734375,0.0,0.0,1,1,0.049914236015127435,0.018543712496777023,0.008384227752685547,0.002741098403930664,17,2,0.01854|0.08128,0.01854,2,1
1000,76,11,14,0.0,0.0,0.0,0.010688543319702148,0.00357818603515625,0.0,0.0,1,1,0.04830664531686296,0.04830664531686296,0.014946699142456055,0.002538442611694336,17,2,-0.04831,-0.04831,1,1
1000,77,19,11,0.0,0.0,0.0,0.00870370864868164,0.003601551055908203,0.0,0.0,1,1,0.01711410334009797,0.01711410334009797,0.008449792861938477,0.0030221939086914062,17,4,-0.01711,-0.01711,1,1
1000,78,14,1,0.0,0.0,0.0,0.008154869079589844,0.002755403518676758,0.0,0.0,1,1,0.05514117924965181,0.018406139822090276,0.007870912551879883,0.0023386478424072266,17,2,0.01841|0.09188,0.01841,2,1
1000,79,15,8,0.0,0.0,0.0,0.00822305679321289,0.0029871463775634766,0.0,0.0,1,1,0.016391447922072536,0.016391447922072536,0.01256108283996582,0.002418041229248047,17,2,0.01639,0.01639,1,1
1000,80,11,15,0.0,0.0,0.0,0.008324861526489258,0.002923250198364258,0.0,0.0,1,1,0.03144507897683575,0.03144507897683575,0.01062464714050293,0.002475261688232422,17,2,-0.03145,-0.03145,1,1
1000,81,12,13,0.0,0.0,0.0,0.010751485824584961,0.0033752918243408203,0.0,0.0,1,1,0.03361034333796093,0.018718624888182423,0.010414361953735352,0.0026268959045410156,17,2,0.01872|0.0485,0.01872,2,1
1000,82,13,8,0.0,0.0,0.0,0.010763168334960938,0.003295421600341797,0.0,0.0,1,1,0.023633273095699625,0.011551253997590018,0.011664152145385742,0.013657808303833008,17,2,0.01155|0.03572,0.01155,2,1
1000,83,18,5,0.0,0.0,0.0,0.012343645095825195,0.005535125732421875,0.0,0.0,1,1,0.004985652684811867,0.00033515690469271655,0.010471820831298828,0.0030257701873779297,17,2,-0.00034|0.00964,-0.00034,2,1
1000,84,16,20,0.0,0.0,0.0,0.009524345397949219,0.003136873245239258,0.0,0.0,1,1,0.0020942616577542482,0.0020942616577542482,0.008986473083496094,0.002485036849975586,17,2,0.00209,0.00209,1,1
1000,85,12,8,0.0,0.0,0.0,0.008769750595092773,0.0028276443481445312,0.0,0.0,1,1,0.012814786538591815,0.0018474018181340987,0.007921218872070312,0.002398252487182617,17,2,-0.02378|0.00185,0.00185,2,1
1000,86,3,20,0.0,0.0,0.0,0.01530003547668457,0.0029478073120117188,0.0,0.0,1,1,0.005110607614705596,0.0082873463328659,0.00828409194946289,0.002416372299194336,17,2,-0.00605|-0.001|0.00829,0.00829,3,1
1000,87,6,5,0.0,0.0,0.0,0.009058713912963867,0.0034317970275878906,0.0,0.0,1,1,0.015686150761420062,0.007563619547974527,0.008778810501098633,0.0037338733673095703,17,2,0.00756|0.02381,0.00756,2,1
1000,88,13,20,0.0,0.0,0.0,0.009377241134643555,0.003283977508544922,0.0,0.0,1,1,0.023909468793211222,0.012399716129154331,0.010249853134155273,0.002768278121948242,17,2,-0.03542|-0.0124,-0.0124,2,1
1000,89,8,13,0.0,0.0,0.0,0.009648323059082031,0.003240823745727539,0.0,0.0,1,1,0.007520569984053806,6.197859518702532e-05,0.016437053680419922,0.0026748180389404297,17,2,-0.01913|6e-05|0.00337,6e-05,3,1
1000,90,13,4,0.0,0.0,0.0,0.008941173553466797,0.0031969547271728516,0.0,0.0,1,1,0.06350202333775286,0.04545719873876113,0.009154558181762695,0.0026259422302246094,17,2,-0.08155|-0.04546,-0.04546,2,1
1000,91,4,18,0.0,0.0,0.0,0.008993148803710938,0.0030536651611328125,0.0,0.0,1,1,0.02021707108435655,0.02021707108435655,0.009961128234863281,0.0024623870849609375,17,2,0.02022,0.02022,1,1
1000,92,17,12,0.0,0.0,0.0,0.008446455001831055,0.004964590072631836,0.0,0.0,1,1,0.006695707362074861,0.006695707362074861,0.013509750366210938,0.003439664840698242,17,5,0.0067,0.0067,1,1
1000,93,13,15,0.0,0.0,0.0,0.0088348388671875,0.002871990203857422,0.0,0.0,1,1,0.006635311546563951,0.0116275018337444,0.00843358039855957,0.0024728775024414062,17,2,-0.01163|0.00164,-0.01163,2,1
1000,94,12,4,0.0,0.0,0.0,0.010558366775512695,0.003662586212158203,0.0,0.0,1,1,0.017394685795061624,0.019965901320441695,0.008367776870727539,0.0036423206329345703,17,2,-0.01482|0.01997,0.01997,2,1
1000,95,1,11,0.0,0.0,0.0,0.010217905044555664,0.004225254058837891,0.0,0.0,1,1,0.02318676356531225,0.006073615279283578,0.011306047439575195,0.0030906200408935547,17,2,0.00607|0.02904|0.03444,0.00607,3,1
1000,96,1,4,0.0,0.0,0.0,0.010459661483764648,0.0035152435302734375,0.0,0.0,1,1,0.10725513919505643,0.060070711965008516,0.01008296012878418,0.0029315948486328125,17,2,-0.1313|-0.1304|-0.06007,-0.06007,3,1
1000,97,4,15,0.0,0.0,0.0,0.009163856506347656,0.0032167434692382812,0.0,0.0,1,1,0.049599127743323417,0.049599127743323417,0.009050607681274414,0.002585172653198242,17,2,-0.0496,-0.0496,1,1
1000,98,8,18,0.0,0.0,0.0,0.009179830551147461,0.003044605255126953,0.0,0.0,1,1,0.025716829779617114,0.009382308610906121,0.00848245620727539,0.002421140670776367,17,2,-0.06175|-0.00938|-0.00601,-0.00938,3,1
1000,99,19,13,0.0,0.0,0.0,0.017601966857910156,0.0036592483520507812,0.0,0.0,1,1,0.012594359472860086,0.012594359472860086,0.00865626335144043,0.002984762191772461,17,4,0.01259,0.01259,1,1
2500,0,16,13,0.0,0.0,0.0,0.008070230484008789,0.002885580062866211,0.0,0.0,1,1,0.043399863970194776,0.043399863970194776,0.00811767578125,0.0037391185760498047,17,2,0.0434,0.0434,1,1
2500,1,13,9,0.0,0.0,0.0,0.008260250091552734,0.004518270492553711,0.0,0.0,1,1,0.013373297364082456,0.006499419145729574,0.009878873825073242,0.004111766815185547,17,2,0.0065|0.02025,0.0065,2,1
2500,2,8,18,0.0,0.0,0.0,0.013852357864379883,0.0032253265380859375,0.0,0.0,1,1,0.005257825131753715,0.0009949622488169053,0.011908531188964844,0.002605438232421875,17,2,0.00099|0.00417|0.01061,0.00099,3,1
2500,3,15,18,0.0,0.0,0.0,0.010472297668457031,0.0033195018768310547,0.0,0.0,1,1,0.00864885958882087,0.00864885958882087,0.009215831756591797,0.0026612281799316406,17,2,0.00865,0.00865,1,1
2500,4,12,6,0.0,0.0,0.0,0.008800506591796875,0.003262042999267578,0.0,0.0,1,1,0.017784578801554464,0.011083610099233795,0.008985757827758789,0.002595186233520508,17,2,0.01108|0.02449,0.01108,2,1
2500,5,9,11,0.0,0.0,0.0,0.008626699447631836,0.0035872459411621094,0.0,0.0,1,1,0.021676346707527473,0.004103116301511566,0.014513015747070312,0.0025353431701660156,17,2,0.0041|0.03925,0.0041,2,1
2500,6,1,15,0.0,0.0,0.0,0.008595705032348633,0.003140687942504883,0.0,0.0,1,1,0.022649598980067732,0.011238914633212034,0.008527755737304688,0.0024843215942382812,17,2,-0.03927|-0.01744|-0.01124,-0.01124,3,1
2500,7,12,19,0.0,0.0,0.0,0.009018182754516602,0.003568410873413086,0.0,0.0,1,1,0.030552964020896856,0.014110053525147052,0.00826883316040039,0.0030205249786376953,17,4,0.01411|0.047,0.01411,2,1
2500,8,13,18,0.0,0.0,0.0,0.008403301239013672,0.0030050277709960938,0.0,0.0,1,1,0.01891513124745446,0.0022845845150991765,0.008087396621704102,0.007820606231689453,17,2,0.00228|0.03555,0.00228,2,1
2500,9,11,4,0.0,0.0,0.0,0.011975288391113281,0.0034608840942382812,0.0,0.0,1,1,0.0017283949760028533,0.0017283949760028533,0.009921789169311523,0.0027053356170654297,17,2,-0.00173,-0.00173,1,1
2500,10,20,8,0.0,0.0,0.0,0.010051250457763672,0.0034592151641845703,0.0,0.0,1,1,0.008507790696634057,0.0080662065244597,0.00871729850769043,0.0026471614837646484,17,2,0.00807|0.00895,0.00807,2,1
2500,11,16,1,0.0,0.0,0.0,0.010633230209350586,0.003381490707397461,0.0,0.0,1,1,0.012110177624100936,0.012110177624100936,0.00863504409790039,0.0027680397033691406,17,2,-0.01211,-0.01211,1,1
2500,12,6,5,0.0,0.0,0.0,0.017093181610107422,0.003206968307495117,0.0,0.0,1,1,0.026248820275413913,0.010684039290246332,0.008713960647583008,0.0024805068969726562,17,2,0.01068|0.04181,0.01068,2,1
2500,13,5,8,0.0,0.25,0.25,0.008715152740478516,0.005335569381713867,0.0|0.5,0.0|0.5,2,2,0.26972261287231936,0.26972261287231936,0.008493900299072266,0.004851818084716797,17,3,-0.0329|0.50655,-0.0329|0.50655,2,2
2500,14,9,5,0.0,0.16666666666666666,0.16666666666666666,0.011646270751953125,0.007997274398803711,0.0|0.33333,0.0|0.33333,2,2,0.17319622917144525,0.17319622917144525,0.008822202682495117,0.005070686340332031,17,4,0.00999|0.3364,0.00999|0.3364,2,2
2500,15,17,4,0.0,0.0,0.0,0.013797998428344727,0.004363298416137695,0.0,0.0,1,1,0.007037439285924327,0.007037439285924327,0.010873794555664062,0.0036635398864746094,17,5,-0.00704,-0.00704,1,1
2500,16,18,8,0.0,0.0,0.0,0.010556697845458984,0.003451108932495117,0.0,0.0,1,1,0.008182968561345837,0.006710785601181519,0.010756969451904297,0.002894163131713867,17,2,-0.00966|-0.00671,-0.00671,2,1
2500,17,17,8,0.0,0.0,0.0,0.009425163269042969,0.006365537643432617,0.0,0.0,1,1,0.043779363098948476,0.043779363098948476,0.008736133575439453,0.0057468414306640625,17,6,0.04378,0.04378,1,1
2500,18,18,11,0.0,0.0,0.0,0.010562896728515625,0.0030677318572998047,0.0,0.0,1,1,0.01416821654502323,0.0020594548463546314,0.008415699005126953,0.0024590492248535156,17,2,-0.02628|-0.00206,-0.00206,2,1
2500,19,8,14,0.0,0.0,0.0,0.011071205139160156,0.0030663013458251953,0.0,0.0,1,1,0.007363669086214549,0.0015787618959003538,0.009152889251708984,0.0024585723876953125,17,2,-0.0054|0.00158|0.01512,0.00158,3,1
2500,20,9,17,0.0,0.16666666666666666,0.16666666666666666,0.008281469345092773,0.005654811859130859,0.0|0.33333,0.0|0.33333,2,2,0.17028479739803307,0.17028479739803307,0.007963418960571289,0.005267620086669922,17,7,0.00699|0.33358,0.00699|0.33358,2,2
2500,21,14,16,0.0,0.0,0.0,0.011943340301513672,0.003812551498413086,0.0,0.0,1,1,0.004234023194523697,0.0035090116891563854,0.012056350708007812,0.0032167434692382812,17,2,-0.00351|0.00496,-0.00351,2,1
2500,22,12,19,0.0,0.0,0.0,0.009498834609985352,0.004178285598754883,0.0,0.0,1,1,0.004506427275462247,0.0043640018886779396,0.009137392044067383,0.0034019947052001953,17,4,0.00436|0.00465,0.00436,2,1
2500,23,13,18,0.0,0.0,0.0,0.010668039321899414,0.003509044647216797,0.0,0.0,1,1,0.0367046272503599,0.020946309243293756,0.009445905685424805,0.0026845932006835938,17,2,0.02095|0.05246,0.02095,2,1
2500,24,3,12,0.0,0.0,0.0,0.01638197898864746,0.0030868053436279297,0.0,0.0,1,1,0.003847017538118235,0.005724115717842101,0.008644342422485352,0.0024106502532958984,17,2,-0.00572|-0.00217|0.00365,-0.00572,3,1
2500,25,15,1,0.0,0.0,0.0,0.008450508117675781,0.0030345916748046875,0.0,0.0,1,1,0.002903156277004242,0.002903156277004242,0.008545875549316406,0.002428293228149414,17,2,-0.0029,-0.0029,1,1
2500,26,18,16,0.0,0.0,0.0,0.010071992874145508,0.0042667388916015625,0.0,0.0,1,1,0.0035058492193524625,0.0013912702666362482,0.008276224136352539,0.002810239791870117,17,2,-0.00139|0.00562,-0.00139,2,1
2500,27,11,5,0.0,0.0,0.0,0.01473855972290039,0.003474712371826172,0.0,0.0,1,1,0.02797656160000232,0.02797656160000232,0.013669490814208984,0.0033659934997558594,17,2,0.02798,0.02798,1,1
2500,28,3,14,0.0,0.0,0.0,0.011076688766479492,0.003440380096435547,0.0,0.0,1,1,0.016329653532743887,0.012771872388705302,0.010696887969970703,0.0029795169830322266,17,2,-0.00604|0.01277|0.03018,0.01277,3,1
2500,29,5,12,0.0,0.0,0.0,0.009648799896240234,0.003244161605834961,0.0,0.0,1,1,0.009710603714171076,0.008062530414178322,0.01070094108581543,0.0026154518127441406,17,2,-0.01136|-0.00806,-0.00806,2,1
2500,30,6,3,0.0,0.0,0.0,0.008661031723022461,0.0033435821533203125,0.0,0.0,1,1,0.00801114730148205,0.0008859443900845226,0.01661849021911621,0.002775907516479492,17,2,-0.01514|0.00089,0.00089,2,1
2500,31,14,17,0.0,0.0,0.0,0.009290456771850586,0.0038857460021972656,0.0,0.0,1,1,0.0097925350209969,0.008027887865174013,0.009878396987915039,0.0032553672790527344,17,5,-0.01156|-0.00803,-0.00803,2,1
2500,32,20,6,0.0,0.0,0.0,0.008530616760253906,0.0031616687774658203,0.0,0.0,1,1,0.0019253682397197814,0.0008988522242933224,0.008378267288208008,0.0024213790893554688,17,2,-0.00295|-0.0009,-0.0009,2,1
2500,33,5,11,0.0,0.0,0.0,0.009965658187866211,0.004517316818237305,0.0,0.0,1,1,0.009656869973697538,0.00261051878007661,0.012768745422363281,0.003141164779663086,17,2,-0.00261|0.0167,-0.00261,2,1
2500,34,5,11,0.0,0.0,0.0,0.008941650390625,0.0033876895904541016,0.0,0.0,1,1,0.020169645320455083,0.004229399299442273,0.008598089218139648,0.002794504165649414,17,2,-0.03611|-0.00423,-0.00423,2,1
2500,35,3,4,0.0,0.0,0.0,0.012091398239135742,0.003406524658203125,0.0,0.0,1,1,0.015430659655347954,0.011396390622992896,0.010045289993286133,0.0025017261505126953,17,2,-0.02193|-0.01297|-0.0114,-0.0114,3,1
2500,36,8,16,0.0,0.0,0.0,0.00904226303100586,0.0032317638397216797,0.0,0.0,1,1,0.004847944384546804,0.0001094886370830969,0.009937047958374023,0.0026390552520751953,17,2,-0.00723|0.00011|0.00721,0.00011,3,1
2500,37,19,1,0.0,0.0,0.0,0.009281396865844727,0.0040073394775390625,0.0,0.0,1,1,0.028487825286371664,0.028487825286371664,0.009181976318359375,0.0033533573150634766,17,4,-0.02849,-0.02849,1,1
2500,38,4,13,0.0,0.0,0.0,0.009034395217895508,0.002991914749145508,0.0,0.0,1,1,0.004989349454943754,0.004989349454943754,0.008270263671875,0.002454996109008789,17,2,0.00499,0.00499,1,1
2500,39,20,16,0.0,0.0,0.0,0.008991479873657227,0.003029346466064453,0.0,0.0,1,1,0.0055678420844941035,0.0023679969821344122,0.008423566818237305,0.0039980411529541016,17,2,-0.00877|-0.00237,-0.00237,2,1
2500,40,1,5,0.0,0.0,0.0,0.015676021575927734,0.0031397342681884766,0.0,0.0,1,1,0.0061914305890211655,0.003321193137927806,0.008479595184326172,0.002590656280517578,17,2,-0.01413|0.00112|0.00332,0.00332,3,1
2500,41,3,12,0.0,0.0,0.0,0.008747577667236328,0.005365133285522461,0.0,0.0,1,1,0.02387693037727463,0.012784121447914663,0.008780717849731445,0.0027222633361816406,17,2,0.01278|0.02803|0.03082,0.01278,3,1
2500,42,12,3,0.0,0.0,0.0,0.010544776916503906,0.0034945011138916016,0.0,0.0,1,1,0.014525180885582818,0.01408795820744908,0.010416030883789062,0.0029611587524414062,17,2,-0.01496|-0.01409,-0.01409,2,1
2500,43,14,17,0.0,0.0,0.0,0.018407583236694336,0.00442051887512207,0.0,0.0,1,1,0.009796874980201887,0.010179443692723094,0.010292768478393555,0.006093263626098633,17,5,-0.00941|0.01018,0.01018,2,1
2500,44,17,8,0.0,0.0,0.0,0.00886392593383789,0.006171464920043945,0.0,0.0,1,1,0.04346639746378049,0.04346639746378049,0.01075434684753418,0.004992961883544922,17,6,0.04347,0.04347,1,1
2500,45,11,14,0.0,0.0,0.0,0.007750511169433594,0.002834320068359375,0.0,0.0,1,1,0.0036867571901672896,0.0036867571901672896,0.007793426513671875,0.0023593902587890625,17,2,0.00369,0.00369,1,1
2500,46,15,14,0.0,0.0,0.0,0.01609015464782715,0.003165006637573242,0.0,0.0,1,1,0.022004028725856613,0.022004028725856613,0.009287834167480469,0.002555370330810547,17,2,0.022,0.022,1,1
2500,47,3,13,0.0,0.0,0.0,0.009378671646118164,0.0028183460235595703,0.0,0.0,1,1,0.030916720390836167,0.013760278870183051,0.008666515350341797,0.0024268627166748047,17,2,0.01376|0.02879|0.0502,0.01376,3,1
2500,48,4,11,0.0,0.0,0.0,0.008107900619506836,0.0036401748657226562,0.0,0.0,1,1,0.017043161066646988,0.017043161066646988,0.009324073791503906,0.0039386749267578125,17,2,0.01704,0.01704,1,1
2500,49,17,3,0.0,0.0,0.0,0.024065256118774414,0.007050752639770508,0.0,0.0,1,1,0.03414679908262792,0.03414679908262792,0.01208806037902832,0.006326436996459961,17,5,-0.03415,-0.03415,1,1
2500,50,14,20,0.0,0.0,0.0,0.011367321014404297,0.004128456115722656,0.0,0.0,1,1,0.004681741582908634,0.002582797125567143,0.010220766067504883,0.002975940704345703,17,2,0.00258|0.00678,0.00258,2,1
2500,51,19,3,0.0,0.0,0.0,0.010075807571411133,0.0038459300994873047,0.0,0.0,1,1,0.021775912744451266,0.021775912744451266,0.008593559265136719,0.003367900848388672,17,4,0.02178,0.02178,1,1
2500,52,12,9,0.0,0.0,0.0,0.00885772705078125,0.003102540969848633,0.0,0.0,1,1,0.02562843496811304,0.021410873531990695,0.014960765838623047,0.002449512481689453,17,2,0.02141|0.02985,0.02141,2,1
2500,53,3,17,1.0,0.3333333333333333,0.5,0.008133888244628906,0.0061492919921875,0.0|1.0,0.0|1.0,2,2,0.35504538397087154,0.5150503578891645,0.008498191833496094,0.005708932876586914,17,5,-0.02217|1.00793|1.03504,-0.02217|1.00793,3,2
2500,54,14,18,0.0,0.0,0.0,0.008255243301391602,0.0027832984924316406,0.0,0.0,1,1,0.012010060836238196,0.006758876907355131,0.007920026779174805,0.0025107860565185547,17,2,-0.00676|0.01726,-0.00676,2,1
2500,55,1,8,0.0,0.0,0.0,0.010672569274902344,0.0037355422973632812,0.0,0.0,1,1,0.027975441001630557,0.015230153284918037,0.01874709129333496,0.004204750061035156,17,2,-0.04823|-0.02047|-0.01523,-0.01523,3,1
2500,56,16,1,0.0,0.0,0.0,0.012584686279296875,0.003505229949951172,0.0,0.0,1,1,0.014347180541379326,0.014347180541379326,0.010148048400878906,0.002817392349243164,17,2,0.01435,0.01435,1,1
2500,57,6,13,0.0,0.0,0.0,0.008925199508666992,0.003384828567504883,0.0,0.0,1,1,0.020182416112012432,0.011687126715679381,0.00960087776184082,0.002588987350463867,17,2,-0.02868|-0.01169,-0.01169,2,1
2500,58,15,6,0.0,0.0,0.0,0.008546829223632812,0.007489204406738281,0.0,0.0,1,1,0.026651436648531295,0.026651436648531295,0.008479118347167969,0.003949403762817383,17,2,-0.02665,-0.02665,1,1
2500,59,5,14,0.0,0.0,0.0,0.009017229080200195,0.0029582977294921875,0.0,0.0,1,1,0.0060341261223545006,0.0016861070665846571,0.008644819259643555,0.003946781158447266,17,2,-0.00169|0.01038,-0.00169,2,1
2500,60,19,5,0.0,0.0,0.0,0.009266376495361328,0.0035333633422851562,0.0,0.0,1,1,0.020447570158877517,0.020447570158877517,0.008050680160522461,0.0031096935272216797,17,4,-0.02045,-0.02045,1,1
2500,61,17,9,0.0,0.0,0.0,0.008189201354980469,0.007747650146484375,0.0,0.0,1,1,0.024915452282014573,0.024915452282014573,0.008058786392211914,0.013590574264526367,17,7,-0.02492,-0.02492,1,1
2500,62,13,8,0.0,0.0,0.0,0.010194063186645508,0.0041713714599609375,0.0,0.0,1,1,0.039077247803192605,0.021082957123484108,0.011879444122314453,0.003000497817993164,17,2,0.02108|0.05707,0.02108,2,1
2500,63,9,3,0.0,0.16666666666666666,0.16666666666666666,0.011736631393432617,0.005939483642578125,0.0|0.33333,0.0|0.33333,2,2,0.17136025436702618,0.17136025436702618,0.009300947189331055,0.005635261535644531,17,3,0.01188|0.33085,0.01188|0.33085,2,2
2500,64,17,18,0.0,0.0,0.0,0.009447813034057617,0.003864765167236328,0.0,0.0,1,1,0.0006836368535199877,0.0006836368535199877,0.008713960647583008,0.006895542144775391,17,5,0.00068,0.00068,1,1
2500,65,11,18,0.0,0.0,0.0,0.008226871490478516,0.002812623977661133,0.0,0.0,1,1,0.007020155926222991,0.007020155926222991,0.007876396179199219,0.0024030208587646484,17,2,-0.00702,-0.00702,1,1
2500,66,15,20,0.0,0.0,0.0,0.008856773376464844,0.0027322769165039062,0.0,0.0,1,1,0.019073986149258617,0.019073986149258617,0.008081197738647461,0.0023670196533203125,17,2,0.01907,0.01907,1,1
2500,67,17,13,0.0,0.0,0.0,0.008347034454345703,0.003535032272338867,0.0,0.0,1,1,0.02681764222612144,0.02681764222612144,0.007879257202148438,0.0030431747436523438,17,5,0.02682,0.02682,1,1
2500,68,14,19,0.0,0.0,0.0,0.014590978622436523,0.003512859344482422,0.0,0.0,1,1,0.012069759558869858,0.004530369420512128,0.008418560028076172,0.0054531097412109375,17,4,-0.01961|-0.00453,-0.00453,2,1
2500,69,1,12,0.0,0.0,0.0,0.012204408645629883,0.0034270286560058594,0.0,0.0,1,1,0.027501017348782825,0.018849009459757014,0.01096963882446289,0.0026946067810058594,17,2,-0.04214|-0.02152|-0.01885,-0.01885,3,1
2500,70,16,12,0.0,0.0,0.0,0.009807586669921875,0.003697633743286133,0.0,0.0,1,1,0.012584807492015357,0.012584807492015357,0.009558677673339844,0.0026345252990722656,17,2,-0.01258,-0.01258,1,1
2500,71,8,5,0.0,0.3333333333333333,0.25,0.016568422317504883,0.006086826324462891,0.0|0.5,0.0|0.5,2,2,0.3505673022367883,0.25748227742371044,0.01041865348815918,0.005445957183837891,17,3,-0.00427|0.51069|0.53674,-0.00427|0.51069,3,2
2500,72,18,17,0.0,0.0,0.0,0.00830698013305664,0.003676176071166992,0.0,0.0,1,1,0.00663924011377363,0.007178855769317756,0.008199930191040039,0.0031244754791259766,17,5,0.0061|0.00718,0.00718,2,1
2500,73,20,6,0.0,0.0,0.0,0.008184194564819336,0.0028221607208251953,0.0,0.0,1,1,0.007002809639652245,0.001625893697131634,0.007791757583618164,0.0023534297943115234,17,2,-0.01238|0.00163,0.00163,2,1
2500,74,15,18,0.0,0.0,0.0,0.013036012649536133,0.0030028820037841797,0.0,0.0,1,1,0.03432274865558568,0.03432274865558568,0.011580944061279297,0.002399921417236328,17,2,0.03432,0.03432,1,1
2500,75,11,20,0.0,0.0,0.0,0.009365320205688477,0.0037577152252197266,0.0,0.0,1,1,0.0005866015213997414,0.0005866015213997414,0.008657455444335938,0.0034036636352539062,17,2,-0.00059,-0.00059,1,1
2500,76,4,1,0.0,0.0,0.0,0.010104179382324219,0.003624439239501953,0.0,0.0,1,1,0.009059007717849324,0.009059007717849324,0.008566141128540039,0.004817485809326172,17,2,-0.00906,-0.00906,1,1
2500,77,15,3,0.0,0.0,0.0,0.010274410247802734,0.003972291946411133,0.0,0.0,1,1,0.0015652539442163958,0.0015652539442163958,0.01803731918334961,0.003366708755493164,17,2,0.00157,0.00157,1,1
2500,78,9,16,0.0,0.0,0.0,0.011339902877807617,0.003359556198120117,0.0,0.0,1,1,0.0011238499635014935,0.00019160416571275076,0.012660503387451172,0.003124237060546875,17,2,0.00019|0.00206,0.00019,2,1
2500,79,5,20,0.0,0.0,0.0,0.00933980941772461,0.002765178680419922,0.0,0.0,1,1,0.011695415782218594,0.005384767541982607,0.008220195770263672,0.002436399459838867,17,2,0.00538|0.01801,0.00538,2,1
2500,80,14,3,0.0,0.0,0.0,0.00791478157043457,0.006181955337524414,0.0,0.0,1,1,0.005475712248610378,0.008316448333644318,0.007886648178100586,0.004564762115478516,17,2,-0.00832|0.00263,-0.00832,2,1
2500,81,13,1,0.0,0.0,0.0,0.009224414825439453,0.0031592845916748047,0.0,0.0,1,1,0.02542658749315759,0.011283097871386387,0.008625984191894531,0.002556324005126953,17,2,-0.03957|-0.01128,-0.01128,2,1
2500,82,1,5,0.0,0.0,0.0,0.009281158447265625,0.004040241241455078,0.0,0.0,1,1,0.006511012972015712,0.004365437266842427,0.009962797164916992,0.0029234886169433594,17,2,-0.0084|0.00437|0.00677,0.00437,3,1
2500,83,18,20,0.0,0.0,0.0,0.00943899154663086,0.0031647682189941406,0.0,0.0,1,1,0.00460186333574137,0.0021122256263574235,0.0089263916015625,0.002607107162475586,17,2,-0.00709|0.00211,0.00211,2,1
2500,84,5,18,0.0,0.0,0.0,0.011174917221069336,0.0032432079315185547,0.0,0.0,1,1,0.0016743677025134085,0.0004288922391777786,0.00913381576538086,0.002637147903442383,17,2,-0.00043|0.00292,-0.00043,2,1
2500,85,1,17,0.0,0.0,0.0,0.00944662094116211,0.004125833511352539,0.0,0.0,1,1,0.04127112395425516,0.02384406144442475,0.009017229080200195,0.0032248497009277344,17,5,-0.06237|-0.03759|-0.02384,-0.02384,3,1
2500,86,19,3,0.0,0.0,0.0,0.008635520935058594,0.003405332565307617,0.0,0.0,1,1,0.018923451317186,0.018923451317186,0.007812023162841797,0.0030303001403808594,17,4,0.01892,0.01892,1,1
2500,87,18,17,0.0,0.0,0.0,0.015843629837036133,0.003763914108276367,0.0,0.0,1,1,0.011927748350837038,0.010499588943829088,0.008791208267211914,0.0035817623138427734,17,5,0.0105|0.01336,0.0105,2,1
2500,88,3,16,0.0,0.0,0.0,0.011199235916137695,0.0032405853271484375,0.0,0.0,1,1,0.04351966199811207,0.017538242535679188,0.009804010391235352,0.0025169849395751953,17,2,0.01754|0.04087|0.07215,0.01754,3,1
2500,89,19,14,0.0,0.0,0.0,0.008403778076171875,0.0034379959106445312,0.0,0.0,1,1,0.03936040516516572,0.03936040516516572,0.008487462997436523,0.003106355667114258,17,4,0.03936,0.03936,1,1
2500,90,1,12,0.0,0.0,0.0,0.017130613327026367,0.003284454345703125,0.0,0.0,1,1,0.014530076004249376,0.008527201755339503,0.010772228240966797,0.0034987926483154297,17,2,-0.02301|-0.01205|-0.00853,-0.00853,3,1
2500,91,5,8,0.0,0.25,0.25,0.010875225067138672,0.006619691848754883,0.0|0.5,0.0|0.5,2,2,0.2612163387965425,0.2612163387965425,0.010809898376464844,0.008029937744140625,17,3,0.01284|0.5096,0.01284|0.5096,2,2
2500,92,17,13,0.0,0.0,0.0,0.00869297981262207,0.0038542747497558594,0.0,0.0,1,1,0.03917862597686479,0.03917862597686479,0.00856637954711914,0.0031609535217285156,17,5,0.03918,0.03918,1,1
2500,93,5,19,0.0,0.0,0.0,0.01474452018737793,0.003632783889770508,0.0,0.0,1,1,0.023076000923015733,0.003750659028304958,0.008594512939453125,0.003016948699951172,17,4,-0.0424|-0.00375,-0.00375,2,1
2500,94,4,11,0.0,0.0,0.0,0.010380744934082031,0.0030417442321777344,0.0,0.0,1,1,0.015916398342676913,0.015916398342676913,0.008691549301147461,0.002472400665283203,17,2,0.01592,0.01592,1,1
2500,95,17,4,0.0,0.0,0.0,0.011361360549926758,0.0037534236907958984,0.0,0.0,1,1,0.004997188157065067,0.004997188157065067,0.008333683013916016,0.003208637237548828,17,5,-0.005,-0.005,1,1
2500,96,1,8,0.0,0.0,0.0,0.01496744155883789,0.003314495086669922,0.0,0.0,1,1,0.009979533342948313,0.004880716583694769,0.014162302017211914,0.002541065216064453,17,2,0.00392|0.00488|0.02114,0.00488,3,1
2500,97,17,8,0.0,0.0,0.0,0.00972747802734375,0.0066106319427490234,0.0,0.0,1,1,0.029467853460548296,0.029467853460548296,0.011447429656982422,0.006004810333251953,17,6,-0.02947,-0.02947,1,1
2500,98,8,12,0.0,0.0,0.0,0.009921073913574219,0.0031893253326416016,0.0,0.0,1,1,0.009954562892887382,0.0055483202348948915,0.009446382522583008,0.002881765365600586,17,2,0.00173|0.00555|0.02259,0.00555,3,1
2500,99,19,17,0.0,0.0,0.0,0.014381170272827148,0.004101276397705078,0.0,0.0,1,1,0.006619280297220115,0.006619280297220115,0.010890722274780273,0.004141569137573242,17,7,0.00662,0.00662,1,1
5000,0,6,12,0.0,0.0,0.0,0.008866548538208008,0.003153562545776367,0.0,0.0,1,1,0.010185713074982805,0.00928909530076104,0.008921623229980469,0.002449512481689453,17,2,0.00929|0.01108,0.00929,2,1
5000,1,4,5,0.0,0.0,0.0,0.008072137832641602,0.0031359195709228516,0.0,0.0,1,1,0.005107899752687907,0.005107899752687907,0.008141756057739258,0.0023987293243408203,17,2,-0.00511,-0.00511,1,1
5000,2,14,11,0.0,0.0,0.0,0.010373115539550781,0.003147602081298828,0.0,0.0,1,1,0.009558909267340739,0.0023974180603940167,0.015052318572998047,0.0024199485778808594,17,2,-0.01672|-0.0024,-0.0024,2,1
5000,3,16,11,0.0,0.0,0.0,0.009317159652709961,0.0041046142578125,0.0,0.0,1,1,0.013016181496912064,0.013016181496912064,0.013127803802490234,0.0033648014068603516,17,2,-0.01302,-0.01302,1,1
5000,4,19,5,0.0,0.0,0.0,0.011264801025390625,0.0042781829833984375,0.0,0.0,1,1,0.0031200742108110097,0.0031200742108110097,0.00887155532836914,0.0041005611419677734,17,4,0.00312,0.00312,1,1
5000,5,4,15,0.0,0.0,0.0,0.010322809219360352,0.004178762435913086,0.0,0.0,1,1,0.00970102084481954,0.00970102084481954,0.016188859939575195,0.0027930736541748047,17,2,0.0097,0.0097,1,1
5000,6,17,15,0.0,0.0,0.0,0.009380578994750977,0.004155874252319336,0.0,0.0,1,1,0.03925581362718266,0.03925581362718266,0.008979320526123047,0.003582000732421875,17,5,0.03926,0.03926,1,1
5000,7,6,17,0.0,0.0,0.0,0.008930206298828125,0.003894329071044922,0.0,0.0,1,1,0.002308755266011606,0.001835002312601991,0.008613109588623047,0.0033140182495117188,17,5,-0.00278|0.00184,0.00184,2,1
5000,8,4,8,0.0,0.0,0.0,0.008202075958251953,0.00421142578125,0.0,0.0,1,1,0.006360796062944337,0.006360796062944337,0.012474536895751953,0.002744913101196289,17,2,0.00636,0.00636,1,1
5000,9,20,4,0.0,0.0,0.0,0.008579730987548828,0.0030083656311035156,0.0,0.0,1,1,0.010237616545392252,0.007394404030747052,0.008227109909057617,0.0024073123931884766,17,2,0.00739|0.01308,0.00739,2,1
5000,10,16,3,0.0,0.0,0.0,0.008574724197387695,0.002900362014770508,0.0,0.0,1,1,0.0048233787622366355,0.0048233787622366355,0.008011817932128906,0.002447366714477539,17,2,0.00482,0.00482,1,1
5000,11,20,11,0.0,0.0,0.0,0.00858163833618164,0.003355264663696289,0.0,0.0,1,1,0.004811370382029282,0.001049485078862449,0.012191057205200195,0.0031659603118896484,17,2,-0.00857|-0.00105,-0.00105,2,1
5000,12,18,16,0.0,0.0,0.0,0.010913848876953125,0.0031278133392333984,0.0,0.0,1,1,0.007885693316826255,0.0023548805711249487,0.01018977165222168,0.002567291259765625,17,2,0.00235|0.01342,0.00235,2,1
5000,13,14,16,0.0,0.0,0.0,0.009283304214477539,0.003543853759765625,0.0,0.0,1,1,0.009979083864604808,0.004079058741703102,0.008800745010375977,0.0027391910552978516,17,2,0.00408|0.01588,0.00408,2,1
5000,14,1,19,0.0,0.0,0.0,0.00998234748840332,0.003638029098510742,0.0,0.0,1,1,0.009059739211712775,0.006099686427630056,0.008932828903198242,0.0028977394104003906,17,4,0.0061|0.00854|0.01254,0.0061,3,1
5000,15,12,4,0.0,0.0,0.0,0.014597654342651367,0.0029754638671875,0.0,0.0,1,1,0.031162306134371383,0.014150118552526724,0.008410453796386719,0.0024726390838623047,17,2,0.01415|0.04817,0.01415,2,1
5000,16,15,18,0.0,0.0,0.0,0.00835275650024414,0.0028913021087646484,0.0,0.0,1,1,0.008734955985665233,0.008734955985665233,0.00824427604675293,0.002471446990966797,17,2,0.00873,0.00873,1,1
5000,17,5,20,0.0,0.0,0.0,0.009919166564941406,0.004250526428222656,0.0,0.0,1,1,0.009177028508931092,0.0031644061014956828,0.012986898422241211,0.0029168128967285156,17,2,0.00316|0.01519,0.00316,2,1
5000,18,15,18,0.0,0.0,0.0,0.016124486923217773,0.003286123275756836,0.0,0.0,1,1,0.007858295641056163,0.007858295641056163,0.014240264892578125,0.002593994140625,17,2,0.00786,0.00786,1,1
5000,19,4,5,0.0,0.0,0.0,0.009124755859375,0.0034580230712890625,0.0,0.0,1,1,0.012878433973993483,0.012878433973993483,0.009370088577270508,0.0028073787689208984,17,2,0.01288,0.01288,1,1
5000,20,20,14,0.0,0.0,0.0,0.009113073348999023,0.003724336624145508,0.0,0.0,1,1,0.010227155282914839,0.0012456517534734637,0.009272098541259766,0.002635955810546875,17,2,-0.00125|0.01921,-0.00125,2,1
5000,21,18,12,0.0,0.0,0.0,0.008663654327392578,0.0041391849517822266,0.0,0.0,1,1,0.008280128096556205,0.00817185533821259,0.015523195266723633,0.0025582313537597656,17,2,0.00817|0.00839,0.00817,2,1
5000,22,18,20,0.0,0.0,0.0,0.010372400283813477,0.0031609535217285156,0.0,0.0,1,1,0.008007242830066113,0.0025816180688150625,0.008333206176757812,0.0024492740631103516,17,2,0.00258|0.01343,0.00258,2,1
5000,23,13,18,0.0,0.0,0.0,0.008554220199584961,0.0037970542907714844,0.0,0.0,1,1,0.005706691905445492,0.0037261790436399346,0.010323524475097656,0.002466917037963867,17,2,-0.00769|-0.00373,-0.00373,2,1
5000,24,4,13,0.0,0.0,0.0,0.008404970169067383,0.003013134002685547,0.0,0.0,1,1,0.01094155973824744,0.01094155973824744,0.008119583129882812,0.003352642059326172,17,2,-0.01094,-0.01094,1,1
5000,25,1,5,0.0,0.0,0.0,0.012068033218383789,0.003411531448364258,0.0,0.0,1,1,0.007549831165344886,0.0033974986752821528,0.010926485061645508,0.002748727798461914,17,2,-0.01328|-0.0034|0.00597,-0.0034,3,1
5000,26,13,1,0.0,0.0,0.0,0.009553909301757812,0.0034685134887695312,0.0,0.0,1,1,0.01872439081541348,0.008975249070829342,0.011553525924682617,0.002980947494506836,17,2,-0.02847|-0.00898,-0.00898,2,1
5000,27,15,5,0.0,0.0,0.0,0.011816740036010742,0.0036134719848632812,0.0,0.0,1,1,0.0022501016981342553,0.0022501016981342553,0.009202718734741211,0.002644777297973633,17,2,0.00225,0.00225,1,1
5000,28,18,17,0.0,0.0,0.0,0.017331838607788086,0.003858804702758789,0.0,0.0,1,1,0.001615340681716254,0.001314615246345903,0.00899815559387207,0.003223896026611328,17,5,-0.00192|0.00131,0.00131,2,1
5000,29,1,4,0.0,0.0,0.0,0.008608102798461914,0.002939462661743164,0.0,0.0,1,1,0.0071112143139966414,0.003840998890600272,0.008743047714233398,0.002398252487182617,17,2,-0.00498|-0.00384|0.01251,-0.00384,3,1
5000,30,12,15,0.0,0.0,0.0,0.008314847946166992,0.0030291080474853516,0.0,0.0,1,1,0.003920236045763806,0.0005456339743687601,0.008247137069702148,0.002813100814819336,17,2,0.00055|0.00729,0.00055,2,1
5000,31,15,5,0.0,0.0,0.0,0.012847185134887695,0.0032083988189697266,0.0,0.0,1,1,0.0007454312795061868,0.0007454312795061868,0.012092828750610352,0.002582550048828125,17,2,0.00075,0.00075,1,1
5000,32,18,19,0.0,0.0,0.0,0.010700225830078125,0.0040662288665771484,0.0,0.0,1,1,0.00786635800155467,0.004239291512445658,0.009913206100463867,0.0032765865325927734,17,4,0.00424|0.01149,0.00424,2,1
5000,33,13,9,0.0,0.0,0.0,0.009869813919067383,0.0033168792724609375,0.0,0.0,1,1,0.017817748461821385,0.006065158456701936,0.00978851318359375,0.002693653106689453,17,2,0.00607|0.02957,0.00607,2,1
5000,34,18,19,0.0,0.0,0.0,0.009560346603393555,0.004400730133056641,0.0,0.0,1,1,0.0038162291396056326,0.0028605521681895046,0.016923189163208008,0.003898143768310547,17,4,-0.00477|-0.00286,-0.00286,2,1
5000,35,11,14,0.0,0.0,0.0,0.00886392593383789,0.0030908584594726562,0.0,0.0,1,1,0.007686811452374414,0.007686811452374414,0.008260250091552734,0.0025849342346191406,17,2,0.00769,0.00769,1,1
5000,36,1,9,0.0,0.0,0.0,0.008702993392944336,0.0028696060180664062,0.0,0.0,1,1,0.017569214279143378,0.007974111459897373,0.008339405059814453,0.002355813980102539,17,2,0.00797|0.01978|0.02495,0.00797,3,1
5000,37,8,12,0.0,0.0,0.0,0.008151054382324219,0.007906913757324219,0.0,0.0,1,1,0.010412086394183432,0.004814759936338162,0.008812189102172852,0.0038607120513916016,17,2,0.00481|0.00959|0.01683,0.00481,3,1
5000,38,12,13,0.0,0.0,0.0,0.00903940200805664,0.003977060317993164,0.0,0.0,1,1,0.0151332781459123,0.008422309295376424,0.010072946548461914,0.004018306732177734,17,2,-0.02184|-0.00842,-0.00842,2,1
5000,39,19,6,0.0,0.0,0.0,0.012302637100219727,0.00440669059753418,0.0,0.0,1,1,0.0011479296076088244,0.0011479296076088244,0.010320663452148438,0.004031658172607422,17,4,0.00115,0.00115,1,1
5000,40,17,4,0.0,0.0,0.0,0.01169276237487793,0.004042863845825195,0.0,0.0,1,1,0.011446966891650949,0.011446966891650949,0.008768081665039062,0.0032694339752197266,17,5,-0.01145,-0.01145,1,1
5000,41,13,20,0.0,0.0,0.0,0.012518644332885742,0.003409147262573242,0.0,0.0,1,1,0.003475790678628806,0.004186223744698082,0.009600400924682617,0.0024704933166503906,17,2,0.00277|0.00419,0.00419,2,1
5000,42,8,15,0.0,0.0,0.0,0.009727954864501953,0.0035517215728759766,0.0,0.0,1,1,0.010471603622519301,0.004439965785210938,0.009051084518432617,0.0024323463439941406,17,2,-0.02084|-0.00614|-0.00444,-0.00444,3,1
5000,43,15,17,0.0,0.0,0.0,0.008297443389892578,0.003835916519165039,0.0,0.0,1,1,0.00015100401565437666,0.00015100401565437666,0.009435176849365234,0.00494074821472168,17,5,0.00015,0.00015,1,1
5000,44,9,14,0.0,0.0,0.0,0.017749309539794922,0.0028426647186279297,0.0,0.0,1,1,0.004269078127766753,0.0009403692463662679,0.00848245620727539,0.002168416976928711,17,2,-0.0076|-0.00094,-0.00094,2,1
5000,45,1,17,0.0,0.0,0.0,0.008339405059814453,0.0036878585815429688,0.0,0.0,1,1,0.02754932026742814,0.014181360094582518,0.01195669174194336,0.002966642379760742,17,5,0.01418|0.03021|0.03826,0.01418,3,1
5000,46,6,8,0.0,0.0,0.0,0.007717132568359375,0.003496885299682617,0.0,0.0,1,1,0.00670489994665475,0.004988787249748256,0.00792384147644043,0.002347230911254883,17,2,-0.00842|-0.00499,-0.00499,2,1
5000,47,18,19,0.0,0.0,0.0,0.015580177307128906,0.0035283565521240234,0.0,0.0,1,1,0.01030683082170985,0.004847028901859757,0.010773658752441406,0.0028128623962402344,17,4,0.00485|0.01577,0.00485,2,1
5000,48,17,6,0.0,0.0,0.0,0.007863283157348633,0.0036470890045166016,0.0,0.0,1,1,0.008215038255220374,0.008215038255220374,0.008272171020507812,0.0030584335327148438,17,5,0.00822,0.00822,1,1
5000,49,20,13,0.0,0.0,0.0,0.007754087448120117,0.0029120445251464844,0.0,0.0,1,1,0.012535835493962907,0.0010187685735286312,0.009413719177246094,0.002239704132080078,17,2,0.00102|0.02405,0.00102,2,1
5000,50,18,12,0.0,0.0,0.0,0.0074841976165771484,0.0036084651947021484,0.0,0.0,1,1,0.0016919176613577388,0.0009972278273529414,0.015791893005371094,0.0023200511932373047,17,2,-0.001|0.00239,-0.001,2,1
5000,51,13,12,0.0,0.0,0.0,0.00770258903503418,0.002664804458618164,0.0,0.0,1,1,0.0074014431242782185,0.004943525536583297,0.007620334625244141,0.00458526611328125,17,2,0.00494|0.00986,0.00494,2,1
5000,52,1,3,0.0,0.0,0.0,0.007757902145385742,0.002566099166870117,0.0,0.0,1,1,0.016792588823588608,0.008042557519384173,0.007481575012207031,0.0021719932556152344,17,2,-0.0305|-0.01184|-0.00804,-0.00804,3,1
5000,53,9,15,0.0,0.0,0.0,0.007611274719238281,0.004256010055541992,0.0,0.0,1,1,0.0017533918399826748,0.00016967654573291918,0.0165250301361084,0.002595186233520508,17,2,-0.00334|0.00017,0.00017,2,1
5000,54,18,17,0.0,0.0,0.0,0.008934736251831055,0.0037064552307128906,0.0,0.0,1,1,0.003925349304622976,0.00044253342056992394,0.009076595306396484,0.003233671188354492,17,5,-0.00044|0.00741,-0.00044,2,1
5000,55,20,6,0.0,0.0,0.0,0.008235454559326172,0.003049135208129883,0.0,0.0,1,1,0.011555579280321148,0.008265353302523223,0.007995367050170898,0.002298593521118164,17,2,0.00827|0.01485,0.00827,2,1
5000,56,9,20,0.0,0.0,0.0,0.008294820785522461,0.007896661758422852,0.0,0.0,1,1,0.003730612352020559,0.004704997122593823,0.01018071174621582,0.003809690475463867,17,2,-0.0047|-0.00276,-0.0047,2,1
5000,57,6,8,0.0,0.0,0.0,0.008393287658691406,0.002830028533935547,0.0,0.0,1,1,0.009321798309116627,0.0003392214307692191,0.007761955261230469,0.002254009246826172,17,2,-0.00034|0.0183,-0.00034,2,1
5000,58,9,16,0.0,0.0,0.0,0.007748842239379883,0.002506256103515625,0.0,0.0,1,1,0.0011432748180642983,0.0008535036002510006,0.007802009582519531,0.002234220504760742,17,2,-0.00143|-0.00085,-0.00085,2,1
5000,59,16,19,0.0,0.0,0.0,0.007302522659301758,0.003238677978515625,0.0,0.0,1,1,0.004086563604469023,0.004086563604469023,0.007284641265869141,0.002665996551513672,17,4,0.00409,0.00409,1,1
5000,60,4,17,0.0,0.0,0.0,0.01062321662902832,0.0035545825958251953,0.0,0.0,1,1,0.007519675199248958,0.007519675199248958,0.007711887359619141,0.0029511451721191406,17,5,-0.00752,-0.00752,1,1
5000,61,14,18,0.0,0.0,0.0,0.0079193115234375,0.002778768539428711,0.0,0.0,1,1,0.005037074989961908,0.00176178079398469,0.00746464729309082,0.0022912025451660156,17,2,-0.00176|0.00831,-0.00176,2,1
5000,62,3,4,0.0,0.0,0.0,0.007988214492797852,0.002988100051879883,0.0,0.0,1,1,0.0037279481550380575,0.00013589148342293598,0.008667469024658203,0.002804994583129883,17,2,-0.00827|-0.00277|0.00014,0.00014,3,1
5000,63,18,15,0.0,0.0,0.0,0.01841878890991211,0.003005504608154297,0.0,0.0,1,1,0.009440062631823988,0.0038722084452130615,0.008705377578735352,0.0024394989013671875,17,2,0.00387|0.01501,0.00387,2,1
5000,64,20,6,0.0,0.0,0.0,0.008316755294799805,0.002825021743774414,0.0,0.0,1,1,0.0029071501058964603,0.0014680875749801486,0.00828862190246582,0.002218484878540039,17,2,0.00147|0.00435,0.00147,2,1
5000,65,3,9,1.0,0.3333333333333333,0.5,0.008090019226074219,0.0049114227294921875,0.0|1.0,0.0|1.0,2,2,0.31681072833803403,0.4720179945768869,0.0076904296875,0.004302978515625,17,3,0.05731|0.9936|0.99865,0.05731|0.99865,3,2
5000,66,8,1,0.0,0.0,0.0,0.016363143920898438,0.0029327869415283203,0.0,0.0,1,1,0.004399318736439864,0.004256916346064062,0.009031295776367188,0.0022466182708740234,17,2,-0.00652|-0.00426|0.00242,-0.00426,3,1
5000,67,14,4,0.0,0.0,0.0,0.007663249969482422,0.0026428699493408203,0.0,0.0,1,1,0.0033530951317464735,0.0026031649247125516,0.0076410770416259766,0.0022406578063964844,17,2,0.0026|0.0041,0.0026,2,1
5000,68,13,1,0.0,0.0,0.0,0.007386922836303711,0.002802610397338867,0.0,0.0,1,1,0.012537038415488772,0.006997327232161095,0.0073740482330322266,0.002168416976928711,17,2,-0.01808|-0.007,-0.007,2,1
5000,69,20,4,0.0,0.0,0.0,0.01373600959777832,0.00292205810546875,0.0,0.0,1,1,0.004476754513863565,0.004719502478755619,0.010407686233520508,0.002216339111328125,17,2,-0.00423|0.00472,0.00472,2,1
5000,70,13,3,0.0,0.0,0.0,0.008030891418457031,0.0030264854431152344,0.0,0.0,1,1,0.02037810759337811,0.01206781763885896,0.008805990219116211,0.0024182796478271484,17,2,-0.02869|-0.01207,-0.01207,2,1
5000,71,3,12,0.0,0.0,0.0,0.008217334747314453,0.0029366016387939453,0.0,0.0,1,1,0.026605811727331282,0.015019162503175499,0.007997512817382812,0.002372264862060547,17,2,0.01448|0.01502|0.05032,0.01502,3,1
5000,72,15,20,0.0,0.0,0.0,0.007555246353149414,0.003094911575317383,0.0,0.0,1,1,0.0018948067834425404,0.0018948067834425404,0.016407489776611328,0.002454996109008789,17,2,-0.00189,-0.00189,1,1
5000,73,6,14,0.0,0.0,0.0,0.007995128631591797,0.0028810501098632812,0.0,0.0,1,1,0.0075927000283323165,0.004587465605270493,0.007870197296142578,0.0023207664489746094,17,2,-0.0106|-0.00459,-0.00459,2,1
5000,74,9,16,0.0,0.0,0.0,0.007599592208862305,0.003030061721801758,0.0,0.0,1,1,0.00847226698675235,0.005073705967692935,0.008206844329833984,0.002437114715576172,17,2,0.00507|0.01187,0.00507,2,1
5000,75,6,17,0.0,0.0,0.0,0.007718801498413086,0.005053043365478516,0.0,0.0,1,1,0.010618312083696466,0.0036331169019929057,0.014152050018310547,0.003259897232055664,17,5,0.00363|0.0176,0.00363,2,1
5000,76,1,11,0.0,0.0,0.0,0.00790715217590332,0.0025675296783447266,0.0,0.0,1,1,0.013983354054013103,0.004394400444264709,0.00760340690612793,0.0022857189178466797,17,2,0.00439|0.00984|0.02772,0.00439,3,1
5000,77,20,19,0.0,0.0,0.0,0.009777069091796875,0.0035254955291748047,0.0,0.0,1,1,0.008741416351838898,0.00710917714623516,0.00911712646484375,0.003047943115234375,17,4,-0.01037|-0.00711,-0.00711,2,1
5000,78,13,15,0.0,0.0,0.0,0.009187459945678711,0.0047740936279296875,0.0,0.0,1,1,0.03236847792010822,0.0156535837329783,0.015187263488769531,0.004019021987915039,17,2,-0.04908|-0.01565,-0.01565,2,1
5000,79,4,3,0.0,0.0,0.0,0.009064912796020508,0.0034351348876953125,0.0,0.0,1,1,0.01859927155719626,0.01859927155719626,0.009744405746459961,0.0025780200958251953,17,2,0.0186,0.0186,1,1
5000,80,12,18,0.0,0.0,0.0,0.009005308151245117,0.0032587051391601562,0.0,0.0,1,1,0.0023521282697135538,0.00017335966362893858,0.008838891983032227,0.002681255340576172,17,2,-0.00453|-0.00017,-0.00017,2,1
5000,81,5,1,0.0,0.0,0.0,0.01047205924987793,0.0031502246856689453,0.0,0.0,1,1,0.0062983887217186625,0.005382037472438024,0.008385419845581055,0.015474081039428711,17,2,-0.00721|-0.00538,-0.00538,2,1
5000,82,20,19,0.0,0.0,0.0,0.009638309478759766,0.0036468505859375,0.0,0.0,1,1,0.02703183946021874,0.008061761381025425,0.009115219116210938,0.003045320510864258,17,4,-0.046|-0.00806,-0.00806,2,1
5000,83,18,17,0.0,0.0,0.0,0.009222984313964844,0.003765583038330078,0.0,0.0,1,1,0.015451104594690342,0.01430634954954457,0.008865833282470703,0.003305196762084961,17,5,-0.0166|-0.01431,-0.01431,2,1
5000,84,18,4,0.0,0.0,0.0,0.00873255729675293,0.003620147705078125,0.0,0.0,1,1,0.009219995519857789,0.004102277912685942,0.011474847793579102,0.0046749114990234375,17,2,-0.01434|-0.0041,-0.0041,2,1
5000,85,1,12,0.0,0.0,0.0,0.018784046173095703,0.0036890506744384766,0.0,0.0,1,1,0.005095578360951971,0.0012081111987260076,0.01130986213684082,0.002980470657348633,17,2,-0.0007|0.00121|0.01338,0.00121,3,1
5000,86,13,11,0.0,0.0,0.0,0.00948643684387207,0.003093242645263672,0.0,0.0,1,1,0.003732139642058897,0.005729009795651176,0.009630203247070312,0.002574920654296875,17,2,-0.00174|0.00573,0.00573,2,1
5000,87,17,12,0.0,0.0,0.0,0.010824203491210938,0.0038263797760009766,0.0,0.0,1,1,0.008146627181911135,0.008146627181911135,0.008836746215820312,0.003203868865966797,17,5,-0.00815,-0.00815,1,1
5000,88,5,20,0.0,0.0,0.0,0.014760017395019531,0.00310516357421875,0.0,0.0,1,1,0.014710783171838231,0.0021363924556267026,0.010750532150268555,0.0025615692138671875,17,2,0.00214|0.02729,0.00214,2,1
5000,89,3,16,0.0,0.0,0.0,0.008880138397216797,0.003251791000366211,0.0,0.0,1,1,0.006003493948290542,0.0024324710172255,0.008832693099975586,0.002713441848754883,17,2,-0.00255|-0.00243|0.01302,-0.00243,3,1
5000,90,20,8,0.0,0.0,0.0,0.008688926696777344,0.003124237060546875,0.0,0.0,1,1,0.008657096934369921,0.004484217857023341,0.009487390518188477,0.0025191307067871094,17,2,-0.00448|0.01283,-0.00448,2,1
5000,91,16,6,0.0,0.0,0.0,0.00886392593383789,0.0041217803955078125,0.0,0.0,1,1,0.01879845548864494,0.01879845548864494,0.01781177520751953,0.0030052661895751953,17,2,0.0188,0.0188,1,1
5000,92,12,4,0.0,0.0,0.0,0.009306907653808594,0.0032873153686523438,0.0,0.0,1,1,0.019516946676631473,0.014922626760011576,0.009181737899780273,0.0029265880584716797,17,2,0.01492|0.02411,0.01492,2,1
5000,93,17,20,0.0,0.0,0.0,0.01009368896484375,0.004170656204223633,0.0,0.0,1,1,0.04342135003074215,0.04342135003074215,0.010354042053222656,0.0039033889770507812,17,5,-0.04342,-0.04342,1,1
5000,94,5,19,0.0,0.0,0.0,0.009176969528198242,0.005490303039550781,0.0,0.0,1,1,0.005538926569200797,0.0027397513443433966,0.014429569244384766,0.004357337951660156,17,4,-0.00834|-0.00274,-0.00274,2,1
5000,95,9,4,0.0,0.0,0.0,0.008552789688110352,0.0029685497283935547,0.0,0.0,1,1,0.0014520374781416602,0.0004229916934934077,0.008302927017211914,0.002445697784423828,17,2,0.00042|0.00248,0.00042,2,1
5000,96,1,5,0.0,0.0,0.0,0.008692026138305664,0.0029752254486083984,0.0,0.0,1,1,0.03573957140841349,0.017674429165960466,0.008363723754882812,0.002427339553833008,17,2,-0.04769|-0.04185|-0.01767,-0.01767,3,1
5000,97,3,6,0.0,0.0,0.0,0.008723020553588867,0.00295257568359375,0.0,0.0,1,1,0.005609244320408755,0.0007039161584783028,0.008486509323120117,0.0025894641876220703,17,2,-0.00275|0.0007|0.01337,0.0007,3,1
5000,98,15,4,0.0,0.0,0.0,0.012408733367919922,0.003403902053833008,0.0,0.0,1,1,0.004019368963241892,0.004019368963241892,0.009430885314941406,0.002918720245361328,17,2,-0.00402,-0.00402,1,1
5000,99,19,5,0.0,0.0,0.0,0.012725591659545898,0.003955364227294922,0.0,0.0,1,1,0.011274775006456409,0.011274775006456409,0.009380102157592773,0.0031952857971191406,17,4,-0.01127,-0.01127,1,1
7500,0,12,5,0.0,0.0,0.0,0.010714054107666016,0.0034148693084716797,0.0,0.0,1,1,0.003728287596041836,0.003303300646627488,0.010322809219360352,0.0026824474334716797,17,2,-0.00415|-0.0033,-0.0033,2,1
7500,1,18,6,0.0,0.25,0.25,0.019011735916137695,0.0066225528717041016,0.0|0.5,0.0|0.5,2,2,0.2535450318983363,0.2535450318983363,0.011090993881225586,0.005425691604614258,17,3,-0.0061|0.50099,-0.0061|0.50099,2,2
7500,2,8,19,0.0,0.0,0.0,0.009884119033813477,0.003811359405517578,0.0,0.0,1,1,0.007966225116717294,0.004177585727333926,0.009355783462524414,0.0029451847076416016,17,4,-0.0138|-0.00592|-0.00418,-0.00418,3,1
7500,3,16,14,0.0,0.0,0.0,0.009853839874267578,0.0027408599853515625,0.0,0.0,1,1,0.0026797189292858143,0.0026797189292858143,0.007740974426269531,0.002499103546142578,17,2,0.00268,0.00268,1,1
7500,4,13,18,0.0,0.0,0.0,0.016089439392089844,0.0029709339141845703,0.0,0.0,1,1,0.0035207783602716905,0.00046879967938216933,0.009348630905151367,0.0024404525756835938,17,2,0.00047|0.00657,0.00047,2,1
7500,5,11,4,0.0,0.0,0.0,0.008373498916625977,0.003615140914916992,0.0,0.0,1,1,0.0007103250351628619,0.0007103250351628619,0.010530471801757812,0.002872467041015625,17,2,0.00071,0.00071,1,1
7500,6,18,13,0.0,0.0,0.0,0.009487390518188477,0.0031833648681640625,0.0,0.0,1,1,0.007667427936849268,0.0014953977230538844,0.00926065444946289,0.002639293670654297,17,2,-0.01384|-0.0015,-0.0015,2,1
7500,7,14,8,0.0,0.0,0.0,0.009225606918334961,0.0034949779510498047,0.0,0.0,1,1,0.007647069703362028,0.0055029797728251475,0.019859790802001953,0.002611398696899414,17,2,-0.0055|0.00979,-0.0055,2,1
7500,8,3,14,0.0,0.0,0.0,0.00872349739074707,0.003225088119506836,0.0,0.0,1,1,0.008619268365642698,0.0023475744121086908,0.009064912796020508,0.0025873184204101562,17,2,-0.01478|-0.00873|-0.00235,-0.00235,3,1
7500,9,16,9,0.0,0.0,0.0,0.008298158645629883,0.002825021743774414,0.0,0.0,1,1,0.018951643310179872,0.018951643310179872,0.007980585098266602,0.002410888671875,17,2,-0.01895,-0.01895,1,1
7500,10,3,16,0.0,0.0,0.0,0.008546829223632812,0.00425267219543457,0.0,0.0,1,1,0.005632701820869211,0.0012455447796925023,0.01396489143371582,0.0027282238006591797,17,2,-0.00125|0.0056|0.01006,-0.00125,3,1
7500,11,4,9,0.0,0.0,0.0,0.008711099624633789,0.004191875457763672,0.0,0.0,1,1,0.002541900712413029,0.002541900712413029,0.00945591926574707,0.0025374889373779297,17,2,-0.00254,-0.00254,1,1
7500,12,13,5,0.0,0.0,0.0,0.011046648025512695,0.0034923553466796875,0.0,0.0,1,1,0.016053939537131592,0.006509219909203279,0.013755321502685547,0.002839803695678711,17,2,-0.0256|-0.00651,-0.00651,2,1
7500,13,8,12,0.0,0.0,0.0,0.009984970092773438,0.0032711029052734375,0.0,0.0,1,1,0.009674633696065887,0.00623901932721887,0.010339498519897461,0.007537126541137695,17,2,-0.00037|0.00624|0.02242,0.00624,3,1
7500,14,11,13,0.0,0.0,0.0,0.011429786682128906,0.0037326812744140625,0.0,0.0,1,1,0.009410828375046112,0.009410828375046112,0.009602546691894531,0.002931356430053711,17,2,0.00941,0.00941,1,1
7500,15,14,4,0.0,0.0,0.0,0.008977651596069336,0.0028655529022216797,0.0,0.0,1,1,0.003888321103073985,6.032429351636384e-06,0.008192062377929688,0.0023572444915771484,17,2,-1e-05|0.00777,-1e-05,2,1
7500,16,13,16,0.0,0.0,0.0,0.008661031723022461,0.002824544906616211,0.0,0.0,1,1,0.004691421262862089,0.0005408454977312087,0.008267402648925781,0.0023453235626220703,17,2,-0.00884|-0.00054,-0.00054,2,1
7500,17,11,5,0.0,0.0,0.0,0.01678466796875,0.0032758712768554688,0.0,0.0,1,1,0.004785614787873359,0.004785614787873359,0.011728763580322266,0.002469301223754883,17,2,0.00479,0.00479,1,1
7500,18,9,11,0.0,0.0,0.0,0.009747028350830078,0.003360271453857422,0.0,0.0,1,1,0.007103285188842259,0.00011569531291917523,0.010367393493652344,0.003177165985107422,17,2,0.00012|0.01409,0.00012,2,1
7500,19,6,14,0.0,0.0,0.0,0.010685920715332031,0.0031218528747558594,0.0,0.0,1,1,0.003956468646096234,0.000454419389834789,0.008935689926147461,0.0031495094299316406,17,2,0.00045|0.00746,0.00045,2,1
7500,20,5,20,0.0,0.0,0.0,0.015808820724487305,0.0033516883850097656,0.0,0.0,1,1,0.0037915643051115965,0.006272030202171121,0.011925935745239258,0.0030794143676757812,17,2,-0.00131|0.00627,0.00627,2,1
7500,21,15,1,0.0,0.0,0.0,0.009242534637451172,0.0032155513763427734,0.0,0.0,1,1,0.0019145557050695545,0.0019145557050695545,0.009180784225463867,0.00255584716796875,17,2,0.00191,0.00191,1,1
7500,22,15,20,0.0,0.0,0.0,0.008831501007080078,0.0029115676879882812,0.0,0.0,1,1,0.0027373437886321845,0.0027373437886321845,0.008135080337524414,0.002410888671875,17,2,-0.00274,-0.00274,1,1
7500,23,8,14,0.0,0.0,0.0,0.010522603988647461,0.0034487247467041016,0.0,0.0,1,1,0.0069698872297545645,0.0023586687626188357,0.019065380096435547,0.002649545669555664,17,2,-0.01291|-0.00564|-0.00236,-0.00236,3,1
7500,24,6,20,0.0,0.0,0.0,0.008882761001586914,0.0029573440551757812,0.0,0.0,1,1,0.009151717176084652,0.005430829233420854,0.008681535720825195,0.002541780471801758,17,2,-0.01287|-0.00543,-0.00543,2,1
7500,25,16,19,0.0,0.0,0.0,0.008055448532104492,0.006203174591064453,0.0,0.0,1,1,0.0010221067789297198,0.0010221067789297198,0.007794380187988281,0.0038537979125976562,17,4,0.00102,0.00102,1,1
7500,26,14,20,0.0,0.0,0.0,0.0095062255859375,0.0047473907470703125,0.0,0.0,1,1,0.0025805028991358263,0.0015440109752905122,0.015703678131103516,0.0035338401794433594,17,2,-0.00362|0.00154,0.00154,2,1
7500,27,13,8,0.0,0.0,0.0,0.009259223937988281,0.003838062286376953,0.0,0.0,1,1,0.00528186796946822,0.001298166357143735,0.008918523788452148,0.0029921531677246094,17,2,-0.0013|0.00927,-0.0013,2,1
7500,28,11,19,0.0,0.0,0.0,0.009276628494262695,0.0041310787200927734,0.0,0.0,1,1,0.015488927018467658,0.015488927018467658,0.008790731430053711,0.0041620731353759766,17,4,-0.01549,-0.01549,1,1
7500,29,6,17,0.0,0.0,0.0,0.008488893508911133,0.007658720016479492,0.0,0.0,1,1,0.005605552542005173,0.0022089121295857652,0.008177995681762695,0.005374431610107422,17,5,-0.009|-0.00221,-0.00221,2,1
7500,30,12,11,0.0,0.0,0.0,0.00857686996459961,0.0032067298889160156,0.0,0.0,1,1,0.002777092919995512,0.0031832543957281485,0.008279085159301758,0.0025331974029541016,17,2,0.00237|0.00318,0.00318,2,1
7500,31,5,14,0.0,0.0,0.0,0.008984804153442383,0.0028362274169921875,0.0,0.0,1,1,0.004891736803517453,0.002323828787198171,0.00800633430480957,0.0024564266204833984,17,2,0.00232|0.00746,0.00232,2,1
7500,32,11,20,0.0,0.0,0.0,0.007859945297241211,0.002690553665161133,0.0,0.0,1,1,0.0016695091517502931,0.0016695091517502931,0.0076580047607421875,0.002335786819458008,17,2,0.00167,0.00167,1,1
7500,33,19,8,0.0,0.0,0.0,0.01717686653137207,0.004834890365600586,0.0,0.0,1,1,0.0027924155357769605,0.0027924155357769605,0.009236812591552734,0.0035088062286376953,17,4,0.00279,0.00279,1,1
7500,34,15,8,0.0,0.0,0.0,0.009986639022827148,0.0033626556396484375,0.0,0.0,1,1,0.002270944063915435,0.002270944063915435,0.009297370910644531,0.002507448196411133,17,2,0.00227,0.00227,1,1
7500,35,6,13,0.0,0.0,0.0,0.008508682250976562,0.0032465457916259766,0.0,0.0,1,1,0.00785075975246742,0.005638873063706792,0.009268760681152344,0.002552509307861328,17,2,-0.01006|-0.00564,-0.00564,2,1
7500,36,4,17,0.0,0.0,0.0,0.0168914794921875,0.0038869380950927734,0.0,0.0,1,1,0.003035638234830351,0.003035638234830351,0.009166955947875977,0.003368854522705078,17,5,-0.00304,-0.00304,1,1
7500,37,4,3,0.0,0.0,0.0,0.008713483810424805,0.002855539321899414,0.0,0.0,1,1,0.024672917856219174,0.024672917856219174,0.008225679397583008,0.0028426647186279297,17,2,0.02467,0.02467,1,1
7500,38,20,13,0.0,0.0,0.0,0.007977485656738281,0.002877950668334961,0.0,0.0,1,1,0.01458853695439569,0.003639800132637909,0.0077936649322509766,0.002416372299194336,17,2,0.00364|0.02554,0.00364,2,1
7500,39,18,8,0.0,0.0,0.0,0.015164852142333984,0.003283977508544922,0.0,0.0,1,1,0.0013251115909425726,0.00011772432244850164,0.010578155517578125,0.0027463436126708984,17,2,-0.00012|0.00253,-0.00012,2,1
7500,40,5,9,0.0,0.25,0.25,0.010713815689086914,0.007340908050537109,0.0|0.5,0.0|0.5,2,2,0.26412004786828586,0.26412004786828586,0.012293815612792969,0.0062885284423828125,17,4,-0.03495|0.49329,-0.03495|0.49329,2,2
7500,41,4,11,0.0,0.0,0.0,0.009958267211914062,0.003236532211303711,0.0,0.0,1,1,0.015981066157515832,0.015981066157515832,0.009146451950073242,0.0030286312103271484,17,2,0.01598,0.01598,1,1
7500,42,6,15,0.0,0.0,0.0,0.016696691513061523,0.0031685829162597656,0.0,0.0,1,1,0.0009193735654782584,0.0012880455610259876,0.010972976684570312,0.0024611949920654297,17,2,0.00055|0.00129,0.00129,2,1
7500,43,11,3,0.0,0.0,0.0,0.010155200958251953,0.0030901432037353516,0.0,0.0,1,1,0.005219936575269549,0.005219936575269549,0.01061248779296875,0.0025246143341064453,17,2,0.00522,0.00522,1,1
7500,44,11,6,0.0,0.0,0.0,0.008161306381225586,0.0028192996978759766,0.0,0.0,1,1,0.01909726221391527,0.01909726221391527,0.00787663459777832,0.0023832321166992188,17,2,-0.0191,-0.0191,1,1
7500,45,16,8,0.0,0.0,0.0,0.00850534439086914,0.0031213760375976562,0.0,0.0,1,1,0.004156683036710688,0.004156683036710688,0.01886129379272461,0.0030241012573242188,17,2,-0.00416,-0.00416,1,1
7500,46,18,4,0.0,0.0,0.0,0.008240699768066406,0.0035991668701171875,0.0,0.0,1,1,0.0005875831467724063,0.0006349998009271012,0.011200666427612305,0.002806425094604492,17,2,-0.00054|0.00063,0.00063,2,1
7500,47,16,5,0.0,0.0,0.0,0.009041070938110352,0.003182649612426758,0.0,0.0,1,1,0.011233233848011977,0.011233233848011977,0.010703325271606445,0.0023736953735351562,17,2,-0.01123,-0.01123,1,1
7500,48,20,3,0.0,0.0,0.0,0.010196685791015625,0.0030896663665771484,0.0,0.0,1,1,0.0026530595127834825,0.0021130333270503758,0.09081363677978516,0.002373218536376953,17,2,-0.00319|0.00211,0.00211,2,1
7500,49,5,12,0.0,0.0,0.0,0.011871814727783203,0.003034353256225586,0.0,0.0,1,1,0.010455621026921878,0.0021612451787933564,0.008734703063964844,0.002778768539428711,17,2,-0.01875|0.00216,0.00216,2,1
7500,50,11,15,0.0,0.0,0.0,0.0077741146087646484,0.0027909278869628906,0.0,0.0,1,1,0.003823806710989373,0.003823806710989373,0.008259057998657227,0.00330352783203125,17,2,-0.00382,-0.00382,1,1
7500,51,9,14,0.0,0.0,0.0,0.008570671081542969,0.0040934085845947266,0.0,0.0,1,1,0.005332119217861506,0.002980459235546678,0.009686946868896484,0.0038988590240478516,17,2,0.00298|0.00768,0.00298,2,1
7500,52,11,20,0.0,0.0,0.0,0.009671688079833984,0.003785848617553711,0.0,0.0,1,1,0.003189082710158276,0.003189082710158276,0.009188175201416016,0.0030252933502197266,17,2,0.00319,0.00319,1,1
7500,53,14,4,0.0,0.0,0.0,0.010140419006347656,0.0037293434143066406,0.0,0.0,1,1,0.01255286674770618,0.005193819335254713,0.009907245635986328,0.0034716129302978516,17,2,-0.01991|-0.00519,-0.00519,2,1
7500,54,1,15,0.0,0.0,0.0,0.00902247428894043,0.0031402111053466797,0.0,0.0,1,1,0.007015808177653565,0.0009169377476175615,0.008658647537231445,0.002504110336303711,17,2,-0.00092|0.00461|0.01552,-0.00092,3,1
7500,55,14,15,0.0,0.0,0.0,0.012444496154785156,0.0030221939086914062,0.0,0.0,1,1,0.005121017189556805,0.002128358168009424,0.008464574813842773,0.0024302005767822266,17,2,-0.00811|-0.00213,-0.00213,2,1
7500,56,11,20,0.0,0.0,0.0,0.008142232894897461,0.0030596256256103516,0.0,0.0,1,1,0.0003775861999807359,0.0003775861999807359,0.0077266693115234375,0.002498149871826172,17,2,-0.00038,-0.00038,1,1
7500,57,8,11,0.0,0.0,0.0,0.008297443389892578,0.0033922195434570312,0.0,0.0,1,1,0.014128106411432464,0.005121854651735455,0.007986068725585938,0.0024497509002685547,17,2,-0.01959|-0.01767|-0.00512,-0.00512,3,1
7500,58,9,13,0.0,0.0,0.0,0.008805274963378906,0.003153562545776367,0.0,0.0,1,1,0.008822231475744662,0.007008441196340197,0.011827707290649414,0.0025272369384765625,17,2,-0.01064|-0.00701,-0.00701,2,1
7500,59,9,20,0.0,0.0,0.0,0.008433341979980469,0.0038406848907470703,0.0,0.0,1,1,0.005170279953831575,0.0023778465144184777,0.009189844131469727,0.0037050247192382812,17,2,-0.00796|-0.00238,-0.00238,2,1
7500,60,20,16,0.0,0.0,0.0,0.011075496673583984,0.0036096572875976562,0.0,0.0,1,1,0.004786148959177118,0.002905718152927452,0.01049184799194336,0.003507852554321289,17,2,0.00291|0.00667,0.00291,2,1
7500,61,17,6,0.0,0.0,0.0,0.009026050567626953,0.008157968521118164,0.0,0.0,1,1,0.002154232518065121,0.002154232518065121,0.010023832321166992,0.003958940505981445,17,5,0.00215,0.00215,1,1
7500,62,19,11,0.0,0.0,0.0,0.00886988639831543,0.0036835670471191406,0.0,0.0,1,1,0.011761178842523317,0.011761178842523317,0.008818626403808594,0.0028955936431884766,17,4,-0.01176,-0.01176,1,1
7500,63,3,1,0.0,0.0,0.0,0.008545160293579102,0.0032486915588378906,0.0,0.0,1,1,0.006448319873926179,0.0027492719954260543,0.008360862731933594,0.0024445056915283203,17,2,-0.01141|-0.00275|0.00519,-0.00275,3,1
7500,64,16,9,0.0,0.0,0.0,0.010982751846313477,0.003009796142578125,0.0,0.0,1,1,0.0001867185135205269,0.0001867185135205269,0.008367776870727539,0.002985715866088867,17,2,-0.00019,-0.00019,1,1
7500,65,8,20,0.0,0.0,0.0,0.008621692657470703,0.003023386001586914,0.0,0.0,1,1,0.00627064016190427,0.0039706927616905575,0.008975505828857422,0.0025153160095214844,17,2,0.00397|0.00728|0.00757,0.00397,3,1
7500,66,20,9,0.0,0.0,0.0,0.008069276809692383,0.0026090145111083984,0.0,0.0,1,1,0.0029910920074974917,0.0016065539088249796,0.007672309875488281,0.0023376941680908203,17,2,-0.00161|0.00438,-0.00161,2,1
7500,67,18,19,0.0,0.0,0.0,0.009954690933227539,0.004839897155761719,0.0,0.0,1,1,0.004382497019113582,0.005702647450328494,0.010150432586669922,0.0034666061401367188,17,4,-0.00306|0.0057,0.0057,2,1
7500,68,8,20,0.0,0.0,0.0,0.013067483901977539,0.0038504600524902344,0.0,0.0,1,1,0.005101162688815755,0.00153055902421484,0.009482383728027344,0.0041599273681640625,17,2,0.00153|0.0057|0.00807,0.00153,3,1
7500,69,12,17,0.0,0.0,0.0,0.008568286895751953,0.0039708614349365234,0.0,0.0,1,1,0.02245101771112282,0.012822168478682868,0.00941014289855957,0.003183126449584961,17,5,0.01282|0.03208,0.01282,2,1
7500,70,8,17,0.0,0.3333333333333333,0.25,0.00887298583984375,0.005704402923583984,0.0|0.5,0.0|0.5,2,2,0.33855188429059363,0.2517852373662402,0.008606672286987305,0.005127906799316406,17,6,0.00325|0.50032|0.51209,0.00325|0.50032,3,2
7500,71,16,11,0.0,0.0,0.0,0.011695623397827148,0.0028557777404785156,0.0,0.0,1,1,0.006388171102571491,0.006388171102571491,0.007902383804321289,0.003551006317138672,17,2,0.00639,0.00639,1,1
7500,72,11,19,0.0,0.0,0.0,0.007984638214111328,0.0034227371215820312,0.0,0.0,1,1,0.00461631788645843,0.00461631788645843,0.0076236724853515625,0.003013134002685547,17,4,0.00462,0.00462,1,1
7500,73,11,18,0.0,0.0,0.0,0.008324861526489258,0.0027740001678466797,0.0,0.0,1,1,0.004300886214958617,0.004300886214958617,0.008486032485961914,0.002351999282836914,17,2,-0.0043,-0.0043,1,1
7500,74,14,17,0.0,0.0,0.0,0.00903940200805664,0.004030704498291016,0.0,0.0,1,1,0.0034168206988320965,0.005926731417650458,0.014423131942749023,0.0033202171325683594,17,5,0.00091|0.00593,0.00593,2,1
7500,75,3,20,0.0,0.0,0.0,0.009902238845825195,0.0033626556396484375,0.0,0.0,1,1,0.011227728750726924,0.005546528436963167,0.00862884521484375,0.0024635791778564453,17,2,-0.01708|-0.01106|-0.00555,-0.00555,3,1
7500,76,20,13,0.0,0.0,0.0,0.008808135986328125,0.0031244754791259766,0.0,0.0,1,1,0.006442814959741888,0.0026260006841733246,0.00863790512084961,0.002672910690307617,17,2,-0.01026|-0.00263,-0.00263,2,1
7500,77,9,15,0.0,0.0,0.0,0.008858442306518555,0.003088235855102539,0.0,0.0,1,1,0.002647005048246851,0.0019076678947991886,0.014026403427124023,0.002479076385498047,17,2,0.00191|0.00339,0.00191,2,1
7500,78,3,18,0.0,0.0,0.0,0.008594512939453125,0.0032596588134765625,0.0,0.0,1,1,0.011146022330648936,0.005323349061377815,0.008905649185180664,0.0024480819702148438,17,2,0.00532|0.01057|0.01755,0.00532,3,1
7500,79,17,13,0.0,0.0,0.0,0.008928537368774414,0.003573894500732422,0.0,0.0,1,1,0.007095772061772871,0.007095772061772871,0.008084535598754883,0.0030596256256103516,17,5,0.0071,0.0071,1,1
7500,80,3,14,0.0,0.0,0.0,0.008191585540771484,0.007287502288818359,0.0,0.0,1,1,0.00580052170630575,0.0031406112925962027,0.009272575378417969,0.0026917457580566406,17,2,-0.00535|0.00314|0.00891,0.00314,3,1
7500,81,3,16,0.0,0.0,0.0,0.011510610580444336,0.0031502246856689453,0.0,0.0,1,1,0.005604554787644599,0.004944721074489397,0.009315013885498047,0.0025055408477783203,17,2,-0.00681|-0.00506|-0.00494,-0.00494,3,1
7500,82,4,15,0.0,0.0,0.0,0.008600473403930664,0.003354787826538086,0.0,0.0,1,1,0.002555352269098559,0.002555352269098559,0.008597850799560547,0.0026514530181884766,17,2,-0.00256,-0.00256,1,1
7500,83,1,3,0.0,0.0,0.0,0.008643865585327148,0.003202676773071289,0.0,0.0,1,1,0.012820132558926342,0.005144115469299292,0.008903026580810547,0.0026466846466064453,17,2,-0.02311|-0.0102|-0.00514,-0.00514,3,1
7500,84,6,19,0.0,0.0,0.0,0.008534669876098633,0.0036301612854003906,0.0,0.0,1,1,0.00174824807511759,0.00032668935067026183,0.008501052856445312,0.0028543472290039062,17,4,-0.00317|0.00033,0.00033,2,1
7500,85,13,1,0.0,0.0,0.0,0.00800943374633789,0.0030851364135742188,0.0,0.0,1,1,0.007877382539630867,0.002353930785762341,0.009204864501953125,0.0024068355560302734,17,2,-0.0134|-0.00235,-0.00235,2,1
7500,86,15,18,0.0,0.0,0.0,0.008170843124389648,0.003143310546875,0.0,0.0,1,1,0.006072218095770035,0.006072218095770035,0.008102178573608398,0.002383708953857422,17,2,0.00607,0.00607,1,1
7500,87,4,18,0.0,0.0,0.0,0.012210845947265625,0.003065347671508789,0.0,0.0,1,1,0.0012830135064814108,0.0012830135064814108,0.010288715362548828,0.00238037109375,17,2,-0.00128,-0.00128,1,1
7500,88,6,18,0.0,0.25,0.25,0.008174657821655273,0.006213665008544922,0.0|0.5,0.0|0.5,2,2,0.26322361090869395,0.26322361090869395,0.010171175003051758,0.00543522834777832,17,3,0.01625|0.51019,0.01625|0.51019,2,2
7500,89,11,6,0.0,0.0,0.0,0.00876760482788086,0.0031669139862060547,0.0,0.0,1,1,0.0022646223143131606,0.0022646223143131606,0.008975982666015625,0.0033292770385742188,17,2,-0.00226,-0.00226,1,1
7500,90,12,1,0.0,0.0,0.0,0.014117002487182617,0.0031769275665283203,0.0,0.0,1,1,0.0039023476604623884,0.0012966098613571828,0.010493993759155273,0.0030732154846191406,17,2,-0.00651|0.0013,0.0013,2,1
7500,91,18,5,0.0,0.0,0.0,0.009033679962158203,0.00328826904296875,0.0,0.0,1,1,0.0039029602920389646,0.0014362215376790826,0.008900880813598633,0.002421855926513672,17,2,-0.00144|0.00637,-0.00144,2,1
7500,92,1,19,0.0,0.0,0.0,0.008421897888183594,0.0032472610473632812,0.0,0.0,1,1,0.0039808184752628435,0.0031328754595050584,0.007950782775878906,0.0028471946716308594,17,4,-0.00491|-0.0039|-0.00313,-0.00313,3,1
7500,93,5,15,0.0,0.0,0.0,0.008633613586425781,0.003065347671508789,0.0,0.0,1,1,0.00405204653820294,0.002873364499989858,0.012229442596435547,0.0024590492248535156,17,2,0.00287|0.00523,0.00287,2,1
7500,94,3,14,0.0,0.0,0.0,0.008112907409667969,0.002816438674926758,0.0,0.0,1,1,0.005568108384383977,0.0023168645084626033,0.007928133010864258,0.0023851394653320312,17,2,-0.00907|-0.00532|-0.00232,-0.00232,3,1
7500,95,14,20,0.0,0.0,0.0,0.009917020797729492,0.003278970718383789,0.0,0.0,1,1,0.004710398120337141,0.000911534157221967,0.009485960006713867,0.0024657249450683594,17,2,0.00091|0.00851,0.00091,2,1
7500,96,14,18,0.0,0.0,0.0,0.010421991348266602,0.003069162368774414,0.0,0.0,1,1,0.0003822798552483071,3.179114383672095e-05,0.013277769088745117,0.002389669418334961,17,2,-3e-05|0.00073,-3e-05,2,1
7500,97,11,14,0.0,0.0,0.0,0.008313894271850586,0.004007816314697266,0.0,0.0,1,1,0.006369441900927507,0.006369441900927507,0.008592844009399414,0.003349781036376953,17,2,-0.00637,-0.00637,1,1
7500,98,18,13,0.0,0.0,0.0,0.009130477905273438,0.0031003952026367188,0.0,0.0,1,1,0.002406299850519162,0.0014927511284762828,0.00905466079711914,0.002513885498046875,17,2,0.00149|0.00332,0.00149,2,1
7500,99,16,9,0.0,0.0,0.0,0.00835108757019043,0.003161191940307617,0.0,0.0,1,1,0.009867117701246585,0.009867117701246585,0.008620500564575195,0.006248950958251953,17,2,0.00987,0.00987,1,1
10000,0,17,1,0.0,0.0,0.0,0.008404970169067383,0.00385284423828125,0.0,0.0,1,1,0.018306404311724728,0.018306404311724728,0.00800013542175293,0.002992868423461914,17,5,-0.01831,-0.01831,1,1
10000,1,13,19,0.0,0.0,0.0,0.011863946914672852,0.003770589828491211,0.0,0.0,1,1,0.0011622579675205726,0.0021037756834304372,0.010231494903564453,0.002964019775390625,17,4,-0.0021|0.00022,-0.0021,2,1
10000,2,11,13,0.0,0.0,0.0,0.008332252502441406,0.0047149658203125,0.0,0.0,1,1,0.005341456693787034,0.005341456693787034,0.008064031600952148,0.0025424957275390625,17,2,0.00534,0.00534,1,1
10000,3,15,13,0.0,0.0,0.0,0.00855565071105957,0.0029599666595458984,0.0,0.0,1,1,0.0007032896498950612,0.0007032896498950612,0.008019447326660156,0.0023572444915771484,17,2,0.0007,0.0007,1,1
10000,4,17,3,0.0,0.0,0.0,0.008172273635864258,0.006979703903198242,0.0,0.0,1,1,0.006482979431400636,0.006482979431400636,0.009870529174804688,0.005473613739013672,17,5,0.00648,0.00648,1,1
10000,5,20,9,0.0,0.0,0.0,0.008536338806152344,0.0035805702209472656,0.0,0.0,1,1,0.0176415834046252,0.008555242791666974,0.008951187133789062,0.0028781890869140625,17,2,0.00856|0.02673,0.00856,2,1
10000,6,16,1,0.0,0.0,0.0,0.009342432022094727,0.003201007843017578,0.0,0.0,1,1,0.0021521029141649576,0.0021521029141649576,0.008806943893432617,0.0026597976684570312,17,2,0.00215,0.00215,1,1
10000,7,8,15,0.0,0.0,0.0,0.008668184280395508,0.0031349658966064453,0.0,0.0,1,1,0.0047470204008572365,0.0019539173957126665,0.00870513916015625,0.0025224685668945312,17,2,-0.0106|-0.00195|-0.00169,-0.00195,3,1
10000,8,9,13,0.0,0.0,0.0,0.008239269256591797,0.002980470657348633,0.0,0.0,1,1,0.0052836432123398005,0.0030263102410634283,0.007795095443725586,0.0024132728576660156,17,2,-0.00754|-0.00303,-0.00303,2,1
10000,9,1,11,0.0,0.0,0.0,0.01223897933959961,0.0047588348388671875,0.0,0.0,1,1,0.012118461135390788,0.006895728089227758,0.010803461074829102,0.0035843849182128906,17,2,0.0069|0.01437|0.01509,0.0069,3,1
10000,10,8,12,0.0,0.0,0.0,0.008674144744873047,0.002966642379760742,0.0,0.0,1,1,0.015668448743489667,0.005029364685949814,0.008520126342773438,0.0024340152740478516,17,2,0.00503|0.0171|0.02487,0.00503,3,1
10000,11,20,8,0.0,0.0,0.0,0.008199453353881836,0.002951383590698242,0.0,0.0,1,1,0.003907196134798665,0.0021898079612173546,0.009554862976074219,0.0024421215057373047,17,2,0.00219|0.00562,0.00219,2,1
10000,12,8,18,0.0,0.0,0.0,0.012934684753417969,0.0034203529357910156,0.0,0.0,1,1,0.007063544328863687,0.0020108048608364452,0.009735345840454102,0.002518892288208008,17,2,-0.01233|0.00201|0.00685,0.00201,3,1
10000,13,9,5,0.0,0.16666666666666666,0.16666666666666666,0.008628129959106445,0.007592201232910156,0.0|0.33333,0.0|0.33333,2,2,0.16906391140895893,0.16906391140895893,0.009302616119384766,0.005738258361816406,17,4,0.00641|0.33171,0.00641|0.33171,2,2
10000,14,16,9,0.0,0.0,0.0,0.00862741470336914,0.003596067428588867,0.0,0.0,1,1,0.0071747112444204625,0.0071747112444204625,0.009317398071289062,0.0030541419982910156,17,2,-0.00717,-0.00717,1,1
10000,15,11,14,0.0,0.0,0.0,0.02290797233581543,0.003427743911743164,0.0,0.0,1,1,0.009431794384988665,0.009431794384988665,0.009207487106323242,0.0025339126586914062,17,2,-0.00943,-0.00943,1,1
10000,16,15,13,0.0,0.0,0.0,0.009800434112548828,0.003260374069213867,0.0,0.0,1,1,0.0047251255801795235,0.0047251255801795235,0.00907444953918457,0.002385854721069336,17,2,0.00473,0.00473,1,1
10000,17,8,17,0.0,0.3333333333333333,0.25,0.009384393692016602,0.005484342575073242,0.0|0.5,0.0|0.5,2,2,0.33432484527775713,0.251913378473096,0.008734464645385742,0.0053577423095703125,17,6,-0.00111|0.49915|0.50271,-0.00111|0.50271,3,2
10000,18,12,14,0.0,0.0,0.0,0.008409500122070312,0.0032722949981689453,0.0,0.0,1,1,0.01825086897607922,0.007787940485569234,0.013489246368408203,0.0025081634521484375,17,2,0.00779|0.02871,0.00779,2,1
10000,19,9,3,0.0,0.16666666666666666,0.16666666666666666,0.008185625076293945,0.0060062408447265625,0.0|0.33333,0.0|0.33333,2,2,0.17345207256182738,0.17345207256182738,0.011147022247314453,0.005586862564086914,17,3,0.01436|0.33254,0.01436|0.33254,2,2
10000,20,11,19,0.0,0.0,0.0,0.008180618286132812,0.0036764144897460938,0.0,0.0,1,1,0.01000104372371046,0.01000104372371046,0.008476734161376953,0.003155231475830078,17,4,0.01,0.01,1,1
10000,21,11,4,0.0,0.0,0.0,0.00959467887878418,0.003300905227661133,0.0,0.0,1,1,0.001330746835111017,0.001330746835111017,0.014977693557739258,0.0030994415283203125,17,2,0.00133,0.00133,1,1
10000,22,5,4,0.0,0.0,0.0,0.010533571243286133,0.0036513805389404297,0.0,0.0,1,1,0.008884271242186971,0.00149538155393957,0.010613679885864258,0.002443075180053711,17,2,0.0015|0.01627,0.0015,2,1
10000,23,13,1,0.0,0.0,0.0,0.008760213851928711,0.0029747486114501953,0.0,0.0,1,1,0.00765767109570536,0.006728024378866336,0.008052349090576172,0.0030291080474853516,17,2,-0.00859|-0.00673,-0.00673,2,1
10000,24,13,9,0.0,0.0,0.0,0.008513689041137695,0.0028743743896484375,0.0,0.0,1,1,0.003348008970838926,0.0012379145982829708,0.008059501647949219,0.0072095394134521484,17,2,-0.00546|-0.00124,-0.00124,2,1
10000,25,3,12,0.0,0.0,0.0,0.009035825729370117,0.0030112266540527344,0.0,0.0,1,1,0.00765247952163729,0.002580681877840024,0.008340597152709961,0.002419710159301758,17,2,-0.01308|-0.0073|-0.00258,-0.00258,3,1
10000,26,17,9,0.0,0.0,0.0,0.008402347564697266,0.00742793083190918,0.0,0.0,1,1,0.04464470866174501,0.04464470866174501,0.008542776107788086,0.006961822509765625,17,7,0.04464,0.04464,1,1
10000,27,13,11,0.0,0.0,0.0,0.009361505508422852,0.0032236576080322266,0.0,0.0,1,1,0.011038466095840173,0.007931723163806142,0.010044336318969727,0.002546072006225586,17,2,0.00793|0.01415,0.00793,2,1
10000,28,6,16,0.0,0.0,0.0,0.009186744689941406,0.0034017562866210938,0.0,0.0,1,1,0.0031362315866028485,0.0025343730033795552,0.009354829788208008,0.002668619155883789,17,2,0.00253|0.00374,0.00253,2,1
10000,29,14,1,0.0,0.0,0.0,0.009252309799194336,0.0032100677490234375,0.0,0.0,1,1,0.003212291265631053,0.003749999041657905,0.009997129440307617,0.0024383068084716797,17,2,-0.00267|0.00375,0.00375,2,1
10000,30,8,11,0.0,0.0,0.0,0.009490966796875,0.0033686161041259766,0.0,0.0,1,1,0.0024446980238367277,0.0011798348670455264,0.00986337661743164,0.0025115013122558594,17,2,-0.00148|-0.00118|0.00468,-0.00118,3,1
10000,31,6,18,0.0,0.25,0.25,0.013283491134643555,0.0052738189697265625,0.0|0.5,0.0|0.5,2,2,0.25368376349949723,0.25368376349949723,0.008112192153930664,0.00470423698425293,17,3,-0.01282|0.49454,-0.01282|0.49454,2,2
10000,32,6,5,0.0,0.0,0.0,0.010466337203979492,0.003186464309692383,0.0,0.0,1,1,0.00522360806289692,0.0006412066729057972,0.010043144226074219,0.002518177032470703,17,2,0.00064|0.00981,0.00064,2,1
10000,33,12,3,0.0,0.0,0.0,0.009157180786132812,0.003949403762817383,0.0,0.0,1,1,0.012651386535465403,0.007723317029194011,0.00832819938659668,0.0030181407928466797,17,2,-0.01758|-0.00772,-0.00772,2,1
10000,34,1,19,0.0,0.0,0.0,0.015659570693969727,0.004186153411865234,0.0,0.0,1,1,0.01604793512620758,0.00911681885763555,0.011027097702026367,0.003823995590209961,17,4,0.00912|0.01621|0.02281,0.00912,3,1
10000,35,13,8,0.0,0.0,0.0,0.011939048767089844,0.003350496292114258,0.0,0.0,1,1,0.002370150685073559,0.0038843369938314394,0.009561777114868164,0.002602100372314453,17,2,-0.00388|0.00086,-0.00388,2,1
10000,36,11,4,0.0,0.0,0.0,0.008827686309814453,0.003325223922729492,0.0,0.0,1,1,0.0027222831990406536,0.0027222831990406536,0.00883936882019043,0.0025298595428466797,17,2,0.00272,0.00272,1,1
10000,37,14,4,0.0,0.0,0.0,0.009462118148803711,0.0030431747436523438,0.0,0.0,1,1,0.002133447709674253,0.004094744308029662,0.01308584213256836,0.0023927688598632812,17,2,-0.00409|-0.00017,-0.00409,2,1
10000,38,12,14,0.0,0.0,0.0,0.008423328399658203,0.0030455589294433594,0.0,0.0,1,1,0.008529872258335933,0.004829358822664555,0.008345842361450195,0.0025093555450439453,17,2,-0.01223|-0.00483,-0.00483,2,1
10000,39,13,8,0.0,0.0,0.0,0.00832676887512207,0.0026848316192626953,0.0,0.0,1,1,0.0010181126661964112,0.0015446358053408968,0.008018732070922852,0.0023941993713378906,17,2,0.00049|0.00154,0.00154,2,1
10000,40,14,4,0.0,0.0,0.0,0.008357524871826172,0.0034966468811035156,0.0,0.0,1,1,0.003021343306258094,0.0028896476727358566,0.012148380279541016,0.0029153823852539062,17,2,-0.00315|0.00289,0.00289,2,1
10000,41,17,3,0.0,0.0,0.0,0.013131380081176758,0.0071218013763427734,0.0,0.0,1,1,0.011059976583539095,0.011059976583539095,0.010384082794189453,0.006555318832397461,17,5,0.01106,0.01106,1,1
10000,42,5,6,0.0,0.0,0.0,0.01065206527709961,0.0032346248626708984,0.0,0.0,1,1,0.005103958062338897,0.0006821320187516343,0.009815692901611328,0.0031790733337402344,17,2,0.00068|0.00953,0.00068,2,1
10000,43,17,6,0.0,0.0,0.0,0.008929729461669922,0.008482933044433594,0.0,0.0,1,1,0.0012745104157752016,0.0012745104157752016,0.008535623550415039,0.004312038421630859,17,5,0.00127,0.00127,1,1
10000,44,20,1,0.0,0.0,0.0,0.008324861526489258,0.0027985572814941406,0.0,0.0,1,1,0.00157470725223201,0.00022708996615789355,0.008042335510253906,0.0023560523986816406,17,2,0.00023|0.00292,0.00023,2,1
10000,45,8,5,0.0,0.3333333333333333,0.25,0.009307622909545898,0.004954814910888672,0.0|0.5,0.0|0.5,2,2,0.3401839579212811,0.2613520955440716,0.008202552795410156,0.004533290863037109,17,3,-0.02085|0.49785|0.50186,-0.02085|0.50186,3,2
10000,46,20,17,0.0,0.0,0.0,0.008763313293457031,0.007721900939941406,0.0,0.0,1,1,0.004072551651687735,0.005122064748986582,0.008263349533081055,0.0043392181396484375,17,5,0.00302|0.00512,0.00512,2,1
10000,47,11,18,0.0,0.0,0.0,0.008265972137451172,0.003917217254638672,0.0,0.0,1,1,0.00380517980764261,0.00380517980764261,0.009266853332519531,0.0030515193939208984,17,2,0.00381,0.00381,1,1
10000,48,3,11,0.0,0.0,0.0,0.010326623916625977,0.003230571746826172,0.0,0.0,1,1,0.0047433123294078365,0.0016650603819541366,0.010732412338256836,0.002486705780029297,17,2,-0.00013|0.00167|0.01244,0.00167,3,1
10000,49,4,1,0.0,0.0,0.0,0.010115385055541992,0.003486156463623047,0.0,0.0,1,1,0.009752163565280546,0.009752163565280546,0.008649349212646484,0.0025305747985839844,17,2,-0.00975,-0.00975,1,1
10000,50,9,13,0.0,0.0,0.0,0.00966191291809082,0.0036978721618652344,0.0,0.0,1,1,0.007908215388273227,0.002381915460649427,0.008981704711914062,0.0029523372650146484,17,2,0.00238|0.01343,0.00238,2,1
10000,51,8,12,0.0,0.0,0.0,0.009179115295410156,0.003128528594970703,0.0,0.0,1,1,0.001391939631279472,0.0010893887811872238,0.009173870086669922,0.0024132728576660156,17,2,0.00085|0.00109|0.00224,0.00109,3,1
10000,52,5,19,0.0,0.0,0.0,0.00814509391784668,0.003381490707397461,0.0,0.0,1,1,0.0034544261611909035,0.0009953760417979025,0.007891416549682617,0.002880573272705078,17,4,0.001|0.00591,0.001,2,1
10000,53,3,18,0.0,0.0,0.0,0.013047218322753906,0.003080606460571289,0.0,0.0,1,1,0.008451770459413721,0.00506291697339077,0.008291006088256836,0.0024034976959228516,17,2,0.00506|0.00655|0.01374,0.00506,3,1
10000,54,3,20,0.0,0.0,0.0,0.008687734603881836,0.0032453536987304688,0.0,0.0,1,1,0.013796857642602906,0.007325610143815443,0.01319432258605957,0.0025014877319335938,17,2,-0.02121|-0.01285|-0.00733,-0.00733,3,1
10000,55,11,20,0.0,0.0,0.0,0.00942850112915039,0.003546476364135742,0.0,0.0,1,1,0.01298379531869225,0.01298379531869225,0.009157180786132812,0.003237485885620117,17,2,-0.01298,-0.01298,1,1
10000,56,17,6,0.0,0.0,0.0,0.01009368896484375,0.004041910171508789,0.0,0.0,1,1,0.01622465545241695,0.01622465545241695,0.014340877532958984,0.004160404205322266,17,5,0.01622,0.01622,1,1
10000,57,11,14,0.0,0.0,0.0,0.008888006210327148,0.0031502246856689453,0.0,0.0,1,1,0.002795269903368863,0.002795269903368863,0.008606910705566406,0.0025451183319091797,17,2,0.0028,0.0028,1,1
10000,58,16,12,0.0,0.0,0.0,0.008805036544799805,0.003065824508666992,0.0,0.0,1,1,0.004830367868517578,0.004830367868517578,0.008412361145019531,0.002391338348388672,17,2,-0.00483,-0.00483,1,1
10000,59,8,14,0.0,0.0,0.0,0.008471965789794922,0.003147602081298828,0.0,0.0,1,1,0.01374651358313819,0.003761059206630576,0.013337373733520508,0.0024170875549316406,17,2,-0.02049|-0.01699|-0.00376,-0.00376,3,1
10000,60,11,5,0.0,0.0,0.0,0.008333921432495117,0.002961397171020508,0.0,0.0,1,1,0.006024739837748074,0.006024739837748074,0.007930755615234375,0.0029077529907226562,17,2,-0.00602,-0.00602,1,1
10000,61,5,1,0.0,0.0,0.0,0.00855398178100586,0.002752542495727539,0.0,0.0,1,1,0.004858203443917005,0.0018737277210324448,0.007749080657958984,0.004220008850097656,17,2,-0.00784|-0.00187,-0.00187,2,1
10000,62,6,16,0.0,0.0,0.0,0.008553266525268555,0.00863957405090332,0.0,0.0,1,1,0.0035249852307721475,0.0004953003715502129,0.01110696792602539,0.0034677982330322266,17,2,-0.00655|-0.0005,-0.0005,2,1
10000,63,13,3,0.0,0.0,0.0,0.010251522064208984,0.0033898353576660156,0.0,0.0,1,1,0.015539028504539521,0.00929298398433537,0.00923299789428711,0.003283262252807617,17,2,-0.02179|-0.00929,-0.00929,2,1
10000,64,14,5,0.0,0.0,0.0,0.00951838493347168,0.003377676010131836,0.0,0.0,1,1,0.006657473040300408,0.0023164044674699948,0.0099639892578125,0.003203868865966797,17,2,0.00232|0.011,0.00232,2,1
10000,65,6,3,0.0,0.0,0.0,0.008979082107543945,0.003127574920654297,0.0,0.0,1,1,0.008741429953969874,0.003774560625846813,0.009871959686279297,0.0024421215057373047,17,2,0.00377|0.01371,0.00377,2,1
10000,66,12,18,0.0,0.0,0.0,0.008502006530761719,0.002840280532836914,0.0,0.0,1,1,0.005741452541530643,0.0012069585744536513,0.008011579513549805,0.0024728775024414062,17,2,-0.01028|0.00121,0.00121,2,1
10000,67,12,3,0.0,0.0,0.0,0.008375406265258789,0.0027778148651123047,0.0,0.0,1,1,0.008763228161757865,0.009320271251879427,0.008132219314575195,0.002328634262084961,17,2,-0.00932|-0.00821,-0.00932,2,1
10000,68,1,17,0.0,0.0,0.0,0.010651826858520508,0.005687713623046875,0.0,0.0,1,1,0.008117698075614034,0.0012549619275624522,0.008682966232299805,0.0036220550537109375,17,5,-0.01529|-0.0078|-0.00125,-0.00125,3,1
10000,69,9,16,0.0,0.0,0.0,0.013665199279785156,0.0032684803009033203,0.0,0.0,1,1,0.007524453007915386,0.0030727957138388285,0.00979757308959961,0.002537250518798828,17,2,0.00307|0.01198,0.00307,2,1
10000,70,14,5,0.0,0.0,0.0,0.011725902557373047,0.003195047378540039,0.0,0.0,1,1,0.01761244396150341,0.011386779171289312,0.012756109237670898,0.0025534629821777344,17,2,0.01139|0.02384,0.01139,2,1
10000,71,12,18,0.0,0.0,0.0,0.009320974349975586,0.0033931732177734375,0.0,0.0,1,1,0.013095040614722973,0.00524889779188048,0.008866548538208008,0.0026612281799316406,17,2,-0.02094|-0.00525,-0.00525,2,1
10000,72,15,11,0.0,0.0,0.0,0.014619112014770508,0.00397801399230957,0.0,0.0,1,1,0.00812865731860964,0.00812865731860964,0.009217977523803711,0.0026330947875976562,17,2,0.00813,0.00813,1,1
10000,73,5,18,0.0,0.0,0.0,0.01088404655456543,0.003157377243041992,0.0,0.0,1,1,0.005055707072775832,0.0032355536822642446,0.009039640426635742,0.0026226043701171875,17,2,-0.00688|-0.00324,-0.00324,2,1
10000,74,1,17,0.0,0.0,0.0,0.0077610015869140625,0.0031728744506835938,0.0,0.0,1,1,0.011320634404640262,0.004287750000144458,0.0074920654296875,0.002774953842163086,17,5,0.00429|0.01411|0.01557,0.00429,3,1
10000,75,6,17,0.0,0.0,0.0,0.007196903228759766,0.003354787826538086,0.0,0.0,1,1,0.009593600186140005,0.0032661214047855686,0.012015342712402344,0.002804279327392578,17,5,0.00327|0.01592,0.00327,2,1
10000,76,16,5,0.0,0.0,0.0,0.007519245147705078,0.0031728744506835938,0.0,0.0,1,1,0.012235757633287927,0.012235757633287927,0.00723576545715332,0.002228260040283203,17,2,0.01224,0.01224,1,1
10000,77,15,6,0.0,0.0,0.0,0.007640838623046875,0.0029866695404052734,0.0,0.0,1,1,0.006315922137511357,0.006315922137511357,0.007852554321289062,0.0023298263549804688,17,2,0.00632,0.00632,1,1
10000,78,20,3,0.0,0.0,0.0,0.008044242858886719,0.0030281543731689453,0.0,0.0,1,1,0.003425939772763991,0.0021798461598216893,0.013221263885498047,0.0023908615112304688,17,2,-0.00467|-0.00218,-0.00218,2,1
10000,79,5,16,0.0,0.0,0.0,0.008006811141967773,0.002954721450805664,0.0,0.0,1,1,0.002849775238542414,0.004338460430805852,0.008126974105834961,0.0022978782653808594,17,2,-0.00136|0.00434,0.00434,2,1
10000,80,9,6,0.0,0.0,0.0,0.00798797607421875,0.003305673599243164,0.0,0.0,1,1,0.005192342450419844,0.001782176090705024,0.007674455642700195,0.0021953582763671875,17,2,-0.0086|-0.00178,-0.00178,2,1
10000,81,19,16,0.0,0.0,0.0,0.009559154510498047,0.012549877166748047,0.0,0.0,1,1,0.00666282048361962,0.00666282048361962,0.007825613021850586,0.00423884391784668,17,4,-0.00666,-0.00666,1,1
10000,82,8,17,0.0,0.3333333333333333,0.25,0.007910013198852539,0.005223274230957031,0.0|0.5,0.0|0.5,2,2,0.34391537708604486,0.2589501617624613,0.0077898502349853516,0.004589557647705078,17,6,-0.0163|0.5016|0.51385,-0.0163|0.5016,3,2
10000,83,12,13,0.0,0.0,0.0,0.0076084136962890625,0.0027284622192382812,0.0,0.0,1,1,0.01456701272405253,0.012214915311680783,0.007361173629760742,0.002226591110229492,17,2,0.01221|0.01692,0.01221,2,1
10000,84,17,9,0.0,0.0,0.0,0.007674455642700195,0.010375022888183594,0.0,0.0,1,1,0.008386686001947995,0.008386686001947995,0.0077152252197265625,0.006231546401977539,17,7,-0.00839,-0.00839,1,1
10000,85,5,9,0.0,0.25,0.25,0.007804155349731445,0.005857229232788086,0.0|0.5,0.0|0.5,2,2,0.2511986875768991,0.2511986875768991,0.008110284805297852,0.005539894104003906,17,4,0.00242|0.49998,0.00242|0.49998,2,2
10000,86,13,16,0.0,0.0,0.0,0.008358001708984375,0.0028924942016601562,0.0,0.0,1,1,0.007256916657696009,0.004886148816263143,0.008018255233764648,0.0022935867309570312,17,2,0.00489|0.00963,0.00489,2,1
10000,87,8,15,0.0,0.0,0.0,0.008233308792114258,0.004242658615112305,0.0,0.0,1,1,0.014314587972647744,0.007894682840873036,0.014304161071777344,0.002788543701171875,17,2,0.00789|0.01466|0.02039,0.00789,3,1
10000,88,17,14,0.0,0.0,0.0,0.007917642593383789,0.003630399703979492,0.0,0.0,1,1,0.002387962605655513,0.002387962605655513,0.008339643478393555,0.0029294490814208984,17,5,0.00239,0.00239,1,1
10000,89,9,13,0.0,0.0,0.0,0.00799703598022461,0.002789020538330078,0.0,0.0,1,1,0.0007455633189741164,0.0007300951176993196,0.007529020309448242,0.0022068023681640625,17,2,-0.00073|0.00076,-0.00073,2,1
10000,90,9,14,0.0,0.0,0.0,0.007524251937866211,0.002705097198486328,0.0,0.0,1,1,0.001670805249046575,0.0008023083876998809,0.007338047027587891,0.0021843910217285156,17,2,-0.00254|-0.0008,-0.0008,2,1
10000,91,19,11,0.0,0.0,0.0,0.008663654327392578,0.003132343292236328,0.0,0.0,1,1,0.004323479519808534,0.004323479519808534,0.007189035415649414,0.0026857852935791016,17,4,0.00432,0.00432,1,1
10000,92,9,18,0.0,0.0,0.0,0.00922250747680664,0.0030853748321533203,0.0,0.0,1,1,0.007452542500411663,0.0038179271518267166,0.009461164474487305,0.0024001598358154297,17,2,-0.01109|-0.00382,-0.00382,2,1
10000,93,5,14,0.0,0.0,0.0,0.008116006851196289,0.002847433090209961,0.0,0.0,1,1,0.003924181535297437,0.0031576598008771755,0.008126258850097656,0.0023000240325927734,17,2,0.00316|0.00469,0.00316,2,1
10000,94,12,15,0.0,0.0,0.0,0.015556097030639648,0.002962350845336914,0.0,0.0,1,1,0.010598488088972737,0.004566080119011519,0.008289813995361328,0.002285480499267578,17,2,0.00457|0.01663,0.00457,2,1
10000,95,9,11,0.0,0.0,0.0,0.008112907409667969,0.0033822059631347656,0.0,0.0,1,1,0.0002221086562312893,0.00015539592845956933,0.00807332992553711,0.002399444580078125,17,2,0.00016|0.00029,0.00016,2,1
10000,96,4,5,0.0,0.0,0.0,0.007775306701660156,0.00275421142578125,0.0,0.0,1,1,0.013787281017530042,0.013787281017530042,0.008257389068603516,0.002226114273071289,17,2,0.01379,0.01379,1,1
10000,97,18,6,0.0,0.25,0.25,0.00756382942199707,0.005213022232055664,0.0|0.5,0.0|0.5,2,2,0.2626408345658885,0.2626408345658885,0.014347314834594727,0.004442453384399414,17,3,-0.0274|0.49788,-0.0274|0.49788,2,2
10000,98,11,20,0.0,0.0,0.0,0.007668256759643555,0.00286102294921875,0.0,0.0,1,1,0.0033635751932655266,0.0033635751932655266,0.007498741149902344,0.002271413803100586,17,2,0.00336,0.00336,1,1
10000,99,17,3,0.0,0.0,0.0,0.007562160491943359,0.004547834396362305,0.0,0.0,1,1,0.005826868103641684,0.005826868103641684,0.006995201110839844,0.0042912960052490234,17,5,-0.00583,-0.00583,1,1
