Sample_Size,Exp_ID,T,Y,True_Effect,MAE_Full,MAE_Local,Time_Full,Time_Local,Eff_Full,Eff_Local,Set_Size_Full,Set_Size_Local,MAE_Full_n,MAE_Local_n,Time_Full_n,Time_Local_n,Vars_Full,Vars_Local,Eff_Full_n,Eff_Local_n,Set_Size_Full_n,Set_Size_Local_n
500,0,53,99,3.9999999999338467,0.0,0.0,0.8040571212768555,0.7993619441986084,4.0,4.0,1,1,5.437737360204247,5.437737360204247,0.7756729125976562,0.749528169631958,100,75,-1.43774,-1.43774,1,1
500,1,31,42,3.2494332428050734e-16,0.0,0.0,0.688410758972168,0.03597140312194824,0.0,0.0,1,1,0.24318350604348107,0.24318350604348107,0.7174556255340576,0.0280301570892334,100,22,0.24318,0.24318,1,1
500,2,31,27,1.3497755443550167e-15,0.0,0.0,0.6782119274139404,0.02581048011779785,0.0,0.0,1,1,0.03534332762863852,0.03534332762863852,0.6643462181091309,0.017678022384643555,100,17,0.03534,0.03534,1,1
500,3,64,9,1.2773059162869299e-14,0.0,0.0,0.7303204536437988,0.1327207088470459,0.0,0.0,1,1,0.1705837140760905,0.1705837140760905,0.6710338592529297,0.12627935409545898,100,47,-0.17058,-0.17058,1,1
500,4,95,1,-2.3571080550793487e-14,0.0,0.0,0.6730501651763916,0.579808235168457,-0.0,-0.0,1,1,0.10780996226657862,0.10780996226657862,0.6746416091918945,0.6448037624359131,100,72,0.10781,0.10781,1,1
500,5,76,3,-2.165984440095578e-14,0.0,0.0,0.6668472290039062,0.17284083366394043,-0.0,-0.0,1,1,0.04701344402505542,0.04701344402505542,0.6692595481872559,0.1658484935760498,100,46,0.04701,0.04701,1,1
500,6,55,68,3.0000000000007456,0.0,0.0,0.6812553405761719,0.22933101654052734,3.0,3.0,1,1,0.8956571731818821,0.8956571731818821,0.7246260643005371,0.22630572319030762,100,53,3.89566,3.89566,1,1
500,7,25,86,45.00000000000356,40.75000000016905,40.75000000016905,0.6759369373321533,0.67472243309021,45.0|126.5,45.0|126.5,2,2,50.38480167081079,50.38480167081079,0.6747236251831055,0.6643121242523193,100,73,27.33663|128.10624,27.33663|128.10624,2,2
500,8,62,5,-3.431798349463975e-14,0.0,0.0,0.6758542060852051,0.1856825351715088,-0.0,-0.0,1,1,0.19083653892963534,0.19083653892963534,0.6671791076660156,0.1735062599182129,100,52,0.19084,0.19084,1,1
500,9,83,14,-1.4320143788350634e-14,0.0,0.0,0.6869814395904541,0.1720716953277588,-0.0,-0.0,1,1,0.12417694326645169,0.12417694326645169,0.728560209274292,0.16565394401550293,100,50,-0.12418,-0.12418,1,1
500,10,68,31,-2.1933160415293817e-12,0.0,0.0,0.6777603626251221,0.23358583450317383,-0.0,-0.0,1,1,5.339100222135852,5.339100222135852,0.6645410060882568,0.22663140296936035,100,53,5.3391,5.3391,1,1
500,11,24,22,-7.238654120554674e-15,0.0,0.0,0.7245340347290039,0.009877681732177734,-0.0,-0.0,1,1,0.024233179757167947,0.024233179757167947,0.6682958602905273,0.00866389274597168,100,10,0.02423,0.02423,1,1
500,12,96,58,1.1091709164236477e-10,0.0,0.0,0.6731939315795898,0.6185717582702637,0.0,0.0,1,1,0.07379459241955641,0.07379459241955641,0.6799561977386475,0.6867051124572754,100,76,0.07379,0.07379,1,1
500,13,24,9,5.7731597280497396e-15,0.0,0.0,0.6708633899688721,0.006873369216918945,0.0,0.0,1,1,0.08254790406790814,0.08254790406790814,0.6759071350097656,0.006226778030395508,100,6,0.08255,0.08255,1,1
500,14,66,3,-1.8919130307423812e-13,0.0,0.0,0.7629899978637695,0.198272705078125,-0.0,-0.0,1,1,0.032298926383960966,0.032298926383960966,0.7252566814422607,0.19414901733398438,100,51,0.0323,0.0323,1,1
500,15,25,72,2.000000000000193,2.2500000000097566,2.2500000000097566,0.6741828918457031,0.1616666316986084,2.0|6.5,2.0|6.5,2,2,2.357493237150718,2.357493237150718,0.668407678604126,0.1532459259033203,100,51,2.23959|6.4754,2.23959|6.4754,2,2
500,16,29,71,21.00000000000282,0.0,0.0,0.6709301471710205,0.3452787399291992,21.0,21.0,1,1,3.9931907744444786,3.9931907744444786,0.6658744812011719,0.3482801914215088,100,62,17.00681,17.00681,1,1
500,17,77,32,4.630617138038064e-14,0.0,0.0,0.6717581748962402,0.2337055206298828,0.0,0.0,1,1,0.2097373979606998,0.2097373979606998,0.7347128391265869,0.2374897003173828,100,54,-0.20974,-0.20974,1,1
500,18,65,24,-5.083967371037778e-14,0.0,0.0,0.6804754734039307,0.17355108261108398,-0.0,-0.0,1,1,0.13856108391618868,0.13856108391618868,0.6799747943878174,0.17144536972045898,100,50,0.13856,0.13856,1,1
500,19,65,30,4.380207342936621e-14,0.0,0.0,0.7331135272979736,0.18012428283691406,0.0,0.0,1,1,0.14401509362076445,0.14401509362076445,0.6653642654418945,0.1761767864227295,100,51,0.14402,0.14402,1,1
500,20,48,80,3.000000000006158,0.0,0.0,0.6744246482849121,0.4235260486602783,3.0,3.0,1,1,2.892079760659906,2.892079760659906,0.6818952560424805,0.42876482009887695,100,65,0.10792,0.10792,1,1
500,21,40,50,-9.386288795291051e-14,0.0,0.0,0.6738345623016357,0.07697844505310059,-0.0,-0.0,1,1,1.4780029284573222,1.4780029284573222,0.6712405681610107,0.06742978096008301,100,39,-1.478,-1.478,1,1
500,22,24,13,-1.660893644838925e-14,0.0,0.0,0.6788101196289062,0.007442951202392578,-0.0,-0.0,1,1,0.08554236765587059,0.08554236765587059,0.7297945022583008,0.006634712219238281,100,8,-0.08554,-0.08554,1,1
500,23,34,43,-3.337681008767928e-14,0.0,0.0,0.6685583591461182,0.01935124397277832,-0.0,-0.0,1,1,0.22912812375198313,0.22912812375198313,0.6728498935699463,0.018137454986572266,100,16,-0.22913,-0.22913,1,1
500,24,85,77,-1.3101761693558627e-10,0.0,0.0,0.7316648960113525,0.6156575679779053,-0.0,-0.0,1,1,0.30601739119812926,0.30601739119812926,0.6727104187011719,0.6155123710632324,100,72,-0.30602,-0.30602,1,1
500,25,91,60,-1.3372109040582037e-11,0.0,0.0,0.6718430519104004,0.47837066650390625,-0.0,-0.0,1,1,5.920971479959185,5.920971479959185,0.6713595390319824,0.528092622756958,100,66,-5.92097,-5.92097,1,1
500,26,60,17,-8.314861801447392e-16,0.0,0.0,0.6644024848937988,0.07526922225952148,-0.0,-0.0,1,1,0.04527267807027227,0.04527267807027227,0.6731526851654053,0.06767129898071289,100,31,0.04527,0.04527,1,1
500,27,71,44,1.2135229230749281e-12,0.0,0.0,0.6712605953216553,0.3511645793914795,0.0,0.0,1,1,0.13984209879383033,0.13984209879383033,0.7252063751220703,0.3455471992492676,100,62,-0.13984,-0.13984,1,1
500,28,36,83,1.000000000000644,0.0,0.0,0.6793093681335449,0.16805744171142578,1.0,1.0,1,1,2.3223093076869312,2.3223093076869312,0.6700625419616699,0.16654706001281738,100,50,-1.32231,-1.32231,1,1
500,29,47,32,-4.3840550559204535e-13,0.0,0.0,0.6736230850219727,0.021801233291625977,-0.0,-0.0,1,1,0.027841257337581176,0.027841257337581176,0.6657552719116211,0.020892620086669922,100,19,-0.02784,-0.02784,1,1
500,30,77,8,1.2618320057404493e-14,0.0,0.0,0.6722760200500488,0.29897403717041016,0.0,0.0,1,1,0.4603789248787771,0.4603789248787771,0.670943021774292,0.23678803443908691,100,54,-0.46038,-0.46038,1,1
500,31,76,81,5.337538132011589e-12,0.0,0.0,0.6705787181854248,0.294980525970459,0.0,0.0,1,1,1.7908008557724446,1.7908008557724446,0.6634125709533691,0.29505324363708496,100,60,-1.7908,-1.7908,1,1
500,32,18,84,96.00000000000001,0.0,0.0,0.7327580451965332,0.4851706027984619,96.0,96.0,1,1,7.895651612044944,7.895651612044944,0.6732134819030762,0.4727962017059326,100,68,103.89565,103.89565,1,1
500,33,68,61,1.9219576409364785e-12,0.0,0.0,0.6786890029907227,0.24985003471374512,0.0,0.0,1,1,0.1316144094628333,0.1316144094628333,0.6722211837768555,0.24676966667175293,100,55,-0.13161,-0.13161,1,1
500,34,4,40,10.99999999999896,4.000000000000147,4.000000000000147,0.6741588115692139,0.053133249282836914,3.0|11.0,3.0|11.0,2,2,4.182330853532752,4.182330853532752,0.6680471897125244,0.04504084587097168,100,27,3.17166|10.46368,3.17166|10.46368,2,2
500,35,42,88,1.0000000000000897,0.0,0.0,0.6824610233306885,0.13025927543640137,1.0,1.0,1,1,3.2520587962337597,3.2520587962337597,0.7273266315460205,0.1325056552886963,100,48,4.25206,4.25206,1,1
500,36,7,96,294.0000000009634,31.500000000002316,31.500000000002316,0.6634047031402588,0.6181998252868652,231.0|294.0,231.0|294.0,2,2,39.36212493987864,39.36212493987864,0.6801724433898926,0.6045482158660889,100,75,222.01848|287.25727,222.01848|287.25727,2,2
500,37,73,3,7.74021062740841e-14,0.0,0.0,0.6772325038909912,0.29325366020202637,0.0,0.0,1,1,0.036144166401603874,0.036144166401603874,0.673699140548706,0.2919037342071533,100,59,0.03614,0.03614,1,1
500,38,85,36,-9.329267984119543e-13,0.0,0.0,0.6700873374938965,0.5690255165100098,-0.0,-0.0,1,1,0.21550296828172777,0.21550296828172777,0.7427902221679688,0.5758919715881348,100,71,-0.2155,-0.2155,1,1
500,39,32,70,6.000000000030523,0.0,0.0,0.6747884750366211,0.27489423751831055,6.0,6.0,1,1,0.16972864192111103,0.16972864192111103,0.6690349578857422,0.27310681343078613,100,58,5.83027,5.83027,1,1
500,40,35,41,-3.311527297588495e-15,0.0,0.0,0.7287075519561768,0.02810978889465332,-0.0,-0.0,1,1,0.08462093383638747,0.08462093383638747,0.6775329113006592,0.027602672576904297,100,22,0.08462,0.08462,1,1
500,41,47,31,-7.523111263081168e-13,0.0,0.0,0.6795289516448975,0.020998001098632812,-0.0,-0.0,1,1,0.015166636504605506,0.015166636504605506,0.6849918365478516,0.021056413650512695,100,18,0.01517,0.01517,1,1
500,42,95,50,-1.0683822397093872e-13,0.0,0.0,0.6842775344848633,0.5839204788208008,-0.0,-0.0,1,1,0.18289434979928088,0.18289434979928088,0.6713650226593018,0.5813803672790527,100,72,-0.18289,-0.18289,1,1
500,43,11,63,3.0000000000000373,0.0,0.0,0.6772036552429199,0.08968997001647949,3.0,3.0,1,1,0.03615850782251684,0.03615850782251684,0.7163469791412354,0.0831446647644043,100,33,3.03616,3.03616,1,1
500,44,72,67,-1.109671134885927e-12,0.0,0.0,0.6721980571746826,0.17607641220092773,-0.0,-0.0,1,1,0.5470632884970091,0.5470632884970091,0.6725034713745117,0.17562484741210938,100,52,-0.54706,-0.54706,1,1
500,45,66,74,-1.6891435713091708e-11,0.0,0.0,0.7232568264007568,0.3105456829071045,-0.0,-0.0,1,1,1.0197379276914547,1.0197379276914547,0.669212818145752,0.3017919063568115,100,59,-1.01974,-1.01974,1,1
500,46,60,5,6.850312279601545e-15,0.0,0.0,0.6704750061035156,0.07358956336975098,0.0,0.0,1,1,0.19655224624038017,0.19655224624038017,0.670764684677124,0.06510257720947266,100,30,0.19655,0.19655,1,1
500,47,71,2,-8.819747991622187e-14,0.0,0.0,0.6816940307617188,0.34656739234924316,-0.0,-0.0,1,1,0.12605224309163773,0.12605224309163773,0.6756963729858398,0.3453514575958252,100,62,0.12605,0.12605,1,1
500,48,53,96,0.9999999999830937,0.0,0.0,0.6836357116699219,0.6070637702941895,1.0,1.0,1,1,1.533719693786323,1.533719693786323,0.7369213104248047,0.6083991527557373,100,75,2.53372,2.53372,1,1
500,49,24,11,-3.320972758487571e-16,0.0,0.0,0.6728577613830566,0.007182121276855469,-0.0,-0.0,1,1,0.07460923932553262,0.07460923932553262,0.6766600608825684,0.0062296390533447266,100,7,-0.07461,-0.07461,1,1
500,50,77,99,2.7686835952550535e-10,0.0,0.0,0.6641948223114014,0.7047278881072998,0.0,0.0,1,1,4.074935544959892,4.074935544959892,0.6680054664611816,0.6936485767364502,100,76,4.07494,4.07494,1,1
500,51,38,56,0.9999999999970263,0.0,0.0,0.7400951385498047,0.12198090553283691,1.0,1.0,1,1,0.5875528012155901,0.5875528012155901,0.6531038284301758,0.11983704566955566,100,46,0.41245,0.41245,1,1
500,52,27,36,2.7829590483938247e-14,1.8333333333330852,1.8333333333330852,0.680412769317627,0.015539169311523438,0.0|3.66667,0.0|3.66667,2,2,1.8481380864607853,1.8481380864607853,0.6747102737426758,0.01185154914855957,100,14,0.06115|3.63512,0.06115|3.63512,2,2
500,53,27,91,69.00000000000647,195.66666666664932,195.66666666664932,0.8149676322937012,0.5440888404846191,69.0|460.33333,69.0|460.33333,2,2,198.7218818498075,198.7218818498075,0.7650346755981445,0.5297284126281738,100,66,69.53478|465.90898,69.53478|465.90898,2,2
500,54,79,53,-5.94294625077413e-12,0.0,0.0,0.7837591171264648,0.5050971508026123,-0.0,-0.0,1,1,0.21687147858195036,0.21687147858195036,0.8295516967773438,0.458601713180542,100,66,-0.21687,-0.21687,1,1
500,55,63,61,-2.5288774962827063e-13,0.0,0.0,0.6711287498474121,0.18852949142456055,-0.0,-0.0,1,1,0.34496275108370444,0.34496275108370444,0.6750459671020508,0.1861586570739746,100,45,-0.34496,-0.34496,1,1
500,56,83,81,2.2921712379631632e-12,0.0,0.0,0.7302076816558838,0.30135011672973633,0.0,0.0,1,1,0.21345955318883586,0.21345955318883586,0.6689026355743408,0.301013708114624,100,59,0.21346,0.21346,1,1
500,57,100,67,-1.6453800129593655e-11,0.0,0.0,0.6779208183288574,0.5368006229400635,-0.0,-0.0,1,1,0.8348684116152852,0.8348684116152852,0.6707272529602051,0.594367265701294,100,70,-0.83487,-0.83487,1,1
500,58,66,39,9.098470641319861e-14,0.0,0.0,0.6735033988952637,0.19574499130249023,0.0,0.0,1,1,0.004876504271883311,0.004876504271883311,0.6697497367858887,0.195845365524292,100,51,-0.00488,-0.00488,1,1
500,59,27,34,-1.0386492619676083e-14,5.4761794522408295e-14,1.0952358904481659e-13,0.6810398101806641,0.01071023941040039,-0.0,-0.0,1,1,0.00620617005902845,0.003958307168491255,0.7413861751556396,0.009756326675415039,100,8,-0.00396|0.00845,-0.00396,2,1
500,60,52,23,1.1698649497914625e-13,0.0,0.0,0.6743972301483154,0.08918881416320801,0.0,0.0,1,1,0.047415778569181465,0.047415778569181465,0.6676986217498779,0.09709334373474121,100,36,0.04742,0.04742,1,1
500,61,33,95,14.999999999997533,0.0,0.0,0.7318267822265625,0.6547129154205322,15.0,15.0,1,1,6.190156964030603,6.190156964030603,0.7789626121520996,0.6575355529785156,100,72,8.80984,8.80984,1,1
500,62,29,84,43.00000000000481,0.0,0.0,0.7766432762145996,0.549006462097168,43.0,43.0,1,1,9.881694353564427,9.881694353564427,0.8232743740081787,0.5421311855316162,100,68,52.88169,52.88169,1,1
500,63,84,89,4.133307419845958e-11,0.0,0.0,0.6704409122467041,0.635004997253418,0.0,0.0,1,1,0.46658856321336284,0.46658856321336284,0.6765921115875244,0.6409835815429688,100,73,-0.46659,-0.46659,1,1
500,64,89,97,1.2595069714310467e-10,0.0,0.0,0.7474308013916016,0.8060553073883057,0.0,0.0,1,1,0.41997737948597647,0.41997737948597647,0.6778063774108887,0.8118937015533447,100,83,-0.41998,-0.41998,1,1
500,65,91,61,-5.063329696298209e-11,0.0,0.0,0.6819660663604736,0.48783254623413086,-0.0,-0.0,1,1,0.24685683093501964,0.24685683093501964,0.7215406894683838,0.4866037368774414,100,67,-0.24686,-0.24686,1,1
500,66,70,6,2.4085275225787905e-13,0.0,0.0,0.6704521179199219,0.27592015266418457,0.0,0.0,1,1,0.09194329178305989,0.09194329178305989,0.6623806953430176,0.27250242233276367,100,58,0.09194,0.09194,1,1
500,67,21,73,22.000000000001066,0.0,0.0,0.8096411228179932,0.3505258560180664,22.0,22.0,1,1,3.592792559954276,3.592792559954276,0.824030876159668,0.34633517265319824,100,59,18.40721,18.40721,1,1
500,68,69,89,1.1517558808736852e-11,0.0,0.0,0.7976372241973877,0.5331120491027832,0.0,0.0,1,1,0.04099000312075847,0.04099000312075847,0.8448982238769531,0.5235881805419922,100,65,0.04099,0.04099,1,1
500,69,84,56,6.0969019190648825e-12,0.0,0.0,0.7668685913085938,0.5424182415008545,0.0,0.0,1,1,0.34471582985664573,0.34471582985664573,0.7823290824890137,0.5542724132537842,100,68,0.34472,0.34472,1,1
500,70,56,39,1.6622282538880192e-14,0.0,0.0,0.7298691272735596,0.1264646053314209,0.0,0.0,1,1,0.003368965219758622,0.003368965219758622,0.6636881828308105,0.12033557891845703,100,46,0.00337,0.00337,1,1
500,71,25,95,25.000000000002164,26.750000000108912,26.750000000108912,0.6680386066436768,0.645998477935791,25.0|78.5,25.0|78.5,2,2,30.336968140488928,30.336968140488928,0.6779685020446777,0.5786428451538086,100,72,30.72999|79.94395,30.72999|79.94395,2,2
500,72,18,64,9.99999999999991,0.0,0.0,0.6724238395690918,0.13165283203125,10.0,10.0,1,1,1.3637449012746323,1.3637449012746323,0.6755125522613525,0.12795066833496094,100,47,11.36374,11.36374,1,1
500,73,5,37,1.1571672310245425e-13,0.0,0.0,0.7319133281707764,0.00666356086730957,0.0,0.0,1,1,0.04932762502121504,0.04932762502121504,0.6711759567260742,0.005584239959716797,100,4,-0.04933,-0.04933,1,1
500,74,37,19,-7.993605777300507e-15,0.0,0.0,0.678117036819458,0.008751869201660156,-0.0,-0.0,1,1,0.03286147994261585,0.03286147994261585,0.6744258403778076,0.007195472717285156,100,6,-0.03286,-0.03286,1,1
500,75,51,58,-5.399360545230334e-12,0.0,0.0,0.6753301620483398,0.04181790351867676,-0.0,-0.0,1,1,0.2698022481341805,0.2698022481341805,0.6593136787414551,0.0341496467590332,100,28,-0.2698,-0.2698,1,1
500,76,72,38,-1.569143204003001e-13,0.0,0.0,0.6687183380126953,0.1565232276916504,-0.0,-0.0,1,1,0.05064740164608205,0.05064740164608205,0.6813056468963623,0.2209320068359375,100,51,-0.05065,-0.05065,1,1
500,77,65,5,3.9243549467920984e-14,0.0,0.0,0.6731305122375488,0.17513799667358398,0.0,0.0,1,1,0.1266743281478223,0.1266743281478223,0.6671521663665771,0.17217707633972168,100,50,0.12667,0.12667,1,1
500,78,30,44,6.437648767974599e-14,0.0,0.0,0.6746277809143066,0.040209054946899414,0.0,0.0,1,1,0.6596198309779405,0.6596198309779405,0.7254018783569336,0.04085230827331543,100,25,0.65962,0.65962,1,1
500,79,1,41,5.92303983637521e-14,1.6689615038519752e-13,0.0,0.6758646965026855,0.006833076477050781,0.0,0.0,1,1,0.12305803503824658,0.06751446388078684,0.6754927635192871,0.006068229675292969,100,6,-0.1786|-0.06751,-0.06751,2,1
500,80,5,63,1.9999999999999036,0.0,0.0,0.7212240695953369,0.09125065803527832,2.0,2.0,1,1,0.0036914372399341477,0.0036914372399341477,0.6700685024261475,0.08602428436279297,100,33,1.99631,1.99631,1,1
500,81,9,22,-1.3056176657814197e-13,2.6218859765595388e-14,4.0550442572037346e-14,0.666778564453125,0.010457515716552734,-0.0,-0.0,1,1,0.02091929208327468,0.0011895196609777417,0.6927299499511719,0.008955001831054688,100,6,-0.00119|0.02086|0.04071,-0.00119,3,1
500,82,14,19,-1.3626406545843493e-15,0.0,0.0,0.676903247833252,0.0068056583404541016,-0.0,-0.0,1,1,0.03933111662493129,0.03933111662493129,0.6749842166900635,0.005926609039306641,100,4,0.03933,0.03933,1,1
500,83,69,81,4.840831191782896e-12,0.0,0.0,0.6736564636230469,0.2945060729980469,0.0,0.0,1,1,0.4004694817633919,0.4004694817633919,0.7264206409454346,0.29163551330566406,100,59,-0.40047,-0.40047,1,1
500,84,87,8,9.65713677066176e-12,0.0,0.0,0.6693789958953857,0.728569746017456,0.0,0.0,1,1,0.06095836167362231,0.06095836167362231,0.670706033706665,0.7278528213500977,100,74,-0.06096,-0.06096,1,1
500,85,80,52,4.85910201684472e-13,0.0,0.0,0.6725633144378662,0.4256932735443115,0.0,0.0,1,1,0.04669126028613698,0.04669126028613698,0.6709630489349365,0.4281349182128906,100,65,-0.04669,-0.04669,1,1
500,86,41,33,2.8865798640252265e-14,0.0,0.0,0.678856611251831,0.05371212959289551,0.0,0.0,1,1,0.036680672415384724,0.036680672415384724,0.7210798263549805,0.04292774200439453,100,28,0.03668,0.03668,1,1
500,87,95,17,1.9862402647201353e-13,0.0,0.0,0.6738789081573486,0.5855734348297119,0.0,0.0,1,1,0.05062602449307327,0.05062602449307327,0.6847836971282959,0.5830478668212891,100,72,-0.05063,-0.05063,1,1
500,88,57,54,-7.37900530933682e-14,0.0,0.0,0.7271084785461426,0.06392765045166016,-0.0,-0.0,1,1,0.04601507572668804,0.04601507572668804,0.6690840721130371,0.07023215293884277,100,37,-0.04602,-0.04602,1,1
500,89,45,31,6.700257788678705e-16,0.0,0.0,0.674281120300293,0.01585221290588379,0.0,0.0,1,1,0.0012698898856578738,0.0012698898856578738,0.6743175983428955,0.015029668807983398,100,16,-0.00127,-0.00127,1,1
500,90,44,71,2.9999999999987383,0.0,0.0,0.6702077388763428,0.3534221649169922,3.0,3.0,1,1,0.40328200169245365,0.40328200169245365,0.6701066493988037,0.3469243049621582,100,62,2.59672,2.59672,1,1
500,91,64,100,-7.372643407855856e-12,0.0,0.0,0.676781177520752,0.5523428916931152,-0.0,-0.0,1,1,2.1749621225270306,2.1749621225270306,0.7221982479095459,0.5401155948638916,100,71,-2.17496,-2.17496,1,1
500,92,88,25,4.088103765068934e-14,0.0,0.0,0.6797151565551758,0.13227057456970215,0.0,0.0,1,1,0.045694345249306774,0.045694345249306774,0.6769082546234131,0.1293473243713379,100,48,-0.04569,-0.04569,1,1
500,93,68,67,5.426080006098486e-12,0.0,0.0,0.6654052734375,0.2968778610229492,0.0,0.0,1,1,0.19739636896284737,0.19739636896284737,0.668405294418335,0.29912281036376953,100,59,0.1974,0.1974,1,1
500,94,59,61,5.261726922921256e-13,0.0,0.0,0.6805346012115479,0.1648387908935547,0.0,0.0,1,1,0.013938542194200564,0.013938542194200564,0.7374532222747803,0.1625528335571289,100,43,-0.01394,-0.01394,1,1
500,95,66,70,1.7808353245994802e-12,0.0,0.0,0.6642735004425049,0.3009209632873535,0.0,0.0,1,1,0.07416371736773789,0.07416371736773789,0.6717996597290039,0.2958509922027588,100,59,-0.07416,-0.07416,1,1
500,96,48,37,1.6057041836714545e-14,0.0,0.0,0.7336771488189697,0.048075199127197266,0.0,0.0,1,1,0.08827200504505549,0.08827200504505549,0.6693735122680664,0.051538705825805664,100,27,-0.08827,-0.08827,1,1
500,97,45,81,1.6890640681132264e-14,0.0,0.0,0.6804516315460205,0.27098965644836426,0.0,0.0,1,1,0.011642821428820923,0.011642821428820923,0.6628029346466064,0.26607322692871094,100,58,0.01164,0.01164,1,1
500,98,58,51,6.682665320294518e-13,0.0,0.0,0.6668283939361572,0.04168248176574707,0.0,0.0,1,1,0.2119601530365559,0.2119601530365559,0.6649553775787354,0.034224748611450195,100,28,0.21196,0.21196,1,1
500,99,74,58,-1.8971336775103325e-12,0.0,0.0,0.6707189083099365,0.2152547836303711,-0.0,-0.0,1,1,2.2989539816657465,2.2989539816657465,0.7355096340179443,0.21506237983703613,100,55,2.29895,2.29895,1,1
1000,0,46,99,56.00000000007605,0.0,0.0,0.6683804988861084,0.6759464740753174,56.0,56.0,1,1,24.034497043838805,24.034497043838805,0.6736254692077637,0.6614549160003662,100,75,31.9655,31.9655,1,1
1000,1,84,5,7.21238721419918e-13,0.0,0.0,0.7279300689697266,0.48737668991088867,0.0,0.0,1,1,0.08165432063185346,0.08165432063185346,0.6767041683197021,0.48554563522338867,100,68,0.08165,0.08165,1,1
1000,2,75,13,-1.0254222672411613e-13,0.0,0.0,0.673086404800415,0.1269986629486084,-0.0,-0.0,1,1,0.02168694496908996,0.02168694496908996,0.7351632118225098,0.11918473243713379,100,45,-0.02169,-0.02169,1,1
1000,3,27,44,6.276460832547774e-14,1.4999999999998903,1.4999999999998903,0.6703395843505859,0.03699493408203125,0.0|3.0,0.0|3.0,2,2,1.4962277895472473,1.4962277895472473,0.6749660968780518,0.03693056106567383,100,24,-0.01931|2.97314,-0.01931|2.97314,2,2
1000,4,48,67,-4.264511790418319e-14,0.0,0.0,0.6734111309051514,0.13144469261169434,-0.0,-0.0,1,1,0.08791578550549954,0.08791578550549954,0.739417552947998,0.12936854362487793,100,48,0.08792,0.08792,1,1
1000,5,39,78,2.0000000000015032,0.0,0.0,0.6729617118835449,0.2665703296661377,2.0,2.0,1,1,10.641929599340564,10.641929599340564,0.6622560024261475,0.2678103446960449,100,57,12.64193,12.64193,1,1
1000,6,64,17,-4.25666315894342e-14,0.0,0.0,0.6698119640350342,0.13194561004638672,-0.0,-0.0,1,1,0.036939462795157196,0.036939462795157196,0.6641485691070557,0.1255662441253662,100,47,-0.03694,-0.03694,1,1
1000,7,14,53,1.0000000000000233,0.0,0.0,0.6710684299468994,0.10221028327941895,1.0,1.0,1,1,0.01905178655473516,0.01905178655473516,0.7435927391052246,0.10759758949279785,100,38,0.98095,0.98095,1,1
1000,8,76,31,1.6339753196451777e-13,0.0,0.0,0.673102855682373,0.17282485961914062,0.0,0.0,1,1,0.05330667510479728,0.05330667510479728,0.6730985641479492,0.16999340057373047,100,46,0.05331,0.05331,1,1
1000,9,46,7,1.4430916779011135e-14,0.0,0.0,0.6744973659515381,0.02785515785217285,0.0,0.0,1,1,0.00525843977476665,0.00525843977476665,0.7315425872802734,0.02647113800048828,100,20,0.00526,0.00526,1,1
1000,10,41,82,7.00000000000156,0.0,0.0,0.6726789474487305,0.3891124725341797,7.0,7.0,1,1,0.5343821838472582,0.5343821838472582,0.6668992042541504,0.3929126262664795,100,63,7.53438,7.53438,1,1
1000,11,83,77,-3.876035103940926e-12,0.0,0.0,0.6713664531707764,0.29303693771362305,-0.0,-0.0,1,1,0.26126269701329946,0.26126269701329946,0.6730506420135498,0.29703617095947266,100,58,-0.26126,-0.26126,1,1
1000,12,51,75,-1.95402144077747e-11,0.0,0.0,0.6883320808410645,0.13395428657531738,-0.0,-0.0,1,1,0.4799399472046914,0.4799399472046914,0.7333252429962158,0.13294744491577148,100,47,-0.47994,-0.47994,1,1
1000,13,44,41,2.199949624180069e-15,0.0,0.0,0.6635663509368896,0.04513907432556152,0.0,0.0,1,1,0.09571361234509386,0.09571361234509386,0.6681497097015381,0.04664254188537598,100,26,-0.09571,-0.09571,1,1
1000,14,19,62,3.000000000000088,0.0,0.0,0.7391765117645264,0.18187904357910156,3.0,3.0,1,1,0.14909165478236464,0.14909165478236464,0.6683864593505859,0.17808914184570312,100,52,2.85091,2.85091,1,1
1000,15,9,53,13.99999999999913,2.5555555555560203,2.5555555555560203,0.6814954280853271,0.11275601387023926,14.0|17.33333|18.33333,14.0|17.33333|18.33333,3,3,2.742590624887026,2.742590624887026,0.6661524772644043,0.10437750816345215,100,38,14.37726|17.3888|18.46171,14.37726|17.3888|18.46171,3,3
1000,16,42,84,8.000000000001359,0.0,0.0,0.6709306240081787,0.4832332134246826,8.0,8.0,1,1,1.5869222312853317,1.5869222312853317,0.6768102645874023,0.4846203327178955,100,68,6.41308,6.41308,1,1
1000,17,76,38,6.163137252490729e-14,0.0,0.0,0.6803364753723145,0.17500901222229004,0.0,0.0,1,1,0.09173956941813041,0.09173956941813041,0.7213597297668457,0.16714239120483398,100,46,-0.09174,-0.09174,1,1
1000,18,49,100,6.000000000000604,0.0,0.0,0.669445276260376,0.5369961261749268,6.0,6.0,1,1,2.5558756499381055,2.5558756499381055,0.6773936748504639,0.5355877876281738,100,70,3.44412,3.44412,1,1
1000,19,64,14,1.0220262864450824e-14,0.0,0.0,0.7203571796417236,0.13335371017456055,0.0,0.0,1,1,0.02706344689552749,0.02706344689552749,0.6684117317199707,0.12721753120422363,100,47,-0.02706,-0.02706,1,1
1000,20,55,85,6.000000000003262,0.0,0.0,0.6793816089630127,0.5749092102050781,6.0,6.0,1,1,2.9422891799475854,2.9422891799475854,0.6805200576782227,0.6358475685119629,100,71,8.94229,8.94229,1,1
1000,21,89,52,-1.2313722808574615e-11,0.0,0.0,0.6725220680236816,0.4280226230621338,-0.0,-0.0,1,1,0.10612966500609612,0.10612966500609612,0.6772294044494629,0.43292689323425293,100,64,0.10613,0.10613,1,1
1000,22,39,78,2.0000000000015032,0.0,0.0,0.736912727355957,0.2597317695617676,2.0,2.0,1,1,4.658416706146436,4.658416706146436,0.6630773544311523,0.26027846336364746,100,57,6.65842,6.65842,1,1
1000,23,80,47,-1.1374713061923229e-12,0.0,0.0,0.6728873252868652,0.43028974533081055,-0.0,-0.0,1,1,0.1298625226880003,0.1298625226880003,0.6778709888458252,0.42838048934936523,100,65,-0.12986,-0.12986,1,1
1000,24,22,19,-1.1969272505945712e-15,0.0,0.0,0.6712307929992676,0.010867595672607422,-0.0,-0.0,1,1,0.03829339893077195,0.03829339893077195,0.6709680557250977,0.009359359741210938,100,8,0.03829,0.03829,1,1
1000,25,22,23,-1.4779844015323687e-14,0.0,0.0,0.6785905361175537,0.008793830871582031,-0.0,-0.0,1,1,0.004222469025512821,0.004222469025512821,0.7230668067932129,0.007786750793457031,100,7,0.00422,0.00422,1,1
1000,26,1,55,27.00000000000079,8.999999999997488,8.999999999997488,0.6699748039245605,0.07781648635864258,9.0|27.0,9.0|27.0,2,2,8.68827516930849,8.68827516930849,0.6816520690917969,0.08201837539672852,100,39,9.93101|26.69244,9.93101|26.69244,2,2
1000,27,92,50,2.548968104864273e-11,0.0,0.0,0.7315671443939209,0.7292320728302002,0.0,0.0,1,1,0.006537939888294308,0.006537939888294308,0.6722276210784912,0.727947473526001,100,78,0.00654,0.00654,1,1
1000,28,15,10,0.0,0.0,0.0,0.6679868698120117,0.004619598388671875,0.0,0.0,1,1,7.160196650505941e-05,7.160196650505941e-05,0.7280516624450684,0.011252403259277344,100,2,-7e-05,-7e-05,1,1
1000,29,96,87,2.0165963777914603e-09,0.0,0.0,0.6669485569000244,0.9428820610046387,0.0,0.0,1,1,0.17299484068166596,0.17299484068166596,0.6800973415374756,0.9342832565307617,100,84,0.17299,0.17299,1,1
1000,30,56,60,4.700530142819704e-13,0.0,0.0,0.7329776287078857,0.15422844886779785,0.0,0.0,1,1,0.23336131695947043,0.23336131695947043,0.6682000160217285,0.15272998809814453,100,49,-0.23336,-0.23336,1,1
1000,31,58,54,1.5144494045142054e-12,0.0,0.0,0.6696774959564209,0.06889772415161133,0.0,0.0,1,1,0.18954011514778155,0.18954011514778155,0.6753804683685303,0.07620835304260254,100,38,-0.18954,-0.18954,1,1
1000,32,36,92,42.0000000000139,0.0,0.0,0.6761388778686523,0.7320806980133057,42.0,42.0,1,1,7.720720666408482,7.720720666408482,0.6767141819000244,0.7250187397003174,100,78,49.72072,49.72072,1,1
1000,33,45,39,-1.0812837284287878e-16,0.0,0.0,0.7232615947723389,0.008894681930541992,-0.0,-0.0,1,1,0.02894192363680658,0.02894192363680658,0.6743803024291992,0.00793766975402832,100,7,-0.02894,-0.02894,1,1
1000,34,59,20,8.362158840088982e-15,0.0,0.0,0.6748266220092773,0.06239819526672363,0.0,0.0,1,1,0.066859957737939,0.066859957737939,0.6756930351257324,0.06898117065429688,100,30,-0.06686,-0.06686,1,1
1000,35,42,54,1.0000000000000207,0.0,0.0,0.6844131946563721,0.06801104545593262,1.0,1.0,1,1,0.20537259401294095,0.20537259401294095,0.6834001541137695,0.06148409843444824,100,36,0.79463,0.79463,1,1
1000,36,24,10,-2.934827887005794e-15,0.0,0.0,0.6811192035675049,0.007465839385986328,-0.0,-0.0,1,1,2.5427336173285358e-05,2.5427336173285358e-05,0.730701208114624,0.0063076019287109375,100,7,3e-05,3e-05,1,1
1000,37,21,66,13.000000000000622,0.0,0.0,0.6620185375213623,0.19650006294250488,13.0,13.0,1,1,10.838256119081066,10.838256119081066,0.6719858646392822,0.1931777000427246,100,51,2.16174,2.16174,1,1
1000,38,22,97,247.00000000001154,0.0,0.0,0.743497371673584,0.788569450378418,247.0,247.0,1,1,0.3671402263069865,0.3671402263069865,0.6683032512664795,0.7987945079803467,100,82,247.36714,247.36714,1,1
1000,39,49,90,9.00000000000021,0.0,0.0,0.6712393760681152,0.45383286476135254,9.0,9.0,1,1,1.8842695955872113,1.8842695955872113,0.6677987575531006,0.379549503326416,100,64,10.88427,10.88427,1,1
1000,40,93,81,-1.2020506759576122e-10,0.0,0.0,0.6690897941589355,0.7133119106292725,-0.0,-0.0,1,1,0.19662044802934697,0.19662044802934697,0.7657580375671387,0.7022354602813721,100,71,0.19662,0.19662,1,1
1000,41,43,3,7.311070940571041e-16,0.0,0.0,0.8644857406616211,0.027573347091674805,0.0,0.0,1,1,0.07060387164681985,0.07060387164681985,0.7896451950073242,0.0205686092376709,100,13,0.0706,0.0706,1,1
1000,42,69,87,4.158234118690504e-11,0.0,0.0,0.8169314861297607,0.7686581611633301,0.0,0.0,1,1,1.1295184537316285,1.1295184537316285,0.7144315242767334,0.8441915512084961,100,75,1.12952,1.12952,1,1
1000,43,36,72,1.000000000000333,0.0,0.0,0.7041788101196289,0.19147133827209473,1.0,1.0,1,1,0.11567647978363227,0.11567647978363227,0.7888102531433105,0.18825769424438477,100,51,1.11568,1.11568,1,1
1000,44,24,66,6.999999999999754,0.0,0.0,0.8504705429077148,0.22390437126159668,7.0,7.0,1,1,0.2984977482743867,0.2984977482743867,0.7532415390014648,0.22986173629760742,100,51,7.2985,7.2985,1,1
1000,45,23,88,1.0000000000000613,0.0,0.0,0.7652769088745117,0.1278853416442871,1.0,1.0,1,1,0.7743685747253493,0.7743685747253493,0.7423522472381592,0.13406705856323242,100,48,0.22563,0.22563,1,1
1000,46,24,89,21.99999999999904,0.0,0.0,0.6760444641113281,0.4356689453125,22.0,22.0,1,1,0.8757668563347458,0.8757668563347458,0.6756749153137207,0.4332695007324219,100,64,22.87577,22.87577,1,1
1000,47,52,23,1.1698649497914625e-13,0.0,0.0,0.6780309677124023,0.08859658241271973,0.0,0.0,1,1,0.08158934038897732,0.08158934038897732,0.7310919761657715,0.09428238868713379,100,36,-0.08159,-0.08159,1,1
1000,48,88,65,-1.384373611575327e-12,0.0,0.0,0.6738982200622559,0.23694729804992676,-0.0,-0.0,1,1,0.0770159169447768,0.0770159169447768,0.6719274520874023,0.23508262634277344,100,57,0.07702,0.07702,1,1
1000,49,88,32,-1.0135340817360277e-13,0.0,0.0,0.7416126728057861,0.1339719295501709,-0.0,-0.0,1,1,0.1216804331806586,0.1216804331806586,0.6639626026153564,0.12877154350280762,100,48,0.12168,0.12168,1,1
1000,50,32,84,39.00000000013848,0.0,0.0,0.6742312908172607,0.4822995662689209,39.0,39.0,1,1,3.5491934930166735,3.5491934930166735,0.6817121505737305,0.48477721214294434,100,68,35.45081,35.45081,1,1
1000,51,78,15,7.846472077789717e-14,0.0,0.0,0.6774051189422607,0.2616596221923828,0.0,0.0,1,1,0.08745560460646955,0.08745560460646955,0.6663243770599365,0.26307249069213867,100,57,-0.08746,-0.08746,1,1
1000,52,85,59,-3.959971376564649e-11,0.0,0.0,0.6778748035430908,0.5823214054107666,-0.0,-0.0,1,1,0.07069674314489266,0.07069674314489266,0.7209055423736572,0.5780136585235596,100,71,-0.0707,-0.0707,1,1
1000,53,42,21,-1.0585339526591015e-14,0.0,0.0,0.678544282913208,0.01734614372253418,-0.0,-0.0,1,1,0.1073433676736718,0.1073433676736718,0.6703026294708252,0.016152381896972656,100,15,-0.10734,-0.10734,1,1
1000,54,92,77,4.371189942868592e-11,0.0,0.0,0.6706933975219727,0.7303471565246582,0.0,0.0,1,1,0.25621804232226053,0.25621804232226053,0.66375732421875,0.7388231754302979,100,78,0.25622,0.25622,1,1
1000,55,48,92,18.999999999996415,0.0,0.0,0.6807618141174316,0.734912633895874,19.0,19.0,1,1,7.007702587516658,7.007702587516658,0.7285017967224121,0.7338912487030029,100,78,26.0077,26.0077,1,1
1000,56,23,86,31.000000000001656,0.0,0.0,0.6736648082733154,0.6726934909820557,31.0,31.0,1,1,9.529473050229683,9.529473050229683,0.6764459609985352,0.6717407703399658,100,73,21.47053,21.47053,1,1
1000,57,25,60,8.70414851306144e-14,0.7500000000032756,0.7500000000032756,0.6774787902832031,0.07641959190368652,0.0|1.5,0.0|1.5,2,2,0.7940101446343256,0.7940101446343256,0.6682929992675781,0.0680844783782959,100,31,0.0603|1.52772,0.0603|1.52772,2,2
1000,58,63,42,5.113666328883317e-14,0.0,0.0,0.6711740493774414,0.10718321800231934,0.0,0.0,1,1,0.03443173102926739,0.03443173102926739,0.7238037586212158,0.10708427429199219,100,37,0.03443,0.03443,1,1
1000,59,93,62,-1.9714901425395987e-11,0.0,0.0,0.6777825355529785,0.6044325828552246,-0.0,-0.0,1,1,0.5704323857919756,0.5704323857919756,0.6768379211425781,0.6145918369293213,100,72,-0.57043,-0.57043,1,1
1000,60,65,35,2.3224736888756345e-13,0.0,0.0,0.6608583927154541,0.17506933212280273,0.0,0.0,1,1,0.009959642601655069,0.009959642601655069,0.6710450649261475,0.17189860343933105,100,50,-0.00996,-0.00996,1,1
1000,61,66,51,-2.8518129502890235e-13,0.0,0.0,0.6756088733673096,0.2127230167388916,-0.0,-0.0,1,1,0.17686365848802468,0.17686365848802468,0.7280378341674805,0.20531702041625977,100,53,-0.17686,-0.17686,1,1
1000,62,60,13,-1.5656506823861737e-14,0.0,0.0,0.6827552318572998,0.07206368446350098,-0.0,-0.0,1,1,0.054331728478224074,0.054331728478224074,0.6711182594299316,0.06642961502075195,100,30,-0.05433,-0.05433,1,1
1000,63,1,90,322.0000000000109,109.49999999996938,109.49999999996938,0.7423202991485596,0.39244723320007324,103.0|322.0,103.0|322.0,2,2,108.38194761913908,108.38194761913908,0.6727838516235352,0.38169121742248535,100,64,113.84801|330.61191,113.84801|330.61191,2,2
1000,64,30,12,3.856070121398823e-16,0.0,0.0,0.6745052337646484,0.01312875747680664,0.0,0.0,1,1,0.02742557840796674,0.02742557840796674,0.6726555824279785,0.011922121047973633,100,12,0.02743,0.02743,1,1
1000,65,48,89,3.0000000000045715,0.0,0.0,0.6717796325683594,0.433368444442749,3.0,3.0,1,1,1.1466538214076554,1.1466538214076554,0.668877124786377,0.4350597858428955,100,64,1.85335,1.85335,1,1
1000,66,12,33,5.817568649036557e-14,1.8749999999999964,1.8749999999999964,0.6695413589477539,0.03702402114868164,0.0|3.75,0.0|3.75,2,2,1.9610733836635934,1.9610733836635934,0.7256278991699219,0.04309797286987305,100,26,-0.17804|3.74411,-0.17804|3.74411,2,2
1000,67,80,47,-1.1374713061923229e-12,0.0,0.0,0.6694073677062988,0.4307389259338379,-0.0,-0.0,1,1,0.04230037488382334,0.04230037488382334,0.6686446666717529,0.4237091541290283,100,65,-0.0423,-0.0423,1,1
1000,68,16,37,-2.7783331191258464e-14,0.0,0.0,0.7288994789123535,0.007035493850708008,-0.0,-0.0,1,1,0.006431487746153817,0.006431487746153817,0.6780209541320801,0.006028652191162109,100,7,0.00643,0.00643,1,1
1000,69,61,28,1.0563839266080591e-13,0.0,0.0,0.667686939239502,0.06699156761169434,0.0,0.0,1,1,0.1521093062856223,0.1521093062856223,0.676100492477417,0.0719146728515625,100,37,-0.15211,-0.15211,1,1
1000,70,54,27,1.0359026540461087e-14,0.0,0.0,0.6773185729980469,0.05992317199707031,0.0,0.0,1,1,0.12501072100204927,0.12501072100204927,0.6660213470458984,0.06696748733520508,100,36,-0.12501,-0.12501,1,1
1000,71,96,11,-6.745896138089599e-12,0.0,0.0,0.6848719120025635,0.606555700302124,-0.0,-0.0,1,1,0.007277855369172882,0.007277855369172882,0.7340407371520996,0.6095516681671143,100,75,-0.00728,-0.00728,1,1
1000,72,67,16,1.0400973231291045e-13,0.0,0.0,0.6821026802062988,0.10207796096801758,0.0,0.0,1,1,0.04683188273794773,0.04683188273794773,0.6669247150421143,0.10012316703796387,100,43,0.04683,0.04683,1,1
1000,73,33,4,8.177301075458455e-15,0.0,0.0,0.7307443618774414,0.03646254539489746,0.0,0.0,1,1,0.0143057904095738,0.0143057904095738,0.6677556037902832,0.03505063056945801,100,25,0.01431,0.01431,1,1
1000,74,90,41,8.180571504868795e-13,0.0,0.0,0.6626033782958984,0.4539604187011719,0.0,0.0,1,1,0.05970511125519271,0.05970511125519271,0.675260066986084,0.37726402282714844,100,64,0.05971,0.05971,1,1
1000,75,42,60,7.827618334931678e-14,0.0,0.0,0.6722896099090576,0.07639265060424805,0.0,0.0,1,1,0.03105108863945599,0.03105108863945599,0.670846700668335,0.08312845230102539,100,33,-0.03105,-0.03105,1,1
1000,76,71,32,2.099965029503768e-13,0.0,0.0,0.7451679706573486,0.34848785400390625,0.0,0.0,1,1,0.025848108992347702,0.025848108992347702,0.6612870693206787,0.34914231300354004,100,62,-0.02585,-0.02585,1,1
1000,77,2,15,2.6459716805080708e-14,1.798602863903907e-28,0.0,0.675177812576294,0.004594564437866211,0.0,0.0,1,1,0.013562609210952963,0.008515974203283266,0.6626126766204834,0.0038073062896728516,100,2,0.00852|0.01861,0.00852,2,1
1000,78,46,59,2.3137047833187463e-12,0.0,0.0,0.666271448135376,0.10913252830505371,0.0,0.0,1,1,0.46050878663490097,0.46050878663490097,0.6698243618011475,0.10550737380981445,100,38,0.46051,0.46051,1,1
1000,79,71,30,3.12412476430246e-13,0.0,0.0,0.6641809940338135,0.41524243354797363,0.0,0.0,1,1,0.05528086449121487,0.05528086449121487,0.6746466159820557,0.3434164524078369,100,62,0.05528,0.05528,1,1
1000,80,100,46,-2.3032935855423982e-11,0.0,0.0,0.6675765514373779,0.5337598323822021,-0.0,-0.0,1,1,0.04483929272732147,0.04483929272732147,0.672844409942627,0.532480001449585,100,70,-0.04484,-0.04484,1,1
1000,81,44,87,14.99999999999877,0.0,0.0,0.7399475574493408,0.7348778247833252,15.0,15.0,1,1,16.44081834139985,16.44081834139985,0.6848645210266113,0.7309818267822266,100,74,-1.44082,-1.44082,1,1
1000,82,71,72,1.7141977361217232e-11,0.0,0.0,0.6682970523834229,0.37488341331481934,0.0,0.0,1,1,0.5922279824645595,0.5922279824645595,0.7410447597503662,0.36737585067749023,100,63,-0.59223,-0.59223,1,1
1000,83,6,14,-4.328615927704179e-16,1.0821539819259236e-16,2.1643079638518473e-16,0.6632876396179199,0.004462003707885742,-0.0,-0.0,1,1,0.008640290806929669,0.006229480947600774,0.6740767955780029,0.003739595413208008,100,2,-0.01105|-0.00623,-0.00623,2,1
1000,84,74,58,-1.8971336775103325e-12,0.0,0.0,0.7363193035125732,0.2203381061553955,-0.0,-0.0,1,1,0.909649014106436,0.909649014106436,0.6679844856262207,0.21682453155517578,100,55,0.90965,0.90965,1,1
1000,85,87,95,-1.05687788681158e-09,0.0,0.0,0.6761586666107178,0.7467036247253418,-0.0,-0.0,1,1,0.17252220172480395,0.17252220172480395,0.6637222766876221,0.7340340614318848,100,75,0.17252,0.17252,1,1
1000,86,37,73,11.999999999997142,0.0,0.0,0.6674566268920898,0.29481935501098633,12.0,12.0,1,1,1.1922252051988043,1.1922252051988043,0.6762688159942627,0.29326629638671875,100,59,10.80777,10.80777,1,1
1000,87,28,29,-1.0658141036401892e-14,0.0,0.0,0.6818201541900635,0.014620542526245117,-0.0,-0.0,1,1,0.0524137721980274,0.0524137721980274,0.7208545207977295,0.013242244720458984,100,12,-0.05241,-0.05241,1,1
1000,88,38,48,0.9999999999994568,0.0,0.0,0.6721270084381104,0.0456695556640625,1.0,1.0,1,1,0.6383161982004971,0.6383161982004971,0.6780548095703125,0.04389023780822754,100,26,1.63832,1.63832,1,1
1000,89,1,58,10.000000000000462,3.4999999999987206,3.4999999999987206,0.7206234931945801,0.036391496658325195,3.0|10.0,3.0|10.0,2,2,3.618294030274524,3.618294030274524,0.6756079196929932,0.042066097259521484,100,23,2.81832|10.05491,2.81832|10.05491,2,2
1000,90,84,78,-2.624410355023243e-11,0.0,0.0,0.6733417510986328,0.537041187286377,-0.0,-0.0,1,1,1.1806043442637824,1.1806043442637824,0.6745686531066895,0.5327844619750977,100,70,-1.1806,-1.1806,1,1
1000,91,23,85,20.000000000000988,0.0,0.0,0.6707680225372314,0.5755190849304199,20.0,20.0,1,1,14.439627548926957,14.439627548926957,0.6741557121276855,0.5778987407684326,100,71,34.43963,34.43963,1,1
1000,92,20,22,-6.017684240753864e-15,1.7591245687393612e-14,3.5182491374787224e-14,0.7316951751708984,0.009936094284057617,0.0,0.0,1,1,0.019450306702179843,0.017199243768986048,0.667729377746582,0.008907079696655273,100,6,0.0172|0.0217,0.0172,2,1
1000,93,60,18,-5.2629295720524975e-15,0.0,0.0,0.6747546195983887,0.05240964889526367,-0.0,-0.0,1,1,0.021151083318620357,0.021151083318620357,0.6653718948364258,0.042705535888671875,100,30,-0.02115,-0.02115,1,1
1000,94,40,75,1.0000000000001152,0.0,0.0,0.6621906757354736,0.14420294761657715,1.0,1.0,1,1,0.588972712579662,0.588972712579662,0.7316434383392334,0.1479356288909912,100,45,1.58897,1.58897,1,1
1000,95,58,5,-1.2690864814590042e-14,0.0,0.0,0.8058257102966309,0.04463052749633789,-0.0,-0.0,1,1,0.03999505525288499,0.03999505525288499,0.8935613632202148,0.04887843132019043,100,24,0.04,0.04,1,1
1000,96,15,91,84.00000000000345,0.0,0.0,0.8126099109649658,0.562920331954956,84.0,84.0,1,1,1.221879524071781,1.221879524071781,0.8080778121948242,0.5453190803527832,100,66,85.22188,85.22188,1,1
1000,97,5,96,101.00000000040808,0.0,0.0,0.8382930755615234,1.230187177658081,101.0,101.0,1,1,0.7211472910346259,0.7211472910346259,1.2197468280792236,1.2237021923065186,100,75,101.72115,101.72115,1,1
1000,98,51,76,-1.6676840786877567e-11,0.0,0.0,1.7402465343475342,0.462904691696167,-0.0,-0.0,1,1,0.1593836069399609,0.1593836069399609,1.6764492988586426,0.559450626373291,100,48,-0.15938,-0.15938,1,1
1000,99,93,1,-2.7043592579011464e-12,0.0,0.0,1.3785533905029297,1.3456480503082275,-0.0,-0.0,1,1,0.07745822710068799,0.07745822710068799,1.3413455486297607,1.285735845565796,100,71,0.07746,0.07746,1,1
2500,0,43,8,-3.4063660982815895e-16,0.0,0.0,1.700875997543335,0.024147748947143555,-0.0,-0.0,1,1,0.08052818485036765,0.08052818485036765,1.6701867580413818,0.019705772399902344,100,12,-0.08053,-0.08053,1,1
2500,1,8,65,45.00000000000143,9.124999999996799,9.124999999996799,1.3985741138458252,0.3339688777923584,15.5|45.0|46.5|50.5,15.5|45.0|46.5|50.5,4,4,9.24566677025258,9.24566677025258,1.3299767971038818,0.31030964851379395,100,50,15.75551|45.5605|46.42847|50.7492,15.75551|45.5605|46.42847|50.7492,4,4
2500,2,68,80,1.0000000000238265,0.0,0.0,1.5388402938842773,0.735741138458252,1.0,1.0,1,1,0.9076025885656027,0.9076025885656027,1.2807135581970215,0.8628876209259033,100,65,1.9076,1.9076,1,1
2500,3,80,91,1.3114424959262744e-10,0.0,0.0,1.4923896789550781,0.9785549640655518,0.0,0.0,1,1,0.143574728754427,0.143574728754427,1.5117864608764648,0.9052577018737793,100,69,0.14357,0.14357,1,1
2500,4,34,33,-5.364130192662742e-14,0.0,0.0,1.2656526565551758,0.06673979759216309,-0.0,-0.0,1,1,0.006488106739205209,0.006488106739205209,1.2079145908355713,0.06599092483520508,100,27,0.00649,0.00649,1,1
2500,5,98,22,-3.0631346450337203e-13,0.0,0.0,1.2124803066253662,0.4254488945007324,-0.0,-0.0,1,1,0.06603995681100748,0.06603995681100748,1.3111345767974854,0.40670061111450195,100,58,0.06604,0.06604,1,1
2500,6,73,88,4.952979096978671e-12,0.0,0.0,1.3523542881011963,0.6259357929229736,0.0,0.0,1,1,0.09567046936987857,0.09567046936987857,1.3494365215301514,0.7473750114440918,100,62,-0.09567,-0.09567,1,1
2500,7,53,47,-6.698183977388884e-15,0.0,0.0,1.443830966949463,0.14952850341796875,-0.0,-0.0,1,1,0.16473584989389672,0.16473584989389672,1.3574175834655762,0.11825180053710938,100,40,0.16474,0.16474,1,1
2500,8,82,30,1.8574210073044302e-13,0.0,0.0,1.5756266117095947,0.8182985782623291,0.0,0.0,1,1,0.009754077019420632,0.009754077019420632,1.3391931056976318,0.8749959468841553,100,64,-0.00975,-0.00975,1,1
2500,9,37,28,-2.7679596159629603e-14,0.0,0.0,1.4836208820343018,0.021170377731323242,-0.0,-0.0,1,1,0.021332898047696416,0.021332898047696416,1.2637476921081543,0.023340463638305664,100,10,0.02133,0.02133,1,1
2500,10,83,75,-1.2727818607653845e-12,0.0,0.0,1.5033187866210938,0.41115546226501465,-0.0,-0.0,1,1,0.017384833516468655,0.017384833516468655,1.3644073009490967,0.4675924777984619,100,55,0.01738,0.01738,1,1
2500,11,76,52,1.262379181813044e-12,0.0,0.0,1.3873393535614014,0.3517274856567383,0.0,0.0,1,1,0.056980566561744814,0.056980566561744814,1.568000078201294,0.39890408515930176,100,46,-0.05698,-0.05698,1,1
2500,12,35,20,-6.402924167880644e-15,0.0,0.0,1.129819393157959,0.04626345634460449,-0.0,-0.0,1,1,0.03950495108212845,0.03950495108212845,1.234220266342163,0.038873910903930664,100,19,-0.0395,-0.0395,1,1
2500,13,38,82,11.999999999977161,0.0,0.0,1.4443323612213135,0.867448091506958,12.0,12.0,1,1,2.82671770614097,2.82671770614097,1.3963346481323242,0.7626631259918213,100,63,14.82672,14.82672,1,1
2500,14,36,18,2.2705312984815906e-16,0.0,0.0,1.3344323635101318,0.03408098220825195,0.0,0.0,1,1,0.017976666172929066,0.017976666172929066,1.3312437534332275,0.061860084533691406,100,16,0.01798,0.01798,1,1
2500,15,51,15,1.267835965411945e-13,0.0,0.0,1.616056203842163,0.023337841033935547,0.0,0.0,1,1,0.00091851670885797,0.00091851670885797,1.3108060359954834,0.027921676635742188,100,13,0.00092,0.00092,1,1
2500,16,16,92,497.00000000003513,0.0,0.0,1.3546876907348633,1.4447407722473145,497.0,497.0,1,1,0.7112063574723493,0.7112063574723493,1.2712481021881104,1.4000270366668701,100,78,497.71121,497.71121,1,1
2500,17,60,74,-1.2719470866632299e-12,0.0,0.0,1.1761584281921387,0.5223531723022461,-0.0,-0.0,1,1,0.02470584823325171,0.02470584823325171,1.3151977062225342,0.4199509620666504,100,55,0.02471,0.02471,1,1
2500,18,48,55,1.7185781655248508e-13,0.0,0.0,1.401545524597168,0.21015453338623047,0.0,0.0,1,1,0.07244530279677722,0.07244530279677722,1.3460464477539062,0.2362971305847168,100,42,0.07245,0.07245,1,1
2500,19,42,66,2.0000000000004476,0.0,0.0,1.8864991664886475,0.5532515048980713,2.0,2.0,1,1,4.78911202031029,4.78911202031029,1.891228199005127,0.5314338207244873,100,51,-2.78911,-2.78911,1,1
2500,20,20,9,-8.85378257505271e-15,3.516422688283639e-14,7.032845376567278e-14,1.8265376091003418,0.01305389404296875,0.0,0.0,1,1,0.01254998292403433,0.0064900614599839816,2.0563178062438965,0.012302398681640625,100,2,-0.01861|-0.00649,-0.00649,2,1
2500,21,94,55,3.776139019645967e-11,0.0,0.0,1.4607224464416504,1.1124413013458252,0.0,0.0,1,1,0.1751503770244158,0.1751503770244158,1.5283892154693604,1.0761253833770752,100,69,0.17515,0.17515,1,1
2500,22,78,33,2.27568942982993e-13,0.0,0.0,1.5543394088745117,0.665294885635376,0.0,0.0,1,1,0.009012619755051916,0.009012619755051916,1.748408555984497,0.7179319858551025,100,57,-0.00901,-0.00901,1,1
2500,23,43,97,39.99999999998919,0.0,0.0,1.467869520187378,2.481800079345703,40.0,40.0,1,1,57.691881305128526,57.691881305128526,2.0345458984375,1.9568829536437988,100,82,97.69188,97.69188,1,1
2500,24,99,64,-2.4892089703284507e-10,0.0,0.0,1.3809149265289307,1.3477084636688232,-0.0,-0.0,1,1,0.24495516631306147,0.24495516631306147,1.582470178604126,1.5962185859680176,100,76,0.24496,0.24496,1,1
2500,25,60,93,7.999999999978085,0.0,0.0,1.786902666091919,1.8572964668273926,8.0,8.0,1,1,3.7859920515159295,3.7859920515159295,2.038675546646118,1.5442068576812744,100,71,11.78599,11.78599,1,1
2500,26,72,4,-8.975457251095313e-14,0.0,0.0,1.2425768375396729,0.37732791900634766,-0.0,-0.0,1,1,0.04126803171649262,0.04126803171649262,1.31986665725708,0.384366512298584,100,51,0.04127,0.04127,1,1
2500,27,43,91,16.99999999999268,0.0,0.0,1.3262934684753418,1.040013074874878,17.0,17.0,1,1,5.389458309332014,5.389458309332014,1.2104251384735107,0.7724993228912354,100,66,11.61054,11.61054,1,1
2500,28,89,5,-2.9957140236039346e-13,0.0,0.0,1.6612164974212646,1.1446905136108398,-0.0,-0.0,1,1,0.016886549369487493,0.016886549369487493,1.5860366821289062,1.1508395671844482,100,64,0.01689,0.01689,1,1
2500,29,3,52,6.000000000002619,1.0000000000000426,1.0000000000000426,1.6164500713348389,0.2261486053466797,4.0|6.0,4.0|6.0,2,2,1.028526789840567,1.028526789840567,1.459444522857666,0.23055815696716309,100,34,3.98932|6.04638,3.98932|6.04638,2,2
2500,30,2,15,2.6459716805080708e-14,1.798602863903907e-28,0.0,1.399488925933838,0.012154340744018555,0.0,0.0,1,1,0.005454772863357424,0.003922525084846916,1.4989619255065918,0.006029367446899414,100,2,0.00392|0.00699,0.00392,2,1
2500,31,100,21,-5.812706771374908e-12,0.0,0.0,1.461503505706787,1.1383967399597168,-0.0,-0.0,1,1,0.03755098512900361,0.03755098512900361,1.4125726222991943,1.1952142715454102,100,70,-0.03755,-0.03755,1,1
2500,32,49,96,12.000000000001151,0.0,0.0,1.796220302581787,1.174574375152588,12.0,12.0,1,1,11.785746552816171,11.785746552816171,1.4678940773010254,1.2067692279815674,100,75,23.78575,23.78575,1,1
2500,33,100,21,-5.812706771374908e-12,0.0,0.0,1.427008867263794,1.5793147087097168,-0.0,-0.0,1,1,0.035524826333835816,0.035524826333835816,1.7100486755371094,1.311563491821289,100,70,0.03552,0.03552,1,1
2500,34,99,53,-4.962650472703637e-12,0.0,0.0,1.5402848720550537,1.7664978504180908,-0.0,-0.0,1,1,0.20969912912386166,0.20969912912386166,1.6002626419067383,2.1109793186187744,100,75,0.2097,0.2097,1,1
2500,35,65,45,-1.2483594310378604e-16,0.0,0.0,1.7290222644805908,0.3649559020996094,-0.0,-0.0,1,1,0.06302076148362969,0.06302076148362969,1.822883129119873,0.4535527229309082,100,51,0.06302,0.06302,1,1
2500,36,56,71,3.000000000000531,0.0,0.0,1.9016716480255127,0.9671826362609863,3.0,3.0,1,1,0.4386808082934004,0.4386808082934004,1.7127914428710938,0.9079203605651855,100,62,3.43868,3.43868,1,1
2500,37,92,53,-6.57762756361786e-11,0.0,0.0,2.030369997024536,2.0500237941741943,-0.0,-0.0,1,1,0.0025773482278648083,0.0025773482278648083,2.0040693283081055,2.009653091430664,100,78,-0.00258,-0.00258,1,1
2500,38,88,47,-2.5243734691875728e-14,0.0,0.0,1.8921070098876953,0.4286165237426758,-0.0,-0.0,1,1,0.08812320299048701,0.08812320299048701,2.0928807258605957,0.4012172222137451,100,48,-0.08812,-0.08812,1,1
2500,39,55,76,-6.47303493957509e-13,0.0,0.0,1.9162688255310059,0.49048495292663574,-0.0,-0.0,1,1,0.02872427975327586,0.02872427975327586,1.71317458152771,0.35904359817504883,100,49,0.02872,0.02872,1,1
2500,40,58,37,3.5756986230540185e-13,0.0,0.0,2.0084140300750732,0.12172985076904297,0.0,0.0,1,1,0.026195651463906375,0.026195651463906375,1.811842918395996,0.12061834335327148,100,24,0.0262,0.0262,1,1
2500,41,47,39,1.1656187359998087e-13,0.0,0.0,2.1455702781677246,0.04535698890686035,0.0,0.0,1,1,0.08444709906792315,0.08444709906792315,2.180664300918579,0.04437398910522461,100,14,0.08445,0.08445,1,1
2500,42,84,96,6.782614321426247e-10,0.0,0.0,2.0333003997802734,2.0362930297851562,0.0,0.0,1,1,0.4471675686010012,0.4471675686010012,2.0424325466156006,2.061344861984253,100,77,-0.44717,-0.44717,1,1
2500,43,4,29,-4.649839750347068e-13,3.841955168405223e-14,0.0,2.0489654541015625,0.030374765396118164,-0.0,-0.0,1,1,0.007421882997980464,0.013644698657124319,2.060283899307251,0.029654979705810547,100,7,-0.0012|0.01364,0.01364,2,1
2500,44,56,26,2.4277475167866065e-14,0.0,0.0,2.0565223693847656,0.3833785057067871,0.0,0.0,1,1,0.00721102750215356,0.00721102750215356,2.2042908668518066,0.3904902935028076,100,46,-0.00721,-0.00721,1,1
2500,45,51,76,-1.6676840786877567e-11,0.0,0.0,0.7906298637390137,0.2307586669921875,-0.0,-0.0,1,1,0.0750418727852335,0.0750418727852335,0.8418550491333008,0.22218060493469238,100,48,0.07504,0.07504,1,1
2500,46,92,62,2.547376684245276e-11,0.0,0.0,0.8618350028991699,0.8682594299316406,0.0,0.0,1,1,0.09105783457815765,0.09105783457815765,0.8019924163818359,1.5214171409606934,100,79,0.09106,0.09106,1,1
2500,47,22,89,61.000000000003006,0.0,0.0,1.515430212020874,1.3637478351593018,61.0,61.0,1,1,0.3678454055032745,0.3678454055032745,2.136749744415283,1.2494475841522217,100,64,60.63215,60.63215,1,1
2500,48,65,63,2.3246473518897316e-12,0.0,0.0,1.7802085876464844,0.48769116401672363,0.0,0.0,1,1,0.4676252921850409,0.4676252921850409,1.4291138648986816,0.5286867618560791,100,55,-0.46763,-0.46763,1,1
2500,49,87,8,9.65713677066176e-12,0.0,0.0,1.7220783233642578,1.916405200958252,0.0,0.0,1,1,0.008222313793218163,0.008222313793218163,1.6869614124298096,1.7730772495269775,100,74,-0.00822,-0.00822,1,1
2500,50,28,88,4.999999999999985,0.0,0.0,2.100449562072754,0.424210786819458,5.0,5.0,1,1,0.01854373828655831,0.01854373828655831,2.050957679748535,0.42898058891296387,100,48,4.98146,4.98146,1,1
2500,51,25,42,-1.2576358835154041e-14,5.822615525860711e-13,1.1645231051721422e-12,2.051922559738159,0.04999423027038574,0.0,0.0,1,1,0.009474591344772507,0.006925519551042397,2.0808262825012207,0.04920506477355957,100,14,0.00693|0.01202,0.00693,2,1
2500,52,88,55,-1.5185312076422143e-12,0.0,0.0,2.0745956897735596,0.5920617580413818,-0.0,-0.0,1,1,0.16289866549785043,0.16289866549785043,2.1959080696105957,0.6177372932434082,100,54,-0.1629,-0.1629,1,1
2500,53,58,89,5.945718032359689e-11,0.0,0.0,1.712979793548584,1.0575463771820068,0.0,0.0,1,1,1.810595535992414,1.810595535992414,1.674882411956787,1.0176525115966797,100,65,-1.8106,-1.8106,1,1
2500,54,34,73,4.999999999997463,0.0,0.0,1.733445644378662,0.5652735233306885,5.0,5.0,1,1,2.2939580636497867,2.2939580636497867,1.5703792572021484,0.6182496547698975,100,59,7.29396,7.29396,1,1
2500,55,70,55,-3.8924570261888e-12,0.0,0.0,1.5528693199157715,0.650803804397583,-0.0,-0.0,1,1,0.12757938242664288,0.12757938242664288,1.7319104671478271,0.6945829391479492,100,58,-0.12758,-0.12758,1,1
2500,56,75,38,1.4196199553193424e-13,0.0,0.0,1.7035679817199707,0.3137378692626953,0.0,0.0,1,1,0.008359753168931342,0.008359753168931342,1.565347671508789,0.29914426803588867,100,45,0.00836,0.00836,1,1
2500,57,17,89,15.999999999998952,27.250000000119705,27.250000000119705,1.7509984970092773,1.077439785003662,16.0|70.5,16.0|70.5,2,2,27.93403867533028,27.93403867533028,1.648864984512329,1.1050240993499756,100,64,14.16601|70.03408,14.16601|70.03408,2,2
2500,58,61,47,-1.037070599435538e-13,0.0,0.0,1.665464162826538,0.2760288715362549,-0.0,-0.0,1,1,0.05931251654563803,0.05931251654563803,1.6754372119903564,0.32102417945861816,100,38,0.05931,0.05931,1,1
2500,59,71,23,4.5348926575966247e-13,0.0,0.0,1.582111120223999,0.7306499481201172,0.0,0.0,1,1,0.20029902162724472,0.20029902162724472,1.4852092266082764,0.7319972515106201,100,62,0.2003,0.2003,1,1
2500,60,18,53,3.9999999999999774,0.0,0.0,1.3498492240905762,0.14618825912475586,4.0,4.0,1,1,0.25044661706216065,0.25044661706216065,1.487961769104004,0.15140676498413086,100,38,3.74955,3.74955,1,1
2500,61,78,16,-1.3839596674367983e-13,0.0,0.0,1.3260464668273926,0.581789493560791,-0.0,-0.0,1,1,0.008604901899421704,0.008604901899421704,1.4763283729553223,0.8328673839569092,100,57,-0.0086,-0.0086,1,1
2500,62,31,95,21.999999999998852,0.0,0.0,1.5770437717437744,1.2118637561798096,22.0,22.0,1,1,17.11413168947698,17.11413168947698,1.4921619892120361,1.2537367343902588,100,72,4.88587,4.88587,1,1
2500,63,71,22,4.083146257005851e-13,0.0,0.0,1.4962983131408691,0.8404171466827393,0.0,0.0,1,1,0.09391162194603879,0.09391162194603879,1.3941121101379395,0.7826440334320068,100,62,-0.09391,-0.09391,1,1
2500,64,73,36,4.0912429854367627e-13,0.0,0.0,1.4402992725372314,0.7119543552398682,0.0,0.0,1,1,0.029208354788369317,0.029208354788369317,1.413306713104248,0.6084024906158447,100,59,-0.02921,-0.02921,1,1
2500,65,86,57,-1.5170472187330387e-11,0.0,0.0,1.6183617115020752,1.4494447708129883,-0.0,-0.0,1,1,0.02932529651997443,0.02932529651997443,1.5010428428649902,1.5153260231018066,100,73,-0.02933,-0.02933,1,1
2500,66,89,4,-1.1196397820954585e-12,0.0,0.0,1.6792051792144775,1.1730983257293701,-0.0,-0.0,1,1,0.06696331266448281,0.06696331266448281,1.7490124702453613,1.3090219497680664,100,64,-0.06696,-0.06696,1,1
2500,67,5,12,6.377655887803144e-13,0.0,0.0,2.06233811378479,0.013876199722290039,0.0,0.0,1,1,0.008078570959077514,0.008078570959077514,2.048546075820923,0.012472391128540039,100,2,-0.00808,-0.00808,1,1
2500,68,34,61,-2.0923613718830878e-13,0.0,0.0,2.11957049369812,0.3563053607940674,-0.0,-0.0,1,1,0.03579517707144102,0.03579517707144102,1.5869789123535156,0.37246084213256836,100,38,0.0358,0.0358,1,1
2500,69,85,15,2.973634804033859e-12,0.0,0.0,2.054042339324951,1.8577308654785156,0.0,0.0,1,1,0.03106879300985555,0.03106879300985555,2.087826728820801,1.8485138416290283,100,71,-0.03107,-0.03107,1,1
2500,70,44,36,5.038010606984767e-15,0.0,0.0,2.0374257564544678,0.08607816696166992,0.0,0.0,1,1,0.013594560499031001,0.013594560499031001,1.2915782928466797,0.09127330780029297,100,26,0.01359,0.01359,1,1
2500,71,41,50,6.978544726214833e-14,0.0,0.0,1.6364657878875732,0.1452164649963379,0.0,0.0,1,1,0.017081106467340287,0.017081106467340287,1.8782598972320557,0.14023303985595703,100,30,0.01708,0.01708,1,1
2500,72,30,1,4.537637040133664e-15,0.0,0.0,1.653148889541626,0.04108262062072754,0.0,0.0,1,1,0.0329236173104056,0.0329236173104056,1.628849744796753,0.04546213150024414,100,12,-0.03292,-0.03292,1,1
2500,73,4,27,1.000000000000018,0.5000000000000042,0.5000000000000042,1.8778464794158936,0.024777889251708984,0.0|1.0,0.0|1.0,2,2,0.5467042311301161,0.5467042311301161,2.1644601821899414,0.02173638343811035,100,3,-0.06552|0.97211,-0.06552|0.97211,2,2
2500,74,24,97,89.99999999999424,0.0,0.0,2.038311004638672,1.8597419261932373,90.0,90.0,1,1,20.245625356174443,20.245625356174443,2.0278167724609375,1.9264147281646729,100,82,69.75437,69.75437,1,1
2500,75,88,66,-1.9487574969555567e-13,0.0,0.0,1.6575555801391602,0.8149445056915283,-0.0,-0.0,1,1,0.5130729009555022,0.5130729009555022,1.5959758758544922,0.7050521373748779,100,58,-0.51307,-0.51307,1,1
2500,76,7,41,1.0462291689652784e-13,1.2149666879009002e-16,0.0,1.6172988414764404,0.016196727752685547,0.0,0.0,1,1,0.011103170395755133,0.003849066207527434,1.4950206279754639,0.01393747329711914,100,6,-0.01836|-0.00385,-0.00385,2,1
2500,77,1,42,2.999999999999765,0.9999999999995447,0.9999999999995447,1.437849760055542,0.031177520751953125,1.0|3.0,1.0|3.0,2,2,1.1408437701367464,1.1408437701367464,1.4908335208892822,0.04651165008544922,100,13,0.8944|2.82391,0.8944|2.82391,2,2
2500,78,91,100,2.3788525401080945e-10,0.0,0.0,1.3969297409057617,1.3933959007263184,0.0,0.0,1,1,0.44529294921527424,0.44529294921527424,1.3930273056030273,1.3056554794311523,100,74,-0.44529,-0.44529,1,1
2500,79,97,18,-7.895062910026553e-12,0.0,0.0,1.1448097229003906,1.607452630996704,-0.0,-0.0,1,1,0.18666333747243463,0.18666333747243463,1.36846923828125,1.6207091808319092,100,82,-0.18666,-0.18666,1,1
2500,80,37,89,21.999999999994856,0.0,0.0,1.1930136680603027,1.0141172409057617,22.0,22.0,1,1,2.4783130493098433,2.4783130493098433,1.465423583984375,0.918466329574585,100,64,19.52169,19.52169,1,1
2500,81,28,23,-5.158211520254968e-15,0.0,0.0,1.6589164733886719,0.018308639526367188,-0.0,-0.0,1,1,0.02706090573634937,0.02706090573634937,1.6371080875396729,0.041423797607421875,100,10,0.02706,0.02706,1,1
2500,82,73,68,3.3123724605880416e-11,0.0,0.0,1.252722978591919,0.843036413192749,0.0,0.0,1,1,0.30584635718323716,0.30584635718323716,1.3175370693206787,0.8539607524871826,100,61,-0.30585,-0.30585,1,1
2500,83,9,42,1.9999999999998053,0.5555555555555616,0.5555555555555616,1.9412572383880615,0.04971051216125488,2.0|2.33333|3.33333,2.0|2.33333|3.33333,3,3,0.5197445069826673,0.5197445069826673,2.0155508518218994,0.04770684242248535,100,13,1.97547|2.23952|3.29518,1.97547|2.23952|3.29518,3,3
2500,84,35,72,1.9999999999996403,0.0,0.0,2.1046886444091797,0.43190598487854004,2.0,2.0,1,1,0.03573918027969891,0.03573918027969891,1.882434368133545,0.4406139850616455,100,51,1.96426,1.96426,1,1
2500,85,37,2,1.2259839071968874e-14,0.0,0.0,1.8234376907348633,0.012318611145019531,0.0,0.0,1,1,0.051939275250331624,0.051939275250331624,1.6531867980957031,0.015253067016601562,100,4,0.05194,0.05194,1,1
2500,86,70,57,-6.152958744588836e-13,0.0,0.0,1.8991515636444092,0.8843104839324951,-0.0,-0.0,1,1,0.18148396844241096,0.18148396844241096,1.8819684982299805,0.8810789585113525,100,59,0.18148,0.18148,1,1
2500,87,15,42,-2.9081587891179377e-15,0.0,0.0,2.0526061058044434,0.0491786003112793,-0.0,-0.0,1,1,0.009104665401946172,0.009104665401946172,1.9956560134887695,0.028759002685546875,100,14,0.0091,0.0091,1,1
2500,88,74,14,1.6143971211489944e-13,0.0,0.0,1.6071140766143799,0.4906899929046631,0.0,0.0,1,1,0.027187427820784347,0.027187427820784347,1.4979870319366455,0.4862968921661377,100,54,0.02719,0.02719,1,1
2500,89,41,51,-6.344131569286212e-15,0.0,0.0,1.5945639610290527,0.029445409774780273,-0.0,-0.0,1,1,0.04469978594893134,0.04469978594893134,1.3996808528900146,0.03905749320983887,100,15,-0.0447,-0.0447,1,1
2500,90,73,36,4.0912429854367627e-13,0.0,0.0,1.3173344135284424,0.6381335258483887,0.0,0.0,1,1,0.07394252092732485,0.07394252092732485,1.30735445022583,0.7871096134185791,100,59,-0.07394,-0.07394,1,1
2500,91,44,1,4.994295575390156e-15,0.0,0.0,1.9316520690917969,0.10981488227844238,0.0,0.0,1,1,0.007622554584169776,0.007622554584169776,2.0456702709198,0.12296223640441895,100,23,-0.00762,-0.00762,1,1
2500,92,38,79,14.999999999968031,0.0,0.0,2.1121139526367188,1.4028196334838867,15.0,15.0,1,1,5.5363764714790324,5.5363764714790324,2.1045126914978027,1.5090196132659912,100,65,9.46362,9.46362,1,1
2500,93,90,24,2.185254990525463e-12,0.0,0.0,2.0733578205108643,1.0819354057312012,0.0,0.0,1,1,0.04263129992586056,0.04263129992586056,2.056478977203369,1.0804216861724854,100,64,0.04263,0.04263,1,1
2500,94,64,15,-7.713855255347978e-14,0.0,0.0,1.9265401363372803,0.295637845993042,-0.0,-0.0,1,1,0.012491986557093404,0.012491986557093404,1.5241456031799316,0.3113975524902344,100,47,-0.01249,-0.01249,1,1
2500,95,5,19,5.750091157503835e-14,0.0,0.0,1.4700450897216797,0.010801553726196289,0.0,0.0,1,1,0.002824204584324206,0.002824204584324206,1.379500389099121,0.00969696044921875,100,4,-0.00282,-0.00282,1,1
2500,96,74,91,-2.8153996847302948e-11,0.0,0.0,1.3549799919128418,1.24088716506958,-0.0,-0.0,1,1,1.1940651919442506,1.1940651919442506,1.780350685119629,1.0795714855194092,100,69,-1.19407,-1.19407,1,1
2500,97,5,86,69.00000000029036,0.0,0.0,1.4553790092468262,1.2598044872283936,69.0,69.0,1,1,0.24781846092366777,0.24781846092366777,1.4150536060333252,1.213519811630249,100,73,69.24782,69.24782,1,1
2500,98,33,92,41.99999999999543,0.0,0.0,1.3162920475006104,1.415121078491211,42.0,42.0,1,1,10.8999203442023,10.8999203442023,1.2067575454711914,1.458336591720581,100,78,31.10008,31.10008,1,1
2500,99,89,33,-7.721108615300393e-12,0.0,0.0,1.240574598312378,0.4967494010925293,-0.0,-0.0,1,1,0.07777939035529194,0.07777939035529194,0.7852585315704346,0.4961740970611572,100,64,0.07778,0.07778,1,1
5000,0,47,78,2.999999999973221,0.0,0.0,0.7899844646453857,0.5168392658233643,3.0,3.0,1,1,1.2414833936375227,1.2414833936375227,0.8932387828826904,0.5328609943389893,100,57,4.24148,4.24148,1,1
5000,1,59,37,4.976122981231619e-14,0.0,0.0,1.4491815567016602,0.16452455520629883,0.0,0.0,1,1,0.008879983499454848,0.008879983499454848,1.9736676216125488,0.15631985664367676,100,30,0.00888,0.00888,1,1
5000,2,22,13,-9.603429163008442e-15,0.0,0.0,1.5193514823913574,0.025308847427368164,-0.0,-0.0,1,1,0.0064867024754017835,0.0064867024754017835,1.8175592422485352,0.023645639419555664,100,8,0.00649,0.00649,1,1
5000,3,94,36,1.8184205451003675e-11,0.0,0.0,1.9636051654815674,1.4208488464355469,0.0,0.0,1,1,0.07968474161782284,0.07968474161782284,1.8995695114135742,0.9897992610931396,100,69,0.07968,0.07968,1,1
5000,4,33,13,2.4068957175076575e-16,0.0,0.0,1.5106770992279053,0.11189746856689453,0.0,0.0,1,1,0.01130186845086672,0.01130186845086672,1.6983239650726318,0.09937596321105957,100,26,-0.0113,-0.0113,1,1
5000,5,53,41,-5.441450298597087e-14,0.0,0.0,1.6650493144989014,0.22014260292053223,-0.0,-0.0,1,1,0.028110625379356883,0.028110625379356883,1.5291593074798584,0.20827388763427734,100,40,-0.02811,-0.02811,1,1
5000,6,36,39,9.749928517009184e-16,0.0,0.0,1.5741081237792969,0.056231021881103516,0.0,0.0,1,1,0.02154887491917644,0.02154887491917644,1.6753432750701904,0.06045794486999512,100,17,0.02155,0.02155,1,1
5000,7,49,24,3.219646771413232e-15,0.0,0.0,2.04079532623291,0.02915191650390625,0.0,0.0,1,1,0.005227853439583145,0.005227853439583145,2.0030248165130615,0.028387784957885742,100,10,0.00523,0.00523,1,1
5000,8,71,61,5.681152530985035e-12,0.0,0.0,2.0215651988983154,0.6989071369171143,0.0,0.0,1,1,0.131808555808083,0.131808555808083,2.0823097229003906,1.1024315357208252,100,63,-0.13181,-0.13181,1,1
5000,9,5,71,17.00000000007078,0.0,0.0,1.3118746280670166,0.7393798828125,17.0,17.0,1,1,0.21601920302996191,0.21601920302996191,1.4388155937194824,0.9153385162353516,100,62,17.21602,17.21602,1,1
5000,10,87,41,5.2319896294254864e-11,0.0,0.0,2.1337451934814453,2.2935049533843994,0.0,0.0,1,1,0.01181367175272765,0.01181367175272765,1.9847807884216309,2.2609546184539795,100,74,0.01181,0.01181,1,1
5000,11,52,60,1.5663034701227397e-13,0.0,0.0,1.8713791370391846,0.3034954071044922,0.0,0.0,1,1,0.15119353094880494,0.15119353094880494,2.0112528800964355,0.25902318954467773,100,42,0.15119,0.15119,1,1
5000,12,60,95,4.999999999990941,0.0,0.0,2.003683090209961,1.8492097854614258,5.0,5.0,1,1,0.1637951190974949,0.1637951190974949,2.057851791381836,1.838207483291626,100,72,5.1638,5.1638,1,1
5000,13,35,87,51.999999999992546,0.0,0.0,2.1657612323760986,1.6569786071777344,52.0,52.0,1,1,8.56745642272805,8.56745642272805,1.424837589263916,1.5764379501342773,100,74,60.56746,60.56746,1,1
5000,14,67,36,4.116701465518251e-13,0.0,0.0,1.9697296619415283,0.228895902633667,0.0,0.0,1,1,0.055814625499286924,0.055814625499286924,1.5830762386322021,0.22202181816101074,100,43,0.05581,0.05581,1,1
5000,15,89,26,-9.133714475328813e-13,0.0,0.0,1.560290813446045,0.9440560340881348,-0.0,-0.0,1,1,0.04312511588334108,0.04312511588334108,1.5964930057525635,0.9064221382141113,100,64,-0.04313,-0.04313,1,1
5000,16,35,49,-5.4649771298353486e-15,0.0,0.0,1.860813856124878,0.06168699264526367,-0.0,-0.0,1,1,0.0151488557688112,0.0151488557688112,1.7244832515716553,0.07907938957214355,100,19,-0.01515,-0.01515,1,1
5000,17,58,72,8.382555019475733e-12,0.0,0.0,1.5630123615264893,0.4070320129394531,0.0,0.0,1,1,0.281077283788061,0.281077283788061,1.6595087051391602,0.4617187976837158,100,52,0.28108,0.28108,1,1
5000,18,98,94,-5.571905697041854e-11,0.0,0.0,1.6389219760894775,1.5136806964874268,-0.0,-0.0,1,1,1.8354127191222853,1.8354127191222853,1.4339256286621094,1.8502428531646729,100,74,-1.83541,-1.83541,1,1
5000,19,79,42,-2.324687438695476e-12,0.0,0.0,2.066023826599121,1.3967223167419434,-0.0,-0.0,1,1,0.05149987844704008,0.05149987844704008,2.1927194595336914,1.3865420818328857,100,65,0.0515,0.0515,1,1
5000,20,50,82,3.0000000000015996,0.0,0.0,2.0477728843688965,1.2459869384765625,3.0,3.0,1,1,0.9454958039787358,0.9454958039787358,2.0791637897491455,1.2408151626586914,100,63,2.0545,2.0545,1,1
5000,21,61,22,-2.3069653402294384e-15,0.0,0.0,1.964444637298584,0.2639310359954834,-0.0,-0.0,1,1,0.012897684871907475,0.012897684871907475,1.7718307971954346,0.29669785499572754,100,37,-0.0129,-0.0129,1,1
5000,22,23,31,1.0214051826552513e-14,0.0,0.0,1.8629014492034912,0.058496713638305664,0.0,0.0,1,1,0.0053619440483076665,0.0053619440483076665,2.0032460689544678,0.06115412712097168,100,17,0.00536,0.00536,1,1
5000,23,64,28,2.1209929993067864e-13,0.0,0.0,1.4487106800079346,0.25411486625671387,0.0,0.0,1,1,0.03236819966034494,0.03236819966034494,1.2774009704589844,0.23517537117004395,100,47,0.03237,0.03237,1,1
5000,24,29,1,4.169504248037038e-15,0.0,0.0,1.7975530624389648,0.02379751205444336,0.0,0.0,1,1,0.008984857508796353,0.008984857508796353,1.7217657566070557,0.01754283905029297,100,6,-0.00898,-0.00898,1,1
5000,25,21,50,2.3314683517129174e-14,0.0,0.0,2.034580707550049,0.1658947467803955,0.0,0.0,1,1,0.28128163144726764,0.28128163144726764,2.0403378009796143,0.16953516006469727,100,28,-0.28128,-0.28128,1,1
5000,26,30,1,4.537637040133664e-15,0.0,0.0,1.8569767475128174,0.041292428970336914,0.0,0.0,1,1,0.0025013051245353145,0.0025013051245353145,1.7596476078033447,0.03888964653015137,100,12,0.0025,0.0025,1,1
5000,27,27,91,69.00000000000647,195.66666666664932,195.66666666664932,1.801438331604004,1.3775405883789062,69.0|460.33333,69.0|460.33333,2,2,195.8732096842208,195.8732096842208,1.8440907001495361,1.0453224182128906,100,66,67.91509|459.66151,67.91509|459.66151,2,2
5000,28,93,20,8.264412566432012e-13,0.0,0.0,1.2755646705627441,1.550107479095459,0.0,0.0,1,1,0.05242514173826858,0.05242514173826858,1.6302173137664795,1.3238937854766846,100,71,-0.05243,-0.05243,1,1
5000,29,35,4,-4.001420842179312e-14,0.0,0.0,1.621122121810913,0.07664871215820312,-0.0,-0.0,1,1,0.003916518245978757,0.003916518245978757,1.4668161869049072,0.04822874069213867,100,18,0.00392,0.00392,1,1
5000,30,25,75,2.00000000000018,1.5000000000064275,1.5000000000064275,1.4695231914520264,0.31035423278808594,2.0|5.0,2.0|5.0,2,2,1.5556734486636397,1.5556734486636397,1.6988754272460938,0.3238399028778076,100,45,1.85242|4.96377,1.85242|4.96377,2,2
5000,31,76,38,6.163137252490729e-14,0.0,0.0,1.5563015937805176,0.30887770652770996,0.0,0.0,1,1,0.025112446596127977,0.025112446596127977,1.308474063873291,0.2990238666534424,100,46,0.02511,0.02511,1,1
5000,32,24,45,-1.153709073885515e-30,0.0,0.0,1.3114449977874756,0.015671730041503906,-0.0,-0.0,1,1,0.009733233558482556,0.009733233558482556,1.2877757549285889,0.017890214920043945,100,7,-0.00973,-0.00973,1,1
5000,33,12,24,1.3988810110278746e-14,0.37500000000002065,0.37500000000002065,1.2121751308441162,0.018320798873901367,0.0|0.75,0.0|0.75,2,2,0.3879037256783886,0.3879037256783886,0.8153650760650635,0.011357307434082031,100,7,-0.02045|0.75536,-0.02045|0.75536,2,2
5000,34,84,9,-3.272123675153214e-13,0.0,0.0,1.024226188659668,0.5659341812133789,-0.0,-0.0,1,1,0.014664884053604102,0.014664884053604102,0.8737709522247314,0.5897650718688965,100,68,0.01466,0.01466,1,1
5000,35,52,16,6.943297581825246e-14,0.0,0.0,0.8391032218933105,0.09042024612426758,0.0,0.0,1,1,0.015837466320563993,0.015837466320563993,0.8150937557220459,0.0991358757019043,100,34,0.01584,0.01584,1,1
5000,36,45,17,9.363274694277483e-16,0.0,0.0,0.8556902408599854,0.006478548049926758,0.0,0.0,1,1,0.0015667170010468614,0.0015667170010468614,0.7795698642730713,0.004174470901489258,100,2,0.00157,0.00157,1,1
5000,37,34,71,5.999999999997164,0.0,0.0,0.7926554679870605,0.3952622413635254,6.0,6.0,1,1,2.6443857607118546,2.6443857607118546,0.9271180629730225,0.4059903621673584,100,62,3.35561,3.35561,1,1
5000,38,52,5,-3.0504463015143845e-14,0.0,0.0,0.7831034660339355,0.09511017799377441,-0.0,-0.0,1,1,0.0001863356619872117,0.0001863356619872117,0.8290715217590332,0.10053753852844238,100,34,0.00019,0.00019,1,1
5000,39,8,80,244.00000000000645,46.624999999995644,46.624999999995644,0.7923901081085205,0.43030261993408203,89.5|239.5|244.0|271.5,89.5|239.5|244.0|271.5,4,4,46.18251950080711,46.18251950080711,0.7929539680480957,0.4265587329864502,100,65,90.66639|240.86706|241.83759|270.10111,90.66639|240.86706|241.83759|270.10111,4,4
5000,40,81,55,-5.646382174226219e-12,0.0,0.0,0.86409592628479,0.3025472164154053,-0.0,-0.0,1,1,0.004129902768616369,0.004129902768616369,0.8405938148498535,0.3034639358520508,100,57,-0.00413,-0.00413,1,1
5000,41,49,31,3.774758283725858e-15,0.0,0.0,0.7948544025421143,0.022615671157836914,0.0,0.0,1,1,0.01641602622452334,0.01641602622452334,0.7925262451171875,0.019687891006469727,100,16,-0.01642,-0.01642,1,1
5000,42,92,72,6.773182772554061e-11,0.0,0.0,0.7808046340942383,0.9128491878509521,0.0,0.0,1,1,0.1033140752110017,0.1033140752110017,0.7920854091644287,0.8379240036010742,100,78,-0.10331,-0.10331,1,1
5000,43,99,24,1.3396324447108107e-12,0.0,0.0,0.6753349304199219,0.67447829246521,0.0,0.0,1,1,0.021910584061960496,0.021910584061960496,0.6640238761901855,0.775822639465332,100,75,0.02191,0.02191,1,1
5000,44,52,33,9.155267067944992e-14,0.0,0.0,0.735227108001709,0.09908103942871094,0.0,0.0,1,1,0.001858281799976231,0.001858281799976231,0.8768601417541504,0.10329365730285645,100,34,-0.00186,-0.00186,1,1
5000,45,46,4,-8.083395064417407e-14,0.0,0.0,0.8030436038970947,0.036041259765625,-0.0,-0.0,1,1,0.015553044864661362,0.015553044864661362,0.8656964302062988,0.04007601737976074,100,21,0.01555,0.01555,1,1
5000,46,56,97,8.999999999972125,0.0,0.0,0.785001277923584,0.9459571838378906,9.0,9.0,1,1,1.7434138857937835,1.7434138857937835,0.7934098243713379,0.9173562526702881,100,82,10.74341,10.74341,1,1
5000,47,7,8,1.9029614425185473e-13,2.4612549473617014e-15,0.0,0.9260976314544678,0.005297422409057617,0.0,0.0,1,1,0.01704590174551057,0.012471849639392093,0.7919952869415283,0.004574775695800781,100,2,-0.02162|-0.01247,-0.01247,2,1
5000,48,84,73,4.149638389998566e-11,0.0,0.0,0.8042938709259033,0.6047401428222656,0.0,0.0,1,1,0.18059326858853725,0.18059326858853725,0.9030032157897949,0.6753714084625244,100,69,0.18059,0.18059,1,1
5000,49,47,78,2.999999999973221,0.0,0.0,0.796966552734375,0.3102238178253174,3.0,3.0,1,1,0.1912646904284645,0.1912646904284645,0.8230500221252441,0.30031323432922363,100,57,2.80874,2.80874,1,1
5000,50,58,63,6.242782252388451e-12,0.0,0.0,0.8468232154846191,0.17020177841186523,0.0,0.0,1,1,0.6449657461894204,0.6449657461894204,0.790717601776123,0.1716139316558838,100,43,0.64497,0.64497,1,1
5000,51,77,24,-6.552564359852018e-13,0.0,0.0,0.8105554580688477,0.2729685306549072,-0.0,-0.0,1,1,0.04092659636008261,0.04092659636008261,0.7735562324523926,0.29529786109924316,100,54,0.04093,0.04093,1,1
5000,52,94,89,-2.031287744509846e-11,0.0,0.0,0.7824926376342773,0.7759280204772949,-0.0,-0.0,1,1,0.20290825732366355,0.20290825732366355,0.8130664825439453,0.7952709197998047,100,74,0.20291,0.20291,1,1
5000,53,80,39,-4.1046980620661326e-13,0.0,0.0,0.7875633239746094,0.5012390613555908,-0.0,-0.0,1,1,0.04264111392326535,0.04264111392326535,0.8309645652770996,0.5176379680633545,100,65,-0.04264,-0.04264,1,1
5000,54,99,19,-1.5489506017172646e-12,0.0,0.0,0.9308328628540039,0.7922232151031494,-0.0,-0.0,1,1,0.0074943774362166,0.0074943774362166,0.80145263671875,0.7839226722717285,100,75,-0.00749,-0.00749,1,1
5000,55,53,73,-1.8381026928570583e-12,0.0,0.0,0.7959499359130859,0.37996673583984375,-0.0,-0.0,1,1,0.32086038728736044,0.32086038728736044,0.9109153747558594,0.37137365341186523,100,60,0.32086,0.32086,1,1
5000,56,20,52,2.0000000000000213,1.0000000000007314,1.0000000000007314,0.9079477787017822,0.09764623641967773,2.0|4.0,2.0|4.0,2,2,0.9855742447357402,0.9855742447357402,0.8472566604614258,0.10052275657653809,100,34,1.98702|3.95817,1.98702|3.95817,2,2
5000,57,96,29,-3.310501263789178e-12,0.0,0.0,0.809065580368042,0.7159733772277832,-0.0,-0.0,1,1,0.009698138061752109,0.009698138061752109,0.9101755619049072,0.7235939502716064,100,75,0.0097,0.0097,1,1
5000,58,48,45,4.333306873255227e-17,0.0,0.0,0.7655842304229736,0.05183553695678711,0.0,0.0,1,1,0.022327825541860746,0.022327825541860746,0.788322925567627,0.04922938346862793,100,27,-0.02233,-0.02233,1,1
5000,59,63,92,0.9999999999740298,0.0,0.0,0.8110103607177734,0.960646390914917,1.0,1.0,1,1,21.708856826935193,21.708856826935193,0.8203506469726562,0.8489594459533691,100,78,-20.70886,-20.70886,1,1
5000,60,89,78,-3.6530644818788606e-11,0.0,0.0,0.7666885852813721,0.638519287109375,-0.0,-0.0,1,1,0.019148738378743056,0.019148738378743056,0.8276124000549316,0.6507201194763184,100,68,0.01915,0.01915,1,1
5000,61,38,15,4.0327213421160575e-14,0.0,0.0,0.8902344703674316,0.010645866394042969,0.0,0.0,1,1,0.005838990907082961,0.005838990907082961,0.7888755798339844,0.021565675735473633,100,8,0.00584,0.00584,1,1
5000,62,99,18,5.4314275482798644e-11,0.0,0.0,0.7878134250640869,0.8637027740478516,0.0,0.0,1,1,0.0006656825986002155,0.0006656825986002155,0.8138294219970703,0.8175168037414551,100,75,-0.00067,-0.00067,1,1
5000,63,83,20,4.5141610805388467e-14,0.0,0.0,0.7693326473236084,0.20056748390197754,0.0,0.0,1,1,0.08718983440863924,0.08718983440863924,0.7761151790618896,0.19279789924621582,100,50,-0.08719,-0.08719,1,1
5000,64,31,6,-5.989788610904018e-15,0.0,0.0,0.826509952545166,0.017324447631835938,-0.0,-0.0,1,1,0.02207293219387252,0.02207293219387252,0.768526554107666,0.015751123428344727,100,15,0.02207,0.02207,1,1
5000,65,5,46,2.9222867430273507e-12,0.0,0.0,0.670098066329956,0.02842879295349121,0.0,0.0,1,1,0.0016621967244050844,0.0016621967244050844,0.6737661361694336,0.03455710411071777,100,21,0.00166,0.00166,1,1
5000,66,30,77,1.3250306202044806e-12,0.0,0.0,0.6619043350219727,0.24997997283935547,0.0,0.0,1,1,0.9019628968863245,0.9019628968863245,0.6726715564727783,0.2465839385986328,100,55,0.90196,0.90196,1,1
5000,67,17,83,3.9999999999998073,5.0000000000219185,5.0000000000219185,0.6787497997283936,0.17103791236877441,4.0|14.0,4.0|14.0,2,2,5.2249293237604055,5.2249293237604055,0.7265830039978027,0.18814301490783691,100,50,4.35817|14.09169,4.35817|14.09169,2,2
5000,68,91,49,-2.916283270667843e-12,0.0,0.0,0.7708680629730225,0.5592560768127441,-0.0,-0.0,1,1,0.03737986676504977,0.03737986676504977,0.7751514911651611,0.5640785694122314,100,66,-0.03738,-0.03738,1,1
5000,69,76,41,1.4162076215981266e-14,0.0,0.0,0.8594784736633301,0.1991720199584961,0.0,0.0,1,1,0.012368558074148639,0.012368558074148639,0.7876880168914795,0.19400858879089355,100,46,0.01237,0.01237,1,1
5000,70,29,86,93.000000000011,0.0,0.0,0.8253629207611084,0.7854959964752197,93.0,93.0,1,1,1.9455114751169589,1.9455114751169589,0.7770168781280518,0.8630368709564209,100,73,91.05449,91.05449,1,1
5000,71,89,71,-1.1801457747286727e-10,0.0,0.0,0.8207182884216309,0.6526389122009277,-0.0,-0.0,1,1,0.01150242474614791,0.01150242474614791,0.7900853157043457,0.6294384002685547,100,69,0.0115,0.0115,1,1
5000,72,29,10,1.9984014443254443e-15,0.0,0.0,0.8256814479827881,0.01051783561706543,0.0,0.0,1,1,0.0026088421737665954,0.0026088421737665954,0.7205135822296143,0.008029699325561523,100,6,0.00261,0.00261,1,1
5000,73,63,17,-1.1432790600159902e-13,0.0,0.0,0.6732749938964844,0.09444880485534668,-0.0,-0.0,1,1,0.013390774285967834,0.013390774285967834,0.6866827011108398,0.08771824836730957,100,34,0.01339,0.01339,1,1
5000,74,18,60,3.0000000000001217,0.0,0.0,0.6634924411773682,0.04529237747192383,3.0,3.0,1,1,0.2608418447331289,0.2608418447331289,0.6876440048217773,0.05055665969848633,100,30,2.73916,2.73916,1,1
5000,75,14,34,6.907716924481157e-16,0.0,0.0,0.6716289520263672,0.010929107666015625,0.0,0.0,1,1,0.019768765880135708,0.019768765880135708,0.7388255596160889,0.009368658065795898,100,8,-0.01977,-0.01977,1,1
5000,76,79,61,2.7017016267633945e-11,0.0,0.0,0.6804630756378174,0.5529642105102539,0.0,0.0,1,1,0.06556832256405426,0.06556832256405426,0.8011946678161621,0.5448606014251709,100,66,0.06557,0.06557,1,1
5000,77,9,88,21.999999999997527,3.666666666667718,3.666666666667718,0.8652358055114746,0.16315555572509766,22.0|27.0|28.0,22.0|27.0|28.0,3,3,3.664945066767936,3.664945066767936,0.8093841075897217,0.1512584686279297,100,48,22.05087|26.90261|28.04135,22.05087|26.90261|28.04135,3,3
5000,78,16,19,5.409773294210793e-14,0.0,0.0,1.5166816711425781,0.013079166412353516,0.0,0.0,1,1,0.01855300997480493,0.01855300997480493,1.598280429840088,0.009868383407592773,100,7,0.01855,0.01855,1,1
5000,79,90,67,1.1832887492997441e-12,0.0,0.0,1.6300804615020752,1.124161720275879,0.0,0.0,1,1,0.20629936974281124,0.20629936974281124,1.6344726085662842,1.0394978523254395,100,65,-0.2063,-0.2063,1,1
5000,80,18,66,23.0000000000003,0.0,0.0,1.7512736320495605,0.4915330410003662,23.0,23.0,1,1,0.39373981711923633,0.39373981711923633,1.675426959991455,0.47219157218933105,100,51,23.39374,23.39374,1,1
5000,81,17,21,2.1319698518156062e-15,1.765425108744923e-13,3.530850217489846e-13,1.66473388671875,0.011240243911743164,0.0,0.0,1,1,0.012295588068708905,0.0007198845519979918,1.7224440574645996,0.012019157409667969,100,4,-0.02387|-0.00072,-0.00072,2,1
5000,82,8,73,164.00000000000426,31.49999999999695,31.49999999999695,1.8086931705474854,0.5492327213287354,57.0|164.0|183.0,57.0|164.0|183.0,3,3,31.799508247565562,31.799508247565562,1.6974914073944092,0.5615806579589844,100,59,57.75022|162.99112|163.31493|183.2543,57.75022|162.99112|163.31493|183.2543,4,4
5000,83,77,39,7.823424460616796e-13,0.0,0.0,1.117638349533081,0.26111578941345215,0.0,0.0,1,1,0.033830227953287835,0.033830227953287835,0.7859630584716797,0.265963077545166,100,54,0.03383,0.03383,1,1
5000,84,10,22,1.0000000000000087,0.0,0.0,0.7477319240570068,0.009246110916137695,1.0,1.0,1,1,0.030171561906451094,0.030171561906451094,0.7576308250427246,0.008059024810791016,100,5,0.96983,0.96983,1,1
5000,85,83,84,3.9258535746601094e-11,0.0,0.0,0.7731711864471436,0.5311927795410156,0.0,0.0,1,1,0.356110441762883,0.356110441762883,0.7887489795684814,0.5404090881347656,100,70,-0.35611,-0.35611,1,1
5000,86,69,87,4.158234118690504e-11,0.0,0.0,0.7004716396331787,0.8962013721466064,0.0,0.0,1,1,0.9396413938674075,0.9396413938674075,0.78224778175354,0.9171545505523682,100,75,0.93964,0.93964,1,1
5000,87,65,72,-2.2891260754676993e-12,0.0,0.0,0.7819609642028809,0.5055441856384277,-0.0,-0.0,1,1,0.013617687383701777,0.013617687383701777,1.167276382446289,0.5338737964630127,100,56,0.01362,0.01362,1,1
5000,88,72,12,8.739853209821042e-14,0.0,0.0,1.5383124351501465,0.3460259437561035,0.0,0.0,1,1,0.02601906103423992,0.02601906103423992,1.8636112213134766,0.3192098140716553,100,51,-0.02602,-0.02602,1,1
5000,89,23,56,1.000000000000058,0.0,0.0,1.6910364627838135,0.3159947395324707,1.0,1.0,1,1,0.632760756067007,0.632760756067007,1.742218255996704,0.19045138359069824,100,46,1.63276,1.63276,1,1
5000,90,6,51,1.9999999999995723,0.5000000000001221,0.5000000000001221,1.5013833045959473,0.028020620346069336,2.0|3.0,2.0|3.0,2,2,0.526622252700031,0.526622252700031,1.554147481918335,0.03199195861816406,100,13,2.05465|2.99859,2.05465|2.99859,2,2
5000,91,64,43,3.3233830486464216e-14,0.0,0.0,1.818561315536499,0.3509562015533447,0.0,0.0,1,1,0.02313791305723597,0.02313791305723597,1.3364911079406738,0.4067244529724121,100,47,-0.02314,-0.02314,1,1
5000,92,47,17,7.255986531459801e-14,0.0,0.0,2.0661299228668213,0.03959989547729492,0.0,0.0,1,1,0.002312659942934925,0.002312659942934925,2.0795304775238037,0.03911232948303223,100,13,-0.00231,-0.00231,1,1
5000,93,5,75,4.000000000010301,0.0,0.0,1.5405755043029785,0.23317551612854004,4.0,4.0,1,1,0.10525689603332866,0.10525689603332866,1.4889652729034424,0.2132120132446289,100,45,3.89474,3.89474,1,1
5000,94,44,25,9.950089185631456e-15,0.0,0.0,1.6465468406677246,0.0851750373840332,0.0,0.0,1,1,0.0102716981309378,0.0102716981309378,1.349646806716919,0.07967519760131836,100,24,0.01027,0.01027,1,1
5000,95,99,31,-7.584801093770892e-11,0.0,0.0,1.5914945602416992,1.008291482925415,-0.0,-0.0,1,1,0.040661914535810834,0.040661914535810834,1.5232594013214111,0.9489202499389648,100,75,0.04066,0.04066,1,1
5000,96,23,54,1.0000000000000269,0.0,0.0,1.6877410411834717,0.1490612030029297,1.0,1.0,1,1,0.15036478223483618,0.15036478223483618,1.9744138717651367,0.1303699016571045,100,36,1.15036,1.15036,1,1
5000,97,88,83,-1.1184695013932112e-12,0.0,0.0,1.391066312789917,0.5471065044403076,-0.0,-0.0,1,1,0.16666824431967392,0.16666824431967392,1.4397141933441162,0.5579161643981934,100,56,-0.16667,-0.16667,1,1
5000,98,47,44,-5.708615095482229e-13,0.0,0.0,1.309497356414795,0.09596681594848633,-0.0,-0.0,1,1,0.10990710122510687,0.10990710122510687,1.243852138519287,0.07445263862609863,100,27,0.10991,0.10991,1,1
5000,99,17,82,12.999999999999128,22.00000000009693,22.00000000009693,1.745570182800293,0.8377001285552979,13.0|57.0,13.0|57.0,2,2,22.888987228201067,22.888987228201067,1.496152400970459,0.9354052543640137,100,63,10.58839|56.36637,10.58839|56.36637,2,2
7500,0,30,43,3.485366474697027e-14,0.0,0.0,1.657170295715332,0.04595136642456055,0.0,0.0,1,1,0.01791266717766603,0.01791266717766603,1.5177278518676758,0.0495297908782959,100,17,0.01791,0.01791,1,1
7500,1,98,28,5.806802186172884e-13,0.0,0.0,1.6799719333648682,0.6724727153778076,0.0,0.0,1,1,0.018815450002618386,0.018815450002618386,1.677412509918213,0.5910685062408447,100,58,-0.01882,-0.01882,1,1
7500,2,91,48,-2.5513393456858998e-11,0.0,0.0,1.5780277252197266,1.3616716861724854,-0.0,-0.0,1,1,0.03128882666905524,0.03128882666905524,1.7868707180023193,1.5122761726379395,100,66,-0.03129,-0.03129,1,1
7500,3,46,49,4.0056688125185035e-13,0.0,0.0,2.0897295475006104,0.06711721420288086,0.0,0.0,1,1,0.019185457861009038,0.019185457861009038,1.959632396697998,0.06328845024108887,100,21,0.01919,0.01919,1,1
7500,4,40,64,1.0000000000003275,0.0,0.0,2.069700002670288,0.41422533988952637,1.0,1.0,1,1,0.06547179951624238,0.06547179951624238,2.0524656772613525,0.40994834899902344,100,47,0.93453,0.93453,1,1
7500,5,91,72,-2.483062476302511e-11,0.0,0.0,2.1123101711273193,1.6343259811401367,-0.0,-0.0,1,1,0.1524050951222924,0.1524050951222924,2.02103853225708,1.563732385635376,100,67,-0.15241,-0.15241,1,1
7500,6,95,48,-2.667182913475027e-12,0.0,0.0,2.0548746585845947,1.467050552368164,-0.0,-0.0,1,1,0.005056181939821473,0.005056181939821473,2.1175599098205566,1.3575308322906494,100,72,0.00506,0.00506,1,1
7500,7,22,65,9.00000000000067,0.0,0.0,1.6071906089782715,0.3544166088104248,9.0,9.0,1,1,0.14984466431972798,0.14984466431972798,1.5170817375183105,0.39213085174560547,100,50,8.85016,8.85016,1,1
7500,8,71,72,1.7141977361217232e-11,0.0,0.0,1.7009825706481934,0.9188821315765381,0.0,0.0,1,1,0.051493285839774694,0.051493285839774694,1.4626085758209229,0.947357177734375,100,63,-0.05149,-0.05149,1,1
7500,9,3,62,24.000000000011738,5.500000000000056,5.500000000000056,1.2892060279846191,0.3842775821685791,13.0|24.0,13.0|24.0,2,2,5.444476798793089,5.444476798793089,1.6204686164855957,0.5581569671630859,100,52,13.23377|24.12273,13.23377|24.12273,2,2
7500,10,36,24,1.0736607926864051e-14,0.0,0.0,0.8129429817199707,0.03259849548339844,0.0,0.0,1,1,0.0033745695501501633,0.0033745695501501633,0.7853434085845947,0.058594703674316406,100,15,0.00337,0.00337,1,1
7500,11,25,28,3.742826091770011e-15,3.4449608984206286e-13,6.889921796841257e-13,1.3551249504089355,0.01710343360900879,0.0,0.0,1,1,0.005993337081624419,0.0019803891647294704,1.3939762115478516,0.016896963119506836,100,8,-0.01001|-0.00198,-0.00198,2,1
7500,12,50,11,5.459793632773702e-15,0.0,0.0,1.0202136039733887,0.0588526725769043,0.0,0.0,1,1,0.0067228082994622365,0.0067228082994622365,0.8289427757263184,0.06122589111328125,100,28,0.00672,0.00672,1,1
7500,13,20,69,4.9999999999998535,1.500000000001474,1.500000000001474,0.8495008945465088,0.20835018157958984,5.0|8.0,5.0|8.0,2,2,1.5592912206922391,1.5592912206922391,0.8217678070068359,0.2121446132659912,100,44,4.84079|7.95937,4.84079|7.95937,2,2
7500,14,57,6,8.664489209293058e-14,0.0,0.0,0.7864060401916504,0.045146942138671875,0.0,0.0,1,1,0.01413385213270712,0.01413385213270712,0.7998394966125488,0.042197465896606445,100,23,-0.01413,-0.01413,1,1
7500,15,100,15,-1.4712998972220813e-12,0.0,0.0,0.8144948482513428,0.6181864738464355,-0.0,-0.0,1,1,0.053888682447057926,0.053888682447057926,0.7867257595062256,0.63907790184021,100,70,-0.05389,-0.05389,1,1
7500,16,60,87,9.999999999963494,0.0,0.0,0.7932898998260498,0.8607785701751709,10.0,10.0,1,1,4.284494154618973,4.284494154618973,0.9075684547424316,0.8913581371307373,100,74,5.71551,5.71551,1,1
7500,17,66,81,-5.980936086862188e-12,0.0,0.0,0.8748369216918945,0.3977079391479492,-0.0,-0.0,1,1,0.18663737402706448,0.18663737402706448,0.8025650978088379,0.3394451141357422,100,58,-0.18664,-0.18664,1,1
7500,18,78,56,-5.7342160948092235e-12,0.0,0.0,0.7946398258209229,0.35321664810180664,-0.0,-0.0,1,1,0.0023606838201978638,0.0023606838201978638,0.8820750713348389,0.3527951240539551,100,59,0.00236,0.00236,1,1
7500,19,49,76,1.0000000000000242,0.0,0.0,0.7842786312103271,0.1976456642150879,1.0,1.0,1,1,0.09307083652623205,0.09307083652623205,0.8435454368591309,0.18548893928527832,100,46,0.90693,0.90693,1,1
7500,20,36,100,12.00000000000652,0.0,0.0,0.8154454231262207,0.62729811668396,12.0,12.0,1,1,1.145029316032213,1.145029316032213,0.8830692768096924,0.6154754161834717,100,70,13.14503,13.14503,1,1
7500,21,8,23,0.9999999999999934,0.2500000000000663,0.50000000000006,0.8557517528533936,0.009727239608764648,0.0|1.0,0.0|1.0,2,2,0.24478326201612025,0.4788574606166822,0.773367166519165,0.009196043014526367,100,5,0.04368|0.98549|0.99861|1.0069,0.04368|0.99861,4,2
7500,22,7,49,7.089991985980661e-13,5.97977198272423e-16,0.0,0.7737390995025635,0.011064529418945312,0.0,0.0,1,1,0.005071268675256478,0.0023976813143995685,0.7800161838531494,0.009662866592407227,100,6,-0.00774|-0.0024,-0.0024,2,1
7500,23,27,63,1.3737159558029092e-13,4.99999999999905,4.99999999999905,0.7712793350219727,0.10374999046325684,0.0|10.0,0.0|10.0,2,2,5.216710224416339,5.216710224416339,0.7999942302703857,0.10840630531311035,100,34,0.38908|10.04434,0.38908|10.04434,2,2
7500,24,33,73,4.999999999998534,0.0,0.0,0.812096118927002,0.3506007194519043,5.0,5.0,1,1,0.9284504628101491,0.9284504628101491,0.8610141277313232,0.3533046245574951,100,59,5.92845,5.92845,1,1
7500,25,14,40,2.4849535782393487e-14,0.0,0.0,0.762697696685791,0.0650794506072998,0.0,0.0,1,1,0.004999861756643142,0.004999861756643142,0.7905032634735107,0.05900406837463379,100,28,-0.005,-0.005,1,1
7500,26,63,100,-1.1216793838021166e-11,0.0,0.0,0.83595871925354,0.6627063751220703,-0.0,-0.0,1,1,1.9655820036763054,1.9655820036763054,0.7953259944915771,0.6525540351867676,100,71,1.96558,1.96558,1,1
7500,27,10,5,7.822598290523041e-14,0.0,0.0,0.7837719917297363,0.0055084228515625,0.0,0.0,1,1,0.0005388115556380994,0.0005388115556380994,0.90110182762146,0.004178524017333984,100,2,0.00054,0.00054,1,1
7500,28,23,55,6.927791673661705e-14,0.0,0.0,0.8080518245697021,0.10021805763244629,0.0,0.0,1,1,0.10419967805715706,0.10419967805715706,0.794806718826294,0.09566617012023926,100,40,-0.1042,-0.1042,1,1
7500,29,58,40,1.73934776663345e-12,0.0,0.0,0.7952938079833984,0.11971020698547363,0.0,0.0,1,1,0.002660656293775462,0.002660656293775462,0.8657248020172119,0.16000795364379883,100,37,-0.00266,-0.00266,1,1
7500,30,67,35,-2.8742103816913934e-14,0.0,0.0,1.5069234371185303,0.27202534675598145,-0.0,-0.0,1,1,0.057025944478915125,0.057025944478915125,1.6888766288757324,0.24565720558166504,100,44,-0.05703,-0.05703,1,1
7500,31,73,52,-1.9167792113482804e-12,0.0,0.0,1.9651033878326416,0.5170145034790039,-0.0,-0.0,1,1,0.042179229072528635,0.042179229072528635,1.669874906539917,0.5701894760131836,100,59,-0.04218,-0.04218,1,1
7500,32,32,98,12.000000000060353,0.0,0.0,0.7720046043395996,0.3742804527282715,12.0,12.0,1,1,0.865649532170158,0.865649532170158,0.812997579574585,0.29151201248168945,100,58,12.86565,12.86565,1,1
7500,33,99,81,-5.13787810182495e-11,0.0,0.0,0.8059570789337158,0.8290939331054688,-0.0,-0.0,1,1,0.0006183435775895945,0.0006183435775895945,0.8060674667358398,0.8270978927612305,100,76,0.00062,0.00062,1,1
7500,34,87,44,-5.338353093810057e-12,0.0,0.0,0.8424961566925049,0.8681418895721436,-0.0,-0.0,1,1,0.00029128742018013373,0.00029128742018013373,0.8003606796264648,0.8730020523071289,100,74,0.00029,0.00029,1,1
7500,35,31,91,28.99999999999706,0.0,0.0,0.8169271945953369,0.5633859634399414,29.0,29.0,1,1,3.050033530067708,3.050033530067708,0.8865289688110352,0.541823148727417,100,66,25.94997,25.94997,1,1
7500,36,39,15,9.545216953176051e-29,0.0,0.0,0.8091487884521484,0.011457681655883789,0.0,0.0,1,1,0.01679674972384209,0.01679674972384209,0.8035600185394287,0.009381294250488281,100,7,0.0168,0.0168,1,1
7500,37,65,33,-4.3425298514082647e-13,0.0,0.0,0.8446934223175049,0.2021806240081787,-0.0,-0.0,1,1,0.014278751632888404,0.014278751632888404,0.8000674247741699,0.20212531089782715,100,50,-0.01428,-0.01428,1,1
7500,38,85,59,-3.959971376564649e-11,0.0,0.0,0.7774801254272461,0.7728636264801025,-0.0,-0.0,1,1,0.07733123087402098,0.07733123087402098,0.7885668277740479,0.6656873226165771,100,71,0.07733,0.07733,1,1
7500,39,57,92,3.0000000000064917,0.0,0.0,0.7726421356201172,0.8519325256347656,3.0,3.0,1,1,0.7702671245511921,0.7702671245511921,0.7856619358062744,0.8416013717651367,100,78,2.22973,2.22973,1,1
7500,40,9,69,20.99999999999827,3.444444444445361,3.444444444445361,0.811234712600708,0.18146014213562012,21.0|25.66667|26.66667,21.0|25.66667|26.66667,3,3,3.9131493421433965,3.9131493421433965,0.6690976619720459,0.17304372787475586,100,44,21.36295|26.51632|26.86018,21.36295|26.51632|26.86018,3,3
7500,41,49,23,-7.355227538142297e-16,0.0,0.0,0.6736273765563965,0.01618814468383789,-0.0,-0.0,1,1,0.0008708393035762997,0.0008708393035762997,0.6721169948577881,0.008003711700439453,100,7,-0.00087,-0.00087,1,1
7500,42,85,44,-2.2824835321977912e-11,0.0,0.0,0.6706163883209229,0.5734589099884033,-0.0,-0.0,1,1,0.024758877226157404,0.024758877226157404,0.6686267852783203,0.5844781398773193,100,71,0.02476,0.02476,1,1
7500,43,33,70,1.9999999999998068,0.0,0.0,0.6744859218597412,0.27026891708374023,2.0,2.0,1,1,0.4317063693949639,0.4317063693949639,0.73077392578125,0.2668642997741699,100,58,1.56829,1.56829,1,1
7500,44,27,76,6.000000000000251,10.16666666666561,10.16666666666561,0.6731860637664795,0.17493605613708496,6.0|26.33333,6.0|26.33333,2,2,10.106785142377626,10.106785142377626,0.6683764457702637,0.16581010818481445,100,46,6.00148|26.21209,6.00148|26.21209,2,2
7500,45,51,97,10.99999999930787,0.0,0.0,0.7219047546386719,0.7850930690765381,11.0,11.0,1,1,2.7652521949661075,2.7652521949661075,0.6692636013031006,0.7867264747619629,100,82,13.76525,13.76525,1,1
7500,46,39,12,2.3561399744814222e-15,0.0,0.0,0.6769800186157227,0.01050877571105957,0.0,0.0,1,1,0.0003715367348082576,0.0003715367348082576,0.728665828704834,0.009270429611206055,100,9,-0.00037,-0.00037,1,1
7500,47,60,67,-3.0644045220970664e-13,0.0,0.0,0.6723291873931885,0.14076447486877441,-0.0,-0.0,1,1,0.10586236333688166,0.10586236333688166,0.6689615249633789,0.1425638198852539,100,49,-0.10586,-0.10586,1,1
7500,48,52,46,1.219500395555331e-13,0.0,0.0,0.7337455749511719,0.15746068954467773,0.0,0.0,1,1,0.025835705010428683,0.025835705010428683,0.7945475578308105,0.15160346031188965,100,42,0.02584,0.02584,1,1
7500,49,51,17,-3.1114054547273054e-13,0.0,0.0,0.7816064357757568,0.01865220069885254,-0.0,-0.0,1,1,0.006004466449093014,0.006004466449093014,0.8211877346038818,0.017368316650390625,100,14,-0.006,-0.006,1,1
7500,50,67,82,-5.010703735029902e-13,0.0,0.0,0.761249303817749,0.43924379348754883,-0.0,-0.0,1,1,0.4537598950433946,0.4537598950433946,0.783165693283081,0.4198157787322998,100,64,0.45376,0.45376,1,1
7500,51,64,73,-1.0144363981312817e-12,0.0,0.0,0.8132143020629883,0.39340877532958984,-0.0,-0.0,1,1,0.5177627928204953,0.5177627928204953,0.8802080154418945,0.3879859447479248,100,61,0.51776,0.51776,1,1
7500,52,65,75,5.997332461611757e-13,0.0,0.0,0.8115363121032715,0.23882150650024414,0.0,0.0,1,1,0.05898869584148332,0.05898869584148332,0.8145723342895508,0.2418820858001709,100,53,0.05899,0.05899,1,1
7500,53,2,58,4.000000000015367,2.2648549702353193e-14,0.0,0.8766376972198486,0.04528665542602539,4.0,4.0,1,1,0.0012649071840296067,0.0020516921094699825,0.7947113513946533,0.04033708572387695,100,23,3.99795|4.00048,3.99795,2,1
7500,54,96,94,-1.4400693816724545e-09,0.0,0.0,1.5276212692260742,1.2969532012939453,-0.0,-0.0,1,1,0.006425140562265767,0.006425140562265767,1.3357830047607422,1.7644195556640625,100,76,-0.00643,-0.00643,1,1
7500,55,64,45,3.975417183118138e-16,0.0,0.0,1.9247450828552246,0.4046504497528076,0.0,0.0,1,1,0.018232327319651374,0.018232327319651374,2.059572696685791,0.3675248622894287,100,48,-0.01823,-0.01823,1,1
7500,56,4,10,-3.8014036363167566e-14,8.26699659309274e-15,0.0,1.7841403484344482,0.006995201110839844,-0.0,-0.0,1,1,0.014072873420140736,0.007175257465820866,1.4913454055786133,0.006514787673950195,100,2,0.00718|0.02097,0.00718,2,1
7500,57,41,83,1.0000000000003728,0.0,0.0,1.589857816696167,0.20341920852661133,1.0,1.0,1,1,0.0975407340195078,0.0975407340195078,1.0671279430389404,0.20630431175231934,100,50,0.90246,0.90246,1,1
7500,58,38,32,-3.677058657557526e-13,0.0,0.0,0.81685471534729,0.013127803802490234,-0.0,-0.0,1,1,0.022740915004167552,0.022740915004167552,0.8032665252685547,0.011774539947509766,100,10,-0.02274,-0.02274,1,1
7500,59,36,85,14.000000000005254,0.0,0.0,0.8267378807067871,0.7665691375732422,14.0,14.0,1,1,6.115182007470292,6.115182007470292,0.7946422100067139,0.683692455291748,100,71,20.11518,20.11518,1,1
7500,60,76,19,-4.500341094937926e-14,0.0,0.0,0.8027591705322266,0.21178007125854492,-0.0,-0.0,1,1,0.045275505018620765,0.045275505018620765,0.7971479892730713,0.2088944911956787,100,46,-0.04528,-0.04528,1,1
7500,61,18,17,6.458547649192684e-14,0.0,0.0,0.8643496036529541,0.011429786682128906,0.0,0.0,1,1,0.01005034418883477,0.01005034418883477,0.8006563186645508,0.009888887405395508,100,5,0.01005,0.01005,1,1
7500,62,4,38,2.000000000000248,1.0000000000001847,1.0000000000001847,0.7761530876159668,0.010463953018188477,-0.0|2.0,-0.0|2.0,2,2,1.0224372270317814,1.0224372270317814,0.7872307300567627,0.011147022247314453,100,8,-0.0389|1.99402,-0.0389|1.99402,2,2
7500,63,53,19,-2.007079606832096e-14,0.0,0.0,0.7963404655456543,0.1233816146850586,-0.0,-0.0,1,1,0.059309647881063236,0.059309647881063236,0.8081052303314209,0.1269979476928711,100,38,-0.05931,-0.05931,1,1
7500,64,95,58,3.3887573822501035e-12,0.0,0.0,1.4863765239715576,1.4138126373291016,0.0,0.0,1,1,0.0642071760353679,0.0642071760353679,1.5959198474884033,1.2756009101867676,100,72,0.06421,0.06421,1,1
7500,65,87,50,-5.5949638663059406e-11,0.0,0.0,1.6831645965576172,1.8500909805297852,-0.0,-0.0,1,1,0.024867537543825792,0.024867537543825792,1.7718026638031006,1.8450977802276611,100,74,-0.02487,-0.02487,1,1
7500,66,32,46,2.1254495747954075e-12,0.0,0.0,1.3085241317749023,0.09410762786865234,0.0,0.0,1,1,0.03876212539323602,0.03876212539323602,1.7809796333312988,0.08089232444763184,100,23,-0.03876,-0.03876,1,1
7500,67,11,55,2.0000000000000373,0.0,0.0,1.8305752277374268,0.17639636993408203,2.0,2.0,1,1,0.004539404306199035,0.004539404306199035,1.5564589500427246,0.18254351615905762,100,39,2.00454,2.00454,1,1
7500,68,20,93,168.99999999999574,50.00000000004829,50.00000000004829,1.4037408828735352,0.8929762840270996,169.0|269.0,169.0|269.0,2,2,49.553642468315346,49.553642468315346,1.2088687419891357,0.702540397644043,100,71,168.75391|267.8612,168.75391|267.8612,2,2
7500,69,54,57,6.461373025116684e-14,0.0,0.0,0.8706107139587402,0.08945441246032715,0.0,0.0,1,1,0.00544669063362817,0.00544669063362817,0.7916982173919678,0.08141756057739258,100,37,0.00545,0.00545,1,1
7500,70,43,60,-1.7513263566631745e-13,0.0,0.0,0.7768135070800781,0.1034700870513916,-0.0,-0.0,1,1,0.362303068063724,0.362303068063724,0.7566685676574707,0.09804701805114746,100,33,-0.3623,-0.3623,1,1
7500,71,46,35,3.257965326091333e-13,0.0,0.0,0.7595217227935791,0.0549619197845459,0.0,0.0,1,1,0.020548299181421804,0.020548299181421804,0.7093136310577393,0.04964089393615723,100,28,0.02055,0.02055,1,1
7500,72,10,70,36.000000000001194,0.0,0.0,0.66365647315979,0.2703256607055664,36.0,36.0,1,1,0.3539404804247468,0.3539404804247468,0.7444698810577393,0.27225494384765625,100,58,36.35394,36.35394,1,1
7500,73,26,4,-2.5368596112792946e-15,0.0,0.0,0.7610347270965576,0.009224176406860352,-0.0,-0.0,1,1,0.03979739814080706,0.03979739814080706,0.7720623016357422,0.00817728042602539,100,6,-0.0398,-0.0398,1,1
7500,74,55,18,3.8891819957844655e-14,0.0,0.0,0.8340086936950684,0.09785342216491699,0.0,0.0,1,1,0.041460096044451215,0.041460096044451215,0.7669329643249512,0.09634256362915039,100,39,-0.04146,-0.04146,1,1
7500,75,84,96,6.782614321426247e-10,0.0,0.0,0.7796375751495361,0.7289505004882812,0.0,0.0,1,1,0.04863367672732661,0.04863367672732661,0.7771186828613281,0.7370011806488037,100,77,-0.04863,-0.04863,1,1
7500,76,35,54,-1.8743627339876614e-14,0.0,0.0,0.816359281539917,0.06725716590881348,-0.0,-0.0,1,1,0.09543616761587724,0.09543616761587724,0.7028989791870117,0.07143115997314453,100,38,-0.09544,-0.09544,1,1
7500,77,35,75,3.000000000000003,0.0,0.0,0.7019927501678467,0.1522371768951416,3.0,3.0,1,1,0.49938989346833784,0.49938989346833784,0.8745088577270508,0.14024138450622559,100,45,2.50061,2.50061,1,1
7500,78,11,7,2.3057295142298705e-14,0.0,0.0,0.7992153167724609,0.005049943923950195,0.0,0.0,1,1,0.00027283275866534515,0.00027283275866534515,0.7991039752960205,0.004374504089355469,100,2,0.00027,0.00027,1,1
7500,79,70,33,7.90765847149366e-13,0.0,0.0,0.8550024032592773,0.3144052028656006,0.0,0.0,1,1,0.02865165427838029,0.02865165427838029,0.7957172393798828,0.33030104637145996,100,58,0.02865,0.02865,1,1
7500,80,90,9,-2.2485500871114062e-13,0.0,0.0,0.8189959526062012,0.4402623176574707,-0.0,-0.0,1,1,0.01416913865413394,0.01416913865413394,0.7712223529815674,0.44275331497192383,100,64,-0.01417,-0.01417,1,1
7500,81,98,24,1.806785833127673e-12,0.0,0.0,0.7866334915161133,0.3017594814300537,0.0,0.0,1,1,0.022726544715288795,0.022726544715288795,0.8093464374542236,0.31011199951171875,100,58,-0.02273,-0.02273,1,1
7500,82,69,9,-3.836152442781794e-14,0.0,0.0,0.7731812000274658,0.20104646682739258,-0.0,-0.0,1,1,0.03103098412706115,0.03103098412706115,0.8040611743927002,0.20405936241149902,100,44,0.03103,0.03103,1,1
7500,83,89,84,-1.605328748033819e-10,0.0,0.0,0.7748889923095703,0.7390470504760742,-0.0,-0.0,1,1,0.1330873058072298,0.1330873058072298,0.7535195350646973,0.7258872985839844,100,73,0.13309,0.13309,1,1
7500,84,99,73,-1.0329338849174802e-10,0.0,0.0,0.7776589393615723,0.707404375076294,-0.0,-0.0,1,1,0.009943869427648721,0.009943869427648721,0.7786664962768555,0.7889049053192139,100,76,-0.00994,-0.00994,1,1
7500,85,53,18,3.8242092656082455e-14,0.0,0.0,0.7798316478729248,0.08098793029785156,0.0,0.0,1,1,0.025874414494941496,0.025874414494941496,0.8350346088409424,0.07927298545837402,100,38,0.02587,0.02587,1,1
7500,86,74,65,1.5678560306595535e-12,0.0,0.0,0.8041229248046875,0.3179187774658203,0.0,0.0,1,1,0.02721881948706385,0.02721881948706385,0.7458174228668213,0.3124816417694092,100,58,-0.02722,-0.02722,1,1
7500,87,8,72,47.0000000000014,9.37499999999934,9.37499999999934,0.8268048763275146,0.1830291748046875,17.5|43.5|47.0|51.5,17.5|43.5|47.0|51.5,4,4,9.05198336410214,9.05198336410214,0.7723815441131592,0.17724323272705078,100,51,18.44678|44.05927|47.07058|51.6434,18.44678|44.05927|47.07058|51.6434,4,4
7500,88,57,72,-1.9256848047229148e-13,0.0,0.0,0.7481029033660889,0.26158642768859863,-0.0,-0.0,1,1,0.013142107199438171,0.013142107199438171,0.7571289539337158,0.18743419647216797,100,52,0.01314,0.01314,1,1
7500,89,34,26,-6.5517867694598974e-15,0.0,0.0,0.6691799163818359,0.012210607528686523,-0.0,-0.0,1,1,0.0025023392257629527,0.0025023392257629527,0.675163984298706,0.011153936386108398,100,11,-0.0025,-0.0025,1,1
7500,90,76,73,9.743283238780803e-12,0.0,0.0,0.6662237644195557,0.3323171138763428,0.0,0.0,1,1,0.9477928293325442,0.9477928293325442,0.7251012325286865,0.3266916275024414,100,62,0.94779,0.94779,1,1
7500,91,38,62,1.999999999994261,0.0,0.0,0.6706681251525879,0.1830604076385498,2.0,2.0,1,1,0.9565145623254658,0.9565145623254658,0.6723594665527344,0.1743943691253662,100,52,1.04349,1.04349,1,1
7500,92,71,35,8.634056492844132e-13,0.0,0.0,0.6870412826538086,0.3969426155090332,0.0,0.0,1,1,0.0031405487835620715,0.0031405487835620715,0.7694098949432373,0.39184093475341797,100,62,-0.00314,-0.00314,1,1
7500,93,64,17,-4.25666315894342e-14,0.0,0.0,0.7867438793182373,0.1474165916442871,-0.0,-0.0,1,1,0.010749586897546373,0.010749586897546373,0.836897611618042,0.14313602447509766,100,47,-0.01075,-0.01075,1,1
7500,94,50,94,5.999999999989741,0.0,0.0,0.7550616264343262,0.6080067157745361,6.0,6.0,1,1,8.204635961658143,8.204635961658143,0.7645177841186523,0.6253314018249512,100,69,-2.20464,-2.20464,1,1
7500,95,14,89,13.00000000000057,0.0,0.0,0.8125247955322266,0.4820411205291748,13.0,13.0,1,1,0.16370085698244274,0.16370085698244274,0.765859842300415,0.48717331886291504,100,64,12.8363,12.8363,1,1
7500,96,95,9,2.1868184403392067e-13,0.0,0.0,0.7688908576965332,0.7124283313751221,0.0,0.0,1,1,0.01906349558418204,0.01906349558418204,0.7685501575469971,0.6303014755249023,100,72,-0.01906,-0.01906,1,1
7500,97,27,36,2.7829590483938247e-14,1.8333333333330852,1.8333333333330852,0.6794941425323486,0.020243167877197266,0.0|3.66667,0.0|3.66667,2,2,1.852073124807964,1.852073124807964,0.6794962882995605,0.01205754280090332,100,14,-0.0329|3.67125,-0.0329|3.67125,2,2
7500,98,40,67,4.270958774839584e-14,0.0,0.0,0.7364761829376221,0.11763548851013184,0.0,0.0,1,1,0.06752858969247197,0.06752858969247197,0.6637575626373291,0.11164045333862305,100,45,0.06753,0.06753,1,1
7500,99,29,86,93.000000000011,0.0,0.0,0.7501721382141113,1.088106632232666,93.0,93.0,1,1,2.5242582810613783,2.5242582810613783,0.8039000034332275,1.5476763248443604,100,73,95.52426,95.52426,1,1
10000,0,21,33,1.0000000000000893,0.0,0.0,2.0125892162323,0.06671285629272461,1.0,1.0,1,1,0.06162464545381896,0.06162464545381896,1.3006763458251953,0.07851934432983398,100,25,0.93838,0.93838,1,1
10000,1,77,39,7.823424460616796e-13,0.0,0.0,1.3506717681884766,0.4542982578277588,0.0,0.0,1,1,0.000988444507713975,0.000988444507713975,1.3540873527526855,0.3860955238342285,100,54,-0.00099,-0.00099,1,1
10000,2,57,93,3.000000000003396,0.0,0.0,0.8203701972961426,0.7101051807403564,3.0,3.0,1,1,1.5805939992482416,1.5805939992482416,0.7771751880645752,0.7105374336242676,100,71,1.41941,1.41941,1,1
10000,3,70,80,4.6879550256134e-11,0.0,0.0,0.8185780048370361,0.591456413269043,0.0,0.0,1,1,0.1950514063955925,0.1950514063955925,0.8106884956359863,0.5703802108764648,100,67,0.19505,0.19505,1,1
10000,4,98,24,1.806785833127673e-12,0.0,0.0,0.809678316116333,0.3881044387817383,0.0,0.0,1,1,0.05410287830957164,0.05410287830957164,0.8767120838165283,0.324324369430542,100,58,0.0541,0.0541,1,1
10000,5,62,97,-2.1589837735075912e-11,0.0,0.0,0.7878479957580566,0.9691002368927002,-0.0,-0.0,1,1,1.8654672666570573,1.8654672666570573,0.8858335018157959,0.9626443386077881,100,83,1.86547,1.86547,1,1
10000,6,91,63,-8.37799718573683e-11,0.0,0.0,0.7785587310791016,0.5812716484069824,-0.0,-0.0,1,1,0.24941461282299698,0.24941461282299698,0.80503249168396,0.6075105667114258,100,68,0.24941,0.24941,1,1
10000,7,6,31,1.9999999999999443,0.2500000000001491,0.2500000000001491,0.8167579174041748,0.018965959548950195,2.0|2.5,2.0|2.5,2,2,0.26238531178531854,0.26238531178531854,0.8697121143341064,0.01792168617248535,100,15,2.02229|2.50248,2.02229|2.50248,2,2
10000,8,88,36,-2.0551890290309799e-13,0.0,0.0,0.7988228797912598,0.1650381088256836,-0.0,-0.0,1,1,0.07054102846818032,0.07054102846818032,0.8121767044067383,0.16148018836975098,100,49,0.07054,0.07054,1,1
10000,9,69,47,6.591959393144481e-14,0.0,0.0,0.8554904460906982,0.13387250900268555,0.0,0.0,1,1,0.0391527551224184,0.0391527551224184,0.7887728214263916,0.14240622520446777,100,46,0.03915,0.03915,1,1
10000,10,43,62,0.9999999999994781,0.0,0.0,0.7709319591522217,0.20960664749145508,1.0,1.0,1,1,1.6619063334725441,1.6619063334725441,0.9276149272918701,0.20392251014709473,100,52,-0.66191,-0.66191,1,1
10000,11,71,88,3.418152434685693e-12,0.0,0.0,0.7972362041473389,0.4671201705932617,0.0,0.0,1,1,0.0016100873580050686,0.0016100873580050686,0.9172067642211914,0.4571089744567871,100,65,0.00161,0.00161,1,1
10000,12,62,87,4.694212379410936e-11,0.0,0.0,0.8222463130950928,0.9071736335754395,0.0,0.0,1,1,0.7485666919022568,0.7485666919022568,0.8502488136291504,0.8954408168792725,100,75,0.74857,0.74857,1,1
10000,13,4,3,9.589366338028696e-14,1.1506771770909536e-14,0.0,0.8002719879150391,0.0049800872802734375,0.0,0.0,1,1,0.005372306942737028,0.00021513522629215237,0.8994693756103516,0.0042133331298828125,100,2,-0.01053|-0.00022,-0.00022,2,1
10000,14,45,50,1.5338778835074507e-15,0.0,0.0,0.823920488357544,0.06706762313842773,0.0,0.0,1,1,0.003532315247793193,0.003532315247793193,0.7792379856109619,0.05734419822692871,100,28,0.00353,0.00353,1,1
10000,15,46,18,4.014090647176731e-13,0.0,0.0,0.9205529689788818,0.024106979370117188,0.0,0.0,1,1,0.0001670870018109823,0.0001670870018109823,0.8182826042175293,0.02300715446472168,100,20,-0.00017,-0.00017,1,1
10000,16,9,68,120.99999999998964,22.111111111118003,22.111111111118003,0.7970936298370361,0.26190638542175293,121.0|148.66667|159.66667,121.0|148.66667|159.66667,3,3,21.81436671828882,21.81436671828882,0.8274388313293457,0.27867603302001953,100,53,119.61627|146.58967|159.4697,119.61627|146.58967|159.4697,3,3
10000,17,42,44,3.680844336069063e-14,0.0,0.0,0.8245153427124023,0.06097722053527832,0.0,0.0,1,1,0.07738258610044746,0.07738258610044746,0.8621230125427246,0.05396723747253418,100,27,0.07738,0.07738,1,1
10000,18,61,6,-1.0582159472271585e-13,0.0,0.0,0.9515094757080078,0.12461566925048828,-0.0,-0.0,1,1,0.029361568766559716,0.029361568766559716,0.7839992046356201,0.13047099113464355,100,37,0.02936,0.02936,1,1
10000,19,23,28,1.4654943925060094e-15,0.0,0.0,0.8200118541717529,0.013531208038330078,0.0,0.0,1,1,0.028246228428710874,0.028246228428710874,0.7904512882232666,0.011977195739746094,100,10,-0.02825,-0.02825,1,1
10000,20,84,56,6.0969019190648825e-12,0.0,0.0,0.7890596389770508,0.5642910003662109,0.0,0.0,1,1,0.013525696150527398,0.013525696150527398,0.8288631439208984,0.6250889301300049,100,68,-0.01353,-0.01353,1,1
10000,21,71,42,5.288798992279294e-13,0.0,0.0,0.7626619338989258,0.40668773651123047,0.0,0.0,1,1,0.020297362070587962,0.020297362070587962,0.8007442951202393,0.39379334449768066,100,62,-0.0203,-0.0203,1,1
10000,22,63,44,-1.7118543097157775e-13,0.0,0.0,0.8224868774414062,0.08280444145202637,-0.0,-0.0,1,1,0.005746661253289724,0.005746661253289724,0.6712148189544678,0.09204721450805664,100,33,0.00575,0.00575,1,1
10000,23,68,58,3.653786972826363e-12,0.0,0.0,0.6898722648620605,0.24470901489257812,0.0,0.0,1,1,0.0034790348199060517,0.0034790348199060517,0.6682720184326172,0.24114322662353516,100,54,0.00348,0.00348,1,1
10000,24,47,3,6.201866160266274e-14,0.0,0.0,0.7082231044769287,0.018003225326538086,0.0,0.0,1,1,0.0034651932428030165,0.0034651932428030165,0.790839672088623,0.016788482666015625,100,13,-0.00347,-0.00347,1,1
10000,25,53,9,2.1833093314832874e-14,0.0,0.0,0.8015601634979248,0.1301426887512207,0.0,0.0,1,1,0.031796442648941554,0.031796442648941554,0.8430845737457275,0.12307024002075195,100,38,0.0318,0.0318,1,1
10000,26,40,28,-1.1156763558774819e-14,0.0,0.0,0.7959437370300293,0.06096196174621582,-0.0,-0.0,1,1,0.001696830537264051,0.001696830537264051,0.7702202796936035,0.05255270004272461,100,27,0.0017,0.0017,1,1
10000,27,53,4,1.1090352314328273e-14,0.0,0.0,0.7931008338928223,0.10416197776794434,0.0,0.0,1,1,0.0024620800641537376,0.0024620800641537376,0.8025658130645752,0.10864377021789551,100,38,0.00246,0.00246,1,1
10000,28,95,32,-2.2581385149663786e-12,0.0,0.0,0.6759557723999023,0.6002011299133301,-0.0,-0.0,1,1,0.005897189009762116,0.005897189009762116,0.6710371971130371,0.6974408626556396,100,72,-0.0059,-0.0059,1,1
10000,29,95,81,-1.2884273344502415e-11,0.0,0.0,0.8092734813690186,0.7385716438293457,-0.0,-0.0,1,1,0.04705233251518693,0.04705233251518693,0.7796168327331543,0.7190549373626709,100,73,0.04705,0.04705,1,1
10000,30,95,97,6.650969147394679e-10,0.0,0.0,0.7867023944854736,0.9324300289154053,0.0,0.0,1,1,0.2583279848185448,0.2583279848185448,0.8252949714660645,0.9223933219909668,100,83,-0.25833,-0.25833,1,1
10000,31,79,82,1.6823559806835276e-10,0.0,0.0,0.7573540210723877,0.7179181575775146,0.0,0.0,1,1,0.322310909458126,0.322310909458126,0.783334493637085,0.7756743431091309,100,71,0.32231,0.32231,1,1
10000,32,35,15,8.132883051012515e-15,0.0,0.0,0.7751851081848145,0.03195476531982422,0.0,0.0,1,1,0.0059652501811481955,0.0059652501811481955,0.7578129768371582,0.023556947708129883,100,19,-0.00597,-0.00597,1,1
10000,33,83,57,-5.23039932735373e-13,0.0,0.0,0.7699148654937744,0.21180200576782227,-0.0,-0.0,1,1,0.015368601866116448,0.015368601866116448,0.8178191184997559,0.19925999641418457,100,51,0.01537,0.01537,1,1
10000,34,1,82,286.0000000000106,99.49999999997155,99.49999999997155,0.7926838397979736,0.3876373767852783,87.0|286.0,87.0|286.0,2,2,100.49098826874013,100.49098826874013,0.7266578674316406,0.3933384418487549,100,63,87.94419|288.92617,87.94419|288.92617,2,2
10000,35,83,33,-1.4865704609484494e-13,0.0,0.0,0.6662235260009766,0.16495919227600098,-0.0,-0.0,1,1,0.041232225322156965,0.041232225322156965,0.6631813049316406,0.16609859466552734,100,50,0.04123,0.04123,1,1
10000,36,28,61,3.000000000000086,0.0,0.0,0.6735355854034424,0.08904147148132324,3.0,3.0,1,1,0.07285101035819741,0.07285101035819741,0.7778644561767578,0.08004331588745117,100,37,3.07285,3.07285,1,1
10000,37,93,41,1.2112270457830174e-11,0.0,0.0,0.7954192161560059,0.6713948249816895,0.0,0.0,1,1,0.01332546871380552,0.01332546871380552,0.7764427661895752,0.682959794998169,100,71,0.01333,0.01333,1,1
10000,38,41,23,3.478698810492639e-15,0.0,0.0,0.8414192199707031,0.009138822555541992,0.0,0.0,1,1,0.029312377286109456,0.029312377286109456,0.7667016983032227,0.008079767227172852,100,9,0.02931,0.02931,1,1
10000,39,12,71,14.000000000002087,67.3749999999968,67.3749999999968,0.6944983005523682,0.3548305034637451,14.0|148.75,14.0|148.75,2,2,67.42701142280441,67.42701142280441,0.6694166660308838,0.3437831401824951,100,62,14.28659|148.56743,14.28659|148.56743,2,2
10000,40,43,77,2.9999999999989027,0.0,0.0,0.8734784126281738,0.4784126281738281,3.0,3.0,1,1,1.3918980102802538,1.3918980102802538,1.502166509628296,0.47988438606262207,100,54,4.3919,4.3919,1,1
10000,41,96,14,2.078530496988298e-11,0.0,0.0,2.08276629447937,1.8133769035339355,0.0,0.0,1,1,0.01557230428064722,0.01557230428064722,1.730133295059204,1.6560554504394531,100,75,0.01557,0.01557,1,1
10000,42,81,76,-2.3672039095488406e-12,0.0,0.0,1.4417285919189453,0.8493068218231201,-0.0,-0.0,1,1,0.15462716138277638,0.15462716138277638,1.303105354309082,0.8350274562835693,100,60,0.15463,0.15463,1,1
10000,43,48,32,-1.3388191223101815e-14,0.0,0.0,2.06896710395813,0.14195561408996582,-0.0,-0.0,1,1,0.011094979289233085,0.011094979289233085,2.0537209510803223,0.16759276390075684,100,26,-0.01109,-0.01109,1,1
10000,44,79,91,2.5298899460039266e-10,0.0,0.0,2.0744247436523438,1.3461551666259766,0.0,0.0,1,1,0.013307751587445602,0.013307751587445602,2.0760862827301025,1.5611557960510254,100,69,-0.01331,-0.01331,1,1
10000,45,13,50,1.0000000000000944,0.0,0.0,1.621046543121338,0.11898279190063477,1.0,1.0,1,1,0.11250105509433705,0.11250105509433705,1.3627431392669678,0.130035400390625,100,27,1.1125,1.1125,1,1
10000,46,46,54,1.0000000000011207,0.0,0.0,1.359494686126709,0.10892367362976074,1.0,1.0,1,1,0.018519527299747374,0.018519527299747374,1.4064183235168457,0.11867952346801758,100,36,0.98148,0.98148,1,1
10000,47,19,80,17.00000000000069,0.0,0.0,1.3274142742156982,0.9172277450561523,17.0,17.0,1,1,0.5042725706280073,0.5042725706280073,1.3149752616882324,0.7338142395019531,100,65,16.49573,16.49573,1,1
10000,48,71,83,6.711770262994136e-12,0.0,0.0,1.2025654315948486,0.9159026145935059,0.0,0.0,1,1,0.007330817944433393,0.007330817944433393,1.591733455657959,0.9874546527862549,100,64,-0.00733,-0.00733,1,1
10000,49,65,9,-5.1892741518034435e-14,0.0,0.0,1.5763630867004395,0.40068578720092773,-0.0,-0.0,1,1,0.014542202470509564,0.014542202470509564,1.7078807353973389,0.34256529808044434,100,50,-0.01454,-0.01454,1,1
10000,50,71,16,-3.34430128582056e-13,0.0,0.0,1.2912213802337646,0.40151524543762207,-0.0,-0.0,1,1,0.013500691077512905,0.013500691077512905,0.8318057060241699,0.40994882583618164,100,62,-0.0135,-0.0135,1,1
10000,51,10,7,4.3585097990505566e-14,0.0,0.0,0.7795412540435791,0.005284786224365234,0.0,0.0,1,1,0.007831048600507233,0.007831048600507233,0.7742159366607666,0.004814624786376953,100,2,-0.00783,-0.00783,1,1
10000,52,40,31,-1.6121401112591197e-14,0.0,0.0,0.7587032318115234,0.05139493942260742,-0.0,-0.0,1,1,0.05809371505297542,0.05809371505297542,0.7388575077056885,0.04457592964172363,100,27,-0.05809,-0.05809,1,1
10000,53,93,60,-3.027539642838036e-11,0.0,0.0,0.6728239059448242,0.5951178073883057,-0.0,-0.0,1,1,0.03950468460396784,0.03950468460396784,0.684473991394043,0.5943031311035156,100,71,0.0395,0.0395,1,1
10000,54,30,97,1.0000000000093752,0.0,0.0,0.7291393280029297,0.7812252044677734,1.0,1.0,1,1,5.641373117056762,5.641373117056762,0.6712136268615723,0.7834439277648926,100,82,6.64137,6.64137,1,1
10000,55,51,18,-5.089443078863184e-13,0.0,0.0,0.6677944660186768,0.013895273208618164,-0.0,-0.0,1,1,0.007386711070412121,0.007386711070412121,0.7441623210906982,0.012863874435424805,100,13,-0.00739,-0.00739,1,1
10000,56,28,18,-9.285501660501649e-15,0.0,0.0,0.6703071594238281,0.01278066635131836,-0.0,-0.0,1,1,0.011292056668359323,0.011292056668359323,0.6764175891876221,0.011605501174926758,100,10,0.01129,0.01129,1,1
10000,57,10,39,0.9999999999999707,0.0,0.0,0.6760520935058594,0.00895237922668457,1.0,1.0,1,1,0.012318663568373855,0.012318663568373855,0.7294719219207764,0.007376909255981445,100,6,0.98768,0.98768,1,1
10000,58,4,3,9.589366338028696e-14,1.1506771770909536e-14,0.0,0.6722168922424316,0.0051136016845703125,0.0,0.0,1,1,0.019216628609685957,0.010367432031061417,0.667534589767456,0.003786802291870117,100,2,-0.02807|-0.01037,-0.01037,2,1
10000,59,78,97,0.9999999999954743,0.0,0.0,0.7246954441070557,0.7845864295959473,1.0,1.0,1,1,0.3217263547530981,0.3217263547530981,0.6792237758636475,0.7910635471343994,100,82,0.67827,0.67827,1,1
10000,60,77,79,7.236504008492357e-11,0.0,0.0,0.6675209999084473,0.4743614196777344,0.0,0.0,1,1,0.21271926949148146,0.21271926949148146,0.7273755073547363,0.5186729431152344,100,66,0.21272,0.21272,1,1
10000,61,59,15,2.5618644665264088e-14,0.0,0.0,0.7933828830718994,0.07352280616760254,0.0,0.0,1,1,0.021409535000627047,0.021409535000627047,0.8102149963378906,0.08239412307739258,100,30,-0.02141,-0.02141,1,1
10000,62,93,72,-5.7860359049720736e-11,0.0,0.0,0.9451220035552979,0.7238278388977051,-0.0,-0.0,1,1,0.038039999554351,0.038039999554351,0.7839868068695068,0.7150588035583496,100,72,-0.03804,-0.03804,1,1
10000,63,79,13,-1.7271629935429512e-12,0.0,0.0,0.7725229263305664,0.4977076053619385,-0.0,-0.0,1,1,0.021751537501037463,0.021751537501037463,0.847581148147583,0.5044476985931396,100,65,-0.02175,-0.02175,1,1
10000,64,72,57,3.1826110393511863e-13,0.0,0.0,0.738182544708252,0.16983556747436523,0.0,0.0,1,1,0.014962594225499132,0.014962594225499132,0.6777255535125732,0.16532278060913086,100,52,-0.01496,-0.01496,1,1
10000,65,15,39,9.390289266312449e-15,0.0,0.0,0.7275607585906982,0.008680343627929688,0.0,0.0,1,1,0.0008751393066813893,0.0008751393066813893,0.6650142669677734,0.0075113773345947266,100,7,-0.00088,-0.00088,1,1
10000,66,47,2,9.686224797104575e-14,0.0,0.0,0.7626039981842041,0.014922380447387695,0.0,0.0,1,1,0.015374053601458344,0.015374053601458344,0.7712936401367188,0.013503789901733398,100,13,-0.01537,-0.01537,1,1
10000,67,5,79,27.000000000117694,0.0,0.0,0.8202447891235352,0.5825033187866211,27.0,27.0,1,1,0.30099322421096986,0.30099322421096986,0.8398447036743164,0.5188460350036621,100,65,27.30099,27.30099,1,1
10000,68,10,1,0.0,0.0,0.0,0.8339617252349854,0.005410671234130859,0.0,0.0,1,1,0.0004926744701312457,0.0004926744701312457,0.8737776279449463,0.0045871734619140625,100,2,-0.00049,-0.00049,1,1
10000,69,21,97,134.00000000000784,0.0,0.0,1.4096388816833496,1.2773237228393555,134.0,134.0,1,1,0.17146253509767462,0.17146253509767462,1.5769786834716797,1.7633905410766602,100,82,133.82854,133.82854,1,1
10000,70,79,89,1.033453609619065e-10,0.0,0.0,1.9061028957366943,1.816277265548706,0.0,0.0,1,1,0.05228500140889339,0.05228500140889339,2.023169755935669,1.8341963291168213,100,72,0.05229,0.05229,1,1
10000,71,42,85,15.000000000002064,0.0,0.0,1.7564775943756104,1.808807134628296,15.0,15.0,1,1,5.479518537249351,5.479518537249351,2.111780881881714,1.8564586639404297,100,71,9.52048,9.52048,1,1
10000,72,42,55,8.479919862842651e-14,0.0,0.0,1.7068583965301514,0.2616243362426758,0.0,0.0,1,1,0.37091336758801785,0.37091336758801785,1.516754150390625,0.23702049255371094,100,41,0.37091,0.37091,1,1
10000,73,6,74,69.99999999999271,9.000000000005912,9.000000000005912,1.442868947982788,0.4628136157989502,70.0|88.0,70.0|88.0,2,2,9.073795068893077,9.073795068893077,0.8149335384368896,0.3823838233947754,100,54,69.43856|87.58615,69.43856|87.58615,2,2
10000,74,60,29,-1.7045466692967156e-14,0.0,0.0,1.4500925540924072,0.1827535629272461,-0.0,-0.0,1,1,0.026385880538959367,0.026385880538959367,1.7964465618133545,0.15543484687805176,100,30,0.02639,0.02639,1,1
10000,75,69,19,-3.6896883131355935e-14,0.0,0.0,1.4810919761657715,0.4700908660888672,-0.0,-0.0,1,1,0.021488737705938954,0.021488737705938954,1.6813809871673584,0.5136518478393555,100,44,0.02149,0.02149,1,1
10000,76,18,36,8.998093275815589e-15,0.0,0.0,1.7589726448059082,0.031494855880737305,0.0,0.0,1,1,0.004461185982584932,0.004461185982584932,1.9988181591033936,0.05327033996582031,100,16,0.00446,0.00446,1,1
10000,77,37,94,55.999999999986855,0.0,0.0,1.8253061771392822,1.4602618217468262,56.0,56.0,1,1,0.3666684225338557,0.3666684225338557,1.6926791667938232,1.29254150390625,100,69,56.36667,56.36667,1,1
10000,78,4,86,998.9999999998856,407.0000000000164,407.0000000000164,1.3793635368347168,1.7355196475982666,185.0|999.0,185.0|999.0,2,2,394.8192465190778,394.8192465190778,1.8530399799346924,1.8774149417877197,100,73,209.42596|998.93555,209.42596|998.93555,2,2
10000,79,17,51,-7.917367286378589e-15,7.147869727769668e-13,1.4295739455539337e-12,2.0012118816375732,0.034726619720458984,0.0,0.0,1,1,0.0017673657163657264,0.0004238176491480258,1.9828169345855713,0.03885531425476074,100,14,-0.00311|0.00042,0.00042,2,1
10000,80,33,48,-4.097485709509163e-14,0.0,0.0,1.4196913242340088,0.1313467025756836,-0.0,-0.0,1,1,0.08667572944661457,0.08667572944661457,1.4506416320800781,0.11708831787109375,100,33,0.08668,0.08668,1,1
10000,81,2,59,6.000000000026724,1.6431300764452317e-14,0.0,1.6597774028778076,0.13711953163146973,6.0,6.0,1,1,0.00478829904491862,0.0021515153995999015,1.5138001441955566,0.12465715408325195,100,30,5.99785|6.00743,5.99785,2,1
10000,82,3,47,1.0000000000001943,0.4999999999999961,0.4999999999999961,1.6377074718475342,0.05719757080078125,0.0|1.0,0.0|1.0,2,2,0.4922724705010707,0.4922724705010707,1.6541755199432373,0.03595328330993652,100,13,0.02902|1.01357,0.02902|1.01357,2,2
10000,83,3,66,42.000000000019384,9.500000000000076,9.500000000000076,1.2149052619934082,0.23880529403686523,23.0|42.0,23.0|42.0,2,2,9.302875456003987,9.302875456003987,0.8053510189056396,0.23335003852844238,100,51,23.55169|42.15745,23.55169|42.15745,2,2
10000,84,30,22,1.2775788657445758e-14,0.0,0.0,0.8145153522491455,0.01812005043029785,0.0,0.0,1,1,0.02293008603563487,0.02293008603563487,0.8535535335540771,0.017160892486572266,100,14,-0.02293,-0.02293,1,1
10000,85,33,55,1.0000000000000464,0.0,0.0,0.7965877056121826,0.09350848197937012,1.0,1.0,1,1,0.269162028937883,0.269162028937883,0.8310394287109375,0.09847784042358398,100,39,0.73084,0.73084,1,1
10000,86,34,14,5.425728289690184e-18,0.0,0.0,0.7899723052978516,0.011924028396606445,0.0,0.0,1,1,0.018032991655400107,0.018032991655400107,0.8411417007446289,0.010834455490112305,100,8,-0.01803,-0.01803,1,1
10000,87,15,60,1.0000000000001108,0.0,0.0,0.7755460739135742,0.09123992919921875,1.0,1.0,1,1,0.005490010592204886,0.005490010592204886,0.7424070835113525,0.07689523696899414,100,30,0.99451,0.99451,1,1
10000,88,25,56,2.000000000000125,1.5000000000061882,1.5000000000061882,0.8271982669830322,0.14681458473205566,2.0|5.0,2.0|5.0,2,2,1.5081743098022202,1.5081743098022202,0.7983489036560059,0.13735342025756836,100,46,1.96648|4.98283,1.96648|4.98283,2,2
10000,89,7,86,208.00000000068206,22.50000000000159,22.50000000000159,0.7886815071105957,0.8607234954833984,163.0|208.0,163.0|208.0,2,2,25.485716583588697,25.485716583588697,0.7812292575836182,0.7955911159515381,100,73,159.22154|205.80703,159.22154|205.80703,2,2
10000,90,18,56,7.999999999999995,0.0,0.0,0.7772917747497559,0.14454936981201172,8.0,8.0,1,1,0.18323187049241163,0.18323187049241163,0.763237714767456,0.2375340461730957,100,46,7.81677,7.81677,1,1
10000,91,86,56,1.7709907681352187e-11,0.0,0.0,1.5300354957580566,1.4747669696807861,0.0,0.0,1,1,0.007914185611063777,0.007914185611063777,1.351012945175171,1.0782654285430908,100,73,-0.00791,-0.00791,1,1
10000,92,61,19,6.1658504685087836e-15,0.0,0.0,1.6571667194366455,0.23324275016784668,0.0,0.0,1,1,0.04134210318827897,0.04134210318827897,1.6131889820098877,0.2513124942779541,100,37,-0.04134,-0.04134,1,1
10000,93,17,44,1.33226762954999e-15,0.5000000000022863,0.5000000000022863,1.1670563220977783,0.07399606704711914,0.0|1.0,0.0|1.0,2,2,0.5103620814897301,0.5103620814897301,1.4079265594482422,0.06649398803710938,100,24,-0.00719|1.01353,-0.00719|1.01353,2,2
10000,94,24,51,-1.3322676295499398e-14,0.0,0.0,1.1784851551055908,0.05109834671020508,-0.0,-0.0,1,1,0.01740776681957573,0.01740776681957573,1.2104978561401367,0.0380859375,100,17,-0.01741,-0.01741,1,1
10000,95,18,94,205.00000000000128,0.0,0.0,1.4059643745422363,1.130370855331421,205.0,205.0,1,1,1.2170698309873842,1.2170698309873842,1.2590978145599365,1.2218513488769531,100,69,206.21707,206.21707,1,1
10000,96,63,70,-1.1030309845947834e-13,0.0,0.0,1.5600521564483643,0.6795425415039062,-0.0,-0.0,1,1,0.430176832341713,0.430176832341713,1.477928876876831,0.7662026882171631,100,60,-0.43018,-0.43018,1,1
10000,97,56,71,3.000000000000531,0.0,0.0,1.777653455734253,1.2521216869354248,3.0,3.0,1,1,0.13455660881633502,0.13455660881633502,2.110128879547119,1.0593695640563965,100,62,3.13456,3.13456,1,1
10000,98,9,100,363.99999999996714,66.44444444446414,66.44444444446414,0.8107788562774658,0.6259269714355469,364.0|447.66667|479.66667,364.0|447.66667|479.66667,3,3,69.76294255168735,69.76294255168735,0.7678513526916504,0.6290206909179688,100,70,366.45273|453.51523|481.32087,366.45273|453.51523|481.32087,3,3
10000,99,98,68,-1.306739569754999e-11,0.0,0.0,0.8368315696716309,0.45601820945739746,-0.0,-0.0,1,1,0.40576951152376617,0.40576951152376617,0.7568249702453613,0.4541201591491699,100,65,0.40577,0.40577,1,1
