Sample_Size,Exp_ID,T,Y,True_Effect,MAE_Full,MAE_Local,Time_Full,Time_Local,Eff_Full,Eff_Local,Set_Size_Full,Set_Size_Local,MAE_Full_n,MAE_Local_n,Time_Full_n,Time_Local_n,Vars_Full,Vars_Local,Eff_Full_n,Eff_Local_n,Set_Size_Full_n,Set_Size_Local_n
500,0,12,5,0.0,0.0,0.0,0.05740547180175781,0.004007101058959961,0.0,0.0,1,1,0.0032939732602705507,0.0032939732602705507,0.07236051559448242,0.002779722213745117,40,2,-0.00329,-0.00329,1,1
500,1,29,31,-5.982868521591121e-15,0.0,0.0,0.052316904067993164,0.03190970420837402,-0.0,-0.0,1,1,0.012509094880892866,0.012509094880892866,0.048865318298339844,0.031762123107910156,40,22,-0.01251,-0.01251,1,1
500,2,1,19,0.0,0.0,0.0,0.053641319274902344,0.003474712371826172,0.0,0.0,1,1,0.05890024595796428,0.055098367521191134,0.055115699768066406,0.002790212631225586,40,2,-0.0627|-0.0551,-0.0551,2,1
500,3,30,10,1.2918958832001822e-15,0.0,0.0,0.053200483322143555,0.02525949478149414,0.0,0.0,1,1,0.11513349937850914,0.11513349937850914,0.05278754234313965,0.024393558502197266,40,19,0.11513,0.11513,1,1
500,4,35,39,6.764309593902386e-15,0.0,0.0,0.11640572547912598,0.039620399475097656,0.0,0.0,1,1,0.14489255467514536,0.14489255467514536,0.057453155517578125,0.04287147521972656,40,27,-0.14489,-0.14489,1,1
500,5,21,34,0.999999999999994,0.0,0.0,0.04755425453186035,0.019865036010742188,1.0,1.0,1,1,0.2571209014480673,0.2571209014480673,0.04677176475524902,0.019778728485107422,40,20,1.25712,1.25712,1,1
500,6,29,40,-2.7632217501781674e-15,0.0,0.0,0.04609346389770508,0.026976346969604492,-0.0,-0.0,1,1,0.70781671467355,0.70781671467355,0.05095529556274414,0.026273250579833984,40,23,0.70782,0.70782,1,1
500,7,18,3,0.0,0.0,0.0,0.04390382766723633,0.00685429573059082,0.0,0.0,1,1,0.06481339366577143,0.06481339366577143,0.04422426223754883,0.0061991214752197266,40,7,0.06481,0.06481,1,1
500,8,15,1,0.0,0.0,0.0,0.047132253646850586,0.009446144104003906,0.0,0.0,1,1,0.04988220583492136,0.04988220583492136,0.04723477363586426,0.007141828536987305,40,7,0.04988,0.04988,1,1
500,9,1,33,24.0,3.5,3.5,0.04511237144470215,0.029909849166870117,17.0|24.0,17.0|24.0,2,2,3.727198848152181,3.727198848152181,0.046210527420043945,0.033315420150756836,40,28,16.75607|23.78954,16.75607|23.78954,2,2
500,10,5,7,0.0,0.0,0.0,0.05731201171875,0.005231380462646484,0.0,0.0,1,1,0.04036181017475937,0.007476205160483005,0.048194169998168945,0.0027556419372558594,40,2,-0.07445|-0.00748|0.03916,-0.00748,3,1
500,11,24,9,0.0,0.0,0.0,0.04446291923522949,0.00799560546875,0.0,0.0,1,1,0.013044556584874512,0.013044556584874512,0.04626202583312988,0.00526118278503418,40,7,0.01304,0.01304,1,1
500,12,28,33,1.000000000000005,0.0,0.0,0.04533791542053223,0.030970096588134766,1.0,1.0,1,1,0.47896624343557725,0.47896624343557725,0.05131244659423828,0.031054258346557617,40,28,1.47897,1.47897,1,1
500,13,22,27,8.242295734817162e-15,0.0,0.0,0.05500030517578125,0.01744985580444336,0.0,0.0,1,1,0.15674668866328512,0.15674668866328512,0.043996572494506836,0.019296884536743164,40,18,0.15675,0.15675,1,1
500,14,3,24,0.0,2.960594732333751e-17,0.0,0.04731893539428711,0.00422978401184082,0.0,0.0,1,1,0.04569602052483914,0.02579478364815157,0.046561241149902344,0.003522157669067383,40,4,0.02122|0.02579|0.09007,0.02579,3,1
500,15,23,30,-1.285048017363599e-14,0.0,0.0,0.043340444564819336,0.027443647384643555,-0.0,-0.0,1,1,0.409242930020351,0.409242930020351,0.047998905181884766,0.021975040435791016,40,20,-0.40924,-0.40924,1,1
500,16,21,26,-4.403363432879494e-15,0.0,0.0,0.04865121841430664,0.09544253349304199,-0.0,-0.0,1,1,0.04598555010514869,0.04598555010514869,0.04633760452270508,0.005762815475463867,40,9,0.04599,0.04599,1,1
500,17,38,23,-1.0956242767171562e-14,0.0,0.0,0.04481029510498047,0.0406498908996582,-0.0,-0.0,1,1,0.09607336416223251,0.09607336416223251,0.04450702667236328,0.036154747009277344,40,27,0.09607,0.09607,1,1
500,18,15,33,9.135549459772717e-15,0.0,0.0,0.04889941215515137,0.034345149993896484,0.0,0.0,1,1,2.588474193628846,2.588474193628846,0.04703474044799805,0.029632091522216797,40,29,2.58847,2.58847,1,1
500,19,27,3,2.283887364943179e-16,0.0,0.0,0.04810976982116699,0.012786626815795898,0.0,0.0,1,1,0.06502803477545567,0.06502803477545567,0.04983210563659668,0.013998031616210938,40,14,-0.06503,-0.06503,1,1
500,20,33,6,1.0810989014525856e-15,0.0,0.0,0.04559183120727539,0.0287935733795166,0.0,0.0,1,1,0.06630991932231568,0.06630991932231568,0.04680609703063965,0.030055999755859375,40,28,-0.06631,-0.06631,1,1
500,21,31,11,2.0404098830948824e-16,0.0,0.0,0.0433962345123291,0.013488054275512695,0.0,0.0,1,1,0.01289531873119416,0.01289531873119416,0.048439979553222656,0.014451980590820312,40,15,-0.0129,-0.0129,1,1
500,22,22,31,1.2505552149377763e-14,0.0,0.0,0.041867971420288086,0.015436649322509766,0.0,0.0,1,1,0.06754975545635784,0.06754975545635784,0.04315185546875,0.014893054962158203,40,17,-0.06755,-0.06755,1,1
500,23,1,38,23.0,2.5,2.5,0.04055190086364746,0.03363776206970215,18.0|23.0,18.0|23.0,2,2,3.004972739441479,3.004972739441479,0.04114937782287598,0.03864026069641113,40,26,17.41621|22.57384,17.41621|22.57384,2,2
500,24,23,37,-6.080087207263642e-14,0.0,0.0,0.04014730453491211,0.04716157913208008,-0.0,-0.0,1,1,1.097388092483873,1.097388092483873,0.04122519493103027,0.043360233306884766,40,31,1.09739,1.09739,1,1
500,25,38,5,-6.311246771758875e-16,0.0,0.0,0.04243040084838867,0.040581464767456055,-0.0,-0.0,1,1,0.10165777772184843,0.10165777772184843,0.0428774356842041,0.0359954833984375,40,26,0.10166,0.10166,1,1
500,26,26,22,-4.9037456411612546e-15,0.0,0.0,0.04749941825866699,0.010974407196044922,-0.0,-0.0,1,1,0.04306530495169644,0.04306530495169644,0.04722332954406738,0.006437540054321289,40,11,-0.04307,-0.04307,1,1
500,27,40,36,-5.92812642303615e-14,0.0,0.0,0.04594564437866211,0.04136943817138672,-0.0,-0.0,1,1,0.9281083144495101,0.9281083144495101,0.04519772529602051,0.04475116729736328,40,28,-0.92811,-0.92811,1,1
500,28,13,32,-1.30759600678074e-15,0.0,0.0,0.04963970184326172,0.02053356170654297,-0.0,-0.0,1,1,1.3629981164569362,1.3629981164569362,0.04792189598083496,0.019148588180541992,40,21,-1.363,-1.363,1,1
500,29,33,17,0.0,0.0,0.0,0.04875063896179199,0.030604839324951172,0.0,0.0,1,1,0.16450201675591664,0.16450201675591664,0.0565495491027832,0.03393673896789551,40,29,0.1645,0.1645,1,1
500,30,12,20,0.0,0.0,0.0,0.04847311973571777,0.004258394241333008,0.0,0.0,1,1,0.04700890300236447,0.04700890300236447,0.04526948928833008,0.003949642181396484,40,4,-0.04701,-0.04701,1,1
500,31,12,27,0.0,0.0,0.0,0.04823017120361328,0.013030290603637695,0.0,0.0,1,1,0.01819675521536967,0.01819675521536967,0.047997474670410156,0.012886524200439453,40,15,0.0182,0.0182,1,1
500,32,6,8,0.0,0.0,0.0,0.04779863357543945,0.0063321590423583984,0.0,0.0,1,1,0.0896014676176735,0.0896014676176735,0.046601057052612305,0.015027046203613281,40,5,0.0896,0.0896,1,1
500,33,34,32,1.2930184342406986e-14,0.0,0.0,0.04923868179321289,0.04054880142211914,0.0,0.0,1,1,0.4679861506619562,0.4679861506619562,0.0519101619720459,0.040148258209228516,40,27,0.46799,0.46799,1,1
500,34,19,22,0.0,0.0,0.0,0.04766225814819336,0.00722193717956543,0.0,0.0,1,1,0.02400009671909436,0.02400009671909436,0.044466495513916016,0.007114410400390625,40,11,-0.024,-0.024,1,1
500,35,2,35,27.0,13.0,13.0,0.044827938079833984,0.03728747367858887,1.0|27.0,1.0|27.0,2,2,13.723831413822182,13.723831413822182,0.04715895652770996,0.041240692138671875,40,25,0.149|27.59666,0.149|27.59666,2,2
500,36,37,29,4.818247586909486e-14,0.0,0.0,0.047591209411621094,0.05309605598449707,0.0,0.0,1,1,0.04586151220004199,0.04586151220004199,0.04532003402709961,0.049165964126586914,40,30,0.04586,0.04586,1,1
500,37,31,6,-4.050813738497193e-16,0.0,0.0,0.04553532600402832,0.014053583145141602,-0.0,-0.0,1,1,0.007078148527684639,0.007078148527684639,0.04490542411804199,0.019640684127807617,40,15,0.00708,0.00708,1,1
500,38,21,30,0.9999999999999828,0.0,0.0,0.11984395980834961,0.02317070960998535,1.0,1.0,1,1,0.10398328921294608,0.10398328921294608,0.044951677322387695,0.020201444625854492,40,19,0.89602,0.89602,1,1
500,39,29,12,0.0,0.0,0.0,0.05043768882751465,0.02468395233154297,0.0,0.0,1,1,0.02100047139582614,0.02100047139582614,0.04241466522216797,0.021233320236206055,40,19,-0.021,-0.021,1,1
500,40,24,20,0.0,0.0,0.0,0.045244455337524414,0.004660606384277344,0.0,0.0,1,1,0.10107111110781201,0.10107111110781201,0.04928326606750488,0.0037865638732910156,40,6,-0.10107,-0.10107,1,1
500,41,17,21,0.0,1.6666666666666667,1.6666666666666667,0.04342794418334961,0.009224891662597656,0.0|3.33333,0.0|3.33333,2,2,1.7978691907893602,1.7978691907893602,0.0465545654296875,0.006937503814697266,40,9,-0.26526|3.33047,-0.26526|3.33047,2,2
500,42,1,27,4.0,0.5,0.5,0.048445701599121094,0.013694286346435547,3.0|4.0,3.0|4.0,2,2,0.6687709678642351,0.6687709678642351,0.052594900131225586,0.011873722076416016,40,14,2.7949|3.86756,2.7949|3.86756,2,2
500,43,40,14,6.814538203259775e-16,0.0,0.0,0.04325509071350098,0.0213623046875,0.0,0.0,1,1,0.05401972947939112,0.05401972947939112,0.0441436767578125,0.020586490631103516,40,21,-0.05402,-0.05402,1,1
500,44,31,40,-8.017610599455184e-15,0.0,0.0,0.047957658767700195,0.030637025833129883,-0.0,-0.0,1,1,0.43432863430115537,0.43432863430115537,0.05974078178405762,0.03188347816467285,40,24,-0.43433,-0.43433,1,1
500,45,2,24,0.0,0.0,0.0,0.04421067237854004,0.004163980484008789,0.0,0.0,1,1,0.022197311724585292,0.02355747545792538,0.04819989204406738,0.003558635711669922,40,4,-0.02084|0.02356,0.02356,2,1
500,46,33,29,-2.5265999769690544e-14,0.0,0.0,0.04768061637878418,0.03159451484680176,-0.0,-0.0,1,1,0.0022166249780917356,0.0022166249780917356,0.04931235313415527,0.02894878387451172,40,28,-0.00222,-0.00222,1,1
500,47,2,24,0.0,0.0,0.0,0.05194997787475586,0.004274129867553711,0.0,0.0,1,1,0.030073525317749032,0.0076509066061881265,0.043883323669433594,0.003629922866821289,40,4,0.00765|0.0525,0.00765,2,1
500,48,31,33,-8.923792635770852e-15,0.0,0.0,0.046357154846191406,0.03545403480529785,-0.0,-0.0,1,1,0.7823501649005423,0.7823501649005423,0.04735898971557617,0.03726530075073242,40,29,0.78235,0.78235,1,1
500,49,29,7,-3.7007434154171886e-16,0.0,0.0,0.04579019546508789,0.018373966217041016,-0.0,-0.0,1,1,0.12502970207696731,0.12502970207696731,0.04531049728393555,0.018131017684936523,40,18,-0.12503,-0.12503,1,1
500,50,18,24,1.8827552511284447e-32,0.0,0.0,0.0470736026763916,0.0058901309967041016,0.0,0.0,1,1,0.00016683372645372966,0.00016683372645372966,0.05178976058959961,0.00510406494140625,40,9,0.00017,0.00017,1,1
500,51,14,25,1.0,0.0,0.0,0.04557228088378906,0.004652500152587891,1.0,1.0,1,1,0.03163787465942658,0.03163787465942658,0.04873156547546387,0.004167795181274414,40,4,0.96836,0.96836,1,1
500,52,29,36,0.9999999999999396,0.0,0.0,0.04644632339477539,0.040660858154296875,1.0,1.0,1,1,0.09327617949246159,0.09327617949246159,0.04775214195251465,0.038365840911865234,40,25,0.90672,0.90672,1,1
500,53,8,10,8.881784197001252e-17,6.908054375445419e-17,5.9211894646675e-17,0.04602313041687012,0.003754138946533203,0.0,0.0,1,1,0.019065689911087997,0.014166212746367826,0.04894828796386719,0.0032989978790283203,40,2,-0.03357|-0.01417|0.00946,-0.01417,3,1
500,54,16,25,0.0,0.0,0.0,0.05154728889465332,0.00545954704284668,0.0,0.0,1,1,0.03536361503036783,0.03536361503036783,0.049936771392822266,0.004884958267211914,40,7,0.03536,0.03536,1,1
500,55,16,1,0.0,0.0,0.0,0.04443359375,0.007230997085571289,0.0,0.0,1,1,0.01801329271682496,0.01801329271682496,0.04761981964111328,0.005805492401123047,40,6,-0.01801,-0.01801,1,1
500,56,1,35,20.0,2.5,2.5,0.05136299133300781,0.0394437313079834,15.0|20.0,15.0|20.0,2,2,2.1515494999036484,2.1515494999036484,0.057103633880615234,0.04060673713684082,40,25,17.28404|21.58713,17.28404|21.58713,2,2
500,57,19,33,1.0,0.0,0.0,0.04428744316101074,0.03269171714782715,1.0,1.0,1,1,0.06338511791620938,0.06338511791620938,0.04601407051086426,0.034798383712768555,40,28,0.93661,0.93661,1,1
500,58,25,23,0.0,0.0,0.0,0.05160212516784668,0.012874364852905273,0.0,0.0,1,1,0.05069583240956784,0.05069583240956784,0.04569840431213379,0.01246500015258789,40,16,0.0507,0.0507,1,1
500,59,10,32,0.0,0.2500000000000002,0.2500000000000002,0.0471653938293457,0.026310443878173828,0.0|0.5,0.0|0.5,2,2,0.2742672306419862,0.2742672306419862,0.04705667495727539,0.021212100982666016,40,20,0.05025|0.49828,0.05025|0.49828,2,2
500,60,5,14,0.0,0.0,0.0,0.052187442779541016,0.003433704376220703,0.0,0.0,1,1,0.031366497824462165,0.015916207457995046,0.05051136016845703,0.00270843505859375,40,2,0.01592|0.0176|0.06059,0.01592,3,1
500,61,2,19,0.0,0.0,0.0,0.04667162895202637,0.004035234451293945,0.0,0.0,1,1,0.0984397147332938,0.05371627914731854,0.05254030227661133,0.002815723419189453,40,2,-0.14316|-0.05372,-0.05372,2,1
500,62,34,25,1.9602547545020144e-15,0.0,0.0,0.05225348472595215,0.026247262954711914,0.0,0.0,1,1,0.22687529238336518,0.22687529238336518,0.051996469497680664,0.02033376693725586,40,20,0.22688,0.22688,1,1
500,63,26,16,-4.753630978676726e-16,0.0,0.0,0.0499112606048584,0.009434938430786133,-0.0,-0.0,1,1,0.01435571535173617,0.01435571535173617,0.04834938049316406,0.011111736297607422,40,13,-0.01436,-0.01436,1,1
500,64,15,24,0.0,0.0,0.0,0.048212528228759766,0.005978107452392578,0.0,0.0,1,1,0.07983508081711736,0.07983508081711736,0.05903267860412598,0.004631519317626953,40,7,0.07984,0.07984,1,1
500,65,27,12,0.0,0.0,0.0,0.04665851593017578,0.015292644500732422,0.0,0.0,1,1,0.01247912341812518,0.01247912341812518,0.04864931106567383,0.012513160705566406,40,15,0.01248,0.01248,1,1
500,66,17,1,0.0,0.0,0.0,0.050138235092163086,0.0037755966186523438,0.0,0.0,1,1,0.043542496107758906,0.002309104332544001,0.05431675910949707,0.0031235218048095703,40,2,0.00231|0.08478,0.00231,2,1
500,67,5,10,0.0,0.0,0.0,0.04901242256164551,0.006897687911987305,0.0,0.0,1,1,0.02607203885873015,0.004110536323419343,0.0490419864654541,0.004606008529663086,40,2,-0.04655|-0.02756|-0.00411,-0.00411,3,1
500,68,38,13,-1.0508136911833942e-14,0.0,0.0,0.056424856185913086,0.03856658935546875,-0.0,-0.0,1,1,0.04502397411814673,0.04502397411814673,0.05442166328430176,0.038474321365356445,40,26,0.04502,0.04502,1,1
500,69,14,40,2.0,0.0,0.0,0.05389833450317383,0.02258467674255371,2.0,2.0,1,1,0.030109345017476086,0.030109345017476086,0.04610133171081543,0.021525144577026367,40,21,1.96989,1.96989,1,1
500,70,7,15,0.0,0.0,0.0,0.050583839416503906,0.00447845458984375,0.0,0.0,1,1,0.008575039850108348,0.008575039850108348,0.052102088928222656,0.003866434097290039,40,5,-0.00858,-0.00858,1,1
500,71,27,35,0.9999999999999671,0.0,0.0,0.04948568344116211,0.03810715675354004,1.0,1.0,1,1,0.10451503638677107,0.10451503638677107,0.04873347282409668,0.04007530212402344,40,25,0.89548,0.89548,1,1
500,72,23,31,4.5308342169512714e-15,0.0,0.0,0.04629397392272949,0.019070863723754883,0.0,0.0,1,1,0.12100404433481776,0.12100404433481776,0.04436326026916504,0.01782703399658203,40,16,-0.121,-0.121,1,1
500,73,7,16,0.0,0.0,0.0,0.04894900321960449,0.004446744918823242,0.0,0.0,1,1,0.019755352814795565,0.019755352814795565,0.05290365219116211,0.003603696823120117,40,4,0.01976,0.01976,1,1
500,74,40,28,8.222414020731604e-17,0.0,0.0,0.11663389205932617,0.029317617416381836,0.0,0.0,1,1,0.030960028077595035,0.030960028077595035,0.043520212173461914,0.027197837829589844,40,23,0.03096,0.03096,1,1
500,75,19,6,0.0,0.0,0.0,0.04528999328613281,0.004339694976806641,0.0,0.0,1,1,0.022699456002396434,0.022699456002396434,0.048612117767333984,0.0034666061401367188,40,4,0.0227,0.0227,1,1
500,76,22,39,4.263256414560601e-16,0.0,0.0,0.04279160499572754,0.018936872482299805,0.0,0.0,1,1,0.17487878587555794,0.17487878587555794,0.0515594482421875,0.020433664321899414,40,16,-0.17488,-0.17488,1,1
500,77,17,9,0.0,0.6666666666666666,0.6666666666666666,0.04635119438171387,0.006568431854248047,0.0|1.33333,0.0|1.33333,2,2,0.6757028627301601,0.6757028627301601,0.04325079917907715,0.005889177322387695,40,5,0.0623|1.28911,0.0623|1.28911,2,2
500,78,1,22,3.0,0.0,0.0,0.04689669609069824,0.007091045379638672,3.0,3.0,1,1,0.35431874215731485,0.17300415939943292,0.05020904541015625,0.008729934692382812,40,10,3.173|3.53563,3.173,2,1
500,79,35,9,-4.336777629539583e-15,0.0,0.0,0.04580521583557129,0.04043722152709961,-0.0,-0.0,1,1,0.06192504993310733,0.06192504993310733,0.05176258087158203,0.0352778434753418,40,25,-0.06193,-0.06193,1,1
500,80,37,25,2.6161197437861033e-15,0.0,0.0,0.05638265609741211,0.05193281173706055,0.0,0.0,1,1,0.11130779165043331,0.11130779165043331,0.046601295471191406,0.05081009864807129,40,30,0.11131,0.11131,1,1
500,81,22,36,6.252776074688882e-14,0.0,0.0,0.046866416931152344,0.04055166244506836,0.0,0.0,1,1,0.1339241025269097,0.1339241025269097,0.04897594451904297,0.04540729522705078,40,27,0.13392,0.13392,1,1
500,82,38,30,9.333899293871613e-14,0.0,0.0,0.044176340103149414,0.041229248046875,0.0,0.0,1,1,0.038485696341793635,0.038485696341793635,0.046653032302856445,0.04426884651184082,40,27,0.03849,0.03849,1,1
500,83,40,16,7.856761938101892e-16,0.0,0.0,0.051313161849975586,0.024251699447631836,0.0,0.0,1,1,0.13724324061979482,0.13724324061979482,0.04665398597717285,0.02209925651550293,40,22,0.13724,0.13724,1,1
500,84,13,1,-1.9525276457383396e-16,0.0,0.0,0.05441546440124512,0.007206439971923828,-0.0,-0.0,1,1,0.051868220891799356,0.051868220891799356,0.046582698822021484,0.006806850433349609,40,7,0.05187,0.05187,1,1
500,85,39,2,3.766828119263924e-17,0.0,0.0,0.04791736602783203,0.009018421173095703,0.0,0.0,1,1,0.03877317512649185,0.03877317512649185,0.05005311965942383,0.007805585861206055,40,9,0.03877,0.03877,1,1
500,86,1,39,2.0,1.0,1.0,0.04990386962890625,0.008216381072998047,0.0|2.0,0.0|2.0,2,2,1.0806329156116123,1.0806329156116123,0.054729461669921875,0.006738185882568359,40,8,-0.14027|1.979,-0.14027|1.979,2,2
500,87,7,40,3.0000000000000004,0.0,0.0,0.046996116638183594,0.026960134506225586,3.0,3.0,1,1,0.11884357165472093,0.11884357165472093,0.04631972312927246,0.0229647159576416,40,21,2.88116,2.88116,1,1
500,88,36,25,-2.3857907793015586e-14,0.0,0.0,0.05007791519165039,0.037744998931884766,-0.0,-0.0,1,1,0.31733033271229055,0.31733033271229055,0.04787254333496094,0.042090654373168945,40,25,0.31733,0.31733,1,1
500,89,23,29,-1.9337555466888803e-15,0.0,0.0,0.04863429069519043,0.01900339126586914,-0.0,-0.0,1,1,0.34332846233897873,0.34332846233897873,0.0469968318939209,0.019438982009887695,40,19,0.34333,0.34333,1,1
500,90,4,35,7.000000000000001,3.4999999999999996,3.4999999999999996,0.05176687240600586,0.04333829879760742,0.0|7.0,0.0|7.0,2,2,3.303852621500438,3.303852621500438,0.050707101821899414,0.03927803039550781,40,26,0.40666|6.98563,0.40666|6.98563,2,2
500,91,4,29,5.0,2.5,2.5,0.04070591926574707,0.023957490921020508,0.0|5.0,0.0|5.0,2,2,2.5973606635980624,2.5973606635980624,0.04681396484375,0.018311023712158203,40,19,0.0042|5.19893,0.0042|5.19893,2,2
500,92,4,20,8.881784197001253e-17,0.0,0.0,0.0402834415435791,0.004081010818481445,0.0,0.0,1,1,0.010704449095126727,0.002484724159578558,0.04168891906738281,0.0033626556396484375,40,4,-0.01892|0.00248,0.00248,2,1
500,93,21,8,-4.753630978676726e-16,0.0,0.0,0.04031991958618164,0.007601022720336914,-0.0,-0.0,1,1,0.0075573718417889235,0.0075573718417889235,0.04001569747924805,0.006618022918701172,40,10,-0.00756,-0.00756,1,1
500,94,26,12,0.0,0.0,0.0,0.04007411003112793,0.005383491516113281,0.0,0.0,1,1,0.0068345131739451235,0.0068345131739451235,0.043755531311035156,0.004675865173339844,40,9,-0.00683,-0.00683,1,1
500,95,23,32,-2.0967756363806754e-14,0.0,0.0,0.04074382781982422,0.01866459846496582,-0.0,-0.0,1,1,0.07922250700271444,0.07922250700271444,0.041210174560546875,0.017714738845825195,40,20,0.07922,0.07922,1,1
500,96,23,22,-4.876549234745941e-15,0.0,0.0,0.04048418998718262,0.012058258056640625,-0.0,-0.0,1,1,0.09250025465765188,0.09250025465765188,0.04447460174560547,0.011031866073608398,40,14,-0.0925,-0.0925,1,1
500,97,12,8,0.0,0.0,0.0,0.04062485694885254,0.003232240676879883,0.0,0.0,1,1,0.011046027843792201,0.011046027843792201,0.04163217544555664,0.0024917125701904297,40,2,-0.01105,-0.01105,1,1
500,98,38,37,-6.260607607895265e-13,0.0,0.0,0.04270315170288086,0.04693102836608887,-0.0,-0.0,1,1,0.08840450851227932,0.08840450851227932,0.041211843490600586,0.03997993469238281,40,31,0.0884,0.0884,1,1
500,99,18,25,3.7655105022568894e-32,0.0,0.0,0.04628729820251465,0.006702899932861328,0.0,0.0,1,1,0.08700755841215366,0.08700755841215366,0.04072999954223633,0.005774021148681641,40,10,0.08701,0.08701,1,1
1000,0,3,32,3.0,1.0,1.0,0.041336774826049805,0.01608872413635254,3.0|6.0,3.0|6.0,2,2,1.118330020942572,1.118330020942572,0.041686058044433594,0.015560626983642578,40,19,2.76814|2.8308|5.95393,2.76814|2.8308|5.95393,3,3
1000,1,25,2,0.0,0.0,0.0,0.04163765907287598,0.004525899887084961,0.0,0.0,1,1,0.004997845045465015,0.004997845045465015,0.04399609565734863,0.003780364990234375,40,5,0.005,0.005,1,1
1000,2,30,3,6.672678525939143e-16,0.0,0.0,0.040969133377075195,0.020039081573486328,0.0,0.0,1,1,0.006160845002962924,0.006160845002962924,0.04137110710144043,0.019244909286499023,40,19,-0.00616,-0.00616,1,1
1000,3,7,38,8.0,0.0,0.0,0.04091763496398926,0.03330397605895996,8.0,8.0,1,1,0.24565955912023618,0.24565955912023618,0.05231070518493652,0.03317379951477051,40,26,8.24566,8.24566,1,1
1000,4,10,5,0.0,0.0,0.0,0.041994571685791016,0.003171205520629883,0.0,0.0,1,1,0.04929466749422956,0.01800802584961115,0.04306197166442871,0.006669044494628906,40,2,-0.08058|-0.01801,-0.01801,2,1
1000,5,17,32,-1.1842378929335002e-15,4.166666666666668,4.166666666666668,0.04354095458984375,0.0189516544342041,-0.0|8.33333,-0.0|8.33333,2,2,4.335922732021272,4.335922732021272,0.04030489921569824,0.018709897994995117,40,20,-0.22239|8.44945,-0.22239|8.44945,2,2
1000,6,15,10,0.0,0.0,0.0,0.04047679901123047,0.004148960113525391,0.0,0.0,1,1,0.014832836341931556,0.014832836341931556,0.0439450740814209,0.0034377574920654297,40,5,0.01483,0.01483,1,1
1000,7,15,3,0.0,0.0,0.0,0.04411029815673828,0.005843639373779297,0.0,0.0,1,1,0.0044852662193532195,0.0044852662193532195,0.040106773376464844,0.005514860153198242,40,6,-0.00449,-0.00449,1,1
1000,8,30,14,2.975715236584689e-16,0.0,0.0,0.04116463661193848,0.02212214469909668,0.0,0.0,1,1,0.034461463964871666,0.034461463964871666,0.04085135459899902,0.019219160079956055,40,19,0.03446,0.03446,1,1
1000,9,3,34,3.0,3.3333333333333335,3.3333333333333335,0.04136347770690918,0.017751216888427734,3.0|7.5|8.5,3.0|7.5|8.5,3,3,3.765246610456255,3.765246610456255,0.10982942581176758,0.016907215118408203,40,20,3.55884|8.14465|8.59226,3.55884|8.14465|8.59226,3,3
1000,10,19,27,0.0,0.0,0.0,0.03970146179199219,0.010695934295654297,0.0,0.0,1,1,0.04765678399665054,0.04765678399665054,0.0395355224609375,0.010109424591064453,40,15,-0.04766,-0.04766,1,1
1000,11,2,28,5.0,2.5,2.5,0.041748046875,0.014466524124145508,0.0|5.0,0.0|5.0,2,2,2.7264832705325097,2.7264832705325097,0.042192935943603516,0.012969493865966797,40,15,-0.34419|5.10878,-0.34419|5.10878,2,2
1000,12,36,17,1.4094145301477537e-17,0.0,0.0,0.04121136665344238,0.03367757797241211,0.0,0.0,1,1,0.07056448449291232,0.07056448449291232,0.039093971252441406,0.03751873970031738,40,26,-0.07056,-0.07056,1,1
1000,13,39,20,5.15460690004537e-17,0.0,0.0,0.03885149955749512,0.008294343948364258,0.0,0.0,1,1,0.0468942692363634,0.0468942692363634,0.039868831634521484,0.007050991058349609,40,9,0.04689,0.04689,1,1
1000,14,36,22,4.161459803763994e-14,0.0,0.0,0.03905320167541504,0.03878068923950195,0.0,0.0,1,1,0.08485066666627411,0.08485066666627411,0.042011260986328125,0.035202980041503906,40,27,0.08485,0.08485,1,1
1000,15,10,11,0.0,4.4408920985006264e-17,8.881784197001253e-17,0.04599142074584961,0.0031816959381103516,0.0,0.0,1,1,0.004894109512888915,0.009737837838355448,0.043294668197631836,0.0025110244750976562,40,2,-5e-05|0.00974,0.00974,2,1
1000,16,28,4,-2.9968980467955103e-32,0.0,0.0,0.040219783782958984,0.011959075927734375,-0.0,-0.0,1,1,0.05046736557540171,0.05046736557540171,0.042047739028930664,0.011072158813476562,40,15,0.05047,0.05047,1,1
1000,17,27,15,-1.395708945243054e-16,0.0,0.0,0.042971134185791016,0.014353275299072266,-0.0,-0.0,1,1,0.17248317804820112,0.17248317804820112,0.040654659271240234,0.014155149459838867,40,17,-0.17248,-0.17248,1,1
1000,18,5,7,0.0,0.0,0.0,0.04276871681213379,0.003069639205932617,0.0,0.0,1,1,0.061374183494709744,0.027217848689280524,0.043035268783569336,0.0024466514587402344,40,2,0.02722|0.07817|0.07874,0.02722,3,1
1000,19,6,4,0.0,0.0,0.0,0.04226565361022949,0.0038788318634033203,0.0,0.0,1,1,0.01074307224030026,0.01074307224030026,0.04012322425842285,0.0032389163970947266,40,4,0.01074,0.01074,1,1
1000,20,28,27,-3.604959468194626e-15,0.0,0.0,0.040266990661621094,0.016295909881591797,-0.0,-0.0,1,1,0.027941260174921444,0.027941260174921444,0.04127383232116699,0.015414237976074219,40,19,-0.02794,-0.02794,1,1
1000,21,24,22,0.0,0.0,0.0,0.042237043380737305,0.009013652801513672,0.0,0.0,1,1,0.014454020513177086,0.014454020513177086,0.044654130935668945,0.008343935012817383,40,13,0.01445,0.01445,1,1
1000,22,25,32,-4.0371746350005693e-17,0.0,0.0,0.04043412208557129,0.022415876388549805,-0.0,-0.0,1,1,0.015614118532974158,0.015614118532974158,0.04131031036376953,0.021645784378051758,40,23,-0.01561,-0.01561,1,1
1000,23,1,14,0.0,0.0,0.0,0.04360198974609375,0.0032973289489746094,0.0,0.0,1,1,0.02144071767825531,0.004611831185203076,0.04102444648742676,0.0025434494018554688,40,2,-0.03827|-0.00461,-0.00461,2,1
1000,24,6,17,0.0,0.0,0.0,0.03989362716674805,0.005289793014526367,0.0,0.0,1,1,0.0033197673321375765,0.0033197673321375765,0.04398703575134277,0.004640817642211914,40,4,0.00332,0.00332,1,1
1000,25,15,8,0.0,0.0,0.0,0.040085792541503906,0.006263017654418945,0.0,0.0,1,1,0.013873547023299758,0.013873547023299758,0.042920827865600586,0.005207538604736328,40,5,-0.01387,-0.01387,1,1
1000,26,12,23,0.0,0.0,0.0,0.0411531925201416,0.011693954467773438,0.0,0.0,1,1,0.011707766242341254,0.011707766242341254,0.04339957237243652,0.008971214294433594,40,13,-0.01171,-0.01171,1,1
1000,27,14,3,0.0,0.0,0.0,0.04126381874084473,0.0033812522888183594,0.0,0.0,1,1,0.016161748679404776,0.016161748679404776,0.04640817642211914,0.0025949478149414062,40,2,0.01616,0.01616,1,1
1000,28,33,34,-6.101095923813119e-14,0.0,0.0,0.04368400573730469,0.030092716217041016,-0.0,-0.0,1,1,0.05844598063046254,0.05844598063046254,0.040846824645996094,0.027042150497436523,40,29,0.05845,0.05845,1,1
1000,29,28,30,2.4381368383925007e-15,0.0,0.0,0.04057431221008301,0.028025388717651367,0.0,0.0,1,1,0.2363086838673136,0.2363086838673136,0.042258262634277344,0.0237884521484375,40,22,-0.23631,-0.23631,1,1
1000,30,20,28,1.0,0.0,0.0,0.04017996788024902,0.011044025421142578,1.0,1.0,1,1,0.01491721929378631,0.01491721929378631,0.040085554122924805,0.010759115219116211,40,14,0.98508,0.98508,1,1
1000,31,37,21,1.2199973921885843e-13,0.0,0.0,0.03992486000061035,0.04723548889160156,0.0,0.0,1,1,0.10623186633241403,0.10623186633241403,0.0400700569152832,0.045374155044555664,40,30,0.10623,0.10623,1,1
1000,32,36,13,1.0069610689610308e-14,0.0,0.0,0.040326833724975586,0.03446817398071289,0.0,0.0,1,1,0.006940984171008121,0.006940984171008121,0.040952444076538086,0.030408859252929688,40,25,-0.00694,-0.00694,1,1
1000,33,40,31,-2.9841308410845213e-15,0.0,0.0,0.04474997520446777,0.027106761932373047,-0.0,-0.0,1,1,0.008498531530249813,0.008498531530249813,0.041316986083984375,0.024949073791503906,40,24,0.0085,0.0085,1,1
1000,34,23,29,-1.9337555466888803e-15,0.0,0.0,0.040283203125,0.023111343383789062,-0.0,-0.0,1,1,0.1555833397524539,0.1555833397524539,0.0405430793762207,0.016803741455078125,40,19,0.15558,0.15558,1,1
1000,35,33,26,6.974905488640881e-15,0.0,0.0,0.04053092002868652,0.02828073501586914,0.0,0.0,1,1,0.037275349469628336,0.037275349469628336,0.04396820068359375,0.033942461013793945,40,29,-0.03728,-0.03728,1,1
1000,36,4,31,7.105427357601002e-16,0.0,0.0,0.040244340896606445,0.013776779174804688,0.0,0.0,1,1,0.011986515902735643,0.0021956021014426013,0.04121971130371094,0.012792825698852539,40,16,-0.02178|-0.0022,-0.0022,2,1
1000,37,19,8,0.0,0.0,0.0,0.04028654098510742,0.0032722949981689453,0.0,0.0,1,1,0.007226025714255476,0.007226025714255476,0.04452323913574219,0.0024878978729248047,40,2,0.00723,0.00723,1,1
1000,38,32,27,9.946188493626005e-15,0.0,0.0,0.04111742973327637,0.025019168853759766,0.0,0.0,1,1,0.2877350287597268,0.2877350287597268,0.040990352630615234,0.024107694625854492,40,24,-0.28774,-0.28774,1,1
1000,39,9,39,0.0,0.0,0.0,0.04528951644897461,0.009418487548828125,0.0,0.0,1,1,0.01266245562361489,0.01266245562361489,0.041054725646972656,0.008466958999633789,40,11,-0.01266,-0.01266,1,1
1000,40,34,14,2.136655632297471e-16,0.0,0.0,0.041359663009643555,0.017627477645874023,0.0,0.0,1,1,0.11408736421740852,0.11408736421740852,0.04111003875732422,0.016880035400390625,40,20,0.11409,0.11409,1,1
1000,41,34,14,2.136655632297471e-16,0.0,0.0,0.046009063720703125,0.01871037483215332,0.0,0.0,1,1,0.005313671962428802,0.005313671962428802,0.04151773452758789,0.018301010131835938,40,20,-0.00531,-0.00531,1,1
1000,42,28,25,-5.993796093591021e-32,0.0,0.0,0.04211783409118652,0.014028072357177734,-0.0,-0.0,1,1,0.048543816656883176,0.048543816656883176,0.041957855224609375,0.017826080322265625,40,18,0.04854,0.04854,1,1
1000,43,26,21,-4.403363432879494e-15,0.0,0.0,0.040266990661621094,0.005704164505004883,-0.0,-0.0,1,1,0.009883776620606938,0.009883776620606938,0.04139900207519531,0.00506591796875,40,9,-0.00988,-0.00988,1,1
1000,44,16,25,0.0,0.0,0.0,0.041550397872924805,0.005226850509643555,0.0,0.0,1,1,0.03264909962844371,0.03264909962844371,0.04240775108337402,0.004194736480712891,40,7,0.03265,0.03265,1,1
1000,45,19,26,0.0,0.0,0.0,0.03961443901062012,0.005319118499755859,0.0,0.0,1,1,0.006962480673466932,0.006962480673466932,0.04042696952819824,0.007675647735595703,40,9,0.00696,0.00696,1,1
1000,46,9,12,0.0,0.0,0.0,0.042090415954589844,0.004380464553833008,0.0,0.0,1,1,0.058564297410096264,0.058564297410096264,0.03842973709106445,0.0037262439727783203,40,5,0.05856,0.05856,1,1
1000,47,32,25,-2.9042024517178697e-15,0.0,0.0,0.039002180099487305,0.022449493408203125,-0.0,-0.0,1,1,0.17259597630887044,0.17259597630887044,0.038634538650512695,0.022968053817749023,40,23,-0.1726,-0.1726,1,1
1000,48,15,17,0.0,0.0,0.0,0.04195427894592285,0.00581812858581543,0.0,0.0,1,1,0.03236575967691976,0.03236575967691976,0.03876471519470215,0.004955291748046875,40,6,0.03237,0.03237,1,1
1000,49,39,38,5.773159728050814e-15,0.0,0.0,0.038831472396850586,0.03427910804748535,0.0,0.0,1,1,0.7991850508344979,0.7991850508344979,0.041100502014160156,0.04057168960571289,40,28,0.79919,0.79919,1,1
1000,50,30,40,-2.5983074504812653e-14,0.0,0.0,0.03869318962097168,0.026494503021240234,-0.0,-0.0,1,1,0.02136157662991162,0.02136157662991162,0.03886723518371582,0.036554813385009766,40,24,-0.02136,-0.02136,1,1
1000,51,21,30,0.9999999999999828,0.0,0.0,0.042723655700683594,0.019472360610961914,1.0,1.0,1,1,0.08820550772106295,0.08820550772106295,0.04086494445800781,0.018865346908569336,40,19,1.08821,1.08821,1,1
1000,52,21,1,-4.753630978676726e-16,0.0,0.0,0.04002571105957031,0.005197763442993164,-0.0,-0.0,1,1,0.012063312979861959,0.012063312979861959,0.0401768684387207,0.007854700088500977,40,8,0.01206,0.01206,1,1
1000,53,5,39,1.0,0.3333333333333333,0.5,0.04272913932800293,0.00798177719116211,0.0|1.0,0.0|1.0,2,2,0.3679823670041162,0.5202921732306433,0.03953695297241211,0.0077893733978271484,40,8,-0.01772|0.93664|0.97713,-0.01772|0.97713,3,2
1000,54,35,32,-5.206140899860877e-14,0.0,0.0,0.0401453971862793,0.04312324523925781,-0.0,-0.0,1,1,0.110565802026443,0.110565802026443,0.040337324142456055,0.03939008712768555,40,29,0.11057,0.11057,1,1
1000,55,32,16,2.5482261803301212e-15,0.0,0.0,0.04055309295654297,0.017582178115844727,0.0,0.0,1,1,0.08250764531399192,0.08250764531399192,0.04126143455505371,0.02076101303100586,40,19,-0.08251,-0.08251,1,1
1000,56,33,11,2.7753071084152158e-15,0.0,0.0,0.039679527282714844,0.0257718563079834,0.0,0.0,1,1,0.08544605079788035,0.08544605079788035,0.04223918914794922,0.029356956481933594,40,28,0.08545,0.08545,1,1
1000,57,39,22,4.123685520036296e-16,0.0,0.0,0.04140019416809082,0.01399374008178711,0.0,0.0,1,1,0.033191717275912934,0.033191717275912934,0.04387044906616211,0.01389932632446289,40,16,0.03319,0.03319,1,1
1000,58,6,8,0.0,0.0,0.0,0.040171146392822266,0.005540132522583008,0.0,0.0,1,1,0.0919385064089987,0.0919385064089987,0.04026174545288086,0.004777669906616211,40,5,-0.09194,-0.09194,1,1
1000,59,40,17,0.0,0.0,0.0,0.04309678077697754,0.020737886428833008,0.0,0.0,1,1,0.16596209999230882,0.16596209999230882,0.03984689712524414,0.02062678337097168,40,22,0.16596,0.16596,1,1
1000,60,40,31,-2.9841308410845213e-15,0.0,0.0,0.04140901565551758,0.02867579460144043,-0.0,-0.0,1,1,0.05827531607350186,0.05827531607350186,0.03989267349243164,0.024836063385009766,40,24,0.05828,0.05828,1,1
1000,61,15,20,0.0,0.0,0.0,0.040256500244140625,0.006838560104370117,0.0,0.0,1,1,0.01825353918812953,0.01825353918812953,0.041497230529785156,0.005490779876708984,40,7,-0.01825,-0.01825,1,1
1000,62,8,28,2.0,0.6666666666666666,0.6666666666666666,0.04110884666442871,0.015367269515991211,1.0|2.0|3.0,1.0|2.0|3.0,3,3,0.755642754889824,0.755642754889824,0.04813551902770996,0.012180089950561523,40,14,0.81067|1.8574|2.935,0.81067|1.8574|2.935,3,3
1000,63,39,14,0.0,0.0,0.0,0.04025912284851074,0.00700831413269043,0.0,0.0,1,1,0.0894298096288748,0.0894298096288748,0.041481971740722656,0.0060956478118896484,40,8,0.08943,0.08943,1,1
1000,64,12,34,0.0,0.0,0.0,0.04082489013671875,0.018539905548095703,0.0,0.0,1,1,0.001487836756231831,0.001487836756231831,0.04109525680541992,0.02404642105102539,40,21,-0.00149,-0.00149,1,1
1000,65,2,8,0.0,0.0,0.0,0.040450334548950195,0.0032608509063720703,0.0,0.0,1,1,0.0077737330929673965,0.0028642994052744137,0.04221987724304199,0.002506732940673828,40,2,-0.00286|0.01268,-0.00286,2,1
1000,66,26,39,-5.504204291099367e-16,0.0,0.0,0.040903329849243164,0.01066446304321289,-0.0,-0.0,1,1,0.10235799328758273,0.10235799328758273,0.04028797149658203,0.010156631469726562,40,14,-0.10236,-0.10236,1,1
1000,67,12,9,0.0,0.0,0.0,0.03996109962463379,0.004643917083740234,0.0,0.0,1,1,0.014765426500916745,0.014765426500916745,0.043885231018066406,0.003929615020751953,40,5,0.01477,0.01477,1,1
1000,68,36,18,1.2410573877964713e-15,0.0,0.0,0.04108262062072754,0.03124856948852539,0.0,0.0,1,1,0.012477310103765722,0.012477310103765722,0.04249310493469238,0.030884981155395508,40,25,0.01248,0.01248,1,1
1000,69,33,28,-2.1607093956275556e-14,0.0,0.0,0.04572463035583496,0.027803659439086914,-0.0,-0.0,1,1,0.12933949561945668,0.12933949561945668,0.041872501373291016,0.02978515625,40,28,0.12934,0.12934,1,1
1000,70,1,2,0.0,0.0,0.0,0.04453277587890625,0.0031409263610839844,0.0,0.0,1,1,0.07265294702981469,0.04708830680222757,0.04083132743835449,0.0024633407592773438,40,2,-0.09822|-0.04709,-0.04709,2,1
1000,71,28,37,1.9999999999999938,0.0,0.0,0.04071640968322754,0.04883265495300293,2.0,2.0,1,1,0.2859573821730135,0.2859573821730135,0.04039645195007324,0.04337191581726074,40,30,2.28596,2.28596,1,1
1000,72,29,20,-6.47630097698008e-17,0.0,0.0,0.041081905364990234,0.020656585693359375,-0.0,-0.0,1,1,0.007943450445925348,0.007943450445925348,0.040586233139038086,0.016243934631347656,40,18,0.00794,0.00794,1,1
1000,73,27,17,-5.202187886815019e-16,0.0,0.0,0.042746543884277344,0.012675762176513672,-0.0,-0.0,1,1,0.05549103130766317,0.05549103130766317,0.04179859161376953,0.012347936630249023,40,15,0.05549,0.05549,1,1
1000,74,28,15,-9.230089459628753e-16,0.0,0.0,0.04709911346435547,0.018084049224853516,-0.0,-0.0,1,1,0.0466853976845532,0.0466853976845532,0.042128801345825195,0.013577938079833984,40,16,-0.04669,-0.04669,1,1
1000,75,38,11,-3.031362349459144e-14,0.0,0.0,0.04041433334350586,0.03400015830993652,-0.0,-0.0,1,1,0.08396421974871567,0.08396421974871567,0.04257845878601074,0.03985309600830078,40,26,0.08396,0.08396,1,1
1000,76,26,36,-3.042323826353105e-14,0.0,0.0,0.04034829139709473,0.03223681449890137,-0.0,-0.0,1,1,0.4364423015939448,0.4364423015939448,0.043982505798339844,0.036504507064819336,40,26,-0.43644,-0.43644,1,1
1000,77,22,14,0.0,0.0,0.0,0.04816603660583496,0.006608009338378906,0.0,0.0,1,1,0.09506204000219129,0.09506204000219129,0.04158282279968262,0.0057680606842041016,40,11,-0.09506,-0.09506,1,1
1000,78,11,33,5.0,2.75,2.75,0.040604591369628906,0.030035018920898438,5.0|10.5,5.0|10.5,2,2,2.8529922649164003,2.8529922649164003,0.04180431365966797,0.025819063186645508,40,28,4.79005|10.49604,4.79005|10.49604,2,2
1000,79,17,12,0.0,0.0,0.0,0.040506601333618164,0.003343820571899414,0.0,0.0,1,1,0.022307856270402854,0.008231582273311536,0.0421290397644043,0.002562999725341797,40,2,-0.03638|-0.00823,-0.00823,2,1
1000,80,28,6,-6.922567094721564e-16,0.0,0.0,0.03905200958251953,0.014351844787597656,-0.0,-0.0,1,1,0.017626880128976972,0.017626880128976972,0.03911399841308594,0.011010885238647461,40,14,-0.01763,-0.01763,1,1
1000,81,26,38,4.003057666254086e-15,0.0,0.0,0.04040408134460449,0.0363466739654541,0.0,0.0,1,1,0.07460684914844912,0.07460684914844912,0.039673566818237305,0.037317514419555664,40,27,0.07461,0.07461,1,1
1000,82,15,31,5.075305255429287e-16,0.0,0.0,0.03932356834411621,0.015610694885253906,0.0,0.0,1,1,0.35647964622953415,0.35647964622953415,0.038941144943237305,0.015340805053710938,40,17,-0.35648,-0.35648,1,1
1000,83,23,31,4.5308342169512714e-15,0.0,0.0,0.04051661491394043,0.01782369613647461,0.0,0.0,1,1,0.17692068349308435,0.17692068349308435,0.03949761390686035,0.013599157333374023,40,16,0.17692,0.17692,1,1
1000,84,30,28,6.212712786625595e-15,0.0,0.0,0.03936767578125,0.028345346450805664,0.0,0.0,1,1,0.16487103531383573,0.16487103531383573,0.03946733474731445,0.02327275276184082,40,22,-0.16487,-0.16487,1,1
1000,85,16,40,5.921189464667501e-16,0.0,0.0,0.038767337799072266,0.02094745635986328,0.0,0.0,1,1,0.27170841831453235,0.27170841831453235,0.04994797706604004,0.02034449577331543,40,22,0.27171,0.27171,1,1
1000,86,24,40,2.0,0.0,0.0,0.04023122787475586,0.018700838088989258,2.0,2.0,1,1,0.010086672092700422,0.010086672092700422,0.039861202239990234,0.021799087524414062,40,21,1.98991,1.98991,1,1
1000,87,38,23,-1.0956242767171562e-14,0.0,0.0,0.03945517539978027,0.03311014175415039,-0.0,-0.0,1,1,0.11607497074205374,0.11607497074205374,0.04103398323059082,0.036377906799316406,40,27,0.11607,0.11607,1,1
1000,88,33,34,-6.101095923813119e-14,0.0,0.0,0.03930306434631348,0.026929855346679688,-0.0,-0.0,1,1,0.12667026382870702,0.12667026382870702,0.0404202938079834,0.030159950256347656,40,29,0.12667,0.12667,1,1
1000,89,32,40,-1.043257191393798e-15,0.0,0.0,0.039456844329833984,0.028508663177490234,-0.0,-0.0,1,1,0.08715404560622203,0.08715404560622203,0.04190707206726074,0.03137063980102539,40,26,0.08715,0.08715,1,1
1000,90,12,35,2.0,0.0,0.0,0.03980565071105957,0.031771183013916016,2.0,2.0,1,1,0.07470567890552227,0.07470567890552227,0.039784908294677734,0.03818869590759277,40,25,2.07471,2.07471,1,1
1000,91,2,11,0.0,0.0,0.0,0.04026985168457031,0.003247976303100586,0.0,0.0,1,1,0.04224515587212064,0.019663050832981876,0.04151773452758789,0.002492666244506836,40,2,-0.06483|-0.01966,-0.01966,2,1
1000,92,30,12,0.0,0.0,0.0,0.04102683067321777,0.022556066513061523,0.0,0.0,1,1,0.039419037279340485,0.039419037279340485,0.04092669486999512,0.0231473445892334,40,20,0.03942,0.03942,1,1
1000,93,7,6,0.0,0.0,0.0,0.04353213310241699,0.0040471553802490234,0.0,0.0,1,1,0.009524319003836188,0.009524319003836188,0.041228294372558594,0.0033562183380126953,40,4,0.00952,0.00952,1,1
1000,94,40,35,-2.4855447655389826e-15,0.0,0.0,0.04049491882324219,0.03377366065979004,-0.0,-0.0,1,1,0.3765196742083889,0.3765196742083889,0.04013323783874512,0.04034161567687988,40,27,0.37652,0.37652,1,1
1000,95,20,38,3.0,0.0,0.0,0.04163360595703125,0.03249478340148926,3.0,3.0,1,1,0.225596086773725,0.225596086773725,0.04123687744140625,0.03629279136657715,40,26,3.2256,3.2256,1,1
1000,96,12,22,0.0,0.0,0.0,0.04404473304748535,0.006319522857666016,0.0,0.0,1,1,0.02827585135639201,0.02827585135639201,0.040168046951293945,0.005807161331176758,40,11,-0.02828,-0.02828,1,1
1000,97,25,9,0.0,0.0,0.0,0.04369711875915527,0.005444765090942383,0.0,0.0,1,1,0.05370563458206375,0.05370563458206375,0.0404973030090332,0.004901885986328125,40,8,0.05371,0.05371,1,1
1000,98,31,21,4.3508740154229107e-16,0.0,0.0,0.04078793525695801,0.012899398803710938,0.0,0.0,1,1,0.05984334762759584,0.05984334762759584,0.043213605880737305,0.011964559555053711,40,15,0.05984,0.05984,1,1
1000,99,33,28,-2.1607093956275556e-14,0.0,0.0,0.04122328758239746,0.03274226188659668,-0.0,-0.0,1,1,0.04890467733560942,0.04890467733560942,0.041680335998535156,0.02792954444885254,40,28,-0.0489,-0.0489,1,1
2500,0,30,6,-4.274868961825322e-15,0.0,0.0,0.04021286964416504,0.018823623657226562,-0.0,-0.0,1,1,0.008882696263324481,0.008882696263324481,0.04107666015625,0.022418737411499023,40,19,0.00888,0.00888,1,1
2500,1,33,14,-1.7034391944055334e-16,0.0,0.0,0.04550909996032715,0.02685260772705078,-0.0,-0.0,1,1,0.005479016260450358,0.005479016260450358,0.041472673416137695,0.030449867248535156,40,28,-0.00548,-0.00548,1,1
2500,2,12,39,0.0,0.0,0.0,0.040053367614746094,0.006989717483520508,0.0,0.0,1,1,0.001831490912145854,0.001831490912145854,0.04175448417663574,0.005839109420776367,40,8,-0.00183,-0.00183,1,1
2500,3,19,4,0.0,0.0,0.0,0.04092121124267578,0.0031957626342773438,0.0,0.0,1,1,0.018743174776644972,0.018743174776644972,0.04150652885437012,0.003068208694458008,40,2,0.01874,0.01874,1,1
2500,4,18,11,0.0,0.0,0.0,0.041466712951660156,0.006799936294555664,0.0,0.0,1,1,0.09250634986820504,0.09250634986820504,0.040843963623046875,0.010522603988647461,40,9,-0.09251,-0.09251,1,1
2500,5,28,18,-8.838246039172815e-16,0.0,0.0,0.0443572998046875,0.011677026748657227,-0.0,-0.0,1,1,0.015893233033820224,0.015893233033820224,0.04045391082763672,0.011483430862426758,40,14,-0.01589,-0.01589,1,1
2500,6,32,10,-1.4521012258589349e-15,0.0,0.0,0.04164624214172363,0.01889967918395996,-0.0,-0.0,1,1,0.017162009843666448,0.017162009843666448,0.04111075401306152,0.023302316665649414,40,20,0.01716,0.01716,1,1
2500,7,18,19,0.0,0.0,0.0,0.04087328910827637,0.005168914794921875,0.0,0.0,1,1,0.02436633587986605,0.02436633587986605,0.042394399642944336,0.004150390625,40,7,0.02437,0.02437,1,1
2500,8,11,29,1.0,1.25,1.25,0.04070234298706055,0.01665782928466797,1.0|3.5,1.0|3.5,2,2,1.2489067915438092,1.2489067915438092,0.041811227798461914,0.01593160629272461,40,18,1.0073|3.49051,1.0073|3.49051,2,2
2500,9,37,11,-3.6348389131833776e-14,0.0,0.0,0.04420781135559082,0.045478105545043945,-0.0,-0.0,1,1,0.01954730523928124,0.01954730523928124,0.04144763946533203,0.04669380187988281,40,30,0.01955,0.01955,1,1
2500,10,5,39,1.0,0.3333333333333333,0.5,0.04368996620178223,0.010336160659790039,0.0|1.0,0.0|1.0,2,2,0.3392407559087975,0.47976993443721844,0.04223060607910156,0.006913423538208008,40,8,0.0541|0.94182|0.98636,0.0541|0.98636,3,2
2500,11,16,4,0.0,0.0,0.0,0.04047441482543945,0.004407405853271484,0.0,0.0,1,1,0.006815103206047062,0.006815103206047062,0.0409245491027832,0.003337860107421875,40,4,-0.00682,-0.00682,1,1
2500,12,28,14,0.0,0.0,0.0,0.04457378387451172,0.011720895767211914,0.0,0.0,1,1,0.015970084649162726,0.015970084649162726,0.041014671325683594,0.011096715927124023,40,15,0.01597,0.01597,1,1
2500,13,28,29,-1.0518818931350503e-14,0.0,0.0,0.041188955307006836,0.021705150604248047,-0.0,-0.0,1,1,0.14095807978023697,0.14095807978023697,0.04180002212524414,0.026339292526245117,40,21,-0.14096,-0.14096,1,1
2500,14,36,26,2.436479749718788e-14,0.0,0.0,0.043993473052978516,0.03146195411682129,0.0,0.0,1,1,0.028107022192087553,0.028107022192087553,0.1061258316040039,0.03168892860412598,40,26,-0.02811,-0.02811,1,1
2500,15,9,12,0.0,0.0,0.0,0.03931117057800293,0.005476713180541992,0.0,0.0,1,1,0.008255951073247786,0.008255951073247786,0.04131436347961426,0.004790306091308594,40,5,0.00826,0.00826,1,1
2500,16,30,1,-8.437241372023661e-16,0.0,0.0,0.038974761962890625,0.01978611946105957,-0.0,-0.0,1,1,0.019940655111333454,0.019940655111333454,0.039449214935302734,0.019517183303833008,40,19,-0.01994,-0.01994,1,1
2500,17,37,29,4.818247586909486e-14,0.0,0.0,0.03940844535827637,0.04436016082763672,0.0,0.0,1,1,0.017793586046570633,0.017793586046570633,0.039386749267578125,0.04413104057312012,40,30,0.01779,0.01779,1,1
2500,18,28,24,-2.9968980467955103e-32,0.0,0.0,0.03989458084106445,0.0132598876953125,-0.0,-0.0,1,1,0.04891343747631968,0.04891343747631968,0.04085350036621094,0.01260685920715332,40,17,0.04891,0.04891,1,1
2500,19,4,39,2.664535259100376e-16,0.0,0.0,0.04002261161804199,0.006443977355957031,0.0,0.0,1,1,0.00829741498726651,0.0033975712261949133,0.0403594970703125,0.0055925846099853516,40,8,-0.0132|0.0034,0.0034,2,1
2500,20,26,40,-9.607338399009805e-15,0.0,0.0,0.039412736892700195,0.020600318908691406,-0.0,-0.0,1,1,0.002774954888077556,0.002774954888077556,0.0490875244140625,0.020143747329711914,40,22,-0.00277,-0.00277,1,1
2500,21,39,37,5.329070518200751e-15,0.0,0.0,0.043572425842285156,0.045479774475097656,0.0,0.0,1,1,1.5557344744486068,1.5557344744486068,0.04219651222229004,0.04233884811401367,40,31,1.55573,1.55573,1,1
2500,22,8,38,4.0,3.1111111111111107,3.1111111111111107,0.04614615440368652,0.03306746482849121,4.0|6.66667|10.66667,4.0|6.66667|10.66667,3,3,3.2333418949620345,3.2333418949620345,0.04022717475891113,0.03279614448547363,40,26,4.21182|6.78505|10.70316,4.21182|6.78505|10.70316,3,3
2500,23,5,37,71.0,0.3333333333333333,0.3333333333333333,0.0435633659362793,0.04358172416687012,70.5|71.0|71.5,70.5|71.0|71.5,3,3,1.9253924727871379,1.9253924727871379,0.040044546127319336,0.045821428298950195,40,30,72.66165|72.71687|73.39765,72.66165|72.71687|73.39765,3,3
2500,24,40,23,1.0594965165544172e-14,0.0,0.0,0.040589094161987305,0.01964116096496582,0.0,0.0,1,1,0.04857899667128686,0.04857899667128686,0.0404658317565918,0.018788814544677734,40,22,-0.04858,-0.04858,1,1
2500,25,20,11,0.0,0.0,0.0,0.0450131893157959,0.00403141975402832,0.0,0.0,1,1,0.0461574730576555,0.0461574730576555,0.04122328758239746,0.003262758255004883,40,4,-0.04616,-0.04616,1,1
2500,26,26,12,0.0,0.0,0.0,0.040433645248413086,0.0052301883697509766,0.0,0.0,1,1,0.02227127336052391,0.02227127336052391,0.04099416732788086,0.005017518997192383,40,9,-0.02227,-0.02227,1,1
2500,27,5,25,0.0,0.0,0.0,0.040535926818847656,0.00459599494934082,0.0,0.0,1,1,0.04021297297015974,0.019746017273607915,0.04035639762878418,0.003968954086303711,40,5,0.01975|0.0501|0.05079,0.01975,3,1
2500,28,17,4,0.0,0.0,0.0,0.041056156158447266,0.0031130313873291016,0.0,0.0,1,1,0.005871753112550497,0.005178218119251359,0.04380011558532715,0.002481698989868164,40,2,0.00518|0.00657,0.00518,2,1
2500,29,6,22,2.0,0.0,0.0,0.03960156440734863,0.006162166595458984,2.0,2.0,1,1,0.05487109640566801,0.05487109640566801,0.040848493576049805,0.005499362945556641,40,10,1.94513,1.94513,1,1
2500,30,6,3,0.0,0.0,0.0,0.041190147399902344,0.005616188049316406,0.0,0.0,1,1,0.059516060907449334,0.059516060907449334,0.04131269454956055,0.005007505416870117,40,4,0.05952,0.05952,1,1
2500,31,28,29,-1.0518818931350503e-14,0.0,0.0,0.03986477851867676,0.02577495574951172,-0.0,-0.0,1,1,0.041933879742022055,0.041933879742022055,0.039885759353637695,0.021580219268798828,40,21,0.04193,0.04193,1,1
2500,32,16,4,0.0,0.0,0.0,0.04276227951049805,0.003946542739868164,0.0,0.0,1,1,0.03294089136277066,0.03294089136277066,0.0412900447845459,0.0031745433807373047,40,4,-0.03294,-0.03294,1,1
2500,33,2,30,17.0,8.5,8.5,0.04294586181640625,0.025913000106811523,0.0|17.0,0.0|17.0,2,2,8.918284314285502,8.918284314285502,0.04044771194458008,0.022047042846679688,40,20,-0.59632|17.24025,-0.59632|17.24025,2,2
2500,34,25,22,-8.074349270001139e-17,0.0,0.0,0.040313720703125,0.013562440872192383,-0.0,-0.0,1,1,0.004696979965119381,0.004696979965119381,0.041022539138793945,0.01005864143371582,40,14,0.0047,0.0047,1,1
2500,35,15,3,0.0,0.0,0.0,0.03978252410888672,0.006199359893798828,0.0,0.0,1,1,0.011513678097124582,0.011513678097124582,0.04116630554199219,0.005372762680053711,40,6,0.01151,0.01151,1,1
2500,36,17,30,0.0,5.666666666666667,5.666666666666667,0.043721675872802734,0.021849393844604492,0.0|11.33333,0.0|11.33333,2,2,5.804948760713707,5.804948760713707,0.039713144302368164,0.02168107032775879,40,20,0.28044|11.32946,0.28044|11.32946,2,2
2500,37,20,31,1.0,0.0,0.0,0.039990901947021484,0.016591548919677734,1.0,1.0,1,1,0.09027053193103796,0.09027053193103796,0.041002750396728516,0.013194561004638672,40,15,1.09027,1.09027,1,1
2500,38,2,1,0.0,0.0,0.0,0.04048442840576172,0.0030901432037353516,0.0,0.0,1,1,0.024817058218146684,0.01869966390865105,0.04091072082519531,0.002454042434692383,40,2,0.0187|0.03093,0.0187,2,1
2500,39,7,8,0.0,0.0,0.0,0.04031944274902344,0.0032529830932617188,0.0,0.0,1,1,0.005651739938368592,0.005651739938368592,0.04035472869873047,0.002474069595336914,40,2,0.00565,0.00565,1,1
2500,40,3,36,8.0,4.333333333333333,4.333333333333333,0.04193878173828125,0.035616159439086914,8.0|11.0|18.0,8.0|11.0|18.0,3,3,3.926771280028266,3.926771280028266,0.04192352294921875,0.031067848205566406,40,25,7.78042|9.98858|17.57215,7.78042|9.98858|17.57215,3,3
2500,41,26,15,-5.003822082817607e-16,0.0,0.0,0.040570735931396484,0.011341571807861328,-0.0,-0.0,1,1,0.00712538325335857,0.00712538325335857,0.04248523712158203,0.010211944580078125,40,14,0.00713,0.00713,1,1
2500,42,10,19,0.0,0.0,0.0,0.04489946365356445,0.003206014633178711,0.0,0.0,1,1,0.01007567056696646,0.0021245676065351714,0.04023027420043945,0.0026144981384277344,40,2,-0.01803|0.00212,0.00212,2,1
2500,43,25,31,0.0,0.0,0.0,0.04023480415344238,0.017429351806640625,0.0,0.0,1,1,0.0484116316252861,0.0484116316252861,0.04281759262084961,0.01701211929321289,40,19,-0.04841,-0.04841,1,1
2500,44,39,24,1.8488927466117464e-32,0.0,0.0,0.05049276351928711,0.010879993438720703,0.0,0.0,1,1,0.010945213548473502,0.010945213548473502,0.04241490364074707,0.006527900695800781,40,10,-0.01095,-0.01095,1,1
2500,45,35,24,-1.7337792397427928e-15,0.0,0.0,0.040163278579711914,0.033566951751708984,-0.0,-0.0,1,1,0.038266380682801235,0.038266380682801235,0.04141736030578613,0.0325627326965332,40,25,-0.03827,-0.03827,1,1
2500,46,5,12,0.0,0.0,0.0,0.044708967208862305,0.0031805038452148438,0.0,0.0,1,1,0.03394406979911099,0.015762487757317634,0.04060816764831543,0.002521991729736328,40,2,-0.06237|-0.0237|-0.01576,-0.01576,3,1
2500,47,8,36,6.999999999999999,2.8888888888888897,2.8888888888888897,0.04113006591796875,0.032459259033203125,7.0|8.33333|14.33333,7.0|8.33333|14.33333,3,3,2.9025597396146026,2.9025597396146026,0.04153132438659668,0.03633618354797363,40,25,6.77812|8.20964|14.27616,6.77812|8.20964|14.27616,3,3
2500,48,25,34,1.999999999999998,0.0,0.0,0.040625572204589844,0.01767563819885254,2.0,2.0,1,1,0.01608896585772901,0.01608896585772901,0.0410003662109375,0.017621994018554688,40,20,2.01609,2.01609,1,1
2500,49,1,27,4.0,0.5,0.5,0.04105973243713379,0.015233993530273438,3.0|4.0,3.0|4.0,2,2,0.5471271804745765,0.5471271804745765,0.042121171951293945,0.011535406112670898,40,14,2.95273|3.95301,2.95273|3.95301,2,2
2500,50,18,17,0.0,0.0,0.0,0.03911447525024414,0.0064678192138671875,0.0,0.0,1,1,0.040008852225873644,0.040008852225873644,0.03939104080200195,0.005494117736816406,40,7,0.04001,0.04001,1,1
2500,51,28,17,5.616422359868439e-16,0.0,0.0,0.041268348693847656,0.016083955764770508,0.0,0.0,1,1,0.04926261277712809,0.04926261277712809,0.03901338577270508,0.013621091842651367,40,15,0.04926,0.04926,1,1
2500,52,24,12,0.0,0.0,0.0,0.0433046817779541,0.003858327865600586,0.0,0.0,1,1,0.024777949064193863,0.024777949064193863,0.038944244384765625,0.0031626224517822266,40,4,-0.02478,-0.02478,1,1
2500,53,6,17,0.0,0.0,0.0,0.039018869400024414,0.0056493282318115234,0.0,0.0,1,1,0.07758683379400272,0.07758683379400272,0.03893160820007324,0.005608558654785156,40,4,-0.07759,-0.07759,1,1
2500,54,24,15,0.0,0.0,0.0,0.039859771728515625,0.004491090774536133,0.0,0.0,1,1,0.04512695327235406,0.04512695327235406,0.039293766021728516,0.003691434860229492,40,7,-0.04513,-0.04513,1,1
2500,55,20,22,1.0,0.0,0.0,0.039028167724609375,0.009420633316040039,1.0,1.0,1,1,0.06820324806226874,0.06820324806226874,0.04175877571105957,0.0057523250579833984,40,10,1.0682,1.0682,1,1
2500,56,1,16,1.0,0.5,0.5,0.04406118392944336,0.0060040950775146484,0.0|1.0,0.0|1.0,2,2,0.5193668116894326,0.5193668116894326,0.04342365264892578,0.0049114227294921875,40,6,-0.03176|1.00698,-0.03176|1.00698,2,2
2500,57,26,12,0.0,0.0,0.0,0.042240142822265625,0.0056915283203125,0.0,0.0,1,1,0.02482171437080309,0.02482171437080309,0.041155099868774414,0.00469207763671875,40,9,-0.02482,-0.02482,1,1
2500,58,16,19,0.0,0.0,0.0,0.039901018142700195,0.0039293766021728516,0.0,0.0,1,1,0.009253192147439913,0.009253192147439913,0.040251731872558594,0.0031528472900390625,40,4,0.00925,0.00925,1,1
2500,59,15,22,8.247371040072592e-16,0.0,0.0,0.04229474067687988,0.014327526092529297,0.0,0.0,1,1,0.11999252249102775,0.11999252249102775,0.04183363914489746,0.013863563537597656,40,16,0.11999,0.11999,1,1
2500,60,30,28,6.212712786625595e-15,0.0,0.0,0.04039883613586426,0.023914813995361328,0.0,0.0,1,1,0.03260531750247312,0.03260531750247312,0.040264129638671875,0.026768207550048828,40,22,0.03261,0.03261,1,1
2500,61,5,29,13.0,0.0,0.0,0.03972220420837402,0.0203092098236084,13.0,13.0,1,1,0.1278103009769692,0.08460913672712955,0.04136919975280762,0.017006397247314453,40,18,12.78321|12.91539|12.91797,12.91539,3,1
2500,62,21,5,-5.003822082817607e-17,0.0,0.0,0.0394132137298584,0.005144357681274414,-0.0,-0.0,1,1,0.0065439044671788136,0.0065439044671788136,0.04144549369812012,0.004488945007324219,40,8,0.00654,0.00654,1,1
2500,63,5,10,0.0,0.0,0.0,0.043920040130615234,0.0031676292419433594,0.0,0.0,1,1,0.011689841147565815,0.0002572811168912352,0.0400998592376709,0.0025823116302490234,40,2,-0.02204|-0.00026|0.01278,-0.00026,3,1
2500,64,37,8,-6.637386073035036e-14,0.0,0.0,0.04212331771850586,0.04569602012634277,-0.0,-0.0,1,1,0.04094029445940916,0.04094029445940916,0.040784597396850586,0.04230380058288574,40,30,-0.04094,-0.04094,1,1
2500,65,2,39,1.0,0.5,0.5,0.04225778579711914,0.007964134216308594,0.0|1.0,0.0|1.0,2,2,0.5655859639110716,0.5655859639110716,0.04147481918334961,0.007349252700805664,40,9,-0.10175|0.97057,-0.10175|0.97057,2,2
2500,66,15,10,0.0,0.0,0.0,0.042998552322387695,0.004177093505859375,0.0,0.0,1,1,0.012847581243311005,0.012847581243311005,0.039817094802856445,0.0033903121948242188,40,5,0.01285,0.01285,1,1
2500,67,11,37,11.0,7.25,7.25,0.04098939895629883,0.04614114761352539,11.0|25.5,11.0|25.5,2,2,7.52824466505907,7.52824466505907,0.04037356376647949,0.042949676513671875,40,30,10.24548|25.30197,10.24548|25.30197,2,2
2500,68,14,28,0.0,0.0,0.0,0.04913640022277832,0.011518001556396484,0.0,0.0,1,1,4.325320288302982e-05,4.325320288302982e-05,0.04266715049743652,0.014549970626831055,40,15,-4e-05,-4e-05,1,1
2500,69,5,38,30.0,0.3333333333333333,0.3333333333333333,0.04552769660949707,0.03410935401916504,29.5|30.0|30.5,29.5|30.0|30.5,3,3,0.8137725408315788,0.8137725408315788,0.04245305061340332,0.03305172920227051,40,26,30.42072|30.87548|31.14511,30.42072|30.87548|31.14511,3,3
2500,70,30,38,6.259162975684478e-14,0.0,0.0,0.043932437896728516,0.0368192195892334,0.0,0.0,1,1,0.031809492431616605,0.031809492431616605,0.04112052917480469,0.04003000259399414,40,27,-0.03181,-0.03181,1,1
2500,71,4,33,7.000000000000002,3.0,3.0,0.046376943588256836,0.026337146759033203,1.0|7.0,1.0|7.0,2,2,3.2038883279561494,3.2038883279561494,0.04041886329650879,0.029881715774536133,40,28,0.8501|6.74212,0.8501|6.74212,2,2
2500,72,20,11,0.0,0.0,0.0,0.03983259201049805,0.0039670467376708984,0.0,0.0,1,1,0.008903650705315156,0.008903650705315156,0.04473471641540527,0.0036106109619140625,40,4,-0.0089,-0.0089,1,1
2500,73,17,2,0.0,0.16666666666666666,0.16666666666666666,0.04042387008666992,0.005677938461303711,0.0|0.33333,0.0|0.33333,2,2,0.1767180071654845,0.1767180071654845,0.04105210304260254,0.004561901092529297,40,3,-0.01719|0.33625,-0.01719|0.33625,2,2
2500,74,16,37,4.000000000000007,0.0,0.0,0.043202877044677734,0.04998970031738281,4.0,4.0,1,1,0.34467321419052555,0.34467321419052555,0.04142260551452637,0.04595589637756348,40,30,3.65533,3.65533,1,1
2500,75,22,14,0.0,0.0,0.0,0.044214725494384766,0.006533145904541016,0.0,0.0,1,1,0.013137029345190551,0.013137029345190551,0.04016995429992676,0.005849599838256836,40,11,-0.01314,-0.01314,1,1
2500,76,18,39,3.7007434154171886e-16,0.0,0.0,0.04040884971618652,0.010530710220336914,0.0,0.0,1,1,0.019103533028929167,0.019103533028929167,0.04106855392456055,0.0103302001953125,40,12,0.0191,0.0191,1,1
2500,77,39,4,1.8488927466117464e-32,0.0,0.0,0.0415797233581543,0.006575584411621094,0.0,0.0,1,1,0.028580733690030644,0.028580733690030644,0.044324398040771484,0.00586247444152832,40,8,0.02858,0.02858,1,1
2500,78,3,12,0.0,0.0,0.0,0.040799856185913086,0.0034418106079101562,0.0,0.0,1,1,0.010019489288591756,0.006081736277790351,0.04120135307312012,0.002584218978881836,40,2,-0.02218|-0.00608|0.0018,-0.00608,3,1
2500,79,39,26,6.185528280054443e-16,0.0,0.0,0.04181694984436035,0.010608434677124023,0.0,0.0,1,1,0.006916449365753976,0.006916449365753976,0.04161667823791504,0.010032176971435547,40,14,0.00692,0.00692,1,1
2500,80,12,5,0.0,0.0,0.0,0.04193258285522461,0.0038509368896484375,0.0,0.0,1,1,0.011016948216364456,0.011016948216364456,0.0450139045715332,0.0025844573974609375,40,2,-0.01102,-0.01102,1,1
2500,81,32,34,-1.0573552615477681e-16,0.0,0.0,0.04101252555847168,0.03137326240539551,-0.0,-0.0,1,1,0.2675339998506786,0.2675339998506786,0.04196929931640625,0.035730600357055664,40,27,0.26753,0.26753,1,1
2500,82,32,15,8.035899987763038e-16,0.0,0.0,0.04128766059875488,0.019594907760620117,0.0,0.0,1,1,0.04103664342363642,0.04103664342363642,0.04538893699645996,0.020839452743530273,40,20,-0.04104,-0.04104,1,1
2500,83,10,16,0.0,4.4408920985006264e-17,8.881784197001253e-17,0.0407261848449707,0.0039031505584716797,0.0,0.0,1,1,0.005792323036688105,0.0033319086966175538,0.04035830497741699,0.0065534114837646484,40,4,0.00333|0.00825,0.00333,2,1
2500,84,16,30,0.0,0.0,0.0,0.043622732162475586,0.02276444435119629,0.0,0.0,1,1,0.009732837886990784,0.009732837886990784,0.040750741958618164,0.02206134796142578,40,21,-0.00973,-0.00973,1,1
2500,85,14,23,0.0,0.0,0.0,0.040639400482177734,0.009472846984863281,0.0,0.0,1,1,0.005402621460033563,0.005402621460033563,0.0406804084777832,0.07793688774108887,40,13,-0.0054,-0.0054,1,1
2500,86,8,23,1.0,0.7777777777777777,0.7777777777777777,0.04299020767211914,0.009425163269042969,1.0|1.66667|2.66667,1.0|1.66667|2.66667,3,3,0.7575496781750535,0.7575496781750535,0.03945112228393555,0.00865316390991211,40,12,0.97784|1.60496|2.64553,0.97784|1.60496|2.64553,3,3
2500,87,21,7,6.254777603522009e-17,0.0,0.0,0.03871750831604004,0.00524592399597168,0.0,0.0,1,1,0.028025251713380897,0.028025251713380897,0.04010939598083496,0.00449061393737793,40,8,-0.02803,-0.02803,1,1
2500,88,17,10,0.0,0.0,0.0,0.03883934020996094,0.0064105987548828125,0.0,0.0,1,1,0.011612641438942617,0.0027556866328344904,0.04086732864379883,0.002643108367919922,40,2,-0.02047|-0.00276,-0.00276,2,1
2500,89,38,11,-3.031362349459144e-14,0.0,0.0,0.042987823486328125,0.03448748588562012,-0.0,-0.0,1,1,0.026201943770238545,0.026201943770238545,0.0446624755859375,0.03241419792175293,40,26,-0.0262,-0.0262,1,1
2500,90,4,39,2.664535259100376e-16,0.0,0.0,0.041962385177612305,0.006451845169067383,0.0,0.0,1,1,0.005297234304203657,0.0021153496874769515,0.03990340232849121,0.0056493282318115234,40,8,0.00212|0.00848,0.00212,2,1
2500,91,38,5,-6.311246771758875e-16,0.0,0.0,0.039324283599853516,0.03191256523132324,-0.0,-0.0,1,1,0.05756242666075479,0.05756242666075479,0.03928399085998535,0.040261268615722656,40,26,0.05756,0.05756,1,1
2500,92,14,3,0.0,0.0,0.0,0.04117465019226074,0.003198385238647461,0.0,0.0,1,1,0.02498483419017523,0.02498483419017523,0.040817975997924805,0.002576589584350586,40,2,0.02498,0.02498,1,1
2500,93,1,27,4.0,0.5,0.5,0.039932966232299805,0.010184288024902344,3.0|4.0,3.0|4.0,2,2,0.5047699648402146,0.5047699648402146,0.04045724868774414,0.009490251541137695,40,14,3.01273|3.97773,3.01273|3.97773,2,2
2500,94,15,37,0.999999999999998,0.0,0.0,0.041974782943725586,0.042870521545410156,1.0,1.0,1,1,0.6671388403666789,0.6671388403666789,0.04019474983215332,0.04533052444458008,40,30,0.33286,0.33286,1,1
2500,95,17,31,0.0,1.6666666666666667,1.6666666666666667,0.04035544395446777,0.014994382858276367,0.0|3.33333,0.0|3.33333,2,2,1.716535321044475,1.716535321044475,0.039936065673828125,0.014234304428100586,40,16,-0.11461|3.31846,-0.11461|3.31846,2,2
2500,96,13,18,-3.1945896545377336e-15,0.0,0.0,0.04229021072387695,0.007450103759765625,-0.0,-0.0,1,1,0.09246290689541653,0.09246290689541653,0.04413008689880371,0.0066606998443603516,40,9,0.09246,0.09246,1,1
2500,97,16,38,1.0000000000000007,0.0,0.0,0.039360761642456055,0.0325930118560791,1.0,1.0,1,1,0.0466482031087635,0.0466482031087635,0.0406033992767334,0.03569769859313965,40,26,0.95335,0.95335,1,1
2500,98,17,31,0.0,1.6666666666666667,1.6666666666666667,0.04109501838684082,0.014962196350097656,0.0|3.33333,0.0|3.33333,2,2,1.705590445563572,1.705590445563572,0.041310787200927734,0.014535188674926758,40,16,-0.07264|3.33855,-0.07264|3.33855,2,2
2500,99,37,23,8.320729280235083e-14,0.0,0.0,0.039992570877075195,0.04542827606201172,0.0,0.0,1,1,0.024732816503432984,0.024732816503432984,0.03993487358093262,0.044927358627319336,40,31,-0.02473,-0.02473,1,1
5000,0,9,22,1.0000000000000016,0.0,0.0,0.040819406509399414,0.006169319152832031,1.0,1.0,1,1,0.04314620344181885,0.04314620344181885,0.04132413864135742,0.005328178405761719,40,10,1.04315,1.04315,1,1
5000,1,36,29,-9.37521665239021e-15,0.0,0.0,0.03983116149902344,0.03164029121398926,-0.0,-0.0,1,1,0.03565448661292239,0.03565448661292239,0.04090094566345215,0.03527021408081055,40,25,-0.03565,-0.03565,1,1
5000,2,7,10,8.881784197001253e-17,0.0,0.0,0.04050016403198242,0.003149747848510742,0.0,0.0,1,1,0.0041707184683697105,0.0041707184683697105,0.04091835021972656,0.002473592758178711,40,2,0.00417,0.00417,1,1
5000,3,37,34,-4.839670311417367e-14,0.0,0.0,0.04513216018676758,0.043831825256347656,-0.0,-0.0,1,1,0.02615108318111921,0.02615108318111921,0.04466748237609863,0.042423248291015625,40,31,-0.02615,-0.02615,1,1
5000,4,28,22,3.685505060177235e-15,0.0,0.0,0.043630123138427734,0.013535022735595703,0.0,0.0,1,1,0.03947824283112828,0.03947824283112828,0.04013395309448242,0.012641191482543945,40,16,-0.03948,-0.03948,1,1
5000,5,12,25,0.0,0.0,0.0,0.040943145751953125,0.004535675048828125,0.0,0.0,1,1,0.012189070318984667,0.012189070318984667,0.0407252311706543,0.0038094520568847656,40,5,-0.01219,-0.01219,1,1
5000,6,30,12,0.0,0.0,0.0,0.04068589210510254,0.023743629455566406,0.0,0.0,1,1,0.0060460213284935374,0.0060460213284935374,0.04015946388244629,0.019718170166015625,40,20,-0.00605,-0.00605,1,1
5000,7,32,40,-1.043257191393798e-15,0.0,0.0,0.04019737243652344,0.02882528305053711,-0.0,-0.0,1,1,0.07367497271617868,0.07367497271617868,0.0407106876373291,0.03209686279296875,40,26,0.07367,0.07367,1,1
5000,8,10,39,0.0,6.66133814775094e-17,1.332267629550188e-16,0.041049957275390625,0.0063436031341552734,0.0,0.0,1,1,0.005403129871402772,0.0018656897755171041,0.040625572204589844,0.005788564682006836,40,8,-0.00187|0.00894,-0.00187,2,1
5000,9,16,37,4.000000000000007,0.0,0.0,0.04140281677246094,0.047417402267456055,4.0,4.0,1,1,0.22200983764939775,0.22200983764939775,0.04169774055480957,0.04271984100341797,40,30,3.77799,3.77799,1,1
5000,10,27,3,2.283887364943179e-16,0.0,0.0,0.04311871528625488,0.01079559326171875,0.0,0.0,1,1,0.0016020556834764742,0.0016020556834764742,0.04481148719787598,0.010079622268676758,40,14,0.0016,0.0016,1,1
5000,11,5,25,0.0,0.0,0.0,0.04161190986633301,0.004723548889160156,0.0,0.0,1,1,0.019617536201047458,0.0038332208133751208,0.04236578941345215,0.004223346710205078,40,5,0.00383|0.01407|0.04095,0.00383,3,1
5000,12,5,3,0.0,0.0,0.0,0.042020559310913086,0.0031027793884277344,0.0,0.0,1,1,0.010047543831407806,0.0009551629535887319,0.041037797927856445,0.002462148666381836,40,2,-0.02336|-0.00583|-0.00096,-0.00096,3,1
5000,13,29,11,-1.609823385706477e-15,0.0,0.0,0.040368080139160156,0.01745009422302246,-0.0,-0.0,1,1,0.049122332790289804,0.049122332790289804,0.0435638427734375,0.017139673233032227,40,18,0.04912,0.04912,1,1
5000,14,28,23,1.8111873656630004e-15,0.0,0.0,0.0417180061340332,0.012145757675170898,0.0,0.0,1,1,0.014447168318084845,0.014447168318084845,0.043851375579833984,0.011371612548828125,40,15,0.01445,0.01445,1,1
5000,15,36,12,2.1491226306986365e-15,0.0,0.0,0.04444265365600586,0.03188920021057129,0.0,0.0,1,1,0.027579683318282595,0.027579683318282595,0.04538321495056152,0.0313107967376709,40,25,-0.02758,-0.02758,1,1
5000,16,39,18,1.1974548337028473e-15,0.0,0.0,0.04146122932434082,0.01356649398803711,0.0,0.0,1,1,0.07899118053045784,0.07899118053045784,0.04037880897521973,0.009270668029785156,40,12,-0.07899,-0.07899,1,1
5000,17,13,40,-1.4802973661668755e-15,0.0,0.0,0.040204524993896484,0.02129673957824707,-0.0,-0.0,1,1,0.49866225647128315,0.49866225647128315,0.04159951210021973,0.020773887634277344,40,22,0.49866,0.49866,1,1
5000,18,38,40,-5.92896855319394e-14,0.0,0.0,0.04067659378051758,0.03400397300720215,-0.0,-0.0,1,1,0.008451864571155609,0.008451864571155609,0.04479837417602539,0.034421443939208984,40,28,-0.00845,-0.00845,1,1
5000,19,18,11,0.0,0.0,0.0,0.04458808898925781,0.0075092315673828125,0.0,0.0,1,1,0.0067189654317006174,0.0067189654317006174,0.04143500328063965,0.006263017654418945,40,9,0.00672,0.00672,1,1
5000,20,4,34,7.0,3.5,3.5,0.040985822677612305,0.01969170570373535,0.0|7.0,0.0|7.0,2,2,3.51865744702948,3.51865744702948,0.10688662528991699,0.02276444435119629,40,21,0.10961|7.14692,0.10961|7.14692,2,2
5000,21,35,10,1.0979728019049193e-15,0.0,0.0,0.042432546615600586,0.031777381896972656,0.0,0.0,1,1,0.015805676359136954,0.015805676359136954,0.04033064842224121,0.03136587142944336,40,25,0.01581,0.01581,1,1
5000,22,35,8,6.433926305285195e-15,0.0,0.0,0.03981924057006836,0.033141374588012695,0.0,0.0,1,1,0.01845736425949948,0.01845736425949948,0.042856454849243164,0.03269481658935547,40,25,-0.01846,-0.01846,1,1
5000,23,21,15,-5.003822082817607e-16,0.0,0.0,0.03873014450073242,0.014759540557861328,-0.0,-0.0,1,1,0.00458207054280175,0.00458207054280175,0.03875541687011719,0.010953187942504883,40,14,0.00458,0.00458,1,1
5000,24,3,17,0.0,0.0,0.0,0.03854727745056152,0.0033195018768310547,0.0,0.0,1,1,0.01508532863005894,0.006790891017544395,0.04412221908569336,0.0028433799743652344,40,2,0.00679|0.01712|0.02135,0.00679,3,1
5000,25,33,7,2.266958776675795e-16,0.0,0.0,0.03937816619873047,0.02890777587890625,0.0,0.0,1,1,0.001270785717790434,0.001270785717790434,0.03901267051696777,0.025176048278808594,40,28,0.00127,0.00127,1,1
5000,26,36,3,2.3481403877055163e-15,0.0,0.0,0.044994354248046875,0.03465580940246582,0.0,0.0,1,1,0.02976063191729205,0.02976063191729205,0.042795658111572266,0.03225517272949219,40,25,0.02976,0.02976,1,1
5000,27,14,6,0.0,0.0,0.0,0.03992652893066406,0.0038967132568359375,0.0,0.0,1,1,0.016222524535121557,0.016222524535121557,0.04057645797729492,0.003184080123901367,40,4,-0.01622,-0.01622,1,1
5000,28,5,24,0.0,0.0,0.0,0.04005312919616699,0.004302501678466797,0.0,0.0,1,1,0.01072407106335242,0.006664828793334867,0.04053187370300293,0.0032224655151367188,40,4,-0.00797|0.00666|0.01754,0.00666,3,1
5000,29,3,34,3.0,3.3333333333333335,3.3333333333333335,0.04422259330749512,0.01800394058227539,3.0|7.5|8.5,3.0|7.5|8.5,3,3,3.4675713451087837,3.4675713451087837,0.04058384895324707,0.017309188842773438,40,20,3.17629|7.66944|8.55699,3.17629|7.66944|8.55699,3,3
5000,30,14,30,2.0,0.0,0.0,0.04003643989562988,0.019847393035888672,2.0,2.0,1,1,0.01802379670551324,0.01802379670551324,0.041077613830566406,0.023201942443847656,40,19,1.98198,1.98198,1,1
5000,31,10,23,0.0,8.881784197001253e-17,1.7763568394002506e-16,0.04052472114562988,0.009826183319091797,0.0,0.0,1,1,0.003141147809204552,0.003908916215883504,0.04060721397399902,0.009129762649536133,40,13,-0.00391|-0.00237,-0.00391,2,1
5000,32,39,40,8.881784197001252e-16,0.0,0.0,0.04102373123168945,0.027262449264526367,0.0,0.0,1,1,0.25789146512634625,0.25789146512634625,0.040518999099731445,0.02155160903930664,40,23,-0.25789,-0.25789,1,1
5000,33,25,4,0.0,0.0,0.0,0.0401918888092041,0.0060236454010009766,0.0,0.0,1,1,0.00508585272194528,0.00508585272194528,0.04072880744934082,0.005272626876831055,40,5,0.00509,0.00509,1,1
5000,34,6,10,0.0,0.0,0.0,0.04069662094116211,0.0065381526947021484,0.0,0.0,1,1,0.01127309919910399,0.01127309919910399,0.04085993766784668,0.0032956600189208984,40,4,-0.01127,-0.01127,1,1
5000,35,19,12,0.0,0.0,0.0,0.04402804374694824,0.0031197071075439453,0.0,0.0,1,1,0.001528246408847713,0.001528246408847713,0.043846845626831055,0.0024518966674804688,40,2,0.00153,0.00153,1,1
5000,36,34,25,1.9602547545020144e-15,0.0,0.0,0.04007673263549805,0.018332719802856445,0.0,0.0,1,1,0.07678094195551266,0.07678094195551266,0.0405430793762207,0.019063472747802734,40,20,0.07678,0.07678,1,1
5000,37,1,22,3.0,0.0,0.0,0.04101896286010742,0.009806156158447266,3.0,3.0,1,1,0.022330510912110357,0.018038249172892318,0.040380001068115234,0.005713939666748047,40,10,3.01804|3.02662,3.01804,2,1
5000,38,33,22,-2.0817093170464296e-14,0.0,0.0,0.04413723945617676,0.026684284210205078,-0.0,-0.0,1,1,0.0132183148614099,0.0132183148614099,0.04367685317993164,0.03085494041442871,40,28,-0.01322,-0.01322,1,1
5000,39,35,22,-1.5276350760321224e-14,0.0,0.0,0.04042458534240723,0.03922390937805176,-0.0,-0.0,1,1,0.01610368328706157,0.01610368328706157,0.04029202461242676,0.04226422309875488,40,27,-0.0161,-0.0161,1,1
5000,40,20,34,1.0,0.0,0.0,0.04073739051818848,0.018100500106811523,1.0,1.0,1,1,0.05377102419902502,0.05377102419902502,0.04110860824584961,0.017378568649291992,40,20,1.05377,1.05377,1,1
5000,41,27,19,0.0,0.0,0.0,0.04019308090209961,0.01764225959777832,0.0,0.0,1,1,0.019373694775354593,0.019373694775354593,0.04028201103210449,0.010744094848632812,40,15,-0.01937,-0.01937,1,1
5000,42,29,3,-6.167905692361981e-16,0.0,0.0,0.04198861122131348,0.017292022705078125,-0.0,-0.0,1,1,0.01066123121970608,0.01066123121970608,0.041795969009399414,0.017080068588256836,40,18,-0.01066,-0.01066,1,1
5000,43,34,9,-2.613379004539693e-15,0.0,0.0,0.04256415367126465,0.021181344985961914,-0.0,-0.0,1,1,0.01592772429553822,0.01592772429553822,0.04032087326049805,0.017248153686523438,40,20,-0.01593,-0.01593,1,1
5000,44,4,21,1.7763568394002506e-16,0.0,0.0,0.04036521911621094,0.005782604217529297,0.0,0.0,1,1,0.01494625082042184,0.002975732188156536,0.042162179946899414,0.00481867790222168,40,9,0.00298|0.02692,0.00298,2,1
5000,45,4,36,7.000000000000003,3.4999999999999987,3.4999999999999987,0.041068077087402344,0.038912296295166016,0.0|7.0,0.0|7.0,2,2,3.5540476811829977,3.5540476811829977,0.040830135345458984,0.03454184532165527,40,26,-0.00334|6.89524,-0.00334|6.89524,2,2
5000,46,26,7,6.254777603522009e-17,0.0,0.0,0.046372413635253906,0.00509953498840332,0.0,0.0,1,1,0.006539118353437758,0.006539118353437758,0.041916608810424805,0.004304409027099609,40,8,0.00654,0.00654,1,1
5000,47,21,37,4.9999999999999245,0.0,0.0,0.040883541107177734,0.042816877365112305,5.0,5.0,1,1,0.012334544490634869,0.012334544490634869,0.04539370536804199,0.04590630531311035,40,30,4.98767,4.98767,1,1
5000,48,23,13,9.612563909412748e-16,0.0,0.0,0.04152417182922363,0.011082649230957031,0.0,0.0,1,1,0.09927040633987845,0.09927040633987845,0.0439457893371582,0.010225296020507812,40,14,-0.09927,-0.09927,1,1
5000,49,16,22,7.401486830834377e-17,0.0,0.0,0.04057002067565918,0.02168560028076172,0.0,0.0,1,1,0.01115716433847742,0.01115716433847742,0.043318986892700195,0.01055598258972168,40,15,0.01116,0.01116,1,1
5000,50,22,34,1.1937117960769683e-14,0.0,0.0,0.04032397270202637,0.021543502807617188,0.0,0.0,1,1,0.1241663824746265,0.1241663824746265,0.04071545600891113,0.020644426345825195,40,22,-0.12417,-0.12417,1,1
5000,51,33,22,-2.0817093170464296e-14,0.0,0.0,0.04043912887573242,0.02665257453918457,-0.0,-0.0,1,1,0.007201152020208098,0.007201152020208098,0.04560279846191406,0.025782346725463867,40,28,-0.0072,-0.0072,1,1
5000,52,20,16,0.0,0.0,0.0,0.044234514236450195,0.004314899444580078,0.0,0.0,1,1,0.012967320517733723,0.012967320517733723,0.04381680488586426,0.003504514694213867,40,6,-0.01297,-0.01297,1,1
5000,53,21,37,4.9999999999999245,0.0,0.0,0.04142189025878906,0.04711461067199707,5.0,5.0,1,1,0.06640560244304439,0.06640560244304439,0.042609214782714844,0.043645381927490234,40,30,4.93359,4.93359,1,1
5000,54,2,9,2.0,1.0,1.0,0.04345250129699707,0.0059201717376708984,0.0|2.0,0.0|2.0,2,2,1.066057333690035,1.066057333690035,0.04209303855895996,0.0051555633544921875,40,5,-0.09453|1.96242,-0.09453|1.96242,2,2
5000,55,40,17,0.0,0.0,0.0,0.04047346115112305,0.020128250122070312,0.0,0.0,1,1,0.07976834248476553,0.07976834248476553,0.11042070388793945,0.019206762313842773,40,22,0.07977,0.07977,1,1
5000,56,39,15,0.0,0.0,0.0,0.03912949562072754,0.009418725967407227,0.0,0.0,1,1,0.03843651134112725,0.03843651134112725,0.04148602485656738,0.007739543914794922,40,11,0.03844,0.03844,1,1
5000,57,39,5,7.533656238527848e-17,0.0,0.0,0.04144454002380371,0.008118867874145508,0.0,0.0,1,1,0.01937665719055901,0.01937665719055901,0.0394434928894043,0.007380247116088867,40,8,-0.01938,-0.01938,1,1
5000,58,26,12,0.0,0.0,0.0,0.03982806205749512,0.005171775817871094,0.0,0.0,1,1,0.021508978903311063,0.021508978903311063,0.039058685302734375,0.004563808441162109,40,9,0.02151,0.02151,1,1
5000,59,40,39,1.6147009345594326e-15,0.0,0.0,0.03914165496826172,0.024864673614501953,0.0,0.0,1,1,0.08790652806976626,0.08790652806976626,0.0390017032623291,0.021193981170654297,40,23,-0.08791,-0.08791,1,1
5000,60,18,13,-6.476300976980079e-16,0.0,0.0,0.03989124298095703,0.00679779052734375,-0.0,-0.0,1,1,0.04774290953033961,0.04774290953033961,0.03856539726257324,0.006100654602050781,40,9,0.04774,0.04774,1,1
5000,61,39,2,3.766828119263924e-17,0.0,0.0,0.03943133354187012,0.008667230606079102,0.0,0.0,1,1,0.048979725613936986,0.048979725613936986,0.04671955108642578,0.011720895767211914,40,9,0.04898,0.04898,1,1
5000,62,23,33,4.5631571657694726e-15,0.0,0.0,0.0428462028503418,0.0266263484954834,0.0,0.0,1,1,0.3500261351874717,0.3500261351874717,0.03944706916809082,0.02935791015625,40,29,0.35003,0.35003,1,1
5000,63,22,39,4.263256414560601e-16,0.0,0.0,0.0393826961517334,0.013958930969238281,0.0,0.0,1,1,0.06522570162944573,0.06522570162944573,0.04110288619995117,0.013367652893066406,40,16,-0.06523,-0.06523,1,1
5000,64,34,4,0.0,0.0,0.0,0.03982901573181152,0.023437976837158203,0.0,0.0,1,1,0.035702626571577634,0.035702626571577634,0.03939366340637207,0.019638776779174805,40,21,0.0357,0.0357,1,1
5000,65,11,19,0.0,0.0,0.0,0.03966808319091797,0.0033905506134033203,0.0,0.0,1,1,0.005325366491402296,0.0032235363875641617,0.04454302787780762,0.0026183128356933594,40,2,0.00322|0.00743,0.00322,2,1
5000,66,27,32,-8.780278091892667e-15,0.0,0.0,0.040930986404418945,0.02780604362487793,-0.0,-0.0,1,1,0.02293693209030508,0.02293693209030508,0.04001975059509277,0.024320602416992188,40,24,-0.02294,-0.02294,1,1
5000,67,34,25,1.9602547545020144e-15,0.0,0.0,0.04111528396606445,0.018651962280273438,0.0,0.0,1,1,0.1481066198970901,0.1481066198970901,0.041571855545043945,0.018073081970214844,40,20,-0.14811,-0.14811,1,1
5000,68,35,12,-2.0840784584010997e-15,0.0,0.0,0.0426030158996582,0.03215980529785156,-0.0,-0.0,1,1,0.026541775188499556,0.026541775188499556,0.0411374568939209,0.03176093101501465,40,25,-0.02654,-0.02654,1,1
5000,69,29,23,-1.2551688083956631e-14,0.0,0.0,0.04119229316711426,0.016993999481201172,-0.0,-0.0,1,1,0.0262900802785762,0.0262900802785762,0.04497337341308594,0.0165860652923584,40,19,-0.02629,-0.02629,1,1
5000,70,30,23,-1.0509355274572268e-14,0.0,0.0,0.03995466232299805,0.01872992515563965,-0.0,-0.0,1,1,0.023033036722429862,0.023033036722429862,0.040544986724853516,0.022172927856445312,40,20,-0.02303,-0.02303,1,1
5000,71,21,25,1.3888396218679786e-32,0.0,0.0,0.03997087478637695,0.00796651840209961,0.0,0.0,1,1,0.0011102279865656938,0.0011102279865656938,0.04067683219909668,0.00716090202331543,40,12,-0.00111,-0.00111,1,1
5000,72,9,4,0.0,0.0,0.0,0.04021596908569336,0.004438877105712891,0.0,0.0,1,1,0.026369610066133444,0.026369610066133444,0.040857791900634766,0.004206657409667969,40,5,0.02637,0.02637,1,1
5000,73,37,39,7.941540581460668e-15,0.0,0.0,0.046105146408081055,0.04797625541687012,0.0,0.0,1,1,0.004808686559691708,0.004808686559691708,0.044165849685668945,0.04638838768005371,40,31,-0.00481,-0.00481,1,1
5000,74,17,38,0.9999999999999977,9.833333333333336,9.833333333333336,0.03998517990112305,0.03360176086425781,1.0|20.66667,1.0|20.66667,2,2,10.137321036192995,10.137321036192995,0.04013705253601074,0.03680109977722168,40,26,0.52126|20.7959,0.52126|20.7959,2,2
5000,75,23,19,0.0,0.0,0.0,0.04079151153564453,0.009833097457885742,0.0,0.0,1,1,0.005695981400671099,0.005695981400671099,0.0428318977355957,0.00894474983215332,40,13,0.0057,0.0057,1,1
5000,76,21,5,-5.003822082817607e-17,0.0,0.0,0.04071807861328125,0.005579710006713867,-0.0,-0.0,1,1,0.029638496283221946,0.029638496283221946,0.04081559181213379,0.004498720169067383,40,8,-0.02964,-0.02964,1,1
5000,77,24,27,1.0,0.0,0.0,0.040387868881225586,0.011158943176269531,1.0,1.0,1,1,0.045491654379045454,0.045491654379045454,0.043332815170288086,0.01028752326965332,40,14,0.95451,0.95451,1,1
5000,78,28,18,-8.838246039172815e-16,0.0,0.0,0.04069066047668457,0.011013984680175781,-0.0,-0.0,1,1,0.05151643683455435,0.05151643683455435,0.04024505615234375,0.010655641555786133,40,14,-0.05152,-0.05152,1,1
5000,79,19,30,0.0,0.0,0.0,0.04055142402648926,0.02501702308654785,0.0,0.0,1,1,0.011853240105008506,0.011853240105008506,0.04076504707336426,0.020641803741455078,40,20,-0.01185,-0.01185,1,1
5000,80,31,35,-4.665487215779526e-14,0.0,0.0,0.04061746597290039,0.03600120544433594,-0.0,-0.0,1,1,0.15174042243244149,0.15174042243244149,0.04210329055786133,0.0408940315246582,40,26,-0.15174,-0.15174,1,1
5000,81,27,5,-5.202187886815019e-16,0.0,0.0,0.04205203056335449,0.010506153106689453,-0.0,-0.0,1,1,0.018997083306454523,0.018997083306454523,0.042043447494506836,0.009797334671020508,40,14,0.019,0.019,1,1
5000,82,32,36,1.8538962252470868e-14,0.0,0.0,0.041405439376831055,0.04541444778442383,0.0,0.0,1,1,0.3939466857926178,0.3939466857926178,0.041290998458862305,0.042127132415771484,40,29,-0.39395,-0.39395,1,1
5000,83,12,6,0.0,0.0,0.0,0.043933868408203125,0.004136323928833008,0.0,0.0,1,1,0.0025267827279952175,0.0025267827279952175,0.04495406150817871,0.0031566619873046875,40,4,-0.00253,-0.00253,1,1
5000,84,3,34,3.0,3.3333333333333335,3.3333333333333335,0.040796518325805664,0.018903255462646484,3.0|7.5|8.5,3.0|7.5|8.5,3,3,3.399602782556105,3.399602782556105,0.04729890823364258,0.021044254302978516,40,20,3.0096|7.65002|8.53919,3.0096|7.65002|8.53919,3,3
5000,85,21,26,-4.403363432879494e-15,0.0,0.0,0.04131889343261719,0.005551338195800781,-0.0,-0.0,1,1,0.009339568489184259,0.009339568489184259,0.04141831398010254,0.008997201919555664,40,9,0.00934,0.00934,1,1
5000,86,7,5,0.0,0.0,0.0,0.044569969177246094,0.003261566162109375,0.0,0.0,1,1,0.009818822110032386,0.009818822110032386,0.0404818058013916,0.002498149871826172,40,2,0.00982,0.00982,1,1
5000,87,30,27,-1.4167307662959301e-14,0.0,0.0,0.04141998291015625,0.018919706344604492,-0.0,-0.0,1,1,0.010311292987430975,0.010311292987430975,0.04111146926879883,0.018199443817138672,40,19,0.01031,0.01031,1,1
5000,88,17,33,-2.3684757858670005e-15,10.333333333333336,10.333333333333336,0.04033493995666504,0.028165102005004883,-0.0|20.66667,-0.0|20.66667,2,2,10.550922979747465,10.550922979747465,0.04741263389587402,0.028257369995117188,40,29,-0.63026|20.47158,-0.63026|20.47158,2,2
5000,89,26,29,-6.404892266006537e-15,0.0,0.0,0.043657541275024414,0.017188549041748047,-0.0,-0.0,1,1,0.0058483189137437655,0.0058483189137437655,0.040145158767700195,0.016670942306518555,40,19,-0.00585,-0.00585,1,1
5000,90,15,18,5.709718412357948e-16,0.0,0.0,0.04067730903625488,0.012420654296875,0.0,0.0,1,1,0.010184876389795232,0.010184876389795232,0.10763335227966309,0.009669303894042969,40,12,-0.01018,-0.01018,1,1
5000,91,37,26,1.2666335974386256e-13,0.0,0.0,0.041266679763793945,0.042281150817871094,0.0,0.0,1,1,0.028485476887949758,0.028485476887949758,0.03876924514770508,0.04544568061828613,40,31,-0.02849,-0.02849,1,1
5000,92,13,2,-8.885639138058978e-17,0.0,0.0,0.04000568389892578,0.007989883422851562,-0.0,-0.0,1,1,0.0018261524152883533,0.0018261524152883533,0.03922080993652344,0.007487773895263672,40,8,-0.00183,-0.00183,1,1
5000,93,16,23,2.9605947323337506e-16,0.0,0.0,0.04120039939880371,0.01409769058227539,0.0,0.0,1,1,0.033457497814887195,0.033457497814887195,0.0393526554107666,0.010482549667358398,40,14,0.03346,0.03346,1,1
5000,94,17,13,0.0,0.6666666666666666,0.6666666666666666,0.039357662200927734,0.008077859878540039,0.0|1.33333,0.0|1.33333,2,2,0.685023998455949,0.685023998455949,0.03940105438232422,0.0073604583740234375,40,8,0.02108|1.34897,0.02108|1.34897,2,2
5000,95,33,18,-8.058580479612416e-15,0.0,0.0,0.039064884185791016,0.030426979064941406,-0.0,-0.0,1,1,0.03012794645176405,0.03012794645176405,0.03932547569274902,0.026332378387451172,40,28,-0.03013,-0.03013,1,1
5000,96,17,7,0.0,0.0,0.0,0.04649519920349121,0.003151416778564453,0.0,0.0,1,1,0.0012738097194951556,0.0002793506947865405,0.041620731353759766,0.0024945735931396484,40,2,0.00028|0.00227,0.00028,2,1
5000,97,27,37,4.0,0.0,0.0,0.03974437713623047,0.04354524612426758,4.0,4.0,1,1,0.4229888026317301,0.4229888026317301,0.04267263412475586,0.0458071231842041,40,30,3.57701,3.57701,1,1
5000,98,39,26,6.185528280054443e-16,0.0,0.0,0.040419816970825195,0.011138677597045898,0.0,0.0,1,1,0.11762321108116428,0.11762321108116428,0.039916038513183594,0.010246515274047852,40,14,-0.11762,-0.11762,1,1
5000,99,40,6,-2.9125934579078376e-15,0.0,0.0,0.039669036865234375,0.025414466857910156,-0.0,-0.0,1,1,0.026436782808254,0.026436782808254,0.04039454460144043,0.019202709197998047,40,21,0.02644,0.02644,1,1
7500,0,24,15,0.0,0.0,0.0,0.04008078575134277,0.004396915435791016,0.0,0.0,1,1,0.017669507966009364,0.017669507966009364,0.039812564849853516,0.0038149356842041016,40,7,-0.01767,-0.01767,1,1
7500,1,12,26,0.0,0.0,0.0,0.03943610191345215,0.005382061004638672,0.0,0.0,1,1,0.0010304534904402416,0.0010304534904402416,0.041991233825683594,0.004761457443237305,40,9,-0.00103,-0.00103,1,1
7500,2,6,22,2.0,0.0,0.0,0.04489421844482422,0.006461143493652344,2.0,2.0,1,1,0.017699016975941895,0.017699016975941895,0.04164528846740723,0.005390167236328125,40,10,1.9823,1.9823,1,1
7500,3,37,21,1.2199973921885843e-13,0.0,0.0,0.04062199592590332,0.04727029800415039,0.0,0.0,1,1,0.008693440528797112,0.008693440528797112,0.04033303260803223,0.04378676414489746,40,30,0.00869,0.00869,1,1
7500,4,32,10,-1.4521012258589349e-15,0.0,0.0,0.040265560150146484,0.02284383773803711,-0.0,-0.0,1,1,0.015389275725926346,0.015389275725926346,0.04285621643066406,0.01888108253479004,40,20,-0.01539,-0.01539,1,1
7500,5,2,38,31.0,15.0,15.0,0.04046750068664551,0.033127546310424805,1.0|31.0,1.0|31.0,2,2,14.963799182933244,14.963799182933244,0.04149961471557617,0.03654813766479492,40,26,1.224|31.1516,1.224|31.1516,2,2
7500,6,31,3,-1.5603134400137336e-16,0.0,0.0,0.04035806655883789,0.013076305389404297,-0.0,-0.0,1,1,0.004923474970563265,0.004923474970563265,0.040955543518066406,0.012269735336303711,40,15,-0.00492,-0.00492,1,1
7500,7,17,9,0.0,0.6666666666666666,0.6666666666666666,0.040224313735961914,0.006529331207275391,0.0|1.33333,0.0|1.33333,2,2,0.6667051750609878,0.6667051750609878,0.04061412811279297,0.015526771545410156,40,5,0.00108|1.33233,0.00108|1.33233,2,2
7500,8,14,21,0.0,0.0,0.0,0.0444331169128418,0.005826711654663086,0.0,0.0,1,1,0.004698010540593722,0.004698010540593722,0.03986716270446777,0.004817485809326172,40,9,-0.0047,-0.0047,1,1
7500,9,38,26,-1.0671468155069895e-14,0.0,0.0,0.04091238975524902,0.034545183181762695,-0.0,-0.0,1,1,0.038577951153132346,0.038577951153132346,0.04077553749084473,0.03839993476867676,40,27,-0.03858,-0.03858,1,1
7500,10,17,36,-2.3684757858670005e-15,9.333333333333336,9.333333333333336,0.04049062728881836,0.03427004814147949,-0.0|18.66667,-0.0|18.66667,2,2,9.34625664029702,9.34625664029702,0.040413856506347656,0.038353919982910156,40,26,0.04248|18.65003,0.04248|18.65003,2,2
7500,11,19,29,0.0,0.0,0.0,0.04070329666137695,0.01793360710144043,0.0,0.0,1,1,0.01014882020394278,0.01014882020394278,0.04209184646606445,0.017308950424194336,40,19,0.01015,0.01015,1,1
7500,12,1,27,4.0,0.5,0.5,0.04096102714538574,0.010579347610473633,3.0|4.0,3.0|4.0,2,2,0.5061655372812606,0.5061655372812606,0.04395008087158203,0.00983881950378418,40,14,3.02862|4.04095,3.02862|4.04095,2,2
7500,13,40,14,6.814538203259775e-16,0.0,0.0,0.04317069053649902,0.01956486701965332,0.0,0.0,1,1,0.017673155370979465,0.017673155370979465,0.04246783256530762,0.019401073455810547,40,21,0.01767,0.01767,1,1
7500,14,33,18,-8.058580479612416e-15,0.0,0.0,0.04094123840332031,0.026045560836791992,-0.0,-0.0,1,1,0.004524158255132616,0.004524158255132616,0.04391622543334961,0.02559065818786621,40,28,0.00452,0.00452,1,1
7500,15,30,39,-3.1499034455555004e-15,0.0,0.0,0.0444178581237793,0.023964405059814453,-0.0,-0.0,1,1,0.01931621236917053,0.01931621236917053,0.04341268539428711,0.023039579391479492,40,22,-0.01932,-0.01932,1,1
7500,16,11,4,8.881784197001254e-17,2.2204460492503138e-17,4.4408920985006276e-17,0.04125380516052246,0.0031516551971435547,0.0,0.0,1,1,0.005085413154547514,0.00020671155301744983,0.041547298431396484,0.002499103546142578,40,2,0.00021|0.00996,0.00021,2,1
7500,17,10,29,5.0,0.0,0.0,0.043755292892456055,0.017342329025268555,5.0,5.0,1,1,0.017168976662338853,0.0054155194720175714,0.04056262969970703,0.016937971115112305,40,18,4.97108|5.00542,5.00542,2,1
7500,18,15,39,5.075305255429287e-16,0.0,0.0,0.04104018211364746,0.008727788925170898,0.0,0.0,1,1,0.019737462246516284,0.019737462246516284,0.0410921573638916,0.007601737976074219,40,11,0.01974,0.01974,1,1
7500,19,29,33,0.9999999999999475,0.0,0.0,0.0402679443359375,0.02671980857849121,1.0,1.0,1,1,0.039005390675288965,0.039005390675288965,0.051781654357910156,0.026429414749145508,40,28,0.96099,0.96099,1,1
7500,20,15,8,0.0,0.0,0.0,0.04433631896972656,0.005742788314819336,0.0,0.0,1,1,0.009494735442805945,0.009494735442805945,0.0399928092956543,0.004885435104370117,40,5,-0.00949,-0.00949,1,1
7500,21,13,6,-7.625073412182499e-16,0.0,0.0,0.042405128479003906,0.006761312484741211,-0.0,-0.0,1,1,0.0028446482364002912,0.0028446482364002912,0.041489601135253906,0.006035804748535156,40,7,-0.00284,-0.00284,1,1
7500,22,4,3,0.0,0.0,0.0,0.041175127029418945,0.003128528594970703,0.0,0.0,1,1,0.0037165667051865746,0.002293675084742812,0.04203367233276367,0.0024785995483398438,40,2,-0.00514|0.00229,0.00229,2,1
7500,23,35,10,1.0979728019049193e-15,0.0,0.0,0.040143489837646484,0.032683610916137695,0.0,0.0,1,1,0.03769932217154701,0.03769932217154701,0.04657936096191406,0.03217339515686035,40,25,-0.0377,-0.0377,1,1
7500,24,12,19,0.0,0.0,0.0,0.04056692123413086,0.0031290054321289062,0.0,0.0,1,1,0.008400569475622009,0.008400569475622009,0.04132556915283203,0.002501249313354492,40,2,-0.0084,-0.0084,1,1
7500,25,10,6,0.0,0.0,0.0,0.10993766784667969,0.0039348602294921875,0.0,0.0,1,1,0.009453424764810304,0.007101091141258041,0.03953194618225098,0.0031692981719970703,40,4,0.0071|0.01181,0.0071,2,1
7500,26,24,34,2.0,0.0,0.0,0.03926277160644531,0.017695188522338867,2.0,2.0,1,1,0.04047729846163617,0.04047729846163617,0.03965282440185547,0.0172116756439209,40,20,1.95952,1.95952,1,1
7500,27,37,3,-6.726141060273356e-14,0.0,0.0,0.03954362869262695,0.05311274528503418,-0.0,-0.0,1,1,0.013713680926544645,0.013713680926544645,0.04219508171081543,0.04513382911682129,40,30,-0.01371,-0.01371,1,1
7500,28,5,16,0.0,0.0,0.0,0.038843393325805664,0.003811359405517578,0.0,0.0,1,1,0.010087693186774107,0.0033292592286941892,0.03860735893249512,0.003217458724975586,40,4,0.00333|0.00973|0.0172,0.00333,3,1
7500,29,4,40,5.0,2.5,2.5,0.03856348991394043,0.0213625431060791,0.0|5.0,0.0|5.0,2,2,2.4466046943997255,2.4466046943997255,0.03869938850402832,0.025159120559692383,40,22,0.15346|5.04667,0.15346|5.04667,2,2
7500,30,20,34,1.0,0.0,0.0,0.03887820243835449,0.017719030380249023,1.0,1.0,1,1,0.03386080812003356,0.03386080812003356,0.03884768486022949,0.017266035079956055,40,20,1.03386,1.03386,1,1
7500,31,4,17,0.0,0.0,0.0,0.04608607292175293,0.0067250728607177734,0.0,0.0,1,1,0.017547839088943272,0.0066399600443541856,0.04162120819091797,0.002786397933959961,40,2,0.00664|0.02846,0.00664,2,1
7500,32,12,38,2.0,0.0,0.0,0.043517351150512695,0.03292727470397949,2.0,2.0,1,1,0.029568451748356317,0.029568451748356317,0.03919196128845215,0.031639814376831055,40,26,2.02957,2.02957,1,1
7500,33,27,12,0.0,0.0,0.0,0.0429844856262207,0.011205673217773438,0.0,0.0,1,1,0.022843938335785026,0.022843938335785026,0.040453433990478516,0.010463476181030273,40,15,0.02284,0.02284,1,1
7500,34,29,16,-1.609823385706477e-15,0.0,0.0,0.03948259353637695,0.018505573272705078,-0.0,-0.0,1,1,0.021042165719408267,0.021042165719408267,0.04060196876525879,0.01781606674194336,40,20,0.02104,0.02104,1,1
7500,35,2,26,5.0,2.5,2.5,0.04280543327331543,0.007750511169433594,0.0|5.0,0.0|5.0,2,2,2.4854457677664064,2.4854457677664064,0.039533376693725586,0.006828784942626953,40,9,0.08777|4.94134,0.08777|4.94134,2,2
7500,36,26,3,-4.753630978676726e-16,0.0,0.0,0.039775848388671875,0.006964445114135742,-0.0,-0.0,1,1,0.00475028688098071,0.00475028688098071,0.03995060920715332,0.005938529968261719,40,9,0.00475,0.00475,1,1
7500,37,7,16,0.0,0.0,0.0,0.04016304016113281,0.0038492679595947266,0.0,0.0,1,1,0.013267448591781547,0.013267448591781547,0.040007591247558594,0.003912448883056641,40,4,-0.01327,-0.01327,1,1
7500,38,16,1,0.0,0.0,0.0,0.044261932373046875,0.005742311477661133,0.0,0.0,1,1,0.016031260827090815,0.016031260827090815,0.039995670318603516,0.004929542541503906,40,6,0.01603,0.01603,1,1
7500,39,20,16,0.0,0.0,0.0,0.03992795944213867,0.004323005676269531,0.0,0.0,1,1,0.023451320057145682,0.023451320057145682,0.03997969627380371,0.003567218780517578,40,6,0.02345,0.02345,1,1
7500,40,2,35,27.0,13.0,13.0,0.040910959243774414,0.035390377044677734,1.0|27.0,1.0|27.0,2,2,12.937555835397358,12.937555835397358,0.04145359992980957,0.03473806381225586,40,25,1.13425|26.99064,1.13425|26.99064,2,2
7500,41,10,8,0.0,2.2204460492503132e-17,4.4408920985006264e-17,0.04076743125915527,0.0037844181060791016,0.0,0.0,1,1,0.008035362779907327,0.004085429733542438,0.04310321807861328,0.002562999725341797,40,2,0.00409|0.01199,0.00409,2,1
7500,42,19,17,0.0,0.0,0.0,0.04316091537475586,0.003108501434326172,0.0,0.0,1,1,0.005995102851671062,0.005995102851671062,0.0404047966003418,0.002538442611694336,40,2,0.006,0.006,1,1
7500,43,20,17,0.0,0.0,0.0,0.04761242866516113,0.005856037139892578,0.0,0.0,1,1,0.001786254262706795,0.001786254262706795,0.04245615005493164,0.004945993423461914,40,4,-0.00179,-0.00179,1,1
7500,44,10,8,0.0,2.2204460492503132e-17,4.4408920985006264e-17,0.040738582611083984,0.003419160842895508,0.0,0.0,1,1,0.011148377769007404,0.009000231348873396,0.04087352752685547,0.0025086402893066406,40,2,0.009|0.0133,0.009,2,1
7500,45,10,26,0.0,4.4408920985006264e-17,8.881784197001253e-17,0.04041028022766113,0.0054738521575927734,0.0,0.0,1,1,0.004123963798783491,0.0009366694422642592,0.04610395431518555,0.004780292510986328,40,9,0.00094|0.00731,0.00094,2,1
7500,46,7,21,2.0,0.0,0.0,0.040686607360839844,0.005618095397949219,2.0,2.0,1,1,0.005141211988332062,0.005141211988332062,0.04366183280944824,0.004633903503417969,40,8,1.99486,1.99486,1,1
7500,47,19,15,0.0,0.0,0.0,0.03946089744567871,0.004106998443603516,0.0,0.0,1,1,0.010730843612214653,0.010730843612214653,0.04015612602233887,0.0035910606384277344,40,5,-0.01073,-0.01073,1,1
7500,48,5,29,13.0,0.0,0.0,0.04200172424316406,0.0169680118560791,13.0,13.0,1,1,0.20884350709238989,0.10046898950320049,0.04279041290283203,0.016605377197265625,40,18,12.59085|12.88309|12.89953,12.89953,3,1
7500,49,33,17,0.0,0.0,0.0,0.040450334548950195,0.031031370162963867,0.0,0.0,1,1,0.01877117791786025,0.01877117791786025,0.04639387130737305,0.032068490982055664,40,29,-0.01877,-0.01877,1,1
7500,50,5,25,0.0,0.0,0.0,0.044313907623291016,0.004400730133056641,0.0,0.0,1,1,0.008097278428136397,0.0032564628944260297,0.041372060775756836,0.003674745559692383,40,5,-0.0135|-0.00753|-0.00326,-0.00326,3,1
7500,51,35,21,-1.7903514143212194e-14,0.0,0.0,0.04087686538696289,0.03267240524291992,-0.0,-0.0,1,1,0.0329211203947929,0.0329211203947929,0.04378867149353027,0.03702211380004883,40,25,0.03292,0.03292,1,1
7500,52,38,31,-1.2740666215343596e-13,0.0,0.0,0.04110908508300781,0.036569833755493164,-0.0,-0.0,1,1,0.04694715211966374,0.04694715211966374,0.0414271354675293,0.04304623603820801,40,27,-0.04695,-0.04695,1,1
7500,53,19,12,0.0,0.0,0.0,0.041800498962402344,0.0031731128692626953,0.0,0.0,1,1,0.0028674435982823337,0.0028674435982823337,0.04169821739196777,0.0025742053985595703,40,2,0.00287,0.00287,1,1
7500,54,24,1,0.0,0.0,0.0,0.041457176208496094,0.004323482513427734,0.0,0.0,1,1,0.011981931178728944,0.011981931178728944,0.041075944900512695,0.003238201141357422,40,4,-0.01198,-0.01198,1,1
7500,55,16,9,0.0,0.0,0.0,0.04395461082458496,0.008294820785522461,0.0,0.0,1,1,0.022754635351288865,0.022754635351288865,0.0527956485748291,0.007143497467041016,40,9,-0.02275,-0.02275,1,1
7500,56,26,22,-4.9037456411612546e-15,0.0,0.0,0.043839216232299805,0.00645756721496582,-0.0,-0.0,1,1,0.009566790892624697,0.009566790892624697,0.04371070861816406,0.00571751594543457,40,11,-0.00957,-0.00957,1,1
7500,57,18,39,3.7007434154171886e-16,0.0,0.0,0.040814876556396484,0.010090112686157227,0.0,0.0,1,1,0.17805962663985092,0.17805962663985092,0.04128122329711914,0.009609460830688477,40,12,-0.17806,-0.17806,1,1
7500,58,15,30,2.5376526277146436e-15,0.0,0.0,0.041930198669433594,0.02442479133605957,0.0,0.0,1,1,0.10573354811705278,0.10573354811705278,0.043543338775634766,0.024561643600463867,40,22,0.10573,0.10573,1,1
7500,59,31,26,-8.556218796536848e-15,0.0,0.0,0.041074275970458984,0.01349186897277832,-0.0,-0.0,1,1,5.847074819799284e-05,5.847074819799284e-05,0.04167294502258301,0.017263412475585938,40,16,6e-05,6e-05,1,1
7500,60,23,14,0.0,0.0,0.0,0.04068303108215332,0.00965118408203125,0.0,0.0,1,1,0.001879631770924028,0.001879631770924028,0.041235923767089844,0.009377717971801758,40,13,-0.00188,-0.00188,1,1
7500,61,23,39,-1.6189581321116206e-15,0.0,0.0,0.040320396423339844,0.013926029205322266,-0.0,-0.0,1,1,0.04928375469917033,0.04928375469917033,0.10873770713806152,0.014974117279052734,40,15,-0.04928,-0.04928,1,1
7500,62,24,13,0.0,0.0,0.0,0.0413668155670166,0.0076045989990234375,0.0,0.0,1,1,0.034392899792436406,0.034392899792436406,0.03906583786010742,0.006434440612792969,40,9,-0.03439,-0.03439,1,1
7500,63,3,27,1.0,0.6666666666666666,0.6666666666666666,0.03922295570373535,0.010882377624511719,1.0|1.5|2.5,1.0|1.5|2.5,3,3,0.6488694548863846,0.6488694548863846,0.03924441337585449,0.010586738586425781,40,14,1.0188|1.44734|2.48047,1.0188|1.44734|2.48047,3,3
7500,64,4,34,7.0,3.5,3.5,0.03945016860961914,0.019491910934448242,0.0|7.0,0.0|7.0,2,2,3.5053362513940685,3.5053362513940685,0.04180502891540527,0.019455909729003906,40,21,-0.00616|6.99548,-0.00616|6.99548,2,2
7500,65,8,38,4.0,3.1111111111111107,3.1111111111111107,0.039054155349731445,0.036551713943481445,4.0|6.66667|10.66667,4.0|6.66667|10.66667,3,3,3.1508834813474293,3.1508834813474293,0.04039144515991211,0.03289532661437988,40,26,4.16694|6.61585|10.66986,4.16694|6.61585|10.66986,3,3
7500,66,3,16,1.0,0.3333333333333333,0.5,0.039156436920166016,0.0058557987213134766,0.0|1.0,0.0|1.0,2,2,0.3472460261725366,0.5139835295834613,0.03911423683166504,0.0048177242279052734,40,5,-0.02686|0.98623|1.0011,-0.02686|1.0011,3,2
7500,67,39,22,4.123685520036296e-16,0.0,0.0,0.038843393325805664,0.017800569534301758,0.0,0.0,1,1,0.028082898109360484,0.028082898109360484,0.047060489654541016,0.013850688934326172,40,16,0.02808,0.02808,1,1
7500,68,34,30,4.2819549076069194e-14,0.0,0.0,0.042743682861328125,0.020552635192871094,0.0,0.0,1,1,0.09307381444938524,0.09307381444938524,0.03981137275695801,0.019459962844848633,40,21,-0.09307,-0.09307,1,1
7500,69,31,6,-4.050813738497193e-16,0.0,0.0,0.042740583419799805,0.015089035034179688,-0.0,-0.0,1,1,0.024252475048636455,0.024252475048636455,0.041768789291381836,0.012829780578613281,40,15,0.02425,0.02425,1,1
7500,70,36,10,-6.294104780952369e-15,0.0,0.0,0.04029560089111328,0.03253889083862305,-0.0,-0.0,1,1,0.018411114109041154,0.018411114109041154,0.03964638710021973,0.03412485122680664,40,25,-0.01841,-0.01841,1,1
7500,71,29,19,0.0,0.0,0.0,0.04267573356628418,0.01821136474609375,0.0,0.0,1,1,0.011554528458453915,0.011554528458453915,0.04083061218261719,0.017104148864746094,40,19,-0.01155,-0.01155,1,1
7500,72,3,5,0.0,0.0,0.0,0.040285348892211914,0.0034170150756835938,0.0,0.0,1,1,0.023537786216731683,0.0081666392410085,0.043860673904418945,0.002535104751586914,40,2,0.00817|0.02368|0.03877,0.00817,3,1
7500,73,13,19,0.0,0.0,0.0,0.043437957763671875,0.007397651672363281,0.0,0.0,1,1,0.012588378737376268,0.012588378737376268,0.03975844383239746,0.006556987762451172,40,8,-0.01259,-0.01259,1,1
7500,74,13,24,0.0,0.0,0.0,0.04088544845581055,0.007715463638305664,0.0,0.0,1,1,0.008158283588673387,0.008158283588673387,0.04323697090148926,0.0064775943756103516,40,9,-0.00816,-0.00816,1,1
7500,75,36,10,-6.294104780952369e-15,0.0,0.0,0.039690256118774414,0.038564205169677734,-0.0,-0.0,1,1,0.025036699700452712,0.025036699700452712,0.03976130485534668,0.03147149085998535,40,25,0.02504,0.02504,1,1
7500,76,21,35,1.9999999999999876,0.0,0.0,0.041025400161743164,0.03567004203796387,2.0,2.0,1,1,0.016532910084276597,0.016532910084276597,0.041080474853515625,0.031981706619262695,40,25,2.01653,2.01653,1,1
7500,77,14,33,3.0,0.0,0.0,0.040633440017700195,0.02979731559753418,3.0,3.0,1,1,0.031815062070623235,0.031815062070623235,0.042374610900878906,0.02649831771850586,40,28,3.03182,3.03182,1,1
7500,78,14,29,2.0,0.0,0.0,0.041196584701538086,0.01628565788269043,2.0,2.0,1,1,0.009504740937673839,0.009504740937673839,0.040491580963134766,0.019933700561523438,40,18,1.9905,1.9905,1,1
7500,79,28,12,1.2277760507619378e-15,0.0,0.0,0.04309487342834473,0.011562585830688477,0.0,0.0,1,1,0.033786980532660604,0.033786980532660604,0.043257951736450195,0.011183977127075195,40,14,0.03379,0.03379,1,1
7500,80,6,37,32.0,0.0,0.0,0.04017281532287598,0.045662641525268555,32.0,32.0,1,1,0.32498072000160505,0.32498072000160505,0.04290151596069336,0.04184079170227051,40,30,32.32498,32.32498,1,1
7500,81,35,27,8.309278859325254e-16,0.0,0.0,0.040781259536743164,0.034110069274902344,0.0,0.0,1,1,0.03280291762133079,0.03280291762133079,0.04337787628173828,0.03209972381591797,40,25,-0.0328,-0.0328,1,1
7500,82,8,15,1.0,0.3333333333333333,0.5,0.04692506790161133,0.005693674087524414,0.0|1.0,0.0|1.0,2,2,0.341553404776654,0.5027305422712893,0.04128551483154297,0.00881052017211914,40,5,-0.00466|0.9992|1.0192,-0.00466|0.9992,3,2
7500,83,15,33,9.135549459772717e-15,0.0,0.0,0.0436551570892334,0.026463747024536133,0.0,0.0,1,1,0.3220648034370051,0.3220648034370051,0.03948235511779785,0.02997565269470215,40,29,0.32206,0.32206,1,1
7500,84,1,2,0.0,0.0,0.0,0.04261493682861328,0.003316640853881836,0.0,0.0,1,1,0.019466188983663608,0.01289770232270067,0.043061256408691406,0.002525806427001953,40,2,-0.02603|-0.0129,-0.0129,2,1
7500,85,11,26,0.0,0.375,0.375,0.04123878479003906,0.007843971252441406,0.0|0.75,0.0|0.75,2,2,0.39493656235476376,0.39493656235476376,0.0420384407043457,0.006908893585205078,40,11,0.03521|0.75467,0.03521|0.75467,2,2
7500,86,35,2,-2.951583074240703e-15,0.0,0.0,0.041121482849121094,0.0333867073059082,-0.0,-0.0,1,1,0.017085421762210375,0.017085421762210375,0.044646263122558594,0.032646894454956055,40,25,0.01709,0.01709,1,1
7500,87,11,9,0.0,0.125,0.125,0.04054403305053711,0.006544828414916992,0.0|0.25,0.0|0.25,2,2,0.1299245336706635,0.1299245336706635,0.04109644889831543,0.00984811782836914,40,7,0.00746|0.25239,0.00746|0.25239,2,2
7500,88,23,26,-1.007281459367191e-14,0.0,0.0,0.04359292984008789,0.009952306747436523,-0.0,-0.0,1,1,0.001992277004145511,0.001992277004145511,0.04139828681945801,0.009512662887573242,40,13,-0.00199,-0.00199,1,1
7500,89,11,22,0.0,0.375,0.375,0.0442807674407959,0.009127140045166016,0.0|0.75,0.0|0.75,2,2,0.38619828731865846,0.38619828731865846,0.041449785232543945,0.008262157440185547,40,13,0.02303|0.74936,0.02303|0.74936,2,2
7500,90,40,37,-7.980227357590163e-14,0.0,0.0,0.041922807693481445,0.04291248321533203,-0.0,-0.0,1,1,0.20480231039584976,0.20480231039584976,0.049877166748046875,0.047739267349243164,40,31,0.2048,0.2048,1,1
7500,91,30,31,1.7128507215463089e-15,0.0,0.0,0.040994882583618164,0.02715587615966797,0.0,0.0,1,1,0.12842084016123637,0.12842084016123637,0.041884422302246094,0.03148961067199707,40,23,-0.12842,-0.12842,1,1
7500,92,18,36,5.000000000000004,0.0,0.0,0.04066967964172363,0.03364825248718262,5.0,5.0,1,1,0.3870676664271677,0.3870676664271677,0.042527198791503906,0.03334617614746094,40,25,5.38707,5.38707,1,1
7500,93,37,10,-3.7923489226441485e-15,0.0,0.0,0.044921159744262695,0.0426783561706543,-0.0,-0.0,1,1,0.02115620903574671,0.02115620903574671,0.03984999656677246,0.04790830612182617,40,30,0.02116,0.02116,1,1
7500,94,37,17,9.915019492963885e-14,0.0,0.0,0.04388928413391113,0.04666471481323242,0.0,0.0,1,1,0.0026721624913940197,0.0026721624913940197,0.04180192947387695,0.04263710975646973,40,30,0.00267,0.00267,1,1
7500,95,25,23,0.0,0.0,0.0,0.0419921875,0.08100247383117676,0.0,0.0,1,1,0.015150740834096201,0.015150740834096201,0.040843963623046875,0.011754035949707031,40,16,-0.01515,-0.01515,1,1
7500,96,21,34,0.999999999999994,0.0,0.0,0.039156436920166016,0.017300128936767578,1.0,1.0,1,1,0.018080170532800754,0.018080170532800754,0.03966331481933594,0.016894102096557617,40,20,0.98192,0.98192,1,1
7500,97,12,6,0.0,0.0,0.0,0.038951873779296875,0.004055023193359375,0.0,0.0,1,1,0.020519717495929547,0.020519717495929547,0.03936123847961426,0.004897594451904297,40,4,0.02052,0.02052,1,1
7500,98,27,6,-5.455953149586484e-16,0.0,0.0,0.04234051704406738,0.01035451889038086,-0.0,-0.0,1,1,0.01884580098376499,0.01884580098376499,0.041117191314697266,0.009668350219726562,40,14,0.01885,0.01885,1,1
7500,99,28,18,-8.838246039172815e-16,0.0,0.0,0.0391535758972168,0.011583328247070312,-0.0,-0.0,1,1,0.01626783487824801,0.01626783487824801,0.03885364532470703,0.01091623306274414,40,14,0.01627,0.01627,1,1
10000,0,38,30,9.333899293871613e-14,0.0,0.0,0.03929781913757324,0.03608536720275879,0.0,0.0,1,1,0.002336696385172166,0.002336696385172166,0.04451918601989746,0.03567218780517578,40,27,0.00234,0.00234,1,1
10000,1,15,32,3.552713678800501e-15,0.0,0.0,0.04328107833862305,0.01907181739807129,0.0,0.0,1,1,0.06763040949356633,0.06763040949356633,0.04614067077636719,0.018486499786376953,40,20,-0.06763,-0.06763,1,1
10000,2,22,27,8.242295734817162e-15,0.0,0.0,0.04053139686584473,0.015929222106933594,0.0,0.0,1,1,0.07310750489253506,0.07310750489253506,0.04130959510803223,0.019315242767333984,40,18,-0.07311,-0.07311,1,1
10000,3,12,10,0.0,0.0,0.0,0.044946908950805664,0.0031158924102783203,0.0,0.0,1,1,9.736702539862842e-05,9.736702539862842e-05,0.039644718170166016,0.0024902820587158203,40,2,0.0001,0.0001,1,1
10000,4,27,21,-5.3925118338936174e-17,0.0,0.0,0.041147470474243164,0.013234615325927734,-0.0,-0.0,1,1,0.009706379593423459,0.009706379593423459,0.041129112243652344,0.01240229606628418,40,16,-0.00971,-0.00971,1,1
10000,5,5,21,5.0,0.0,0.0,0.04076862335205078,0.005078554153442383,5.0,5.0,1,1,0.02766922202645805,0.018305986240921612,0.0405125617980957,0.0078122615814208984,40,8,5.00559|5.01831|5.05911,5.01831,3,1
10000,6,37,3,-6.726141060273356e-14,0.0,0.0,0.04235196113586426,0.04234147071838379,-0.0,-0.0,1,1,0.012656658953900092,0.012656658953900092,0.03936171531677246,0.0472559928894043,40,30,0.01266,0.01266,1,1
10000,7,15,9,0.0,0.0,0.0,0.03949308395385742,0.008521318435668945,0.0,0.0,1,1,0.031813183668898265,0.031813183668898265,0.04094362258911133,0.007677555084228516,40,10,0.03181,0.03181,1,1
10000,8,5,12,0.0,0.0,0.0,0.03990602493286133,0.0070056915283203125,0.0,0.0,1,1,0.009856860739215345,0.004408759996409895,0.04023623466491699,0.002814769744873047,40,2,0.00441|0.00961|0.01555,0.00441,3,1
10000,9,5,7,0.0,0.0,0.0,0.04382491111755371,0.0030579566955566406,0.0,0.0,1,1,0.006746908684758476,0.00171399194068323,0.0402376651763916,0.0025322437286376953,40,2,0.00171|0.00561|0.01292,0.00171,3,1
10000,10,2,12,0.0,0.0,0.0,0.03990602493286133,0.0035409927368164062,0.0,0.0,1,1,0.005092502782834071,0.0004221845781945512,0.04042363166809082,0.0026416778564453125,40,2,-0.00042|0.00976,-0.00042,2,1
10000,11,15,34,1.0150610510858574e-15,0.0,0.0,0.04098868370056152,0.028305530548095703,0.0,0.0,1,1,0.11627266465970909,0.11627266465970909,0.040848731994628906,0.02500629425048828,40,23,-0.11627,-0.11627,1,1
10000,12,4,29,5.0,2.5,2.5,0.04381537437438965,0.019677400588989258,0.0|5.0,0.0|5.0,2,2,2.469688435962646,2.469688435962646,0.04195809364318848,0.01847052574157715,40,19,0.07003|4.99059,0.07003|4.99059,2,2
10000,13,19,11,0.0,0.0,0.0,0.040464162826538086,0.003285646438598633,0.0,0.0,1,1,0.004344231067600097,0.004344231067600097,0.04705619812011719,0.002499103546142578,40,2,-0.00434,-0.00434,1,1
10000,14,34,35,-1.0128938403015132e-13,0.0,0.0,0.04044079780578613,0.03453326225280762,-0.0,-0.0,1,1,0.19668948592961893,0.19668948592961893,0.0409090518951416,0.03805899620056152,40,27,-0.19669,-0.19669,1,1
10000,15,31,39,3.540711267723472e-16,0.0,0.0,0.03989267349243164,0.016310691833496094,0.0,0.0,1,1,0.016616589430531733,0.016616589430531733,0.04036307334899902,0.015911102294921875,40,18,-0.01662,-0.01662,1,1
10000,16,4,21,1.7763568394002506e-16,0.0,0.0,0.04031825065612793,0.005646944046020508,0.0,0.0,1,1,0.0008382417869593889,0.0008065558078738784,0.04115867614746094,0.008449316024780273,40,9,0.00081|0.00087,0.00081,2,1
10000,17,35,31,2.0533062965010147e-14,0.0,0.0,0.044500112533569336,0.035527944564819336,0.0,0.0,1,1,0.0031939214881901803,0.0031939214881901803,0.04028129577636719,0.034792423248291016,40,26,-0.00319,-0.00319,1,1
10000,18,23,40,0.0,0.0,0.0,0.043752193450927734,0.02003765106201172,0.0,0.0,1,1,0.13444688557589005,0.13444688557589005,0.0415797233581543,0.018954038619995117,40,22,-0.13445,-0.13445,1,1
10000,19,7,27,1.0000000000000002,0.0,0.0,0.0403592586517334,0.010141134262084961,1.0,1.0,1,1,0.0064583465539717055,0.0064583465539717055,0.04135298728942871,0.013621330261230469,40,14,0.99354,0.99354,1,1
10000,20,11,18,0.0,0.375,0.375,0.04047036170959473,0.007466793060302734,0.0|0.75,0.0|0.75,2,2,0.37469188475096943,0.37469188475096943,0.04376077651977539,0.006631374359130859,40,9,-0.00283|0.74655,-0.00283|0.74655,2,2
10000,21,26,14,0.0,0.0,0.0,0.04129958152770996,0.0052144527435302734,0.0,0.0,1,1,0.0007543292853439017,0.0007543292853439017,0.04078960418701172,0.004504680633544922,40,9,0.00075,0.00075,1,1
10000,22,25,16,0.0,0.0,0.0,0.04204201698303223,0.004981517791748047,0.0,0.0,1,1,0.01788302541513482,0.01788302541513482,0.040474891662597656,0.00918436050415039,40,7,-0.01788,-0.01788,1,1
10000,23,20,3,0.0,0.0,0.0,0.04488015174865723,0.004193782806396484,0.0,0.0,1,1,0.00917272488356617,0.00917272488356617,0.04337167739868164,0.003172636032104492,40,4,0.00917,0.00917,1,1
10000,24,10,30,5.0,0.0,0.0,0.0408177375793457,0.019751310348510742,5.0,5.0,1,1,0.08790583858286904,0.03766022410653491,0.042299747467041016,0.019191503524780273,40,19,4.86185|4.96234,4.96234,2,1
10000,25,11,21,0.0,0.375,0.375,0.04127097129821777,0.008215188980102539,0.0|0.75,0.0|0.75,2,2,0.3840518034200264,0.3840518034200264,0.04918622970581055,0.008783817291259766,40,11,-0.02119|0.74691,-0.02119|0.74691,2,2
10000,26,20,12,0.0,0.0,0.0,0.04051065444946289,0.004102230072021484,0.0,0.0,1,1,0.012884144600016656,0.012884144600016656,0.04332756996154785,0.0033254623413085938,40,4,-0.01288,-0.01288,1,1
10000,27,21,14,0.0,0.0,0.0,0.04149365425109863,0.005318641662597656,0.0,0.0,1,1,0.009241374780739648,0.009241374780739648,0.043202877044677734,0.0046918392181396484,40,9,0.00924,0.00924,1,1
10000,28,39,8,1.942890293094024e-16,0.0,0.0,0.04031515121459961,0.0065076351165771484,0.0,0.0,1,1,0.01607303985814207,0.01607303985814207,0.043935537338256836,0.005651235580444336,40,7,-0.01607,-0.01607,1,1
10000,29,14,23,0.0,0.0,0.0,0.0417020320892334,0.00953364372253418,0.0,0.0,1,1,0.005906318558404347,0.005906318558404347,0.041327476501464844,0.009338617324829102,40,13,-0.00591,-0.00591,1,1
10000,30,17,20,0.0,0.3333333333333333,0.3333333333333333,0.04090309143066406,0.0059261322021484375,0.0|0.66667,0.0|0.66667,2,2,0.33615637777517826,0.33615637777517826,0.041815757751464844,0.004922151565551758,40,4,-0.00814|0.66418,-0.00814|0.66418,2,2
10000,31,21,33,2.999999999999987,0.0,0.0,0.04490780830383301,0.02639317512512207,3.0,3.0,1,1,0.008362617755194979,0.008362617755194979,0.043142080307006836,0.09616208076477051,40,28,3.00836,3.00836,1,1
10000,32,36,17,1.4094145301477537e-17,0.0,0.0,0.041869163513183594,0.03396463394165039,0.0,0.0,1,1,0.025994883274482496,0.025994883274482496,0.038359642028808594,0.03681540489196777,40,26,-0.02599,-0.02599,1,1
10000,33,40,22,1.8897017841736974e-15,0.0,0.0,0.04228019714355469,0.022762298583984375,0.0,0.0,1,1,0.03162553492387719,0.03162553492387719,0.03901934623718262,0.022748708724975586,40,23,0.03163,0.03163,1,1
10000,34,18,24,1.8827552511284447e-32,0.0,0.0,0.04179549217224121,0.00521087646484375,0.0,0.0,1,1,0.034709868414581325,0.034709868414581325,0.03913474082946777,0.00458073616027832,40,9,-0.03471,-0.03471,1,1
10000,35,23,28,-3.573793862812371e-15,0.0,0.0,0.041593074798583984,0.011858940124511719,-0.0,-0.0,1,1,0.04125779618109239,0.04125779618109239,0.03839683532714844,0.011870861053466797,40,15,-0.04126,-0.04126,1,1
10000,36,7,9,0.0,0.0,0.0,0.03931570053100586,0.004823207855224609,0.0,0.0,1,1,0.008129025573779987,0.008129025573779987,0.039078712463378906,0.0037457942962646484,40,5,0.00813,0.00813,1,1
10000,37,5,3,0.0,0.0,0.0,0.03873252868652344,0.00360107421875,0.0,0.0,1,1,0.010843996641429057,0.006657660968007538,0.03969001770019531,0.0024890899658203125,40,2,-0.01856|-0.00732|-0.00666,-0.00666,3,1
10000,38,3,32,3.0,1.0,1.0,0.04376506805419922,0.01483154296875,3.0|6.0,3.0|6.0,2,2,1.0358428907393453,1.0358428907393453,0.03997039794921875,0.014807701110839844,40,19,3.03346|3.05052|6.02355,3.03346|3.05052|6.02355,3,3
10000,39,9,4,0.0,0.0,0.0,0.03954124450683594,0.004668712615966797,0.0,0.0,1,1,0.014294272725290467,0.014294272725290467,0.039975881576538086,0.0039136409759521484,40,5,0.01429,0.01429,1,1
10000,40,7,24,8.881784197001253e-17,0.0,0.0,0.0399930477142334,0.0037927627563476562,0.0,0.0,1,1,0.00033180967519759696,0.00033180967519759696,0.04285621643066406,0.0031003952026367188,40,4,-0.00033,-0.00033,1,1
10000,41,9,28,0.9999999999999999,0.0,0.0,0.03902101516723633,0.011400461196899414,1.0,1.0,1,1,0.02291692806297496,0.02291692806297496,0.04005622863769531,0.012395381927490234,40,14,1.02292,1.02292,1,1
10000,42,25,18,0.0,0.0,0.0,0.040367841720581055,0.006303071975708008,0.0,0.0,1,1,0.005621703573534488,0.005621703573534488,0.04006004333496094,0.005578041076660156,40,10,0.00562,0.00562,1,1
10000,43,33,3,1.6990741538317574e-15,0.0,0.0,0.04046320915222168,0.026388168334960938,0.0,0.0,1,1,0.0200341089266772,0.0200341089266772,0.04219961166381836,0.02623581886291504,40,28,-0.02003,-0.02003,1,1
10000,44,12,19,0.0,0.0,0.0,0.04362750053405762,0.0030984878540039062,0.0,0.0,1,1,0.001426578057741992,0.001426578057741992,0.039221763610839844,0.002500295639038086,40,2,0.00143,0.00143,1,1
10000,45,24,35,3.0,0.0,0.0,0.039769887924194336,0.03944897651672363,3.0,3.0,1,1,0.038020405351967934,0.038020405351967934,0.04082465171813965,0.03670191764831543,40,25,3.03802,3.03802,1,1
10000,46,27,23,-5.684341886080802e-15,0.0,0.0,0.04326963424682617,0.013214588165283203,-0.0,-0.0,1,1,1.750190128245182e-05,1.750190128245182e-05,0.04013538360595703,0.01254892349243164,40,17,2e-05,2e-05,1,1
10000,47,4,39,2.664535259100376e-16,0.0,0.0,0.039836883544921875,0.006934642791748047,0.0,0.0,1,1,0.01657812582851886,0.011767790832646705,0.04099726676940918,0.006393909454345703,40,8,-0.02139|-0.01177,-0.01177,2,1
10000,48,12,23,0.0,0.0,0.0,0.0410001277923584,0.00960683822631836,0.0,0.0,1,1,0.004829772991751406,0.004829772991751406,0.04280662536621094,0.008779764175415039,40,13,0.00483,0.00483,1,1
10000,49,28,7,3.673532066774415e-17,0.0,0.0,0.039911746978759766,0.011864185333251953,0.0,0.0,1,1,0.011038563041798967,0.011038563041798967,0.0413661003112793,0.011056900024414062,40,14,-0.01104,-0.01104,1,1
10000,50,8,36,6.999999999999999,2.8888888888888897,2.8888888888888897,0.04275989532470703,0.034784555435180664,7.0|8.33333|14.33333,7.0|8.33333|14.33333,3,3,2.805676481437896,2.805676481437896,0.040426015853881836,0.030927419662475586,40,25,6.86697|8.08029|14.20371,6.86697|8.08029|14.20371,3,3
10000,51,32,26,8.613920864075817e-15,0.0,0.0,0.04109978675842285,0.018236875534057617,0.0,0.0,1,1,0.02000274198180491,0.02000274198180491,0.04455232620239258,0.022502899169921875,40,20,-0.02,-0.02,1,1
10000,52,21,6,-4.0030576662540856e-16,0.0,0.0,0.040592193603515625,0.005257368087768555,-0.0,-0.0,1,1,0.010737355556336023,0.010737355556336023,0.04052138328552246,0.004530668258666992,40,8,0.01074,0.01074,1,1
10000,53,26,33,-2.5619569064026148e-14,0.0,0.0,0.04019498825073242,0.032887935638427734,-0.0,-0.0,1,1,0.11844279941775795,0.11844279941775795,0.043114423751831055,0.027430057525634766,40,29,-0.11844,-0.11844,1,1
10000,54,31,19,0.0,0.0,0.0,0.04320979118347168,0.01331782341003418,0.0,0.0,1,1,0.02575961545666582,0.02575961545666582,0.04117107391357422,0.01635146141052246,40,16,-0.02576,-0.02576,1,1
10000,55,23,27,7.926149188463143e-16,0.0,0.0,0.039823055267333984,0.013829231262207031,0.0,0.0,1,1,0.025547515971743474,0.025547515971743474,0.04468059539794922,0.013794660568237305,40,17,0.02555,0.02555,1,1
10000,56,21,39,-5.504204291099367e-16,0.0,0.0,0.04082179069519043,0.011141777038574219,-0.0,-0.0,1,1,0.0003580616808946547,0.0003580616808946547,0.04164528846740723,0.014773845672607422,40,14,-0.00036,-0.00036,1,1
10000,57,21,5,-5.003822082817607e-17,0.0,0.0,0.040682077407836914,0.0055124759674072266,-0.0,-0.0,1,1,0.024028859053632952,0.024028859053632952,0.0409398078918457,0.004616975784301758,40,8,0.02403,0.02403,1,1
10000,58,17,13,0.0,0.6666666666666666,0.6666666666666666,0.04114198684692383,0.008071422576904297,0.0|1.33333,0.0|1.33333,2,2,0.6815651560759043,0.6815651560759043,0.04134321212768555,0.007392168045043945,40,8,0.02712|1.33601,0.02712|1.33601,2,2
10000,59,18,24,1.8827552511284447e-32,0.0,0.0,0.04088187217712402,0.009155035018920898,0.0,0.0,1,1,0.023043185505309607,0.023043185505309607,0.040807247161865234,0.0059146881103515625,40,9,0.02304,0.02304,1,1
10000,60,19,1,0.0,0.0,0.0,0.04538321495056152,0.00315093994140625,0.0,0.0,1,1,0.01934721095264051,0.01934721095264051,0.040296077728271484,0.002943277359008789,40,2,-0.01935,-0.01935,1,1
10000,61,9,14,0.0,0.0,0.0,0.04022216796875,0.004683256149291992,0.0,0.0,1,1,0.013769668256906094,0.013769668256906094,0.040372371673583984,0.00394749641418457,40,5,-0.01377,-0.01377,1,1
10000,62,17,18,0.0,1.3333333333333333,1.3333333333333333,0.04358792304992676,0.0060977935791015625,0.0|2.66667,0.0|2.66667,2,2,1.413164634873539,1.413164634873539,0.04131269454956055,0.005499362945556641,40,7,0.15329|2.67304,0.15329|2.67304,2,2
10000,63,29,3,-6.167905692361981e-16,0.0,0.0,0.04018974304199219,0.01742863655090332,-0.0,-0.0,1,1,0.03675539391134837,0.03675539391134837,0.044699907302856445,0.02005290985107422,40,18,-0.03676,-0.03676,1,1
10000,64,17,9,0.0,0.6666666666666666,0.6666666666666666,0.04113125801086426,0.006036996841430664,0.0|1.33333,0.0|1.33333,2,2,0.6750728225330187,0.6750728225330187,0.04074978828430176,0.005625247955322266,40,5,-0.01865|1.3315,-0.01865|1.3315,2,2
10000,65,16,23,2.9605947323337506e-16,0.0,0.0,0.04001808166503906,0.015109062194824219,0.0,0.0,1,1,0.004842996968855682,0.004842996968855682,0.04178571701049805,0.010416030883789062,40,14,-0.00484,-0.00484,1,1
10000,66,1,7,0.0,0.0,0.0,0.04160809516906738,0.003131866455078125,0.0,0.0,1,1,0.011388375772425144,0.002655505437280099,0.04115629196166992,0.002553224563598633,40,2,-0.02012|-0.00266,-0.00266,2,1
10000,67,6,16,0.0,0.0,0.0,0.040848731994628906,0.006392955780029297,0.0,0.0,1,1,0.009952451436072604,0.009952451436072604,0.04140663146972656,0.005694866180419922,40,8,0.00995,0.00995,1,1
10000,68,4,26,1.7763568394002506e-16,0.0,0.0,0.10816168785095215,0.0055348873138427734,0.0,0.0,1,1,0.005369244988360296,0.0012556099637626042,0.04189467430114746,0.004515171051025391,40,9,0.00126|0.00948,0.00126,2,1
10000,69,22,37,1.3187673175707459e-13,0.0,0.0,0.03955340385437012,0.04692506790161133,0.0,0.0,1,1,0.944864159004271,0.944864159004271,0.04041171073913574,0.04977917671203613,40,32,-0.94486,-0.94486,1,1
10000,70,7,2,0.0,0.0,0.0,0.03915214538574219,0.0031049251556396484,0.0,0.0,1,1,0.0038091506440431524,0.0038091506440431524,0.03908061981201172,0.0024383068084716797,40,2,-0.00381,-0.00381,1,1
10000,71,18,12,0.0,0.0,0.0,0.04252123832702637,0.0050201416015625,0.0,0.0,1,1,0.0034058286749810486,0.0034058286749810486,0.04424309730529785,0.004262447357177734,40,7,0.00341,0.00341,1,1
10000,72,26,38,4.003057666254086e-15,0.0,0.0,0.039542198181152344,0.03280806541442871,0.0,0.0,1,1,0.1692120939250456,0.1692120939250456,0.03932070732116699,0.037369728088378906,40,27,0.16921,0.16921,1,1
10000,73,24,12,0.0,0.0,0.0,0.042083024978637695,0.003922700881958008,0.0,0.0,1,1,0.0017852306533163618,0.0017852306533163618,0.03986501693725586,0.003201723098754883,40,4,0.00179,0.00179,1,1
10000,74,15,25,0.0,0.0,0.0,0.04200911521911621,0.00506901741027832,0.0,0.0,1,1,0.00908658135486192,0.00908658135486192,0.0400843620300293,0.004499197006225586,40,8,0.00909,0.00909,1,1
10000,75,31,24,-6.42948288461382e-32,0.0,0.0,0.039391517639160156,0.019482135772705078,-0.0,-0.0,1,1,0.006402767492672846,0.006402767492672846,0.03967690467834473,0.015934228897094727,40,18,-0.0064,-0.0064,1,1
10000,76,9,2,0.0,0.0,0.0,0.040166616439819336,0.005915164947509766,0.0,0.0,1,1,0.008283844360271315,0.008283844360271315,0.03969216346740723,0.0053272247314453125,40,5,0.00828,0.00828,1,1
10000,77,29,11,-1.609823385706477e-15,0.0,0.0,0.03934359550476074,0.01696300506591797,-0.0,-0.0,1,1,0.02090972853533483,0.02090972853533483,0.040235042572021484,0.0206143856048584,40,18,-0.02091,-0.02091,1,1
10000,78,31,30,-1.4943001790900754e-14,0.0,0.0,0.04333901405334473,0.027417659759521484,-0.0,-0.0,1,1,0.0059889562905383505,0.0059889562905383505,0.039469003677368164,0.026890993118286133,40,23,-0.00599,-0.00599,1,1
10000,79,3,31,3.0,1.0,1.0,0.04014444351196289,0.017047643661499023,2.0|3.0|5.0,2.0|3.0|5.0,3,3,1.0039901215899958,1.0039901215899958,0.04347634315490723,0.012571096420288086,40,15,2.02984|3.03742|5.00439,2.02984|3.03742|5.00439,3,3
10000,80,1,7,0.0,0.0,0.0,0.040650129318237305,0.003169536590576172,0.0,0.0,1,1,0.002576425537180396,0.0033367411818216418,0.04020071029663086,0.0024569034576416016,40,2,-0.00182|0.00334,0.00334,2,1
10000,81,8,7,0.0,0.0,0.0,0.0409083366394043,0.003094196319580078,0.0,0.0,1,1,0.004188907355714662,7.368213528329698e-05,0.04116249084472656,0.002472400665283203,40,2,-0.00881|-0.00368|7e-05,7e-05,3,1
10000,82,39,16,0.0,0.0,0.0,0.04134082794189453,0.010381221771240234,0.0,0.0,1,1,0.0028011564384589583,0.0028011564384589583,0.041870832443237305,0.0063059329986572266,40,9,-0.0028,-0.0028,1,1
10000,83,20,37,6.0,0.0,0.0,0.03995966911315918,0.04341268539428711,6.0,6.0,1,1,0.9386943465060975,0.9386943465060975,0.040178775787353516,0.04754447937011719,40,30,6.93869,6.93869,1,1
10000,84,35,4,9.637017882200465e-16,0.0,0.0,0.04282259941101074,0.034650564193725586,0.0,0.0,1,1,0.038131497632524165,0.038131497632524165,0.04086613655090332,0.038160085678100586,40,26,-0.03813,-0.03813,1,1
10000,85,5,1,0.0,0.0,0.0,0.04200243949890137,0.0032279491424560547,0.0,0.0,1,1,0.0040206581741020235,0.0005278992504319294,0.04169940948486328,0.002485513687133789,40,2,-0.00591|0.00053|0.00562,0.00053,3,1
10000,86,11,14,0.0,0.0,0.0,0.0424046516418457,0.0030989646911621094,0.0,0.0,1,1,0.005804109435527944,0.00038571676569396784,0.041081905364990234,0.0024585723876953125,40,2,0.00039|0.01122,0.00039,2,1
10000,87,29,10,-4.502571155424246e-16,0.0,0.0,0.04038667678833008,0.017520427703857422,-0.0,-0.0,1,1,0.0037055571330125714,0.0037055571330125714,0.04394698143005371,0.017862796783447266,40,18,0.00371,0.00371,1,1
10000,88,30,23,-1.0509355274572268e-14,0.0,0.0,0.040613651275634766,0.018972396850585938,-0.0,-0.0,1,1,0.0003414242224778414,0.0003414242224778414,0.042438507080078125,0.02333855628967285,40,20,-0.00034,-0.00034,1,1
10000,89,35,12,-2.0840784584010997e-15,0.0,0.0,0.0429224967956543,0.03220343589782715,-0.0,-0.0,1,1,0.006353593977008261,0.006353593977008261,0.04113268852233887,0.033637046813964844,40,25,0.00635,0.00635,1,1
10000,90,6,12,0.0,0.0,0.0,0.039812564849853516,0.003966331481933594,0.0,0.0,1,1,0.02124883676776475,0.02124883676776475,0.0433964729309082,0.0031480789184570312,40,4,0.02125,0.02125,1,1
10000,91,15,31,5.075305255429287e-16,0.0,0.0,0.03995680809020996,0.017345666885375977,0.0,0.0,1,1,0.13096283262739633,0.13096283262739633,0.04249405860900879,0.0166018009185791,40,17,0.13096,0.13096,1,1
10000,92,1,19,0.0,0.0,0.0,0.041097402572631836,0.0030870437622070312,0.0,0.0,1,1,0.002904116981195695,0.002211246000031522,0.041315317153930664,0.0024919509887695312,40,2,0.00221|0.0036,0.00221,2,1
10000,93,24,28,0.0,0.0,0.0,0.04370284080505371,0.014191150665283203,0.0,0.0,1,1,0.0055783761361704425,0.0055783761361704425,0.041681528091430664,0.013573169708251953,40,17,-0.00558,-0.00558,1,1
10000,94,16,27,-4.440892098500626e-16,0.0,0.0,0.0408782958984375,0.011425495147705078,-0.0,-0.0,1,1,0.017690970144129913,0.017690970144129913,0.04141044616699219,0.011058568954467773,40,16,0.01769,0.01769,1,1
10000,95,14,35,3.0,0.0,0.0,0.04014921188354492,0.03327465057373047,3.0,3.0,1,1,0.006342833031351525,0.006342833031351525,0.04534506797790527,0.03452038764953613,40,25,3.00634,3.00634,1,1
10000,96,36,28,3.6330983115329566e-14,0.0,0.0,0.0429844856262207,0.03493094444274902,0.0,0.0,1,1,0.04305404438623701,0.04305404438623701,0.04127192497253418,0.03072071075439453,40,25,-0.04305,-0.04305,1,1
10000,97,32,30,3.862518770433997e-14,0.0,0.0,0.04365730285644531,0.042745113372802734,0.0,0.0,1,1,0.14942444934530796,0.14942444934530796,0.0443425178527832,0.03504514694213867,40,27,0.14942,0.14942,1,1
10000,98,17,15,0.0,0.16666666666666666,0.16666666666666666,0.041574954986572266,0.0056993961334228516,0.0|0.33333,0.0|0.33333,2,2,0.16998892910635402,0.16998892910635402,0.04127979278564453,0.004925727844238281,40,6,-0.00588|0.3341,-0.00588|0.3341,2,2
10000,99,19,12,0.0,0.0,0.0,0.04164719581604004,0.003192424774169922,0.0,0.0,1,1,0.006081777524224001,0.006081777524224001,0.04370880126953125,0.002534151077270508,40,2,0.00608,0.00608,1,1
