Sample_Size,Exp_ID,T,Y,True_Effect,MAE_Full,MAE_Local,Time_Full,Time_Local,Eff_Full,Eff_Local,Set_Size_Full,Set_Size_Local,MAE_Full_n,MAE_Local_n,Time_Full_n,Time_Local_n,Vars_Full,Vars_Local,Eff_Full_n,Eff_Local_n,Set_Size_Full_n,Set_Size_Local_n
500,0,51,12,4.633974363652829e-16,0.0,0.0,0.055919647216796875,0.020838499069213867,0.0,0.0,1,1,0.011389114535398802,0.011389114535398802,0.07459688186645508,0.016780853271484375,56,19,0.01139,0.01139,1,1
500,1,43,45,-3.3306690738754696e-16,0.0,0.0,0.050394296646118164,0.02232670783996582,-0.0,-0.0,1,1,0.07743607983893491,0.07743607983893491,0.05197572708129883,0.01574420928955078,56,21,0.07744,0.07744,1,1
500,2,20,12,9.516197353929915e-16,0.0,0.0,0.050893306732177734,0.009572744369506836,0.0,0.0,1,1,0.2463090560019691,0.2463090560019691,0.05172300338745117,0.012598276138305664,56,11,-0.24631,-0.24631,1,1
500,3,16,60,3.000000000000001,0.0,0.0,0.050086021423339844,0.03238368034362793,3.0,3.0,1,1,0.4579299248014097,0.4579299248014097,0.05119752883911133,0.03163409233093262,56,33,2.54207,2.54207,1,1
500,4,35,42,0.0,0.0,0.0,0.054479122161865234,0.00430750846862793,0.0,0.0,1,1,0.05034210817314763,0.05034210817314763,0.0541377067565918,0.0035200119018554688,56,4,-0.05034,-0.05034,1,1
500,5,1,59,2.0,0.5,0.6666666666666666,0.12453961372375488,0.008627176284790039,1.0|2.0,1.0|2.0,2,2,0.6580378787816545,0.79878624263515,0.0628666877746582,0.007966041564941406,56,11,0.76763|0.88827|1.76421|1.94774,0.76763|0.88827|1.94774,4,3
500,6,9,41,0.0,0.0,0.0,0.04463815689086914,0.006988525390625,0.0,0.0,1,1,0.25969566766612234,0.25969566766612234,0.04926562309265137,0.007460832595825195,56,8,-0.2597,-0.2597,1,1
500,7,59,3,0.0,0.0,0.0,0.050623416900634766,0.017975330352783203,0.0,0.0,1,1,0.09744512291718495,0.09744512291718495,0.04552125930786133,0.007860660552978516,56,12,-0.09745,-0.09745,1,1
500,8,6,58,-1.1102230246251565e-16,0.24999999999999997,0.24999999999999997,0.047934770584106445,0.011873245239257812,-0.0|0.5,-0.0|0.5,2,2,0.31560088533032193,0.31560088533032193,0.0455784797668457,0.011508464813232422,56,17,0.08428|0.54692,0.08428|0.54692,2,2
500,9,2,11,-1.332267629550188e-16,0.0,0.0,0.04620003700256348,0.0038080215454101562,-0.0,-0.0,1,1,0.013501652781570207,0.013501652781570207,0.05016207695007324,0.003276348114013672,56,2,0.0135,0.0135,1,1
500,10,35,36,0.0,0.0,0.0,0.05278301239013672,0.004643440246582031,0.0,0.0,1,1,0.05607596006883653,0.05607596006883653,0.05043196678161621,0.004239320755004883,56,6,0.05608,0.05608,1,1
500,11,29,7,0.0,0.0,0.0,0.043093204498291016,0.0040853023529052734,0.0,0.0,1,1,0.027649558650949545,0.00043601512447989616,0.05150890350341797,0.0033676624298095703,56,2,-0.00044|0.05486,-0.00044,2,1
500,12,56,57,-6.079792753899666e-17,0.0,0.0,0.046204328536987305,0.011473894119262695,-0.0,-0.0,1,1,0.002391014132207006,0.002391014132207006,0.048081398010253906,0.00738835334777832,56,13,0.00239,0.00239,1,1
500,13,49,32,0.0,0.0,0.0,0.053003549575805664,0.004906177520751953,0.0,0.0,1,1,0.025031881964735013,0.025031881964735013,0.04995369911193848,0.004225492477416992,56,6,-0.02503,-0.02503,1,1
500,14,32,40,0.0,0.0,0.0,0.04631543159484863,0.00421905517578125,0.0,0.0,1,1,0.006147247904944422,0.006147247904944422,0.04760336875915527,0.0036525726318359375,56,4,-0.00615,-0.00615,1,1
500,15,41,22,4.930380657631324e-33,0.0,0.0,0.0500035285949707,0.006798505783081055,0.0,0.0,1,1,0.0161842032455574,0.0161842032455574,0.05005526542663574,0.009485960006713867,56,10,0.01618,0.01618,1,1
500,16,57,24,0.0,0.0,0.0,0.049866676330566406,0.09658098220825195,0.0,0.0,1,1,0.08198104442623753,0.08198104442623753,0.04193449020385742,0.004172563552856445,56,6,-0.08198,-0.08198,1,1
500,17,28,6,0.0,0.0,0.0,0.0471799373626709,0.0037679672241210938,0.0,0.0,1,1,0.10236436339916735,0.06870024971029319,0.04447054862976074,0.0029158592224121094,56,2,0.0687|0.13603,0.0687,2,1
500,18,51,7,-4.022547190670859e-17,0.0,0.0,0.04723024368286133,0.015371322631835938,-0.0,-0.0,1,1,0.0967289146850645,0.0967289146850645,0.050618886947631836,0.017696380615234375,56,19,-0.09673,-0.09673,1,1
500,19,11,19,0.0,3.330669073875469e-17,6.661338147750938e-17,0.05241990089416504,0.00874185562133789,-0.0,-0.0,1,1,0.006004938310694267,0.011788354469820891,0.04796457290649414,0.010056495666503906,56,10,0.00022|0.01179,0.01179,2,1
500,20,15,26,-1.4086801878946644e-32,0.0,0.0,0.04284954071044922,0.00655674934387207,-0.0,-0.0,1,1,0.04113249678070398,0.04113249678070398,0.0523684024810791,0.004393339157104492,56,5,-0.04113,-0.04113,1,1
500,21,55,17,9.448706592554524e-18,0.0,0.0,0.04274415969848633,0.020021915435791016,0.0,0.0,1,1,0.08996315805206286,0.08996315805206286,0.0484156608581543,0.01779031753540039,56,21,0.08996,0.08996,1,1
500,22,21,30,0.0,0.0,0.0,0.04709434509277344,0.005083799362182617,0.0,0.0,1,1,0.0038804908101923224,0.0038804908101923224,0.051860809326171875,0.0036683082580566406,56,4,0.00388,0.00388,1,1
500,23,53,10,0.0,0.0,0.0,0.04359292984008789,0.005192756652832031,0.0,0.0,1,1,0.008868391441549894,0.008868391441549894,0.04768729209899902,0.003997802734375,56,5,-0.00887,-0.00887,1,1
500,24,31,11,0.0,0.0,0.0,0.04858851432800293,0.004058122634887695,0.0,0.0,1,1,0.002090519337437141,0.002090519337437141,0.04960942268371582,0.003407001495361328,56,2,0.00209,0.00209,1,1
500,25,22,21,0.0,0.0,0.0,0.047951698303222656,0.0052700042724609375,0.0,0.0,1,1,0.01763563706813888,0.01763563706813888,0.04345703125,0.004559040069580078,56,7,0.01764,0.01764,1,1
500,26,12,22,0.9999999999999999,0.0,0.0,0.046568870544433594,0.005220651626586914,1.0,1.0,1,1,0.07560400852977167,0.07560400852977167,0.04464912414550781,0.004194974899291992,56,6,1.0756,1.0756,1,1
500,27,7,48,1.0,0.3333333333333333,0.5,0.04572319984436035,0.005905866622924805,0.0|1.0,0.0|1.0,2,2,0.41037942860725063,0.5497020002849986,0.04772233963012695,0.005414009094238281,56,4,-0.0747|0.86827|0.97529,-0.0747|0.97529,3,2
500,28,59,15,-5.551115123125783e-17,0.0,0.0,0.04599428176879883,0.010967016220092773,-0.0,-0.0,1,1,0.0009700077648550073,0.0009700077648550073,0.058130502700805664,0.009230375289916992,56,14,-0.00097,-0.00097,1,1
500,29,40,46,0.0,0.0,0.0,0.04626178741455078,0.0034732818603515625,0.0,0.0,1,1,0.022590080398487564,0.0030730741841475838,0.046526193618774414,0.004477739334106445,56,2,0.00307|0.04211,0.00307,2,1
500,30,51,15,1.2872151010146748e-16,0.0,0.0,0.047423362731933594,0.015030622482299805,0.0,0.0,1,1,0.00898987996999919,0.00898987996999919,0.0491175651550293,0.015802860260009766,56,19,0.00899,0.00899,1,1
500,31,24,18,0.0,0.0,0.0,0.047710418701171875,0.0034341812133789062,0.0,0.0,1,1,0.036454936443960535,0.036454936443960535,0.04755711555480957,0.0027589797973632812,56,2,-0.03645,-0.03645,1,1
500,32,49,21,0.0,0.0,0.0,0.041971445083618164,0.00465083122253418,0.0,0.0,1,1,0.015150940764767954,0.015150940764767954,0.04810738563537598,0.004082441329956055,56,4,-0.01515,-0.01515,1,1
500,33,57,22,0.0,0.0,0.0,0.048665523529052734,0.005649089813232422,0.0,0.0,1,1,0.019376412748645516,0.019376412748645516,0.04803347587585449,0.005800962448120117,56,10,-0.01938,-0.01938,1,1
500,34,9,34,5.255055649892407e-16,0.0,0.0,0.04980778694152832,0.013849496841430664,0.0,0.0,1,1,0.017371311118527334,0.017371311118527334,0.051809072494506836,0.013047218322753906,56,16,-0.01737,-0.01737,1,1
500,35,48,7,0.0,0.0,0.0,0.03931403160095215,0.006037235260009766,0.0,0.0,1,1,0.06934551575474898,0.06934551575474898,0.04746055603027344,0.005142688751220703,56,4,0.06935,0.06935,1,1
500,36,37,18,0.0,0.0,0.0,0.04303884506225586,0.0041065216064453125,0.0,0.0,1,1,0.012299584337530681,0.0037784099014520974,0.04882955551147461,0.0032265186309814453,56,2,-0.02082|-0.00378,-0.00378,2,1
500,37,42,23,0.0,0.0,0.0,0.0451502799987793,0.0035822391510009766,0.0,0.0,1,1,0.024689668252870438,0.008495173136538327,0.045313358306884766,0.003211498260498047,56,2,-0.04088|-0.0085,-0.0085,2,1
500,38,19,9,0.0,0.0,0.0,0.04979681968688965,0.012578964233398438,0.0,0.0,1,1,0.11945631364549883,0.11945631364549883,0.049855947494506836,0.01194143295288086,56,12,-0.11946,-0.11946,1,1
500,39,60,25,-8.508045753068033e-16,0.0,0.0,0.04793405532836914,0.02681255340576172,-0.0,-0.0,1,1,0.04094116368926334,0.04094116368926334,0.0456242561340332,0.03571295738220215,56,33,0.04094,0.04094,1,1
500,40,47,53,-5.551115123125784e-17,0.0,0.0,0.05097484588623047,0.006024837493896484,-0.0,-0.0,1,1,0.010845737050979201,0.010845737050979201,0.04684805870056152,0.005181312561035156,56,9,-0.01085,-0.01085,1,1
500,41,50,3,0.0,0.0,0.0,0.05138587951660156,0.006509542465209961,0.0,0.0,1,1,0.009907928267798181,0.009907928267798181,0.047922372817993164,0.0036323070526123047,56,4,-0.00991,-0.00991,1,1
500,42,24,48,0.0,0.0,0.0,0.048655033111572266,0.0044744014739990234,0.0,0.0,1,1,0.01054128889013128,0.01054128889013128,0.056943416595458984,0.00416254997253418,56,4,0.01054,0.01054,1,1
500,43,47,43,-5.55111512312579e-17,0.0,0.0,0.049466848373413086,0.006191730499267578,-0.0,-0.0,1,1,0.03709105539546613,0.03709105539546613,0.052196502685546875,0.005486011505126953,56,10,0.03709,0.03709,1,1
500,44,30,33,0.0,0.0,0.0,0.05829906463623047,0.005279541015625,0.0,0.0,1,1,0.04396399516729361,0.04396399516729361,0.05496978759765625,0.004120588302612305,56,6,0.04396,0.04396,1,1
500,45,27,50,0.0,0.0,0.0,0.04694771766662598,0.009856939315795898,0.0,0.0,1,1,0.06828686488960331,0.06828686488960331,0.04658031463623047,0.007381439208984375,56,10,0.06829,0.06829,1,1
500,46,21,9,0.0,0.0,0.0,0.0525355339050293,0.006318092346191406,0.0,0.0,1,1,0.05413648850144714,0.05413648850144714,0.048029184341430664,0.004636049270629883,56,5,0.05414,0.05414,1,1
500,47,47,41,-3.697785493223494e-32,0.0,0.0,0.04733085632324219,0.006056308746337891,-0.0,-0.0,1,1,0.09062670085283306,0.09062670085283306,0.04739689826965332,0.005274772644042969,56,9,-0.09063,-0.09063,1,1
500,48,19,56,-1.850371707708594e-17,0.0,0.0,0.051030874252319336,0.01826930046081543,-0.0,-0.0,1,1,0.19342077699969268,0.19342077699969268,0.04447531700134277,0.010144948959350586,56,14,-0.19342,-0.19342,1,1
500,49,56,9,3.608224830031759e-16,0.0,0.0,0.04831337928771973,0.009741067886352539,0.0,0.0,1,1,0.09516855254101898,0.09516855254101898,0.043459177017211914,0.009178400039672852,56,11,-0.09517,-0.09517,1,1
500,50,47,39,0.0,0.0,0.0,0.047255754470825195,0.00644373893737793,0.0,0.0,1,1,0.0603493074257655,0.0603493074257655,0.0488286018371582,0.006496906280517578,56,8,-0.06035,-0.06035,1,1
500,51,31,45,1.0,0.0,0.0,0.0468907356262207,0.015845060348510742,1.0,1.0,1,1,0.06103017164633562,0.06103017164633562,0.051183223724365234,0.0160524845123291,56,17,0.93897,0.93897,1,1
500,52,25,47,4.533410683886055e-16,0.0,0.0,0.04498410224914551,0.010551691055297852,0.0,0.0,1,1,0.15004147678074956,0.15004147678074956,0.044014692306518555,0.0050258636474609375,56,8,0.15004,0.15004,1,1
500,53,29,55,1.0,0.25,0.25,0.04853081703186035,0.023601293563842773,1.0|1.5,1.0|1.5,2,2,0.2748572968245043,0.2748572968245043,0.04676198959350586,0.022696971893310547,56,21,1.04183|1.50788,1.04183|1.50788,2,2
500,54,9,26,0.0,0.0,0.0,0.04574775695800781,0.007121086120605469,0.0,0.0,1,1,0.04263574088743182,0.04263574088743182,0.05065345764160156,0.005721092224121094,56,7,0.04264,0.04264,1,1
500,55,19,53,0.0,0.0,0.0,0.04362678527832031,0.009972333908081055,0.0,0.0,1,1,0.10857677151463761,0.10857677151463761,0.04818320274353027,0.01071786880493164,56,12,-0.10858,-0.10858,1,1
500,56,37,28,0.0,0.0,0.0,0.04425764083862305,0.0037834644317626953,0.0,0.0,1,1,0.02968835135245937,0.006337675888650169,0.04452013969421387,0.002835512161254883,56,2,-0.05304|-0.00634,-0.00634,2,1
500,57,34,30,8.326672684688675e-17,0.0,0.0,0.04460263252258301,0.014997243881225586,0.0,0.0,1,1,0.11377823316707918,0.11377823316707918,0.042452335357666016,0.013372421264648438,56,15,0.11378,0.11378,1,1
500,58,58,5,0.0,0.0,0.0,0.04277491569519043,0.008449792861938477,0.0,0.0,1,1,0.035146634030259784,0.035146634030259784,0.044599294662475586,0.00807332992553711,56,15,0.03515,0.03515,1,1
500,59,49,53,0.0,0.0,0.0,0.044683218002319336,0.005753755569458008,0.0,0.0,1,1,0.005632440086246287,0.005632440086246287,0.05289506912231445,0.005762815475463867,56,7,0.00563,0.00563,1,1
500,60,6,25,-8.326672684688674e-17,2.0816681711721685e-17,4.163336342344337e-17,0.0504002571105957,0.004442453384399414,-0.0,-0.0,1,1,0.011784737969142114,0.008203129300569285,0.04810380935668945,0.0036573410034179688,56,5,0.0082|0.01537,0.0082,2,1
500,61,36,28,0.0,0.0,0.0,0.04414939880371094,0.006426572799682617,0.0,0.0,1,1,0.017840462840249618,0.017840462840249618,0.05269932746887207,0.00482487678527832,56,5,-0.01784,-0.01784,1,1
500,62,55,24,0.0,0.0,0.0,0.038458824157714844,0.023820161819458008,0.0,0.0,1,1,0.08263904657741504,0.08263904657741504,0.04710960388183594,0.01824021339416504,56,22,-0.08264,-0.08264,1,1
500,63,41,40,0.0,0.0,0.0,0.0527033805847168,0.005604743957519531,0.0,0.0,1,1,0.06776241164450017,0.06776241164450017,0.049243927001953125,0.004462718963623047,56,5,-0.06776,-0.06776,1,1
500,64,12,17,9.244463733058731e-33,0.0,0.0,0.043015480041503906,0.004423379898071289,0.0,0.0,1,1,0.09730776947817767,0.09730776947817767,0.044339656829833984,0.0035147666931152344,56,4,-0.09731,-0.09731,1,1
500,65,12,24,0.0,0.0,0.0,0.04650592803955078,0.0052258968353271484,0.0,0.0,1,1,0.03211114229319007,0.03211114229319007,0.05166459083557129,0.005856752395629883,56,4,-0.03211,-0.03211,1,1
500,66,3,56,0.0,0.0,0.0,0.04440426826477051,0.0048792362213134766,0.0,0.0,1,1,0.04642188163090857,0.02400243564252147,0.04787087440490723,0.004090785980224609,56,7,-0.06884|-0.024,-0.024,2,1
500,67,51,7,-4.022547190670859e-17,0.0,0.0,0.0438692569732666,0.015472412109375,-0.0,-0.0,1,1,0.09301797801318205,0.09301797801318205,0.04938006401062012,0.017928123474121094,56,19,0.09302,0.09302,1,1
500,68,36,31,0.0,0.0,0.0,0.04584336280822754,0.004906415939331055,0.0,0.0,1,1,0.028998260477820705,0.028998260477820705,0.047277212142944336,0.004181623458862305,56,5,-0.029,-0.029,1,1
500,69,19,46,3.0814879110195774e-33,0.0,0.0,0.050112009048461914,0.00972890853881836,0.0,0.0,1,1,0.1005093339497907,0.1005093339497907,0.04982423782348633,0.008523225784301758,56,10,-0.10051,-0.10051,1,1
500,70,37,33,0.0,0.0,0.0,0.047452449798583984,0.005852222442626953,0.0,0.0,1,1,0.06763024388556296,0.021681404003099865,0.05298185348510742,0.0037043094635009766,56,4,0.02168|0.11358,0.02168,2,1
500,71,27,56,1.1366569061638506e-16,0.0,0.0,0.04528069496154785,0.01232004165649414,0.0,0.0,1,1,0.0653649157627384,0.0653649157627384,0.05160188674926758,0.010786056518554688,56,12,-0.06536,-0.06536,1,1
500,72,8,22,0.0,0.0,0.0,0.04515981674194336,0.00516200065612793,0.0,0.0,1,1,0.03430280202576936,0.03430280202576936,0.04467415809631348,0.0050885677337646484,56,7,-0.0343,-0.0343,1,1
500,73,44,31,0.0,0.0,0.0,0.045270681381225586,0.004920005798339844,0.0,0.0,1,1,0.0983091324788337,0.0983091324788337,0.0451815128326416,0.0047533512115478516,56,6,-0.09831,-0.09831,1,1
500,74,45,27,-1.5625361087317018e-16,0.0,0.0,0.045322418212890625,0.017908334732055664,-0.0,-0.0,1,1,0.07429396114890761,0.07429396114890761,0.04398036003112793,0.016836166381835938,56,20,-0.07429,-0.07429,1,1
500,75,56,34,4.996003610813204e-16,0.0,0.0,0.050414085388183594,0.014699935913085938,0.0,0.0,1,1,0.05687108357523957,0.05687108357523957,0.053655385971069336,0.014204025268554688,56,18,-0.05687,-0.05687,1,1
500,76,48,32,0.0,0.0,0.0,0.04885149002075195,0.004628896713256836,0.0,0.0,1,1,0.11341830712792005,0.11341830712792005,0.04729604721069336,0.00434422492980957,56,6,-0.11342,-0.11342,1,1
500,77,49,2,0.0,0.0,0.0,0.043291330337524414,0.006945610046386719,0.0,0.0,1,1,0.03045273143243898,0.03045273143243898,0.050002098083496094,0.003999948501586914,56,4,0.03045,0.03045,1,1
500,78,24,28,0.0,0.0,0.0,0.04996538162231445,0.0036237239837646484,0.0,0.0,1,1,0.03516923772649838,0.03516923772649838,0.05054354667663574,0.002881288528442383,56,2,-0.03517,-0.03517,1,1
500,79,3,57,0.0,0.0,0.0,0.04670357704162598,0.004993438720703125,0.0,0.0,1,1,0.01074640281985865,0.0011703169744769085,0.04948997497558594,0.003960371017456055,56,6,0.00117|0.02032,0.00117,2,1
500,80,31,22,0.0,0.0,0.0,0.047728538513183594,0.008336544036865234,0.0,0.0,1,1,0.02230636911168557,0.02230636911168557,0.04445958137512207,0.004481315612792969,56,7,-0.02231,-0.02231,1,1
500,81,9,55,7.105427357601002e-16,0.0,0.0,0.048727989196777344,0.030437707901000977,0.0,0.0,1,1,0.12589612880637152,0.12589612880637152,0.04512906074523926,0.022152185440063477,56,23,-0.1259,-0.1259,1,1
500,82,59,40,1.586032892321652e-17,0.0,0.0,0.0451967716217041,0.007784843444824219,0.0,0.0,1,1,0.010574646551378545,0.010574646551378545,0.04658937454223633,0.013991355895996094,56,12,-0.01057,-0.01057,1,1
500,83,48,22,4.108650548026103e-33,0.0,0.0,0.04835820198059082,0.0068089962005615234,0.0,0.0,1,1,0.053590567149211454,0.053590567149211454,0.05235600471496582,0.006430149078369141,56,9,-0.05359,-0.05359,1,1
500,84,43,18,0.0,0.0,0.0,0.045056819915771484,0.006884336471557617,0.0,0.0,1,1,0.2683364900255445,0.2683364900255445,0.048880577087402344,0.006665945053100586,56,6,-0.26834,-0.26834,1,1
500,85,14,19,1.0,0.0,0.0,0.045450687408447266,0.015168905258178711,1.0,1.0,1,1,0.059050516124511176,0.059050516124511176,0.04906153678894043,0.00974726676940918,56,9,0.94095,0.94095,1,1
500,86,25,1,-5.5511151231257747e-17,0.0,0.0,0.045327186584472656,0.005356550216674805,-0.0,-0.0,1,1,0.000920362800353517,0.000920362800353517,0.04442715644836426,0.004004240036010742,56,5,-0.00092,-0.00092,1,1
500,87,35,2,0.0,0.0,0.0,0.04804348945617676,0.006352901458740234,0.0,0.0,1,1,0.020597284952363206,0.020597284952363206,0.04812312126159668,0.0038809776306152344,56,4,0.0206,0.0206,1,1
500,88,53,1,3.700743415417188e-17,0.0,0.0,0.04294538497924805,0.010732173919677734,0.0,0.0,1,1,0.02355989669504622,0.02355989669504622,0.05086517333984375,0.01037287712097168,56,5,0.02356,0.02356,1,1
500,89,18,51,0.9999999999999998,0.3333333333333332,0.2499999999999999,0.04967856407165527,0.014857769012451172,1.0|1.5,1.0|1.5,2,2,0.4978074469966764,0.3109294426477782,0.04891085624694824,0.014077425003051758,56,19,1.06134|1.56052|1.87156,1.06134|1.56052,3,2
500,90,48,58,0.0,0.0,0.0,0.04918527603149414,0.012846231460571289,0.0,0.0,1,1,0.12260217281132911,0.12260217281132911,0.049896240234375,0.011328697204589844,56,17,-0.1226,-0.1226,1,1
500,91,19,3,0.0,0.0,0.0,0.049201011657714844,0.011323928833007812,0.0,0.0,1,1,0.056402589106656124,0.056402589106656124,0.05507349967956543,0.007656574249267578,56,10,-0.0564,-0.0564,1,1
500,92,56,9,3.608224830031759e-16,0.0,0.0,0.04753828048706055,0.010246753692626953,0.0,0.0,1,1,0.0813418086754287,0.0813418086754287,0.04926109313964844,0.016956329345703125,56,11,-0.08134,-0.08134,1,1
500,93,47,60,0.0,0.0,0.0,0.04483747482299805,0.032956838607788086,0.0,0.0,1,1,0.16012366279573775,0.16012366279573775,0.04784393310546875,0.02822089195251465,56,34,0.16012,0.16012,1,1
500,94,17,24,0.0,0.0,0.0,0.05435466766357422,0.003458261489868164,0.0,0.0,1,1,0.09408507203660946,0.09408507203660946,0.03939652442932129,0.008775711059570312,56,2,0.09409,0.09409,1,1
500,95,1,45,1.9999999999999998,0.5,0.6666666666666666,0.04633498191833496,0.01518392562866211,1.0|2.0,1.0|2.0,2,2,0.6035278017765463,0.7293061112331204,0.04589509963989258,0.01692509651184082,56,17,0.94574|0.97199|1.77381|1.89436,0.94574|0.97199|1.89436,4,3
500,96,28,19,0.0,0.0,0.0,0.046022653579711914,0.008072853088378906,0.0,0.0,1,1,0.06113453130468376,0.04537414045835121,0.044635772705078125,0.0077440738677978516,56,10,-0.07689|-0.04537,-0.04537,2,1
500,97,50,41,0.0,0.0,0.0,0.04643607139587402,0.008327960968017578,0.0,0.0,1,1,0.01660002674420839,0.01660002674420839,0.05432558059692383,0.006032466888427734,56,7,0.0166,0.0166,1,1
500,98,27,23,0.0,0.0,0.0,0.05443930625915527,0.004715919494628906,0.0,0.0,1,1,0.0866373444048962,0.0866373444048962,0.12123441696166992,0.0044689178466796875,56,7,-0.08664,-0.08664,1,1
500,99,39,7,0.0,0.0,0.0,0.04829573631286621,0.004614591598510742,0.0,0.0,1,1,0.08038611687400549,0.08038611687400549,0.04478335380554199,0.005518198013305664,56,4,0.08039,0.08039,1,1
1000,0,45,20,-3.0130219307188277e-15,0.0,0.0,0.048777103424072266,0.0191800594329834,-0.0,-0.0,1,1,0.005761792638848858,0.005761792638848858,0.05464744567871094,0.016663551330566406,56,19,0.00576,0.00576,1,1
1000,1,39,37,0.0,0.0,0.0,0.04300880432128906,0.004140138626098633,0.0,0.0,1,1,0.0030496270139613413,0.0030496270139613413,0.048459529876708984,0.003459930419921875,56,4,0.00305,0.00305,1,1
1000,2,19,12,-1.1102230246251565e-16,0.0,0.0,0.042473554611206055,0.0102996826171875,-0.0,-0.0,1,1,0.04155300306137576,0.04155300306137576,0.05004405975341797,0.00783395767211914,56,9,0.04155,0.04155,1,1
1000,3,25,12,2.590520390792031e-16,0.0,0.0,0.04705619812011719,0.006011962890625,0.0,0.0,1,1,0.07293468173740661,0.07293468173740661,0.049678802490234375,0.005093574523925781,56,6,-0.07293,-0.07293,1,1
1000,4,60,16,-2.0599583645025186e-15,0.0,0.0,0.04044699668884277,0.03614640235900879,-0.0,-0.0,1,1,0.055699651623766853,0.055699651623766853,0.045731306076049805,0.027319669723510742,56,33,0.0557,0.0557,1,1
1000,5,26,32,0.0,0.0,0.0,0.04927825927734375,0.005125522613525391,0.0,0.0,1,1,0.0030413653144012003,0.0035495529661018926,0.04713773727416992,0.0038089752197265625,56,4,0.00253|0.00355,0.00355,2,1
1000,6,56,20,3.608224830031759e-16,0.0,0.0,0.054351091384887695,0.013385295867919922,0.0,0.0,1,1,0.01952166063224179,0.01952166063224179,0.05272173881530762,0.013292789459228516,56,16,-0.01952,-0.01952,1,1
1000,7,51,57,-3.218037752536687e-16,0.0,0.0,0.04548454284667969,0.01698923110961914,-0.0,-0.0,1,1,0.02030051498392296,0.02030051498392296,0.04498910903930664,0.016469717025756836,56,23,-0.0203,-0.0203,1,1
1000,8,16,37,0.0,0.0,0.0,0.042804718017578125,0.005547285079956055,0.0,0.0,1,1,0.015845392364179076,0.015845392364179076,0.05235481262207031,0.004046916961669922,56,6,-0.01585,-0.01585,1,1
1000,9,2,47,0.9999999999999996,0.0,0.0,0.045501708984375,0.005103588104248047,1.0,1.0,1,1,0.044579515802344094,0.044579515802344094,0.044384002685546875,0.004148721694946289,56,5,0.95542,0.95542,1,1
1000,10,7,20,1.4802973661668756e-16,0.0,0.0,0.04514026641845703,0.011395454406738281,0.0,0.0,1,1,0.007832493796747053,0.007075780766500404,0.043862104415893555,0.01137089729309082,56,12,-0.01454|0.00188|0.00708,0.00708,3,1
1000,11,3,11,0.0,0.0,0.0,0.04421734809875488,0.004525184631347656,0.0,0.0,1,1,0.04925268513092671,0.03455749451920169,0.04647064208984375,0.0028808116912841797,56,2,-0.06395|-0.03456,-0.03456,2,1
1000,12,32,31,0.0,0.0,0.0,0.046714067459106445,0.00817418098449707,0.0,0.0,1,1,0.01834793781492611,0.01834793781492611,0.05120587348937988,0.004457235336303711,56,4,0.01835,0.01835,1,1
1000,13,30,32,0.0,0.0,0.0,0.04433560371398926,0.005198955535888672,0.0,0.0,1,1,0.03334363007274879,0.03334363007274879,0.0492861270904541,0.003962039947509766,56,6,0.03334,0.03334,1,1
1000,14,1,45,1.9999999999999998,0.5,0.6666666666666666,0.04531097412109375,0.014067411422729492,1.0|2.0,1.0|2.0,2,2,0.6640231888496362,0.825556276163456,0.05389523506164551,0.01357579231262207,56,17,0.7974|0.81257|1.82058|1.91336,0.7974|0.81257|1.91336,4,3
1000,15,46,45,0.0,0.5,0.5,0.04572558403015137,0.016444921493530273,0.0|1.0,0.0|1.0,2,2,0.5144277326766771,0.5144277326766771,0.045279741287231445,0.017507314682006836,56,18,-0.00229|1.02656,-0.00229|1.02656,2,2
1000,16,40,17,0.0,0.0,0.0,0.04497218132019043,0.0057103633880615234,0.0,0.0,1,1,0.030544545906395267,0.007868699998465659,0.044852495193481445,0.003588438034057617,56,2,0.00787|0.05322,0.00787,2,1
1000,17,55,21,0.0,0.0,0.0,0.048514604568481445,0.018857717514038086,0.0,0.0,1,1,0.03579309307534338,0.03579309307534338,0.04641270637512207,0.022647380828857422,56,22,0.03579,0.03579,1,1
1000,18,43,21,0.0,0.0,0.0,0.05364704132080078,0.0050008296966552734,0.0,0.0,1,1,0.013153134019916643,0.013153134019916643,0.05059242248535156,0.004350423812866211,56,6,0.01315,0.01315,1,1
1000,19,53,6,3.700743415417188e-17,0.0,0.0,0.04389643669128418,0.006611347198486328,0.0,0.0,1,1,0.0023153819741824106,0.0023153819741824106,0.047280311584472656,0.005677223205566406,56,6,0.00232,0.00232,1,1
1000,20,39,11,0.0,0.0,0.0,0.04530024528503418,0.0046234130859375,0.0,0.0,1,1,0.04427556668984227,0.04427556668984227,0.05034232139587402,0.0037391185760498047,56,4,0.04428,0.04428,1,1
1000,21,17,36,0.0,0.0,0.0,0.04520082473754883,0.004915952682495117,0.0,0.0,1,1,0.0507631615353966,0.0507631615353966,0.04993629455566406,0.004148006439208984,56,5,-0.05076,-0.05076,1,1
1000,22,59,41,-3.172065784643304e-17,0.0,0.0,0.04393267631530762,0.012756586074829102,-0.0,-0.0,1,1,0.038121864537588146,0.038121864537588146,0.045868873596191406,0.01171731948852539,56,14,-0.03812,-0.03812,1,1
1000,23,43,51,1.8503717077085943e-16,0.0,0.0,0.03985929489135742,0.020617961883544922,0.0,0.0,1,1,0.005325363399092789,0.005325363399092789,0.04495596885681152,0.013858795166015625,56,23,-0.00533,-0.00533,1,1
1000,24,1,11,0.0,0.0,0.0,0.04408121109008789,0.0043599605560302734,0.0,0.0,1,1,0.027283888261082516,0.016880576527617503,0.04867267608642578,0.0033097267150878906,56,2,-0.01746|0.01688|0.03518|0.03961,0.01688,4,1
1000,25,15,48,1.2325951644078312e-32,0.0,0.0,0.044370412826538086,0.0051593780517578125,0.0,0.0,1,1,0.025408081812424637,0.025408081812424637,0.043613433837890625,0.004500389099121094,56,7,0.02541,0.02541,1,1
1000,26,55,3,0.0,0.0,0.0,0.04353666305541992,0.02141284942626953,0.0,0.0,1,1,0.11854650185405302,0.11854650185405302,0.0463411808013916,0.023995161056518555,56,22,-0.11855,-0.11855,1,1
1000,27,56,10,1.2952601953960156e-16,0.0,0.0,0.05031561851501465,0.006110191345214844,0.0,0.0,1,1,0.03745491210468398,0.03745491210468398,0.040227413177490234,0.010914087295532227,56,7,-0.03745,-0.03745,1,1
1000,28,50,31,0.0,0.0,0.0,0.04443097114562988,0.004774332046508789,0.0,0.0,1,1,0.018484248631388284,0.018484248631388284,0.04700016975402832,0.0038330554962158203,56,4,0.01848,0.01848,1,1
1000,29,24,36,0.0,0.0,0.0,0.05139303207397461,0.004963397979736328,0.0,0.0,1,1,0.025791210622100828,0.025791210622100828,0.04487466812133789,0.004331827163696289,56,5,-0.02579,-0.02579,1,1
1000,30,12,44,3.6977854932234923e-32,0.0,0.0,0.04014134407043457,0.005826711654663086,0.0,0.0,1,1,0.007684241192947276,0.007684241192947276,0.04846453666687012,0.005231380462646484,56,8,-0.00768,-0.00768,1,1
1000,31,12,50,-3.7007434154171895e-17,0.0,0.0,0.04729342460632324,0.0048635005950927734,-0.0,-0.0,1,1,0.044787515512559446,0.044787515512559446,0.04436922073364258,0.0038127899169921875,56,5,-0.04479,-0.04479,1,1
1000,32,16,55,1.0000000000000009,0.0,0.0,0.049530029296875,0.019293785095214844,1.0,1.0,1,1,0.059951774141670855,0.059951774141670855,0.047514915466308594,0.02051687240600586,56,21,1.05995,1.05995,1,1
1000,33,32,1,0.0,0.0,0.0,0.04666900634765625,0.005195140838623047,0.0,0.0,1,1,0.021315822093723902,0.021315822093723902,0.04869246482849121,0.0038766860961914062,56,4,0.02132,0.02132,1,1
1000,34,29,17,0.0,0.0,0.0,0.049102067947387695,0.003661632537841797,0.0,0.0,1,1,0.006445892533758895,0.004571693356181698,0.05278420448303223,0.0028438568115234375,56,2,-0.00832|-0.00457,-0.00457,2,1
1000,35,28,6,0.0,0.0,0.0,0.048599958419799805,0.003979921340942383,0.0,0.0,1,1,0.0186326259793885,0.007143198050575354,0.049411773681640625,0.0028502941131591797,56,2,-0.03012|-0.00714,-0.00714,2,1
1000,36,60,15,-3.104227546080636e-15,0.0,0.0,0.04581141471862793,0.03626608848571777,-0.0,-0.0,1,1,0.021661096619328597,0.021661096619328597,0.04302716255187988,0.029983997344970703,56,33,-0.02166,-0.02166,1,1
1000,37,9,36,0.0,0.0,0.0,0.05274009704589844,0.00763249397277832,0.0,0.0,1,1,0.003390417956178495,0.003390417956178495,0.04731035232543945,0.006373882293701172,56,8,-0.00339,-0.00339,1,1
1000,38,37,29,0.0,0.0,0.0,0.04210376739501953,0.004195451736450195,0.0,0.0,1,1,0.007683349349819607,0.0031085505940878625,0.05034470558166504,0.0031652450561523438,56,2,-0.00311|0.01226,-0.00311,2,1
1000,39,49,60,0.0,0.0,0.0,0.0445859432220459,0.0272676944732666,0.0,0.0,1,1,0.02939072386530282,0.02939072386530282,0.04573702812194824,0.03338217735290527,56,35,0.02939,0.02939,1,1
1000,40,58,33,1.2690465962034777e-16,0.0,0.0,0.04475712776184082,0.008495092391967773,0.0,0.0,1,1,0.03749968148066201,0.03749968148066201,0.04871058464050293,0.0060503482818603516,56,14,0.0375,0.0375,1,1
1000,41,31,18,0.0,0.0,0.0,0.04675173759460449,0.0034139156341552734,0.0,0.0,1,1,0.054469535153447796,0.054469535153447796,0.04854536056518555,0.003273487091064453,56,2,0.05447,0.05447,1,1
1000,42,16,2,-6.661338147750941e-17,0.0,0.0,0.04678034782409668,0.0059201717376708984,-0.0,-0.0,1,1,0.030828761208429475,0.030828761208429475,0.05205821990966797,0.004148960113525391,56,5,-0.03083,-0.03083,1,1
1000,43,55,9,7.74793940589471e-16,0.0,0.0,0.046582937240600586,0.02660512924194336,0.0,0.0,1,1,0.04940238980685551,0.04940238980685551,0.044790029525756836,0.021364450454711914,56,23,-0.0494,-0.0494,1,1
1000,44,57,12,-1.614112715295969e-32,0.0,0.0,0.043962955474853516,0.005164146423339844,-0.0,-0.0,1,1,0.01804085375815805,0.01804085375815805,0.1172327995300293,0.004198789596557617,56,8,-0.01804,-0.01804,1,1
1000,45,24,31,0.0,0.0,0.0,0.04305386543273926,0.003880739212036133,0.0,0.0,1,1,0.0024988070356074337,0.0024988070356074337,0.04214048385620117,0.0027353763580322266,56,2,0.0025,0.0025,1,1
1000,46,8,11,0.0,0.0,0.0,0.043295860290527344,0.00390934944152832,0.0,0.0,1,1,0.010285062947361173,0.010285062947361173,0.04399514198303223,0.00399470329284668,56,2,0.01029,0.01029,1,1
1000,47,55,36,1.0866012581437702e-16,0.0,0.0,0.045340538024902344,0.025502443313598633,0.0,0.0,1,1,0.049457823652994955,0.049457823652994955,0.0468592643737793,0.02816629409790039,56,25,0.04946,0.04946,1,1
1000,48,31,60,1.0,0.0,0.0,0.0420536994934082,0.03210616111755371,1.0,1.0,1,1,0.00423894139837544,0.00423894139837544,0.048314571380615234,0.027051925659179688,56,33,0.99576,0.99576,1,1
1000,49,33,26,0.0,0.0,0.0,0.04381823539733887,0.0049207210540771484,0.0,0.0,1,1,0.019274531540389193,0.019274531540389193,0.03784036636352539,0.00891733169555664,56,4,0.01927,0.01927,1,1
1000,50,56,24,0.0,0.0,0.0,0.043842315673828125,0.005250453948974609,0.0,0.0,1,1,0.007202255102726923,0.007202255102726923,0.04428601264953613,0.004558563232421875,56,7,0.0072,0.0072,1,1
1000,51,23,26,0.0,0.0,0.0,0.04482269287109375,0.003650188446044922,0.0,0.0,1,1,0.042145029916578196,0.042145029916578196,0.042469024658203125,0.0033333301544189453,56,2,0.04215,0.04215,1,1
1000,52,60,18,-6.023784331629563e-16,0.0,0.0,0.043671607971191406,0.03467679023742676,-0.0,-0.0,1,1,0.06526704274980226,0.06526704274980226,0.04506731033325195,0.02779984474182129,56,33,-0.06527,-0.06527,1,1
1000,53,7,44,0.0,0.0,0.0,0.04495692253112793,0.004852771759033203,0.0,0.0,1,1,0.05095374532965372,0.03560011842514391,0.047614097595214844,0.004198789596557617,56,6,0.03046|0.0356|0.0868,0.0356,3,1
1000,54,17,12,-7.401486830834378e-17,0.0,0.0,0.04613947868347168,0.004795551300048828,-0.0,-0.0,1,1,0.022004511606468578,0.022004511606468578,0.04542136192321777,0.003983259201049805,56,4,0.022,0.022,1,1
1000,55,58,50,-3.885780586188048e-16,0.0,0.0,0.052683115005493164,0.014596223831176758,-0.0,-0.0,1,1,0.000899696236125194,0.000899696236125194,0.04683208465576172,0.011882543563842773,56,18,-0.0009,-0.0009,1,1
1000,56,45,1,-4.913764868248378e-16,0.0,0.0,0.043144941329956055,0.015631437301635742,-0.0,-0.0,1,1,0.038707720521921354,0.038707720521921354,0.04882693290710449,0.011322021484375,56,17,0.03871,0.03871,1,1
1000,57,35,37,0.0,0.0,0.0,0.046904802322387695,0.009782791137695312,0.0,0.0,1,1,0.0048715940765607256,0.0048715940765607256,0.03820085525512695,0.0053844451904296875,56,4,0.00487,0.00487,1,1
1000,58,14,30,0.0,0.0,0.0,0.042577266693115234,0.005856513977050781,0.0,0.0,1,1,0.0024059805361719153,0.0024059805361719153,0.045572757720947266,0.003765583038330078,56,4,-0.00241,-0.00241,1,1
1000,59,45,27,-1.5625361087317018e-16,0.0,0.0,0.04528474807739258,0.01968693733215332,-0.0,-0.0,1,1,0.07699904740021923,0.07699904740021923,0.046103477478027344,0.016407012939453125,56,20,0.077,0.077,1,1
1000,60,35,39,0.0,0.0,0.0,0.04990339279174805,0.0046384334564208984,0.0,0.0,1,1,0.01080563189986821,0.01080563189986821,0.04758095741271973,0.003826618194580078,56,6,0.01081,0.01081,1,1
1000,61,50,36,0.0,0.0,0.0,0.04900169372558594,0.005367755889892578,0.0,0.0,1,1,0.009446779377518654,0.009446779377518654,0.04516124725341797,0.004876852035522461,56,7,-0.00945,-0.00945,1,1
1000,62,49,29,0.0,0.0,0.0,0.0438387393951416,0.005484819412231445,0.0,0.0,1,1,0.05401395731898666,0.05401395731898666,0.043633460998535156,0.004559755325317383,56,4,-0.05401,-0.05401,1,1
1000,63,34,58,-6.66133814775094e-16,0.0,0.0,0.04544472694396973,0.022339344024658203,-0.0,-0.0,1,1,0.07278411814286467,0.07278411814286467,0.04010653495788574,0.020967721939086914,56,21,0.07278,0.07278,1,1
1000,64,3,11,0.0,0.0,0.0,0.046102285385131836,0.003649473190307617,0.0,0.0,1,1,0.029218658184792388,0.014198066771965091,0.0505528450012207,0.0032885074615478516,56,2,-0.04424|-0.0142,-0.0142,2,1
1000,65,21,29,0.0,0.0,0.0,0.043992042541503906,0.0034630298614501953,0.0,0.0,1,1,0.004273874084679102,0.004273874084679102,0.04436445236206055,0.002740144729614258,56,2,0.00427,0.00427,1,1
1000,66,25,3,0.0,0.0,0.0,0.04756450653076172,0.004861116409301758,0.0,0.0,1,1,0.0098833747830521,0.0098833747830521,0.05104470252990723,0.00463104248046875,56,5,0.00988,0.00988,1,1
1000,67,28,27,0.0,0.0,0.0,0.04637789726257324,0.004980802536010742,0.0,0.0,1,1,0.03957854172225749,0.009451556964616479,0.05369734764099121,0.004185914993286133,56,7,0.00945|0.06971,0.00945,2,1
1000,68,25,39,0.0,0.0,0.0,0.04834342002868652,0.005491733551025391,0.0,0.0,1,1,0.03614792732477162,0.03614792732477162,0.051321983337402344,0.004950523376464844,56,7,0.03615,0.03615,1,1
1000,69,51,49,0.0,0.0,0.0,0.04781484603881836,0.022330284118652344,0.0,0.0,1,1,0.060968511076238,0.060968511076238,0.04211735725402832,0.015590667724609375,56,22,0.06097,0.06097,1,1
1000,70,1,25,-1.6653345369377348e-16,2.0816681711721685e-17,0.0,0.04520821571350098,0.004657745361328125,-0.0,-0.0,1,1,0.017270842569696066,0.0028240202738548654,0.05226302146911621,0.003896474838256836,56,5,0.00282|0.01908|0.02142|0.02576,0.00282,4,1
1000,71,30,45,-2.6645352591003756e-16,0.0,0.0,0.04842829704284668,0.017525672912597656,-0.0,-0.0,1,1,0.0907872109429908,0.0907872109429908,0.045890092849731445,0.01475834846496582,56,18,0.09079,0.09079,1,1
1000,72,22,49,0.0,0.0,0.0,0.04833412170410156,0.006482601165771484,0.0,0.0,1,1,0.01737596101625021,0.01737596101625021,0.05022072792053223,0.005460977554321289,56,9,-0.01738,-0.01738,1,1
1000,73,11,29,0.0,0.0,0.0,0.04523158073425293,0.0035157203674316406,0.0,0.0,1,1,0.010621921926658028,0.00719287486388143,0.039278507232666016,0.008406639099121094,56,2,-0.01405|-0.00719,-0.00719,2,1
1000,74,5,24,0.0,0.0,0.0,0.04277324676513672,0.0038928985595703125,0.0,0.0,1,1,0.0412660031079093,0.0412660031079093,0.04852604866027832,0.0029649734497070312,56,2,0.04127,0.04127,1,1
1000,75,37,16,0.0,0.0,0.0,0.046291351318359375,0.004857301712036133,0.0,0.0,1,1,0.018190637032790648,0.01478962729997678,0.045209646224975586,0.0038208961486816406,56,6,-0.02159|-0.01479,-0.01479,2,1
1000,76,17,15,-7.401486830834378e-17,0.0,0.0,0.04077911376953125,0.005838155746459961,-0.0,-0.0,1,1,0.012913085280341678,0.012913085280341678,0.04750204086303711,0.0052831172943115234,56,5,-0.01291,-0.01291,1,1
1000,77,26,42,0.0,0.0,0.0,0.04623889923095703,0.0040569305419921875,0.0,0.0,1,1,0.022801876751595642,0.005521154192449023,0.04516458511352539,0.002989053726196289,56,2,-0.04008|-0.00552,-0.00552,2,1
1000,78,24,9,0.0,0.0,0.0,0.047032833099365234,0.006856441497802734,0.0,0.0,1,1,0.0503355529835164,0.0503355529835164,0.0499112606048584,0.004407405853271484,56,5,-0.05034,-0.05034,1,1
1000,79,23,48,0.0,0.0,0.0,0.04885077476501465,0.004193305969238281,0.0,0.0,1,1,0.006709125236763548,0.006709125236763548,0.04973888397216797,0.0034520626068115234,56,4,0.00671,0.00671,1,1
1000,80,4,10,0.0,0.0,0.0,0.04763674736022949,0.0036215782165527344,0.0,0.0,1,1,0.009485870993448692,0.0019400417602023425,0.05021858215332031,0.003047943115234375,56,2,-0.00194|0.01703,-0.00194,2,1
1000,81,34,49,0.0,0.0,0.0,0.044419288635253906,0.021329641342163086,0.0,0.0,1,1,0.02739813831319974,0.02739813831319974,0.039460182189941406,0.011186361312866211,56,16,0.0274,0.0274,1,1
1000,82,22,7,-1.848892746611747e-32,0.0,0.0,0.04436302185058594,0.005987405776977539,-0.0,-0.0,1,1,0.026597201708380296,0.026597201708380296,0.04939675331115723,0.005128622055053711,56,7,-0.0266,-0.0266,1,1
1000,83,44,11,0.0,0.0,0.0,0.05398726463317871,0.006421089172363281,0.0,0.0,1,1,0.023611297759881005,0.023611297759881005,0.04693722724914551,0.00566554069519043,56,6,-0.02361,-0.02361,1,1
1000,84,30,14,0.0,0.0,0.0,0.04801607131958008,0.005419731140136719,0.0,0.0,1,1,0.025164474553228375,0.025164474553228375,0.05455160140991211,0.006384372711181641,56,4,-0.02516,-0.02516,1,1
1000,85,17,12,-7.401486830834378e-17,0.0,0.0,0.049927473068237305,0.006786346435546875,-0.0,-0.0,1,1,0.013316100299794879,0.013316100299794879,0.04981589317321777,0.0034291744232177734,56,4,-0.01332,-0.01332,1,1
1000,86,5,16,0.0,0.0,0.0,0.0498499870300293,0.0059931278228759766,0.0,0.0,1,1,0.010114026221852942,0.010114026221852942,0.05232954025268555,0.004987239837646484,56,6,-0.01011,-0.01011,1,1
1000,87,48,33,0.0,0.0,0.0,0.04550337791442871,0.004644870758056641,0.0,0.0,1,1,0.09209213384452104,0.09209213384452104,0.041754722595214844,0.004245281219482422,56,6,0.09209,0.09209,1,1
1000,88,51,50,0.0,0.0,0.0,0.043886661529541016,0.01849365234375,0.0,0.0,1,1,0.06090797178792151,0.06090797178792151,0.04578733444213867,0.015576839447021484,56,20,-0.06091,-0.06091,1,1
1000,89,17,32,0.0,0.0,0.0,0.04660844802856445,0.0044689178466796875,0.0,0.0,1,1,0.0008881348090459907,0.0008881348090459907,0.04566311836242676,0.003748655319213867,56,4,0.00089,0.00089,1,1
1000,90,37,32,0.0,0.0,0.0,0.04839181900024414,0.005190372467041016,0.0,0.0,1,1,0.02049708273341033,0.0022417513876902668,0.051302433013916016,0.004357337951660156,56,4,-0.03875|-0.00224,-0.00224,2,1
1000,91,51,4,-5.180472430119871e-32,0.0,0.0,0.11693334579467773,0.014618873596191406,-0.0,-0.0,1,1,0.03713113460298057,0.03713113460298057,0.04417753219604492,0.014960050582885742,56,20,-0.03713,-0.03713,1,1
1000,92,49,35,0.0,0.0,0.0,0.04545116424560547,0.004413604736328125,0.0,0.0,1,1,0.025270103774435993,0.025270103774435993,0.04322004318237305,0.003737211227416992,56,6,0.02527,0.02527,1,1
1000,93,15,19,4.361590453884545e-16,0.0,0.0,0.04269886016845703,0.009935379028320312,0.0,0.0,1,1,0.064648740661534,0.064648740661534,0.047460079193115234,0.008793354034423828,56,10,-0.06465,-0.06465,1,1
1000,94,47,28,0.0,0.0,0.0,0.04114794731140137,0.005376338958740234,0.0,0.0,1,1,0.01468688955227558,0.01468688955227558,0.047135114669799805,0.004408836364746094,56,6,-0.01469,-0.01469,1,1
1000,95,14,39,0.0,0.0,0.0,0.04501914978027344,0.005678653717041016,0.0,0.0,1,1,0.02183538637821468,0.02183538637821468,0.05222749710083008,0.0036275386810302734,56,4,0.02184,0.02184,1,1
1000,96,5,4,0.0,0.0,0.0,0.04362607002258301,0.0036613941192626953,0.0,0.0,1,1,0.02875737850842587,0.02875737850842587,0.04825735092163086,0.002897024154663086,56,2,0.02876,0.02876,1,1
1000,97,5,10,0.0,0.0,0.0,0.04216480255126953,0.004156827926635742,0.0,0.0,1,1,0.01857579813029389,0.01857579813029389,0.04625296592712402,0.0031540393829345703,56,2,0.01858,0.01858,1,1
1000,98,50,47,-1.1102230246251565e-16,0.0,0.0,0.04612421989440918,0.00587010383605957,-0.0,-0.0,1,1,0.10006533207388298,0.10006533207388298,0.0470428466796875,0.004760265350341797,56,7,0.10007,0.10007,1,1
1000,99,29,41,0.0,0.0,0.0,0.0488278865814209,0.012023210525512695,0.0,0.0,1,1,0.002997728485556314,0.003317551768321686,0.044628143310546875,0.005055904388427734,56,5,-0.00332|0.00268,-0.00332,2,1
2500,0,47,19,0.0,0.0,0.0,0.04378795623779297,0.009119987487792969,0.0,0.0,1,1,0.009585365868520532,0.009585365868520532,0.0506289005279541,0.008986234664916992,56,11,0.00959,0.00959,1,1
2500,1,35,26,0.0,0.0,0.0,0.04767584800720215,0.004598379135131836,0.0,0.0,1,1,0.0012750253161347399,0.0012750253161347399,0.05061006546020508,0.00399017333984375,56,4,0.00128,0.00128,1,1
2500,2,22,37,0.0,0.0,0.0,0.0513005256652832,0.005341291427612305,0.0,0.0,1,1,0.014023845677904424,0.014023845677904424,0.0421144962310791,0.012123346328735352,56,7,0.01402,0.01402,1,1
2500,3,60,4,1.5059460829073907e-16,0.0,0.0,0.04494667053222656,0.03047633171081543,0.0,0.0,1,1,0.025040475593269957,0.025040475593269957,0.047607421875,0.034894704818725586,56,33,-0.02504,-0.02504,1,1
2500,4,23,36,0.0,0.0,0.0,0.03834891319274902,0.004619598388671875,0.0,0.0,1,1,0.016091487080115874,0.016091487080115874,0.04386186599731445,0.003973245620727539,56,5,-0.01609,-0.01609,1,1
2500,5,34,25,-9.020562075079398e-17,0.0,0.0,0.04320883750915527,0.013553142547607422,-0.0,-0.0,1,1,0.005573447078001347,0.005573447078001347,0.04675698280334473,0.012917280197143555,56,15,-0.00557,-0.00557,1,1
2500,6,43,34,1.4802973661668753e-16,0.0,0.0,0.04783225059509277,0.01085042953491211,0.0,0.0,1,1,0.06202502733038297,0.06202502733038297,0.04676103591918945,0.010369062423706055,56,17,-0.06203,-0.06203,1,1
2500,7,59,42,0.0,0.0,0.0,0.048004865646362305,0.009753704071044922,0.0,0.0,1,1,0.0221417990745832,0.0221417990745832,0.05137968063354492,0.008131980895996094,56,12,-0.02214,-0.02214,1,1
2500,8,26,59,1.4802973661668753e-16,0.49999999999999994,0.49999999999999994,0.044196367263793945,0.008539676666259766,0.0|1.0,0.0|1.0,2,2,0.5208214802965178,0.5208214802965178,0.04560518264770508,0.007329225540161133,56,12,-0.03793|1.00372,-0.03793|1.00372,2,2
2500,9,4,57,0.0,0.0,0.0,0.04509997367858887,0.007564067840576172,0.0,0.0,1,1,0.0020793015729464676,0.002265729299152708,0.046356916427612305,0.00446319580078125,56,6,0.00189|0.00227,0.00227,2,1
2500,10,36,2,0.0,0.0,0.0,0.04431772232055664,0.0056569576263427734,0.0,0.0,1,1,0.02873959244302507,0.02873959244302507,0.04333186149597168,0.005728721618652344,56,5,0.02874,0.02874,1,1
2500,11,26,3,0.0,0.0,0.0,0.04689931869506836,0.004139423370361328,0.0,0.0,1,1,0.0025603895523557667,0.0027137630037860063,0.048754215240478516,0.0030226707458496094,56,2,0.00241|0.00271,0.00271,2,1
2500,12,1,50,1.0,0.25,0.5,0.046507835388183594,0.006431102752685547,0.0|1.0,0.0|1.0,2,2,0.30129135714644417,0.5329644026103171,0.04793214797973633,0.0051670074462890625,56,4,-0.03424|0.92321|0.93756|0.96832,-0.03424|0.96832,4,2
2500,13,57,59,5.233908544661452e-16,0.0,0.0,0.04740476608276367,0.01112222671508789,0.0,0.0,1,1,0.0549478656559398,0.0549478656559398,0.051288604736328125,0.00966644287109375,56,15,-0.05495,-0.05495,1,1
2500,14,46,35,0.0,0.0,0.0,0.04743790626525879,0.004466533660888672,0.0,0.0,1,1,0.002515341412670233,0.002639840511730163,0.056494951248168945,0.0045931339263916016,56,4,0.00239|0.00264,0.00264,2,1
2500,15,2,45,0.9999999999999994,0.0,0.0,0.04558730125427246,0.01826953887939453,1.0,1.0,1,1,0.02469235613700116,0.02469235613700116,0.04648327827453613,0.016000032424926758,56,17,0.97531,0.97531,1,1
2500,16,50,41,0.0,0.0,0.0,0.04638314247131348,0.006505727767944336,0.0,0.0,1,1,0.014264063107026539,0.014264063107026539,0.045453548431396484,0.005625486373901367,56,7,0.01426,0.01426,1,1
2500,17,47,1,-5.551115123125784e-17,0.0,0.0,0.04044079780578613,0.00582432746887207,-0.0,-0.0,1,1,0.01317376289273668,0.01317376289273668,0.04690146446228027,0.005098104476928711,56,6,-0.01317,-0.01317,1,1
2500,18,15,24,0.0,0.0,0.0,0.04461407661437988,0.004754543304443359,0.0,0.0,1,1,0.0461550917669575,0.0461550917669575,0.04414772987365723,0.004807233810424805,56,5,-0.04616,-0.04616,1,1
2500,19,10,18,0.0,0.0,0.0,0.046936988830566406,0.004651069641113281,0.0,0.0,1,1,0.01531560590240609,0.01531560590240609,0.0479738712310791,0.0031473636627197266,56,2,0.01532,0.01532,1,1
2500,20,53,39,0.0,0.0,0.0,0.04579329490661621,0.005420684814453125,0.0,0.0,1,1,0.0026284462985539875,0.0026284462985539875,0.04366254806518555,0.005159139633178711,56,7,-0.00263,-0.00263,1,1
2500,21,53,8,0.0,0.0,0.0,0.04373311996459961,0.0059320926666259766,0.0,0.0,1,1,0.02320260745670424,0.02320260745670424,0.04686999320983887,0.005238533020019531,56,5,0.0232,0.0232,1,1
2500,22,12,25,-4.625929269271484e-17,0.0,0.0,0.047472238540649414,0.005684852600097656,-0.0,-0.0,1,1,0.013311287103034296,0.013311287103034296,0.046579837799072266,0.004247426986694336,56,6,0.01331,0.01331,1,1
2500,23,4,2,-1.3322676295501876e-16,0.0,0.0,0.04678463935852051,0.003900289535522461,-0.0,-0.0,1,1,0.004936248055896083,0.006112882615860621,0.04853630065917969,0.003755807876586914,56,2,-0.00611|-0.00376,-0.00611,2,1
2500,24,23,6,0.0,0.0,0.0,0.044142723083496094,0.003838777542114258,0.0,0.0,1,1,0.0042730395747418775,0.0042730395747418775,0.04897737503051758,0.0029103755950927734,56,2,0.00427,0.00427,1,1
2500,25,51,47,-1.0297720808117398e-16,0.0,0.0,0.04021167755126953,0.023566722869873047,-0.0,-0.0,1,1,0.00843022027933838,0.00843022027933838,0.0485992431640625,0.01504826545715332,56,20,-0.00843,-0.00843,1,1
2500,26,6,30,0.0,0.25,0.25,0.04716062545776367,0.006473064422607422,0.0|0.5,0.0|0.5,2,2,0.2541591025208843,0.2541591025208843,0.0467371940612793,0.005598545074462891,56,5,0.01123|0.49708,0.01123|0.49708,2,2
2500,27,15,8,0.0,0.0,0.0,0.047196388244628906,0.00578761100769043,0.0,0.0,1,1,0.0009280907188548743,0.0009280907188548743,0.04996800422668457,0.004617452621459961,56,5,0.00093,0.00093,1,1
2500,28,29,22,0.0,0.0,0.0,0.047362565994262695,0.005448102951049805,0.0,0.0,1,1,0.006377212064595049,0.007253591663447972,0.05169486999511719,0.004553556442260742,56,7,-0.0055|0.00725,0.00725,2,1
2500,29,60,26,-6.023784331629563e-16,0.0,0.0,0.0480656623840332,0.0370640754699707,-0.0,-0.0,1,1,0.027933996773284755,0.027933996773284755,0.04813051223754883,0.03169751167297363,56,34,-0.02793,-0.02793,1,1
2500,30,26,36,0.0,0.0,0.0,0.05345273017883301,0.004935503005981445,0.0,0.0,1,1,0.007843623336292528,0.003927187891733117,0.0467991828918457,0.006594419479370117,56,5,0.00393|0.01176,0.00393,2,1
2500,31,33,53,0.0,0.0,0.0,0.04717135429382324,0.006678104400634766,0.0,0.0,1,1,0.027786989690429614,0.027786989690429614,0.05168890953063965,0.005849123001098633,56,7,-0.02779,-0.02779,1,1
2500,32,35,48,0.0,0.0,0.0,0.0473172664642334,0.0044634342193603516,0.0,0.0,1,1,0.008060913197378238,0.008060913197378238,0.0475008487701416,0.003833293914794922,56,6,0.00806,0.00806,1,1
2500,33,26,36,0.0,0.0,0.0,0.04784107208251953,0.012318849563598633,0.0,0.0,1,1,0.001146498930386476,0.0003084228322140368,0.04615497589111328,0.0054247379302978516,56,5,-0.00031|0.00198,-0.00031,2,1
2500,34,23,9,0.0,0.0,0.0,0.046439170837402344,0.0043561458587646484,0.0,0.0,1,1,0.004128893556339872,0.004128893556339872,0.047388315200805664,0.003912448883056641,56,5,0.00413,0.00413,1,1
2500,35,44,8,0.0,0.0,0.0,0.04800128936767578,0.0055103302001953125,0.0,0.0,1,1,0.0005990601985965706,0.0005990601985965706,0.04906177520751953,0.005035400390625,56,6,0.0006,0.0006,1,1
2500,36,35,10,0.0,0.0,0.0,0.04337882995605469,0.004241466522216797,0.0,0.0,1,1,0.04041897807161663,0.04041897807161663,0.04973578453063965,0.00499272346496582,56,4,0.04042,0.04042,1,1
2500,37,17,16,-7.401486830834378e-17,0.0,0.0,0.05058145523071289,0.005278348922729492,-0.0,-0.0,1,1,0.002427220391484894,0.002427220391484894,0.04937481880187988,0.0052111148834228516,56,6,0.00243,0.00243,1,1
2500,38,15,9,-4.930380657631325e-32,0.0,0.0,0.04372763633728027,0.005521535873413086,-0.0,-0.0,1,1,0.047389442963080855,0.047389442963080855,0.046149492263793945,0.004833698272705078,56,8,-0.04739,-0.04739,1,1
2500,39,8,31,0.0,0.0,0.0,0.043372392654418945,0.0045163631439208984,0.0,0.0,1,1,0.00322585373752837,0.00322585373752837,0.05434393882751465,0.0030515193939208984,56,2,0.00323,0.00323,1,1
2500,40,24,46,0.0,0.0,0.0,0.04404640197753906,0.0034580230712890625,0.0,0.0,1,1,0.017791036347554485,0.017791036347554485,0.04506635665893555,0.0027256011962890625,56,2,0.01779,0.01779,1,1
2500,41,46,6,0.0,0.0,0.0,0.04282689094543457,0.003950357437133789,0.0,0.0,1,1,0.010003219576579295,0.013270588085445735,0.04597187042236328,0.0036215782165527344,56,2,0.00674|0.01327,0.01327,2,1
2500,42,35,34,0.0,0.0,0.0,0.04524087905883789,0.01177072525024414,0.0,0.0,1,1,0.011497570648343091,0.011497570648343091,0.04405355453491211,0.010674715042114258,56,16,0.0115,0.0115,1,1
2500,43,57,41,0.0,0.0,0.0,0.04136991500854492,0.006142139434814453,0.0,0.0,1,1,0.00130054396885122,0.00130054396885122,0.051195383071899414,0.005459785461425781,56,9,-0.0013,-0.0013,1,1
2500,44,47,28,0.0,0.0,0.0,0.04334425926208496,0.00520014762878418,0.0,0.0,1,1,0.016095668664943864,0.016095668664943864,0.04227948188781738,0.004412412643432617,56,6,-0.0161,-0.0161,1,1
2500,45,49,55,0.0,0.0,0.0,0.042789459228515625,0.024651288986206055,0.0,0.0,1,1,0.014659584145169838,0.014659584145169838,0.042923927307128906,0.03393149375915527,56,24,0.01466,0.01466,1,1
2500,46,58,24,-1.4567822257147455e-16,0.0,0.0,0.04580354690551758,0.006701946258544922,-0.0,-0.0,1,1,0.007832960452489976,0.007832960452489976,0.04404902458190918,0.0061991214752197266,56,14,-0.00783,-0.00783,1,1
2500,47,28,36,0.0,0.0,0.0,0.043036699295043945,0.005479335784912109,0.0,0.0,1,1,0.01247474462406564,0.001206731566777608,0.05029654502868652,0.004334688186645508,56,5,-0.02374|-0.00121,-0.00121,2,1
2500,48,9,8,0.0,0.0,0.0,0.045725107192993164,0.0045239925384521484,0.0,0.0,1,1,0.040217965979019034,0.040217965979019034,0.0400547981262207,0.009074211120605469,56,5,0.04022,0.04022,1,1
2500,49,58,29,0.0,0.0,0.0,0.045487165451049805,0.010115385055541992,0.0,0.0,1,1,0.02860979008721735,0.02860979008721735,0.0487060546875,0.00872349739074707,56,15,-0.02861,-0.02861,1,1
2500,50,57,58,5.233908544661452e-16,0.0,0.0,0.0464329719543457,0.009902238845825195,0.0,0.0,1,1,0.01552763160257036,0.01552763160257036,0.04858040809631348,0.009028434753417969,56,17,-0.01553,-0.01553,1,1
2500,51,12,43,2.465190328815662e-32,0.0,0.0,0.04862546920776367,0.00590062141418457,0.0,0.0,1,1,0.00011432852347056835,0.00011432852347056835,0.053781747817993164,0.004380226135253906,56,8,-0.00011,-0.00011,1,1
2500,52,44,57,2.923587298179579e-16,0.0,0.0,0.04470181465148926,0.006794452667236328,0.0,0.0,1,1,0.06001770485769139,0.06001770485769139,0.044559478759765625,0.006147146224975586,56,9,0.06002,0.06002,1,1
2500,53,25,6,-8.32667268468866e-17,0.0,0.0,0.043231964111328125,0.0054776668548583984,-0.0,-0.0,1,1,0.012213770973691099,0.012213770973691099,0.0468752384185791,0.004319906234741211,56,5,-0.01221,-0.01221,1,1
2500,54,9,31,0.0,0.0,0.0,0.04816412925720215,0.010126352310180664,0.0,0.0,1,1,0.02175688741767261,0.02175688741767261,0.03929543495178223,0.004126071929931641,56,5,0.02176,0.02176,1,1
2500,55,11,22,0.0,3.3306690738754695e-17,6.661338147750939e-17,0.04401898384094238,0.005568027496337891,-0.0,-0.0,1,1,0.002804166128846087,0.004434527295379649,0.04494524002075195,0.007589817047119141,56,7,-0.00117|0.00443,0.00443,2,1
2500,56,31,30,0.0,0.0,0.0,0.047075748443603516,0.004217624664306641,0.0,0.0,1,1,0.008899924202206696,0.008899924202206696,0.04502701759338379,0.003721952438354492,56,4,-0.0089,-0.0089,1,1
2500,57,44,58,5.921189464667501e-16,0.0,0.0,0.038667917251586914,0.01566624641418457,0.0,0.0,1,1,0.014529283125901765,0.014529283125901765,0.04925227165222168,0.02123737335205078,56,18,0.01453,0.01453,1,1
2500,58,51,10,1.2872151010146748e-16,0.0,0.0,0.04545259475708008,0.015652179718017578,0.0,0.0,1,1,0.021002699622683536,0.021002699622683536,0.04762911796569824,0.014537811279296875,56,19,0.021,0.021,1,1
2500,59,30,5,0.0,0.0,0.0,0.05145406723022461,0.0045855045318603516,0.0,0.0,1,1,0.03264876157807345,0.03264876157807345,0.048555612564086914,0.003601551055908203,56,4,0.03265,0.03265,1,1
2500,60,28,32,0.0,0.0,0.0,0.04582476615905762,0.004770040512084961,0.0,0.0,1,1,0.022381007752356512,0.016010564409444726,0.04822516441345215,0.003880023956298828,56,4,0.01601|0.02875,0.01601,2,1
2500,61,50,25,-1.6434602192104412e-32,0.0,0.0,0.0462949275970459,0.0055010318756103516,-0.0,-0.0,1,1,0.010636423892313602,0.010636423892313602,0.05683279037475586,0.005110979080200195,56,7,-0.01064,-0.01064,1,1
2500,62,40,22,0.0,4.163336342344337e-17,8.326672684688674e-17,0.046979427337646484,0.00577855110168457,-0.0,-0.0,1,1,0.009536638268071058,0.008213258549501742,0.04400134086608887,0.0047817230224609375,56,7,0.00821|0.01086,0.00821,2,1
2500,63,48,24,0.0,0.0,0.0,0.045258522033691406,0.005402803421020508,0.0,0.0,1,1,0.005821151674154879,0.005821151674154879,0.04883432388305664,0.004738807678222656,56,4,0.00582,0.00582,1,1
2500,64,19,15,3.7007434154171886e-16,0.0,0.0,0.04787874221801758,0.009745359420776367,0.0,0.0,1,1,0.022690362080615607,0.022690362080615607,0.04486227035522461,0.00797891616821289,56,10,0.02269,0.02269,1,1
2500,65,39,28,0.0,0.0,0.0,0.048217058181762695,0.004561901092529297,0.0,0.0,1,1,0.0012617922639544892,0.0012617922639544892,0.049616098403930664,0.003914356231689453,56,4,0.00126,0.00126,1,1
2500,66,26,8,0.0,0.0,0.0,0.04565930366516113,0.004358053207397461,0.0,0.0,1,1,0.0027441369360467604,0.0005820272840939978,0.04676556587219238,0.0030791759490966797,56,2,-0.00491|-0.00058,-0.00058,2,1
2500,67,5,55,0.0,0.0,0.0,0.0440981388092041,0.02096080780029297,0.0,0.0,1,1,0.007481189158483354,0.007481189158483354,0.05028986930847168,0.020578861236572266,56,22,-0.00748,-0.00748,1,1
2500,68,24,3,0.0,0.0,0.0,0.04350447654724121,0.003965854644775391,0.0,0.0,1,1,0.0005217853860197612,0.0005217853860197612,0.04823946952819824,0.002886533737182617,56,2,0.00052,0.00052,1,1
2500,69,18,31,0.0,0.0,0.0,0.04725384712219238,0.005141258239746094,0.0,0.0,1,1,0.01573558359946003,0.003526718175230096,0.04886436462402344,0.003219127655029297,56,2,-0.02298|-0.0207|-0.00353,-0.00353,3,1
2500,70,60,22,-3.859399048969233e-15,0.0,0.0,0.045931339263916016,0.0317530632019043,-0.0,-0.0,1,1,0.07149095902986033,0.07149095902986033,0.044206857681274414,0.028697490692138672,56,33,0.07149,0.07149,1,1
2500,71,60,7,4.089138268916419e-16,0.0,0.0,0.05383586883544922,0.027773141860961914,0.0,0.0,1,1,0.07017618112826221,0.07017618112826221,0.04512500762939453,0.0307466983795166,56,33,-0.07018,-0.07018,1,1
2500,72,14,39,0.0,0.0,0.0,0.04661417007446289,0.004508018493652344,0.0,0.0,1,1,0.010789756536064104,0.010789756536064104,0.04451394081115723,0.0046002864837646484,56,4,-0.01079,-0.01079,1,1
2500,73,16,49,0.0,0.0,0.0,0.04589223861694336,0.012702703475952148,0.0,0.0,1,1,0.01660760299934857,0.01660760299934857,0.04252481460571289,0.005119800567626953,56,8,0.01661,0.01661,1,1
2500,74,22,15,-1.4802973661668758e-16,0.0,0.0,0.04622673988342285,0.004935503005981445,-0.0,-0.0,1,1,0.0024804992168368455,0.0024804992168368455,0.0455319881439209,0.004222393035888672,56,7,-0.00248,-0.00248,1,1
2500,75,36,50,0.0,0.0,0.0,0.04661726951599121,0.005780935287475586,0.0,0.0,1,1,0.0017254376976307837,0.0017254376976307837,0.05068254470825195,0.0047588348388671875,56,7,0.00173,0.00173,1,1
2500,76,23,26,0.0,0.0,0.0,0.04814624786376953,0.005075216293334961,0.0,0.0,1,1,0.027863449624303864,0.027863449624303864,0.0446779727935791,0.0031385421752929688,56,2,-0.02786,-0.02786,1,1
2500,77,19,4,-6.162975822039155e-33,0.0,0.0,0.04700469970703125,0.01208186149597168,-0.0,-0.0,1,1,0.00597005631886097,0.00597005631886097,0.05657005310058594,0.0077435970306396484,56,10,-0.00597,-0.00597,1,1
2500,78,39,45,0.0,0.0,0.0,0.04673957824707031,0.01655435562133789,0.0,0.0,1,1,0.024443754213913864,0.024443754213913864,0.04996013641357422,0.015550374984741211,56,19,-0.02444,-0.02444,1,1
2500,79,32,15,0.0,0.0,0.0,0.04872560501098633,0.005880594253540039,0.0,0.0,1,1,0.026464192604059866,0.026464192604059866,0.054046630859375,0.00467991828918457,56,7,-0.02646,-0.02646,1,1
2500,80,21,42,0.0,0.0,0.0,0.04737424850463867,0.005509376525878906,0.0,0.0,1,1,0.0026480537417541005,0.0026480537417541005,0.04742836952209473,0.005075693130493164,56,2,-0.00265,-0.00265,1,1
2500,81,44,47,-2.896598636358403e-32,0.0,0.0,0.04450631141662598,0.007878541946411133,-0.0,-0.0,1,1,0.019739410568477448,0.019739410568477448,0.04987668991088867,0.00640106201171875,56,10,0.01974,0.01974,1,1
2500,82,36,14,0.0,0.0,0.0,0.0474095344543457,0.005356550216674805,0.0,0.0,1,1,0.005676857425149535,0.005676857425149535,0.04350686073303223,0.003975868225097656,56,5,0.00568,0.00568,1,1
2500,83,55,33,1.0866012581437702e-16,0.0,0.0,0.048825740814208984,0.022871732711791992,0.0,0.0,1,1,0.008746987294194453,0.008746987294194453,0.04710698127746582,0.02987980842590332,56,24,0.00875,0.00875,1,1
2500,84,40,35,0.0,0.0,0.0,0.048871517181396484,0.0042417049407958984,0.0,0.0,1,1,0.013002324151072284,0.006894851606104621,0.1183004379272461,0.003590106964111328,56,4,0.00689|0.01911,0.00689,2,1
2500,85,43,44,0.0,0.0,0.0,0.044641733169555664,0.008607149124145508,0.0,0.0,1,1,0.04630827645289026,0.04630827645289026,0.04189777374267578,0.007761478424072266,56,10,0.04631,0.04631,1,1
2500,86,36,53,0.0,0.0,0.0,0.04265117645263672,0.012262105941772461,0.0,0.0,1,1,0.021229665771060568,0.021229665771060568,0.04501175880432129,0.0066432952880859375,56,8,0.02123,0.02123,1,1
2500,87,27,56,1.1366569061638506e-16,0.0,0.0,0.04426765441894531,0.010039091110229492,0.0,0.0,1,1,0.05287324748622217,0.05287324748622217,0.04605674743652344,0.011200428009033203,56,12,-0.05287,-0.05287,1,1
2500,88,25,20,7.401486830834374e-16,0.0,0.0,0.04628419876098633,0.011739730834960938,0.0,0.0,1,1,0.15679641448044138,0.15679641448044138,0.0512692928314209,0.011733770370483398,56,14,0.1568,0.1568,1,1
2500,89,2,14,0.0,0.0,0.0,0.043916940689086914,0.003415346145629883,0.0,0.0,1,1,0.0018565980106680262,0.0018565980106680262,0.048349618911743164,0.0026700496673583984,56,2,-0.00186,-0.00186,1,1
2500,90,22,23,0.0,0.0,0.0,0.04768991470336914,0.005845785140991211,0.0,0.0,1,1,0.008831358949523667,0.008831358949523667,0.04355812072753906,0.0053212642669677734,56,7,-0.00883,-0.00883,1,1
2500,91,12,31,0.0,0.0,0.0,0.043352365493774414,0.004405021667480469,0.0,0.0,1,1,0.003535223137146193,0.003535223137146193,0.042464256286621094,0.003990650177001953,56,4,0.00354,0.00354,1,1
2500,92,6,23,0.0,0.0,0.0,0.05215001106262207,0.003664255142211914,0.0,0.0,1,1,0.004833553993658629,0.003460718596893042,0.04951930046081543,0.003171682357788086,56,2,-0.00621|-0.00346,-0.00346,2,1
2500,93,22,40,-5.551115123125784e-17,0.0,0.0,0.047841548919677734,0.00555729866027832,-0.0,-0.0,1,1,0.014062434427091465,0.014062434427091465,0.04442882537841797,0.0048182010650634766,56,7,-0.01406,-0.01406,1,1
2500,94,48,37,0.0,0.0,0.0,0.04620480537414551,0.007184267044067383,0.0,0.0,1,1,0.09377641764741478,0.09377641764741478,0.0494084358215332,0.0060918331146240234,56,4,-0.09378,-0.09378,1,1
2500,95,10,19,0.9999999999999998,0.0,0.0,0.04778742790222168,0.008483171463012695,1.0,1.0,1,1,0.02554223327596561,0.02554223327596561,0.043271541595458984,0.01240396499633789,56,9,1.02554,1.02554,1,1
2500,96,33,57,0.0,0.0,0.0,0.04355359077453613,0.0053784847259521484,0.0,0.0,1,1,0.06485811422281129,0.06485811422281129,0.04948139190673828,0.006857395172119141,56,8,-0.06486,-0.06486,1,1
2500,97,28,58,0.0,0.0,0.0,0.042308807373046875,0.01002192497253418,0.0,0.0,1,1,0.02554310900092618,0.019216243668983994,0.04160809516906738,0.007685661315917969,56,15,-0.03187|-0.01922,-0.01922,2,1
2500,98,1,11,0.0,0.0,0.0,0.05036282539367676,0.009437322616577148,0.0,0.0,1,1,0.013179830979622859,0.01257855541614233,0.04263663291931152,0.00393223762512207,56,2,-0.02203|-0.01735|-0.01258|-0.00076,-0.01258,4,1
2500,99,16,27,-8.881784197001255e-17,0.0,0.0,0.043725013732910156,0.006181240081787109,-0.0,-0.0,1,1,0.0034216681844001923,0.0034216681844001923,0.04346609115600586,0.005057811737060547,56,10,0.00342,0.00342,1,1
5000,0,37,5,0.0,0.0,0.0,0.04538416862487793,0.004119873046875,0.0,0.0,1,1,0.006823074962838283,0.006187968898149317,0.04845476150512695,0.0033011436462402344,56,2,-0.00746|-0.00619,-0.00619,2,1
5000,1,45,27,-1.5625361087317018e-16,0.0,0.0,0.03931450843811035,0.02231311798095703,-0.0,-0.0,1,1,0.006368787324489371,0.006368787324489371,0.04637861251831055,0.021166086196899414,56,20,-0.00637,-0.00637,1,1
5000,2,12,34,0.9999999999999999,0.0,0.0,0.04545998573303223,0.010974645614624023,1.0,1.0,1,1,0.03752060330138074,0.03752060330138074,0.04982590675354004,0.010678768157958984,56,13,0.96248,0.96248,1,1
5000,3,24,55,0.0,0.0,0.0,0.04378080368041992,0.019773006439208984,0.0,0.0,1,1,0.010571833485419657,0.010571833485419657,0.043935537338256836,0.017915725708007812,56,22,0.01057,0.01057,1,1
5000,4,18,4,0.0,0.0,0.0,0.04397702217102051,0.003644227981567383,0.0,0.0,1,1,0.0041315144628963525,0.0017987869604427355,0.049010515213012695,0.003287076950073242,56,2,-0.00064|0.0018|0.00996,0.0018,3,1
5000,5,57,2,-1.614112715295969e-32,0.0,0.0,0.04854536056518555,0.014954805374145508,-0.0,-0.0,1,1,0.012478866358154287,0.012478866358154287,0.03795623779296875,0.0051190853118896484,56,6,-0.01248,-0.01248,1,1
5000,6,3,42,0.0,0.0,0.0,0.04759073257446289,0.0037806034088134766,0.0,0.0,1,1,0.022318138753980914,0.012428666534759745,0.04825115203857422,0.0031893253326416016,56,2,-0.03221|-0.01243,-0.01243,2,1
5000,7,5,45,0.0,0.0,0.0,0.04532146453857422,0.014935970306396484,0.0,0.0,1,1,0.00514171206102797,0.00514171206102797,0.043270111083984375,0.014553308486938477,56,18,-0.00514,-0.00514,1,1
5000,8,46,32,0.0,0.0,0.0,0.047954559326171875,0.004951000213623047,0.0,0.0,1,1,0.006872568968934627,0.005259403819651426,0.0486598014831543,0.0036313533782958984,56,4,-0.00849|-0.00526,-0.00526,2,1
5000,9,53,26,7.401486830834377e-17,0.0,0.0,0.04734516143798828,0.0068628787994384766,0.0,0.0,1,1,0.02495911747998273,0.02495911747998273,0.04786872863769531,0.005476236343383789,56,5,-0.02496,-0.02496,1,1
5000,10,4,56,1.0000000000000002,0.4999999999999999,0.4999999999999999,0.04449963569641113,0.007879257202148438,0.0|1.0,0.0|1.0,2,2,0.5179701551751774,0.5179701551751774,0.047369956970214844,0.008750677108764648,56,7,-0.01601|1.01993,-0.01601|1.01993,2,2
5000,11,15,30,-1.4086801878946644e-32,0.0,0.0,0.04544377326965332,0.005739688873291016,-0.0,-0.0,1,1,0.01388261422231448,0.01388261422231448,0.051282405853271484,0.004852294921875,56,7,0.01388,0.01388,1,1
5000,12,16,32,-9.860761315262651e-33,0.0,0.0,0.04905509948730469,0.0060977935791015625,-0.0,-0.0,1,1,0.007891509253878404,0.007891509253878404,0.04819965362548828,0.0050661563873291016,56,8,-0.00789,-0.00789,1,1
5000,13,58,10,-4.662936703425658e-16,0.0,0.0,0.04656720161437988,0.008056879043579102,-0.0,-0.0,1,1,0.025345444694975395,0.025345444694975395,0.04937553405761719,0.007406473159790039,56,14,0.02535,0.02535,1,1
5000,14,9,14,0.0,0.0,0.0,0.04785799980163574,0.006054878234863281,0.0,0.0,1,1,0.040244683257399286,0.040244683257399286,0.05367851257324219,0.004651784896850586,56,5,-0.04024,-0.04024,1,1
5000,15,47,48,3.7007434154171876e-17,0.0,0.0,0.04659557342529297,0.005600452423095703,0.0,0.0,1,1,0.01129037115481285,0.01129037115481285,0.0503237247467041,0.004866123199462891,56,8,0.01129,0.01129,1,1
5000,16,2,23,0.0,0.0,0.0,0.04675769805908203,0.003971576690673828,0.0,0.0,1,1,0.0008030311668637647,0.0008030311668637647,0.05237603187561035,0.004027128219604492,56,2,-0.0008,-0.0008,1,1
5000,17,28,58,0.0,0.0,0.0,0.04586601257324219,0.008579492568969727,0.0,0.0,1,1,0.004357522816218637,0.0012146054404288563,0.03991413116455078,0.019938230514526367,56,15,-0.00121|0.0075,-0.00121,2,1
5000,18,3,40,0.0,0.0,0.0,0.04692506790161133,0.0042209625244140625,0.0,0.0,1,1,0.033579869392650674,0.020856357897949,0.04982614517211914,0.004003286361694336,56,2,-0.0463|-0.02086,-0.02086,2,1
5000,19,10,4,0.0,0.0,0.0,0.04824042320251465,0.0037741661071777344,0.0,0.0,1,1,0.01430450087357781,0.01430450087357781,0.04804110527038574,0.002730846405029297,56,2,0.0143,0.0143,1,1
5000,20,39,56,0.0,0.0,0.0,0.04251980781555176,0.0054280757904052734,0.0,0.0,1,1,0.002665904964645042,0.002665904964645042,0.0521845817565918,0.004752397537231445,56,9,-0.00267,-0.00267,1,1
5000,21,32,50,0.0,0.0,0.0,0.043548583984375,0.004660606384277344,0.0,0.0,1,1,0.018159558262951635,0.018159558262951635,0.0445098876953125,0.003989458084106445,56,6,0.01816,0.01816,1,1
5000,22,10,42,0.0,0.0,0.0,0.046076059341430664,0.004541635513305664,0.0,0.0,1,1,0.0029097058700852064,0.0029097058700852064,0.05045723915100098,0.003536224365234375,56,2,-0.00291,-0.00291,1,1
5000,23,25,11,-2.8760553836182713e-32,0.0,0.0,0.04557323455810547,0.00434565544128418,-0.0,-0.0,1,1,0.021594886357174617,0.021594886357174617,0.04472231864929199,0.0045125484466552734,56,5,-0.02159,-0.02159,1,1
5000,24,15,55,3.621441770801107e-16,0.0,0.0,0.04625868797302246,0.021678924560546875,0.0,0.0,1,1,0.01660843001812026,0.01660843001812026,0.05000114440917969,0.019782543182373047,56,22,0.01661,0.01661,1,1
5000,25,59,36,-3.172065784643304e-17,0.0,0.0,0.04627704620361328,0.010449647903442383,-0.0,-0.0,1,1,0.015945067034562582,0.015945067034562582,0.048644304275512695,0.010521888732910156,56,14,-0.01595,-0.01595,1,1
5000,26,8,50,0.0,0.0,0.0,0.04503369331359863,0.005828380584716797,0.0,0.0,1,1,0.005776017303804922,0.005776017303804922,0.047762155532836914,0.006145477294921875,56,4,0.00578,0.00578,1,1
5000,27,44,50,0.0,0.0,0.0,0.04796171188354492,0.007513999938964844,0.0,0.0,1,1,0.012173724794944,0.012173724794944,0.04920625686645508,0.006316661834716797,56,9,0.01217,0.01217,1,1
5000,28,34,40,-4.302114220422482e-16,0.0,0.0,0.046419620513916016,0.012204885482788086,-0.0,-0.0,1,1,0.023229657708564187,0.023229657708564187,0.05194520950317383,0.009368419647216797,56,14,0.02323,0.02323,1,1
5000,29,32,20,0.0,0.0,0.0,0.048818111419677734,0.012490510940551758,0.0,0.0,1,1,0.019690912515025187,0.019690912515025187,0.046877145767211914,0.010689973831176758,56,14,-0.01969,-0.01969,1,1
5000,30,18,5,0.0,0.0,0.0,0.04576897621154785,0.003611326217651367,0.0,0.0,1,1,0.010482281534537353,0.005072060952349738,0.04974508285522461,0.01103353500366211,56,2,-0.01243|0.00507|0.01394,0.00507,3,1
5000,31,25,28,0.0,0.0,0.0,0.043565988540649414,0.004410266876220703,0.0,0.0,1,1,0.010141933740685382,0.010141933740685382,0.11799311637878418,0.0036334991455078125,56,5,-0.01014,-0.01014,1,1
5000,32,55,23,0.0,0.0,0.0,0.04760289192199707,0.019398212432861328,0.0,0.0,1,1,0.009214435396350465,0.009214435396350465,0.04424405097961426,0.021463632583618164,56,22,-0.00921,-0.00921,1,1
5000,33,2,16,0.9999999999999997,0.0,0.0,0.04446864128112793,0.004815340042114258,1.0,1.0,1,1,0.005340940940726235,0.005340940940726235,0.0788569450378418,0.004044294357299805,56,5,1.00534,1.00534,1,1
5000,34,3,34,0.0,0.0,0.0,0.04571270942687988,0.011747360229492188,0.0,0.0,1,1,0.011082370555193092,0.006060815617516531,0.04338502883911133,0.010446310043334961,56,14,-0.0161|-0.00606,-0.00606,2,1
5000,35,5,1,0.0,0.0,0.0,0.042615413665771484,0.0038962364196777344,0.0,0.0,1,1,0.006838711429645997,0.006838711429645997,0.05025482177734375,0.003167867660522461,56,2,-0.00684,-0.00684,1,1
5000,36,14,17,0.0,0.0,0.0,0.045220136642456055,0.0036695003509521484,0.0,0.0,1,1,0.011013834726550627,0.011013834726550627,0.04368758201599121,0.0027992725372314453,56,2,-0.01101,-0.01101,1,1
5000,37,58,34,-2.042810365310288e-15,0.0,0.0,0.04522991180419922,0.01755237579345703,-0.0,-0.0,1,1,0.03539449220085531,0.03539449220085531,0.04608941078186035,0.019423723220825195,56,21,0.03539,0.03539,1,1
5000,38,11,25,0.0,3.33066907387547e-17,6.66133814775094e-17,0.04445195198059082,0.0047740936279296875,-0.0,-0.0,1,1,0.01339234354418389,0.0036402431245306354,0.057173967361450195,0.00433349609375,56,5,0.00364|0.02314,0.00364,2,1
5000,39,26,42,0.0,0.0,0.0,0.05029559135437012,0.004175662994384766,0.0,0.0,1,1,0.0052771839259984216,0.0018647781446304492,0.05429959297180176,0.0037360191345214844,56,2,-0.00869|0.00186,0.00186,2,1
5000,40,47,46,3.7007434154171876e-17,0.0,0.0,0.04737663269042969,0.005235910415649414,0.0,0.0,1,1,0.007367957687448265,0.007367957687448265,0.04545426368713379,0.004420280456542969,56,6,0.00737,0.00737,1,1
5000,41,40,28,0.0,0.0,0.0,0.04372668266296387,0.0047032833099365234,0.0,0.0,1,1,0.008804298571391995,0.0054748225398134195,0.051748037338256836,0.003865957260131836,56,2,0.00547|0.01213,0.00547,2,1
5000,42,14,24,0.0,0.0,0.0,0.04602503776550293,0.0037283897399902344,0.0,0.0,1,1,0.006809306773582157,0.006809306773582157,0.04997754096984863,0.0027871131896972656,56,2,-0.00681,-0.00681,1,1
5000,43,19,26,0.0,0.0,0.0,0.045603036880493164,0.009645938873291016,0.0,0.0,1,1,0.05985107939956478,0.05985107939956478,0.047994136810302734,0.011347055435180664,56,10,-0.05985,-0.05985,1,1
5000,44,2,39,0.0,0.0,0.0,0.04435873031616211,0.004320621490478516,0.0,0.0,1,1,0.015996148980893007,0.015996148980893007,0.04486083984375,0.003465890884399414,56,4,-0.016,-0.016,1,1
5000,45,8,44,0.0,0.0,0.0,0.05238628387451172,0.011530876159667969,0.0,0.0,1,1,0.008644595476362494,0.008644595476362494,0.04350614547729492,0.005093574523925781,56,6,-0.00864,-0.00864,1,1
5000,46,31,14,0.0,0.0,0.0,0.045754432678222656,0.0034546852111816406,0.0,0.0,1,1,0.007696800650267339,0.007696800650267339,0.04628634452819824,0.003062725067138672,56,2,-0.0077,-0.0077,1,1
5000,47,26,50,0.0,0.16666666666666666,0.16666666666666666,0.04717707633972168,0.008824586868286133,0.0|0.33333,0.0|0.33333,2,2,0.18425510108423473,0.18425510108423473,0.05086517333984375,0.006007671356201172,56,6,-0.0366|0.33191,-0.0366|0.33191,2,2
5000,48,28,9,0.0,0.0,0.0,0.03831005096435547,0.00439143180847168,0.0,0.0,1,1,0.0029632272282882743,0.0016440035184936302,0.04415297508239746,0.00403285026550293,56,5,-0.00428|0.00164,0.00164,2,1
5000,49,12,44,3.6977854932234923e-32,0.0,0.0,0.04406404495239258,0.005623340606689453,0.0,0.0,1,1,0.014668530129431498,0.014668530129431498,0.05191373825073242,0.0068395137786865234,56,8,0.01467,0.01467,1,1
5000,50,36,56,0.0,0.0,0.0,0.04386162757873535,0.004879474639892578,0.0,0.0,1,1,0.026819522821340997,0.026819522821340997,0.045363426208496094,0.0047016143798828125,56,7,-0.02682,-0.02682,1,1
5000,51,50,30,0.0,0.0,0.0,0.04906272888183594,0.008231163024902344,0.0,0.0,1,1,0.030542318920822382,0.030542318920822382,0.0498807430267334,0.0071413516998291016,56,7,-0.03054,-0.03054,1,1
5000,52,36,57,0.0,0.0,0.0,0.04325461387634277,0.005783796310424805,0.0,0.0,1,1,0.009986801504506468,0.009986801504506468,0.0456850528717041,0.004978179931640625,56,9,0.00999,0.00999,1,1
5000,53,60,28,4.3089844124065485e-16,0.0,0.0,0.044716835021972656,0.03321695327758789,0.0,0.0,1,1,0.016953614487875378,0.016953614487875378,0.05257296562194824,0.03379487991333008,56,34,-0.01695,-0.01695,1,1
5000,54,60,48,1.9346460627131443e-16,0.0,0.0,0.04732203483581543,0.03371119499206543,0.0,0.0,1,1,0.017884594003496773,0.017884594003496773,0.046142578125,0.03929591178894043,56,35,-0.01788,-0.01788,1,1
5000,55,60,40,-1.5609076187799232e-16,0.0,0.0,0.05153179168701172,0.03201413154602051,-0.0,-0.0,1,1,0.016628737168164553,0.016628737168164553,0.045267581939697266,0.02854013442993164,56,33,0.01663,0.01663,1,1
5000,56,39,49,0.0,0.0,0.0,0.04599761962890625,0.004558086395263672,0.0,0.0,1,1,0.02026383163083782,0.02026383163083782,0.04894232749938965,0.0037140846252441406,56,6,-0.02026,-0.02026,1,1
5000,57,20,50,7.930164461608262e-17,0.0,0.0,0.04805707931518555,0.010561227798461914,0.0,0.0,1,1,0.01779426899091967,0.01779426899091967,0.05037975311279297,0.013005971908569336,56,12,-0.01779,-0.01779,1,1
5000,58,12,32,1.5407439555097887e-32,0.0,0.0,0.04723167419433594,0.0045392513275146484,0.0,0.0,1,1,0.007804476431759516,0.007804476431759516,0.044194936752319336,0.006286144256591797,56,6,0.0078,0.0078,1,1
5000,59,43,49,0.0,0.0,0.0,0.044074058532714844,0.0051953792572021484,0.0,0.0,1,1,0.0219396388628259,0.0219396388628259,0.04714179039001465,0.004713296890258789,56,8,-0.02194,-0.02194,1,1
5000,60,59,45,-1.7129155237073844e-15,0.0,0.0,0.04599785804748535,0.02644824981689453,-0.0,-0.0,1,1,0.015479354945480125,0.015479354945480125,0.0442967414855957,0.02569580078125,56,22,0.01548,0.01548,1,1
5000,61,11,50,0.0,0.0,0.0,0.050162315368652344,0.004999876022338867,0.0,0.0,1,1,0.003495499918453607,7.565897134392194e-05,0.05110979080200195,0.0041463375091552734,56,4,-0.00692|8e-05,8e-05,2,1
5000,62,43,19,-3.700743415417188e-17,0.0,0.0,0.050885915756225586,0.009282350540161133,-0.0,-0.0,1,1,0.04343439844178682,0.04343439844178682,0.048685550689697266,0.00890350341796875,56,13,-0.04343,-0.04343,1,1
5000,63,7,55,2.0,0.3333333333333333,0.5,0.04786252975463867,0.02056407928466797,1.0|2.0,1.0|2.0,2,2,0.36043245934854057,0.4980581337015155,0.05715537071228027,0.01991415023803711,56,21,1.03623|2.03235|2.08518,1.03623|2.03235,3,2
5000,64,28,32,0.0,0.0,0.0,0.049881696701049805,0.0050201416015625,0.0,0.0,1,1,0.001983360797686192,0.002542729933415032,0.04210996627807617,0.010263442993164062,56,4,0.00142|0.00254,0.00254,2,1
5000,65,24,37,0.0,0.0,0.0,0.04629683494567871,0.004235506057739258,0.0,0.0,1,1,0.0007815219891350597,0.0007815219891350597,0.05022478103637695,0.0033905506134033203,56,2,-0.00078,-0.00078,1,1
5000,66,7,31,0.0,0.0,0.0,0.04711103439331055,0.0044460296630859375,0.0,0.0,1,1,0.037294781353557994,0.017709025393678433,0.048847198486328125,0.003127574920654297,56,2,0.01771|0.04469|0.04949,0.01771,3,1
5000,67,37,19,0.0,0.0,0.0,0.04936099052429199,0.011491537094116211,0.0,0.0,1,1,0.01642303035728144,0.007535359914127189,0.05131077766418457,0.011150836944580078,56,10,-0.02531|-0.00754,-0.00754,2,1
5000,68,28,40,0.0,0.0,0.0,0.04682564735412598,0.003868579864501953,0.0,0.0,1,1,0.02928717393777498,0.019562156177216822,0.049094200134277344,0.0038690567016601562,56,2,0.01956|0.03901,0.01956,2,1
5000,69,57,59,5.233908544661452e-16,0.0,0.0,0.04729485511779785,0.011900901794433594,0.0,0.0,1,1,0.025694653652240353,0.025694653652240353,0.05256223678588867,0.010832071304321289,56,15,0.02569,0.02569,1,1
5000,70,55,10,3.5432649722079466e-17,0.0,0.0,0.04413485527038574,0.0267331600189209,0.0,0.0,1,1,0.0020189622525354496,0.0020189622525354496,0.048952579498291016,0.021877288818359375,56,21,-0.00202,-0.00202,1,1
5000,71,32,47,0.0,0.0,0.0,0.062419891357421875,0.006506919860839844,0.0,0.0,1,1,0.0005893898120356279,0.0005893898120356279,0.052187204360961914,0.005334377288818359,56,8,-0.00059,-0.00059,1,1
5000,72,2,7,7.401486830834381e-17,0.0,0.0,0.05103182792663574,0.005126237869262695,0.0,0.0,1,1,0.0007421700050159887,0.0007421700050159887,0.04984092712402344,0.003909111022949219,56,2,0.00074,0.00074,1,1
5000,73,36,23,0.0,0.0,0.0,0.05786395072937012,0.0059430599212646484,0.0,0.0,1,1,0.002831860402134576,0.002831860402134576,0.054146766662597656,0.0046460628509521484,56,5,-0.00283,-0.00283,1,1
5000,74,16,3,0.0,0.0,0.0,0.052634477615356445,0.005102396011352539,0.0,0.0,1,1,0.02716292320531316,0.02716292320531316,0.05079936981201172,0.0042035579681396484,56,6,0.02716,0.02716,1,1
5000,75,14,4,0.0,0.0,0.0,0.04778790473937988,0.003951072692871094,0.0,0.0,1,1,0.0018804890967018778,0.0018804890967018778,0.05165839195251465,0.0032935142517089844,56,2,0.00188,0.00188,1,1
5000,76,37,1,0.0,0.0,0.0,0.04855990409851074,0.01032114028930664,0.0,0.0,1,1,0.012821146060840465,0.007025591401238917,0.04160428047180176,0.003865480422973633,56,2,-0.01862|-0.00703,-0.00703,2,1
5000,77,25,60,1.0000000000000018,0.0,0.0,0.04811239242553711,0.03146219253540039,1.0,1.0,1,1,0.22344150209515345,0.22344150209515345,0.05540871620178223,0.10240912437438965,56,33,0.77656,0.77656,1,1
5000,78,27,60,2.3473286806360452e-15,0.0,0.0,0.03866004943847656,0.03337550163269043,0.0,0.0,1,1,0.013111312794023267,0.013111312794023267,0.04327392578125,0.02831292152404785,56,35,-0.01311,-0.01311,1,1
5000,79,23,31,0.0,0.0,0.0,0.047937631607055664,0.0037789344787597656,0.0,0.0,1,1,0.006749921991271676,0.006749921991271676,0.045215606689453125,0.002789020538330078,56,2,0.00675,0.00675,1,1
5000,80,12,31,0.0,0.0,0.0,0.04081463813781738,0.004340648651123047,0.0,0.0,1,1,0.013304837582183168,0.013304837582183168,0.0452728271484375,0.0034875869750976562,56,4,-0.0133,-0.0133,1,1
5000,81,2,43,-2.442490654175345e-16,0.0,0.0,0.04301905632019043,0.00504612922668457,-0.0,-0.0,1,1,0.004680523313814059,0.004680523313814059,0.04403519630432129,0.004874706268310547,56,6,0.00468,0.00468,1,1
5000,82,32,31,0.0,0.0,0.0,0.06077766418457031,0.0042302608489990234,0.0,0.0,1,1,0.010973736268203709,0.010973736268203709,0.042763471603393555,0.003518819808959961,56,4,-0.01097,-0.01097,1,1
5000,83,40,45,0.0,0.49999999999999994,0.49999999999999994,0.04700589179992676,0.014926433563232422,0.0|1.0,0.0|1.0,2,2,0.5103369140150091,0.5103369140150091,0.0488286018371582,0.013908863067626953,56,18,-0.02611|0.99456,-0.02611|0.99456,2,2
5000,84,4,46,0.0,0.0,0.0,0.044622182846069336,0.003582477569580078,0.0,0.0,1,1,0.006698066512304045,0.0028699979250689685,0.04333758354187012,0.002757549285888672,56,2,-0.01053|-0.00287,-0.00287,2,1
5000,85,44,11,0.0,0.0,0.0,0.052199363708496094,0.007029056549072266,0.0,0.0,1,1,0.004785184938331545,0.004785184938331545,0.05370736122131348,0.006016254425048828,56,6,-0.00479,-0.00479,1,1
5000,86,41,17,0.0,0.0,0.0,0.0403742790222168,0.004781246185302734,0.0,0.0,1,1,0.010845128344780004,0.010845128344780004,0.04470109939575195,0.0040395259857177734,56,5,0.01085,0.01085,1,1
5000,87,53,1,3.700743415417188e-17,0.0,0.0,0.04633140563964844,0.00756525993347168,0.0,0.0,1,1,0.006369376764757687,0.006369376764757687,0.04715394973754883,0.007030487060546875,56,5,-0.00637,-0.00637,1,1
5000,88,10,56,-9.251858538542972e-17,0.0,0.0,0.04312252998352051,0.0047681331634521484,-0.0,-0.0,1,1,0.0026151254248303183,0.0026151254248303183,0.04469466209411621,0.004163026809692383,56,7,-0.00262,-0.00262,1,1
5000,89,53,15,-4.108650548026103e-33,0.0,0.0,0.04631781578063965,0.006838798522949219,-0.0,-0.0,1,1,0.013277870785725466,0.013277870785725466,0.046205759048461914,0.005837202072143555,56,8,-0.01328,-0.01328,1,1
5000,90,35,45,0.0,0.0,0.0,0.046340227127075195,0.019304513931274414,0.0,0.0,1,1,0.003756607587562671,0.003756607587562671,0.04669547080993652,0.019347667694091797,56,20,-0.00376,-0.00376,1,1
5000,91,26,48,0.0,0.0,0.0,0.04409599304199219,0.004730224609375,0.0,0.0,1,1,0.005072461647396186,0.001628291212993831,0.051011085510253906,0.0047245025634765625,56,4,0.00163|0.00852,0.00163,2,1
5000,92,31,10,0.0,0.0,0.0,0.04863142967224121,0.0036139488220214844,0.0,0.0,1,1,0.012859516490380718,0.012859516490380718,0.04015946388244629,0.002759695053100586,56,2,0.01286,0.01286,1,1
5000,93,22,32,-1.6434602192104417e-32,0.0,0.0,0.048768043518066406,0.006583213806152344,-0.0,-0.0,1,1,0.010366332591534804,0.010366332591534804,0.052391767501831055,0.006305217742919922,56,9,0.01037,0.01037,1,1
5000,94,32,48,0.0,0.0,0.0,0.04485607147216797,0.004647254943847656,0.0,0.0,1,1,0.020232015555580823,0.020232015555580823,0.048195600509643555,0.0038924217224121094,56,6,0.02023,0.02023,1,1
5000,95,49,28,0.0,0.0,0.0,0.04717516899108887,0.00448918342590332,0.0,0.0,1,1,0.002621780686111641,0.002621780686111641,0.05330038070678711,0.0040552616119384766,56,4,0.00262,0.00262,1,1
5000,96,57,32,0.0,0.0,0.0,0.045433998107910156,0.005091190338134766,0.0,0.0,1,1,0.03701319251534478,0.03701319251534478,0.04462862014770508,0.004174232482910156,56,8,-0.03701,-0.03701,1,1
5000,97,37,45,0.0,0.0,0.0,0.04597926139831543,0.018697023391723633,0.0,0.0,1,1,0.001668314466931736,0.0011407251593352177,0.04864072799682617,0.015465736389160156,56,18,-0.00114|0.0022,-0.00114,2,1
5000,98,44,30,2.923587298179579e-16,0.0,0.0,0.03865623474121094,0.006643772125244141,0.0,0.0,1,1,0.05022253195810732,0.05022253195810732,0.04647684097290039,0.010445356369018555,56,7,0.05022,0.05022,1,1
5000,99,11,30,0.0,0.0,0.0,0.047163963317871094,0.0077893733978271484,0.0,0.0,1,1,0.02412699543371416,0.012348075490699332,0.047454833984375,0.004699230194091797,56,4,0.01235|0.03591,0.01235,2,1
7500,0,49,40,0.0,0.0,0.0,0.0431060791015625,0.004272937774658203,0.0,0.0,1,1,0.012382644108500825,0.012382644108500825,0.047017812728881836,0.003567934036254883,56,4,-0.01238,-0.01238,1,1
7500,1,37,50,0.0,0.0,0.0,0.045228004455566406,0.004595279693603516,0.0,0.0,1,1,0.007140458475975319,0.004897973016746775,0.05485177040100098,0.0037903785705566406,56,4,0.0049|0.00938,0.0049,2,1
7500,2,5,56,0.0,0.0,0.0,0.04349946975708008,0.004945039749145508,0.0,0.0,1,1,0.010508303239714066,0.010508303239714066,0.045274972915649414,0.0042383670806884766,56,7,-0.01051,-0.01051,1,1
7500,3,50,18,0.0,0.0,0.0,0.04512143135070801,0.007363319396972656,0.0,0.0,1,1,0.0015890507089882458,0.0015890507089882458,0.04757285118103027,0.006859779357910156,56,5,-0.00159,-0.00159,1,1
7500,4,56,19,1.3877787807814457e-16,0.0,0.0,0.04601311683654785,0.01064610481262207,0.0,0.0,1,1,0.025049557263173462,0.025049557263173462,0.04331350326538086,0.009644031524658203,56,14,0.02505,0.02505,1,1
7500,5,19,1,0.0,0.0,0.0,0.04782271385192871,0.008301496505737305,0.0,0.0,1,1,0.011615482238279774,0.011615482238279774,0.04819512367248535,0.0075836181640625,56,9,0.01162,0.01162,1,1
7500,6,51,48,-4.022547190670859e-17,0.0,0.0,0.047410011291503906,0.01795220375061035,-0.0,-0.0,1,1,0.03230166051501628,0.03230166051501628,0.04445457458496094,0.016934871673583984,56,22,-0.0323,-0.0323,1,1
7500,7,35,15,0.0,0.0,0.0,0.047263145446777344,0.006669759750366211,0.0,0.0,1,1,0.0020825830079634912,0.0020825830079634912,0.05403852462768555,0.0052340030670166016,56,7,-0.00208,-0.00208,1,1
7500,8,51,50,0.0,0.0,0.0,0.044757843017578125,0.017049789428710938,0.0,0.0,1,1,0.026021965665582503,0.026021965665582503,0.046601295471191406,0.020830154418945312,56,20,-0.02602,-0.02602,1,1
7500,9,18,58,1.0,0.3333333333333335,0.5000000000000002,0.04613018035888672,0.010986328125,-0.0|1.0,-0.0|1.0,2,2,0.3364703720221283,0.492892496880485,0.051859140396118164,0.009402990341186523,56,15,0.01967|0.97637|0.99454,0.01967|0.99454,3,2
7500,10,2,17,-7.401486830834381e-17,0.0,0.0,0.046677589416503906,0.003771543502807617,-0.0,-0.0,1,1,0.003026329082312626,0.003026329082312626,0.045392513275146484,0.002712249755859375,56,2,-0.00303,-0.00303,1,1
7500,11,22,59,-2.9605947323337516e-16,0.0,0.0,0.04606914520263672,0.021526336669921875,-0.0,-0.0,1,1,0.032162045944862425,0.032162045944862425,0.04369807243347168,0.010410308837890625,56,15,0.03216,0.03216,1,1
7500,12,29,10,0.0,0.0,0.0,0.046135902404785156,0.0034554004669189453,0.0,0.0,1,1,0.012563666301850076,0.0016704221705033547,0.04402351379394531,0.0027534961700439453,56,2,-0.02346|-0.00167,-0.00167,2,1
7500,13,41,51,1.9721522630525296e-32,0.0,0.0,0.04825544357299805,0.022191524505615234,0.0,0.0,1,1,0.012908201904537555,0.012908201904537555,0.04992365837097168,0.018523454666137695,56,23,-0.01291,-0.01291,1,1
7500,14,6,28,0.0,0.0,0.0,0.04517197608947754,0.0034584999084472656,0.0,0.0,1,1,0.007290536117917745,0.005748962298277926,0.04446530342102051,0.0027446746826171875,56,2,-0.00883|-0.00575,-0.00575,2,1
7500,15,51,46,-4.022547190670859e-17,0.0,0.0,0.04529571533203125,0.018100500106811523,-0.0,-0.0,1,1,0.051035209861005376,0.051035209861005376,0.046469926834106445,0.02302718162536621,56,20,0.05104,0.05104,1,1
7500,16,55,29,1.6062801207342691e-16,0.0,0.0,0.049826622009277344,0.020106077194213867,0.0,0.0,1,1,0.015368278205773698,0.015368278205773698,0.05602526664733887,0.02485799789428711,56,21,-0.01537,-0.01537,1,1
7500,17,37,28,0.0,0.0,0.0,0.05141568183898926,0.004242897033691406,0.0,0.0,1,1,0.003301357475003742,0.001690895709803751,0.04758596420288086,0.0030069351196289062,56,2,-0.00491|-0.00169,-0.00169,2,1
7500,18,16,44,-1.9721522630525302e-32,0.0,0.0,0.04286456108093262,0.005092144012451172,-0.0,-0.0,1,1,0.03002821184271642,0.03002821184271642,0.03992176055908203,0.004310131072998047,56,10,0.03003,0.03003,1,1
7500,19,30,15,0.0,0.0,0.0,0.03737306594848633,0.0049285888671875,0.0,0.0,1,1,0.003320677601038667,0.003320677601038667,0.040808677673339844,0.00567626953125,56,7,0.00332,0.00332,1,1
7500,20,43,3,0.0,0.0,0.0,0.04111123085021973,0.0044748783111572266,0.0,0.0,1,1,0.031197712368242182,0.031197712368242182,0.04074907302856445,0.0036356449127197266,56,6,0.0312,0.0312,1,1
7500,21,19,35,-6.162975822039155e-33,0.0,0.0,0.040787696838378906,0.008568286895751953,-0.0,-0.0,1,1,0.009812006140591353,0.009812006140591353,0.04064345359802246,0.00775146484375,56,12,-0.00981,-0.00981,1,1
7500,22,4,37,0.0,0.0,0.0,0.03498363494873047,0.0031774044036865234,0.0,0.0,1,1,0.0032217444624816627,0.0030630606695070672,0.04120969772338867,0.0029363632202148438,56,2,-0.00338|-0.00306,-0.00306,2,1
7500,23,56,33,1.6653345369377348e-16,0.0,0.0,0.04013776779174805,0.004777669906616211,0.0,0.0,1,1,0.000500908343509494,0.000500908343509494,0.04455113410949707,0.004263162612915039,56,8,0.0005,0.0005,1,1
7500,24,27,55,3.172065784643304e-17,0.0,0.0,0.10632848739624023,0.01920628547668457,0.0,0.0,1,1,0.085579258882752,0.085579258882752,0.03914213180541992,0.018192529678344727,56,24,0.08558,0.08558,1,1
7500,25,45,24,0.0,0.0,0.0,0.04124188423156738,0.013261556625366211,0.0,0.0,1,1,0.0011238717613679336,0.0011238717613679336,0.03845095634460449,0.012586593627929688,56,18,-0.00112,-0.00112,1,1
7500,26,55,4,1.0866012581437702e-16,0.0,0.0,0.038465023040771484,0.021609783172607422,0.0,0.0,1,1,0.03190716169894265,0.03190716169894265,0.03403186798095703,0.01689934730529785,56,21,-0.03191,-0.03191,1,1
7500,27,14,17,0.0,0.0,0.0,0.033628225326538086,0.0032663345336914062,0.0,0.0,1,1,0.014930349450128395,0.014930349450128395,0.0376129150390625,0.0024623870849609375,56,2,-0.01493,-0.01493,1,1
7500,28,35,14,0.0,0.0,0.0,0.03819632530212402,0.004205942153930664,0.0,0.0,1,1,0.0032360720323577354,0.0032360720323577354,0.037917375564575195,0.003139972686767578,56,4,0.00324,0.00324,1,1
7500,29,37,43,0.0,0.0,0.0,0.03993582725524902,0.004194974899291992,0.0,0.0,1,1,0.005261106981560348,0.0023046740941878997,0.03856086730957031,0.0035266876220703125,56,6,-0.00822|-0.0023,-0.0023,2,1
7500,30,33,58,1.0,0.0,0.0,0.03900480270385742,0.0065381526947021484,1.0,1.0,1,1,0.022958985119995612,0.022958985119995612,0.03806352615356445,0.005427837371826172,56,14,0.97704,0.97704,1,1
7500,31,56,35,1.6653345369377348e-16,0.0,0.0,0.03858780860900879,0.004877328872680664,0.0,0.0,1,1,0.034869554384086815,0.034869554384086815,0.04052090644836426,0.003883838653564453,56,8,-0.03487,-0.03487,1,1
7500,32,41,57,0.0,0.0,0.0,0.04166221618652344,0.005330801010131836,0.0,0.0,1,1,0.033288293786512706,0.033288293786512706,0.0389704704284668,0.004664182662963867,56,9,-0.03329,-0.03329,1,1
7500,33,44,26,0.0,0.0,0.0,0.04122185707092285,0.0056552886962890625,0.0,0.0,1,1,0.0012301618848617425,0.0012301618848617425,0.0391535758972168,0.004888296127319336,56,6,-0.00123,-0.00123,1,1
7500,34,18,17,0.0,0.0,0.0,0.039312124252319336,0.003134489059448242,0.0,0.0,1,1,0.01341780530987799,0.0062682824202674094,0.03899025917053223,0.002599000930786133,56,2,-0.02732|-0.00666|-0.00627,-0.00627,3,1
7500,35,8,50,0.0,0.0,0.0,0.0399169921875,0.003928422927856445,0.0,0.0,1,1,0.00326065465346167,0.00326065465346167,0.04044747352600098,0.0031468868255615234,56,4,-0.00326,-0.00326,1,1
7500,36,59,34,-8.247371040072592e-16,0.0,0.0,0.0387883186340332,0.011785745620727539,-0.0,-0.0,1,1,0.01868038301604812,0.01868038301604812,0.03856992721557617,0.011168479919433594,56,19,0.01868,0.01868,1,1
7500,37,8,56,0.0,0.0,0.0,0.03945183753967285,0.004390239715576172,0.0,0.0,1,1,0.0014230653849657473,0.0014230653849657473,0.039164066314697266,0.003693819046020508,56,7,-0.00142,-0.00142,1,1
7500,38,46,10,0.0,0.0,0.0,0.03967165946960449,0.0031304359436035156,0.0,0.0,1,1,0.010480443499783693,0.00045173912767727635,0.03934931755065918,0.0025186538696289062,56,2,-0.02051|-0.00045,-0.00045,2,1
7500,39,9,30,0.0,0.0,0.0,0.04079794883728027,0.006621122360229492,0.0,0.0,1,1,0.009343240284598972,0.009343240284598972,0.03922748565673828,0.0054628849029541016,56,8,-0.00934,-0.00934,1,1
7500,40,42,31,0.0,0.0,0.0,0.038461923599243164,0.0033152103424072266,0.0,0.0,1,1,0.004050534176113989,0.003240290138273957,0.0413823127746582,0.0027031898498535156,56,2,-0.00486|-0.00324,-0.00324,2,1
7500,41,14,37,0.0,0.0,0.0,0.040868282318115234,0.008971214294433594,0.0,0.0,1,1,0.00788761862695507,0.00788761862695507,0.035324811935424805,0.0027916431427001953,56,2,0.00789,0.00789,1,1
7500,42,28,42,0.0,0.0,0.0,0.039423227310180664,0.0031599998474121094,0.0,0.0,1,1,0.0038747396745463835,0.0031661711035086827,0.04008960723876953,0.0024886131286621094,56,2,-0.00458|-0.00317,-0.00317,2,1
7500,43,9,50,0.0,0.0,0.0,0.04123640060424805,0.004285097122192383,0.0,0.0,1,1,0.03220428778360092,0.03220428778360092,0.040252685546875,0.0036661624908447266,56,6,0.0322,0.0322,1,1
7500,44,1,11,0.0,0.0,0.0,0.035108327865600586,0.0033397674560546875,0.0,0.0,1,1,0.008473151918656052,0.006288269016031659,0.04337811470031738,0.0026242733001708984,56,2,-0.00111|0.00629|0.01201|0.01448,0.00629,4,1
7500,45,48,26,0.0,0.0,0.0,0.040007591247558594,0.003984689712524414,0.0,0.0,1,1,0.0033146406251266707,0.0033146406251266707,0.03967618942260742,0.0032248497009277344,56,4,0.00331,0.00331,1,1
7500,46,19,32,-6.162975822039155e-33,0.0,0.0,0.042034149169921875,0.008749961853027344,-0.0,-0.0,1,1,0.008115698925017274,0.008115698925017274,0.040117740631103516,0.008061408996582031,56,12,-0.00812,-0.00812,1,1
7500,47,36,20,0.0,0.0,0.0,0.041796207427978516,0.009839534759521484,0.0,0.0,1,1,0.007822800282695403,0.007822800282695403,0.0403141975402832,0.018752098083496094,56,15,0.00782,0.00782,1,1
7500,48,30,26,0.0,0.0,0.0,0.04076385498046875,0.006023406982421875,0.0,0.0,1,1,0.020484645393287173,0.020484645393287173,0.04023551940917969,0.005196571350097656,56,4,0.02048,0.02048,1,1
7500,49,19,33,-6.162975822039155e-33,0.0,0.0,0.04076337814331055,0.008576631546020508,-0.0,-0.0,1,1,0.022846942739191533,0.022846942739191533,0.03958415985107422,0.008008241653442383,56,12,0.02285,0.02285,1,1
7500,50,43,7,0.0,0.0,0.0,0.0402524471282959,0.004157066345214844,0.0,0.0,1,1,0.003916485654624235,0.003916485654624235,0.0342564582824707,0.0036351680755615234,56,6,-0.00392,-0.00392,1,1
7500,51,26,7,0.0,0.0,0.0,0.04290008544921875,0.003167390823364258,0.0,0.0,1,1,0.0058940510872599605,0.0031912737561859126,0.03951382637023926,0.0026464462280273438,56,2,-0.0086|-0.00319,-0.00319,2,1
7500,52,10,41,0.0,0.0,0.0,0.03928661346435547,0.004505634307861328,0.0,0.0,1,1,0.0024098676797745886,0.0024098676797745886,0.040116310119628906,0.0036923885345458984,56,5,-0.00241,-0.00241,1,1
7500,53,41,16,0.0,0.0,0.0,0.04100298881530762,0.0052530765533447266,0.0,0.0,1,1,0.008947754522819299,0.008947754522819299,0.0398249626159668,0.004974842071533203,56,9,0.00895,0.00895,1,1
7500,54,18,20,1.0000000000000002,0.3333333333333332,0.2499999999999999,0.04028916358947754,0.00867772102355957,1.0|1.5,1.0|1.5,2,2,0.3358124416254193,0.2669374504109327,0.03999829292297363,0.008185386657714844,56,11,0.963|1.47356|1.49687,0.963|1.49687,3,2
7500,55,49,43,0.0,0.0,0.0,0.03975701332092285,0.00463557243347168,0.0,0.0,1,1,0.019767707270513798,0.019767707270513798,0.04143810272216797,0.005968332290649414,56,8,0.01977,0.01977,1,1
7500,56,45,17,0.0,0.0,0.0,0.03520512580871582,0.013640403747558594,0.0,0.0,1,1,0.013245652668494293,0.013245652668494293,0.04014849662780762,0.0197904109954834,56,18,0.01325,0.01325,1,1
7500,57,4,14,0.0,0.0,0.0,0.04205679893493652,0.0034956932067871094,0.0,0.0,1,1,0.0026315345887818068,0.0007097581464683102,0.040975093841552734,0.002566814422607422,56,2,0.00071|0.00455,0.00071,2,1
7500,58,11,57,0.0,0.0,0.0,0.039253950119018555,0.004521846771240234,0.0,0.0,1,1,0.007381466362096993,0.0025111735379384553,0.0406191349029541,0.0035681724548339844,56,6,0.00251|0.01225,0.00251,2,1
7500,59,11,20,0.0,6.661338147750938e-17,1.3322676295501876e-16,0.035536766052246094,0.008674860000610352,-0.0,-0.0,1,1,0.015432727258173833,0.0022878466763246153,0.04120779037475586,0.013678312301635742,56,12,-0.02858|-0.00229,-0.00229,2,1
7500,60,35,3,0.0,0.0,0.0,0.04082751274108887,0.004122495651245117,0.0,0.0,1,1,0.013634412298295581,0.013634412298295581,0.039771080017089844,0.0032813549041748047,56,4,-0.01363,-0.01363,1,1
7500,61,49,53,0.0,0.0,0.0,0.04039788246154785,0.004714250564575195,0.0,0.0,1,1,0.0029375257219917766,0.0029375257219917766,0.0414121150970459,0.004090547561645508,56,7,0.00294,0.00294,1,1
7500,62,8,7,0.0,0.0,0.0,0.04055643081665039,0.003205537796020508,0.0,0.0,1,1,0.005337775793677893,0.005337775793677893,0.03524589538574219,0.0025162696838378906,56,2,0.00534,0.00534,1,1
7500,63,14,47,0.0,0.0,0.0,0.04108428955078125,0.004842281341552734,0.0,0.0,1,1,0.011368720355884362,0.011368720355884362,0.0453798770904541,0.004059314727783203,56,6,-0.01137,-0.01137,1,1
7500,64,30,55,0.0,0.0,0.0,0.04070329666137695,0.017902135848999023,0.0,0.0,1,1,0.004774087344058006,0.004774087344058006,0.03977155685424805,0.017881393432617188,56,22,-0.00477,-0.00477,1,1
7500,65,8,30,0.0,0.0,0.0,0.04128456115722656,0.003949403762817383,0.0,0.0,1,1,0.00028664143955506517,0.00028664143955506517,0.04136991500854492,0.003218412399291992,56,4,0.00029,0.00029,1,1
7500,66,30,57,1.7763568394002506e-16,0.0,0.0,0.040720462799072266,0.007335662841796875,0.0,0.0,1,1,0.06588714952700682,0.06588714952700682,0.03999781608581543,0.007185697555541992,56,8,-0.06589,-0.06589,1,1
7500,67,56,22,3.885780586188048e-16,0.0,0.0,0.0406796932220459,0.005605459213256836,0.0,0.0,1,1,0.00039609035074608114,0.00039609035074608114,0.04009604454040527,0.004973888397216797,56,11,0.0004,0.0004,1,1
7500,68,9,32,0.0,0.0,0.0,0.04015493392944336,0.006736040115356445,0.0,0.0,1,1,0.02055339867691725,0.02055339867691725,0.04206228256225586,0.0060880184173583984,56,7,-0.02055,-0.02055,1,1
7500,69,51,46,-4.022547190670859e-17,0.0,0.0,0.03677940368652344,0.013599872589111328,-0.0,-0.0,1,1,0.006301199683464005,0.006301199683464005,0.0403897762298584,0.01890850067138672,56,20,0.0063,0.0063,1,1
7500,70,14,9,0.0,0.0,0.0,0.04055643081665039,0.0041239261627197266,0.0,0.0,1,1,0.0125320828671141,0.0125320828671141,0.039597511291503906,0.003403186798095703,56,5,-0.01253,-0.01253,1,1
7500,71,10,34,0.9999999999999998,0.0,0.0,0.1062772274017334,0.009018659591674805,1.0,1.0,1,1,0.020665986638601308,0.020665986638601308,0.03874707221984863,0.008292198181152344,56,13,0.97933,0.97933,1,1
7500,72,58,60,-8.171241461241152e-15,0.0,0.0,0.039435625076293945,0.02671074867248535,-0.0,-0.0,1,1,0.018196511246035267,0.018196511246035267,0.0392606258392334,0.025926828384399414,56,38,-0.0182,-0.0182,1,1
7500,73,12,57,1.0271626370065225e-33,0.0,0.0,0.0375666618347168,0.004432201385498047,0.0,0.0,1,1,0.011779199445109911,0.011779199445109911,0.03802633285522461,0.0038149356842041016,56,8,0.01178,0.01178,1,1
7500,74,26,27,0.0,0.3333333333333333,0.3333333333333333,0.03765106201171875,0.006068706512451172,0.0|0.66667,0.0|0.66667,2,2,0.3525074164323049,0.3525074164323049,0.037915706634521484,0.005145072937011719,56,7,-0.03616|0.66886,-0.03616|0.66886,2,2
7500,75,1,14,0.0,0.0,0.0,0.03442525863647461,0.003203153610229492,0.0,0.0,1,1,0.019470678018077024,0.007972611291745304,0.03909444808959961,0.0024771690368652344,56,2,-0.03701|-0.02623|-0.00797|-0.00666,-0.00797,4,1
7500,76,28,41,0.0,0.0,0.0,0.03731369972229004,0.004569530487060547,0.0,0.0,1,1,0.0011776633253347908,0.0016587411010142799,0.03747081756591797,0.004113435745239258,56,5,-0.00166|-0.0007,-0.00166,2,1
7500,77,56,35,1.6653345369377348e-16,0.0,0.0,0.03961801528930664,0.00458979606628418,0.0,0.0,1,1,0.014764670217847291,0.014764670217847291,0.0386962890625,0.0038404464721679688,56,8,-0.01476,-0.01476,1,1
7500,78,36,51,1.9721522630525296e-32,0.0,0.0,0.03930997848510742,0.014678239822387695,0.0,0.0,1,1,0.008408900502416525,0.008408900502416525,0.037489891052246094,0.024443864822387695,56,23,-0.00841,-0.00841,1,1
7500,79,29,41,0.0,0.0,0.0,0.041451215744018555,0.004632711410522461,0.0,0.0,1,1,0.009356364073948775,0.0014728349869675514,0.03984975814819336,0.0036363601684570312,56,5,0.00147|0.01724,0.00147,2,1
7500,80,15,56,1.903239470785983e-16,0.0,0.0,0.04278421401977539,0.0061185359954833984,0.0,0.0,1,1,0.00422262187436257,0.00422262187436257,0.044699907302856445,0.005009889602661133,56,9,0.00422,0.00422,1,1
7500,81,32,9,0.0,0.0,0.0,0.03547835350036621,0.005876302719116211,0.0,0.0,1,1,0.016134539167968774,0.016134539167968774,0.039658308029174805,0.009664773941040039,56,7,-0.01613,-0.01613,1,1
7500,82,24,37,0.0,0.0,0.0,0.0386049747467041,0.003135204315185547,0.0,0.0,1,1,0.002972859080245578,0.002972859080245578,0.03853273391723633,0.00249481201171875,56,2,0.00297,0.00297,1,1
7500,83,32,42,0.0,0.0,0.0,0.03974342346191406,0.0038928985595703125,0.0,0.0,1,1,0.015338452039827047,0.015338452039827047,0.039899349212646484,0.003178834915161133,56,4,-0.01534,-0.01534,1,1
7500,84,49,27,0.0,0.0,0.0,0.03974342346191406,0.004945993423461914,0.0,0.0,1,1,0.004727429038729755,0.004727429038729755,0.03835630416870117,0.0038788318634033203,56,9,0.00473,0.00473,1,1
7500,85,26,47,-8.217301096052206e-33,2.775557561562891e-17,5.551115123125782e-17,0.04011988639831543,0.004700899124145508,-0.0,-0.0,1,1,0.005444693157099984,0.0012259732554035108,0.039319753646850586,0.004050493240356445,56,6,0.00123|0.00966,0.00123,2,1
7500,86,7,59,0.0,0.0,0.0,0.038999319076538086,0.007588386535644531,0.0,0.0,1,1,0.010407852913810814,0.008672432829428164,0.04002809524536133,0.007065296173095703,56,12,-0.012|-0.01055|-0.00867,-0.00867,3,1
7500,87,7,28,0.0,0.0,0.0,0.03522849082946777,0.0030946731567382812,0.0,0.0,1,1,0.011389768256835993,0.00923587920095805,0.03989100456237793,0.002466917037963867,56,2,0.00924|0.01112|0.01382,0.00924,3,1
7500,88,11,1,0.0,0.0,0.0,0.03912353515625,0.0034635066986083984,0.0,0.0,1,1,0.0010179811787857282,0.0007918549376610235,0.039937734603881836,0.0025696754455566406,56,2,-0.00079|0.00124,-0.00079,2,1
7500,89,12,32,1.5407439555097887e-32,0.0,0.0,0.04040956497192383,0.00444340705871582,0.0,0.0,1,1,0.007548115677930238,0.007548115677930238,0.03991985321044922,0.003428220748901367,56,6,0.00755,0.00755,1,1
7500,90,47,28,0.0,0.0,0.0,0.039600372314453125,0.007468700408935547,0.0,0.0,1,1,0.015551813751886884,0.015551813751886884,0.03943610191345215,0.004336118698120117,56,6,-0.01555,-0.01555,1,1
7500,91,10,37,0.0,0.0,0.0,0.04058575630187988,0.003221273422241211,0.0,0.0,1,1,0.002187665719715433,0.002187665719715433,0.03948974609375,0.0025031566619873047,56,2,-0.00219,-0.00219,1,1
7500,92,28,34,0.0,0.0,0.0,0.04255938529968262,0.015448331832885742,0.0,0.0,1,1,0.0027873922929909922,0.001156568469123937,0.03437185287475586,0.009549379348754883,56,14,-0.00116|0.00442,-0.00116,2,1
7500,93,2,40,-1.110223024625157e-16,0.0,0.0,0.0397491455078125,0.003190755844116211,-0.0,-0.0,1,1,0.009726977675819874,0.009726977675819874,0.0393064022064209,0.0025146007537841797,56,2,0.00973,0.00973,1,1
7500,94,49,22,0.0,0.0,0.0,0.03911924362182617,0.005141735076904297,0.0,0.0,1,1,0.0155615682477963,0.0155615682477963,0.043787240982055664,0.0045621395111083984,56,9,-0.01556,-0.01556,1,1
7500,95,24,21,0.0,0.0,0.0,0.04342198371887207,0.0033273696899414062,0.0,0.0,1,1,0.007895090367615175,0.007895090367615175,0.03717780113220215,0.008331775665283203,56,2,0.0079,0.0079,1,1
7500,96,57,6,1.4538634846281812e-16,0.0,0.0,0.042298078536987305,0.0061299800872802734,0.0,0.0,1,1,0.015935787718939484,0.015935787718939484,0.03987383842468262,0.005581378936767578,56,8,-0.01594,-0.01594,1,1
7500,97,22,17,1.848892746611747e-32,0.0,0.0,0.040966033935546875,0.0048296451568603516,0.0,0.0,1,1,0.012905927013197723,0.012905927013197723,0.039637088775634766,0.004091739654541016,56,7,-0.01291,-0.01291,1,1
7500,98,2,40,-1.110223024625157e-16,0.0,0.0,0.03496694564819336,0.003122091293334961,-0.0,-0.0,1,1,0.014860340277863258,0.014860340277863258,0.03995108604431152,0.002480745315551758,56,2,-0.01486,-0.01486,1,1
7500,99,23,18,0.0,0.0,0.0,0.04004073143005371,0.003207683563232422,0.0,0.0,1,1,0.010536532690590005,0.010536532690590005,0.0399775505065918,0.002538919448852539,56,2,0.01054,0.01054,1,1
10000,0,44,7,0.0,0.0,0.0,0.04014277458190918,0.00422358512878418,0.0,0.0,1,1,0.008413765737407238,0.008413765737407238,0.03973245620727539,0.003622770309448242,56,6,-0.00841,-0.00841,1,1
10000,1,16,51,1.9999999999999993,0.0,0.0,0.04171609878540039,0.012485504150390625,2.0,2.0,1,1,0.004186495617514607,0.004186495617514607,0.04002737998962402,0.016915082931518555,56,19,2.00419,2.00419,1,1
10000,2,31,46,0.0,0.0,0.0,0.03902626037597656,0.0033817291259765625,0.0,0.0,1,1,0.00164254146361436,0.00164254146361436,0.04453134536743164,0.0025763511657714844,56,2,0.00164,0.00164,1,1
10000,3,46,21,0.0,0.0,0.0,0.04041028022766113,0.0031549930572509766,0.0,0.0,1,1,0.005335740154042063,0.004255935193571582,0.04050636291503906,0.0029134750366210938,56,2,-0.00642|-0.00426,-0.00426,2,1
10000,4,5,42,0.0,0.0,0.0,0.03577852249145508,0.0031998157501220703,0.0,0.0,1,1,0.011265763591419623,0.011265763591419623,0.04082083702087402,0.002459287643432617,56,2,-0.01127,-0.01127,1,1
10000,5,37,56,0.0,0.0,0.0,0.04073643684387207,0.0043811798095703125,0.0,0.0,1,1,0.0006752764316664137,0.001028575967459324,0.0429537296295166,0.003734111785888672,56,7,-0.00032|0.00103,0.00103,2,1
10000,6,37,28,0.0,0.0,0.0,0.03965950012207031,0.003381013870239258,0.0,0.0,1,1,0.0035062950324951814,0.0015442807164474735,0.042693376541137695,0.002744436264038086,56,2,-0.00547|0.00154,0.00154,2,1
10000,7,12,49,0.0,0.0,0.0,0.04239845275878906,0.004086971282958984,0.0,0.0,1,1,0.01572195795560605,0.01572195795560605,0.04096627235412598,0.003753185272216797,56,6,0.01572,0.01572,1,1
10000,8,34,29,0.0,0.0,0.0,0.04007411003112793,0.010084152221679688,0.0,0.0,1,1,0.010808120684783182,0.010808120684783182,0.039812326431274414,0.009648561477661133,56,14,-0.01081,-0.01081,1,1
10000,9,57,29,0.0,0.0,0.0,0.0413355827331543,0.006346940994262695,0.0,0.0,1,1,0.03203382069606293,0.03203382069606293,0.04057574272155762,0.005105495452880859,56,6,0.03203,0.03203,1,1
10000,10,35,49,0.0,0.0,0.0,0.04334664344787598,0.0043942928314208984,0.0,0.0,1,1,0.012915778282208504,0.012915778282208504,0.04619455337524414,0.003561258316040039,56,6,0.01292,0.01292,1,1
10000,11,36,1,0.0,0.0,0.0,0.04084587097167969,0.004857778549194336,0.0,0.0,1,1,0.009169000213571952,0.009169000213571952,0.04084157943725586,0.0037059783935546875,56,5,0.00917,0.00917,1,1
10000,12,44,12,6.162975822039155e-33,0.0,0.0,0.04058504104614258,0.004733085632324219,0.0,0.0,1,1,0.011543184978811016,0.011543184978811016,0.04088473320007324,0.004048585891723633,56,8,-0.01154,-0.01154,1,1
10000,13,60,22,-3.859399048969233e-15,0.0,0.0,0.0413668155670166,0.02960658073425293,-0.0,-0.0,1,1,0.01428788382802436,0.01428788382802436,0.04114723205566406,0.02366328239440918,56,33,-0.01429,-0.01429,1,1
10000,14,32,10,0.0,0.0,0.0,0.04385685920715332,0.004011869430541992,0.0,0.0,1,1,0.01782478253323497,0.01782478253323497,0.03540444374084473,0.010007381439208984,56,4,-0.01782,-0.01782,1,1
10000,15,12,29,0.0,0.0,0.0,0.03961801528930664,0.003857135772705078,0.0,0.0,1,1,0.0024931823010587344,0.0024931823010587344,0.0397951602935791,0.0031185150146484375,56,4,0.00249,0.00249,1,1
10000,16,34,1,-4.302114220422482e-16,0.0,0.0,0.03987836837768555,0.00850367546081543,-0.0,-0.0,1,1,0.023587420697038133,0.023587420697038133,0.03989601135253906,0.007939577102661133,56,13,-0.02359,-0.02359,1,1
10000,17,33,15,0.0,0.0,0.0,0.04100751876831055,0.010982513427734375,0.0,0.0,1,1,0.01043979573420819,0.01043979573420819,0.03441619873046875,0.004874706268310547,56,7,-0.01044,-0.01044,1,1
10000,18,12,57,1.0271626370065225e-33,0.0,0.0,0.10661482810974121,0.00465846061706543,0.0,0.0,1,1,0.015534501048778186,0.015534501048778186,0.03908991813659668,0.0038297176361083984,56,8,-0.01553,-0.01553,1,1
10000,19,58,14,-7.327471962526033e-16,0.0,0.0,0.038808345794677734,0.007172346115112305,-0.0,-0.0,1,1,0.002892977857392566,0.002892977857392566,0.04035329818725586,0.006418704986572266,56,14,-0.00289,-0.00289,1,1
10000,20,9,1,0.0,0.0,0.0,0.03882575035095215,0.005806922912597656,0.0,0.0,1,1,0.005073703586084758,0.005073703586084758,0.034673213958740234,0.010235786437988281,56,5,0.00507,0.00507,1,1
10000,21,60,22,-3.859399048969233e-15,0.0,0.0,0.04383516311645508,0.02323770523071289,-0.0,-0.0,1,1,0.005572267814728609,0.005572267814728609,0.038483619689941406,0.02767014503479004,56,33,0.00557,0.00557,1,1
10000,22,7,45,2.0,0.3333333333333333,0.5,0.034421443939208984,0.018358469009399414,1.0|2.0,1.0|2.0,2,2,0.3379631362300532,0.49722229169650445,0.03942728042602539,0.013175249099731445,56,17,1.00837|2.00281|2.01944,1.00837|2.00281,3,2
10000,23,30,20,2.6645352591003756e-16,0.0,0.0,0.0381627082824707,0.009203910827636719,0.0,0.0,1,1,0.041014261389137475,0.041014261389137475,0.03751802444458008,0.008649826049804688,56,13,-0.04101,-0.04101,1,1
10000,24,28,17,0.0,0.0,0.0,0.03796553611755371,0.003111600875854492,0.0,0.0,1,1,0.010272456737692604,0.006581970357158569,0.03798961639404297,0.0024526119232177734,56,2,0.00658|0.01396,0.00658,2,1
10000,25,33,60,0.0,0.0,0.0,0.03897905349731445,0.025740623474121094,0.0,0.0,1,1,0.022425045271237655,0.022425045271237655,0.043428897857666016,0.02934098243713379,56,35,-0.02243,-0.02243,1,1
10000,26,2,6,-1.6653345369377356e-16,0.0,0.0,0.038641929626464844,0.0033998489379882812,-0.0,-0.0,1,1,0.0011464481150807154,0.0011464481150807154,0.03954815864562988,0.0030205249786376953,56,2,-0.00115,-0.00115,1,1
10000,27,56,33,1.6653345369377348e-16,0.0,0.0,0.03886270523071289,0.010033130645751953,0.0,0.0,1,1,0.028968864005844523,0.028968864005844523,0.03394436836242676,0.004065036773681641,56,8,0.02897,0.02897,1,1
10000,28,34,49,0.0,0.0,0.0,0.038839101791381836,0.010205507278442383,0.0,0.0,1,1,0.0011259466678076402,0.0011259466678076402,0.04193377494812012,0.0100250244140625,56,16,0.00113,0.00113,1,1
10000,29,15,7,1.2325951644078312e-32,0.0,0.0,0.03966665267944336,0.0044062137603759766,0.0,0.0,1,1,0.01261743134547756,0.01261743134547756,0.03903079032897949,0.003691434860229492,56,5,0.01262,0.01262,1,1
10000,30,46,55,0.0,0.5,0.5,0.04116392135620117,0.017083168029785156,0.0|1.0,0.0|1.0,2,2,0.5089274643723656,0.5089274643723656,0.03953099250793457,0.017869949340820312,56,22,-0.02948|0.98838,-0.02948|0.98838,2,2
10000,31,31,37,0.0,0.0,0.0,0.03988337516784668,0.003115415573120117,0.0,0.0,1,1,0.015047263881684491,0.015047263881684491,0.03431391716003418,0.00787043571472168,56,2,0.01505,0.01505,1,1
10000,32,45,58,-2.0189611299664886e-15,0.0,0.0,0.040804386138916016,0.020526409149169922,-0.0,-0.0,1,1,0.033198881248240907,0.033198881248240907,0.03965926170349121,0.027560710906982422,56,25,-0.0332,-0.0332,1,1
10000,33,46,36,0.0,0.0,0.0,0.041159868240356445,0.004311800003051758,0.0,0.0,1,1,0.0018732455952543828,0.0013674497191585784,0.040015220642089844,0.0036580562591552734,56,5,-0.00238|0.00137,0.00137,2,1
10000,34,26,47,-8.217301096052206e-33,2.775557561562891e-17,5.551115123125782e-17,0.03897428512573242,0.005185842514038086,-0.0,-0.0,1,1,0.0042648977458016706,0.001868110595959625,0.039760589599609375,0.003923654556274414,56,6,0.00187|0.00666,0.00187,2,1
10000,35,2,24,0.0,0.0,0.0,0.035222768783569336,0.0032384395599365234,0.0,0.0,1,1,0.006524946878867324,0.006524946878867324,0.04013991355895996,0.0024552345275878906,56,2,-0.00652,-0.00652,1,1
10000,36,49,28,0.0,0.0,0.0,0.0386810302734375,0.0038590431213378906,0.0,0.0,1,1,0.01680510255624753,0.01680510255624753,0.03982186317443848,0.0032355785369873047,56,4,-0.01681,-0.01681,1,1
10000,37,56,20,3.608224830031759e-16,0.0,0.0,0.041138410568237305,0.011562347412109375,0.0,0.0,1,1,0.04853718767482519,0.04853718767482519,0.04012274742126465,0.010590553283691406,56,16,0.04854,0.04854,1,1
10000,38,35,20,0.0,0.0,0.0,0.036388397216796875,0.009838342666625977,0.0,0.0,1,1,0.011211878672596065,0.011211878672596065,0.04017472267150879,0.017373323440551758,56,14,0.01121,0.01121,1,1
10000,39,49,48,0.0,0.0,0.0,0.04107522964477539,0.004111051559448242,0.0,0.0,1,1,0.017393039376192843,0.017393039376192843,0.039673566818237305,0.0032944679260253906,56,5,-0.01739,-0.01739,1,1
10000,40,3,19,0.0,0.0,0.0,0.03977179527282715,0.007713794708251953,0.0,0.0,1,1,0.008982269758589127,0.004449660950100414,0.03920149803161621,0.007158756256103516,56,10,-0.01351|-0.00445,-0.00445,2,1
10000,41,12,43,2.465190328815662e-32,0.0,0.0,0.04544806480407715,0.004521846771240234,0.0,0.0,1,1,0.011489183684371707,0.011489183684371707,0.03489995002746582,0.00947713851928711,56,8,0.01149,0.01149,1,1
10000,42,23,5,0.0,0.0,0.0,0.03913426399230957,0.0032176971435546875,0.0,0.0,1,1,0.0038455388008338453,0.0038455388008338453,0.039191246032714844,0.002447366714477539,56,2,-0.00385,-0.00385,1,1
10000,43,60,19,-1.653242999045778e-15,0.0,0.0,0.04028797149658203,0.024180889129638672,-0.0,-0.0,1,1,0.015740903696485155,0.015740903696485155,0.0425572395324707,0.023012399673461914,56,33,-0.01574,-0.01574,1,1
10000,44,33,45,0.0,0.0,0.0,0.039865732192993164,0.01695704460144043,0.0,0.0,1,1,0.01630867730641407,0.01630867730641407,0.04090452194213867,0.016096115112304688,56,20,0.01631,0.01631,1,1
10000,45,50,57,0.0,0.0,0.0,0.03938698768615723,0.006515979766845703,0.0,0.0,1,1,0.02269428939697393,0.02269428939697393,0.039171695709228516,0.005793571472167969,56,10,-0.02269,-0.02269,1,1
10000,46,50,56,2.7755575615628914e-17,0.0,0.0,0.0393068790435791,0.006865501403808594,0.0,0.0,1,1,0.015590973205429723,0.015590973205429723,0.03935980796813965,0.006285429000854492,56,10,-0.01559,-0.01559,1,1
10000,47,32,27,0.0,0.0,0.0,0.0415501594543457,0.008443832397460938,0.0,0.0,1,1,0.018298228742466522,0.018298228742466522,0.04055643081665039,0.005315303802490234,56,8,0.0183,0.0183,1,1
10000,48,5,26,0.0,0.0,0.0,0.04326963424682617,0.0033922195434570312,0.0,0.0,1,1,0.0008665221057239818,0.0008665221057239818,0.04376482963562012,0.002758502960205078,56,2,-0.00087,-0.00087,1,1
10000,49,31,6,0.0,0.0,0.0,0.04095935821533203,0.0031545162200927734,0.0,0.0,1,1,0.0007915699766931465,0.0007915699766931465,0.040563106536865234,0.002836942672729492,56,2,-0.00079,-0.00079,1,1
10000,50,15,14,0.0,0.0,0.0,0.04014897346496582,0.007051944732666016,0.0,0.0,1,1,0.013336172364687815,0.013336172364687815,0.04022526741027832,0.0036940574645996094,56,5,-0.01334,-0.01334,1,1
10000,51,12,43,2.465190328815662e-32,0.0,0.0,0.04063558578491211,0.004498481750488281,0.0,0.0,1,1,0.02566746964604647,0.02566746964604647,0.042682647705078125,0.003753662109375,56,8,0.02567,0.02567,1,1
10000,52,46,56,0.0,0.0,0.0,0.04052376747131348,0.009748458862304688,0.0,0.0,1,1,0.0021481039674722787,0.0007651199414279715,0.03480887413024902,0.007796287536621094,56,7,-0.00353|0.00077,0.00077,2,1
10000,53,9,25,-1.9721522630525296e-32,0.0,0.0,0.04101395606994629,0.004537105560302734,-0.0,-0.0,1,1,0.008305861089310598,0.008305861089310598,0.04011702537536621,0.004201412200927734,56,8,-0.00831,-0.00831,1,1
10000,54,49,40,0.0,0.0,0.0,0.04038405418395996,0.003996610641479492,0.0,0.0,1,1,0.012664282380870267,0.012664282380870267,0.040142059326171875,0.0034477710723876953,56,4,0.01266,0.01266,1,1
10000,55,21,6,0.0,0.0,0.0,0.03561735153198242,0.0031685829162597656,0.0,0.0,1,1,0.0073585447803222485,0.0073585447803222485,0.041365861892700195,0.0024716854095458984,56,2,-0.00736,-0.00736,1,1
10000,56,27,60,2.3473286806360452e-15,0.0,0.0,0.0402064323425293,0.028215646743774414,0.0,0.0,1,1,0.04545370810747848,0.04545370810747848,0.04767274856567383,0.03391718864440918,56,35,0.04545,0.04545,1,1
10000,57,47,49,0.0,0.0,0.0,0.03473210334777832,0.005290985107421875,0.0,0.0,1,1,0.002245024265863615,0.002245024265863615,0.039813995361328125,0.0041501522064208984,56,8,0.00225,0.00225,1,1
10000,58,56,44,4.480542920808667e-16,0.0,0.0,0.04227137565612793,0.009859085083007812,0.0,0.0,1,1,0.0003430395087385271,0.0003430395087385271,0.03989839553833008,0.01144099235534668,56,12,-0.00034,-0.00034,1,1
10000,59,50,2,0.0,0.0,0.0,0.04220700263977051,0.0041048526763916016,0.0,0.0,1,1,0.003926000059573411,0.003926000059573411,0.04096102714538574,0.003214120864868164,56,4,0.00393,0.00393,1,1
10000,60,36,48,0.0,0.0,0.0,0.03511476516723633,0.004714488983154297,0.0,0.0,1,1,0.018168062615089867,0.018168062615089867,0.040952205657958984,0.004021406173706055,56,7,0.01817,0.01817,1,1
10000,61,30,19,2.6645352591003756e-16,0.0,0.0,0.041162729263305664,0.008102655410766602,0.0,0.0,1,1,0.027257278882046848,0.027257278882046848,0.04096555709838867,0.007213592529296875,56,11,-0.02726,-0.02726,1,1
10000,62,43,23,0.0,0.0,0.0,0.03962993621826172,0.004718303680419922,0.0,0.0,1,1,0.023040761414840193,0.023040761414840193,0.039789676666259766,0.003662109375,56,6,-0.02304,-0.02304,1,1
10000,63,20,53,8.326672684688676e-16,0.0,0.0,0.04151439666748047,0.015053272247314453,0.0,0.0,1,1,0.009409404308838012,0.009409404308838012,0.03576207160949707,0.009131669998168945,56,14,-0.00941,-0.00941,1,1
10000,64,14,49,0.0,0.0,0.0,0.10487127304077148,0.004175901412963867,0.0,0.0,1,1,0.0041584239431074746,0.0041584239431074746,0.04159426689147949,0.0031037330627441406,56,4,-0.00416,-0.00416,1,1
10000,65,45,30,-2.796117247204098e-16,0.0,0.0,0.03933382034301758,0.013836383819580078,-0.0,-0.0,1,1,0.006501912518335707,0.006501912518335707,0.03800821304321289,0.0130157470703125,56,18,0.0065,0.0065,1,1
10000,66,19,47,4.440892098500626e-16,0.0,0.0,0.03801393508911133,0.008332252502441406,0.0,0.0,1,1,0.016424410024784633,0.016424410024784633,0.03874063491821289,0.007430553436279297,56,11,-0.01642,-0.01642,1,1
10000,67,21,6,0.0,0.0,0.0,0.039691925048828125,0.0034117698669433594,0.0,0.0,1,1,0.0013499668075642995,0.0013499668075642995,0.038019657135009766,0.002602100372314453,56,2,-0.00135,-0.00135,1,1
10000,68,28,34,0.0,0.0,0.0,0.03779244422912598,0.009948253631591797,0.0,0.0,1,1,0.007833346874032976,0.005269609421454522,0.038187265396118164,0.008846759796142578,56,14,-0.0104|-0.00527,-0.00527,2,1
10000,69,17,41,0.0,0.0,0.0,0.03921198844909668,0.00432276725769043,0.0,0.0,1,1,0.003417720588453556,0.003417720588453556,0.03896617889404297,0.003704547882080078,56,5,-0.00342,-0.00342,1,1
10000,70,41,50,0.0,0.0,0.0,0.0388031005859375,0.0051479339599609375,0.0,0.0,1,1,0.0032582677611760723,0.0032582677611760723,0.037928104400634766,0.004408359527587891,56,7,0.00326,0.00326,1,1
10000,71,40,32,0.0,0.0,0.0,0.03923153877258301,0.003957509994506836,0.0,0.0,1,1,0.006770299198603448,0.0065672904636988804,0.03921151161193848,0.0031604766845703125,56,4,-0.00697|-0.00657,-0.00657,2,1
10000,72,2,50,-3.88578058618805e-16,0.0,0.0,0.04255819320678711,0.003888368606567383,-0.0,-0.0,1,1,0.007809780942937905,0.007809780942937905,0.03959918022155762,0.00696873664855957,56,4,-0.00781,-0.00781,1,1
10000,73,53,17,0.0,0.0,0.0,0.04051351547241211,0.004379749298095703,0.0,0.0,1,1,0.017029477283963458,0.017029477283963458,0.038771867752075195,0.0036773681640625,56,5,-0.01703,-0.01703,1,1
10000,74,43,60,-5.921189464667501e-16,0.0,0.0,0.0381777286529541,0.02293109893798828,-0.0,-0.0,1,1,0.0482764720796612,0.0482764720796612,0.04085898399353027,0.02863144874572754,56,36,0.04828,0.04828,1,1
10000,75,10,36,0.0,0.0,0.0,0.04306507110595703,0.004282474517822266,0.0,0.0,1,1,0.0038346363843847443,0.0038346363843847443,0.039037227630615234,0.003674030303955078,56,5,0.00383,0.00383,1,1
10000,76,32,34,0.0,0.0,0.0,0.03880953788757324,0.011336326599121094,0.0,0.0,1,1,0.003411713540932014,0.003411713540932014,0.03923153877258301,0.011603832244873047,56,16,0.00341,0.00341,1,1
10000,77,60,30,1.881882988275513e-15,0.0,0.0,0.03984427452087402,0.0251309871673584,0.0,0.0,1,1,0.020606742837291137,0.020606742837291137,0.03941011428833008,0.024389028549194336,56,34,-0.02061,-0.02061,1,1
10000,78,32,50,0.0,0.0,0.0,0.038224220275878906,0.004481077194213867,0.0,0.0,1,1,0.022717283575456083,0.022717283575456083,0.04136013984680176,0.0036230087280273438,56,6,0.02272,0.02272,1,1
10000,79,28,17,0.0,0.0,0.0,0.04107999801635742,0.0031464099884033203,0.0,0.0,1,1,0.011753317709915174,0.0061263815262877965,0.03988528251647949,0.0025014877319335938,56,2,0.00613|0.01738,0.00613,2,1
10000,80,42,32,0.0,0.0,0.0,0.04028940200805664,0.004274606704711914,0.0,0.0,1,1,0.00748396814577933,0.00021793595104747213,0.03957772254943848,0.0031905174255371094,56,4,-0.00022|0.01475,-0.00022,2,1
10000,81,9,7,0.0,0.0,0.0,0.041433095932006836,0.004137277603149414,0.0,0.0,1,1,0.0012746445890818572,0.0012746445890818572,0.03970789909362793,0.0033292770385742188,56,5,-0.00127,-0.00127,1,1
10000,82,56,21,-3.96508223080413e-18,0.0,0.0,0.03444480895996094,0.0042345523834228516,-0.0,-0.0,1,1,0.00046937721076465984,0.00046937721076465984,0.039843082427978516,0.0035643577575683594,56,6,0.00047,0.00047,1,1
10000,83,44,9,0.0,0.0,0.0,0.03990912437438965,0.00722193717956543,0.0,0.0,1,1,0.036554856885937896,0.036554856885937896,0.040289878845214844,0.0063135623931884766,56,9,-0.03655,-0.03655,1,1
10000,84,29,56,0.0,0.0,0.0,0.039495229721069336,0.00453639030456543,0.0,0.0,1,1,0.00611561829044604,0.004373417982651012,0.04024171829223633,0.004334926605224609,56,7,0.00437|0.00786,0.00437,2,1
10000,85,56,9,3.608224830031759e-16,0.0,0.0,0.03542470932006836,0.008712291717529297,0.0,0.0,1,1,0.004134263868307813,0.004134263868307813,0.04054403305053711,0.013214111328125,56,11,0.00413,0.00413,1,1
10000,86,4,22,-1.3322676295501878e-16,0.0,0.0,0.039461612701416016,0.005118131637573242,-0.0,-0.0,1,1,0.00925749994051097,0.006236348220443547,0.03904914855957031,0.006333827972412109,56,7,-0.01228|-0.00624,-0.00624,2,1
10000,87,7,16,7.401486830834378e-17,0.0,0.0,0.04570150375366211,0.004180908203125,0.0,0.0,1,1,0.008092954147138386,0.004386623055146662,0.04312634468078613,0.0035135746002197266,56,6,-0.00024|0.00439|0.01966,0.00439,3,1
10000,88,53,5,0.0,0.0,0.0,0.03467273712158203,0.004466533660888672,0.0,0.0,1,1,0.004383347506290472,0.004383347506290472,0.03978896141052246,0.0038194656372070312,56,5,0.00438,0.00438,1,1
10000,89,48,19,0.0,0.0,0.0,0.04114341735839844,0.00794672966003418,0.0,0.0,1,1,0.0070856417698969484,0.0070856417698969484,0.03980088233947754,0.007231473922729492,56,12,-0.00709,-0.00709,1,1
10000,90,41,44,0.0,0.0,0.0,0.039003849029541016,0.007260799407958984,0.0,0.0,1,1,0.017077306100414285,0.017077306100414285,0.039613962173461914,0.006307363510131836,56,9,-0.01708,-0.01708,1,1
10000,91,12,3,0.0,0.0,0.0,0.04022336006164551,0.003922224044799805,0.0,0.0,1,1,0.026191287043141685,0.026191287043141685,0.0367283821105957,0.0031452178955078125,56,4,0.02619,0.02619,1,1
10000,92,21,36,1.0,0.0,0.0,0.03928422927856445,0.004346132278442383,1.0,1.0,1,1,0.005705706486734852,0.005705706486734852,0.03904461860656738,0.0033638477325439453,56,4,0.99429,0.99429,1,1
10000,93,12,19,1.0,0.0,0.0,0.04023456573486328,0.007476806640625,1.0,1.0,1,1,0.0029394741618631315,0.0029394741618631315,0.039960384368896484,0.0063629150390625,56,9,0.99706,0.99706,1,1
10000,94,7,26,0.0,0.0,0.0,0.035004377365112305,0.0034799575805664062,0.0,0.0,1,1,0.0024561677888771515,0.0008820079544336741,0.040256500244140625,0.002602100372314453,56,2,-0.00544|-0.00088|0.00105,-0.00088,3,1
10000,95,2,9,-2.997602166487924e-16,0.0,0.0,0.0426487922668457,0.004063606262207031,-0.0,-0.0,1,1,0.004133219871812545,0.004133219871812545,0.03965497016906738,0.0037620067596435547,56,5,-0.00413,-0.00413,1,1
10000,96,53,58,3.700743415417188e-17,0.0,0.0,0.04251885414123535,0.01070713996887207,0.0,0.0,1,1,0.018171752936785746,0.018171752936785746,0.04064321517944336,0.010082244873046875,56,18,0.01817,0.01817,1,1
10000,97,32,35,0.0,0.0,0.0,0.03541445732116699,0.0043027400970458984,0.0,0.0,1,1,0.009195136855967458,0.009195136855967458,0.04272127151489258,0.003297567367553711,56,5,0.0092,0.0092,1,1
10000,98,21,10,0.0,0.0,0.0,0.04027152061462402,0.006051778793334961,0.0,0.0,1,1,0.010619367116726083,0.010619367116726083,0.03980207443237305,0.0025708675384521484,56,2,-0.01062,-0.01062,1,1
10000,99,40,23,0.0,0.0,0.0,0.04318690299987793,0.0032737255096435547,0.0,0.0,1,1,0.006176256322812487,0.006141830021057618,0.041129350662231445,0.0029439926147460938,56,2,0.00614|0.00621,0.00614,2,1
