Sample_Size,Exp_ID,T,Y,True_Effect,MAE_Full,MAE_Local,Time_Full,Time_Local,Eff_Full,Eff_Local,Set_Size_Full,Set_Size_Local,MAE_Full_n,MAE_Local_n,Time_Full_n,Time_Local_n,Vars_Full,Vars_Local,Eff_Full_n,Eff_Local_n,Set_Size_Full_n,Set_Size_Local_n
500,0,1,76,4.0,1.3333333333333333,1.3333333333333333,0.13350987434387207,0.03747701644897461,1.0|3.0|4.0,1.0|3.0|4.0,3,3,1.5685529736036978,1.5685529736036978,0.11857914924621582,0.03478598594665527,79,29,0.74752|2.71676|3.83006,0.74752|2.71676|3.83006,3,3
500,1,35,46,0.0,0.0,0.0,0.11233139038085938,0.008613824844360352,0.0,0.0,1,1,0.021576385924986667,0.021576385924986667,0.11624908447265625,0.006986379623413086,79,10,-0.02158,-0.02158,1,1
500,2,67,56,0.0,0.0,0.0,0.1140897274017334,0.007727622985839844,0.0,0.0,1,1,0.042030506555007806,0.042030506555007806,0.1049656867980957,0.00586247444152832,79,9,-0.04203,-0.04203,1,1
500,3,67,16,0.0,0.0,0.0,0.10400533676147461,0.006750345230102539,0.0,0.0,1,1,0.04264582850440247,0.04264582850440247,0.0984494686126709,0.005445241928100586,79,9,-0.04265,-0.04265,1,1
500,4,38,2,0.0,0.0,0.0,0.10734415054321289,0.0044651031494140625,0.0,0.0,1,1,0.04331766109689515,0.04331766109689515,0.09538817405700684,0.003439188003540039,79,2,-0.04332,-0.04332,1,1
500,5,60,41,0.0,0.0,0.0,0.11540770530700684,0.019029855728149414,0.0,0.0,1,1,0.02218513653737303,0.02218513653737303,0.10867428779602051,0.016248703002929688,79,17,-0.02219,-0.02219,1,1
500,6,15,62,0.0,0.0,0.0,0.10335230827331543,0.0426025390625,0.0,0.0,1,1,0.019144817430369297,0.019144817430369297,0.09871673583984375,0.03199028968811035,79,27,-0.01914,-0.01914,1,1
500,7,35,12,0.0,0.0,0.0,0.09641265869140625,0.004152774810791016,0.0,0.0,1,1,0.01717772898206535,0.01717772898206535,0.10044336318969727,0.003037691116333008,79,2,-0.01718,-0.01718,1,1
500,8,65,79,0.0,0.0,0.0,0.10734844207763672,0.016429662704467773,0.0,0.0,1,1,0.013282939439679571,0.013282939439679571,0.09887814521789551,0.013317108154296875,79,16,-0.01328,-0.01328,1,1
500,9,36,64,0.0,0.0,0.0,0.09867477416992188,0.01031947135925293,0.0,0.0,1,1,0.028050177524289253,0.028050177524289253,0.10486173629760742,0.008605718612670898,79,9,-0.02805,-0.02805,1,1
500,10,27,33,0.0,0.3333333333333333,0.25,0.09792852401733398,0.017580032348632812,0.0|0.5,0.0|0.5,2,2,0.36432547653384817,0.28408204427276074,0.10052132606506348,0.008169412612915039,79,6,0.03526|0.52481|0.5329,0.03526|0.5329,3,2
500,11,16,8,0.0,0.0,0.0,0.11233282089233398,0.004014730453491211,0.0,0.0,1,1,0.00760410413986462,0.00833119548406076,0.10717511177062988,0.005584716796875,79,2,-0.00833|-0.00688,-0.00833,2,1
500,12,55,32,0.0,0.0,0.0,0.08988523483276367,0.004626035690307617,0.0,0.0,1,1,0.1313695444717186,0.1313695444717186,0.09648299217224121,0.0037221908569335938,79,4,-0.13137,-0.13137,1,1
500,13,7,60,0.0,0.0,0.0,0.09070277214050293,0.02073049545288086,0.0,0.0,1,1,0.057440593478139165,0.030012108860478434,0.08977222442626953,0.01414179801940918,79,17,-0.08487|-0.03001,-0.03001,2,1
500,14,48,18,0.0,0.0,0.0,0.09357547760009766,0.0034346580505371094,0.0,0.0,1,1,0.03065498233386858,0.002973822421766309,0.08816838264465332,0.002814769744873047,79,2,-0.05834|0.00297,0.00297,2,1
500,15,45,55,0.0,0.0,0.0,0.0897054672241211,0.0046613216400146484,0.0,0.0,1,1,0.012273538346351568,0.012273538346351568,0.09989404678344727,0.09394645690917969,79,6,-0.01227,-0.01227,1,1
500,16,38,18,0.0,0.0,0.0,0.08954310417175293,0.0034945011138916016,0.0,0.0,1,1,0.022638512258340657,0.022638512258340657,0.09033012390136719,0.009368181228637695,79,2,0.02264,0.02264,1,1
500,17,48,73,0.0,0.0,0.0,0.09362316131591797,0.028418540954589844,0.0,0.0,1,1,0.027390588549657962,0.004501839342572077,0.09266781806945801,0.035530805587768555,79,28,0.0045|0.05028,0.0045,2,1
500,18,41,60,0.0,0.0,0.0,0.0936129093170166,0.014889240264892578,0.0,0.0,1,1,0.012198789341730812,0.009077054569357606,0.08846783638000488,0.01746201515197754,79,17,-0.00908|0.01532,-0.00908,2,1
500,19,59,44,3.700743415417188e-17,0.0,0.0,0.09633183479309082,0.017300844192504883,0.0,0.0,1,1,0.049998018789051156,0.049998018789051156,0.08762121200561523,0.01694512367248535,79,18,0.05,0.05,1,1
500,20,24,76,2.0,0.0,0.0,0.08979463577270508,0.02875375747680664,2.0,2.0,1,1,0.21275021441599762,0.21275021441599762,0.15913748741149902,0.02848505973815918,79,29,2.21275,2.21275,1,1
500,21,40,13,0.0,0.0,0.0,0.09136247634887695,0.00456547737121582,0.0,0.0,1,1,0.019691294081571793,0.019691294081571793,0.0851435661315918,0.00356292724609375,79,4,0.01969,0.01969,1,1
500,22,69,20,0.0,0.0,0.0,0.0865018367767334,0.004956483840942383,0.0,0.0,1,1,0.1006396436384204,0.1006396436384204,0.09122800827026367,0.003907203674316406,79,6,0.10064,0.10064,1,1
500,23,53,11,-3.652181623993162e-16,0.0,0.0,0.0904703140258789,0.012426376342773438,-0.0,-0.0,1,1,0.00028787946108021107,0.00028787946108021107,0.08583855628967285,0.011672019958496094,79,17,-0.00029,-0.00029,1,1
500,24,62,36,-2.1984614349013e-16,0.0,0.0,0.09395980834960938,0.03308582305908203,-0.0,-0.0,1,1,0.16839319147577653,0.16839319147577653,0.08744478225708008,0.038706302642822266,79,28,-0.16839,-0.16839,1,1
500,25,31,56,0.0,0.0,0.0,0.09206581115722656,0.0065000057220458984,0.0,0.0,1,1,0.02774252297653058,0.02774252297653058,0.08736038208007812,0.005612611770629883,79,5,0.02774,0.02774,1,1
500,26,34,61,0.0,0.0,0.0,0.08800458908081055,0.004752397537231445,0.0,0.0,1,1,0.03541947120394367,0.016527517718391078,0.0951688289642334,0.00406336784362793,79,6,-0.05431|-0.01653,-0.01653,2,1
500,27,41,45,0.0,0.0,0.0,0.09187698364257812,0.004321098327636719,0.0,0.0,1,1,0.008312835186768164,0.0030165881139193338,0.09008598327636719,0.010349512100219727,79,4,-0.01361|0.00302,0.00302,2,1
500,28,53,19,-1.5671643637572676e-16,0.0,0.0,0.09368538856506348,0.014921426773071289,-0.0,-0.0,1,1,0.0582252188085701,0.0582252188085701,0.08793115615844727,0.013665437698364258,79,18,0.05823,0.05823,1,1
500,29,57,36,5.921189464667501e-16,0.0,0.0,0.09558796882629395,0.008100271224975586,0.0,0.0,1,1,0.1984185524925337,0.1984185524925337,0.08751153945922852,0.007013797760009766,79,7,-0.19842,-0.19842,1,1
500,30,45,55,0.0,0.0,0.0,0.09074926376342773,0.00469207763671875,0.0,0.0,1,1,0.012909739372630456,0.012909739372630456,0.09496927261352539,0.003998994827270508,79,6,0.01291,0.01291,1,1
500,31,10,36,0.0,0.0,0.0,0.09419369697570801,0.006329774856567383,0.0,0.0,1,1,0.037974433351248525,0.021459737201451116,0.08856749534606934,0.0054051876068115234,79,6,-0.0596|-0.03287|-0.02146,-0.02146,3,1
500,32,55,14,0.0,0.0,0.0,0.09554219245910645,0.004366636276245117,0.0,0.0,1,1,0.02709543114047572,0.02709543114047572,0.08765888214111328,0.0035898685455322266,79,4,-0.0271,-0.0271,1,1
500,33,35,15,0.0,0.0,0.0,0.08884549140930176,0.0037925243377685547,0.0,0.0,1,1,0.03229190211181449,0.03229190211181449,0.09577178955078125,0.002709627151489258,79,2,0.03229,0.03229,1,1
500,34,41,31,0.0,0.0,0.0,0.09383511543273926,0.006392002105712891,0.0,0.0,1,1,0.004491811709255225,0.004544425996080434,0.08934378623962402,0.005629301071166992,79,5,-0.00454|-0.00444,-0.00454,2,1
500,35,77,65,0.0,0.0,0.0,0.09072256088256836,0.006274223327636719,0.0,0.0,1,1,0.0122202293841502,0.014454309531846498,0.09370803833007812,0.005168437957763672,79,10,-0.01445|-0.00999,-0.01445,2,1
500,36,5,20,0.0,0.0,0.0,0.09421086311340332,0.0037734508514404297,0.0,0.0,1,1,0.05430134284722339,0.015078667539946057,0.09844398498535156,0.0027747154235839844,79,2,-0.09352|-0.01508,-0.01508,2,1
500,37,78,29,0.0,0.0,0.0,0.09768176078796387,0.0045206546783447266,0.0,0.0,1,1,0.04416713770572097,0.04416713770572097,0.09072351455688477,0.0041141510009765625,79,5,0.04417,0.04417,1,1
500,38,47,25,5.619994265878037e-16,0.0,0.0,0.08960890769958496,0.0152130126953125,0.0,0.0,1,1,0.07374820582122149,0.07374820582122149,0.09527873992919922,0.01454925537109375,79,17,-0.07375,-0.07375,1,1
500,39,48,58,0.0,0.0,0.0,0.08888697624206543,0.006422996520996094,0.0,0.0,1,1,0.0504754460722556,0.012763236797033105,0.157562255859375,0.005414247512817383,79,11,0.01276|0.08819,0.01276,2,1
500,40,56,26,0.0,0.0,0.0,0.09224414825439453,0.003862619400024414,0.0,0.0,1,1,0.019230747557471308,0.019230747557471308,0.08537030220031738,0.0028722286224365234,79,2,-0.01923,-0.01923,1,1
500,41,19,52,0.0,0.0,0.0,0.08721113204956055,0.004881858825683594,0.0,0.0,1,1,0.03211456929225982,0.010077905181918855,0.0913851261138916,0.004621267318725586,79,6,0.01008|0.01243|0.07384,0.01008,3,1
500,42,42,68,0.0,0.3333333333333333,0.3333333333333333,0.08832573890686035,0.013941526412963867,0.0|0.66667,0.0|0.66667,2,2,0.3352677318255327,0.3352677318255327,0.10063433647155762,0.013778448104858398,79,15,-0.00301|0.66753,-0.00301|0.66753,2,2
500,43,20,30,0.0,0.3333333333333333,0.25,0.09186077117919922,0.0058825016021728516,0.0|0.5,0.0|0.5,2,2,0.38668738765760596,0.3156593157105409,0.08805251121520996,0.004967451095581055,79,3,0.11883|0.51249|0.52874,0.11883|0.51249,3,2
500,44,24,53,0.0,0.0,0.0,0.09384417533874512,0.014871358871459961,0.0,0.0,1,1,0.01052592894460664,0.01052592894460664,0.08682012557983398,0.014386892318725586,79,20,-0.01053,-0.01053,1,1
500,45,46,45,0.0,0.0,0.0,0.09010028839111328,0.008081912994384766,0.0,0.0,1,1,0.010683328269962511,0.010683328269962511,0.0937809944152832,0.006562948226928711,79,12,0.01068,0.01068,1,1
500,46,69,60,3.3306690738754696e-16,0.0,0.0,0.08872389793395996,0.01788783073425293,0.0,0.0,1,1,0.045240913063322286,0.045240913063322286,0.09523534774780273,0.0179135799407959,79,21,-0.04524,-0.04524,1,1
500,47,41,60,0.0,0.0,0.0,0.08685135841369629,0.022125720977783203,0.0,0.0,1,1,0.04587625546885983,0.01873486417672663,0.0887899398803711,0.014320611953735352,79,17,0.01873|0.07302,0.01873,2,1
500,48,1,38,0.0,0.0,0.0,0.09445428848266602,0.003707408905029297,0.0,0.0,1,1,0.01700522239957186,0.019170208487348968,0.08912062644958496,0.0026862621307373047,79,2,-0.01917|-0.01716|-0.01468,-0.01917,3,1
500,49,14,25,0.0,0.0,0.0,0.08946681022644043,0.004491329193115234,0.0,0.0,1,1,0.016197463448083878,0.016197463448083878,0.0950460433959961,0.0037279129028320312,79,4,0.0162,0.0162,1,1
500,50,60,45,-3.7878197310740633e-16,0.0,0.0,0.08810734748840332,0.02126908302307129,-0.0,-0.0,1,1,0.03725921138890424,0.03725921138890424,0.08977270126342773,0.015165090560913086,79,18,0.03726,0.03726,1,1
500,51,52,56,0.0,0.0,0.0,0.09268522262573242,0.004806995391845703,0.0,0.0,1,1,0.030292234376132866,0.030292234376132866,0.08760499954223633,0.004053831100463867,79,6,-0.03029,-0.03029,1,1
500,52,9,72,0.0,0.25,0.25,0.09073948860168457,0.015979290008544922,0.0|0.5,0.0|0.5,2,2,0.2951289338184716,0.2951289338184716,0.09367012977600098,0.015969514846801758,79,18,0.03081|0.55945,0.03081|0.55945,2,2
500,53,18,64,0.0,0.25,0.25,0.09007549285888672,0.0064165592193603516,0.0|0.5,0.0|0.5,2,2,0.2987835135711244,0.2987835135711244,0.0979926586151123,0.005326747894287109,79,5,0.08205|0.51551,0.08205|0.51551,2,2
500,54,7,18,0.0,0.0,0.0,0.08806371688842773,0.005807399749755859,0.0,0.0,1,1,0.029731563142691233,0.006439892890115056,0.09599137306213379,0.0031023025512695312,79,2,0.00644|0.05302,0.00644,2,1
500,55,63,64,-3.634658711570453e-17,0.0,0.0,0.10207152366638184,0.007283210754394531,-0.0,-0.0,1,1,0.07291307821302262,0.07291307821302262,0.08926916122436523,0.006146430969238281,79,9,0.07291,0.07291,1,1
500,56,36,58,2.7755575615628914e-17,0.0,0.0,0.09249258041381836,0.009235382080078125,0.0,0.0,1,1,0.09606411295189857,0.09606411295189857,0.09409546852111816,0.008012771606445312,79,14,0.09606,0.09606,1,1
500,57,36,55,2.7755575615628914e-17,0.0,0.0,0.0891728401184082,0.006855487823486328,0.0,0.0,1,1,0.09989968638331768,0.09989968638331768,0.0998234748840332,0.005603790283203125,79,7,-0.0999,-0.0999,1,1
500,58,1,9,0.0,0.0,0.0,0.16060328483581543,0.003648519515991211,0.0,0.0,1,1,0.035899962679546156,0.010177548595734654,0.08890008926391602,0.0027229785919189453,79,2,0.01018|0.0193|0.07822,0.01018,3,1
500,59,61,56,0.0,0.0,0.0,0.08644366264343262,0.004823923110961914,0.0,0.0,1,1,0.03620472904581181,0.03620472904581181,0.0932166576385498,0.0039501190185546875,79,6,0.0362,0.0362,1,1
500,60,39,67,0.0,0.0,0.0,0.08975911140441895,0.014789581298828125,0.0,0.0,1,1,0.03503021615601534,0.03503021615601534,0.08779478073120117,0.007857561111450195,79,12,-0.03503,-0.03503,1,1
500,61,69,67,2.498001805406602e-16,0.0,0.0,0.09829235076904297,0.0058858394622802734,0.0,0.0,1,1,0.07101155841460337,0.07101155841460337,0.0913848876953125,0.0049915313720703125,79,11,0.07101,0.07101,1,1
500,62,78,60,0.0,0.0,0.0,0.09034848213195801,0.018367767333984375,0.0,0.0,1,1,0.009446291499621408,0.009446291499621408,0.09376001358032227,0.018370866775512695,79,20,-0.00945,-0.00945,1,1
500,63,44,23,0.0,0.0,0.0,0.08806419372558594,0.010910749435424805,0.0,0.0,1,1,0.04630790272594906,0.04630790272594906,0.09449100494384766,0.00942850112915039,79,13,-0.04631,-0.04631,1,1
500,64,28,65,0.0,0.0,0.0,0.08761143684387207,0.006000041961669922,0.0,0.0,1,1,0.02893876051243438,0.004678878040272281,0.09027552604675293,0.012901544570922852,79,10,0.00468|0.0532,0.00468,2,1
500,65,75,5,-6.832141690000964e-17,0.0,0.0,0.0980689525604248,0.008353948593139648,-0.0,-0.0,1,1,0.038577489087495115,0.038577489087495115,0.08919501304626465,0.007024288177490234,79,13,-0.03858,-0.03858,1,1
500,66,5,58,1.0,0.0,0.0,0.0882418155670166,0.005844831466674805,1.0,1.0,1,1,0.033065650112595324,0.03061943211225826,0.09419488906860352,0.005014181137084961,79,10,0.96449|0.96938,0.96938,2,1
500,67,4,5,0.0,0.0,0.0,0.08742785453796387,0.010193586349487305,0.0,0.0,1,1,0.024153669406472338,0.024153669406472338,0.0977630615234375,0.0030965805053710938,79,2,0.02415,0.02415,1,1
500,68,72,56,0.0,0.0,0.0,0.09552264213562012,0.013579130172729492,0.0,0.0,1,1,0.008646256018541519,0.008646256018541519,0.08795499801635742,0.011884927749633789,79,15,0.00865,0.00865,1,1
500,69,68,76,1.8421478334521115e-15,0.0,0.0,0.09094858169555664,0.035420894622802734,0.0,0.0,1,1,0.36237727270322045,0.36237727270322045,0.09296751022338867,0.04171299934387207,79,32,-0.36238,-0.36238,1,1
500,70,29,37,0.0,0.0,0.0,0.09328556060791016,0.0034279823303222656,0.0,0.0,1,1,0.03418381618975849,0.03418381618975849,0.08802008628845215,0.002801179885864258,79,2,0.03418,0.03418,1,1
500,71,11,67,0.0,0.0,0.0,0.08980083465576172,0.005392551422119141,0.0,0.0,1,1,0.024882980416012362,0.015244094697909256,0.0935659408569336,0.0046291351318359375,79,9,0.01524|0.03452,0.01524,2,1
500,72,68,69,1.1102230246251565e-16,0.0,0.0,0.09061217308044434,0.012592315673828125,0.0,0.0,1,1,0.022354143917226073,0.022354143917226073,0.0966339111328125,0.011646509170532227,79,17,0.02235,0.02235,1,1
500,73,12,19,0.0,0.0,0.0,0.09411430358886719,0.003508329391479492,0.0,0.0,1,1,0.0061234843361410085,0.0037587301439052914,0.09150910377502441,0.0028083324432373047,79,2,-0.00853|-0.00254|0.00376|0.00967,0.00376,4,1
500,74,64,27,0.0,0.0,0.0,0.10240745544433594,0.005256175994873047,0.0,0.0,1,1,0.0039985848352414735,0.0039985848352414735,0.0896446704864502,0.004509687423706055,79,5,0.004,0.004,1,1
500,75,50,7,0.0,0.0,0.0,0.08848977088928223,0.008188009262084961,0.0,0.0,1,1,0.050810239734476,0.050810239734476,0.09838271141052246,0.007077217102050781,79,8,0.05081,0.05081,1,1
500,76,44,28,0.0,0.0,0.0,0.09425973892211914,0.010367870330810547,0.0,0.0,1,1,0.13398030837867647,0.13398030837867647,0.08948993682861328,0.009976387023925781,79,13,-0.13398,-0.13398,1,1
500,77,2,73,1.0,0.5,0.5,0.09206795692443848,0.028791189193725586,0.0|1.0,0.0|1.0,2,2,0.6779443123578166,0.6779443123578166,0.0882570743560791,0.03554511070251465,79,28,-0.33642|1.01947,-0.33642|1.01947,2,2
500,78,23,78,0.0,0.0,0.0,0.09129929542541504,0.0045282840728759766,0.0,0.0,1,1,0.017124554604487516,0.017124554604487516,0.0846855640411377,0.0037374496459960938,79,5,-0.01712,-0.01712,1,1
500,79,75,79,-4.056584128438072e-16,0.0,0.0,0.08968615531921387,0.01178741455078125,-0.0,-0.0,1,1,0.07515488711325718,0.07515488711325718,0.09429383277893066,0.010892868041992188,79,20,-0.07515,-0.07515,1,1
500,80,49,58,0.0,0.0,0.0,0.090179443359375,0.00868988037109375,0.0,0.0,1,1,0.009449274855399427,0.009449274855399427,0.09448862075805664,0.007406711578369141,79,13,-0.00945,-0.00945,1,1
500,81,28,41,0.0,0.0,0.0,0.09267258644104004,0.0034110546112060547,0.0,0.0,1,1,0.006228331129275041,0.003510421754649959,0.08740448951721191,0.002796173095703125,79,2,-0.00895|0.00351,0.00351,2,1
500,82,31,44,0.0,0.0,0.0,0.09475278854370117,0.012463092803955078,0.0,0.0,1,1,0.047385607910922764,0.047385607910922764,0.0892486572265625,0.011614799499511719,79,15,0.04739,0.04739,1,1
500,83,39,71,1.0,0.0,0.0,0.09113264083862305,0.011565685272216797,1.0,1.0,1,1,0.07883893873673109,0.07883893873673109,0.09499502182006836,0.010866165161132812,79,14,0.92116,0.92116,1,1
500,84,1,71,2.0,0.3333333333333333,0.5,0.08847498893737793,0.018354177474975586,1.0|2.0,1.0|2.0,2,2,0.3965705864524231,0.5689731039107827,0.08948421478271484,0.013679265975952148,79,14,0.92013|1.94192|2.05177,0.92013|1.94192,3,2
500,85,76,47,3.938561680801375e-15,0.0,0.0,0.09241533279418945,0.03588438034057617,0.0,0.0,1,1,0.013467030417584598,0.013467030417584598,0.08768653869628906,0.028608083724975586,79,29,-0.01347,-0.01347,1,1
500,86,43,41,0.0,0.0,0.0,0.09435582160949707,0.013489007949829102,0.0,0.0,1,1,0.07361535641942064,0.07361535641942064,0.08826446533203125,0.006409645080566406,79,9,0.07362,0.07362,1,1
500,87,1,36,0.0,0.0,0.0,0.09333515167236328,0.006907463073730469,0.0,0.0,1,1,0.032507603596758486,0.0030328517856982014,0.08916711807250977,0.0052642822265625,79,6,-0.06398|-0.00303|0.03051,-0.00303,3,1
500,88,30,63,0.0,0.0,0.0,0.08932685852050781,0.0050792694091796875,0.0,0.0,1,1,0.042294759855361935,0.020746622862254278,0.09468984603881836,0.004094839096069336,79,6,-0.08832|-0.02075|-0.01781,-0.02075,3,1
500,89,7,64,0.0,0.0,0.0,0.0895380973815918,0.013521909713745117,0.0,0.0,1,1,0.013547908544625415,0.003846638994038042,0.09027791023254395,0.004316568374633789,79,5,-0.02325|0.00385,0.00385,2,1
500,90,72,65,0.0,0.0,0.0,0.09477424621582031,0.025463104248046875,0.0,0.0,1,1,0.039739608840671424,0.039739608840671424,0.09014892578125,0.02531599998474121,79,22,-0.03974,-0.03974,1,1
500,91,66,54,-4.0167952091229998e-16,0.0,0.0,0.0958552360534668,0.01209878921508789,-0.0,-0.0,1,1,0.08785648793090045,0.08785648793090045,0.09175491333007812,0.011186838150024414,79,16,-0.08786,-0.08786,1,1
500,92,40,49,0.0,0.0,0.0,0.08997654914855957,0.006846904754638672,0.0,0.0,1,1,0.04980500495080836,0.04980500495080836,0.10131597518920898,0.005785703659057617,79,7,-0.04981,-0.04981,1,1
500,93,26,21,0.0,0.0,0.0,0.08930158615112305,0.0034117698669433594,0.0,0.0,1,1,0.0030119686412809453,0.0033221924931372063,0.09562492370605469,0.0027713775634765625,79,2,-0.0027|0.00332,0.00332,2,1
500,94,57,42,0.0,0.0,0.0,0.09452390670776367,0.006701231002807617,0.0,0.0,1,1,0.10858581856280808,0.10858581856280808,0.08950281143188477,0.005423307418823242,79,6,0.10859,0.10859,1,1
500,95,73,29,0.0,0.0,0.0,0.0904688835144043,0.026970624923706055,0.0,0.0,1,1,0.10104978053573861,0.10104978053573861,0.15899276733398438,0.026018381118774414,79,28,0.10105,0.10105,1,1
500,96,71,43,2.220446049250313e-16,0.0,0.0,0.09253263473510742,0.022382020950317383,0.0,0.0,1,1,0.02588944506883627,0.02588944506883627,0.08757328987121582,0.022587060928344727,79,22,-0.02589,-0.02589,1,1
500,97,35,7,0.0,0.0,0.0,0.0870811939239502,0.0034160614013671875,0.0,0.0,1,1,0.041679330956983444,0.041679330956983444,0.0906667709350586,0.0027446746826171875,79,2,-0.04168,-0.04168,1,1
500,98,35,1,0.0,0.0,0.0,0.08640027046203613,0.0034830570220947266,0.0,0.0,1,1,0.008473269926167154,0.008473269926167154,0.1000516414642334,0.0027709007263183594,79,2,-0.00847,-0.00847,1,1
500,99,67,20,0.0,0.0,0.0,0.09285879135131836,0.005374908447265625,0.0,0.0,1,1,0.1346283605504848,0.1346283605504848,0.08681535720825195,0.0045430660247802734,79,9,-0.13463,-0.13463,1,1
1000,0,38,65,0.0,0.0,0.0,0.08945536613464355,0.0062296390533447266,0.0,0.0,1,1,0.009503888558542527,0.009503888558542527,0.09308981895446777,0.004960298538208008,79,10,-0.0095,-0.0095,1,1
1000,1,51,67,0.0,0.0,0.0,0.08685183525085449,0.015558719635009766,0.0,0.0,1,1,0.031999866580205004,0.031999866580205004,0.08834218978881836,0.007343292236328125,79,13,0.032,0.032,1,1
1000,2,41,8,0.0,0.0,0.0,0.09564018249511719,0.003621339797973633,0.0,0.0,1,1,0.04826952842463626,0.029441001765034728,0.0893561840057373,0.003167390823364258,79,2,-0.0671|-0.02944,-0.02944,2,1
1000,3,34,56,0.0,0.0,0.0,0.08986496925354004,0.0036830902099609375,0.0,0.0,1,1,0.018149300301612263,0.0075063499551813306,0.09419441223144531,0.002783536911010742,79,2,-0.02879|-0.00751,-0.00751,2,1
1000,4,11,59,0.0,0.0,0.0,0.08785176277160645,0.0049266815185546875,0.0,0.0,1,1,0.006992381794386335,0.0016244459755277564,0.09003472328186035,0.004151344299316406,79,6,-0.01236|0.00162,0.00162,2,1
1000,5,70,42,2.555607717061681e-16,0.0,0.0,0.09664177894592285,0.014257669448852539,0.0,0.0,1,1,0.045102937135769655,0.045102937135769655,0.08742809295654297,0.013539791107177734,79,18,0.0451,0.0451,1,1
1000,6,5,60,0.0,0.0,0.0,0.08969783782958984,0.014758110046386719,0.0,0.0,1,1,0.003987649451107333,0.0016622131804944096,0.09346961975097656,0.014316797256469727,79,17,0.00166|0.00631,0.00166,2,1
1000,7,18,76,1.0,0.75,0.75,0.08779287338256836,0.029506444931030273,1.0|2.5,1.0|2.5,2,2,0.7754648792130638,0.7754648792130638,0.09380722045898438,0.028830528259277344,79,29,0.91931|2.47024,0.91931|2.47024,2,2
1000,8,53,75,-1.0449576514957968e-15,0.0,0.0,0.08988118171691895,0.022965192794799805,-0.0,-0.0,1,1,0.0014419612506173945,0.0014419612506173945,0.09719538688659668,0.022414207458496094,79,29,0.00144,0.00144,1,1
1000,9,21,36,0.0,0.0,0.0,0.09621429443359375,0.00665736198425293,0.0,0.0,1,1,0.0020791341732155624,0.0012970256106081615,0.08722615242004395,0.0055158138275146484,79,6,0.0013|0.00286,0.0013,2,1
1000,10,60,77,0.0,0.0,0.0,0.09268760681152344,0.015202522277832031,0.0,0.0,1,1,0.014258363368371153,0.014258363368371153,0.09589648246765137,0.014580965042114258,79,17,-0.01426,-0.01426,1,1
1000,11,31,20,0.0,0.0,0.0,0.09340596199035645,0.013880729675292969,0.0,0.0,1,1,0.0024915008366014346,0.0024915008366014346,0.09109067916870117,0.006108999252319336,79,5,-0.00249,-0.00249,1,1
1000,12,25,52,0.0,0.0,0.0,0.09452319145202637,0.007433414459228516,0.0,0.0,1,1,0.016580713921165204,0.016580713921165204,0.08905363082885742,0.006391048431396484,79,9,0.01658,0.01658,1,1
1000,13,51,40,0.0,0.0,0.0,0.08977627754211426,0.008113861083984375,0.0,0.0,1,1,0.04230897389615387,0.04230897389615387,0.09722661972045898,0.00729060173034668,79,8,-0.04231,-0.04231,1,1
1000,14,21,71,0.0,0.3333333333333333,0.3333333333333333,0.15369582176208496,0.013167142868041992,0.0|0.66667,0.0|0.66667,2,2,0.3771898303355487,0.3771898303355487,0.09377741813659668,0.01190185546875,79,15,0.08038|0.674,0.08038|0.674,2,2
1000,15,55,65,0.0,0.0,0.0,0.08438730239868164,0.008054494857788086,0.0,0.0,1,1,0.026466052515299834,0.026466052515299834,0.08640742301940918,0.0053195953369140625,79,11,-0.02647,-0.02647,1,1
1000,16,41,3,0.0,0.0,0.0,0.09351992607116699,0.0035185813903808594,0.0,0.0,1,1,0.004704780499734198,0.007950996740506587,0.08558917045593262,0.0027348995208740234,79,2,-0.00146|0.00795,0.00795,2,1
1000,17,11,41,0.0,0.0,0.0,0.09225654602050781,0.003467082977294922,0.0,0.0,1,1,0.03638400633945558,0.0037164422225473377,0.09538555145263672,0.0027647018432617188,79,2,0.00372|0.06905,0.00372,2,1
1000,18,33,51,1.4869058365515488e-16,0.0,0.0,0.09232258796691895,0.008187532424926758,0.0,0.0,1,1,0.03392002860456276,0.03392002860456276,0.08690237998962402,0.007414102554321289,79,9,0.03392,0.03392,1,1
1000,19,35,37,0.0,0.0,0.0,0.09711742401123047,0.003450632095336914,0.0,0.0,1,1,0.0020733831014639326,0.0020733831014639326,0.08645439147949219,0.002778291702270508,79,2,-0.00207,-0.00207,1,1
1000,20,3,49,1.0,0.25,0.5,0.08835029602050781,0.006543874740600586,0.0|1.0,0.0|1.0,2,2,0.2773205741475065,0.4888787588255818,0.09743618965148926,0.005609035491943359,79,6,0.02809|0.94043|0.99415|1.07196,0.02809|0.99415,4,2
1000,21,76,74,-4.4044913435948833e-16,0.0,0.0,0.09315657615661621,0.03885388374328613,-0.0,-0.0,1,1,0.07134235879144092,0.07134235879144092,0.0889439582824707,0.03467535972595215,79,31,-0.07134,-0.07134,1,1
1000,22,2,61,1.0,0.5,0.5,0.0885474681854248,0.0068242549896240234,0.0|1.0,0.0|1.0,2,2,0.568023910348942,0.568023910348942,0.09434223175048828,0.005831003189086914,79,6,-0.11202|0.97597,-0.11202|0.97597,2,2
1000,23,33,32,1.427429603089487e-16,0.0,0.0,0.09599781036376953,0.0070803165435791016,0.0,0.0,1,1,0.022713166459192184,0.022713166459192184,0.09680509567260742,0.005903005599975586,79,7,0.02271,0.02271,1,1
1000,24,55,24,0.0,0.0,0.0,0.09575700759887695,0.00454401969909668,0.0,0.0,1,1,0.027750682848945087,0.027750682848945087,0.08736324310302734,0.00380706787109375,79,5,0.02775,0.02775,1,1
1000,25,37,15,0.0,0.0,0.0,0.08897161483764648,0.003457784652709961,0.0,0.0,1,1,0.009267426495280796,0.011829791750741227,0.09462904930114746,0.003205537796020508,79,2,-0.01183|-0.00671,-0.01183,2,1
1000,26,80,2,3.09845658481402e-17,0.0,0.0,0.09377408027648926,0.03641653060913086,0.0,0.0,1,1,0.09477480661403093,0.09477480661403093,0.08918499946594238,0.028977632522583008,79,26,0.09477,0.09477,1,1
1000,27,6,17,0.0,0.0,0.0,0.08794116973876953,0.0034193992614746094,0.0,0.0,1,1,0.006633073256563063,0.011771285239498977,0.08935213088989258,0.0027534961700439453,79,2,-0.00149|0.01177,0.01177,2,1
1000,28,15,30,0.0,0.0,0.0,0.09615778923034668,0.0035734176635742188,0.0,0.0,1,1,0.018139887648614957,0.018139887648614957,0.09043288230895996,0.002850770950317383,79,2,0.01814,0.01814,1,1
1000,29,32,69,0.0,0.0,0.0,0.08905529975891113,0.0050563812255859375,0.0,0.0,1,1,0.00339614759928221,0.005169761839277747,0.0988457202911377,0.004276275634765625,79,6,-0.00517|-0.00162,-0.00517,2,1
1000,30,61,17,0.0,0.0,0.0,0.09407734870910645,0.004660606384277344,0.0,0.0,1,1,0.0750920501584758,0.0750920501584758,0.09202432632446289,0.0040035247802734375,79,6,0.07509,0.07509,1,1
1000,31,67,17,0.0,0.0,0.0,0.09320974349975586,0.005675792694091797,0.0,0.0,1,1,0.035968568379791815,0.035968568379791815,0.09636616706848145,0.004479646682739258,79,9,0.03597,0.03597,1,1
1000,32,52,20,0.0,0.0,0.0,0.08855295181274414,0.00514984130859375,0.0,0.0,1,1,0.07555156500706836,0.07555156500706836,0.09525775909423828,0.0041043758392333984,79,6,0.07555,0.07555,1,1
1000,33,69,67,2.498001805406602e-16,0.0,0.0,0.09235811233520508,0.006487607955932617,0.0,0.0,1,1,0.15139336488176597,0.15139336488176597,0.08532977104187012,0.0050427913665771484,79,11,0.15139,0.15139,1,1
1000,34,48,24,0.0,0.0,0.0,0.0875391960144043,0.004349231719970703,0.0,0.0,1,1,0.010286862928279981,0.008692053202535533,0.0909571647644043,0.0035910606384277344,79,4,-0.01188|0.00869,0.00869,2,1
1000,35,37,6,0.0,0.0,0.0,0.08653068542480469,0.010129451751708984,0.0,0.0,1,1,0.008276795899368663,0.005565065740283694,0.08884429931640625,0.002944469451904297,79,2,0.00557|0.01099,0.00557,2,1
1000,36,55,47,0.0,0.0,0.0,0.10040473937988281,0.013145923614501953,0.0,0.0,1,1,0.010522181910193286,0.010522181910193286,0.08820772171020508,0.012751102447509766,79,18,-0.01052,-0.01052,1,1
1000,37,54,27,0.0,0.0,0.0,0.0884246826171875,0.0049304962158203125,0.0,0.0,1,1,0.014321586239585295,0.014321586239585295,0.09346246719360352,0.003654956817626953,79,4,-0.01432,-0.01432,1,1
1000,38,19,14,0.0,0.0,0.0,0.0886385440826416,0.00982809066772461,0.0,0.0,1,1,0.007057235082600622,0.0029206726712227623,0.08848142623901367,0.0027358531951904297,79,2,-0.01573|-0.00292|0.00252,-0.00292,3,1
1000,39,43,53,7.51535585900106e-16,0.0,0.0,0.09667372703552246,0.020314693450927734,0.0,0.0,1,1,0.009606733201255959,0.009606733201255959,0.08734345436096191,0.02168560028076172,79,23,0.00961,0.00961,1,1
1000,40,60,69,7.591966271333791e-17,0.0,0.0,0.09407901763916016,0.01811528205871582,0.0,0.0,1,1,0.006896496811475443,0.006896496811475443,0.08874392509460449,0.01759958267211914,79,21,-0.0069,-0.0069,1,1
1000,41,12,44,0.0,0.0,0.0,0.09927654266357422,0.010450124740600586,0.0,0.0,1,1,0.015087448485902719,0.006247804087532705,0.09025049209594727,0.010000944137573242,79,13,-0.0281|-0.01776|-0.00824|-0.00625,-0.00625,4,1
1000,42,23,35,0.0,0.0,0.0,0.09328818321228027,0.0035066604614257812,0.0,0.0,1,1,0.02984108265713015,0.02984108265713015,0.09690308570861816,0.0027763843536376953,79,2,0.02984,0.02984,1,1
1000,43,5,10,0.0,0.0,0.0,0.09277153015136719,0.0033881664276123047,0.0,0.0,1,1,0.0021950589608295294,0.00022900921131435308,0.0877828598022461,0.0027518272399902344,79,2,-0.00416|0.00023,0.00023,2,1
1000,44,60,77,0.0,0.0,0.0,0.0893852710723877,0.014556407928466797,0.0,0.0,1,1,0.038403255084215104,0.038403255084215104,0.09360957145690918,0.014072895050048828,79,17,-0.0384,-0.0384,1,1
1000,45,42,12,0.0,0.0,0.0,0.08840203285217285,0.0037734508514404297,0.0,0.0,1,1,0.010818481037307467,0.0067163413904795955,0.09532499313354492,0.0028166770935058594,79,2,-0.00672|0.01492,-0.00672,2,1
1000,46,47,56,0.0,0.0,0.0,0.09673357009887695,0.011723995208740234,0.0,0.0,1,1,0.017547118134324878,0.017547118134324878,0.08782029151916504,0.0190277099609375,79,16,0.01755,0.01755,1,1
1000,47,8,23,0.0,0.0,0.0,0.09407854080200195,0.0035665035247802734,0.0,0.0,1,1,0.0061745481452804,0.00011499097218921257,0.0882406234741211,0.0029091835021972656,79,2,-0.01237|-0.0068|-0.00541|-0.00011,-0.00011,4,1
1000,48,1,73,3.0,0.6666666666666666,0.6666666666666666,0.08942532539367676,0.026702880859375,2.0|3.0,2.0|3.0,2,2,0.6359296322684739,0.6359296322684739,0.10181879997253418,0.0269012451171875,79,27,2.04328|2.06145|3.01252,2.04328|2.06145|3.01252,3,3
1000,49,67,45,0.0,0.0,0.0,0.08987569808959961,0.006133079528808594,0.0,0.0,1,1,0.036119568881813134,0.036119568881813134,0.09416723251342773,0.004981279373168945,79,11,0.03612,0.03612,1,1
1000,50,37,65,0.0,0.0,0.0,0.09052371978759766,0.006022453308105469,0.0,0.0,1,1,0.010962595907734483,0.0069413052044231,0.0982820987701416,0.0050792694091796875,79,10,0.00694|0.01498,0.00694,2,1
1000,51,13,6,0.0,0.0,0.0,0.09444761276245117,0.003498554229736328,0.0,0.0,1,1,0.02243667224875818,0.009617930803965776,0.1550736427307129,0.0027430057525634766,79,2,0.00962|0.03526,0.00962,2,1
1000,52,61,67,0.0,0.0,0.0,0.08585643768310547,0.007096052169799805,0.0,0.0,1,1,0.02790621722936082,0.02790621722936082,0.09116482734680176,0.0058956146240234375,79,13,-0.02791,-0.02791,1,1
1000,53,16,77,0.0,0.0,0.0,0.08848404884338379,0.0034821033477783203,0.0,0.0,1,1,0.019699088796998422,0.014655827665471452,0.0891261100769043,0.002846956253051758,79,2,0.01466|0.02474,0.01466,2,1
1000,54,53,51,-7.835821818786338e-17,0.0,0.0,0.09452223777770996,0.021518707275390625,-0.0,-0.0,1,1,0.0666009855386332,0.0666009855386332,0.08514404296875,0.0193483829498291,79,23,-0.0666,-0.0666,1,1
1000,55,5,13,0.0,0.0,0.0,0.0947256088256836,0.003452777862548828,0.0,0.0,1,1,0.020588152872159395,0.00812196509272258,0.08688712120056152,0.0028028488159179688,79,2,0.00812|0.03305,0.00812,2,1
1000,56,52,16,0.0,0.0,0.0,0.08964800834655762,0.00496220588684082,0.0,0.0,1,1,0.02903382810379198,0.02903382810379198,0.09293198585510254,0.004068851470947266,79,6,0.02903,0.02903,1,1
1000,57,59,71,1.1102230246251565e-16,0.0,0.0,0.09480643272399902,0.013514041900634766,0.0,0.0,1,1,0.012519459632280256,0.012519459632280256,0.08698678016662598,0.012901544570922852,79,18,0.01252,0.01252,1,1
1000,58,58,42,5.988799200141469e-17,0.0,0.0,0.0938417911529541,0.007986783981323242,0.0,0.0,1,1,0.04547341549306631,0.04547341549306631,0.08854246139526367,0.007254123687744141,79,12,0.04547,0.04547,1,1
1000,59,71,8,2.7755575615628914e-17,0.0,0.0,0.08887958526611328,0.014304161071777344,0.0,0.0,1,1,0.039350851408207745,0.039350851408207745,0.09431028366088867,0.013969182968139648,79,17,-0.03935,-0.03935,1,1
1000,60,67,66,-1.6653345369377348e-16,0.0,0.0,0.08950686454772949,0.015505790710449219,-0.0,-0.0,1,1,0.03234485577966916,0.03234485577966916,0.09449338912963867,0.014864444732666016,79,21,0.03234,0.03234,1,1
1000,61,73,3,2.8823097754691566e-17,0.0,0.0,0.09062957763671875,0.03395247459411621,0.0,0.0,1,1,0.051690754862129665,0.051690754862129665,0.09021902084350586,0.02746868133544922,79,27,-0.05169,-0.05169,1,1
1000,62,66,29,0.0,0.0,0.0,0.0882260799407959,0.010430574417114258,0.0,0.0,1,1,0.004673421745537233,0.004673421745537233,0.09545278549194336,0.009478092193603516,79,14,-0.00467,-0.00467,1,1
1000,63,78,66,9.516197353929913e-17,0.0,0.0,0.09662485122680664,0.01083064079284668,0.0,0.0,1,1,0.38249885972286446,0.38249885972286446,0.08817219734191895,0.019690990447998047,79,15,-0.3825,-0.3825,1,1
1000,64,50,4,0.0,0.0,0.0,0.09511756896972656,0.008133172988891602,0.0,0.0,1,1,0.032122975047725405,0.032122975047725405,0.08870077133178711,0.007173061370849609,79,8,-0.03212,-0.03212,1,1
1000,65,49,17,0.0,0.0,0.0,0.09075808525085449,0.004698514938354492,0.0,0.0,1,1,0.06377721928657605,0.06377721928657605,0.09540987014770508,0.0039052963256835938,79,5,0.06378,0.06378,1,1
1000,66,9,73,0.0,0.5,0.5,0.08984065055847168,0.037639617919921875,0.0|1.0,0.0|1.0,2,2,0.5343780917434431,0.5343780917434431,0.09016847610473633,0.028162240982055664,79,28,0.08132|0.98744,0.08132|0.98744,2,2
1000,67,62,39,-2.1682325901714072e-16,0.0,0.0,0.09858345985412598,0.028444528579711914,-0.0,-0.0,1,1,0.06433900792711567,0.06433900792711567,0.09749794006347656,0.028857946395874023,79,26,0.06434,0.06434,1,1
1000,68,42,16,0.0,0.0,0.0,0.0938119888305664,0.003506898880004883,0.0,0.0,1,1,0.0029514466959250705,7.199436052128458e-05,0.09639239311218262,0.0027899742126464844,79,2,7e-05|0.00583,7e-05,2,1
1000,69,1,15,0.0,0.0,0.0,0.09601569175720215,0.0034570693969726562,0.0,0.0,1,1,0.020566373694102226,0.01559858177778945,0.09234404563903809,0.0027570724487304688,79,2,-0.03391|-0.0156|0.01219,-0.0156,3,1
1000,70,26,23,0.0,0.0,0.0,0.15446043014526367,0.0034880638122558594,0.0,0.0,1,1,0.0516377356481441,0.029463916866688266,0.09011697769165039,0.002706289291381836,79,2,-0.07381|-0.02946,-0.02946,2,1
1000,71,49,68,2.220446049250313e-16,0.0,0.0,0.0876622200012207,0.019884347915649414,0.0,0.0,1,1,0.08729003311441477,0.08729003311441477,0.08785200119018555,0.012563705444335938,79,16,0.08729,0.08729,1,1
1000,72,25,77,0.0,0.0,0.0,0.09064745903015137,0.004408836364746094,0.0,0.0,1,1,0.009073881548985264,0.009073881548985264,0.08561086654663086,0.0037851333618164062,79,4,0.00907,0.00907,1,1
1000,73,79,20,0.0,0.0,0.0,0.09806990623474121,0.007429361343383789,0.0,0.0,1,1,0.015324539791623865,0.015324539791623865,0.08842658996582031,0.006148099899291992,79,9,-0.01532,-0.01532,1,1
1000,74,15,34,0.0,0.0,0.0,0.0891575813293457,0.0035092830657958984,0.0,0.0,1,1,0.009304223351226827,0.009304223351226827,0.09305739402770996,0.002766847610473633,79,2,0.0093,0.0093,1,1
1000,75,68,78,-2.4671622769447922e-17,0.0,0.0,0.09215354919433594,0.01718616485595703,-0.0,-0.0,1,1,0.02677842622628094,0.02677842622628094,0.08726000785827637,0.016860008239746094,79,17,0.02678,0.02678,1,1
1000,76,1,5,0.0,0.0,0.0,0.09348320960998535,0.0035042762756347656,0.0,0.0,1,1,0.005016464102270392,0.004272582658547135,0.08785510063171387,0.0027632713317871094,79,2,-0.00298|0.00427|0.0078,0.00427,3,1
1000,77,59,2,0.0,0.0,0.0,0.0886690616607666,0.004894733428955078,0.0,0.0,1,1,0.03683451474543612,0.03683451474543612,0.09289669990539551,0.004137516021728516,79,6,0.03683,0.03683,1,1
1000,78,20,77,0.0,0.3333333333333333,0.25,0.09470963478088379,0.005960226058959961,0.0|0.5,0.0|0.5,2,2,0.34531516419027497,0.26017569221376696,0.08811473846435547,0.005077838897705078,79,3,-0.02041|0.49994|0.51559,-0.02041|0.49994,3,2
1000,79,17,10,0.0,0.0,0.0,0.09502720832824707,0.0035283565521240234,0.0,0.0,1,1,0.040123399977851575,0.040123399977851575,0.09026765823364258,0.002820253372192383,79,2,0.04012,0.04012,1,1
1000,80,77,46,0.0,0.0,0.0,0.08835291862487793,0.007169961929321289,0.0,0.0,1,1,0.025031555262370307,0.016791987638772543,0.09398627281188965,0.00616765022277832,79,10,0.01679|0.03327,0.01679,2,1
1000,81,30,26,0.0,0.0,0.0,0.09364581108093262,0.0037276744842529297,0.0,0.0,1,1,0.028592943420665956,0.01178792457879223,0.08799529075622559,0.0027611255645751953,79,2,0.00364|0.01179|0.07035,0.01179,3,1
1000,82,63,41,-7.269317423140906e-17,0.0,0.0,0.08997726440429688,0.0045545101165771484,-0.0,-0.0,1,1,0.007260212869494897,0.007260212869494897,0.09313583374023438,0.003888845443725586,79,5,0.00726,0.00726,1,1
1000,83,30,31,0.0,0.0,0.0,0.08900642395019531,0.007002592086791992,0.0,0.0,1,1,0.005161330420335418,0.0004416230052453182,0.09963703155517578,0.0060214996337890625,79,5,-0.01312|-0.00044|0.00192,-0.00044,3,1
1000,84,27,75,0.0,0.3333333333333333,0.25,0.09616756439208984,0.00994253158569336,0.0|0.5,0.0|0.5,2,2,0.3468914278823503,0.2632953705332861,0.0891866683959961,0.009488344192504883,79,16,0.0188|0.50779|0.51408,0.0188|0.50779,3,2
1000,85,74,10,0.0,0.0,0.0,0.09582757949829102,0.005211830139160156,0.0,0.0,1,1,0.040892220728389245,0.040892220728389245,0.08829522132873535,0.004044294357299805,79,6,-0.04089,-0.04089,1,1
1000,86,26,76,0.0,0.0,0.0,0.09445405006408691,0.03317379951477051,0.0,0.0,1,1,0.009620514506083404,0.0016261353416462609,0.09552574157714844,0.030435800552368164,79,30,-0.01761|-0.00163,-0.00163,2,1
1000,87,71,46,5.551115123125783e-17,0.0,0.0,0.089080810546875,0.016285181045532227,0.0,0.0,1,1,0.03988461385218633,0.03988461385218633,0.09442877769470215,0.016012907028198242,79,21,-0.03988,-0.03988,1,1
1000,88,5,29,0.0,0.0,0.0,0.08947563171386719,0.0034728050231933594,0.0,0.0,1,1,0.01200110991839126,0.00548283027548483,0.0941917896270752,0.0027337074279785156,79,2,-0.01852|0.00548,0.00548,2,1
1000,89,13,48,0.0,0.0,0.0,0.0864717960357666,0.003732919692993164,0.0,0.0,1,1,0.0627368727106212,0.02987553103713797,0.08547639846801758,0.002856731414794922,79,2,0.02988|0.0956,0.02988,2,1
1000,90,64,79,0.0,0.0,0.0,0.09180450439453125,0.008283853530883789,0.0,0.0,1,1,0.009219590519386905,0.009219590519386905,0.0877532958984375,0.006688594818115234,79,11,0.00922,0.00922,1,1
1000,91,37,48,0.0,0.0,0.0,0.08566832542419434,0.003423929214477539,0.0,0.0,1,1,0.009238313236204998,0.008301597761110606,0.09083676338195801,0.002792835235595703,79,2,-0.01018|0.0083,0.0083,2,1
1000,92,60,71,-1.417167037315641e-15,0.0,0.0,0.0988318920135498,0.03598451614379883,-0.0,-0.0,1,1,0.01931019958252688,0.01931019958252688,0.08712482452392578,0.029242753982543945,79,26,-0.01931,-0.01931,1,1
1000,93,63,14,0.0,0.0,0.0,0.08603048324584961,0.0046710968017578125,0.0,0.0,1,1,0.022556906816919044,0.022556906816919044,0.0899512767791748,0.0038983821868896484,79,6,0.02256,0.02256,1,1
1000,94,13,48,0.0,0.0,0.0,0.09330391883850098,0.003551483154296875,0.0,0.0,1,1,0.02639810200886043,0.013727523319362923,0.08791708946228027,0.0027952194213867188,79,2,0.01373|0.03907,0.01373,2,1
1000,95,51,65,0.0,0.0,0.0,0.08835816383361816,0.010684490203857422,0.0,0.0,1,1,0.025567743678862612,0.025567743678862612,0.09404897689819336,0.009181499481201172,79,14,0.02557,0.02557,1,1
1000,96,64,51,0.0,0.0,0.0,0.08667707443237305,0.008052825927734375,0.0,0.0,1,1,0.027513291991646354,0.027513291991646354,0.08979296684265137,0.014296770095825195,79,9,-0.02751,-0.02751,1,1
1000,97,8,71,0.0,0.375,0.25,0.09454894065856934,0.014357805252075195,0.0|0.5,0.0|0.5,2,2,0.3618822453419661,0.26840179388173996,0.09126162528991699,0.013297557830810547,79,17,-0.06044|0.44866|0.46207|0.47636,-0.06044|0.47636,4,2
1000,98,71,7,0.0,0.0,0.0,0.09908437728881836,0.017018556594848633,0.0,0.0,1,1,0.019657130323878787,0.019657130323878787,0.09012293815612793,0.014746904373168945,79,15,0.01966,0.01966,1,1
1000,99,20,71,0.0,0.6666666666666666,0.5,0.0921177864074707,0.011996746063232422,0.0|1.0,0.0|1.0,2,2,0.7601819733196109,0.5982098347862755,0.09548759460449219,0.011669397354125977,79,15,0.17333|1.02309|1.08413,0.17333|1.02309,3,2
2500,0,73,78,-4.867900954125687e-16,0.0,0.0,0.08955788612365723,0.028576135635375977,-0.0,-0.0,1,1,0.06124330644086405,0.06124330644086405,0.09618473052978516,0.030412912368774414,79,29,-0.06124,-0.06124,1,1
2500,1,17,27,0.0,0.0,0.0,0.08801794052124023,0.0035088062286376953,0.0,0.0,1,1,0.008603592011636284,0.008603592011636284,0.09419918060302734,0.0028128623962402344,79,2,0.0086,0.0086,1,1
2500,2,78,13,0.0,0.0,0.0,0.09345340728759766,0.004450559616088867,0.0,0.0,1,1,0.015621815450632922,0.015621815450632922,0.089202880859375,0.0037336349487304688,79,5,0.01562,0.01562,1,1
2500,3,13,27,0.0,0.0,0.0,0.09746623039245605,0.0035719871520996094,0.0,0.0,1,1,0.016203240405624143,0.00497216455147823,0.0874018669128418,0.002846240997314453,79,2,0.00497|0.02743,0.00497,2,1
2500,4,24,48,0.0,0.0,0.0,0.09184646606445312,0.004709959030151367,0.0,0.0,1,1,0.01398241383459599,0.01398241383459599,0.10515975952148438,0.003721952438354492,79,4,0.01398,0.01398,1,1
2500,5,43,60,1.810517547850255e-15,0.0,0.0,0.09382128715515137,0.022017717361450195,0.0,0.0,1,1,0.0924643749307344,0.0924643749307344,0.08853578567504883,0.030476808547973633,79,23,0.09246,0.09246,1,1
2500,6,51,68,8.540177112501205e-17,0.0,0.0,0.09444785118103027,0.019456148147583008,0.0,0.0,1,1,0.07547480081731613,0.07547480081731613,0.08901166915893555,0.027252674102783203,79,19,-0.07547,-0.07547,1,1
2500,7,73,13,-1.1048854139298433e-16,0.0,0.0,0.09582662582397461,0.028386592864990234,-0.0,-0.0,1,1,0.032716344672542044,0.032716344672542044,0.15589094161987305,0.03470110893249512,79,28,-0.03272,-0.03272,1,1
2500,8,24,37,0.0,0.0,0.0,0.09110569953918457,0.004312753677368164,0.0,0.0,1,1,0.005130139474290548,0.005130139474290548,0.0855097770690918,0.0035114288330078125,79,4,0.00513,0.00513,1,1
2500,9,64,7,0.0,0.0,0.0,0.08787035942077637,0.005361795425415039,0.0,0.0,1,1,0.021340436985051163,0.021340436985051163,0.0912468433380127,0.004275083541870117,79,5,-0.02134,-0.02134,1,1
2500,10,48,10,0.0,0.0,0.0,0.0886998176574707,0.014461040496826172,0.0,0.0,1,1,0.005526779632649309,0.004656469518654892,0.0892951488494873,0.002897024154663086,79,2,-0.0064|-0.00466,-0.00466,2,1
2500,11,33,10,0.0,0.0,0.0,0.09619522094726562,0.004841327667236328,0.0,0.0,1,1,0.0027005981277577694,0.0027005981277577694,0.08695101737976074,0.0037908554077148438,79,4,-0.0027,-0.0027,1,1
2500,12,67,27,0.0,0.0,0.0,0.08813714981079102,0.005390644073486328,0.0,0.0,1,1,0.025977269267518064,0.025977269267518064,0.09517407417297363,0.004834890365600586,79,9,0.02598,0.02598,1,1
2500,13,19,49,0.0,0.3333333333333333,0.25,0.09357881546020508,0.006170988082885742,0.0|0.5,0.0|0.5,2,2,0.34729124958941,0.26056919916897364,0.08915162086486816,0.005330801010131836,79,5,-0.0113|0.50984|0.52074,-0.0113|0.50984,3,2
2500,14,55,12,0.0,0.0,0.0,0.09428095817565918,0.004708290100097656,0.0,0.0,1,1,0.011754929233331244,0.011754929233331244,0.08767127990722656,0.0035626888275146484,79,4,0.01175,0.01175,1,1
2500,15,43,36,0.0,0.0,0.0,0.08773422241210938,0.009793281555175781,0.0,0.0,1,1,0.012019108172461006,0.012019108172461006,0.0934290885925293,0.008754968643188477,79,13,0.01202,0.01202,1,1
2500,16,69,26,0.0,0.0,0.0,0.08671450614929199,0.004656553268432617,0.0,0.0,1,1,0.004096987472118301,0.004096987472118301,0.0906982421875,0.006676197052001953,79,6,0.0041,0.0041,1,1
2500,17,4,67,0.0,0.0,0.0,0.10077190399169922,0.0052144527435302734,0.0,0.0,1,1,0.026878111996889387,0.026878111996889387,0.08727025985717773,0.004460334777832031,79,9,0.02688,0.02688,1,1
2500,18,10,13,0.0,0.0,0.0,0.09269833564758301,0.003450632095336914,0.0,0.0,1,1,0.03722473481678807,0.02322757828999886,0.09553980827331543,0.0027217864990234375,79,2,-0.04964|-0.03881|-0.02323,-0.02323,3,1
2500,19,35,2,0.0,0.0,0.0,0.09306073188781738,0.00347137451171875,0.0,0.0,1,1,0.01180319024421949,0.01180319024421949,0.0940854549407959,0.002752542495727539,79,2,-0.0118,-0.0118,1,1
2500,20,78,79,0.0,0.0,0.0,0.08931708335876465,0.008230447769165039,0.0,0.0,1,1,0.031225188580972743,0.031225188580972743,0.09502172470092773,0.006999015808105469,79,12,-0.03123,-0.03123,1,1
2500,21,79,76,3.885780586188048e-16,0.0,0.0,0.08939027786254883,0.029420137405395508,0.0,0.0,1,1,0.02360024483430894,0.02360024483430894,0.09555506706237793,0.02900409698486328,79,30,-0.0236,-0.0236,1,1
2500,22,11,63,0.0,0.0,0.0,0.08983564376831055,0.004744052886962891,0.0,0.0,1,1,0.006668115341063992,6.17178940927457e-05,0.09647512435913086,0.003966331481933594,79,6,6e-05|0.01327,6e-05,2,1
2500,23,18,55,0.0,0.0,0.0,0.09601283073425293,0.011124610900878906,0.0,0.0,1,1,0.014241840312934516,0.007982027918545478,0.09275531768798828,0.003805875778198242,79,4,-0.0205|-0.00798,-0.00798,2,1
2500,24,65,43,6.932614361912742e-16,0.0,0.0,0.09816479682922363,0.010846853256225586,0.0,0.0,1,1,0.033030460095838085,0.033030460095838085,0.08981037139892578,0.009977340698242188,79,15,-0.03303,-0.03303,1,1
2500,25,32,28,0.0,0.0,0.0,0.08959841728210449,0.003568410873413086,0.0,0.0,1,1,0.011218737558439551,0.003122863937130505,0.09412646293640137,0.0027768611907958984,79,2,0.00312|0.01931,0.00312,2,1
2500,26,52,72,3.552713678800501e-16,0.0,0.0,0.08913683891296387,0.02539849281311035,0.0,0.0,1,1,0.07722032998026862,0.07722032998026862,0.16260194778442383,0.024449825286865234,79,22,-0.07722,-0.07722,1,1
2500,27,26,40,0.0,0.0,0.0,0.08478689193725586,0.004384517669677734,0.0,0.0,1,1,0.013413168381832031,0.007331202254494117,0.09008169174194336,0.010170936584472656,79,4,-0.0195|-0.00733,-0.00733,2,1
2500,28,31,50,0.0,0.0,0.0,0.09134149551391602,0.010477781295776367,0.0,0.0,1,1,0.05470174259839884,0.05470174259839884,0.0854649543762207,0.009093761444091797,79,10,-0.0547,-0.0547,1,1
2500,29,23,55,0.0,0.0,0.0,0.08663821220397949,0.004590749740600586,0.0,0.0,1,1,0.016253331590385788,0.016253331590385788,0.09901690483093262,0.0035178661346435547,79,4,-0.01625,-0.01625,1,1
2500,30,35,7,0.0,0.0,0.0,0.08700370788574219,0.003373861312866211,0.0,0.0,1,1,0.010050233347144883,0.010050233347144883,0.08863234519958496,0.002717256546020508,79,2,-0.01005,-0.01005,1,1
2500,31,58,71,2.3684757858670006e-16,0.0,0.0,0.09360027313232422,0.02469944953918457,0.0,0.0,1,1,0.06878054187228853,0.06878054187228853,0.08782553672790527,0.02851128578186035,79,25,-0.06878,-0.06878,1,1
2500,32,18,73,1.0,0.5,0.5,0.0920407772064209,0.026646137237548828,1.0|2.0,1.0|2.0,2,2,0.5162167685658344,0.5162167685658344,0.08836650848388672,0.03397059440612793,79,27,1.03842|1.99401,1.03842|1.99401,2,2
2500,33,61,34,0.0,0.0,0.0,0.09405946731567383,0.004786252975463867,0.0,0.0,1,1,0.021338736734894424,0.021338736734894424,0.0887153148651123,0.004183053970336914,79,6,0.02134,0.02134,1,1
2500,34,29,3,0.0,0.0,0.0,0.08868193626403809,0.0035843849182128906,0.0,0.0,1,1,0.004981093834510782,0.004981093834510782,0.09499907493591309,0.002803802490234375,79,2,0.00498,0.00498,1,1
2500,35,1,69,1.0,0.3333333333333333,0.5,0.08699417114257812,0.0061419010162353516,0.0|1.0,0.0|1.0,2,2,0.40281870992304025,0.5549376076546433,0.0883629322052002,0.005242347717285156,79,6,-0.06581|0.90142|0.95593,-0.06581|0.95593,3,2
2500,36,21,37,0.0,0.0,0.0,0.09512591361999512,0.0037839412689208984,0.0,0.0,1,1,0.012398366747478259,0.0001283201617604982,0.08789205551147461,0.0028328895568847656,79,2,-0.02467|0.00013,0.00013,2,1
2500,37,23,24,0.0,0.0,0.0,0.08820843696594238,0.0046236515045166016,0.0,0.0,1,1,0.007706136538265442,0.007706136538265442,0.09315967559814453,0.0036249160766601562,79,4,-0.00771,-0.00771,1,1
2500,38,31,20,0.0,0.0,0.0,0.09283041954040527,0.0067539215087890625,0.0,0.0,1,1,0.026227226142477036,0.026227226142477036,0.08890748023986816,0.005765676498413086,79,5,-0.02623,-0.02623,1,1
2500,39,63,2,0.0,0.0,0.0,0.09675025939941406,0.004957675933837891,0.0,0.0,1,1,0.03156522590051292,0.03156522590051292,0.09576082229614258,0.004006862640380859,79,6,0.03157,0.03157,1,1
2500,40,67,36,-5.423902068220817e-17,0.0,0.0,0.08874034881591797,0.009747982025146484,-0.0,-0.0,1,1,0.06108953563566661,0.06108953563566661,0.09566164016723633,0.008479833602905273,79,13,-0.06109,-0.06109,1,1
2500,41,68,58,3.9474596431116675e-16,0.0,0.0,0.08686184883117676,0.029466629028320312,0.0,0.0,1,1,0.08851019209382048,0.08851019209382048,0.08898782730102539,0.02229166030883789,79,21,0.08851,0.08851,1,1
2500,42,63,12,0.0,0.0,0.0,0.10382986068725586,0.004674673080444336,0.0,0.0,1,1,0.005746579787561156,0.005746579787561156,0.08952999114990234,0.003916501998901367,79,6,-0.00575,-0.00575,1,1
2500,43,63,9,0.0,0.0,0.0,0.09000968933105469,0.004894733428955078,0.0,0.0,1,1,0.0021869716629055445,0.0021869716629055445,0.0937798023223877,0.004452705383300781,79,6,-0.00219,-0.00219,1,1
2500,44,62,15,0.0,0.0,0.0,0.0888054370880127,0.0295565128326416,0.0,0.0,1,1,0.004791071784438864,0.004791071784438864,0.09942436218261719,0.03021979331970215,79,27,0.00479,0.00479,1,1
2500,45,13,51,0.0,0.0,0.0,0.15261030197143555,0.006554603576660156,0.0,0.0,1,1,0.008640274734416389,0.006777505282679196,0.09220433235168457,0.005354404449462891,79,6,-0.0105|0.00678,0.00678,2,1
2500,46,63,32,0.0,0.0,0.0,0.08938479423522949,0.004780292510986328,0.0,0.0,1,1,0.006081844102741503,0.006081844102741503,0.08480691909790039,0.003991127014160156,79,6,0.00608,0.00608,1,1
2500,47,9,5,0.0,0.0,0.0,0.08640050888061523,0.00347137451171875,0.0,0.0,1,1,0.0024981527795476586,0.003791521576753759,0.09330344200134277,0.003182649612426758,79,2,-0.00379|0.0012,-0.00379,2,1
2500,48,72,12,0.0,0.0,0.0,0.09053611755371094,0.01914668083190918,0.0,0.0,1,1,0.0318655779770178,0.0318655779770178,0.09042239189147949,0.012187004089355469,79,15,-0.03187,-0.03187,1,1
2500,49,20,16,0.0,0.0,0.0,0.0949864387512207,0.0034143924713134766,0.0,0.0,1,1,0.013894389121543506,0.0030372325329991712,0.08742284774780273,0.002738475799560547,79,2,-0.02491|-0.01374|-0.00304,-0.00304,3,1
2500,50,46,79,-1.8167285857502563e-16,0.0,0.0,0.08838868141174316,0.010493278503417969,-0.0,-0.0,1,1,0.08046446692165696,0.08046446692165696,0.09474897384643555,0.009575366973876953,79,15,-0.08046,-0.08046,1,1
2500,51,73,9,2.8823097754691566e-17,0.0,0.0,0.08748388290405273,0.02783966064453125,0.0,0.0,1,1,0.008741722474149803,0.008741722474149803,0.0947117805480957,0.02750539779663086,79,28,0.00874,0.00874,1,1
2500,52,15,35,0.0,0.0,0.0,0.08843636512756348,0.0034668445587158203,0.0,0.0,1,1,0.025913930068395558,0.025913930068395558,0.0926826000213623,0.0027587413787841797,79,2,-0.02591,-0.02591,1,1
2500,53,63,5,0.0,0.0,0.0,0.0884401798248291,0.004677534103393555,0.0,0.0,1,1,0.012780679379270285,0.012780679379270285,0.08976221084594727,0.00402379035949707,79,6,0.01278,0.01278,1,1
2500,54,27,31,0.0,0.0,0.0,0.09566593170166016,0.0066416263580322266,0.0,0.0,1,1,0.012172721312677506,0.006363295441369062,0.0948028564453125,0.00570988655090332,79,5,0.00636|0.01404|0.01612,0.00636,3,1
2500,55,30,36,0.0,0.0,0.0,0.08823323249816895,0.006514072418212891,0.0,0.0,1,1,0.021304706072489837,0.007581598183150229,0.09488964080810547,0.005530118942260742,79,6,0.00758|0.02456|0.03177,0.00758,3,1
2500,56,26,53,0.0,0.0,0.0,0.08670735359191895,0.012743234634399414,0.0,0.0,1,1,0.005019609597144087,0.0015234393069188748,0.08832097053527832,0.019217967987060547,79,18,-0.00852|0.00152,0.00152,2,1
2500,57,58,26,2.9943996000707345e-17,0.0,0.0,0.0949547290802002,0.008277654647827148,0.0,0.0,1,1,0.0037528684459551577,0.0037528684459551577,0.08883094787597656,0.007027864456176758,79,12,0.00375,0.00375,1,1
2500,58,11,58,1.0,0.0,0.0,0.08970999717712402,0.005771160125732422,1.0,1.0,1,1,0.01104370572998048,0.002127581759290287,0.09707140922546387,0.005025148391723633,79,10,0.98004|1.00213,1.00213,2,1
2500,59,15,5,0.0,0.0,0.0,0.09004545211791992,0.0034780502319335938,0.0,0.0,1,1,0.011808806226221767,0.011808806226221767,0.09685611724853516,0.0027687549591064453,79,2,0.01181,0.01181,1,1
2500,60,69,60,3.3306690738754696e-16,0.0,0.0,0.09453225135803223,0.017450809478759766,0.0,0.0,1,1,0.059301291829476764,0.059301291829476764,0.0881795883178711,0.0307464599609375,79,21,-0.0593,-0.0593,1,1
2500,61,6,33,0.0,0.0,0.0,0.09573888778686523,0.004538536071777344,0.0,0.0,1,1,0.011247176179720444,0.009590206034216205,0.0896461009979248,0.003864765167236328,79,4,0.00959|0.0129,0.00959,2,1
2500,62,48,17,0.0,0.0,0.0,0.08852529525756836,0.0034694671630859375,0.0,0.0,1,1,0.0038576941925478926,0.0006602347235387719,0.09417533874511719,0.002797842025756836,79,2,-0.00066|0.00706,-0.00066,2,1
2500,63,78,77,0.0,0.0,0.0,0.09402585029602051,0.006170749664306641,0.0,0.0,1,1,0.053466952588500684,0.053466952588500684,0.08881568908691406,0.005327701568603516,79,6,-0.05347,-0.05347,1,1
2500,64,9,2,0.0,0.0,0.0,0.09106683731079102,0.003414154052734375,0.0,0.0,1,1,0.005917205323059926,0.00894885716336894,0.0865473747253418,0.002845287322998047,79,2,-0.00895|0.00289,-0.00895,2,1
2500,65,74,73,-7.401486830834377e-17,0.0,0.0,0.0862891674041748,0.02864980697631836,-0.0,-0.0,1,1,0.09665303425856053,0.09665303425856053,0.09262466430664062,0.03194928169250488,79,29,-0.09665,-0.09665,1,1
2500,66,60,59,0.0,0.0,0.0,0.08892083168029785,0.021358728408813477,0.0,0.0,1,1,0.017209227940171875,0.017209227940171875,0.09176039695739746,0.021554231643676758,79,22,0.01721,0.01721,1,1
2500,67,45,47,0.0,0.0,0.0,0.09044337272644043,0.012662172317504883,0.0,0.0,1,1,0.006752361794761443,0.006752361794761443,0.09273266792297363,0.011911153793334961,79,17,-0.00675,-0.00675,1,1
2500,68,62,34,-2.660138336230573e-16,0.0,0.0,0.08857250213623047,0.03732728958129883,-0.0,-0.0,1,1,0.0058914128354102995,0.0058914128354102995,0.08832216262817383,0.031111717224121094,79,27,-0.00589,-0.00589,1,1
2500,69,29,55,0.0,0.0,0.0,0.08692336082458496,0.005383729934692383,0.0,0.0,1,1,0.005559511175773452,0.005559511175773452,0.09498310089111328,0.0035715103149414062,79,4,0.00556,0.00556,1,1
2500,70,1,65,1.0,0.0,0.0,0.09663772583007812,0.00595402717590332,1.0,1.0,1,1,0.02406707605822404,0.012698412395960923,0.08862829208374023,0.0048675537109375,79,9,0.96025|0.98025|0.9873,0.9873,3,1
2500,71,19,54,0.0,0.0,0.0,0.08832073211669922,0.004420757293701172,0.0,0.0,1,1,0.020562774994601084,0.006948456701198326,0.09374880790710449,0.0037851333618164062,79,4,0.00695|0.0251|0.02964,0.00695,3,1
2500,72,69,39,0.0,0.0,0.0,0.08763718605041504,0.013788461685180664,0.0,0.0,1,1,0.05030481946545488,0.05030481946545488,0.08915925025939941,0.006256818771362305,79,9,-0.0503,-0.0503,1,1
2500,73,12,35,0.0,0.0,0.0,0.10161924362182617,0.0034515857696533203,0.0,0.0,1,1,0.013354689403470609,0.0070894165665110415,0.08856463432312012,0.002718687057495117,79,2,-0.01968|-0.01407|-0.00709|0.01258,-0.00709,4,1
2500,74,33,48,0.0,0.0,0.0,0.08986997604370117,0.004526376724243164,0.0,0.0,1,1,0.03155627366252724,0.03155627366252724,0.09394550323486328,0.003648996353149414,79,4,-0.03156,-0.03156,1,1
2500,75,41,12,0.0,0.0,0.0,0.08753776550292969,0.0037546157836914062,0.0,0.0,1,1,0.0016114630173883373,0.0012700695930434056,0.08907508850097656,0.002727031707763672,79,2,0.00127|0.00195,0.00127,2,1
2500,76,16,65,2.0,1.0,1.0,0.09880757331848145,0.007758378982543945,0.0|2.0,0.0|2.0,2,2,1.0164188102542537,1.0164188102542537,0.08923864364624023,0.006688117980957031,79,10,-0.00623|1.97339,-0.00623|1.97339,2,2
2500,77,33,60,1.9999999999999996,0.0,0.0,0.08954572677612305,0.013584613800048828,2.0,2.0,1,1,0.05744125232912034,0.05744125232912034,0.09476113319396973,0.01272273063659668,79,16,1.94256,1.94256,1,1
2500,78,32,74,0.0,0.16666666666666666,0.16666666666666666,0.08828067779541016,0.0069539546966552734,0.0|0.33333,0.0|0.33333,2,2,0.18022909576058713,0.18022909576058713,0.09920096397399902,0.005933046340942383,79,8,-0.03312|0.32734,-0.03312|0.32734,2,2
2500,79,62,80,-2.358949119649095e-15,0.0,0.0,0.0952606201171875,0.0669698715209961,-0.0,-0.0,1,1,0.016613840000146422,0.016613840000146422,0.09609103202819824,0.056911468505859375,79,41,-0.01661,-0.01661,1,1
2500,80,36,14,0.0,0.0,0.0,0.09663224220275879,0.006926774978637695,0.0,0.0,1,1,0.005439540758051655,0.005439540758051655,0.08989691734313965,0.005661487579345703,79,6,0.00544,0.00544,1,1
2500,81,69,68,0.0,0.0,0.0,0.0929255485534668,0.012737751007080078,0.0,0.0,1,1,0.17143727095510286,0.17143727095510286,0.0966644287109375,0.012350320816040039,79,17,-0.17144,-0.17144,1,1
2500,82,61,78,1.9032394707859825e-16,0.0,0.0,0.09017395973205566,0.009292125701904297,0.0,0.0,1,1,0.009748797972737902,0.009748797972737902,0.1625359058380127,0.007706403732299805,79,9,-0.00975,-0.00975,1,1
2500,83,72,10,0.0,0.0,0.0,0.09136962890625,0.01462554931640625,0.0,0.0,1,1,0.0026247538026810493,0.0026247538026810493,0.08679652214050293,0.014000654220581055,79,16,0.00262,0.00262,1,1
2500,84,11,18,0.0,0.0,0.0,0.0972146987915039,0.0035119056701660156,0.0,0.0,1,1,0.01138044493369621,0.004324210591300268,0.0865325927734375,0.0028128623962402344,79,2,0.00432|0.01844,0.00432,2,1
2500,85,12,59,1.0,0.25,0.5,0.08591794967651367,0.007097721099853516,0.0|1.0,0.0|1.0,2,2,0.26622052754892533,0.510957307079493,0.10460066795349121,0.005958080291748047,79,6,-0.01331|0.97418|0.98285|0.9914,-0.01331|0.9914,4,2
2500,86,50,38,0.0,0.0,0.0,0.08669710159301758,0.007995367050170898,0.0,0.0,1,1,0.02799079388686716,0.02799079388686716,0.08744645118713379,0.007173061370849609,79,8,0.02799,0.02799,1,1
2500,87,73,2,-1.8358898182251861e-16,0.0,0.0,0.09624671936035156,0.0288236141204834,-0.0,-0.0,1,1,0.037325854927092915,0.037325854927092915,0.09004759788513184,0.03545236587524414,79,28,0.03733,0.03733,1,1
2500,88,35,49,0.0,0.0,0.0,0.09306597709655762,0.004557371139526367,0.0,0.0,1,1,0.004745286810716202,0.004745286810716202,0.08925914764404297,0.003879547119140625,79,5,0.00475,0.00475,1,1
2500,89,32,73,1.0,0.16666666666666663,0.16666666666666663,0.08918309211730957,0.03003406524658203,1.0|1.33333,1.0|1.33333,2,2,0.17707986193830993,0.17707986193830993,0.09338760375976562,0.02707219123840332,79,27,1.01468|1.33948,1.01468|1.33948,2,2
2500,90,8,30,0.0,0.0,0.0,0.08993053436279297,0.0037348270416259766,0.0,0.0,1,1,0.013014414829916724,0.004128893145912657,0.09408187866210938,0.002761363983154297,79,2,-0.02806|-0.01354|-0.00632|-0.00413,-0.00413,4,1
2500,91,7,64,0.0,0.0,0.0,0.08852076530456543,0.004969596862792969,0.0,0.0,1,1,0.008402443777660841,0.007521058236817693,0.1004638671875,0.004270315170288086,79,5,-0.00928|-0.00752,-0.00752,2,1
2500,92,79,65,0.0,0.0,0.0,0.09375286102294922,0.010923385620117188,0.0,0.0,1,1,0.016420508502348836,0.016420508502348836,0.08812975883483887,0.010050773620605469,79,16,-0.01642,-0.01642,1,1
2500,93,12,2,0.0,0.0,0.0,0.09131240844726562,0.0038733482360839844,0.0,0.0,1,1,0.031666179284467716,0.01849310007044252,0.09591007232666016,0.002739429473876953,79,2,0.01849|0.02914|0.0346|0.04443,0.01849,4,1
2500,94,16,10,0.0,0.0,0.0,0.09230279922485352,0.0034983158111572266,0.0,0.0,1,1,0.04318467499401131,0.01768291079170928,0.09478926658630371,0.002741098403930664,79,2,0.01768|0.06869,0.01768,2,1
2500,95,23,64,0.0,0.0,0.0,0.09624505043029785,0.005292177200317383,0.0,0.0,1,1,0.012202041276956895,0.012202041276956895,0.08948016166687012,0.004315376281738281,79,5,-0.0122,-0.0122,1,1
2500,96,34,59,0.0,0.3333333333333333,0.3333333333333333,0.09255576133728027,0.006894350051879883,0.0|0.66667,0.0|0.66667,2,2,0.35994275903339457,0.35994275903339457,0.09485983848571777,0.00552058219909668,79,6,0.04642|0.67347,0.04642|0.67347,2,2
2500,97,32,33,0.0,0.16666666666666666,0.16666666666666666,0.0888984203338623,0.015720844268798828,0.0|0.33333,0.0|0.33333,2,2,0.1705836260765142,0.1705836260765142,0.09021711349487305,0.005883693695068359,79,7,0.00544|0.33573,0.00544|0.33573,2,2
2500,98,55,25,0.0,0.0,0.0,0.10138607025146484,0.004839420318603516,0.0,0.0,1,1,0.024044172955671246,0.024044172955671246,0.09197235107421875,0.003983497619628906,79,6,-0.02404,-0.02404,1,1
2500,99,42,11,0.0,0.3333333333333333,0.3333333333333333,0.08988308906555176,0.006258964538574219,0.0|0.66667,0.0|0.66667,2,2,0.33671260326121494,0.33671260326121494,0.09413790702819824,0.005034685134887695,79,3,0.00332|0.67011,0.00332|0.67011,2,2
5000,0,65,60,1.802479734097313e-15,0.0,0.0,0.08893799781799316,0.030794858932495117,0.0,0.0,1,1,0.023842209087676928,0.023842209087676928,0.09031009674072266,0.024206876754760742,79,24,0.02384,0.02384,1,1
5000,1,5,21,0.0,0.0,0.0,0.15372323989868164,0.009958505630493164,0.0,0.0,1,1,0.007824509142538112,0.009684543502685132,0.08877992630004883,0.003299713134765625,79,2,-0.00968|-0.00596,-0.00968,2,1
5000,2,62,21,6.817978524987657e-16,0.0,0.0,0.09504199028015137,0.027651548385620117,0.0,0.0,1,1,0.008119291396993933,0.008119291396993933,0.08532118797302246,0.034703969955444336,79,26,0.00812,0.00812,1,1
5000,3,66,61,-6.762960392567887e-16,0.0,0.0,0.08986711502075195,0.01904463768005371,-0.0,-0.0,1,1,0.008963474894937751,0.008963474894937751,0.0853428840637207,0.018207311630249023,79,18,0.00896,0.00896,1,1
5000,4,64,44,0.0,0.0,0.0,0.09939765930175781,0.01481771469116211,0.0,0.0,1,1,0.03801986525124552,0.03801986525124552,0.08716225624084473,0.014322757720947266,79,16,-0.03802,-0.03802,1,1
5000,5,26,15,0.0,0.0,0.0,0.08923816680908203,0.003476858139038086,0.0,0.0,1,1,0.0069546667087358825,0.004033513918527246,0.09284615516662598,0.0027756690979003906,79,2,0.00403|0.00988,0.00403,2,1
5000,6,58,54,5.988799200141469e-17,0.0,0.0,0.08733081817626953,0.012962579727172852,0.0,0.0,1,1,0.020631122515116288,0.020631122515116288,0.0914008617401123,0.005901336669921875,79,12,0.02063,0.02063,1,1
5000,7,13,59,1.0,0.5,0.5,0.0939948558807373,0.006596565246582031,0.0|1.0,0.0|1.0,2,2,0.501291445185249,0.501291445185249,0.08817219734191895,0.005542755126953125,79,6,0.02209|1.02467,0.02209|1.02467,2,2
5000,8,67,33,0.0,0.0,0.0,0.09014368057250977,0.0064013004302978516,0.0,0.0,1,1,0.019483003908437387,0.019483003908437387,0.09490609169006348,0.005326986312866211,79,11,-0.01948,-0.01948,1,1
5000,9,42,28,0.0,0.0,0.0,0.08779144287109375,0.010845661163330078,0.0,0.0,1,1,0.005220438275628303,0.0007832726061860057,0.08970308303833008,0.0030264854431152344,79,2,-0.00078|0.00966,-0.00078,2,1
5000,10,18,36,0.0,0.0,0.0,0.09717965126037598,0.006507158279418945,0.0,0.0,1,1,0.018345507423407743,0.014109318091500869,0.09427785873413086,0.0071926116943359375,79,6,0.01411|0.02258,0.01411,2,1
5000,11,65,29,0.0,0.0,0.0,0.0886695384979248,0.0063474178314208984,0.0,0.0,1,1,0.03022291898135726,0.03022291898135726,0.0946044921875,0.00506591796875,79,10,-0.03022,-0.03022,1,1
5000,12,65,73,8.620555250030627e-16,0.0,0.0,0.08802080154418945,0.043918609619140625,0.0,0.0,1,1,0.020490213296437222,0.020490213296437222,0.0907752513885498,0.03448319435119629,79,31,0.02049,0.02049,1,1
5000,13,64,10,0.0,0.0,0.0,0.08826065063476562,0.005426883697509766,0.0,0.0,1,1,0.006888993937172673,0.006888993937172673,0.09625673294067383,0.004250764846801758,79,5,-0.00689,-0.00689,1,1
5000,14,3,55,0.0,0.0,0.0,0.09467601776123047,0.004309892654418945,0.0,0.0,1,1,0.007370630142539831,0.0036347594484214475,0.09210395812988281,0.0036721229553222656,79,4,-0.01738|-0.00363|0.00379|0.00467,-0.00363,4,1
5000,15,16,18,0.0,0.0,0.0,0.09712600708007812,0.005458354949951172,0.0,0.0,1,1,0.005383646007848208,0.0002705474981485969,0.08728313446044922,0.0028722286224365234,79,2,-0.0105|-0.00027,-0.00027,2,1
5000,16,65,60,1.802479734097313e-15,0.0,0.0,0.08916497230529785,0.024543046951293945,0.0,0.0,1,1,0.00934232706471235,0.00934232706471235,0.0987861156463623,0.02377915382385254,79,24,0.00934,0.00934,1,1
5000,17,53,74,-4.527968414157502e-16,0.0,0.0,0.0896759033203125,0.016364574432373047,-0.0,-0.0,1,1,0.029930164277717435,0.029930164277717435,0.0974893569946289,0.015046119689941406,79,20,0.02993,0.02993,1,1
5000,18,60,77,0.0,0.0,0.0,0.08755278587341309,0.02158069610595703,0.0,0.0,1,1,0.00500463785142573,0.00500463785142573,0.0894160270690918,0.014471769332885742,79,17,-0.005,-0.005,1,1
5000,19,35,8,0.0,0.0,0.0,0.09424257278442383,0.0035479068756103516,0.0,0.0,1,1,0.0009450093462377992,0.0009450093462377992,0.08954262733459473,0.002791166305541992,79,2,0.00095,0.00095,1,1
5000,20,48,13,0.0,0.0,0.0,0.08707809448242188,0.0037293434143066406,0.0,0.0,1,1,0.006127181126730428,0.0015176533323563452,0.09045171737670898,0.002777576446533203,79,2,0.00152|0.01074,0.00152,2,1
5000,21,65,13,0.0,0.0,0.0,0.08556890487670898,0.011718988418579102,0.0,0.0,1,1,0.005163110624501567,0.005163110624501567,0.08691859245300293,0.005036830902099609,79,9,-0.00516,-0.00516,1,1
5000,22,77,4,0.0,0.0,0.0,0.09120893478393555,0.0034978389739990234,0.0,0.0,1,1,0.012182300777849379,0.0037423924188759866,0.0859227180480957,0.0028765201568603516,79,2,-0.02062|-0.00374,-0.00374,2,1
5000,23,27,13,0.0,0.0,0.0,0.09051513671875,0.0035104751586914062,0.0,0.0,1,1,0.007017192338546564,0.0044828712125436565,0.09349656105041504,0.0027768611907958984,79,2,0.00448|0.00606|0.01051,0.00448,3,1
5000,24,58,6,2.9943996000707345e-17,0.0,0.0,0.09328913688659668,0.00809788703918457,0.0,0.0,1,1,0.010634716812571403,0.010634716812571403,0.08785176277160645,0.007231712341308594,79,12,0.01063,0.01063,1,1
5000,25,6,55,0.0,0.0,0.0,0.0940408706665039,0.004336357116699219,0.0,0.0,1,1,0.0066318412224633735,0.0026457011114131156,0.08743071556091309,0.0036096572875976562,79,4,0.00265|0.01062,0.00265,2,1
5000,26,46,44,0.0,0.0,0.0,0.08864784240722656,0.016736268997192383,0.0,0.0,1,1,0.008076514588068111,0.008076514588068111,0.09489321708679199,0.016967296600341797,79,20,-0.00808,-0.00808,1,1
5000,27,3,72,1.0,0.25,0.5,0.08862113952636719,0.022242307662963867,0.0|1.0,0.0|1.0,2,2,0.28863771840531516,0.5305456817591047,0.08928847312927246,0.015076875686645508,79,17,-0.02076|1.04033|1.04212|1.05134,-0.02076|1.04033,4,2
5000,28,66,26,0.0,0.0,0.0,0.0893259048461914,0.012032747268676758,0.0,0.0,1,1,0.008200756123675546,0.008200756123675546,0.08863234519958496,0.01866888999938965,79,15,-0.0082,-0.0082,1,1
5000,29,72,13,0.0,0.0,0.0,0.10077190399169922,0.01623058319091797,0.0,0.0,1,1,0.00711622014644866,0.00711622014644866,0.0885772705078125,0.015860557556152344,79,16,0.00712,0.00712,1,1
5000,30,50,15,0.0,0.0,0.0,0.09807705879211426,0.008457422256469727,0.0,0.0,1,1,0.006110097978980773,0.006110097978980773,0.0871744155883789,0.00829768180847168,79,8,-0.00611,-0.00611,1,1
5000,31,18,68,1.0,0.25,0.25,0.08919882774353027,0.011193275451660156,1.0|1.5,1.0|1.5,2,2,0.24568821043977607,0.24568821043977607,0.09660601615905762,0.010954141616821289,79,13,0.99597|1.48735,0.99597|1.48735,2,2
5000,32,47,57,0.0,0.0,0.0,0.08955812454223633,0.022991418838500977,0.0,0.0,1,1,0.006632078234345696,0.006632078234345696,0.0924079418182373,0.018268108367919922,79,20,0.00663,0.00663,1,1
5000,33,47,24,0.0,0.0,0.0,0.09328150749206543,0.014153480529785156,0.0,0.0,1,1,0.03059797188500728,0.03059797188500728,0.08912944793701172,0.013216972351074219,79,18,-0.0306,-0.0306,1,1
5000,34,65,6,8.879272380203458e-17,0.0,0.0,0.09522104263305664,0.007723331451416016,0.0,0.0,1,1,0.02780063483172992,0.02780063483172992,0.08847403526306152,0.006621837615966797,79,10,0.0278,0.0278,1,1
5000,35,23,69,0.0,0.0,0.0,0.08928298950195312,0.004690647125244141,0.0,0.0,1,1,0.002546113213168831,0.002546113213168831,0.10138821601867676,0.0043680667877197266,79,6,-0.00255,-0.00255,1,1
5000,36,24,3,0.0,0.0,0.0,0.09157085418701172,0.004865884780883789,0.0,0.0,1,1,0.009669710783857772,0.009669710783857772,0.08967828750610352,0.0035982131958007812,79,4,0.00967,0.00967,1,1
5000,37,73,64,-1.3237274524376866e-16,0.0,0.0,0.09573101997375488,0.026968002319335938,-0.0,-0.0,1,1,0.030957723782341434,0.030957723782341434,0.08916997909545898,0.034697771072387695,79,28,0.03096,0.03096,1,1
5000,38,70,34,0.0,0.0,0.0,0.0949714183807373,0.0185854434967041,0.0,0.0,1,1,0.005579258232630956,0.005579258232630956,0.15367484092712402,0.024454355239868164,79,18,0.00558,0.00558,1,1
5000,39,66,77,0.0,0.0,0.0,0.0908668041229248,0.010467767715454102,0.0,0.0,1,1,0.0034141724340110723,0.0034141724340110723,0.08754992485046387,0.009447574615478516,79,14,0.00341,0.00341,1,1
5000,40,73,45,0.0,0.0,0.0,0.08755993843078613,0.02770686149597168,0.0,0.0,1,1,0.028575148471175153,0.028575148471175153,0.09179902076721191,0.02759242057800293,79,29,0.02858,0.02858,1,1
5000,41,39,60,1.0,0.0,0.0,0.09321022033691406,0.01324462890625,1.0,1.0,1,1,0.050174736387528895,0.050174736387528895,0.0933229923248291,0.013279199600219727,79,16,1.05017,1.05017,1,1
5000,42,38,61,0.0,0.0,0.0,0.088104248046875,0.004852771759033203,0.0,0.0,1,1,0.0017573878712096632,0.0017573878712096632,0.09678769111633301,0.00402069091796875,79,6,-0.00176,-0.00176,1,1
5000,43,41,40,0.0,0.0,0.0,0.08700227737426758,0.004388332366943359,0.0,0.0,1,1,0.004543385691320568,0.0033650505259757556,0.08878254890441895,0.0035827159881591797,79,4,-0.00572|0.00337,0.00337,2,1
5000,44,50,58,-2.220446049250313e-16,0.0,0.0,0.09545302391052246,0.016402244567871094,-0.0,-0.0,1,1,0.03470419995988611,0.03470419995988611,0.08757925033569336,0.01614689826965332,79,18,0.0347,0.0347,1,1
5000,45,43,73,1.708035422500241e-16,0.0,0.0,0.08893156051635742,0.03220105171203613,0.0,0.0,1,1,0.08874397568449316,0.08874397568449316,0.0930182933807373,0.03261542320251465,79,32,0.08874,0.08874,1,1
5000,46,19,51,0.0,0.3333333333333333,0.25,0.09399008750915527,0.007709503173828125,0.0|0.5,0.0|0.5,2,2,0.3441321121295356,0.25922718299245134,0.08811020851135254,0.006714820861816406,79,6,-0.01617|0.50228|0.51394,-0.01617|0.50228,3,2
5000,47,40,26,0.0,0.0,0.0,0.0887458324432373,0.004604816436767578,0.0,0.0,1,1,0.014527033301674052,0.014527033301674052,0.09734010696411133,0.0035796165466308594,79,4,-0.01453,-0.01453,1,1
5000,48,46,70,0.0,0.0,0.0,0.0875539779663086,0.03592967987060547,0.0,0.0,1,1,0.03133036100423241,0.03133036100423241,0.08898377418518066,0.027319669723510742,79,26,-0.03133,-0.03133,1,1
5000,49,18,34,0.0,0.0,0.0,0.08801436424255371,0.003549337387084961,0.0,0.0,1,1,0.00903144695612406,0.004317318414252457,0.08923530578613281,0.009738445281982422,79,2,0.00432|0.01375,0.00432,2,1
5000,50,62,3,-2.307525732648357e-16,0.0,0.0,0.0943140983581543,0.028049707412719727,-0.0,-0.0,1,1,0.06796949073086193,0.06796949073086193,0.08810234069824219,0.04006814956665039,79,26,0.06797,0.06797,1,1
5000,51,6,57,0.0,0.0,0.0,0.09295034408569336,0.006437540054321289,0.0,0.0,1,1,0.005634664390420833,0.003251224071620141,0.09103846549987793,0.005283355712890625,79,6,-0.00802|0.00325,0.00325,2,1
5000,52,58,77,0.0,0.0,0.0,0.09011054039001465,0.007962942123413086,0.0,0.0,1,1,0.014231140870326264,0.014231140870326264,0.09567022323608398,0.007046222686767578,79,12,0.01423,0.01423,1,1
5000,53,32,74,0.0,0.16666666666666666,0.16666666666666666,0.08947205543518066,0.007143974304199219,0.0|0.33333,0.0|0.33333,2,2,0.17566368880098793,0.17566368880098793,0.10159111022949219,0.006036281585693359,79,8,-0.02385|0.32748,-0.02385|0.32748,2,2
5000,54,76,33,8.881784197001252e-16,0.0,0.0,0.09591007232666016,0.03637242317199707,0.0,0.0,1,1,0.0065562257404591815,0.0065562257404591815,0.08884453773498535,0.030338764190673828,79,29,-0.00656,-0.00656,1,1
5000,55,19,24,0.0,0.0,0.0,0.08929920196533203,0.004256725311279297,0.0,0.0,1,1,0.01554181577824851,0.007629519893886192,0.08951354026794434,0.010367393493652344,79,4,-0.02044|-0.01855|-0.00763,-0.00763,3,1
5000,56,79,52,0.0,0.0,0.0,0.09451794624328613,0.006676912307739258,0.0,0.0,1,1,0.0009683058197350669,0.0009683058197350669,0.08946681022644043,0.005652427673339844,79,11,-0.00097,-0.00097,1,1
5000,57,53,66,-5.574558746571865e-16,0.0,0.0,0.08556365966796875,0.026105880737304688,-0.0,-0.0,1,1,0.02211902613149385,0.02211902613149385,0.09056711196899414,0.026822566986083984,79,26,0.02212,0.02212,1,1
5000,58,13,11,0.0,0.0,0.0,0.08517313003540039,0.003818035125732422,0.0,0.0,1,1,0.015698187736206154,0.010967326297383957,0.09095406532287598,0.002713441848754883,79,2,0.01097|0.02043,0.01097,2,1
5000,59,4,34,0.0,0.0,0.0,0.08541631698608398,0.0034890174865722656,0.0,0.0,1,1,0.010563682740279641,0.010563682740279641,0.08626985549926758,0.0028405189514160156,79,2,-0.01056,-0.01056,1,1
5000,60,14,19,0.0,0.0,0.0,0.10090398788452148,0.003425121307373047,0.0,0.0,1,1,0.010605951953023536,0.010605951953023536,0.08663415908813477,0.0028655529022216797,79,2,0.01061,0.01061,1,1
5000,61,20,19,0.0,0.0,0.0,0.0872335433959961,0.003473043441772461,0.0,0.0,1,1,0.0025441540078884385,0.0006813562489129656,0.09424591064453125,0.002844572067260742,79,2,-0.00575|-0.00068|0.0012,-0.00068,3,1
5000,62,17,21,0.0,0.0,0.0,0.09237146377563477,0.003391265869140625,0.0,0.0,1,1,0.0097499958767734,0.0097499958767734,0.08702445030212402,0.002790212631225586,79,2,-0.00975,-0.00975,1,1
5000,63,41,48,0.0,0.0,0.0,0.08980393409729004,0.0034210681915283203,0.0,0.0,1,1,0.0043226866995061146,0.0015488065156720487,0.09317445755004883,0.0027778148651123047,79,2,-0.00155|0.0071,-0.00155,2,1
5000,64,33,69,0.0,0.0,0.0,0.08828544616699219,0.005096912384033203,0.0,0.0,1,1,0.013530076208808833,0.013530076208808833,0.08793354034423828,0.011365175247192383,79,8,0.01353,0.01353,1,1
5000,65,33,20,0.0,0.0,0.0,0.09639763832092285,0.004550933837890625,0.0,0.0,1,1,0.023021232344999767,0.023021232344999767,0.08853721618652344,0.003915548324584961,79,4,0.02302,0.02302,1,1
5000,66,69,23,0.0,0.0,0.0,0.08870530128479004,0.004986763000488281,0.0,0.0,1,1,0.03463528675191109,0.03463528675191109,0.09988522529602051,0.0039272308349609375,79,6,-0.03464,-0.03464,1,1
5000,67,47,74,-3.6263509202297207e-16,0.0,0.0,0.0938572883605957,0.013627052307128906,-0.0,-0.0,1,1,0.007278753907292559,0.007278753907292559,0.08817148208618164,0.02082037925720215,79,18,-0.00728,-0.00728,1,1
5000,68,14,41,0.0,0.0,0.0,0.09349894523620605,0.0035238265991210938,0.0,0.0,1,1,0.00653329330641602,0.00653329330641602,0.09010720252990723,0.0028030872344970703,79,2,0.00653,0.00653,1,1
5000,69,57,45,0.0,0.0,0.0,0.08866548538208008,0.007171154022216797,0.0,0.0,1,1,0.002662077710391983,0.002662077710391983,0.09786868095397949,0.00559234619140625,79,8,-0.00266,-0.00266,1,1
5000,70,56,80,1.0,0.0,0.0,0.08856868743896484,0.03350019454956055,1.0,1.0,1,1,0.006922541857214304,0.006922541857214304,0.08982968330383301,0.026956796646118164,79,25,1.00692,1.00692,1,1
5000,71,58,27,2.9943996000707345e-17,0.0,0.0,0.08919095993041992,0.00874471664428711,0.0,0.0,1,1,0.039559427577057625,0.039559427577057625,0.0964348316192627,0.0076045989990234375,79,13,-0.03956,-0.03956,1,1
5000,72,20,3,0.0,0.0,0.0,0.09361481666564941,0.0035676956176757812,0.0,0.0,1,1,0.010716782133435963,0.005720607430444683,0.09540152549743652,0.0028810501098632812,79,2,0.00572|0.00886|0.01757,0.00572,3,1
5000,73,43,44,6.319731063250891e-16,0.0,0.0,0.0903780460357666,0.017544269561767578,0.0,0.0,1,1,0.06022379716589961,0.06022379716589961,0.09447431564331055,0.017687082290649414,79,19,-0.06022,-0.06022,1,1
5000,74,64,43,0.0,0.0,0.0,0.08904457092285156,0.009057998657226562,0.0,0.0,1,1,0.0062842800524375375,0.0062842800524375375,0.09641790390014648,0.007956743240356445,79,11,0.00628,0.00628,1,1
5000,75,74,76,1.0177044392397268e-15,0.0,0.0,0.08941054344177246,0.031193971633911133,0.0,0.0,1,1,0.4196766880262528,0.4196766880262528,0.1620807647705078,0.030063390731811523,79,31,-0.41968,-0.41968,1,1
5000,76,35,46,0.0,0.0,0.0,0.08650064468383789,0.007215976715087891,0.0,0.0,1,1,0.0031337452011639404,0.0031337452011639404,0.09328794479370117,0.006029605865478516,79,10,-0.00313,-0.00313,1,1
5000,77,56,48,0.0,0.0,0.0,0.0861656665802002,0.003472566604614258,0.0,0.0,1,1,0.0037012646142144325,0.0037012646142144325,0.09369754791259766,0.0032033920288085938,79,2,0.0037,0.0037,1,1
5000,78,44,42,3.608224830031759e-16,0.0,0.0,0.09134769439697266,0.010437726974487305,0.0,0.0,1,1,0.003947859788741803,0.003947859788741803,0.08509373664855957,0.009098291397094727,79,13,-0.00395,-0.00395,1,1
5000,79,69,61,0.0,0.0,0.0,0.0882573127746582,0.005319118499755859,0.0,0.0,1,1,0.006905204909982719,0.006905204909982719,0.09208226203918457,0.0045244693756103516,79,9,-0.00691,-0.00691,1,1
5000,80,4,76,1.0,0.0,0.0,0.08726930618286133,0.028446197509765625,1.0,1.0,1,1,0.005524007065965009,0.005524007065965009,0.09429025650024414,0.029085874557495117,79,29,1.00552,1.00552,1,1
5000,81,64,58,0.0,0.0,0.0,0.08779096603393555,0.00885462760925293,0.0,0.0,1,1,0.017563538638187163,0.017563538638187163,0.09236764907836914,0.008379697799682617,79,14,-0.01756,-0.01756,1,1
5000,82,66,63,-4.0167952091229998e-16,0.0,0.0,0.08792543411254883,0.019490480422973633,-0.0,-0.0,1,1,0.034478903785095424,0.034478903785095424,0.08926868438720703,0.011942148208618164,79,18,-0.03448,-0.03448,1,1
5000,83,61,30,0.0,0.0,0.0,0.09298896789550781,0.004709720611572266,0.0,0.0,1,1,0.003077007536660856,0.003077007536660856,0.08762621879577637,0.00396275520324707,79,6,0.00308,0.00308,1,1
5000,84,62,57,-6.067753560327589e-16,0.0,0.0,0.08869552612304688,0.028067827224731445,-0.0,-0.0,1,1,0.058961558145470244,0.058961558145470244,0.09582734107971191,0.027601957321166992,79,27,0.05896,0.05896,1,1
5000,85,28,37,0.0,0.0,0.0,0.09928083419799805,0.0038404464721679688,0.0,0.0,1,1,0.007954658081014657,0.002674380199519484,0.08676886558532715,0.0027446746826171875,79,2,-0.01323|-0.00267,-0.00267,2,1
5000,86,70,59,5.86532918669894e-16,0.0,0.0,0.08901166915893555,0.016420602798461914,0.0,0.0,1,1,0.036827235834310475,0.036827235834310475,0.09700584411621094,0.01604151725769043,79,17,-0.03683,-0.03683,1,1
5000,87,13,18,0.0,0.0,0.0,0.09048771858215332,0.003783702850341797,0.0,0.0,1,1,0.01153627328620169,0.006691119878386118,0.08914828300476074,0.0027511119842529297,79,2,-0.01638|-0.00669,-0.00669,2,1
5000,88,51,26,0.0,0.0,0.0,0.09994244575500488,0.006538867950439453,0.0,0.0,1,1,0.016240785106545284,0.016240785106545284,0.08935070037841797,0.0054972171783447266,79,6,-0.01624,-0.01624,1,1
5000,89,48,2,0.0,0.0,0.0,0.0885000228881836,0.0035119056701660156,0.0,0.0,1,1,0.01640156324604815,0.005410193701030003,0.09587574005126953,0.0056607723236083984,79,2,-0.02739|-0.00541,-0.00541,2,1
5000,90,3,7,0.0,0.0,0.0,0.09470605850219727,0.0035250186920166016,0.0,0.0,1,1,0.010343026154198798,0.0027404030087360694,0.09488224983215332,0.002746105194091797,79,2,0.00274|0.00419|0.00875|0.02569,0.00274,4,1
5000,91,6,71,1.0,0.25,0.25,0.10388755798339844,0.011862993240356445,1.0|1.5,1.0|1.5,2,2,0.2576761514908531,0.2576761514908531,0.08891057968139648,0.012002706527709961,79,14,1.01716|1.49819,1.01716|1.49819,2,2
5000,92,73,36,-4.886582591559283e-16,0.0,0.0,0.08922696113586426,0.0342564582824707,-0.0,-0.0,1,1,0.03393043601392432,0.03393043601392432,0.09583282470703125,0.0360414981842041,79,31,-0.03393,-0.03393,1,1
5000,93,74,19,0.0,0.0,0.0,0.09693694114685059,0.004834890365600586,0.0,0.0,1,1,0.02538161732136295,0.02538161732136295,0.08862638473510742,0.004069805145263672,79,6,-0.02538,-0.02538,1,1
5000,94,5,30,0.0,0.0,0.0,0.15618419647216797,0.0035843849182128906,0.0,0.0,1,1,0.007276602059930805,0.0007895606408584344,0.09226322174072266,0.002765178680419922,79,2,-0.00079|0.01376,-0.00079,2,1
5000,95,45,59,0.0,0.0,0.0,0.09051799774169922,0.005335330963134766,0.0,0.0,1,1,0.0146925812299439,0.0146925812299439,0.08532118797302246,0.0046079158782958984,79,8,-0.01469,-0.01469,1,1
5000,96,61,52,2.5376526277146434e-16,0.0,0.0,0.08680105209350586,0.009250164031982422,0.0,0.0,1,1,0.02494719528978106,0.02494719528978106,0.0902242660522461,0.007792949676513672,79,10,0.02495,0.02495,1,1
5000,97,71,23,0.0,0.0,0.0,0.0865175724029541,0.014542341232299805,0.0,0.0,1,1,0.02372541780291058,0.02372541780291058,0.10163283348083496,0.014206171035766602,79,15,0.02373,0.02373,1,1
5000,98,16,40,1.0,0.5,0.5,0.09163022041320801,0.005865335464477539,0.0|1.0,0.0|1.0,2,2,0.4788146948972984,0.4788146948972984,0.08743572235107422,0.005120277404785156,79,4,0.04713|1.00476,0.04713|1.00476,2,2
5000,99,15,12,0.0,0.0,0.0,0.09419584274291992,0.0035033226013183594,0.0,0.0,1,1,0.012580590868224458,0.012580590868224458,0.08668732643127441,0.0027968883514404297,79,2,-0.01258,-0.01258,1,1
7500,0,52,16,0.0,0.0,0.0,0.09137248992919922,0.004908323287963867,0.0,0.0,1,1,0.008846756981741616,0.008846756981741616,0.09475016593933105,0.00410151481628418,79,6,-0.00885,-0.00885,1,1
7500,1,64,73,5.329070518200751e-16,0.0,0.0,0.09322118759155273,0.02675461769104004,0.0,0.0,1,1,0.020169961996729303,0.020169961996729303,0.08714675903320312,0.0347142219543457,79,28,0.02017,0.02017,1,1
7500,2,24,54,0.0,0.0,0.0,0.09246945381164551,0.006223201751708984,0.0,0.0,1,1,0.0029295670040900453,0.0029295670040900453,0.08781599998474121,0.005368947982788086,79,6,0.00293,0.00293,1,1
7500,3,48,9,0.0,0.0,0.0,0.09545278549194336,0.0037076473236083984,0.0,0.0,1,1,0.006081418296832671,0.00313237326338373,0.09278273582458496,0.0028667449951171875,79,2,-0.00903|-0.00313,-0.00313,2,1
7500,4,61,20,0.0,0.0,0.0,0.0888218879699707,0.004900693893432617,0.0,0.0,1,1,0.0007744846935193533,0.0007744846935193533,0.09737133979797363,0.004477262496948242,79,6,-0.00077,-0.00077,1,1
7500,5,47,69,-2.085293389211761e-16,0.0,0.0,0.09418749809265137,0.015839576721191406,-0.0,-0.0,1,1,0.009292247969162101,0.009292247969162101,0.08872509002685547,0.022823810577392578,79,20,-0.00929,-0.00929,1,1
7500,6,77,64,0.0,0.0,0.0,0.09446048736572266,0.005141258239746094,0.0,0.0,1,1,0.010608213972695225,0.0025611405499567637,0.08926200866699219,0.004442691802978516,79,5,0.00256|0.01866,0.00256,2,1
7500,7,75,74,-1.3664283380001927e-16,0.0,0.0,0.09405398368835449,0.013280391693115234,-0.0,-0.0,1,1,0.004287509847429375,0.004287509847429375,0.09547877311706543,0.013156652450561523,79,18,-0.00429,-0.00429,1,1
7500,8,73,30,-5.721918665375807e-16,0.0,0.0,0.08894205093383789,0.026357412338256836,-0.0,-0.0,1,1,0.033779176004482034,0.033779176004482034,0.09562969207763672,0.02724933624267578,79,27,0.03378,0.03378,1,1
7500,9,77,65,0.0,0.0,0.0,0.08892416954040527,0.006034135818481445,0.0,0.0,1,1,0.021545223518637933,0.01333151592715016,0.0942068099975586,0.005214691162109375,79,10,0.01333|0.02976,0.01333,2,1
7500,10,46,73,-1.1102230246251565e-16,0.0,0.0,0.08841967582702637,0.04394030570983887,-0.0,-0.0,1,1,0.009705143702744603,0.009705143702744603,0.0895075798034668,0.036985158920288086,79,33,-0.00971,-0.00971,1,1
7500,11,80,46,-3.121815237559846e-16,0.0,0.0,0.08881163597106934,0.035588979721069336,-0.0,-0.0,1,1,0.03183446511372688,0.03183446511372688,0.09553313255310059,0.03482198715209961,79,31,0.03183,0.03183,1,1
7500,12,3,2,0.0,0.0,0.0,0.09996533393859863,0.0041730403900146484,0.0,0.0,1,1,0.020406374170825657,0.011271414245721383,0.08850240707397461,0.0027267932891845703,79,2,0.01127|0.01808|0.01888|0.03339,0.01127,4,1
7500,13,34,37,0.0,0.0,0.0,0.09129738807678223,0.003591299057006836,0.0,0.0,1,1,0.004099725180076291,0.0022801233278683486,0.09179425239562988,0.002770662307739258,79,2,-0.00228|0.00592,-0.00228,2,1
7500,14,63,17,0.0,0.0,0.0,0.09108734130859375,0.004683017730712891,0.0,0.0,1,1,0.01865891647024234,0.01865891647024234,0.08533692359924316,0.003907203674316406,79,6,-0.01866,-0.01866,1,1
7500,15,59,40,1.850371707708594e-17,0.0,0.0,0.08585214614868164,0.007147789001464844,0.0,0.0,1,1,0.01867892492726853,0.01867892492726853,0.09146642684936523,0.005982637405395508,79,8,0.01868,0.01868,1,1
7500,16,27,10,0.0,0.0,0.0,0.09110307693481445,0.00972294807434082,0.0,0.0,1,1,0.006532025557758048,0.0027319838409078983,0.08933162689208984,0.0028753280639648438,79,2,-0.01284|-0.00402|-0.00273,-0.00273,3,1
7500,17,66,10,0.0,0.0,0.0,0.09222579002380371,0.011985301971435547,0.0,0.0,1,1,0.013551854820335867,0.013551854820335867,0.08640766143798828,0.010543346405029297,79,14,-0.01355,-0.01355,1,1
7500,18,74,67,4.949744318120489e-17,0.0,0.0,0.08837080001831055,0.006268501281738281,0.0,0.0,1,1,0.01042007629744904,0.01042007629744904,0.09255504608154297,0.005447864532470703,79,12,-0.01042,-0.01042,1,1
7500,19,78,35,0.0,0.0,0.0,0.08824372291564941,0.004515886306762695,0.0,0.0,1,1,0.01797321539858808,0.01797321539858808,0.09538030624389648,0.0037522315979003906,79,5,0.01797,0.01797,1,1
7500,20,72,10,0.0,0.0,0.0,0.09339690208435059,0.014003515243530273,0.0,0.0,1,1,0.0008846302865433823,0.0008846302865433823,0.0879828929901123,0.013282537460327148,79,16,-0.00088,-0.00088,1,1
7500,21,6,46,0.0,0.0,0.0,0.09377646446228027,0.00740504264831543,0.0,0.0,1,1,0.0026174496243318115,0.002708210356599893,0.09046244621276855,0.0063991546630859375,79,10,-0.00271|-0.00253,-0.00271,2,1
7500,22,42,35,0.0,0.0,0.0,0.09389567375183105,0.003851175308227539,0.0,0.0,1,1,0.0031347107761856307,0.0013871221612295655,0.09390950202941895,0.004723548889160156,79,2,-0.00488|-0.00139,-0.00139,2,1
7500,23,15,69,0.0,0.0,0.0,0.08728671073913574,0.004502534866333008,0.0,0.0,1,1,0.006679341759176602,0.006679341759176602,0.08847522735595703,0.0038306713104248047,79,6,-0.00668,-0.00668,1,1
7500,24,71,68,1.4802973661668753e-16,0.0,0.0,0.09594988822937012,0.0327143669128418,0.0,0.0,1,1,0.04740908746813041,0.04740908746813041,0.08680176734924316,0.03130316734313965,79,26,0.04741,0.04741,1,1
7500,25,13,42,0.0,0.0,0.0,0.09412455558776855,0.0035288333892822266,0.0,0.0,1,1,0.012360908203576692,0.00917746422465801,0.08840036392211914,0.0028028488159179688,79,2,0.00918|0.01554,0.00918,2,1
7500,26,1,73,3.0,0.6666666666666666,0.6666666666666666,0.08938241004943848,0.026543855667114258,2.0|3.0,2.0|3.0,2,2,0.6707998944832628,0.6707998944832628,0.09490466117858887,0.026728391647338867,79,27,1.9866|2.0033|2.9977,1.9866|2.0033|2.9977,3,3
7500,27,39,54,0.0,0.0,0.0,0.08933639526367188,0.006639957427978516,0.0,0.0,1,1,0.011263233703800895,0.011263233703800895,0.09429168701171875,0.005553483963012695,79,7,0.01126,0.01126,1,1
7500,28,36,58,2.7755575615628914e-17,0.0,0.0,0.08782553672790527,0.01651167869567871,0.0,0.0,1,1,0.021440408679828347,0.021440408679828347,0.09652280807495117,0.008320331573486328,79,14,-0.02144,-0.02144,1,1
7500,29,24,69,0.0,0.0,0.0,0.09391093254089355,0.004866838455200195,0.0,0.0,1,1,0.016257266697253775,0.016257266697253775,0.08920478820800781,0.0040740966796875,79,7,-0.01626,-0.01626,1,1
7500,30,65,9,7.359623217537803e-17,0.0,0.0,0.08971452713012695,0.0076410770416259766,0.0,0.0,1,1,0.026081008828088625,0.026081008828088625,0.09500646591186523,0.006391286849975586,79,10,-0.02608,-0.02608,1,1
7500,31,23,64,0.0,0.0,0.0,0.09284543991088867,0.00498652458190918,0.0,0.0,1,1,0.004674154307113575,0.004674154307113575,0.16021251678466797,0.004599094390869141,79,5,0.00467,0.00467,1,1
7500,32,41,62,1.0,0.25,0.25,0.09016036987304688,0.027292251586914062,1.0|1.5,1.0|1.5,2,2,0.2612659735029624,0.2612659735029624,0.08543014526367188,0.03465104103088379,79,26,0.96218|1.48471,0.96218|1.48471,2,2
7500,33,15,64,0.0,0.0,0.0,0.09113168716430664,0.004993438720703125,0.0,0.0,1,1,0.008410113123974218,0.008410113123974218,0.08539009094238281,0.004176616668701172,79,5,0.00841,0.00841,1,1
7500,34,69,77,0.0,0.0,0.0,0.08595561981201172,0.005075216293334961,0.0,0.0,1,1,0.009860281192081896,0.009860281192081896,0.09522175788879395,0.00396418571472168,79,6,0.00986,0.00986,1,1
7500,35,72,44,0.0,0.0,0.0,0.08769488334655762,0.033750295639038086,0.0,0.0,1,1,0.005119279466345787,0.005119279466345787,0.08878803253173828,0.030234098434448242,79,23,-0.00512,-0.00512,1,1
7500,36,74,59,0.0,0.0,0.0,0.08720231056213379,0.014215469360351562,0.0,0.0,1,1,0.05294904609405355,0.05294904609405355,0.08866763114929199,0.006777048110961914,79,10,0.05295,0.05295,1,1
7500,37,79,61,0.0,0.0,0.0,0.09525799751281738,0.006514072418212891,0.0,0.0,1,1,0.01036964085309049,0.01036964085309049,0.08767509460449219,0.0058820247650146484,79,12,-0.01037,-0.01037,1,1
7500,38,73,62,-3.1086244689504383e-15,0.0,0.0,0.09270119667053223,0.05313587188720703,-0.0,-0.0,1,1,0.08002672817639767,0.08002672817639767,0.09320712089538574,0.05768728256225586,79,39,-0.08003,-0.08003,1,1
7500,39,6,67,0.0,0.25,0.25,0.08707499504089355,0.014965534210205078,0.0|0.5,0.0|0.5,2,2,0.2526282211987748,0.2526282211987748,0.08972930908203125,0.006598234176635742,79,10,-0.00548|0.49978,-0.00548|0.49978,2,2
7500,40,52,49,0.0,0.0,0.0,0.09330487251281738,0.005123615264892578,0.0,0.0,1,1,0.007828318168930285,0.007828318168930285,0.08827948570251465,0.004488229751586914,79,8,0.00783,0.00783,1,1
7500,41,12,50,1.0,0.25,0.5,0.09257817268371582,0.009869575500488281,0.0|1.0,0.0|1.0,2,2,0.2672723795751291,0.51131605668037,0.09531164169311523,0.008913516998291016,79,9,-0.01429|0.97312|0.98043|0.99165,-0.01429|0.99165,4,2
7500,42,34,23,0.0,0.0,0.0,0.089019775390625,0.003453493118286133,0.0,0.0,1,1,0.0022764740126357593,0.0009837700440691296,0.09528446197509766,0.002802610397338867,79,2,-0.00098|0.00357,-0.00098,2,1
7500,43,53,16,-7.835821818786338e-17,0.0,0.0,0.09426999092102051,0.014931440353393555,-0.0,-0.0,1,1,0.0008772102871767377,0.0008772102871767377,0.0874321460723877,0.014367103576660156,79,19,0.00088,0.00088,1,1
7500,44,19,55,0.0,0.0,0.0,0.09481358528137207,0.004430532455444336,0.0,0.0,1,1,0.002283513018727172,0.0009566877298553216,0.08921241760253906,0.003626585006713867,79,4,-0.00557|-0.00096|-0.00032,-0.00096,3,1
7500,45,67,6,-5.423902068220817e-17,0.0,0.0,0.08967876434326172,0.007262229919433594,-0.0,-0.0,1,1,0.0031565858790563828,0.0031565858790563828,0.09415268898010254,0.006310224533081055,79,10,-0.00316,-0.00316,1,1
7500,46,80,34,0.0,0.0,0.0,0.09072041511535645,0.03572654724121094,0.0,0.0,1,1,0.04184946263817863,0.04184946263817863,0.08910608291625977,0.02852487564086914,79,26,-0.04185,-0.04185,1,1
7500,47,46,18,0.0,0.0,0.0,0.09264039993286133,0.007374763488769531,0.0,0.0,1,1,0.0008197405823267184,0.0008197405823267184,0.09954643249511719,0.0063076019287109375,79,10,-0.00082,-0.00082,1,1
7500,48,52,29,0.0,0.0,0.0,0.09514951705932617,0.0051233768463134766,0.0,0.0,1,1,0.013537755716379104,0.013537755716379104,0.0898442268371582,0.0039899349212646484,79,6,0.01354,0.01354,1,1
7500,49,19,2,0.0,0.0,0.0,0.09088420867919922,0.0034339427947998047,0.0,0.0,1,1,0.0030429836114175893,0.0043235739975132515,0.09410929679870605,0.0027780532836914062,79,2,-0.00432|-0.00396|-0.00084,-0.00432,3,1
7500,50,60,28,0.0,0.0,0.0,0.15297174453735352,0.014763355255126953,0.0,0.0,1,1,0.0005888968203877186,0.0005888968203877186,0.09336042404174805,0.013607978820800781,79,17,0.00059,0.00059,1,1
7500,51,33,48,0.0,0.0,0.0,0.08983039855957031,0.004309415817260742,0.0,0.0,1,1,0.02687606547698492,0.02687606547698492,0.0855112075805664,0.0036187171936035156,79,4,0.02688,0.02688,1,1
7500,52,1,55,0.0,0.0,0.0,0.09365057945251465,0.0042724609375,0.0,0.0,1,1,0.015838986019568867,0.005826034976467659,0.08424711227416992,0.0035092830657958984,79,4,-0.02636|-0.01533|-0.00583,-0.00583,3,1
7500,53,1,21,0.0,0.0,0.0,0.0942845344543457,0.003373384475708008,0.0,0.0,1,1,0.004122772707922607,0.0014446063910303838,0.09682059288024902,0.0027647018432617188,79,2,-0.00017|0.00144|0.01076,0.00144,3,1
7500,54,53,60,-4.732932664857531e-15,0.0,0.0,0.09301948547363281,0.012862205505371094,-0.0,-0.0,1,1,0.05727491424487037,0.05727491424487037,0.0872199535369873,0.012787103652954102,79,18,-0.05727,-0.05727,1,1
7500,55,28,30,0.0,0.16666666666666666,0.16666666666666666,0.0947117805480957,0.006232023239135742,0.0|0.33333,0.0|0.33333,2,2,0.16913207067838656,0.16913207067838656,0.08620238304138184,0.005297660827636719,79,4,-0.00555|0.33271,-0.00555|0.33271,2,2
7500,56,45,69,0.0,0.0,0.0,0.08823990821838379,0.0068471431732177734,0.0,0.0,1,1,0.01642634566906121,0.01642634566906121,0.09447646141052246,0.005677938461303711,79,8,0.01643,0.01643,1,1
7500,57,37,32,0.0,0.0,0.0,0.09282398223876953,0.0034198760986328125,0.0,0.0,1,1,0.004047426106785863,0.0012836032225262057,0.08893132209777832,0.0027697086334228516,79,2,-0.00681|0.00128,0.00128,2,1
7500,58,11,5,0.0,0.0,0.0,0.09903740882873535,0.0034835338592529297,0.0,0.0,1,1,0.009682430655950678,0.004316667005279159,0.08787274360656738,0.0032384395599365234,79,2,0.00432|0.01505,0.00432,2,1
7500,59,46,45,0.0,0.0,0.0,0.08855891227722168,0.00763702392578125,0.0,0.0,1,1,0.024950926594465943,0.024950926594465943,0.10039305686950684,0.0066149234771728516,79,12,0.02495,0.02495,1,1
7500,60,32,77,0.0,0.0,0.0,0.09337472915649414,0.0036058425903320312,0.0,0.0,1,1,0.014084373001361701,0.0008645453053036081,0.09253287315368652,0.0028107166290283203,79,2,-0.0273|-0.00086,-0.00086,2,1
7500,61,18,53,0.0,0.5,0.5,0.08952569961547852,0.0155181884765625,0.0|1.0,0.0|1.0,2,2,0.5103101335128963,0.5103101335128963,0.09357953071594238,0.015012979507446289,79,19,-0.01489|1.00573,-0.01489|1.00573,2,2
7500,62,63,5,0.0,0.0,0.0,0.08827066421508789,0.005520343780517578,0.0,0.0,1,1,0.007092529914541419,0.007092529914541419,0.09515380859375,0.003983020782470703,79,6,-0.00709,-0.00709,1,1
7500,63,50,15,0.0,0.0,0.0,0.08852219581604004,0.008501291275024414,0.0,0.0,1,1,0.007063824875052868,0.007063824875052868,0.08920454978942871,0.013851404190063477,79,8,0.00706,0.00706,1,1
7500,64,1,11,0.0,0.0,0.0,0.09573101997375488,0.0036149024963378906,0.0,0.0,1,1,0.01087332622169984,0.00021494303071843172,0.09073758125305176,0.002773284912109375,79,2,-0.02076|-0.01164|0.00021,0.00021,3,1
7500,65,36,5,2.7755575615628914e-17,0.0,0.0,0.08971357345581055,0.006337881088256836,0.0,0.0,1,1,0.01712428344713942,0.01712428344713942,0.09455704689025879,0.005319356918334961,79,5,0.01712,0.01712,1,1
7500,66,61,46,5.273559366969494e-16,0.0,0.0,0.08860158920288086,0.007790327072143555,0.0,0.0,1,1,0.004506255828160791,0.004506255828160791,0.09367990493774414,0.014128923416137695,79,12,0.00451,0.00451,1,1
7500,67,51,4,0.0,0.0,0.0,0.09479951858520508,0.006812334060668945,0.0,0.0,1,1,0.016023953290567387,0.016023953290567387,0.09038400650024414,0.0055141448974609375,79,6,-0.01602,-0.01602,1,1
7500,68,79,60,0.0,0.0,0.0,0.08999466896057129,0.02152085304260254,0.0,0.0,1,1,0.003452995655102916,0.003452995655102916,0.09526181221008301,0.021687984466552734,79,23,0.00345,0.00345,1,1
7500,69,14,36,0.0,0.0,0.0,0.08580398559570312,0.008537054061889648,0.0,0.0,1,1,0.0023643881620426547,0.0023643881620426547,0.09134173393249512,0.00533294677734375,79,6,-0.00236,-0.00236,1,1
7500,70,11,32,0.0,0.16666666666666666,0.16666666666666666,0.08514094352722168,0.006665229797363281,0.0|0.33333,0.0|0.33333,2,2,0.16690270189168283,0.16690270189168283,0.08580875396728516,0.005615234375,79,5,0.00337|0.33044,0.00337|0.33044,2,2
7500,71,36,58,2.7755575615628914e-17,0.0,0.0,0.09533500671386719,0.009076833724975586,0.0,0.0,1,1,0.017235111364041038,0.017235111364041038,0.08530282974243164,0.007867097854614258,79,14,0.01724,0.01724,1,1
7500,72,6,37,0.0,0.0,0.0,0.09599089622497559,0.0035839080810546875,0.0,0.0,1,1,0.004268427541365992,0.0011049679028918291,0.0926823616027832,0.0028548240661621094,79,2,0.0011|0.00743,0.0011,2,1
7500,73,62,18,-4.1550921119634574e-16,0.0,0.0,0.08620905876159668,0.03628039360046387,-0.0,-0.0,1,1,0.028170702434536045,0.028170702434536045,0.08734512329101562,0.028056859970092773,79,26,-0.02817,-0.02817,1,1
7500,74,46,25,0.0,0.0,0.0,0.0860288143157959,0.008127689361572266,0.0,0.0,1,1,0.015846311366789732,0.015846311366789732,0.0890967845916748,0.013797283172607422,79,12,0.01585,0.01585,1,1
7500,75,18,26,0.0,0.0,0.0,0.09456491470336914,0.003843545913696289,0.0,0.0,1,1,0.0013026769648934228,0.001096243231886737,0.08845829963684082,0.002828359603881836,79,2,0.0011|0.00151,0.0011,2,1
7500,76,30,19,0.0,0.0,0.0,0.0886378288269043,0.003724336624145508,0.0,0.0,1,1,0.0021425234098575324,0.0012757761315177053,0.09441685676574707,0.0028314590454101562,79,2,-0.00019|0.00128|0.00496,0.00128,3,1
7500,77,16,66,1.0,0.5,0.5,0.08788681030273438,0.011350631713867188,0.0|1.0,0.0|1.0,2,2,0.49720631061641435,0.49720631061641435,0.08884501457214355,0.017982959747314453,79,14,0.01219|0.99339,0.01219|0.99339,2,2
7500,78,34,73,0.0,0.6666666666666666,0.6666666666666666,0.09759926795959473,0.02757549285888672,0.0|1.33333,0.0|1.33333,2,2,0.677521214218802,0.677521214218802,0.09183287620544434,0.03562164306640625,79,28,0.01666|1.33838,0.01666|1.33838,2,2
7500,79,68,2,0.0,0.0,0.0,0.09279060363769531,0.01088261604309082,0.0,0.0,1,1,0.014323452133475172,0.014323452133475172,0.08824014663696289,0.010023832321166992,79,14,-0.01432,-0.01432,1,1
7500,80,30,2,0.0,0.0,0.0,0.0950934886932373,0.0034542083740234375,0.0,0.0,1,1,0.010119176717840888,0.005229874589392589,0.08817243576049805,0.002758502960205078,79,2,-0.01923|-0.0059|-0.00523,-0.00523,3,1
7500,81,41,74,0.0,0.0,0.0,0.08871197700500488,0.0050923824310302734,0.0,0.0,1,1,0.0028064615944126308,0.0020746272608918996,0.09631204605102539,0.004010915756225586,79,6,0.00207|0.00354,0.00207,2,1
7500,82,14,63,0.0,0.0,0.0,0.09548330307006836,0.004652976989746094,0.0,0.0,1,1,0.006101805976649117,0.006101805976649117,0.0906989574432373,0.004061698913574219,79,6,-0.0061,-0.0061,1,1
7500,83,47,39,-5.259058494811124e-16,0.0,0.0,0.09779644012451172,0.011285781860351562,-0.0,-0.0,1,1,0.029400984836731134,0.029400984836731134,0.08759450912475586,0.010673284530639648,79,15,0.0294,0.0294,1,1
7500,84,13,69,0.0,0.0,0.0,0.08967828750610352,0.004752159118652344,0.0,0.0,1,1,0.010620839135389144,0.006927006302099588,0.10233139991760254,0.00395655632019043,79,6,-0.01431|-0.00693,-0.00693,2,1
7500,85,72,45,0.0,0.0,0.0,0.08797574043273926,0.023946046829223633,0.0,0.0,1,1,0.014893423133448663,0.014893423133448663,0.08931398391723633,0.020572423934936523,79,20,0.01489,0.01489,1,1
7500,86,41,71,0.0,0.0,0.0,0.09719681739807129,0.017978668212890625,0.0,0.0,1,1,0.014684640930496397,0.008479964835392097,0.08934354782104492,0.022622108459472656,79,15,-0.02089|-0.00848,-0.00848,2,1
7500,87,70,39,-3.35161667811368e-17,0.0,0.0,0.0944833755493164,0.019193649291992188,-0.0,-0.0,1,1,0.021232375501438226,0.021232375501438226,0.1582956314086914,0.01815009117126465,79,20,-0.02123,-0.02123,1,1
7500,88,4,36,0.0,0.0,0.0,0.09215712547302246,0.0063440799713134766,0.0,0.0,1,1,0.005827099002020264,0.005827099002020264,0.08510756492614746,0.005336761474609375,79,6,-0.00583,-0.00583,1,1
7500,89,1,23,0.0,0.0,0.0,0.08696269989013672,0.0034775733947753906,0.0,0.0,1,1,0.00480306627589902,0.006870727027062655,0.09163498878479004,0.002834320068359375,79,2,0.00355|0.00399|0.00687,0.00687,3,1
7500,90,53,4,-3.917910909393169e-17,0.0,0.0,0.09414005279541016,0.011873483657836914,-0.0,-0.0,1,1,0.03287202325529447,0.03287202325529447,0.0862894058227539,0.022417545318603516,79,17,0.03287,0.03287,1,1
7500,91,38,15,0.0,0.0,0.0,0.09218311309814453,0.003497600555419922,0.0,0.0,1,1,0.0036450523413450466,0.0036450523413450466,0.08673572540283203,0.0028533935546875,79,2,-0.00365,-0.00365,1,1
7500,92,60,16,-7.18379604169219e-17,0.0,0.0,0.08803701400756836,0.016195297241210938,-0.0,-0.0,1,1,0.01618182877767993,0.01618182877767993,0.09267783164978027,0.01582169532775879,79,18,0.01618,0.01618,1,1
7500,93,9,14,0.0,0.0,0.0,0.08741259574890137,0.0034613609313964844,0.0,0.0,1,1,0.0037124996638315815,0.007358598462817606,0.09510231018066406,0.002763509750366211,79,2,-0.00736|7e-05,-0.00736,2,1
7500,94,39,11,0.0,0.0,0.0,0.09323859214782715,0.004499673843383789,0.0,0.0,1,1,0.025585257813304688,0.025585257813304688,0.08733057975769043,0.0035791397094726562,79,4,0.02559,0.02559,1,1
7500,95,16,26,0.0,0.0,0.0,0.08932805061340332,0.003401041030883789,0.0,0.0,1,1,0.015520067827239727,0.0055129958723728195,0.09444832801818848,0.0028679370880126953,79,2,0.00551|0.02553,0.00551,2,1
7500,96,39,9,0.0,0.0,0.0,0.08687376976013184,0.004311084747314453,0.0,0.0,1,1,0.0176117355580292,0.0176117355580292,0.08912348747253418,0.004149198532104492,79,4,0.01761,0.01761,1,1
7500,97,46,66,-2.7755575615628914e-16,0.0,0.0,0.10187959671020508,0.015109539031982422,-0.0,-0.0,1,1,0.06925848599703832,0.06925848599703832,0.09131383895874023,0.0147552490234375,79,20,0.06926,0.06926,1,1
7500,98,13,8,0.0,0.0,0.0,0.0901041030883789,0.0037953853607177734,0.0,0.0,1,1,0.005987383724386654,0.005388973640922568,0.09407377243041992,0.002773761749267578,79,2,0.00539|0.00659,0.00539,2,1
7500,99,76,2,-4.113285304348941e-16,0.0,0.0,0.08960199356079102,0.03675436973571777,-0.0,-0.0,1,1,0.015950773173470188,0.015950773173470188,0.09130644798278809,0.03009510040283203,79,29,-0.01595,-0.01595,1,1
10000,0,19,13,0.0,0.0,0.0,0.09209823608398438,0.003575563430786133,0.0,0.0,1,1,0.004791367968606291,0.002142689349692589,0.09718704223632812,0.0031795501708984375,79,2,-0.00105|0.00214|0.01118,0.00214,3,1
10000,1,28,29,0.0,0.0,0.0,0.10174250602722168,0.003500223159790039,0.0,0.0,1,1,0.011818905075060946,0.004302111969707372,0.09416747093200684,0.002756357192993164,79,2,-0.01934|-0.0043,-0.0043,2,1
10000,2,20,17,0.0,0.0,0.0,0.09069442749023438,0.0038671493530273438,0.0,0.0,1,1,0.012562116905597012,0.005169683105707519,0.09563207626342773,0.0027930736541748047,79,2,0.00517|0.01163|0.02089,0.00517,3,1
10000,3,62,7,0.0,0.0,0.0,0.10331416130065918,0.029565095901489258,0.0,0.0,1,1,0.004822662697515618,0.004822662697515618,0.10061049461364746,0.029253482818603516,79,27,-0.00482,-0.00482,1,1
10000,4,42,34,0.0,0.0,0.0,0.09014892578125,0.003950834274291992,0.0,0.0,1,1,0.0027395000988654334,0.0024073864363900657,0.09534430503845215,0.0028443336486816406,79,2,-0.00241|0.00307,-0.00241,2,1
10000,5,65,79,0.0,0.0,0.0,0.09546661376953125,0.010785579681396484,0.0,0.0,1,1,0.022189997401906896,0.022189997401906896,0.08900570869445801,0.010179758071899414,79,16,-0.02219,-0.02219,1,1
10000,6,58,6,2.9943996000707345e-17,0.0,0.0,0.1608564853668213,0.008476018905639648,0.0,0.0,1,1,0.012796901088225461,0.012796901088225461,0.08654499053955078,0.009680509567260742,79,12,0.0128,0.0128,1,1
10000,7,31,34,0.0,0.0,0.0,0.0845494270324707,0.006953716278076172,0.0,0.0,1,1,0.022652050708848567,0.022652050708848567,0.0963144302368164,0.005614042282104492,79,5,0.02265,0.02265,1,1
10000,8,41,80,0.0,0.0,0.0,0.08696889877319336,0.03378462791442871,0.0,0.0,1,1,0.00244185916345137,0.002435688852740687,0.08574676513671875,0.02753472328186035,79,26,0.00244|0.00245,0.00244,2,1
10000,9,43,79,2.818258447125397e-16,0.0,0.0,0.0850677490234375,0.011270761489868164,0.0,0.0,1,1,0.06047786458007107,0.06047786458007107,0.10271883010864258,0.010382652282714844,79,15,-0.06048,-0.06048,1,1
10000,10,67,27,0.0,0.0,0.0,0.09439897537231445,0.005680084228515625,0.0,0.0,1,1,0.001824321896189483,0.001824321896189483,0.08991360664367676,0.004561901092529297,79,9,0.00182,0.00182,1,1
10000,11,36,51,0.0,0.0,0.0,0.09537124633789062,0.008760690689086914,0.0,0.0,1,1,0.004073343358641978,0.004073343358641978,0.08645033836364746,0.007581949234008789,79,10,-0.00407,-0.00407,1,1
10000,12,31,75,0.0,0.0,0.0,0.08801531791687012,0.012248754501342773,0.0,0.0,1,1,0.00020763593124706602,0.00020763593124706602,0.09371018409729004,0.010580301284790039,79,17,-0.00021,-0.00021,1,1
10000,13,41,4,0.0,0.0,0.0,0.0880887508392334,0.010350704193115234,0.0,0.0,1,1,0.001683032529808848,0.0015264041315345674,0.09207844734191895,0.002928018569946289,79,2,0.00153|0.00184,0.00153,2,1
10000,14,17,78,0.0,0.0,0.0,0.09392738342285156,0.004617929458618164,0.0,0.0,1,1,0.0010071403581518937,0.0010071403581518937,0.08848214149475098,0.0040018558502197266,79,5,0.00101,0.00101,1,1
10000,15,68,67,1.2335811384723961e-17,0.0,0.0,0.08890533447265625,0.012911319732666016,0.0,0.0,1,1,0.012772455142358426,0.012772455142358426,0.09729933738708496,0.011969804763793945,79,18,0.01277,0.01277,1,1
10000,16,1,72,2.0,0.3333333333333333,0.5,0.08891773223876953,0.012935638427734375,1.0|2.0,1.0|2.0,2,2,0.32567496524457445,0.4826304628219059,0.0964958667755127,0.01570606231689453,79,15,1.04505|1.98824|2.01031,1.04505|2.01031,3,2
10000,17,50,65,-2.7328566760003855e-16,0.0,0.0,0.08681845664978027,0.010853767395019531,-0.0,-0.0,1,1,0.024220648458133355,0.024220648458133355,0.08837556838989258,0.016710996627807617,79,13,-0.02422,-0.02422,1,1
10000,18,68,47,5.26327952414889e-16,0.0,0.0,0.09609103202819824,0.024104833602905273,0.0,0.0,1,1,0.00922434738126355,0.00922434738126355,0.0883936882019043,0.032547950744628906,79,24,-0.00922,-0.00922,1,1
10000,19,16,76,2.0,1.0,1.0,0.09479475021362305,0.03344917297363281,0.0|2.0,0.0|2.0,2,2,1.0213352450572935,1.0213352450572935,0.0896308422088623,0.040860891342163086,79,31,-0.03688|2.00579,-0.03688|2.00579,2,2
10000,20,51,55,0.0,0.0,0.0,0.08741116523742676,0.006726264953613281,0.0,0.0,1,1,0.0006558909625576344,0.0006558909625576344,0.08878135681152344,0.005697011947631836,79,8,-0.00066,-0.00066,1,1
10000,21,29,44,0.0,0.0,0.0,0.09645318984985352,0.0102081298828125,0.0,0.0,1,1,0.0035217152797821327,0.0035217152797821327,0.08883380889892578,0.00940084457397461,79,13,-0.00352,-0.00352,1,1
10000,22,27,73,1.0,0.3333333333333333,0.3333333333333333,0.09012484550476074,0.02722311019897461,0.5|1.0|1.5,0.5|1.0|1.5,3,3,0.32914872841395865,0.32914872841395865,0.09518194198608398,0.027041196823120117,79,27,0.51006|0.99596|1.49346,0.51006|0.99596|1.49346,3,3
10000,23,12,38,0.0,0.0,0.0,0.09004497528076172,0.0035533905029296875,0.0,0.0,1,1,0.007233592759118151,0.0018605604027146117,0.09512662887573242,0.0031867027282714844,79,2,0.00186|0.00309|0.00892|0.01506,0.00186,4,1
10000,24,44,49,3.7470027081099033e-16,0.0,0.0,0.08869338035583496,0.013538122177124023,0.0,0.0,1,1,0.02271722817582172,0.02271722817582172,0.09641909599304199,0.012253761291503906,79,16,-0.02272,-0.02272,1,1
10000,25,79,64,0.0,0.0,0.0,0.0890042781829834,0.007582902908325195,0.0,0.0,1,1,0.010012291436918416,0.010012291436918416,0.08540678024291992,0.006751060485839844,79,11,-0.01001,-0.01001,1,1
10000,26,27,45,0.0,0.3333333333333333,0.25,0.0946810245513916,0.006222248077392578,0.0|0.5,0.0|0.5,2,2,0.33080628265609485,0.2504515942230176,0.0866858959197998,0.00521540641784668,79,5,0.00276|0.49152|0.49814,0.00276|0.49814,3,2
10000,27,75,5,-6.832141690000964e-17,0.0,0.0,0.08494138717651367,0.007892847061157227,-0.0,-0.0,1,1,0.004847717235258679,0.004847717235258679,0.09097480773925781,0.007199287414550781,79,13,-0.00485,-0.00485,1,1
10000,28,20,76,0.0,0.3333333333333333,0.25,0.09001421928405762,0.03953099250793457,0.0|0.5,0.0|0.5,2,2,0.3357983266030075,0.25049117158968237,0.09073805809020996,0.03375387191772461,79,31,-0.0016|0.49938|0.50641,-0.0016|0.49938,3,2
10000,29,68,29,0.0,0.0,0.0,0.08859372138977051,0.010972261428833008,0.0,0.0,1,1,0.009936358276940869,0.009936358276940869,0.09308099746704102,0.013526201248168945,79,14,-0.00994,-0.00994,1,1
10000,30,1,50,0.0,0.0,0.0,0.08764028549194336,0.01447296142578125,0.0,0.0,1,1,0.009576460757042724,0.007224720289052011,0.08858680725097656,0.010145902633666992,79,8,-0.01862|-0.00722|-0.00288,-0.00722,3,1
10000,31,52,71,3.552713678800501e-16,0.0,0.0,0.09878897666931152,0.022173404693603516,0.0,0.0,1,1,0.0009868953778501344,0.0009868953778501344,0.08773684501647949,0.021576642990112305,79,21,-0.00099,-0.00099,1,1
10000,32,57,4,0.0,0.0,0.0,0.09287405014038086,0.006489276885986328,0.0,0.0,1,1,0.003138497892785845,0.003138497892785845,0.08904695510864258,0.0054323673248291016,79,6,0.00314,0.00314,1,1
10000,33,32,54,0.0,0.0,0.0,0.08904337882995605,0.0045337677001953125,0.0,0.0,1,1,0.0033430814686643906,0.0011132013228309127,0.09386205673217773,0.0037240982055664062,79,4,0.00111|0.00557,0.00111,2,1
10000,34,1,24,0.0,0.0,0.0,0.09392952919006348,0.004322052001953125,0.0,0.0,1,1,0.009605767625971415,0.00745083991795008,0.09128928184509277,0.003561258316040039,79,4,-0.01998|-0.00745|-0.00139,-0.00745,3,1
10000,35,60,25,-2.0245243390223442e-16,0.0,0.0,0.09565377235412598,0.016756296157836914,-0.0,-0.0,1,1,0.012301468844365799,0.012301468844365799,0.0877530574798584,0.01680278778076172,79,18,-0.0123,-0.0123,1,1
10000,36,49,65,2.0354088784794536e-16,0.0,0.0,0.08938741683959961,0.012305736541748047,0.0,0.0,1,1,0.023740184151051235,0.023740184151051235,0.09452676773071289,0.011084556579589844,79,14,0.02374,0.02374,1,1
10000,37,65,14,0.0,0.0,0.0,0.08942294120788574,0.0057947635650634766,0.0,0.0,1,1,0.025227680476190218,0.025227680476190218,0.09676861763000488,0.004973649978637695,79,10,0.02523,0.02523,1,1
10000,38,79,4,0.0,0.0,0.0,0.09440159797668457,0.005053043365478516,0.0,0.0,1,1,0.013437409322556763,0.013437409322556763,0.09307217597961426,0.004384279251098633,79,8,-0.01344,-0.01344,1,1
10000,39,38,78,0.0,0.0,0.0,0.09136581420898438,0.004481792449951172,0.0,0.0,1,1,0.001573616225935369,0.001573616225935369,0.0938718318939209,0.0037567615509033203,79,5,0.00157,0.00157,1,1
10000,40,11,57,0.0,0.0,0.0,0.08871102333068848,0.006461143493652344,0.0,0.0,1,1,0.0032035431145079653,0.002849767851087424,0.10306572914123535,0.005418539047241211,79,6,0.00285|0.00356,0.00285,2,1
10000,41,46,51,0.0,0.0,0.0,0.0946199893951416,0.011163473129272461,0.0,0.0,1,1,0.030472448514484742,0.030472448514484742,0.08894228935241699,0.008832216262817383,79,14,-0.03047,-0.03047,1,1
10000,42,62,56,0.0,0.0,0.0,0.09605884552001953,0.02945542335510254,0.0,0.0,1,1,0.004067788365848912,0.004067788365848912,0.08800911903381348,0.028856277465820312,79,27,0.00407,0.00407,1,1
10000,43,26,37,0.0,0.25,0.25,0.09525346755981445,0.006728172302246094,0.0|0.5,0.0|0.5,2,2,0.25136693486745004,0.25136693486745004,0.15608620643615723,0.0050661563873291016,79,3,0.00106|0.50167,0.00106|0.50167,2,2
10000,44,59,11,0.0,0.0,0.0,0.08636093139648438,0.005179882049560547,0.0,0.0,1,1,0.010357724559466428,0.010357724559466428,0.09101414680480957,0.0040590763092041016,79,6,0.01036,0.01036,1,1
10000,45,43,65,2.818258447125397e-16,0.0,0.0,0.08968043327331543,0.010513544082641602,0.0,0.0,1,1,0.09629750587633631,0.09629750587633631,0.088165283203125,0.016077756881713867,79,15,-0.0963,-0.0963,1,1
10000,46,73,39,-1.3237274524376866e-16,0.0,0.0,0.09162545204162598,0.03006124496459961,-0.0,-0.0,1,1,0.011157469879521629,0.011157469879521629,0.09352612495422363,0.03408694267272949,79,27,0.01116,0.01116,1,1
10000,47,55,12,0.0,0.0,0.0,0.09149599075317383,0.004294395446777344,0.0,0.0,1,1,0.009878859420055945,0.009878859420055945,0.08924102783203125,0.003642559051513672,79,4,0.00988,0.00988,1,1
10000,48,71,67,2.9605947323337506e-16,0.0,0.0,0.08915257453918457,0.016618013381958008,0.0,0.0,1,1,0.02479511071633631,0.02479511071633631,0.09261703491210938,0.016552448272705078,79,22,-0.0248,-0.0248,1,1
10000,49,71,21,5.551115123125783e-17,0.0,0.0,0.08723735809326172,0.013708829879760742,0.0,0.0,1,1,0.003984710826618066,0.003984710826618066,0.09762144088745117,0.01222681999206543,79,15,0.00398,0.00398,1,1
10000,50,56,45,0.0,0.0,0.0,0.08775877952575684,0.004976511001586914,0.0,0.0,1,1,0.003895427170836016,0.003895427170836016,0.09703469276428223,0.003620624542236328,79,4,-0.0039,-0.0039,1,1
10000,51,18,36,0.0,0.0,0.0,0.09447336196899414,0.006163835525512695,0.0,0.0,1,1,0.006359004475314379,0.005397856341160866,0.08747673034667969,0.005330801010131836,79,6,0.0054|0.00732,0.0054,2,1
10000,52,77,62,0.0,0.25,0.25,0.09259271621704102,0.03367018699645996,0.0|0.5,0.0|0.5,2,2,0.2540315872055369,0.2540315872055369,0.09406399726867676,0.030670166015625,79,28,0.00284|0.50522,0.00284|0.50522,2,2
10000,53,34,58,0.0,0.16666666666666666,0.16666666666666666,0.0940251350402832,0.008835077285766602,0.0|0.33333,0.0|0.33333,2,2,0.1701980354080742,0.1701980354080742,0.08898735046386719,0.007780313491821289,79,13,0.00535|0.33504,0.00535|0.33504,2,2
10000,54,9,15,0.0,0.0,0.0,0.08880925178527832,0.0034456253051757812,0.0,0.0,1,1,0.003854330236753186,0.0019750702446289076,0.09452414512634277,0.002805471420288086,79,2,-0.00573|-0.00198,-0.00198,2,1
10000,55,16,3,0.0,0.0,0.0,0.09256458282470703,0.0035195350646972656,0.0,0.0,1,1,0.025651892681727025,0.013320650289506894,0.08832097053527832,0.002706289291381836,79,2,0.01332|0.03798,0.01332,2,1
10000,56,79,62,-3.9968028886505636e-16,0.0,0.0,0.09726834297180176,0.028302669525146484,-0.0,-0.0,1,1,0.03914339796731115,0.03914339796731115,0.08820891380310059,0.027878999710083008,79,27,-0.03914,-0.03914,1,1
10000,57,41,8,0.0,0.0,0.0,0.09560155868530273,0.0035610198974609375,0.0,0.0,1,1,0.007945081590114204,0.0023285286565249727,0.08877396583557129,0.002839326858520508,79,2,0.00233|0.01356,0.00233,2,1
10000,58,20,31,0.0,0.0,0.0,0.08924007415771484,0.008862972259521484,0.0,0.0,1,1,0.004092681624882211,0.002119641071890326,0.09765315055847168,0.005823373794555664,79,5,0.00212|0.00314|0.00702,0.00212,3,1
10000,59,34,25,0.0,0.0,0.0,0.09032583236694336,0.004813194274902344,0.0,0.0,1,1,0.00625786703811046,0.0037067741800889506,0.08999752998352051,0.0038230419158935547,79,4,-0.00881|0.00371,0.00371,2,1
10000,60,7,6,0.0,0.0,0.0,0.09755086898803711,0.0034520626068115234,0.0,0.0,1,1,0.0004790369154469395,0.0007639794694476556,0.08844661712646484,0.0027871131896972656,79,2,-0.00076|-0.00019,-0.00076,2,1
10000,61,40,3,0.0,0.0,0.0,0.0890347957611084,0.004749298095703125,0.0,0.0,1,1,0.01954732303186711,0.01954732303186711,0.09489774703979492,0.0037136077880859375,79,4,-0.01955,-0.01955,1,1
10000,62,26,62,0.0,0.0,0.0,0.15880560874938965,0.029145479202270508,0.0,0.0,1,1,0.0024979927379654722,0.00044082581496599036,0.09042763710021973,0.03525495529174805,79,27,0.00044|0.00456,0.00044,2,1
10000,63,12,72,2.0,0.25,0.5,0.09140706062316895,0.013124704360961914,1.0|2.0,1.0|2.0,2,2,0.2613705366373422,0.5099993984906546,0.08631134033203125,0.0188140869140625,79,15,0.98306|2.00306|2.01171|2.01377,0.98306|2.00306,4,2
10000,64,20,40,0.0,0.0,0.0,0.09107780456542969,0.00436854362487793,0.0,0.0,1,1,0.008812712975297968,0.0014676553805651289,0.08612632751464844,0.0037689208984375,79,4,-0.01634|-0.00863|-0.00147,-0.00147,3,1
10000,65,19,12,0.0,0.0,0.0,0.09279012680053711,0.0034770965576171875,0.0,0.0,1,1,0.010156550610743503,0.0030114870846500445,0.09421372413635254,0.0032796859741210938,79,2,0.00301|0.01285|0.01461,0.00301,3,1
10000,66,3,32,1.0,0.25,0.5,0.08685612678527832,0.006242513656616211,0.0|1.0,0.0|1.0,2,2,0.25821006711623584,0.5106392785366157,0.08947515487670898,0.005037069320678711,79,3,-0.013|1.00468|1.00688|1.00828,-0.013|1.00828,4,2
10000,67,21,73,0.0,0.3333333333333333,0.3333333333333333,0.09348893165588379,0.0296173095703125,0.0|0.66667,0.0|0.66667,2,2,0.3486745336949498,0.3486745336949498,0.09040141105651855,0.035227060317993164,79,28,-0.0265|0.67085,-0.0265|0.67085,2,2
10000,68,59,37,0.0,0.0,0.0,0.09247374534606934,0.00469660758972168,0.0,0.0,1,1,0.0027464210227328687,0.0027464210227328687,0.08853292465209961,0.004101991653442383,79,6,0.00275,0.00275,1,1
10000,69,40,25,0.0,0.0,0.0,0.08912920951843262,0.004705667495727539,0.0,0.0,1,1,0.019879289331069257,0.019879289331069257,0.0944678783416748,0.004224300384521484,79,5,0.01988,0.01988,1,1
10000,70,47,13,0.0,0.0,0.0,0.08808779716491699,0.01825690269470215,0.0,0.0,1,1,0.0004388227651336976,0.0004388227651336976,0.08923959732055664,0.011375665664672852,79,16,0.00044,0.00044,1,1
10000,71,78,2,0.0,0.0,0.0,0.09368896484375,0.004482746124267578,0.0,0.0,1,1,0.008056412846918794,0.008056412846918794,0.09498071670532227,0.0037789344787597656,79,5,-0.00806,-0.00806,1,1
10000,72,45,61,0.0,0.0,0.0,0.08957695960998535,0.006836652755737305,0.0,0.0,1,1,0.012854662535227667,0.012854662535227667,0.0935068130493164,0.005742788314819336,79,8,-0.01285,-0.01285,1,1
10000,73,65,43,6.932614361912742e-16,0.0,0.0,0.0886082649230957,0.01162576675415039,0.0,0.0,1,1,0.005657961366465635,0.005657961366465635,0.09663224220275879,0.009655475616455078,79,15,0.00566,0.00566,1,1
10000,74,18,25,0.0,0.0,0.0,0.09265685081481934,0.0046079158782958984,0.0,0.0,1,1,0.004063202579519429,0.0026016333622055944,0.09227895736694336,0.003743886947631836,79,4,0.0026|0.00552,0.0026,2,1
10000,75,24,56,0.0,0.0,0.0,0.09681034088134766,0.004590749740600586,0.0,0.0,1,1,0.005068258916405334,0.005068258916405334,0.09038472175598145,0.0035369396209716797,79,4,-0.00507,-0.00507,1,1
10000,76,73,34,-5.721918665375807e-16,0.0,0.0,0.0902414321899414,0.027756452560424805,-0.0,-0.0,1,1,0.02058939452017951,0.02058939452017951,0.09568166732788086,0.02786731719970703,79,28,0.02059,0.02059,1,1
10000,77,34,59,0.0,0.3333333333333333,0.3333333333333333,0.08943796157836914,0.006665945053100586,0.0|0.66667,0.0|0.66667,2,2,0.34400267011082764,0.34400267011082764,0.09981966018676758,0.005630970001220703,79,6,-0.02626|0.66174,-0.02626|0.66174,2,2
10000,78,11,47,1.9999999999999993,0.16666666666666707,0.16666666666666707,0.08846402168273926,0.011738777160644531,2.0|2.33333,2.0|2.33333,2,2,0.17049989979015512,0.17049989979015512,0.09082269668579102,0.017824172973632812,79,15,1.99391|2.33491,1.99391|2.33491,2,2
10000,79,10,33,0.0,0.0,0.0,0.09534025192260742,0.0047914981842041016,0.0,0.0,1,1,0.016776874723587142,0.00826521062505442,0.08903217315673828,0.0036270618438720703,79,4,-0.02149|-0.02058|-0.00827,-0.00827,3,1
10000,80,9,7,0.0,0.0,0.0,0.08931660652160645,0.003457784652709961,0.0,0.0,1,1,0.0006958431275125454,0.0010605655564539863,0.09494900703430176,0.002791881561279297,79,2,-0.00033|0.00106,0.00106,2,1
10000,81,53,67,-2.263984207078751e-16,0.0,0.0,0.08517909049987793,0.026092529296875,-0.0,-0.0,1,1,0.0011749574072167737,0.0011749574072167737,0.08583879470825195,0.020855426788330078,79,25,0.00117,0.00117,1,1
10000,82,10,76,0.0,0.0,0.0,0.09329986572265625,0.036255598068237305,0.0,0.0,1,1,0.0038810550023028294,0.000549955926665457,0.08521771430969238,0.02933955192565918,79,30,-0.00794|0.00055|0.00315,0.00055,3,1
10000,83,80,78,5.386230515508185e-17,0.0,0.0,0.08484411239624023,0.03024601936340332,0.0,0.0,1,1,0.026209980953331036,0.026209980953331036,0.09528231620788574,0.027256250381469727,79,26,0.02621,0.02621,1,1
10000,84,55,60,0.0,0.0,0.0,0.08764266967773438,0.01560211181640625,0.0,0.0,1,1,0.0027972828682162956,0.0027972828682162956,0.09227967262268066,0.014608621597290039,79,19,0.0028,0.0028,1,1
10000,85,46,55,0.0,0.0,0.0,0.09020090103149414,0.014197587966918945,0.0,0.0,1,1,0.03340346725266078,0.03340346725266078,0.09039664268493652,0.006541728973388672,79,11,0.0334,0.0334,1,1
10000,86,78,70,1.2688263138573217e-16,0.0,0.0,0.09194779396057129,0.020308256149291992,0.0,0.0,1,1,0.01997890840940485,0.01997890840940485,0.08919215202331543,0.03078007698059082,79,21,0.01998,0.01998,1,1
10000,87,34,54,0.0,0.0,0.0,0.09336304664611816,0.006100177764892578,0.0,0.0,1,1,0.011640087476860048,0.0023400367545423754,0.08978700637817383,0.0035848617553710938,79,4,0.00234|0.02094,0.00234,2,1
10000,88,40,11,0.0,0.0,0.0,0.09180545806884766,0.004514455795288086,0.0,0.0,1,1,0.012874774857875191,0.012874774857875191,0.0921781063079834,0.0041353702545166016,79,4,0.01287,0.01287,1,1
10000,89,28,39,0.0,0.0,0.0,0.09029197692871094,0.004488945007324219,0.0,0.0,1,1,0.0024364089983943326,0.0005267926765632554,0.08974051475524902,0.0037484169006347656,79,4,-0.00435|0.00053,0.00053,2,1
10000,90,2,40,0.0,0.0,0.0,0.10457777976989746,0.004366397857666016,0.0,0.0,1,1,0.006042322141165874,0.00518139225394728,0.087799072265625,0.003579854965209961,79,4,0.00518|0.0069,0.00518,2,1
10000,91,30,23,0.0,0.0,0.0,0.08793163299560547,0.004192829132080078,0.0,0.0,1,1,0.003147835856634852,0.0006344929607971944,0.09437274932861328,0.0027539730072021484,79,2,-0.00769|-0.00112|0.00063,0.00063,3,1
10000,92,35,26,0.0,0.0,0.0,0.09417295455932617,0.003420114517211914,0.0,0.0,1,1,0.0021278069475602424,0.0021278069475602424,0.08790421485900879,0.0031490325927734375,79,2,0.00213,0.00213,1,1
10000,93,70,61,2.723188550967365e-17,0.0,0.0,0.09088134765625,0.020421504974365234,0.0,0.0,1,1,0.01674377302955942,0.01674377302955942,0.09486269950866699,0.019742965698242188,79,20,0.01674,0.01674,1,1
10000,94,34,70,0.0,0.6666666666666666,0.6666666666666666,0.0889439582824707,0.01892995834350586,0.0|1.33333,0.0|1.33333,2,2,0.6688313943985117,0.6688313943985117,0.0939338207244873,0.019309282302856445,79,18,-0.0027|1.33496,-0.0027|1.33496,2,2
10000,95,18,50,0.0,0.0,0.0,0.08994674682617188,0.008220911026000977,0.0,0.0,1,1,0.00041091091016501384,0.0006779250428554502,0.0959773063659668,0.007210731506347656,79,8,-0.00068|0.00014,-0.00068,2,1
10000,96,42,66,0.0,0.16666666666666666,0.16666666666666666,0.09350228309631348,0.021672487258911133,0.0|0.33333,0.0|0.33333,2,2,0.17890012011136633,0.17890012011136633,0.09291553497314453,0.013189554214477539,79,17,0.02053|0.33727,0.02053|0.33727,2,2
10000,97,28,2,0.0,0.0,0.0,0.09577584266662598,0.0033943653106689453,0.0,0.0,1,1,0.0012851298800918116,0.0007021033603201511,0.08892512321472168,0.0028009414672851562,79,2,-0.00187|0.0007,0.0007,2,1
10000,98,48,20,0.0,0.0,0.0,0.08995795249938965,0.003507375717163086,0.0,0.0,1,1,0.0029194453588141994,0.0011161859755378213,0.09454989433288574,0.002794027328491211,79,2,-0.00472|0.00112,0.00112,2,1
10000,99,11,31,0.0,0.0,0.0,0.08882427215576172,0.01360177993774414,0.0,0.0,1,1,0.006602002483963757,0.0014377236605829361,0.15509915351867676,0.005742549896240234,79,5,-0.01177|-0.00144,-0.00144,2,1
