Sample_Size,Exp_ID,T,Y,True_Effect,MAE_Full,MAE_Local,Time_Full,Time_Local,Eff_Full,Eff_Local,Set_Size_Full,Set_Size_Local,MAE_Full_n,MAE_Local_n,Time_Full_n,Time_Local_n,Vars_Full,Vars_Local,Eff_Full_n,Eff_Local_n,Set_Size_Full_n,Set_Size_Local_n
500,0,5,12,-2.1499285575059862e-13,1.0759740795942457e-13,0.0,0.29189491271972656,0.00666499137878418,-0.0,-0.0,1,1,0.04670487682317369,0.03602115389897049,0.38279151916503906,0.007742881774902344,60,4,0.03602|0.05739,0.03602,2,1
500,1,41,43,-4.4071923295252665e-12,0.0,0.0,0.29048895835876465,0.12940406799316406,-0.0,-0.0,1,1,0.13038288464165218,0.13038288464165218,0.37835001945495605,0.11677670478820801,60,33,0.13038,0.13038,1,1
500,2,15,57,2.0000000000000697,0.0,0.0,0.3668711185455322,0.0705103874206543,2.0,2.0,1,1,0.7777744932616,0.7777744932616,0.28719234466552734,0.06933450698852539,60,27,2.77777,2.77777,1,1
500,3,34,40,1.1222608223487149e-12,0.0,0.0,0.4881000518798828,0.13585782051086426,0.0,0.0,1,1,0.04503414207391484,0.04503414207391484,0.47088027000427246,0.16863179206848145,60,32,-0.04503,-0.04503,1,1
500,4,1,55,434.9999999999985,242.74999999999903,242.74999999999903,0.48101019859313965,0.3008124828338623,55.0|224.0|435.0,55.0|224.0|435.0,3,3,248.20538636811165,248.20538636811165,0.3827824592590332,0.34091663360595703,60,39,49.10167|51.53574|223.45553|446.91449,49.10167|51.53574|223.45553|446.91449,4,4
500,5,6,4,3.7965671416796494e-14,3.789361089265335e-14,6.275135394980166e-14,0.35385823249816895,0.01067805290222168,0.0,-0.0,1,1,0.008626669159426104,0.002915504383729052,0.316359281539917,0.009536027908325195,60,2,-0.01066|-0.00292|-0.00257|0.00526|0.02172,-0.00292,5,1
500,6,55,29,1.542880730111029e-12,0.0,0.0,0.3115873336791992,0.29340600967407227,0.0,0.0,1,1,0.08798608862667828,0.08798608862667828,0.3518829345703125,0.27562761306762695,60,39,0.08799,0.08799,1,1
500,7,56,54,2.6730423850108873e-14,0.0,0.0,0.45065999031066895,0.19308686256408691,0.0,0.0,1,1,0.087351148301505,0.087351148301505,0.44948792457580566,0.17993545532226562,60,35,0.08735,0.08735,1,1
500,8,19,11,-2.507056815891102e-15,0.0,0.0,0.38698625564575195,0.03852581977844238,-0.0,-0.0,1,1,0.07479766551476319,0.07479766551476319,0.4510929584503174,0.03695416450500488,60,16,0.0748,0.0748,1,1
500,9,9,35,3.000000000002956,0.0,0.0,0.32112860679626465,0.07494020462036133,3.0,3.0,1,1,8.47467494704626,8.47467494704626,0.3475916385650635,0.06611394882202148,60,26,-5.47467,-5.47467,1,1
500,10,9,28,1.0000000000004752,0.0,0.0,0.39243578910827637,0.03333425521850586,1.0,1.0,1,1,0.32052457556130864,0.32052457556130864,0.31446218490600586,0.023737668991088867,60,17,1.32052,1.32052,1,1
500,11,58,52,7.515548779218511e-11,0.0,0.0,0.4099845886230469,0.43163132667541504,0.0,0.0,1,1,0.9097277989966783,0.9097277989966783,0.2712113857269287,0.4355278015136719,60,47,-0.90973,-0.90973,1,1
500,12,53,47,1.1521586919672209e-11,0.0,0.0,0.38127756118774414,0.2199232578277588,0.0,0.0,1,1,0.5372856108313168,0.5372856108313168,0.43794727325439453,0.22734713554382324,60,37,-0.53729,-0.53729,1,1
500,13,31,39,9.513991334662415e-14,0.0,0.0,0.31867289543151855,0.08072543144226074,0.0,0.0,1,1,1.3236122896241207,1.3236122896241207,0.29247236251831055,0.08218026161193848,60,27,-1.32361,-1.32361,1,1
500,14,4,21,-1.8167730779583434e-16,1.090063846775016e-16,0.0,0.552253246307373,0.00886678695678711,-0.0,-0.0,1,1,0.02226421159164692,0.008841609880572114,0.5023748874664307,0.011785507202148438,60,2,-0.04235|-0.03465|-0.01304|-0.01244|-0.00884,-0.00884,5,1
500,15,9,35,3.000000000002956,0.0,0.0,0.4170989990234375,0.08851957321166992,3.0,3.0,1,1,0.11693292790043408,0.11693292790043408,0.45255613327026367,0.0851280689239502,60,26,2.88307,2.88307,1,1
500,16,31,53,1.0000000000003197,0.0,0.0,0.36380696296691895,0.12514233589172363,1.0,1.0,1,1,0.02342052020167784,0.02342052020167784,0.39496397972106934,0.16399383544921875,60,32,0.97658,0.97658,1,1
500,17,23,40,0.9999999999999749,0.0,0.0,0.39558839797973633,0.1382601261138916,1.0,1.0,1,1,0.5524109774640598,0.5524109774640598,0.4291861057281494,0.164154052734375,60,28,1.55241,1.55241,1,1
500,18,43,27,1.886793642753174e-12,0.0,0.0,0.5094337463378906,0.23291778564453125,0.0,0.0,1,1,0.059177076843986105,0.059177076843986105,0.5136635303497314,0.21050095558166504,60,33,0.05918,0.05918,1,1
500,19,56,5,-5.423470210961913e-15,0.0,0.0,0.3973383903503418,0.24007534980773926,-0.0,-0.0,1,1,0.009251791591041085,0.009251791591041085,0.5249297618865967,0.23284125328063965,60,34,0.00925,0.00925,1,1
500,20,60,18,1.1253104093359966e-11,0.0,0.0,0.5233714580535889,0.531193733215332,0.0,0.0,1,1,0.02987010454091242,0.02987010454091242,0.5759232044219971,0.5129919052124023,60,48,-0.02987,-0.02987,1,1
500,21,26,55,2.91149218555368e-13,0.0,0.0,0.52557373046875,0.4030892848968506,0.0,0.0,1,1,4.186707499452783,4.186707499452783,0.5305733680725098,0.3858981132507324,60,40,-4.18671,-4.18671,1,1
500,22,14,25,0.9999999999999769,0.42857142857141173,0.42857142857141173,0.535872220993042,0.04051327705383301,1.0|1.85714,1.0|1.85714,2,2,0.5106585456511064,0.5106585456511064,0.5236523151397705,0.055555105209350586,60,15,0.81338|1.8347,0.81338|1.8347,2,2
500,23,51,16,3.5347629795650744e-14,0.0,0.0,0.5406837463378906,0.14282989501953125,0.0,0.0,1,1,0.05433881573722682,0.05433881573722682,0.528409481048584,0.12025833129882812,60,27,-0.05434,-0.05434,1,1
500,24,20,3,-6.015390206150837e-15,0.0,0.0,0.5603106021881104,0.05484485626220703,-0.0,-0.0,1,1,0.024325138005323623,0.024325138005323623,0.5571858882904053,0.06530499458312988,60,18,-0.02433,-0.02433,1,1
500,25,21,20,-2.6860206711614915e-16,0.0,0.0,0.5323467254638672,0.024143457412719727,-0.0,-0.0,1,1,0.06474194398225831,0.06474194398225831,0.45987915992736816,0.019259214401245117,60,19,-0.06474,-0.06474,1,1
500,26,12,21,0.0,0.0,0.0,0.21797871589660645,0.005531787872314453,0.0,0.0,1,1,0.0010930424120976316,0.0010930424120976316,0.21785736083984375,0.0050122737884521484,60,4,0.00109,0.00109,1,1
500,27,58,46,2.5222347905391172e-11,0.0,0.0,0.20248794555664062,0.1989290714263916,0.0,0.0,1,1,0.20602729355753158,0.20602729355753158,0.21037936210632324,0.38467931747436523,60,45,-0.20603,-0.20603,1,1
500,28,55,14,3.751891702608035e-13,0.0,0.0,0.3244028091430664,0.15162920951843262,0.0,0.0,1,1,0.08768188667453194,0.08768188667453194,0.24241232872009277,0.14615154266357422,60,39,0.08768,0.08768,1,1
500,29,39,44,-8.589613266102833e-13,0.0,0.0,0.2108476161956787,0.06690168380737305,-0.0,-0.0,1,1,2.1492102316116997,2.1492102316116997,0.20688819885253906,0.06878304481506348,60,31,-2.14921,-2.14921,1,1
500,30,5,14,-5.718446007885456e-13,2.859223003942088e-13,0.0,0.2121574878692627,0.004509687423706055,-0.0,-0.0,1,1,0.015971811053304964,0.00488903223160295,0.20847296714782715,0.004999876022338867,60,2,-0.00489|0.02705,-0.00489,2,1
500,31,60,23,3.6965285141257144e-11,0.0,0.0,0.22107267379760742,0.20423650741577148,0.0,0.0,1,1,0.013491929425618563,0.013491929425618563,0.20899319648742676,0.20288777351379395,60,48,-0.01349,-0.01349,1,1
500,32,17,47,4.999999999999978,0.0,0.0,0.21370458602905273,0.07385420799255371,5.0,5.0,1,1,2.4517889033056024,2.4517889033056024,0.1978912353515625,0.07486581802368164,60,32,7.45179,7.45179,1,1
500,33,20,53,0.9999999999993299,0.0,0.0,0.21220660209655762,0.07330870628356934,1.0,1.0,1,1,0.6066402565520307,0.6066402565520307,0.2053835391998291,0.07108497619628906,60,32,0.39336,0.39336,1,1
500,34,21,6,0.0,0.0,0.0,0.26346373558044434,0.003945827484130859,0.0,0.0,1,1,0.006702800025040196,0.006702800025040196,0.19418668746948242,0.003287792205810547,60,2,-0.0067,-0.0067,1,1
500,35,33,60,2.0000000000320095,0.0,0.0,0.20055341720581055,0.1982278823852539,2.0,2.0,1,1,0.6937021402258254,0.6937021402258254,0.22070717811584473,0.20980334281921387,60,48,1.3063,1.3063,1,1
500,36,46,58,1.7470783791524496e-11,0.0,0.0,0.19171142578125,0.1981048583984375,0.0,0.0,1,1,1.4003398296702898,1.4003398296702898,0.20165324211120605,0.1974327564239502,60,45,1.40034,1.40034,1,1
500,37,36,17,-7.506834601913326e-14,0.0,0.0,0.207045316696167,0.04699254035949707,-0.0,-0.0,1,1,0.04081772857843746,0.04081772857843746,0.20238518714904785,0.040999412536621094,60,26,-0.04082,-0.04082,1,1
500,38,40,22,-9.919568729059796e-14,0.0,0.0,0.2057054042816162,0.05769991874694824,-0.0,-0.0,1,1,0.7084625537953746,0.7084625537953746,0.19334006309509277,0.05369758605957031,60,29,0.70846,0.70846,1,1
500,39,18,6,-1.0685896612017073e-15,0.0,0.0,0.20705938339233398,0.01103353500366211,-0.0,-0.0,1,1,0.06764465634288751,0.06764465634288751,0.19850802421569824,0.010798931121826172,60,8,-0.06764,-0.06764,1,1
500,40,57,24,1.8347253598798677e-13,0.0,0.0,0.19260215759277344,0.05083513259887695,0.0,0.0,1,1,0.008545871100515046,0.008545871100515046,0.2135782241821289,0.047768592834472656,60,27,0.00855,0.00855,1,1
500,41,45,50,-1.896047980148964e-13,0.0,0.0,0.18655157089233398,0.11430025100708008,-0.0,-0.0,1,1,0.5558525010021637,0.5558525010021637,0.20206546783447266,0.10606718063354492,60,36,-0.55585,-0.55585,1,1
500,42,49,29,4.84007097056647e-13,0.0,0.0,0.20610404014587402,0.05234575271606445,0.0,0.0,1,1,0.17291160951517018,0.17291160951517018,0.2007288932800293,0.0497593879699707,60,28,-0.17291,-0.17291,1,1
500,43,7,23,8.247758665218015e-13,4.1238793326090075e-13,8.247758665218015e-13,0.1954350471496582,0.010697364807128906,0.0,0.0,1,1,0.016333571772082632,0.009862993517564578,0.19661831855773926,0.013020753860473633,60,5,-0.00986|0.0228,-0.00986,2,1
500,44,46,28,1.9386387287853874e-13,0.0,0.0,0.20293426513671875,0.05600714683532715,0.0,0.0,1,1,0.058239163269306206,0.058239163269306206,0.20386934280395508,0.05042004585266113,60,27,-0.05824,-0.05824,1,1
500,45,43,7,-1.3419101857681998e-13,0.0,0.0,0.1976020336151123,0.07932806015014648,-0.0,-0.0,1,1,0.03761518534968798,0.03761518534968798,0.22030210494995117,0.07424688339233398,60,32,-0.03762,-0.03762,1,1
500,46,45,41,1.0212765884831844e-11,0.0,0.0,0.19464349746704102,0.11496114730834961,0.0,0.0,1,1,0.3668848985577698,0.3668848985577698,0.20472931861877441,0.12642168998718262,60,37,-0.36688,-0.36688,1,1
500,47,3,32,13.99999999999846,7.250000000001226,7.250000000001226,0.20584702491760254,0.04772353172302246,3.0|14.0|21.0,3.0|14.0|21.0,3,3,7.706609871249226,7.706609871249226,0.20253491401672363,0.04071831703186035,60,25,2.18069|2.25539|14.54989|20.71263,2.18069|2.25539|14.54989|20.71263,4,4
500,48,26,49,1.0000000000003864,0.0,0.0,0.20763301849365234,0.05249500274658203,1.0,1.0,1,1,1.3236465548094152,1.3236465548094152,0.2066812515258789,0.055692434310913086,60,28,-0.32365,-0.32365,1,1
500,49,20,6,-8.911145467073967e-15,0.0,0.0,0.21619057655334473,0.021059513092041016,-0.0,-0.0,1,1,0.024452212033351763,0.024452212033351763,0.20944857597351074,0.018555641174316406,60,18,0.02445,0.02445,1,1
500,50,18,52,16.999999999999652,0.0,0.0,0.19939661026000977,0.08688092231750488,17.0,17.0,1,1,7.774690125680369,7.774690125680369,0.2027606964111328,0.08965611457824707,60,35,9.22531,9.22531,1,1
500,51,52,6,-5.739639134940249e-13,0.0,0.0,0.20597410202026367,0.09016251564025879,-0.0,-0.0,1,1,0.01101639587876572,0.01101639587876572,0.20583677291870117,0.09772062301635742,60,35,-0.01102,-0.01102,1,1
500,52,45,37,-5.721963281685027e-13,0.0,0.0,0.19848012924194336,0.10617184638977051,-0.0,-0.0,1,1,0.39415554452605894,0.39415554452605894,0.2091386318206787,0.10594630241394043,60,35,-0.39416,-0.39416,1,1
500,53,30,43,3.0000000000013345,0.0,0.0,0.2007453441619873,0.08266067504882812,3.0,3.0,1,1,0.3850917344884457,0.3850917344884457,0.2062208652496338,0.07020211219787598,60,32,2.61491,2.61491,1,1
500,54,24,45,8.999999999999867,0.0,0.0,0.19868016242980957,0.1816871166229248,9.0,9.0,1,1,7.110272921478778,7.110272921478778,0.21358990669250488,0.10460090637207031,60,35,1.88973,1.88973,1,1
500,55,28,51,0.9999999999995768,0.0,0.0,0.21474075317382812,0.05003213882446289,1.0,1.0,1,1,0.6736522428771732,0.6736522428771732,0.19923973083496094,0.04507160186767578,60,27,1.67365,1.67365,1,1
500,56,18,50,0.9999999999999742,0.0,0.0,0.20291829109191895,0.022820711135864258,1.0,1.0,1,1,0.01974946943139866,0.01974946943139866,0.20162320137023926,0.025341510772705078,60,18,1.01975,1.01975,1,1
500,57,36,27,-2.0055374335611148e-13,0.0,0.0,0.19790410995483398,0.046379804611206055,-0.0,-0.0,1,1,0.023821831150583644,0.023821831150583644,0.20633602142333984,0.055999755859375,60,27,-0.02382,-0.02382,1,1
500,58,33,3,-1.0792591220355037e-14,0.0,0.0,0.22446489334106445,0.04916024208068848,-0.0,-0.0,1,1,0.020409565186803875,0.020409565186803875,0.20409297943115234,0.04278421401977539,60,26,0.02041,0.02041,1,1
500,59,54,48,2.582315313962384e-11,39.99999999998737,39.99999999998737,0.2158961296081543,0.12630844116210938,0.0|80.0,0.0|80.0,2,2,41.515341403427364,41.515341403427364,0.22302842140197754,0.12504339218139648,60,38,-2.79133|80.23935,-2.79133|80.23935,2,2
500,60,47,50,2.1143832160254718e-13,0.0,0.0,0.21091914176940918,0.08492922782897949,0.0,0.0,1,1,0.009155770113173515,0.009155770113173515,0.20931553840637207,0.08797001838684082,60,33,-0.00916,-0.00916,1,1
500,61,9,12,8.622732157922063e-14,0.0,0.0,0.20639252662658691,0.0076105594635009766,0.0,0.0,1,1,0.14261963518318435,0.14261963518318435,0.27234363555908203,0.009828329086303711,60,7,-0.14262,-0.14262,1,1
500,62,19,56,5.999999999999945,0.0,0.0,0.19202661514282227,0.09010815620422363,6.0,6.0,1,1,0.38504527466170835,0.38504527466170835,0.1953110694885254,0.08082175254821777,60,34,5.61495,5.61495,1,1
500,63,27,51,2.8307105763345674e-14,0.0,0.0,0.19433879852294922,0.053876399993896484,0.0,0.0,1,1,0.11513434116295927,0.11513434116295927,0.2056291103363037,0.049560546875,60,29,0.11513,0.11513,1,1
500,64,23,4,-5.975119896349517e-16,0.0,0.0,0.20217180252075195,0.008008718490600586,-0.0,-0.0,1,1,0.010118078702314778,0.010118078702314778,0.20987224578857422,0.0068552494049072266,60,5,0.01012,0.01012,1,1
500,65,39,12,-2.5929507297513955e-14,0.0,0.0,0.20714068412780762,0.02221059799194336,-0.0,-0.0,1,1,0.1964451124168274,0.1964451124168274,0.20020151138305664,0.032633066177368164,60,20,0.19645,0.19645,1,1
500,66,23,28,-8.198570028001156e-16,0.0,0.0,0.20036888122558594,0.019261837005615234,-0.0,-0.0,1,1,0.06226447668116245,0.06226447668116245,0.20972108840942383,0.017963647842407227,60,18,0.06226,0.06226,1,1
500,67,43,29,6.102865285966755e-13,0.0,0.0,0.19817733764648438,0.080291748046875,0.0,0.0,1,1,0.03762491466410957,0.03762491466410957,0.21546578407287598,0.07511448860168457,60,32,-0.03762,-0.03762,1,1
500,68,52,5,6.914784993026716e-13,0.0,0.0,0.20101380348205566,0.16339516639709473,0.0,0.0,1,1,0.04340025786530083,0.04340025786530083,0.20118999481201172,0.09219980239868164,60,35,-0.0434,-0.0434,1,1
500,69,58,35,2.5623184622553135e-11,0.0,0.0,0.20097899436950684,0.21181201934814453,0.0,0.0,1,1,0.06496637750331155,0.06496637750331155,0.2054455280303955,0.2063760757446289,60,46,0.06497,0.06497,1,1
500,70,32,26,1.7717443105715047e-13,0.0,0.0,0.20351290702819824,0.048552751541137695,0.0,0.0,1,1,0.02545670795254114,0.02545670795254114,0.22614669799804688,0.0458221435546875,60,27,-0.02546,-0.02546,1,1
500,71,52,59,3.221512109868541e-11,0.0,0.0,0.20444059371948242,0.17635464668273926,0.0,0.0,1,1,0.41708923726276925,0.41708923726276925,0.19813203811645508,0.18456697463989258,60,49,0.41709,0.41709,1,1
500,72,7,21,2.291124986754253e-16,1.1455624933771266e-16,2.291124986754253e-16,0.2082505226135254,0.00397491455078125,0.0,0.0,1,1,0.037515512448123886,0.02101763023688375,0.20885753631591797,0.0032415390014648438,60,2,0.02102|0.05401,0.02102,2,1
500,73,43,26,1.4058679942272848e-13,0.0,0.0,0.19518518447875977,0.07158327102661133,0.0,0.0,1,1,0.011106426299519441,0.011106426299519441,0.17570209503173828,0.06697440147399902,60,33,-0.01111,-0.01111,1,1
500,74,52,33,3.81322236094119e-12,0.0,0.0,0.1779005527496338,0.08684992790222168,0.0,0.0,1,1,0.07464846415489498,0.07464846415489498,0.1708390712738037,0.08640718460083008,60,36,0.07465,0.07465,1,1
500,75,46,31,5.317667066224656e-13,0.0,0.0,0.26997828483581543,0.04925060272216797,0.0,0.0,1,1,0.011080871057447731,0.011080871057447731,0.21071887016296387,0.05527806282043457,60,27,-0.01108,-0.01108,1,1
500,76,47,19,-7.527124161101969e-14,0.0,0.0,0.20327448844909668,0.07697391510009766,-0.0,-0.0,1,1,0.09452212961272348,0.09452212961272348,0.20860719680786133,0.07644414901733398,60,32,-0.09452,-0.09452,1,1
500,77,23,27,-9.018427030801271e-15,0.0,0.0,0.20548582077026367,0.023850440979003906,-0.0,-0.0,1,1,0.062956945694591,0.062956945694591,0.19742655754089355,0.024072647094726562,60,20,-0.06296,-0.06296,1,1
500,78,29,53,2.00000000000017,0.0,0.0,0.20465755462646484,0.07744097709655762,2.0,2.0,1,1,1.6289415958101279,1.6289415958101279,0.2160496711730957,0.0755922794342041,60,32,0.37106,0.37106,1,1
500,79,30,21,-3.592604039194071e-30,0.0,0.0,0.20038700103759766,0.03472447395324707,-0.0,-0.0,1,1,0.03779349599920811,0.03779349599920811,0.20847153663635254,0.039520263671875,60,24,0.03779,0.03779,1,1
500,80,39,46,-4.81737369729886e-13,0.0,0.0,0.20218634605407715,0.06587672233581543,-0.0,-0.0,1,1,0.09222172517163023,0.09222172517163023,0.20550155639648438,0.06580805778503418,60,30,0.09222,0.09222,1,1
500,81,21,41,0.9999999999999928,0.0,0.0,0.19861388206481934,0.08078336715698242,1.0,1.0,1,1,0.15309386771761913,0.15309386771761913,0.2129359245300293,0.07993578910827637,60,32,0.84691,0.84691,1,1
500,82,17,13,-1.909583602355354e-15,0.0,0.0,0.2675173282623291,0.013960838317871094,-0.0,-0.0,1,1,0.11924203346197088,0.11924203346197088,0.20043087005615234,0.011785268783569336,60,11,0.11924,0.11924,1,1
500,83,18,24,-2.266705341943016e-15,0.0,0.0,0.21258163452148438,0.013616800308227539,-0.0,-0.0,1,1,0.04927511612765403,0.04927511612765403,0.21088814735412598,0.012667179107666016,60,12,-0.04928,-0.04928,1,1
500,84,19,50,1.0000000000000384,0.0,0.0,0.2078382968902588,0.02139568328857422,1.0,1.0,1,1,0.11507390102554416,0.11507390102554416,0.20761537551879883,0.027287721633911133,60,18,1.11507,1.11507,1,1
500,85,1,45,222.99999999999906,125.2499999999993,125.2499999999993,0.19610118865966797,0.11208796501159668,27.0|114.0|223.0,27.0|114.0|223.0,3,3,132.10889170712642,132.10889170712642,0.2047410011291504,0.10560274124145508,60,35,17.2252|17.2387|108.82456|220.27598,17.2252|17.2387|108.82456|220.27598,4,4
500,86,14,17,0.9999999999999829,2.3092638912203256e-14,4.618527782440651e-14,0.21051716804504395,0.017958402633666992,1.0,1.0,1,1,0.027285519138027514,0.0002944440775506374,0.20906519889831543,0.012100458145141602,60,11,0.94572|0.99971,0.99971,2,1
500,87,5,46,23.999999999983917,9.000000000007129,9.000000000007129,0.20865154266357422,0.04913806915283203,6.0|24.0,6.0|24.0,2,2,9.983415840270496,9.983415840270496,0.20051860809326172,0.05073904991149902,60,27,4.11925|23.91392,4.11925|23.91392,2,2
500,88,54,18,3.6586606760075344e-13,0.285714285714103,0.285714285714103,0.20454692840576172,0.011743307113647461,0.0|0.57143,0.0|0.57143,2,2,0.29530295988641875,0.29530295988641875,0.20012211799621582,0.01150202751159668,60,10,0.02124|0.56937,0.02124|0.56937,2,2
500,89,17,45,9.99999999999904,0.0,0.0,0.2774062156677246,0.09784126281738281,10.0,10.0,1,1,1.951924192932685,1.951924192932685,0.20671319961547852,0.09690046310424805,60,35,8.04808,8.04808,1,1
500,90,57,16,1.3840956076611883e-13,0.0,0.0,0.19514942169189453,0.052205562591552734,0.0,0.0,1,1,0.5652595856271732,0.5652595856271732,0.20370054244995117,0.0540776252746582,60,27,-0.56526,-0.56526,1,1
500,91,43,42,4.432623209353504e-12,0.0,0.0,0.19346380233764648,0.09788322448730469,0.0,0.0,1,1,0.7976296025890106,0.7976296025890106,0.2134227752685547,0.09190893173217773,60,34,-0.79763,-0.79763,1,1
500,92,16,27,0.9999999999999624,0.0,0.0,0.2006223201751709,0.025104761123657227,1.0,1.0,1,1,0.5990415098036082,0.5990415098036082,0.20735716819763184,0.023840904235839844,60,19,0.40096,0.40096,1,1
500,93,49,4,-4.130056266085475e-14,0.0,0.0,0.1945204734802246,0.055930137634277344,-0.0,-0.0,1,1,0.027294860049074627,0.027294860049074627,0.20537734031677246,0.0545196533203125,60,28,0.02729,0.02729,1,1
500,94,37,58,2.00000000000592,0.0,0.0,0.20198297500610352,0.19164776802062988,2.0,2.0,1,1,2.7267670286784265,2.7267670286784265,0.20255041122436523,0.1966705322265625,60,44,-0.72677,-0.72677,1,1
500,95,43,2,-7.597204853774307e-14,0.0,0.0,0.1995689868927002,0.07010388374328613,-0.0,-0.0,1,1,0.09948947104383386,0.09948947104383386,0.21736955642700195,0.07876968383789062,60,32,0.09949,0.09949,1,1
500,96,37,36,-1.0114325472970825e-13,0.0,0.0,0.19302082061767578,0.06092190742492676,-0.0,-0.0,1,1,0.14868955769031658,0.14868955769031658,0.21123671531677246,0.05446052551269531,60,28,0.14869,0.14869,1,1
500,97,18,12,-3.4231876592615315e-15,0.0,0.0,0.20059442520141602,0.012165307998657227,-0.0,-0.0,1,1,0.03946013242000635,0.03946013242000635,0.20119738578796387,0.01225733757019043,60,11,-0.03946,-0.03946,1,1
500,98,24,12,-1.3322676295501825e-15,0.0,0.0,0.20883774757385254,0.009407758712768555,-0.0,-0.0,1,1,0.04570450815928569,0.04570450815928569,0.20204877853393555,0.008152961730957031,60,8,-0.0457,-0.0457,1,1
500,99,57,15,-1.5635432282882887e-13,0.0,0.0,0.1921987533569336,0.04806065559387207,-0.0,-0.0,1,1,0.3024354023055043,0.3024354023055043,0.20697426795959473,0.04360532760620117,60,27,0.30244,0.30244,1,1
1000,0,25,31,1.0000000000000497,0.0,0.0,0.21054911613464355,0.03654122352600098,1.0,1.0,1,1,0.28436342158779526,0.28436342158779526,0.2009894847869873,0.041021108627319336,60,24,1.28436,1.28436,1,1
1000,1,24,5,-4.6629367034256385e-15,0.0,0.0,0.19903087615966797,0.010478973388671875,-0.0,-0.0,1,1,0.05618608070569947,0.05618608070569947,0.21119070053100586,0.007386684417724609,60,6,0.05619,0.05619,1,1
1000,2,52,2,1.6553197451851516e-13,0.0,0.0,0.21594548225402832,0.09035682678222656,0.0,0.0,1,1,0.03434907327140219,0.03434907327140219,0.20607233047485352,0.08963584899902344,60,35,-0.03435,-0.03435,1,1
1000,3,5,53,49.999999999960224,18.00000000001809,18.00000000001809,0.26119303703308105,0.07145810127258301,14.0|50.0,14.0|50.0,2,2,19.23140966287153,19.23140966287153,0.2001638412475586,0.06983661651611328,60,32,12.62898|51.0918,12.62898|51.0918,2,2
1000,4,15,36,0.9999999999999749,0.0,0.0,0.21377968788146973,0.05718088150024414,1.0,1.0,1,1,1.4693746132132584,1.4693746132132584,0.20319819450378418,0.0464017391204834,60,26,-0.46937,-0.46937,1,1
1000,5,19,45,12.99999999999941,0.0,0.0,0.1916029453277588,0.10625815391540527,13.0,13.0,1,1,0.06755373319844615,0.06755373319844615,0.20227932929992676,0.10092973709106445,60,35,12.93245,12.93245,1,1
1000,6,58,2,2.832592375785482e-13,0.0,0.0,0.2112746238708496,0.1790025234222412,0.0,0.0,1,1,2.140694457459046,2.140694457459046,0.20782184600830078,0.17471718788146973,60,44,-2.14069,-2.14069,1,1
1000,7,29,11,2.2918925782797987e-15,0.0,0.0,0.21108388900756836,0.02087879180908203,0.0,0.0,1,1,0.12128738409471333,0.12128738409471333,0.20175981521606445,0.02070903778076172,60,18,0.12129,0.12129,1,1
1000,8,3,31,10.999999999998792,6.000000000000965,6.000000000000965,0.1991434097290039,0.04484748840332031,2.0|11.0|17.0,2.0|11.0|17.0,3,3,6.375525134135873,6.375525134135873,0.2003927230834961,0.03595161437988281,60,24,1.31977|1.52079|11.26516|17.0775,1.31977|1.52079|11.26516|17.0775,4,4
1000,9,44,43,1.4781381224088744e-12,0.0,0.0,0.20237278938293457,0.09200668334960938,0.0,0.0,1,1,0.0051107171429527025,0.0051107171429527025,0.20333266258239746,0.08852171897888184,60,34,-0.00511,-0.00511,1,1
1000,10,39,16,-8.136774835999011e-14,0.0,0.0,0.19031405448913574,0.024621963500976562,-0.0,-0.0,1,1,0.01016538508485462,0.01016538508485462,0.20094084739685059,0.021895170211791992,60,20,-0.01017,-0.01017,1,1
1000,11,41,20,2.224376473393654e-13,0.0,0.0,0.20982885360717773,0.08984994888305664,0.0,0.0,1,1,0.0759089741929281,0.0759089741929281,0.21318674087524414,0.08874797821044922,60,33,-0.07591,-0.07591,1,1
1000,12,50,56,2.933985930295007e-13,0.0,0.0,0.20307016372680664,0.09888577461242676,0.0,0.0,1,1,0.1845077253201972,0.1845077253201972,0.21216273307800293,0.09310579299926758,60,35,0.18451,0.18451,1,1
1000,13,16,35,3.9999999999999347,0.0,0.0,0.21039128303527832,0.04638814926147461,4.0,4.0,1,1,0.7394675804240536,0.7394675804240536,0.20081686973571777,0.04417872428894043,60,26,3.26053,3.26053,1,1
1000,14,55,4,4.226051513699788e-12,0.0,0.0,0.20966744422912598,0.14496850967407227,0.0,0.0,1,1,0.013525198955833533,0.013525198955833533,0.20296049118041992,0.14498019218444824,60,39,0.01353,0.01353,1,1
1000,15,41,5,-2.9414703936901304e-14,0.0,0.0,0.19548416137695312,0.07600831985473633,-0.0,-0.0,1,1,0.03550851585596581,0.03550851585596581,0.2097303867340088,0.07739448547363281,60,32,-0.03551,-0.03551,1,1
1000,16,1,11,-6.616259745545053e-14,1.883090911770042e-14,0.0,0.20927786827087402,0.00538325309753418,-0.0,-0.0,1,1,0.008588325044256186,0.004870911393998852,0.2727828025817871,0.0035676956176757812,60,2,-0.01741|-0.0077|-0.00487|-0.00437,-0.00487,4,1
1000,17,14,46,6.999999999999938,4.428571428571428,4.428571428571428,0.1910722255706787,0.051078081130981445,7.0|15.85714,7.0|15.85714,2,2,4.545911777049737,4.545911777049737,0.19881653785705566,0.053412675857543945,60,27,6.7333|15.82513,6.7333|15.82513,2,2
1000,18,51,29,-9.380176004731609e-14,0.0,0.0,0.19666123390197754,0.052016496658325195,-0.0,-0.0,1,1,0.13751755144951583,0.13751755144951583,0.20139336585998535,0.04996800422668457,60,28,-0.13752,-0.13752,1,1
1000,19,52,10,-1.827487389566795e-12,0.0,0.0,0.19347739219665527,0.09541058540344238,-0.0,-0.0,1,1,0.029283504312973954,0.029283504312973954,0.20245027542114258,0.095001220703125,60,35,0.02928,0.02928,1,1
1000,20,23,35,-9.29171269840131e-15,0.0,0.0,0.20016884803771973,0.04727625846862793,-0.0,-0.0,1,1,0.3629904041486702,0.3629904041486702,0.20291805267333984,0.05143094062805176,60,27,0.36299,0.36299,1,1
1000,21,12,42,11.999999999999899,0.0,0.0,0.21024870872497559,0.05312395095825195,12.0,12.0,1,1,1.3632513624828135,1.3632513624828135,0.1967329978942871,0.0488584041595459,60,27,13.36325,13.36325,1,1
1000,22,12,49,9.99999999999987,0.0,0.0,0.19483160972595215,0.05342578887939453,10.0,10.0,1,1,0.8497349106505112,0.8497349106505112,0.20642662048339844,0.04710888862609863,60,28,9.15027,9.15027,1,1
1000,23,19,24,2.771620600482625e-16,0.0,0.0,0.19910764694213867,0.09198760986328125,0.0,0.0,1,1,0.03219050847159355,0.03219050847159355,0.19709444046020508,0.017655372619628906,60,17,0.03219,0.03219,1,1
1000,24,28,16,-2.9452224135312333e-14,0.0,0.0,0.19350981712341309,0.020462751388549805,-0.0,-0.0,1,1,0.02483609530750642,0.02483609530750642,0.20844292640686035,0.01862955093383789,60,17,0.02484,0.02484,1,1
1000,25,27,56,9.12245189782314e-14,0.0,0.0,0.20065903663635254,0.0896921157836914,0.0,0.0,1,1,3.275437839359197,3.275437839359197,0.19843244552612305,0.08894491195678711,60,35,3.27544,3.27544,1,1
1000,26,6,35,11.000000000002203,1.499999999999543,1.499999999999543,0.2056424617767334,0.04100966453552246,8.5|11.0|12.0|12.5|13.5,8.5|11.0|12.0|12.5|13.5,5,5,1.6072800465965138,1.6072800465965138,0.20197248458862305,0.04550576210021973,60,26,8.67246|11.31162|12.02265|12.84033|13.53426,8.67246|11.31162|12.02265|12.84033|13.53426,5,5
1000,27,47,57,7.891062517914284e-13,0.0,0.0,0.2107834815979004,0.08364248275756836,0.0,0.0,1,1,0.050152132861572565,0.050152132861572565,0.19312357902526855,0.07804441452026367,60,35,0.05015,0.05015,1,1
1000,28,54,32,2.996460222805408e-12,4.714285714284247,4.714285714284247,0.1679232120513916,0.03827404975891113,0.0|9.42857,0.0|9.42857,2,2,4.7368211316554625,4.7368211316554625,0.17450928688049316,0.033478736877441406,60,26,0.01505|9.45859,0.01505|9.45859,2,2
1000,29,30,17,3.229325638807164e-14,0.0,0.0,0.17856502532958984,0.027218103408813477,0.0,0.0,1,1,0.09268217558855198,0.09268217558855198,0.17986750602722168,0.032241106033325195,60,23,0.09268,0.09268,1,1
1000,30,15,19,4.687608326195073e-15,0.0,0.0,0.17475152015686035,0.016398191452026367,0.0,0.0,1,1,0.28248895900329046,0.28248895900329046,0.1749429702758789,0.015442609786987305,60,17,-0.28249,-0.28249,1,1
1000,31,53,12,7.351018352540718e-14,0.0,0.0,0.16724514961242676,0.06124091148376465,0.0,0.0,1,1,0.05304093756953001,0.05304093756953001,0.1710221767425537,0.0573577880859375,60,32,-0.05304,-0.05304,1,1
1000,32,23,30,8.198570028001155e-15,0.0,0.0,0.17003583908081055,0.03397822380065918,0.0,0.0,1,1,0.21314583082795008,0.21314583082795008,0.1730489730834961,0.029156208038330078,60,24,0.21315,0.21315,1,1
1000,33,59,11,1.2196821713950253e-12,0.0,0.0,0.17297577857971191,0.13903498649597168,0.0,0.0,1,1,0.08989669308576981,0.08989669308576981,0.1733248233795166,0.14025306701660156,60,46,-0.0899,-0.0899,1,1
1000,34,51,35,1.1495101051719477e-13,0.0,0.0,0.18084931373596191,0.05537843704223633,0.0,0.0,1,1,0.46780124946987245,0.46780124946987245,0.1699085235595703,0.05655312538146973,60,31,-0.4678,-0.4678,1,1
1000,35,30,57,1.0000000000000426,0.0,0.0,0.17832398414611816,0.03965425491333008,1.0,1.0,1,1,0.24053015640461073,0.24053015640461073,0.17620491981506348,0.04299449920654297,60,27,1.24053,1.24053,1,1
1000,36,32,25,5.277172903373142e-13,0.0,0.0,0.17251181602478027,0.03291463851928711,0.0,0.0,1,1,0.02818826787106126,0.02818826787106126,0.1801609992980957,0.03157186508178711,60,25,-0.02819,-0.02819,1,1
1000,37,52,23,-2.9198647108282283e-13,0.0,0.0,0.17296290397644043,0.07754111289978027,-0.0,-0.0,1,1,0.010115437785592,0.010115437785592,0.2362654209136963,0.08010506629943848,60,35,-0.01012,-0.01012,1,1
1000,38,60,22,-2.4160032362541578e-11,0.0,0.0,0.1730971336364746,0.17905879020690918,-0.0,-0.0,1,1,0.21039631149458876,0.21039631149458876,0.16733193397521973,0.1688365936279297,60,48,0.2104,0.2104,1,1
1000,39,17,60,42.999999999997456,0.0,0.0,0.1670529842376709,0.17355728149414062,43.0,43.0,1,1,10.905310435865701,10.905310435865701,0.1727433204650879,0.16970157623291016,60,48,53.90531,53.90531,1,1
1000,40,16,9,-1.5146614121671561e-15,0.0,0.0,0.17130589485168457,0.011136293411254883,-0.0,-0.0,1,1,0.09393461030357377,0.09393461030357377,0.17851543426513672,0.010227680206298828,60,12,-0.09393,-0.09393,1,1
1000,41,12,54,2.5535129566378474e-15,0.0,0.0,0.1666398048400879,0.006258249282836914,0.0,0.0,1,1,0.06704736789709605,0.06704736789709605,0.17066621780395508,0.005415678024291992,60,4,-0.06705,-0.06705,1,1
1000,42,49,43,-4.873967172032672e-13,0.0,0.0,0.16759490966796875,0.08353662490844727,-0.0,-0.0,1,1,0.3507143126311698,0.3507143126311698,0.17341160774230957,0.08186578750610352,60,35,0.35071,0.35071,1,1
1000,43,36,13,-3.085075076488461e-15,0.0,0.0,0.17432141304016113,0.04190874099731445,-0.0,-0.0,1,1,0.06385255182330277,0.06385255182330277,0.1741015911102295,0.036620140075683594,60,26,-0.06385,-0.06385,1,1
1000,44,3,43,48.99999999999468,26.750000000004405,26.750000000004405,0.23505067825317383,0.06619524955749512,9.0|49.0|76.0,9.0|49.0|76.0,3,3,27.757084812685697,27.757084812685697,0.17560029029846191,0.06438732147216797,60,32,8.32821|8.83472|51.98974|76.20152,8.32821|8.83472|51.98974|76.20152,4,4
1000,45,26,34,1.1992574954780632e-13,0.0,0.0,0.17638301849365234,0.05655074119567871,0.0,0.0,1,1,0.7800728920031909,0.7800728920031909,0.16739940643310547,0.05283761024475098,60,30,-0.78007,-0.78007,1,1
1000,46,37,9,6.226340799196046e-14,0.0,0.0,0.17089271545410156,0.03694963455200195,0.0,0.0,1,1,0.009672746410715685,0.009672746410715685,0.1761162281036377,0.036224365234375,60,26,-0.00967,-0.00967,1,1
1000,47,49,35,-8.243317730841465e-13,0.0,0.0,0.16600561141967773,0.05553746223449707,-0.0,-0.0,1,1,0.26568890379745524,0.26568890379745524,0.18233966827392578,0.05895590782165527,60,30,0.26569,0.26569,1,1
1000,48,47,28,-1.7527937988582794e-13,0.0,0.0,0.1739814281463623,0.06261086463928223,-0.0,-0.0,1,1,0.024448105592485905,0.024448105592485905,0.1744084358215332,0.06448888778686523,60,32,-0.02445,-0.02445,1,1
1000,49,33,7,2.4673248391851514e-14,0.0,0.0,0.17126822471618652,0.038654327392578125,0.0,0.0,1,1,0.0027016228108190285,0.0027016228108190285,0.1762223243713379,0.04255485534667969,60,26,0.0027,0.0027,1,1
1000,50,54,29,1.0785023667787079e-12,1.571428571428051,1.571428571428051,0.17167115211486816,0.021338701248168945,0.0|3.14286,0.0|3.14286,2,2,1.6145159666817177,1.6145159666817177,0.1737217903137207,0.017728328704833984,60,19,0.07788|3.15115,0.07788|3.15115,2,2
1000,51,8,9,1.3555823130673166e-13,0.12499999999996829,0.2499999999999325,0.2402968406677246,0.006522178649902344,0.0|0.5,0.0|0.5,2,2,0.1878409326262265,0.3096222276575539,0.16907978057861328,0.005795717239379883,60,5,-0.11783|-0.08912|-0.043|0.50142,-0.11783|0.50142,4,2
1000,52,11,20,1.0000000000000604,2.2499999999998455,2.2499999999998455,0.17541265487670898,0.017519712448120117,1.0|5.5,1.0|5.5,2,2,2.279830297785853,2.279830297785853,0.171464204788208,0.017032623291015625,60,18,0.97758|5.53724,0.97758|5.53724,2,2
1000,53,28,24,-9.297406149809596e-15,0.0,0.0,0.17099690437316895,0.02289414405822754,-0.0,-0.0,1,1,0.032624865082531124,0.032624865082531124,0.17064619064331055,0.016466617584228516,60,18,0.03262,0.03262,1,1
1000,54,29,27,3.971866649106898e-14,0.0,0.0,0.16905546188354492,0.02246856689453125,0.0,0.0,1,1,0.01144502500165974,0.01144502500165974,0.17902755737304688,0.02523207664489746,60,21,0.01145,0.01145,1,1
1000,55,17,24,-4.4408920985008236e-17,0.0,0.0,0.17004156112670898,0.012183189392089844,-0.0,-0.0,1,1,0.025493964805398624,0.025493964805398624,0.17232060432434082,0.01399683952331543,60,12,0.02549,0.02549,1,1
1000,56,37,8,5.926240498720398e-15,0.0,0.0,0.1713881492614746,0.043599843978881836,0.0,0.0,1,1,0.031808217178585695,0.031808217178585695,0.17966675758361816,0.03910565376281738,60,27,0.03181,0.03181,1,1
1000,57,49,56,2.3971938741444525e-12,0.0,0.0,0.17906856536865234,0.08115339279174805,0.0,0.0,1,1,0.6268970014684296,0.6268970014684296,0.17665886878967285,0.08173727989196777,60,35,0.6269,0.6269,1,1
1000,58,5,47,69.999999999953,26.000000000020947,26.000000000020947,0.24392104148864746,0.06579732894897461,18.0|70.0,18.0|70.0,2,2,26.953707120173995,26.953707120173995,0.16893339157104492,0.06124258041381836,60,32,22.50467|76.41209,22.50467|76.41209,2,2
1000,59,1,24,4.18554080283684e-14,2.833751394535092e-14,0.0,0.16450023651123047,0.00579380989074707,0.0,0.0,1,1,0.016864600900054573,0.0070266750750862285,0.18299245834350586,0.005124568939208984,60,6,-0.04161|0.00578|0.00703|0.01304,0.00703,4,1
1000,60,3,43,48.99999999999468,26.750000000004405,26.750000000004405,0.16933989524841309,0.06793546676635742,9.0|49.0|76.0,9.0|49.0|76.0,3,3,26.928625459771894,26.928625459771894,0.17582249641418457,0.0648190975189209,60,32,8.6622|8.79706|47.88484|75.0586,8.6622|8.79706|47.88484|75.0586,4,4
1000,61,21,47,1.999999999999994,0.0,0.0,0.17306256294250488,0.07062959671020508,2.0,2.0,1,1,0.008559841954074221,0.008559841954074221,0.17272210121154785,0.06351757049560547,60,32,2.00856,2.00856,1,1
1000,62,48,23,-3.9948065073099254e-13,0.0,0.0,0.16746830940246582,0.10335683822631836,-0.0,-0.0,1,1,0.11188547181332656,0.11188547181332656,0.17448663711547852,0.09891295433044434,60,37,0.11189,0.11189,1,1
1000,63,36,15,-5.193844673485663e-14,0.0,0.0,0.1736302375793457,0.04157137870788574,-0.0,-0.0,1,1,0.08161760939988452,0.08161760939988452,0.1787431240081787,0.041350603103637695,60,26,-0.08162,-0.08162,1,1
1000,64,32,23,-1.9611512747305964e-13,0.0,0.0,0.171875,0.03491950035095215,-0.0,-0.0,1,1,0.0060526857383531914,0.0060526857383531914,0.17691659927368164,0.03427386283874512,60,26,-0.00605,-0.00605,1,1
1000,65,9,16,2.9813188954600917e-13,0.0,0.0,0.23670649528503418,0.011295795440673828,0.0,0.0,1,1,0.400673331468791,0.400673331468791,0.16847944259643555,0.010311603546142578,60,12,-0.40067,-0.40067,1,1
1000,66,14,25,0.9999999999999769,0.42857142857141173,0.42857142857141173,0.17456412315368652,0.01866459846496582,1.0|1.85714,1.0|1.85714,2,2,0.4563809747121443,0.4563809747121443,0.17236018180847168,0.01353907585144043,60,15,0.94859|1.86135,0.94859|1.86135,2,2
1000,67,40,23,-2.9941473722074025e-14,0.0,0.0,0.16963601112365723,0.044437408447265625,-0.0,-0.0,1,1,0.026021929942947122,0.026021929942947122,0.17514872550964355,0.04630160331726074,60,28,-0.02602,-0.02602,1,1
1000,68,6,22,2.000000000000394,0.40000000000026575,1.0000000000004317,0.1712331771850586,0.014384984970092773,-0.0|2.0,-0.0|2.0,2,2,0.40823589689032147,0.95443377117018,0.17568707466125488,0.013585567474365234,60,13,0.10949|1.94311|1.958|2.01836|2.03342,0.10949|2.01836,5,2
1000,69,46,38,1.0272810739933693e-12,0.0,0.0,0.17116165161132812,0.05302739143371582,0.0,0.0,1,1,0.004358384229485186,0.004358384229485186,0.1725921630859375,0.059186458587646484,60,30,0.00436,0.00436,1,1
1000,70,10,33,6.000000000000079,3.3999999999989408,2.8333333333335786,0.17522430419921875,0.037362098693847656,6.0|11.66667,6.0|11.66667,2,2,3.800490982799077,3.404015749245361,0.1824660301208496,0.04400491714477539,60,26,6.8636|7.1536|11.3477|11.65443|11.98312,7.1536|11.65443,5,2
1000,71,9,47,10.000000000010878,0.0,0.0,0.17949295043945312,0.06228160858154297,10.0,10.0,1,1,25.942660201634922,25.942660201634922,0.1740119457244873,0.06603455543518066,60,32,-15.94266,-15.94266,1,1
1000,72,21,58,7.999999999999964,0.0,0.0,0.23792409896850586,0.16537046432495117,8.0,8.0,1,1,0.14230219064365013,0.14230219064365013,0.17499923706054688,0.18105435371398926,60,44,8.1423,8.1423,1,1
1000,73,3,13,-7.984428305564705e-14,4.731568989211007e-14,6.079768179688357e-14,0.20898771286010742,0.0074117183685302734,-0.0,-0.0,1,1,0.03208971574675286,0.011114850368111608,0.2052299976348877,0.0045316219329833984,60,5,-0.05342|-0.05191|-0.01191|-0.01111,-0.01111,4,1
1000,74,15,13,1.97372982155582e-15,0.0,0.0,0.21483564376831055,0.00851130485534668,0.0,0.0,1,1,0.18886696912164871,0.18886696912164871,0.19834446907043457,0.007422447204589844,60,8,-0.18887,-0.18887,1,1
1000,75,46,60,3.6062785079191203e-11,0.0,0.0,0.19880270957946777,0.19985175132751465,0.0,0.0,1,1,1.2085652278556818,1.2085652278556818,0.1970822811126709,0.18813323974609375,60,49,1.20857,1.20857,1,1
1000,76,32,5,4.5143459535482865e-14,0.0,0.0,0.19395995140075684,0.03727459907531738,0.0,0.0,1,1,0.07231304581589923,0.07231304581589923,0.19718527793884277,0.03605389595031738,60,25,0.07231,0.07231,1,1
1000,77,31,36,1.2617962709992126e-13,0.0,0.0,0.1925365924835205,0.056734323501586914,0.0,0.0,1,1,0.13857951060752616,0.13857951060752616,0.2024679183959961,0.050351619720458984,60,27,0.13858,0.13858,1,1
1000,78,31,5,-1.3454343505100653e-15,0.0,0.0,0.18802165985107422,0.04236912727355957,-0.0,-0.0,1,1,0.028876990669150934,0.028876990669150934,0.2082962989807129,0.03640890121459961,60,24,0.02888,0.02888,1,1
1000,79,38,47,4.447454486289768e-13,0.0,0.0,0.20009756088256836,0.08864784240722656,0.0,0.0,1,1,0.4349800317455274,0.4349800317455274,0.2061295509338379,0.09555673599243164,60,35,0.43498,0.43498,1,1
1000,80,18,45,20.999999999999996,0.0,0.0,0.20966005325317383,0.0966501235961914,21.0,21.0,1,1,23.38025164087688,23.38025164087688,0.1993412971496582,0.10145950317382812,60,35,-2.38025,-2.38025,1,1
1000,81,27,13,-4.756052182910305e-15,0.0,0.0,0.20209503173828125,0.020779848098754883,-0.0,-0.0,1,1,0.09715026577969789,0.09715026577969789,0.20281529426574707,0.01966071128845215,60,19,-0.09715,-0.09715,1,1
1000,82,37,7,-4.429527271881785e-15,0.0,0.0,0.19202494621276855,0.049844980239868164,-0.0,-0.0,1,1,0.036224959415984005,0.036224959415984005,0.21512961387634277,0.04876971244812012,60,26,0.03622,0.03622,1,1
1000,83,48,38,-4.75316253911287e-12,0.0,0.0,0.20414233207702637,0.1317896842956543,-0.0,-0.0,1,1,1.2501519895470212,1.2501519895470212,0.19466161727905273,0.13144683837890625,60,39,-1.25015,-1.25015,1,1
1000,84,48,10,1.4387552626250953e-13,0.0,0.0,0.19841670989990234,0.11177420616149902,0.0,0.0,1,1,0.15791943342485318,0.15791943342485318,0.20584774017333984,0.1116037368774414,60,37,-0.15792,-0.15792,1,1
1000,85,49,45,1.5932754496458113e-11,0.0,0.0,0.19655728340148926,0.1165769100189209,0.0,0.0,1,1,1.4501621847620967,1.4501621847620967,0.2624478340148926,0.11734724044799805,60,38,1.45016,1.45016,1,1
1000,86,28,4,-5.351844323834061e-16,0.0,0.0,0.19047236442565918,0.023193836212158203,-0.0,-0.0,1,1,0.02686817626886885,0.02686817626886885,0.18680620193481445,0.016884565353393555,60,17,0.02687,0.02687,1,1
1000,87,45,18,-2.493211526625702e-13,0.0,0.0,0.20476293563842773,0.09689831733703613,-0.0,-0.0,1,1,0.5177705490155702,0.5177705490155702,0.20708322525024414,0.1020050048828125,60,35,0.51777,0.51777,1,1
1000,88,60,34,3.403519119567985e-11,0.0,0.0,0.16878628730773926,0.16935205459594727,0.0,0.0,1,1,0.3229808521101033,0.3229808521101033,0.1728651523590088,0.16932392120361328,60,48,0.32298,0.32298,1,1
1000,89,25,8,1.5446581212176312e-16,0.0,0.0,0.17130017280578613,0.015140295028686523,0.0,0.0,1,1,0.021577379957347445,0.021577379957347445,0.17128777503967285,0.014238595962524414,60,16,-0.02158,-0.02158,1,1
1000,90,21,36,0.9999999999999987,0.0,0.0,0.16947007179260254,0.03673410415649414,1.0,1.0,1,1,0.015116156911919143,0.015116156911919143,0.17182397842407227,0.04046225547790527,60,26,1.01512,1.01512,1,1
1000,91,57,38,1.7469997313819535e-12,0.0,0.0,0.17725157737731934,0.04633808135986328,0.0,0.0,1,1,0.27413518574844614,0.27413518574844614,0.17336297035217285,0.04892277717590332,60,29,-0.27414,-0.27414,1,1
1000,92,22,35,2.994042672821246e-14,0.0,0.0,0.23514389991760254,0.03785872459411621,0.0,0.0,1,1,0.23736629477881577,0.23736629477881577,0.1706244945526123,0.041097164154052734,60,27,0.23737,0.23737,1,1
1000,93,55,40,-1.1648669502317958e-11,0.0,0.0,0.16627764701843262,0.1317915916442871,-0.0,-0.0,1,1,0.04498370339162413,0.04498370339162413,0.17741918563842773,0.13449406623840332,60,41,0.04498,0.04498,1,1
1000,94,60,25,-3.165661996051586e-11,0.0,0.0,0.1695723533630371,0.1689586639404297,-0.0,-0.0,1,1,0.14837879808578328,0.14837879808578328,0.17081832885742188,0.16851162910461426,60,48,0.14838,0.14838,1,1
1000,95,55,38,2.8216795075096602e-11,0.0,0.0,0.17227649688720703,0.13787341117858887,0.0,0.0,1,1,0.2932969694747208,0.2932969694747208,0.18100905418395996,0.1395249366760254,60,41,0.2933,0.2933,1,1
1000,96,53,35,9.772367354405094e-13,0.0,0.0,0.16988754272460938,0.06895756721496582,0.0,0.0,1,1,0.13943616661076372,0.13943616661076372,0.16813898086547852,0.06695795059204102,60,34,-0.13944,-0.13944,1,1
1000,97,19,25,1.5117930548087045e-14,0.0,0.0,0.16628789901733398,0.024927139282226562,0.0,0.0,1,1,0.3161465577649954,0.3161465577649954,0.18321514129638672,0.019570589065551758,60,20,-0.31615,-0.31615,1,1
1000,98,29,1,-4.062645768344387e-15,0.0,0.0,0.17054319381713867,0.018071651458740234,-0.0,-0.0,1,1,0.02175271516312476,0.02175271516312476,0.17185592651367188,0.017261743545532227,60,18,0.02175,0.02175,1,1
1000,99,9,7,6.683253487664142e-14,0.0,0.0,0.17072367668151855,0.006643772125244141,0.0,0.0,1,1,0.007967767867622802,0.007967767867622802,0.16922926902770996,0.0057489871978759766,60,5,-0.00797,-0.00797,1,1
2500,0,49,53,-7.430319893664661e-13,0.0,0.0,0.17986822128295898,0.07956624031066895,-0.0,-0.0,1,1,0.11275062969104567,0.11275062969104567,0.1690843105316162,0.07967066764831543,60,36,-0.11275,-0.11275,1,1
2500,1,34,40,1.1222608223487149e-12,0.0,0.0,0.1684725284576416,0.06351995468139648,0.0,0.0,1,1,0.0595853040563462,0.0595853040563462,0.1719818115234375,0.05976152420043945,60,32,0.05959,0.05959,1,1
2500,2,46,19,3.1305913575267975e-13,0.0,0.0,0.17860698699951172,0.046488046646118164,0.0,0.0,1,1,0.04369378096220843,0.04369378096220843,0.16857242584228516,0.04089665412902832,60,27,-0.04369,-0.04369,1,1
2500,3,43,8,4.4123800911536965e-13,0.0,0.0,0.16930174827575684,0.06708383560180664,0.0,0.0,1,1,0.010959703180031461,0.010959703180031461,0.17226505279541016,0.0645589828491211,60,32,0.01096,0.01096,1,1
2500,4,49,4,-4.130056266085475e-14,0.0,0.0,0.17132139205932617,0.042249441146850586,-0.0,-0.0,1,1,0.08810626409557397,0.08810626409557397,0.17836833000183105,0.045973777770996094,60,28,0.08811,0.08811,1,1
2500,5,45,1,5.963999221234164e-14,0.0,0.0,0.17344880104064941,0.08561301231384277,0.0,0.0,1,1,0.012642458527071528,0.012642458527071528,0.1719684600830078,0.15223169326782227,60,35,-0.01264,-0.01264,1,1
2500,6,60,7,-2.7321878514473434e-12,0.0,0.0,0.16533493995666504,0.16701865196228027,-0.0,-0.0,1,1,0.04058210954748996,0.04058210954748996,0.16984963417053223,0.17743587493896484,60,48,-0.04058,-0.04058,1,1
2500,7,10,17,1.0000000000000009,0.19999999999992601,0.16666666666667052,0.17001724243164062,0.011400938034057617,1.0|1.33333,1.0|1.33333,2,2,0.21166824123514724,0.16966494962038065,0.1703023910522461,0.010482311248779297,60,11,0.99828|1.01425|1.33761|1.34801|1.35675,0.99828|1.33761,5,2
2500,8,50,7,-1.626499575171016e-15,0.0,0.0,0.17066264152526855,0.017649412155151367,-0.0,-0.0,1,1,0.0387480953264532,0.0387480953264532,0.1719057559967041,0.01724553108215332,60,18,0.03875,0.03875,1,1
2500,9,37,50,1.4072823730085505e-13,0.0,0.0,0.17571496963500977,0.039792537689208984,0.0,0.0,1,1,0.10005878046013815,0.10005878046013815,0.17101788520812988,0.04498434066772461,60,27,0.10006,0.10006,1,1
2500,10,59,12,-2.3561615246427343e-12,0.0,0.0,0.17306876182556152,0.13835620880126953,-0.0,-0.0,1,1,0.05915818067856562,0.05915818067856562,0.17337298393249512,0.13912129402160645,60,46,0.05916,0.05916,1,1
2500,11,24,38,0.9999999999999817,0.0,0.0,0.1782822608947754,0.04173755645751953,1.0,1.0,1,1,0.08567011089978938,0.08567011089978938,0.17121338844299316,0.03614330291748047,60,23,0.91433,0.91433,1,1
2500,12,19,60,57.00000000000203,0.0,0.0,0.17305374145507812,0.16700315475463867,57.0,57.0,1,1,5.528829628487671,5.528829628487671,0.22967863082885742,0.16561627388000488,60,48,51.47117,51.47117,1,1
2500,13,22,56,1.9999999999997722,0.0,0.0,0.17674493789672852,0.07540202140808105,2.0,2.0,1,1,1.0199831518637468,1.0199831518637468,0.16958141326904297,0.07383394241333008,60,34,0.98002,0.98002,1,1
2500,14,5,45,133.9999999999067,48.000000000041894,48.000000000041894,0.17052292823791504,0.09170174598693848,38.0|134.0,38.0|134.0,2,2,44.14414536668475,44.14414536668475,0.1687769889831543,0.08479523658752441,60,35,47.04096|135.32925,47.04096|135.32925,2,2
2500,15,56,3,-5.55231413103874e-14,0.0,0.0,0.16913986206054688,0.07502150535583496,-0.0,-0.0,1,1,0.020169396800059563,0.020169396800059563,0.1816725730895996,0.0715029239654541,60,34,0.02017,0.02017,1,1
2500,16,8,14,1.475001025841696e-13,3.687502564604296e-14,1.475001025841696e-13,0.17457246780395508,0.0035376548767089844,0.0,0.0,1,1,0.011364068024747086,0.0023451656423707358,0.1681838035583496,0.0028917789459228516,60,2,-0.01878|-0.01869|-0.00563|-0.00235,-0.00235,4,1
2500,17,60,59,3.0063593507693537e-11,0.0,0.0,0.17157506942749023,0.17779946327209473,0.0,0.0,1,1,0.14445671614256442,0.14445671614256442,0.16731500625610352,0.17641067504882812,60,54,-0.14446,-0.14446,1,1
2500,18,28,21,-1.4791141972893897e-31,0.0,0.0,0.1700756549835205,0.016369342803955078,-0.0,-0.0,1,1,0.04190816731162749,0.04190816731162749,0.240081787109375,0.015642166137695312,60,18,0.04191,0.04191,1,1
2500,19,25,35,1.0000000000000342,0.0,0.0,0.16916346549987793,0.03808140754699707,1.0,1.0,1,1,0.6006516422729571,0.6006516422729571,0.17111873626708984,0.03984951972961426,60,26,0.39935,0.39935,1,1
2500,20,50,34,2.2440577060044875e-13,0.0,0.0,0.16974449157714844,0.057906389236450195,0.0,0.0,1,1,0.31987555168006926,0.31987555168006926,0.16784262657165527,0.05248665809631348,60,30,0.31988,0.31988,1,1
2500,21,46,25,-1.4830974174200348e-14,0.0,0.0,0.17290902137756348,0.04227709770202637,-0.0,-0.0,1,1,0.05431882306970872,0.05431882306970872,0.1741957664489746,0.044980525970458984,60,27,0.05432,0.05432,1,1
2500,22,35,22,1.0042033592832272e-14,0.0,0.0,0.18046069145202637,0.04310297966003418,0.0,0.0,1,1,0.010713624675417874,0.010713624675417874,0.1774749755859375,0.03827071189880371,60,27,-0.01071,-0.01071,1,1
2500,23,6,42,23.00000000000438,3.3666666666657554,3.3666666666657554,0.16728472709655762,0.04749774932861328,17.83333|23.0|25.33333|26.5|28.83333,17.83333|23.0|25.33333|26.5|28.83333,5,5,3.307466932631437,3.307466932631437,0.17280101776123047,0.0420069694519043,60,27,17.86772|22.82942|25.23009|26.21114|28.79324,17.86772|22.82942|25.23009|26.21114|28.79324,5,5
2500,24,59,34,5.982168648853013e-12,0.0,0.0,0.16723370552062988,0.1396644115447998,0.0,0.0,1,1,0.0923161364843906,0.0923161364843906,0.17977285385131836,0.1367018222808838,60,46,-0.09232,-0.09232,1,1
2500,25,10,16,1.00000000000002,0.1999999999999238,0.16666666666667052,0.17099356651306152,0.008558273315429688,1.0|1.33333,1.0|1.33333,2,2,0.22224618105642552,0.1697372301457465,0.24142718315124512,0.007732868194580078,60,9,0.99656|1.00374|1.33603|1.34174|1.42627,0.99656|1.33603,5,2
2500,26,15,14,-1.0377903464240794e-28,0.0,0.0,0.1666717529296875,0.006902456283569336,-0.0,-0.0,1,1,0.023294576310706198,0.023294576310706198,0.16916465759277344,0.005825042724609375,60,6,-0.02329,-0.02329,1,1
2500,27,6,59,160.00000000002728,24.033333333327626,24.033333333327626,0.1689908504486084,0.13726568222045898,116.16667|160.0|176.66667|181.5|198.16667,116.16667|160.0|176.66667|181.5|198.16667,5,5,24.26033289388646,24.26033289388646,0.17160701751708984,0.13818740844726562,60,46,115.15334|159.7589|177.35395|180.54667|198.31328,115.15334|159.7589|177.35395|180.54667|198.31328,5,5
2500,28,30,23,1.0575870663551211e-14,0.0,0.0,0.17059659957885742,0.028934001922607422,0.0,0.0,1,1,0.10054052410060996,0.10054052410060996,0.17993783950805664,0.03111863136291504,60,24,-0.10054,-0.10054,1,1
2500,29,44,56,-3.969823735974723e-12,0.0,0.0,0.17204022407531738,0.08766412734985352,-0.0,-0.0,1,1,0.005852340795962396,0.005852340795962396,0.1759181022644043,0.0849921703338623,60,36,-0.00585,-0.00585,1,1
2500,30,34,33,-1.0630928969307374e-12,0.0,0.0,0.16641855239868164,0.06331038475036621,-0.0,-0.0,1,1,0.679408954448302,0.679408954448302,0.17491412162780762,0.05713987350463867,60,31,-0.67941,-0.67941,1,1
2500,31,53,4,8.971067241205685e-14,0.0,0.0,0.17769765853881836,0.058302879333496094,0.0,0.0,1,1,0.008850418186582542,0.008850418186582542,0.17459964752197266,0.06139993667602539,60,32,-0.00885,-0.00885,1,1
2500,32,32,4,1.6133852644534127e-14,0.0,0.0,0.2337026596069336,0.036833763122558594,0.0,0.0,1,1,0.006441395208063677,0.006441395208063677,0.1664290428161621,0.03152871131896973,60,25,0.00644,0.00644,1,1
2500,33,45,27,2.7024624427069674e-12,0.0,0.0,0.16684198379516602,0.08872365951538086,0.0,0.0,1,1,0.069880873889975,0.069880873889975,0.17810606956481934,0.09186458587646484,60,36,-0.06988,-0.06988,1,1
2500,34,47,51,-3.523918839310232e-13,0.0,0.0,0.1629331111907959,0.08362054824829102,-0.0,-0.0,1,1,0.08979842525495914,0.08979842525495914,0.17203521728515625,0.08244061470031738,60,36,-0.0898,-0.0898,1,1
2500,35,54,23,2.7962459260406233e-13,1.3514341197525936e-13,2.702868239505187e-13,0.166534423828125,0.007168292999267578,0.0,0.0,1,1,0.012306609578736714,0.004015666981410463,0.17548918724060059,0.006291627883911133,60,5,0.00402|0.0206,0.00402,2,1
2500,36,27,35,-6.506623197222472e-14,0.0,0.0,0.16840267181396484,0.04388999938964844,-0.0,-0.0,1,1,0.6985619270052132,0.6985619270052132,0.17156696319580078,0.03889942169189453,60,27,-0.69856,-0.69856,1,1
2500,37,6,59,160.00000000002728,24.033333333327626,24.033333333327626,0.16951251029968262,0.1410837173461914,116.16667|160.0|176.66667|181.5|198.16667,116.16667|160.0|176.66667|181.5|198.16667,5,5,26.477940158765648,26.477940158765648,0.1783280372619629,0.14377188682556152,60,46,115.1772|164.86991|178.08098|186.26995|198.34606,115.1772|164.86991|178.08098|186.26995|198.34606,5,5
2500,38,54,28,8.32350061890391e-13,0.9999999999995955,0.9999999999995955,0.17337584495544434,0.01819300651550293,0.0|2.0,0.0|2.0,2,2,1.0441519026884174,1.0441519026884174,0.1771411895751953,0.015689373016357422,60,18,0.08503|2.00327,0.08503|2.00327,2,2
2500,39,53,54,1.2433114197361301e-13,0.0,0.0,0.23328232765197754,0.06357479095458984,0.0,0.0,1,1,0.05982611061526743,0.05982611061526743,0.16829133033752441,0.0619354248046875,60,33,0.05983,0.05983,1,1
2500,40,12,41,20.999999999999837,0.0,0.0,0.17464303970336914,0.06642508506774902,21.0,21.0,1,1,1.4555948985818539,1.4555948985818539,0.17078614234924316,0.06309151649475098,60,32,19.54441,19.54441,1,1
2500,41,42,53,-4.5328993027293066e-13,0.0,0.0,0.1654815673828125,0.07883453369140625,-0.0,-0.0,1,1,0.5177203960326734,0.5177203960326734,0.17217779159545898,0.07643795013427734,60,35,0.51772,0.51772,1,1
2500,42,24,56,2.9999999999998743,0.0,0.0,0.16965818405151367,0.07594680786132812,3.0,3.0,1,1,0.6695111246423955,0.6695111246423955,0.17853736877441406,0.07469010353088379,60,34,3.66951,3.66951,1,1
2500,43,6,30,8.00000000000144,1.1333333333330269,1.1333333333330269,0.16878938674926758,0.028096437454223633,5.66667|8.0|8.66667|9.0|9.66667,5.66667|8.0|8.66667|9.0|9.66667,5,5,1.1363981423817031,1.1363981423817031,0.1728348731994629,0.03153705596923828,60,23,5.8729|8.11111|8.76988|8.9762|9.6977,5.8729|8.11111|8.76988|8.9762|9.6977,5,5
2500,44,11,21,-1.0107280348144168e-30,4.541932694895881e-17,9.083865389791762e-17,0.17048287391662598,0.008871078491210938,-0.0,-0.0,1,1,0.024580476895502558,0.01792444026067733,0.16894936561584473,0.002986431121826172,60,2,0.01792|0.03124,0.01792,2,1
2500,45,30,3,2.433665804492458e-15,0.0,0.0,0.17294764518737793,0.03210163116455078,0.0,0.0,1,1,0.06006091698330716,0.06006091698330716,0.1681816577911377,0.02695012092590332,60,23,0.06006,0.06006,1,1
2500,46,42,54,-1.723083699549347e-13,0.0,0.0,0.22869515419006348,0.048006534576416016,-0.0,-0.0,1,1,0.009617283652690305,0.009617283652690305,0.16649913787841797,0.04218244552612305,60,28,0.00962,0.00962,1,1
2500,47,5,10,-1.34909371213393e-13,7.604887182921176e-14,0.0,0.1738276481628418,0.0035490989685058594,-0.0,-0.0,1,1,0.01528338823573976,0.010956197925721913,0.17176055908203125,0.002911806106567383,60,2,0.01096|0.01961,0.01096,2,1
2500,48,27,31,-5.503841110464275e-14,0.0,0.0,0.1727924346923828,0.03595137596130371,-0.0,-0.0,1,1,0.24157766027351715,0.24157766027351715,0.17261457443237305,0.039465904235839844,60,26,-0.24158,-0.24158,1,1
2500,49,49,24,6.194658567451502e-14,0.0,0.0,0.1724088191986084,0.04270672798156738,0.0,0.0,1,1,0.03150331782580356,0.03150331782580356,0.17837810516357422,0.045851707458496094,60,28,0.0315,0.0315,1,1
2500,50,7,39,3.0000000000057305,0.4999999999971245,0.4999999999971245,0.16919279098510742,0.01982879638671875,3.0|4.0,3.0|4.0,2,2,0.5257357801091003,0.5257357801091003,0.17193961143493652,0.01932811737060547,60,20,2.89335|3.94482,2.89335|3.94482,2,2
2500,51,21,46,0.999999999999998,0.0,0.0,0.17002463340759277,0.041674137115478516,1.0,1.0,1,1,0.0002526856366906749,0.0002526856366906749,0.1767878532409668,0.045725345611572266,60,27,1.00025,1.00025,1,1
2500,52,9,23,9.173460051544297e-14,0.0,0.0,0.17574167251586914,0.007348537445068359,0.0,0.0,1,1,0.03071071425975456,0.03071071425975456,0.17250633239746094,0.00602269172668457,60,7,0.03071,0.03071,1,1
2500,53,18,14,-7.0776717819853335e-16,0.0,0.0,0.23488068580627441,0.00909876823425293,-0.0,-0.0,1,1,0.005292083392201991,0.005292083392201991,0.1676924228668213,0.007881402969360352,60,9,0.00529,0.00529,1,1
2500,54,37,27,2.53950839074525e-13,0.0,0.0,0.16699862480163574,0.03945446014404297,0.0,0.0,1,1,0.00714460952127777,0.00714460952127777,0.17562317848205566,0.043051958084106445,60,27,0.00714,0.00714,1,1
2500,55,25,59,12.00000000000152,0.0,0.0,0.16989564895629883,0.1393904685974121,12.0,12.0,1,1,3.950884803899493,3.950884803899493,0.17122650146484375,0.13745951652526855,60,46,15.95088,15.95088,1,1
2500,56,48,51,-7.121124230220611e-12,0.0,0.0,0.16544890403747559,0.11153101921081543,-0.0,-0.0,1,1,0.007078447201103311,0.007078447201103311,0.17759370803833008,0.10659098625183105,60,39,-0.00708,-0.00708,1,1
2500,57,23,29,-4.235927847800597e-15,0.0,0.0,0.16617894172668457,0.018755197525024414,-0.0,-0.0,1,1,0.3276413066338492,0.3276413066338492,0.17746448516845703,0.023247241973876953,60,19,-0.32764,-0.32764,1,1
2500,58,17,30,1.0000000000000644,0.0,0.0,0.176192045211792,0.02798914909362793,1.0,1.0,1,1,0.5156471416437631,0.5156471416437631,0.17185330390930176,0.029598474502563477,60,23,0.48435,0.48435,1,1
2500,59,57,21,2.0432475638455678e-15,0.0,0.0,0.17073345184326172,0.044737815856933594,0.0,0.0,1,1,0.025487169241282758,0.025487169241282758,0.17221760749816895,0.040572166442871094,60,28,0.02549,0.02549,1,1
2500,60,57,58,-8.63896271806452e-14,0.0,0.0,0.23504090309143066,0.16289520263671875,-0.0,-0.0,1,1,0.5382262550236963,0.5382262550236963,0.166090726852417,0.15774941444396973,60,45,-0.53823,-0.53823,1,1
2500,61,13,37,6.999999999999977,0.0,0.0,0.17095232009887695,0.036771297454833984,7.0,7.0,1,1,1.225768893307869,1.225768893307869,0.17177605628967285,0.040888309478759766,60,26,5.77423,5.77423,1,1
2500,62,5,21,-2.29112498675464e-16,1.1455624933770637e-16,0.0,0.17354249954223633,0.0035271644592285156,-0.0,-0.0,1,1,0.02273169900402111,0.013981884375018412,0.1749734878540039,0.0028696060180664062,60,2,-0.03148|-0.01398,-0.01398,2,1
2500,63,21,14,0.0,0.0,0.0,0.176102876663208,0.0047376155853271484,0.0,0.0,1,1,0.002436732759043961,0.002436732759043961,0.17913055419921875,0.0028772354125976562,60,2,-0.00244,-0.00244,1,1
2500,64,35,49,-4.404557291450497e-13,0.0,0.0,0.17066740989685059,0.051016807556152344,-0.0,-0.0,1,1,0.33972336822861926,0.33972336822861926,0.17120671272277832,0.053549766540527344,60,30,-0.33972,-0.33972,1,1
2500,65,22,25,5.5324701563001285e-15,0.0,0.0,0.1717996597290039,0.015361547470092773,0.0,0.0,1,1,0.03900154578253554,0.03900154578253554,0.17216849327087402,0.014551401138305664,60,16,0.039,0.039,1,1
2500,66,18,38,1.9999999999999873,0.0,0.0,0.16884732246398926,0.039049386978149414,2.0,2.0,1,1,0.3801700001241983,0.3801700001241983,0.17122650146484375,0.0411524772644043,60,23,2.38017,2.38017,1,1
2500,67,37,43,2.8205874153477392e-12,0.0,0.0,0.1703348159790039,0.06870841979980469,0.0,0.0,1,1,0.0966136581930903,0.0966136581930903,0.17671990394592285,0.0724036693572998,60,33,0.09661,0.09661,1,1
2500,68,20,40,-4.1287817976274836e-13,0.0,0.0,0.18181943893432617,0.06161785125732422,-0.0,-0.0,1,1,0.13302462035005208,0.13302462035005208,0.19770050048828125,0.060022592544555664,60,29,0.13302,0.13302,1,1
2500,69,51,32,-7.136144538686589e-13,0.0,0.0,0.19104480743408203,0.06489276885986328,-0.0,-0.0,1,1,0.08478324448795747,0.08478324448795747,0.1992809772491455,0.06610918045043945,60,31,-0.08478,-0.08478,1,1
2500,70,39,34,-6.330425404440987e-13,0.0,0.0,0.19750475883483887,0.06867623329162598,-0.0,-0.0,1,1,0.46200277284427005,0.46200277284427005,0.20388484001159668,0.06243729591369629,60,31,-0.462,-0.462,1,1
2500,71,41,42,-2.360613600214041e-12,0.0,0.0,0.1955571174621582,0.09640336036682129,-0.0,-0.0,1,1,0.08262203609305119,0.08262203609305119,0.2045748233795166,0.0902717113494873,60,34,0.08262,0.08262,1,1
2500,72,35,9,3.1334758616322496e-15,0.0,0.0,0.19912290573120117,0.03964400291442871,0.0,0.0,1,1,0.02105052399795913,0.02105052399795913,0.20845866203308105,0.05007147789001465,60,26,-0.02105,-0.02105,1,1
2500,73,50,26,8.943189124783016e-14,0.0,0.0,0.20807600021362305,0.04461860656738281,0.0,0.0,1,1,0.034011966616186384,0.034011966616186384,0.19255328178405762,0.037084102630615234,60,22,-0.03401,-0.03401,1,1
2500,74,52,24,9.342812969750414e-13,0.0,0.0,0.19959497451782227,0.09188580513000488,0.0,0.0,1,1,0.03129362568830815,0.03129362568830815,0.20022368431091309,0.08402276039123535,60,35,-0.03129,-0.03129,1,1
2500,75,2,19,2.000000000000799,0.0,0.0,0.20474600791931152,0.0164029598236084,2.0,2.0,1,1,0.036965398543833405,0.036965398543833405,0.2104787826538086,0.015412330627441406,60,16,1.96303,1.96303,1,1
2500,76,13,21,1.4380276918091297e-31,0.0,0.0,0.1991894245147705,0.005697727203369141,0.0,0.0,1,1,0.036324511467392066,0.036324511467392066,0.19947147369384766,0.004596710205078125,60,5,-0.03632,-0.03632,1,1
2500,77,22,12,-1.0034382146230625e-14,0.0,0.0,0.17721080780029297,0.01236581802368164,-0.0,-0.0,1,1,0.024509195685062143,0.024509195685062143,0.18630218505859375,0.011623382568359375,60,12,-0.02451,-0.02451,1,1
2500,78,30,56,2.000000000000934,0.0,0.0,0.1696155071258545,0.07735800743103027,2.0,2.0,1,1,0.1619975401635685,0.1619975401635685,0.1751551628112793,0.07467103004455566,60,34,2.162,2.162,1,1
2500,79,22,21,-5.359436684326066e-31,0.0,0.0,0.17331409454345703,0.013354778289794922,-0.0,-0.0,1,1,0.05082767237052815,0.05082767237052815,0.17265582084655762,0.012197494506835938,60,13,-0.05083,-0.05083,1,1
2500,80,60,39,5.153999283618107e-11,0.0,0.0,0.1756572723388672,0.17086505889892578,0.0,0.0,1,1,0.2366864608923024,0.2366864608923024,0.17441511154174805,0.17032623291015625,60,48,-0.23669,-0.23669,1,1
2500,81,46,36,5.614597906759206e-13,0.0,0.0,0.16777777671813965,0.05224466323852539,0.0,0.0,1,1,0.043448754007892665,0.043448754007892665,0.1724228858947754,0.05441117286682129,60,29,-0.04345,-0.04345,1,1
2500,82,10,18,-5.6251299914340915e-15,0.39999999999989455,0.3333333333333718,0.17606043815612793,0.010158061981201172,-0.0|0.66667,0.0|0.66667,2,2,0.417397770390285,0.3368792464545864,0.17482829093933105,0.009542465209960938,60,9,-0.07071|0.0051|0.663|0.66866|0.67953,0.0051|0.66866,5,2
2500,83,32,53,1.2671816483344104e-12,0.0,0.0,0.16936612129211426,0.07087230682373047,0.0,0.0,1,1,0.6726755460915569,0.6726755460915569,0.1762542724609375,0.06971597671508789,60,34,0.67268,0.67268,1,1
2500,84,27,54,3.4524354701246497e-15,0.0,0.0,0.18095827102661133,0.019166231155395508,0.0,0.0,1,1,0.031733658999697115,0.031733658999697115,0.17228198051452637,0.01847553253173828,60,20,-0.03173,-0.03173,1,1
2500,85,1,11,-6.616259745545053e-14,1.883090911770042e-14,0.0,0.17133450508117676,0.003703594207763672,-0.0,-0.0,1,1,0.03403301870569787,0.018430205387617537,0.17393898963928223,0.0029816627502441406,60,2,0.01843|0.03619|0.03651|0.045,0.01843,4,1
2500,86,15,26,-8.585724723767818e-15,0.0,0.0,0.17331433296203613,0.026051759719848633,-0.0,-0.0,1,1,0.003664852297649118,0.003664852297649118,0.17324209213256836,0.025594472885131836,60,20,0.00366,0.00366,1,1
2500,87,36,48,8.580301734783802e-12,0.0,0.0,0.16765046119689941,0.10889244079589844,0.0,0.0,1,1,0.29644140338222846,0.29644140338222846,0.17415452003479004,0.10491013526916504,60,38,0.29644,0.29644,1,1
2500,88,43,26,1.4058679942272848e-13,0.0,0.0,0.1727888584136963,0.0715932846069336,0.0,0.0,1,1,0.04901171258481955,0.04901171258481955,0.17075347900390625,0.07282304763793945,60,33,0.04901,0.04901,1,1
2500,89,12,33,4.9999999999999645,0.0,0.0,0.16960763931274414,0.04035639762878418,5.0,5.0,1,1,0.47563931113334323,0.47563931113334323,0.17078924179077148,0.037088632583618164,60,26,4.52436,4.52436,1,1
2500,90,17,38,1.9999999999999019,0.0,0.0,0.171525239944458,0.03146862983703613,2.0,2.0,1,1,0.2757875129201057,0.2757875129201057,0.1669323444366455,0.026204347610473633,60,23,2.27579,2.27579,1,1
2500,91,53,19,3.207171001749215e-13,0.0,0.0,0.17496538162231445,0.06258463859558105,0.0,0.0,1,1,0.08395751760925063,0.08395751760925063,0.17503046989440918,0.06000161170959473,60,32,0.08396,0.08396,1,1
2500,92,29,40,0.9999999999999066,0.0,0.0,0.1737046241760254,0.04882645606994629,1.0,1.0,1,1,0.07190351127304051,0.07190351127304051,0.17205548286437988,0.04610490798950195,60,28,1.0719,1.0719,1,1
2500,93,50,25,7.054256584449575e-14,0.0,0.0,0.1731102466583252,0.029268503189086914,0.0,0.0,1,1,0.07707463259426647,0.07707463259426647,0.17592954635620117,0.023631811141967773,60,22,0.07707,0.07707,1,1
2500,94,38,52,4.604296082183312e-13,0.0,0.0,0.16970539093017578,0.0917961597442627,0.0,0.0,1,1,1.7172264041106375,1.7172264041106375,0.1762681007385254,0.15967345237731934,60,38,-1.71723,-1.71723,1,1
2500,95,14,3,9.26243209115845e-15,0.21428571428573248,0.21428571428573248,0.1667335033416748,0.006093740463256836,0.0|0.42857,0.0|0.42857,2,2,0.2197789517377226,0.2197789517377226,0.1678452491760254,0.006017923355102539,60,3,0.00999|0.42956,0.00999|0.42956,2,2
2500,96,15,31,0.9999999999999917,0.0,0.0,0.16991114616394043,0.03607296943664551,1.0,1.0,1,1,0.685421756848114,0.685421756848114,0.16930627822875977,0.035366058349609375,60,24,0.31458,0.31458,1,1
2500,97,6,13,6.42325388857743e-14,3.8764580601883534e-14,5.29174694013848e-14,0.1707608699798584,0.005185604095458984,0.0,0.0,1,1,0.01958701963855507,0.004461433804665531,0.174102783203125,0.0041370391845703125,60,5,-0.00444|0.00446|0.02358|0.03261|0.03285,0.00446,5,1
2500,98,45,46,-3.871514246087629e-12,0.0,0.0,0.1724393367767334,0.08920955657958984,-0.0,-0.0,1,1,0.036304839772294754,0.036304839772294754,0.1819596290588379,0.08875250816345215,60,36,0.0363,0.0363,1,1
2500,99,19,22,-1.8343089065012283e-14,0.0,0.0,0.16646289825439453,0.021570205688476562,-0.0,-0.0,1,1,0.006893694501604139,0.006893694501604139,0.1744847297668457,0.026369571685791016,60,18,0.00689,0.00689,1,1
5000,0,27,54,3.4524354701246497e-15,0.0,0.0,0.17318129539489746,0.0190122127532959,0.0,0.0,1,1,0.07963294694842453,0.07963294694842453,0.1741037368774414,0.01860213279724121,60,20,-0.07963,-0.07963,1,1
5000,1,29,39,-1.1386615450035576e-13,0.0,0.0,0.17527389526367188,0.022267818450927734,-0.0,-0.0,1,1,0.03733320148456024,0.03733320148456024,0.1737816333770752,0.021305084228515625,60,21,-0.03733,-0.03733,1,1
5000,2,10,38,5.000000000000041,2.1999999999993443,1.833333333333449,0.16400599479675293,0.04134345054626465,5.0|8.66667,5.0|8.66667,2,2,2.3079413160296585,1.9211773736927182,0.17392826080322266,0.03634762763977051,60,23,4.94947|5.13403|8.70832|8.7877|8.85912,5.13403|8.70832,5,2
5000,3,9,37,3.0000000000034825,0.0,0.0,0.1764082908630371,0.0375218391418457,3.0,3.0,1,1,0.2452100844074483,0.2452100844074483,0.17273306846618652,0.043686866760253906,60,26,3.24521,3.24521,1,1
5000,4,52,31,5.157312645696585e-13,0.0,0.0,0.17299890518188477,0.07758498191833496,0.0,0.0,1,1,0.012938634262908132,0.012938634262908132,0.17382550239562988,0.07632637023925781,60,35,-0.01294,-0.01294,1,1
5000,5,31,49,4.1740064996115693e-13,0.0,0.0,0.171736478805542,0.04726576805114746,0.0,0.0,1,1,0.12632686884800431,0.12632686884800431,0.1814568042755127,0.05109262466430664,60,29,-0.12633,-0.12633,1,1
5000,6,10,40,8.000000000000052,4.899999999998345,4.0833333333329085,0.1700742244720459,0.0445103645324707,8.0|8.5|15.66667|16.16667,8.0|8.5|15.66667|16.16667,4,4,4.92118507123571,4.172033884320362,0.17565417289733887,0.048099517822265625,60,28,8.18563|8.39533|15.91779|15.94602|16.16116,8.18563|8.39533|15.94602|16.16116,5,4
5000,7,24,11,-1.2688263138573167e-15,0.0,0.0,0.17527413368225098,0.005008697509765625,-0.0,-0.0,1,1,0.004245018732201741,0.004245018732201741,0.17670726776123047,0.004299640655517578,60,5,0.00425,0.00425,1,1
5000,8,14,51,6.999999999999987,4.999999999999968,4.999999999999968,0.17205548286437988,0.040132761001586914,7.0|17.0,7.0|17.0,2,2,5.07423636443256,5.07423636443256,0.17597222328186035,0.0416715145111084,60,27,7.13651|17.01196,7.13651|17.01196,2,2
5000,9,35,59,1.0000000000034215,0.0,0.0,0.16898560523986816,0.13439154624938965,1.0,1.0,1,1,0.15824969764217145,0.15824969764217145,0.1700000762939453,0.13480019569396973,60,46,1.15825,1.15825,1,1
5000,10,49,42,-1.2356447187777674e-12,0.0,0.0,0.17283105850219727,0.06270813941955566,-0.0,-0.0,1,1,0.010827235012987522,0.010827235012987522,0.17361831665039062,0.0611109733581543,60,31,-0.01083,-0.01083,1,1
5000,11,49,33,5.553083530051511e-13,0.0,0.0,0.17417621612548828,0.05930137634277344,0.0,0.0,1,1,0.03310642063146464,0.03310642063146464,0.16962313652038574,0.05717110633850098,60,31,-0.03311,-0.03311,1,1
5000,12,39,31,-2.4311232960426015e-13,0.0,0.0,0.17749786376953125,0.03838181495666504,-0.0,-0.0,1,1,0.08633352733207478,0.08633352733207478,0.1773669719696045,0.04179120063781738,60,27,-0.08633,-0.08633,1,1
5000,13,2,17,2.000000000000095,0.0,0.0,0.17200064659118652,0.011309146881103516,2.0,2.0,1,1,0.012722274163480485,0.012722274163480485,0.1772909164428711,0.010526657104492188,60,11,2.01272,2.01272,1,1
5000,14,48,24,-3.921218393621625e-13,0.0,0.0,0.1740422248840332,0.0971524715423584,-0.0,-0.0,1,1,0.023272664357208983,0.023272664357208983,0.17848515510559082,0.09653997421264648,60,37,-0.02327,-0.02327,1,1
5000,15,7,27,4.00000000000522,0.4999999999973803,0.4999999999973803,0.1729729175567627,0.08894634246826172,4.0|5.0,4.0|5.0,2,2,0.511467657617358,0.511467657617358,0.17335772514343262,0.018621206283569336,60,19,3.95008|4.97302,3.95008|4.97302,2,2
5000,16,19,15,-7.004641153946998e-15,0.0,0.0,0.16683602333068848,0.016068458557128906,-0.0,-0.0,1,1,0.028901247417667322,0.028901247417667322,0.1688988208770752,0.01510477066040039,60,17,0.0289,0.0289,1,1
5000,17,29,33,0.9999999999998231,0.0,0.0,0.17165398597717285,0.037705421447753906,1.0,1.0,1,1,0.227239168954109,0.227239168954109,0.17401599884033203,0.04086112976074219,60,26,1.22724,1.22724,1,1
5000,18,48,1,-1.6732228158539217e-13,0.0,0.0,0.17198729515075684,0.10062599182128906,-0.0,-0.0,1,1,0.010228588393468095,0.010228588393468095,0.17238306999206543,0.09721541404724121,60,37,-0.01023,-0.01023,1,1
5000,19,13,9,-1.3692750637043537e-15,0.0,0.0,0.17255043983459473,0.00811314582824707,-0.0,-0.0,1,1,0.015038942069028768,0.015038942069028768,0.17205309867858887,0.0074155330657958984,60,8,-0.01504,-0.01504,1,1
5000,20,16,54,1.2053849981644384e-15,0.0,0.0,0.16731619834899902,0.008614540100097656,0.0,0.0,1,1,0.03938451402717674,0.03938451402717674,0.17289113998413086,0.00789642333984375,60,10,0.03938,0.03938,1,1
5000,21,40,45,-9.774063494908224e-13,0.0,0.0,0.16716289520263672,0.10413098335266113,-0.0,-0.0,1,1,0.17173973203039233,0.17173973203039233,0.17955732345581055,0.10192346572875977,60,37,0.17174,0.17174,1,1
5000,22,44,39,1.0977989114272183e-13,0.0,0.0,0.16984057426452637,0.1223149299621582,0.0,0.0,1,1,0.15282983668123992,0.15282983668123992,0.17397308349609375,0.05264163017272949,60,31,-0.15283,-0.15283,1,1
5000,23,27,13,-4.756052182910305e-15,0.0,0.0,0.1627671718597412,0.018804073333740234,-0.0,-0.0,1,1,0.03560601907349475,0.03560601907349475,0.16930484771728516,0.023453474044799805,60,19,-0.03561,-0.03561,1,1
5000,24,23,18,1.2297855042001734e-15,0.0,0.0,0.17221474647521973,0.01393747329711914,0.0,0.0,1,1,0.04834597464914448,0.04834597464914448,0.1672048568725586,0.008913993835449219,60,10,0.04835,0.04835,1,1
5000,25,25,19,-5.38914055624818e-15,0.0,0.0,0.17381668090820312,0.023276805877685547,-0.0,-0.0,1,1,0.01970434125256073,0.01970434125256073,0.17360568046569824,0.019482851028442383,60,20,-0.0197,-0.0197,1,1
5000,26,37,59,1.0000000000034883,0.0,0.0,0.17487144470214844,0.13902616500854492,1.0,1.0,1,1,0.8275228698162918,0.8275228698162918,0.17584562301635742,0.14050745964050293,60,46,1.82752,1.82752,1,1
5000,27,13,25,1.9999999999999851,0.0,0.0,0.17189407348632812,0.020847797393798828,2.0,2.0,1,1,0.04801371091196338,0.04801371091196338,0.17268919944763184,0.013975381851196289,60,15,2.04801,2.04801,1,1
5000,28,49,27,3.8168144846968005e-14,0.0,0.0,0.1727149486541748,0.049031734466552734,0.0,0.0,1,1,0.03368517999660139,0.03368517999660139,0.1793675422668457,0.050344228744506836,60,29,0.03369,0.03369,1,1
5000,29,6,12,1.0425103245522678e-13,6.277567674355498e-14,9.293596297083727e-14,0.17236995697021484,0.0047228336334228516,0.0,0.0,1,1,0.014873588881828539,0.0018739960874783858,0.24775362014770508,0.003916025161743164,60,4,-0.03206|-0.02108|-0.00243|-0.00187|0.01693,-0.00187,5,1
5000,30,42,35,-2.125870793616924e-12,0.0,0.0,0.16962003707885742,0.0494532585144043,-0.0,-0.0,1,1,0.020089206543901016,0.020089206543901016,0.16964340209960938,0.05404162406921387,60,29,0.02009,0.02009,1,1
5000,31,52,49,1.2806185047866868e-11,0.0,0.0,0.1704390048980713,0.09749555587768555,0.0,0.0,1,1,0.06333891291976958,0.06333891291976958,0.17222857475280762,0.09933853149414062,60,39,0.06334,0.06334,1,1
5000,32,3,35,13.999999999998009,7.250000000001469,7.250000000001469,0.17094111442565918,0.036551713943481445,3.0|14.0|21.0,3.0|14.0|21.0,3,3,7.495356942631313,7.495356942631313,0.17328953742980957,0.03556323051452637,60,26,2.86645|2.90345|14.42785|21.32348,2.86645|2.90345|14.42785|21.32348,4,4
5000,33,53,57,6.282587188125884e-13,0.0,0.0,0.17465615272521973,0.07111692428588867,0.0,0.0,1,1,0.010698616156151489,0.010698616156151489,0.17223286628723145,0.0687873363494873,60,34,0.0107,0.0107,1,1
5000,34,27,57,1.7849521144295906e-13,0.0,0.0,0.17061090469360352,0.04903125762939453,0.0,0.0,1,1,0.4623521139280795,0.4623521139280795,0.17380928993225098,0.04377150535583496,60,29,0.46235,0.46235,1,1
5000,35,57,46,3.462938255744987e-13,0.0,0.0,0.1708841323852539,0.05705523490905762,0.0,0.0,1,1,0.15517461038755354,0.15517461038755354,0.18115806579589844,0.05446338653564453,60,30,-0.15517,-0.15517,1,1
5000,36,57,39,-4.658552914786428e-13,0.0,0.0,0.17245745658874512,0.04658937454223633,-0.0,-0.0,1,1,0.1613209640722159,0.1613209640722159,0.2398226261138916,0.049407958984375,60,30,-0.16132,-0.16132,1,1
5000,37,37,47,0.9999999999976639,0.0,0.0,0.17011761665344238,0.06901979446411133,1.0,1.0,1,1,0.1788687596946974,0.1788687596946974,0.1759037971496582,0.06322956085205078,60,32,0.82113,0.82113,1,1
5000,38,2,49,23.000000000003958,0.0,0.0,0.16960358619689941,0.047115325927734375,23.0,23.0,1,1,0.45377534769901473,0.45377534769901473,0.17442822456359863,0.04264497756958008,60,28,23.45378,23.45378,1,1
5000,39,12,31,3.999999999999967,0.0,0.0,0.17008447647094727,0.031253814697265625,4.0,4.0,1,1,0.19854010917584386,0.19854010917584386,0.1739661693572998,0.03615427017211914,60,24,4.19854,4.19854,1,1
5000,40,41,47,1.1662378590655898e-11,0.0,0.0,0.18366241455078125,0.0998389720916748,0.0,0.0,1,1,0.31498797232138037,0.31498797232138037,0.1737513542175293,0.09668207168579102,60,37,0.31499,0.31499,1,1
5000,41,55,43,-1.3128801766435693e-11,0.0,0.0,0.17054057121276855,0.1316514015197754,-0.0,-0.0,1,1,0.0037121300457921866,0.0037121300457921866,0.17302656173706055,0.12921690940856934,60,40,0.00371,0.00371,1,1
5000,42,11,49,14.000000000000098,8.249999999999034,8.249999999999034,0.17880988121032715,0.04329633712768555,14.0|30.5,14.0|30.5,2,2,8.552494404270977,8.552494404270977,0.1773390769958496,0.045058250427246094,60,28,14.39995|30.70504,14.39995|30.70504,2,2
5000,43,41,18,-1.1160487356858665e-12,0.0,0.0,0.24285578727722168,0.06602740287780762,-0.0,-0.0,1,1,0.05548587644112475,0.05548587644112475,0.16747164726257324,0.06421208381652832,60,32,0.05549,0.05549,1,1
5000,44,58,51,-2.3017963960498668e-11,0.0,0.0,0.16724371910095215,0.17489218711853027,-0.0,-0.0,1,1,0.09376408608326636,0.09376408608326636,0.17836689949035645,0.17072534561157227,60,46,0.09376,0.09376,1,1
5000,45,47,29,4.98275918136418e-13,0.0,0.0,0.17234182357788086,0.07024192810058594,0.0,0.0,1,1,0.04896868242563561,0.04896868242563561,0.1717667579650879,0.0653529167175293,60,32,0.04897,0.04897,1,1
5000,46,27,31,-5.503841110464275e-14,0.0,0.0,0.17075228691101074,0.03833293914794922,-0.0,-0.0,1,1,0.03685651058039376,0.03685651058039376,0.18260955810546875,0.035048484802246094,60,26,-0.03686,-0.03686,1,1
5000,47,23,36,-1.2024569374401695e-14,0.0,0.0,0.16875410079956055,0.04416990280151367,-0.0,-0.0,1,1,0.17658242706191507,0.17658242706191507,0.1740272045135498,0.039035797119140625,60,27,0.17658,0.17658,1,1
5000,48,58,30,2.0018619653512292e-11,0.0,0.0,0.1715853214263916,0.16061925888061523,0.0,0.0,1,1,0.05600999321584839,0.05600999321584839,0.17455220222473145,0.16497540473937988,60,44,0.05601,0.05601,1,1
5000,49,8,36,7.000000000002391,6.874999999999418,6.874999999999418,0.17269182205200195,0.04031848907470703,0.0|7.0|20.5,0.0|7.0|20.5,3,3,6.683213233252792,6.683213233252792,0.17517423629760742,0.04339766502380371,60,27,0.4349|0.53845|7.3738|20.3324,0.4349|0.53845|7.3738|20.3324,4,4
5000,50,39,53,0.9999999999989307,0.0,0.0,0.168975830078125,0.05802655220031738,1.0,1.0,1,1,0.10768529225953716,0.10768529225953716,0.1708378791809082,0.06092548370361328,60,32,1.10769,1.10769,1,1
5000,51,55,51,8.131491124780911e-11,0.0,0.0,0.17787885665893555,0.14095234870910645,0.0,0.0,1,1,0.1705292271855631,0.1705292271855631,0.17354488372802734,0.14221668243408203,60,42,-0.17053,-0.17053,1,1
5000,52,7,10,1.5209774365843182e-13,7.175177871795003e-14,1.4350355743590005e-13,0.17406702041625977,0.003641843795776367,0.0,0.0,1,1,0.01174993542671398,0.006893646395770567,0.17789363861083984,0.0029871463775634766,60,2,0.00689|0.01661,0.00689,2,1
5000,53,31,45,3.0000000000008082,0.0,0.0,0.17803668975830078,0.08657097816467285,3.0,3.0,1,1,0.136434181730412,0.136434181730412,0.17349743843078613,0.08608627319335938,60,35,3.13643,3.13643,1,1
5000,54,19,58,40.00000000000394,0.0,0.0,0.1700291633605957,0.15773582458496094,40.0,40.0,1,1,0.24284348464932748,0.24284348464932748,0.17737269401550293,0.16493892669677734,60,44,40.24284,40.24284,1,1
5000,55,17,42,2.9999999999997695,0.0,0.0,0.17665934562683105,0.04308128356933594,3.0,3.0,1,1,0.3412016938050142,0.3412016938050142,0.1839284896850586,0.04821920394897461,60,27,2.6588,2.6588,1,1
5000,56,35,22,1.0042033592832272e-14,0.0,0.0,0.1712172031402588,0.03811526298522949,0.0,0.0,1,1,0.06561325857941047,0.06561325857941047,0.23894762992858887,0.037751197814941406,60,27,0.06561,0.06561,1,1
5000,57,15,29,2.763221750178148e-15,0.0,0.0,0.163956880569458,0.028116226196289062,0.0,0.0,1,1,0.03535761910030709,0.03535761910030709,0.17086458206176758,0.018958091735839844,60,19,0.03536,0.03536,1,1
5000,58,13,38,5.9999999999999805,0.0,0.0,0.17082500457763672,0.036589622497558594,6.0,6.0,1,1,0.07021537117600474,0.07021537117600474,0.1743323802947998,0.035782814025878906,60,23,6.07022,6.07022,1,1
5000,59,24,57,2.999999999999943,0.0,0.0,0.1708066463470459,0.046450138092041016,3.0,3.0,1,1,0.1609519180790424,0.1609519180790424,0.1715686321258545,0.03902482986450195,60,27,3.16095,3.16095,1,1
5000,60,51,59,4.534038900602899e-12,0.0,0.0,0.1780078411102295,0.14433979988098145,0.0,0.0,1,1,0.33185445555550663,0.33185445555550663,0.1729741096496582,0.13874006271362305,60,47,0.33185,0.33185,1,1
5000,61,22,8,-1.6000771530475861e-15,0.0,0.0,0.17350053787231445,0.016872167587280273,-0.0,-0.0,1,1,0.029371047566655106,0.029371047566655106,0.17386913299560547,0.012570619583129883,60,13,0.02937,0.02937,1,1
5000,62,30,12,-3.1974423109204923e-15,0.0,0.0,0.1783139705657959,0.027464866638183594,-0.0,-0.0,1,1,0.08660855453031428,0.08660855453031428,0.17395544052124023,0.03276848793029785,60,23,0.08661,0.08661,1,1
5000,63,30,19,-1.2848070186103311e-13,0.0,0.0,0.17481279373168945,0.027805566787719727,-0.0,-0.0,1,1,0.05969156523062536,0.05969156523062536,0.2400040626525879,0.02782750129699707,60,23,-0.05969,-0.05969,1,1
5000,64,19,41,7.000000000000283,0.0,0.0,0.1707305908203125,0.07064104080200195,7.0,7.0,1,1,0.20558503317616594,0.20558503317616594,0.17674756050109863,0.06684517860412598,60,32,6.79441,6.79441,1,1
5000,65,30,39,1.2525692733734908e-13,0.0,0.0,0.17830967903137207,0.03413796424865723,0.0,0.0,1,1,0.014757010091946354,0.014757010091946354,0.1779015064239502,0.037633419036865234,60,26,-0.01476,-0.01476,1,1
5000,66,43,38,5.351842757008828e-14,0.0,0.0,0.17300820350646973,0.08071017265319824,0.0,0.0,1,1,0.07575761110076244,0.07575761110076244,0.17272448539733887,0.07674741744995117,60,34,0.07576,0.07576,1,1
5000,67,44,42,-5.471856761737153e-12,0.0,0.0,0.16951990127563477,0.062143802642822266,-0.0,-0.0,1,1,0.02390975243463912,0.02390975243463912,0.17091846466064453,0.06009697914123535,60,31,0.02391,0.02391,1,1
5000,68,16,50,0.9999999999999891,0.0,0.0,0.17100811004638672,0.01797938346862793,1.0,1.0,1,1,0.07867349146003244,0.07867349146003244,0.17630696296691895,0.019216060638427734,60,18,0.92133,0.92133,1,1
5000,69,1,10,-6.616259745545053e-14,3.7167251663044404e-14,0.0,0.17655682563781738,0.0035364627838134766,-0.0,-0.0,1,1,0.042812764991675266,0.011060285140017077,0.17424225807189941,0.002911090850830078,60,2,0.01106|0.03757|0.06131|0.06132,0.01106,4,1
5000,70,52,50,-2.1048458686447357e-12,0.0,0.0,0.1708085536956787,0.08126950263977051,-0.0,-0.0,1,1,0.009457695607187544,0.009457695607187544,0.24341845512390137,0.0801246166229248,60,36,0.00946,0.00946,1,1
5000,71,43,25,6.750970738873339e-14,0.0,0.0,0.17605996131896973,0.0677039623260498,0.0,0.0,1,1,0.10681450212667332,0.10681450212667332,0.17702889442443848,0.06566929817199707,60,32,0.10681,0.10681,1,1
5000,72,46,30,-8.77848500887845e-15,0.0,0.0,0.17386078834533691,0.046619415283203125,-0.0,-0.0,1,1,0.01941243866158389,0.01941243866158389,0.16777634620666504,0.041982412338256836,60,27,-0.01941,-0.01941,1,1
5000,73,10,21,-1.7256332301709525e-30,9.083865389791845e-17,3.027955129930443e-17,0.17111802101135254,0.003908634185791016,-0.0,-0.0,1,1,0.011221447636932743,0.0012525837842998159,0.1739192008972168,0.0029032230377197266,60,2,-0.0066|0.00125|0.00881|0.01618|0.02328,0.00125,5,1
5000,74,31,46,1.000000000000739,0.0,0.0,0.1682589054107666,0.04627847671508789,1.0,1.0,1,1,0.046499762542161815,0.046499762542161815,0.1768019199371338,0.044265031814575195,60,27,0.9535,0.9535,1,1
5000,75,47,27,1.0333321500054104e-12,0.0,0.0,0.1738114356994629,0.07184171676635742,0.0,0.0,1,1,0.012314374157038968,0.012314374157038968,0.17353129386901855,0.06862568855285645,60,33,0.01231,0.01231,1,1
5000,76,53,31,4.147695408247792e-14,0.0,0.0,0.17966341972351074,0.062445640563964844,0.0,0.0,1,1,0.06472135059811725,0.06472135059811725,0.17553400993347168,0.0578463077545166,60,32,-0.06472,-0.06472,1,1
5000,77,36,43,-3.609282459413245e-13,0.0,0.0,0.1737961769104004,0.07297158241271973,-0.0,-0.0,1,1,0.16680827673948692,0.16680827673948692,0.23947787284851074,0.0714113712310791,60,33,0.16681,0.16681,1,1
5000,78,42,3,5.888902713242762e-15,0.0,0.0,0.1681225299835205,0.04265308380126953,0.0,0.0,1,1,0.015712126832878624,0.015712126832878624,0.1787853240966797,0.04706120491027832,60,27,-0.01571,-0.01571,1,1
5000,79,11,3,1.1808735807375996e-14,3.308147624168715e-14,6.61629524833743e-14,0.17265629768371582,0.003704071044921875,-0.0,-0.0,1,1,0.004916167397144267,0.0019322355185513375,0.17739391326904297,0.0029685497283935547,60,2,0.00193|0.0079,0.00193,2,1
5000,80,47,39,-3.3206366007602425e-13,0.0,0.0,0.17110300064086914,0.0747995376586914,-0.0,-0.0,1,1,0.014040440477078595,0.014040440477078595,0.17646288871765137,0.0747833251953125,60,34,-0.01404,-0.01404,1,1
5000,81,36,49,-6.833719700572826e-13,0.0,0.0,0.17276668548583984,0.05954456329345703,-0.0,-0.0,1,1,0.08327443616634587,0.08327443616634587,0.1745760440826416,0.05421161651611328,60,30,-0.08327,-0.08327,1,1
5000,82,48,52,-3.1982776775292906e-11,0.0,0.0,0.1755201816558838,0.13117361068725586,-0.0,-0.0,1,1,0.06677564539706067,0.06677564539706067,0.17469549179077148,0.13117027282714844,60,42,-0.06678,-0.06678,1,1
5000,83,49,17,1.2767072415313405e-13,0.0,0.0,0.1842513084411621,0.04853200912475586,0.0,0.0,1,1,0.0036772718820199633,0.0036772718820199633,0.17393136024475098,0.048453330993652344,60,28,-0.00368,-0.00368,1,1
5000,84,52,18,-3.618366413992182e-13,0.0,0.0,0.2388617992401123,0.07958173751831055,-0.0,-0.0,1,1,0.024895853131791334,0.024895853131791334,0.16434788703918457,0.074493408203125,60,35,0.0249,0.0249,1,1
5000,85,5,46,23.999999999983917,9.000000000007129,9.000000000007129,0.17384052276611328,0.041437387466430664,6.0|24.0,6.0|24.0,2,2,9.229296923301618,9.229296923301618,0.17601776123046875,0.04192090034484863,60,27,5.71326|24.17185,5.71326|24.17185,2,2
5000,86,19,12,-9.070758328852228e-16,0.0,0.0,0.17143559455871582,0.019850492477416992,-0.0,-0.0,1,1,0.010511474821856125,0.010511474821856125,0.17381525039672852,0.014306306838989258,60,16,-0.01051,-0.01051,1,1
5000,87,17,54,-2.3536728122054363e-15,0.0,0.0,0.17082834243774414,0.011658906936645508,-0.0,-0.0,1,1,0.004430021997432127,0.004430021997432127,0.17306756973266602,0.010927200317382812,60,12,-0.00443,-0.00443,1,1
5000,88,33,7,2.4673248391851514e-14,0.0,0.0,0.17538762092590332,0.03852534294128418,0.0,0.0,1,1,0.06317305437515565,0.06317305437515565,0.17186403274536133,0.0445101261138916,60,26,-0.06317,-0.06317,1,1
5000,89,58,19,3.951995459991266e-12,0.0,0.0,0.1715691089630127,0.1614363193511963,0.0,0.0,1,1,0.0015117228886937877,0.0015117228886937877,0.16858339309692383,0.16006922721862793,60,44,0.00151,0.00151,1,1
5000,90,16,21,1.866501248960403e-31,0.0,0.0,0.17045187950134277,0.009320259094238281,0.0,0.0,1,1,0.008107628752221069,0.008107628752221069,0.17202472686767578,0.008398771286010742,60,10,-0.00811,-0.00811,1,1
5000,91,55,28,-3.2148983089692977e-12,0.0,0.0,0.23884177207946777,0.12868881225585938,-0.0,-0.0,1,1,0.02282981635682737,0.02282981635682737,0.17070412635803223,0.12039828300476074,60,39,-0.02283,-0.02283,1,1
5000,92,5,56,60.999999999956444,20.50000000001976,20.50000000001976,0.17781782150268555,0.08553075790405273,20.0|61.0,20.0|61.0,2,2,22.263304269941646,22.263304269941646,0.19933056831359863,0.09212136268615723,60,34,17.50106|59.97234,17.50106|59.97234,2,2
5000,93,27,5,1.7168166529989667e-15,0.0,0.0,0.21392393112182617,0.021632909774780273,0.0,0.0,1,1,0.045983253765939855,0.045983253765939855,0.21324563026428223,0.021424531936645508,60,19,-0.04598,-0.04598,1,1
5000,94,44,51,-9.98086003918677e-13,0.0,0.0,0.20527148246765137,0.08468246459960938,-0.0,-0.0,1,1,0.4582348617002422,0.4582348617002422,0.21168279647827148,0.08420181274414062,60,34,-0.45823,-0.45823,1,1
5000,95,27,15,-2.1459536656625413e-14,0.0,0.0,0.21573925018310547,0.02461862564086914,-0.0,-0.0,1,1,0.02298130762777873,0.02298130762777873,0.2130134105682373,0.025137901306152344,60,20,0.02298,0.02298,1,1
5000,96,42,3,5.888902713242762e-15,0.0,0.0,0.21588540077209473,0.057297706604003906,0.0,0.0,1,1,0.016282464043683668,0.016282464043683668,0.21399521827697754,0.052687644958496094,60,27,-0.01628,-0.01628,1,1
5000,97,14,41,24.999999999999893,13.92857142857138,13.92857142857138,0.20315074920654297,0.08391857147216797,25.0|52.85714,25.0|52.85714,2,2,14.072939906195606,14.072939906195606,0.21373534202575684,0.08301424980163574,60,32,24.72367|52.86955,24.72367|52.86955,2,2
5000,98,29,60,27.000000000001467,0.0,0.0,0.20615243911743164,0.20412826538085938,27.0,27.0,1,1,2.1383896128544144,2.1383896128544144,0.20955538749694824,0.20442438125610352,60,48,24.86161,24.86161,1,1
5000,99,8,18,2.54463117244086e-13,0.24999999999993616,0.4999999999998641,0.2040400505065918,0.016916513442993164,0.0|1.0,0.0|1.0,2,2,0.2679321506392819,0.5208085075639627,0.2000563144683838,0.01390528678894043,60,9,-0.04474|-0.01978|-0.01033|0.99688,-0.04474|0.99688,4,2
7500,0,34,38,6.751010946945695e-13,0.0,0.0,0.2114274501800537,0.06734609603881836,0.0,0.0,1,1,0.055735790587872897,0.055735790587872897,0.19713139533996582,0.06739425659179688,60,31,0.05574,0.05574,1,1
7500,1,36,52,0.9999999999954092,0.0,0.0,0.21245908737182617,0.09079313278198242,1.0,1.0,1,1,0.04319667212908318,0.04319667212908318,0.2044205665588379,0.09319519996643066,60,35,0.9568,0.9568,1,1
7500,2,32,26,1.7717443105715047e-13,0.0,0.0,0.19945812225341797,0.0446164608001709,0.0,0.0,1,1,0.014522304499067674,0.014522304499067674,0.2078561782836914,0.04853343963623047,60,27,-0.01452,-0.01452,1,1
7500,3,51,43,2.1417388173361775e-12,0.0,0.0,0.19847345352172852,0.09361505508422852,0.0,0.0,1,1,0.10383191029962113,0.10383191029962113,0.22762346267700195,0.09769034385681152,60,35,-0.10383,-0.10383,1,1
7500,4,38,13,1.6574395014888055e-14,0.0,0.0,0.20666050910949707,0.04187798500061035,0.0,0.0,1,1,0.01024575389923434,0.01024575389923434,0.2712528705596924,0.044141530990600586,60,23,-0.01025,-0.01025,1,1
7500,5,16,34,9.99999999999998,0.0,0.0,0.20154404640197754,0.0614619255065918,10.0,10.0,1,1,0.3898050344183588,0.3898050344183588,0.20805644989013672,0.055144309997558594,60,29,10.38981,10.38981,1,1
7500,6,13,26,2.9999999999999782,0.0,0.0,0.20598292350769043,0.03450942039489746,3.0,3.0,1,1,0.029147227605458514,0.029147227605458514,0.203993558883667,0.026744842529296875,60,19,2.97085,2.97085,1,1
7500,7,36,41,-2.5543266143134325e-12,0.0,0.0,0.19759678840637207,0.08273124694824219,-0.0,-0.0,1,1,0.023862741142869476,0.023862741142869476,0.2069857120513916,0.07945466041564941,60,33,-0.02386,-0.02386,1,1
7500,8,32,54,4.894879581921124e-14,0.0,0.0,0.19788885116577148,0.0422208309173584,0.0,0.0,1,1,0.014852899717922505,0.014852899717922505,0.19586634635925293,0.037442684173583984,60,26,0.01485,0.01485,1,1
7500,9,52,34,7.7024546431168e-12,0.0,0.0,0.18805980682373047,0.10138344764709473,0.0,0.0,1,1,0.034364920156114004,0.034364920156114004,0.1922457218170166,0.10221242904663086,60,37,0.03436,0.03436,1,1
7500,10,4,53,91.999999999992,28.40000000000372,28.40000000000372,0.20046281814575195,0.071014404296875,45.0|68.0|92.0,45.0|68.0|92.0,3,3,27.934357931904252,27.934357931904252,0.2109227180480957,0.07130026817321777,60,32,45.71853|45.73444|68.70451|68.77594|92.60521,45.71853|45.73444|68.70451|68.77594|92.60521,5,5
7500,11,42,25,-1.3389299086978324e-14,0.0,0.0,0.1963942050933838,0.05550265312194824,-0.0,-0.0,1,1,0.03160761427998299,0.03160761427998299,0.2690412998199463,0.04639267921447754,60,27,-0.03161,-0.03161,1,1
7500,12,8,59,96.00000000002602,85.49999999999352,85.49999999999352,0.1877439022064209,0.16237139701843262,2.0|96.0|250.0,2.0|96.0|250.0,3,3,84.26049473799125,84.26049473799125,0.1961064338684082,0.15906906127929688,60,46,2.23385|11.95913|101.32208|249.91288,2.23385|11.95913|101.32208|249.91288,4,4
7500,13,49,55,1.6148409284158263e-11,0.0,0.0,0.1935267448425293,0.1623237133026123,0.0,0.0,1,1,0.037173864867554904,0.037173864867554904,0.20348072052001953,0.16576385498046875,60,42,0.03717,0.03717,1,1
7500,14,33,59,2.0000000000158464,0.0,0.0,0.20218873023986816,0.1726083755493164,2.0,2.0,1,1,0.4717372754693798,0.4717372754693798,0.19462108612060547,0.1645219326019287,60,46,2.47174,2.47174,1,1
7500,15,10,6,-1.4136387421560444e-27,8.359410316389637e-14,2.4785682533003595e-14,0.17392230033874512,0.0035974979400634766,-0.0,-0.0,1,1,0.009863483213370198,0.0011103650385732417,0.1776425838470459,0.0029115676879882812,60,2,0.00111|0.00411|0.01038|0.01397|0.01974,0.00111,5,1
7500,16,30,13,-6.563410783527677e-15,0.0,0.0,0.17160558700561523,0.02811598777770996,-0.0,-0.0,1,1,0.037070473827523896,0.037070473827523896,0.17570781707763672,0.03248238563537598,60,23,-0.03707,-0.03707,1,1
7500,17,36,27,-2.0055374335611148e-13,0.0,0.0,0.1759805679321289,0.04134511947631836,-0.0,-0.0,1,1,0.0063569728472354075,0.0063569728472354075,0.17636895179748535,0.04811286926269531,60,27,0.00636,0.00636,1,1
7500,18,40,6,-4.0053751508953975e-14,0.0,0.0,0.24203109741210938,0.04860234260559082,-0.0,-0.0,1,1,0.050747155933649916,0.050747155933649916,0.16419339179992676,0.04700207710266113,60,28,0.05075,0.05075,1,1
7500,19,49,1,4.735929575710007e-14,0.0,0.0,0.17386984825134277,0.04767322540283203,0.0,0.0,1,1,0.023700637428951364,0.023700637428951364,0.171738862991333,0.04267263412475586,60,28,-0.0237,-0.0237,1,1
7500,20,11,46,12.000000000000158,7.49999999999931,7.49999999999931,0.17206358909606934,0.049100399017333984,12.0|27.0,12.0|27.0,2,2,7.4324968639411475,7.4324968639411475,0.17237591743469238,0.04085135459899902,60,27,11.97869|26.84368,11.97869|26.84368,2,2
7500,21,25,18,-5.432047726282003e-15,0.0,0.0,0.17400908470153809,0.019266128540039062,-0.0,-0.0,1,1,0.008832327599538992,0.008832327599538992,0.18301749229431152,0.023181915283203125,60,19,-0.00883,-0.00883,1,1
7500,22,31,35,2.186514258846598e-13,0.0,0.0,0.1740567684173584,0.039841413497924805,0.0,0.0,1,1,0.009370277828820906,0.009370277828820906,0.17299556732177734,0.04286813735961914,60,27,-0.00937,-0.00937,1,1
7500,23,2,3,1.0905922629625583e-13,0.0,0.0,0.17381930351257324,0.0036764144897460938,0.0,0.0,1,1,0.011711654832095297,0.011711654832095297,0.16930150985717773,0.0029821395874023438,60,2,-0.01171,-0.01171,1,1
7500,24,25,18,-5.432047726282003e-15,0.0,0.0,0.1750950813293457,0.02448439598083496,-0.0,-0.0,1,1,0.0876699084950365,0.0876699084950365,0.1738736629486084,0.01786351203918457,60,19,0.08767,0.08767,1,1
7500,25,32,41,1.000000000001471,0.0,0.0,0.24357128143310547,0.06738567352294922,1.0,1.0,1,1,0.2033731774671247,0.2033731774671247,0.16708755493164062,0.0666663646697998,60,32,0.79663,0.79663,1,1
7500,26,58,10,-5.097083884927206e-13,0.0,0.0,0.16966652870178223,0.15680146217346191,-0.0,-0.0,1,1,0.025228445691338478,0.025228445691338478,0.17835402488708496,0.15750980377197266,60,44,0.02523,0.02523,1,1
7500,27,17,2,-2.5424107263917215e-15,0.0,0.0,0.17357707023620605,0.011551618576049805,-0.0,-0.0,1,1,0.02252084986782611,0.02252084986782611,0.17702007293701172,0.01369619369506836,60,11,-0.02252,-0.02252,1,1
7500,28,47,41,1.4753911150131533e-11,0.0,0.0,0.17004632949829102,0.09617328643798828,0.0,0.0,1,1,0.051643537550922484,0.051643537550922484,0.18289756774902344,0.10069704055786133,60,37,0.05164,0.05164,1,1
7500,29,43,16,8.43218524600851e-14,0.0,0.0,0.173628568649292,0.06821894645690918,0.0,0.0,1,1,0.01428010838945661,0.01428010838945661,0.17234516143798828,0.06493926048278809,60,32,0.01428,0.01428,1,1
7500,30,38,13,1.6574395014888055e-14,0.0,0.0,0.1710813045501709,0.03685712814331055,0.0,0.0,1,1,0.010441646499606069,0.010441646499606069,0.1787738800048828,0.0359494686126709,60,23,-0.01044,-0.01044,1,1
7500,31,11,8,5.551115123125758e-15,0.2499999999999995,0.2499999999999995,0.17588591575622559,0.006332874298095703,0.0|0.5,0.0|0.5,2,2,0.25150268240634294,0.25150268240634294,0.17375659942626953,0.005730867385864258,60,3,0.00694|0.49607,0.00694|0.49607,2,2
7500,32,53,11,1.999417732283379e-13,0.0,0.0,0.23629164695739746,0.06323790550231934,0.0,0.0,1,1,0.019557851111079282,0.019557851111079282,0.16795945167541504,0.05978083610534668,60,32,-0.01956,-0.01956,1,1
7500,33,2,34,29.000000000005937,0.0,0.0,0.17575478553771973,0.047170400619506836,29.0,29.0,1,1,0.24194482037278675,0.24194482037278675,0.17258429527282715,0.051056861877441406,60,29,29.24194,29.24194,1,1
7500,34,29,47,3.0000000000006777,0.0,0.0,0.17070698738098145,0.06299948692321777,3.0,3.0,1,1,0.20475487348156607,0.20475487348156607,0.1746523380279541,0.06577205657958984,60,32,3.20475,3.20475,1,1
7500,35,58,13,3.945334567615137e-12,0.0,0.0,0.1705923080444336,0.1591329574584961,0.0,0.0,1,1,0.019858532460990425,0.019858532460990425,0.17864012718200684,0.16182804107666016,60,44,0.01986,0.01986,1,1
7500,36,45,3,-3.208378713965143e-13,0.0,0.0,0.17055273056030273,0.08858633041381836,-0.0,-0.0,1,1,0.06550484254801955,0.06550484254801955,0.17270565032958984,0.08671879768371582,60,35,-0.0655,-0.0655,1,1
7500,37,51,59,4.534038900602899e-12,0.0,0.0,0.17172837257385254,0.14571285247802734,0.0,0.0,1,1,2.6097380045274337,2.6097380045274337,0.17929673194885254,0.14240312576293945,60,47,-2.60974,-2.60974,1,1
7500,38,52,21,-1.3971861252086164e-13,0.0,0.0,0.1706867218017578,0.07741761207580566,-0.0,-0.0,1,1,0.010054552617793902,0.010054552617793902,0.23836302757263184,0.07721710205078125,60,35,0.01005,0.01005,1,1
7500,39,7,6,5.618473175578816e-13,2.809236587789408e-13,5.618473175578816e-13,0.16747355461120605,0.0037288665771484375,0.0,0.0,1,1,0.014266145537386822,0.0054292551319134255,0.1771230697631836,0.0030639171600341797,60,2,0.00543|0.0231,0.00543,2,1
7500,40,8,31,5.000000000001472,4.499999999999645,4.499999999999645,0.17095351219177246,0.03288388252258301,0.0|5.0|13.0,0.0|5.0|13.0,3,3,4.613790822016453,4.613790822016453,0.17153477668762207,0.037874698638916016,60,25,-0.26185|0.05789|4.86498|13.11619,-0.26185|0.05789|4.86498|13.11619,4,4
7500,41,8,5,9.457759237683401e-16,1.6482029230616768e-14,2.993789729241833e-14,0.17238235473632812,0.0035784244537353516,-0.0,-0.0,1,1,0.004554973824240091,0.0009451367951850274,0.17213726043701172,0.0029633045196533203,60,2,-0.01641|-0.00095|3e-05|0.00084,-0.00095,4,1
7500,42,6,10,9.950230579080708e-14,7.481559151705975e-14,1.2428798832381226e-13,0.17941021919250488,0.003930568695068359,0.0,-0.0,1,1,0.009937987746532703,0.0014039813045131292,0.17804718017578125,0.0029473304748535156,60,2,-0.02332|-0.01229|-0.01205|-0.0014|-0.00063,-0.0014,5,1
7500,43,33,9,-4.49730189659933e-15,0.0,0.0,0.17737150192260742,0.0380406379699707,-0.0,-0.0,1,1,0.011224778919099176,0.011224778919099176,0.17924857139587402,0.041277170181274414,60,26,-0.01122,-0.01122,1,1
7500,44,60,54,-9.12863103910866e-12,0.0,0.0,0.17188191413879395,0.1819605827331543,-0.0,-0.0,1,1,0.03446405633535877,0.03446405633535877,0.1758730411529541,0.17636346817016602,60,49,-0.03446,-0.03446,1,1
7500,45,57,7,-2.5336365602524076e-15,0.0,0.0,0.1715857982635498,0.03907489776611328,-0.0,-0.0,1,1,0.00831106524651956,0.00831106524651956,0.23433971405029297,0.042250871658325195,60,27,-0.00831,-0.00831,1,1
7500,46,12,53,16.9999999999999,0.0,0.0,0.1671922206878662,0.058321237564086914,17.0,17.0,1,1,0.569236736726701,0.569236736726701,0.18314290046691895,0.0622711181640625,60,32,17.56924,17.56924,1,1
7500,47,25,26,2.9005246942864406e-15,0.0,0.0,0.1715087890625,0.022499799728393555,0.0,0.0,1,1,0.053914164093730246,0.053914164093730246,0.17227840423583984,0.027129411697387695,60,21,0.05391,0.05391,1,1
7500,48,2,14,2.1221913115709375e-13,0.0,0.0,0.1721668243408203,0.0036330223083496094,0.0,0.0,1,1,0.0051695790969256035,0.0051695790969256035,0.1763777732849121,0.0029697418212890625,60,2,0.00517,0.00517,1,1
7500,49,1,13,4.175108053811468e-14,2.7766942848859718e-14,0.0,0.1764984130859375,0.004879951477050781,0.0,0.0,1,1,0.008880972039308557,0.0034748035046833804,0.1703789234161377,0.008919239044189453,60,5,-0.01508|-0.01498|-0.00347|-0.00199,-0.00347,4,1
7500,50,27,8,5.443674185258784e-16,0.0,0.0,0.17446446418762207,0.02416253089904785,0.0,0.0,1,1,0.024949962365613313,0.024949962365613313,0.1752488613128662,0.019110918045043945,60,20,-0.02495,-0.02495,1,1
7500,51,4,52,162.99999999998553,46.20000000000686,46.20000000000686,0.171675443649292,0.07784509658813477,90.0|115.0|126.0|163.0,90.0|115.0|126.0|163.0,4,4,44.705274465530394,44.705274465530394,0.18163776397705078,0.07633066177368164,60,35,92.18865|92.20048|116.59053|128.87923|164.38526,92.18865|92.20048|116.59053|128.87923|164.38526,5,5
7500,52,34,35,-8.725571298376954e-13,0.0,0.0,0.17724323272705078,0.06031441688537598,-0.0,-0.0,1,1,0.10097961961445591,0.10097961961445591,0.2420969009399414,0.05551719665527344,60,31,-0.10098,-0.10098,1,1
7500,53,5,28,2.9999999999969598,1.0000000000014335,1.0000000000014335,0.16802287101745605,0.01707935333251953,1.0|3.0,1.0|3.0,2,2,0.9945526999976982,0.9945526999976982,0.17604875564575195,0.02176380157470703,60,17,1.03179|3.02089,1.03179|3.02089,2,2
7500,54,4,14,-1.475001025841665e-13,8.850006155050066e-14,0.0,0.17133164405822754,0.0036339759826660156,-0.0,-0.0,1,1,0.014167290062975988,0.008455512698250905,0.17477846145629883,0.0032682418823242188,60,2,0.00846|0.01234|0.01253|0.01275|0.02476,0.00846,5,1
7500,55,60,52,-7.31265759401654e-11,0.0,0.0,0.1726982593536377,0.18767452239990234,-0.0,-0.0,1,1,0.00040926508684619394,0.00040926508684619394,0.17287158966064453,0.17603302001953125,60,50,0.00041,0.00041,1,1
7500,56,31,6,3.865647008021319e-15,0.0,0.0,0.17333722114562988,0.03143119812011719,0.0,0.0,1,1,0.0034000001062702728,0.0034000001062702728,0.1743171215057373,0.03602313995361328,60,24,-0.0034,-0.0034,1,1
7500,57,23,36,-1.2024569374401695e-14,0.0,0.0,0.18314027786254883,0.039376258850097656,-0.0,-0.0,1,1,0.3946451674319689,0.3946451674319689,0.17774701118469238,0.03897500038146973,60,27,0.39465,0.39465,1,1
7500,58,8,47,30.000000000006636,26.499999999998483,26.499999999998483,0.17516303062438965,0.07364606857299805,0.0|30.0|76.0,0.0|30.0|76.0,3,3,26.76019460856716,26.76019460856716,0.17715024948120117,0.06958675384521484,60,33,0.36235|0.97742|31.91847|76.46208,0.36235|0.97742|31.91847|76.46208,4,4
7500,59,26,25,5.8868898915491995e-15,0.0,0.0,0.2389812469482422,0.022126436233520508,0.0,0.0,1,1,0.03425611099838691,0.03425611099838691,0.168487548828125,0.026266098022460938,60,21,-0.03426,-0.03426,1,1
7500,60,45,58,0.9999999997652134,0.0,0.0,0.1676163673400879,0.16160893440246582,1.0,1.0,1,1,0.0032152800298634876,0.0032152800298634876,0.1806330680847168,0.16251850128173828,60,44,0.99678,0.99678,1,1
7500,61,27,11,-2.1989578616769034e-15,0.0,0.0,0.16978764533996582,0.018610715866088867,-0.0,-0.0,1,1,0.0051541632523085445,0.0051541632523085445,0.17383670806884766,0.017554521560668945,60,19,-0.00515,-0.00515,1,1
7500,62,7,1,2.5193153741029573e-13,1.2596576870514787e-13,2.5193153741029573e-13,0.16943025588989258,0.003742694854736328,0.0,0.0,1,1,0.005863420089975552,0.0029262482564736333,0.18351030349731445,0.0029506683349609375,60,2,0.00293|0.0088,0.00293,2,1
7500,63,9,12,8.622732157922063e-14,0.0,0.0,0.1696019172668457,0.006713151931762695,0.0,0.0,1,1,0.013263304124000879,0.013263304124000879,0.17471003532409668,0.005907297134399414,60,7,0.01326,0.01326,1,1
7500,64,31,45,3.0000000000008082,0.0,0.0,0.1691591739654541,0.08650851249694824,3.0,3.0,1,1,0.0487311730522646,0.0487311730522646,0.1736156940460205,0.08904695510864258,60,35,3.04873,3.04873,1,1
7500,65,27,10,-4.920794954306295e-15,0.0,0.0,0.17922496795654297,0.023461103439331055,-0.0,-0.0,1,1,0.008866187301744533,0.008866187301744533,0.16951394081115723,0.018492937088012695,60,19,0.00887,0.00887,1,1
7500,66,36,27,-2.0055374335611148e-13,0.0,0.0,0.23770713806152344,0.042647600173950195,-0.0,-0.0,1,1,0.042486670366740975,0.042486670366740975,0.16840457916259766,0.04488825798034668,60,27,0.04249,0.04249,1,1
7500,67,47,21,1.1388905212085072e-13,0.0,0.0,0.1673583984375,0.06195330619812012,0.0,0.0,1,1,0.03199689773344896,0.03199689773344896,0.1783754825592041,0.06557416915893555,60,32,-0.032,-0.032,1,1
7500,68,17,42,2.9999999999997695,0.0,0.0,0.16920948028564453,0.04684162139892578,3.0,3.0,1,1,0.19468150647710702,0.19468150647710702,0.17155122756958008,0.04229569435119629,60,27,3.19468,3.19468,1,1
7500,69,23,60,8.999999999999895,0.0,0.0,0.16974759101867676,0.1791839599609375,9.0,9.0,1,1,5.890294426280551,5.890294426280551,0.17670989036560059,0.17057514190673828,60,48,3.10971,3.10971,1,1
7500,70,20,8,-1.688273029182053e-15,0.0,0.0,0.1727297306060791,0.02025318145751953,-0.0,-0.0,1,1,0.0038720959813937222,0.0038720959813937222,0.1803581714630127,0.01795649528503418,60,19,0.00387,0.00387,1,1
7500,71,53,56,-4.2575403912095786e-12,0.0,0.0,0.17216277122497559,0.09774231910705566,-0.0,-0.0,1,1,0.18539206515330262,0.18539206515330262,0.1797635555267334,0.09585809707641602,60,38,0.18539,0.18539,1,1
7500,72,21,16,-4.0278555820535174e-16,0.0,0.0,0.1743309497833252,0.009189844131469727,-0.0,-0.0,1,1,0.003141365925181238,0.003141365925181238,0.17435741424560547,0.00851297378540039,60,10,-0.00314,-0.00314,1,1
7500,73,19,39,1.0000000000000315,0.0,0.0,0.17348980903625488,0.02025294303894043,1.0,1.0,1,1,0.026610090417808596,0.026610090417808596,0.17378830909729004,0.01963520050048828,60,20,1.02661,1.02661,1,1
7500,74,15,5,-4.998641615284459e-15,0.0,0.0,0.17781591415405273,0.0070323944091796875,-0.0,-0.0,1,1,0.010804774807448623,0.010804774807448623,0.17450642585754395,0.0059092044830322266,60,6,-0.0108,-0.0108,1,1
7500,75,30,44,2.0000000000007705,0.0,0.0,0.16803240776062012,0.05072283744812012,2.0,2.0,1,1,0.0923030806204701,0.0923030806204701,0.17676234245300293,0.04570627212524414,60,29,2.0923,2.0923,1,1
7500,76,48,6,-3.025716820162201e-14,0.0,0.0,0.17162775993347168,0.09852933883666992,-0.0,-0.0,1,1,0.01833971456081218,0.01833971456081218,0.18225741386413574,0.10095930099487305,60,37,-0.01834,-0.01834,1,1
7500,77,44,20,-4.2233177127736286e-13,0.0,0.0,0.1730666160583496,0.05214214324951172,-0.0,-0.0,1,1,0.10456097717257232,0.10456097717257232,0.17748188972473145,0.05530810356140137,60,30,-0.10456,-0.10456,1,1
7500,78,36,52,0.9999999999954092,0.0,0.0,0.17158102989196777,0.07759976387023926,1.0,1.0,1,1,0.051299004914729385,0.051299004914729385,0.17521286010742188,0.08055853843688965,60,35,0.9487,0.9487,1,1
7500,79,36,27,-2.0055374335611148e-13,0.0,0.0,0.17145967483520508,0.04038715362548828,-0.0,-0.0,1,1,0.010621140639890123,0.010621140639890123,0.17947959899902344,0.0446467399597168,60,27,0.01062,0.01062,1,1
7500,80,12,47,21.999999999999837,0.0,0.0,0.1675090789794922,0.0668022632598877,22.0,22.0,1,1,0.808834162184219,0.808834162184219,0.17730927467346191,0.06096506118774414,60,32,22.80883,22.80883,1,1
7500,81,33,28,-4.132489106190122e-14,0.0,0.0,0.17069435119628906,0.04139256477355957,-0.0,-0.0,1,1,0.012400469331318316,0.012400469331318316,0.18109345436096191,0.036878347396850586,60,26,0.0124,0.0124,1,1
7500,82,53,28,1.892262572497021e-13,0.0,0.0,0.1765763759613037,0.06341218948364258,0.0,0.0,1,1,0.021477436472563657,0.021477436472563657,0.17247819900512695,0.06065082550048828,60,32,0.02148,0.02148,1,1
7500,83,34,60,3.9999999999936486,0.0,0.0,0.17874956130981445,0.17258787155151367,4.0,4.0,1,1,0.1028003056575173,0.1028003056575173,0.17615056037902832,0.1706850528717041,60,48,3.8972,3.8972,1,1
7500,84,1,42,59.99999999999967,33.999999999999645,33.999999999999645,0.17336416244506836,0.04711151123046875,7.0|30.0|60.0,7.0|30.0|60.0,3,3,33.89882722724842,33.89882722724842,0.17287039756774902,0.04189443588256836,60,27,7.05897|7.28985|30.48343|60.42756,7.05897|7.28985|30.48343|60.42756,4,4
7500,85,12,57,8.99999999999996,0.0,0.0,0.17477202415466309,0.04784274101257324,9.0,9.0,1,1,0.5285819694172229,0.5285819694172229,0.17644357681274414,0.03950166702270508,60,27,9.52858,9.52858,1,1
7500,86,21,31,-1.437645632402253e-15,0.0,0.0,0.17689919471740723,0.037050485610961914,-0.0,-0.0,1,1,0.0013908260761043086,0.0013908260761043086,0.23904109001159668,0.03132224082946777,60,25,0.00139,0.00139,1,1
7500,87,28,33,0.9999999999998892,0.0,0.0,0.1682736873626709,0.0370638370513916,1.0,1.0,1,1,0.021488430990051377,0.021488430990051377,0.16806483268737793,0.041903018951416016,60,26,1.02149,1.02149,1,1
7500,88,1,32,27.999999999999897,15.999999999999922,15.999999999999922,0.17290329933166504,0.03491020202636719,3.0|14.0|28.0,3.0|14.0|28.0,3,3,15.853865966973066,15.853865966973066,0.1755530834197998,0.04047060012817383,60,25,3.39039|3.51834|13.89449|27.78131,3.39039|3.51834|13.89449|27.78131,4,4
7500,89,14,12,-3.1713883334078767e-15,6.208481921913161e-15,1.2416963843826322e-14,0.17534279823303223,0.005162715911865234,0.0,0.0,1,1,0.003325574895895249,0.0009479467370762512,0.1890277862548828,0.005295515060424805,60,4,0.00095|0.0057,0.00095,2,1
7500,90,53,54,1.2433114197361301e-13,0.0,0.0,0.19739413261413574,0.07530355453491211,0.0,0.0,1,1,0.027634643840578333,0.027634643840578333,0.2005929946899414,0.07465434074401855,60,33,0.02763,0.02763,1,1
7500,91,13,6,1.3168718044489366e-27,0.0,0.0,0.19616460800170898,0.006157398223876953,0.0,0.0,1,1,0.006440412583668121,0.006440412583668121,0.19871807098388672,0.0049741268157958984,60,5,-0.00644,-0.00644,1,1
7500,92,1,8,0.0,1.2530380773383898e-14,0.0,0.20710468292236328,0.004009246826171875,0.0,0.0,1,1,0.032629214946770464,0.011587626425982524,0.21372318267822266,0.0037293434143066406,60,2,-0.04548|-0.02798|-0.01159,-0.01159,3,1
7500,93,57,21,2.0432475638455678e-15,0.0,0.0,0.20216155052185059,0.04748106002807617,0.0,0.0,1,1,0.001633206695825126,0.001633206695825126,0.20048809051513672,0.05066490173339844,60,28,-0.00163,-0.00163,1,1
7500,94,58,43,5.306357185013439e-11,0.0,0.0,0.19340062141418457,0.19404339790344238,0.0,0.0,1,1,0.018733985187465434,0.018733985187465434,0.19716429710388184,0.19092321395874023,60,45,-0.01873,-0.01873,1,1
7500,95,3,2,1.1455483026821402e-15,1.3530212304082336e-14,5.338406484544029e-14,0.198868989944458,0.0040149688720703125,0.0,0.0,1,1,0.0023633646182827125,0.0028941764282555127,0.19785332679748535,0.0051920413970947266,60,2,-0.00285|-0.0028|-0.0009|0.00289,0.00289,4,1
7500,96,27,16,-2.3071150724629658e-14,0.0,0.0,0.19655513763427734,0.02023482322692871,-0.0,-0.0,1,1,0.042685674341894485,0.042685674341894485,0.2020246982574463,0.02044534683227539,60,19,-0.04269,-0.04269,1,1
7500,97,32,7,7.718787043760962e-14,0.0,0.0,0.19923973083496094,0.03714275360107422,0.0,0.0,1,1,0.019850850393204406,0.019850850393204406,0.20110273361206055,0.04058027267456055,60,25,-0.01985,-0.01985,1,1
7500,98,57,19,3.575467211016392e-14,0.0,0.0,0.20336627960205078,0.03941059112548828,0.0,0.0,1,1,0.03671979785653949,0.03671979785653949,0.18765616416931152,0.04245114326477051,60,27,-0.03672,-0.03672,1,1
7500,99,56,52,-9.491918917557568e-12,0.0,0.0,0.17205047607421875,0.11350035667419434,-0.0,-0.0,1,1,0.08647403494569773,0.08647403494569773,0.180189847946167,0.10129022598266602,60,39,0.08647,0.08647,1,1
10000,0,32,13,1.1793609657759327e-13,0.0,0.0,0.19665837287902832,0.04474759101867676,0.0,0.0,1,1,0.013537327200127203,0.013537327200127203,0.2625899314880371,0.03649473190307617,60,25,-0.01354,-0.01354,1,1
10000,1,14,58,141.9999999999994,84.7142857142854,84.7142857142854,0.19684791564941406,0.1890878677368164,142.0|311.42857,142.0|311.42857,2,2,87.073349865607,87.073349865607,0.20160531997680664,0.18118572235107422,60,44,146.64903|311.49767,146.64903|311.49767,2,2
10000,2,44,8,-3.701483804486369e-14,0.0,0.0,0.20275163650512695,0.0638420581817627,-0.0,-0.0,1,1,0.04080999994608028,0.04080999994608028,0.20303845405578613,0.06047534942626953,60,30,0.04081,0.04081,1,1
10000,3,51,30,-5.532045104227621e-13,0.0,0.0,0.19437527656555176,0.05001974105834961,-0.0,-0.0,1,1,0.014641064630498085,0.014641064630498085,0.20160269737243652,0.05501246452331543,60,29,0.01464,0.01464,1,1
10000,4,36,43,-3.609282459413245e-13,0.0,0.0,0.1965010166168213,0.08139872550964355,-0.0,-0.0,1,1,0.12002597174661106,0.12002597174661106,0.19847440719604492,0.07762312889099121,60,33,-0.12003,-0.12003,1,1
10000,5,54,44,8.31131988629088e-12,11.714285714281656,11.714285714281656,0.20611786842346191,0.059732913970947266,0.0|23.42857,0.0|23.42857,2,2,11.781781311297056,11.781781311297056,0.18970227241516113,0.05918312072753906,60,30,-0.13208|23.43148,-0.13208|23.43148,2,2
10000,6,44,35,-1.5908976468599938e-12,0.0,0.0,0.21567225456237793,0.06297707557678223,-0.0,-0.0,1,1,0.09472645527380119,0.09472645527380119,0.20307064056396484,0.06858682632446289,60,31,0.09473,0.09473,1,1
10000,7,25,45,7.000000000001095,0.0,0.0,0.2725868225097656,0.09684348106384277,7.0,7.0,1,1,3.721887093747047,3.721887093747047,0.19117212295532227,0.09740734100341797,60,35,10.72189,10.72189,1,1
10000,8,19,23,8.944775574284836e-16,0.0,0.0,0.16689658164978027,0.015070915222167969,0.0,0.0,1,1,0.008531264724829152,0.008531264724829152,0.1811213493347168,0.014558076858520508,60,17,-0.00853,-0.00853,1,1
10000,9,47,27,1.0333321500054104e-12,0.0,0.0,0.17931842803955078,0.06984901428222656,0.0,0.0,1,1,0.04011498453929235,0.04011498453929235,0.16839981079101562,0.0714406967163086,60,33,-0.04011,-0.04011,1,1
10000,10,52,2,1.6553197451851516e-13,0.0,0.0,0.17049312591552734,0.08251547813415527,0.0,0.0,1,1,0.01430351333742572,0.01430351333742572,0.1758742332458496,0.08320355415344238,60,35,-0.0143,-0.0143,1,1
10000,11,34,2,-2.7345623626393254e-14,0.0,0.0,0.17040085792541504,0.05171561241149902,-0.0,-0.0,1,1,0.012351054749951663,0.012351054749951663,0.17336821556091309,0.047766923904418945,60,29,-0.01235,-0.01235,1,1
10000,12,29,18,-1.3650489781637138e-14,0.0,0.0,0.16859722137451172,0.017935991287231445,-0.0,-0.0,1,1,0.0025712502758123996,0.0025712502758123996,0.17493653297424316,0.02300262451171875,60,18,-0.00257,-0.00257,1,1
10000,13,12,41,20.999999999999837,0.0,0.0,0.1773695945739746,0.07114076614379883,21.0,21.0,1,1,0.12957815081369617,0.12957815081369617,0.17354106903076172,0.06853437423706055,60,32,20.87042,20.87042,1,1
10000,14,57,18,-8.03990350501455e-14,0.0,0.0,0.2371385097503662,0.03882908821105957,-0.0,-0.0,1,1,0.02141422274272608,0.02141422274272608,0.16809654235839844,0.04425048828125,60,27,-0.02141,-0.02141,1,1
10000,15,32,43,0.9999999999973879,0.0,0.0,0.166534423828125,0.06637072563171387,1.0,1.0,1,1,0.004725091209736965,0.004725091209736965,0.1789844036102295,0.06286978721618652,60,32,1.00473,1.00473,1,1
10000,16,49,53,-7.430319893664661e-13,0.0,0.0,0.1742250919342041,0.08060812950134277,-0.0,-0.0,1,1,0.0028652733610680416,0.0028652733610680416,0.16809844970703125,0.08312010765075684,60,36,-0.00287,-0.00287,1,1
10000,17,49,52,6.765177627948772e-12,0.0,0.0,0.17127156257629395,0.10177493095397949,0.0,0.0,1,1,0.2070091766644845,0.2070091766644845,0.17476654052734375,0.09639310836791992,60,39,0.20701,0.20701,1,1
10000,18,31,7,1.5245273220126404e-15,0.0,0.0,0.1792140007019043,0.03661918640136719,0.0,0.0,1,1,0.002302652162249488,0.002302652162249488,0.17795157432556152,0.030615806579589844,60,24,-0.0023,-0.0023,1,1
10000,19,26,21,1.972152263052596e-30,0.0,0.0,0.17758607864379883,0.025699615478515625,0.0,0.0,1,1,0.007264044388164637,0.007264044388164637,0.1731574535369873,0.025472402572631836,60,20,-0.00726,-0.00726,1,1
10000,20,5,48,139.99999999989964,50.00000000004532,50.00000000004532,0.17030549049377441,0.10215568542480469,40.0|140.0,40.0|140.0,2,2,48.75749830677003,48.75749830677003,0.1727733612060547,0.09576964378356934,60,37,42.72589|140.24089,42.72589|140.24089,2,2
10000,21,8,56,21.00000000000694,18.74999999999828,18.74999999999828,0.171156644821167,0.07506918907165527,1.0|21.0|56.0,1.0|21.0|56.0,3,3,18.07660781104684,18.07660781104684,0.1687166690826416,0.07435083389282227,60,34,2.01586|3.20326|21.51192|56.01363,2.01586|3.20326|21.51192|56.01363,4,4
10000,22,14,13,-3.1713883334078767e-15,6.208481921913161e-15,1.2416963843826322e-14,0.1783895492553711,0.0047473907470703125,0.0,0.0,1,1,0.00441680673480427,0.0017396829972292352,0.1697707176208496,0.009668588638305664,60,5,0.00174|0.00709,0.00174,2,1
10000,23,12,41,20.999999999999837,0.0,0.0,0.17419028282165527,0.06799912452697754,21.0,21.0,1,1,0.5765572734849549,0.5765572734849549,0.1723465919494629,0.06578373908996582,60,32,21.57656,21.57656,1,1
10000,24,6,24,6.64708885666194e-14,4.013603406392767e-14,5.5123484069096447e-14,0.17067670822143555,0.005900859832763672,0.0,0.0,1,1,0.006073424811145752,0.0006521297160438777,0.1803274154663086,0.00778961181640625,60,6,-0.01092|-0.00773|-0.00711|-0.00395|-0.00065,-0.00065,5,1
10000,25,47,39,-3.3206366007602425e-13,0.0,0.0,0.17318391799926758,0.07465553283691406,-0.0,-0.0,1,1,0.017996561686616723,0.017996561686616723,0.17270874977111816,0.07287764549255371,60,34,0.018,0.018,1,1
10000,26,20,56,-9.596437510571516e-13,0.0,0.0,0.17275261878967285,0.07939767837524414,-0.0,-0.0,1,1,0.15042495331958106,0.15042495331958106,0.17479991912841797,0.08177447319030762,60,35,-0.15042,-0.15042,1,1
10000,27,45,47,-8.005866556979015e-12,0.0,0.0,0.17232179641723633,0.11690902709960938,-0.0,-0.0,1,1,0.04179368822557028,0.04179368822557028,0.170759916305542,0.11739373207092285,60,40,0.04179,0.04179,1,1
10000,28,52,42,9.635790372065358e-12,0.0,0.0,0.16840696334838867,0.09016728401184082,0.0,0.0,1,1,0.0715236618005342,0.0715236618005342,0.16966962814331055,0.08974361419677734,60,37,-0.07152,-0.07152,1,1
10000,29,49,19,2.309370349139558e-13,0.0,0.0,0.1727907657623291,0.04697370529174805,0.0,0.0,1,1,0.005191256147504286,0.005191256147504286,0.17225003242492676,0.04237723350524902,60,28,-0.00519,-0.00519,1,1
10000,30,35,8,2.7471661397673393e-14,0.0,0.0,0.1706991195678711,0.04309678077697754,0.0,0.0,1,1,0.002018229610441396,0.002018229610441396,0.17435765266418457,0.037543296813964844,60,27,-0.00202,-0.00202,1,1
10000,31,8,46,11.000000000002254,9.374999999999456,9.374999999999456,0.17803573608398438,0.044176340103149414,0.0|11.0|26.5,0.0|11.0|26.5,3,3,9.70072893025905,9.70072893025905,0.17635726928710938,0.04921746253967285,60,28,-0.80097|-0.32391|11.08018|26.59786,-0.80097|-0.32391|11.08018|26.59786,4,4
10000,32,41,22,2.34949471259241e-12,0.0,0.0,0.1698167324066162,0.06707215309143066,0.0,0.0,1,1,0.003969570632818734,0.003969570632818734,0.17410564422607422,0.06537055969238281,60,32,-0.00397,-0.00397,1,1
10000,33,2,50,2.0000000000010085,0.0,0.0,0.17110848426818848,0.022524595260620117,2.0,2.0,1,1,0.030140797311423828,0.030140797311423828,0.17688584327697754,0.017107725143432617,60,18,1.96986,1.96986,1,1
10000,34,13,47,24.99999999999992,0.0,0.0,0.17097187042236328,0.06673502922058105,25.0,25.0,1,1,0.8047847492174398,0.8047847492174398,0.17931866645812988,0.06207442283630371,60,32,24.19522,24.19522,1,1
10000,35,43,3,8.710310053525891e-14,0.0,0.0,0.16341257095336914,0.06674909591674805,0.0,0.0,1,1,0.025979781384953746,0.025979781384953746,0.1681220531463623,0.06443309783935547,60,32,0.02598,0.02598,1,1
10000,36,18,45,20.999999999999996,0.0,0.0,0.1703650951385498,0.08558058738708496,21.0,21.0,1,1,0.826477690541946,0.826477690541946,0.17320632934570312,0.08491277694702148,60,35,20.17352,20.17352,1,1
10000,37,20,9,-1.4317289319215627e-14,0.0,0.0,0.1688399314880371,0.017263174057006836,-0.0,-0.0,1,1,0.003502926467780392,0.003502926467780392,0.1744093894958496,0.017253875732421875,60,18,-0.0035,-0.0035,1,1
10000,38,56,27,6.259503193503389e-14,0.0,0.0,0.17986607551574707,0.08024406433105469,0.0,0.0,1,1,0.026901449030560916,0.026901449030560916,0.17229294776916504,0.07887887954711914,60,35,0.0269,0.0269,1,1
10000,39,33,16,1.4443329930082989e-13,0.0,0.0,0.1767730712890625,0.0375981330871582,0.0,0.0,1,1,0.02188430750120091,0.02188430750120091,0.1737208366394043,0.04216814041137695,60,26,0.02188,0.02188,1,1
10000,40,4,26,8.99999999999927,2.6000000000002634,2.3333333333334716,0.17106127738952637,0.02411198616027832,5.0|6.0|7.0|9.0,5.0|6.0|9.0,4,3,2.558266932675649,2.310809063998894,0.18065261840820312,0.023396968841552734,60,19,5.06252|5.06255|6.04209|7.07854|9.03703,5.06252|6.04209|9.03703,5,3
10000,41,20,4,-1.2698749306456311e-15,0.0,0.0,0.17145657539367676,0.017569541931152344,-0.0,-0.0,1,1,0.008613982528197096,0.008613982528197096,0.17377161979675293,0.0879049301147461,60,18,-0.00861,-0.00861,1,1
10000,42,49,39,4.414205227321248e-13,0.0,0.0,0.16923785209655762,0.05814695358276367,0.0,0.0,1,1,0.03297361800771682,0.03297361800771682,0.17354416847229004,0.05253720283508301,60,31,-0.03297,-0.03297,1,1
10000,43,31,19,1.3774384306994906e-13,0.0,0.0,0.17340946197509766,0.03125166893005371,0.0,0.0,1,1,0.06584322363557384,0.06584322363557384,0.1720430850982666,0.030584096908569336,60,24,0.06584,0.06584,1,1
10000,44,49,50,-1.0384842266288581e-13,0.0,0.0,0.1666879653930664,0.05041933059692383,-0.0,-0.0,1,1,0.08919046746286252,0.08919046746286252,0.17424893379211426,0.045626163482666016,60,29,-0.08919,-0.08919,1,1
10000,45,16,41,16.999999999999996,0.0,0.0,0.17328310012817383,0.06753134727478027,17.0,17.0,1,1,1.0903904941590277,1.0903904941590277,0.17324042320251465,0.06525635719299316,60,32,15.90961,15.90961,1,1
10000,46,57,10,-1.0412211811510594e-13,0.0,0.0,0.17405986785888672,0.03937339782714844,-0.0,-0.0,1,1,0.04837402865129378,0.04837402865129378,0.17601704597473145,0.04277658462524414,60,27,0.04837,0.04837,1,1
10000,47,35,31,2.926908367540158e-13,0.0,0.0,0.1716148853302002,0.04223990440368652,0.0,0.0,1,1,0.009358038490613093,0.009358038490613093,0.18456244468688965,0.04351019859313965,60,27,-0.00936,-0.00936,1,1
10000,48,33,57,1.9677856491537504e-13,0.0,0.0,0.17226886749267578,0.05057120323181152,0.0,0.0,1,1,0.01596268636994047,0.01596268636994047,0.1701054573059082,0.1135261058807373,60,29,0.01596,0.01596,1,1
10000,49,3,31,10.999999999998792,6.000000000000965,6.000000000000965,0.16979122161865234,0.031043529510498047,2.0|11.0|17.0,2.0|11.0|17.0,3,3,6.003214630868722,6.003214630868722,0.1776266098022461,0.030476808547973633,60,24,1.91715|1.9858|10.97812|16.89393,1.91715|1.9858|10.97812|16.89393,4,4
10000,50,49,27,3.8168144846968005e-14,0.0,0.0,0.1693112850189209,0.05087900161743164,0.0,0.0,1,1,0.025591680994282176,0.025591680994282176,0.17800045013427734,0.04600667953491211,60,29,0.02559,0.02559,1,1
10000,51,16,40,5.999999999999919,0.0,0.0,0.17519378662109375,0.04935193061828613,6.0,6.0,1,1,0.1994887872117843,0.1994887872117843,0.17818856239318848,0.043776750564575195,60,28,6.19949,6.19949,1,1
10000,52,31,6,3.865647008021319e-15,0.0,0.0,0.17660784721374512,0.035776376724243164,0.0,0.0,1,1,0.05243030499699662,0.05243030499699662,0.17637085914611816,0.03038787841796875,60,24,0.05243,0.05243,1,1
10000,53,58,52,7.515548779218511e-11,0.0,0.0,0.17021489143371582,0.17776083946228027,0.0,0.0,1,1,0.036994243310979065,0.036994243310979065,0.17810606956481934,0.17162156105041504,60,47,-0.03699,-0.03699,1,1
10000,54,20,42,-5.559850100972409e-13,0.0,0.0,0.17037630081176758,0.05025339126586914,-0.0,-0.0,1,1,0.17235682444951594,0.17235682444951594,0.17955780029296875,0.04456686973571777,60,28,-0.17236,-0.17236,1,1
10000,55,6,28,3.0000000000003895,0.36666666666659503,0.36666666666659503,0.16917705535888672,0.022115230560302734,2.83333|3.0|3.33333|3.5|3.83333,2.83333|3.0|3.33333|3.5|3.83333,5,5,0.37013403545611456,0.37013403545611456,0.24131345748901367,0.015609264373779297,60,17,2.81207|2.96537|3.32426|3.47831|3.82554,2.81207|2.96537|3.32426|3.47831|3.82554,5,5
10000,56,52,6,-5.739639134940249e-13,0.0,0.0,0.1667027473449707,0.08034086227416992,-0.0,-0.0,1,1,0.0025952650105873732,0.0025952650105873732,0.1694777011871338,0.07958650588989258,60,35,0.0026,0.0026,1,1
10000,57,9,58,69.00000000006322,0.0,0.0,0.17100310325622559,0.15798354148864746,69.0,69.0,1,1,18.66083364309413,18.66083364309413,0.17193365097045898,0.16329717636108398,60,44,50.33917,50.33917,1,1
10000,58,60,15,-2.1814683961708898e-11,0.0,0.0,0.16561031341552734,0.17530441284179688,-0.0,-0.0,1,1,0.041545764421247425,0.041545764421247425,0.17129206657409668,0.17173361778259277,60,48,-0.04155,-0.04155,1,1
10000,59,50,48,1.2288003262379646e-12,0.0,0.0,0.16927146911621094,0.10404491424560547,0.0,0.0,1,1,0.43088439915583904,0.43088439915583904,0.1723780632019043,0.10353684425354004,60,38,-0.43088,-0.43088,1,1
10000,60,46,18,1.404064619423859e-13,0.0,0.0,0.17176032066345215,0.042023420333862305,0.0,0.0,1,1,0.014724525862230435,0.014724525862230435,0.17449498176574707,0.046561479568481445,60,27,-0.01472,-0.01472,1,1
10000,61,42,12,-1.5055885153755956e-13,0.0,0.0,0.17576050758361816,0.04242897033691406,-0.0,-0.0,1,1,0.030930510158846673,0.030930510158846673,0.18200373649597168,0.045964717864990234,60,27,-0.03093,-0.03093,1,1
10000,62,29,20,-3.1380436279625605e-14,0.0,0.0,0.18953394889831543,0.024925947189331055,-0.0,-0.0,1,1,0.0193402402488665,0.0193402402488665,0.19776487350463867,0.025004863739013672,60,20,0.01934,0.01934,1,1
10000,63,35,12,8.536556933663491e-14,0.0,0.0,0.20016241073608398,0.03979921340942383,0.0,0.0,1,1,0.011698910809685074,0.011698910809685074,0.2024388313293457,0.04426431655883789,60,26,-0.0117,-0.0117,1,1
10000,64,25,19,-5.38914055624818e-15,0.0,0.0,0.1944267749786377,0.022367477416992188,-0.0,-0.0,1,1,0.06671937722692674,0.06671937722692674,0.2010486125946045,0.02442312240600586,60,20,0.06672,0.06672,1,1
10000,65,7,9,7.048805983345119e-13,0.24999999999964723,0.24999999999964723,0.19045448303222656,0.00732731819152832,0.0|0.5,0.0|0.5,2,2,0.2589319091899651,0.2589319091899651,0.21262788772583008,0.006274223327636719,60,5,-0.02018|0.49768,-0.02018|0.49768,2,2
10000,66,7,54,1.61171445805443e-13,7.639463098476154e-14,1.5278926196952308e-13,0.2096552848815918,0.004048347473144531,0.0,0.0,1,1,0.013566622736428372,0.009355042922964532,0.19917893409729004,0.003846883773803711,60,2,0.00936|0.01778,0.00936,2,1
10000,67,60,20,-9.897743194049493e-12,0.0,0.0,0.19970345497131348,0.20686554908752441,-0.0,-0.0,1,1,0.04846791017986787,0.04846791017986787,0.20601177215576172,0.2140178680419922,60,48,-0.04847,-0.04847,1,1
10000,68,10,39,1.000000000000007,1.4999999999995268,1.2499999999998823,0.19964218139648438,0.022658348083496094,1.0|1.5|3.0|3.5,1.0|1.5|3.0|3.5,4,4,1.5164411234996138,1.266133938721294,0.20730113983154297,0.022731781005859375,60,20,0.86981|1.42318|3.01067|3.50049|3.51767,0.86981|1.42318|3.01067|3.50049,5,4
10000,69,38,25,-1.158157954967787e-13,0.0,0.0,0.19521713256835938,0.03751325607299805,-0.0,-0.0,1,1,0.015316475998387986,0.015316475998387986,0.20316815376281738,0.03979349136352539,60,25,-0.01532,-0.01532,1,1
10000,70,54,29,1.0785023667787079e-12,1.571428571428051,1.571428571428051,0.20856523513793945,0.021616220474243164,0.0|3.14286,0.0|3.14286,2,2,1.5906864230279176,1.5906864230279176,0.20310568809509277,0.019306421279907227,60,19,-0.03945|3.14192,-0.03945|3.14192,2,2
10000,71,7,20,2.0000000000033076,0.24999999999834754,0.24999999999834754,0.1932077407836914,0.019562959671020508,2.0|2.5,2.0|2.5,2,2,0.25399362692102767,0.25399362692102767,0.2055211067199707,0.01929926872253418,60,18,2.00401|2.50398,2.00401|2.50398,2,2
10000,72,12,57,8.99999999999996,0.0,0.0,0.20165371894836426,0.05070233345031738,9.0,9.0,1,1,0.2168034065804143,0.2168034065804143,0.21410536766052246,0.043752431869506836,60,27,9.2168,9.2168,1,1
10000,73,45,8,8.309112442906543e-13,0.0,0.0,0.20264267921447754,0.09796738624572754,0.0,0.0,1,1,0.03628838420795052,0.03628838420795052,0.2010207176208496,0.10220527648925781,60,35,-0.03629,-0.03629,1,1
10000,74,32,45,2.0000000000034825,0.0,0.0,0.21267938613891602,0.1087186336517334,2.0,2.0,1,1,0.009432326290092163,0.009432326290092163,0.19525837898254395,0.10284161567687988,60,35,2.00943,2.00943,1,1
10000,75,20,45,-6.0789573558583e-13,0.0,0.0,0.19984889030456543,0.10174775123596191,-0.0,-0.0,1,1,0.05415672738728868,0.05415672738728868,0.21258115768432617,0.10831379890441895,60,36,-0.05416,-0.05416,1,1
10000,76,50,40,1.1593835174028006e-13,0.0,0.0,0.18938636779785156,0.055350542068481445,0.0,0.0,1,1,0.20125145695271995,0.20125145695271995,0.19314789772033691,0.05919528007507324,60,29,0.20125,0.20125,1,1
10000,77,60,47,-5.569999678853514e-11,0.0,0.0,0.20318007469177246,0.2087397575378418,-0.0,-0.0,1,1,0.07640176713532938,0.07640176713532938,0.20670366287231445,0.21072721481323242,60,51,-0.0764,-0.0764,1,1
10000,78,53,26,5.281953881646741e-13,0.0,0.0,0.20384645462036133,0.07470512390136719,0.0,0.0,1,1,0.02471937312084957,0.02471937312084957,0.201646089553833,0.07261419296264648,60,33,-0.02472,-0.02472,1,1
10000,79,5,43,61.99999999995727,22.500000000019213,22.500000000019213,0.2022252082824707,0.0804753303527832,17.0|62.0,17.0|62.0,2,2,22.28619719497442,22.28619719497442,0.1987473964691162,0.07608342170715332,60,32,17.56794|61.85967,17.56794|61.85967,2,2
10000,80,37,19,9.661015256068617e-14,0.0,0.0,0.19681382179260254,0.04137063026428223,0.0,0.0,1,1,0.06973232982302442,0.06973232982302442,0.20571136474609375,0.04797720909118652,60,26,0.06973,0.06973,1,1
10000,81,52,42,9.635790372065358e-12,0.0,0.0,0.20922493934631348,0.10488104820251465,0.0,0.0,1,1,0.07832182391262518,0.07832182391262518,0.20774435997009277,0.11097836494445801,60,37,0.07832,0.07832,1,1
10000,82,46,28,1.9386387287853874e-13,0.0,0.0,0.19618916511535645,0.05920600891113281,0.0,0.0,1,1,0.01584665648688471,0.01584665648688471,0.2696528434753418,0.04553508758544922,60,27,0.01585,0.01585,1,1
10000,83,40,47,3.383372722923635e-12,0.0,0.0,0.18926310539245605,0.09529495239257812,0.0,0.0,1,1,0.23654859497481542,0.23654859497481542,0.20102572441101074,0.09730696678161621,60,35,-0.23655,-0.23655,1,1
10000,84,1,25,3.999999999999889,2.499999999999822,1.9999999999999232,0.20101523399353027,0.02153635025024414,0.0|2.0|4.0,0.0|4.0,3,2,2.4899947556477855,2.0128145222135436,0.21346020698547363,0.019665956497192383,60,16,0.00959|0.00963|2.05602|4.03522,0.00959|4.03522,4,2
10000,85,52,57,7.455393787311206e-12,0.0,0.0,0.20528626441955566,0.11277365684509277,0.0,0.0,1,1,0.011263098572051464,0.011263098572051464,0.20025396347045898,0.10473394393920898,60,38,-0.01126,-0.01126,1,1
10000,86,23,57,-1.0931426704001542e-15,0.0,0.0,0.19529938697814941,0.050730228424072266,-0.0,-0.0,1,1,0.3369739918254389,0.3369739918254389,0.19847941398620605,0.04665017127990723,60,28,-0.33697,-0.33697,1,1
10000,87,38,51,-6.195327685649972e-13,0.0,0.0,0.19258713722229004,0.060768842697143555,-0.0,-0.0,1,1,0.005876815616557714,0.005876815616557714,0.2063148021697998,0.055480241775512695,60,30,-0.00588,-0.00588,1,1
10000,88,38,33,-1.7622423548239587e-13,0.0,0.0,0.19811296463012695,0.06770634651184082,-0.0,-0.0,1,1,0.07098980238204476,0.07098980238204476,0.19626879692077637,0.056090593338012695,60,30,0.07099,0.07099,1,1
10000,89,58,3,-1.3055411798182879e-12,0.0,0.0,0.2748391628265381,0.19492125511169434,-0.0,-0.0,1,1,0.0054628012993130125,0.0054628012993130125,0.191878080368042,0.18412375450134277,60,44,-0.00546,-0.00546,1,1
10000,90,26,16,-1.1396710133881184e-14,0.0,0.0,0.20787835121154785,0.027026891708374023,-0.0,-0.0,1,1,0.005893997589788739,0.005893997589788739,0.19713163375854492,0.028780698776245117,60,19,-0.00589,-0.00589,1,1
10000,91,48,33,-4.5633591592445e-12,0.0,0.0,0.20062494277954102,0.11616301536560059,-0.0,-0.0,1,1,0.0033596278996780686,0.0033596278996780686,0.19859051704406738,0.11673116683959961,60,37,0.00336,0.00336,1,1
10000,92,27,22,-2.6616701674238998e-14,0.0,0.0,0.21195530891418457,0.03795456886291504,-0.0,-0.0,1,1,0.08692366849435895,0.08692366849435895,0.20832085609436035,0.03690481185913086,60,21,0.08692,0.08692,1,1
10000,93,36,38,-4.248201549619592e-13,0.0,0.0,0.20128655433654785,0.06116175651550293,-0.0,-0.0,1,1,0.06171359660815335,0.06171359660815335,0.20793843269348145,0.053371429443359375,60,29,-0.06171,-0.06171,1,1
10000,94,49,56,2.3971938741444525e-12,0.0,0.0,0.2057178020477295,0.09487485885620117,0.0,0.0,1,1,0.05860023892552107,0.05860023892552107,0.20378613471984863,0.1009066104888916,60,35,0.0586,0.0586,1,1
10000,95,31,47,2.0000000000006737,0.0,0.0,0.20055270195007324,0.07669472694396973,2.0,2.0,1,1,0.08428698116023936,0.08428698116023936,0.20672607421875,0.07375526428222656,60,32,2.08429,2.08429,1,1
10000,96,23,52,1.999999999999987,0.0,0.0,0.20151686668395996,0.08783555030822754,2.0,2.0,1,1,1.347543196838669,1.347543196838669,0.2001936435699463,0.08952903747558594,60,35,3.34754,3.34754,1,1
10000,97,52,6,-5.739639134940249e-13,0.0,0.0,0.20645809173583984,0.09135675430297852,-0.0,-0.0,1,1,0.012054266364928982,0.012054266364928982,0.20004773139953613,0.08962583541870117,60,35,-0.01205,-0.01205,1,1
10000,98,58,5,-3.073627956292825e-13,0.0,0.0,0.20990991592407227,0.18935489654541016,-0.0,-0.0,1,1,0.0067838268998240015,0.0067838268998240015,0.2046983242034912,0.18732380867004395,60,44,0.00678,0.00678,1,1
10000,99,3,55,210.99999999997743,112.50000000001843,112.50000000001843,0.19690585136413574,0.14863920211791992,42.0|211.0|323.0,42.0|211.0|323.0,3,3,112.04119231934268,112.04119231934268,0.20767855644226074,0.14047646522521973,60,39,43.34625|43.72364|211.70406|323.5306,43.34625|43.72364|211.70406|323.5306,4,4
