Sample_Size,Exp_ID,T,Y,True_Effect,MAE_Full,MAE_Local,Time_Full,Time_Local,Eff_Full,Eff_Local,Set_Size_Full,Set_Size_Local,MAE_Full_n,MAE_Local_n,Time_Full_n,Time_Local_n,Vars_Full,Vars_Local,Eff_Full_n,Eff_Local_n,Set_Size_Full_n,Set_Size_Local_n
500,0,FllCrrptdBffr,Problem1,0.0,0.16666666666666666,0.16666666666666666,0.13922452926635742,0.00737452507019043,0.0|0.33333,0.0|0.33333,2,2,0.17636865992482798,0.17636865992482798,0.10939621925354004,0.005854606628417969,76,3,-0.02032|0.33242,-0.02032|0.33242,2,2
500,1,NnPSGrphc,LclOK,0.0,0.0,0.0,0.11251330375671387,0.0038976669311523438,0.0,0.0,1,1,0.016481444423181807,0.016805502110032813,0.11172246932983398,0.0030281543731689453,76,2,-0.01681|-0.01616,-0.01681,2,1
500,2,PrtPort,FntInstlltn,0.0,0.0,0.0,0.09271717071533203,0.08669209480285645,0.0,0.0,1,1,0.005806561624589072,0.005806561624589072,0.10568046569824219,0.009193181991577148,76,8,-0.00581,-0.00581,1,1
500,3,PrtStatToner,PrtPaper,0.0,0.0,0.0,0.0973973274230957,0.005000591278076172,0.0,0.0,1,1,0.0018801430245385603,0.0018801430245385603,0.09571170806884766,0.0046138763427734375,76,4,0.00188,0.00188,1,1
500,4,Problem6,GrphcsRltdDrvrSttngs,0.0,0.0,0.0,0.09474945068359375,0.007338285446166992,0.0,0.0,1,1,0.04370619657186064,0.00717355107931377,0.09441494941711426,0.007786989212036133,76,5,0.00717|0.0551|0.05582|0.05674,0.00717,4,1
500,5,DSApplctn,NnTTOK,0.0,0.0,0.0,0.09229660034179688,0.0040171146392822266,0.0,0.0,1,1,0.007372426138547222,0.003974953106126202,0.09068012237548828,0.0032579898834228516,76,2,0.00397|0.01077,0.00397,2,1
500,6,NtSpd,PrtData,0.0,0.0,0.0,0.09644770622253418,0.004076719284057617,0.0,0.0,1,1,0.016472613351583294,0.004130193228120296,0.09344220161437988,0.0037903785705566406,76,2,-0.02527|0.00413|0.00828|0.02132|0.02336,0.00413,5,1
500,7,TTOK,NetPrint,0.0,0.0,0.0,0.10189604759216309,0.005354881286621094,0.0,0.0,1,1,0.02248377260813544,0.009818928563440814,0.09085249900817871,0.00439143180847168,76,5,0.00982|0.02018|0.03745,0.00982,3,1
500,8,PrtStatOff,GrbldPS,0.0,0.0,0.0,0.09337759017944336,0.0038042068481445312,0.0,0.0,1,1,0.05127002685493131,0.05127002685493131,0.08880376815795898,0.005913257598876953,76,2,-0.05127,-0.05127,1,1
500,9,NtwrkCnfg,AppData,-4.645856349200655e-15,0.0,0.0,0.09174680709838867,0.019896745681762695,-0.0,-0.0,1,1,0.151803213105325,0.151803213105325,0.08927440643310547,0.02122211456298828,76,17,-0.1518,-0.1518,1,1
500,10,PrtMpTPth,TrTypFnts,0.0,0.0,0.0,0.11780095100402832,0.004738807678222656,0.0,0.0,1,1,0.017366340373871737,0.0036124575683945098,0.09843802452087402,0.004151344299316406,76,2,0.00361|0.03112,0.00361,2,1
500,11,Problem6,PrtStatToner,0.0,0.0,0.0,0.09311199188232422,0.0073566436767578125,0.0,0.0,1,1,0.10842327017562536,0.04759780446649285,0.10092544555664062,0.00507044792175293,76,2,-0.15435|-0.15237|-0.07937|-0.0476,-0.0476,4,1
500,12,PrntrAccptsTrtyp,PrtOn,0.0,0.0,0.0,0.10261869430541992,0.007699012756347656,0.0,0.0,1,1,0.021432999969917214,0.002582689697969448,0.1135556697845459,0.005742549896240234,76,4,-0.00258|0.04028,-0.00258,2,1
500,13,PrtPort,PrtSpool,-2.3684757858670006e-16,0.0,0.0,0.1263432502746582,0.010809183120727539,-0.0,-0.0,1,1,0.08112697301051125,0.08112697301051125,0.11642837524414062,0.009969711303710938,76,13,-0.08113,-0.08113,1,1
500,14,CmpltPgPrntd,Problem5,0.0,0.0,0.0,0.09520649909973145,0.004879951477050781,0.0,0.0,1,1,0.01956929340159826,0.003341873509507885,0.09485435485839844,0.005083322525024414,76,2,-0.02963|-0.00388|-0.00334|0.01667|0.03029|0.03361,-0.00334,6,1
500,15,PrtIcon,DS_LCLOK,0.0,0.0,0.0,0.12645554542541504,0.004741191864013672,0.0,0.0,1,1,0.00413857686841501,0.00413857686841501,0.12572407722473145,0.006820201873779297,76,2,0.00414,0.00414,1,1
500,16,PrtPath,PTROFFLINE,0.0,0.0,0.0,0.09978294372558594,0.00983119010925293,0.0,0.0,1,1,0.03595557905987949,0.03595557905987949,0.09717202186584473,0.008173942565917969,76,6,-0.03596,-0.03596,1,1
500,17,DskLocal,PrtStatPaper,0.0,0.0,0.0,0.08750224113464355,0.006817817687988281,0.0,0.0,1,1,0.030122231575885703,0.030122231575885703,0.09317874908447266,0.0058896541595458984,76,8,-0.03012,-0.03012,1,1
500,18,AvlblVrtlMmry,PrtQueue,0.0,0.0,0.0,0.12627530097961426,0.02718830108642578,0.0,0.0,1,1,0.0167933000275262,0.0167933000275262,0.11758971214294434,0.007128000259399414,76,6,0.01679,0.01679,1,1
500,19,PrtOn,DSApplctn,0.0,0.0,0.0,0.11444640159606934,0.00825357437133789,0.0,0.0,1,1,0.04682819679622378,0.04682819679622378,0.09756278991699219,0.007415294647216797,76,5,0.04683,0.04683,1,1
500,20,PrtStatMem,TrTypFnts,0.0,0.0,0.0,0.09354043006896973,0.004039764404296875,0.0,0.0,1,1,0.025953841358862414,0.025953841358862414,0.09275054931640625,0.0029964447021484375,76,2,0.02595,0.02595,1,1
500,21,DSApplctn,DrvSet,0.0,0.375,0.375,0.09495043754577637,0.007333993911743164,0.0|0.75,0.0|0.75,2,2,0.4175815091030789,0.4175815091030789,0.09385395050048828,0.0060787200927734375,76,6,0.06998|0.76519,0.06998|0.76519,2,2
500,22,NetOK,PrtThread,0.0,0.375,0.375,0.09211516380310059,0.008533239364624023,0.0|0.75,0.0|0.75,2,2,0.3708437160337798,0.3708437160337798,0.09897828102111816,0.009672164916992188,76,8,0.00059|0.74109,0.00059|0.74109,2,2
500,23,NtwrkCnfg,PrtStatOff,0.0,0.0,0.0,0.10069942474365234,0.009580850601196289,0.0,0.0,1,1,0.0667896027037127,0.0667896027037127,0.09613227844238281,0.013902664184570312,76,9,-0.06679,-0.06679,1,1
500,24,PrtCbl,PrtStatOff,0.0,0.0,0.0,0.08506655693054199,0.0074727535247802734,0.0,0.0,1,1,0.04003287747535431,0.04003287747535431,0.09575390815734863,0.006445169448852539,76,5,0.04003,0.04003,1,1
500,25,TrTypFnts,EPSGrphc,0.0,0.0,0.0,0.09877467155456543,0.011391401290893555,0.0,0.0,1,1,0.0025098801005924644,0.0005823809672187675,0.1226959228515625,0.02290964126586914,76,5,0.00058|0.00444,0.00058,2,1
500,26,PrtFile,PrtStatPaper,0.0,0.0,0.0,0.12311530113220215,0.0038139820098876953,0.0,0.0,1,1,0.018991838678860017,0.018991838678860017,0.10684704780578613,0.0030176639556884766,76,2,-0.01899,-0.01899,1,1
500,27,NnTTOK,AvlblVrtlMmry,0.0,0.0,0.0,0.2523360252380371,0.008195161819458008,0.0,0.0,1,1,0.029535602721846164,0.02138751761320533,0.12602639198303223,0.004195690155029297,76,6,-0.05994|-0.02139|-0.00728,-0.02139,3,1
500,28,Problem3,PrtThread,0.0,0.0,0.0,0.09249138832092285,0.010076522827148438,0.0,0.0,1,1,0.04859759593783333,0.02044028332707638,0.123321533203125,0.006386756896972656,76,8,-0.06604|-0.05653|-0.05138|-0.02044,-0.02044,4,1
500,29,PrtStatMem,PTROFFLINE,0.0,0.0,0.0,0.09170222282409668,0.007947921752929688,0.0,0.0,1,1,0.012155264908803308,0.012155264908803308,0.09033346176147461,0.006201028823852539,76,6,-0.01216,-0.01216,1,1
500,30,Problem4,CmpltPgPrntd,0.0,0.0,0.0,0.09857416152954102,0.005184650421142578,0.0,0.0,1,1,0.011337765945801442,0.0010471026314982283,0.13824892044067383,0.0037462711334228516,76,2,-0.03131|-0.00105|0.00166,-0.00105,3,1
500,31,PrtIcon,PSGRAPHIC,0.0,0.0,0.0,0.12938165664672852,0.0045719146728515625,0.0,0.0,1,1,0.00586630073753359,0.00586630073753359,0.12094879150390625,0.0054361820220947266,76,2,-0.00587,-0.00587,1,1
500,32,LclOK,PrtSpool,0.0,0.375,0.375,0.11640501022338867,0.011020660400390625,0.0|0.75,0.0|0.75,2,2,0.37447621808617193,0.37447621808617193,0.09841322898864746,0.009948492050170898,76,11,-0.00478|0.74417,-0.00478|0.74417,2,2
500,33,PrtStatToner,PrtPaper,0.0,0.0,0.0,0.10355758666992188,0.0046350955963134766,0.0,0.0,1,1,0.03674235227534367,0.03674235227534367,0.08159422874450684,0.003681659698486328,76,4,-0.03674,-0.03674,1,1
500,34,LclGrbld,AvlblVrtlMmry,0.0,0.21428571428571427,0.21428571428571427,0.09537816047668457,0.016224384307861328,0.0|0.42857,0.0|0.42857,2,2,0.2494907803958678,0.2494907803958678,0.08528804779052734,0.0071773529052734375,76,7,0.06469|0.43429,0.06469|0.43429,2,2
500,35,NnTTOK,PrtThread,0.0,0.0,0.0,0.09618949890136719,0.00788116455078125,0.0,0.0,1,1,0.04191953301105844,0.013311086206371194,0.13567471504211426,0.008168458938598633,76,8,-0.08036|-0.01331|0.03208,-0.01331,3,1
500,36,GrbldPS,PrtStatPaper,0.0,0.0,0.0,0.12002801895141602,0.004071950912475586,0.0,0.0,1,1,0.09062022472120977,0.025574956985916365,0.12093091011047363,0.003374814987182617,76,2,-0.11888|-0.1174|-0.10063|-0.02557,-0.02557,4,1
500,37,NtGrbld,PrtFile,0.0,0.0,0.0,0.12402153015136719,0.0043599605560302734,0.0,0.0,1,1,0.003025832301575902,0.001705234628241721,0.120880126953125,0.003208160400390625,76,2,-0.00435|0.00171,0.00171,2,1
500,38,AppData,NtSpd,0.0,0.0,0.0,0.09166479110717773,0.023369550704956055,0.0,0.0,1,1,0.0028672723880828815,0.0028672723880828815,0.10412764549255371,0.023903608322143555,76,13,0.00287,0.00287,1,1
500,39,PrtStatToner,LclOK,0.0,0.0,0.0,0.12530517578125,0.0042002201080322266,0.0,0.0,1,1,0.048117755040457476,0.048117755040457476,0.1191110610961914,0.003984689712524414,76,2,-0.04812,-0.04812,1,1
500,40,PrntngArOK,REPEAT,0.0,0.0,0.0,0.1022942066192627,0.00392460823059082,0.0,0.0,1,1,0.003741504848646355,0.0034090248439454227,0.09505009651184082,0.0029723644256591797,76,2,-0.00407|-0.00341,-0.00341,2,1
500,41,PrtPScript,DskLocal,0.0,0.0,0.0,0.09620952606201172,0.013988733291625977,0.0,0.0,1,1,0.17837417649019177,0.17837417649019177,0.08393001556396484,0.027437210083007812,76,16,-0.17837,-0.17837,1,1
500,42,PrntPrcssTm,NnPSGrphc,0.0,0.0,0.0,0.13780832290649414,0.0047054290771484375,0.0,0.0,1,1,0.01516265606843768,0.001011891118574482,0.1251356601715088,0.0031478404998779297,76,2,0.00101|0.02931,0.00101,2,1
500,43,PrtPaper,REPEAT,0.0,0.0,0.0,0.10641717910766602,0.0064280033111572266,0.0,0.0,1,1,0.007493511236457555,0.007493511236457555,0.1065514087677002,0.004687309265136719,76,4,-0.00749,-0.00749,1,1
500,44,PrtTimeOut,PrtMem,0.0,0.3333333333333333,0.3333333333333333,0.11580038070678711,0.021602630615234375,0.0|0.66667,0.0|0.66667,2,2,0.3484829598588644,0.3484829598588644,0.11172604560852051,0.02209949493408203,76,15,-0.0285|0.66847,-0.0285|0.66847,2,2
500,45,Problem4,CblPrtHrdwrOK,0.0,0.0,0.0,0.12485408782958984,0.008558034896850586,0.0,0.0,1,1,0.0290814407444836,0.020792722117936435,0.12917447090148926,0.012015819549560547,76,7,0.00635|0.02079|0.0601,0.02079,3,1
500,46,PrtThread,AppDtGnTm,0.0,0.0,0.0,0.1096031665802002,0.010467290878295898,0.0,0.0,1,1,0.00032826237696882227,0.00032826237696882227,0.13333463668823242,0.0076143741607666016,76,10,-0.00033,-0.00033,1,1
500,47,DS_NTOK,PrtPort,0.0,1.0,0.75,0.13543128967285156,0.03811144828796387,0.0|1.5,0.0|1.5,2,2,1.101188049301428,0.8842352910482154,0.1230924129486084,0.012362241744995117,76,5,-0.24436|1.52411|1.53509,-0.24436|1.52411,3,2
500,48,PrtThread,GrbldOtpt,0.0,0.0,0.0,0.1378488540649414,0.013071298599243164,0.0,0.0,1,1,0.08211411544430101,0.08211411544430101,0.12031126022338867,0.0063934326171875,76,8,0.08211,0.08211,1,1
500,49,PrtQueue,IncmpltPS,0.0,0.0,0.0,0.14046239852905273,0.00738525390625,0.0,0.0,1,1,0.025603055341751252,0.01762771856436897,0.1282951831817627,0.004015922546386719,76,2,0.01763|0.03358,0.01763,2,1
500,50,GrphcsRltdDrvrSttngs,PrtData,0.0,0.0,0.0,0.1350688934326172,0.007901430130004883,0.0,0.0,1,1,0.030390423907750725,0.030390423907750725,0.12574410438537598,0.011073827743530273,76,5,-0.03039,-0.03039,1,1
500,51,PrtThread,AppDtGnTm,0.0,0.0,0.0,0.12357521057128906,0.008792400360107422,0.0,0.0,1,1,0.026123001814635005,0.026123001814635005,0.12277436256408691,0.0068624019622802734,76,10,-0.02612,-0.02612,1,1
500,52,REPEAT,PrtSel,0.0,0.0,0.0,0.08853936195373535,0.006356477737426758,0.0,0.0,1,1,0.014610636997454214,0.014610636997454214,0.09792923927307129,0.005589485168457031,76,5,-0.01461,-0.01461,1,1
500,53,PgOrnttnOK,AppDtGnTm,0.0,0.0,0.0,0.10609054565429688,0.004569292068481445,0.0,0.0,1,1,0.00608185350458359,2.548309517433515e-05,0.09181618690490723,0.006616830825805664,76,4,-0.01214|3e-05,3e-05,2,1
500,54,AvlblVrtlMmry,PrtData,0.0,0.0,0.0,0.0853109359741211,0.005311489105224609,0.0,0.0,1,1,0.02567195391466385,0.02567195391466385,0.09219169616699219,0.004346132278442383,76,6,-0.02567,-0.02567,1,1
500,55,AppDtGnTm,AppData,0.0,0.0,0.0,0.09453892707824707,0.025402069091796875,0.0,0.0,1,1,0.0071929316500798,0.0071929316500798,0.08160543441772461,0.021323204040527344,76,15,0.00719,0.00719,1,1
500,56,PrtCbl,Problem5,0.0,0.0,0.0,0.12714385986328125,0.008901119232177734,0.0,0.0,1,1,0.0666056101958316,0.0666056101958316,0.11783647537231445,0.008422374725341797,76,5,-0.06661,-0.06661,1,1
500,57,NetOK,AvlblVrtlMmry,0.0,0.0,0.0,0.11223554611206055,0.0069620609283447266,0.0,0.0,1,1,0.034959271758196096,0.007070869249412447,0.09605884552001953,0.006520509719848633,76,6,-0.06285|-0.00707,-0.00707,2,1
500,58,PrtDataOut,PrntngArOK,0.0,0.0,0.0,0.10865354537963867,0.006402254104614258,0.0,0.0,1,1,0.07161248877282946,0.07161248877282946,0.11522746086120605,0.004410743713378906,76,4,-0.07161,-0.07161,1,1
500,59,PrtCbl,DSApplctn,-2.3684757858670006e-16,0.0,0.0,0.1296684741973877,0.009062528610229492,-0.0,-0.0,1,1,0.02723191058729608,0.02723191058729608,0.12238645553588867,0.008091926574707031,76,5,0.02723,0.02723,1,1
500,60,AppDtGnTm,GDIOUT,0.0,0.0,0.0,0.13365459442138672,0.011097431182861328,0.0,0.0,1,1,0.056115558908179715,0.056115558908179715,0.11921167373657227,0.007079601287841797,76,7,0.05612,0.05612,1,1
500,61,EPSGrphc,PrtStatToner,0.0,0.0,0.0,0.09533238410949707,0.009618997573852539,0.0,0.0,1,1,0.024213869013352367,0.024213869013352367,0.12489700317382812,0.00751185417175293,76,5,-0.02421,-0.02421,1,1
500,62,CmpltPgPrntd,TTOK,0.0,0.0,0.0,0.13191938400268555,0.0041315555572509766,0.0,0.0,1,1,0.026795652760674058,0.0068180976301574145,0.08857512474060059,0.003071308135986328,76,2,-0.08836|-0.0586|-0.00682|-0.00423|-0.00081|0.00196,-0.00682,6,1
500,63,Problem1,PrtDriver,1.0,0.5,0.5,0.10245132446289062,0.03312277793884277,0.0|1.0,0.0|1.0,2,2,0.46620481072762054,0.46620481072762054,0.1129605770111084,0.0160675048828125,76,10,0.07746|1.00987,0.07746|1.00987,2,2
500,64,PrtPort,PrtDriver,-2.3684757858670006e-16,0.0,0.0,0.13471174240112305,0.012019872665405273,-0.0,-0.0,1,1,0.005450758414111097,0.005450758414111097,0.11012649536132812,0.010288476943969727,76,11,-0.00545,-0.00545,1,1
500,65,LclGrbld,TstpsTxt,0.0,0.0,0.0,0.09394407272338867,0.006415128707885742,0.0,0.0,1,1,0.03719155378428033,0.0023215622773919116,0.09075260162353516,0.003743886947631836,76,2,-0.07206|0.00232,0.00232,2,1
500,66,CmpltPgPrntd,PrtPaper,0.0,0.0,0.0,0.09912800788879395,0.0052111148834228516,0.0,0.0,1,1,0.021345816296349334,0.006400219307091361,0.13049769401550293,0.003954887390136719,76,4,-0.00533|0.00347|0.00565|0.0064|0.05092|0.05631,0.0064,6,1
500,67,PrtData,EMFOK,1.0,0.2,0.5,0.12830519676208496,0.010394811630249023,0.0|1.0,0.0|1.0,2,2,0.24929044061274513,0.5688521208791812,0.12362003326416016,0.00712275505065918,76,7,-0.1313|0.91995|0.97785|0.99345|0.9936,-0.1313|0.9936,5,2
500,68,FllCrrptdBffr,PrtCbl,0.0,0.6666666666666666,0.6666666666666666,0.12148690223693848,0.008150339126586914,0.0|1.33333,0.0|1.33333,2,2,0.6969029540603331,0.6969029540603331,0.12009143829345703,0.006804466247558594,76,6,0.06071|1.3331,0.06071|1.3331,2,2
500,69,IncmpltPS,PrtMem,1.0,0.625,0.75,0.13831162452697754,0.046842336654663086,0.0|1.0|1.5,0.0|1.5,3,2,0.5710324694966507,0.6857300689750512,0.11917829513549805,0.01746964454650879,76,15,0.10455|0.10549|0.98184|1.47601,0.10455|1.47601,4,2
500,70,PrtFile,PrtThread,1.0,0.0,0.0,0.12065434455871582,0.006598234176635742,1.0,1.0,1,1,0.02343899478972067,0.02343899478972067,0.09354424476623535,0.0065593719482421875,76,7,1.02344,1.02344,1,1
500,71,PrtCbl,PrtStatToner,0.0,0.0,0.0,0.09554767608642578,0.007628202438354492,0.0,0.0,1,1,0.0057550680956268705,0.0057550680956268705,0.0903167724609375,0.006351947784423828,76,5,-0.00576,-0.00576,1,1
500,72,GDIIN,PrtPort,0.0,0.0,0.0,0.13273167610168457,0.014355659484863281,0.0,0.0,1,1,0.03332163897723268,0.03332163897723268,0.12842082977294922,0.015593528747558594,76,8,-0.03332,-0.03332,1,1
500,73,GDIOUT,AppOK,1.999999999999999,0.0,0.0,0.11452841758728027,0.01951146125793457,2.0,2.0,1,1,0.08293644793062627,0.08293644793062627,0.12492537498474121,0.02053380012512207,76,13,2.08294,2.08294,1,1
500,74,CmpltPgPrntd,HrglssDrtnAftrPrnt,0.0,0.0,0.0,0.14398550987243652,0.004189252853393555,0.0,0.0,1,1,0.047672957591257746,0.007001485003007781,0.12581419944763184,0.0030002593994140625,76,2,-0.06632|-0.06554|-0.06063|-0.04625|-0.04029|-0.007,-0.007,6,1
500,75,AppData,PrtDriver,3.0235861096174475e-16,0.0,0.0,0.12735557556152344,0.021509170532226562,0.0,0.0,1,1,0.19966637269961146,0.19966637269961146,0.12311029434204102,0.024305105209350586,76,13,-0.19967,-0.19967,1,1
500,76,Problem6,PrtIcon,0.0,0.0,0.0,0.2330009937286377,0.00437164306640625,0.0,0.0,1,1,0.05469589044015498,0.01283911732164541,0.11229395866394043,0.003988742828369141,76,2,0.01284|0.03717|0.08403|0.08474,0.01284,4,1
500,77,DeskPrntSpd,PrtSel,0.0,0.0,0.0,0.12433934211730957,0.00977635383605957,0.0,0.0,1,1,0.028592985933918867,6.915514048908312e-05,0.1374518871307373,0.008502721786499023,76,5,-0.05659|-0.03544|-0.03339|-7e-05|0.01747,-7e-05,5,1
500,78,DS_LCLOK,PrtTimeOut,0.0,0.25,0.25,0.11622452735900879,0.010687828063964844,0.0|0.5,0.0|0.5,2,2,0.265948583859267,0.265948583859267,0.14347004890441895,0.009362220764160156,76,4,0.03441|0.49749,0.03441|0.49749,2,2
500,79,PrtTimeOut,PrntrAccptsTrtyp,0.0,0.0,0.0,0.13576006889343262,0.006317615509033203,0.0,0.0,1,1,0.03019181797728768,0.008558344202145426,0.11772751808166504,0.00565028190612793,76,2,-0.05183|-0.00856,-0.00856,2,1
500,80,Problem5,PrtDriver,0.0,0.0,0.0,0.11626029014587402,0.016234397888183594,0.0,0.0,1,1,0.05913624276417184,0.02952123173634187,0.14017057418823242,0.015210628509521484,76,9,-0.09759|-0.06976|-0.03968|-0.02952,-0.02952,4,1
500,81,EMFOK,PrtStatToner,0.0,0.0,0.0,0.16125702857971191,0.02814650535583496,0.0,0.0,1,1,0.010251764959209615,0.010251764959209615,0.10951519012451172,0.020867109298706055,76,7,0.01025,0.01025,1,1
500,82,PTROFFLINE,CblPrtHrdwrOK,0.0,0.0,0.0,0.1967790126800537,0.016369104385375977,0.0,0.0,1,1,0.20883787574140775,0.20883787574140775,0.20809197425842285,0.01626133918762207,76,10,-0.20884,-0.20884,1,1
500,83,PSGRAPHIC,LclGrbld,0.0,0.0,0.0,0.17867541313171387,0.009024381637573242,0.0,0.0,1,1,0.02031906224835601,0.006706087969369167,0.22207236289978027,0.005059003829956055,76,2,-0.03393|-0.00671,-0.00671,2,1
500,84,PrtStatPaper,NtwrkCnfg,0.0,0.0,0.0,0.319230318069458,0.025679588317871094,0.0,0.0,1,1,0.009292839520353268,0.009292839520353268,0.20705842971801758,0.022441625595092773,76,9,0.00929,0.00929,1,1
500,85,CmpltPgPrntd,AppData,0.0,0.0,0.0,0.18125104904174805,0.025953054428100586,0.0,0.0,1,1,0.023257851652946786,0.003443048314401111,0.19066858291625977,0.026987791061401367,76,13,-0.03719|-0.03605|-0.03074|-0.02066|-0.00344|0.01145,-0.00344,6,1
500,86,Problem3,FllCrrptdBffr,0.0,0.0,0.0,0.16353821754455566,0.005690574645996094,0.0,0.0,1,1,0.051238339439112324,0.0320876788463307,0.1956326961517334,0.006833553314208984,76,2,0.03209|0.04228|0.06383|0.06676,0.03209,4,1
500,87,AppOK,PrtFile,-1.355640745858086e-16,0.0,0.0,0.17304325103759766,0.05901050567626953,-0.0,-0.0,1,1,0.015846143660151746,0.015846143660151746,0.18372130393981934,0.01867365837097168,76,13,-0.01585,-0.01585,1,1
500,88,IncmpltPS,LclGrbld,0.0,0.0,0.0,0.40538597106933594,0.007527351379394531,0.0,0.0,1,1,0.04353784056961847,0.00863280379475017,0.15211224555969238,0.0038068294525146484,76,2,0.00558|0.00863|0.07758|0.08236,0.00863,4,1
500,89,FllCrrptdBffr,NetPrint,0.0,0.3333333333333333,0.3333333333333333,0.1861584186553955,0.014561653137207031,0.0|0.66667,0.0|0.66667,2,2,0.32832846171145236,0.32832846171145236,0.17083120346069336,0.010851144790649414,76,6,-0.0044|0.65226,-0.0044|0.65226,2,2
500,90,PrtIcon,AvlblVrtlMmry,0.0,0.0,0.0,0.12467432022094727,0.0075037479400634766,0.0,0.0,1,1,0.008555213949533388,0.008555213949533388,0.13520240783691406,0.00592803955078125,76,6,0.00856,0.00856,1,1
500,91,PrtStatMem,AppOK,0.0,0.0,0.0,0.14306116104125977,0.01978778839111328,0.0,0.0,1,1,0.004250507084382173,0.004250507084382173,0.14483356475830078,0.03174996376037598,76,14,-0.00425,-0.00425,1,1
500,92,PrtQueue,GrphcsRltdDrvrSttngs,0.0,0.0,0.0,0.13425326347351074,0.012283086776733398,0.0,0.0,1,1,0.01052610883859333,0.004085255849807406,0.12253928184509277,0.008550167083740234,76,5,-0.01697|0.00409,0.00409,2,1
500,93,PSGRAPHIC,DeskPrntSpd,0.0,0.0,0.0,0.27286291122436523,0.006037712097167969,0.0,0.0,1,1,0.014844892907448146,0.01969805367711123,0.19899535179138184,0.03690528869628906,76,2,-0.0197|-0.00999,-0.0197,2,1
500,94,PrtMpTPth,AppOK,-3.552713678800501e-16,1.3000000000000003,1.3000000000000003,0.20662140846252441,0.02687382698059082,-0.0|2.6,-0.0|2.6,2,2,1.295195952144137,1.295195952144137,0.24529218673706055,0.04166698455810547,76,14,0.01128|2.57911,0.01128|2.57911,2,2
500,95,CmpltPgPrntd,DataFile,0.0,0.0,0.0,0.23682165145874023,0.021529436111450195,0.0,0.0,1,1,0.03563784543302423,0.006979452365417355,0.20939230918884277,0.03652191162109375,76,14,0.00698|0.01748|0.01897|0.03803|0.05966|0.07271,0.00698,6,1
500,96,DataFile,PrntPrcssTm,0.0,0.0,0.0,0.15820717811584473,0.03769707679748535,0.0,0.0,1,1,0.06435620586020155,0.06435620586020155,0.22672438621520996,0.02631092071533203,76,14,0.06436,0.06436,1,1
500,97,DrvSet,DrvOK,0.0,0.0,0.0,0.20050835609436035,0.007732391357421875,0.0,0.0,1,1,0.04507852072005304,0.04507852072005304,0.18109726905822754,0.0072972774505615234,76,6,0.04508,0.04508,1,1
500,98,HrglssDrtnAftrPrnt,GrphcsRltdDrvrSttngs,0.0,0.0,0.0,0.1639723777770996,0.011626720428466797,0.0,0.0,1,1,0.05607385312053281,0.05607385312053281,0.19745802879333496,0.01392674446105957,76,5,-0.05607,-0.05607,1,1
500,99,TstpsTxt,PrntngArOK,0.0,0.0,0.0,0.1980133056640625,0.007120370864868164,0.0,0.0,1,1,0.01834548005784594,0.01834548005784594,0.18943262100219727,0.004174947738647461,76,2,-0.01835,-0.01835,1,1
1000,0,Problem2,FntInstlltn,0.0,0.0,0.0,0.1986069679260254,0.020649433135986328,0.0,0.0,1,1,0.05227212104376518,0.016178671304073775,0.26568031311035156,0.010204792022705078,76,5,-0.07911|-0.07847|-0.03533|-0.01618,-0.01618,4,1
1000,1,NetOK,PrntngArOK,0.0,0.0,0.0,0.17460918426513672,0.011731386184692383,0.0,0.0,1,1,0.0077553008659551215,0.0009641813393122865,0.18353509902954102,0.003988981246948242,76,2,-0.01455|-0.00096,-0.00096,2,1
1000,2,PrtSpool,NetPrint,-2.5376526277146434e-16,0.0,0.0,0.2161421775817871,0.016443490982055664,-0.0,-0.0,1,1,0.023558612216332306,0.023558612216332306,0.17876100540161133,0.013026237487792969,76,13,0.02356,0.02356,1,1
1000,3,PrtMem,AppDtGnTm,0.0,0.0,0.0,0.2238781452178955,0.04161691665649414,0.0,0.0,1,1,0.12090678380079944,0.12090678380079944,0.23859286308288574,0.05790972709655762,76,16,-0.12091,-0.12091,1,1
1000,4,PrtMem,PrtStatPaper,0.0,0.0,0.0,0.22920775413513184,0.046586036682128906,0.0,0.0,1,1,0.11542633833553138,0.11542633833553138,0.24863696098327637,0.04486846923828125,76,15,-0.11543,-0.11543,1,1
1000,5,PrtCbl,PrtQueue,0.0,0.0,0.0,0.23221302032470703,0.021979570388793945,0.0,0.0,1,1,0.021867333448662696,0.021867333448662696,0.24322104454040527,0.021557092666625977,76,5,-0.02187,-0.02187,1,1
1000,6,DS_NTOK,Problem1,0.0,0.16666666666666666,0.125,0.24353861808776855,0.017123699188232422,0.0|0.25,0.0|0.25,2,2,0.17454390252967497,0.1364399039822239,0.23387360572814941,0.016020536422729492,76,4,0.02317|0.24971|0.25075,0.02317|0.24971,3,2
1000,7,NetOK,PgOrnttnOK,0.0,0.0,0.0,0.2508106231689453,0.009438514709472656,0.0,0.0,1,1,0.016750016635991752,0.0028263585919430876,0.24015140533447266,0.00861668586730957,76,2,-0.03067|-0.00283,-0.00283,2,1
1000,8,NtSpd,FntInstlltn,0.0,0.0,0.0,0.22787022590637207,0.017999649047851562,0.0,0.0,1,1,0.013479540723058986,0.0038016187753800376,0.23107171058654785,0.0172421932220459,76,5,-0.0336|-0.02106|-0.00554|-0.0038|-0.0034,-0.0038,5,1
1000,9,PC2PRT,NnPSGrphc,0.0,0.0,0.0,0.25919055938720703,0.00949239730834961,0.0,0.0,1,1,0.010341778124965742,0.0011490911136659676,0.22536039352416992,0.008597612380981445,76,2,-0.03116|-0.00706|-0.00688|-0.00393|-0.00115|0.00847|0.01375,-0.00115,7,1
1000,10,DrvSet,PrtFile,3.172065784643304e-17,0.0,0.0,0.2665739059448242,0.014497041702270508,0.0,0.0,1,1,0.0311266393636154,0.0311266393636154,0.21659111976623535,0.03072953224182129,76,5,0.03113,0.03113,1,1
1000,11,TrTypFnts,TnrSpply,0.0,0.0,0.0,0.2477431297302246,0.011717081069946289,0.0,0.0,1,1,0.010529275263273848,0.012628989973053359,0.24512410163879395,0.010966300964355469,76,4,-0.01263|-0.00843,-0.01263,2,1
1000,12,NtwrkCnfg,LclGrbld,-9.251858538542974e-18,0.0,0.0,0.23147201538085938,0.029054880142211914,-0.0,-0.0,1,1,0.0321331979172878,0.0321331979172878,0.25722837448120117,0.03199458122253418,76,10,-0.03213,-0.03213,1,1
1000,13,PrtFile,DS_NTOK,0.0,0.0,0.0,0.24557185173034668,0.011219978332519531,0.0,0.0,1,1,0.0001497325743109962,0.0001497325743109962,0.25690770149230957,0.011338472366333008,76,2,0.00015,0.00015,1,1
1000,14,PrtStatOff,GrphcsRltdDrvrSttngs,0.0,0.0,0.0,0.23078680038452148,0.017949819564819336,0.0,0.0,1,1,0.012531401097933152,0.012531401097933152,0.23792505264282227,0.016936540603637695,76,5,0.01253,0.01253,1,1
1000,15,PrtTimeOut,Problem3,0.0,0.0,0.0,0.2574961185455322,0.009418964385986328,0.0,0.0,1,1,0.017171848114986295,0.006349115643895357,0.2314748764038086,0.008605241775512695,76,2,-0.00635|0.02799,-0.00635,2,1
1000,16,Problem5,PrtMpTPth,0.0,0.0,0.0,0.22876358032226562,0.009378910064697266,0.0,0.0,1,1,0.004273504430685018,0.005234555682900428,0.23183035850524902,0.008674383163452148,76,2,-0.00593|-0.00523|-0.005|-0.00093,-0.00523,4,1
1000,17,PrtStatToner,PC2PRT,0.0,0.0,0.0,0.2230217456817627,0.009296894073486328,0.0,0.0,1,1,0.031389423031589016,0.031389423031589016,0.26064205169677734,0.008741378784179688,76,2,-0.03139,-0.03139,1,1
1000,18,PrtOn,Problem1,0.0,0.0,0.0,0.21749138832092285,0.016748666763305664,0.0,0.0,1,1,0.08440706846134666,0.08440706846134666,0.24195551872253418,0.01660752296447754,76,4,-0.08441,-0.08441,1,1
1000,19,PrtPath,PrtStatMem,0.0,0.0,0.0,0.22745060920715332,0.03652238845825195,0.0,0.0,1,1,0.04598032833600407,0.04598032833600407,0.24854826927185059,0.01774883270263672,76,5,0.04598,0.04598,1,1
1000,20,HrglssDrtnAftrPrnt,NetOK,0.0,0.0,0.0,0.24350595474243164,0.009330511093139648,0.0,0.0,1,1,0.012469832396790798,0.012469832396790798,0.24430608749389648,0.008736848831176758,76,2,-0.01247,-0.01247,1,1
1000,21,PSGRAPHIC,IncmpltPS,0.0,0.0,0.0,0.28301072120666504,0.009319543838500977,0.0,0.0,1,1,0.010092644745196536,0.006944281705808664,0.23629212379455566,0.008460283279418945,76,2,-0.00694|0.01324,-0.00694,2,1
1000,22,Problem4,PC2PRT,0.0,0.0,0.0,0.25490736961364746,0.009377002716064453,0.0,0.0,1,1,0.019883942038434403,0.017958218971482882,0.2323620319366455,0.00961446762084961,76,2,-0.03863|-0.01796|-0.00306,-0.01796,3,1
1000,23,PrtOn,TrTypFnts,0.0,0.0,0.0,0.24324965476989746,0.011834859848022461,0.0,0.0,1,1,0.011375075466926165,0.011375075466926165,0.23001718521118164,0.010977506637573242,76,4,-0.01138,-0.01138,1,1
1000,24,PrtFile,NnTTOK,0.0,0.0,0.0,0.24315094947814941,0.010995626449584961,0.0,0.0,1,1,0.06415465629679597,0.06415465629679597,0.2451779842376709,0.010450124740600586,76,2,-0.06415,-0.06415,1,1
1000,25,GrbldOtpt,PrtData,0.0,0.0,0.0,0.4047095775604248,0.005419492721557617,0.0,0.0,1,1,0.023751972757462436,0.00131391007051224,0.18493437767028809,0.006381988525390625,76,2,-0.05452|-0.02747|-0.02677|-0.01865|-0.01379|-0.00131,-0.00131,6,1
1000,26,PrtQueue,TnrSpply,0.0,0.0,0.0,0.18320894241333008,0.013234376907348633,0.0,0.0,1,1,0.025236024992863926,0.009079564195253723,0.19194650650024414,0.012065649032592773,76,4,-0.04139|-0.00908,-0.00908,2,1
1000,27,PrtPaper,IncmpltPS,0.0,0.0,0.0,0.17711687088012695,0.009340047836303711,0.0,0.0,1,1,0.05081604325317846,0.05081604325317846,0.18417644500732422,0.006324052810668945,76,4,0.05082,0.05082,1,1
1000,28,DrvSet,PrtPath,0.0,0.0,0.0,0.1835169792175293,0.01565408706665039,0.0,0.0,1,1,0.007654030430655718,0.007654030430655718,0.18796753883361816,0.01867818832397461,76,8,0.00765,0.00765,1,1
1000,29,HrglssDrtnAftrPrnt,PrtPaper,0.0,0.0,0.0,0.19443726539611816,0.008217096328735352,0.0,0.0,1,1,0.010519256221681187,0.010519256221681187,0.1859121322631836,0.018825531005859375,76,4,0.01052,0.01052,1,1
1000,30,PrtSel,DrvSet,0.0,0.0,0.0,0.23943328857421875,0.014521360397338867,0.0,0.0,1,1,0.054632909697698746,0.054632909697698746,0.15459465980529785,0.006235599517822266,76,6,-0.05463,-0.05463,1,1
1000,31,PrtQueue,AvlblVrtlMmry,0.0,0.0,0.0,0.18883967399597168,0.009313344955444336,0.0,0.0,1,1,0.016980102637878202,0.00031504151643809927,0.19481468200683594,0.011253833770751953,76,6,-0.03365|0.00032,0.00032,2,1
1000,32,Problem1,PgOrnttnOK,0.0,0.0,0.0,0.18706488609313965,0.004323720932006836,0.0,0.0,1,1,0.09011746263675233,0.06641682058939122,0.1779937744140625,0.007254838943481445,76,2,-0.11382|-0.06642,-0.06642,2,1
1000,33,LclOK,PrtMem,0.0,0.25,0.25,0.17371106147766113,0.02847003936767578,0.0|0.5,0.0|0.5,2,2,0.27598164058659386,0.27598164058659386,0.1898193359375,0.04326605796813965,76,16,-0.04784|0.50412,-0.04784|0.50412,2,2
1000,34,PrtQueue,DSApplctn,0.0,0.0,0.0,0.188063383102417,0.007180452346801758,0.0,0.0,1,1,0.011209620494990838,0.009333801086922272,0.16845917701721191,0.004256010055541992,76,2,-0.01309|-0.00933,-0.00933,2,1
1000,35,Problem6,PrtStatToner,0.0,0.0,0.0,0.16520953178405762,0.008984804153442383,0.0,0.0,1,1,0.08207313021541626,0.035280884949012,0.20110154151916504,0.0039196014404296875,76,2,-0.10843|-0.10763|-0.07695|-0.03528,-0.03528,4,1
1000,36,NetPrint,DskLocal,0.0,0.0,0.0,0.14845514297485352,0.018202781677246094,0.0,0.0,1,1,0.009623535341988659,0.009623535341988659,0.18715977668762207,0.017383098602294922,76,10,0.00962,0.00962,1,1
1000,37,DataFile,GrbldOtpt,-7.853367079453739e-16,0.0,0.0,0.24476885795593262,0.040006160736083984,-0.0,-0.0,1,1,0.01709750222680952,0.01709750222680952,0.25283145904541016,0.03921866416931152,76,13,-0.0171,-0.0171,1,1
1000,38,PrntrAccptsTrtyp,PrtStatOff,0.0,0.0,0.0,0.23892593383789062,0.009744882583618164,0.0,0.0,1,1,0.008110052296677233,0.001276864548338343,0.2312915325164795,0.008522748947143555,76,2,-0.00128|0.01494,-0.00128,2,1
1000,39,PgOrnttnOK,PrntrAccptsTrtyp,0.0,0.0,0.0,0.23154664039611816,0.009663105010986328,0.0,0.0,1,1,0.017716268151059873,0.0008693847289742353,0.243058443069458,0.009207963943481445,76,2,0.00087|0.03456,0.00087,2,1
1000,40,NtwrkCnfg,AppOK,-4.645856349200655e-15,0.0,0.0,0.229400634765625,0.05322718620300293,-0.0,-0.0,1,1,0.05506659123802798,0.05506659123802798,0.24484825134277344,0.059320926666259766,76,18,0.05507,0.05507,1,1
1000,41,PTROFFLINE,NtSpd,0.0,0.0,0.0,0.21734881401062012,0.019751787185668945,0.0,0.0,1,1,0.051774726417921337,0.051774726417921337,0.23154067993164062,0.020317792892456055,76,6,0.05177,0.05177,1,1
1000,42,Problem1,PrtMem,1.0,0.5,0.5,0.23990273475646973,0.06010127067565918,0.0|1.0,0.0|1.0,2,2,0.48777170672748693,0.48777170672748693,0.21625638008117676,0.041570186614990234,76,15,0.07372|0.95074,0.07372|0.95074,2,2
1000,43,Problem6,PrtStatMem,0.0,0.0,0.0,0.2381150722503662,0.00932168960571289,0.0,0.0,1,1,0.09115691776757989,0.04455284643684994,0.25853848457336426,0.00842595100402832,76,2,0.04455|0.07133|0.12363|0.12511,0.04455,4,1
1000,44,PrntngArOK,DS_LCLOK,0.0,0.0,0.0,0.23189711570739746,0.011105775833129883,0.0,0.0,1,1,0.012167211422685542,0.0026334223014489754,0.25566649436950684,0.01028585433959961,76,2,-0.0217|0.00263,0.00263,2,1
1000,45,PrtOn,PrtThread,0.0,0.0,0.0,0.25757932662963867,0.023241519927978516,0.0,0.0,1,1,0.047741964906189684,0.047741964906189684,0.24978375434875488,0.021287918090820312,76,10,0.04774,0.04774,1,1
1000,46,DataFile,PrntPrcssTm,0.0,0.0,0.0,0.24539780616760254,0.04961800575256348,0.0,0.0,1,1,0.027278164258896925,0.027278164258896925,0.2457280158996582,0.04426312446594238,76,14,-0.02728,-0.02728,1,1
1000,47,PrtStatOff,DrvSet,0.0,0.0,0.0,0.23664188385009766,0.03821253776550293,0.0,0.0,1,1,0.025357054536746627,0.025357054536746627,0.24096941947937012,0.01525735855102539,76,6,-0.02536,-0.02536,1,1
1000,48,PrtMem,DS_NTOK,0.0,0.0,0.0,0.24537873268127441,0.047626495361328125,0.0,0.0,1,1,0.17497029004372797,0.17497029004372797,0.24446988105773926,0.04675483703613281,76,16,-0.17497,-0.17497,1,1
1000,49,PrtThread,LclGrbld,0.0,0.0,0.0,0.24595904350280762,0.02225947380065918,0.0,0.0,1,1,0.01648502101599013,0.01648502101599013,0.41094350814819336,0.020838022232055664,76,8,0.01649,0.01649,1,1
1000,50,PrtStatPaper,DS_NTOK,0.0,0.0,0.0,0.16796660423278809,0.008739948272705078,0.0,0.0,1,1,0.005042219543713755,0.005042219543713755,0.2244880199432373,0.005273103713989258,76,2,-0.00504,-0.00504,1,1
1000,51,PC2PRT,EPSGrphc,0.0,0.0,0.0,0.12786865234375,0.015077590942382812,0.0,0.0,1,1,0.026978471352541427,0.010060419471452394,0.20999836921691895,0.010603666305541992,76,5,-0.00554|0.01006|0.01559|0.03594|0.03888|0.04085|0.04199,0.01006,7,1
1000,52,REPEAT,HrglssDrtnAftrPrnt,0.0,0.0,0.0,0.17473101615905762,0.006051063537597656,0.0,0.0,1,1,0.006142852054879072,0.006142852054879072,0.22297358512878418,0.008315801620483398,76,2,0.00614,0.00614,1,1
1000,53,PrtMpTPth,GrbldPS,0.0,0.0,0.0,0.19742703437805176,0.010557413101196289,0.0,0.0,1,1,0.004085468613418139,0.00428167706370141,0.16508841514587402,0.010000228881835938,76,2,-0.00428|-0.00389,-0.00428,2,1
1000,54,PrtThread,AppData,-1.1842378929335002e-15,0.0,0.0,0.18037152290344238,0.03979086875915527,-0.0,-0.0,1,1,0.0006035605345196456,0.0006035605345196456,0.18042492866516113,0.01894664764404297,76,13,-0.0006,-0.0006,1,1
1000,55,NetPrint,AppDtGnTm,0.0,0.0,0.0,0.17018842697143555,0.01384115219116211,0.0,0.0,1,1,0.029028300636038836,0.029028300636038836,0.21877431869506836,0.014358758926391602,76,7,-0.02903,-0.02903,1,1
1000,56,IncmpltPS,PgOrnttnOK,1.0,0.625,0.75,0.15734386444091797,0.01570868492126465,0.0|1.0|1.5,0.0|1.5,3,2,0.6031768433179586,0.7210490053951335,0.22600388526916504,0.013022184371948242,76,3,0.04245|0.04284|1.01306|1.48494,0.04284|1.48494,4,2
1000,57,PrtSel,Problem1,3.700743415417188e-17,0.0,0.0,0.1743912696838379,0.01955699920654297,0.0,0.0,1,1,0.03624758974637769,0.03624758974637769,0.2393026351928711,0.00876617431640625,76,6,0.03625,0.03625,1,1
1000,58,TrTypFnts,Problem3,0.0,0.0,0.0,0.16832590103149414,0.008649110794067383,0.0,0.0,1,1,0.02554484400276419,0.0037667079618306457,0.20847129821777344,0.0042688846588134766,76,2,0.00377|0.04732,0.00377,2,1
1000,59,PrtPort,PrtFile,0.0,0.0,0.0,0.16689705848693848,0.012761831283569336,0.0,0.0,1,1,0.044712915472559615,0.044712915472559615,0.22946691513061523,0.018251419067382812,76,5,0.04471,0.04471,1,1
1000,60,PrtSpool,GrbldOtpt,0.0,0.0,0.0,0.19858551025390625,0.023874282836914062,0.0,0.0,1,1,0.02386032919363033,0.02386032919363033,0.19572663307189941,0.037305593490600586,76,11,-0.02386,-0.02386,1,1
1000,61,PrtSpool,PrtSel,-3.2989484160290367e-16,0.0,0.0,0.23141980171203613,0.02112603187561035,-0.0,-0.0,1,1,0.016718309785467966,0.016718309785467966,0.24558353424072266,0.01998591423034668,76,11,-0.01672,-0.01672,1,1
1000,62,PrtDriver,PrtDataOut,8.343494245667844e-16,0.0,0.0,0.24356913566589355,0.024631738662719727,0.0,0.0,1,1,0.059581644164957204,0.059581644164957204,0.24053716659545898,0.02122044563293457,76,8,-0.05958,-0.05958,1,1
1000,63,NnPSGrphc,PrtPath,0.0,0.0,0.0,0.2374405860900879,0.019936084747314453,0.0,0.0,1,1,0.033244790571304354,0.00398194744358964,0.24239659309387207,0.017695903778076172,76,5,-0.06251|0.00398,0.00398,2,1
1000,64,PrtPort,AppData,-8.289665250534502e-16,0.0,0.0,0.2293391227722168,0.04316830635070801,-0.0,-0.0,1,1,0.09808572498778961,0.09808572498778961,0.25331854820251465,0.04154324531555176,76,14,-0.09809,-0.09809,1,1
1000,65,PrtSpool,DskLocal,0.0,0.0,0.0,0.23469901084899902,0.02565932273864746,0.0,0.0,1,1,0.11650424734528707,0.11650424734528707,0.21327638626098633,0.042383432388305664,76,12,-0.1165,-0.1165,1,1
1000,66,PrtMpTPth,TnrSpply,0.0,0.2,0.2,0.23197484016418457,0.020897865295410156,0.0|0.4,0.0|0.4,2,2,0.20544606638155694,0.20544606638155694,0.24640631675720215,0.01955556869506836,76,6,-0.01881|0.39209,-0.01881|0.39209,2,2
1000,67,CmpltPgPrntd,PrtFile,0.0,0.0,0.0,0.25800299644470215,0.009371280670166016,0.0,0.0,1,1,0.010355562859120045,0.00022464984798411432,0.24007129669189453,0.008376836776733398,76,2,-0.00231|-0.00022|0.0065|0.01379|0.01605|0.02326,-0.00022,6,1
1000,68,PSGRAPHIC,PrtDataOut,0.0,0.0,0.0,0.24206829071044922,0.015200614929199219,0.0,0.0,1,1,0.011087584661559406,0.0007178779800519978,0.24406147003173828,0.011748313903808594,76,4,-0.00072|0.02146,-0.00072,2,1
1000,69,IncmpltPS,PrtPort,0.0,0.0,0.0,0.22997403144836426,0.01947808265686035,0.0,0.0,1,1,0.0074536272226942936,0.009979578915380809,0.26047325134277344,0.018498659133911133,76,5,-0.0192|-0.00998|0.00025|0.00039,-0.00998,4,1
1000,70,LclGrbld,PrtMpTPth,0.0,0.0,0.0,0.2398240566253662,0.009476423263549805,0.0,0.0,1,1,0.01972518847111375,0.004295074813812609,0.24560022354125977,0.008740901947021484,76,2,-0.03516|-0.0043,-0.0043,2,1
1000,71,PrtTimeOut,PrtStatToner,0.0,0.0,0.0,0.2285165786743164,0.012073278427124023,0.0,0.0,1,1,0.02179201833842118,0.012224281253939435,0.25164222717285156,0.01079416275024414,76,2,-0.01222|0.03136,-0.01222,2,1
1000,72,IncmpltPS,DskLocal,0.0,0.0,0.0,0.23019647598266602,0.02239251136779785,0.0,0.0,1,1,0.028812286482802728,0.010569617932447707,0.23240399360656738,0.01780247688293457,76,8,0.01057|0.0235|0.04055|0.04063,0.01057,4,1
1000,73,GrbldOtpt,PrtSpool,0.0,0.0,0.0,0.2882711887359619,0.023583173751831055,0.0,0.0,1,1,0.018532478027517802,0.0024581813972548196,0.1766505241394043,0.02341747283935547,76,11,-0.03586|-0.03032|-0.02348|-0.00246|0.00405|0.01504,-0.00246,6,1
1000,74,PrntrAccptsTrtyp,AvlblVrtlMmry,0.0,0.0,0.0,0.24940156936645508,0.010529756546020508,0.0,0.0,1,1,0.007190344001943494,0.0035251366912657472,0.18301820755004883,0.010573387145996094,76,6,-0.01086|-0.00353,-0.00353,2,1
1000,75,IncmpltPS,PrtStatPaper,0.0,0.0,0.0,0.1861422061920166,0.003847837448120117,0.0,0.0,1,1,0.00577232944432692,0.002436004961204133,0.14290904998779297,0.0029485225677490234,76,2,0.00244|0.00504|0.0051|0.01051,0.00244,4,1
1000,76,PTROFFLINE,TstpsTxt,0.0,0.0,0.0,0.13209915161132812,0.009899377822875977,0.0,0.0,1,1,0.0024354563654385075,0.0024354563654385075,0.1257319450378418,0.0076198577880859375,76,6,-0.00244,-0.00244,1,1
1000,77,GDIOUT,NnTTOK,0.0,0.0,0.0,0.1366434097290039,0.006039857864379883,0.0,0.0,1,1,0.01075441172031868,0.01075441172031868,0.1117253303527832,0.0086669921875,76,5,0.01075,0.01075,1,1
1000,78,PrtOn,AppData,0.0,0.0,0.0,0.16290879249572754,0.020174503326416016,0.0,0.0,1,1,0.21007581417855994,0.21007581417855994,0.14202308654785156,0.02030348777770996,76,15,-0.21008,-0.21008,1,1
1000,79,PrtDriver,NetOK,0.0,0.0,0.0,0.1526949405670166,0.013969182968139648,0.0,0.0,1,1,0.03568260412984381,0.03568260412984381,0.17293190956115723,0.014439821243286133,76,9,0.03568,0.03568,1,1
1000,80,PrntPrcssTm,PgOrnttnOK,0.0,0.0,0.0,0.15982389450073242,0.017539024353027344,0.0,0.0,1,1,0.003539601112912829,0.0006606304971961028,0.1569993495941162,0.0033998489379882812,76,2,-0.00642|-0.00066,-0.00066,2,1
1000,81,GDIIN,PrntPrcssTm,0.0,0.0,0.0,0.13400650024414062,0.00629115104675293,0.0,0.0,1,1,0.027094557808426997,0.027094557808426997,0.14174127578735352,0.0067026615142822266,76,6,0.02709,0.02709,1,1
1000,82,DS_LCLOK,PrntrAccptsTrtyp,0.0,0.0,0.0,0.11797595024108887,0.005394697189331055,0.0,0.0,1,1,0.003878371300630108,0.0002781353254923096,0.11698555946350098,0.003597736358642578,76,2,-0.00028|0.00748,-0.00028,2,1
1000,83,Problem3,TrTypFnts,0.0,0.0,0.0,0.1646265983581543,0.006134748458862305,0.0,0.0,1,1,0.06962128950077401,0.03721775063093738,0.13915801048278809,0.003611326217651367,76,2,0.03722|0.06203|0.08959|0.08965,0.03722,4,1
1000,84,LclOK,NnPSGrphc,0.0,0.0,0.0,0.16011571884155273,0.00429224967956543,0.0,0.0,1,1,0.00742008379879236,0.004382890901287458,0.12666988372802734,0.006077766418457031,76,2,0.00438|0.01046,0.00438,2,1
1000,85,PrntngArOK,PrtMem,0.0,0.42857142857142855,0.42857142857142855,0.20816516876220703,0.02720165252685547,0.0|0.85714,0.0|0.85714,2,2,0.4444344952675564,0.4444344952675564,0.15587353706359863,0.034264564514160156,76,15,0.03466|0.85421,0.03466|0.85421,2,2
1000,86,TTOK,Problem6,0.0,0.0,0.0,0.14940595626831055,0.0060765743255615234,0.0,0.0,1,1,0.03150879832312861,0.017096442641781243,0.1314387321472168,0.006138801574707031,76,2,-0.05335|-0.02408|-0.0171,-0.0171,3,1
1000,87,PrtCbl,PrtPaper,1.1842378929335003e-16,0.0,0.0,0.19823408126831055,0.018160104751586914,0.0,0.0,1,1,0.028173361413473496,0.028173361413473496,0.23064136505126953,0.018030166625976562,76,7,-0.02817,-0.02817,1,1
1000,88,NetOK,PrtCbl,0.0,0.75,0.75,0.23493552207946777,0.035103797912597656,0.0|1.5,0.0|1.5,2,2,0.7615061414963699,0.7615061414963699,0.22766733169555664,0.016779184341430664,76,5,0.03474|1.48827,0.03474|1.48827,2,2
1000,89,DrvOK,AppOK,0.0,0.0,0.0,0.2311246395111084,0.03983163833618164,0.0,0.0,1,1,0.04748214135248503,0.04748214135248503,0.23367023468017578,0.04005289077758789,76,14,-0.04748,-0.04748,1,1
1000,90,PrtData,LclGrbld,0.0,0.0,0.0,0.23204493522644043,0.009297370910644531,0.0,0.0,1,1,0.012188715672121726,0.00587902062731174,0.23850059509277344,0.008668661117553711,76,2,-0.02116|-0.00994|-0.00654|-0.00588|0.01743,-0.00588,5,1
1000,91,EMFOK,NnPSGrphc,0.0,0.0,0.0,0.23003435134887695,0.013403654098510742,0.0,0.0,1,1,0.012343688980670158,0.012343688980670158,0.1750485897064209,0.01195216178894043,76,7,-0.01234,-0.01234,1,1
1000,92,PgOrnttnOK,Problem3,6.344131569286608e-17,0.14285714285714282,0.14285714285714282,0.22890567779541016,0.016484737396240234,0.0|0.28571,0.0|0.28571,2,2,0.14778613016515024,0.14778613016515024,0.219099760055542,0.015228033065795898,76,3,0.00879|0.28679,0.00879|0.28679,2,2
1000,93,EMFOK,AppOK,1.0,0.0,0.0,0.20584654808044434,0.03825211524963379,1.0,1.0,1,1,0.0788664071941152,0.0788664071941152,0.24298977851867676,0.05649447441101074,76,13,0.92113,0.92113,1,1
1000,94,TTOK,LclOK,0.0,0.0,0.0,0.2318730354309082,0.009285449981689453,0.0,0.0,1,1,0.01861809046815939,0.010056069573563833,0.24632644653320312,0.008464813232421875,76,2,0.01006|0.01178|0.03401,0.01006,3,1
1000,95,PSGRAPHIC,PgOrnttnOK,0.0,0.0,0.0,0.23774361610412598,0.010331869125366211,0.0,0.0,1,1,0.007253514567071169,0.009997808524992763,0.2445814609527588,0.00848388671875,76,2,-0.01|-0.00451,-0.01,2,1
1000,96,PrtSel,IncmpltPS,0.0,0.0,0.0,0.243086576461792,0.01428365707397461,0.0,0.0,1,1,0.00676635079181702,0.00676635079181702,0.24169707298278809,0.013187170028686523,76,5,0.00677,0.00677,1,1
1000,97,PrtMpTPth,PrtOn,0.0,0.2,0.2,0.2554030418395996,0.01766514778137207,0.0|0.4,0.0|0.4,2,2,0.21177194355080708,0.21177194355080708,0.24261760711669922,0.016492128372192383,76,6,0.01766|0.40588,0.01766|0.40588,2,2
1000,98,TstpsTxt,REPEAT,0.0,0.0,0.0,0.22914958000183105,0.01208043098449707,0.0,0.0,1,1,0.009984633253831816,0.009984633253831816,0.37742161750793457,0.00647425651550293,76,2,0.00998,0.00998,1,1
1000,99,NetOK,AppData,0.0,1.5,1.5,0.1573643684387207,0.023062944412231445,0.0|3.0,0.0|3.0,2,2,1.6093346957073547,1.6093346957073547,0.17346596717834473,0.027323246002197266,76,13,0.18306|3.0356,0.18306|3.0356,2,2
2500,0,GDIIN,PSGRAPHIC,0.0,0.0,0.0,0.13827943801879883,0.007890701293945312,0.0,0.0,1,1,0.008468540901804177,0.008468540901804177,0.10334539413452148,0.005856752395629883,76,6,-0.00847,-0.00847,1,1
2500,1,NetPrint,GDIOUT,0.0,0.0,0.0,0.17873311042785645,0.011258363723754883,0.0,0.0,1,1,0.06800719123143063,0.06800719123143063,0.15225982666015625,0.0053863525390625,76,7,-0.06801,-0.06801,1,1
2500,2,PrtSel,PrtPaper,7.401486830834377e-17,0.0,0.0,0.17334938049316406,0.008388280868530273,0.0,0.0,1,1,0.02280982630984441,0.02280982630984441,0.1402130126953125,0.008515357971191406,76,7,0.02281,0.02281,1,1
2500,3,IncmpltPS,PrtPScript,1.0,0.12500000000000028,0.25,0.13249897956848145,0.023790836334228516,1.0|1.5,1.0|1.5,2,2,0.14377119375419292,0.27115865817637613,0.18651556968688965,0.022711515426635742,76,9,0.95556|0.97175|0.99548|1.49788,0.95556|1.49788,4,2
2500,4,PC2PRT,PSGRAPHIC,0.0,0.0,0.0,0.2202470302581787,0.008238077163696289,0.0,0.0,1,1,0.013790186595913578,0.0009787155434973162,0.22068095207214355,0.003718852996826172,76,2,-0.03768|-0.02283|-0.01101|0.00098|0.00148|0.0061|0.01645,0.00098,7,1
2500,5,Problem3,PrtStatMem,0.0,0.0,0.0,0.2004246711730957,0.005776882171630859,0.0,0.0,1,1,0.013791418335841925,0.0038190263253093473,0.20928597450256348,0.0040721893310546875,76,2,0.00382|0.01445|0.0155|0.0214,0.00382,4,1
2500,6,PrtDataOut,PrtStatToner,0.0,0.0,0.0,0.12147021293640137,0.016269683837890625,0.0,0.0,1,1,0.0014988782796070874,0.0014988782796070874,0.2773129940032959,0.015928983688354492,76,4,0.0015,0.0015,1,1
2500,7,NetOK,Problem1,0.0,0.125,0.125,0.1816391944885254,0.011492490768432617,0.0|0.25,0.0|0.25,2,2,0.12429293194418292,0.12429293194418292,0.18787193298339844,0.014614343643188477,76,4,0.00155|0.24704,0.00155|0.24704,2,2
2500,8,GrbldOtpt,ScrnFntNtPrntrFnt,0.0,0.0,0.0,0.22126221656799316,0.007416963577270508,0.0,0.0,1,1,0.01690550436540757,0.003336299814252151,0.18279790878295898,0.00767207145690918,76,2,-0.0412|-0.02749|-0.01554|-0.00432|-0.00334|0.00953,-0.00334,6,1
2500,9,Problem1,PrtOn,1.0,0.5,0.5,0.21364688873291016,0.011538982391357422,0.0|1.0,0.0|1.0,2,2,0.4952657336589556,0.4952657336589556,0.22761940956115723,0.006520271301269531,76,4,0.01653|0.99294,0.01653|0.99294,2,2
2500,10,NetPrint,PrtStatMem,0.0,0.0,0.0,0.19674968719482422,0.012842893600463867,0.0,0.0,1,1,0.024414977861928568,0.024414977861928568,0.23873305320739746,0.013533592224121094,76,5,0.02441,0.02441,1,1
2500,11,PC2PRT,EPSGrphc,0.0,0.0,0.0,0.17637276649475098,0.019330978393554688,0.0,0.0,1,1,0.010523408098979453,0.002769785609731864,0.23374462127685547,0.022002696990966797,76,5,-0.0121|-0.00481|0.00177|0.00277|0.01279|0.01945|0.01997,0.00277,7,1
2500,12,PrtMem,Problem2,-2.0990154059319366e-16,0.0,0.0,0.16520118713378906,0.0392308235168457,-0.0,-0.0,1,1,0.10795870103631264,0.10795870103631264,0.18837881088256836,0.04535865783691406,76,15,-0.10796,-0.10796,1,1
2500,13,PrtStatPaper,PrntngArOK,0.0,0.0,0.0,0.14885377883911133,0.011511802673339844,0.0,0.0,1,1,0.013605023842093488,0.013605023842093488,0.19812893867492676,0.009965658187866211,76,2,-0.01361,-0.01361,1,1
2500,14,TrTypFnts,PrtData,0.0,0.0,0.0,0.2128307819366455,0.010833024978637695,0.0,0.0,1,1,0.007667191719686208,0.006060791567157903,0.2034296989440918,0.011372089385986328,76,2,-0.00606|0.00927,-0.00606,2,1
2500,15,PrtDataOut,GDIIN,1.0000000000000004,0.0,0.0,0.20122671127319336,0.009154558181762695,1.0,1.0,1,1,0.020229149242464883,0.020229149242464883,0.18517684936523438,0.01292729377746582,76,5,0.97977,0.97977,1,1
2500,16,PrtPath,PrntngArOK,0.0,0.0,0.0,0.20037198066711426,0.01935863494873047,0.0,0.0,1,1,0.06408595798742225,0.06408595798742225,0.19645023345947266,0.017621517181396484,76,5,0.06409,0.06409,1,1
2500,17,EMFOK,AvlblVrtlMmry,0.0,0.0,0.0,0.2513396739959717,0.023824453353881836,0.0,0.0,1,1,0.03593432773438217,0.03593432773438217,0.2584800720214844,0.022983789443969727,76,11,0.03593,0.03593,1,1
2500,18,PrtSpool,DrvSet,0.0,0.0,0.0,0.2479555606842041,0.027479171752929688,0.0,0.0,1,1,0.016108893324824028,0.016108893324824028,0.2508530616760254,0.02664351463317871,76,11,-0.01611,-0.01611,1,1
2500,19,NtGrbld,Problem6,6.344131569286608e-17,0.14285714285714282,0.14285714285714282,0.2563490867614746,0.01656031608581543,0.0|0.28571,0.0|0.28571,2,2,0.1473263019684685,0.1473263019684685,0.23341822624206543,0.015589237213134766,76,3,0.00878|0.28587,0.00878|0.28587,2,2
2500,20,DS_NTOK,PrtPort,0.0,1.0,0.75,0.2313072681427002,0.018187522888183594,0.0|1.5,0.0|1.5,2,2,0.9753508359128208,0.7485304879229258,0.24488234519958496,0.017055511474609375,76,5,0.00249|1.42899|1.49457,0.00249|1.49457,3,2
2500,21,TTOK,NnPSGrphc,0.0,0.0,0.0,0.2152576446533203,0.009339332580566406,0.0,0.0,1,1,0.001774116476174396,0.0014504876068193958,0.2446596622467041,0.00848698616027832,76,2,-0.00337|0.0005|0.00145,0.00145,3,1
2500,22,DSApplctn,LclOK,0.0,0.375,0.375,0.232588529586792,0.016396045684814453,0.0|0.75,0.0|0.75,2,2,0.3912364910614637,0.3912364910614637,0.24523210525512695,0.015332937240600586,76,3,-0.04241|0.74006,-0.04241|0.74006,2,2
2500,23,NetPrint,DS_LCLOK,0.0,0.0,0.0,0.39714956283569336,0.032067298889160156,0.0,0.0,1,1,0.07940242139105723,0.07940242139105723,0.2364962100982666,0.01126408576965332,76,5,0.0794,0.0794,1,1
2500,24,PrtStatOff,GrphcsRltdDrvrSttngs,0.0,0.0,0.0,0.258744478225708,0.020416259765625,0.0,0.0,1,1,0.025410120453412424,0.025410120453412424,0.2498791217803955,0.018404722213745117,76,5,0.02541,0.02541,1,1
2500,25,PrtPScript,CblPrtHrdwrOK,3.5950078892624117e-16,0.0,0.0,0.26425695419311523,0.029280662536621094,0.0,0.0,1,1,0.017804094303863788,0.017804094303863788,0.21036314964294434,0.03981184959411621,76,16,-0.0178,-0.0178,1,1
2500,26,NetOK,LclGrbld,0.0,0.0,0.0,0.23586678504943848,0.008193492889404297,0.0,0.0,1,1,0.01862556109198668,0.004773896869175271,0.23787665367126465,0.003674745559692383,76,2,-0.03248|-0.00477,-0.00477,2,1
2500,27,Problem6,DskLocal,0.0,0.0,0.0,0.24559950828552246,0.020991802215576172,0.0,0.0,1,1,0.015468907075110044,0.013782927034944048,0.22856545448303223,0.015332698822021484,76,8,-0.01983|-0.01881|-0.01378|-0.00946,-0.01378,4,1
2500,28,GrphcsRltdDrvrSttngs,DS_NTOK,0.0,0.0,0.0,0.21416974067687988,0.022990703582763672,0.0,0.0,1,1,0.01815276634774725,0.01815276634774725,0.24848580360412598,0.020967721939086914,76,5,-0.01815,-0.01815,1,1
2500,29,AvlblVrtlMmry,ScrnFntNtPrntrFnt,0.0,0.0,0.0,0.21869969367980957,0.009232282638549805,0.0,0.0,1,1,0.039341758576299006,0.039341758576299006,0.1874394416809082,0.009270191192626953,76,6,0.03934,0.03934,1,1
2500,30,CmpltPgPrntd,AppData,0.0,0.0,0.0,0.15509605407714844,0.02558159828186035,0.0,0.0,1,1,0.01126859722132135,0.0014929905453273775,0.2052454948425293,0.03938698768615723,76,13,-0.01243|0.00149|0.00531|0.01262|0.01636|0.01939,0.00149,6,1
2500,31,CblPrtHrdwrOK,PrntPrcssTm,0.0,0.0,0.0,0.16407251358032227,0.009766101837158203,0.0,0.0,1,1,0.017437124037381718,0.017437124037381718,0.2199263572692871,0.013129711151123047,76,7,0.01744,0.01744,1,1
2500,32,AppOK,GrbldOtpt,-7.853367079453739e-16,0.0,0.0,0.1747441291809082,0.039231061935424805,-0.0,-0.0,1,1,0.008091799695209461,0.008091799695209461,0.24700164794921875,0.04246854782104492,76,13,0.00809,0.00809,1,1
2500,33,DS_NTOK,PrtPort,0.0,1.0,0.75,0.23204326629638672,0.01781463623046875,0.0|1.5,0.0|1.5,2,2,1.0145634468098965,0.7716277186779257,0.2346510887145996,0.01749587059020996,76,5,-0.04619|1.49707|1.50043,-0.04619|1.49707,3,2
2500,34,DeskPrntSpd,NtGrbld,0.0,0.0,0.0,0.2438197135925293,0.009380817413330078,0.0,0.0,1,1,0.008433449212150263,0.0024274449918034974,0.21305584907531738,0.00850987434387207,76,2,-0.01053|0.00209|0.00243|0.01196|0.01516,0.00243,5,1
2500,35,PrtMpTPth,PrtSel,2.6645352591003756e-16,0.2999999999999999,0.2999999999999999,0.23263287544250488,0.03547072410583496,0.0|0.6,0.0|0.6,2,2,0.3080773430682063,0.3080773430682063,0.21954607963562012,0.01697993278503418,76,6,0.01602|0.60014,0.01602|0.60014,2,2
2500,36,PrtStatOff,AppDtGnTm,0.0,0.0,0.0,0.2358691692352295,0.013424396514892578,0.0,0.0,1,1,0.006169367037368825,0.006169367037368825,0.24410700798034668,0.0111083984375,76,4,0.00617,0.00617,1,1
2500,37,REPEAT,DataFile,0.0,0.0,0.0,0.24654769897460938,0.04857468605041504,0.0,0.0,1,1,0.00517937312548539,0.00517937312548539,0.24499177932739258,0.04680776596069336,76,14,0.00518,0.00518,1,1
2500,38,DS_LCLOK,PrntPrcssTm,0.0,0.0,0.0,0.2278292179107666,0.009429454803466797,0.0,0.0,1,1,0.011325466643703529,0.001954109592587101,0.25052976608276367,0.00872492790222168,76,2,-0.0207|-0.00195,-0.00195,2,1
2500,39,DeskPrntSpd,PrtTimeOut,0.0,0.0,0.0,0.22962498664855957,0.009515523910522461,0.0,0.0,1,1,0.03310785309098903,0.003379679456294263,0.23293089866638184,0.008885622024536133,76,2,0.00338|0.02195|0.02869|0.04372|0.0678,0.00338,5,1
2500,40,AvlblVrtlMmry,PrtMem,-2.5376526277146434e-16,0.0,0.0,0.2514829635620117,0.05769538879394531,-0.0,-0.0,1,1,0.025465579920241406,0.025465579920241406,0.24280619621276855,0.05300760269165039,76,19,-0.02547,-0.02547,1,1
2500,41,PrtStatToner,PSGRAPHIC,0.0,0.0,0.0,0.2540626525878906,0.009299039840698242,0.0,0.0,1,1,0.015701741902058274,0.015701741902058274,0.23389577865600586,0.00850224494934082,76,2,-0.0157,-0.0157,1,1
2500,42,Problem1,GrphcsRltdDrvrSttngs,0.0,0.0,0.0,0.24908661842346191,0.021695613861083984,0.0,0.0,1,1,0.0032159509634391093,0.0035648440004225975,0.25550389289855957,0.018246173858642578,76,5,-0.00356|0.00287,-0.00356,2,1
2500,43,HrglssDrtnAftrPrnt,TstpsTxt,0.0,0.0,0.0,0.24170684814453125,0.00955343246459961,0.0,0.0,1,1,0.02115017741693059,0.02115017741693059,0.24471187591552734,0.008418798446655273,76,2,0.02115,0.02115,1,1
2500,44,PgOrnttnOK,NnTTOK,0.0,0.0,0.0,0.23060274124145508,0.009324073791503906,0.0,0.0,1,1,0.015613196110147668,0.0011596035535504695,0.2376399040222168,0.008445978164672852,76,2,-0.03007|0.00116,0.00116,2,1
2500,45,PTROFFLINE,NetPrint,0.0,0.0,0.0,0.2655165195465088,0.02024078369140625,0.0,0.0,1,1,0.05803286348988505,0.05803286348988505,0.24975824356079102,0.018690109252929688,76,8,0.05803,0.05803,1,1
2500,46,DS_NTOK,Problem6,0.0,0.0,0.0,0.23264646530151367,0.011011838912963867,0.0,0.0,1,1,0.015463894603910426,0.0036351515395733358,0.2615513801574707,0.00888204574584961,76,2,-0.02468|-0.01807|-0.00364,-0.00364,3,1
2500,47,TnrSpply,PgOrnttnOK,0.0,0.0,0.0,0.26487159729003906,0.01376962661743164,0.0,0.0,1,1,0.03358390953181529,0.03358390953181529,0.36965274810791016,0.013228416442871094,76,4,-0.03358,-0.03358,1,1
2500,48,PrtStatToner,PrtStatOff,0.0,0.0,0.0,0.19878506660461426,0.009911298751831055,0.0,0.0,1,1,0.0012316085744600914,0.0012316085744600914,0.2413935661315918,0.010303497314453125,76,2,0.00123,0.00123,1,1
2500,49,NnTTOK,PrtSel,0.0,0.0,0.0,0.24277448654174805,0.01665353775024414,0.0,0.0,1,1,0.01927522100602276,0.009551787128285994,0.26098203659057617,0.015687227249145508,76,5,-0.03095|-0.01732|-0.00955,-0.00955,3,1
2500,50,PrntrAccptsTrtyp,NtGrbld,0.0,0.0,0.0,0.24227118492126465,0.01168966293334961,0.0,0.0,1,1,0.019372004746681208,0.010427690101699,0.22511577606201172,0.010841846466064453,76,2,-0.02832|-0.01043,-0.01043,2,1
2500,51,TstpsTxt,IncmpltPS,0.0,0.0,0.0,0.2744741439819336,0.0046579837799072266,0.0,0.0,1,1,0.0025171769683763807,0.0025171769683763807,0.24486970901489258,0.007716655731201172,76,2,0.00252,0.00252,1,1
2500,52,PrtPath,PrtPort,-4.736951571734001e-16,0.0,0.0,0.2636551856994629,0.021838665008544922,-0.0,-0.0,1,1,0.04935697273238218,0.04935697273238218,0.19460487365722656,0.02201080322265625,76,7,-0.04936,-0.04936,1,1
2500,53,DataFile,TTOK,0.0,0.0,0.0,0.21757078170776367,0.04897046089172363,0.0,0.0,1,1,0.036990797350976684,0.036990797350976684,0.2559964656829834,0.03815054893493652,76,14,0.03699,0.03699,1,1
2500,54,PC2PRT,FntInstlltn,0.0,0.0,0.0,0.23334646224975586,0.022234678268432617,0.0,0.0,1,1,0.01663610396890403,0.004109927922798151,0.2185516357421875,0.021610736846923828,76,5,-0.03875|-0.02836|-0.01574|-0.01539|-0.01309|-0.00411|0.00102,-0.00411,7,1
2500,55,NetPrint,PrtStatToner,0.0,0.0,0.0,0.2358717918395996,0.010675907135009766,0.0,0.0,1,1,0.02872067033677995,0.02872067033677995,0.2571742534637451,0.014565706253051758,76,5,-0.02872,-0.02872,1,1
2500,56,GrbldPS,PrtPath,0.0,0.0,0.0,0.20839667320251465,0.019209623336791992,0.0,0.0,1,1,0.020136017295643592,0.006006460636495625,0.2394406795501709,0.019786596298217773,76,5,-0.02677|-0.02518|-0.02259|-0.00601,-0.00601,4,1
2500,57,PrtQueue,REPEAT,0.0,0.0,0.0,0.23387765884399414,0.009569406509399414,0.0,0.0,1,1,0.012515583479777846,0.002430637225619283,0.21320462226867676,0.026522159576416016,76,2,0.00243|0.0226,0.00243,2,1
2500,58,GDIIN,DeskPrntSpd,0.0,0.0,0.0,0.23578429222106934,0.01560831069946289,0.0,0.0,1,1,0.0070427821734765405,0.0070427821734765405,0.25356149673461914,0.014927387237548828,76,6,-0.00704,-0.00704,1,1
2500,59,EPSGrphc,PrtDriver,0.0,0.0,0.0,0.24292588233947754,0.030375003814697266,0.0,0.0,1,1,0.022626390432303748,0.022626390432303748,0.23914241790771484,0.02956390380859375,76,12,-0.02263,-0.02263,1,1
2500,60,DrvSet,PrtDriver,0.0,0.0,0.0,0.2418062686920166,0.024051427841186523,0.0,0.0,1,1,0.049075504469506134,0.049075504469506134,0.24136066436767578,0.02216649055480957,76,9,-0.04908,-0.04908,1,1
2500,61,AppOK,CblPrtHrdwrOK,1.495879443705474e-16,0.0,0.0,0.22689485549926758,0.05068802833557129,0.0,0.0,1,1,0.018050391924944738,0.018050391924944738,0.24701547622680664,0.04564499855041504,76,16,-0.01805,-0.01805,1,1
2500,62,AppOK,GrbldPS,-3.9266835397268693e-16,0.0,0.0,0.2643928527832031,0.06016278266906738,-0.0,-0.0,1,1,0.028226563697037525,0.028226563697037525,0.23313641548156738,0.042285919189453125,76,14,0.02823,0.02823,1,1
2500,63,DS_NTOK,NtSpd,0.0,0.0,0.0,0.24301576614379883,0.009433746337890625,0.0,0.0,1,1,0.013041463614028151,0.00309331514526309,0.24695348739624023,0.008697271347045898,76,2,0.00309|0.01378|0.02225,0.00309,3,1
2500,64,LclOK,NnTTOK,0.0,0.0,0.0,0.23851895332336426,0.011200428009033203,0.0,0.0,1,1,0.0034426041171025552,0.0014234783451110942,0.2522101402282715,0.010172605514526367,76,2,-0.00142|0.00546,-0.00142,2,1
2500,65,DS_NTOK,TrTypFnts,0.0,0.0,0.0,0.24254679679870605,0.009551763534545898,0.0,0.0,1,1,0.018070583802918334,0.0020974732238224917,0.23302388191223145,0.008565425872802734,76,2,0.0021|0.02323|0.02888,0.0021,3,1
2500,66,NtGrbld,PSERRMEM,0.0,0.0,0.0,0.25022077560424805,0.009373188018798828,0.0,0.0,1,1,0.010823553304867124,0.004013307527112062,0.24782371520996094,0.008714914321899414,76,2,-0.01763|-0.00401,-0.00401,2,1
2500,67,PrtStatMem,PC2PRT,0.0,0.0,0.0,0.23326992988586426,0.01110696792602539,0.0,0.0,1,1,0.0018244606897317632,0.0018244606897317632,0.23735666275024414,0.010491371154785156,76,2,-0.00182,-0.00182,1,1
2500,68,PSGRAPHIC,LclOK,0.0,0.0,0.0,0.25206542015075684,0.00946044921875,0.0,0.0,1,1,0.0033853313933691997,0.004802087663492687,0.24211668968200684,0.008588314056396484,76,2,-0.00197|0.0048,0.0048,2,1
2500,69,Problem5,CblPrtHrdwrOK,0.0,0.0,0.0,0.22504186630249023,0.02103567123413086,0.0,0.0,1,1,0.03182445380639365,0.018743525802389666,0.23904967308044434,0.019984722137451172,76,7,-0.0383|-0.03797|-0.03228|-0.01874,-0.01874,4,1
2500,70,AppOK,PrtStatMem,0.0,0.0,0.0,0.24288463592529297,0.05962729454040527,0.0,0.0,1,1,0.021109468939454583,0.021109468939454583,0.23874521255493164,0.0415041446685791,76,14,-0.02111,-0.02111,1,1
2500,71,FllCrrptdBffr,EMFOK,0.0,0.3333333333333333,0.3333333333333333,0.2474536895751953,0.02107548713684082,0.0|0.66667,0.0|0.66667,2,2,0.33617392592526296,0.33617392592526296,0.22408056259155273,0.01997518539428711,76,8,0.00504|0.6673,0.00504|0.6673,2,2
2500,72,ScrnFntNtPrntrFnt,GDIOUT,0.0,0.0,0.0,0.43499255180358887,0.016998767852783203,0.0,0.0,1,1,0.015999030349820975,0.0030729785891138012,0.26629018783569336,0.013892173767089844,76,5,-0.00307|0.02893,-0.00307,2,1
2500,73,DSApplctn,DrvOK,0.0,0.375,0.375,0.23127198219299316,0.02014636993408203,0.0|0.75,0.0|0.75,2,2,0.3869726928023839,0.3869726928023839,0.2605438232421875,0.02003622055053711,76,6,0.02403|0.74992,0.02403|0.74992,2,2
2500,74,NtGrbld,AppDtGnTm,0.0,0.0,0.0,0.26473355293273926,0.013741493225097656,0.0,0.0,1,1,0.011095105898334573,3.3003060534928296e-05,0.2095656394958496,0.01695704460144043,76,4,-0.02216|-3e-05,-3e-05,2,1
2500,75,PrtStatToner,GrbldOtpt,0.0,0.0,0.0,0.25611042976379395,0.011580944061279297,0.0,0.0,1,1,0.008149237920463341,0.008149237920463341,0.250413179397583,0.011955976486206055,76,2,-0.00815,-0.00815,1,1
2500,76,Problem4,GrphcsRltdDrvrSttngs,2.0,0.6666666666666666,0.6666666666666666,0.1816263198852539,0.02009868621826172,1.0|2.0,1.0|2.0,2,2,0.7002145409512709,0.7002145409512709,0.25557732582092285,0.021289825439453125,76,4,0.93816|0.97201|1.98919,0.93816|0.97201|1.98919,3,3
2500,77,PrtStatOff,PrtPScript,0.0,0.0,0.0,0.2596724033355713,0.02908802032470703,0.0,0.0,1,1,0.02196389741869696,0.02196389741869696,0.25135111808776855,0.0424044132232666,76,10,0.02196,0.02196,1,1
2500,78,Problem5,Problem6,0.0,0.0,0.0,0.2834606170654297,0.00980997085571289,0.0,0.0,1,1,0.06304939969599946,0.03073891570170465,0.2622795104980469,0.009071588516235352,76,2,-0.08805|-0.07123|-0.06218|-0.03074,-0.03074,4,1
2500,79,DataFile,LclOK,-7.853367079453739e-16,0.0,0.0,0.26017022132873535,0.050061941146850586,-0.0,-0.0,1,1,0.0033741532993448392,0.0033741532993448392,0.26832032203674316,0.04501652717590332,76,14,-0.00337,-0.00337,1,1
2500,80,ScrnFntNtPrntrFnt,PrtPaper,0.0,0.0,0.0,0.25197601318359375,0.012298107147216797,0.0,0.0,1,1,0.01157311700935657,0.0017607708992739837,0.27205348014831543,0.010962963104248047,76,4,0.00176|0.02139,0.00176,2,1
2500,81,PrtPath,Problem4,0.0,0.0,0.0,0.23489022254943848,0.019287586212158203,0.0,0.0,1,1,0.019064917192104826,0.019064917192104826,0.24259471893310547,0.0176546573638916,76,5,0.01906,0.01906,1,1
2500,82,Problem5,DS_NTOK,0.0,0.0,0.0,0.23649382591247559,0.00956583023071289,0.0,0.0,1,1,0.00819625033718116,0.004321454877562235,0.23897767066955566,0.008584260940551758,76,2,-0.01815|0.00408|0.00432|0.00623,0.00432,4,1
2500,83,PrtDataOut,PrtThread,1.0000000000000004,0.0,0.0,0.23384308815002441,0.015887022018432617,1.0,1.0,1,1,0.020989447345524548,0.020989447345524548,0.24064373970031738,0.014380693435668945,76,7,1.02099,1.02099,1,1
2500,84,DrvSet,Problem4,0.0,0.0,0.0,0.23733830451965332,0.03614401817321777,0.0,0.0,1,1,0.010726729918476275,0.010726729918476275,0.22311639785766602,0.01817011833190918,76,6,0.01073,0.01073,1,1
2500,85,PrtMem,NtSpd,0.0,0.0,0.0,0.2371201515197754,0.04351067543029785,0.0,0.0,1,1,0.0047897664178143656,0.0047897664178143656,0.24889421463012695,0.04241299629211426,76,15,0.00479,0.00479,1,1
2500,86,PrtPScript,PrtFile,0.0,0.0,0.0,0.2468852996826172,0.023991823196411133,0.0,0.0,1,1,0.01048324958528305,0.01048324958528305,0.23756694793701172,0.023044824600219727,76,10,0.01048,0.01048,1,1
2500,87,Problem2,PrtPort,0.0,0.0,0.0,0.23476123809814453,0.01898813247680664,0.0,0.0,1,1,0.05579598792759924,0.025709062469034497,0.2447798252105713,0.017787456512451172,76,5,-0.08036|-0.07868|-0.03843|-0.02571,-0.02571,4,1
2500,88,PrtSel,PrtStatOff,0.0,0.0,0.0,0.21217060089111328,0.013714790344238281,0.0,0.0,1,1,0.017941292698638714,0.017941292698638714,0.24435758590698242,0.012862443923950195,76,5,0.01794,0.01794,1,1
2500,89,TnrSpply,PrtPaper,0.0,0.0,0.0,0.2449183464050293,0.01215505599975586,0.0,0.0,1,1,0.007985579978923312,0.007985579978923312,0.2552499771118164,0.011173725128173828,76,5,0.00799,0.00799,1,1
2500,90,PrtIcon,PrtPScript,0.0,0.0,0.0,0.23360395431518555,0.04918670654296875,0.0,0.0,1,1,0.00663049203084289,0.00663049203084289,0.23032331466674805,0.025670289993286133,76,10,-0.00663,-0.00663,1,1
2500,91,NtGrbld,PrtStatToner,0.0,0.0,0.0,0.24706053733825684,0.009477615356445312,0.0,0.0,1,1,0.015445553260009274,0.003396138582531709,0.24360299110412598,0.00949716567993164,76,2,-0.02749|-0.0034,-0.0034,2,1
2500,92,FllCrrptdBffr,PgOrnttnOK,0.0,0.0,0.0,0.23357367515563965,0.009320974349975586,0.0,0.0,1,1,0.0033746615903848176,0.004058954815788692,0.27187299728393555,0.00864100456237793,76,2,0.00269|0.00406,0.00406,2,1
2500,93,PrtStatPaper,PrtQueue,0.0,0.0,0.0,0.25920748710632324,0.009171724319458008,0.0,0.0,1,1,0.007973063225261178,0.007973063225261178,0.26656341552734375,0.008666038513183594,76,2,-0.00797,-0.00797,1,1
2500,94,DrvSet,PrtMem,6.344131569286608e-17,0.0,0.0,0.21990323066711426,0.05475139617919922,0.0,0.0,1,1,0.00932952946710555,0.00932952946710555,0.2635326385498047,0.06734466552734375,76,19,-0.00933,-0.00933,1,1
2500,95,PrtThread,PrtMem,0.0,0.0,0.0,0.22745251655578613,0.08427739143371582,0.0,0.0,1,1,0.03217403257875419,0.03217403257875419,0.1986069679260254,0.09315061569213867,76,21,0.03217,0.03217,1,1
2500,96,Problem6,DataFile,4.0,2.5,2.0,0.271486759185791,0.03158760070800781,0.0|2.0|4.0,0.0|4.0,3,2,2.449976530869528,1.9599911543900266,0.3145449161529541,0.03689169883728027,76,14,0.07984|0.08141|2.04024|3.9986,0.08141|3.9986,4,2
2500,97,NtwrkCnfg,TrTypFnts,0.0,0.0,0.0,0.16293692588806152,0.011464357376098633,0.0,0.0,1,1,0.046530549159313504,0.046530549159313504,0.12259912490844727,0.009440183639526367,76,9,-0.04653,-0.04653,1,1
2500,98,PrtPort,PSGRAPHIC,0.0,0.0,0.0,0.2124946117401123,0.014711618423461914,0.0,0.0,1,1,0.004581122313884713,0.004581122313884713,0.12842392921447754,0.018587589263916016,76,5,-0.00458,-0.00458,1,1
2500,99,DS_LCLOK,DeskPrntSpd,0.0,0.0,0.0,0.12884855270385742,0.0058536529541015625,0.0,0.0,1,1,0.015359384362229639,0.006111957857729448,0.20435190200805664,0.00726008415222168,76,2,-0.02461|-0.00611,-0.00611,2,1
5000,0,PrtDataOut,PrtOn,0.0,0.0,0.0,0.21825933456420898,0.02084040641784668,0.0,0.0,1,1,0.0005848379602057814,0.0005848379602057814,0.2364180088043213,0.03545832633972168,76,6,-0.00058,-0.00058,1,1
5000,1,Problem6,NnTTOK,0.0,0.0,0.0,0.2569849491119385,0.006995677947998047,0.0,0.0,1,1,0.006698035877428067,0.004167159358380859,0.28093791007995605,0.003589153289794922,76,2,0.00373|0.00417|0.00455|0.01434,0.00417,4,1
5000,2,GrbldOtpt,NtSpd,0.0,0.0,0.0,0.21170377731323242,0.0043332576751708984,0.0,0.0,1,1,0.00920647055750407,0.001349539773780068,0.22972798347473145,0.008841514587402344,76,2,-0.00992|-0.00935|0.00135|0.00186|0.01504|0.01772,0.00135,6,1
5000,3,DrvSet,DS_NTOK,0.0,0.0,0.0,0.2482588291168213,0.019709110260009766,0.0,0.0,1,1,0.05161323499677781,0.05161323499677781,0.2590973377227783,0.015753746032714844,76,6,-0.05161,-0.05161,1,1
5000,4,NnTTOK,GrbldOtpt,0.0,0.0,0.0,0.2385108470916748,0.009389877319335938,0.0,0.0,1,1,0.013142199297737097,0.007257743237250122,0.25072503089904785,0.008440971374511719,76,2,-0.01695|-0.01522|-0.00726,-0.00726,3,1
5000,5,PrtPort,Problem2,0.0,0.0,0.0,0.2523970603942871,0.01708078384399414,0.0,0.0,1,1,0.013681903702120999,0.013681903702120999,0.2589998245239258,0.017731666564941406,76,5,-0.01368,-0.01368,1,1
5000,6,TstpsTxt,PrtPort,0.0,0.0,0.0,0.22809529304504395,0.01880931854248047,0.0,0.0,1,1,0.011675955025808427,0.011675955025808427,0.24007415771484375,0.017775535583496094,76,5,0.01168,0.01168,1,1
5000,7,DSApplctn,Problem3,0.0,0.0,0.0,0.21301913261413574,0.009279966354370117,0.0,0.0,1,1,0.0064992950188097745,0.0007560776769259815,0.22974514961242676,0.008497953414916992,76,2,0.00076|0.01224,0.00076,2,1
5000,8,DataFile,Problem5,0.0,0.0,0.0,0.22322797775268555,0.04395174980163574,0.0,0.0,1,1,0.0036513614681396825,0.0036513614681396825,0.26153135299682617,0.06886506080627441,76,14,0.00365,0.00365,1,1
5000,9,LclGrbld,IncmpltPS,0.0,0.0,0.0,0.24320530891418457,0.009491682052612305,0.0,0.0,1,1,0.008129951761874454,0.002034048078061267,0.2585306167602539,0.008563995361328125,76,2,0.00203|0.01423,0.00203,2,1
5000,10,CblPrtHrdwrOK,PrtDataOut,1.9308226515220113e-17,0.0,0.0,0.23041152954101562,0.01959085464477539,0.0,0.0,1,1,0.0345885876336398,0.0345885876336398,0.24377083778381348,0.018664121627807617,76,8,-0.03459,-0.03459,1,1
5000,11,PrtThread,PgOrnttnOK,0.0,0.0,0.0,0.24544453620910645,0.017960071563720703,0.0,0.0,1,1,0.0008778599786097275,0.0008778599786097275,0.2523970603942871,0.01700878143310547,76,8,0.00088,0.00088,1,1
5000,12,EMFOK,PrtStatToner,0.0,0.0,0.0,0.23212432861328125,0.01767277717590332,0.0,0.0,1,1,0.0019359137736004212,0.0019359137736004212,0.2370295524597168,0.018546104431152344,76,7,-0.00194,-0.00194,1,1
5000,13,NnPSGrphc,PrtFile,0.0,0.0,0.0,0.24702215194702148,0.009265661239624023,0.0,0.0,1,1,0.013459981236799813,0.003091404812582199,0.2538621425628662,0.009671926498413086,76,2,-0.02383|-0.00309,-0.00309,2,1
5000,14,PC2PRT,ScrnFntNtPrntrFnt,0.0,0.0,0.0,0.2610900402069092,0.01106405258178711,0.0,0.0,1,1,0.006674839881839037,0.0008791342282414033,0.2469043731689453,0.010601282119750977,76,2,-0.00194|0.00088|0.00137|0.00508|0.00715|0.01215|0.01815,0.00088,7,1
5000,15,PrtFile,DskLocal,1.0,0.0,0.0,0.21677446365356445,0.01545095443725586,1.0,1.0,1,1,0.01762636620146818,0.01762636620146818,0.24674272537231445,0.01455378532409668,76,7,1.01763,1.01763,1,1
5000,16,REPEAT,PrtData,0.0,0.0,0.0,0.2731211185455322,0.00983881950378418,0.0,0.0,1,1,0.01955576410634102,0.01955576410634102,0.24528145790100098,0.027306556701660156,76,2,0.01956,0.01956,1,1
5000,17,PrtPScript,GDIOUT,0.0,0.0,0.0,0.24709033966064453,0.031548500061035156,0.0,0.0,1,1,0.015930650480175338,0.015930650480175338,0.25055909156799316,0.03126192092895508,76,13,0.01593,0.01593,1,1
5000,18,HrglssDrtnAftrPrnt,PrntPrcssTm,0.0,0.0,0.0,0.24706697463989258,0.011127233505249023,0.0,0.0,1,1,0.006108461253704605,0.006108461253704605,0.24230194091796875,0.010028600692749023,76,2,0.00611,0.00611,1,1
5000,19,Problem2,Problem3,0.0,0.0,0.0,0.23461294174194336,0.009215831756591797,0.0,0.0,1,1,0.027458094749240734,0.01327607610931912,0.2513105869293213,0.008991003036499023,76,2,-0.04182|-0.04032|-0.01442|-0.01328,-0.01328,4,1
5000,20,GrbldPS,NnPSGrphc,0.0,0.0,0.0,0.24245500564575195,0.009449243545532227,0.0,0.0,1,1,0.038411021287589026,0.015259576387327858,0.24496793746948242,0.008720636367797852,76,2,-0.05572|-0.05559|-0.02707|-0.01526,-0.01526,4,1
5000,21,PTROFFLINE,PrtTimeOut,0.0,0.0,0.0,0.38332223892211914,0.01013946533203125,0.0,0.0,1,1,0.016871749979099817,0.016871749979099817,0.1690213680267334,0.010367631912231445,76,7,-0.01687,-0.01687,1,1
5000,22,REPEAT,NetOK,0.0,0.0,0.0,0.1336679458618164,0.004835844039916992,0.0,0.0,1,1,0.018309495525815057,0.018309495525815057,0.10822343826293945,0.0029587745666503906,76,2,0.01831,0.01831,1,1
5000,23,PrtQueue,AvlblVrtlMmry,0.0,0.0,0.0,0.1113593578338623,0.007815361022949219,0.0,0.0,1,1,0.006689241632481186,0.0026102500624184863,0.18797802925109863,0.014905691146850586,76,6,0.00261|0.01077,0.00261,2,1
5000,24,PrtDataOut,PSGRAPHIC,0.0,0.0,0.0,0.13870525360107422,0.004737138748168945,0.0,0.0,1,1,0.00017771719951171195,0.00017771719951171195,0.144059419631958,0.0071370601654052734,76,4,0.00018,0.00018,1,1
5000,25,PrtThread,PrtSel,3.9474596431116675e-16,0.0,0.0,0.13339447975158691,0.012512683868408203,0.0,0.0,1,1,0.025321988345658554,0.025321988345658554,0.10511040687561035,0.024197101593017578,76,8,0.02532,0.02532,1,1
5000,26,GDIOUT,PrtMem,7.401486830834377e-17,0.0,0.0,0.12512421607971191,0.0244901180267334,0.0,0.0,1,1,0.009145152330242356,0.009145152330242356,0.13719630241394043,0.0220792293548584,76,18,-0.00915,-0.00915,1,1
5000,27,PrtFile,NetPrint,0.0,0.0,0.0,0.14022278785705566,0.011187553405761719,0.0,0.0,1,1,0.0074758121158218,0.0074758121158218,0.14166736602783203,0.007230281829833984,76,5,-0.00748,-0.00748,1,1
5000,28,Problem2,PSGRAPHIC,0.0,0.0,0.0,0.11993050575256348,0.0037775039672851562,0.0,0.0,1,1,0.012464381500682239,0.0025838423524936357,0.14107203483581543,0.003228425979614258,76,2,0.00258|0.00926|0.01897|0.01904,0.00258,4,1
5000,29,GrphcsRltdDrvrSttngs,PrtIcon,0.0,0.0,0.0,0.1475071907043457,0.009304523468017578,0.0,0.0,1,1,0.003790135182415348,0.003790135182415348,0.11780905723571777,0.007700443267822266,76,5,-0.00379,-0.00379,1,1
5000,30,PrtSel,TrTypFnts,0.0,0.0,0.0,0.16460776329040527,0.008518457412719727,0.0,0.0,1,1,0.002898611759856489,0.002898611759856489,0.12822175025939941,0.0068128108978271484,76,5,0.0029,0.0029,1,1
5000,31,CmpltPgPrntd,Problem6,0.0,0.0,0.0,0.11902475357055664,0.005776405334472656,0.0,0.0,1,1,0.004659484035459008,0.0010868305080554159,0.14467835426330566,0.003139972686767578,76,2,-0.01363|-0.00529|-0.00453|-0.00307|-0.00109|0.00035,-0.00109,6,1
5000,32,CblPrtHrdwrOK,PgOrnttnOK,0.0,0.0,0.0,0.1409168243408203,0.02376532554626465,0.0,0.0,1,1,0.013084052215024584,0.013084052215024584,0.11258935928344727,0.008939981460571289,76,7,-0.01308,-0.01308,1,1
5000,33,PrntPrcssTm,Problem2,6.344131569286608e-17,0.14285714285714282,0.14285714285714282,0.12102651596069336,0.010852813720703125,0.0|0.28571,0.0|0.28571,2,2,0.15125586018804774,0.15125586018804774,0.12607216835021973,0.007736921310424805,76,3,-0.01691|0.28561,-0.01691|0.28561,2,2
5000,34,NtGrbld,PrtPort,0.0,0.0,0.0,0.13917326927185059,0.008781671524047852,0.0,0.0,1,1,0.0008620976899349551,0.0006843312259638538,0.11476683616638184,0.009485721588134766,76,5,-0.00068|0.00104,-0.00068,2,1
5000,35,PrtStatToner,NetOK,0.0,0.0,0.0,0.12215137481689453,0.0074062347412109375,0.0,0.0,1,1,0.011460499522159525,0.011460499522159525,0.11838912963867188,0.004556894302368164,76,2,-0.01146,-0.01146,1,1
5000,36,DataFile,ScrnFntNtPrntrFnt,0.0,0.0,0.0,0.22971463203430176,0.042688846588134766,0.0,0.0,1,1,0.012043098394771414,0.012043098394771414,0.23056292533874512,0.04320383071899414,76,14,0.01204,0.01204,1,1
5000,37,NnPSGrphc,DS_LCLOK,0.0,0.0,0.0,0.2148604393005371,0.009456396102905273,0.0,0.0,1,1,0.012958472055063274,0.006174528649383744,0.23073315620422363,0.00871729850769043,76,2,0.00617|0.01974,0.00617,2,1
5000,38,PrtSpool,PrtPaper,-3.489272363107635e-16,0.0,0.0,0.2127983570098877,0.02715468406677246,-0.0,-0.0,1,1,0.018300837601802993,0.018300837601802993,0.22954726219177246,0.04355502128601074,76,13,-0.0183,-0.0183,1,1
5000,39,TstpsTxt,PrntngArOK,0.0,0.0,0.0,0.23249125480651855,0.009221076965332031,0.0,0.0,1,1,0.0027255018765516836,0.0027255018765516836,0.23361873626708984,0.008315563201904297,76,2,-0.00273,-0.00273,1,1
5000,40,Problem5,DrvOK,0.0,0.0,0.0,0.23264694213867188,0.019555091857910156,0.0,0.0,1,1,0.009390335154447245,0.0031677871500671436,0.24185490608215332,0.015564441680908203,76,6,-0.01956|-0.0081|-0.00673|-0.00317,-0.00317,4,1
5000,41,TTOK,NetOK,0.0,0.0,0.0,0.24667739868164062,0.009443283081054688,0.0,0.0,1,1,0.008042212128097284,0.0030389898476770798,0.25718116760253906,0.008708477020263672,76,2,0.00304|0.00911|0.01198,0.00304,3,1
5000,42,PgOrnttnOK,LclGrbld,0.0,0.0,0.0,0.23046016693115234,0.011293888092041016,0.0,0.0,1,1,0.006174356430387397,0.0012355225578147444,0.2498774528503418,0.009084224700927734,76,2,-0.01111|-0.00124,-0.00124,2,1
5000,43,Problem2,REPEAT,0.0,0.0,0.0,0.22975683212280273,0.009299755096435547,0.0,0.0,1,1,0.0063512840054649675,0.0029790023598861926,0.24465656280517578,0.008497953414916992,76,2,0.00298|0.00326|0.00328|0.01588,0.00298,4,1
5000,44,PrtStatOff,PrtStatMem,0.0,0.0,0.0,0.248823881149292,0.00930929183959961,0.0,0.0,1,1,0.0024501513164967787,0.0024501513164967787,0.24207425117492676,0.008508443832397461,76,2,0.00245,0.00245,1,1
5000,45,AppDtGnTm,GrphcsRltdDrvrSttngs,0.0,0.0,0.0,0.23731327056884766,0.019076824188232422,0.0,0.0,1,1,0.01565104615286273,0.01565104615286273,0.36707305908203125,0.01813983917236328,76,7,-0.01565,-0.01565,1,1
5000,46,GrphcsRltdDrvrSttngs,DS_NTOK,0.0,0.0,0.0,0.22108078002929688,0.018472909927368164,0.0,0.0,1,1,0.02087130425787015,0.02087130425787015,0.22629594802856445,0.017437219619750977,76,5,0.02087,0.02087,1,1
5000,47,PSGRAPHIC,PrtStatOff,0.0,0.0,0.0,0.23574018478393555,0.011341571807861328,0.0,0.0,1,1,0.021820964830736495,0.014175001885062937,0.21740126609802246,0.010008096694946289,76,2,0.01418|0.02947,0.01418,2,1
5000,48,PSGRAPHIC,PrtDriver,0.0,0.0,0.0,0.24637508392333984,0.04643750190734863,0.0,0.0,1,1,0.008093198558865112,0.005125758012516674,0.2159121036529541,0.023653745651245117,76,9,-0.01106|-0.00513,-0.00513,2,1
5000,49,PC2PRT,DrvOK,1.0,0.0,0.0,0.23350858688354492,0.013224124908447266,1.0,1.0,1,1,0.007803218039565486,0.0010681318111833704,0.2491135597229004,0.010071039199829102,76,5,0.99893|1.00076|1.00128|1.0108|1.01196|1.01354|1.01521,0.99893,7,1
5000,50,NtGrbld,PrtPScript,2.5376526277146434e-16,0.35714285714285704,0.35714285714285704,0.24101710319519043,0.025509119033813477,0.0|0.71429,0.0|0.71429,2,2,0.3616226856858422,0.3616226856858422,0.2367703914642334,0.02410292625427246,76,11,-0.01114|0.71211,-0.01114|0.71211,2,2
5000,51,CmpltPgPrntd,ScrnFntNtPrntrFnt,0.0,0.0,0.0,0.22467374801635742,0.009324312210083008,0.0,0.0,1,1,0.018415452286794493,0.002824605091682593,0.22968006134033203,0.008591413497924805,76,2,0.00282|0.013|0.0135|0.01563|0.02375|0.04179,0.00282,6,1
5000,52,PrtDataOut,NetPrint,2.6645352591003756e-16,0.0,0.0,0.22749996185302734,0.013367891311645508,0.0,0.0,1,1,0.03617682710756062,0.03617682710756062,0.24166107177734375,0.012556314468383789,76,6,0.03618,0.03618,1,1
5000,53,PrtStatPaper,DS_NTOK,0.0,0.0,0.0,0.20485281944274902,0.008741378784179688,0.0,0.0,1,1,0.009337806875251991,0.009337806875251991,0.17626166343688965,0.0074291229248046875,76,2,-0.00934,-0.00934,1,1
5000,54,FllCrrptdBffr,Problem4,0.0,0.0,0.0,0.22702670097351074,0.009460687637329102,0.0,0.0,1,1,0.0035223595522791053,0.0010151583392100237,0.22882580757141113,0.008967399597167969,76,2,-0.00603|-0.00102,-0.00102,2,1
5000,55,PC2PRT,PSGRAPHIC,0.0,0.0,0.0,0.23781180381774902,0.009901285171508789,0.0,0.0,1,1,0.0064152958854787525,0.001495262416732641,0.21632766723632812,0.009720325469970703,76,2,0.00112|0.0015|0.00339|0.00548|0.00638|0.00806|0.01899,0.0015,7,1
5000,56,PrtIcon,Problem3,0.0,0.0,0.0,0.22586894035339355,0.009125232696533203,0.0,0.0,1,1,0.0015471708535084003,0.0015471708535084003,0.24243783950805664,0.008343935012817383,76,2,-0.00155,-0.00155,1,1
5000,57,TstpsTxt,PrtIcon,0.0,0.0,0.0,0.24623394012451172,0.009306907653808594,0.0,0.0,1,1,0.01719167095784349,0.01719167095784349,0.26322460174560547,0.00834798812866211,76,2,0.01719,0.01719,1,1
5000,58,PrtDataOut,PrtDriver,1.0000000000000004,0.0,0.0,0.2339954376220703,0.02729511260986328,1.0,1.0,1,1,0.04339131941694152,0.04339131941694152,0.24770474433898926,0.022766590118408203,76,8,1.04339,1.04339,1,1
5000,59,PgOrnttnOK,FntInstlltn,0.0,0.0,0.0,0.23050665855407715,0.01897597312927246,0.0,0.0,1,1,0.005654500331187785,0.0015741755487103284,0.25348830223083496,0.018505573272705078,76,5,0.00157|0.00973,0.00157,2,1
5000,60,PrtStatPaper,GrbldOtpt,0.0,0.0,0.0,0.22929644584655762,0.009414196014404297,0.0,0.0,1,1,0.006385874617290092,0.006385874617290092,0.23766493797302246,0.008919000625610352,76,2,0.00639,0.00639,1,1
5000,61,PrtPath,NnTTOK,0.0,0.0,0.0,0.22709870338439941,0.018778324127197266,0.0,0.0,1,1,0.0018960825662374763,0.0018960825662374763,0.22985363006591797,0.017626285552978516,76,5,0.0019,0.0019,1,1
5000,62,DeskPrntSpd,NnPSGrphc,0.0,0.0,0.0,0.2221837043762207,0.009496688842773438,0.0,0.0,1,1,0.008052959725485295,0.002302687333450844,0.23074889183044434,0.008444070816040039,76,2,-0.00368|0.0023|0.00755|0.01103|0.0157,0.0023,5,1
5000,63,TnrSpply,DS_LCLOK,0.0,0.0,0.0,0.2137281894683838,0.01806020736694336,0.0,0.0,1,1,0.04238563572728746,0.04238563572728746,0.23073387145996094,0.01582622528076172,76,5,0.04239,0.04239,1,1
5000,64,Problem5,GDIIN,0.0,0.0,0.0,0.23459982872009277,0.015375375747680664,0.0,0.0,1,1,0.02377028024329818,0.009350685795360799,0.2146289348602295,0.014672279357910156,76,6,-0.03641|-0.0313|-0.01801|-0.00935,-0.00935,4,1
5000,65,PgOrnttnOK,LclOK,0.0,0.0,0.0,0.23245501518249512,0.00985264778137207,0.0,0.0,1,1,0.004105364958004393,0.002121863710910835,0.23373174667358398,0.00875401496887207,76,2,-0.00609|-0.00212,-0.00212,2,1
5000,66,EMFOK,AvlblVrtlMmry,0.0,0.0,0.0,0.2433321475982666,0.027870655059814453,0.0,0.0,1,1,0.004229933044628542,0.004229933044628542,0.2478179931640625,0.0241091251373291,76,11,0.00423,0.00423,1,1
5000,67,PrtOn,TTOK,0.0,0.0,0.0,0.24011778831481934,0.011796951293945312,0.0,0.0,1,1,0.01023537535148133,0.01023537535148133,0.23075127601623535,0.010943889617919922,76,4,0.01024,0.01024,1,1
5000,68,HrglssDrtnAftrPrnt,PSGRAPHIC,0.0,0.0,0.0,0.262148380279541,0.00835275650024414,0.0,0.0,1,1,0.0036229486785092028,0.0036229486785092028,0.2386608123779297,0.0075359344482421875,76,2,0.00362,0.00362,1,1
5000,69,AppDtGnTm,GrbldPS,0.0,0.0,0.0,0.23023080825805664,0.011740446090698242,0.0,0.0,1,1,0.029420162310920567,0.029420162310920567,0.2482013702392578,0.011028766632080078,76,4,-0.02942,-0.02942,1,1
5000,70,AppData,TTOK,0.0,0.0,0.0,0.3011617660522461,0.03097057342529297,0.0,0.0,1,1,0.004571773472073653,0.004571773472073653,0.14998888969421387,0.028783559799194336,76,13,0.00457,0.00457,1,1
5000,71,PrtFile,PrtMem,0.0,0.0,0.0,0.13940668106079102,0.02080678939819336,0.0,0.0,1,1,0.004016988613273192,0.004016988613273192,0.13098382949829102,0.029871702194213867,76,15,0.00402,0.00402,1,1
5000,72,Problem2,Problem3,0.0,0.0,0.0,0.14815425872802734,0.006559610366821289,0.0,0.0,1,1,0.03888207674326726,0.01947780632427881,0.15729427337646484,0.0051648616790771484,76,2,-0.06334|-0.06099|-0.01948|-0.01171,-0.01948,4,1
5000,73,DS_LCLOK,DrvSet,0.0,0.375,0.375,0.12462282180786133,0.00892496109008789,0.0|0.75,0.0|0.75,2,2,0.38089548738647977,0.38089548738647977,0.13862824440002441,0.006313800811767578,76,6,-0.01118|0.75061,-0.01118|0.75061,2,2
5000,74,Problem1,Problem6,0.0,0.0,0.0,0.19443893432617188,0.0065975189208984375,0.0,0.0,1,1,0.01413232651034705,0.008775672177003275,0.20435190200805664,0.005501985549926758,76,2,-0.01949|-0.00878,-0.00878,2,1
5000,75,Problem1,NetOK,1.0,0.5,0.5,0.17135071754455566,0.011881113052368164,0.0|1.0,0.0|1.0,2,2,0.5427296913287984,0.5427296913287984,0.12854456901550293,0.009822368621826172,76,4,-0.06691|0.98145,-0.06691|0.98145,2,2
5000,76,PrtPScript,PrtDriver,7.190015778524823e-16,0.0,0.0,0.12807893753051758,0.03423285484313965,0.0,0.0,1,1,0.09960731249958053,0.09960731249958053,0.16476082801818848,0.021173954010009766,76,17,0.09961,0.09961,1,1
5000,77,PrtFile,TTOK,0.0,0.0,0.0,0.16297483444213867,0.006600141525268555,0.0,0.0,1,1,0.009549999102748057,0.009549999102748057,0.12094306945800781,0.0030252933502197266,76,2,-0.00955,-0.00955,1,1
5000,78,LclOK,Problem1,0.0,0.125,0.125,0.18429231643676758,0.014401674270629883,0.0|0.25,0.0|0.25,2,2,0.12836412933134506,0.12836412933134506,0.12055015563964844,0.03101634979248047,76,4,-0.00807|0.24866,-0.00807|0.24866,2,2
5000,79,HrglssDrtnAftrPrnt,PrtDriver,0.0,0.0,0.0,0.135636568069458,0.013017416000366211,0.0,0.0,1,1,0.008655700597252848,0.008655700597252848,0.1271512508392334,0.009668588638305664,76,9,0.00866,0.00866,1,1
5000,80,TstpsTxt,GrbldOtpt,0.0,0.0,0.0,0.14908981323242188,0.005603790283203125,0.0,0.0,1,1,0.012664617536901866,0.012664617536901866,0.10563445091247559,0.004232645034790039,76,2,-0.01266,-0.01266,1,1
5000,81,PC2PRT,GrbldPS,0.0,0.0,0.0,0.15690159797668457,0.004293203353881836,0.0,0.0,1,1,0.008629928834651029,0.002871500061978402,0.10668802261352539,0.0030364990234375,76,2,-0.01554|-0.01553|-0.01054|-0.00598|-0.00516|-0.00287|0.00479,-0.00287,7,1
5000,82,PrtDriver,FllCrrptdBffr,2.220446049250313e-16,0.0,0.0,0.13145709037780762,0.026598691940307617,0.0,0.0,1,1,0.0035883349810014423,0.0035883349810014423,0.18451523780822754,0.015718698501586914,76,10,-0.00359,-0.00359,1,1
5000,83,DrvOK,Problem2,0.0,0.0,0.0,0.17122483253479004,0.011553287506103516,0.0,0.0,1,1,0.0354168219671286,0.0354168219671286,0.11586356163024902,0.005820035934448242,76,6,-0.03542,-0.03542,1,1
5000,84,TnrSpply,DrvOK,0.0,0.0,0.0,0.11263298988342285,0.025515317916870117,0.0,0.0,1,1,0.025628352901990562,0.025628352901990562,0.18356823921203613,0.017395734786987305,76,8,-0.02563,-0.02563,1,1
5000,85,DrvSet,CblPrtHrdwrOK,0.0,0.0,0.0,0.18202471733093262,0.031132936477661133,0.0,0.0,1,1,0.014645914737327796,0.014645914737327796,0.1621112823486328,0.010986566543579102,76,10,-0.01465,-0.01465,1,1
5000,86,PrtData,Problem2,0.0,0.0,0.0,0.1408553123474121,0.007116079330444336,0.0,0.0,1,1,0.014662808223191114,0.00746488858614505,0.194716215133667,0.009567975997924805,76,2,-0.00859|0.00746|0.0106|0.02215|0.02451,0.00746,5,1
5000,87,Problem3,DskLocal,0.0,0.0,0.0,0.16696786880493164,0.015497446060180664,0.0,0.0,1,1,0.009591033497736266,0.0017164195200747722,0.16425061225891113,0.006575822830200195,76,8,-0.01883|-0.00172|0.00782|0.01,-0.00172,4,1
5000,88,AppDtGnTm,REPEAT,0.0,0.0,0.0,0.16352415084838867,0.009413003921508789,0.0,0.0,1,1,0.006575027762867104,0.006575027762867104,0.14446759223937988,0.006799936294555664,76,4,0.00658,0.00658,1,1
5000,89,PrtMpTPth,PSERRMEM,0.0,0.0,0.0,0.13278460502624512,0.006448507308959961,0.0,0.0,1,1,0.00955215684410815,0.0025025217562088388,0.16685223579406738,0.003483295440673828,76,2,-0.0166|-0.0025,-0.0025,2,1
5000,90,PrtStatToner,PrtData,0.0,0.0,0.0,0.15916705131530762,0.0114288330078125,0.0,0.0,1,1,0.006604542235309759,0.006604542235309759,0.14961814880371094,0.009521961212158203,76,2,0.0066,0.0066,1,1
5000,91,PrtStatOff,Problem1,0.0,0.0,0.0,0.1514279842376709,0.008928775787353516,0.0,0.0,1,1,0.002579039734100627,0.002579039734100627,0.2183842658996582,0.0038847923278808594,76,2,0.00258,0.00258,1,1
5000,92,REPEAT,Problem5,0.0,0.0,0.0,0.16731929779052734,0.008715152740478516,0.0,0.0,1,1,0.012947072512329951,0.012947072512329951,0.15410351753234863,0.004873037338256836,76,2,-0.01295,-0.01295,1,1
5000,93,Problem5,NtwrkCnfg,0.0,0.0,0.0,0.12769746780395508,0.02361321449279785,0.0,0.0,1,1,0.03474486424817046,0.021467576124269264,0.194533109664917,0.02422332763671875,76,9,0.02147|0.03598|0.03904|0.04249,0.02147,4,1
5000,94,AppData,PrtDriver,3.0235861096174475e-16,0.0,0.0,0.19136404991149902,0.035790205001831055,0.0,0.0,1,1,0.04521020247725339,0.04521020247725339,0.2673227787017822,0.031903982162475586,76,13,-0.04521,-0.04521,1,1
5000,95,Problem5,PrtStatToner,0.0,0.0,0.0,0.13491487503051758,0.00814056396484375,0.0,0.0,1,1,0.021190464798665976,0.013511445084578065,0.20300793647766113,0.00931406021118164,76,2,-0.03442|-0.02166|-0.01517|-0.01351,-0.01351,4,1
5000,96,PTROFFLINE,GDIIN,0.0,0.0,0.0,0.195481538772583,0.022899866104125977,0.0,0.0,1,1,0.03500800302623514,0.03500800302623514,0.17461752891540527,0.021213293075561523,76,9,-0.03501,-0.03501,1,1
5000,97,PrtFile,GrphcsRltdDrvrSttngs,0.0,0.0,0.0,0.1812446117401123,0.010904312133789062,0.0,0.0,1,1,0.0037666734946425954,0.0037666734946425954,0.13112950325012207,0.012980461120605469,76,5,0.00377,0.00377,1,1
5000,98,DataFile,PrtIcon,0.0,0.0,0.0,0.13820767402648926,0.042293548583984375,0.0,0.0,1,1,0.015401431489578898,0.015401431489578898,0.15938615798950195,0.021152257919311523,76,14,0.0154,0.0154,1,1
5000,99,DrvSet,TnrSpply,6.344131569286608e-17,0.0,0.0,0.17327213287353516,0.027163028717041016,0.0,0.0,1,1,0.009207490566888838,0.009207490566888838,0.17525005340576172,0.008945941925048828,76,8,0.00921,0.00921,1,1
7500,0,DrvSet,GrbldOtpt,0.0,0.0,0.0,0.16518592834472656,0.011172056198120117,0.0,0.0,1,1,0.0005668055677064155,0.0005668055677064155,0.17310214042663574,0.015818357467651367,76,6,0.00057,0.00057,1,1
7500,1,PSERRMEM,NtwrkCnfg,0.0,0.0,0.0,0.17611956596374512,0.015367269515991211,0.0,0.0,1,1,0.00045379216188610235,0.00045379216188610235,0.18955039978027344,0.01782393455505371,76,9,-0.00045,-0.00045,1,1
7500,2,PrtOn,TnrSpply,0.0,0.0,0.0,0.1614513397216797,0.015195608139038086,0.0,0.0,1,1,0.003887172141170849,0.003887172141170849,0.14400506019592285,0.012424468994140625,76,5,-0.00389,-0.00389,1,1
7500,3,AppDtGnTm,NtSpd,0.0,0.0,0.0,0.1669936180114746,0.013781547546386719,0.0,0.0,1,1,0.003854971677567488,0.003854971677567488,0.19259428977966309,0.007290363311767578,76,4,0.00385,0.00385,1,1
7500,4,AppOK,PrtDriver,-4.712020247672243e-15,0.0,0.0,0.19808363914489746,0.03413224220275879,-0.0,-0.0,1,1,0.0029716966708814227,0.0029716966708814227,0.19372248649597168,0.03325986862182617,76,14,-0.00297,-0.00297,1,1
7500,5,NtwrkCnfg,PSGRAPHIC,0.0,0.0,0.0,0.22488617897033691,0.023744583129882812,0.0,0.0,1,1,0.05033383957817798,0.05033383957817798,0.22667789459228516,0.03979611396789551,76,9,-0.05033,-0.05033,1,1
7500,6,TrTypFnts,GrbldPS,0.0,0.0,0.0,0.22248435020446777,0.003929615020751953,0.0,0.0,1,1,0.011329105256643726,0.0044116342373947725,0.18298053741455078,0.003056764602661133,76,2,-0.01825|-0.00441,-0.00441,2,1
7500,7,PrtFile,PrtOn,0.0,0.0,0.0,0.19832921028137207,0.0074574947357177734,0.0,0.0,1,1,0.008270937514547773,0.008270937514547773,0.18131542205810547,0.004616260528564453,76,4,-0.00827,-0.00827,1,1
7500,8,CmpltPgPrntd,PrtStatToner,0.0,0.0,0.0,0.190871000289917,0.008901596069335938,0.0,0.0,1,1,0.008204103641913055,0.001272819172790274,0.15776872634887695,0.0035724639892578125,76,2,-0.00695|0.00104|0.00127|0.01084|0.01436|0.01476,0.00127,6,1
7500,9,ScrnFntNtPrntrFnt,AvlblVrtlMmry,0.0,0.0,0.0,0.17226243019104004,0.015615224838256836,0.0,0.0,1,1,0.004174474715811906,0.00044918018681149344,0.19823145866394043,0.014959096908569336,76,6,-0.00045|0.0079,-0.00045,2,1
7500,10,PrtDriver,Problem6,-1.1270445856043256e-16,0.0,0.0,0.16522812843322754,0.015067100524902344,-0.0,-0.0,1,1,0.007594572698391445,0.007594572698391445,0.1879734992980957,0.015141010284423828,76,9,0.00759,0.00759,1,1
7500,11,PrtIcon,NnPSGrphc,0.0,0.0,0.0,0.1762373447418213,0.011274337768554688,0.0,0.0,1,1,0.002898345746917963,0.002898345746917963,0.22501039505004883,0.010436773300170898,76,2,-0.0029,-0.0029,1,1
7500,12,AppOK,CblPrtHrdwrOK,1.495879443705474e-16,0.0,0.0,0.1356658935546875,0.02757859230041504,0.0,0.0,1,1,0.009190128237275044,0.009190128237275044,0.20198583602905273,0.02964186668395996,76,16,0.00919,0.00919,1,1
7500,13,PrtStatPaper,CmpltPgPrntd,0.0,0.0,0.0,0.17462396621704102,0.006756305694580078,0.0,0.0,1,1,0.003991385530436007,0.003991385530436007,0.2097938060760498,0.0033805370330810547,76,2,-0.00399,-0.00399,1,1
7500,14,PSERRMEM,PrtTimeOut,0.0,0.0,0.0,0.21046924591064453,0.008507490158081055,0.0,0.0,1,1,0.008106143860547936,0.008106143860547936,0.17735671997070312,0.0039017200469970703,76,2,0.00811,0.00811,1,1
7500,15,PrtThread,PrtPath,0.0,0.0,0.0,0.17110443115234375,0.01793360710144043,0.0,0.0,1,1,0.0031236423600756987,0.0031236423600756987,0.21161127090454102,0.012518644332885742,76,10,0.00312,0.00312,1,1
7500,16,PrtDriver,PrtStatPaper,0.0,0.0,0.0,0.17276453971862793,0.019742727279663086,0.0,0.0,1,1,0.0007106498539218174,0.0007106498539218174,0.1628575325012207,0.02393651008605957,76,9,-0.00071,-0.00071,1,1
7500,17,NetOK,Problem2,0.0,0.0,0.0,0.18643569946289062,0.009039163589477539,0.0,0.0,1,1,0.0015604835450420303,0.00038870617386609486,0.21508312225341797,0.005430936813354492,76,2,0.00039|0.00273,0.00039,2,1
7500,18,Problem6,REPEAT,0.0,0.0,0.0,0.2326066493988037,0.009243488311767578,0.0,0.0,1,1,0.036446835621870954,0.017397107796614148,0.23472332954406738,0.008517742156982422,76,2,-0.05015|-0.05013|-0.02811|-0.0174,-0.0174,4,1
7500,19,PrtMpTPth,NetOK,2.6645352591003756e-16,0.2999999999999999,0.2999999999999999,0.36464619636535645,0.017318010330200195,0.0|0.6,0.0|0.6,2,2,0.3077697792165471,0.3077697792165471,0.18528461456298828,0.017977476119995117,76,4,-0.01517|0.60037,-0.01517|0.60037,2,2
7500,20,PrtPath,GrphcsRltdDrvrSttngs,0.0,0.0,0.0,0.19104790687561035,0.012973785400390625,0.0,0.0,1,1,0.007918031608061845,0.007918031608061845,0.14322519302368164,0.034224748611450195,76,8,0.00792,0.00792,1,1
7500,21,EPSGrphc,DeskPrntSpd,0.0,0.0,0.0,0.17987704277038574,0.011227130889892578,0.0,0.0,1,1,0.011142953409146153,0.011142953409146153,0.19521093368530273,0.011647224426269531,76,5,-0.01114,-0.01114,1,1
7500,22,NtGrbld,TstpsTxt,0.0,0.0,0.0,0.2104339599609375,0.004352569580078125,0.0,0.0,1,1,0.0006038315436664046,0.0007404672180725116,0.19056272506713867,0.0066072940826416016,76,2,-0.00074|-0.00047,-0.00074,2,1
7500,23,LclOK,GrphcsRltdDrvrSttngs,0.0,0.0,0.0,0.16666889190673828,0.013850927352905273,0.0,0.0,1,1,0.0027874865817395923,0.00028616149252416067,0.16303277015686035,0.011835336685180664,76,5,0.00029|0.00529,0.00029,2,1
7500,24,PrntngArOK,PrtQueue,0.0,0.0,0.0,0.13901638984680176,0.009303808212280273,0.0,0.0,1,1,0.009641980473553436,0.0018992946952168343,0.16980862617492676,0.005118846893310547,76,2,0.0019|0.01738,0.0019,2,1
7500,25,DrvOK,PrtStatToner,0.0,0.0,0.0,0.16822218894958496,0.012821197509765625,0.0,0.0,1,1,1.3724546958323886e-05,1.3724546958323886e-05,0.21031641960144043,0.011976003646850586,76,6,-1e-05,-1e-05,1,1
7500,26,NetOK,PrtSpool,0.0,0.375,0.375,0.1755361557006836,0.022488117218017578,0.0|0.75,0.0|0.75,2,2,0.3885161252853895,0.3885161252853895,0.1838390827178955,0.028319597244262695,76,11,-0.02438|0.75265,-0.02438|0.75265,2,2
7500,27,DeskPrntSpd,PrtSpool,2.0,0.2,0.5,0.13635778427124023,0.01819777488708496,1.0|2.0,1.0|2.0,2,2,0.20754270312719197,0.5083562586792696,0.18888092041015625,0.016047000885009766,76,10,0.98767|1.99095|1.99174|1.99562|1.99631,0.98767|1.99562,5,2
7500,28,PrtStatOff,NetOK,0.0,0.0,0.0,0.1652383804321289,0.020317792892456055,0.0,0.0,1,1,0.012871513561010716,0.012871513561010716,0.17045021057128906,0.0083160400390625,76,2,-0.01287,-0.01287,1,1
7500,29,AppDtGnTm,IncmpltPS,0.0,0.0,0.0,0.1914052963256836,0.005853891372680664,0.0,0.0,1,1,0.012407044808107205,0.012407044808107205,0.19751930236816406,0.004122018814086914,76,4,-0.01241,-0.01241,1,1
7500,30,DSApplctn,REPEAT,0.0,0.0,0.0,0.2055649757385254,0.00443720817565918,0.0,0.0,1,1,0.0017299740199753538,0.001653004627111793,0.1806659698486328,0.006964683532714844,76,2,0.00165|0.00181,0.00165,2,1
7500,31,GrbldPS,CblPrtHrdwrOK,1.0,0.625,0.75,0.18366765975952148,0.018032073974609375,0.0|1.0|1.5,0.0|1.5,3,2,0.6334063914190877,0.7473918737697857,0.18454432487487793,0.017081737518310547,76,8,-0.00739|-0.00707|0.96823|1.48739,-0.00739|1.48739,4,2
7500,32,PrtPaper,DrvSet,0.0,0.0,0.0,0.18628811836242676,0.016212940216064453,0.0,0.0,1,1,0.009236348367889136,0.009236348367889136,0.18283390998840332,0.018857717514038086,76,8,-0.00924,-0.00924,1,1
7500,33,EPSGrphc,CmpltPgPrntd,0.0,0.0,0.0,0.16851258277893066,0.013191699981689453,0.0,0.0,1,1,0.008189108030592442,0.008189108030592442,0.2208244800567627,0.018310070037841797,76,5,0.00819,0.00819,1,1
7500,34,PrtPort,TnrSpply,1.1842378929335003e-16,0.0,0.0,0.16357994079589844,0.020172119140625,0.0,0.0,1,1,0.007246455533076681,0.007246455533076681,0.17035412788391113,0.01637125015258789,76,7,-0.00725,-0.00725,1,1
7500,35,NetPrint,PSERRMEM,0.0,0.0,0.0,0.2166907787322998,0.01538991928100586,0.0,0.0,1,1,0.02460657170328713,0.02460657170328713,0.19376635551452637,0.012411117553710938,76,5,0.02461,0.02461,1,1
7500,36,Problem4,PrtPaper,0.0,0.0,0.0,0.20244860649108887,0.02021002769470215,0.0,0.0,1,1,0.02680774361986327,0.012946844691516165,0.18587946891784668,0.004783153533935547,76,4,0.01295|0.02533|0.04215,0.01295,3,1
7500,37,PrtStatToner,NetOK,0.0,0.0,0.0,0.1726846694946289,0.0046842098236083984,0.0,0.0,1,1,0.011404531245419387,0.011404531245419387,0.1978001594543457,0.0044345855712890625,76,2,0.0114,0.0114,1,1
7500,38,Problem6,AvlblVrtlMmry,1.0,0.75,0.5,0.15367627143859863,0.01754140853881836,0.0|1.0,0.0|1.0,2,2,0.778193904625502,0.5104017293011408,0.21398615837097168,0.021232128143310547,76,6,-0.05051|-0.04146|-0.01755|1.00325,-0.01755|1.00325,4,2
7500,39,PrtPath,TstpsTxt,0.0,0.0,0.0,0.19429898262023926,0.0205841064453125,0.0,0.0,1,1,0.014879697767309434,0.014879697767309434,0.1976311206817627,0.010685443878173828,76,5,-0.01488,-0.01488,1,1
7500,40,PrtPath,NtGrbld,0.0,0.0,0.0,0.22565913200378418,0.02406597137451172,0.0,0.0,1,1,0.013528988617734869,0.013528988617734869,0.20521163940429688,0.020984172821044922,76,5,0.01353,0.01353,1,1
7500,41,PrtMem,PrtOn,0.0,0.0,0.0,0.20362448692321777,0.027158260345458984,0.0,0.0,1,1,0.013330026956107164,0.013330026956107164,0.22265195846557617,0.03908491134643555,76,16,0.01333,0.01333,1,1
7500,42,NetPrint,PrtStatMem,0.0,0.0,0.0,0.22469472885131836,0.015783071517944336,0.0,0.0,1,1,0.03353465116102342,0.03353465116102342,0.2095198631286621,0.009785175323486328,76,5,0.03353,0.03353,1,1
7500,43,PSGRAPHIC,PrtStatOff,0.0,0.0,0.0,0.20940446853637695,0.011182546615600586,0.0,0.0,1,1,0.00583212911071733,0.0025768262449738528,0.27855610847473145,0.004984617233276367,76,2,-0.00909|-0.00258,-0.00258,2,1
7500,44,NetPrint,PrtDriver,8.074349270001138e-16,0.0,0.0,0.18302679061889648,0.02035212516784668,0.0,0.0,1,1,0.049021761537686004,0.049021761537686004,0.15797948837280273,0.022802352905273438,76,10,-0.04902,-0.04902,1,1
7500,45,IncmpltPS,TrTypFnts,0.0,0.0,0.0,0.17131686210632324,0.012455940246582031,0.0,0.0,1,1,0.011922907807233266,0.0034628584413516814,0.21802663803100586,0.010947227478027344,76,2,0.00071|0.00346|0.02143|0.02209,0.00346,4,1
7500,46,REPEAT,PrtIcon,0.0,0.0,0.0,0.2004985809326172,0.009491443634033203,0.0,0.0,1,1,0.009767133285217278,0.009767133285217278,0.15768814086914062,0.010355472564697266,76,2,0.00977,0.00977,1,1
7500,47,Problem1,PrtStatPaper,0.0,0.0,0.0,0.216217041015625,0.008273124694824219,0.0,0.0,1,1,0.015380005038258435,0.00552717147025016,0.19327044486999512,0.01253366470336914,76,2,0.00553|0.02523,0.00553,2,1
7500,48,PrtSel,GDIIN,0.0,0.0,0.0,0.16615533828735352,0.01620793342590332,0.0,0.0,1,1,0.009198567155211812,0.009198567155211812,0.16332650184631348,0.014485836029052734,76,6,0.0092,0.0092,1,1
7500,49,PrtStatToner,ScrnFntNtPrntrFnt,0.0,0.0,0.0,0.18668556213378906,0.009767770767211914,0.0,0.0,1,1,0.004635858365536089,0.004635858365536089,0.20717167854309082,0.003974437713623047,76,2,-0.00464,-0.00464,1,1
7500,50,Problem4,PrtPaper,0.0,0.0,0.0,0.18938398361206055,0.013619184494018555,0.0,0.0,1,1,0.015452031145313119,0.010493139055238685,0.24092507362365723,0.012738704681396484,76,4,-0.01968|-0.01618|-0.01049,-0.01049,3,1
7500,51,PrtStatMem,CmpltPgPrntd,0.0,0.0,0.0,0.17638492584228516,0.011653423309326172,0.0,0.0,1,1,0.000600756498125054,0.000600756498125054,0.19343042373657227,0.010451078414916992,76,2,-0.0006,-0.0006,1,1
7500,52,GrphcsRltdDrvrSttngs,GrbldPS,0.0,0.0,0.0,0.1778850555419922,0.02247786521911621,0.0,0.0,1,1,0.0025795244569414497,0.0025795244569414497,0.20741558074951172,0.01967644691467285,76,5,-0.00258,-0.00258,1,1
7500,53,DrvOK,FllCrrptdBffr,6.344131569286608e-17,0.0,0.0,0.15398669242858887,0.035738468170166016,0.0,0.0,1,1,0.00363293556200104,0.00363293556200104,0.1755964756011963,0.009434700012207031,76,7,-0.00363,-0.00363,1,1
7500,54,NtwrkCnfg,PrtSel,-3.0744637605004334e-16,0.0,0.0,0.1771388053894043,0.02171492576599121,-0.0,-0.0,1,1,0.02119370856932709,0.02119370856932709,0.17455649375915527,0.029346466064453125,76,11,0.02119,0.02119,1,1
7500,55,PrtTimeOut,PrtStatPaper,0.0,0.0,0.0,0.19143128395080566,0.01288747787475586,0.0,0.0,1,1,0.0133469059151399,0.00556856755150064,0.22727060317993164,0.009709358215332031,76,2,-0.02113|-0.00557,-0.00557,2,1
7500,56,PrtTimeOut,PrtMpTPth,0.0,0.3333333333333333,0.3333333333333333,0.2046067714691162,0.010372161865234375,0.0|0.66667,0.0|0.66667,2,2,0.3489949554160263,0.3489949554160263,0.21961760520935059,0.011841773986816406,76,5,0.02906|0.66893,0.02906|0.66893,2,2
7500,57,PrtThread,PrtStatToner,0.0,0.0,0.0,0.21099185943603516,0.01944732666015625,0.0,0.0,1,1,0.014328086990563295,0.014328086990563295,0.18973207473754883,0.020045042037963867,76,8,-0.01433,-0.01433,1,1
7500,58,AvlblVrtlMmry,PrtPath,0.0,0.0,0.0,0.18274736404418945,0.02023768424987793,0.0,0.0,1,1,0.017401812352389523,0.017401812352389523,0.20244956016540527,0.01474452018737793,76,9,-0.0174,-0.0174,1,1
7500,59,NtwrkCnfg,PrtStatToner,0.0,0.0,0.0,0.1607527732849121,0.020915508270263672,0.0,0.0,1,1,0.006772768500608017,0.006772768500608017,0.20253610610961914,0.01779627799987793,76,9,-0.00677,-0.00677,1,1
7500,60,DrvSet,PrtCbl,0.0,0.0,0.0,0.17872834205627441,0.027149200439453125,0.0,0.0,1,1,0.018274628318775934,0.018274628318775934,0.15931081771850586,0.019318819046020508,76,8,-0.01827,-0.01827,1,1
7500,61,GDIOUT,NnTTOK,0.0,0.0,0.0,0.18875813484191895,0.006748199462890625,0.0,0.0,1,1,0.004671734555113317,0.004671734555113317,0.19272494316101074,0.004964113235473633,76,5,-0.00467,-0.00467,1,1
7500,62,TnrSpply,PC2PRT,0.0,0.0,0.0,0.17332744598388672,0.013152122497558594,0.0,0.0,1,1,0.02290925885043738,0.02290925885043738,0.18309688568115234,0.011059045791625977,76,4,0.02291,0.02291,1,1
7500,63,PrtThread,REPEAT,0.0,0.0,0.0,0.1764659881591797,0.012118339538574219,0.0,0.0,1,1,0.010465962649283086,0.010465962649283086,0.26142024993896484,0.010661125183105469,76,8,0.01047,0.01047,1,1
7500,64,TTOK,PrtData,0.0,0.0,0.0,0.20102500915527344,0.010488510131835938,0.0,0.0,1,1,0.00472757462744133,0.0022212785346565128,0.20488500595092773,0.005356788635253906,76,2,-0.00881|-0.00222|0.00315,-0.00222,3,1
7500,65,PrntngArOK,PrtSel,0.0,0.0,0.0,0.20713305473327637,0.008252382278442383,0.0,0.0,1,1,0.004269236327365686,0.00018571487045257514,0.20596623420715332,0.011381149291992188,76,5,0.00019|0.00835,0.00019,2,1
7500,66,PrtDriver,PrtPScript,1.6746798485928287e-16,0.0,0.0,0.2182159423828125,0.024882078170776367,0.0,0.0,1,1,0.004786451292943711,0.004786451292943711,0.1636335849761963,0.026526212692260742,76,17,0.00479,0.00479,1,1
7500,67,PrtPScript,PrtFile,0.0,0.0,0.0,0.19658493995666504,0.031400203704833984,0.0,0.0,1,1,0.025322343875923647,0.025322343875923647,0.1836683750152588,0.025770187377929688,76,10,0.02532,0.02532,1,1
7500,68,FllCrrptdBffr,TrTypFnts,0.0,0.0,0.0,0.2922987937927246,0.007659196853637695,0.0,0.0,1,1,0.0008715957722071883,0.0010180161160278835,0.19086050987243652,0.007147789001464844,76,2,0.00073|0.00102,0.00102,2,1
7500,69,TTOK,TnrSpply,0.0,0.0,0.0,0.19629955291748047,0.011826753616333008,0.0,0.0,1,1,0.003777501592033264,0.0005928492208923451,0.18719267845153809,0.015526533126831055,76,4,-0.00595|-0.00479|0.00059,0.00059,3,1
7500,70,PrtPScript,PrtPort,0.0,0.0,0.0,0.1555488109588623,0.03437519073486328,0.0,0.0,1,1,0.004477923958678858,0.004477923958678858,0.22124600410461426,0.03186821937561035,76,13,-0.00448,-0.00448,1,1
7500,71,TTOK,DS_NTOK,0.0,0.0,0.0,0.21330547332763672,0.013999700546264648,0.0,0.0,1,1,0.003177740596005214,0.005099599402014335,0.21292662620544434,0.00941920280456543,76,2,-0.00145|0.00298|0.0051,0.0051,3,1
7500,72,DrvOK,NetPrint,0.0,0.0,0.0,0.15667080879211426,0.00838160514831543,0.0,0.0,1,1,0.009610814338375554,0.009610814338375554,0.1902327537536621,0.0090484619140625,76,8,0.00961,0.00961,1,1
7500,73,EPSGrphc,PrntPrcssTm,0.0,0.0,0.0,0.16802024841308594,0.01954030990600586,0.0,0.0,1,1,0.003906854181168569,0.003906854181168569,0.18841338157653809,0.0158846378326416,76,5,-0.00391,-0.00391,1,1
7500,74,PSERRMEM,PrtFile,0.0,0.0,0.0,0.1652677059173584,0.005254507064819336,0.0,0.0,1,1,0.00015098509013264038,0.00015098509013264038,0.1900954246520996,0.02384352684020996,76,2,0.00015,0.00015,1,1
7500,75,PrtPaper,DS_NTOK,0.0,0.0,0.0,0.15424704551696777,0.013134241104125977,0.0,0.0,1,1,0.04611989254921572,0.04611989254921572,0.19141769409179688,0.014442920684814453,76,5,0.04612,0.04612,1,1
7500,76,GrbldOtpt,DSApplctn,0.0,0.0,0.0,0.1721961498260498,0.0047872066497802734,0.0,0.0,1,1,0.004146850037176808,0.00034185077666751393,0.21776199340820312,0.003653287887573242,76,2,-0.01381|-0.00421|-0.00034|0.00065|0.00236|0.00351,-0.00034,6,1
7500,77,Problem4,PSERRMEM,0.0,0.0,0.0,0.16501736640930176,0.00846552848815918,0.0,0.0,1,1,0.008538033421512532,0.00416553096829059,0.1902008056640625,0.0059185028076171875,76,2,-0.01319|-0.00826|-0.00417,-0.00417,3,1
7500,78,PrtThread,CmpltPgPrntd,0.0,0.0,0.0,0.17741918563842773,0.013843297958374023,0.0,0.0,1,1,0.006233217129871521,0.006233217129871521,0.18352174758911133,0.010256290435791016,76,8,0.00623,0.00623,1,1
7500,79,PrtPath,Problem2,0.0,0.0,0.0,0.19235658645629883,0.010715484619140625,0.0,0.0,1,1,0.003869013236110621,0.003869013236110621,0.1822037696838379,0.014292478561401367,76,5,0.00387,0.00387,1,1
7500,80,REPEAT,Problem5,0.0,0.0,0.0,0.24347972869873047,0.009657859802246094,0.0,0.0,1,1,0.012638661718410918,0.012638661718410918,0.27707839012145996,0.008804798126220703,76,2,-0.01264,-0.01264,1,1
7500,81,PrtStatOff,AvlblVrtlMmry,0.0,0.0,0.0,0.1828441619873047,0.013757705688476562,0.0,0.0,1,1,0.0031848315195055154,0.0031848315195055154,0.21544647216796875,0.00786733627319336,76,6,0.00318,0.00318,1,1
7500,82,FllCrrptdBffr,REPEAT,0.0,0.0,0.0,0.16218280792236328,0.008636951446533203,0.0,0.0,1,1,0.0036454042437931425,0.000129862553540329,0.19037127494812012,0.0053730010986328125,76,2,0.00013|0.00716,0.00013,2,1
7500,83,PrtPort,CmpltPgPrntd,0.0,0.0,0.0,0.2031857967376709,0.020443439483642578,0.0,0.0,1,1,0.0058979124499803194,0.0058979124499803194,0.17505455017089844,0.020741701126098633,76,5,-0.0059,-0.0059,1,1
7500,84,PrtStatToner,DS_LCLOK,0.0,0.0,0.0,0.16488122940063477,0.006675243377685547,0.0,0.0,1,1,0.012103409855162185,0.012103409855162185,0.1618642807006836,0.009631872177124023,76,2,-0.0121,-0.0121,1,1
7500,85,CblPrtHrdwrOK,NtwrkCnfg,-1.4674252151567287e-15,0.0,0.0,0.14909100532531738,0.027563095092773438,-0.0,-0.0,1,1,0.03143657217334958,0.03143657217334958,0.19191741943359375,0.017882347106933594,76,13,0.03144,0.03144,1,1
7500,86,PSERRMEM,DskLocal,0.0,0.0,0.0,0.1647024154663086,0.010310888290405273,0.0,0.0,1,1,0.016947178475030602,0.016947178475030602,0.17126679420471191,0.010695695877075195,76,8,0.01695,0.01695,1,1
7500,87,DataFile,NtwrkCnfg,1.495879443705474e-16,0.0,0.0,0.19262170791625977,0.03777003288269043,0.0,0.0,1,1,0.0042670469071693935,0.0042670469071693935,0.18730854988098145,0.043338775634765625,76,18,-0.00427,-0.00427,1,1
7500,88,ScrnFntNtPrntrFnt,NtwrkCnfg,0.0,0.0,0.0,0.15262961387634277,0.026280879974365234,0.0,0.0,1,1,0.004109434098673646,0.0009923118882485993,0.15723323822021484,0.014888286590576172,76,9,-0.00723|0.00099,0.00099,2,1
7500,89,PrtFile,PrtDriver,1.0,0.0,0.0,0.20822906494140625,0.01715397834777832,1.0,1.0,1,1,0.01256533120414427,0.01256533120414427,0.1791536808013916,0.015503883361816406,76,8,1.01257,1.01257,1,1
7500,90,PrtStatOff,CmpltPgPrntd,0.0,0.0,0.0,0.13444256782531738,0.0076830387115478516,0.0,0.0,1,1,0.024044563989416293,0.024044563989416293,0.12874460220336914,0.0043790340423583984,76,2,-0.02404,-0.02404,1,1
7500,91,REPEAT,Problem4,0.0,0.0,0.0,0.18014836311340332,0.009490251541137695,0.0,0.0,1,1,0.004171969215768281,0.004171969215768281,0.21844816207885742,0.0036537647247314453,76,2,-0.00417,-0.00417,1,1
7500,92,NtSpd,PrtPaper,0.0,0.0,0.0,0.17498493194580078,0.008420228958129883,0.0,0.0,1,1,0.008738491461179124,0.0042227473118091625,0.17973589897155762,0.009226322174072266,76,4,0.00422|0.00748|0.01008|0.01089|0.01102,0.00422,5,1
7500,93,PSERRMEM,CblPrtHrdwrOK,0.0,0.0,0.0,0.160660982131958,0.011979818344116211,0.0,0.0,1,1,0.013530361773821222,0.013530361773821222,0.17774391174316406,0.008888959884643555,76,7,0.01353,0.01353,1,1
7500,94,PrtFile,LclGrbld,0.0,0.0,0.0,0.13289165496826172,0.009203672409057617,0.0,0.0,1,1,0.0022631733277693007,0.0022631733277693007,0.1415112018585205,0.01006317138671875,76,2,-0.00226,-0.00226,1,1
7500,95,GDIOUT,PrtStatPaper,0.0,0.0,0.0,0.16801691055297852,0.016199350357055664,0.0,0.0,1,1,0.016304179847139732,0.016304179847139732,0.19935393333435059,0.016994476318359375,76,5,-0.0163,-0.0163,1,1
7500,96,DSApplctn,EMFOK,0.0,0.375,0.375,0.1571340560913086,0.02178502082824707,0.0|0.75,0.0|0.75,2,2,0.4003270046305476,0.4003270046305476,0.22049427032470703,0.021805286407470703,76,7,0.04724|0.75341,0.04724|0.75341,2,2
7500,97,GrphcsRltdDrvrSttngs,HrglssDrtnAftrPrnt,0.0,0.0,0.0,0.1988224983215332,0.013134241104125977,0.0,0.0,1,1,0.013713785724524457,0.013713785724524457,0.2443525791168213,0.03655123710632324,76,5,-0.01371,-0.01371,1,1
7500,98,DskLocal,Problem4,0.0,0.0,0.0,0.15510129928588867,0.012816667556762695,0.0,0.0,1,1,0.016417603304204286,0.016417603304204286,0.172806978225708,0.011693239212036133,76,8,-0.01642,-0.01642,1,1
7500,99,PrtStatPaper,DrvOK,0.0,0.0,0.0,0.19301295280456543,0.0171358585357666,0.0,0.0,1,1,0.005511571317062835,0.005511571317062835,0.2203507423400879,0.009884119033813477,76,6,0.00551,0.00551,1,1
10000,0,PrtQueue,PrtData,0.0,0.0,0.0,0.21439576148986816,0.009123802185058594,0.0,0.0,1,1,0.004560340579439989,0.000533848314142304,0.15854573249816895,0.012090921401977539,76,2,0.00053|0.00859,0.00053,2,1
10000,1,PrtFile,PrntrAccptsTrtyp,0.0,0.0,0.0,0.2190995216369629,0.009469985961914062,0.0,0.0,1,1,0.0029687093549991624,0.0029687093549991624,0.19649338722229004,0.011145830154418945,76,2,-0.00297,-0.00297,1,1
10000,2,NtGrbld,AvlblVrtlMmry,0.0,0.21428571428571427,0.21428571428571427,0.17612314224243164,0.012813568115234375,0.0|0.42857,0.0|0.42857,2,2,0.22007543185024778,0.22007543185024778,0.19907450675964355,0.010709762573242188,76,7,0.01139|0.42876,0.01139|0.42876,2,2
10000,3,DrvSet,GDIIN,0.0,0.0,0.0,0.16607356071472168,0.009567499160766602,0.0,0.0,1,1,0.00966603398018488,0.00966603398018488,0.21763300895690918,0.016305923461914062,76,6,0.00967,0.00967,1,1
10000,4,DS_LCLOK,DskLocal,0.0,0.375,0.375,0.18291378021240234,0.01082158088684082,0.0|0.75,0.0|0.75,2,2,0.38058668997916084,0.38058668997916084,0.18454813957214355,0.012140989303588867,76,8,0.01155|0.74963,0.01155|0.74963,2,2
10000,5,Problem6,PrtMpTPth,0.0,0.0,0.0,0.17453503608703613,0.005615234375,0.0,0.0,1,1,0.010148732943340778,0.0036206468309268537,0.16950011253356934,0.008647918701171875,76,2,0.00362|0.00911|0.01392|0.01395,0.00362,4,1
10000,6,PC2PRT,PrtSpool,1.0,0.0,0.0,0.1615612506866455,0.01145792007446289,1.0,1.0,1,1,0.024726501130168863,0.007466839162569183,0.16299033164978027,0.012472867965698242,76,10,0.96031|0.96936|0.97426|0.97649|0.97685|0.9771|0.99253,0.99253,7,1
10000,7,DSApplctn,DataFile,0.0,1.5,1.5,0.16371703147888184,0.024968385696411133,0.0|3.0,0.0|3.0,2,2,1.5049309151208516,1.5049309151208516,0.17915654182434082,0.02548503875732422,76,14,0.01154|2.99832,0.01154|2.99832,2,2
10000,8,PrtQueue,PrtSel,0.0,0.0,0.0,0.14481377601623535,0.010910749435424805,0.0,0.0,1,1,0.006755077578350089,0.0017289732582277655,0.18498730659484863,0.009225606918334961,76,5,-0.01178|-0.00173,-0.00173,2,1
10000,9,IncmpltPS,PrtIcon,0.0,0.0,0.0,0.18407845497131348,0.008115768432617188,0.0,0.0,1,1,0.010733840939885133,0.003083820441555399,0.1963188648223877,0.010669231414794922,76,2,0.00308|0.008|0.00863|0.02322,0.00308,4,1
10000,10,PrtSpool,GrphcsRltdDrvrSttngs,0.0,0.0,0.0,0.15746617317199707,0.03590536117553711,0.0,0.0,1,1,0.008042500949683017,0.008042500949683017,0.23712873458862305,0.02660846710205078,76,14,-0.00804,-0.00804,1,1
10000,11,NetOK,AppOK,0.0,1.5,1.5,0.20808053016662598,0.03564953804016113,0.0|3.0,0.0|3.0,2,2,1.5098525303719283,1.5098525303719283,0.15784072875976562,0.019342899322509766,76,14,0.01769|3.00202,0.01769|3.00202,2,2
10000,12,ScrnFntNtPrntrFnt,LclGrbld,0.0,0.0,0.0,0.1948564052581787,0.011478662490844727,0.0,0.0,1,1,0.00975812426069211,0.005221982468370405,0.22316241264343262,0.00976252555847168,76,2,0.00522|0.01429,0.00522,2,1
10000,13,NnPSGrphc,EMFOK,0.0,0.0,0.0,0.21762704849243164,0.012972116470336914,0.0,0.0,1,1,0.001117059970857454,0.001115383339459925,0.21445894241333008,0.013012170791625977,76,7,0.00112,0.00112,1,1
10000,14,GrbldOtpt,AvlblVrtlMmry,0.0,0.3333333333333333,0.25,0.1667945384979248,0.018071889877319336,0.0|0.5,0.0|0.5,2,2,0.3376325036123025,0.26378624934034806,0.1584000587463379,0.020825624465942383,76,6,-0.02935|-0.02335|0.48912|0.49181|0.49395|0.49822,-0.02935|0.49822,6,2
10000,15,DskLocal,PrtDataOut,3.9474596431116675e-16,0.0,0.0,0.15025091171264648,0.009637594223022461,0.0,0.0,1,1,0.00878413023027239,0.00878413023027239,0.1807096004486084,0.01886272430419922,76,7,0.00878,0.00878,1,1
10000,16,PTROFFLINE,CmpltPgPrntd,0.0,0.0,0.0,0.1136014461517334,0.014041423797607422,0.0,0.0,1,1,0.002635955719132563,0.002635955719132563,0.1738729476928711,0.014117717742919922,76,6,-0.00264,-0.00264,1,1
10000,17,PrtStatPaper,GrbldOtpt,0.0,0.0,0.0,0.2821962833404541,0.02135014533996582,0.0,0.0,1,1,0.005407466342346161,0.005407466342346161,0.18324732780456543,0.005131244659423828,76,2,0.00541,0.00541,1,1
10000,18,PrtCbl,PSGRAPHIC,0.0,0.0,0.0,0.15618443489074707,0.013627767562866211,0.0,0.0,1,1,0.016434873502252628,0.016434873502252628,0.19396066665649414,0.01878499984741211,76,5,0.01643,0.01643,1,1
10000,19,Problem5,PrtStatPaper,0.0,0.0,0.0,0.19518804550170898,0.008905887603759766,0.0,0.0,1,1,0.0011817456216865968,0.0011237282751729327,0.17003846168518066,0.003565549850463867,76,2,-0.00158|-0.00112|-0.0007|0.00133,-0.00112,4,1
10000,20,TstpsTxt,PrtSpool,0.0,0.0,0.0,0.16173481941223145,0.01694655418395996,0.0,0.0,1,1,0.004945099108184404,0.004945099108184404,0.16144251823425293,0.013392210006713867,76,11,0.00495,0.00495,1,1
10000,21,PrtThread,PrtQueue,0.0,0.0,0.0,0.1845858097076416,0.012989997863769531,0.0,0.0,1,1,0.002707987387849075,0.002707987387849075,0.19243597984313965,0.016695261001586914,76,8,-0.00271,-0.00271,1,1
10000,22,GDIOUT,Problem2,0.0,0.0,0.0,0.17304515838623047,0.006567478179931641,0.0,0.0,1,1,0.017127664562028418,0.017127664562028418,0.17299509048461914,0.010587930679321289,76,5,0.01713,0.01713,1,1
10000,23,TnrSpply,PrtMpTPth,0.0,0.0,0.0,0.16059112548828125,0.014172077178955078,0.0,0.0,1,1,0.010928226781097044,0.010928226781097044,0.1942908763885498,0.010671615600585938,76,6,0.01093,0.01093,1,1
10000,24,IncmpltPS,PrtTimeOut,0.0,0.0,0.0,0.16732120513916016,0.004597902297973633,0.0,0.0,1,1,0.005361119516459799,0.0009472185313347017,0.1526346206665039,0.005383014678955078,76,2,0.00095|0.0053|0.00758|0.00761,0.00095,4,1
10000,25,TstpsTxt,CmpltPgPrntd,0.0,0.0,0.0,0.15804290771484375,0.01162409782409668,0.0,0.0,1,1,0.00468291602116295,0.00468291602116295,0.16742873191833496,0.008443832397460938,76,2,0.00468,0.00468,1,1
10000,26,PSGRAPHIC,PrntPrcssTm,0.0,0.0,0.0,0.1891493797302246,0.009737014770507812,0.0,0.0,1,1,0.005428456462992434,0.0005451262398060912,0.16531944274902344,0.029966354370117188,76,2,-0.01031|0.00055,0.00055,2,1
10000,27,Problem1,EMFOK,1.0,0.5,0.5,0.21820616722106934,0.012848854064941406,0.0|1.0,0.0|1.0,2,2,0.4936598271499673,0.4936598271499673,0.20964503288269043,0.008121490478515625,76,8,0.03548|1.0228,0.03548|1.0228,2,2
10000,28,DSApplctn,PrtSel,0.0,0.375,0.375,0.17300009727478027,0.015719175338745117,0.0|0.75,0.0|0.75,2,2,0.3858410600351274,0.3858410600351274,0.15450096130371094,0.01899099349975586,76,5,0.02067|0.75101,0.02067|0.75101,2,2
10000,29,PrtMpTPth,PrtPath,1.7763568394002506e-16,0.6999999999999998,0.6999999999999998,0.17897844314575195,0.01635599136352539,0.0|1.4,0.0|1.4,2,2,0.7006097463813293,0.7006097463813293,0.14501571655273438,0.020256996154785156,76,5,0.00181|1.3994,0.00181|1.3994,2,2
10000,30,PrtIcon,PrtPScript,0.0,0.0,0.0,0.13044476509094238,0.014006376266479492,0.0,0.0,1,1,0.005460536343027347,0.005460536343027347,0.12203025817871094,0.013825416564941406,76,10,-0.00546,-0.00546,1,1
10000,31,PrtCbl,TrTypFnts,0.0,0.0,0.0,0.17175865173339844,0.016530513763427734,0.0,0.0,1,1,0.004748914638154219,0.004748914638154219,0.13820290565490723,0.015949487686157227,76,5,0.00475,0.00475,1,1
10000,32,PrtPort,REPEAT,0.0,0.0,0.0,0.11706018447875977,0.016846656799316406,0.0,0.0,1,1,0.010486073694051965,0.010486073694051965,0.20501303672790527,0.012442350387573242,76,5,-0.01049,-0.01049,1,1
10000,33,NnPSGrphc,DS_NTOK,0.0,0.0,0.0,0.14601564407348633,0.00689387321472168,0.0,0.0,1,1,0.0024128311495846713,0.001370896673484868,0.12554502487182617,0.0031938552856445312,76,2,0.00137|0.00345,0.00137,2,1
10000,34,PrntPrcssTm,DataFile,0.0,0.0,0.0,0.1412065029144287,0.024382829666137695,0.0,0.0,1,1,0.007488585556872475,0.0007946570129680079,0.13700056076049805,0.020256996154785156,76,14,0.00079|0.01418,0.00079,2,1
10000,35,Problem2,EMFOK,0.0,0.0,0.0,0.18798303604125977,0.01708817481994629,0.0,0.0,1,1,0.03791313403525274,0.015075188596737744,0.17039799690246582,0.016125917434692383,76,7,-0.05508|-0.04087|-0.04063|-0.01508,-0.01508,4,1
10000,36,PrtQueue,TrTypFnts,0.0,0.0,0.0,0.11244583129882812,0.005244016647338867,0.0,0.0,1,1,0.008177410977267758,0.0004078207955421681,0.1506187915802002,0.003808736801147461,76,2,-0.00041|0.01595,-0.00041,2,1
10000,37,CblPrtHrdwrOK,PTROFFLINE,3.8616453030440226e-17,0.0,0.0,0.17028427124023438,0.012079000473022461,0.0,0.0,1,1,0.008932533817040601,0.008932533817040601,0.13190078735351562,0.013185262680053711,76,10,-0.00893,-0.00893,1,1
10000,38,DataFile,PrtSpool,4.487638331116422e-16,0.0,0.0,0.11097002029418945,0.01954507827758789,0.0,0.0,1,1,0.01366826083730062,0.01366826083730062,0.1136784553527832,0.04029345512390137,76,18,-0.01367,-0.01367,1,1
10000,39,PrtPaper,FntInstlltn,0.0,0.0,0.0,0.19349169731140137,0.014700889587402344,0.0,0.0,1,1,0.010363247571413808,0.010363247571413808,0.2158057689666748,0.013364076614379883,76,7,0.01036,0.01036,1,1
10000,40,TTOK,PrtThread,0.0,0.0,0.0,0.15683937072753906,0.007415771484375,0.0,0.0,1,1,0.0036840778750141536,0.002232058336631769,0.13924121856689453,0.012044906616210938,76,8,-0.00747|-0.00223|-0.00135,-0.00223,3,1
10000,41,GDIOUT,TstpsTxt,0.0,0.0,0.0,0.11790108680725098,0.009979486465454102,0.0,0.0,1,1,0.004949753834041205,0.004949753834041205,0.20589780807495117,0.007807731628417969,76,5,-0.00495,-0.00495,1,1
10000,42,PrtPort,NetPrint,-2.3684757858670006e-16,0.0,0.0,0.15660309791564941,0.013465642929077148,-0.0,-0.0,1,1,0.026455066556077923,0.026455066556077923,0.1879432201385498,0.01915740966796875,76,7,0.02646,0.02646,1,1
10000,43,PrtOn,PrtSpool,0.0,0.0,0.0,0.14558053016662598,0.03440237045288086,0.0,0.0,1,1,0.0071986454047442945,0.0071986454047442945,0.14157724380493164,0.027220964431762695,76,13,0.0072,0.0072,1,1
10000,44,PrtCbl,PrtSpool,-2.3684757858670006e-16,0.0,0.0,0.17499732971191406,0.029738426208496094,-0.0,-0.0,1,1,0.0171947550102373,0.0171947550102373,0.16010069847106934,0.015079021453857422,76,13,-0.01719,-0.01719,1,1
10000,45,LclOK,LclGrbld,0.0,0.0,0.0,0.13643741607666016,0.008161544799804688,0.0,0.0,1,1,0.004059803607783388,5.7388932701668164e-05,0.1357276439666748,0.010915517807006836,76,2,-6e-05|0.00806,-6e-05,2,1
10000,46,NetPrint,PrtData,-8.478066733501195e-17,0.0,0.0,0.17971181869506836,0.009873151779174805,-0.0,-0.0,1,1,5.622124579661881e-05,5.622124579661881e-05,0.15389037132263184,0.006765604019165039,76,5,6e-05,6e-05,1,1
10000,47,PrntngArOK,PrtPort,0.0,0.0,0.0,0.1591939926147461,0.011858463287353516,0.0,0.0,1,1,0.008552987249384112,0.00033652130885295536,0.19161009788513184,0.01155996322631836,76,5,-0.01677|-0.00034,-0.00034,2,1
10000,48,PrtFile,PrtStatToner,0.0,0.0,0.0,0.14641237258911133,0.009596824645996094,0.0,0.0,1,1,0.011756937873046127,0.011756937873046127,0.18344616889953613,0.0055086612701416016,76,2,-0.01176,-0.01176,1,1
10000,49,PrtSpool,LclOK,0.0,0.0,0.0,0.17857670783996582,0.018016815185546875,0.0,0.0,1,1,0.024666238884502256,0.024666238884502256,0.16760802268981934,0.013036727905273438,76,11,0.02467,0.02467,1,1
10000,50,TrTypFnts,NtwrkCnfg,0.0,0.0,0.0,0.1501634120941162,0.01589202880859375,0.0,0.0,1,1,0.009612283443558757,0.0032981723569251854,0.1482686996459961,0.020166635513305664,76,9,-0.01593|-0.0033,-0.0033,2,1
10000,51,GDIOUT,PrtPScript,0.0,0.0,0.0,0.1503150463104248,0.04193687438964844,0.0,0.0,1,1,0.008056490685758087,0.008056490685758087,0.15143680572509766,0.015663862228393555,76,13,-0.00806,-0.00806,1,1
10000,52,DskLocal,CmpltPgPrntd,0.0,0.0,0.0,0.14140748977661133,0.012080192565917969,0.0,0.0,1,1,0.02211433479351205,0.02211433479351205,0.17795038223266602,0.012893199920654297,76,8,-0.02211,-0.02211,1,1
10000,53,NetOK,PrtOn,0.0,0.25,0.25,0.13236689567565918,0.017510414123535156,0.0|0.5,0.0|0.5,2,2,0.25373620423012294,0.25373620423012294,0.22991275787353516,0.01594686508178711,76,5,0.00643|0.50104,0.00643|0.50104,2,2
10000,54,PrtPaper,CmpltPgPrntd,0.0,0.0,0.0,0.13725924491882324,0.008153200149536133,0.0,0.0,1,1,0.004301700165325408,0.004301700165325408,0.18999838829040527,0.011164426803588867,76,4,0.0043,0.0043,1,1
10000,55,EPSGrphc,PrtStatPaper,0.0,0.0,0.0,0.15765666961669922,0.018945932388305664,0.0,0.0,1,1,0.008429248526071546,0.008429248526071546,0.20337986946105957,0.01583552360534668,76,5,-0.00843,-0.00843,1,1
10000,56,PrtData,NnTTOK,0.0,0.0,0.0,0.15556740760803223,0.008024454116821289,0.0,0.0,1,1,0.004540682700457015,0.0012736941558394192,0.17665839195251465,0.003790140151977539,76,2,-0.01208|-0.00251|-0.00227|-0.00127|0.00458,-0.00127,5,1
10000,57,TnrSpply,GrbldOtpt,0.0,0.0,0.0,0.18136119842529297,0.007035493850708008,0.0,0.0,1,1,0.0013006354097017203,0.0013006354097017203,0.17729949951171875,0.006220579147338867,76,4,-0.0013,-0.0013,1,1
10000,58,NtGrbld,EPSGrphc,0.0,0.0,0.0,0.18582510948181152,0.015413522720336914,0.0,0.0,1,1,0.00048672484870273413,0.0008327856463746676,0.1371760368347168,0.016419410705566406,76,5,-0.00014|0.00083,0.00083,2,1
10000,59,DataFile,EMFOK,-2.6925829986698534e-15,0.0,0.0,0.1521461009979248,0.018454790115356445,-0.0,-0.0,1,1,0.008782022199562648,0.008782022199562648,0.16341042518615723,0.015166521072387695,76,13,-0.00878,-0.00878,1,1
10000,60,REPEAT,PrtDriver,0.0,0.0,0.0,0.13406944274902344,0.015367984771728516,0.0,0.0,1,1,0.006709424002226231,0.006709424002226231,0.18931913375854492,0.01303720474243164,76,9,0.00671,0.00671,1,1
10000,61,LclOK,DrvOK,0.0,0.375,0.375,0.14201855659484863,0.013004064559936523,0.0|0.75,0.0|0.75,2,2,0.38334418586826885,0.38334418586826885,0.18786907196044922,0.012548446655273438,76,6,-0.01893|0.74776,-0.01893|0.74776,2,2
10000,62,CmpltPgPrntd,TnrSpply,0.0,0.0,0.0,0.15454506874084473,0.013376951217651367,0.0,0.0,1,1,0.004748371018089237,0.0009538757053398412,0.1920630931854248,0.011577844619750977,76,4,-0.01349|-0.00658|-0.00302|-0.00194|-0.00095|0.00251,-0.00095,6,1
10000,63,PrtDataOut,PrtIcon,0.0,0.0,0.0,0.14191722869873047,0.011837005615234375,0.0,0.0,1,1,0.0025922034133186466,0.0025922034133186466,0.14233875274658203,0.0048139095306396484,76,4,-0.00259,-0.00259,1,1
10000,64,PrtTimeOut,PSGRAPHIC,0.0,0.0,0.0,0.17817091941833496,0.006247758865356445,0.0,0.0,1,1,0.0051112382521445445,0.0015324867203275615,0.1481173038482666,0.005074977874755859,76,2,-0.00869|-0.00153,-0.00153,2,1
10000,65,REPEAT,LclGrbld,0.0,0.0,0.0,0.15138936042785645,0.007850885391235352,0.0,0.0,1,1,0.005769254938224313,0.005769254938224313,0.1593317985534668,0.008271455764770508,76,2,-0.00577,-0.00577,1,1
10000,66,PrtThread,Problem2,0.0,0.0,0.0,0.32131338119506836,0.016293048858642578,0.0,0.0,1,1,0.006708048210258171,0.006708048210258171,0.17050743103027344,0.01414799690246582,76,8,0.00671,0.00671,1,1
10000,67,TTOK,DrvOK,0.0,0.0,0.0,0.17571568489074707,0.011927604675292969,0.0,0.0,1,1,0.006477718458431894,0.00021193591182184577,0.20843005180358887,0.009949922561645508,76,6,-0.0041|-0.00021|0.01512,-0.00021,3,1
10000,68,ScrnFntNtPrntrFnt,DS_LCLOK,0.0,0.0,0.0,0.19350361824035645,0.0039005279541015625,0.0,0.0,1,1,0.005764882845981603,0.0020496543631135754,0.15177226066589355,0.008140087127685547,76,2,0.00205|0.00948,0.00205,2,1
10000,69,GDIOUT,PrtPaper,7.401486830834377e-17,0.0,0.0,0.15677547454833984,0.014018535614013672,0.0,0.0,1,1,0.015573108068069956,0.015573108068069956,0.16360855102539062,0.011356115341186523,76,7,0.01557,0.01557,1,1
10000,70,PrtStatPaper,FntInstlltn,0.0,0.0,0.0,0.17866110801696777,0.014705657958984375,0.0,0.0,1,1,0.0018342625295317263,0.0018342625295317263,0.18738698959350586,0.011388301849365234,76,5,-0.00183,-0.00183,1,1
10000,71,GDIIN,PrtMpTPth,0.0,0.0,0.0,0.1733388900756836,0.021099567413330078,0.0,0.0,1,1,0.0009036555445987812,0.0009036555445987812,0.1630840301513672,0.01504969596862793,76,7,0.0009,0.0009,1,1
10000,72,PrtDriver,PrtOn,2.220446049250313e-16,0.0,0.0,0.16138887405395508,0.018546104431152344,0.0,0.0,1,1,0.004846291737891187,0.004846291737891187,0.1707141399383545,0.01896190643310547,76,11,0.00485,0.00485,1,1
10000,73,GrphcsRltdDrvrSttngs,PrtDataOut,0.0,0.0,0.0,0.15018439292907715,0.029486417770385742,0.0,0.0,1,1,0.006935181196254437,0.006935181196254437,0.15069031715393066,0.008812904357910156,76,7,-0.00694,-0.00694,1,1
10000,74,LclOK,PrtSpool,0.0,0.375,0.375,0.1454167366027832,0.02343606948852539,0.0|0.75,0.0|0.75,2,2,0.3827231612687221,0.3827231612687221,0.1660909652709961,0.018021583557128906,76,11,-0.01577|0.74967,-0.01577|0.74967,2,2
10000,75,EMFOK,LclGrbld,0.0,0.0,0.0,0.15576720237731934,0.013237953186035156,0.0,0.0,1,1,0.009706102284608588,0.009706102284608588,0.1839296817779541,0.013401269912719727,76,7,0.00971,0.00971,1,1
10000,76,PrntPrcssTm,PrntngArOK,0.0,0.0,0.0,0.16694164276123047,0.009495735168457031,0.0,0.0,1,1,0.009189130896965228,0.001958058276966254,0.15364909172058105,0.003823518753051758,76,2,-0.01642|-0.00196,-0.00196,2,1
10000,77,Problem2,PrtTimeOut,0.0,0.0,0.0,0.16900110244750977,0.006197929382324219,0.0,0.0,1,1,0.013591987064065576,0.006108955669973659,0.17865538597106934,0.00908350944519043,76,2,-0.01749|-0.01745|-0.01332|-0.00611,-0.00611,4,1
10000,78,PrtStatOff,PgOrnttnOK,0.0,0.0,0.0,0.17298436164855957,0.012542963027954102,0.0,0.0,1,1,0.0011500707764861182,0.0011500707764861182,0.20823454856872559,0.004147052764892578,76,2,-0.00115,-0.00115,1,1
10000,79,TTOK,NnTTOK,0.0,0.3333333333333333,0.25,0.1356945037841797,0.010530710220336914,0.0|0.5,0.0|0.5,2,2,0.3280406503689223,0.2549228042191013,0.18614649772644043,0.0147705078125,76,3,-0.01606|0.47428|0.49379,-0.01606|0.49379,3,2
10000,80,GrbldPS,NtwrkCnfg,1.0,0.625,0.75,0.1180276870727539,0.03022027015686035,0.0|1.0|1.5,0.0|1.5,3,2,0.631002933571439,0.7459167643533756,0.1546781063079834,0.03970050811767578,76,10,-0.00433|-0.00368|0.9715|1.48751,-0.00433|1.48751,4,2
10000,81,GDIIN,PrtSel,2.5376526277146434e-16,0.0,0.0,0.16387438774108887,0.007115602493286133,0.0,0.0,1,1,0.010903603433623413,0.010903603433623413,0.19550490379333496,0.011679649353027344,76,6,0.0109,0.0109,1,1
10000,82,PrtDriver,PC2PRT,0.0,0.0,0.0,0.16582989692687988,0.017124414443969727,0.0,0.0,1,1,0.0318344440940386,0.0318344440940386,0.1963942050933838,0.015011072158813477,76,8,0.03183,0.03183,1,1
10000,83,DrvSet,ScrnFntNtPrntrFnt,0.0,0.0,0.0,0.1993570327758789,0.010311603546142578,0.0,0.0,1,1,0.007237871501373588,0.007237871501373588,0.16491985321044922,0.012525796890258789,76,6,-0.00724,-0.00724,1,1
10000,84,PrtMem,FntInstlltn,-5.580800309268111e-17,0.0,0.0,0.1640458106994629,0.025505781173706055,-0.0,-0.0,1,1,0.014412512777937345,0.014412512777937345,0.18289613723754883,0.025925159454345703,76,15,-0.01441,-0.01441,1,1
10000,85,PrtQueue,Problem2,0.0,0.16666666666666666,0.16666666666666666,0.14006400108337402,0.014200448989868164,0.0|0.33333,0.0|0.33333,2,2,0.16679351938673553,0.16679351938673553,0.1668405532836914,0.01018214225769043,76,3,-0.00088|0.33271,-0.00088|0.33271,2,2
10000,86,GrphcsRltdDrvrSttngs,PSERRMEM,0.0,0.0,0.0,0.20293807983398438,0.013692140579223633,0.0,0.0,1,1,0.0013459306051270604,0.0013459306051270604,0.17258548736572266,0.018283843994140625,76,5,0.00135,0.00135,1,1
10000,87,EPSGrphc,TrTypFnts,0.0,0.0,0.0,0.2226419448852539,0.013714313507080078,0.0,0.0,1,1,0.01621270397995153,0.01621270397995153,0.24117159843444824,0.02000284194946289,76,5,-0.01621,-0.01621,1,1
10000,88,TstpsTxt,PrtData,0.0,0.0,0.0,0.1593303680419922,0.013064861297607422,0.0,0.0,1,1,0.0052179844125420476,0.0052179844125420476,0.2277987003326416,0.008881568908691406,76,2,0.00522,0.00522,1,1
10000,89,PrtThread,PrtFile,0.0,0.0,0.0,0.16630816459655762,0.007794857025146484,0.0,0.0,1,1,0.007441084335704687,0.007441084335704687,0.21407675743103027,0.011281967163085938,76,7,0.00744,0.00744,1,1
10000,90,CmpltPgPrntd,NnTTOK,0.0,0.0,0.0,0.18242526054382324,0.005787849426269531,0.0,0.0,1,1,0.005893477297056446,0.0008682356671047793,0.20375323295593262,0.008491992950439453,76,2,-0.01174|-0.00886|-0.00388|-0.00239|0.00087|0.00761,0.00087,6,1
10000,91,PTROFFLINE,PgOrnttnOK,0.0,0.0,0.0,0.17697668075561523,0.013538360595703125,0.0,0.0,1,1,0.0016483809570501488,0.0016483809570501488,0.16800498962402344,0.019083738327026367,76,6,0.00165,0.00165,1,1
10000,92,Problem5,EMFOK,0.0,0.0,0.0,0.14895105361938477,0.010813236236572266,0.0,0.0,1,1,0.0018755623455660227,0.0001467231424832673,0.1343388557434082,0.007475376129150391,76,7,-0.00223|-0.00215|0.00015|0.00298,0.00015,4,1
10000,93,TstpsTxt,TnrSpply,0.0,0.0,0.0,0.11184000968933105,0.010739564895629883,0.0,0.0,1,1,0.0028150688006944413,0.0028150688006944413,0.15049433708190918,0.004155397415161133,76,4,0.00282,0.00282,1,1
10000,94,Problem5,ScrnFntNtPrntrFnt,1.0,0.25,0.5,0.1287248134613037,0.01746678352355957,0.0|1.0,0.0|1.0,2,2,0.26235006841118014,0.514761864698357,0.11478924751281738,0.011992692947387695,76,3,-0.02021|1.00222|1.00931|1.01766,-0.02021|1.00931,4,2
10000,95,PrtMem,CblPrtHrdwrOK,7.566698590451214e-16,0.0,0.0,0.11246204376220703,0.05218911170959473,0.0,0.0,1,1,0.031360714872795334,0.031360714872795334,0.10769939422607422,0.021512269973754883,76,19,0.03136,0.03136,1,1
10000,96,PrtStatToner,IncmpltPS,0.0,0.0,0.0,0.12908625602722168,0.0038979053497314453,0.0,0.0,1,1,0.004367467826737574,0.004367467826737574,0.10903739929199219,0.0066547393798828125,76,2,-0.00437,-0.00437,1,1
10000,97,PrtOn,EMFOK,0.0,0.0,0.0,0.12896180152893066,0.01295614242553711,0.0,0.0,1,1,0.0024959071581530604,0.0024959071581530604,0.1259143352508545,0.008608818054199219,76,9,0.0025,0.0025,1,1
10000,98,EPSGrphc,PrtStatPaper,0.0,0.0,0.0,0.12513041496276855,0.010442018508911133,0.0,0.0,1,1,0.00988430349580576,0.00988430349580576,0.11159682273864746,0.008213996887207031,76,5,-0.00988,-0.00988,1,1
10000,99,NnPSGrphc,DeskPrntSpd,0.0,0.0,0.0,0.17714834213256836,0.00509333610534668,0.0,0.0,1,1,0.002582823934428448,0.0034971329374632286,0.1709117889404297,0.00456690788269043,76,2,-0.0035|0.00167,-0.0035,2,1
