Sample_Size,Exp_ID,T,Y,True_Effect,MAE_Full,MAE_Local,Time_Full,Time_Local,Eff_Full,Eff_Local,Set_Size_Full,Set_Size_Local,MAE_Full_n,MAE_Local_n,Time_Full_n,Time_Local_n,Vars_Full,Vars_Local,Eff_Full_n,Eff_Local_n,Set_Size_Full_n,Set_Size_Local_n
500,0,5,12,2.7641721092749683e-15,0.0,0.0,0.24136757850646973,0.008895635604858398,0.0,0.0,1,1,0.04917410521182905,0.04917410521182905,0.2288367748260498,0.009989500045776367,60,4,0.04917,0.04917,1,1
500,1,41,43,-9.990510892158782e-14,0.0,0.0,0.3638167381286621,0.12502002716064453,-0.0,-0.0,1,1,0.08949918240112108,0.08949918240112108,0.26459288597106934,0.12815356254577637,60,29,0.0895,0.0895,1,1
500,2,15,57,1.324193280280187e-14,0.0,0.0,0.23396825790405273,0.10242223739624023,0.0,0.0,1,1,0.9288230621105279,0.9288230621105279,0.24034881591796875,0.09267187118530273,60,26,0.92882,0.92882,1,1
500,3,34,40,3.921187698865276e-15,0.0,0.0,0.27593421936035156,0.10997200012207031,0.0,0.0,1,1,0.03191470272644698,0.03191470272644698,0.2511317729949951,0.12755608558654785,60,27,0.03191,0.03191,1,1
500,4,1,55,38.000000000000036,14.000000000000025,14.000000000000025,0.2708570957183838,0.14434123039245605,10.0|38.0,10.0|38.0,2,2,14.091603906566357,14.091603906566357,0.27525782585144043,0.11404871940612793,60,32,11.44049|39.6237,11.44049|39.6237,2,2
500,5,6,4,1.9539925233402757e-15,7.938094626069872e-16,7.327471962526035e-16,0.24365806579589844,0.008121252059936523,0.0,0.0,1,1,0.018669291406930508,0.0017146935049231497,0.24349641799926758,0.0073506832122802734,60,2,0.00171|0.01844|0.03585,0.00171,3,1
500,6,55,29,2.3626532670044215e-14,0.0,0.0,0.2464745044708252,0.1300058364868164,0.0,0.0,1,1,0.0963753314429226,0.0963753314429226,0.2840404510498047,0.13007616996765137,60,32,0.09638,0.09638,1,1
500,7,56,54,-4.573324268436018e-15,0.0,0.0,0.3676187992095947,0.15120506286621094,-0.0,-0.0,1,1,0.08707433207573842,0.08707433207573842,0.3483269214630127,0.14301037788391113,60,27,-0.08707,-0.08707,1,1
500,8,19,11,7.376397044967126e-16,0.0,0.0,0.32746434211730957,0.03627943992614746,0.0,0.0,1,1,0.18135267410520087,0.18135267410520087,0.29247379302978516,0.04525899887084961,60,15,0.18135,0.18135,1,1
500,9,9,35,3.0000000000000595,0.0,0.0,0.20418524742126465,0.05262422561645508,3.0,3.0,1,1,0.764197511555794,0.764197511555794,0.16647076606750488,0.05086374282836914,60,25,2.2358,2.2358,1,1
500,10,9,28,1.0000000000000129,0.0,0.0,0.2456648349761963,0.02602219581604004,1.0,1.0,1,1,0.122760038173092,0.122760038173092,0.22120332717895508,0.025008201599121094,60,16,1.12276,1.12276,1,1
500,11,58,52,1.0024598960232974e-13,0.0,0.0,0.27219319343566895,0.19347381591796875,0.0,0.0,1,1,0.017559566899131532,0.017559566899131532,0.3060178756713867,0.20203113555908203,60,41,0.01756,0.01756,1,1
500,12,53,47,1.5656272431682278e-13,0.0,0.0,0.2755560874938965,0.14037346839904785,0.0,0.0,1,1,0.5843877363221962,0.5843877363221962,0.2621166706085205,0.1277453899383545,60,35,0.58439,0.58439,1,1
500,13,31,39,-3.375077994860469e-15,0.0,0.0,0.36097049713134766,0.06719684600830078,-0.0,-0.0,1,1,0.023116273869365607,0.023116273869365607,0.20093441009521484,0.06910300254821777,60,24,-0.02312,-0.02312,1,1
500,14,4,21,-6.236146351086033e-17,1.5590365877715085e-17,0.0,0.20197772979736328,0.008954763412475586,-0.0,-0.0,1,1,0.03864897872549285,0.022039364810674422,0.20049023628234863,0.009515762329101562,60,2,-0.06665|-0.04308|-0.02282|-0.02204,-0.02204,4,1
500,15,9,35,3.0000000000000595,0.0,0.0,0.17538714408874512,0.0767216682434082,3.0,3.0,1,1,0.055549388847222936,0.055549388847222936,0.1665346622467041,0.24898576736450195,60,25,2.94445,2.94445,1,1
500,16,31,53,1.000000000000012,0.0,0.0,0.1846146583557129,0.0892038345336914,1.0,1.0,1,1,0.0581321855280692,0.0581321855280692,0.1892709732055664,0.0980837345123291,60,32,0.94187,0.94187,1,1
500,17,23,40,3.128250136511453e-17,0.0,0.0,0.1876375675201416,0.043627262115478516,0.0,0.0,1,1,0.0013699587822283868,0.0013699587822283868,0.18483519554138184,0.03436779975891113,60,20,-0.00137,-0.00137,1,1
500,18,43,27,-3.519860982607125e-14,0.0,0.0,0.22912836074829102,0.08710050582885742,-0.0,-0.0,1,1,0.1682505731255199,0.1682505731255199,0.21544313430786133,0.11961722373962402,60,29,0.16825,0.16825,1,1
500,19,56,5,1.8823025753485694e-15,0.0,0.0,0.23381567001342773,0.09828352928161621,0.0,0.0,1,1,0.08366315843878913,0.08366315843878913,0.21730875968933105,0.09731411933898926,60,26,0.08366,0.08366,1,1
500,20,58,11,-1.7687978741262035e-15,0.0,0.0,0.2454843521118164,0.18832826614379883,-0.0,-0.0,1,1,0.035507171105087776,0.035507171105087776,0.2652401924133301,0.20008325576782227,60,40,0.03551,0.03551,1,1
500,21,60,18,2.527139408753438e-13,0.0,0.0,0.2515251636505127,0.18857502937316895,0.0,0.0,1,1,0.003879198654364642,0.003879198654364642,0.25848913192749023,0.18220257759094238,60,44,0.00388,0.00388,1,1
500,22,26,55,-2.120009269462833e-13,0.0,0.0,0.2534451484680176,0.13386011123657227,-0.0,-0.0,1,1,0.7041851800186022,0.7041851800186022,0.25714707374572754,0.1526796817779541,60,35,0.70419,0.70419,1,1
500,23,14,25,0.9999999999999991,2.7755575615628914e-16,5.551115123125783e-16,0.2706141471862793,0.020484447479248047,1.0,1.0,1,1,0.03977441999195608,0.010788566105350172,0.23948168754577637,0.01849961280822754,60,11,1.01079|1.06876,1.01079,2,1
500,24,51,16,1.5811054114911353e-15,0.0,0.0,0.19206762313842773,0.06660032272338867,0.0,0.0,1,1,0.025499021714566104,0.025499021714566104,0.20110630989074707,0.03554248809814453,60,24,0.0255,0.0255,1,1
500,25,20,3,-3.1259629942714007e-32,0.0,0.0,0.20729422569274902,0.023847579956054688,-0.0,-0.0,1,1,0.0296491294937718,0.0296491294937718,0.2130424976348877,0.025061845779418945,60,18,0.02965,0.02965,1,1
500,26,30,11,4.320073710526701e-15,0.0,0.0,0.24162650108337402,0.06099510192871094,0.0,0.0,1,1,0.10198757481131158,0.10198757481131158,0.26842236518859863,0.06851506233215332,60,20,0.10199,0.10199,1,1
500,27,21,20,4.4290812152599356e-16,0.0,0.0,0.24761486053466797,0.03399229049682617,0.0,0.0,1,1,0.01251405568496637,0.01251405568496637,0.2558276653289795,0.03619718551635742,60,18,0.01251,0.01251,1,1
500,28,12,21,-2.49600520792585e-31,0.0,0.0,0.2534036636352539,0.008936882019042969,-0.0,-0.0,1,1,0.05270222970793272,0.05270222970793272,0.25220489501953125,0.008892297744750977,60,4,-0.0527,-0.0527,1,1
500,29,58,46,3.505293769981327e-14,0.0,0.0,0.2270519733428955,0.1906578540802002,0.0,0.0,1,1,0.10586823298554393,0.10586823298554393,0.2389850616455078,0.18420195579528809,60,42,0.10587,0.10587,1,1
500,30,55,14,-1.1083139629759847e-14,0.0,0.0,0.22522473335266113,0.14969086647033691,-0.0,-0.0,1,1,0.05772004901321904,0.05772004901321904,0.16940999031066895,0.11457991600036621,60,32,-0.05772,-0.05772,1,1
500,31,39,44,3.132679301150678e-14,0.0,0.0,0.255108118057251,0.06837058067321777,0.0,0.0,1,1,1.745774377297279,1.745774377297279,0.2534658908843994,0.07174825668334961,60,24,-1.74577,-1.74577,1,1
500,32,5,14,6.889901540093981e-16,0.0,0.0,0.2599365711212158,0.00591588020324707,0.0,0.0,1,1,0.0927280981455437,0.0927280981455437,0.265073299407959,0.008554458618164062,60,2,-0.09273,-0.09273,1,1
500,33,60,23,-6.022537892797784e-14,0.0,0.0,0.2369832992553711,0.22264957427978516,-0.0,-0.0,1,1,0.01128757345322976,0.01128757345322976,0.2785489559173584,0.1835157871246338,60,44,0.01129,0.01129,1,1
500,34,17,47,2.999999999999993,5.551115123125783e-15,0.0,0.2670297622680664,0.08555126190185547,3.0,3.0,1,1,0.4260474769008409,0.6493227437785611,0.2685983180999756,0.09264492988586426,60,28,3.20277|3.64932,3.64932,2,1
500,35,20,53,1.0000000000001819,0.0,0.0,0.2753758430480957,0.12244868278503418,1.0,1.0,1,1,0.041293292896945055,0.041293292896945055,0.26114916801452637,0.1114358901977539,60,32,0.95871,0.95871,1,1
500,36,21,6,0.0,0.0,0.0,0.2676730155944824,0.010257959365844727,0.0,0.0,1,1,0.008936531287489875,0.008936531287489875,0.2598602771759033,0.005686283111572266,60,2,-0.00894,-0.00894,1,1
500,37,33,60,8.04330940156196e-13,0.0,0.0,0.23225688934326172,0.21877241134643555,0.0,0.0,1,1,1.9129516475613542,1.9129516475613542,0.27216005325317383,0.20630693435668945,60,45,-1.91295,-1.91295,1,1
500,38,46,58,-1.4616879135636298e-14,0.0,0.0,0.23942852020263672,0.18306803703308105,-0.0,-0.0,1,1,0.006872232623029753,0.006872232623029753,0.3003716468811035,0.23399686813354492,60,42,-0.00687,-0.00687,1,1
500,39,36,17,-8.074349270001157e-17,0.0,0.0,0.23056864738464355,0.026908159255981445,-0.0,-0.0,1,1,0.1471275742567684,0.1471275742567684,0.2534759044647217,0.028313636779785156,60,13,-0.14713,-0.14713,1,1
500,40,40,22,-5.405637623347307e-16,0.0,0.0,0.26490092277526855,0.06354308128356934,-0.0,-0.0,1,1,0.0396452063551953,0.0396452063551953,0.2541475296020508,0.050064802169799805,60,20,0.03965,0.03965,1,1
500,41,18,6,-2.0496425070002874e-16,0.0,0.0,0.2595648765563965,0.01677227020263672,-0.0,-0.0,1,1,0.09743688772093562,0.09743688772093562,0.25864624977111816,0.020082473754882812,60,7,0.09744,0.09744,1,1
500,42,57,24,-2.916978986939279e-14,0.0,0.0,0.24751663208007812,0.09405851364135742,-0.0,-0.0,1,1,0.17013837196504886,0.17013837196504886,0.2403426170349121,0.11078763008117676,60,25,0.17014,0.17014,1,1
500,43,45,50,3.8630527667532023e-14,0.0,0.0,0.2613811492919922,0.0964200496673584,0.0,0.0,1,1,0.09770115922449008,0.09770115922449008,0.23338961601257324,0.08828854560852051,60,28,0.0977,0.0977,1,1
500,44,49,29,8.348877145181143e-15,0.0,0.0,0.20542168617248535,0.037442684173583984,0.0,0.0,1,1,0.11177321496965974,0.11177321496965974,0.20803523063659668,0.0331425666809082,60,19,0.11177,0.11177,1,1
500,45,7,23,0.0,0.0,0.0,0.2596001625061035,0.010887861251831055,0.0,0.0,1,1,0.0020720103119331204,0.0020720103119331204,0.22826695442199707,0.009255170822143555,60,2,-0.00207,-0.00207,1,1
500,46,46,28,3.6542197839090745e-15,0.0,0.0,0.26082754135131836,0.0730903148651123,0.0,0.0,1,1,0.0728952433717902,0.0728952433717902,0.25690627098083496,0.08520150184631348,60,25,-0.0729,-0.0729,1,1
500,47,43,7,1.6310785848768067e-15,0.0,0.0,0.2559206485748291,0.12514424324035645,0.0,0.0,1,1,0.030044115109552932,0.030044115109552932,0.25728702545166016,0.13576412200927734,60,28,0.03004,0.03004,1,1
500,48,45,41,-3.1846774586683593e-13,0.0,0.0,0.24204778671264648,0.13964295387268066,-0.0,-0.0,1,1,0.09172517241840039,0.09172517241840039,0.3529937267303467,0.1070859432220459,60,30,0.09173,0.09173,1,1
500,49,3,32,-6.106226635438361e-17,0.0,0.0,0.230360746383667,0.013450860977172852,-0.0,-0.0,1,1,0.01367133729549455,0.01367133729549455,0.268413782119751,0.012891292572021484,60,4,-0.01367,-0.01367,1,1
500,50,26,49,3.98982035390448e-15,0.0,0.0,0.33176541328430176,0.04686450958251953,0.0,0.0,1,1,0.18531383513042826,0.18531383513042826,0.30874085426330566,0.06110382080078125,60,19,-0.18531,-0.18531,1,1
500,51,20,6,2.856821308726171e-15,0.0,0.0,0.3020200729370117,0.03634214401245117,0.0,0.0,1,1,0.03383443893122609,0.03383443893122609,0.1628570556640625,0.021506071090698242,60,17,0.03383,0.03383,1,1
500,52,18,52,-3.586874387250503e-16,0.0,0.0,0.22658371925354004,0.03705930709838867,-0.0,-0.0,1,1,0.03381847406215476,0.03381847406215476,0.22362232208251953,0.027298450469970703,60,15,-0.03382,-0.03382,1,1
500,53,52,6,-3.454027187722702e-16,0.0,0.0,0.2557194232940674,0.02567911148071289,-0.0,-0.0,1,1,0.0810130022313004,0.0810130022313004,0.2877156734466553,0.035733938217163086,60,11,0.08101,0.08101,1,1
500,54,45,37,-1.989642202709897e-13,0.0,0.0,0.22228336334228516,0.10945367813110352,-0.0,-0.0,1,1,0.007746019119391323,0.007746019119391323,0.27744579315185547,0.109161376953125,60,29,-0.00775,-0.00775,1,1
500,55,30,43,2.0000000000000475,0.0,0.0,0.22272849082946777,0.07501792907714844,2.0,2.0,1,1,0.34082423096242853,0.34082423096242853,0.22430181503295898,0.08510899543762207,60,28,1.65918,1.65918,1,1
500,56,24,45,3.7895612573871926e-14,0.0,0.0,0.246506929397583,0.06230282783508301,0.0,0.0,1,1,0.0004265537361231353,0.0004265537361231353,0.2663862705230713,0.06281542778015137,60,28,-0.00043,-0.00043,1,1
500,57,28,51,2.368475785866996e-14,0.0,0.0,0.25130677223205566,0.08544588088989258,0.0,0.0,1,1,0.19464573223332934,0.19464573223332934,0.2447800636291504,0.06459569931030273,60,25,-0.19465,-0.19465,1,1
500,58,6,25,0.9999999999999971,0.33333333333333304,0.49999999999999956,0.22626161575317383,0.02753424644470215,0.0|1.0,0.0|1.0,2,2,0.3372020414160409,0.48637031473940506,0.2365410327911377,0.025763750076293945,60,12,0.03435|0.99291|1.03887,0.03435|0.99291,3,2
500,59,18,50,-8.540177112501197e-16,0.0,0.0,0.24361133575439453,0.02361130714416504,-0.0,-0.0,1,1,0.08071925059853202,0.08071925059853202,0.27022647857666016,0.020405292510986328,60,9,-0.08072,-0.08072,1,1
500,60,36,27,-1.2111523905001734e-15,0.0,0.0,0.22704195976257324,0.05528068542480469,-0.0,-0.0,1,1,0.07570564972598047,0.07570564972598047,0.26069068908691406,0.043096065521240234,60,16,-0.07571,-0.07571,1,1
500,61,33,3,1.4995034377357052e-30,0.0,0.0,0.2737452983856201,0.10173821449279785,0.0,0.0,1,1,0.0843579482858661,0.0843579482858661,0.28432202339172363,0.1167607307434082,60,24,-0.08436,-0.08436,1,1
500,62,54,48,8.171241461241169e-14,4.166666666666639,4.166666666666639,0.24337506294250488,0.09502816200256348,0.0|8.33333,0.0|8.33333,2,2,4.254405251430925,4.254405251430925,0.25124692916870117,0.08889365196228027,60,26,-0.07531|8.4335,-0.07531|8.4335,2,2
500,63,47,50,-2.7361756815876388e-15,0.0,0.0,0.292863130569458,0.08515691757202148,-0.0,-0.0,1,1,0.08757675382555011,0.08757675382555011,0.246598482131958,0.08796834945678711,60,29,0.08758,0.08758,1,1
500,64,9,12,7.038813976123475e-15,0.0,0.0,0.2682313919067383,0.023073434829711914,0.0,0.0,1,1,0.10169464069087847,0.10169464069087847,0.2588067054748535,0.021936893463134766,60,7,0.10169,0.10169,1,1
500,65,19,56,2.0000000000000155,0.0,0.0,0.2383894920349121,0.06586933135986328,2.0,2.0,1,1,0.22876502050687053,0.22876502050687053,0.29692983627319336,0.09538102149963379,60,26,2.22877,2.22877,1,1
500,66,27,51,3.965819920521486e-15,0.0,0.0,0.29622435569763184,0.08736920356750488,0.0,0.0,1,1,4.870325199733046,4.870325199733046,0.26229071617126465,0.06581473350524902,60,27,-4.87033,-4.87033,1,1
500,67,23,4,-1.2544607613818095e-17,0.0,0.0,0.30770254135131836,0.011369705200195312,-0.0,-0.0,1,1,0.0074660700275722275,0.0074660700275722275,0.27856922149658203,0.004530191421508789,60,2,0.00747,0.00747,1,1
500,68,39,12,5.145883719137574e-15,0.0,0.0,0.2694263458251953,0.010773658752441406,0.0,0.0,1,1,0.11540196252695764,0.11540196252695764,0.21288061141967773,0.008820056915283203,60,8,0.1154,0.1154,1,1
500,69,23,28,2.7755575615628914e-17,0.0,0.0,0.2105998992919922,0.03580641746520996,0.0,0.0,1,1,0.009770411457289177,0.009770411457289177,0.24478411674499512,0.029209136962890625,60,17,-0.00977,-0.00977,1,1
500,70,43,29,1.475358455809494e-14,0.0,0.0,0.31947898864746094,0.15180492401123047,0.0,0.0,1,1,0.004562948399659168,0.004562948399659168,0.3247411251068115,0.16449809074401855,60,28,-0.00456,-0.00456,1,1
500,71,52,5,1.4130111222501802e-16,0.0,0.0,0.3360471725463867,0.026346445083618164,0.0,0.0,1,1,0.025167751597313767,0.025167751597313767,0.3147411346435547,0.026573657989501953,60,11,0.02517,0.02517,1,1
500,72,58,35,8.046770499728551e-14,0.0,0.0,0.3106808662414551,0.26636791229248047,0.0,0.0,1,1,0.11022083878931781,0.11022083878931781,0.32051968574523926,0.2680320739746094,60,43,0.11022,0.11022,1,1
500,73,32,26,-4.440892098500633e-16,0.0,0.0,0.4536123275756836,0.05971527099609375,-0.0,-0.0,1,1,0.43353216052988663,0.43353216052988663,0.31592774391174316,0.06086874008178711,60,19,0.43353,0.43353,1,1
500,74,52,59,3.1579677144893274e-14,0.0,0.0,0.329296350479126,0.1401057243347168,0.0,0.0,1,1,0.7532107831142569,0.7532107831142569,0.30590081214904785,0.15056514739990234,60,31,0.75321,0.75321,1,1
500,75,7,21,0.0,0.0,0.0,0.32683372497558594,0.012306451797485352,0.0,0.0,1,1,0.073690116617529,0.073690116617529,0.31485819816589355,0.010108709335327148,60,2,-0.07369,-0.07369,1,1
500,76,43,26,-1.7832355446333645e-13,0.0,0.0,0.31032252311706543,0.19363141059875488,-0.0,-0.0,1,1,0.15809742964322218,0.15809742964322218,0.338900089263916,0.19999933242797852,60,30,-0.1581,-0.1581,1,1
500,77,52,33,-7.894919286223318e-16,0.0,0.0,0.31777405738830566,0.12331867218017578,-0.0,-0.0,1,1,0.6198575286237539,0.6198575286237539,0.34215831756591797,0.11610007286071777,60,24,0.61986,0.61986,1,1
500,78,46,31,7.815970093361077e-14,0.0,0.0,0.33143186569213867,0.11421489715576172,0.0,0.0,1,1,0.0999825797183529,0.0999825797183529,0.3340728282928467,0.10252666473388672,60,25,-0.09998,-0.09998,1,1
500,79,47,19,-2.290417575531908e-14,0.0,0.0,0.34481287002563477,0.10416340827941895,-0.0,-0.0,1,1,0.003141746180012847,0.003141746180012847,0.3275914192199707,0.11154842376708984,60,28,0.00314,0.00314,1,1
500,80,23,27,-2.7755575615628914e-17,0.0,0.0,0.323091983795166,0.03820967674255371,-0.0,-0.0,1,1,0.013726158511290092,0.013726158511290092,0.3217017650604248,0.03949117660522461,60,15,0.01373,0.01373,1,1
500,81,29,53,1.9999999999999747,0.0,0.0,0.3147265911102295,0.14510631561279297,2.0,2.0,1,1,0.2313319874053832,0.2313319874053832,0.3201417922973633,0.14454269409179688,60,32,2.23133,2.23133,1,1
500,82,30,21,-1.2561594837273892e-31,0.0,0.0,0.3176236152648926,0.08787250518798828,-0.0,-0.0,1,1,0.016074162483502016,0.016074162483502016,0.343250036239624,0.08184671401977539,60,21,0.01607,0.01607,1,1
500,83,6,51,6.999999999999986,1.333333333333331,1.333333333333331,0.32292675971984863,0.07573080062866211,3.5|7.0|7.5,3.5|7.0|7.5,3,3,1.44885854122682,1.44885854122682,0.3228187561035156,0.07505464553833008,60,24,3.56799|7.26156|7.65301,3.56799|7.26156|7.65301,3,3
500,84,39,46,-3.623767952376544e-14,0.0,0.0,0.33447837829589844,0.11933588981628418,-0.0,-0.0,1,1,0.27591908287341027,0.27591908287341027,0.3266942501068115,0.12993502616882324,60,28,0.27592,0.27592,1,1
500,85,21,41,1.0000000000000027,0.0,0.0,0.39989805221557617,0.13653802871704102,1.0,1.0,1,1,0.002708282603049561,0.002708282603049561,0.26785945892333984,0.14269685745239258,60,28,1.00271,1.00271,1,1
500,86,17,13,-8.881784197001226e-16,3.425831047414758e-16,0.0,0.2783505916595459,0.0202178955078125,-0.0,-0.0,1,1,0.07915916257669386,0.028965722869109863,0.25931596755981445,0.019463062286376953,60,10,-0.12935|-0.02897,-0.02897,2,1
500,87,18,24,2.7992802757642845e-16,0.0,0.0,0.2825441360473633,0.023820877075195312,0.0,0.0,1,1,0.0053862530954321124,0.0053862530954321124,0.29256558418273926,0.025530338287353516,60,11,0.00539,0.00539,1,1
500,88,19,50,-3.914006595288679e-16,0.0,0.0,0.2518315315246582,0.038651466369628906,-0.0,-0.0,1,1,0.08198985815635848,0.08198985815635848,0.26833415031433105,0.028666019439697266,60,16,-0.08199,-0.08199,1,1
500,89,1,45,30.000000000000032,11.000000000000012,11.000000000000012,0.27155184745788574,0.0819706916809082,8.0|30.0,8.0|30.0,2,2,11.364587383388807,11.364587383388807,0.2976510524749756,0.08714652061462402,60,27,7.43917|30.16834,7.43917|30.16834,2,2
500,90,14,17,1.0000000000000002,2.220446049250313e-16,4.440892098500626e-16,0.21587324142456055,0.019788026809692383,1.0,1.0,1,1,0.06826554599838902,0.022495511789907052,0.2644522190093994,0.03273463249206543,60,10,0.88596|0.9775,0.9775,2,1
500,91,5,46,2.0000000000000635,0.0,0.0,0.2974550724029541,0.08951187133789062,2.0,2.0,1,1,0.07291574085675334,0.07291574085675334,0.25509119033813477,0.08255338668823242,60,25,2.07292,2.07292,1,1
500,92,54,18,7.54951656745108e-15,0.33333333333333054,0.33333333333333054,0.29989099502563477,0.018553972244262695,0.0|0.66667,0.0|0.66667,2,2,0.36575826524927707,0.36575826524927707,0.31631040573120117,0.02337479591369629,60,9,-0.04658|0.68493,-0.04658|0.68493,2,2
500,93,29,52,4.413977600933947e-15,0.0,0.0,0.25533032417297363,0.02974700927734375,0.0,0.0,1,1,0.002588106529145809,0.002588106529145809,0.28658604621887207,0.04573416709899902,60,18,-0.00259,-0.00259,1,1
500,94,6,3,0.0,0.0,0.0,0.2933509349822998,0.0048639774322509766,0.0,0.0,1,1,0.021564343732634314,0.009936059726932999,0.2568221092224121,0.007915496826171875,60,2,-0.04917|-0.00994|-0.00558,-0.00994,3,1
500,95,17,45,1.9999999999999925,2.120525977034049e-14,0.0,0.2503633499145508,0.10034775733947754,2.0,2.0,1,1,0.15850223161233534,0.10682236809811085,0.2751471996307373,0.09330391883850098,60,27,1.78982|2.10682,2.10682,2,1
500,96,57,16,-5.733242498050431e-14,0.0,0.0,0.25667476654052734,0.08979654312133789,-0.0,-0.0,1,1,0.2058719978544834,0.2058719978544834,0.2879166603088379,0.09384655952453613,60,25,0.20587,0.20587,1,1
500,97,23,1,0.0,0.0,0.0,0.2623288631439209,0.0099334716796875,0.0,0.0,1,1,0.032071655747265955,0.032071655747265955,0.252490758895874,0.010306119918823242,60,2,0.03207,0.03207,1,1
500,98,43,42,-4.373136851954411e-14,0.0,0.0,0.25795435905456543,0.12037372589111328,-0.0,-0.0,1,1,0.11914053526085025,0.11914053526085025,0.23783230781555176,0.08326387405395508,60,29,-0.11914,-0.11914,1,1
500,99,16,27,5.2507018341095476e-15,0.0,0.0,0.23960661888122559,0.02638530731201172,0.0,0.0,1,1,0.11480932791244802,0.11480932791244802,0.18591666221618652,0.025748252868652344,60,17,0.11481,0.11481,1,1
1000,0,49,4,-4.2188474935755774e-16,0.0,0.0,0.21579480171203613,0.024615049362182617,-0.0,-0.0,1,1,0.051517477481793875,0.051517477481793875,0.3304588794708252,0.023624181747436523,60,12,0.05152,0.05152,1,1
1000,1,37,58,-6.608834021243187e-13,0.0,0.0,0.3206315040588379,0.25124335289001465,-0.0,-0.0,1,1,0.24992647351164396,0.24992647351164396,0.3382244110107422,0.25155138969421387,60,41,0.24993,0.24993,1,1
1000,2,43,2,-1.5004932447313054e-14,0.0,0.0,0.3142998218536377,0.1563858985900879,-0.0,-0.0,1,1,0.020317363287898453,0.020317363287898453,0.3258242607116699,0.1742105484008789,60,28,-0.02032,-0.02032,1,1
1000,3,37,36,-5.161922549917688e-16,0.0,0.0,0.3163621425628662,0.14002013206481934,-0.0,-0.0,1,1,0.01287875116032764,0.01287875116032764,0.3423745632171631,0.12543606758117676,60,26,-0.01288,-0.01288,1,1
1000,4,18,12,1.4518301091252052e-16,0.0,0.0,0.3130788803100586,0.02586531639099121,0.0,0.0,1,1,0.145391893547424,0.145391893547424,0.30623364448547363,0.02536940574645996,60,10,-0.14539,-0.14539,1,1
1000,5,24,12,5.181040781584052e-16,0.0,0.0,0.3289628028869629,0.02313232421875,0.0,0.0,1,1,0.06851193995438873,0.06851193995438873,0.3293445110321045,0.021871566772460938,60,8,-0.06851,-0.06851,1,1
1000,6,57,15,-3.112140286596144e-14,0.0,0.0,0.32021641731262207,0.13797831535339355,-0.0,-0.0,1,1,0.038618469290784,0.038618469290784,0.31864190101623535,0.12559819221496582,60,26,-0.03862,-0.03862,1,1
1000,7,25,31,0.9999999999999896,0.0,0.0,0.3339376449584961,0.08661746978759766,1.0,1.0,1,1,0.19772479887945082,0.19772479887945082,0.32997608184814453,0.08570647239685059,60,21,1.19772,1.19772,1,1
1000,8,24,5,4.879971082871442e-17,0.0,0.0,0.3360915184020996,0.014881610870361328,0.0,0.0,1,1,0.0002601400526963362,0.0002601400526963362,0.33115434646606445,0.014481782913208008,60,6,-0.00026,-0.00026,1,1
1000,9,52,2,-3.947459643111659e-16,0.0,0.0,0.3181889057159424,0.02443838119506836,-0.0,-0.0,1,1,0.0359340184354777,0.0359340184354777,0.3176305294036865,0.02361154556274414,60,10,-0.03593,-0.03593,1,1
1000,10,5,53,6.000000000000212,0.0,0.0,0.31299901008605957,0.14383292198181152,6.0,6.0,1,1,0.35620596792192405,0.35620596792192405,0.3245880603790283,0.14294171333312988,60,32,5.64379,5.64379,1,1
1000,11,15,36,2.422304781000342e-16,0.0,0.0,0.30872321128845215,0.023343563079833984,0.0,0.0,1,1,0.035052809670248576,0.035052809670248576,0.3172612190246582,0.02251291275024414,60,9,0.03505,0.03505,1,1
1000,12,19,45,3.999999999999958,0.0,0.0,0.3167433738708496,0.1088109016418457,4.0,4.0,1,1,0.03687045265446676,0.03687045265446676,0.32643961906433105,0.10706543922424316,60,27,4.03687,4.03687,1,1
1000,13,58,2,2.2284144584766964e-15,0.0,0.0,0.34219789505004883,0.23188400268554688,0.0,0.0,1,1,0.16892289757580023,0.16892289757580023,0.31056904792785645,0.22956275939941406,60,40,0.16892,0.16892,1,1
1000,14,29,11,1.5879553564335542e-15,0.0,0.0,0.32100367546081543,0.055962324142456055,0.0,0.0,1,1,0.08182763932374763,0.08182763932374763,0.31195664405822754,0.048874616622924805,60,17,0.08183,0.08183,1,1
1000,15,3,31,1.2868883371352928e-15,0.0,0.0,0.3185105323791504,0.0916898250579834,0.0,0.0,1,1,0.024915993688895997,0.024915993688895997,0.30454421043395996,0.10021519660949707,60,22,-0.02492,-0.02492,1,1
1000,16,44,43,-1.1099602499447697e-14,0.0,0.0,0.31955695152282715,0.18857645988464355,-0.0,-0.0,1,1,0.767911685897065,0.767911685897065,0.31834959983825684,0.1794447898864746,60,31,-0.76791,-0.76791,1,1
1000,17,39,16,-3.208544541166732e-15,0.0,0.0,0.31994009017944336,0.03607940673828125,-0.0,-0.0,1,1,0.0849806399190876,0.0849806399190876,0.31023120880126953,0.03442692756652832,60,13,0.08498,0.08498,1,1
1000,18,41,20,-2.5472337169077246e-14,0.0,0.0,0.33261680603027344,0.19726848602294922,-0.0,-0.0,1,1,0.11235253804727734,0.11235253804727734,0.33032655715942383,0.18776822090148926,60,30,0.11235,0.11235,1,1
1000,19,50,56,3.410605131648478e-14,0.0,0.0,0.3257756233215332,0.12997913360595703,0.0,0.0,1,1,1.0016770134855606,1.0016770134855606,0.3330211639404297,0.14422869682312012,60,27,1.00168,1.00168,1,1
1000,20,37,11,-1.1626616029100317e-15,0.0,0.0,0.3134496212005615,0.11903119087219238,-0.0,-0.0,1,1,0.026170451877051203,0.026170451877051203,0.3133723735809326,0.1099996566772461,60,24,0.02617,0.02617,1,1
1000,21,16,35,3.0000000000000266,0.0,0.0,0.32365870475769043,0.09639382362365723,3.0,3.0,1,1,0.014092636733237462,0.014092636733237462,0.3243241310119629,0.09539198875427246,60,25,2.98591,2.98591,1,1
1000,22,55,4,7.239276174351807e-15,0.0,0.0,0.2080690860748291,0.06966090202331543,0.0,0.0,1,1,0.03329337120418158,0.03329337120418158,0.1759324073791504,0.11495661735534668,60,32,-0.03329,-0.03329,1,1
1000,23,41,5,-5.820721628985406e-15,0.0,0.0,0.23217511177062988,0.11559438705444336,-0.0,-0.0,1,1,0.0046656487448493425,0.0046656487448493425,0.21686053276062012,0.10396003723144531,60,28,-0.00467,-0.00467,1,1
1000,24,1,11,4.884981308350689e-16,9.769962616701378e-16,0.0,0.21610665321350098,0.0050504207611083984,0.0,0.0,1,1,0.025240544641332054,0.025719740742523128,0.20001888275146484,0.004213571548461914,60,2,0.02476|0.02572,0.02572,2,1
1000,25,14,46,5.000000000000007,1.3333333333333321,1.3333333333333321,0.22652435302734375,0.08312106132507324,5.0|7.66667,5.0|7.66667,2,2,1.3048867112323768,1.3048867112323768,0.25580859184265137,0.07018613815307617,60,25,5.02305|7.58672,5.02305|7.58672,2,2
1000,26,51,29,-9.546378174016793e-15,0.0,0.0,0.20067334175109863,0.05037093162536621,-0.0,-0.0,1,1,0.02689197635116388,0.02689197635116388,0.24028635025024414,0.04750180244445801,60,26,-0.02689,-0.02689,1,1
1000,27,52,10,1.2335811384723935e-16,0.0,0.0,0.22428035736083984,0.015224933624267578,0.0,0.0,1,1,0.034387983087171524,0.034387983087171524,0.2459852695465088,0.013185501098632812,60,10,0.03439,0.03439,1,1
1000,28,49,30,2.1316282072802918e-15,0.0,0.0,0.203416109085083,0.05983448028564453,0.0,0.0,1,1,0.07133874623756636,0.07133874623756636,0.2120647430419922,0.06190752983093262,60,22,-0.07134,-0.07134,1,1
1000,29,23,35,-1.1102230246251565e-16,0.0,0.0,0.20496344566345215,0.06203651428222656,-0.0,-0.0,1,1,0.009324180237305269,0.009324180237305269,0.20823454856872559,0.052108049392700195,60,26,0.00932,0.00932,1,1
1000,30,12,42,1.9999999999999942,0.0,0.0,0.25667619705200195,0.1015174388885498,2.0,2.0,1,1,0.11020486817604436,0.11020486817604436,0.3423287868499756,0.0966646671295166,60,21,2.1102,2.1102,1,1
1000,31,12,49,0.9999999999999982,0.0,0.0,0.3372313976287842,0.034379005432128906,1.0,1.0,1,1,0.003514594881941502,0.003514594881941502,0.3310658931732178,0.022734403610229492,60,12,1.00351,1.00351,1,1
1000,32,31,1,-6.618361772604146e-16,0.0,0.0,0.32100772857666016,0.08617877960205078,-0.0,-0.0,1,1,0.002711412006742845,0.002711412006742845,0.3450608253479004,0.08534884452819824,60,21,0.00271,0.00271,1,1
1000,33,19,24,-3.1914207623123075e-15,0.0,0.0,0.3302457332611084,0.046846628189086914,-0.0,-0.0,1,1,0.018565300108687517,0.018565300108687517,0.3243396282196045,0.04216814041137695,60,16,-0.01857,-0.01857,1,1
1000,34,28,16,4.500103993147292e-15,0.0,0.0,0.4454624652862549,0.029201984405517578,0.0,0.0,1,1,0.0035517663802208323,0.0035517663802208323,0.24092698097229004,0.023897409439086914,60,16,0.00355,0.00355,1,1
1000,35,27,56,3.007413439728794e-14,0.0,0.0,0.22054290771484375,0.1187903881072998,0.0,0.0,1,1,0.2563737114822387,0.2563737114822387,0.21042990684509277,0.10214948654174805,60,27,-0.25637,-0.25637,1,1
1000,36,6,35,9.000000000000007,1.3333333333333357,1.3333333333333357,0.26277709007263184,0.07972359657287598,6.5|9.0|10.5,6.5|9.0|10.5,3,3,1.3729078902404839,1.3729078902404839,0.2639200687408447,0.07837271690368652,60,25,6.4596|8.94736|10.52569,6.4596|8.94736|10.52569,3,3
1000,37,36,28,6.459479416000926e-16,0.0,0.0,0.2395648956298828,0.04408717155456543,0.0,0.0,1,1,0.06755935351496198,0.06755935351496198,0.2720308303833008,0.0498812198638916,60,19,0.06756,0.06756,1,1
1000,38,47,57,-2.3132285373284224e-13,0.0,0.0,0.2606053352355957,0.1093287467956543,-0.0,-0.0,1,1,0.013890981671393968,0.013890981671393968,0.2521951198577881,0.1040339469909668,60,31,0.01389,0.01389,1,1
1000,39,54,32,8.88178419700127e-16,0.1666666666666656,0.1666666666666656,0.2238602638244629,0.016447782516479492,0.0|0.33333,0.0|0.33333,2,2,0.21075059044254774,0.21075059044254774,0.2740027904510498,0.011604547500610352,60,6,-0.09372|0.32778,-0.09372|0.32778,2,2
1000,40,30,17,5.947856586337405e-15,0.0,0.0,0.3182995319366455,0.0641336441040039,0.0,0.0,1,1,0.0401929358206798,0.0401929358206798,0.24839186668395996,0.05311179161071777,60,20,-0.04019,-0.04019,1,1
1000,41,15,19,-2.139702556550302e-15,0.0,0.0,0.23795294761657715,0.05304360389709473,-0.0,-0.0,1,1,0.03986697563240855,0.03986697563240855,0.3125746250152588,0.044358015060424805,60,16,-0.03987,-0.03987,1,1
1000,42,51,6,2.8074322031852728e-15,0.0,0.0,0.3523104190826416,0.07551383972167969,0.0,0.0,1,1,0.04147166699450899,0.04147166699450899,0.3288576602935791,0.0753023624420166,60,24,-0.04147,-0.04147,1,1
1000,43,53,12,4.435347418209552e-14,0.0,0.0,0.33971524238586426,0.14698004722595215,0.0,0.0,1,1,0.05550854205693214,0.05550854205693214,0.3360593318939209,0.15657591819763184,60,32,-0.05551,-0.05551,1,1
1000,44,23,30,0.0,0.0,0.0,0.3481862545013428,0.08341431617736816,0.0,0.0,1,1,0.008822043055556415,0.008822043055556415,0.333050012588501,0.08342695236206055,60,21,0.00882,0.00882,1,1
1000,45,59,11,8.46057059140483e-15,0.0,0.0,0.3346071243286133,0.13851499557495117,0.0,0.0,1,1,0.01702435216391267,0.01702435216391267,0.3190896511077881,0.15990900993347168,60,30,-0.01702,-0.01702,1,1
1000,46,51,35,-1.2683335657742679e-14,0.0,0.0,0.3406529426574707,0.09093737602233887,-0.0,-0.0,1,1,0.19936414563014518,0.19936414563014518,0.4002995491027832,0.12210702896118164,60,30,0.19936,0.19936,1,1
1000,47,30,57,0.9999999999999626,0.0,0.0,0.27671217918395996,0.11287450790405273,1.0,1.0,1,1,0.2232769179996621,0.2232769179996621,0.30904269218444824,0.11300182342529297,60,25,0.77672,0.77672,1,1
1000,48,32,25,1.1102230246251583e-15,0.0,0.0,0.291029691696167,0.021601438522338867,0.0,0.0,1,1,0.03480734684533198,0.03480734684533198,0.30931758880615234,0.027014493942260742,60,13,-0.03481,-0.03481,1,1
1000,49,52,23,0.0,0.0,0.0,0.29119014739990234,0.024221181869506836,0.0,0.0,1,1,0.005850660975047965,0.005850660975047965,0.29335927963256836,0.018785953521728516,60,11,0.00585,0.00585,1,1
1000,50,60,22,1.6099800265384315e-13,0.0,0.0,0.2870941162109375,0.2062530517578125,0.0,0.0,1,1,0.053359942121148925,0.053359942121148925,0.30156755447387695,0.18343687057495117,60,44,-0.05336,-0.05336,1,1
1000,51,25,57,1.0000000000000018,0.0,0.0,0.271564245223999,0.13523077964782715,1.0,1.0,1,1,0.12349447457332219,0.12349447457332219,0.2833404541015625,0.0982823371887207,60,25,1.12349,1.12349,1,1
1000,52,17,60,11.999999999999915,1.500000000000007,1.500000000000007,0.28883862495422363,0.2563364505767822,9.0|12.0,9.0|12.0,2,2,0.9005524529986353,0.9005524529986353,0.32061266899108887,0.26094484329223633,60,44,11.7066|13.5077,11.7066|13.5077,2,2
1000,53,58,42,2.3785544062323877e-14,0.0,0.0,0.3375699520111084,0.2289588451385498,0.0,0.0,1,1,0.1581584583804512,0.1581584583804512,0.32561802864074707,0.23252654075622559,60,40,0.15816,0.15816,1,1
1000,54,16,9,1.3583905242472461e-15,0.0,0.0,0.3228263854980469,0.02846980094909668,0.0,0.0,1,1,0.061340880735185135,0.061340880735185135,0.31340742111206055,0.027681827545166016,60,12,0.06134,0.06134,1,1
1000,55,12,54,2.2204460492503062e-16,0.0,0.0,0.3551006317138672,0.018959760665893555,0.0,0.0,1,1,0.06482267296917758,0.06482267296917758,0.32504773139953613,0.016079425811767578,60,4,0.06482,0.06482,1,1
1000,56,49,43,3.410605131648467e-14,0.0,0.0,0.3435983657836914,0.1791393756866455,0.0,0.0,1,1,0.4406492998608809,0.4406492998608809,0.33249354362487793,0.16901254653930664,60,30,-0.44065,-0.44065,1,1
1000,57,36,13,-8.074349270001157e-17,0.0,0.0,0.323472261428833,0.016115427017211914,-0.0,-0.0,1,1,0.020028425144176902,0.020028425144176902,0.32076168060302734,0.015550374984741211,60,7,-0.02003,-0.02003,1,1
1000,58,3,43,3.781844813669948e-15,0.0,0.0,0.46258974075317383,0.16144490242004395,0.0,0.0,1,1,0.033832795245486144,0.033832795245486144,0.33303284645080566,0.1749260425567627,60,29,-0.03383,-0.03383,1,1
1000,59,26,34,2.252286407692386e-14,0.0,0.0,0.3146555423736572,0.17829036712646484,0.0,0.0,1,1,0.44385234388081046,0.44385234388081046,0.3182528018951416,0.16193532943725586,60,28,-0.44385,-0.44385,1,1
1000,60,37,9,-1.514655559647276e-14,0.0,0.0,0.32529544830322266,0.11232233047485352,-0.0,-0.0,1,1,0.018713527546395697,0.018713527546395697,0.3216538429260254,0.11299395561218262,60,24,0.01871,0.01871,1,1
1000,61,49,35,3.2684965844964473e-14,0.0,0.0,0.3515431880950928,0.09078192710876465,0.0,0.0,1,1,0.6738052415456081,0.6738052415456081,0.32283735275268555,0.11395120620727539,60,27,0.67381,0.67381,1,1
1000,62,47,28,2.642513970142635e-14,0.0,0.0,0.3111858367919922,0.11361408233642578,0.0,0.0,1,1,0.01957001293613021,0.01957001293613021,0.309356689453125,0.10412359237670898,60,28,-0.01957,-0.01957,1,1
1000,63,33,7,-7.732629530641946e-16,0.0,0.0,0.3346095085144043,0.10228538513183594,-0.0,-0.0,1,1,0.09517888882743923,0.09517888882743923,0.33449363708496094,0.13610076904296875,60,23,-0.09518,-0.09518,1,1
1000,64,54,29,1.8947806286936045e-14,0.8333333333333277,0.8333333333333277,0.30298542976379395,0.04630303382873535,0.0|1.66667,0.0|1.66667,2,2,0.844970752243305,0.844970752243305,0.21222972869873047,0.06935453414916992,60,18,0.02326|1.66668,0.02326|1.66668,2,2
1000,65,8,9,-2.1094237467877974e-15,0.2500000000000018,0.2500000000000018,0.2942636013031006,0.019129037857055664,-0.0|0.5,-0.0|0.5,2,2,0.2602710867274608,0.2602710867274608,0.27473878860473633,0.01720285415649414,60,5,-0.02633|0.49421,-0.02633|0.49421,2,2
1000,66,11,20,1.0000000000000002,1.2500000000000013,1.2500000000000013,0.31221628189086914,0.036238670349121094,1.0|3.5,1.0|3.5,2,2,1.2646057879351074,1.2646057879351074,0.23434209823608398,0.04454612731933594,60,17,1.01148|3.51773,1.01148|3.51773,2,2
1000,67,28,24,3.4046839421838064e-15,0.0,0.0,0.31787800788879395,0.04554462432861328,0.0,0.0,1,1,0.0025981276453365576,0.0025981276453365576,0.26924967765808105,0.03842020034790039,60,17,-0.0026,-0.0026,1,1
1000,68,29,27,1.8301858345335878e-15,0.0,0.0,0.27753329277038574,0.058606624603271484,0.0,0.0,1,1,0.03528181471654327,0.03528181471654327,0.27052783966064453,0.07946038246154785,60,20,0.03528,0.03528,1,1
1000,69,17,24,-7.894919286223312e-16,3.411732977260788e-16,0.0,0.2561523914337158,0.01891326904296875,-0.0,-0.0,1,1,0.030800951426064822,0.04986828687868799,0.27518200874328613,0.02188277244567871,60,11,0.01173|0.04987,0.04987,2,1
1000,70,37,8,-8.9309453641433e-16,0.0,0.0,0.2656834125518799,0.11870551109313965,-0.0,-0.0,1,1,0.05218202795332705,0.05218202795332705,0.36335062980651855,0.09116482734680176,60,25,-0.05218,-0.05218,1,1
1000,71,49,56,8.526512829121167e-14,0.0,0.0,0.3123493194580078,0.14610910415649414,0.0,0.0,1,1,1.875403236213008,1.875403236213008,0.31798768043518066,0.14137768745422363,60,27,-1.8754,-1.8754,1,1
1000,72,5,47,7.0000000000002025,0.0,0.0,0.347383975982666,0.1040802001953125,7.0,7.0,1,1,0.3694836312431864,0.3694836312431864,0.3215608596801758,0.11372852325439453,60,28,6.63052,6.63052,1,1
1000,73,1,24,1.0824674490095276e-15,2.1510571102112408e-16,0.0,0.32503581047058105,0.015096426010131836,0.0,0.0,1,1,0.00814352114178933,0.0015481267871341126,0.32951784133911133,0.014706134796142578,60,6,0.00155|0.01474,0.00155,2,1
1000,74,3,43,3.781844813669948e-15,0.0,0.0,0.34384870529174805,0.16823482513427734,0.0,0.0,1,1,0.012347178485727636,0.012347178485727636,0.34616804122924805,0.15909838676452637,60,29,-0.01235,-0.01235,1,1
1000,75,21,47,1.0000000000000036,0.0,0.0,0.35768675804138184,0.12294864654541016,1.0,1.0,1,1,0.007829263289808042,0.007829263289808042,0.32097744941711426,0.10407161712646484,60,28,1.00783,1.00783,1,1
1000,76,11,28,1.0000000000000007,0.7500000000000019,0.7500000000000019,0.3477773666381836,0.03970050811767578,1.0|2.5,1.0|2.5,2,2,0.8224151628619842,0.8224151628619842,0.3668680191040039,0.03923988342285156,60,16,0.78905|2.43388,0.78905|2.43388,2,2
1000,77,48,23,8.529763201846392e-18,0.0,0.0,0.3371567726135254,0.1256542205810547,0.0,0.0,1,1,0.10085104882066505,0.10085104882066505,0.3417537212371826,0.12197685241699219,60,26,0.10085,0.10085,1,1
1000,78,36,15,-1.2111523905001734e-16,0.0,0.0,0.3127560615539551,0.027086257934570312,-0.0,-0.0,1,1,0.08147741913037641,0.08147741913037641,0.3311631679534912,0.022635698318481445,60,9,0.08148,0.08148,1,1
1000,79,32,23,-1.540743955509791e-33,0.0,0.0,0.349595308303833,0.014351129531860352,-0.0,-0.0,1,1,0.023102383011651993,0.023102383011651993,0.3135721683502197,0.013708829879760742,60,4,0.0231,0.0231,1,1
1000,80,9,16,1.3233858453531833e-14,0.0,0.0,0.34694766998291016,0.027971267700195312,0.0,0.0,1,1,0.10965792277630339,0.10965792277630339,0.3191678524017334,0.02697610855102539,60,12,0.10966,0.10966,1,1
1000,81,14,25,0.9999999999999991,2.7755575615628914e-16,5.551115123125783e-16,0.3440248966217041,0.029605865478515625,1.0,1.0,1,1,0.010496561755767131,0.0002724664413773503,0.3337745666503906,0.028844833374023438,60,11,0.97928|1.00027,1.00027,2,1
1000,82,40,23,3.526925749485795e-18,0.0,0.0,0.14819121360778809,0.0695657730102539,0.0,0.0,1,1,0.07547264708469521,0.07547264708469521,0.1904160976409912,0.0791935920715332,60,20,0.07547,0.07547,1,1
1000,83,6,22,1.9999999999999982,0.666666666666667,1.0000000000000004,0.27303385734558105,0.02572035789489746,0.0|2.0,0.0|2.0,2,2,0.671473222771315,0.9591849302620705,0.269437313079834,0.03332352638244629,60,11,0.11252|1.90395|1.96911,0.11252|1.96911,3,2
1000,84,46,38,1.2728865580616612e-13,0.0,0.0,0.23562407493591309,0.13384032249450684,0.0,0.0,1,1,0.04990568925760596,0.04990568925760596,0.26735925674438477,0.14127898216247559,60,29,0.04991,0.04991,1,1
1000,85,10,33,3.000000000000006,3.999999999999984,3.000000000000003,0.30035853385925293,0.10214734077453613,3.0|9.0,3.0|9.0,2,2,4.321346196313317,3.2849416302995347,0.2780473232269287,0.11985015869140625,60,23,3.45811|9.11177|9.39416,3.45811|9.11177,3,2
1000,86,9,47,7.000000000000128,0.0,0.0,0.26659393310546875,0.09008336067199707,7.0,7.0,1,1,2.218015462686309,2.218015462686309,0.2752203941345215,0.07977056503295898,60,28,4.78198,4.78198,1,1
1000,87,21,58,3.0000000000000084,0.0,0.0,0.25496435165405273,0.20437908172607422,3.0,3.0,1,1,0.08667319233366344,0.08667319233366344,0.30081748962402344,0.21045351028442383,60,40,2.91333,2.91333,1,1
1000,88,3,13,2.0575229678198866e-16,0.0,0.0,0.3082847595214844,0.00629878044128418,0.0,0.0,1,1,0.022697002127511433,0.022697002127511433,0.2878718376159668,0.011928081512451172,60,5,-0.0227,-0.0227,1,1
1000,89,15,13,1.5223512686147303e-16,0.0,0.0,0.2975001335144043,0.026698589324951172,0.0,0.0,1,1,0.009740760417471116,0.009740760417471116,0.34253358840942383,0.024995803833007812,60,8,0.00974,0.00974,1,1
1000,90,46,60,3.9952802970739216e-13,0.0,0.0,0.323498010635376,0.2567620277404785,0.0,0.0,1,1,0.13953175990241723,0.13953175990241723,0.334550142288208,0.2589733600616455,60,46,-0.13953,-0.13953,1,1
1000,91,32,5,1.2170763906517734e-16,0.0,0.0,0.3330998420715332,0.012604713439941406,0.0,0.0,1,1,0.033499056762874575,0.033499056762874575,0.3256967067718506,0.0116729736328125,60,4,-0.0335,-0.0335,1,1
1000,92,31,36,-8.939086030530274e-16,0.0,0.0,0.31251955032348633,0.1114659309387207,-0.0,-0.0,1,1,0.04227288680766898,0.04227288680766898,0.31144285202026367,0.10251569747924805,60,24,-0.04227,-0.04227,1,1
1000,93,31,5,-8.093883985976932e-16,0.0,0.0,0.3220705986022949,0.09147214889526367,-0.0,-0.0,1,1,0.06980423958124081,0.06980423958124081,0.3236069679260254,0.08706307411193848,60,21,0.0698,0.0698,1,1
1000,94,38,47,-3.214102800582126e-14,0.0,0.0,0.33567309379577637,0.13396263122558594,-0.0,-0.0,1,1,0.028067449637888806,0.028067449637888806,0.32822155952453613,0.15460801124572754,60,31,-0.02807,-0.02807,1,1
1000,95,34,14,-7.579522595143624e-15,0.0,0.0,0.3256659507751465,0.12161898612976074,-0.0,-0.0,1,1,0.0007588217444715965,0.0007588217444715965,0.3220853805541992,0.13121557235717773,60,25,0.00076,0.00076,1,1
1000,96,18,45,7.000000000000028,0.0,0.0,0.31713104248046875,0.11501193046569824,7.0,7.0,1,1,0.30744349470962007,0.30744349470962007,0.3070363998413086,0.10488009452819824,60,27,6.69256,6.69256,1,1
1000,97,27,13,-2.878834121993136e-16,0.0,0.0,0.3426196575164795,0.03888654708862305,-0.0,-0.0,1,1,0.0931242802948084,0.0931242802948084,0.3240036964416504,0.03696751594543457,60,14,0.09312,0.09312,1,1
1000,98,37,7,-1.892704934969819e-15,0.0,0.0,0.32292938232421875,0.11051559448242188,-0.0,-0.0,1,1,0.05888246514483969,0.05888246514483969,0.33153247833251953,0.11109662055969238,60,24,-0.05888,-0.05888,1,1
1000,99,48,38,6.661413866286281e-14,0.0,0.0,0.3174598217010498,0.17498397827148438,0.0,0.0,1,1,0.08237349714603541,0.08237349714603541,0.3350081443786621,0.20035386085510254,60,30,0.08237,0.08237,1,1
2500,0,48,10,-9.961530511146485e-15,0.0,0.0,0.3240499496459961,0.11740851402282715,-0.0,-0.0,1,1,0.008124514651812752,0.008124514651812752,0.31905627250671387,0.12583470344543457,60,25,-0.00812,-0.00812,1,1
2500,1,49,45,8.810729923425206e-14,0.0,0.0,0.32367658615112305,0.11687326431274414,0.0,0.0,1,1,0.061599359810085,0.061599359810085,0.310077428817749,0.14133644104003906,60,29,-0.0616,-0.0616,1,1
2500,2,28,4,1.4136839846893631e-15,0.0,0.0,0.3301377296447754,0.039366722106933594,0.0,0.0,1,1,0.0141565916079277,0.0141565916079277,0.31937551498413086,0.03878307342529297,60,16,-0.01416,-0.01416,1,1
2500,3,45,18,-5.491758560153574e-15,0.0,0.0,0.33423686027526855,0.1148984432220459,-0.0,-0.0,1,1,0.012669246759823992,0.012669246759823992,0.34113645553588867,0.1129918098449707,60,27,0.01267,0.01267,1,1
2500,4,60,34,-5.202911330797386e-13,0.0,0.0,0.31983399391174316,0.26584339141845703,-0.0,-0.0,1,1,0.05337689425816875,0.05337689425816875,0.3393068313598633,0.24556899070739746,60,44,-0.05338,-0.05338,1,1
2500,5,25,8,3.6185046728523456e-16,0.0,0.0,0.3249664306640625,0.03289604187011719,0.0,0.0,1,1,0.033174532187488656,0.033174532187488656,0.32218050956726074,0.03088831901550293,60,12,-0.03317,-0.03317,1,1
2500,6,21,36,0.9999999999999999,0.0,0.0,0.32396984100341797,0.016532421112060547,1.0,1.0,1,1,0.03401795520936002,0.03401795520936002,0.352283239364624,0.015377521514892578,60,4,0.96598,0.96598,1,1
2500,7,57,38,-5.451570695304353e-13,0.0,0.0,0.25575804710388184,0.1345067024230957,-0.0,-0.0,1,1,0.11465766258293175,0.11465766258293175,0.27197813987731934,0.1170358657836914,60,27,-0.11466,-0.11466,1,1
2500,8,22,35,-1.6240976817373669e-15,0.25000000000000006,0.25000000000000006,0.25219011306762695,0.07278656959533691,-0.0|0.5,-0.0|0.5,2,2,0.2612015202611476,0.2612015202611476,0.28940415382385254,0.08651852607727051,60,26,-0.01476|0.50765,-0.01476|0.50765,2,2
2500,9,55,40,1.298951286252531e-13,0.0,0.0,0.23879241943359375,0.1514277458190918,0.0,0.0,1,1,0.05286502594814975,0.05286502594814975,0.24190759658813477,0.13318753242492676,60,34,-0.05287,-0.05287,1,1
2500,10,60,25,1.3692333962360704e-13,0.0,0.0,0.24489474296569824,0.2076435089111328,0.0,0.0,1,1,0.10484245598852915,0.10484245598852915,0.3036000728607178,0.21203374862670898,60,44,-0.10484,-0.10484,1,1
2500,11,55,38,7.62842158893264e-13,0.0,0.0,0.25299835205078125,0.15806317329406738,0.0,0.0,1,1,0.12819042767142333,0.12819042767142333,0.26093006134033203,0.16340374946594238,60,36,-0.12819,-0.12819,1,1
2500,12,53,35,-1.9639519274127983e-13,0.0,0.0,0.28084802627563477,0.11316251754760742,-0.0,-0.0,1,1,0.044177633104449436,0.044177633104449436,0.28301453590393066,0.15804314613342285,60,34,0.04418,0.04418,1,1
2500,13,19,25,-6.021548608136429e-16,0.0,0.0,0.34093475341796875,0.04286456108093262,-0.0,-0.0,1,1,0.046598006079578015,0.046598006079578015,0.3214457035064697,0.04210948944091797,60,17,-0.0466,-0.0466,1,1
2500,14,29,1,5.786616976834138e-16,0.0,0.0,0.32584095001220703,0.05557084083557129,0.0,0.0,1,1,0.011089466082519834,0.011089466082519834,0.32019472122192383,0.054671287536621094,60,17,0.01109,0.01109,1,1
2500,15,9,7,1.4747027367584378e-15,0.0,0.0,0.31549930572509766,0.012740850448608398,0.0,0.0,1,1,0.045848602923144195,0.045848602923144195,0.33264970779418945,0.011782646179199219,60,5,0.04585,0.04585,1,1
2500,16,49,53,6.536993168992895e-14,0.0,0.0,0.3355584144592285,0.16105031967163086,0.0,0.0,1,1,0.6756453641648988,0.6756453641648988,0.34194469451904297,0.15977835655212402,60,33,0.67565,0.67565,1,1
2500,17,34,40,3.921187698865276e-15,0.0,0.0,0.31487202644348145,0.16176319122314453,0.0,0.0,1,1,0.02011129055594444,0.02011129055594444,0.3161017894744873,0.15114760398864746,60,27,0.02011,0.02011,1,1
2500,18,46,19,-5.075305255429271e-16,0.0,0.0,0.3205869197845459,0.08322358131408691,-0.0,-0.0,1,1,0.0179736493318641,0.0179736493318641,0.4078960418701172,0.11877703666687012,60,25,-0.01797,-0.01797,1,1
2500,19,43,8,9.607074876781138e-15,0.0,0.0,0.25742506980895996,0.1336989402770996,0.0,0.0,1,1,0.031060850485898215,0.031060850485898215,0.2675201892852783,0.12392091751098633,60,28,0.03106,0.03106,1,1
2500,20,49,4,-4.2188474935755774e-16,0.0,0.0,0.24363112449645996,0.02358698844909668,-0.0,-0.0,1,1,0.018934107522481577,0.018934107522481577,0.2513394355773926,0.018323421478271484,60,12,-0.01893,-0.01893,1,1
2500,21,45,1,1.4608096917286885e-15,0.0,0.0,0.2600536346435547,0.0976870059967041,0.0,0.0,1,1,0.058815903290956914,0.058815903290956914,0.24296331405639648,0.08773994445800781,60,27,0.05882,0.05882,1,1
2500,22,14,23,0.0,0.0,0.0,0.2667267322540283,0.009715080261230469,0.0,0.0,1,1,0.012404406782505284,0.0021509947380269063,0.29104185104370117,0.00894927978515625,60,2,0.00215|0.02266,0.00215,2,1
2500,23,60,7,1.3833211917581915e-13,0.0,0.0,0.2683250904083252,0.19824719429016113,0.0,0.0,1,1,0.025063616956988367,0.025063616956988367,0.24293971061706543,0.17701315879821777,60,44,-0.02506,-0.02506,1,1
2500,24,10,17,0.9999999999999992,0.33333333333333265,0.2500000000000015,0.2541351318359375,0.022809505462646484,1.0|1.5,1.0|1.5,2,2,0.2972137981732155,0.24385937292559168,0.2772347927093506,0.031101226806640625,60,10,0.98322|1.40392|1.47093,0.98322|1.47093,3,2
2500,25,50,7,8.069320633750824e-16,0.0,0.0,0.2875216007232666,0.01283574104309082,0.0,0.0,1,1,0.007894685119494057,0.007894685119494057,0.33137941360473633,0.011516332626342773,60,4,0.00789,0.00789,1,1
2500,26,37,50,-9.114480388140375e-15,0.0,0.0,0.34073877334594727,0.12706589698791504,-0.0,-0.0,1,1,0.11578181621316969,0.11578181621316969,0.3220820426940918,0.11661362648010254,60,25,-0.11578,-0.11578,1,1
2500,27,59,12,2.922027597889548e-14,0.0,0.0,0.3183708190917969,0.13731646537780762,0.0,0.0,1,1,0.009605364806752927,0.009605364806752927,0.3218564987182617,0.14464950561523438,60,30,-0.00961,-0.00961,1,1
2500,28,24,38,1.0000000000000095,0.0,0.0,0.31851816177368164,0.09315896034240723,1.0,1.0,1,1,0.0969830768133989,0.0969830768133989,0.3342747688293457,0.08974552154541016,60,21,0.90302,0.90302,1,1
2500,29,19,60,13.999999999999767,0.0,0.0,0.3339071273803711,0.2447965145111084,14.0,14.0,1,1,0.2179094903429064,0.2179094903429064,0.33979272842407227,0.2469470500946045,60,44,13.78209,13.78209,1,1
2500,30,22,56,1.999999999999996,0.5,0.5,0.3305025100708008,0.13198232650756836,2.0|3.0,2.0|3.0,2,2,0.5672099309661908,0.5672099309661908,0.4406559467315674,0.1242220401763916,60,26,1.71466|2.84908,1.71466|2.84908,2,2
2500,31,5,45,8.00000000000017,0.0,0.0,0.31757187843322754,0.10170483589172363,8.0,8.0,1,1,0.014023103982827578,0.014023103982827578,0.3497281074523926,0.10494828224182129,60,27,7.98598,7.98598,1,1
2500,32,56,3,-1.352573895606946e-15,0.0,0.0,0.334197998046875,0.1314854621887207,-0.0,-0.0,1,1,0.01769654634756125,0.01769654634756125,0.3237416744232178,0.13715338706970215,60,26,-0.0177,-0.0177,1,1
2500,33,8,14,-3.358424649491111e-15,1.6792123247455556e-15,3.358424649491111e-15,0.33269453048706055,0.009605646133422852,0.0,0.0,1,1,0.011489731335787536,0.002261793552074951,0.33092737197875977,0.008813858032226562,60,2,-0.00226|0.02072,-0.00226,2,1
2500,34,60,59,-1.2471586766998743e-12,0.0,0.0,0.33534860610961914,0.2595663070678711,-0.0,-0.0,1,1,0.1375855230376253,0.1375855230376253,0.32921361923217773,0.258624792098999,60,47,-0.13759,-0.13759,1,1
2500,35,28,21,8.052955074131146e-32,0.0,0.0,0.3449709415435791,0.05089282989501953,0.0,0.0,1,1,0.02182201057445387,0.02182201057445387,0.34380197525024414,0.05049276351928711,60,17,0.02182,0.02182,1,1
2500,36,57,25,-1.846793505465869e-14,0.0,0.0,0.3313589096069336,0.12191891670227051,-0.0,-0.0,1,1,0.02060669240346383,0.02060669240346383,0.362123966217041,0.12033867835998535,60,25,-0.02061,-0.02061,1,1
2500,37,25,35,1.0000000000000169,0.0,0.0,0.26543426513671875,0.03708338737487793,1.0,1.0,1,1,0.3524591943504968,0.3524591943504968,0.16820073127746582,0.04316258430480957,60,25,0.64754,0.64754,1,1
2500,38,50,34,4.263256414560598e-15,0.0,0.0,0.33695125579833984,0.14238739013671875,0.0,0.0,1,1,0.4632227065291278,0.4632227065291278,0.3324728012084961,0.13186931610107422,60,26,0.46322,0.46322,1,1
2500,39,46,25,1.1800084718873054e-14,0.0,0.0,0.3270707130432129,0.11674118041992188,0.0,0.0,1,1,0.01436694685687092,0.01436694685687092,0.33493614196777344,0.1039588451385498,60,25,-0.01437,-0.01437,1,1
2500,40,35,22,-1.5834222541095088e-14,0.0,0.0,0.325364351272583,0.09403562545776367,-0.0,-0.0,1,1,0.02476514124906815,0.02476514124906815,0.3262770175933838,0.10388922691345215,60,26,0.02477,0.02477,1,1
2500,41,6,42,7.000000000000011,1.0000000000000024,1.0000000000000024,0.31458020210266113,0.09049224853515625,5.5|7.0|8.5,5.5|7.0|8.5,3,3,1.0616759995772858,1.0616759995772858,0.3221123218536377,0.09052252769470215,60,21,5.32235|6.91508|8.42246,5.32235|6.91508|8.42246,3,3
2500,42,59,34,3.337766182831514e-13,0.0,0.0,0.31374430656433105,0.24002313613891602,0.0,0.0,1,1,0.10733812671616996,0.10733812671616996,0.43816423416137695,0.22369384765625,60,36,0.10734,0.10734,1,1
2500,43,10,16,0.999999999999999,0.33333333333333254,0.2500000000000015,0.3197634220123291,0.023977041244506836,1.0|1.5,1.0|1.5,2,2,0.30550480229596827,0.23898508693574938,0.30696535110473633,0.024093151092529297,60,9,1.00493|1.43854|1.47304,1.00493|1.47304,3,2
2500,44,15,14,-1.864580321431483e-30,0.0,0.0,0.3103518486022949,0.01547384262084961,-0.0,-0.0,1,1,0.013332288713048639,0.013332288713048639,0.3291153907775879,0.014170169830322266,60,5,0.01333,0.01333,1,1
2500,45,6,59,20.000000000000036,4.000000000000004,4.000000000000004,0.3066225051879883,0.14440178871154785,11.0|20.0|23.0,11.0|20.0|23.0,3,3,4.378352885171591,4.378352885171591,0.3210875988006592,0.1563701629638672,60,30,10.32342|19.12293|22.58141,10.32342|19.12293|22.58141,3,3
2500,46,30,23,-4.802627145949809e-18,0.0,0.0,0.3089635372161865,0.0919492244720459,-0.0,-0.0,1,1,0.022707871433650974,0.022707871433650974,0.3234281539916992,0.08281707763671875,60,21,0.02271,0.02271,1,1
2500,47,44,56,1.1225734346032329e-14,0.0,0.0,0.3314540386199951,0.14670848846435547,0.0,0.0,1,1,0.3614681555582638,0.3614681555582638,0.32872605323791504,0.16129231452941895,60,29,0.36147,0.36147,1,1
2500,48,34,33,6.862498557401929e-14,0.0,0.0,0.31739020347595215,0.15474796295166016,0.0,0.0,1,1,0.028611222719618898,0.028611222719618898,0.3203887939453125,0.14695334434509277,60,27,-0.02861,-0.02861,1,1
2500,49,53,4,1.1100514291035743e-15,0.0,0.0,0.35230255126953125,0.13975811004638672,0.0,0.0,1,1,0.0171489925121523,0.0171489925121523,0.3332936763763428,0.14294123649597168,60,32,0.01715,0.01715,1,1
2500,50,32,4,0.0,0.0,0.0,0.31789708137512207,0.016871213912963867,0.0,0.0,1,1,0.045128813639716894,0.045128813639716894,0.332836389541626,0.016359329223632812,60,4,-0.04513,-0.04513,1,1
2500,51,45,27,-8.884592464496696e-14,0.0,0.0,0.32189393043518066,0.13088107109069824,-0.0,-0.0,1,1,0.013198509924861967,0.013198509924861967,0.3299827575683594,0.1325545310974121,60,29,0.0132,0.0132,1,1
2500,52,47,51,-2.1231616118954364e-15,0.0,0.0,0.3374800682067871,0.16325640678405762,-0.0,-0.0,1,1,0.019255339925495326,0.019255339925495326,0.3533930778503418,0.15029048919677734,60,33,0.01926,0.01926,1,1
2500,53,54,23,1.2544607613818089e-17,6.2723038069090445e-18,1.2544607613818089e-17,0.33037352561950684,0.009660959243774414,0.0,0.0,1,1,0.0037202457562101705,0.0015537313290003483,0.32451796531677246,0.008818626403808594,60,2,-0.00589|0.00155,0.00155,2,1
2500,54,27,35,-4.957274900651858e-16,0.0,0.0,0.3337118625640869,0.07273149490356445,-0.0,-0.0,1,1,1.291562109545005,1.291562109545005,0.41227173805236816,0.08382511138916016,60,26,-1.29156,-1.29156,1,1
2500,55,6,59,20.000000000000036,4.000000000000004,4.000000000000004,0.25806093215942383,0.1320183277130127,11.0|20.0|23.0,11.0|20.0|23.0,3,3,3.9944705075844618,3.9944705075844618,0.24832677841186523,0.10945272445678711,60,30,11.3982|20.31237|23.06924,11.3982|20.31237|23.06924,3,3
2500,56,54,28,1.924386576016942e-14,0.8333333333333276,0.8333333333333276,0.24933600425720215,0.04685521125793457,0.0|1.66667,0.0|1.66667,2,2,0.8883264763216537,0.8883264763216537,0.28915953636169434,0.033013105392456055,60,17,-0.11897|1.65769,-0.11897|1.65769,2,2
2500,57,53,54,2.9335938195224006e-14,0.0,0.0,0.2665433883666992,0.12047672271728516,0.0,0.0,1,1,0.021745957506466674,0.021745957506466674,0.2589859962463379,0.09765052795410156,60,33,-0.02175,-0.02175,1,1
2500,58,12,41,6.0000000000000036,0.0,0.0,0.2640814781188965,0.15397191047668457,6.0,6.0,1,1,0.029895837199005015,0.029895837199005015,0.23783469200134277,0.1346123218536377,60,28,6.0299,6.0299,1,1
2500,59,42,53,4.56844034369034e-13,0.0,0.0,0.26801395416259766,0.1167001724243164,0.0,0.0,1,1,0.5567807012955222,0.5567807012955222,0.2557845115661621,0.1316699981689453,60,33,0.55678,0.55678,1,1
2500,60,24,56,1.0000000000000002,0.0,0.0,0.2615365982055664,0.10056614875793457,1.0,1.0,1,1,0.2058889131804691,0.2058889131804691,0.26976561546325684,0.13880348205566406,60,26,1.20589,1.20589,1,1
2500,61,6,30,6.000000000000002,1.000000000000001,1.000000000000001,0.3208639621734619,0.09771156311035156,4.0|6.0|7.0,4.0|6.0|7.0,3,3,1.0294415347120534,1.0294415347120534,0.348799467086792,0.0785820484161377,60,20,4.01092|5.88948|6.98873,4.01092|5.88948|6.98873,3,3
2500,62,11,21,2.46519032881567e-32,1.559036587771503e-17,3.118073175543006e-17,0.31821727752685547,0.009569644927978516,-0.0,-0.0,1,1,0.004240879792650922,0.006541591829241522,0.33441638946533203,0.008709907531738281,60,2,0.00194|0.00654,0.00654,2,1
2500,63,30,3,-4.162727639797907e-31,0.0,0.0,0.31998181343078613,0.08277344703674316,-0.0,-0.0,1,1,0.04010999320363091,0.04010999320363091,0.3380439281463623,0.0943288803100586,60,21,-0.04011,-0.04011,1,1
2500,64,42,54,9.526597569617251e-16,0.0,0.0,0.32157397270202637,0.10112309455871582,0.0,0.0,1,1,0.03234362750154124,0.03234362750154124,0.34331512451171875,0.09135127067565918,60,22,-0.03234,-0.03234,1,1
2500,65,5,10,3.468377264455228e-15,0.0,0.0,0.3311154842376709,0.00961446762084961,0.0,0.0,1,1,0.002303547857819005,0.002303547857819005,0.3520829677581787,0.008839607238769531,60,2,0.0023,0.0023,1,1
2500,66,27,31,-5.783487384093834e-16,0.0,0.0,0.31208348274230957,0.11516380310058594,-0.0,-0.0,1,1,0.3121567835773891,0.3121567835773891,0.44640088081359863,0.12008428573608398,60,24,0.31216,0.31216,1,1
2500,67,49,24,4.440892098500608e-17,0.0,0.0,0.33053112030029297,0.03222990036010742,0.0,0.0,1,1,0.02960642101867927,0.02960642101867927,0.33692193031311035,0.03168177604675293,60,13,0.02961,0.02961,1,1
2500,68,7,39,-6.9166894434147265e-15,0.0,0.0,0.308729887008667,0.012776851654052734,-0.0,-0.0,1,1,0.020680829216486868,0.020680829216486868,0.3219873905181885,0.012002229690551758,60,5,0.02068,0.02068,1,1
2500,69,21,46,1.000000000000001,0.0,0.0,0.3304009437561035,0.12451481819152832,1.0,1.0,1,1,0.015270773608249577,0.015270773608249577,0.31740236282348633,0.10237646102905273,60,25,1.01527,1.01527,1,1
2500,70,9,23,2.948024047027008e-17,0.0,0.0,0.33817505836486816,0.012819766998291016,0.0,0.0,1,1,0.02964229056702722,0.02964229056702722,0.32059526443481445,0.012847185134887695,60,5,0.02964,0.02964,1,1
2500,71,18,14,-8.540177112501197e-17,0.0,0.0,0.3108234405517578,0.020705461502075195,-0.0,-0.0,1,1,0.03477099875389793,0.03477099875389793,0.31406259536743164,0.02846527099609375,60,8,-0.03477,-0.03477,1,1
2500,72,37,27,-4.342265067399285e-14,0.0,0.0,0.31912803649902344,0.13749313354492188,-0.0,-0.0,1,1,0.06573393215823051,0.06573393215823051,0.3325691223144531,0.12781047821044922,60,26,-0.06573,-0.06573,1,1
2500,73,25,59,4.421154800285048e-14,0.0,0.0,0.323988676071167,0.1477506160736084,0.0,0.0,1,1,0.6051776657677232,0.6051776657677232,0.33150315284729004,0.16271233558654785,60,31,0.60518,0.60518,1,1
2500,74,48,51,1.3319193242875581e-13,0.0,0.0,0.31890106201171875,0.14584732055664062,0.0,0.0,1,1,0.08229363286055595,0.08229363286055595,0.3243904113769531,0.15110230445861816,60,31,-0.08229,-0.08229,1,1
2500,75,23,29,2.7755575615628914e-17,0.0,0.0,0.3342618942260742,0.05867767333984375,0.0,0.0,1,1,0.0028339755689803336,0.0028339755689803336,0.3241574764251709,0.06976819038391113,60,18,-0.00283,-0.00283,1,1
2500,76,17,30,1.0000000000000009,7.438494264988549e-15,0.0,0.3233177661895752,0.08032345771789551,1.0,1.0,1,1,0.05245621595591615,0.07063610958146072,0.3353438377380371,0.08333063125610352,60,20,0.96572|1.07064,1.07064,2,1
2500,77,57,21,3.6377141553359126e-17,0.0,0.0,0.31134891510009766,0.134688138961792,0.0,0.0,1,1,0.03659557529134654,0.03659557529134654,0.3322329521179199,0.12670016288757324,60,26,-0.0366,-0.0366,1,1
2500,78,57,58,-1.817158504744496e-12,0.0,0.0,0.3377079963684082,0.2442460060119629,-0.0,-0.0,1,1,0.5570311273810367,0.5570311273810367,0.3228614330291748,0.2327420711517334,60,41,0.55703,0.55703,1,1
2500,79,13,37,2.999999999999994,0.0,0.0,0.31384778022766113,0.10940432548522949,3.0,3.0,1,1,0.36798574564899766,0.36798574564899766,0.3055882453918457,0.11830568313598633,60,24,2.63201,2.63201,1,1
2500,80,5,21,2.5836344971815394e-16,0.0,0.0,0.3084115982055664,0.009484529495239258,0.0,0.0,1,1,0.018637339694050008,0.018637339694050008,0.3091576099395752,0.008746147155761719,60,2,0.01864,0.01864,1,1
2500,81,21,14,0.0,0.0,0.0,0.3318908214569092,0.009538650512695312,0.0,0.0,1,1,0.01580145383406725,0.01580145383406725,0.32451891899108887,0.009236574172973633,60,2,-0.0158,-0.0158,1,1
2500,82,35,49,2.2869190738346922e-14,0.0,0.0,0.3334815502166748,0.09449481964111328,0.0,0.0,1,1,0.05860975342554993,0.05860975342554993,0.3161306381225586,0.10510969161987305,60,27,0.05861,0.05861,1,1
2500,83,22,25,5.329070518200735e-16,0.25,0.25,0.330716609954834,0.036052703857421875,0.0|0.5,0.0|0.5,2,2,0.2429171471185967,0.2429171471185967,0.33861422538757324,0.04643988609313965,60,12,-0.00044|0.48539,-0.00044|0.48539,2,2
2500,84,18,38,2.0000000000000004,0.0,0.0,0.3507964611053467,0.09300494194030762,2.0,2.0,1,1,0.22048622853669975,0.22048622853669975,0.33759498596191406,0.10009098052978516,60,21,1.77951,1.77951,1,1
2500,85,37,43,-5.152352509380698e-13,0.0,0.0,0.3224968910217285,0.1856071949005127,-0.0,-0.0,1,1,0.09803403409120157,0.09803403409120157,0.312852144241333,0.17829537391662598,60,30,-0.09803,-0.09803,1,1
2500,86,20,40,-1.1811857334156284e-15,0.0,0.0,0.3186957836151123,0.05936574935913086,-0.0,-0.0,1,1,0.06535878502491897,0.06535878502491897,0.3102753162384033,0.06903958320617676,60,21,-0.06536,-0.06536,1,1
2500,87,35,13,-8.61229896219968e-15,0.0,0.0,0.3200721740722656,0.0909433364868164,-0.0,-0.0,1,1,0.061436025720535775,0.061436025720535775,0.3224489688873291,0.09252548217773438,60,25,0.06144,0.06144,1,1
2500,88,51,32,-1.2565076117810348e-15,0.0,0.0,0.32097649574279785,0.08167886734008789,-0.0,-0.0,1,1,0.04212862923874914,0.04212862923874914,0.3424491882324219,0.08138227462768555,60,26,0.04213,0.04213,1,1
2500,89,39,34,-2.7799984536614176e-14,0.0,0.0,0.3298330307006836,0.14342451095581055,-0.0,-0.0,1,1,1.1799663356893766,1.1799663356893766,0.3215014934539795,0.14524078369140625,60,27,1.17997,1.17997,1,1
2500,90,41,42,2.6957444165675708e-14,0.0,0.0,0.3436727523803711,0.13767457008361816,0.0,0.0,1,1,0.036373521017780276,0.036373521017780276,0.31488990783691406,0.1275777816772461,60,29,0.03637,0.03637,1,1
2500,91,35,9,-3.2035057287034793e-15,0.0,0.0,0.46107983589172363,0.09476375579833984,-0.0,-0.0,1,1,0.01370322132342955,0.01370322132342955,0.30776453018188477,0.09496617317199707,60,25,0.0137,0.0137,1,1
2500,92,50,26,1.1368683772161594e-14,0.0,0.0,0.17365598678588867,0.03377676010131836,0.0,0.0,1,1,0.15433214994546965,0.15433214994546965,0.14579129219055176,0.02534198760986328,60,18,-0.15433,-0.15433,1,1
2500,93,52,24,-2.467162276944787e-16,0.0,0.0,0.3381776809692383,0.02665567398071289,-0.0,-0.0,1,1,0.012314189026175247,0.012314189026175247,0.3435359001159668,0.02694392204284668,60,11,0.01231,0.01231,1,1
2500,94,2,19,2.0000000000000187,0.0,0.0,0.30816197395324707,0.0352327823638916,2.0,2.0,1,1,0.038374050949470995,0.038374050949470995,0.3303811550140381,0.043465614318847656,60,15,2.03837,2.03837,1,1
2500,95,13,21,-4.9303806576313096e-32,0.0,0.0,0.3070337772369385,0.011649131774902344,-0.0,-0.0,1,1,0.03299306796545329,0.03299306796545329,0.2703521251678467,0.006248950958251953,60,5,-0.03299,-0.03299,1,1
2500,96,22,12,-7.359192620372444e-16,0.0,0.0,0.20835638046264648,0.025210857391357422,-0.0,-0.0,1,1,0.012948476875421885,0.0017651245381223365,0.19624829292297363,0.022374391555786133,60,10,0.00177|0.02413,0.00177,2,1
2500,97,30,56,-8.188221342794222e-14,0.0,0.0,0.17952275276184082,0.06185460090637207,-0.0,-0.0,1,1,0.14384916616673082,0.14384916616673082,0.13347506523132324,0.07004451751708984,60,29,-0.14385,-0.14385,1,1
2500,98,22,21,-3.662568488526115e-32,0.0,0.0,0.12602663040161133,0.01335906982421875,-0.0,-0.0,1,1,0.0249330149170955,0.017102289922624855,0.13380908966064453,0.012673377990722656,60,11,0.0171|0.03276,0.0171,2,1
2500,99,60,39,-1.239255716036797e-13,0.0,0.0,0.13165545463562012,0.10063052177429199,-0.0,-0.0,1,1,0.03027984620136272,0.03027984620136272,0.12496519088745117,0.09633374214172363,60,44,0.03028,0.03028,1,1
5000,0,46,36,4.31400946711488e-16,0.0,0.0,0.13218426704406738,0.04421377182006836,0.0,0.0,1,1,0.018954261933383492,0.018954261933383492,0.13199067115783691,0.051956892013549805,60,27,-0.01895,-0.01895,1,1
5000,1,10,18,-1.11022302462516e-16,0.6666666666666644,0.5000000000000002,0.13698887825012207,0.015984535217285156,-0.0|1.0,-0.0|1.0,2,2,0.6888333528302227,0.5226764903222999,0.1310276985168457,0.009008646011352539,60,8,-0.03271|1.01264|1.02115,-0.03271|1.01264,3,2
5000,2,32,53,1.2434497875801772e-14,0.0,0.0,0.13077831268310547,0.06403827667236328,0.0,0.0,1,1,0.5892049678824263,0.5892049678824263,0.12405562400817871,0.06060624122619629,60,34,-0.5892,-0.5892,1,1
5000,3,27,54,3.470063545191231e-16,0.0,0.0,0.19375991821289062,0.018373489379882812,0.0,0.0,1,1,0.01601844250597566,0.01601844250597566,0.12598657608032227,0.02416396141052246,60,16,0.01602,0.01602,1,1
5000,4,1,11,4.884981308350689e-16,9.769962616701378e-16,0.0,0.128251314163208,0.0040242671966552734,0.0,0.0,1,1,0.0023900969005043295,0.003923065843308542,0.13087797164916992,0.003225564956665039,60,2,-0.00392|-0.00086,-0.00392,2,1
5000,5,15,26,-1.735985093050245e-15,0.0,0.0,0.13178038597106934,0.02142333984375,-0.0,-0.0,1,1,0.15570928044533988,0.15570928044533988,0.12871170043945312,0.020667552947998047,60,18,-0.15571,-0.15571,1,1
5000,6,36,48,3.2297397080004628e-15,0.0,0.0,0.1214139461517334,0.04999113082885742,0.0,0.0,1,1,0.04411707613202739,0.04411707613202739,0.12266278266906738,0.054665565490722656,60,28,-0.04412,-0.04412,1,1
5000,7,43,26,-1.7832355446333645e-13,0.0,0.0,0.11604952812194824,0.06802535057067871,-0.0,-0.0,1,1,0.021067002365145405,0.021067002365145405,0.12356996536254883,0.06987237930297852,60,30,0.02107,0.02107,1,1
5000,8,12,33,2.999999999999996,0.0,0.0,0.1214909553527832,0.047238826751708984,3.0,3.0,1,1,0.03305878149694186,0.03305878149694186,0.12691187858581543,0.0437161922454834,60,23,2.96694,2.96694,1,1
5000,9,17,38,2.0000000000000004,1.0000000000000075,1.0000000000000075,0.12466239929199219,0.035427093505859375,-0.0|2.0,-0.0|2.0,2,2,1.0009587732848746,1.0009587732848746,0.13662028312683105,0.03414297103881836,60,22,0.02967|1.96841,0.02967|1.96841,2,2
5000,10,53,19,-5.175526845490605e-14,0.0,0.0,0.13416242599487305,0.06046867370605469,-0.0,-0.0,1,1,0.04641874050530127,0.04641874050530127,0.13187336921691895,0.05750584602355957,60,32,0.04642,0.04642,1,1
5000,11,29,40,6.028847454934172e-15,0.0,0.0,0.12787127494812012,0.030180931091308594,0.0,0.0,1,1,0.02866609523063314,0.02866609523063314,0.13652443885803223,0.028569459915161133,60,20,0.02867,0.02867,1,1
5000,12,48,43,2.344124704897213e-13,0.0,0.0,0.12467765808105469,0.08569931983947754,0.0,0.0,1,1,0.02135184993978529,0.02135184993978529,0.1372075080871582,0.10916709899902344,60,33,-0.02135,-0.02135,1,1
5000,13,44,31,-1.6563673509696052e-14,0.0,0.0,0.22876596450805664,0.07258796691894531,-0.0,-0.0,1,1,0.010093718644251846,0.010093718644251846,0.19919180870056152,0.1008608341217041,60,26,0.01009,0.01009,1,1
5000,14,50,25,5.595524044110785e-15,0.0,0.0,0.20202398300170898,0.019603490829467773,0.0,0.0,1,1,0.023614514001253046,0.023614514001253046,0.1809849739074707,0.026871919631958008,60,13,-0.02361,-0.02361,1,1
5000,15,38,52,2.3110966599810003e-14,0.0,0.0,0.26630091667175293,0.06832170486450195,0.0,0.0,1,1,0.03630386156925788,0.03630386156925788,0.352506160736084,0.03038644790649414,60,22,-0.0363,-0.0363,1,1
5000,16,14,3,0.0,0.0,0.0,0.12306642532348633,0.009084224700927734,0.0,0.0,1,1,0.018033835569257025,0.00922826711863164,0.1272258758544922,0.004103183746337891,60,2,0.00923|0.02684,0.00923,2,1
5000,17,15,31,2.422304781000342e-16,0.0,0.0,0.1262049674987793,0.03351020812988281,0.0,0.0,1,1,0.08877210576683997,0.08877210576683997,0.1287238597869873,0.0453488826751709,60,22,0.08877,0.08877,1,1
5000,18,6,13,-4.884981308350687e-16,5.014507327890289e-16,8.215650382226158e-16,0.12266039848327637,0.004956960678100586,0.0,0.0,1,1,0.007446217082141996,0.00134583964146283,0.13260936737060547,0.011182069778442383,60,5,0.00135|0.00927|0.01173,0.00135,3,1
5000,19,45,46,-2.306721132651706e-13,0.0,0.0,0.12034773826599121,0.04682350158691406,-0.0,-0.0,1,1,0.03788280509899953,0.03788280509899953,0.12629294395446777,0.047002315521240234,60,30,-0.03788,-0.03788,1,1
5000,20,19,22,0.0,0.0,0.0,0.12746143341064453,0.014468908309936523,0.0,0.0,1,1,0.007989773272721448,0.007989773272721448,0.12136030197143555,0.01324605941772461,60,16,0.00799,0.00799,1,1
5000,21,27,54,3.470063545191231e-16,0.0,0.0,0.1265888214111328,0.01547098159790039,0.0,0.0,1,1,0.019782851314666478,0.019782851314666478,0.12833857536315918,0.017041444778442383,60,16,0.01978,0.01978,1,1
5000,22,29,39,1.3457248783335205e-15,0.0,0.0,0.11902499198913574,0.024794340133666992,0.0,0.0,1,1,0.0015700890677108055,0.0015700890677108055,0.11878728866577148,0.02373814582824707,60,20,-0.00157,-0.00157,1,1
5000,23,10,38,4.999999999999998,3.3333333333333264,2.500000000000009,0.12410092353820801,0.03138375282287598,5.0|10.0,5.0|10.0,2,2,3.4572464409166166,2.593322586015374,0.12208032608032227,0.035012245178222656,60,21,5.09809|10.08856|10.18509,5.09809|10.08856,3,2
5000,24,9,37,2.0000000000000533,0.0,0.0,0.12276864051818848,0.04812121391296387,2.0,2.0,1,1,0.04866732239622684,0.04866732239622684,0.13105177879333496,0.03937888145446777,60,24,1.95133,1.95133,1,1
5000,25,52,31,-1.3816108750890807e-14,0.0,0.0,0.11565232276916504,0.03419184684753418,-0.0,-0.0,1,1,0.05393593494020746,0.05393593494020746,0.13528227806091309,0.031123876571655273,60,22,-0.05394,-0.05394,1,1
5000,26,31,49,1.2382926225625591e-14,0.0,0.0,0.11779999732971191,0.0355525016784668,0.0,0.0,1,1,0.010705761728877172,0.010705761728877172,0.1315135955810547,0.035735130310058594,60,23,0.01071,0.01071,1,1
5000,27,10,40,1.9999999999999998,1.3333333333333277,1.0000000000000022,0.11883807182312012,0.021874189376831055,2.0|4.0,2.0|4.0,2,2,1.3893257404901942,1.0220899395450465,0.1040799617767334,0.020827770233154297,60,19,1.98511|4.02929|4.1238,1.98511|4.02929,3,2
5000,28,24,11,-1.1102230246251541e-16,0.0,0.0,0.10520219802856445,0.004626274108886719,-0.0,-0.0,1,1,0.004345280718253739,0.004345280718253739,0.1000666618347168,0.00398564338684082,60,5,-0.00435,-0.00435,1,1
5000,29,14,51,3.9999999999999916,1.1666666666666663,1.1666666666666663,0.10248541831970215,0.024973392486572266,4.0|6.33333,4.0|6.33333,2,2,1.1865130010884763,1.1865130010884763,0.10497546195983887,0.024320363998413086,60,24,3.94927|6.32229,3.94927|6.32229,2,2
5000,30,35,59,-1.366739282501884e-13,0.0,0.0,0.10753083229064941,0.058429718017578125,-0.0,-0.0,1,1,0.10896871511196961,0.10896871511196961,0.1031794548034668,0.054010868072509766,60,36,0.10897,0.10897,1,1
5000,31,49,42,2.0605739337042823e-14,0.0,0.0,0.10111618041992188,0.03867030143737793,0.0,0.0,1,1,0.09953445876783057,0.09953445876783057,0.10432767868041992,0.03294181823730469,60,23,0.09953,0.09953,1,1
5000,32,49,33,2.842170943040389e-14,0.0,0.0,0.10921263694763184,0.04078316688537598,0.0,0.0,1,1,0.014158764292549256,0.014158764292549256,0.10788297653198242,0.04202723503112793,60,25,0.01416,0.01416,1,1
5000,33,39,31,-2.9457917586721096e-14,0.0,0.0,0.10781168937683105,0.03427886962890625,-0.0,-0.0,1,1,0.4513241093255955,0.4513241093255955,0.10346746444702148,0.038010597229003906,60,24,-0.45132,-0.45132,1,1
5000,34,2,17,2.0000000000000075,0.0,0.0,0.1126103401184082,0.009453296661376953,2.0,2.0,1,1,0.0504225173880708,0.0504225173880708,0.10667872428894043,0.008774995803833008,60,10,1.94958,1.94958,1,1
5000,35,48,24,-5.011052669714764e-15,0.0,0.0,0.10746002197265625,0.04042983055114746,-0.0,-0.0,1,1,0.008389970862703133,0.008389970862703133,0.10529136657714844,0.04652118682861328,60,26,0.00839,0.00839,1,1
5000,36,7,27,1.999999999999999,0.0,0.0,0.10500693321228027,0.013239145278930664,2.0,2.0,1,1,0.02087568153117858,0.02087568153117858,0.10938811302185059,0.012833833694458008,60,14,2.02088,2.02088,1,1
5000,37,19,15,-3.070989790149579e-15,0.0,0.0,0.10563302040100098,0.018586158752441406,-0.0,-0.0,1,1,0.0032013734360925223,0.0032013734360925223,0.1047828197479248,0.012408971786499023,60,16,0.0032,0.0032,1,1
5000,38,29,33,0.9999999999999959,0.0,0.0,0.1105341911315918,0.04156637191772461,1.0,1.0,1,1,0.00886911133063295,0.00886911133063295,0.10442161560058594,0.034915924072265625,60,23,0.99113,0.99113,1,1
5000,39,48,1,7.175088410126489e-15,0.0,0.0,0.10529136657714844,0.03841733932495117,0.0,0.0,1,1,0.017652167079695403,0.017652167079695403,0.11101460456848145,0.037171363830566406,60,25,-0.01765,-0.01765,1,1
5000,40,13,9,4.884981308350675e-16,0.0,0.0,0.17284870147705078,0.006596803665161133,0.0,0.0,1,1,0.025429051670378892,0.025429051670378892,0.10217165946960449,0.0057027339935302734,60,8,-0.02543,-0.02543,1,1
5000,41,16,54,4.179663151529988e-16,0.0,0.0,0.10467648506164551,0.008757591247558594,0.0,0.0,1,1,0.006453185436364194,0.006453185436364194,0.09998416900634766,0.007811069488525391,60,10,-0.00645,-0.00645,1,1
5000,42,24,25,2.072416312633621e-15,0.0,0.0,0.10739755630493164,0.011032819747924805,0.0,0.0,1,1,0.03996347898721346,0.03996347898721346,0.10629129409790039,0.010490894317626953,60,12,0.03996,0.03996,1,1
5000,43,40,45,-1.4074871536461693e-13,0.0,0.0,0.10665130615234375,0.03887343406677246,-0.0,-0.0,1,1,0.13210399663645783,0.13210399663645783,0.10722064971923828,0.04300570487976074,60,29,-0.1321,-0.1321,1,1
5000,44,44,39,8.771418831239681e-15,0.0,0.0,0.10280442237854004,0.034580230712890625,0.0,0.0,1,1,0.033213194927025305,0.033213194927025305,0.10663223266601562,0.029822826385498047,60,24,-0.03321,-0.03321,1,1
5000,45,27,13,-2.878834121993136e-16,0.0,0.0,0.10586142539978027,0.011327981948852539,-0.0,-0.0,1,1,0.032314610997311616,0.032314610997311616,0.11147570610046387,0.010644912719726562,60,14,-0.03231,-0.03231,1,1
5000,46,23,18,-2.2952948469678962e-17,0.0,0.0,0.10409283638000488,0.007043361663818359,-0.0,-0.0,1,1,0.009494575612592789,0.009494575612592789,0.11422109603881836,0.006193637847900391,60,8,0.00949,0.00949,1,1
5000,47,25,19,2.631639762074433e-16,0.0,0.0,0.10891509056091309,0.019597768783569336,0.0,0.0,1,1,0.014433626862319044,0.014433626862319044,0.10421228408813477,0.01433706283569336,60,17,0.01443,0.01443,1,1
5000,48,37,59,-1.4782435218507136e-13,0.0,0.0,0.1019434928894043,0.07514476776123047,-0.0,-0.0,1,1,0.009044372585115836,0.009044372585115836,0.10458230972290039,0.06987690925598145,60,35,0.00904,0.00904,1,1
5000,49,13,25,0.9999999999999997,0.0,0.0,0.10456132888793945,0.010219812393188477,1.0,1.0,1,1,0.016812183624447363,0.016812183624447363,0.10716581344604492,0.009001016616821289,60,11,1.01681,1.01681,1,1
5000,50,49,27,3.5527136788004863e-15,0.0,0.0,0.10371971130371094,0.015480756759643555,0.0,0.0,1,1,0.007563764894569825,0.007563764894569825,0.11979842185974121,0.014321565628051758,60,19,0.00756,0.00756,1,1
5000,51,6,12,-4.884981308350687e-16,5.014507327890289e-16,8.215650382226158e-16,0.10501623153686523,0.004540443420410156,0.0,0.0,1,1,0.0015516550698744115,1.9533820230970215e-05,0.11249947547912598,0.0037429332733154297,60,4,-0.0045|2e-05|0.00014,2e-05,3,1
5000,52,42,35,1.0410199894414937e-13,0.0,0.0,0.10781621932983398,0.03470301628112793,0.0,0.0,1,1,0.007161263239045256,0.007161263239045256,0.16968870162963867,0.030398130416870117,60,26,0.00716,0.00716,1,1
5000,53,52,49,4.342205607422825e-15,0.0,0.0,0.10397005081176758,0.010551691055297852,0.0,0.0,1,1,0.03426021676681068,0.03426021676681068,0.10690498352050781,0.009929418563842773,60,13,-0.03426,-0.03426,1,1
5000,54,3,35,2.086305284989963e-15,0.0,0.0,0.1047055721282959,0.029445648193359375,0.0,0.0,1,1,0.005917707690956575,0.005917707690956575,0.1114351749420166,0.0301668643951416,60,26,0.00592,0.00592,1,1
5000,55,53,57,-3.1760074563422303e-13,0.0,0.0,0.1068563461303711,0.0547640323638916,-0.0,-0.0,1,1,0.005234205093152154,0.005234205093152154,0.10195565223693848,0.05077075958251953,60,34,0.00523,0.00523,1,1
5000,56,27,57,3.668383426482375e-14,0.0,0.0,0.10646939277648926,0.04853463172912598,0.0,0.0,1,1,0.2539396560232384,0.2539396560232384,0.10361027717590332,0.04417109489440918,60,27,-0.25394,-0.25394,1,1
5000,57,57,46,8.927770557082033e-14,0.0,0.0,0.10466384887695312,0.04511761665344238,0.0,0.0,1,1,0.03843190382510868,0.03843190382510868,0.11043882369995117,0.04809069633483887,60,29,0.03843,0.03843,1,1
5000,58,57,39,1.595619749780354e-15,0.0,0.0,0.10391116142272949,0.052377939224243164,0.0,0.0,1,1,0.0038280864597058347,0.0038280864597058347,0.11133289337158203,0.047820329666137695,60,28,0.00383,0.00383,1,1
5000,59,37,47,-1.7580033370005382e-13,0.0,0.0,0.1071321964263916,0.04312396049499512,-0.0,-0.0,1,1,0.0008454231179049991,0.0008454231179049991,0.10334634780883789,0.038410186767578125,60,30,0.00085,0.00085,1,1
5000,60,2,49,2.000000000000009,0.0,0.0,0.10456705093383789,0.010314464569091797,2.0,2.0,1,1,0.03493395694872614,0.03493395694872614,0.10861539840698242,0.009564876556396484,60,12,2.03493,2.03493,1,1
5000,61,12,31,1.9999999999999938,0.0,0.0,0.10477185249328613,0.028764009475708008,2.0,2.0,1,1,0.05833670898559262,0.05833670898559262,0.1094062328338623,0.02776956558227539,60,21,2.05834,2.05834,1,1
5000,62,41,47,-1.267476563602867e-13,0.0,0.0,0.10608124732971191,0.05266833305358887,-0.0,-0.0,1,1,0.032235612606144624,0.032235612606144624,0.11248493194580078,0.04606890678405762,60,32,0.03224,0.03224,1,1
5000,63,55,43,3.4122525017007936e-13,0.0,0.0,0.10479927062988281,0.05952930450439453,0.0,0.0,1,1,0.05107363705849782,0.05107363705849782,0.1093597412109375,0.05833005905151367,60,35,-0.05107,-0.05107,1,1
5000,64,11,49,1.0000000000000007,0.250000000000002,0.250000000000002,0.10652923583984375,0.009626626968383789,1.0|1.5,1.0|1.5,2,2,0.26829395659207433,0.26829395659207433,0.1711721420288086,0.008839607238769531,60,12,0.93761|1.47419,0.93761|1.47419,2,2
5000,65,41,18,5.133371999973192e-14,0.0,0.0,0.11200070381164551,0.05951738357543945,0.0,0.0,1,1,0.01544949513646308,0.01544949513646308,0.10105180740356445,0.05538129806518555,60,28,-0.01545,-0.01545,1,1
5000,66,58,51,7.879707288551822e-13,0.0,0.0,0.1023869514465332,0.08360147476196289,0.0,0.0,1,1,0.005236125511208491,0.005236125511208491,0.11195731163024902,0.08436226844787598,60,44,0.00524,0.00524,1,1
5000,67,47,29,4.8112242370171935e-14,0.0,0.0,0.10619759559631348,0.03894686698913574,0.0,0.0,1,1,0.0537404487001375,0.0537404487001375,0.10420894622802734,0.03402256965637207,60,28,0.05374,0.05374,1,1
5000,68,27,31,-5.783487384093834e-16,0.0,0.0,0.10547041893005371,0.035375118255615234,-0.0,-0.0,1,1,0.0006224902159504929,0.0006224902159504929,0.10760068893432617,0.034630537033081055,60,24,0.00062,0.00062,1,1
5000,69,23,36,-2.508921522763619e-17,0.0,0.0,0.10672974586486816,0.005273342132568359,-0.0,-0.0,1,1,0.007713121530624775,0.007713121530624775,0.10366392135620117,0.004403829574584961,60,5,-0.00771,-0.00771,1,1
5000,70,58,30,-8.345299234951447e-14,0.0,0.0,0.10820508003234863,0.07958817481994629,-0.0,-0.0,1,1,0.06294428271093246,0.06294428271093246,0.10922980308532715,0.07474493980407715,60,40,0.06294,0.06294,1,1
5000,71,8,36,-6.661338147750939e-16,0.4999999999999985,0.4999999999999985,0.10906767845153809,0.00745701789855957,-0.0|1.0,-0.0|1.0,2,2,0.5004984566391654,0.5004984566391654,0.10294914245605469,0.0067691802978515625,60,6,-0.00839|0.99261,-0.00839|0.99261,2,2
5000,72,39,53,0.9999999999999809,0.0,0.0,0.10482931137084961,0.04420638084411621,1.0,1.0,1,1,1.0816667849562678,1.0816667849562678,0.10819673538208008,0.04784250259399414,60,32,2.08167,2.08167,1,1
5000,73,55,51,1.78355264330933e-13,0.0,0.0,0.10501337051391602,0.06212902069091797,0.0,0.0,1,1,0.04844011015168984,0.04844011015168984,0.1083371639251709,0.0578460693359375,60,37,-0.04844,-0.04844,1,1
5000,74,7,10,-1.5876189252139741e-15,0.0,0.0,0.1147465705871582,0.003475666046142578,-0.0,-0.0,1,1,0.013869518380242328,0.013869518380242328,0.10443615913391113,0.002742290496826172,60,2,-0.01387,-0.01387,1,1
5000,75,31,45,0.9999999999999705,0.0,0.0,0.10790252685546875,0.03448629379272461,1.0,1.0,1,1,2.5611809721715062e-05,2.5611809721715062e-05,0.10301494598388672,0.03928232192993164,60,27,0.99997,0.99997,1,1
5000,76,19,58,10.000000000000114,0.0,0.0,0.16907787322998047,0.07501626014709473,10.0,10.0,1,1,1.0158295380854607,1.0158295380854607,0.10681843757629395,0.07351136207580566,60,40,11.01583,11.01583,1,1
5000,77,17,42,0.9999999999999939,4.551914400963142e-15,0.0,0.1008453369140625,0.0306396484375,1.0,1.0,1,1,0.01575856913056156,0.028217410381685126,0.10567975044250488,0.029783248901367188,60,21,0.97178|0.9967,0.97178,2,1
5000,78,35,22,-1.5834222541095088e-14,0.0,0.0,0.11526608467102051,0.031577110290527344,-0.0,-0.0,1,1,0.0005843183035978631,0.0005843183035978631,0.10632848739624023,0.02965688705444336,60,26,-0.00058,-0.00058,1,1
5000,79,15,29,-2.7452787518003874e-15,0.0,0.0,0.10563898086547852,0.019940614700317383,-0.0,-0.0,1,1,0.009401127866359944,0.009401127866359944,0.10239529609680176,0.02446889877319336,60,18,0.0094,0.0094,1,1
5000,80,13,38,6.000000000000001,0.0,0.0,0.10692143440246582,0.02669358253479004,6.0,6.0,1,1,0.3108007508870472,0.3108007508870472,0.1055288314819336,0.03135228157043457,60,21,5.6892,5.6892,1,1
5000,81,36,1,-7.171462774736488e-32,0.0,0.0,0.10344338417053223,0.005331516265869141,-0.0,-0.0,1,1,0.006676058250356831,0.006676058250356831,0.10579514503479004,0.004654407501220703,60,5,0.00668,0.00668,1,1
5000,82,24,57,1.0000000000000084,0.0,0.0,0.11385178565979004,0.043679237365722656,1.0,1.0,1,1,0.2153428873682992,0.2153428873682992,0.1064455509185791,0.04139256477355957,60,25,1.21534,1.21534,1,1
5000,83,51,59,1.6104978346451505e-13,0.0,0.0,0.1061103343963623,0.04852557182312012,0.0,0.0,1,1,0.1672443076615221,0.1672443076615221,0.10746026039123535,0.052221059799194336,60,37,-0.16724,-0.16724,1,1
5000,84,22,8,-2.537652627714636e-16,0.0,0.0,0.10965204238891602,0.00887608528137207,-0.0,-0.0,1,1,0.004835076785339497,0.005367062186886668,0.10304760932922363,0.008002042770385742,60,11,-0.00537|0.0043,-0.00537,2,1
5000,85,30,12,1.9592171022796832e-17,0.0,0.0,0.10573387145996094,0.02682042121887207,0.0,0.0,1,1,0.04591307639465516,0.04591307639465516,0.10825014114379883,0.025423765182495117,60,20,-0.04591,-0.04591,1,1
5000,86,30,19,1.046548468801064e-14,0.0,0.0,0.11102867126464844,0.019689083099365234,0.0,0.0,1,1,0.02186188478342099,0.02186188478342099,0.10732436180114746,0.01865530014038086,60,20,-0.02186,-0.02186,1,1
5000,87,19,41,4.000000000000025,0.0,0.0,0.11028861999511719,0.06233072280883789,4.0,4.0,1,1,0.12502232501685873,0.12502232501685873,0.10336709022521973,0.054053544998168945,60,28,3.87498,3.87498,1,1
5000,88,30,39,2.40983703580401e-15,0.0,0.0,0.10908889770507812,0.03296923637390137,0.0,0.0,1,1,0.01202583002231619,0.01202583002231619,0.1740415096282959,0.02921271324157715,60,23,-0.01203,-0.01203,1,1
5000,89,43,38,-2.9427211046560126e-13,0.0,0.0,0.1078341007232666,0.06880617141723633,-0.0,-0.0,1,1,0.04405341385386636,0.04405341385386636,0.10419607162475586,0.06269407272338867,60,31,0.04405,0.04405,1,1
5000,90,44,42,-8.812411681379686e-14,0.0,0.0,0.10229372978210449,0.040265798568725586,-0.0,-0.0,1,1,0.04530167645155527,0.04530167645155527,0.11559247970581055,0.044368743896484375,60,26,-0.0453,-0.0453,1,1
5000,91,16,50,-5.747036833353733e-16,0.0,0.0,0.11096668243408203,0.010747432708740234,-0.0,-0.0,1,1,0.017759472882846922,0.017759472882846922,0.10441994667053223,0.010219097137451172,60,11,0.01776,0.01776,1,1
5000,92,1,10,4.884981308350689e-16,9.769962616701378e-16,0.0,0.10643911361694336,0.003511667251586914,0.0,0.0,1,1,0.01570087159117517,0.009028112094605639,0.10354948043823242,0.003225088119506836,60,2,-0.02237|-0.00903,-0.00903,2,1
5000,93,52,50,-9.868649107779148e-17,0.0,0.0,0.10851001739501953,0.011184215545654297,-0.0,-0.0,1,1,0.00417881391392387,0.00417881391392387,0.10646438598632812,0.010641098022460938,60,12,0.00418,0.00418,1,1
5000,94,14,34,5.000000000000003,2.3333333333333353,2.3333333333333353,0.10694384574890137,0.039725542068481445,5.0|9.66667,5.0|9.66667,2,2,2.3640826417538316,2.3640826417538316,0.11339259147644043,0.03879952430725098,60,25,4.99148|9.71965,4.99148|9.71965,2,2
5000,95,43,25,-6.185331745619199e-16,0.0,0.0,0.1073598861694336,0.053757429122924805,-0.0,-0.0,1,1,0.008423382231906017,0.008423382231906017,0.10654711723327637,0.05181574821472168,60,28,-0.00842,-0.00842,1,1
5000,96,46,30,-2.6696105643557964e-14,0.0,0.0,0.10698890686035156,0.034033775329589844,-0.0,-0.0,1,1,0.01500122770180951,0.01500122770180951,0.10967350006103516,0.03674888610839844,60,25,0.015,0.015,1,1
5000,97,10,21,3.697785493223504e-32,4.1574309007239995e-17,3.1180731755430066e-17,0.11371564865112305,0.0035567283630371094,-0.0,-0.0,1,1,0.0038454103527382996,0.0013225152264819528,0.10439562797546387,0.002817869186401367,60,2,0.00132|0.00461|0.0056,0.00132,3,1
5000,98,31,46,1.0000000000001206,0.0,0.0,0.10997414588928223,0.03403472900390625,1.0,1.0,1,1,0.0636527662129831,0.0636527662129831,0.10704159736633301,0.038709402084350586,60,25,1.06365,1.06365,1,1
5000,99,47,27,2.43284362001086e-14,0.0,0.0,0.11009454727172852,0.041695594787597656,0.0,0.0,1,1,0.006362453119132701,0.006362453119132701,0.10383486747741699,0.04085874557495117,60,29,-0.00636,-0.00636,1,1
7500,0,53,31,1.8839063702475786e-13,0.0,0.0,0.1076653003692627,0.04808521270751953,0.0,0.0,1,1,0.05156978603936944,0.05156978603936944,0.1740589141845703,0.04238581657409668,60,32,0.05157,0.05157,1,1
7500,1,36,43,-1.2918958832001851e-14,0.0,0.0,0.10872411727905273,0.05584001541137695,-0.0,-0.0,1,1,0.02472685444873959,0.02472685444873959,0.09963107109069824,0.05850982666015625,60,29,0.02473,0.02473,1,1
7500,2,42,3,1.6456872538932058e-18,0.0,0.0,0.10477519035339355,0.03142285346984863,0.0,0.0,1,1,0.024424511105642234,0.024424511105642234,0.11332106590270996,0.030673980712890625,60,22,-0.02442,-0.02442,1,1
7500,3,11,3,1.8488927466117524e-32,1.5265566588595962e-17,3.0531133177191924e-17,0.10393857955932617,0.0034706592559814453,-0.0,-0.0,1,1,0.0011913349720063322,0.0016301461802483768,0.106231689453125,0.002788543701171875,60,2,-0.00075|0.00163,0.00163,2,1
7500,4,47,39,-2.796800371497853e-14,0.0,0.0,0.1031193733215332,0.039751291275024414,-0.0,-0.0,1,1,0.007145182779928969,0.007145182779928969,0.10918331146240234,0.04263806343078613,60,31,0.00715,0.00715,1,1
7500,5,36,49,2.422304781000347e-16,0.0,0.0,0.10436248779296875,0.012303590774536133,0.0,0.0,1,1,0.022391722414888564,0.022391722414888564,0.10663700103759766,0.016613245010375977,60,15,-0.02239,-0.02239,1,1
7500,6,48,52,3.616922996780521e-14,0.0,0.0,0.10611104965209961,0.047884464263916016,0.0,0.0,1,1,0.009447835880989656,0.009447835880989656,0.10413885116577148,0.03851151466369629,60,26,0.00945,0.00945,1,1
7500,7,49,17,1.7763568394002432e-15,0.0,0.0,0.10396599769592285,0.011614322662353516,0.0,0.0,1,1,0.0028597585432084795,0.0028597585432084795,0.10730552673339844,0.013355493545532227,60,13,-0.00286,-0.00286,1,1
7500,8,52,18,-1.2829243840112892e-15,0.0,0.0,0.10377359390258789,0.011369943618774414,-0.0,-0.0,1,1,0.006857788362131905,0.006857788362131905,0.10831499099731445,0.010414600372314453,60,15,-0.00686,-0.00686,1,1
7500,9,5,46,2.0000000000000635,0.0,0.0,0.10406994819641113,0.03344106674194336,2.0,2.0,1,1,0.012778674650763211,0.012778674650763211,0.10907459259033203,0.032852888107299805,60,25,2.01278,2.01278,1,1
7500,10,34,14,-7.579522595143624e-15,0.0,0.0,0.10903048515319824,0.03986763954162598,-0.0,-0.0,1,1,0.01293817286039622,0.01293817286039622,0.1035451889038086,0.04408836364746094,60,25,-0.01294,-0.01294,1,1
7500,11,19,12,-1.023663263383193e-15,0.0,0.0,0.10951018333435059,0.012188911437988281,-0.0,-0.0,1,1,0.02094735112365945,0.02094735112365945,0.11059975624084473,0.01733851432800293,60,15,0.02095,0.02095,1,1
7500,12,17,54,-2.467162276944785e-17,1.652998725553006e-16,0.0,0.11039948463439941,0.009612083435058594,-0.0,-0.0,1,1,0.008346360021904727,0.014686279921506938,0.10473084449768066,0.011420726776123047,60,11,-0.00201|0.01469,0.01469,2,1
7500,13,33,7,-7.732629530641946e-16,0.0,0.0,0.10475778579711914,0.03628110885620117,-0.0,-0.0,1,1,0.004504357694092165,0.004504357694092165,0.1006920337677002,0.03985786437988281,60,23,0.0045,0.0045,1,1
7500,14,58,19,1.790900288587507e-13,0.0,0.0,0.10121607780456543,0.08345580101013184,0.0,0.0,1,1,0.04163548833871499,0.04163548833871499,0.10230898857116699,0.07345294952392578,60,40,0.04164,0.04164,1,1
7500,15,16,21,5.075391853443994e-32,0.0,0.0,0.10286211967468262,0.008527278900146484,0.0,0.0,1,1,0.007695529709451544,0.007695529709451544,0.10334372520446777,0.013497352600097656,60,10,0.0077,0.0077,1,1
7500,16,55,28,2.681781164335573e-14,0.0,0.0,0.10578536987304688,0.05378389358520508,0.0,0.0,1,1,0.003385977869586895,0.003385977869586895,0.102508544921875,0.04801774024963379,60,32,-0.00339,-0.00339,1,1
7500,17,5,56,4.000000000000135,0.0,0.0,0.10621452331542969,0.045594215393066406,4.0,4.0,1,1,0.1065505934138895,0.1065505934138895,0.10339951515197754,0.042482614517211914,60,26,3.89345,3.89345,1,1
7500,18,27,5,2.0138929283898172e-16,0.0,0.0,0.10646820068359375,0.013630867004394531,0.0,0.0,1,1,0.0005722853295158354,0.0005722853295158354,0.10656237602233887,0.01287078857421875,60,14,-0.00057,-0.00057,1,1
7500,19,44,51,-3.390844475683548e-14,0.0,0.0,0.10462832450866699,0.048691511154174805,-0.0,-0.0,1,1,0.14542302784710678,0.14542302784710678,0.10753536224365234,0.04622077941894531,60,29,0.14542,0.14542,1,1
7500,20,28,36,2.6349293117770328e-15,0.0,0.0,0.10609102249145508,0.020319223403930664,0.0,0.0,1,1,0.008696539591231274,0.008696539591231274,0.10379242897033691,0.02491617202758789,60,19,-0.0087,-0.0087,1,1
7500,21,27,15,2.8852889070200266e-16,0.0,0.0,0.10701751708984375,0.01602625846862793,0.0,0.0,1,1,0.015512093525442193,0.015512093525442193,0.10456728935241699,0.02063131332397461,60,17,-0.01551,-0.01551,1,1
7500,22,42,3,1.6456872538932058e-18,0.0,0.0,0.10717630386352539,0.03660988807678223,0.0,0.0,1,1,0.020390462181206947,0.020390462181206947,0.10464191436767578,0.030910253524780273,60,22,-0.02039,-0.02039,1,1
7500,23,14,41,10.000000000000012,4.500000000000003,4.500000000000003,0.10691356658935547,0.06109261512756348,10.0|19.0,10.0|19.0,2,2,4.5066606309671045,4.5066606309671045,0.10599040985107422,0.053748130798339844,60,28,10.047|18.96632,10.047|18.96632,2,2
7500,24,29,60,7.000000000000035,0.0,0.0,0.10938072204589844,0.08276200294494629,7.0,7.0,1,1,0.8136708266772432,0.8136708266772432,0.10396790504455566,0.07786035537719727,60,44,6.18633,6.18633,1,1
7500,25,8,18,-1.4432899320127035e-15,0.5000000000000004,0.5000000000000004,0.10124969482421875,0.008550643920898438,-0.0|1.0,-0.0|1.0,2,2,0.5050565833931558,0.5050565833931558,0.10405731201171875,0.008008241653442383,60,8,0.01039|0.99972,0.01039|0.99972,2,2
7500,26,34,38,3.938711219037738e-14,0.0,0.0,0.10447144508361816,0.0587763786315918,0.0,0.0,1,1,0.05301228690836829,0.05301228690836829,0.10537528991699219,0.059300899505615234,60,29,-0.05301,-0.05301,1,1
7500,27,36,52,-1.6148698540002314e-16,0.0,0.0,0.10562014579772949,0.010377645492553711,-0.0,-0.0,1,1,0.02329461466522577,0.02329461466522577,0.10271978378295898,0.009877920150756836,60,13,-0.02329,-0.02329,1,1
7500,28,32,26,-4.440892098500633e-16,0.0,0.0,0.10744404792785645,0.02202916145324707,-0.0,-0.0,1,1,0.03969746937785209,0.03969746937785209,0.10291409492492676,0.019364118576049805,60,19,0.0397,0.0397,1,1
7500,29,51,43,-9.066564728145506e-14,0.0,0.0,0.10615706443786621,0.07432126998901367,-0.0,-0.0,1,1,0.280332506963311,0.280332506963311,0.10312724113464355,0.06765341758728027,60,34,0.28033,0.28033,1,1
7500,30,38,13,-1.5597980520555656e-14,0.0,0.0,0.10590457916259766,0.02682328224182129,-0.0,-0.0,1,1,0.031724037170787395,0.031724037170787395,0.10377192497253418,0.03378009796142578,60,21,-0.03172,-0.03172,1,1
7500,31,16,34,2.9999999999999933,0.0,0.0,0.10331320762634277,0.0446009635925293,3.0,3.0,1,1,0.044190482069055737,0.044190482069055737,0.10454082489013672,0.03917121887207031,60,25,3.04419,3.04419,1,1
7500,32,13,26,3.0000000000000027,0.0,0.0,0.10642075538635254,0.018219470977783203,3.0,3.0,1,1,0.07090063643372924,0.07090063643372924,0.1076500415802002,0.017762184143066406,60,17,3.0709,3.0709,1,1
7500,33,36,41,3.875687649600555e-15,0.0,0.0,0.10838437080383301,0.05751204490661621,0.0,0.0,1,1,0.10276158168671262,0.10276158168671262,0.1076364517211914,0.06219339370727539,60,29,0.10276,0.10276,1,1
7500,34,32,54,0.0,0.0,0.0,0.10291004180908203,0.011283159255981445,0.0,0.0,1,1,0.015024678306472708,0.015024678306472708,0.10445928573608398,0.0066759586334228516,60,6,0.01502,0.01502,1,1
7500,35,52,34,-1.6579330501068968e-14,0.0,0.0,0.11717700958251953,0.04533219337463379,-0.0,-0.0,1,1,0.018904327187568515,0.018904327187568515,0.10482549667358398,0.04020071029663086,60,26,-0.0189,-0.0189,1,1
7500,36,4,53,39.0000000000002,6.750000000000004,6.750000000000004,0.10491108894348145,0.0448453426361084,26.0|38.0|39.0,26.0|38.0|39.0,3,3,8.07464229111525,8.07464229111525,0.10872483253479004,0.04942035675048828,60,32,24.85374|24.91692|35.92615|38.00463,24.85374|24.91692|35.92615|38.00463,4,4
7500,37,42,25,2.1191479484554704e-14,0.0,0.0,0.10120058059692383,0.029621124267578125,0.0,0.0,1,1,0.07118633879842325,0.07118633879842325,0.10568451881408691,0.0293581485748291,60,21,0.07119,0.07119,1,1
7500,38,8,59,1.7763568394002505e-14,9.500000000000004,9.500000000000004,0.1020357608795166,0.04689192771911621,0.0|19.0,0.0|19.0,2,2,10.017879879931739,10.017879879931739,0.10513186454772949,0.0519106388092041,60,31,-1.00581|19.02995,-1.00581|19.02995,2,2
7500,39,49,55,9.094947017729245e-14,0.0,0.0,0.10648798942565918,0.054857492446899414,0.0,0.0,1,1,0.29970358695112914,0.29970358695112914,0.10725760459899902,0.05514359474182129,60,34,-0.2997,-0.2997,1,1
7500,40,33,59,5.2590472618954835e-14,0.0,0.0,0.1043696403503418,0.06983399391174316,0.0,0.0,1,1,0.055103618127652694,0.055103618127652694,0.11238360404968262,0.07689809799194336,60,35,0.0551,0.0551,1,1
7500,41,52,44,-7.105427357600986e-15,0.0,0.0,0.10543298721313477,0.026842117309570312,-0.0,-0.0,1,1,0.04475932129232909,0.04475932129232909,0.10833501815795898,0.025296688079833984,60,23,0.04476,0.04476,1,1
7500,42,10,6,-1.7749370367472818e-30,1.5543122344752192e-15,1.2212453270876777e-15,0.1085360050201416,0.003978252410888672,0.0,0.0,1,1,0.012634724581933621,0.0035709243802135126,0.10556507110595703,0.002832174301147461,60,2,-0.02259|-0.01174|-0.00357,-0.00357,3,1
7500,43,30,13,2.5077978909179945e-15,0.0,0.0,0.10742497444152832,0.02547454833984375,0.0,0.0,1,1,0.005433323378685328,0.005433323378685328,0.1085197925567627,0.02515864372253418,60,20,0.00543,0.00543,1,1
7500,44,36,27,-1.2111523905001734e-15,0.0,0.0,0.10694527626037598,0.01514744758605957,-0.0,-0.0,1,1,0.004067103076014598,0.004067103076014598,0.10426640510559082,0.014458179473876953,60,16,0.00407,0.00407,1,1
7500,45,40,6,-1.0811275246694615e-15,0.0,0.0,0.10818910598754883,0.022145748138427734,-0.0,-0.0,1,1,0.03087344896370046,0.03087344896370046,0.1074368953704834,0.020882606506347656,60,19,0.03087,0.03087,1,1
7500,46,49,1,1.737499033538363e-15,0.0,0.0,0.10758614540100098,0.012602090835571289,0.0,0.0,1,1,0.02936303057179776,0.02936303057179776,0.10569238662719727,0.012430191040039062,60,14,-0.02936,-0.02936,1,1
7500,47,11,46,3.0,2.0000000000000067,2.0000000000000067,0.11364579200744629,0.03327155113220215,3.0|7.0,3.0|7.0,2,2,2.038836193360443,2.038836193360443,0.10419034957885742,0.03740048408508301,60,25,2.90585|6.98352,2.90585|6.98352,2,2
7500,48,25,18,1.3158198810372166e-15,0.0,0.0,0.10901522636413574,0.015848875045776367,0.0,0.0,1,1,0.03433049230299375,0.03433049230299375,0.10537910461425781,0.021559953689575195,60,16,0.03433,0.03433,1,1
7500,49,31,35,-5.528480898881801e-14,0.0,0.0,0.17222952842712402,0.03481435775756836,-0.0,-0.0,1,1,0.015539379947300338,0.015539379947300338,0.10323762893676758,0.029740571975708008,60,26,0.01554,0.01554,1,1
7500,50,2,3,2.6681456313636956e-16,0.0,0.0,0.10143899917602539,0.003515958786010742,0.0,0.0,1,1,0.002188523032645925,0.002188523032645925,0.10498690605163574,0.0028505325317382812,60,2,-0.00219,-0.00219,1,1
7500,51,25,18,1.3158198810372166e-15,0.0,0.0,0.10867142677307129,0.020499706268310547,0.0,0.0,1,1,0.020060540574394468,0.020060540574394468,0.10962700843811035,0.014886856079101562,60,16,-0.02006,-0.02006,1,1
7500,52,32,41,1.000000000000005,0.0,0.0,0.10224413871765137,0.06012248992919922,1.0,1.0,1,1,0.17009824283084796,0.17009824283084796,0.10726118087768555,0.05381035804748535,60,28,0.8299,0.8299,1,1
7500,53,58,10,7.686157463054844e-14,0.0,0.0,0.10956716537475586,0.07663559913635254,0.0,0.0,1,1,0.033780120706665584,0.033780120706665584,0.10257077217102051,0.07651948928833008,60,40,-0.03378,-0.03378,1,1
7500,54,4,15,2.0000000000000044,0.5000000000000011,1.0000000000000007,0.11032652854919434,0.007286787033081055,0.0|2.0,0.0|2.0,2,2,0.5476317663432815,1.0450226044395974,0.10650253295898438,0.006295680999755859,60,5,-0.06611|1.94612|1.9534|1.97607,-0.06611|1.97607,4,2
7500,55,17,2,-5.921189464667484e-16,4.0179499938815066e-16,0.0,0.1188812255859375,0.009279012680053711,-0.0,-0.0,1,1,0.013152395190313759,0.010717838912980558,0.10231161117553711,0.008481502532958984,60,10,-0.01559|0.01072,0.01072,2,1
7500,56,47,41,-2.2036268318800013e-13,0.0,0.0,0.10386466979980469,0.0453486442565918,-0.0,-0.0,1,1,0.05384905860626092,0.05384905860626092,0.10738301277160645,0.04919791221618652,60,32,-0.05385,-0.05385,1,1
7500,57,43,16,-3.258965450525447e-14,0.0,0.0,0.10436701774597168,0.04964780807495117,-0.0,-0.0,1,1,0.0068979340422382854,0.0068979340422382854,0.11066222190856934,0.05353879928588867,60,28,-0.0069,-0.0069,1,1
7500,58,38,13,-1.5597980520555656e-14,0.0,0.0,0.10379242897033691,0.032238006591796875,-0.0,-0.0,1,1,0.012680381393419676,0.012680381393419676,0.1095120906829834,0.026134252548217773,60,21,-0.01268,-0.01268,1,1
7500,59,11,8,-3.3306690738754805e-16,0.25000000000000006,0.25000000000000006,0.11266565322875977,0.0062770843505859375,-0.0|0.5,-0.0|0.5,2,2,0.250302650515805,0.250302650515805,0.11028623580932617,0.005270242691040039,60,3,-0.00023|0.50037,-0.00023|0.50037,2,2
7500,60,53,11,-8.267965566867966e-14,0.0,0.0,0.10365462303161621,0.04991769790649414,-0.0,-0.0,1,1,0.05206249540690798,0.05206249540690798,0.10561013221740723,0.04661440849304199,60,32,-0.05206,-0.05206,1,1
7500,61,2,34,7.0000000000000675,0.0,0.0,0.16771554946899414,0.04275321960449219,7.0,7.0,1,1,0.13857436384090782,0.13857436384090782,0.10363483428955078,0.04020333290100098,60,25,7.13857,7.13857,1,1
7500,62,29,47,2.0000000000000617,0.0,0.0,0.1007378101348877,0.03400254249572754,2.0,2.0,1,1,0.10510606768151476,0.10510606768151476,0.10450553894042969,0.03748917579650879,60,28,2.10511,2.10511,1,1
7500,63,58,13,-1.5273216891366977e-13,0.0,0.0,0.10456418991088867,0.07889270782470703,-0.0,-0.0,1,1,0.024245784714906453,0.024245784714906453,0.10708832740783691,0.07390236854553223,60,40,-0.02425,-0.02425,1,1
7500,64,45,3,-7.047897792237696e-17,0.0,0.0,0.10294985771179199,0.047080039978027344,-0.0,-0.0,1,1,0.0312838969157207,0.0312838969157207,0.10509610176086426,0.03571009635925293,60,28,-0.03128,-0.03128,1,1
7500,65,51,59,1.6104978346451505e-13,0.0,0.0,0.1083059310913086,0.0523836612701416,0.0,0.0,1,1,0.009918137928547295,0.009918137928547295,0.10303211212158203,0.05109977722167969,60,37,0.00992,0.00992,1,1
7500,66,52,21,-5.923157945207593e-17,0.0,0.0,0.10890865325927734,0.009173154830932617,-0.0,-0.0,1,1,0.006367799899741183,0.006367799899741183,0.10448956489562988,0.008777141571044922,60,11,-0.00637,-0.00637,1,1
7500,67,7,6,0.0,0.0,0.0,0.1166834831237793,0.0035355091094970703,0.0,0.0,1,1,0.004648290746293703,0.004648290746293703,0.10535979270935059,0.002803325653076172,60,2,-0.00465,-0.00465,1,1
7500,68,8,31,0.0,2.0000000000000036,2.0000000000000036,0.10873126983642578,0.03172588348388672,0.0|4.0,0.0|4.0,2,2,2.0893783371163046,2.0893783371163046,0.10347270965576172,0.030904531478881836,60,22,-0.18014|3.99862,-0.18014|3.99862,2,2
7500,69,8,5,-4.715585142530883e-16,1.0457872340581759e-15,2.0915744681163518e-15,0.10709738731384277,0.0040569305419921875,0.0,0.0,1,1,0.00182422103031266,0.0017140045424975288,0.1032867431640625,0.002824544906616211,60,2,-0.00193|0.00171,0.00171,2,1
7500,70,6,10,1.9539925233402757e-15,7.938094626069872e-16,7.327471962526035e-16,0.10965538024902344,0.0043182373046875,0.0,0.0,1,1,0.00622938726403547,0.0035280050513516173,0.10351681709289551,0.002997159957885742,60,2,-0.00962|-0.00554|-0.00353,-0.00353,3,1
7500,71,33,9,-8.198735255127864e-15,0.0,0.0,0.10609269142150879,0.03603410720825195,-0.0,-0.0,1,1,0.011313924173306324,0.011313924173306324,0.12025117874145508,0.03564786911010742,60,23,0.01131,0.01131,1,1
7500,72,60,54,5.97927897760799e-14,0.0,0.0,0.11068248748779297,0.08669018745422363,0.0,0.0,1,1,0.04781856253916062,0.04781856253916062,0.10408377647399902,0.08352947235107422,60,45,0.04782,0.04782,1,1
7500,73,57,7,5.151541779284159e-15,0.0,0.0,0.16712641716003418,0.03857231140136719,0.0,0.0,1,1,0.015470178104000969,0.015470178104000969,0.10541701316833496,0.04412364959716797,60,25,0.01547,0.01547,1,1
7500,74,12,53,10.999999999999977,0.0,0.0,0.10398077964782715,0.05142402648925781,11.0,11.0,1,1,0.5948598877120634,0.5948598877120634,0.10215044021606445,0.04851222038269043,60,32,10.40514,10.40514,1,1
7500,75,25,26,7.631755310015855e-15,0.0,0.0,0.11297464370727539,0.022265195846557617,0.0,0.0,1,1,0.09190295976385159,0.09190295976385159,0.10326838493347168,0.026363134384155273,60,19,0.0919,0.0919,1,1
7500,76,2,14,-2.553512956637834e-15,0.0,0.0,0.10756039619445801,0.0035855770111083984,-0.0,-0.0,1,1,0.004667255044731079,0.004667255044731079,0.10495901107788086,0.0028960704803466797,60,2,-0.00467,-0.00467,1,1
7500,77,1,13,1.1546319456101628e-15,2.4424906541753436e-16,0.0,0.10682153701782227,0.00459742546081543,0.0,0.0,1,1,0.004096226488971393,0.002434020466549208,0.10690927505493164,0.0038497447967529297,60,5,-0.00576|-0.00243,-0.00243,2,1
7500,78,27,8,-1.9948853012292327e-16,0.0,0.0,0.10377764701843262,0.01403045654296875,-0.0,-0.0,1,1,0.04238576905275519,0.04238576905275519,0.10685586929321289,0.013542652130126953,60,15,-0.04239,-0.04239,1,1
7500,79,4,52,2.000000000000008,0.5000000000000011,0.666666666666667,0.10521507263183594,0.008098840713500977,1.0|2.0,1.0|2.0,2,2,0.5115534183094367,0.6719947513946654,0.11414003372192383,0.007261991500854492,60,10,0.99731|0.9994|2.01269|2.03023,0.99731|0.9994|2.01269,4,3
7500,80,34,35,6.385282692979268e-14,0.0,0.0,0.10500240325927734,0.038435935974121094,0.0,0.0,1,1,0.15103783527794537,0.15103783527794537,0.10838818550109863,0.0444025993347168,60,29,0.15104,0.15104,1,1
7500,81,5,28,1.0000000000000213,0.0,0.0,0.10662269592285156,0.013365983963012695,1.0,1.0,1,1,0.018384377876970337,0.018384377876970337,0.10391855239868164,0.018070697784423828,60,16,1.01838,1.01838,1,1
7500,82,4,14,3.3584246494911234e-15,8.396061623727813e-16,0.0,0.1064767837524414,0.003465414047241211,0.0,0.0,1,1,0.01365366823294479,0.008721444706807397,0.10430169105529785,0.002866029739379883,60,2,-0.02307|-0.01347|-0.00935|-0.00872,-0.00872,4,1
7500,83,60,52,-4.8796497230878235e-14,0.0,0.0,0.1093742847442627,0.08444476127624512,-0.0,-0.0,1,1,0.024096392082997832,0.024096392082997832,0.11129927635192871,0.07939577102661133,60,45,0.0241,0.0241,1,1
7500,84,31,6,-6.303201688194425e-17,0.0,0.0,0.10386276245117188,0.027995586395263672,-0.0,-0.0,1,1,0.008811564958040788,0.008811564958040788,0.10717368125915527,0.027634859085083008,60,21,-0.00881,-0.00881,1,1
7500,85,23,36,-2.508921522763619e-17,0.0,0.0,0.1754000186920166,0.0050389766693115234,-0.0,-0.0,1,1,8.815305854432879e-05,8.815305854432879e-05,0.10228824615478516,0.004319190979003906,60,5,9e-05,9e-05,1,1
7500,86,31,40,-1.3002144164198783e-14,0.0,0.0,0.10187220573425293,0.03803873062133789,-0.0,-0.0,1,1,0.006669565828481535,0.006669565828481535,0.10433053970336914,0.03382563591003418,60,23,-0.00667,-0.00667,1,1
7500,87,8,47,1.4210854715202004e-14,9.250000000000004,9.250000000000004,0.10666084289550781,0.04051780700683594,0.0|18.5,0.0|18.5,2,2,9.310614283937511,9.310614283937511,0.1100165843963623,0.03542017936706543,60,29,-0.1952|18.42603,-0.1952|18.42603,2,2
7500,88,26,25,6.8833827526759485e-15,0.0,0.0,0.10382866859436035,0.022741317749023438,0.0,0.0,1,1,0.04858425289371403,0.04858425289371403,0.10666012763977051,0.0225369930267334,60,19,0.04858,0.04858,1,1
7500,89,45,58,0.9999999999964565,0.0,0.0,0.10339808464050293,0.07632923126220703,1.0,1.0,1,1,0.07301911865214927,0.07301911865214927,0.1076514720916748,0.0746450424194336,60,40,1.07302,1.07302,1,1
7500,90,27,11,1.394233565808335e-16,0.0,0.0,0.10327529907226562,0.013084650039672852,0.0,0.0,1,1,0.01892090154621698,0.01892090154621698,0.10571861267089844,0.012818336486816406,60,14,-0.01892,-0.01892,1,1
7500,91,7,1,0.0,0.0,0.0,0.10522723197937012,0.0034720897674560547,0.0,0.0,1,1,0.0006723362377947202,0.0006723362377947202,0.1132044792175293,0.0028226375579833984,60,2,-0.00067,-0.00067,1,1
7500,92,9,12,7.038813976123475e-15,0.0,0.0,0.10330605506896973,0.006872653961181641,0.0,0.0,1,1,0.017488892444169075,0.017488892444169075,0.10697031021118164,0.006128072738647461,60,7,-0.01749,-0.01749,1,1
7500,93,31,45,0.9999999999999705,0.0,0.0,0.10324215888977051,0.03957176208496094,1.0,1.0,1,1,0.018556191321673632,0.018556191321673632,0.10843372344970703,0.03385281562805176,60,27,1.01856,1.01856,1,1
7500,94,27,10,-5.0165070456045004e-17,0.0,0.0,0.10766410827636719,0.01398777961730957,-0.0,-0.0,1,1,0.013294078357186762,0.013294078357186762,0.1033163070678711,0.015735626220703125,60,15,0.01329,0.01329,1,1
7500,95,36,27,-1.2111523905001734e-15,0.0,0.0,0.11153674125671387,0.014911413192749023,-0.0,-0.0,1,1,0.04410614892511488,0.04410614892511488,0.10840272903442383,0.014105796813964844,60,16,-0.04411,-0.04411,1,1
7500,96,47,21,-1.7823811476548577e-14,0.0,0.0,0.11110877990722656,0.034241676330566406,-0.0,-0.0,1,1,0.033555672118993234,0.033555672118993234,0.10374641418457031,0.038649797439575195,60,28,0.03356,0.03356,1,1
7500,97,17,42,0.9999999999999939,4.551914400963142e-15,0.0,0.10351324081420898,0.029160499572753906,1.0,1.0,1,1,0.11746823507889342,0.05324991545194413,0.1724100112915039,0.028545618057250977,60,21,0.81831|0.94675,0.94675,2,1
7500,98,23,60,2.999999999999999,0.0,0.0,0.1002340316772461,0.0830068588256836,3.0,3.0,1,1,0.006735850292450607,0.006735850292450607,0.10347914695739746,0.08090829849243164,60,44,3.00674,3.00674,1,1
7500,99,20,8,-2.7469435660828567e-16,0.0,0.0,0.10374188423156738,0.020102500915527344,-0.0,-0.0,1,1,0.02385188951018394,0.02385188951018394,0.1152186393737793,0.01469111442565918,60,18,0.02385,0.02385,1,1
10000,0,53,56,-4.5673150990249746e-14,0.0,0.0,0.1022653579711914,0.06561446189880371,-0.0,-0.0,1,1,0.00637296370514645,0.00637296370514645,0.10723495483398438,0.06309008598327637,60,38,-0.00637,-0.00637,1,1
10000,1,21,16,2.8127618437710745e-16,0.0,0.0,0.10784053802490234,0.008836507797241211,0.0,0.0,1,1,0.003711438527974816,0.003711438527974816,0.1022043228149414,0.008124351501464844,60,10,0.00371,0.00371,1,1
10000,2,19,39,2.6871160663808814e-15,0.0,0.0,0.10659337043762207,0.014709234237670898,0.0,0.0,1,1,0.003364237305975822,0.003364237305975822,0.10962963104248047,0.01372528076171875,60,18,-0.00336,-0.00336,1,1
10000,3,42,58,1.0000000000009732,0.0,0.0,0.10572648048400879,0.07595109939575195,1.0,1.0,1,1,0.14810456708088804,0.14810456708088804,0.11413764953613281,0.07494091987609863,60,40,1.1481,1.1481,1,1
10000,4,15,5,1.5849133020572677e-17,0.0,0.0,0.10434317588806152,0.005297183990478516,0.0,0.0,1,1,0.021732043299069116,0.021732043299069116,0.1085519790649414,0.006481170654296875,60,5,-0.02173,-0.02173,1,1
10000,5,30,44,2.5704928381909444e-14,0.0,0.0,0.10397720336914062,0.035684823989868164,0.0,0.0,1,1,0.0025615160676743486,0.0025615160676743486,0.10722184181213379,0.03539562225341797,60,25,0.00256,0.00256,1,1
10000,6,48,6,6.628400584872022e-15,0.0,0.0,0.10853242874145508,0.038299560546875,0.0,0.0,1,1,0.010978661881057793,0.010978661881057793,0.10285592079162598,0.04233241081237793,60,25,-0.01098,-0.01098,1,1
10000,7,44,20,-2.5268413265788126e-14,0.0,0.0,0.1020059585571289,0.03650784492492676,-0.0,-0.0,1,1,0.014081577314535059,0.014081577314535059,0.11573648452758789,0.03130602836608887,60,24,-0.01408,-0.01408,1,1
10000,8,36,52,-1.6148698540002314e-16,0.0,0.0,0.10381770133972168,0.010205507278442383,-0.0,-0.0,1,1,0.009463479326100954,0.009463479326100954,0.10824728012084961,0.009862184524536133,60,13,-0.00946,-0.00946,1,1
10000,9,36,27,-1.2111523905001734e-15,0.0,0.0,0.10312390327453613,0.01451730728149414,-0.0,-0.0,1,1,0.04454564854428822,0.04454564854428822,0.1721501350402832,0.013822078704833984,60,16,-0.04455,-0.04455,1,1
10000,10,12,47,8.999999999999982,0.0,0.0,0.1019439697265625,0.033599138259887695,9.0,9.0,1,1,0.24595878676655758,0.24595878676655758,0.1067650318145752,0.03340578079223633,60,28,8.75404,8.75404,1,1
10000,11,33,28,-2.3345560336434627e-15,0.0,0.0,0.10834574699401855,0.03836989402770996,-0.0,-0.0,1,1,0.029282070177601333,0.029282070177601333,0.10909771919250488,0.03993082046508789,60,23,-0.02928,-0.02928,1,1
10000,12,53,28,4.518727827089485e-14,0.0,0.0,0.10208559036254883,0.04926490783691406,0.0,0.0,1,1,0.005862659183224491,0.005862659183224491,0.10470390319824219,0.04668688774108887,60,32,-0.00586,-0.00586,1,1
10000,13,34,60,2.000000000000074,0.0,0.0,0.10526442527770996,0.08303165435791016,2.0,2.0,1,1,0.17513023253863658,0.17513023253863658,0.10701322555541992,0.08294010162353516,60,44,2.17513,2.17513,1,1
10000,14,1,42,10.00000000000001,3.5000000000000053,3.5000000000000053,0.10837149620056152,0.029948711395263672,3.0|10.0,3.0|10.0,2,2,3.5404386053845083,3.5404386053845083,0.10150337219238281,0.029169797897338867,60,21,2.93441|10.01528,2.93441|10.01528,2,2
10000,15,12,57,5.0000000000000036,0.0,0.0,0.11357545852661133,0.043558597564697266,5.0,5.0,1,1,0.1608847538000706,0.1608847538000706,0.10678744316101074,0.038739681243896484,60,25,4.83912,4.83912,1,1
10000,16,21,31,9.32262541396013e-16,0.0,0.0,0.10392189025878906,0.030191421508789062,0.0,0.0,1,1,0.002144139432535148,0.002144139432535148,0.1089484691619873,0.029631376266479492,60,22,-0.00214,-0.00214,1,1
10000,17,28,33,1.0000000000000047,0.0,0.0,0.10400271415710449,0.035727739334106445,1.0,1.0,1,1,0.01765756013947639,0.01765756013947639,0.11204004287719727,0.035839080810546875,60,23,0.98234,0.98234,1,1
10000,18,1,32,4.884981308350689e-16,9.769962616701378e-16,0.0,0.10937905311584473,0.004530906677246094,0.0,0.0,1,1,0.014212848339949331,0.007975425448344255,0.10796427726745605,0.0037903785705566406,60,4,-0.02045|-0.00798,-0.00798,2,1
10000,19,14,12,1.387778780781448e-16,6.476300976980075e-17,1.295260195396015e-16,0.11221170425415039,0.004738569259643555,0.0,0.0,1,1,0.004199774332821827,0.00010411960608276119,0.1095743179321289,0.003618955612182617,60,4,-0.0083|0.0001,0.0001,2,1
10000,20,53,54,2.9335938195224006e-14,0.0,0.0,0.10436677932739258,0.0456233024597168,0.0,0.0,1,1,0.04032676629143531,0.04032676629143531,0.10817694664001465,0.05032062530517578,60,33,-0.04033,-0.04033,1,1
10000,21,13,6,7.888609052210096e-32,0.0,0.0,0.10456657409667969,0.004393339157104492,0.0,0.0,1,1,0.003761648453915323,0.003761648453915323,0.1696009635925293,0.004045009613037109,60,5,0.00376,0.00376,1,1
10000,22,1,8,0.0,0.0,0.0,0.10282254219055176,0.0035321712493896484,0.0,0.0,1,1,0.00907059369547836,0.004227722937457084,0.1069023609161377,0.0027871131896972656,60,2,0.00423|0.01391,0.00423,2,1
10000,23,57,21,3.6377141553359126e-17,0.0,0.0,0.10447573661804199,0.049779415130615234,0.0,0.0,1,1,0.00580506965535215,0.00580506965535215,0.10793423652648926,0.0398712158203125,60,26,0.00581,0.00581,1,1
10000,24,58,43,3.216443029964299e-13,0.0,0.0,0.10740280151367188,0.07436132431030273,0.0,0.0,1,1,0.0023630007659765696,0.0023630007659765696,0.10639309883117676,0.07607173919677734,60,41,-0.00236,-0.00236,1,1
10000,25,3,2,2.668145631363723e-16,0.0,0.0,0.10701870918273926,0.003879070281982422,0.0,0.0,1,1,0.00046981430723860276,0.00046981430723860276,0.10232114791870117,0.0028471946716308594,60,2,0.00047,0.00047,1,1
10000,26,27,16,-2.6851905711864228e-15,0.0,0.0,0.1044454574584961,0.013860940933227539,-0.0,-0.0,1,1,0.0202338464117551,0.0202338464117551,0.10988974571228027,0.013514518737792969,60,17,-0.02023,-0.02023,1,1
10000,27,32,7,-9.860761315262663e-32,0.0,0.0,0.10425710678100586,0.004575014114379883,-0.0,-0.0,1,1,0.015196839379990591,0.015196839379990591,0.11448121070861816,0.0037467479705810547,60,4,0.0152,0.0152,1,1
10000,28,57,19,1.1214589361507104e-14,0.0,0.0,0.10271048545837402,0.04469442367553711,0.0,0.0,1,1,0.004451035718194624,0.004451035718194624,0.10790896415710449,0.03941059112548828,60,25,-0.00445,-0.00445,1,1
10000,29,56,52,1.5397446957823197e-14,0.0,0.0,0.10893940925598145,0.0406801700592041,0.0,0.0,1,1,0.014620921839210732,0.014620921839210732,0.10389328002929688,0.047994136810302734,60,27,0.01462,0.01462,1,1
10000,30,32,13,0.0,0.0,0.0,0.10344600677490234,0.004693031311035156,0.0,0.0,1,1,0.002409756603518302,0.002409756603518302,0.10460400581359863,0.009162664413452148,60,6,0.00241,0.00241,1,1
10000,31,43,60,-1.8614987012936816e-12,0.0,0.0,0.1090855598449707,0.09658598899841309,-0.0,-0.0,1,1,0.20010013492061732,0.20010013492061732,0.10454773902893066,0.08835530281066895,60,46,-0.2001,-0.2001,1,1
10000,32,14,58,28.000000000000032,13.000000000000012,13.000000000000012,0.10760736465454102,0.07626128196716309,28.0|54.0,28.0|54.0,2,2,13.229649708239636,13.229649708239636,0.10360336303710938,0.07684898376464844,60,40,28.22045|54.23885,28.22045|54.23885,2,2
10000,33,44,8,-3.2238727354169425e-15,0.0,0.0,0.17204642295837402,0.031123876571655273,-0.0,-0.0,1,1,0.011636993852489235,0.011636993852489235,0.10428285598754883,0.026261329650878906,60,23,-0.01164,-0.01164,1,1
10000,34,51,30,7.915258832095942e-14,0.0,0.0,0.10178470611572266,0.031539201736450195,0.0,0.0,1,1,0.034321899259050895,0.034321899259050895,0.10700631141662598,0.030898332595825195,60,27,-0.03432,-0.03432,1,1
10000,35,36,43,-1.2918958832001851e-14,0.0,0.0,0.11089205741882324,0.052575111389160156,-0.0,-0.0,1,1,0.24154938623674815,0.24154938623674815,0.10521864891052246,0.05710935592651367,60,29,0.24155,0.24155,1,1
10000,36,54,44,3.789561257387209e-14,2.3333333333333184,2.3333333333333184,0.10384845733642578,0.02658224105834961,0.0|4.66667,0.0|4.66667,2,2,2.3572300481806745,2.3572300481806745,0.10744094848632812,0.02618718147277832,60,23,0.04743|4.66703,0.04743|4.66703,2,2
10000,37,44,35,-1.8814667115541077e-14,0.0,0.0,0.10842251777648926,0.05414891242980957,-0.0,-0.0,1,1,0.016433775414599387,0.016433775414599387,0.1070859432220459,0.05583953857421875,60,29,-0.01643,-0.01643,1,1
10000,38,25,45,2.000000000000039,0.0,0.0,0.10254526138305664,0.039597511291503906,2.0,2.0,1,1,0.4106373906367704,0.4106373906367704,0.10445189476013184,0.03361344337463379,60,27,2.41064,2.41064,1,1
10000,39,19,23,9.818978428333548e-33,0.0,0.0,0.11562085151672363,0.012511968612670898,0.0,0.0,1,1,0.036179882953792895,0.036179882953792895,0.10546207427978516,0.011758565902709961,60,16,-0.03618,-0.03618,1,1
10000,40,47,27,2.43284362001086e-14,0.0,0.0,0.10742568969726562,0.04463553428649902,0.0,0.0,1,1,0.0062187561390100645,0.0062187561390100645,0.10259175300598145,0.03837752342224121,60,29,-0.00622,-0.00622,1,1
10000,41,52,2,-3.947459643111659e-16,0.0,0.0,0.10483026504516602,0.008774042129516602,-0.0,-0.0,1,1,0.006012251515766694,0.006012251515766694,0.11070823669433594,0.007814407348632812,60,10,-0.00601,-0.00601,1,1
10000,42,34,2,-2.852973113009722e-15,0.0,0.0,0.10418176651000977,0.03996086120605469,-0.0,-0.0,1,1,0.005273881464649444,0.005273881464649444,0.10756039619445801,0.03907179832458496,60,25,-0.00527,-0.00527,1,1
10000,43,47,46,7.517359786902785e-15,0.0,0.0,0.10925078392028809,0.04192352294921875,0.0,0.0,1,1,0.03089937558527833,0.03089937558527833,0.11382579803466797,0.037448883056640625,60,31,0.0309,0.0309,1,1
10000,44,29,18,3.229739708000449e-15,0.0,0.0,0.10735011100769043,0.018526792526245117,0.0,0.0,1,1,0.013201068376869806,0.013201068376869806,0.11104106903076172,0.0181121826171875,60,17,0.0132,0.0132,1,1
10000,45,12,41,6.0000000000000036,0.0,0.0,0.10592412948608398,0.05373787879943848,6.0,6.0,1,1,0.02681047714421414,0.02681047714421414,0.17248868942260742,0.060156822204589844,60,28,5.97319,5.97319,1,1
10000,46,22,48,-5.278317465646442e-15,0.49999999999999994,0.49999999999999994,0.10080289840698242,0.04670214653015137,-0.0|1.0,-0.0|1.0,2,2,0.5306260824263913,0.5306260824263913,0.1020195484161377,0.04117894172668457,60,26,-0.03435|1.0269,-0.03435|1.0269,2,2
10000,47,57,18,-1.04476598621363e-14,0.0,0.0,0.10567164421081543,0.0393984317779541,-0.0,-0.0,1,1,0.040591469032458916,0.040591469032458916,0.10951972007751465,0.04285383224487305,60,25,-0.04059,-0.04059,1,1
10000,48,32,43,1.0000000000000069,0.0,0.0,0.1031029224395752,0.056379079818725586,1.0,1.0,1,1,0.17988652847129427,0.17988652847129427,0.10404682159423828,0.04886007308959961,60,28,1.17989,1.17989,1,1
10000,49,49,53,6.536993168992895e-14,0.0,0.0,0.10597968101501465,0.05273103713989258,0.0,0.0,1,1,0.13792289351097883,0.13792289351097883,0.10266470909118652,0.0492095947265625,60,33,-0.13792,-0.13792,1,1
10000,50,49,52,3.0198066269804135e-15,0.0,0.0,0.10783863067626953,0.010523080825805664,0.0,0.0,1,1,0.0024382821214914865,0.0024382821214914865,0.10269784927368164,0.010018110275268555,60,13,0.00244,0.00244,1,1
10000,51,31,7,3.0083462602746116e-16,0.0,0.0,0.1083078384399414,0.03192448616027832,0.0,0.0,1,1,0.005443632148930371,0.005443632148930371,0.11325383186340332,0.029783010482788086,60,21,0.00544,0.00544,1,1
10000,52,26,21,2.1458008899879653e-31,0.0,0.0,0.10745549201965332,0.019301891326904297,0.0,0.0,1,1,0.001003981241979885,0.001003981241979885,0.1037905216217041,0.017999887466430664,60,18,-0.001,-0.001,1,1
10000,53,5,48,4.000000000000103,0.0,0.0,0.11118745803833008,0.039809465408325195,4.0,4.0,1,1,0.010627735497827917,0.010627735497827917,0.10357975959777832,0.04615211486816406,60,25,3.98937,3.98937,1,1
10000,54,8,56,1.7763568394002505e-14,6.000000000000001,6.000000000000001,0.10689663887023926,0.04311490058898926,0.0|12.0,0.0|12.0,2,2,6.093633721825717,6.093633721825717,0.10977458953857422,0.04154491424560547,60,27,0.13325|12.05401,0.13325|12.05401,2,2
10000,55,14,13,1.387778780781448e-16,6.476300976980075e-17,1.295260195396015e-16,0.10823369026184082,0.004690408706665039,0.0,0.0,1,1,0.0042624922460159295,0.002675759950887555,0.11255407333374023,0.0045642852783203125,60,5,0.00268|0.00585,0.00268,2,1
10000,56,12,41,6.0000000000000036,0.0,0.0,0.10433816909790039,0.055413007736206055,6.0,6.0,1,1,0.560359022197269,0.560359022197269,0.11064314842224121,0.05885791778564453,60,28,6.56036,6.56036,1,1
10000,57,44,52,8.303679900155e-16,0.0,0.0,0.10385990142822266,0.029909133911132812,0.0,0.0,1,1,0.020888472868776025,0.020888472868776025,0.1714918613433838,0.025374174118041992,60,23,0.02089,0.02089,1,1
10000,58,6,24,-4.3021142204224816e-16,4.810966440042345e-16,7.563394355258879e-16,0.10155415534973145,0.00534367561340332,0.0,0.0,1,1,0.008222406486453192,0.0051292505609986765,0.10589051246643066,0.008045434951782227,60,6,-0.01085|-0.00869|-0.00513,-0.00513,3,1
10000,59,47,39,-2.796800371497853e-14,0.0,0.0,0.10059452056884766,0.05105137825012207,-0.0,-0.0,1,1,0.01126601814622123,0.01126601814622123,0.10287141799926758,0.04393482208251953,60,31,-0.01127,-0.01127,1,1
10000,60,20,56,-1.1354033406475808e-14,0.0,0.0,0.10913991928100586,0.038887977600097656,-0.0,-0.0,1,1,0.137737532151549,0.137737532151549,0.1035926342010498,0.03325009346008301,60,28,0.13774,0.13774,1,1
10000,61,45,47,-8.960231873001654e-13,0.0,0.0,0.10942411422729492,0.055299997329711914,-0.0,-0.0,1,1,0.1653101562853127,0.1653101562853127,0.11010003089904785,0.04770064353942871,60,33,-0.16531,-0.16531,1,1
10000,62,52,42,8.68441121484565e-15,0.0,0.0,0.10768270492553711,0.030404090881347656,0.0,0.0,1,1,0.03977933085214644,0.03977933085214644,0.1020817756652832,0.029796838760375977,60,22,-0.03978,-0.03978,1,1
10000,63,49,19,7.46069872548102e-15,0.0,0.0,0.10659146308898926,0.014405965805053711,0.0,0.0,1,1,0.06644876776415666,0.06644876776415666,0.10805654525756836,0.013772249221801758,60,17,-0.06645,-0.06645,1,1
10000,64,35,8,-1.7673739982401951e-15,0.0,0.0,0.1064596176147461,0.03416752815246582,-0.0,-0.0,1,1,0.034642740800697576,0.034642740800697576,0.10755753517150879,0.028839826583862305,60,26,-0.03464,-0.03464,1,1
10000,65,8,46,9.769962616701378e-15,2.750000000000002,2.750000000000002,0.10314154624938965,0.035332441329956055,0.0|5.5,0.0|5.5,2,2,2.8004381519296606,2.8004381519296606,0.10823822021484375,0.034491539001464844,60,26,-0.04871|5.55217,-0.04871|5.55217,2,2
10000,66,3,18,9.853229343548301e-17,0.0,0.0,0.10764265060424805,0.0074388980865478516,0.0,0.0,1,1,0.009142164428459056,0.009142164428459056,0.1060941219329834,0.006307840347290039,60,8,-0.00914,-0.00914,1,1
10000,67,41,22,-4.693771778525947e-14,0.0,0.0,0.10743260383605957,0.05879712104797363,-0.0,-0.0,1,1,0.01573520705470431,0.01573520705470431,0.10759520530700684,0.06767106056213379,60,29,0.01574,0.01574,1,1
10000,68,2,50,2.6559096565382494e-15,0.0,0.0,0.1040353775024414,0.0050890445709228516,0.0,0.0,1,1,0.00027345330707908,0.00027345330707908,0.11042141914367676,0.0037851333618164062,60,4,0.00027,0.00027,1,1
10000,69,13,47,9.99999999999999,0.0,0.0,0.10666799545288086,0.03942394256591797,10.0,10.0,1,1,1.0235374060254294,1.0235374060254294,0.10500836372375488,0.033295631408691406,60,28,8.97646,8.97646,1,1
10000,70,43,3,-4.03234291003823e-17,0.0,0.0,0.10523176193237305,0.050969600677490234,-0.0,-0.0,1,1,0.016126541171166506,0.016126541171166506,0.10056257247924805,0.05860137939453125,60,29,0.01613,0.01613,1,1
10000,71,18,45,7.000000000000028,0.0,0.0,0.10143828392028809,0.0342867374420166,7.0,7.0,1,1,0.589555408552517,0.589555408552517,0.10622572898864746,0.03491473197937012,60,27,7.58956,7.58956,1,1
10000,72,20,9,4.477518012715056e-15,0.0,0.0,0.10564517974853516,0.014574527740478516,0.0,0.0,1,1,0.016949332642050927,0.016949332642050927,0.10274147987365723,0.014211416244506836,60,17,0.01695,0.01695,1,1
10000,73,56,27,2.4678293426896443e-14,0.0,0.0,0.1056361198425293,0.04786872863769531,0.0,0.0,1,1,0.018433625440656635,0.018433625440656635,0.10277581214904785,0.04318499565124512,60,27,0.01843,0.01843,1,1
10000,74,33,16,1.1611630641286628e-14,0.0,0.0,0.10507750511169434,0.036101341247558594,0.0,0.0,1,1,0.008402279340024825,0.008402279340024825,0.10983467102050781,0.03478884696960449,60,23,0.0084,0.0084,1,1
10000,75,4,26,7.000000000000033,1.2500000000000036,1.6666666666666685,0.11170768737792969,0.01834583282470703,4.0|5.0|7.0,4.0|5.0|7.0,3,3,1.236428468242235,1.6270119682760267,0.10745835304260254,0.016998291015625,60,17,4.08006|5.11002|7.06468|7.07112,4.08006|5.11002|7.07112,4,3
10000,76,20,4,4.0746329563562375e-16,0.0,0.0,0.10987520217895508,0.014511346817016602,0.0,0.0,1,1,0.021703899013817776,0.021703899013817776,0.10230207443237305,0.014113426208496094,60,17,-0.0217,-0.0217,1,1
10000,77,49,39,9.325873406851276e-16,0.0,0.0,0.10815834999084473,0.014261245727539062,0.0,0.0,1,1,0.022176958889547304,0.022176958889547304,0.10321617126464844,0.0137786865234375,60,16,0.02218,0.02218,1,1
10000,78,31,19,1.1057821325266536e-14,0.0,0.0,0.10827803611755371,0.02918076515197754,0.0,0.0,1,1,0.010907881454749913,0.010907881454749913,0.10707902908325195,0.02843475341796875,60,21,0.01091,0.01091,1,1
10000,79,49,50,1.1990408665951642e-15,0.0,0.0,0.10754132270812988,0.012797355651855469,0.0,0.0,1,1,0.00410572365039319,0.00410572365039319,0.1034998893737793,0.01218724250793457,60,14,-0.00411,-0.00411,1,1
10000,80,16,41,6.0000000000000195,0.0,0.0,0.1154470443725586,0.05563235282897949,6.0,6.0,1,1,0.39755241931695107,0.39755241931695107,0.10390067100524902,0.05915212631225586,60,28,6.39755,6.39755,1,1
10000,81,57,10,-2.4992249891122344e-14,0.0,0.0,0.10509395599365234,0.039501190185546875,-0.0,-0.0,1,1,0.0016513021621330703,0.0016513021621330703,0.11403679847717285,0.038422346115112305,60,25,0.00165,0.00165,1,1
10000,82,35,31,-1.168246564243364e-14,0.0,0.0,0.1732010841369629,0.03001093864440918,-0.0,-0.0,1,1,0.044923130885872076,0.044923130885872076,0.10251855850219727,0.03764629364013672,60,26,-0.04492,-0.04492,1,1
10000,83,33,57,2.428088631674519e-13,0.0,0.0,0.10018348693847656,0.04952192306518555,0.0,0.0,1,1,0.04180888919493573,0.04180888919493573,0.10458898544311523,0.044731855392456055,60,26,-0.04181,-0.04181,1,1
10000,84,3,31,1.2868883371352928e-15,0.0,0.0,0.11571574211120605,0.02966141700744629,0.0,0.0,1,1,0.001565859270721133,0.001565859270721133,0.10276126861572266,0.028994321823120117,60,22,-0.00157,-0.00157,1,1
10000,85,49,27,3.5527136788004863e-15,0.0,0.0,0.10576629638671875,0.01499629020690918,0.0,0.0,1,1,0.005620812384364812,0.005620812384364812,0.10290074348449707,0.019715309143066406,60,19,-0.00562,-0.00562,1,1
10000,86,16,40,1.9999999999999982,0.0,0.0,0.10887551307678223,0.024539947509765625,2.0,2.0,1,1,0.034526905125888296,0.034526905125888296,0.10436272621154785,0.02645707130432129,60,19,1.96547,1.96547,1,1
10000,87,31,6,-6.303201688194425e-17,0.0,0.0,0.10605931282043457,0.035309553146362305,-0.0,-0.0,1,1,0.015686681111919662,0.015686681111919662,0.10404586791992188,0.028148651123046875,60,21,-0.01569,-0.01569,1,1
10000,88,58,52,1.0024598960232974e-13,0.0,0.0,0.10932159423828125,0.07908868789672852,0.0,0.0,1,1,0.025336503674780984,0.025336503674780984,0.11144638061523438,0.07576942443847656,60,41,0.02534,0.02534,1,1
10000,89,20,42,-1.7868867897368984e-14,0.0,0.0,0.1035010814666748,0.02517557144165039,-0.0,-0.0,1,1,0.018350593173587306,0.018350593173587306,0.10815024375915527,0.0271756649017334,60,23,0.01835,0.01835,1,1
10000,90,6,28,3.0000000000000027,0.33333333333333365,0.33333333333333365,0.10501909255981445,0.013533353805541992,2.5|3.0|3.5,2.5|3.0|3.5,3,3,0.3608794834266334,0.3608794834266334,0.10801506042480469,0.013503074645996094,60,16,2.49243|2.9149|3.48996,2.49243|2.9149|3.48996,3,3
10000,91,52,6,-3.454027187722702e-16,0.0,0.0,0.10434389114379883,0.010350465774536133,-0.0,-0.0,1,1,0.008036978103636797,0.008036978103636797,0.10708284378051758,0.009596586227416992,60,11,-0.00804,-0.00804,1,1
10000,92,9,58,18.000000000000295,0.0,0.0,0.1113581657409668,0.07550406455993652,18.0,18.0,1,1,3.4150947660705437,3.4150947660705437,0.10787296295166016,0.07722878456115723,60,40,14.58491,14.58491,1,1
10000,93,60,15,2.363562127216168e-13,0.0,0.0,0.10812044143676758,0.08078527450561523,0.0,0.0,1,1,0.019741779110910587,0.019741779110910587,0.1076054573059082,0.08160924911499023,60,44,-0.01974,-0.01974,1,1
10000,94,50,48,1.8474111129762593e-14,0.0,0.0,0.10377216339111328,0.04486083984375,0.0,0.0,1,1,0.082889785922897,0.082889785922897,0.10224199295043945,0.04040360450744629,60,26,0.08289,0.08289,1,1
10000,95,46,18,-8.729525039338346e-15,0.0,0.0,0.10186958312988281,0.032816410064697266,-0.0,-0.0,1,1,0.0016946256739857693,0.0016946256739857693,0.10458850860595703,0.03731083869934082,60,25,-0.00169,-0.00169,1,1
10000,96,4,60,130.0000000000006,19.500000000000036,19.500000000000036,0.1059715747833252,0.08306646347045898,90.0|96.0|126.0|130.0,90.0|96.0|126.0|130.0,4,4,18.771818548639942,18.771818548639942,0.10437393188476562,0.07897639274597168,60,44,90.73542|97.00467|127.75212|130.57949,90.73542|97.00467|127.75212|130.57949,4,4
10000,97,42,12,3.535033312131991e-15,0.0,0.0,0.10408401489257812,0.02962350845336914,0.0,0.0,1,1,0.005361419914297773,0.005361419914297773,0.10713481903076172,0.029386043548583984,60,21,-0.00536,-0.00536,1,1
10000,98,29,20,1.0981115007201528e-14,0.0,0.0,0.1109011173248291,0.0180206298828125,0.0,0.0,1,1,0.023042786670564787,0.023042786670564787,0.10567045211791992,0.016515254974365234,60,19,-0.02304,-0.02304,1,1
10000,99,35,12,-1.4924990587426095e-14,0.0,0.0,0.10727143287658691,0.028168916702270508,-0.0,-0.0,1,1,0.016102408162562726,0.016102408162562726,0.10415220260620117,0.037342071533203125,60,25,-0.0161,-0.0161,1,1
