Sample_Size,Exp_ID,T,Y,True_Effect,MAE_Full,MAE_Local,Time_Full,Time_Local,Eff_Full,Eff_Local,Set_Size_Full,Set_Size_Local,MAE_Full_n,MAE_Local_n,Time_Full_n,Time_Local_n,Vars_Full,Vars_Local,Eff_Full_n,Eff_Local_n,Set_Size_Full_n,Set_Size_Local_n
500,0,53,99,62.99999995941523,0.0,0.0,3.205226421356201,3.519901752471924,63.0,63.0,1,1,159.6638391479055,159.6638391479055,2.820885181427002,4.525665521621704,100,93,222.66384,222.66384,1,1
500,1,31,42,-4.2080413226823545e-13,0.0,0.0,3.1675057411193848,0.12822437286376953,-0.0,-0.0,1,1,0.35659812277826697,0.35659812277826697,3.0290870666503906,0.15030622482299805,100,26,-0.3566,-0.3566,1,1
500,2,31,27,-1.4318488524065705e-13,0.0,0.0,2.8123066425323486,0.10137557983398438,-0.0,-0.0,1,1,0.017691209858049933,0.017691209858049933,2.5516133308410645,0.10039424896240234,100,23,-0.01769,-0.01769,1,1
500,3,64,9,-2.4114785475816556e-12,0.0,0.0,2.393183946609497,0.49898552894592285,-0.0,-0.0,1,1,0.06271024710805959,0.06271024710805959,2.2115206718444824,0.43210291862487793,100,49,0.06271,0.06271,1,1
500,4,95,1,-2.8431630824082606e-12,0.0,0.0,2.646852970123291,2.539308786392212,-0.0,-0.0,1,1,0.045723974475179244,0.045723974475179244,2.424527883529663,2.6824352741241455,100,76,-0.04572,-0.04572,1,1
500,5,76,3,-1.528993373111439e-12,0.0,0.0,1.8904292583465576,0.4951479434967041,-0.0,-0.0,1,1,0.0321266702789296,0.0321266702789296,1.5549628734588623,0.5473389625549316,100,55,0.03213,0.03213,1,1
500,6,55,68,2.9999999990884962,0.0,0.0,1.5851728916168213,0.6426377296447754,3.0,3.0,1,1,0.6865672299619812,0.6865672299619812,1.5153274536132812,0.6959550380706787,100,58,2.31343,2.31343,1,1
500,7,25,86,1126.0000000013888,0.0,0.0,1.6499052047729492,2.307029962539673,1126.0,1126.0,1,1,2007.4180857987053,2007.4180857987053,1.6454012393951416,2.0836410522460938,100,79,-881.41809,-881.41809,1,1
500,8,62,5,-4.79471474057392e-12,0.0,0.0,1.4884018898010254,0.44086527824401855,-0.0,-0.0,1,1,0.034162335668392135,0.034162335668392135,1.5513432025909424,0.44745826721191406,100,55,-0.03416,-0.03416,1,1
500,9,83,14,-1.9010965117571724e-10,0.0,0.0,1.5485682487487793,0.6953003406524658,-0.0,-0.0,1,1,0.00028956125464945845,0.00028956125464945845,1.4893712997436523,0.6263489723205566,100,60,-0.00029,-0.00029,1,1
500,10,68,31,3.77767392825352e-11,0.0,0.0,1.3403165340423584,0.6322252750396729,0.0,0.0,1,1,1.042110846246645,1.042110846246645,1.4354937076568604,0.8265862464904785,100,58,-1.04211,-1.04211,1,1
500,11,24,22,1.8913759447098198e-13,0.0,0.0,2.702439308166504,0.028234481811523438,0.0,0.0,1,1,0.045255823721168466,0.045255823721168466,2.408407688140869,0.02929234504699707,100,17,0.04526,0.04526,1,1
500,12,96,58,4.2600970802272155e-08,0.0,0.0,2.131756067276001,3.500891923904419,0.0,0.0,1,1,0.5479905999506944,0.5479905999506944,2.2223634719848633,3.6133623123168945,100,88,-0.54799,-0.54799,1,1
500,13,24,9,9.54791801156636e-14,0.0,0.0,2.3164796829223633,0.040103912353515625,0.0,0.0,1,1,0.09960524878952051,0.09960524878952051,2.5293304920196533,0.03456592559814453,100,13,0.09961,0.09961,1,1
500,14,66,3,-1.1418539108329753e-12,0.0,0.0,2.2048113346099854,0.9517049789428711,-0.0,-0.0,1,1,0.09013851557771979,0.09013851557771979,2.5467488765716553,0.8691272735595703,100,57,-0.09014,-0.09014,1,1
500,15,25,72,44.00000000006126,0.0,0.0,2.378159284591675,0.703157901763916,44.0,44.0,1,1,4.1482576270200795,4.1482576270200795,2.2825427055358887,0.7301352024078369,100,55,39.85174,39.85174,1,1
500,16,29,71,202.00000000083475,0.0,0.0,2.500237226486206,1.8812978267669678,202.0,202.0,1,1,54.9149834370545,54.9149834370545,2.3097140789031982,1.9345529079437256,100,65,256.91498,256.91498,1,1
500,17,77,32,1.485701967634346e-10,0.0,0.0,2.22200083732605,0.9403190612792969,0.0,0.0,1,1,0.11682314593104155,0.11682314593104155,2.096068859100342,0.8920290470123291,100,59,-0.11682,-0.11682,1,1
500,18,65,24,4.377732433622651e-12,0.0,0.0,2.2434892654418945,0.746239423751831,0.0,0.0,1,1,0.44034265306362635,0.44034265306362635,2.2831625938415527,0.7542216777801514,100,56,0.44034,0.44034,1,1
500,19,65,30,3.7043215196230604e-12,0.0,0.0,2.1819446086883545,0.7800402641296387,0.0,0.0,1,1,0.06286544436126111,0.06286544436126111,2.3164048194885254,0.7046551704406738,100,56,-0.06287,-0.06287,1,1
500,20,48,80,11.000000000400803,0.0,0.0,2.4221980571746826,1.6883773803710938,11.0,11.0,1,1,26.05271275038493,26.05271275038493,2.835814952850342,1.7714412212371826,100,68,-15.05271,-15.05271,1,1
500,21,40,50,0.9999999999875325,0.0,0.0,2.4245660305023193,0.38874006271362305,1.0,1.0,1,1,22.6835052368703,22.6835052368703,2.743325710296631,0.3419814109802246,100,46,23.68351,23.68351,1,1
500,22,24,13,1.5072387781979639e-13,0.0,0.0,2.6969878673553467,0.039431095123291016,0.0,0.0,1,1,0.025395113387140834,0.025395113387140834,2.341388702392578,0.02939629554748535,100,14,-0.0254,-0.0254,1,1
500,23,34,43,1.7309049198684906e-12,0.0,0.0,2.6558845043182373,0.054019927978515625,0.0,0.0,1,1,0.7009590176525984,0.7009590176525984,2.6308841705322266,0.07033228874206543,100,24,0.70096,0.70096,1,1
500,24,85,77,5.329392822761515e-09,0.0,0.0,2.689199447631836,2.4577598571777344,0.0,0.0,1,1,0.45438206862244007,0.45438206862244007,2.4715757369995117,2.472372055053711,100,75,-0.45438,-0.45438,1,1
500,25,91,60,-2.891938649388139e-08,0.0,0.0,2.415592670440674,3.1866304874420166,-0.0,-0.0,1,1,0.6084903333493938,0.6084903333493938,2.532391309738159,2.9928033351898193,100,81,0.60849,0.60849,1,1
500,26,60,17,4.998715660234627e-12,0.0,0.0,1.5468013286590576,0.294583797454834,0.0,0.0,1,1,0.12562049530057376,0.12562049530057376,1.4950826168060303,0.29470372200012207,100,50,-0.12562,-0.12562,1,1
500,27,71,44,2.7345073309623533e-10,0.0,0.0,1.4079899787902832,0.804987907409668,0.0,0.0,1,1,0.18479631472846006,0.18479631472846006,1.2687160968780518,0.8251736164093018,100,65,0.1848,0.1848,1,1
500,28,36,83,11.999999996683512,0.0,0.0,1.2614290714263916,0.6102190017700195,12.0,12.0,1,1,153.66813332946916,153.66813332946916,1.322882890701294,0.6033220291137695,100,60,165.66813,165.66813,1,1
500,29,47,32,-6.426799722102541e-11,0.0,0.0,1.2715609073638916,0.08087348937988281,-0.0,-0.0,1,1,0.08903899970645776,0.08903899970645776,1.3209106922149658,0.07694363594055176,100,34,0.08904,0.08904,1,1
500,30,77,8,-2.9438035359180434e-11,0.0,0.0,1.3261334896087646,0.5529394149780273,-0.0,-0.0,1,1,0.5368268876054675,0.5368268876054675,1.2446191310882568,0.5377190113067627,100,59,-0.53683,-0.53683,1,1
500,31,76,81,-1.5308425552385282e-09,0.0,0.0,1.3192174434661865,0.7958877086639404,-0.0,-0.0,1,1,3.441705359324238,3.441705359324238,1.2583084106445312,0.7945473194122314,100,66,3.44171,3.44171,1,1
500,32,18,84,1485.0000000088132,0.0,0.0,1.2577159404754639,1.3632848262786865,1485.0,1485.0,1,1,538.6096117854057,538.6096117854057,1.272310495376587,1.4208378791809082,100,74,946.39039,946.39039,1,1
500,33,68,61,2.378898873110121e-10,0.0,0.0,1.4656093120574951,0.6299304962158203,0.0,0.0,1,1,0.07754563384469317,0.07754563384469317,1.5493559837341309,0.6344454288482666,100,59,0.07755,0.07755,1,1
500,34,42,88,66.00000000117838,0.0,0.0,1.3423092365264893,1.2826802730560303,66.0,66.0,1,1,66.83475751457739,66.83475751457739,1.26637601852417,1.2707655429840088,100,73,-0.83476,-0.83476,1,1
500,35,7,96,59735.00000157626,10347.0000001244,10347.0000001244,1.4868485927581787,2.368635892868042,39041.0|59735.0,39041.0|59735.0,2,2,9882.650973303447,9882.650973303447,1.5250186920166016,2.2802417278289795,100,88,42821.48502|62586.78697,42821.48502|62586.78697,2,2
500,36,73,3,7.28338801450844e-11,0.0,0.0,1.2810068130493164,0.7454791069030762,0.0,0.0,1,1,0.08071645344736234,0.08071645344736234,1.3257546424865723,0.7339835166931152,100,64,0.08072,0.08072,1,1
500,37,85,36,1.5329373322590304e-09,0.0,0.0,1.3319647312164307,1.3173422813415527,0.0,0.0,1,1,0.03188672569031603,0.03188672569031603,1.2731671333312988,1.3278052806854248,100,74,0.03189,0.03189,1,1
500,38,32,70,60.99999999692453,0.0,0.0,1.2727975845336914,0.7551724910736084,61.0,61.0,1,1,12.548174341386428,12.548174341386428,1.2732453346252441,0.6761279106140137,100,63,73.54817,73.54817,1,1
500,39,35,41,1.1878944461544802e-12,0.0,0.0,1.272507905960083,0.0936589241027832,0.0,0.0,1,1,0.023457400113320967,0.023457400113320967,1.449509859085083,0.09976673126220703,100,31,-0.02346,-0.02346,1,1
500,40,47,31,-2.1357872810791926e-11,0.0,0.0,1.5119967460632324,0.09888362884521484,-0.0,-0.0,1,1,0.006161218177682925,0.006161218177682925,1.5401124954223633,0.08962583541870117,100,36,0.00616,0.00616,1,1
500,41,95,50,3.893154040287079e-09,0.0,0.0,1.5646731853485107,1.7882604598999023,0.0,0.0,1,1,0.06264041973065662,0.06264041973065662,1.5300531387329102,1.7504432201385498,100,76,-0.06264,-0.06264,1,1
500,42,11,63,36.000000000501615,306.50000000717375,306.50000000717375,1.4847519397735596,0.5738356113433838,36.0|649.0,36.0|649.0,2,2,373.2314041221631,373.2314041221631,1.5254507064819336,0.5742406845092773,100,58,-97.50294|648.95987,-97.50294|648.95987,2,2
500,43,66,74,1.350868554682553e-09,0.0,0.0,1.4744155406951904,0.9428293704986572,0.0,0.0,1,1,0.49557456241159253,0.49557456241159253,1.5750892162322998,0.9408984184265137,100,65,0.49557,0.49557,1,1
500,44,60,5,1.860494414001416e-11,0.0,0.0,1.4908435344696045,0.30570197105407715,0.0,0.0,1,1,0.0693591763780619,0.0693591763780619,1.556614637374878,0.2982449531555176,100,50,0.06936,0.06936,1,1
500,45,71,2,-3.124819125266548e-11,0.0,0.0,1.6143512725830078,1.6721112728118896,-0.0,-0.0,1,1,0.01451947892566422,0.01451947892566422,2.2491893768310547,2.076770544052124,100,65,-0.01452,-0.01452,1,1
500,46,24,11,1.1360912210739367e-13,0.0,0.0,2.573718547821045,0.02878880500793457,0.0,0.0,1,1,0.01801936505986588,0.01801936505986588,2.419276475906372,0.028593063354492188,100,14,0.01802,0.01802,1,1
500,47,77,99,7.999999713112113,0.0,0.0,2.4746692180633545,3.215907096862793,8.0,8.0,1,1,16.91520482252026,16.91520482252026,2.994410276412964,2.437742233276367,100,93,24.9152,24.9152,1,1
500,48,38,56,2.9999999997850852,0.0,0.0,1.5666592121124268,0.3243539333343506,3.0,3.0,1,1,2.754720592674408,2.754720592674408,1.4860234260559082,0.326448917388916,100,51,0.24528,0.24528,1,1
500,49,27,36,-5.470068842296022e-13,0.0,0.0,1.538449764251709,0.021981000900268555,-0.0,-0.0,1,1,0.12424908590566805,0.12424908590566805,1.4092307090759277,0.020673513412475586,100,19,-0.12425,-0.12425,1,1
500,50,27,91,1156.0000000082903,0.0,0.0,1.5354666709899902,2.0423243045806885,1156.0,1156.0,1,1,4349.727728266562,4349.727728266562,1.5418474674224854,2.040241003036499,100,81,-3193.72773,-3193.72773,1,1
500,51,79,53,-1.4830111563540607e-09,0.0,0.0,1.5066816806793213,1.35982084274292,-0.0,-0.0,1,1,0.11854587137066408,0.11854587137066408,1.5372314453125,1.354905605316162,100,71,0.11855,0.11855,1,1
500,52,63,61,-2.909827420376047e-10,0.0,0.0,1.6009020805358887,0.5978107452392578,-0.0,-0.0,1,1,0.2218003938717336,0.2218003938717336,1.5007574558258057,0.5798685550689697,100,58,0.2218,0.2218,1,1
500,53,83,81,2.563856617144706e-08,0.0,0.0,2.720768451690674,1.6903295516967773,0.0,0.0,1,1,0.09409163813057236,0.09409163813057236,2.72480845451355,1.8290495872497559,100,67,-0.09409,-0.09409,1,1
500,54,100,67,-3.213409172871598e-08,0.0,0.0,2.726609230041504,2.241554021835327,-0.0,-0.0,1,1,0.293045233526136,0.293045233526136,2.897639036178589,2.5190930366516113,100,71,-0.29305,-0.29305,1,1
500,55,66,39,1.2391996940374468e-10,0.0,0.0,2.506073474884033,1.0475997924804688,0.0,0.0,1,1,0.038575161760761464,0.038575161760761464,2.6323599815368652,1.141538381576538,100,57,0.03858,0.03858,1,1
500,56,27,34,2.0983215165435616e-13,0.0,0.0,3.108583450317383,0.09176230430603027,0.0,0.0,1,1,0.02258038271041824,0.02258038271041824,3.1903982162475586,0.07334280014038086,100,18,0.02258,0.02258,1,1
500,57,52,23,-9.125481676903992e-12,0.0,0.0,3.071824312210083,0.3485093116760254,-0.0,-0.0,1,1,0.04099339149240612,0.04099339149240612,3.352971315383911,0.35339927673339844,100,38,0.04099,0.04099,1,1
500,58,33,95,141.000000000671,0.0,0.0,3.8311729431152344,3.8563551902770996,141.0,141.0,1,1,902.7887257729026,902.7887257729026,3.3079910278320312,3.308575391769409,100,76,-761.78873,-761.78873,1,1
500,59,29,84,764.0000000031514,0.0,0.0,2.9436655044555664,2.6332921981811523,764.0,764.0,1,1,498.28796559664823,498.28796559664823,2.9472849369049072,2.8738300800323486,100,74,265.71203,265.71203,1,1
500,60,84,89,1.0998849719597738e-09,0.0,0.0,2.8531265258789062,3.3136751651763916,0.0,0.0,1,1,0.0038090594254007546,0.0038090594254007546,2.8141684532165527,3.1659369468688965,100,79,-0.00381,-0.00381,1,1
500,61,89,97,3.7544349264157954e-07,0.0,0.0,2.9965617656707764,4.878360986709595,0.0,0.0,1,1,0.4903370891203358,0.4903370891203358,3.1243536472320557,3.86208438873291,100,85,0.49034,0.49034,1,1
500,62,91,61,1.0180397005701875e-08,0.0,0.0,2.344517469406128,3.2556498050689697,0.0,0.0,1,1,0.04892338657992029,0.04892338657992029,2.4495794773101807,3.4025256633758545,100,81,-0.04892,-0.04892,1,1
500,63,70,6,-9.644220472994642e-12,0.0,0.0,2.45361328125,1.238020658493042,-0.0,-0.0,1,1,0.5709451689565163,0.5709451689565163,2.452514171600342,1.5086100101470947,100,63,-0.57095,-0.57095,1,1
500,64,21,73,219.0000000058174,0.0,0.0,3.120706796646118,1.8238568305969238,219.0,219.0,1,1,223.50579343426017,223.50579343426017,3.000945568084717,1.6323041915893555,100,64,442.50579,442.50579,1,1
500,65,69,89,2.4501467702563178e-09,0.0,0.0,3.0649352073669434,2.9456663131713867,0.0,0.0,1,1,5.975149236930328,5.975149236930328,2.854241132736206,2.682952642440796,100,74,-5.97515,-5.97515,1,1
500,66,84,56,8.406281266920896e-09,0.0,0.0,3.233898401260376,4.346872091293335,0.0,0.0,1,1,0.28645986863286427,0.28645986863286427,3.828077793121338,4.279253244400024,100,74,-0.28646,-0.28646,1,1
500,67,56,39,2.991635259183266e-11,0.0,0.0,2.603832244873047,0.6154894828796387,0.0,0.0,1,1,0.7484990848462483,0.7484990848462483,2.642749071121216,0.6750872135162354,100,51,0.7485,0.7485,1,1
500,68,25,95,478.00000000060214,0.0,0.0,2.7494609355926514,2.6164026260375977,478.0,478.0,1,1,70.94826231928101,70.94826231928101,2.5346500873565674,2.7926995754241943,100,76,407.05174,407.05174,1,1
500,69,18,64,31.000000000188905,0.0,0.0,1.4902541637420654,0.3185157775878906,31.0,31.0,1,1,12.54213729904145,12.54213729904145,1.9340720176696777,0.3061370849609375,100,49,18.45786,18.45786,1,1
500,70,5,37,6.761681242288698e-11,0.0,0.0,1.495736837387085,0.009756803512573242,0.0,0.0,1,1,0.016181783931019805,0.016181783931019805,1.504455804824829,0.008704900741577148,100,6,0.01618,0.01618,1,1
500,71,37,19,8.669380336881721e-11,0.0,0.0,1.492882251739502,0.012949943542480469,0.0,0.0,1,1,0.02676275223258032,0.02676275223258032,1.3404490947723389,0.012156486511230469,100,10,0.02676,0.02676,1,1
500,72,51,58,1.3981632119502862e-10,0.0,0.0,1.284933090209961,0.09125900268554688,0.0,0.0,1,1,0.41816702990397,0.41816702990397,1.3445045948028564,0.09425473213195801,100,35,-0.41817,-0.41817,1,1
500,73,72,38,-1.7060678027097852e-10,0.0,0.0,1.305253505706787,0.42024707794189453,-0.0,-0.0,1,1,0.021621756512394102,0.021621756512394102,1.335667371749878,0.41241979598999023,100,55,0.02162,0.02162,1,1
500,74,65,5,1.4264651490731097e-13,0.0,0.0,1.3383052349090576,0.5039417743682861,0.0,0.0,1,1,0.05589076183066734,0.05589076183066734,1.3137030601501465,0.49919700622558594,100,56,-0.05589,-0.05589,1,1
500,75,30,44,3.000000000001739,0.0,0.0,1.677365779876709,0.16086578369140625,3.0,3.0,1,1,1.7072052681953318,1.7072052681953318,1.462658405303955,0.1566770076751709,100,36,4.70721,4.70721,1,1
500,76,1,41,4.000000000074277,0.9999999999762141,0.9999999999762141,1.452915906906128,0.01752758026123047,2.0|3.0|4.0,2.0|3.0|4.0,3,3,0.8184352471664406,0.8184352471664406,1.3484091758728027,0.016300201416015625,100,15,2.35292|3.47531|4.28354,2.35292|3.47531|4.28354,3,3
500,77,5,63,769.0000000218089,0.0,0.0,1.2683331966400146,0.5582587718963623,769.0,769.0,1,1,11.713568264919218,11.713568264919218,1.2825121879577637,0.5913047790527344,100,58,757.28643,757.28643,1,1
500,78,9,22,1.0000000000096663,0.0,0.0,1.4862680435180664,0.022042036056518555,1.0,1.0,1,1,0.14186078957336867,0.14186078957336867,1.5638833045959473,0.0139312744140625,100,10,0.85814,0.85814,1,1
500,79,14,19,3.654854197065748e-13,0.250000000006373,0.250000000006373,1.4998202323913574,0.01931452751159668,0.0|0.5,0.0|0.5,2,2,0.24953879887385816,0.24953879887385816,1.5250859260559082,0.01177835464477539,100,9,0.00876|0.49032,0.00876|0.49032,2,2
500,80,69,81,5.29077482946664e-10,0.0,0.0,1.5646414756774902,0.9881060123443604,0.0,0.0,1,1,0.7084636480965284,0.7084636480965284,1.4886152744293213,0.9830145835876465,100,66,0.70846,0.70846,1,1
500,81,87,8,-3.927976067794706e-09,0.0,0.0,1.5625078678131104,2.613193988800049,-0.0,-0.0,1,1,0.1380239740284924,0.1380239740284924,1.46820068359375,2.6675970554351807,100,85,-0.13802,-0.13802,1,1
500,82,41,33,-2.037733214430587e-11,0.0,0.0,1.5546460151672363,0.10380673408508301,-0.0,-0.0,1,1,0.2457499106088982,0.2457499106088982,1.6374478340148926,0.1138451099395752,100,32,0.24575,0.24575,1,1
500,83,95,17,-5.667103804948464e-10,0.0,0.0,1.6378002166748047,2.70733904838562,-0.0,-0.0,1,1,0.386950936255677,0.386950936255677,1.6148996353149414,3.567657470703125,100,76,0.38695,0.38695,1,1
500,84,57,54,-8.122854840343138e-11,0.0,0.0,2.7476978302001953,0.835137128829956,-0.0,-0.0,1,1,1.3273221291523538,1.3273221291523538,2.880800724029541,0.7419915199279785,100,53,-1.32732,-1.32732,1,1
500,85,45,31,1.0125233984509585e-13,2.1666666667126755,2.1666666667126755,3.3299765586853027,0.1123189926147461,0.0|4.33333,0.0|4.33333,2,2,2.1873924683950237,2.1873924683950237,2.818507432937622,0.12059974670410156,100,23,0.00823|4.36655,0.00823|4.36655,2,2
500,86,44,71,16.999999999544755,0.0,0.0,2.6376609802246094,1.4043920040130615,17.0,17.0,1,1,1423.7384874718134,1423.7384874718134,2.2197201251983643,1.6787543296813965,100,65,1440.73849,1440.73849,1,1
500,87,64,100,2.0000000057118816,0.0,0.0,2.735527753829956,3.488370656967163,2.0,2.0,1,1,57.4725983163921,57.4725983163921,3.0517778396606445,3.5128703117370605,100,71,-55.4726,-55.4726,1,1
500,88,88,25,4.173509425832761e-11,0.0,0.0,1.5229277610778809,1.48313570022583,0.0,0.0,1,1,0.10808855977891361,0.10808855977891361,1.45436429977417,1.5164837837219238,100,73,-0.10809,-0.10809,1,1
500,89,68,67,-2.4826493762542983e-09,0.0,0.0,1.47983980178833,0.8681817054748535,-0.0,-0.0,1,1,1.4643146107957932,1.4643146107957932,1.4741566181182861,0.9996371269226074,100,63,-1.46431,-1.46431,1,1
500,90,59,61,8.71349421359056e-11,0.0,0.0,1.5072517395019531,0.31795310974121094,0.0,0.0,1,1,0.07091348912842331,0.07091348912842331,1.5443494319915771,0.33640551567077637,100,51,-0.07091,-0.07091,1,1
500,91,66,70,9.132807164289496e-10,0.0,0.0,1.3615071773529053,0.7363758087158203,0.0,0.0,1,1,0.4450849871023608,0.4450849871023608,1.254450798034668,0.7362909317016602,100,64,-0.44508,-0.44508,1,1
500,92,48,37,-3.072409577067137e-14,0.0,0.0,1.3278813362121582,0.1351332664489746,-0.0,-0.0,1,1,0.30251267701624424,0.30251267701624424,1.2968642711639404,0.13006353378295898,100,42,-0.30251,-0.30251,1,1
500,93,45,81,8.000000000090271,1125.1666666926249,1125.1666666926249,1.270545244216919,0.9121274948120117,8.0|2258.33333,8.0|2258.33333,2,2,1209.848233882738,1209.848233882738,1.310041904449463,0.8988616466522217,100,65,190.31117|2245.3853,190.31117|2245.3853,2,2
500,94,58,51,-1.1092019164424994e-11,0.0,0.0,1.5069375038146973,0.09180951118469238,-0.0,-0.0,1,1,0.3327766687488908,0.3327766687488908,1.6736645698547363,0.0908961296081543,100,35,-0.33278,-0.33278,1,1
500,95,74,58,-2.0685300211918528e-10,0.0,0.0,1.2903614044189453,0.5622437000274658,-0.0,-0.0,1,1,0.9146743732398636,0.9146743732398636,1.3319213390350342,0.5613572597503662,100,60,-0.91467,-0.91467,1,1
500,96,84,5,-3.171680807670574e-11,0.0,0.0,1.3319032192230225,1.3828368186950684,-0.0,-0.0,1,1,0.17344024517838957,0.17344024517838957,1.2609837055206299,1.369049310684204,100,74,0.17344,0.17344,1,1
500,97,75,13,1.12467476634136e-11,0.0,0.0,1.3181867599487305,0.3387923240661621,0.0,0.0,1,1,0.09088996282993396,0.09088996282993396,1.2770304679870605,0.3324413299560547,100,53,0.09089,0.09089,1,1
500,98,27,44,1.0000000000131704,0.0,0.0,1.2782278060913086,0.13733673095703125,1.0,1.0,1,1,5.664057001491303,5.664057001491303,1.2707691192626953,0.13202357292175293,100,36,-4.66406,-4.66406,1,1
500,99,48,67,-4.429318624759021e-11,0.0,0.0,1.2752430438995361,0.415130615234375,-0.0,-0.0,1,1,1.529172534973208,1.529172534973208,1.3603363037109375,0.41283345222473145,100,56,-1.52917,-1.52917,1,1
1000,0,39,78,15.999999999757186,0.0,0.0,1.4989268779754639,0.7706835269927979,16.0,16.0,1,1,2.0330842140218675,2.0330842140218675,1.5478763580322266,0.7633402347564697,100,62,13.96692,13.96692,1,1
1000,1,64,17,2.968658362554364e-12,0.0,0.0,1.5802228450775146,0.3106265068054199,0.0,0.0,1,1,0.06672737783040127,0.06672737783040127,1.5259008407592773,0.3311007022857666,100,49,0.06673,0.06673,1,1
1000,2,14,53,1.0000000000542122,41.75000000096657,41.75000000096657,1.688190221786499,0.39644312858581543,1.0|84.5,1.0|84.5,2,2,48.35661525859372,48.35661525859372,1.8075473308563232,0.4480020999908447,100,47,-11.81186|84.90137,-11.81186|84.90137,2,2
1000,3,76,31,1.8804467930717125e-13,0.0,0.0,2.9795708656311035,0.4553394317626953,0.0,0.0,1,1,0.02896838315717451,0.02896838315717451,1.701258659362793,0.4439220428466797,100,55,0.02897,0.02897,1,1
1000,4,46,7,-3.8892642973282284e-12,0.0,0.0,1.5028440952301025,0.07343769073486328,-0.0,-0.0,1,1,0.03672854837340281,0.03672854837340281,1.5845186710357666,0.06503939628601074,100,30,0.03673,0.03673,1,1
1000,5,41,82,60.99999999437351,0.0,0.0,2.1356849670410156,3.2308175563812256,61.0,61.0,1,1,37.90716852214756,37.90716852214756,2.898068904876709,3.5625274181365967,100,71,98.90717,98.90717,1,1
1000,6,83,77,6.536779582976259e-09,0.0,0.0,3.872316360473633,2.198315143585205,0.0,0.0,1,1,0.32120670878470814,0.32120670878470814,3.7809813022613525,1.5355451107025146,100,62,0.32121,0.32121,1,1
1000,7,51,75,4.374784313434049e-09,0.0,0.0,2.480489730834961,0.6814780235290527,0.0,0.0,1,1,0.724914493818976,0.724914493818976,2.7765085697174072,0.6464600563049316,100,55,0.72491,0.72491,1,1
1000,8,44,41,-2.5817611919033477e-12,0.0,0.0,2.5702781677246094,0.30728960037231445,-0.0,-0.0,1,1,0.1264799506571137,0.1264799506571137,2.5818123817443848,0.3288004398345947,100,37,-0.12648,-0.12648,1,1
1000,9,19,62,80.00000000017911,0.0,0.0,2.835118532180786,0.8709523677825928,80.0,80.0,1,1,17.39961831833631,17.39961831833631,3.7611687183380127,0.9224231243133545,100,55,97.39962,97.39962,1,1
1000,10,9,53,120.00000000012275,0.0,0.0,3.545535087585449,0.5311267375946045,120.0,120.0,1,1,6.288206191713385,6.288206191713385,3.4272351264953613,0.49858784675598145,100,47,126.28821,126.28821,1,1
1000,11,42,84,113.00000000195122,0.0,0.0,3.831092357635498,3.6414947509765625,113.0,113.0,1,1,408.10417234686105,408.10417234686105,3.1683402061462402,4.358886003494263,100,74,-295.10417,-295.10417,1,1
1000,12,76,38,-8.458751195697092e-13,0.0,0.0,4.022375822067261,1.2010762691497803,-0.0,-0.0,1,1,0.08081008035596561,0.08081008035596561,3.8475849628448486,1.2048335075378418,100,55,-0.08081,-0.08081,1,1
1000,13,49,100,35.00000000116217,0.0,0.0,3.128936529159546,2.7387290000915527,35.0,35.0,1,1,14.134112109138236,14.134112109138236,2.744941473007202,2.7184059619903564,100,71,49.13411,49.13411,1,1
1000,14,64,14,6.4102252917705234e-12,0.0,0.0,2.3767130374908447,0.6131772994995117,0.0,0.0,1,1,0.18841078753710816,0.18841078753710816,2.88993763923645,0.6646378040313721,100,49,0.18841,0.18841,1,1
1000,15,55,85,8.000000004073737,0.0,0.0,1.6126902103424072,1.5856292247772217,8.0,8.0,1,1,37.95791719577476,37.95791719577476,1.5426592826843262,1.5344257354736328,100,74,-29.95792,-29.95792,1,1
1000,16,89,52,2.345420844197297e-09,0.0,0.0,1.892538070678711,1.5139355659484863,0.0,0.0,1,1,0.09496588714825104,0.09496588714825104,1.5870883464813232,1.5156707763671875,100,73,0.09497,0.09497,1,1
1000,17,39,78,15.999999999757186,0.0,0.0,1.5663819313049316,0.8794112205505371,16.0,16.0,1,1,3.1800931406164032,3.1800931406164032,1.5956237316131592,0.7805523872375488,100,62,19.18009,19.18009,1,1
1000,18,80,47,6.043113950626733e-10,0.0,0.0,1.570260763168335,1.142324447631836,0.0,0.0,1,1,0.031368915653135064,0.031368915653135064,1.5655403137207031,1.146531343460083,100,68,0.03137,0.03137,1,1
1000,19,22,19,3.89164256369909e-13,0.0,0.0,1.5436229705810547,0.01660442352294922,0.0,0.0,1,1,0.05199392257710782,0.05199392257710782,1.4981558322906494,0.019139766693115234,100,13,-0.05199,-0.05199,1,1
1000,20,22,23,1.270592520066955e-12,0.0,0.0,1.493481159210205,0.017912864685058594,0.0,0.0,1,1,0.03156288806920778,0.03156288806920778,1.5011060237884521,0.01981973648071289,100,13,-0.03156,-0.03156,1,1
1000,21,1,55,269.00000000436944,72.33333333132911,72.33333333132911,1.2747397422790527,0.25206565856933594,136.0|185.0|269.0,136.0|185.0|269.0,3,3,86.57759580251172,86.57759580251172,1.2796680927276611,0.24847698211669922,100,49,118.07496|169.89732|259.29493,118.07496|169.89732|259.29493,3,3
1000,22,92,50,-1.7871519595161813e-08,0.0,0.0,1.2777600288391113,2.7131853103637695,-0.0,-0.0,1,1,0.43165719396797125,0.43165719396797125,1.3473434448242188,3.0574004650115967,100,91,-0.43166,-0.43166,1,1
1000,23,15,10,7.533233790991384e-13,0.0,0.0,2.6672894954681396,0.015926599502563477,0.0,0.0,1,1,0.009564121674323401,0.009564121674323401,2.801161050796509,0.01004338264465332,100,2,0.00956,0.00956,1,1
1000,24,96,87,-1.9534049563050356e-06,0.0,0.0,2.039776086807251,3.885742425918579,-0.0,-0.0,1,1,0.03401441576437445,0.03401441576437445,1.5922744274139404,4.427318096160889,100,90,0.03401,0.03401,1,1
1000,25,56,60,-2.2227943132052483e-12,0.0,0.0,3.2568767070770264,0.6947073936462402,-0.0,-0.0,1,1,0.9334358637408082,0.9334358637408082,2.542027235031128,0.649688720703125,100,53,0.93344,0.93344,1,1
1000,26,58,54,-3.086531785333811e-10,0.0,0.0,2.9087541103363037,0.34759068489074707,-0.0,-0.0,1,1,1.2571995883713496,1.2571995883713496,2.1924126148223877,0.3349118232727051,100,51,-1.2572,-1.2572,1,1
1000,27,36,92,207.99999993208087,0.0,0.0,1.5164587497711182,3.0702762603759766,208.0,208.0,1,1,1050.7224064547013,1050.7224064547013,1.727193832397461,2.9445624351501465,100,91,1258.72241,1258.72241,1,1
1000,28,45,39,6.347515106078523e-13,7.166666666840255,7.166666666840255,2.875164270401001,0.09408164024353027,0.0|14.33333,0.0|14.33333,2,2,7.164252585686052,7.164252585686052,3.1014254093170166,0.11061286926269531,100,32,-0.11822|14.21029,-0.11822|14.21029,2,2
1000,29,59,20,-5.95667331340294e-12,0.0,0.0,2.116713523864746,0.1903691291809082,-0.0,-0.0,1,1,0.06059512661113069,0.06059512661113069,1.4320387840270996,0.19061660766601562,100,46,0.0606,0.0606,1,1
1000,30,42,54,3.00000000002391,0.0,0.0,1.3172037601470947,0.41777539253234863,3.0,3.0,1,1,0.551376728968902,0.551376728968902,1.3112866878509521,0.2709176540374756,100,50,2.44862,2.44862,1,1
1000,31,24,10,-4.919398222005877e-14,0.0,0.0,1.284533977508545,0.02205944061279297,-0.0,-0.0,1,1,0.0457944473513144,0.0457944473513144,1.3859539031982422,0.02350449562072754,100,14,-0.04579,-0.04579,1,1
1000,32,21,66,98.00000000261831,0.0,0.0,2.135575771331787,0.6527423858642578,98.0,98.0,1,1,37.53648343690439,37.53648343690439,2.1684892177581787,0.5675215721130371,100,57,135.53648,135.53648,1,1
1000,33,22,97,3443.0000000198092,0.0,0.0,1.562368392944336,2.816643238067627,3443.0,3443.0,1,1,254.26385177143084,254.26385177143084,1.5702972412109375,2.3723323345184326,100,84,3697.26385,3697.26385,1,1
1000,34,49,90,50.000000000762384,0.0,0.0,1.4263725280761719,1.6687602996826172,50.0,50.0,1,1,0.7549189366653835,0.7549189366653835,1.2883005142211914,1.7411346435546875,100,78,50.75492,50.75492,1,1
1000,35,93,81,-1.6966312540492561e-07,0.0,0.0,1.3547542095184326,2.1528844833374023,-0.0,-0.0,1,1,0.1482576978115401,0.1482576978115401,1.6006827354431152,2.1280887126922607,100,82,0.14826,0.14826,1,1
1000,36,43,3,-1.1961059111509442e-11,0.0,0.0,1.3285596370697021,0.034515380859375,-0.0,-0.0,1,1,0.0467402458685158,0.0467402458685158,1.2702903747558594,0.027170896530151367,100,22,0.04674,0.04674,1,1
1000,37,36,72,1.9999999991139201,0.0,0.0,1.3238096237182617,0.41807079315185547,2.0,2.0,1,1,42.95027088392139,42.95027088392139,1.2764065265655518,0.4105985164642334,100,55,44.95027,44.95027,1,1
1000,38,24,66,21.000000000039098,0.0,0.0,1.2718713283538818,0.48215746879577637,21.0,21.0,1,1,1.309910813431543,1.309910813431543,1.2713658809661865,0.5446031093597412,100,57,22.30991,22.30991,1,1
1000,39,23,88,181.99999999931543,0.0,0.0,1.2774388790130615,1.283949851989746,182.0,182.0,1,1,388.70411523796355,388.70411523796355,1.3277332782745361,1.2927815914154053,100,73,570.70412,570.70412,1,1
1000,40,24,89,102.00000000019453,0.0,0.0,1.3313865661621094,1.2575733661651611,102.0,102.0,1,1,47.47763633447374,47.47763633447374,1.2665972709655762,1.3101816177368164,100,73,54.52236,54.52236,1,1
1000,41,52,23,-9.125481676903992e-12,0.0,0.0,1.4950039386749268,0.1373896598815918,-0.0,-0.0,1,1,0.2065957193599338,0.2065957193599338,1.5487332344055176,0.12775683403015137,100,38,-0.2066,-0.2066,1,1
1000,42,88,65,2.9610271756821155e-09,0.0,0.0,1.8589658737182617,2.9347996711730957,0.0,0.0,1,1,1.6589869234998749,1.6589869234998749,2.391456127166748,2.2790284156799316,100,73,1.65899,1.65899,1,1
1000,43,88,32,1.914427695082935e-11,0.0,0.0,1.5063657760620117,1.5423953533172607,0.0,0.0,1,1,0.01814234599911506,0.01814234599911506,1.6282906532287598,1.5013587474822998,100,73,-0.01814,-0.01814,1,1
1000,44,32,84,505.99999997447895,0.0,0.0,1.7543871402740479,1.6082704067230225,506.0,506.0,1,1,29.50591294543375,29.50591294543375,1.5139622688293457,1.6020605564117432,100,74,476.49409,476.49409,1,1
1000,45,78,15,2.260150920443906e-12,0.0,0.0,1.4666273593902588,0.748878002166748,0.0,0.0,1,1,0.0007380100924349462,0.0007380100924349462,1.4815893173217773,0.6416747570037842,100,62,0.00074,0.00074,1,1
1000,46,85,59,-1.6676876861310678e-08,0.0,0.0,1.3076131343841553,1.5401380062103271,-0.0,-0.0,1,1,0.07548693516877046,0.07548693516877046,1.6372718811035156,1.5440349578857422,100,74,-0.07549,-0.07549,1,1
1000,47,42,21,3.7666758599996755e-13,0.0,0.0,1.424173355102539,0.03842639923095703,0.0,0.0,1,1,0.0016991317019765416,0.0016991317019765416,1.2837650775909424,0.03785848617553711,100,22,-0.0017,-0.0017,1,1
1000,48,92,77,2.4482550708834703e-07,0.0,0.0,1.3230211734771729,2.331102132797241,0.0,0.0,1,1,1.1836784047894122,1.1836784047894122,1.271310806274414,2.4285237789154053,100,91,-1.18368,-1.18368,1,1
1000,49,48,92,140.99999999537783,0.0,0.0,1.266031265258789,2.4162099361419678,141.0,141.0,1,1,315.6997074300101,315.6997074300101,1.323754072189331,3.141230821609497,100,91,456.69971,456.69971,1,1
1000,50,23,86,644.9999999974086,0.0,0.0,1.5165936946868896,2.129737615585327,645.0,645.0,1,1,1123.478374178314,1123.478374178314,1.4847543239593506,2.0591418743133545,100,79,1768.47837,1768.47837,1,1
1000,51,25,60,8.000000000011797,0.0,0.0,1.3383500576019287,0.25747108459472656,8.0,8.0,1,1,0.5787452097803083,0.5787452097803083,1.2894539833068848,0.2563481330871582,100,50,7.42125,7.42125,1,1
1000,52,63,42,9.155658355823306e-12,0.0,0.0,1.732212781906128,0.5678679943084717,0.0,0.0,1,1,0.39296046574005694,0.39296046574005694,1.4721882343292236,0.5655407905578613,100,58,0.39296,0.39296,1,1
1000,53,93,62,-3.121194965178936e-08,0.0,0.0,1.498945713043213,2.110367774963379,-0.0,-0.0,1,1,0.14005927381794675,0.14005927381794675,1.4431185722351074,2.150521993637085,100,82,-0.14006,-0.14006,1,1
1000,54,65,35,1.2769936917679703e-11,0.0,0.0,1.2768287658691406,0.43132972717285156,0.0,0.0,1,1,0.2173221482732798,0.2173221482732798,1.3293263912200928,0.4306786060333252,100,56,-0.21732,-0.21732,1,1
1000,55,66,51,-6.750857094423617e-11,0.0,0.0,1.5137174129486084,0.6037769317626953,-0.0,-0.0,1,1,0.04169774424429698,0.04169774424429698,1.4733877182006836,0.5707576274871826,100,58,-0.0417,-0.0417,1,1
1000,56,60,13,-8.609227698670612e-12,0.0,0.0,1.5626780986785889,0.31341981887817383,-0.0,-0.0,1,1,0.05251885943603414,0.05251885943603414,1.4683361053466797,0.29961109161376953,100,50,-0.05252,-0.05252,1,1
1000,57,1,90,15872.000000254211,4261.333333216396,4261.333333216396,1.4744436740875244,1.9178836345672607,7889.0|11071.0|15872.0,7889.0|11071.0|15872.0,3,3,4725.079091550158,4725.079091550158,1.4895834922790527,1.7334418296813965,100,78,7511.30826|10472.10451|15457.34995,7511.30826|10472.10451|15457.34995,3,3
1000,58,48,89,9.000000000049509,0.0,0.0,1.2782366275787354,1.4899249076843262,9.0,9.0,1,1,29.33154977724172,29.33154977724172,1.404846429824829,1.4559404850006104,100,73,38.33155,38.33155,1,1
1000,59,80,47,6.043113950626733e-10,0.0,0.0,1.9986135959625244,2.4101715087890625,0.0,0.0,1,1,0.04441639005178499,0.04441639005178499,2.621933698654175,2.344942331314087,100,68,0.04442,0.04442,1,1
1000,60,16,37,1.3272799525808094e-11,0.0,0.0,2.827639579772949,0.02671337127685547,0.0,0.0,1,1,0.043735422321949914,0.043735422321949914,2.339905261993408,0.02997732162475586,100,12,-0.04374,-0.04374,1,1
1000,61,61,28,-6.71635628876812e-12,0.0,0.0,2.546623468399048,0.23286199569702148,-0.0,-0.0,1,1,0.2450327140399459,0.2450327140399459,2.215329170227051,0.1567823886871338,100,39,0.24503,0.24503,1,1
1000,62,54,27,-9.316954447305617e-12,0.0,0.0,1.7205007076263428,0.3273627758026123,-0.0,-0.0,1,1,0.03837551431556235,0.03837551431556235,1.9322128295898438,0.3168184757232666,100,50,-0.03838,-0.03838,1,1
1000,63,96,11,3.4692560077842014e-09,0.0,0.0,1.735414743423462,2.3128724098205566,0.0,0.0,1,1,0.12120979295336724,0.12120979295336724,1.5781326293945312,2.2420308589935303,100,88,-0.12121,-0.12121,1,1
1000,64,67,16,1.5098472842081724e-11,0.0,0.0,1.2788596153259277,0.3739902973175049,0.0,0.0,1,1,0.10207724050699893,0.10207724050699893,1.290895700454712,0.367816686630249,100,54,-0.10208,-0.10208,1,1
1000,65,33,4,4.882981882146622e-13,0.0,0.0,1.3075098991394043,0.08428621292114258,0.0,0.0,1,1,0.00010250658432671201,0.00010250658432671201,1.50388765335083,0.07230138778686523,100,30,-0.0001,-0.0001,1,1
1000,66,42,60,2.0000000000405187,0.0,0.0,1.2795193195343018,0.26077842712402344,2.0,2.0,1,1,7.350023599851029,7.350023599851029,1.326697587966919,0.25877904891967773,100,50,-5.35002,-5.35002,1,1
1000,67,71,32,7.698011123971984e-11,0.0,0.0,1.3479673862457275,0.7961301803588867,0.0,0.0,1,1,0.02804416929628527,0.02804416929628527,1.2608351707458496,0.8432021141052246,100,65,-0.02804,-0.02804,1,1
1000,68,2,15,5.725420137992609e-13,0.0,0.0,1.594268560409546,0.0062007904052734375,0.0,0.0,1,1,0.02357809783634388,0.02357809783634388,1.515728235244751,0.005177497863769531,100,2,-0.02358,-0.02358,1,1
1000,69,46,59,1.0000000006657856,0.0,0.0,1.4915499687194824,0.2142009735107422,1.0,1.0,1,1,0.8463481734291894,0.8463481734291894,1.4512979984283447,0.21300363540649414,100,46,0.15365,0.15365,1,1
1000,70,71,30,1.8911115293085692e-10,0.0,0.0,1.4605586528778076,0.8991439342498779,0.0,0.0,1,1,0.36577902203953416,0.36577902203953416,1.4166018962860107,0.8668184280395508,100,65,0.36578,0.36578,1,1
1000,71,100,46,-2.760161218247925e-10,0.0,0.0,1.2698235511779785,1.1095175743103027,-0.0,-0.0,1,1,0.1361843162384824,0.1361843162384824,1.3471531867980957,1.1059696674346924,100,71,0.13618,0.13618,1,1
1000,72,44,87,209.99999998937668,0.0,0.0,1.3935582637786865,2.671718120574951,210.0,210.0,1,1,26.3858777682222,26.3858777682222,1.4750943183898926,2.699080467224121,100,85,236.38588,236.38588,1,1
1000,73,71,72,2.15799567865016e-09,0.0,0.0,2.6334035396575928,1.001915454864502,0.0,0.0,1,1,0.5413909919436433,0.5413909919436433,1.6106493473052979,1.019129991531372,100,66,-0.54139,-0.54139,1,1
1000,74,6,14,6.632887309760179e-12,1.6148333667698104e-12,3.229666733539621e-12,1.638016939163208,0.006272315979003906,0.0,0.0,1,1,0.004723475693755978,0.0025389140396819138,1.6152174472808838,0.0056438446044921875,100,2,-0.00691|0.00254,0.00254,2,1
1000,75,74,58,-2.0685300211918528e-10,0.0,0.0,1.5499498844146729,0.6804115772247314,-0.0,-0.0,1,1,0.33132912457976227,0.33132912457976227,1.4988696575164795,0.6741516590118408,100,60,-0.33133,-0.33133,1,1
1000,76,87,95,-1.031086514325008e-06,0.0,0.0,2.2400615215301514,4.0305540561676025,-0.0,-0.0,1,1,0.2196752811845182,0.2196752811845182,2.497765064239502,4.133493661880493,100,86,0.21967,0.21967,1,1
1000,77,37,73,89.00000032348315,0.0,0.0,2.498673915863037,1.2944481372833252,89.0,89.0,1,1,4.931085511877697,4.931085511877697,2.4955239295959473,1.4620532989501953,100,64,93.93109,93.93109,1,1
1000,78,38,48,0.9999999999574569,0.0,0.0,2.620588541030884,0.3089008331298828,1.0,1.0,1,1,3.5676925846338907,3.5676925846338907,2.6751513481140137,0.285106897354126,100,42,-2.56769,-2.56769,1,1
1000,79,1,58,47.00000000061641,10.666666666331976,10.666666666331976,2.5846548080444336,0.1589818000793457,22.0|40.0|47.0,22.0|40.0|47.0,3,3,11.713586673588024,11.713586673588024,2.3987019062042236,0.13913989067077637,100,32,22.21262|37.93615|45.71047,22.21262|37.93615|45.71047,3,3
1000,80,84,78,-4.2268047272249485e-09,0.0,0.0,2.3623101711273193,2.5867910385131836,-0.0,-0.0,1,1,0.25999617402085345,0.25999617402085345,2.3800501823425293,2.4629526138305664,100,75,-0.26,-0.26,1,1
1000,81,23,85,224.9999999990999,0.0,0.0,2.300933837890625,2.245255947113037,225.0,225.0,1,1,454.54849276368094,454.54849276368094,2.2031638622283936,2.4978649616241455,100,74,-229.54849,-229.54849,1,1
1000,82,20,22,1.38378197789356e-12,0.0,0.0,2.702394723892212,0.03342700004577637,0.0,0.0,1,1,0.11269582513161029,0.11269582513161029,2.722856044769287,0.030051708221435547,100,12,0.1127,0.1127,1,1
1000,83,60,18,1.0448358907783454e-11,0.0,0.0,2.5194814205169678,0.48028993606567383,0.0,0.0,1,1,0.2091660199584873,0.2091660199584873,2.278918504714966,0.4930572509765625,100,50,-0.20917,-0.20917,1,1
1000,84,40,75,2.9999999999834364,0.0,0.0,2.2402548789978027,0.5929121971130371,3.0,3.0,1,1,0.5256778966947326,0.5256778966947326,2.1231322288513184,0.6306393146514893,100,53,3.52568,3.52568,1,1
1000,85,58,5,1.8166811666295784e-11,0.0,0.0,2.3404948711395264,0.1118924617767334,0.0,0.0,1,1,0.0986708743782685,0.0986708743782685,2.3217413425445557,0.13501596450805664,100,32,-0.09867,-0.09867,1,1
1000,86,15,91,6325.000000101276,0.0,0.0,2.5072858333587646,4.186751842498779,6325.0,6325.0,1,1,195.77837769267444,195.77837769267444,3.4799251556396484,3.1541969776153564,100,81,6129.22162,6129.22162,1,1
1000,87,5,96,65735.00000183158,0.0,0.0,2.4592981338500977,3.342552423477173,65735.0,65735.0,1,1,1666.6758053506128,1666.6758053506128,2.2452454566955566,2.920788526535034,100,88,64068.3242,64068.3242,1,1
1000,88,51,76,5.273672075370188e-09,0.0,0.0,1.5440053939819336,0.4794127941131592,0.0,0.0,1,1,4.683042640476303,4.683042640476303,1.773407220840454,0.47942090034484863,100,56,4.68304,4.68304,1,1
1000,89,93,1,8.26668845307771e-10,0.0,0.0,1.5157411098480225,2.074784994125366,0.0,0.0,1,1,0.17116281801683286,0.17116281801683286,1.533801794052124,1.8242332935333252,100,82,0.17116,0.17116,1,1
1000,90,43,8,1.4325950565622203e-11,0.0,0.0,1.329782485961914,0.027734756469726562,0.0,0.0,1,1,0.1114454476915046,0.1114454476915046,1.301659345626831,0.03500866889953613,100,22,0.11145,0.11145,1,1
1000,91,8,65,809.0000000219262,55.24999999654224,55.24999999654224,1.2733814716339111,0.4256429672241211,809.0|865.0|890.0|893.0,809.0|865.0|890.0|893.0,4,4,88.45375929288798,88.45375929288798,1.295165777206421,0.42934679985046387,100,56,842.69577|889.98736|903.13093|954.00099,842.69577|889.98736|903.13093|954.00099,4,4
1000,92,68,80,0.999999999376674,0.0,0.0,1.4960260391235352,1.1692965030670166,1.0,1.0,1,1,3.638758853823458,3.638758853823458,1.5369346141815186,1.1221606731414795,100,68,4.63876,4.63876,1,1
1000,93,34,33,2.853448364384233e-12,0.0,0.0,1.3362534046173096,0.09043288230895996,0.0,0.0,1,1,1.2445704023691084,1.2445704023691084,1.2507429122924805,0.08424973487854004,100,32,-1.24457,-1.24457,1,1
1000,94,73,88,2.2543452573692812e-08,0.0,0.0,1.3246333599090576,1.3660087585449219,0.0,0.0,1,1,0.7724997649671823,0.7724997649671823,1.2727954387664795,1.3470394611358643,100,74,-0.7725,-0.7725,1,1
1000,95,53,47,1.1960165881278642e-10,0.0,0.0,1.277064323425293,0.22927474975585938,0.0,0.0,1,1,0.4468356830195393,0.4468356830195393,1.2881407737731934,0.22859716415405273,100,48,0.44684,0.44684,1,1
1000,96,82,30,7.319042955035333e-11,0.0,0.0,1.2730777263641357,1.1182019710540771,0.0,0.0,1,1,0.008123360233766046,0.008123360233766046,1.3414421081542969,1.1215181350708008,100,71,0.00812,0.00812,1,1
1000,97,37,28,2.2279646954017256e-10,0.0,0.0,1.2784702777862549,0.01505136489868164,0.0,0.0,1,1,0.0517424332429103,0.0517424332429103,1.3145270347595215,0.013666629791259766,100,14,-0.05174,-0.05174,1,1
1000,98,83,75,1.6539247134829754e-09,0.0,0.0,1.35786771774292,0.6877310276031494,0.0,0.0,1,1,0.20017526615796297,0.20017526615796297,1.291076421737671,0.6869573593139648,100,62,-0.20018,-0.20018,1,1
1000,99,76,52,1.1375936682728681e-11,0.0,0.0,1.3198657035827637,0.38462281227111816,0.0,0.0,1,1,0.041199548194641604,0.041199548194641604,1.2696890830993652,0.38649702072143555,100,55,-0.0412,-0.0412,1,1
2500,0,35,20,-2.1891716681778373e-13,0.0,0.0,1.2858126163482666,0.07702326774597168,-0.0,-0.0,1,1,0.09419503427400486,0.09419503427400486,1.269470453262329,0.07161498069763184,100,29,0.0942,0.0942,1,1
2500,1,38,82,44.99999999647233,0.0,0.0,1.2719078063964844,1.1275074481964111,45.0,45.0,1,1,76.65432158208242,76.65432158208242,1.335308313369751,1.1176855564117432,100,71,121.65432,121.65432,1,1
2500,2,36,18,-1.9887176580788085e-11,0.0,0.0,1.2658874988555908,0.025231599807739258,-0.0,-0.0,1,1,0.020834373662570585,0.020834373662570585,1.3223586082458496,0.02154064178466797,100,19,0.02083,0.02083,1,1
2500,3,51,15,-2.600622761665232e-11,0.0,0.0,1.3386874198913574,0.07909822463989258,-0.0,-0.0,1,1,0.05200248677073025,0.05200248677073025,1.273298740386963,0.07355475425720215,100,33,-0.052,-0.052,1,1
2500,4,16,92,16875.00000004004,0.0,0.0,1.336989402770996,2.3245041370391846,16875.0,16875.0,1,1,2269.4259427144207,2269.4259427144207,1.2665255069732666,2.3920907974243164,100,91,19144.42594,19144.42594,1,1
2500,5,60,74,6.972402152114458e-10,0.0,0.0,1.2763769626617432,0.5751190185546875,0.0,0.0,1,1,0.3457579297798921,0.3457579297798921,1.336878776550293,0.6348755359649658,100,60,0.34576,0.34576,1,1
2500,6,48,55,-3.883197044728735e-11,0.0,0.0,1.54323410987854,0.34369444847106934,-0.0,-0.0,1,1,0.08133720128044061,0.08133720128044061,1.5092861652374268,0.34550929069519043,100,51,0.08134,0.08134,1,1
2500,7,42,66,12.000000000227862,0.0,0.0,1.4983294010162354,0.5687656402587891,12.0,12.0,1,1,2.04443901784828,2.04443901784828,1.502300500869751,0.5757219791412354,100,57,14.04444,14.04444,1,1
2500,8,20,9,1.9383860028026086e-12,0.0,0.0,1.4559595584869385,0.010035276412963867,0.0,0.0,1,1,0.02551888797791468,0.02551888797791468,1.504901647567749,0.008603334426879883,100,6,0.02552,0.02552,1,1
2500,9,94,55,3.830923076522884e-09,0.0,0.0,2.829625368118286,4.889164209365845,0.0,0.0,1,1,0.2673917170591195,0.2673917170591195,2.781768321990967,4.047780990600586,100,88,0.26739,0.26739,1,1
2500,10,78,33,1.939623928996803e-11,0.0,0.0,2.9864373207092285,1.382209062576294,0.0,0.0,1,1,0.037125099278312916,0.037125099278312916,3.3718106746673584,1.1173901557922363,100,62,-0.03713,-0.03713,1,1
2500,11,43,97,277.0000001329267,0.0,0.0,2.5394482612609863,3.831373691558838,277.0,277.0,1,1,299.69415957072516,299.69415957072516,2.2226784229278564,3.7271995544433594,100,84,576.69416,576.69416,1,1
2500,12,60,93,22.000000007321333,0.0,0.0,2.623412609100342,2.682384490966797,22.0,22.0,1,1,19.383261934230163,19.383261934230163,2.37980318069458,2.21459698677063,100,82,41.38326,41.38326,1,1
2500,13,43,91,246.00000011598954,0.0,0.0,1.5462348461151123,2.619844675064087,246.0,246.0,1,1,14.639172595024746,14.639172595024746,1.514371395111084,3.033553123474121,100,81,260.63917,260.63917,1,1
2500,14,89,5,6.257072129642442e-11,0.0,0.0,1.5648324489593506,1.4672703742980957,0.0,0.0,1,1,0.022096721076332336,0.022096721076332336,1.7937698364257812,1.415912389755249,100,73,-0.0221,-0.0221,1,1
2500,15,3,52,28.9999999988679,12.750000000653028,12.750000000653028,1.5225739479064941,0.10666537284851074,29.0|54.5,29.0|54.5,2,2,13.147995869403891,13.147995869403891,1.339609146118164,0.10430693626403809,100,37,29.69944|54.59655,29.69944|54.59655,2,2
2500,16,2,15,5.725420137992609e-13,0.0,0.0,1.3259692192077637,0.005621194839477539,0.0,0.0,1,1,0.006254335062404759,0.006254335062404759,1.2820813655853271,0.004730939865112305,100,2,-0.00625,-0.00625,1,1
2500,17,100,21,5.202567274291407e-09,0.0,0.0,1.5459086894989014,1.2900218963623047,0.0,0.0,1,1,0.07122603154943118,0.07122603154943118,1.4825477600097656,1.3270092010498047,100,71,0.07123,0.07123,1,1
2500,18,49,96,258.00000000807006,0.0,0.0,1.5266265869140625,3.1167633533477783,258.0,258.0,1,1,90.31005734302897,90.31005734302897,1.6266579627990723,3.3601582050323486,100,88,348.31006,348.31006,1,1
2500,19,100,21,5.202567274291407e-09,0.0,0.0,2.1124510765075684,1.344332218170166,0.0,0.0,1,1,0.007029562103900111,0.007029562103900111,1.7429399490356445,1.4958748817443848,100,71,-0.00703,-0.00703,1,1
2500,20,99,53,8.134632261753221e-08,0.0,0.0,1.5165150165557861,2.446990489959717,0.0,0.0,1,1,0.11262849168938553,0.11262849168938553,1.5810940265655518,2.3915345668792725,100,93,-0.11263,-0.11263,1,1
2500,21,65,45,-2.0001024676871674e-12,0.0,0.0,1.3199052810668945,0.4287266731262207,-0.0,-0.0,1,1,0.09688567934952402,0.09688567934952402,1.2698638439178467,0.42629241943359375,100,56,-0.09689,-0.09689,1,1
2500,22,56,71,2.999999999651793,0.0,0.0,1.5908665657043457,1.0574893951416016,3.0,3.0,1,1,3.2703441932156374,3.2703441932156374,1.4843416213989258,0.9289331436157227,100,65,-0.27034,-0.27034,1,1
2500,23,92,53,-4.1664312736060986e-08,0.0,0.0,1.5770890712738037,3.9172894954681396,-0.0,-0.0,1,1,0.05235559842633495,0.05235559842633495,1.589590311050415,3.4417357444763184,100,91,-0.05236,-0.05236,1,1
2500,24,88,47,3.9812031081311485e-11,0.0,0.0,1.5050854682922363,1.5090699195861816,0.0,0.0,1,1,0.02328775026652548,0.02328775026652548,1.6837928295135498,1.5664374828338623,100,73,0.02329,0.02329,1,1
2500,25,55,76,4.57136576030033e-11,0.0,0.0,1.5012688636779785,0.4285125732421875,0.0,0.0,1,1,0.37000533154469395,0.37000533154469395,1.5162928104400635,0.41658878326416016,100,56,0.37001,0.37001,1,1
2500,26,58,37,-6.495106509397681e-12,0.0,0.0,1.355565071105957,0.06547236442565918,-0.0,-0.0,1,1,0.11507768417597823,0.11507768417597823,1.272472858428955,0.06951737403869629,100,32,-0.11508,-0.11508,1,1
2500,27,47,39,-1.0893879918622302e-10,0.0,0.0,1.5160553455352783,0.14039278030395508,-0.0,-0.0,1,1,0.07101947333359328,0.07101947333359328,1.3717727661132812,0.14565205574035645,100,41,-0.07102,-0.07102,1,1
2500,28,84,96,1.0000004647801661,0.0,0.0,1.58949875831604,2.3644015789031982,1.0,1.0,1,1,2.9726889033602655,2.9726889033602655,1.527510643005371,2.419245719909668,100,88,3.97269,3.97269,1,1
2500,29,4,29,4.000000000090202,1.0000000000394236,1.500000000058554,1.514240026473999,0.026103973388671875,1.0|4.0,1.0|4.0,2,2,1.037029759135701,1.515128692836427,1.5251805782318115,0.026076793670654297,100,15,1.01441|4.04467|4.08083,1.01441|4.04467,3,2
2500,30,56,26,-1.1441489897085431e-11,0.0,0.0,1.5598509311676025,0.34720492362976074,-0.0,-0.0,1,1,0.08241853720783618,0.08241853720783618,1.4502604007720947,0.3356645107269287,100,51,0.08242,0.08242,1,1
2500,31,51,76,5.273672075370188e-09,0.0,0.0,1.4002046585083008,0.4167037010192871,0.0,0.0,1,1,6.768219122951591,6.768219122951591,1.323298454284668,0.46529674530029297,100,56,-6.76822,-6.76822,1,1
2500,32,92,62,9.014156168721912e-08,0.0,0.0,1.5690498352050781,2.5478739738464355,0.0,0.0,1,1,0.16838545302660313,0.16838545302660313,1.4794857501983643,2.3440892696380615,100,91,-0.16839,-0.16839,1,1
2500,33,22,89,678.000000003842,0.0,0.0,1.6141984462738037,1.4535179138183594,678.0,678.0,1,1,33.67186444956144,33.67186444956144,1.5263197422027588,1.471215009689331,100,73,644.32814,644.32814,1,1
2500,34,65,63,-4.5689728521990276e-10,0.0,0.0,1.3617432117462158,0.6277198791503906,-0.0,-0.0,1,1,0.2722226636719522,0.2722226636719522,1.2702999114990234,0.612661600112915,100,61,0.27222,0.27222,1,1
2500,35,87,8,-3.927976067794706e-09,0.0,0.0,1.3772296905517578,2.676501750946045,-0.0,-0.0,1,1,0.027347962117306033,0.027347962117306033,1.5354430675506592,2.5723109245300293,100,85,-0.02735,-0.02735,1,1
2500,36,28,88,1146.0000000129608,0.0,0.0,1.5161585807800293,1.270942211151123,1146.0,1146.0,1,1,92.86189875940795,92.86189875940795,1.3529458045959473,1.2691669464111328,100,73,1238.8619,1238.8619,1,1
2500,37,25,42,2.5688852753822248e-14,0.0,0.0,1.517216444015503,0.048631906509399414,0.0,0.0,1,1,0.011709611524628134,0.011709611524628134,1.543262004852295,0.05386185646057129,100,23,0.01171,0.01171,1,1
2500,38,88,55,2.6293365277709637e-09,0.0,0.0,1.4811322689056396,1.7030997276306152,0.0,0.0,1,1,0.028206902261419933,0.028206902261419933,1.4794819355010986,1.6231799125671387,100,73,-0.02821,-0.02821,1,1
2500,39,58,89,1.999999985389119,0.0,0.0,1.6392629146575928,1.4946088790893555,2.0,2.0,1,1,72.68820358515988,72.68820358515988,1.5968000888824463,1.4963583946228027,100,73,74.6882,74.6882,1,1
2500,40,34,73,34.0000000004766,0.0,0.0,1.5799641609191895,0.9038965702056885,34.0,34.0,1,1,12.362091139118746,12.362091139118746,1.7531888484954834,0.8866684436798096,100,64,46.36209,46.36209,1,1
2500,41,70,55,5.662982195793769e-10,0.0,0.0,1.494356632232666,0.7857115268707275,0.0,0.0,1,1,0.03461884483503037,0.03461884483503037,1.4995410442352295,0.7877740859985352,100,63,-0.03462,-0.03462,1,1
2500,42,75,38,-8.718644604691635e-11,0.0,0.0,1.4210004806518555,0.3813951015472412,-0.0,-0.0,1,1,0.08161835617016269,0.08161835617016269,1.5403382778167725,0.38942456245422363,100,53,0.08162,0.08162,1,1
2500,43,17,89,227.00000000283802,0.0,0.0,1.5845606327056885,1.4737985134124756,227.0,227.0,1,1,58.4847696045876,58.4847696045876,1.5473895072937012,1.489501953125,100,73,285.48477,285.48477,1,1
2500,44,61,47,3.454597974404177e-11,0.0,0.0,1.537240743637085,0.24323368072509766,0.0,0.0,1,1,0.3619908306037961,0.3619908306037961,1.4966955184936523,0.2389819622039795,100,47,-0.36199,-0.36199,1,1
2500,45,71,23,1.1833194219691176e-10,0.0,0.0,1.4801714420318604,0.8325254917144775,0.0,0.0,1,1,0.0828444592270181,0.0828444592270181,1.5031309127807617,0.7979469299316406,100,65,-0.08284,-0.08284,1,1
2500,46,18,53,18.00000000010553,0.0,0.0,1.264317274093628,0.21555876731872559,18.0,18.0,1,1,5.8586759843555445,5.8586759843555445,1.339874267578125,0.2140669822692871,100,47,12.14132,12.14132,1,1
2500,47,78,16,9.869604277548925e-12,0.0,0.0,1.283397912979126,0.6520969867706299,0.0,0.0,1,1,0.1091163838940274,0.1091163838940274,1.3355684280395508,0.6495184898376465,100,62,0.10912,0.10912,1,1
2500,48,71,22,-3.824300528705474e-11,0.0,0.0,1.3382470607757568,0.8106281757354736,-0.0,-0.0,1,1,0.017489667437831848,0.017489667437831848,1.2637791633605957,0.8051438331604004,100,65,0.01749,0.01749,1,1
2500,49,73,36,6.318477517866884e-10,0.0,0.0,1.3222854137420654,0.7487843036651611,0.0,0.0,1,1,0.071974666509424,0.071974666509424,1.2736644744873047,0.7449238300323486,100,64,-0.07197,-0.07197,1,1
2500,50,86,57,1.8604480135532033e-09,0.0,0.0,1.5298898220062256,2.195068597793579,0.0,0.0,1,1,0.03561630720209076,0.03561630720209076,1.49554443359375,2.6497812271118164,100,79,0.03562,0.03562,1,1
2500,51,89,4,4.5237247344104754e-11,0.0,0.0,1.9325196743011475,1.5226011276245117,0.0,0.0,1,1,0.004032330247547573,0.004032330247547573,1.5937843322753906,1.5316567420959473,100,73,-0.00403,-0.00403,1,1
2500,52,5,12,0.9999999999938722,0.0,0.0,1.5767896175384521,0.01769566535949707,1.0,1.0,1,1,0.006821511451566065,0.006821511451566065,1.5607273578643799,0.009087562561035156,100,4,0.99318,0.99318,1,1
2500,53,34,61,2.226645371605576e-11,0.0,0.0,1.5285263061523438,0.2650151252746582,0.0,0.0,1,1,0.12776480183379021,0.12776480183379021,2.029909610748291,0.2932090759277344,100,41,0.12776,0.12776,1,1
2500,54,85,15,1.843883625594238e-09,0.0,0.0,2.8293726444244385,2.8466808795928955,0.0,0.0,1,1,0.02855340289100136,0.02855340289100136,2.8263378143310547,2.935579299926758,100,74,-0.02855,-0.02855,1,1
2500,55,44,36,3.0831501356707663e-12,0.0,0.0,3.157562494277954,0.35626220703125,0.0,0.0,1,1,0.058824612498044285,0.058824612498044285,2.761669874191284,0.34679436683654785,100,37,-0.05882,-0.05882,1,1
2500,56,41,50,0.9999999998692809,0.0,0.0,2.953472137451172,0.5159766674041748,1.0,1.0,1,1,0.017723157723826266,0.017723157723826266,2.785318613052368,0.46314167976379395,100,46,0.98228,0.98228,1,1
2500,57,30,1,-1.4031580996848364e-14,0.0,0.0,3.0815041065216064,0.041341543197631836,-0.0,-0.0,1,1,0.038004199134672276,0.038004199134672276,2.9055376052856445,0.046289682388305664,100,16,0.038,0.038,1,1
2500,58,4,27,1.0000000000143385,0.3333333333375401,0.5000000000061614,3.267033576965332,0.01770472526550293,0.0|1.0,0.0|1.0,2,2,0.3520017524161905,0.48967705401091377,2.854430913925171,0.02454853057861328,100,4,0.03684|1.01619|1.07665,0.03684|1.01619,3,2
2500,59,24,97,534.000000001012,0.0,0.0,3.179619312286377,4.308692932128906,534.0,534.0,1,1,985.8199548406153,985.8199548406153,2.5493085384368896,4.537043809890747,100,84,1519.81995,1519.81995,1,1
2500,60,88,66,-1.208696647296694e-08,0.0,0.0,2.3262650966644287,1.4684765338897705,-0.0,-0.0,1,1,0.15368837579526468,0.15368837579526468,1.5593585968017578,1.467308759689331,100,73,-0.15369,-0.15369,1,1
2500,61,7,41,4.000000000015031,0.5000000000034861,0.5000000000034861,1.325209140777588,0.021755218505859375,3.0|4.0,3.0|4.0,2,2,0.4770384849763951,0.4770384849763951,1.2753403186798096,0.020859241485595703,100,15,3.20075|4.15483,3.20075|4.15483,2,2
2500,62,1,42,9.00000000014463,2.0000000000187743,2.9999999999710605,1.2796854972839355,0.03429079055786133,3.0|9.0,3.0|9.0,2,2,2.000524715401993,2.8999482356055,1.2887732982635498,0.033921003341674805,100,20,3.20634|9.00623|9.20168,3.20634|9.00623,3,2
2500,63,91,100,-3.8133302385999535e-07,0.0,0.0,1.267866611480713,1.82155179977417,-0.0,-0.0,1,1,0.3259796728200892,0.3259796728200892,1.2666583061218262,1.7719030380249023,100,83,-0.32598,-0.32598,1,1
2500,64,97,18,-4.001777370284054e-09,0.0,0.0,1.373070478439331,3.25661563873291,-0.0,-0.0,1,1,0.05517139345232696,0.05517139345232696,1.7891111373901367,4.131971597671509,100,84,0.05517,0.05517,1,1
2500,65,37,89,197.0000007159285,0.0,0.0,2.8526554107666016,2.8008646965026855,197.0,197.0,1,1,5.677593535966736,5.677593535966736,2.649312973022461,2.0857956409454346,100,73,191.32241,191.32241,1,1
2500,66,28,23,1.3161779358349436e-12,0.0,0.0,1.549842357635498,0.01564168930053711,0.0,0.0,1,1,0.036364761329361436,0.036364761329361436,1.635162115097046,0.02112436294555664,100,12,0.03636,0.03636,1,1
2500,67,73,68,1.9121696488178744e-09,0.0,0.0,1.600759744644165,0.9518618583679199,0.0,0.0,1,1,0.07121494795992372,0.07121494795992372,1.5061419010162354,0.9633877277374268,100,65,-0.07121,-0.07121,1,1
2500,68,9,42,6.000000000009834,0.0,0.0,1.639136552810669,0.039525747299194336,6.0,6.0,1,1,0.028064391658158883,0.028064391658158883,1.6067240238189697,0.03906726837158203,100,20,6.02806,6.02806,1,1
2500,69,35,72,17.000000000047773,0.0,0.0,1.439964771270752,0.5089380741119385,17.0,17.0,1,1,6.800425006881259,6.800425006881259,1.473592758178711,0.4942812919616699,100,55,23.80043,23.80043,1,1
2500,70,37,2,9.53533547190877e-13,0.0,0.0,1.5097980499267578,0.009372949600219727,0.0,0.0,1,1,0.059172086120081006,0.059172086120081006,1.5284788608551025,0.009059429168701172,100,6,0.05917,0.05917,1,1
2500,71,70,57,-1.6228345240265546e-11,0.0,0.0,1.5156018733978271,0.7803220748901367,-0.0,-0.0,1,1,0.03287425706387406,0.03287425706387406,1.5339593887329102,0.7836029529571533,100,63,-0.03287,-0.03287,1,1
2500,72,15,42,1.0000000000273033,0.0,0.0,1.4808692932128906,0.043999671936035156,1.0,1.0,1,1,0.00488811924750876,0.00488811924750876,1.5550153255462646,0.04063892364501953,100,20,0.99511,0.99511,1,1
2500,73,74,14,2.7999347485767115e-11,0.0,0.0,1.5772898197174072,0.626378059387207,0.0,0.0,1,1,0.055149484984039536,0.055149484984039536,1.5133731365203857,0.6464242935180664,100,59,-0.05515,-0.05515,1,1
2500,74,41,51,0.99999999998211,0.0,0.0,1.545579195022583,0.10270929336547852,1.0,1.0,1,1,0.1784168149237585,0.1784168149237585,1.5487315654754639,0.08792757987976074,100,33,1.17842,1.17842,1,1
2500,75,73,36,6.318477517866884e-10,0.0,0.0,1.698009729385376,0.9205343723297119,0.0,0.0,1,1,0.008310771782752292,0.008310771782752292,1.5517046451568604,0.9021785259246826,100,64,-0.00831,-0.00831,1,1
2500,76,44,1,7.112191348376985e-13,0.0,0.0,2.171055316925049,0.2994503974914551,0.0,0.0,1,1,0.02857827331037169,0.02857827331037169,2.680013418197632,0.22614216804504395,100,36,0.02858,0.02858,1,1
2500,77,90,24,-3.838561602157094e-09,0.0,0.0,2.75528883934021,3.514125108718872,-0.0,-0.0,1,1,0.05022859431424105,0.05022859431424105,2.8701887130737305,3.4637653827667236,100,78,0.05023,0.05023,1,1
2500,78,5,19,1.0000000000151876,0.0,0.0,2.536397933959961,0.011923789978027344,1.0,1.0,1,1,0.02166229538856146,0.02166229538856146,2.403623104095459,0.017703533172607422,100,7,1.02166,1.02166,1,1
2500,79,74,91,1.0000000573817034,0.0,0.0,2.563277244567871,3.0946009159088135,1.0,1.0,1,1,1.0869012328114405,1.0869012328114405,2.647798776626587,3.2316267490386963,100,81,2.0869,2.0869,1,1
2500,80,5,86,21992.00000061077,0.0,0.0,1.7829020023345947,2.1481399536132812,21992.0,21992.0,1,1,22.298347364259826,22.298347364259826,1.6142091751098633,2.1345720291137695,100,79,21969.70165,21969.70165,1,1
2500,81,33,92,1004.0000000050499,0.0,0.0,1.6664466857910156,2.6742920875549316,1004.0,1004.0,1,1,599.3833433483675,599.3833433483675,1.6600446701049805,2.623817205429077,100,91,1603.38334,1603.38334,1,1
2500,82,89,33,1.0869635730505901e-09,0.0,0.0,1.2882344722747803,1.262430191040039,0.0,0.0,1,1,0.04073796749740943,0.04073796749740943,1.3436212539672852,1.3757929801940918,100,73,0.04074,0.04074,1,1
2500,83,47,78,5.999999989888701,0.0,0.0,1.5493955612182617,0.7514362335205078,6.0,6.0,1,1,19.05315196144165,19.05315196144165,1.4757649898529053,0.7307093143463135,100,62,-13.05315,-13.05315,1,1
2500,84,22,13,8.530065542670727e-13,0.0,0.0,1.2673673629760742,0.013279438018798828,0.0,0.0,1,1,0.03230951931197418,0.03230951931197418,1.265984058380127,0.012105464935302734,100,10,-0.03231,-0.03231,1,1
2500,85,94,36,-6.98578633893132e-09,0.0,0.0,1.2784640789031982,2.172377586364746,-0.0,-0.0,1,1,0.03444700170637152,0.03444700170637152,1.271435260772705,2.1928884983062744,100,88,0.03445,0.03445,1,1
2500,86,33,13,-1.159690522727658e-13,0.0,0.0,1.5691053867340088,0.08682847023010254,-0.0,-0.0,1,1,0.04124276002421961,0.04124276002421961,1.4653096199035645,0.09180188179016113,100,30,-0.04124,-0.04124,1,1
2500,87,53,41,5.207955845274064e-11,0.0,0.0,1.5322935581207275,0.21184062957763672,0.0,0.0,1,1,0.05395259524441721,0.05395259524441721,1.3096256256103516,0.21210861206054688,100,47,-0.05395,-0.05395,1,1
2500,88,36,39,-2.4479408999047e-11,0.0,0.0,1.267892599105835,0.07340741157531738,-0.0,-0.0,1,1,1.0508399641170492,1.0508399641170492,1.4343512058258057,0.07876896858215332,100,33,1.05084,1.05084,1,1
2500,89,49,24,2.3149408710331862e-12,0.0,0.0,1.5182852745056152,0.18885231018066406,0.0,0.0,1,1,0.08939447059955,0.08939447059955,1.5341265201568604,0.11484456062316895,100,36,0.08939,0.08939,1,1
2500,90,71,61,-3.777711801539777e-10,0.0,0.0,1.57340407371521,1.0400662422180176,-0.0,-0.0,1,1,0.01938631583081712,0.01938631583081712,1.6390981674194336,0.9942836761474609,100,66,-0.01939,-0.01939,1,1
2500,91,5,71,2641.0000000740833,0.0,0.0,2.5933713912963867,1.83101224899292,2641.0,2641.0,1,1,22.017593244863747,22.017593244863747,3.0001184940338135,1.9025344848632812,100,65,2663.01759,2663.01759,1,1
2500,92,87,41,-9.93945771122474e-08,0.0,0.0,3.677748441696167,5.105786085128784,-0.0,-0.0,1,1,0.01939148220832452,0.01939148220832452,2.963224411010742,4.3205695152282715,100,85,0.01939,0.01939,1,1
2500,93,52,60,-1.6690202230405735e-10,0.0,0.0,2.4962706565856934,0.6252567768096924,-0.0,-0.0,1,1,0.44124949184098067,0.44124949184098067,2.887342929840088,0.556058406829834,100,51,-0.44125,-0.44125,1,1
2500,94,60,95,5.999999999305128,0.0,0.0,2.3490123748779297,2.9577596187591553,6.0,6.0,1,1,1.6806642766870965,1.6806642766870965,2.5110995769500732,2.644380569458008,100,76,7.68066,7.68066,1,1
2500,95,67,36,1.732799008115853e-10,0.0,0.0,1.6269702911376953,0.43613290786743164,0.0,0.0,1,1,0.011781091903893337,0.011781091903893337,1.5802826881408691,0.44997692108154297,100,54,0.01178,0.01178,1,1
2500,96,89,26,4.35841199904223e-10,0.0,0.0,1.7064266204833984,1.5408077239990234,0.0,0.0,1,1,0.029938667651499454,0.029938667651499454,1.5031020641326904,1.4300556182861328,100,73,-0.02994,-0.02994,1,1
2500,97,35,49,0.9999999999996867,0.0,0.0,1.525550365447998,0.11168646812438965,1.0,1.0,1,1,0.09035157912575076,0.09035157912575076,1.5649490356445312,0.10811114311218262,100,35,0.90965,0.90965,1,1
2500,98,58,72,-2.1642200235748503e-09,0.0,0.0,1.4426569938659668,0.508126974105835,-0.0,-0.0,1,1,0.07464848375329787,0.07464848375329787,1.4706218242645264,0.5039951801300049,100,56,0.07465,0.07465,1,1
2500,99,98,94,5.824331998221736e-07,0.0,0.0,1.9502880573272705,3.9550399780273438,0.0,0.0,1,1,0.07909070040855122,0.07909070040855122,3.331474542617798,2.735083818435669,100,89,-0.07909,-0.07909,1,1
5000,0,79,42,-5.848117948869477e-11,0.0,0.0,1.5039751529693604,1.3503286838531494,-0.0,-0.0,1,1,0.01726390590051124,0.01726390590051124,1.5599884986877441,1.3451533317565918,100,71,-0.01726,-0.01726,1,1
5000,1,50,82,17.00000000023466,0.0,0.0,1.56361722946167,1.360194206237793,17.0,17.0,1,1,2.0077022767312798,2.0077022767312798,1.5245599746704102,1.8851478099822998,100,71,14.9923,14.9923,1,1
5000,2,23,31,-1.1896261753135144e-12,0.0,0.0,2.739093542098999,0.08064579963684082,-0.0,-0.0,1,1,0.380032026417795,0.380032026417795,2.7508649826049805,0.11493134498596191,100,24,-0.38003,-0.38003,1,1
5000,3,64,28,-1.0081711850355063e-12,0.0,0.0,2.4357168674468994,0.31893444061279297,-0.0,-0.0,1,1,0.0017000794418885997,0.0017000794418885997,2.6491501331329346,0.3155794143676758,100,49,0.0017,0.0017,1,1
5000,4,29,1,-2.0905499553112929e-13,0.0,0.0,1.5026342868804932,0.02402329444885254,-0.0,-0.0,1,1,0.00541531395665647,0.00541531395665647,1.5857689380645752,0.02298259735107422,100,15,-0.00542,-0.00542,1,1
5000,5,30,1,-1.4031580996848364e-14,0.0,0.0,1.511579990386963,0.020191192626953125,-0.0,-0.0,1,1,0.005719771909071473,0.005719771909071473,1.544712781906128,0.01882767677307129,100,16,-0.00572,-0.00572,1,1
5000,6,27,91,1156.0000000082903,0.0,0.0,1.4716567993164062,1.7792203426361084,1156.0,1156.0,1,1,377.7402037050957,377.7402037050957,1.4774551391601562,1.8395488262176514,100,81,778.2598,778.2598,1,1
5000,7,93,20,8.311164984859953e-09,0.0,0.0,1.526014804840088,2.1438302993774414,0.0,0.0,1,1,0.016572768650222763,0.016572768650222763,1.4999232292175293,2.187532901763916,100,82,-0.01657,-0.01657,1,1
5000,8,35,4,-2.69604590423246e-13,0.0,0.0,1.2889080047607422,0.06923031806945801,-0.0,-0.0,1,1,0.026955248586819296,0.026955248586819296,1.3413455486297607,0.0743260383605957,100,29,-0.02696,-0.02696,1,1
5000,9,25,75,16.000000000018872,0.0,0.0,1.328956127166748,0.3338799476623535,16.0,16.0,1,1,2.932924326597199,2.932924326597199,1.2788348197937012,0.3389606475830078,100,53,13.06708,13.06708,1,1
5000,10,76,38,-8.458751195697092e-13,0.0,0.0,1.5420050621032715,0.8817312717437744,-0.0,-0.0,1,1,0.0300650896775658,0.0300650896775658,2.1045680046081543,1.1073415279388428,100,55,0.03007,0.03007,1,1
5000,11,24,45,1.1687317779971986e-13,0.0,0.0,3.8011648654937744,0.0377655029296875,0.0,0.0,1,1,0.006201543948936661,0.006201543948936661,3.874532461166382,0.042862653732299805,100,14,-0.0062,-0.0062,1,1
5000,12,12,24,1.0000000000006204,0.0,0.0,3.1490554809570312,0.02790355682373047,1.0,1.0,1,1,0.016541018361747373,0.016541018361747373,3.231336832046509,0.027037382125854492,100,13,1.01654,1.01654,1,1
5000,13,84,9,7.161983529988688e-11,0.0,0.0,2.857945442199707,4.391342639923096,0.0,0.0,1,1,0.05023029291263815,0.05023029291263815,3.3786063194274902,2.708554744720459,100,74,0.05023,0.05023,1,1
5000,14,52,16,-3.698356224560093e-12,0.0,0.0,2.4882473945617676,0.17313933372497559,-0.0,-0.0,1,1,0.06603407722107545,0.06603407722107545,2.1332931518554688,0.18523287773132324,100,37,0.06603,0.06603,1,1
5000,15,45,17,-2.4567363770508e-14,3.934450047019181e-14,7.868900094038362e-14,2.3365318775177,0.016737937927246094,0.0,0.0,1,1,0.014682867912743683,0.006475368825777945,2.5043258666992188,0.016084909439086914,100,4,-0.02289|-0.00648,-0.00648,2,1
5000,16,34,71,41.00000000050239,0.0,0.0,2.419522523880005,1.5344040393829346,41.0,41.0,1,1,24.77666585257265,24.77666585257265,2.4725828170776367,1.9090654850006104,100,65,16.22333,16.22333,1,1
5000,17,52,5,1.1283325989122568e-11,0.0,0.0,2.440850019454956,0.16867351531982422,0.0,0.0,1,1,0.00866168561284171,0.00866168561284171,2.866901159286499,0.16894769668579102,100,37,-0.00866,-0.00866,1,1
5000,18,8,80,5147.000000139991,356.99999997787177,356.99999997787177,1.551443338394165,1.1716945171356201,5147.0|5504.0|5674.0|5691.0,5147.0|5504.0|5674.0|5691.0,4,4,480.55729305343266,480.55729305343266,1.5674357414245605,1.146427869796753,100,68,5236.03402|5689.90018|5754.33842|5829.95655,5236.03402|5689.90018|5754.33842|5829.95655,4,4
5000,19,81,55,-1.891180410496359e-10,0.0,0.0,1.5134572982788086,1.5340542793273926,-0.0,-0.0,1,1,0.05250204714875657,0.05250204714875657,1.6925568580627441,1.6838603019714355,100,65,0.0525,0.0525,1,1
5000,20,49,31,-2.9145734511728845e-12,0.0,0.0,2.93924880027771,0.21171116828918457,-0.0,-0.0,1,1,0.03255663250365743,0.03255663250365743,3.011540412902832,0.2382349967956543,100,35,0.03256,0.03256,1,1
5000,21,92,72,-3.3432029290022195e-07,0.0,0.0,2.622650623321533,5.441155672073364,-0.0,-0.0,1,1,0.11339801659694251,0.11339801659694251,2.447493553161621,4.848737001419067,100,91,-0.1134,-0.1134,1,1
5000,22,99,24,3.411716528206052e-08,0.0,0.0,3.2396509647369385,4.635590553283691,0.0,0.0,1,1,0.19509404592671087,0.19509404592671087,3.099843978881836,3.956286668777466,100,93,-0.19509,-0.19509,1,1
5000,23,52,33,1.2823684871111226e-11,0.0,0.0,1.5710453987121582,0.11374855041503906,0.0,0.0,1,1,0.015462302222855811,0.015462302222855811,1.6631877422332764,0.11608743667602539,100,37,-0.01546,-0.01546,1,1
5000,24,46,4,-4.207798674994359e-12,0.0,0.0,1.7126450538635254,0.06292247772216797,-0.0,-0.0,1,1,0.005963906172488483,0.005963906172488483,1.5999338626861572,0.0679323673248291,100,30,0.00596,0.00596,1,1
5000,25,56,97,21.99999999450651,0.0,0.0,1.4881305694580078,2.239887237548828,22.0,22.0,1,1,9.791621805663924,9.791621805663924,1.539825201034546,2.0586538314819336,100,84,12.20838,12.20838,1,1
5000,26,7,8,1.547207520180263e-12,3.690311483203251e-13,0.0,1.2697713375091553,0.005629777908325195,0.0,0.0,1,1,0.009101510405607992,0.006486484348787303,1.339202880859375,0.004727840423583984,100,2,-0.01172|-0.00649,-0.00649,2,1
5000,27,84,73,9.747140442814414e-10,0.0,0.0,1.278078317642212,1.4140527248382568,0.0,0.0,1,1,0.011696173185850612,0.011696173185850612,1.3494751453399658,1.517225980758667,100,75,-0.0117,-0.0117,1,1
5000,28,47,78,5.999999989888701,0.0,0.0,1.435070276260376,0.7589106559753418,6.0,6.0,1,1,18.156898155331973,18.156898155331973,1.516932487487793,0.6959164142608643,100,62,-12.1569,-12.1569,1,1
5000,29,58,63,-2.1469547807682776e-09,0.0,0.0,1.3847463130950928,0.6115179061889648,-0.0,-0.0,1,1,0.4297471640031412,0.4297471640031412,1.4606523513793945,0.6071314811706543,100,59,-0.42975,-0.42975,1,1
5000,30,77,24,2.350826492301369e-11,0.0,0.0,1.4146583080291748,0.5526704788208008,0.0,0.0,1,1,0.01330940752323308,0.01330940752323308,1.3001573085784912,0.5463700294494629,100,59,-0.01331,-0.01331,1,1
5000,31,94,89,-3.8778724875551763e-07,0.0,0.0,1.268399953842163,2.1856648921966553,-0.0,-0.0,1,1,0.18284231267742762,0.18284231267742762,1.3205201625823975,2.194465160369873,100,89,0.18284,0.18284,1,1
5000,32,80,39,2.8854001163605175e-10,0.0,0.0,1.323315143585205,0.9825365543365479,0.0,0.0,1,1,0.03433870580067127,0.03433870580067127,1.26127290725708,0.9805169105529785,100,68,-0.03434,-0.03434,1,1
5000,33,99,19,1.3152855253595309e-07,0.0,0.0,1.3068797588348389,2.527866840362549,0.0,0.0,1,1,0.004873294640101815,0.004873294640101815,1.5165774822235107,2.474736452102661,100,93,0.00487,0.00487,1,1
5000,34,53,73,0.999999999403955,0.0,0.0,1.5337531566619873,0.8686809539794922,1.0,1.0,1,1,1.2613877653962553,1.2613877653962553,1.4889564514160156,0.8524491786956787,100,64,2.26139,2.26139,1,1
5000,35,20,52,9.000000000132745,0.0,0.0,1.5268075466156006,0.12304091453552246,9.0,9.0,1,1,1.3852185849174248,1.3852185849174248,1.5315475463867188,0.11390042304992676,100,37,10.38522,10.38522,1,1
5000,36,96,29,2.6924272636710865e-09,0.0,0.0,1.4886207580566406,2.382063865661621,0.0,0.0,1,1,0.045627808993522395,0.045627808993522395,1.6054067611694336,2.3604564666748047,100,88,-0.04563,-0.04563,1,1
5000,37,63,92,2.000000027619282,0.0,0.0,1.6067471504211426,5.797069311141968,2.0,2.0,1,1,19.12551324769524,19.12551324769524,1.5577185153961182,5.2590882778167725,100,91,21.12551,21.12551,1,1
5000,38,89,78,4.781883074754758e-08,0.0,0.0,2.2669196128845215,2.251121997833252,0.0,0.0,1,1,0.05998852584040152,0.05998852584040152,2.4941062927246094,2.4075565338134766,100,73,0.05999,0.05999,1,1
5000,39,38,15,6.377872950301908e-13,0.0,0.0,2.207853317260742,0.0561223030090332,0.0,0.0,1,1,0.032967375781529945,0.032967375781529945,2.423914909362793,0.03672003746032715,100,17,0.03297,0.03297,1,1
5000,40,99,18,-2.1586335598268744e-07,0.0,0.0,2.590754508972168,4.214210748672485,-0.0,-0.0,1,1,0.06684571329838625,0.06684571329838625,2.327059268951416,3.4602057933807373,100,93,-0.06685,-0.06685,1,1
5000,41,83,20,-2.328436900233883e-10,0.0,0.0,1.6218557357788086,1.4620330333709717,-0.0,-0.0,1,1,0.10346923581437592,0.10346923581437592,2.005140781402588,1.216325044631958,100,60,0.10347,0.10347,1,1
5000,42,31,6,-1.2757804072066651e-13,0.0,0.0,2.961117744445801,0.07648324966430664,-0.0,-0.0,1,1,0.022334938806309237,0.022334938806309237,2.571289300918579,0.0772700309753418,100,22,-0.02233,-0.02233,1,1
5000,43,5,46,15.000000000766367,0.0,0.0,2.4064996242523193,0.10942244529724121,15.0,15.0,1,1,0.20729793418458797,0.20729793418458797,2.6658692359924316,0.11983299255371094,100,30,15.2073,15.2073,1,1
5000,44,30,77,90.00000000017515,0.0,0.0,2.4950878620147705,1.0871188640594482,90.0,90.0,1,1,16.26303979618109,16.26303979618109,2.463221549987793,1.2348034381866455,100,59,106.26304,106.26304,1,1
5000,45,17,83,157.00000000181066,0.0,0.0,2.47287917137146,1.3812618255615234,157.0,157.0,1,1,9.684702954040205,9.684702954040205,2.8801369667053223,1.0569922924041748,100,60,147.3153,147.3153,1,1
5000,46,91,49,-2.4876407493261375e-09,0.0,0.0,2.3019111156463623,3.480738639831543,-0.0,-0.0,1,1,0.025347446671651657,0.025347446671651657,2.701944589614868,3.9507253170013428,100,81,0.02535,0.02535,1,1
5000,47,76,41,8.856041581855845e-13,0.0,0.0,1.9864704608917236,0.47263193130493164,0.0,0.0,1,1,0.0033826750361148094,0.0033826750361148094,1.5534441471099854,0.46254563331604004,100,55,0.00338,0.00338,1,1
5000,48,29,86,1695.0000000068742,0.0,0.0,1.54227614402771,2.2529616355895996,1695.0,1695.0,1,1,56.842027897193475,56.842027897193475,1.5709736347198486,2.1622400283813477,100,79,1638.15797,1638.15797,1,1
5000,49,89,71,-5.159626320831371e-09,0.0,0.0,1.596332311630249,3.785951614379883,-0.0,-0.0,1,1,0.4024581685664868,0.4024581685664868,2.522888660430908,2.082707166671753,100,75,0.40246,0.40246,1,1
5000,50,29,10,-2.204902926844518e-14,0.0,0.0,1.529738187789917,0.02233409881591797,-0.0,-0.0,1,1,0.03934672799520917,0.03934672799520917,1.5716497898101807,0.02183818817138672,100,15,-0.03935,-0.03935,1,1
5000,51,63,17,1.0690444965109679e-11,0.0,0.0,1.612351417541504,0.5845739841461182,0.0,0.0,1,1,0.011182034691398841,0.011182034691398841,1.5461742877960205,0.5850563049316406,100,58,0.01118,0.01118,1,1
5000,52,18,60,25.00000000015909,0.0,0.0,2.040987253189087,0.5392444133758545,25.0,25.0,1,1,2.7268060834080075,2.7268060834080075,2.849353551864624,0.547755241394043,100,50,22.27319,22.27319,1,1
5000,53,14,34,1.0444978215672707e-12,0.7500000000247539,0.7500000000247539,2.6746714115142822,0.05706906318664551,0.0|1.5,0.0|1.5,2,2,0.7556613666388964,0.7556613666388964,2.407179355621338,0.05710244178771973,100,18,-0.00656|1.50476,-0.00656|1.50476,2,2
5000,54,79,61,-2.1566264015360745e-10,0.0,0.0,3.717733383178711,2.2582340240478516,-0.0,-0.0,1,1,0.030785024015321627,0.030785024015321627,3.283892869949341,2.1404004096984863,100,71,0.03079,0.03079,1,1
5000,55,9,88,5649.000000009111,0.0,0.0,2.5117838382720947,2.054870367050171,5649.0,5649.0,1,1,49.58813572163581,49.58813572163581,1.6006834506988525,2.0269012451171875,100,73,5599.41186,5599.41186,1,1
5000,56,16,19,-8.102883443448415e-13,0.0,0.0,1.993744134902954,0.016948461532592773,-0.0,-0.0,1,1,0.006890752178517401,0.006890752178517401,1.8201770782470703,0.017683029174804688,100,11,0.00689,0.00689,1,1
5000,57,90,67,1.1611510602230039e-08,0.0,0.0,1.5092060565948486,1.945960283279419,0.0,0.0,1,1,0.017158172732365244,0.017158172732365244,1.5651602745056152,1.9501042366027832,100,78,-0.01716,-0.01716,1,1
5000,58,18,66,163.0000000009783,0.0,0.0,1.5574159622192383,0.47545504570007324,163.0,163.0,1,1,23.777782456797866,23.777782456797866,1.2900416851043701,0.4914584159851074,100,57,186.77778,186.77778,1,1
5000,59,17,21,-1.1195393968445535e-12,0.0,0.0,1.2822585105895996,0.019275665283203125,-0.0,-0.0,1,1,0.012583697629676179,0.012583697629676179,1.2872633934020996,0.011863231658935547,100,7,0.01258,0.01258,1,1
5000,60,8,73,2776.000000075377,194.74999998800808,194.74999998800808,1.2833919525146484,0.7459592819213867,2776.0|2971.0|3064.0|3072.0,2776.0|2971.0|3064.0|3072.0,4,4,179.9639142989928,179.9639142989928,1.2751405239105225,0.8161966800689697,100,64,2781.87812|2943.18572|3032.53349|3066.25833,2781.87812|2943.18572|3032.53349|3066.25833,4,4
5000,61,77,39,-1.413790822713106e-10,0.0,0.0,1.2803997993469238,0.5481770038604736,-0.0,-0.0,1,1,0.042058586608189875,0.042058586608189875,1.3380355834960938,0.5441584587097168,100,59,0.04206,0.04206,1,1
5000,62,10,22,0.9999999999979727,0.2500000000045124,0.2500000000045124,1.348325252532959,0.013935089111328125,1.0|1.5,1.0|1.5,2,2,0.26206212125641304,0.26206212125641304,1.2530243396759033,0.018382787704467773,100,10,1.00279|1.52134,1.00279|1.52134,2,2
5000,63,83,84,-3.0892375785444176e-08,0.0,0.0,1.3278658390045166,1.4498047828674316,-0.0,-0.0,1,1,3.5545047287855667,3.5545047287855667,1.2715380191802979,1.434354543685913,100,75,3.5545,3.5545,1,1
5000,64,65,72,2.269811262496716e-10,0.0,0.0,1.2609307765960693,0.6459460258483887,0.0,0.0,1,1,0.1048965636437763,0.1048965636437763,1.2839059829711914,0.6442720890045166,100,62,-0.1049,-0.1049,1,1
5000,65,72,12,-9.204363240346642e-11,0.0,0.0,1.268838882446289,0.41454219818115234,-0.0,-0.0,1,1,0.00012585403482084128,0.00012585403482084128,1.3308255672454834,0.4167368412017822,100,55,0.00013,0.00013,1,1
5000,66,23,56,7.999999999962393,0.0,0.0,1.2731833457946777,0.29773974418640137,8.0,8.0,1,1,6.015790361045346,6.015790361045346,1.3253591060638428,0.28746557235717773,100,51,14.01579,14.01579,1,1
5000,67,64,43,2.3908788329381463e-12,0.0,0.0,1.3358380794525146,0.2729017734527588,0.0,0.0,1,1,0.0033258935500825506,0.0033258935500825506,1.2620623111724854,0.25667595863342285,100,49,0.00333,0.00333,1,1
5000,68,47,17,1.688548922544974e-11,0.0,0.0,1.3218746185302734,0.07539629936218262,0.0,0.0,1,1,0.019012128579472737,0.019012128579472737,1.2713756561279297,0.07072091102600098,100,33,0.01901,0.01901,1,1
5000,69,5,75,303.00000000773395,0.0,0.0,1.260587453842163,0.3366062641143799,303.0,303.0,1,1,3.339554804665056,3.339554804665056,1.2784748077392578,0.34456944465637207,100,53,299.66045,299.66045,1,1
5000,70,44,25,1.496868509052365e-12,0.0,0.0,1.278839111328125,0.1367325782775879,0.0,0.0,1,1,0.03309287151347715,0.03309287151347715,1.2790806293487549,0.13210821151733398,100,36,0.03309,0.03309,1,1
5000,71,99,31,-6.370942045634142e-07,0.0,0.0,1.2826120853424072,2.3886139392852783,-0.0,-0.0,1,1,0.04496757161002752,0.04496757161002752,1.3246266841888428,2.4793951511383057,100,93,-0.04497,-0.04497,1,1
5000,72,88,83,7.518048941856655e-08,0.0,0.0,1.5303752422332764,1.5328927040100098,0.0,0.0,1,1,0.6329196290419523,0.6329196290419523,1.5072250366210938,1.5795042514801025,100,74,-0.63292,-0.63292,1,1
5000,73,47,44,-3.3835666322323795e-10,0.0,0.0,1.4492237567901611,0.1645808219909668,-0.0,-0.0,1,1,0.45812703273619865,0.45812703273619865,1.5631060600280762,0.1703052520751953,100,43,-0.45813,-0.45813,1,1
5000,74,17,82,187.0000000023279,0.0,0.0,1.5195882320404053,1.328486442565918,187.0,187.0,1,1,27.013376971528032,27.013376971528032,1.5887587070465088,1.305821418762207,100,71,214.01338,214.01338,1,1
5000,75,30,43,3.3924047540885404e-12,0.0,0.0,1.6143162250518799,0.048061370849609375,0.0,0.0,1,1,0.08009945155201785,0.08009945155201785,1.5172288417816162,0.038392066955566406,100,25,0.0801,0.0801,1,1
5000,76,98,28,7.968885645746283e-10,0.0,0.0,1.5268034934997559,1.6301398277282715,0.0,0.0,1,1,0.059097744058938,0.059097744058938,1.3750154972076416,1.6800923347473145,100,78,-0.0591,-0.0591,1,1
5000,77,91,48,3.192473400362212e-08,0.0,0.0,1.2930152416229248,1.9721615314483643,0.0,0.0,1,1,0.030146635338631742,0.030146635338631742,1.5089657306671143,1.9725148677825928,100,81,-0.03015,-0.03015,1,1
5000,78,46,49,2.429151260996042e-10,0.0,0.0,1.338315725326538,0.17104887962341309,0.0,0.0,1,1,0.5081159516864002,0.5081159516864002,1.4964747428894043,0.1660935878753662,100,43,0.50812,0.50812,1,1
5000,79,40,64,1.9999999999936238,0.0,0.0,1.5223667621612549,0.29837846755981445,2.0,2.0,1,1,0.49739052905035885,0.49739052905035885,1.4574284553527832,0.3195912837982178,100,49,1.50261,1.50261,1,1
5000,80,91,72,-2.3833005822009443e-07,0.0,0.0,1.5298662185668945,2.0803816318511963,-0.0,-0.0,1,1,0.08423140555933863,0.08423140555933863,1.544391393661499,1.9982612133026123,100,81,0.08423,0.08423,1,1
5000,81,95,48,5.250555694445103e-09,0.0,0.0,1.5136466026306152,1.7823028564453125,0.0,0.0,1,1,0.025869776155612582,0.025869776155612582,1.561650276184082,1.802119493484497,100,76,-0.02587,-0.02587,1,1
5000,82,22,65,89.00000000049734,0.0,0.0,1.607675552368164,0.5273418426513672,89.0,89.0,1,1,3.006316980989297,3.006316980989297,1.4949619770050049,0.5202484130859375,100,56,92.00632,92.00632,1,1
5000,83,71,72,2.15799567865016e-09,0.0,0.0,1.5176424980163574,1.0571200847625732,0.0,0.0,1,1,0.22049111917828312,0.22049111917828312,1.502655029296875,1.0120913982391357,100,66,0.22049,0.22049,1,1
5000,84,3,62,198.99999999161864,106.25000000476011,106.25000000476011,1.5275826454162598,0.45536255836486816,199.0|411.5,199.0|411.5,2,2,107.62789748186678,107.62789748186678,1.6011176109313965,0.4425065517425537,100,55,194.66107|409.91687,194.66107|409.91687,2,2
5000,85,36,24,-6.7692864942523215e-12,0.0,0.0,1.9330329895019531,0.028481721878051758,-0.0,-0.0,1,1,0.07295080095062265,0.07295080095062265,1.586510419845581,0.04092574119567871,100,21,-0.07295,-0.07295,1,1
5000,86,25,28,-8.061927194018684e-14,0.0,0.0,1.5858650207519531,0.021778106689453125,-0.0,-0.0,1,1,0.03514853125010442,0.03514853125010442,1.493098258972168,0.030770301818847656,100,14,0.03515,0.03515,1,1
5000,87,50,11,4.342454271739035e-13,0.0,0.0,1.5592944622039795,0.2236933708190918,0.0,0.0,1,1,0.03516602251471615,0.03516602251471615,1.5028977394104004,0.23114991188049316,100,46,-0.03517,-0.03517,1,1
5000,88,20,69,28.000000000407685,0.0,0.0,1.5346078872680664,0.34097743034362793,28.0,28.0,1,1,1.2624528498421554,1.2624528498421554,1.596238613128662,0.33292102813720703,100,51,26.73755,26.73755,1,1
5000,89,100,15,-5.792321325354152e-10,0.0,0.0,1.5380046367645264,1.2968378067016602,-0.0,-0.0,1,1,0.046775629965203715,0.046775629965203715,1.5947675704956055,1.3188197612762451,100,71,-0.04678,-0.04678,1,1
5000,90,60,87,25.99999999817753,0.0,0.0,1.5343639850616455,2.6252951622009277,26.0,26.0,1,1,3.75249782027079,3.75249782027079,1.5377182960510254,2.682194948196411,100,85,22.2475,22.2475,1,1
5000,91,78,56,2.3595764875400963e-10,0.0,0.0,1.5019054412841797,0.867340087890625,0.0,0.0,1,1,0.12239178346375687,0.12239178346375687,1.5802462100982666,0.8726158142089844,100,64,-0.12239,-0.12239,1,1
5000,92,49,76,2.0000000000899254,0.0,0.0,1.509486198425293,0.45269155502319336,2.0,2.0,1,1,0.32403974136208147,0.32403974136208147,1.5596656799316406,0.4668304920196533,100,55,2.32404,2.32404,1,1
5000,93,36,100,27.99999999100446,0.0,0.0,1.6387667655944824,1.3316187858581543,28.0,28.0,1,1,52.113985113428214,52.113985113428214,1.5828149318695068,1.2941761016845703,100,71,80.11399,80.11399,1,1
5000,94,8,23,1.0000000000380245,1.0745571099590734e-11,1.414623973516882e-11,1.5832867622375488,0.011315584182739258,1.0,1.0,1,1,0.0264730838600003,0.008856113646622865,1.5255506038665771,0.010642766952514648,100,8,0.94591|0.96428|0.99114|1.00723,0.99114,4,1
5000,95,7,49,33.00000000095211,5.000000000074085,5.000000000074085,1.7360117435455322,0.10678458213806152,23.0|33.0,23.0|33.0,2,2,4.918400889356336,4.918400889356336,1.5355007648468018,0.10625314712524414,100,35,23.59433|33.43113,23.59433|33.43113,2,2
5000,96,27,63,35.000000000263725,0.0,0.0,1.5158379077911377,0.5774290561676025,35.0,35.0,1,1,24.57801298644803,24.57801298644803,1.4780409336090088,0.569293737411499,100,58,59.57801,59.57801,1,1
5000,97,33,73,36.00000000012753,0.0,0.0,1.490264654159546,0.8679294586181641,36.0,36.0,1,1,16.73899804069253,16.73899804069253,1.7083556652069092,0.89076828956604,100,64,19.261,19.261,1,1
5000,98,14,40,1.6772361277615937e-11,13.250000000284283,13.250000000284283,1.5220894813537598,0.10778570175170898,0.0|26.5,0.0|26.5,2,2,13.719993783998586,13.719993783998586,1.6039602756500244,0.10114908218383789,100,35,0.81705|26.62294,0.81705|26.62294,2,2
5000,99,63,100,8.783473861675687e-09,0.0,0.0,1.5868277549743652,1.3518216609954834,0.0,0.0,1,1,2.2577684662510022,2.2577684662510022,1.4876072406768799,1.350125789642334,100,72,-2.25777,-2.25777,1,1
7500,0,10,5,1.0752685231736522e-11,2.377041408781916e-12,4.754082817563832e-12,1.4872212409973145,0.006119251251220703,0.0,0.0,1,1,0.009039360800650641,0.00020869665162331693,1.4902098178863525,0.005421638488769531,100,2,-0.01787|0.00021,0.00021,2,1
7500,1,23,55,5.999999999975704,0.0,0.0,1.5332920551300049,0.306549072265625,6.0,6.0,1,1,6.870035662591548,6.870035662591548,1.7066516876220703,0.29396963119506836,100,49,-0.87004,-0.87004,1,1
7500,2,58,40,-1.1422937950723334e-10,0.0,0.0,1.5198900699615479,0.17714285850524902,-0.0,-0.0,1,1,0.337612637746387,0.337612637746387,1.5654752254486084,0.17447376251220703,100,43,0.33761,0.33761,1,1
7500,3,67,35,1.2530880712800927e-10,0.0,0.0,1.5123107433319092,0.4446086883544922,0.0,0.0,1,1,0.0502050995515822,0.0502050995515822,1.5673291683197021,0.4277167320251465,100,54,0.05021,0.05021,1,1
7500,4,32,98,643.9999999676178,0.0,0.0,1.533308744430542,1.9241299629211426,644.0,644.0,1,1,9.440541018734507,9.440541018734507,1.5047874450683594,1.9357855319976807,100,78,634.55946,634.55946,1,1
7500,5,99,81,-1.2938300945739956e-06,0.0,0.0,1.5079870223999023,2.4799578189849854,-0.0,-0.0,1,1,0.09692061847425339,0.09692061847425339,1.5248432159423828,2.433349847793579,100,93,0.09692,0.09692,1,1
7500,6,87,44,1.374806798755656e-07,0.0,0.0,1.5420894622802734,2.5499348640441895,0.0,0.0,1,1,0.04541343352577203,0.04541343352577203,1.5075361728668213,2.3764450550079346,100,85,0.04541,0.04541,1,1
7500,7,31,91,943.0000000011586,0.0,0.0,1.5388414859771729,2.342273473739624,943.0,943.0,1,1,663.3845170171321,663.3845170171321,1.572951078414917,2.0457985401153564,100,81,279.61548,279.61548,1,1
7500,8,39,15,-1.0397035020368234e-13,0.0,0.0,1.581590175628662,0.0714719295501709,-0.0,-0.0,1,1,0.041738128866996446,0.041738128866996446,1.5676970481872559,0.06628608703613281,100,31,-0.04174,-0.04174,1,1
7500,9,65,33,-1.2059503481232051e-11,0.0,0.0,1.5748448371887207,0.4892842769622803,-0.0,-0.0,1,1,0.06585898900610224,0.06585898900610224,1.4944922924041748,0.5211410522460938,100,56,-0.06586,-0.06586,1,1
7500,10,85,59,-1.6676876861310678e-08,0.0,0.0,1.4792799949645996,1.5838687419891357,-0.0,-0.0,1,1,0.046115637084069606,0.046115637084069606,1.4751026630401611,1.6223790645599365,100,74,-0.04612,-0.04612,1,1
7500,11,57,92,57.99999998341097,0.0,0.0,1.5145442485809326,2.759946584701538,58.0,58.0,1,1,83.32171019804605,83.32171019804605,1.5699467658996582,2.7773730754852295,100,91,-25.32171,-25.32171,1,1
7500,12,9,69,213.00000000025946,0.0,0.0,1.4551684856414795,0.34395575523376465,213.0,213.0,1,1,4.854821460232159,4.854821460232159,1.5007438659667969,0.3256490230560303,100,51,217.85482,217.85482,1,1
7500,13,49,23,1.5587751713136886e-12,0.0,0.0,1.496046543121338,0.11301755905151367,0.0,0.0,1,1,0.010997346112636051,0.010997346112636051,1.5969011783599854,0.10649704933166504,100,36,0.011,0.011,1,1
7500,14,85,44,-8.354633449426174e-09,0.0,0.0,1.53116774559021,1.5430388450622559,-0.0,-0.0,1,1,0.16963609151366987,0.16963609151366987,1.591529130935669,1.551511526107788,100,74,-0.16964,-0.16964,1,1
7500,15,27,76,22.000000000147097,0.0,0.0,1.5080389976501465,0.38359665870666504,22.0,22.0,1,1,5.556467626861426,5.556467626861426,1.2844727039337158,0.3858320713043213,100,55,16.44353,16.44353,1,1
7500,16,51,97,37.000000359752384,0.0,0.0,1.5104353427886963,2.556910991668701,37.0,37.0,1,1,5.596918815841523,5.596918815841523,1.5633270740509033,2.4659323692321777,100,84,31.40308,31.40308,1,1
7500,17,39,12,-1.5548101060657084e-13,0.0,0.0,1.5262069702148438,0.07892823219299316,-0.0,-0.0,1,1,0.014896167260701419,0.014896167260701419,1.5696651935577393,0.07166934013366699,100,31,-0.0149,-0.0149,1,1
7500,18,60,67,7.410931643341422e-11,0.0,0.0,1.5640778541564941,0.5225374698638916,0.0,0.0,1,1,0.2643996456165045,0.2643996456165045,1.7690482139587402,0.5319278240203857,100,57,-0.2644,-0.2644,1,1
7500,19,52,46,-7.093281393900654e-11,0.0,0.0,1.6051034927368164,0.18909835815429688,-0.0,-0.0,1,1,0.09610108328051266,0.09610108328051266,1.5345628261566162,0.18077898025512695,100,44,-0.0961,-0.0961,1,1
7500,20,51,17,-6.247679271476417e-11,0.0,0.0,1.5642399787902832,0.0941004753112793,-0.0,-0.0,1,1,0.010010751052503285,0.010010751052503285,1.500866413116455,0.09673666954040527,100,34,0.01001,0.01001,1,1
7500,21,67,82,2.0000000051724376,0.0,0.0,1.4796006679534912,1.3527252674102783,2.0,2.0,1,1,0.34374488937753367,0.34374488937753367,1.5174484252929688,1.4458284378051758,100,71,1.65626,1.65626,1,1
7500,22,64,73,1.0000000023180085,0.0,0.0,1.5386605262756348,0.888674259185791,1.0,1.0,1,1,1.5201224781183655,1.5201224781183655,1.8802826404571533,1.0036542415618896,100,64,-0.52012,-0.52012,1,1
7500,23,65,75,-2.236768825028073e-10,0.0,0.0,1.7468926906585693,0.5861015319824219,-0.0,-0.0,1,1,0.031584531547560815,0.031584531547560815,1.6363525390625,0.5948479175567627,100,58,-0.03158,-0.03158,1,1
7500,24,2,58,10.000000000569207,0.0,0.0,1.5314161777496338,0.06561851501464844,10.0,10.0,1,1,0.010898217772211893,0.010898217772211893,1.384298324584961,0.07058095932006836,100,32,10.0109,10.0109,1,1
7500,25,96,94,5.229410336639418e-06,0.0,0.0,1.32979416847229,2.133538007736206,1e-05,1e-05,1,1,0.16484342211367145,0.16484342211367145,1.286625862121582,2.538037061691284,100,93,0.16485,0.16485,1,1
7500,26,64,45,-6.16002879020976e-14,0.0,0.0,1.5704150199890137,0.3224937915802002,-0.0,-0.0,1,1,0.011010594369695516,0.011010594369695516,1.5031499862670898,0.323667049407959,100,50,-0.01101,-0.01101,1,1
7500,27,4,10,9.612330610023481e-12,2.4476155140260705e-12,0.0,1.6341042518615723,0.006697654724121094,0.0,0.0,1,1,0.029691044867532306,0.01586332628267591,1.4964582920074463,0.005268573760986328,100,2,-0.04645|-0.02676|-0.01586,-0.01586,3,1
7500,28,41,83,48.99999999557089,0.0,0.0,1.5711491107940674,0.728459358215332,49.0,49.0,1,1,16.00266015446826,16.00266015446826,1.4872896671295166,0.7174389362335205,100,60,65.00266,65.00266,1,1
7500,29,38,32,1.1677149546727917e-12,0.0,0.0,1.5299527645111084,0.03795146942138672,0.0,0.0,1,1,0.07640982974730576,0.07640982974730576,1.5338282585144043,0.03600955009460449,100,19,-0.07641,-0.07641,1,1
7500,30,36,85,20.99999999235398,0.0,0.0,1.5292942523956299,1.5732789039611816,21.0,21.0,1,1,81.37904716661417,81.37904716661417,1.5859744548797607,1.5601856708526611,100,74,-60.37905,-60.37905,1,1
7500,31,76,19,-1.9035954924071083e-12,0.0,0.0,1.7214984893798828,0.44641971588134766,-0.0,-0.0,1,1,0.03956968604476867,0.03956968604476867,1.5011038780212402,0.4350581169128418,100,55,0.03957,0.03957,1,1
7500,32,18,17,2.6012709646384994e-12,0.0,0.0,1.7422423362731934,0.014884471893310547,0.0,0.0,1,1,0.007115931875972658,0.007115931875972658,1.5247421264648438,0.017557859420776367,100,12,-0.00712,-0.00712,1,1
7500,33,4,38,7.00000000014692,2.0000000000755636,3.000000000112313,1.5024194717407227,0.029506921768188477,1.0|7.0,1.0|7.0,2,2,2.1584413657162385,3.0549893054957584,1.5289947986602783,0.029981136322021484,100,17,1.04492|7.1549|7.36535,1.04492|7.1549,3,2
7500,34,53,19,-3.9145879968500996e-11,0.0,0.0,1.4758758544921875,0.2587745189666748,-0.0,-0.0,1,1,0.009793941147996187,0.009793941147996187,1.7020208835601807,0.2480335235595703,100,47,-0.00979,-0.00979,1,1
7500,35,95,58,-1.6504335508466083e-09,0.0,0.0,1.500338077545166,1.7097673416137695,-0.0,-0.0,1,1,0.012094314044629174,0.012094314044629174,1.5214319229125977,1.6896159648895264,100,76,0.01209,0.01209,1,1
7500,36,87,50,1.8447531402811843e-09,0.0,0.0,1.5397460460662842,2.5850846767425537,0.0,0.0,1,1,0.014922228985674505,0.014922228985674505,1.4691619873046875,2.6978352069854736,100,85,-0.01492,-0.01492,1,1
7500,37,32,46,-8.20235509441308e-11,0.0,0.0,1.5025334358215332,0.07995128631591797,-0.0,-0.0,1,1,0.03319040342938701,0.03319040342938701,1.5261321067810059,0.07805776596069336,100,32,-0.03319,-0.03319,1,1
7500,38,11,55,9.00000000013287,83.00000000191628,83.00000000191628,1.4939751625061035,0.29418063163757324,9.0|175.0,9.0|175.0,2,2,83.13110935206315,83.13110935206315,1.6963152885437012,0.28316235542297363,100,49,9.82714|174.43508,9.82714|174.43508,2,2
7500,39,20,93,4197.000000056193,0.0,0.0,1.5177230834960938,2.1348512172698975,4197.0,4197.0,1,1,48.43486166598723,48.43486166598723,1.5730953216552734,2.107825517654419,100,82,4148.56514,4148.56514,1,1
7500,40,54,57,8.806590281485229e-11,0.0,0.0,1.331468105316162,0.3145482540130615,0.0,0.0,1,1,0.09095874843498743,0.09095874843498743,1.3002755641937256,0.3651878833770752,100,53,0.09096,0.09096,1,1
7500,41,43,60,2.0000000009053225,0.0,0.0,1.5944583415985107,0.30554866790771484,2.0,2.0,1,1,1.580980881830983,1.580980881830983,1.6815602779388428,0.3017611503601074,100,50,0.41902,0.41902,1,1
7500,42,46,35,6.556190946152239e-11,0.0,0.0,1.4617345333099365,0.12334895133972168,0.0,0.0,1,1,0.05402087097057878,0.05402087097057878,1.5489704608917236,0.11615157127380371,100,39,-0.05402,-0.05402,1,1
7500,43,10,70,397.0000000037902,181.75000000784456,181.75000000784456,1.4837305545806885,0.7964375019073486,397.0|760.5,397.0|760.5,2,2,183.99915875715598,183.99915875715598,1.5324909687042236,0.8087947368621826,100,63,391.26349|759.26181,391.26349|759.26181,2,2
7500,44,26,4,-5.106412647164121e-13,0.0,0.0,1.5570483207702637,0.011533737182617188,-0.0,-0.0,1,1,0.0021106612982536347,0.0021106612982536347,1.469851016998291,0.011472463607788086,100,7,-0.00211,-0.00211,1,1
7500,45,55,18,4.589276836812327e-12,0.0,0.0,1.6217496395111084,0.28632283210754395,0.0,0.0,1,1,0.0165495824687023,0.0165495824687023,1.4942986965179443,0.28028178215026855,100,49,0.01655,0.01655,1,1
7500,46,84,96,1.0000004647801661,0.0,0.0,1.5512211322784424,2.3854281902313232,1.0,1.0,1,1,1.9390482578524446,1.9390482578524446,1.4778363704681396,2.5085747241973877,100,88,2.93905,2.93905,1,1
7500,47,35,54,2.000000000011534,0.0,0.0,1.499804973602295,0.29818105697631836,2.0,2.0,1,1,0.683426334583245,0.683426334583245,1.5730552673339844,0.30329275131225586,100,50,2.68343,2.68343,1,1
7500,48,35,75,7.00000000001675,0.0,0.0,1.7428138256072998,0.4118962287902832,7.0,7.0,1,1,0.7215247370728441,0.7215247370728441,1.5005249977111816,0.3913247585296631,100,53,7.72152,7.72152,1,1
7500,49,11,7,4.727488552509847e-13,1.0028496828195486e-13,2.0056993656390972e-13,1.7025401592254639,0.0062103271484375,0.0,0.0,1,1,0.0026754762866329426,0.0008068615245021851,1.5232305526733398,0.00529170036315918,100,2,0.00081|0.00454,0.00081,2,1
7500,50,90,9,5.70811651205146e-10,0.0,0.0,1.4925379753112793,1.6938788890838623,0.0,0.0,1,1,0.07742941839380091,0.07742941839380091,1.3908789157867432,2.007460832595825,100,78,0.07743,0.07743,1,1
7500,51,98,24,7.382764253179181e-09,0.0,0.0,1.51924467086792,2.1012120246887207,0.0,0.0,1,1,0.07489707774959177,0.07489707774959177,1.5772655010223389,1.9254388809204102,100,78,-0.0749,-0.0749,1,1
7500,52,69,9,-3.7477958371088884e-12,0.0,0.0,1.6084496974945068,0.34703969955444336,-0.0,-0.0,1,1,0.00202672952117279,0.00202672952117279,1.5204360485076904,0.34916090965270996,100,51,0.00203,0.00203,1,1
7500,53,89,84,3.792195349343296e-08,0.0,0.0,1.6489219665527344,2.0474941730499268,0.0,0.0,1,1,0.013240650605080128,0.013240650605080128,1.5357680320739746,1.996974229812622,100,79,-0.01324,-0.01324,1,1
7500,54,99,73,-1.486133928674326e-06,0.0,0.0,1.3387551307678223,2.4089996814727783,-0.0,-0.0,1,1,0.19732318893718748,0.19732318893718748,1.5512878894805908,2.4720866680145264,100,93,0.19732,0.19732,1,1
7500,55,53,18,8.19741775030422e-12,0.0,0.0,1.4657337665557861,0.24582123756408691,0.0,0.0,1,1,0.010357003904329599,0.010357003904329599,1.4432904720306396,0.24036860466003418,100,47,-0.01036,-0.01036,1,1
7500,56,74,65,1.1044027678291978e-09,0.0,0.0,1.5150249004364014,0.8697147369384766,0.0,0.0,1,1,0.09940806160247709,0.09940806160247709,1.5992364883422852,1.017988681793213,100,64,0.09941,0.09941,1,1
7500,57,8,72,967.0000000260987,67.62499999595374,55.999999996347846,1.500577449798584,0.48183727264404297,967.0|1032.5|1069.5,967.0|1032.5|1069.5,3,3,68.70187935738534,56.58652575316133,1.5358068943023682,0.4788990020751953,100,55,976.25085|1024.36119|1070.14755|1072.04794,976.25085|1024.36119|1070.14755,4,3
7500,58,57,72,-5.125597472952743e-10,0.0,0.0,1.326911449432373,0.49941134452819824,-0.0,-0.0,1,1,1.1288464760809258,1.1288464760809258,1.2931151390075684,0.5336544513702393,100,58,-1.12885,-1.12885,1,1
7500,59,34,26,2.791732186855145e-13,0.0,0.0,1.5332889556884766,0.03124213218688965,0.0,0.0,1,1,0.0006201733418886316,0.0006201733418886316,1.5238981246948242,0.03148388862609863,100,18,0.00062,0.00062,1,1
7500,60,76,73,1.3003736275324271e-09,0.0,0.0,1.4809229373931885,0.8081526756286621,0.0,0.0,1,1,0.2537173306339406,0.2537173306339406,1.4824249744415283,0.8574957847595215,100,65,-0.25372,-0.25372,1,1
7500,61,38,62,3.9999999996798645,0.0,0.0,1.261631727218628,0.43694472312927246,4.0,4.0,1,1,9.401265396625048,9.401265396625048,1.4494197368621826,0.45296645164489746,100,55,-5.40127,-5.40127,1,1
7500,62,71,35,-6.083780915784001e-10,0.0,0.0,1.4714128971099854,0.7969608306884766,-0.0,-0.0,1,1,0.026830417513748105,0.026830417513748105,1.4756367206573486,0.8103103637695312,100,65,-0.02683,-0.02683,1,1
7500,63,64,17,2.968658362554364e-12,0.0,0.0,1.3329942226409912,0.26231956481933594,0.0,0.0,1,1,0.0747907871532653,0.0747907871532653,1.2685604095458984,0.25852060317993164,100,49,0.07479,0.07479,1,1
7500,64,50,94,154.99999999801807,0.0,0.0,1.5710299015045166,2.4592502117156982,155.0,155.0,1,1,1.7282293677673977,1.7282293677673977,1.5035929679870605,2.53859543800354,100,88,153.27177,153.27177,1,1
7500,65,14,89,68.00000000240745,1835.250000043385,1835.250000043385,1.5385768413543701,1.4947865009307861,68.0|3738.5,68.0|3738.5,2,2,1898.075840071005,1898.075840071005,1.5721898078918457,2.123021364212036,100,73,202.32195|3729.82973,202.32195|3729.82973,2,2
7500,66,27,36,-5.470068842296022e-13,0.0,0.0,2.8446178436279297,0.03711390495300293,-0.0,-0.0,1,1,0.11496230916638832,0.11496230916638832,2.65218448638916,0.05887126922607422,100,19,0.11496,0.11496,1,1
7500,67,40,67,3.999999999958104,0.0,0.0,2.8002264499664307,0.6747705936431885,4.0,4.0,1,1,0.8132609392342078,0.8132609392342078,2.719541549682617,0.8389780521392822,100,54,4.81326,4.81326,1,1
7500,68,29,86,1695.0000000068742,0.0,0.0,2.5303688049316406,4.475138425827026,1695.0,1695.0,1,1,108.7571485841247,108.7571485841247,2.550999402999878,5.567146062850952,100,79,1803.75715,1803.75715,1,1
7500,69,77,39,-1.413790822713106e-10,0.0,0.0,3.9420788288116455,1.7397139072418213,-0.0,-0.0,1,1,0.11104754405530971,0.11104754405530971,3.7903244495391846,1.7436349391937256,100,59,0.11105,0.11105,1,1
7500,70,57,93,26.999999990999044,0.0,0.0,3.405543327331543,5.587596654891968,27.0,27.0,1,1,16.237669819067506,16.237669819067506,2.956244945526123,5.886109828948975,100,82,43.23767,43.23767,1,1
7500,71,70,80,2.2310880106809143e-08,0.0,0.0,3.373411178588867,3.447993516921997,0.0,0.0,1,1,0.5782396895741353,0.5782396895741353,3.5279695987701416,3.456657886505127,100,70,-0.57824,-0.57824,1,1
7500,72,98,24,7.382764253179181e-09,0.0,0.0,2.6171863079071045,2.933397054672241,0.0,0.0,1,1,0.003819419840576236,0.003819419840576236,2.3207004070281982,2.032841205596924,100,78,-0.00382,-0.00382,1,1
7500,73,62,97,2.9999999801998527,0.0,0.0,1.4843807220458984,2.3644113540649414,3.0,3.0,1,1,4.163367194750892,4.163367194750892,1.5099091529846191,2.1145029067993164,100,84,7.16337,7.16337,1,1
7500,74,6,31,3.9999999999404956,0.7500000000370646,0.7500000000370646,1.4258825778961182,0.04295825958251953,4.0|5.5,4.0|5.5,2,2,0.7383711095383474,0.7383711095383474,1.5262928009033203,0.04133439064025879,100,22,3.97778|5.45452,3.97778|5.45452,2,2
7500,75,88,36,1.0745421345550862e-10,0.0,0.0,1.7163286209106445,1.4755287170410156,0.0,0.0,1,1,0.22886171666499358,0.22886171666499358,1.5292601585388184,1.4904563426971436,100,73,-0.22886,-0.22886,1,1
7500,76,69,47,-5.3860084673361536e-11,0.0,0.0,1.5495223999023438,0.37529635429382324,-0.0,-0.0,1,1,0.10542292171894527,0.10542292171894527,1.533125400543213,0.3695652484893799,100,52,0.10542,0.10542,1,1
7500,77,43,62,3.0000000022339273,0.0,0.0,1.51069974899292,0.44510769844055176,3.0,3.0,1,1,2.3013239538112154,2.3013239538112154,1.504650354385376,0.5518283843994141,100,55,5.30132,5.30132,1,1
7500,78,71,88,0.9999999651825455,0.0,0.0,1.4855906963348389,1.504760503768921,1.0,1.0,1,1,0.02114265511452207,0.02114265511452207,1.5384130477905273,1.4852685928344727,100,73,0.97886,0.97886,1,1
7500,79,4,3,-3.285292605325643e-12,4.134749122437983e-12,0.0,1.5649511814117432,0.005563974380493164,-0.0,-0.0,1,1,0.015457747130541594,0.008526313110407283,1.429119348526001,0.004817008972167969,100,2,0.00853|0.01384|0.02401,0.00853,3,1
7500,80,45,50,3.448500744197884e-12,44.16666666767253,44.16666666767253,1.330369472503662,0.2011241912841797,0.0|88.33333,0.0|88.33333,2,2,44.82344202253558,44.82344202253558,1.2694461345672607,0.1965618133544922,100,47,-1.62522|88.02167,-1.62522|88.02167,2,2
7500,81,46,18,-1.3235259072245784e-11,0.0,0.0,1.3253018856048584,0.059766292572021484,-0.0,-0.0,1,1,0.0322739599053049,0.0322739599053049,1.2739722728729248,0.0564727783203125,100,30,0.03227,0.03227,1,1
7500,82,9,68,1903.0000000030334,0.0,0.0,1.2708756923675537,0.5317959785461426,1903.0,1903.0,1,1,18.939413122104952,18.939413122104952,1.2787024974822998,0.5206403732299805,100,58,1884.06059,1884.06059,1,1
7500,83,42,44,9.036451586752128e-12,0.0,0.0,1.2707123756408691,0.1471848487854004,0.0,0.0,1,1,0.21186724678676416,0.21186724678676416,1.3272645473480225,0.14344096183776855,100,37,0.21187,0.21187,1,1
7500,84,61,6,5.351325399353764e-13,0.0,0.0,1.279695749282837,0.13194561004638672,0.0,0.0,1,1,0.016691214697235616,0.016691214697235616,1.3217756748199463,0.13225436210632324,100,39,-0.01669,-0.01669,1,1
7500,85,23,28,-2.5599522501100325e-13,0.0,0.0,1.2705051898956299,0.01405787467956543,-0.0,-0.0,1,1,0.05578930559637868,0.05578930559637868,1.3263118267059326,0.012827157974243164,100,12,0.05579,0.05579,1,1
7500,86,84,56,8.406281266920896e-09,0.0,0.0,1.330993413925171,1.3726468086242676,0.0,0.0,1,1,0.01798662483747366,0.01798662483747366,1.2701680660247803,1.3784854412078857,100,74,0.01799,0.01799,1,1
7500,87,71,42,8.036158833448078e-12,0.0,0.0,1.3394770622253418,0.946291446685791,0.0,0.0,1,1,0.07177884002008947,0.07177884002008947,1.5152580738067627,0.9661960601806641,100,65,-0.07178,-0.07178,1,1
7500,88,63,44,6.98618373831044e-11,0.0,0.0,1.528064489364624,0.6073935031890869,0.0,0.0,1,1,0.020801636902335628,0.020801636902335628,1.6071078777313232,0.599370002746582,100,58,0.0208,0.0208,1,1
7500,89,68,58,-4.761046392852883e-10,0.0,0.0,1.5518310070037842,0.6585862636566162,-0.0,-0.0,1,1,0.22609448051332326,0.22609448051332326,1.627715826034546,0.6383039951324463,100,59,0.22609,0.22609,1,1
7500,90,47,3,2.1355198623139604e-12,0.0,0.0,1.594883680343628,0.08133101463317871,0.0,0.0,1,1,0.02434663374944764,0.02434663374944764,1.584472894668579,0.08153629302978516,100,32,-0.02435,-0.02435,1,1
7500,91,53,9,-2.5834976394209622e-11,0.0,0.0,3.0498454570770264,0.5162522792816162,-0.0,-0.0,1,1,0.017843789336368217,0.017843789336368217,3.163606643676758,0.4575355052947998,100,47,-0.01784,-0.01784,1,1
7500,92,40,28,-5.168078981028068e-13,0.0,0.0,2.8676061630249023,0.26151061058044434,-0.0,-0.0,1,1,0.029844801016194168,0.029844801016194168,3.3004188537597656,0.24062180519104004,100,34,-0.02984,-0.02984,1,1
7500,93,53,4,1.069017936902204e-11,0.0,0.0,3.5817830562591553,0.6055035591125488,0.0,0.0,1,1,0.03480643347687567,0.03480643347687567,2.538498878479004,0.5081095695495605,100,47,-0.03481,-0.03481,1,1
7500,94,95,32,7.029802395032507e-10,0.0,0.0,3.037149429321289,3.005051374435425,0.0,0.0,1,1,0.003461983398741583,0.003461983398741583,3.3138339519500732,3.2001094818115234,100,76,0.00346,0.00346,1,1
7500,95,95,81,5.1670900420099736e-09,0.0,0.0,2.5546936988830566,3.5939061641693115,0.0,0.0,1,1,0.018288847248246167,0.018288847248246167,2.648627996444702,3.3851730823516846,100,77,-0.01829,-0.01829,1,1
7500,96,95,97,1.9797949282362026e-07,0.0,0.0,2.8700695037841797,5.505180358886719,0.0,0.0,1,1,1.1772728573915123,1.1772728573915123,2.896376371383667,6.83569598197937,100,85,1.17727,1.17727,1,1
7500,97,79,82,-3.342465917914638e-08,0.0,0.0,3.9505655765533447,4.925116062164307,-0.0,-0.0,1,1,0.20378386893452274,0.20378386893452274,3.9211158752441406,4.886272668838501,100,77,-0.20378,-0.20378,1,1
7500,98,35,15,-2.5456156065714323e-14,0.0,0.0,3.022352695465088,0.2283167839050293,-0.0,-0.0,1,1,0.018457664342045037,0.018457664342045037,3.2444307804107666,0.2306663990020752,100,29,-0.01846,-0.01846,1,1
7500,99,83,57,-5.297689115587091e-10,0.0,0.0,3.197756767272949,1.1390414237976074,-0.0,-0.0,1,1,0.04764377894178359,0.04764377894178359,3.064068078994751,1.128011703491211,100,60,0.04764,0.04764,1,1
10000,0,1,82,5871.0000000946975,1573.666666623246,1573.666666623246,1.622422218322754,1.3412909507751465,2913.0|4108.0|5871.0,2913.0|4108.0|5871.0,3,3,1596.0742190599915,1596.0742190599915,1.652503252029419,1.3473970890045166,100,71,2860.5293|4104.62037|5859.62767,2860.5293|4104.62037|5859.62767,3,3
10000,1,83,33,-3.8270649342743237e-10,0.0,0.0,1.5808937549591064,0.706385612487793,-0.0,-0.0,1,1,0.03216691182338332,0.03216691182338332,1.4917206764221191,0.7111117839813232,100,60,0.03217,0.03217,1,1
10000,2,28,61,25.000000000222496,0.0,0.0,1.5043432712554932,0.15244364738464355,25.0,25.0,1,1,0.04033864692466693,0.04033864692466693,1.4517462253570557,0.15409350395202637,100,39,24.95966,24.95966,1,1
10000,3,93,41,-3.5233808930577822e-09,0.0,0.0,1.4866278171539307,2.155771017074585,-0.0,-0.0,1,1,0.06936651153715062,0.06936651153715062,1.4813401699066162,2.1613259315490723,100,82,-0.06937,-0.06937,1,1
10000,4,41,23,-1.7921502665207258e-12,0.0,0.0,1.4555044174194336,0.022370338439941406,-0.0,-0.0,1,1,0.025063065356039266,0.025063065356039266,1.4859938621520996,0.023996353149414062,100,18,0.02506,0.02506,1,1
10000,5,12,71,692.0000000014842,0.0,0.0,1.3396000862121582,0.807565450668335,692.0,692.0,1,1,35.20137646387593,35.20137646387593,1.2671988010406494,0.8047447204589844,100,65,656.79862,656.79862,1,1
10000,6,43,77,14.000000006713561,0.0,0.0,1.5223617553710938,0.6430304050445557,14.0,14.0,1,1,0.519528788722246,0.519528788722246,1.5067384243011475,0.6251001358032227,100,59,13.48047,13.48047,1,1
10000,7,96,14,1.877093864979239e-08,0.0,0.0,1.5038681030273438,2.9188332557678223,0.0,0.0,1,1,0.015968161318970525,0.015968161318970525,1.5161018371582031,4.492110967636108,100,88,-0.01597,-0.01597,1,1
10000,8,81,76,-4.094036795495738e-10,0.0,0.0,1.5497348308563232,0.9447989463806152,-0.0,-0.0,1,1,0.24212447291286257,0.24212447291286257,1.4780199527740479,0.9480228424072266,100,66,0.24212,0.24212,1,1
10000,9,79,91,1.000000311181315,0.0,0.0,1.5153472423553467,1.9906296730041504,1.0,1.0,1,1,0.2630390289463178,0.2630390289463178,1.4738729000091553,2.091397285461426,100,81,1.26304,1.26304,1,1
10000,10,13,50,17.999999999992003,0.0,0.0,1.5244286060333252,0.2213904857635498,18.0,18.0,1,1,0.28323337493693046,0.28323337493693046,1.6077616214752197,0.21983027458190918,100,46,17.71677,17.71677,1,1
10000,11,46,54,2.000000000519153,0.0,0.0,1.519986629486084,0.2549729347229004,2.0,2.0,1,1,0.6061995195065679,0.6061995195065679,1.4216811656951904,0.26119279861450195,100,50,1.3938,1.3938,1,1
10000,12,19,80,690.0000000017955,0.0,0.0,1.4388320446014404,1.1149864196777344,690.0,690.0,1,1,90.22964086826437,90.22964086826437,1.4555299282073975,1.1294915676116943,100,68,780.22964,780.22964,1,1
10000,13,71,83,-3.183414610785112e-08,0.0,0.0,1.3275234699249268,0.8713245391845703,-0.0,-0.0,1,1,0.17819028753439775,0.17819028753439775,1.2716310024261475,0.9370834827423096,100,66,-0.17819,-0.17819,1,1
10000,14,65,9,1.300687203155108e-12,0.0,0.0,1.444016695022583,0.48960208892822266,0.0,0.0,1,1,0.0004517856922866845,0.0004517856922866845,1.4871528148651123,0.4771690368652344,100,56,-0.00045,-0.00045,1,1
10000,15,71,16,-8.213841115466346e-11,0.0,0.0,1.3887791633605957,0.9295811653137207,-0.0,-0.0,1,1,0.01408380855078797,0.01408380855078797,1.3466017246246338,0.9118762016296387,100,65,0.01408,0.01408,1,1
10000,16,40,31,-1.1849734702352867e-12,0.0,0.0,1.523186206817627,0.08275008201599121,-0.0,-0.0,1,1,0.047245352216689074,0.047245352216689074,1.4428517818450928,0.0785984992980957,100,34,-0.04725,-0.04725,1,1
10000,17,93,60,9.318704281461808e-09,0.0,0.0,1.3205256462097168,2.100949764251709,0.0,0.0,1,1,0.007395874909155339,0.007395874909155339,1.4256727695465088,2.199791193008423,100,82,-0.0074,-0.0074,1,1
10000,18,30,97,1745.0000000034204,0.0,0.0,1.44441556930542,2.1890833377838135,1745.0,1745.0,1,1,88.2553783049741,88.2553783049741,1.392437219619751,2.339744806289673,100,84,1833.25538,1833.25538,1,1
10000,19,51,18,1.3519795626040032e-11,0.0,0.0,1.4839017391204834,0.09357213973999023,0.0,0.0,1,1,0.030528152049031303,0.030528152049031303,1.2775564193725586,0.08316349983215332,100,33,0.03053,0.03053,1,1
10000,20,28,18,4.614975068638105e-12,0.0,0.0,1.4437799453735352,0.024708986282348633,0.0,0.0,1,1,0.010797105847440156,0.010797105847440156,1.4773390293121338,0.016851186752319336,100,13,0.0108,0.0108,1,1
10000,21,10,39,5.0000000000498845,3.2500000001198948,3.2500000001198948,1.475996494293213,0.07035017013549805,5.0|11.5,5.0|11.5,2,2,3.233681724316508,3.233681724316508,1.4467198848724365,0.0657806396484375,100,31,4.95109|11.41845,4.95109|11.41845,2,2
10000,22,4,3,-3.285292605325643e-12,4.134749122437983e-12,0.0,1.4753382205963135,0.0062122344970703125,-0.0,-0.0,1,1,0.004235465612577799,0.0004456916870895283,1.5136055946350098,0.005257368087768555,100,2,-0.01023|0.00045|0.00203,0.00045,3,1
10000,23,77,79,-6.0490956924779835e-09,0.0,0.0,1.4310460090637207,1.185826063156128,-0.0,-0.0,1,1,0.5384409868068208,0.5384409868068208,1.3385181427001953,1.198488712310791,100,72,0.53844,0.53844,1,1
10000,24,59,15,4.2910661468426964e-12,0.0,0.0,1.4943952560424805,0.2151479721069336,0.0,0.0,1,1,0.03482890023347348,0.03482890023347348,1.4772872924804688,0.2111663818359375,100,46,-0.03483,-0.03483,1,1
10000,25,93,72,-4.255240142645639e-07,0.0,0.0,1.512115716934204,2.144719362258911,-0.0,-0.0,1,1,0.04340974456888542,0.04340974456888542,1.3243181705474854,2.1846981048583984,100,82,-0.04341,-0.04341,1,1
10000,26,79,13,3.3374288266760504e-10,0.0,0.0,1.4817345142364502,1.2935864925384521,0.0,0.0,1,1,0.022442348752132645,0.022442348752132645,1.5040497779846191,1.3246042728424072,100,71,-0.02244,-0.02244,1,1
10000,27,72,57,-5.6306662956491906e-11,0.0,0.0,1.3270909786224365,0.5144643783569336,-0.0,-0.0,1,1,0.15470804530750165,0.15470804530750165,1.2889037132263184,0.5609257221221924,100,58,-0.15471,-0.15471,1,1
10000,28,15,39,4.000000000073802,0.0,0.0,1.5342040061950684,0.06475257873535156,4.0,4.0,1,1,0.0072708816351578776,0.0072708816351578776,1.463021993637085,0.06557035446166992,100,31,4.00727,4.00727,1,1
10000,29,47,2,1.5507582865106605e-11,0.0,0.0,1.255685806274414,0.07132244110107422,0.0,0.0,1,1,0.015634562155735856,0.015634562155735856,1.2741029262542725,0.06896734237670898,100,32,-0.01563,-0.01563,1,1
10000,30,5,79,5556.000000155965,0.0,0.0,1.2639005184173584,1.3518755435943604,5556.0,5556.0,1,1,78.32088007492166,78.32088007492166,1.3402576446533203,1.2746961116790771,100,71,5477.67912,5477.67912,1,1
10000,31,10,1,-5.10651752049185e-25,5.710322990217404e-14,1.142064598043481e-13,1.4502272605895996,0.005496978759765625,0.0,0.0,1,1,0.004835652374721035,0.0013053163150397629,1.355787992477417,0.004772663116455078,100,2,-0.00837|0.00131,0.00131,2,1
10000,32,21,97,2438.0000000660652,0.0,0.0,1.4572100639343262,2.37886118888855,2438.0,2438.0,1,1,697.4091686054312,697.4091686054312,1.4453067779541016,2.2505884170532227,100,84,1740.59083,1740.59083,1,1
10000,33,79,89,2.0222009670056875e-08,0.0,0.0,1.2781379222869873,1.7639861106872559,0.0,0.0,1,1,0.40655404732893224,0.40655404732893224,1.276362657546997,1.8498148918151855,100,78,-0.40655,-0.40655,1,1
10000,34,42,85,83.00000000143255,0.0,0.0,1.4450805187225342,1.4600353240966797,83.0,83.0,1,1,11.005653605870478,11.005653605870478,1.4456942081451416,1.5386488437652588,100,74,71.99435,71.99435,1,1
10000,35,42,55,2.0000000000395746,0.0,0.0,1.484302282333374,0.2888610363006592,2.0,2.0,1,1,1.4724260652916783,1.4724260652916783,1.3846967220306396,0.28765869140625,100,49,3.47243,3.47243,1,1
10000,36,6,74,827.9999999851017,202.000000009369,202.000000009369,1.4446220397949219,0.6258382797241211,828.0|1232.0,828.0|1232.0,2,2,207.04549297471635,207.04549297471635,1.4831619262695312,0.6039683818817139,100,59,816.26454|1230.35553,816.26454|1230.35553,2,2
10000,37,60,29,-2.3528523658606246e-12,0.0,0.0,1.4712533950805664,0.28913402557373047,-0.0,-0.0,1,1,0.044931381608596714,0.044931381608596714,1.538055181503296,0.28537416458129883,100,50,0.04493,0.04493,1,1
10000,38,69,19,2.390899090421093e-12,0.0,0.0,1.468567132949829,0.2878246307373047,0.0,0.0,1,1,0.00902761143009135,0.00902761143009135,1.496490240097046,0.2853660583496094,100,51,0.00903,0.00903,1,1
10000,39,18,36,9.149718020134905e-12,0.0,0.0,1.3810632228851318,0.02705693244934082,0.0,0.0,1,1,0.07891353624010344,0.07891353624010344,1.42295241355896,0.026657581329345703,100,19,0.07891,0.07891,1,1
10000,40,37,94,1601.000005738819,0.0,0.0,1.545353889465332,2.168339490890503,1601.00001,1601.00001,1,1,622.311035455948,622.311035455948,1.466925859451294,2.122307538986206,100,88,978.68897,978.68897,1,1
10000,41,4,86,29823.000000696524,8297.000000330627,8297.000000330627,1.3385379314422607,2.056931972503662,5225.0|29530.0|29823.0,5225.0|29530.0|29823.0,3,3,8226.88610677744,8226.88610677744,1.5256915092468262,2.1050360202789307,100,79,5329.57917|29782.81065|29970.04814,5329.57917|29782.81065|29970.04814,3,3
10000,42,17,51,1.1794417294663482e-11,0.0,0.0,1.6158499717712402,0.09077072143554688,0.0,0.0,1,1,0.014393969291823018,0.014393969291823018,1.5095148086547852,0.09973907470703125,100,34,0.01439,0.01439,1,1
10000,43,33,48,1.0000000000031655,0.0,0.0,1.5988383293151855,0.16024065017700195,1.0,1.0,1,1,0.19278766472204545,0.19278766472204545,1.5012977123260498,0.159698486328125,100,42,1.19279,1.19279,1,1
10000,44,2,59,45.0000000018599,0.0,0.0,1.4921972751617432,0.23244094848632812,45.0,45.0,1,1,0.5339466207088961,0.5339466207088961,1.5217828750610352,0.23337841033935547,100,46,44.46605,44.46605,1,1
10000,45,3,47,6.999999999545498,8.25000000023783,8.25000000023783,1.5435597896575928,0.0819239616394043,7.0|23.5,7.0|23.5,2,2,8.44737281254987,8.44737281254987,1.4968397617340088,0.07978248596191406,100,32,7.41653|23.47821,7.41653|23.47821,2,2
10000,46,3,66,451.99999998077607,253.00000001086332,253.00000001086332,1.5362474918365479,0.560297966003418,452.0|958.0,452.0|958.0,2,2,257.52486144876235,257.52486144876235,1.5491111278533936,0.574897050857544,100,57,452.03337|967.01635,452.03337|967.01635,2,2
10000,47,30,22,2.897936899464536e-13,0.0,0.0,1.5689349174499512,0.025325536727905273,0.0,0.0,1,1,0.033796048346098735,0.033796048346098735,1.6027460098266602,0.03385519981384277,100,19,0.0338,0.0338,1,1
10000,48,33,55,3.0000000000139657,0.0,0.0,1.6148388385772705,0.308823823928833,3.0,3.0,1,1,1.19289441203488,1.19289441203488,1.5317938327789307,0.29689812660217285,100,49,4.19289,4.19289,1,1
10000,49,34,14,-3.116798189450672e-14,0.0,0.0,1.6019368171691895,0.03210949897766113,-0.0,-0.0,1,1,0.005215048184938203,0.005215048184938203,1.5438544750213623,0.031835317611694336,100,18,-0.00522,-0.00522,1,1
10000,50,15,60,47.00000000073146,0.0,0.0,1.6106617450714111,0.30999183654785156,47.0,47.0,1,1,0.5944004237996765,0.5944004237996765,1.5248162746429443,0.3038971424102783,100,50,46.4056,46.4056,1,1
10000,51,25,56,18.000000000017966,0.0,0.0,1.573615312576294,0.3457448482513428,18.0,18.0,1,1,1.0500620157590674,1.0500620157590674,1.5378704071044922,0.3468949794769287,100,51,16.94994,16.94994,1,1
10000,52,7,86,19931.000000527227,3445.000000041563,3445.000000041563,1.5056030750274658,2.097118616104126,13041.0|19931.0,13041.0|19931.0,2,2,3377.1944331599507,3377.1944331599507,1.6003901958465576,2.1143417358398438,100,79,13459.59656|20213.98542,13459.59656|20213.98542,2,2
10000,53,18,56,45.00000000026962,0.0,0.0,1.5672693252563477,0.3504352569580078,45.0,45.0,1,1,4.375588843712251,4.375588843712251,1.5334031581878662,0.34366369247436523,100,51,49.37559,49.37559,1,1
10000,54,86,56,6.738956257355752e-09,0.0,0.0,1.5802783966064453,2.133124828338623,0.0,0.0,1,1,0.0260438752016975,0.0260438752016975,1.5211901664733887,2.1625726222991943,100,79,0.02604,0.02604,1,1
10000,55,61,19,6.781618591263283e-12,0.0,0.0,1.5437452793121338,0.14866137504577637,0.0,0.0,1,1,0.0018059824549770337,0.0018059824549770337,1.5933833122253418,0.1567981243133545,100,39,-0.00181,-0.00181,1,1
10000,56,17,44,2.0000000000192526,0.0,0.0,1.5639986991882324,0.16109013557434082,2.0,2.0,1,1,0.0363425690115049,0.0363425690115049,1.569939136505127,0.1653289794921875,100,36,2.03634,2.03634,1,1
10000,57,24,51,2.000000000002071,0.0,0.0,1.5991463661193848,0.08990716934204102,2.0,2.0,1,1,0.03225821154138142,0.03225821154138142,1.5292651653289795,0.08338475227355957,100,33,2.03226,2.03226,1,1
10000,58,18,94,6500.000000038803,0.0,0.0,1.5681633949279785,2.534724473953247,6500.0,6500.0,1,1,30.086260118588143,30.086260118588143,1.5566329956054688,2.497206926345825,100,88,6469.91374,6469.91374,1,1
10000,59,63,70,1.2447613935380797e-10,0.0,0.0,1.5323047637939453,1.0175461769104004,0.0,0.0,1,1,0.9180377457845451,0.9180377457845451,1.6171441078186035,1.0217196941375732,100,67,0.91804,0.91804,1,1
10000,60,56,71,2.999999999651793,0.0,0.0,1.625551700592041,0.9191019535064697,3.0,3.0,1,1,0.3621060971855403,0.3621060971855403,1.4904165267944336,0.9332518577575684,100,65,3.36211,3.36211,1,1
10000,61,9,100,8962.000000014421,0.0,0.0,1.6034190654754639,1.2650706768035889,8962.0,8962.0,1,1,66.82862062613458,66.82862062613458,1.6222686767578125,1.322141408920288,100,71,8895.17138,8895.17138,1,1
10000,62,98,68,4.0306454866027115e-08,0.0,0.0,1.5055198669433594,1.6888656616210938,0.0,0.0,1,1,0.052046323423455665,0.052046323423455665,1.3491482734680176,1.709397315979004,100,78,-0.05205,-0.05205,1,1
10000,63,80,2,-4.596557234489513e-11,0.0,0.0,1.503807544708252,1.1220214366912842,-0.0,-0.0,1,1,0.022623542634692403,0.022623542634692403,1.5065810680389404,1.1581616401672363,100,68,-0.02262,-0.02262,1,1
10000,64,81,97,7.635770285836527e-08,0.0,0.0,1.5142762660980225,2.3329429626464844,0.0,0.0,1,1,4.286176660295804,4.286176660295804,1.3549339771270752,2.4962410926818848,100,85,4.28618,4.28618,1,1
10000,65,57,27,-4.490009248322731e-12,0.0,0.0,1.49564790725708,0.20403099060058594,-0.0,-0.0,1,1,0.04051516340848543,0.04051516340848543,1.5351459980010986,0.196516752243042,100,45,0.04052,0.04052,1,1
10000,66,9,41,1.0000000000220253,0.0,0.0,1.2799086570739746,0.021883726119995117,1.0,1.0,1,1,0.011440859743914844,0.011440859743914844,1.3221557140350342,0.021074295043945312,100,15,1.01144,1.01144,1,1
10000,67,31,86,851.0000000013351,0.0,0.0,1.5000851154327393,2.071845054626465,851.0,851.0,1,1,84.31855084858444,84.31855084858444,1.4874968528747559,1.9808473587036133,100,79,766.68145,766.68145,1,1
10000,68,4,5,7.500061785748273e-12,1.2348412309707976e-13,0.0,1.4899089336395264,0.006326436996459961,0.0,0.0,1,1,0.00472271124694336,0.0029153082241660053,1.4654781818389893,0.005497455596923828,100,2,-0.0019|0.00292|0.00935,0.00292,3,1
10000,69,72,25,-1.4819745418911102e-11,0.0,0.0,1.4677624702453613,0.4120445251464844,-0.0,-0.0,1,1,0.041167814734607636,0.041167814734607636,1.4073033332824707,0.4656693935394287,100,55,0.04117,0.04117,1,1
10000,70,43,16,1.5109830969550828e-11,0.0,0.0,1.4587881565093994,0.03193020820617676,0.0,0.0,1,1,0.0161357450400289,0.0161357450400289,1.5379197597503662,0.0296781063079834,100,22,-0.01614,-0.01614,1,1
10000,71,16,51,5.000000000045182,0.0,0.0,1.2874903678894043,0.0889899730682373,5.0,5.0,1,1,0.41917690942653696,0.41917690942653696,1.4303627014160156,0.08741259574890137,100,33,5.41918,5.41918,1,1
10000,72,99,18,-2.1586335598268744e-07,0.0,0.0,1.524846076965332,2.2287566661834717,-0.0,-0.0,1,1,0.05808102071321326,0.05808102071321326,1.4708383083343506,2.444139003753662,100,93,0.05808,0.05808,1,1
10000,73,14,65,11.000000000316664,241.50000000570984,241.50000000570984,1.5159146785736084,0.4969654083251953,11.0|494.0,11.0|494.0,2,2,240.16219628119998,240.16219628119998,1.489241600036621,0.486004114151001,100,56,11.25508|491.06931,11.25508|491.06931,2,2
10000,74,63,68,1.2107687987559284e-09,0.0,0.0,1.5405569076538086,0.8345742225646973,0.0,0.0,1,1,0.31639235158196216,0.31639235158196216,1.3528187274932861,0.8076374530792236,100,63,0.31639,0.31639,1,1
10000,75,46,74,11.000000005839327,0.0,0.0,1.499185562133789,0.6085832118988037,11.0,11.0,1,1,4.380146716218469,4.380146716218469,1.4344277381896973,0.600123405456543,100,59,15.38015,15.38015,1,1
10000,76,35,10,-1.518268816588577e-13,0.0,0.0,1.4687800407409668,0.08048319816589355,-0.0,-0.0,1,1,0.02480074904983737,0.02480074904983737,1.4613971710205078,0.08928894996643066,100,29,0.0248,0.0248,1,1
10000,77,13,92,11150.999999997666,0.0,0.0,1.4646360874176025,2.778646945953369,11151.0,11151.0,1,1,594.5690256115831,594.5690256115831,1.4516942501068115,2.7424800395965576,100,91,11745.56903,11745.56903,1,1
10000,78,72,2,4.428201061304999e-11,0.0,0.0,1.5452613830566406,0.5094354152679443,0.0,0.0,1,1,0.05814594496609087,0.05814594496609087,1.5312118530273438,0.4857010841369629,100,55,0.05815,0.05815,1,1
10000,79,100,94,-1.1873510492415571e-06,0.0,0.0,1.4642994403839111,2.464975595474243,-0.0,-0.0,1,1,1.4918558638653814,1.4918558638653814,1.4383008480072021,2.431185007095337,100,89,-1.49186,-1.49186,1,1
10000,80,57,59,-8.091558270409227e-12,0.0,0.0,1.5695722103118896,0.24928593635559082,-0.0,-0.0,1,1,0.03170294525767102,0.03170294525767102,1.503222942352295,0.2543168067932129,100,47,-0.0317,-0.0317,1,1
10000,81,11,96,2685.000000042435,26224.3333339429,26224.3333339429,1.5423896312713623,2.2757675647735596,2685.0|55133.66667,2685.0|55133.66667,2,2,26509.392327593436,26509.392327593436,1.4622845649719238,2.3996076583862305,100,88,2476.59762|55495.38227,2476.59762|55495.38227,2,2
10000,82,96,60,-3.1037191457323676e-08,0.0,0.0,1.4646782875061035,2.3412868976593018,-0.0,-0.0,1,1,0.011351021518612232,0.011351021518612232,1.563209056854248,2.33406138420105,100,88,0.01135,0.01135,1,1
10000,83,37,36,7.6187876993209e-10,0.0,0.0,1.5488519668579102,0.03643083572387695,0.0,0.0,1,1,0.028394606044293526,0.028394606044293526,1.490243911743164,0.029320955276489258,100,20,0.02839,0.02839,1,1
10000,84,2,61,35.00000000133358,0.0,0.0,1.5003886222839355,0.14841151237487793,35.0,35.0,1,1,0.14050606151786837,0.14050606151786837,1.5084254741668701,0.14633560180664062,100,39,34.85949,34.85949,1,1
10000,85,69,67,-9.770843509998303e-11,0.0,0.0,1.2808799743652344,0.450214147567749,-0.0,-0.0,1,1,0.15736775451177534,0.15736775451177534,1.3232507705688477,0.45140528678894043,100,57,-0.15737,-0.15737,1,1
10000,86,66,24,3.14176058719771e-11,0.0,0.0,1.273207426071167,0.5631403923034668,0.0,0.0,1,1,0.02523326696796069,0.02523326696796069,1.5480101108551025,0.5457453727722168,100,57,0.02523,0.02523,1,1
10000,87,57,18,1.5842826877004929e-12,0.0,0.0,1.555490493774414,0.20071148872375488,0.0,0.0,1,1,0.0015686766619969232,0.0015686766619969232,1.450413465499878,0.19563651084899902,100,45,-0.00157,-0.00157,1,1
10000,88,63,74,5.6241696599699444e-11,0.0,0.0,1.5571889877319336,0.8831198215484619,0.0,0.0,1,1,0.04489411545903036,0.04489411545903036,1.448754072189331,0.8435938358306885,100,64,-0.04489,-0.04489,1,1
10000,89,70,55,5.662982195793769e-10,0.0,0.0,1.4859912395477295,0.7910525798797607,0.0,0.0,1,1,0.0273513890788222,0.0273513890788222,1.440986156463623,0.7670025825500488,100,63,-0.02735,-0.02735,1,1
10000,90,80,67,-2.6430091146546643e-09,0.0,0.0,1.481823444366455,1.1680731773376465,-0.0,-0.0,1,1,0.07950110733338588,0.07950110733338588,1.5555551052093506,1.1415414810180664,100,68,-0.0795,-0.0795,1,1
10000,91,91,37,-1.6550762442483593e-09,0.0,0.0,1.5523815155029297,2.0601751804351807,-0.0,-0.0,1,1,0.04907392681044827,0.04907392681044827,1.444122314453125,1.9769246578216553,100,81,-0.04907,-0.04907,1,1
10000,92,84,10,-3.318359422721018e-10,0.0,0.0,1.4768218994140625,1.5873932838439941,-0.0,-0.0,1,1,0.034001820029105304,0.034001820029105304,1.4407360553741455,1.6453449726104736,100,74,0.034,0.034,1,1
10000,93,35,1,-5.240786458173672e-13,0.0,0.0,1.4777581691741943,0.08537817001342773,-0.0,-0.0,1,1,0.011263468303458212,0.011263468303458212,1.4956326484680176,0.08008527755737305,100,29,-0.01126,-0.01126,1,1
10000,94,48,79,12.999999999132978,0.0,0.0,1.274320363998413,1.3451340198516846,13.0,13.0,1,1,2.4967603598560117,2.4967603598560117,1.3808166980743408,1.3181705474853516,100,71,15.49676,15.49676,1,1
10000,95,45,14,-2.9383902718203986e-14,0.16666666666772537,0.16666666666772537,1.5403859615325928,0.01425480842590332,-0.0|0.33333,-0.0|0.33333,2,2,0.1704133697757001,0.1704133697757001,1.4694347381591797,0.009744644165039062,100,4,-0.01367|0.32715,-0.01367|0.32715,2,2
10000,96,53,58,6.687446972866278e-11,0.0,0.0,1.528533697128296,0.2782561779022217,0.0,0.0,1,1,0.13813923958014673,0.13813923958014673,1.468616247177124,0.27048277854919434,100,48,0.13814,0.13814,1,1
10000,97,94,56,-4.2215758808231924e-08,0.0,0.0,1.433732271194458,2.5427346229553223,-0.0,-0.0,1,1,0.15668721080546003,0.15668721080546003,1.4910926818847656,2.5045549869537354,100,88,0.15669,0.15669,1,1
10000,98,43,55,1.0000000009612833,0.0,0.0,1.560213565826416,0.2822115421295166,1.0,1.0,1,1,3.27230181062476,3.27230181062476,1.509178876876831,0.29772257804870605,100,49,4.2723,4.2723,1,1
10000,99,97,92,-3.3367068982504867e-06,0.0,0.0,1.5850856304168701,2.6895291805267334,-0.0,-0.0,1,1,2.117509846902042,2.117509846902042,1.499908685684204,2.751439332962036,100,92,-2.11751,-2.11751,1,1
