Sample_Size,Exp_ID,T,Y,True_Effect,MAE_Full,MAE_Local,Time_Full,Time_Local,Eff_Full,Eff_Local,Set_Size_Full,Set_Size_Local,MAE_Full_n,MAE_Local_n,Time_Full_n,Time_Local_n,Vars_Full,Vars_Local,Eff_Full_n,Eff_Local_n,Set_Size_Full_n,Set_Size_Local_n
500,0,12,6,0.0,0.0,0.0,0.05248761177062988,0.004708051681518555,0.0,0.0,1,1,0.011676757649317816,0.011676757649317816,0.03596162796020508,0.005127668380737305,39,4,0.01168,0.01168,1,1
500,1,29,31,1.4722522717855336e-16,0.0,0.0,0.04841947555541992,0.010871648788452148,0.0,0.0,1,1,0.12326835214356398,0.12326835214356398,0.028394460678100586,0.009805679321289062,39,17,0.12327,0.12327,1,1
500,2,1,19,0.0,0.0,0.0,0.0293731689453125,0.006188631057739258,0.0,0.0,1,1,0.017807478950693185,0.017807478950693185,0.0366063117980957,0.002979278564453125,39,2,0.01781,0.01781,1,1
500,3,30,10,0.0,0.0,0.0,0.029001474380493164,0.005934715270996094,0.0,0.0,1,1,0.11835260934723005,0.11835260934723005,0.03425288200378418,0.005280017852783203,39,8,0.11835,0.11835,1,1
500,4,35,39,-4.9137928026038687e-17,0.0,0.0,0.03339886665344238,0.01708245277404785,-0.0,-0.0,1,1,0.08257279536956579,0.08257279536956579,0.033621788024902344,0.01270914077758789,39,19,0.08257,0.08257,1,1
500,5,21,34,0.0,0.0,0.0,0.03360152244567871,0.005739450454711914,0.0,0.0,1,1,0.024455507768145566,0.024455507768145566,0.031386375427246094,0.004984140396118164,39,8,0.02446,0.02446,1,1
500,6,29,5,-2.703151712130816e-16,0.0,0.0,0.03038191795349121,0.008341073989868164,-0.0,-0.0,1,1,0.06603928933149471,0.06603928933149471,0.033884525299072266,0.009077310562133789,39,13,-0.06604,-0.06604,1,1
500,7,18,3,0.0,0.0,0.0,0.030857324600219727,0.0050623416900634766,0.0,0.0,1,1,0.008916392103452596,0.008916392103452596,0.0342559814453125,0.004700660705566406,39,6,-0.00892,-0.00892,1,1
500,8,15,1,0.0,0.0,0.0,0.02670001983642578,0.003306150436401367,0.0,0.0,1,1,0.02927967481768319,0.002761105921441136,0.031234025955200195,0.0030603408813476562,39,2,-0.0558|-0.00276,-0.00276,2,1
500,9,1,33,3.0,0.0,0.0,0.09897398948669434,0.013166666030883789,3.0,3.0,1,1,0.007656092892020627,0.007656092892020627,0.036217451095581055,0.01738286018371582,39,15,2.99234,2.99234,1,1
500,10,6,8,0.0,0.0,0.0,0.031429290771484375,0.003882169723510742,0.0,0.0,1,1,0.04150344638634984,0.04150344638634984,0.023062944412231445,0.004120349884033203,39,4,-0.0415,-0.0415,1,1
500,11,24,28,0.0,0.0,0.0,0.022716522216796875,0.004492282867431641,0.0,0.0,1,1,0.069501253022863,0.069501253022863,0.025481224060058594,0.004048824310302734,39,8,0.0695,0.0695,1,1
500,12,33,25,0.0,0.0,0.0,0.027068376541137695,0.0125579833984375,0.0,0.0,1,1,0.029441931306358228,0.029441931306358228,0.02444624900817871,0.014206171035766602,39,16,0.02944,0.02944,1,1
500,13,10,22,0.0,0.0,0.0,0.025622844696044922,0.004395246505737305,0.0,0.0,1,1,0.008205923165636984,0.008205923165636984,0.02782154083251953,0.003571748733520508,39,5,-0.00821,-0.00821,1,1
500,14,27,3,0.0,0.0,0.0,0.02960491180419922,0.0072176456451416016,0.0,0.0,1,1,0.0003777406492732759,0.0003777406492732759,0.02807307243347168,0.006472349166870117,39,7,-0.00038,-0.00038,1,1
500,15,24,23,0.0,0.0,0.0,0.02608323097229004,0.006110668182373047,0.0,0.0,1,1,0.0118944318061035,0.0118944318061035,0.025692462921142578,0.00571751594543457,39,9,-0.01189,-0.01189,1,1
500,16,30,21,0.0,0.0,0.0,0.0252227783203125,0.10263991355895996,0.0,0.0,1,1,0.018399171879006845,0.018399171879006845,0.03148961067199707,0.006845951080322266,39,8,-0.0184,-0.0184,1,1
500,17,1,13,1.0,0.0,0.0,0.028151750564575195,0.005272626876831055,1.0,1.0,1,1,0.034880947421897845,0.034880947421897845,0.024994850158691406,0.0048885345458984375,39,6,1.03488,1.03488,1,1
500,18,34,38,8.609892844031826e-16,0.0,0.0,0.02572345733642578,0.010986566543579102,0.0,0.0,1,1,0.3532490832638897,0.3532490832638897,0.026608705520629883,0.010033130645751953,39,18,-0.35325,-0.35325,1,1
500,19,23,15,7.294734616928112e-17,0.0,0.0,0.023005962371826172,0.007291078567504883,0.0,0.0,1,1,0.06250413389722262,0.06250413389722262,0.02624225616455078,0.00815892219543457,39,8,0.0625,0.0625,1,1
500,20,33,27,2.581914010756178e-18,0.0,0.0,0.025501728057861328,0.018439531326293945,0.0,0.0,1,1,0.07051308670648776,0.07051308670648776,0.030643224716186523,0.01564645767211914,39,17,0.07051,0.07051,1,1
500,21,3,33,1.0,0.5,0.5,0.026610374450683594,0.014426708221435547,0.0|1.0,0.0|1.0,2,2,0.539466044516183,0.539466044516183,0.025094985961914062,0.011898994445800781,39,16,-0.07158|0.99265,-0.07158|0.99265,2,2
500,22,7,31,0.0,0.0,0.0,0.03084254264831543,0.005123615264892578,0.0,0.0,1,1,0.019292772665393337,0.019292772665393337,0.026628732681274414,0.0042896270751953125,39,7,0.01929,0.01929,1,1
500,23,11,22,0.0,0.0,0.0,0.02799057960510254,0.004317045211791992,0.0,0.0,1,1,0.02290746504232472,0.02290746504232472,0.03135347366333008,0.0035979747772216797,39,5,0.02291,0.02291,1,1
500,24,31,1,0.0,0.0,0.0,0.02814960479736328,0.0048084259033203125,0.0,0.0,1,1,0.0065033583837723775,0.0065033583837723775,0.02324962615966797,0.004202127456665039,39,7,-0.0065,-0.0065,1,1
500,25,38,23,2.5946677756541373e-15,0.0,0.0,0.023063182830810547,0.011156320571899414,0.0,0.0,1,1,0.027892662672572493,0.027892662672572493,0.026355266571044922,0.010946989059448242,39,18,-0.02789,-0.02789,1,1
500,26,37,38,1.7499279965779786e-14,0.0,0.0,0.028366565704345703,0.01932215690612793,0.0,0.0,1,1,0.08958703735292575,0.08958703735292575,0.03468966484069824,0.020261526107788086,39,26,0.08959,0.08959,1,1
500,27,6,13,1.0,0.0,0.0,0.028982877731323242,0.004593610763549805,1.0,1.0,1,1,0.062408880044854564,0.062408880044854564,0.025510311126708984,0.003849029541015625,39,6,0.93759,0.93759,1,1
500,28,26,22,3.806478941571965e-16,0.0,0.0,0.025753259658813477,0.0061647891998291016,0.0,0.0,1,1,0.025667061861769317,0.025667061861769317,0.025694847106933594,0.007309436798095703,39,10,-0.02567,-0.02567,1,1
500,29,13,32,2.1884203850784337e-16,0.0,0.0,0.023146629333496094,0.012021303176879883,0.0,0.0,1,1,0.021625487706303622,0.021625487706303622,0.028084278106689453,0.01133871078491211,39,15,0.02163,0.02163,1,1
500,30,33,17,0.0,0.0,0.0,0.031102895736694336,0.010992050170898438,0.0,0.0,1,1,0.08899266806153078,0.08899266806153078,0.027762651443481445,0.011132478713989258,39,16,-0.08899,-0.08899,1,1
500,31,12,20,0.0,0.0,0.0,0.025542020797729492,0.0031003952026367188,0.0,0.0,1,1,0.008635149702158422,0.008635149702158422,0.022624969482421875,0.0026519298553466797,39,2,-0.00864,-0.00864,1,1
500,32,12,27,0.0,0.0,0.0,0.02313852310180664,0.0053844451904296875,0.0,0.0,1,1,0.03023204650612101,0.03023204650612101,0.031189441680908203,0.005510091781616211,39,7,-0.03023,-0.03023,1,1
500,33,7,9,0.0,0.0,0.0,0.028474092483520508,0.004976034164428711,0.0,0.0,1,1,0.04431679254802197,0.04431679254802197,0.023084402084350586,0.008664131164550781,39,5,0.04432,0.04432,1,1
500,34,34,32,-4.0130117962314287e-16,0.0,0.0,0.028467178344726562,0.010456323623657227,-0.0,-0.0,1,1,0.1993524048057313,0.1993524048057313,0.023522615432739258,0.008772611618041992,39,16,0.19935,0.19935,1,1
500,35,19,22,0.0,0.0,0.0,0.02515554428100586,0.0052835941314697266,0.0,0.0,1,1,0.02288322040097138,0.02288322040097138,0.032971858978271484,0.004166841506958008,39,5,0.02288,0.02288,1,1
500,36,2,35,4.0,1.3333333333333333,2.0,0.03240633010864258,0.01352691650390625,0.0|4.0,0.0|4.0,2,2,1.503789087487978,2.1779239920876665,0.025059223175048828,0.01758575439453125,39,16,-0.25545|3.84448|3.8996,-0.25545|3.8996,3,2
500,37,37,29,6.5999665817269385e-15,0.0,0.0,0.03141474723815918,0.02167344093322754,0.0,0.0,1,1,0.010914248869824913,0.010914248869824913,0.02570796012878418,0.02591395378112793,39,25,0.01091,0.01091,1,1
500,38,31,7,0.0,0.0,0.0,0.02642536163330078,0.006174802780151367,0.0,0.0,1,1,0.01836432556860726,0.01836432556860726,0.0314173698425293,0.004464864730834961,39,7,0.01836,0.01836,1,1
500,39,21,30,0.0,0.0,0.0,0.026444435119628906,0.0062847137451171875,0.0,0.0,1,1,0.012135992355263798,0.012135992355263798,0.029569387435913086,0.006748676300048828,39,8,-0.01214,-0.01214,1,1
500,40,29,12,0.0,0.0,0.0,0.02760004997253418,0.009209394454956055,0.0,0.0,1,1,0.080391282237194,0.080391282237194,0.027016401290893555,0.010789632797241211,39,14,-0.08039,-0.08039,1,1
500,41,24,20,0.0,0.0,0.0,0.02416396141052246,0.004121303558349609,0.0,0.0,1,1,0.05637447909434257,0.05637447909434257,0.028616666793823242,0.0033426284790039062,39,4,-0.05637,-0.05637,1,1
500,42,17,21,0.0,0.0,0.0,0.02753424644470215,0.0031921863555908203,0.0,0.0,1,1,0.036279837951256194,0.01720153505780832,0.02681422233581543,0.0026268959045410156,39,2,-0.05536|-0.0172,-0.0172,2,1
500,43,1,27,0.0,0.0,0.0,0.026671648025512695,0.00562596321105957,0.0,0.0,1,1,0.04063177161991656,0.04063177161991656,0.02339911460876465,0.00531768798828125,39,7,0.04063,0.04063,1,1
500,44,5,14,0.0,0.0,0.0,0.025576353073120117,0.003813028335571289,0.0,0.0,1,1,0.02062851477656747,0.0007085716599908389,0.029174327850341797,0.002711772918701172,39,2,-0.00071|0.01771|0.04347,-0.00071,3,1
500,45,31,5,0.0,0.0,0.0,0.027918338775634766,0.004868268966674805,0.0,0.0,1,1,0.014237270338429274,0.014237270338429274,0.02220749855041504,0.0044057369232177734,39,7,-0.01424,-0.01424,1,1
500,46,2,24,0.0,0.0,0.0,0.023464202880859375,0.004740238189697266,0.0,0.0,1,1,0.03597506521040466,0.015290816933101432,0.03265857696533203,0.0037221908569335938,39,4,0.01529|0.03898|0.05365,0.01529,3,1
500,47,33,29,-4.1827006974250084e-16,0.0,0.0,0.035268306732177734,0.015511751174926758,-0.0,-0.0,1,1,0.14614608624866707,0.14614608624866707,0.03144240379333496,0.01770949363708496,39,20,0.14615,0.14615,1,1
500,48,2,24,0.0,0.0,0.0,0.029163837432861328,0.00420689582824707,0.0,0.0,1,1,0.11160584833007252,0.0763476570275507,0.02310466766357422,0.0033321380615234375,39,4,0.07635|0.1169|0.14157,0.07635,3,1
500,49,31,33,0.0,0.0,0.0,0.0236971378326416,0.01349020004272461,0.0,0.0,1,1,0.09987717194888147,0.09987717194888147,0.031710147857666016,0.012670040130615234,39,18,0.09988,0.09988,1,1
500,50,29,8,0.0,0.0,0.0,0.02404475212097168,0.008510351181030273,0.0,0.0,1,1,0.10465249109759865,0.10465249109759865,0.03115248680114746,0.011860847473144531,39,14,0.10465,0.10465,1,1
500,51,18,24,0.0,0.0,0.0,0.029750823974609375,0.007898807525634766,0.0,0.0,1,1,0.02382040717399829,0.02382040717399829,0.026404857635498047,0.006512880325317383,39,8,-0.02382,-0.02382,1,1
500,52,14,25,1.0,0.0,0.0,0.02402782440185547,0.004362583160400391,1.0,1.0,1,1,0.04423378455568927,0.04423378455568927,0.027796030044555664,0.0038008689880371094,39,4,1.04423,1.04423,1,1
500,53,29,36,-7.723290606088045e-17,0.0,0.0,0.026778459548950195,0.01369333267211914,-0.0,-0.0,1,1,0.11865288126177648,0.11865288126177648,0.029149532318115234,0.012669801712036133,39,19,-0.11865,-0.11865,1,1
500,54,9,10,0.0,0.0,0.0,0.027674436569213867,0.005839347839355469,0.0,0.0,1,1,0.04634080529696468,0.04634080529696468,0.028336524963378906,0.004434108734130859,39,5,0.04634,0.04634,1,1
500,55,16,25,0.0,0.0,0.0,0.024877548217773438,0.007506132125854492,0.0,0.0,1,1,0.1100632658387548,0.1100632658387548,0.02971959114074707,0.005045175552368164,39,7,0.11006,0.11006,1,1
500,56,10,34,1.0,0.0,0.0,0.027571678161621094,0.009946823120117188,1.0,1.0,1,1,0.05508213130866069,0.05508213130866069,0.022759199142456055,0.004433155059814453,39,7,1.05508,1.05508,1,1
500,57,16,1,0.0,0.0,0.0,0.028950929641723633,0.00520777702331543,0.0,0.0,1,1,0.004877718624512725,0.004877718624512725,0.027823686599731445,0.004395484924316406,39,4,-0.00488,-0.00488,1,1
500,58,1,35,2.0,0.0,0.0,0.024335861206054688,0.011091947555541992,2.0,2.0,1,1,0.1258672882837384,0.1258672882837384,0.029290437698364258,0.010385513305664062,39,15,1.87413,1.87413,1,1
500,59,19,33,0.0,0.0,0.0,0.027965068817138672,0.018639326095581055,0.0,0.0,1,1,0.01882396456575847,0.01882396456575847,0.024031400680541992,0.010919332504272461,39,16,-0.01882,-0.01882,1,1
500,60,25,23,0.0,0.0,0.0,0.02761054039001465,0.0069561004638671875,0.0,0.0,1,1,0.02207208537033409,0.02207208537033409,0.024818897247314453,0.0057125091552734375,39,10,0.02207,0.02207,1,1
500,61,10,32,0.0,0.0,0.0,0.02422356605529785,0.008941650390625,0.0,0.0,1,1,0.002767314502538437,0.002767314502538437,0.02805924415588379,0.0070323944091796875,39,11,-0.00277,-0.00277,1,1
500,62,6,14,0.0,0.0,0.0,0.027703523635864258,0.00435185432434082,0.0,0.0,1,1,0.02113204512479207,0.02113204512479207,0.023180007934570312,0.003347635269165039,39,4,-0.02113,-0.02113,1,1
500,63,2,19,0.0,0.0,0.0,0.024945974349975586,0.005568027496337891,0.0,0.0,1,1,0.08117905612437946,0.054815634130245275,0.031038999557495117,0.003184795379638672,39,2,0.05482|0.07884|0.10989,0.05482,3,1
500,64,34,25,3.0667078853676515e-16,0.0,0.0,0.028749704360961914,0.00597691535949707,0.0,0.0,1,1,0.036933432386468325,0.036933432386468325,0.02805352210998535,0.0050694942474365234,39,10,-0.03693,-0.03693,1,1
500,65,26,16,0.0,0.0,0.0,0.02885150909423828,0.006566762924194336,0.0,0.0,1,1,0.031056520734736023,0.031056520734736023,0.023473262786865234,0.005227088928222656,39,10,0.03106,0.03106,1,1
500,66,15,24,0.0,0.0,0.0,0.022065162658691406,0.005198478698730469,0.0,0.0,1,1,0.03236451731378235,0.0213663877009112,0.02770256996154785,0.006012678146362305,39,4,-0.04336|-0.02137,-0.02137,2,1
500,67,27,12,0.0,0.0,0.0,0.030664920806884766,0.010021209716796875,0.0,0.0,1,1,0.01001190726300026,0.01001190726300026,0.02339625358581543,0.005276203155517578,39,7,-0.01001,-0.01001,1,1
500,68,17,1,0.0,0.0,0.0,0.02663278579711914,0.004045009613037109,0.0,0.0,1,1,0.008905549168475205,0.008395725207849656,0.02541208267211914,0.0029468536376953125,39,2,-0.0084|0.00942,-0.0084,2,1
500,69,6,10,0.0,0.0,0.0,0.02342963218688965,0.006024599075317383,0.0,0.0,1,1,0.03548085425904312,0.03548085425904312,0.02991199493408203,0.004066944122314453,39,4,-0.03548,-0.03548,1,1
500,70,38,13,4.4504629866439464e-17,0.0,0.0,0.030081510543823242,0.011492490768432617,0.0,0.0,1,1,0.04496045440788784,0.04496045440788784,0.02427506446838379,0.011947154998779297,39,17,0.04496,0.04496,1,1
500,71,14,5,0.0,0.0,0.0,0.02480316162109375,0.003681182861328125,0.0,0.0,1,1,0.012317793493551001,0.012317793493551001,0.0306704044342041,0.002641916275024414,39,2,0.01232,0.01232,1,1
500,72,8,15,0.0,0.0,0.0,0.027690887451171875,0.004389762878417969,0.0,0.0,1,1,0.047487167577666425,0.005871646865432046,0.03521370887756348,0.0031876564025878906,39,2,-0.0891|-0.00587,-0.00587,2,1
500,73,27,35,0.9999999999999999,0.0,0.0,0.031655073165893555,0.00963735580444336,1.0,1.0,1,1,0.02701077697697929,0.02701077697697929,0.023865938186645508,0.00882101058959961,39,15,1.02701,1.02701,1,1
500,74,23,31,0.0,0.0,0.0,0.022263288497924805,0.006837129592895508,0.0,0.0,1,1,0.06435534179751241,0.06435534179751241,0.026653289794921875,0.005575895309448242,39,11,0.06436,0.06436,1,1
500,75,8,16,0.0,0.0,0.0,0.029460906982421875,0.005403280258178711,0.0,0.0,1,1,0.04401006295552057,0.04009145190615557,0.034056901931762695,0.00421452522277832,39,4,-0.04793|-0.04009,-0.04009,2,1
500,76,5,28,0.0,0.0,0.0,0.029753684997558594,0.005380153656005859,0.0,0.0,1,1,0.014042571900480139,0.00789223416135433,0.023381948471069336,0.003603219985961914,39,6,-0.02298|-0.00789|0.01126,-0.00789,3,1
500,77,19,7,0.0,0.0,0.0,0.026640653610229492,0.003523111343383789,0.0,0.0,1,1,2.7488169358226806e-07,2.7488169358226806e-07,0.028776168823242188,0.0027365684509277344,39,2,-0.0,-0.0,1,1
500,78,22,39,0.0,0.0,0.0,0.02887558937072754,0.005173444747924805,0.0,0.0,1,1,0.08004409891264924,0.08004409891264924,0.028161048889160156,0.004280567169189453,39,8,0.08004,0.08004,1,1
500,79,17,1,0.0,0.0,0.0,0.026807308197021484,0.00406336784362793,0.0,0.0,1,1,0.007006285475272561,0.005308105208831687,0.029012441635131836,0.00276947021484375,39,2,-0.00531|0.0087,-0.00531,2,1
500,80,22,35,0.0,0.0,0.0,0.027682781219482422,0.016036033630371094,0.0,0.0,1,1,0.15416015542097164,0.15416015542097164,0.02378559112548828,0.010396003723144531,39,17,0.15416,0.15416,1,1
500,81,37,25,1.9826922768947353e-15,0.0,0.0,0.02861166000366211,0.01945948600769043,0.0,0.0,1,1,0.0054969392986921,0.0054969392986921,0.03218221664428711,0.0254209041595459,39,25,0.0055,0.0055,1,1
500,82,5,27,0.0,0.0,0.0,0.027515172958374023,0.004884243011474609,0.0,0.0,1,1,0.02415351340160843,0.002139567891308451,0.023138999938964844,0.004324913024902344,39,7,-0.05449|-0.00214|0.01583,-0.00214,3,1
500,83,22,36,0.0,0.0,0.0,0.023349523544311523,0.007783412933349609,0.0,0.0,1,1,0.035034484808020676,0.035034484808020676,0.028081655502319336,0.007020711898803711,39,13,-0.03503,-0.03503,1,1
500,84,38,30,0.0,0.0,0.0,0.02723836898803711,0.019766807556152344,0.0,0.0,1,1,0.07521763652752671,0.07521763652752671,0.028900861740112305,0.014051198959350586,39,19,0.07522,0.07522,1,1
500,85,5,16,0.0,0.0,0.0,0.09869956970214844,0.004976749420166016,0.0,0.0,1,1,0.024565162563708314,0.002999726759397808,0.021782398223876953,0.0034198760986328125,39,4,0.003|0.01066|0.06003,0.003,3,1
500,86,13,1,3.647367308464056e-17,0.0,0.0,0.0237734317779541,0.005066633224487305,0.0,0.0,1,1,0.004379977446073452,0.004379977446073452,0.02503347396850586,0.005266904830932617,39,6,0.00438,0.00438,1,1
500,87,30,9,-1.4210854715202004e-16,0.0,0.0,0.03109884262084961,0.005559682846069336,-0.0,-0.0,1,1,0.022182324743564207,0.022182324743564207,0.02269268035888672,0.004780769348144531,39,7,-0.02218,-0.02218,1,1
500,88,39,2,0.0,0.0,0.0,0.024288415908813477,0.0041768550872802734,0.0,0.0,1,1,0.16707187179488112,0.16707187179488112,0.027805805206298828,0.004001140594482422,39,6,0.16707,0.16707,1,1
500,89,1,39,0.0,0.0,0.0,0.02230072021484375,0.00489044189453125,0.0,0.0,1,1,0.03099626022423829,0.03099626022423829,0.02606797218322754,0.004214286804199219,39,6,0.031,0.031,1,1
500,90,8,5,0.0,0.0,0.0,0.027755260467529297,0.003608226776123047,0.0,0.0,1,1,0.0340330100742195,0.022116444224552695,0.023179292678833008,0.0027849674224853516,39,2,-0.04595|-0.02212,-0.02212,2,1
500,91,36,25,0.0,0.0,0.0,0.02332282066345215,0.009061574935913086,0.0,0.0,1,1,0.010740889031184381,0.010740889031184381,0.028892993927001953,0.00842595100402832,39,15,0.01074,0.01074,1,1
500,92,23,29,4.355490327375614e-16,0.0,0.0,0.03382110595703125,0.010097265243530273,0.0,0.0,1,1,0.01722491568154461,0.01722491568154461,0.026812314987182617,0.013298988342285156,39,14,-0.01722,-0.01722,1,1
500,93,40,35,-1.924386576016938e-15,0.0,0.0,0.02739715576171875,0.01662421226501465,-0.0,-0.0,1,1,0.08751150384825601,0.08751150384825601,0.023351430892944336,0.01413726806640625,39,20,-0.08751,-0.08751,1,1
500,94,40,29,1.850371707708594e-17,0.0,0.0,0.024216890335083008,0.013527154922485352,0.0,0.0,1,1,3.056185734424726,3.056185734424726,0.027028799057006836,0.012966632843017578,39,18,-3.05619,-3.05619,1,1
500,95,40,20,0.0,0.0,0.0,0.02740645408630371,0.006782054901123047,0.0,0.0,1,1,0.08651071193480082,0.08651071193480082,0.03065204620361328,0.008318424224853516,39,12,-0.08651,-0.08651,1,1
500,96,21,9,0.0,0.0,0.0,0.02772665023803711,0.005970478057861328,0.0,0.0,1,1,0.023464996137865863,0.023464996137865863,0.023373126983642578,0.004330158233642578,39,5,-0.02346,-0.02346,1,1
500,97,26,12,0.0,0.0,0.0,0.02433180809020996,0.006227016448974609,0.0,0.0,1,1,0.02492549037486911,0.02492549037486911,0.03133869171142578,0.0055158138275146484,39,8,-0.02493,-0.02493,1,1
500,98,23,32,2.220446049250313e-16,0.0,0.0,0.03997516632080078,0.009107351303100586,0.0,0.0,1,1,0.13245115415844722,0.13245115415844722,0.03026580810546875,0.008162260055541992,39,14,0.13245,0.13245,1,1
500,99,23,22,1.4589469233856224e-16,0.0,0.0,0.03181910514831543,0.006233692169189453,0.0,0.0,1,1,0.06530704570116469,0.06530704570116469,0.026925086975097656,0.00746917724609375,39,9,-0.06531,-0.06531,1,1
1000,0,12,9,0.0,0.0,0.0,0.027623653411865234,0.006062507629394531,0.0,0.0,1,1,0.06504948835061115,0.06504948835061115,0.03200244903564453,0.005255699157714844,39,5,0.06505,0.06505,1,1
1000,1,38,37,2.7768496314622396e-14,0.0,0.0,0.030203580856323242,0.02472972869873047,0.0,0.0,1,1,0.14866030177690187,0.14866030177690187,0.02326488494873047,0.016254425048828125,39,26,0.14866,0.14866,1,1
1000,2,18,25,0.0,0.0,0.0,0.029315710067749023,0.0066225528717041016,0.0,0.0,1,1,0.02092354452707294,0.02092354452707294,0.024544954299926758,0.01360774040222168,39,9,0.02092,0.02092,1,1
1000,3,3,32,0.0,0.0,0.0,0.028431415557861328,0.007930278778076172,0.0,0.0,1,1,0.0115822561363423,0.01580761159275498,0.02183985710144043,0.0064013004302978516,39,11,0.00736|0.01581,0.01581,2,1
1000,4,6,25,0.0,0.0,0.0,0.024264097213745117,0.005125284194946289,0.0,0.0,1,1,0.007086280303554156,0.007086280303554156,0.027540922164916992,0.004365444183349609,39,7,-0.00709,-0.00709,1,1
1000,5,2,29,2.0,0.6666666666666666,1.0,0.029708147048950195,0.010458946228027344,0.0|2.0,0.0|2.0,2,2,0.6605090709507818,0.9508618864569125,0.0236968994140625,0.014132022857666016,39,14,0.14164|2.04337|2.0798,0.14164|2.04337,3,2
1000,6,35,30,-7.155157576123313e-16,0.0,0.0,0.026773929595947266,0.012679338455200195,-0.0,-0.0,1,1,0.17222903103936835,0.17222903103936835,0.022550582885742188,0.012131452560424805,39,18,-0.17223,-0.17223,1,1
1000,7,38,10,7.513147192506448e-16,0.0,0.0,0.026711463928222656,0.011507034301757812,0.0,0.0,1,1,0.02743535156218808,0.02743535156218808,0.031893253326416016,0.012757062911987305,39,17,-0.02744,-0.02744,1,1
1000,8,6,17,0.0,0.0,0.0,0.02802729606628418,0.006014823913574219,0.0,0.0,1,1,0.00305366241188104,0.00305366241188104,0.025297164916992188,0.005284786224365234,39,4,-0.00305,-0.00305,1,1
1000,9,32,15,0.0,0.0,0.0,0.025294780731201172,0.006850481033325195,0.0,0.0,1,1,0.0217626240451693,0.0217626240451693,0.024466991424560547,0.006774187088012695,39,11,-0.02176,-0.02176,1,1
1000,10,10,28,0.0,0.0,0.0,0.024263381958007812,0.004607439041137695,0.0,0.0,1,1,0.028115051254458852,0.028115051254458852,0.029947757720947266,0.004302024841308594,39,6,-0.02812,-0.02812,1,1
1000,11,31,15,0.0,0.0,0.0,0.02973031997680664,0.010141372680664062,0.0,0.0,1,1,0.026609717286914383,0.026609717286914383,0.02374744415283203,0.005186796188354492,39,7,0.02661,0.02661,1,1
1000,12,3,30,1.0,0.5,0.5,0.026500940322875977,0.007251739501953125,0.0|1.0,0.0|1.0,2,2,0.5151730454215722,0.5151730454215722,0.02432537078857422,0.0066013336181640625,39,8,-0.01525|0.98491,-0.01525|0.98491,2,2
1000,13,14,3,0.0,0.0,0.0,0.0223844051361084,0.004555940628051758,0.0,0.0,1,1,0.024003838830192786,0.024003838830192786,0.02967977523803711,0.0029706954956054688,39,2,0.024,0.024,1,1
1000,14,34,19,0.0,0.0,0.0,0.028594493865966797,0.0050814151763916016,0.0,0.0,1,1,0.029451289525901887,0.029451289525901887,0.023308515548706055,0.004371166229248047,39,8,0.02945,0.02945,1,1
1000,15,27,2,0.0,0.0,0.0,0.02406787872314453,0.004966259002685547,0.0,0.0,1,1,0.03403013457136425,0.03403013457136425,0.028969287872314453,0.00479888916015625,39,7,0.03403,0.03403,1,1
1000,16,28,36,1.0000000000000013,0.0,0.0,0.02904224395751953,0.007532358169555664,1.0,1.0,1,1,0.06175856604156493,0.06175856604156493,0.02876901626586914,0.00543975830078125,39,11,0.93824,0.93824,1,1
1000,17,17,39,0.0,0.0,0.0,0.03144025802612305,0.004467010498046875,0.0,0.0,1,1,0.0031949564090988656,0.0014233811606742398,0.02413320541381836,0.0036773681640625,39,6,-0.00497|0.00142,0.00142,2,1
1000,18,20,36,0.0,0.0,0.0,0.022812843322753906,0.008375883102416992,0.0,0.0,1,1,0.033353999330524665,0.033353999330524665,0.026275157928466797,0.006035327911376953,39,12,-0.03335,-0.03335,1,1
1000,19,22,10,0.0,0.0,0.0,0.02842545509338379,0.005495786666870117,0.0,0.0,1,1,0.006373777695925111,0.006373777695925111,0.023514986038208008,0.0037016868591308594,39,5,-0.00637,-0.00637,1,1
1000,20,11,28,1.0,0.0,0.0,0.024792909622192383,0.004422903060913086,1.0,1.0,1,1,0.06758935204634553,0.06758935204634553,0.027135610580444336,0.0035910606384277344,39,5,1.06759,1.06759,1,1
1000,21,32,3,0.0,0.0,0.0,0.02186441421508789,0.007266044616699219,0.0,0.0,1,1,0.022607989324981505,0.022607989324981505,0.028931617736816406,0.009115934371948242,39,11,-0.02261,-0.02261,1,1
1000,22,13,6,2.1884203850784337e-16,0.0,0.0,0.026754140853881836,0.005297183990478516,0.0,0.0,1,1,0.00808561148390011,0.00808561148390011,0.02771139144897461,0.004151582717895508,39,6,-0.00809,-0.00809,1,1
1000,23,8,24,0.0,0.0,0.0,0.024321794509887695,0.004060268402099609,0.0,0.0,1,1,0.0228298282273513,0.012419376858480437,0.03451657295227051,0.004894256591796875,39,4,0.01242|0.03324,0.01242,2,1
1000,24,33,7,0.0,0.0,0.0,0.02689647674560547,0.011963844299316406,0.0,0.0,1,1,0.023904477639335273,0.023904477639335273,0.02879619598388672,0.010184526443481445,39,16,-0.0239,-0.0239,1,1
1000,25,40,5,7.175772182477013e-17,0.0,0.0,0.030623435974121094,0.009378433227539062,0.0,0.0,1,1,0.19678255953266682,0.19678255953266682,0.02522754669189453,0.009601593017578125,39,13,-0.19678,-0.19678,1,1
1000,26,1,28,0.0,0.0,0.0,0.023072004318237305,0.004710197448730469,0.0,0.0,1,1,0.048584668385447775,0.048584668385447775,0.028763771057128906,0.003592252731323242,39,6,-0.04858,-0.04858,1,1
1000,27,27,24,9.62193288008469e-17,0.0,0.0,0.031124114990234375,0.004887104034423828,0.0,0.0,1,1,0.0025753615548167216,0.0025753615548167216,0.028608083724975586,0.003814220428466797,39,6,0.00258,0.00258,1,1
1000,28,22,25,0.0,0.0,0.0,0.030171632766723633,0.005347013473510742,0.0,0.0,1,1,0.07340813093443901,0.07340813093443901,0.02275991439819336,0.0045969486236572266,39,8,-0.07341,-0.07341,1,1
1000,29,32,1,0.0,0.0,0.0,0.025397777557373047,0.008696794509887695,0.0,0.0,1,1,0.017946056827229086,0.017946056827229086,0.030204296112060547,0.008625507354736328,39,11,0.01795,0.01795,1,1
1000,30,14,7,0.0,0.0,0.0,0.028727054595947266,0.0032892227172851562,0.0,0.0,1,1,0.015519001097269463,0.015519001097269463,0.02241992950439453,0.002618074417114258,39,2,-0.01552,-0.01552,1,1
1000,31,17,15,0.0,0.16666666666666666,0.16666666666666666,0.027359485626220703,0.00809478759765625,0.0|0.33333,0.0|0.33333,2,2,0.186858692390699,0.186858692390699,0.031381845474243164,0.005882740020751953,39,4,-0.07376|0.29996,-0.07376|0.29996,2,2
1000,32,15,9,0.0,0.5,0.5,0.025162935256958008,0.007327556610107422,0.0|1.0,0.0|1.0,2,2,0.5682288451043873,0.5682288451043873,0.02655482292175293,0.008365392684936523,39,6,0.14842|0.98804,0.14842|0.98804,2,2
1000,33,12,23,0.0,0.0,0.0,0.028517961502075195,0.004895925521850586,0.0,0.0,1,1,0.040066250913513644,0.040066250913513644,0.024399518966674805,0.004393815994262695,39,7,-0.04007,-0.04007,1,1
1000,34,14,3,0.0,0.0,0.0,0.024184226989746094,0.003543376922607422,0.0,0.0,1,1,0.031217343396874018,0.031217343396874018,0.02747941017150879,0.002909421920776367,39,2,-0.03122,-0.03122,1,1
1000,35,33,34,2.370984964273602e-15,0.0,0.0,0.030580997467041016,0.016601085662841797,0.0,0.0,1,1,0.08801446622311963,0.08801446622311963,0.025888442993164062,0.011645793914794922,39,17,0.08801,0.08801,1,1
1000,36,28,30,0.0,0.0,0.0,0.03187751770019531,0.011654376983642578,0.0,0.0,1,1,0.05758817602557755,0.05758817602557755,0.025752544403076172,0.008337974548339844,39,12,-0.05759,-0.05759,1,1
1000,37,20,28,0.0,0.0,0.0,0.02360081672668457,0.00443720817565918,0.0,0.0,1,1,0.0030582637876078508,0.0030582637876078508,0.03345942497253418,0.00383758544921875,39,6,0.00306,0.00306,1,1
1000,38,37,21,-2.6819537141788057e-17,0.0,0.0,0.032349348068237305,0.025861740112304688,-0.0,-0.0,1,1,0.021720862849894183,0.021720862849894183,0.024412870407104492,0.020738840103149414,39,25,0.02172,0.02172,1,1
1000,39,36,13,-1.5058459023908765e-16,0.0,0.0,0.03125715255737305,0.008515119552612305,-0.0,-0.0,1,1,0.02741620599416992,0.02741620599416992,0.027538776397705078,0.01300501823425293,39,14,-0.02742,-0.02742,1,1
1000,40,5,31,0.0,0.0,0.0,0.027116775512695312,0.005215167999267578,0.0,0.0,1,1,0.03186994659460037,0.014901723001169603,0.026785850524902344,0.004506826400756836,39,7,0.0149|0.03745|0.04326,0.0149,3,1
1000,41,23,29,4.355490327375614e-16,0.0,0.0,0.023702383041381836,0.008678436279296875,0.0,0.0,1,1,0.13963907117120444,0.13963907117120444,0.03160881996154785,0.009809255599975586,39,14,-0.13964,-0.13964,1,1
1000,42,33,26,2.74366555945944e-15,0.0,0.0,0.029486894607543945,0.012653827667236328,0.0,0.0,1,1,0.04274458187537165,0.04274458187537165,0.022637367248535156,0.018271923065185547,39,17,-0.04274,-0.04274,1,1
1000,43,40,31,0.0,0.0,0.0,0.030515670776367188,0.008204936981201172,0.0,0.0,1,1,0.06381632668246122,0.06381632668246122,0.023861408233642578,0.007805824279785156,39,16,-0.06382,-0.06382,1,1
1000,44,10,34,1.0,0.0,0.0,0.02660202980041504,0.005615234375,1.0,1.0,1,1,0.04077116483372012,0.04077116483372012,0.031812429428100586,0.004775285720825195,39,7,0.95923,0.95923,1,1
1000,45,30,36,1.9895196601282807e-15,0.0,0.0,0.03284931182861328,0.017032623291015625,0.0,0.0,1,1,0.005994727774420491,0.005994727774420491,0.025754928588867188,0.009655952453613281,39,15,0.00599,0.00599,1,1
1000,46,19,9,0.0,0.0,0.0,0.03182649612426758,0.004816532135009766,0.0,0.0,1,1,0.016354325098176786,0.016354325098176786,0.02773880958557129,0.0061151981353759766,39,5,-0.01635,-0.01635,1,1
1000,47,32,27,0.0,0.0,0.0,0.02655196189880371,0.012231826782226562,0.0,0.0,1,1,0.054821446709534996,0.054821446709534996,0.030436038970947266,0.01148533821105957,39,15,0.05482,0.05482,1,1
1000,48,39,34,0.0,0.0,0.0,0.03131246566772461,0.01628708839416504,0.0,0.0,1,1,0.08046288012038923,0.08046288012038923,0.025693416595458984,0.00806117057800293,39,12,-0.08046,-0.08046,1,1
1000,49,14,34,0.0,0.0,0.0,0.034471750259399414,0.00506138801574707,0.0,0.0,1,1,0.033846972606331294,0.033846972606331294,0.025571107864379883,0.007850170135498047,39,8,0.03385,0.03385,1,1
1000,50,14,28,0.0,0.0,0.0,0.02950882911682129,0.005627155303955078,0.0,0.0,1,1,0.05302565090897287,0.05302565090897287,0.03415703773498535,0.004019498825073242,39,6,-0.05303,-0.05303,1,1
1000,51,25,36,0.0,0.0,0.0,0.03006887435913086,0.008459329605102539,0.0,0.0,1,1,0.02947823086161352,0.02947823086161352,0.02439403533935547,0.010196208953857422,39,15,-0.02948,-0.02948,1,1
1000,52,37,26,-4.4502524832390345e-17,0.0,0.0,0.02395486831665039,0.020733356475830078,-0.0,-0.0,1,1,0.020789523142771868,0.020789523142771868,0.03081035614013672,0.019161224365234375,39,26,-0.02079,-0.02079,1,1
1000,53,21,18,0.0,0.0,0.0,0.029255151748657227,0.005335807800292969,0.0,0.0,1,1,0.03589205083738735,0.03589205083738735,0.032918453216552734,0.0045201778411865234,39,6,-0.03589,-0.03589,1,1
1000,54,7,16,0.0,0.0,0.0,0.030648231506347656,0.004868507385253906,0.0,0.0,1,1,0.011091716885481327,0.011091716885481327,0.031792640686035156,0.005900382995605469,39,4,0.01109,0.01109,1,1
1000,55,25,19,0.0,0.0,0.0,0.029070138931274414,0.004888772964477539,0.0,0.0,1,1,0.037709267334741454,0.037709267334741454,0.025042057037353516,0.004346132278442383,39,5,-0.03771,-0.03771,1,1
1000,56,26,12,0.0,0.0,0.0,0.02503824234008789,0.005610466003417969,0.0,0.0,1,1,0.06640371402722924,0.06640371402722924,0.03166055679321289,0.00524449348449707,39,8,0.0664,0.0664,1,1
1000,57,32,25,0.0,0.0,0.0,0.031665802001953125,0.009880304336547852,0.0,0.0,1,1,0.041352592614219835,0.041352592614219835,0.027247905731201172,0.013657093048095703,39,14,-0.04135,-0.04135,1,1
1000,58,15,17,0.0,0.25,0.25,0.03273749351501465,0.006742715835571289,0.0|0.5,0.0|0.5,2,2,0.2629239158395719,0.2629239158395719,0.028153419494628906,0.0057828426361083984,39,4,0.02372|0.50213,0.02372|0.50213,2,2
1000,59,39,38,0.0,0.0,0.0,0.02358698844909668,0.013711690902709961,0.0,0.0,1,1,0.05376868012084162,0.05376868012084162,0.027923583984375,0.013231754302978516,39,21,-0.05377,-0.05377,1,1
1000,60,30,5,5.151434834260726e-16,0.0,0.0,0.029269695281982422,0.006052732467651367,0.0,0.0,1,1,0.07456556941877232,0.07456556941877232,0.03220510482788086,0.0075855255126953125,39,7,-0.07457,-0.07457,1,1
1000,61,18,21,0.0,0.0,0.0,0.1045682430267334,0.005697488784790039,0.0,0.0,1,1,0.006320275718219621,0.006320275718219621,0.02442789077758789,0.00532221794128418,39,6,0.00632,0.00632,1,1
1000,62,21,30,0.0,0.0,0.0,0.024925947189331055,0.006781816482543945,0.0,0.0,1,1,0.01736948697930392,0.01736948697930392,0.027494430541992188,0.00559544563293457,39,8,-0.01737,-0.01737,1,1
1000,63,21,1,0.0,0.0,0.0,0.03084278106689453,0.0036385059356689453,0.0,0.0,1,1,0.02813220913925462,0.02813220913925462,0.02258467674255371,0.004685640335083008,39,2,-0.02813,-0.02813,1,1
1000,64,6,39,0.0,0.0,0.0,0.023646116256713867,0.005379676818847656,0.0,0.0,1,1,0.024905427619358184,0.024905427619358184,0.028848886489868164,0.004984140396118164,39,8,-0.02491,-0.02491,1,1
1000,65,35,32,-7.829414865794863e-16,0.0,0.0,0.029369115829467773,0.01810908317565918,-0.0,-0.0,1,1,0.04522491573747103,0.04522491573747103,0.030020713806152344,0.016328811645507812,39,22,-0.04522,-0.04522,1,1
1000,66,32,16,-2.5126100030990384e-16,0.0,0.0,0.032500505447387695,0.00775599479675293,-0.0,-0.0,1,1,0.024207232626870932,0.024207232626870932,0.025406360626220703,0.010821342468261719,39,10,0.02421,0.02421,1,1
1000,67,33,11,0.0,0.0,0.0,0.028247594833374023,0.010796785354614258,0.0,0.0,1,1,0.04508639462407832,0.04508639462407832,0.027094602584838867,0.009820699691772461,39,15,-0.04509,-0.04509,1,1
1000,68,39,22,0.0,0.0,0.0,0.02089834213256836,0.004982948303222656,0.0,0.0,1,1,0.03314925385263136,0.03314925385263136,0.033281564712524414,0.006060361862182617,39,8,0.03315,0.03315,1,1
1000,69,7,9,0.0,0.0,0.0,0.0288240909576416,0.004872798919677734,0.0,0.0,1,1,0.010052415503849542,0.010052415503849542,0.024883508682250977,0.00450897216796875,39,5,0.01005,0.01005,1,1
1000,70,5,31,0.0,0.0,0.0,0.024238109588623047,0.004980325698852539,0.0,0.0,1,1,0.007518405988706237,0.0016982352852527288,0.02873992919921875,0.004948616027832031,39,7,-0.0195|-0.0017|-0.00136,-0.0017,3,1
1000,71,15,20,0.0,0.0,0.0,0.02247905731201172,0.0036211013793945312,0.0,0.0,1,1,0.008685798217919575,0.001974083063502166,0.029893875122070312,0.0034112930297851562,39,2,-0.0154|-0.00197,-0.00197,2,1
1000,72,9,28,0.0,0.0,0.0,0.027483463287353516,0.006951332092285156,0.0,0.0,1,1,0.019777826055224004,0.019777826055224004,0.029198646545410156,0.00616455078125,39,9,-0.01978,-0.01978,1,1
1000,73,39,14,0.0,0.0,0.0,0.02457141876220703,0.004984140396118164,0.0,0.0,1,1,0.02816914530005774,0.02816914530005774,0.030263662338256836,0.0035185813903808594,39,6,-0.02817,-0.02817,1,1
1000,74,12,34,0.0,0.0,0.0,0.03318619728088379,0.005518436431884766,0.0,0.0,1,1,0.007296724655899531,0.007296724655899531,0.0288543701171875,0.0046422481536865234,39,8,-0.0073,-0.0073,1,1
1000,75,2,9,2.0,0.6666666666666666,1.0,0.02422952651977539,0.01026153564453125,0.0|2.0,0.0|2.0,2,2,0.7705406571315354,1.0877856484488784,0.029354333877563477,0.006112337112426758,39,5,-0.11509|2.06048|2.13605,-0.11509|2.06048,3,2
1000,76,26,39,0.0,0.0,0.0,0.02438187599182129,0.006745100021362305,0.0,0.0,1,1,0.013964714215328909,0.013964714215328909,0.027544736862182617,0.006162881851196289,39,12,0.01396,0.01396,1,1
1000,77,12,36,3.0,0.0,0.0,0.027479887008666992,0.008548974990844727,3.0,3.0,1,1,0.20645683776715185,0.20645683776715185,0.0227813720703125,0.008887052536010742,39,11,3.20646,3.20646,1,1
1000,78,18,33,0.9999999999999999,0.0,0.0,0.024679183959960938,0.015308618545532227,1.0,1.0,1,1,0.1313191167903075,0.1313191167903075,0.031241416931152344,0.011173009872436523,39,15,1.13132,1.13132,1,1
1000,79,28,2,0.0,0.0,0.0,0.02439403533935547,0.00476384162902832,0.0,0.0,1,1,0.07912573562837841,0.07912573562837841,0.027186870574951172,0.003606081008911133,39,6,-0.07913,-0.07913,1,1
1000,80,2,28,0.0,0.0,0.0,0.029464006423950195,0.004514932632446289,0.0,0.0,1,1,0.05555750458549815,0.026410852624870775,0.023291587829589844,0.003597736358642578,39,6,0.02641|0.0566|0.08367,0.02641,3,1
1000,81,37,18,5.981428288480405e-15,0.0,0.0,0.024670124053955078,0.020430803298950195,0.0,0.0,1,1,0.1256866660988479,0.1256866660988479,0.029292583465576172,0.020921945571899414,39,25,0.12569,0.12569,1,1
1000,82,20,7,0.0,0.0,0.0,0.02371668815612793,0.003764629364013672,0.0,0.0,1,1,0.013249535268276756,0.013249535268276756,0.027782917022705078,0.002959728240966797,39,2,-0.01325,-0.01325,1,1
1000,83,6,27,0.0,0.0,0.0,0.02748394012451172,0.0057582855224609375,0.0,0.0,1,1,0.038239547065687406,0.038239547065687406,0.02489447593688965,0.005124330520629883,39,9,0.03824,0.03824,1,1
1000,84,17,28,0.0,0.0,0.0,0.02608776092529297,0.004607200622558594,0.0,0.0,1,1,0.035232668097969475,0.011860061075767026,0.030846595764160156,0.006177186965942383,39,6,-0.05861|-0.01186,-0.01186,2,1
1000,85,15,38,0.0,2.0,2.0,0.025233983993530273,0.014898538589477539,0.0|4.0,0.0|4.0,2,2,2.099876255315393,2.099876255315393,0.027340412139892578,0.015072107315063477,39,19,0.17405|4.0257,0.17405|4.0257,2,2
1000,86,8,26,0.0,0.0,0.0,0.029484987258911133,0.006461143493652344,0.0,0.0,1,1,0.01057437364323884,0.0063506944864955206,0.023971080780029297,0.014669418334960938,39,8,-0.00635|0.0148,-0.00635,2,1
1000,87,36,22,-2.5376526277146434e-16,0.0,0.0,0.030287504196166992,0.01176905632019043,-0.0,-0.0,1,1,0.07834586196550393,0.07834586196550393,0.026516199111938477,0.007569074630737305,39,13,0.07835,0.07835,1,1
1000,88,14,11,0.0,0.0,0.0,0.024435997009277344,0.004064798355102539,0.0,0.0,1,1,0.007215991243789313,0.007215991243789313,0.029027223587036133,0.0036695003509521484,39,2,0.00722,0.00722,1,1
1000,89,33,17,0.0,0.0,0.0,0.028101682662963867,0.012043476104736328,0.0,0.0,1,1,0.015259161968558317,0.015259161968558317,0.02691650390625,0.016025304794311523,39,16,0.01526,0.01526,1,1
1000,90,12,28,1.0,0.0,0.0,0.029706954956054688,0.006791114807128906,1.0,1.0,1,1,0.05642462459793962,0.05642462459793962,0.028133153915405273,0.004836082458496094,39,5,1.05642,1.05642,1,1
1000,91,7,26,0.0,0.0,0.0,0.022794485092163086,0.0057010650634765625,0.0,0.0,1,1,0.0058066447280541,0.0058066447280541,0.026472091674804688,0.004880666732788086,39,8,0.00581,0.00581,1,1
1000,92,38,19,0.0,0.0,0.0,0.028346538543701172,0.011484384536743164,0.0,0.0,1,1,0.0645068552246007,0.0645068552246007,0.02350926399230957,0.011710405349731445,39,18,0.06451,0.06451,1,1
1000,93,39,38,0.0,0.0,0.0,0.023723363876342773,0.01619267463684082,0.0,0.0,1,1,0.03874464123512391,0.03874464123512391,0.03220772743225098,0.015441179275512695,39,21,0.03874,0.03874,1,1
1000,94,35,15,-1.5350719222342213e-17,0.0,0.0,0.027474403381347656,0.013416767120361328,-0.0,-0.0,1,1,0.013176375220518934,0.013176375220518934,0.028219938278198242,0.012979745864868164,39,17,0.01318,0.01318,1,1
1000,95,31,23,-1.3322676295501878e-16,0.0,0.0,0.02525496482849121,0.007457733154296875,-0.0,-0.0,1,1,0.023333623624743772,0.023333623624743772,0.028921842575073242,0.006169319152832031,39,11,-0.02333,-0.02333,1,1
1000,96,31,30,0.0,0.0,0.0,0.027295589447021484,0.008245706558227539,0.0,0.0,1,1,0.019928560931686545,0.019928560931686545,0.025100231170654297,0.00995016098022461,39,13,0.01993,0.01993,1,1
1000,97,24,5,0.0,0.0,0.0,0.023665189743041992,0.004084587097167969,0.0,0.0,1,1,0.0002513635510795917,0.0002513635510795917,0.029113054275512695,0.0033516883850097656,39,4,0.00025,0.00025,1,1
1000,98,38,23,2.5946677756541373e-15,0.0,0.0,0.030724525451660156,0.011990785598754883,0.0,0.0,1,1,0.031104071785793188,0.031104071785793188,0.02941727638244629,0.013167619705200195,39,18,0.0311,0.0311,1,1
1000,99,33,34,2.370984964273602e-15,0.0,0.0,0.03533220291137695,0.011962175369262695,0.0,0.0,1,1,0.06026190185730796,0.06026190185730796,0.028117895126342773,0.016841411590576172,39,17,0.06026,0.06026,1,1
2500,0,32,5,-7.888426753915586e-17,0.0,0.0,0.028606414794921875,0.0081634521484375,-0.0,-0.0,1,1,0.10624782360829901,0.10624782360829901,0.02302384376525879,0.006064653396606445,39,10,0.10625,0.10625,1,1
2500,1,12,35,0.0,0.0,0.0,0.025220155715942383,0.013282060623168945,0.0,0.0,1,1,0.00011327899073916086,0.00011327899073916086,0.026527881622314453,0.011676788330078125,39,16,0.00011,0.00011,1,1
2500,2,2,11,0.0,0.0,0.0,0.03125905990600586,0.003835916519165039,0.0,0.0,1,1,0.027313999125541482,0.018551351763496305,0.02476978302001953,0.0026547908782958984,39,2,0.01855|0.0242|0.03919,0.01855,3,1
2500,3,30,12,0.0,0.0,0.0,0.02547907829284668,0.0057523250579833984,0.0,0.0,1,1,0.016910717511844465,0.016910717511844465,0.027997255325317383,0.005806684494018555,39,8,-0.01691,-0.01691,1,1
2500,4,8,7,0.0,0.0,0.0,0.027562618255615234,0.0039789676666259766,0.0,0.0,1,1,0.013484258819479986,0.014289035027987238,0.02972412109375,0.0027616024017333984,39,2,-0.01429|-0.01268,-0.01429,2,1
2500,5,20,38,1.0,0.0,0.0,0.02777266502380371,0.014404058456420898,1.0,1.0,1,1,0.02679682765545366,0.02679682765545366,0.02300119400024414,0.010550975799560547,39,17,0.9732,0.9732,1,1
2500,6,12,22,0.0,0.0,0.0,0.026126623153686523,0.006346225738525391,0.0,0.0,1,1,0.0053848616559160414,0.0053848616559160414,0.028555631637573242,0.005314826965332031,39,5,0.00538,0.00538,1,1
2500,7,25,31,0.0,0.0,0.0,0.031153440475463867,0.0072634220123291016,0.0,0.0,1,1,0.029782050957497846,0.029782050957497846,0.03185534477233887,0.007811069488525391,39,10,-0.02978,-0.02978,1,1
2500,8,21,33,0.0,0.0,0.0,0.031450748443603516,0.012494564056396484,0.0,0.0,1,1,0.010104087276506357,0.010104087276506357,0.02670907974243164,0.012979984283447266,39,16,0.0101,0.0101,1,1
2500,9,28,30,0.0,0.0,0.0,0.024489402770996094,0.008126258850097656,0.0,0.0,1,1,0.019386512340071577,0.019386512340071577,0.032158851623535156,0.0071070194244384766,39,12,0.01939,0.01939,1,1
2500,10,7,33,0.0,0.0,0.0,0.028357505798339844,0.011687278747558594,0.0,0.0,1,1,0.0225557211225499,0.0225557211225499,0.03158307075500488,0.011489629745483398,39,16,-0.02256,-0.02256,1,1
2500,11,14,12,0.0,0.0,0.0,0.028003454208374023,0.0035223960876464844,0.0,0.0,1,1,0.03986588864793531,0.03986588864793531,0.023422718048095703,0.004471302032470703,39,2,-0.03987,-0.03987,1,1
2500,12,40,18,-5.427757009278544e-16,0.0,0.0,0.026142597198486328,0.012921571731567383,-0.0,-0.0,1,1,0.0561864445870261,0.0561864445870261,0.03237748146057129,0.013025999069213867,39,16,-0.05619,-0.05619,1,1
2500,13,11,28,1.0,0.0,0.0,0.02431011199951172,0.004474639892578125,1.0,1.0,1,1,0.004561055102088374,0.004561055102088374,0.027742624282836914,0.003493070602416992,39,5,0.99544,0.99544,1,1
2500,14,18,32,-1.8897413185109048e-16,0.0,0.0,0.03317594528198242,0.011980056762695312,-0.0,-0.0,1,1,0.04311063122606312,0.04311063122606312,0.024634838104248047,0.009021759033203125,39,14,0.04311,0.04311,1,1
2500,15,10,5,0.0,0.0,0.0,0.02743816375732422,0.0063130855560302734,0.0,0.0,1,1,0.03822977716473937,0.03822977716473937,0.02942180633544922,0.0031156539916992188,39,2,-0.03823,-0.03823,1,1
2500,16,19,18,0.0,0.0,0.0,0.03036808967590332,0.005221128463745117,0.0,0.0,1,1,0.030073434060723176,0.030073434060723176,0.0289614200592041,0.004548788070678711,39,6,0.03007,0.03007,1,1
2500,17,19,11,0.0,0.0,0.0,0.028177499771118164,0.003356456756591797,0.0,0.0,1,1,0.008011207979089469,0.008011207979089469,0.02414727210998535,0.0026307106018066406,39,2,-0.00801,-0.00801,1,1
2500,18,29,37,1.0000000000000029,0.0,0.0,0.024218320846557617,0.02120065689086914,1.0,1.0,1,1,0.05412137233783709,0.05412137233783709,0.028870105743408203,0.023342132568359375,39,25,1.05412,1.05412,1,1
2500,19,11,6,0.0,0.0,0.0,0.031179189682006836,0.004381418228149414,0.0,0.0,1,1,0.005190287393530962,0.005190287393530962,0.02872776985168457,0.003654003143310547,39,4,0.00519,0.00519,1,1
2500,20,39,16,0.0,0.0,0.0,0.030959367752075195,0.005118370056152344,0.0,0.0,1,1,0.08558621085036805,0.08558621085036805,0.02562880516052246,0.003949403762817383,39,7,-0.08559,-0.08559,1,1
2500,21,40,28,0.0,0.0,0.0,0.02646803855895996,0.008247852325439453,0.0,0.0,1,1,0.060568700261962725,0.060568700261962725,0.035531044006347656,0.007685661315917969,39,15,0.06057,0.06057,1,1
2500,22,14,28,0.0,0.0,0.0,0.02960038185119629,0.005041360855102539,0.0,0.0,1,1,0.032435851994988434,0.032435851994988434,0.02993011474609375,0.003606557846069336,39,6,0.03244,0.03244,1,1
2500,23,22,36,0.0,0.0,0.0,0.02892613410949707,0.007361173629760742,0.0,0.0,1,1,0.059257247532369335,0.059257247532369335,0.022420644760131836,0.007109642028808594,39,13,-0.05926,-0.05926,1,1
2500,24,26,12,0.0,0.0,0.0,0.023593425750732422,0.006989717483520508,0.0,0.0,1,1,0.03069140758638962,0.03069140758638962,0.03898310661315918,0.0060880184173583984,39,8,-0.03069,-0.03069,1,1
2500,25,30,1,3.019806626980426e-16,0.0,0.0,0.03287553787231445,0.0054399967193603516,0.0,0.0,1,1,0.016462596439718057,0.016462596439718057,0.022708892822265625,0.0047571659088134766,39,7,0.01646,0.01646,1,1
2500,26,21,20,0.0,0.0,0.0,0.02449488639831543,0.003506183624267578,0.0,0.0,1,1,0.012815354410755028,0.012815354410755028,0.03169894218444824,0.002848386764526367,39,2,-0.01282,-0.01282,1,1
2500,27,37,29,6.5999665817269385e-15,0.0,0.0,0.024138212203979492,0.02178192138671875,0.0,0.0,1,1,0.021566796845600346,0.021566796845600346,0.03200173377990723,0.02130866050720215,39,25,-0.02157,-0.02157,1,1
2500,28,28,24,0.0,0.0,0.0,0.028803586959838867,0.007209062576293945,0.0,0.0,1,1,0.016985135252315403,0.016985135252315403,0.02774786949157715,0.0044291019439697266,39,8,-0.01699,-0.01699,1,1
2500,29,40,39,-3.0872321625558886e-16,0.0,0.0,0.02884531021118164,0.006964206695556641,-0.0,-0.0,1,1,0.12953085791370797,0.12953085791370797,0.0244901180267334,0.006772041320800781,39,13,-0.12953,-0.12953,1,1
2500,30,26,5,3.806478941571965e-16,0.0,0.0,0.024811267852783203,0.005466938018798828,0.0,0.0,1,1,0.010429563598367213,0.010429563598367213,0.030552148818969727,0.005560874938964844,39,7,0.01043,0.01043,1,1
2500,31,39,37,7.105427357601002e-16,0.0,0.0,0.029018163681030273,0.028392314910888672,0.0,0.0,1,1,0.16512680318450623,0.16512680318450623,0.023679494857788086,0.021370887756347656,39,28,-0.16513,-0.16513,1,1
2500,32,9,38,2.0,0.0,0.0,0.027306556701660156,0.016308069229125977,2.0,2.0,1,1,0.11265236726959849,0.11265236726959849,0.022150754928588867,0.010700464248657227,39,17,1.88735,1.88735,1,1
2500,33,40,22,7.175772182477013e-17,0.0,0.0,0.03014540672302246,0.00972294807434082,0.0,0.0,1,1,0.037834752468095825,0.037834752468095825,0.026852130889892578,0.009223461151123047,39,16,-0.03783,-0.03783,1,1
2500,34,6,37,5.0,0.0,0.0,0.022131681442260742,0.020064115524291992,5.0,5.0,1,1,0.053750127398587644,0.053750127398587644,0.027576923370361328,0.018115758895874023,39,25,4.94625,4.94625,1,1
2500,35,5,23,2.0,0.0,0.0,0.024609804153442383,0.004965543746948242,2.0,2.0,1,1,0.017900169623866386,0.006792950202343384,0.030894994735717773,0.004423856735229492,39,6,1.96697|2.00679|2.01388,2.00679,3,1
2500,36,20,11,0.0,0.0,0.0,0.029351234436035156,0.003197908401489258,0.0,0.0,1,1,0.0022240498632609606,0.0022240498632609606,0.02423882484436035,0.08158493041992188,39,2,-0.00222,-0.00222,1,1
2500,37,5,11,0.0,0.0,0.0,0.02616286277770996,0.003335714340209961,0.0,0.0,1,1,0.018869854609691376,0.006682243392092605,0.02823781967163086,0.002711772918701172,39,2,-0.03387|-0.01606|-0.00668,-0.00668,3,1
2500,38,26,12,0.0,0.0,0.0,0.023118257522583008,0.007921934127807617,0.0,0.0,1,1,0.02974688188545232,0.02974688188545232,0.02531599998474121,0.005148410797119141,39,8,0.02975,0.02975,1,1
2500,39,6,25,0.0,0.0,0.0,0.029386043548583984,0.0067861080169677734,0.0,0.0,1,1,0.005844974463449786,0.005844974463449786,0.026145458221435547,0.005896568298339844,39,7,-0.00584,-0.00584,1,1
2500,40,17,40,0.0,0.16666666666666666,0.16666666666666666,0.023670434951782227,0.008669614791870117,0.0|0.33333,0.0|0.33333,2,2,0.1721236607002644,0.1721236607002644,0.029000520706176758,0.008053064346313477,39,14,0.01068|0.33356,0.01068|0.33356,2,2
2500,41,7,3,0.0,0.0,0.0,0.025513887405395508,0.003121614456176758,0.0,0.0,1,1,0.008585283482184004,0.008585283482184004,0.025158166885375977,0.002615690231323242,39,2,0.00859,0.00859,1,1
2500,42,28,29,4.4408920985006264e-17,0.0,0.0,0.024915695190429688,0.010619401931762695,0.0,0.0,1,1,0.10710732790553526,0.10710732790553526,0.023618698120117188,0.010971546173095703,39,16,-0.10711,-0.10711,1,1
2500,43,16,40,0.0,0.0,0.0,0.023787736892700195,0.006941556930541992,0.0,0.0,1,1,0.040987478113132816,0.040987478113132816,0.02760148048400879,0.006346940994262695,39,13,-0.04099,-0.04099,1,1
2500,44,2,30,4.0,1.3333333333333333,2.0,0.025628089904785156,0.011879682540893555,0.0|4.0,0.0|4.0,2,2,1.3490236546153724,2.0011217046442042,0.022411823272705078,0.007361888885498047,39,8,0.01827|4.02052|4.04483,0.01827|4.02052,3,2
2500,45,25,22,0.0,0.0,0.0,0.026015520095825195,0.005713224411010742,0.0,0.0,1,1,0.0010451575683153537,0.0010451575683153537,0.025377511978149414,0.005226612091064453,39,8,-0.00105,-0.00105,1,1
2500,46,15,3,0.0,0.0,0.0,0.02520155906677246,0.005642890930175781,0.0,0.0,1,1,0.007605223130375418,0.002597378041419801,0.02677774429321289,0.003614187240600586,39,2,-0.01261|-0.0026,-0.0026,2,1
2500,47,17,30,0.0,1.3333333333333333,1.3333333333333333,0.027384281158447266,0.007104635238647461,0.0|2.66667,0.0|2.66667,2,2,1.333516416310792,1.333516416310792,0.021479368209838867,0.006693363189697266,39,8,-0.01061|2.65642,-0.01061|2.65642,2,2
2500,48,20,31,0.0,0.0,0.0,0.02449178695678711,0.00576019287109375,0.0,0.0,1,1,0.015260405660186875,0.015260405660186875,0.02912592887878418,0.004617452621459961,39,7,0.01526,0.01526,1,1
2500,49,2,1,0.0,0.0,0.0,0.022563457489013672,0.0034415721893310547,0.0,0.0,1,1,0.008057222303340371,0.00495437739107376,0.03038311004638672,0.0034637451171875,39,2,-0.01297|-0.00495|0.00625,-0.00495,3,1
2500,50,8,9,0.0,0.0,0.0,0.031048297882080078,0.0055141448974609375,0.0,0.0,1,1,0.006728176480445016,0.004261587678142253,0.022724390029907227,0.004441022872924805,39,5,-0.00426|0.00919,-0.00426,2,1
2500,51,3,36,0.0,0.0,0.0,0.02501845359802246,0.008908271789550781,0.0,0.0,1,1,0.00836774417678289,0.011224472167034915,0.03391742706298828,0.007486581802368164,39,12,-0.01122|-0.00551,-0.01122,2,1
2500,52,26,15,1.9032394707859825e-16,0.0,0.0,0.027354001998901367,0.007378578186035156,0.0,0.0,1,1,0.0058771940910688734,0.0058771940910688734,0.02229475975036621,0.013515233993530273,39,9,-0.00588,-0.00588,1,1
2500,53,10,19,0.0,0.0,0.0,0.0264279842376709,0.003175497055053711,0.0,0.0,1,1,0.00406807560703043,0.00406807560703043,0.021637678146362305,0.0027513504028320312,39,2,0.00407,0.00407,1,1
2500,54,25,31,0.0,0.0,0.0,0.024263858795166016,0.009333610534667969,0.0,0.0,1,1,0.019486578242448004,0.019486578242448004,0.026604890823364258,0.005687236785888672,39,10,-0.01949,-0.01949,1,1
2500,55,39,24,0.0,0.0,0.0,0.02959156036376953,0.004621744155883789,0.0,0.0,1,1,0.03038598699767781,0.03038598699767781,0.02317190170288086,0.0038521289825439453,39,8,-0.03039,-0.03039,1,1
2500,56,35,24,8.491390076636072e-16,0.0,0.0,0.022129535675048828,0.00783991813659668,0.0,0.0,1,1,0.017863149116041997,0.017863149116041997,0.026459455490112305,0.007725238800048828,39,15,0.01786,0.01786,1,1
2500,57,6,12,0.0,0.0,0.0,0.02623128890991211,0.005197763442993164,0.0,0.0,1,1,0.001978649962540037,0.001978649962540037,0.02694106101989746,0.003693819046020508,39,4,-0.00198,-0.00198,1,1
2500,58,9,36,3.6334571715005125e-16,0.0,0.0,0.03003716468811035,0.007253885269165039,0.0,0.0,1,1,0.02211402096595446,0.02211402096595446,0.024443387985229492,0.009098291397094727,39,12,-0.02211,-0.02211,1,1
2500,59,25,34,0.0,0.0,0.0,0.021849393844604492,0.006348133087158203,0.0,0.0,1,1,0.02218678599351429,0.02218678599351429,0.029206037521362305,0.0050470829010009766,39,10,0.02219,0.02219,1,1
2500,60,1,27,0.0,0.0,0.0,0.028974533081054688,0.010071277618408203,0.0,0.0,1,1,0.002433435195967188,0.002433435195967188,0.025119781494140625,0.004886627197265625,39,7,0.00243,0.00243,1,1
2500,61,9,3,0.0,0.0,0.0,0.02736043930053711,0.0047528743743896484,0.0,0.0,1,1,0.007852873450296689,0.007852873450296689,0.023507356643676758,0.004164934158325195,39,5,-0.00785,-0.00785,1,1
2500,62,18,17,0.0,0.0,0.0,0.023977994918823242,0.006539344787597656,0.0,0.0,1,1,0.03924904858556118,0.03924904858556118,0.026279926300048828,0.006339311599731445,39,6,0.03925,0.03925,1,1
2500,63,28,17,0.0,0.0,0.0,0.027176618576049805,0.004760265350341797,0.0,0.0,1,1,0.004356649915622585,0.004356649915622585,0.0243985652923584,0.004029512405395508,39,6,0.00436,0.00436,1,1
2500,64,24,12,0.0,0.0,0.0,0.023458480834960938,0.004153251647949219,0.0,0.0,1,1,0.005635672921548871,0.005635672921548871,0.028412342071533203,0.0033528804779052734,39,4,0.00564,0.00564,1,1
2500,65,7,17,0.0,0.0,0.0,0.0267946720123291,0.0036749839782714844,0.0,0.0,1,1,0.007519384110502402,0.007519384110502402,0.025938987731933594,0.002693653106689453,39,2,0.00752,0.00752,1,1
2500,66,24,15,0.0,0.0,0.0,0.0290682315826416,0.005246400833129883,0.0,0.0,1,1,0.03459119470355914,0.03459119470355914,0.022819995880126953,0.003866910934448242,39,4,0.03459,0.03459,1,1
2500,67,20,22,0.0,0.0,0.0,0.027666091918945312,0.005007505416870117,0.0,0.0,1,1,0.0031648817935098572,0.0031648817935098572,0.03196072578430176,0.003438234329223633,39,5,0.00316,0.00316,1,1
2500,68,1,16,0.0,0.0,0.0,0.027713298797607422,0.005272865295410156,0.0,0.0,1,1,0.002026803579220461,0.002026803579220461,0.025218725204467773,0.0033004283905029297,39,4,0.00203,0.00203,1,1
2500,69,26,12,0.0,0.0,0.0,0.023920059204101562,0.005589485168457031,0.0,0.0,1,1,0.02006764492836456,0.02006764492836456,0.03520607948303223,0.005678653717041016,39,8,0.02007,0.02007,1,1
2500,70,16,19,0.0,0.0,0.0,0.030862092971801758,0.004003286361694336,0.0,0.0,1,1,0.00227126380137125,0.00227126380137125,0.02374100685119629,0.008447408676147461,39,4,-0.00227,-0.00227,1,1
2500,71,15,22,0.0,0.25,0.25,0.028160810470581055,0.007317066192626953,0.0|0.5,0.0|0.5,2,2,0.2853471720058878,0.2853471720058878,0.022077560424804688,0.006123781204223633,39,6,-0.08081|0.48988,-0.08081|0.48988,2,2
2500,72,30,28,0.0,0.0,0.0,0.022392749786376953,0.008618354797363281,0.0,0.0,1,1,0.03257720295705691,0.03257720295705691,0.03104424476623535,0.00930023193359375,39,12,0.03258,0.03258,1,1
2500,73,6,29,1.0,0.0,0.0,0.03336787223815918,0.008590459823608398,1.0,1.0,1,1,0.003200953147133312,0.003200953147133312,0.023842573165893555,0.008399486541748047,39,13,0.9968,0.9968,1,1
2500,74,21,6,0.0,0.0,0.0,0.02216815948486328,0.003985166549682617,0.0,0.0,1,1,0.005023732054651399,0.005023732054651399,0.02811574935913086,0.004611968994140625,39,4,-0.00502,-0.00502,1,1
2500,75,6,10,0.0,0.0,0.0,0.025381088256835938,0.004609107971191406,0.0,0.0,1,1,0.008268335326615032,0.008268335326615032,0.03393411636352539,0.003704071044921875,39,4,0.00827,0.00827,1,1
2500,76,37,9,3.86976618882038e-15,0.0,0.0,0.03247404098510742,0.020387887954711914,0.0,0.0,1,1,0.00863944011625214,0.00863944011625214,0.022685527801513672,0.024082422256469727,39,25,0.00864,0.00864,1,1
2500,77,2,39,0.0,0.0,0.0,0.02811717987060547,0.004515171051025391,0.0,0.0,1,1,0.009377587851098474,0.006994224211383952,0.025871992111206055,0.003995180130004883,39,6,-0.0131|-0.00804|-0.00699,-0.00699,3,1
2500,78,15,10,0.0,0.0,0.0,0.02678227424621582,0.004020214080810547,0.0,0.0,1,1,0.003382766313156046,0.006275330938025701,0.029654502868652344,0.0027666091918945312,39,2,-0.00628|-0.00049,-0.00628,2,1
2500,79,11,37,4.0,0.0,0.0,0.028881072998046875,0.0175018310546875,4.0,4.0,1,1,0.14003674049681614,0.14003674049681614,0.02170705795288086,0.023930788040161133,39,25,4.14004,4.14004,1,1
2500,80,14,28,0.0,0.0,0.0,0.031821250915527344,0.004371166229248047,0.0,0.0,1,1,0.018890061955147468,0.018890061955147468,0.027028560638427734,0.0038673877716064453,39,6,0.01889,0.01889,1,1
2500,81,6,38,4.0,0.0,0.0,0.023751258850097656,0.011152029037475586,4.0,4.0,1,1,0.1024948162931607,0.1024948162931607,0.030016660690307617,0.010546445846557617,39,17,3.89751,3.89751,1,1
2500,82,30,38,8.526512829121202e-15,0.0,0.0,0.027208566665649414,0.01292109489440918,0.0,0.0,1,1,0.05383627320349014,0.05383627320349014,0.030724287033081055,0.013214588165283203,39,19,-0.05384,-0.05384,1,1
2500,83,40,33,2.220446049250313e-16,0.0,0.0,0.030271291732788086,0.023721694946289062,0.0,0.0,1,1,0.021248750033568218,0.021248750033568218,0.02414393424987793,0.01617121696472168,39,21,-0.02125,-0.02125,1,1
2500,84,20,11,0.0,0.0,0.0,0.026515483856201172,0.0034132003784179688,0.0,0.0,1,1,0.045175225253917664,0.045175225253917664,0.022305965423583984,0.004069328308105469,39,2,-0.04518,-0.04518,1,1
2500,85,17,2,0.0,0.16666666666666666,0.16666666666666666,0.024703025817871094,0.00563359260559082,0.0|0.33333,0.0|0.33333,2,2,0.1708867886379878,0.1708867886379878,0.02884221076965332,0.005179166793823242,39,3,-0.01338|0.3284,-0.01338|0.3284,2,2
2500,86,16,37,3.0,0.0,0.0,0.026252269744873047,0.027382612228393555,3.0,3.0,1,1,0.054917125056016314,0.054917125056016314,0.024505138397216797,0.021045684814453125,39,25,2.94508,2.94508,1,1
2500,87,22,14,0.0,0.0,0.0,0.02908611297607422,0.004090785980224609,0.0,0.0,1,1,0.04736862093572199,0.04736862093572199,0.022196531295776367,0.003523111343383789,39,5,-0.04737,-0.04737,1,1
2500,88,18,39,0.0,0.0,0.0,0.02268838882446289,0.005991935729980469,0.0,0.0,1,1,0.06210568295256002,0.06210568295256002,0.029581069946289062,0.009148597717285156,39,10,-0.06211,-0.06211,1,1
2500,89,39,40,2.220446049250313e-16,0.0,0.0,0.023918867111206055,0.008077859878540039,0.0,0.0,1,1,0.06505805686495866,0.06505805686495866,0.029301881790161133,0.011072874069213867,39,13,-0.06506,-0.06506,1,1
2500,90,3,12,0.0,0.0,0.0,0.030488252639770508,0.004134654998779297,0.0,0.0,1,1,0.022089244810775552,0.005206346118827903,0.025808095932006836,0.003001689910888672,39,2,-0.03897|-0.00521,-0.00521,2,1
2500,91,39,26,0.0,0.0,0.0,0.025452613830566406,0.006665706634521484,0.0,0.0,1,1,0.014094958070574875,0.014094958070574875,0.029695987701416016,0.00600433349609375,39,12,0.01409,0.01409,1,1
2500,92,12,6,0.0,0.0,0.0,0.035073280334472656,0.006898403167724609,0.0,0.0,1,1,0.013480988799916056,0.013480988799916056,0.02806830406188965,0.009498834609985352,39,4,0.01348,0.01348,1,1
2500,93,32,34,-3.1553707015662343e-16,0.0,0.0,0.031557559967041016,0.009238958358764648,-0.0,-0.0,1,1,0.11546851100206273,0.11546851100206273,0.02237081527709961,0.01007390022277832,39,16,-0.11547,-0.11547,1,1
2500,94,32,15,0.0,0.0,0.0,0.024163007736206055,0.011302709579467773,0.0,0.0,1,1,0.0579328966771877,0.0579328966771877,0.026417255401611328,0.006581544876098633,39,11,0.05793,0.05793,1,1
2500,95,10,16,0.0,0.0,0.0,0.028421878814697266,0.009166955947875977,0.0,0.0,1,1,0.0017895878717630687,0.0017895878717630687,0.024268388748168945,0.005430698394775391,39,4,0.00179,0.00179,1,1
2500,96,16,30,0.0,0.0,0.0,0.02964043617248535,0.006799221038818359,0.0,0.0,1,1,0.009041076070653395,0.009041076070653395,0.023116111755371094,0.005659341812133789,39,10,-0.00904,-0.00904,1,1
2500,97,14,23,0.0,0.0,0.0,0.02393651008605957,0.0048482418060302734,0.0,0.0,1,1,0.0066091497576481585,0.0066091497576481585,0.026630640029907227,0.0045430660247802734,39,7,0.00661,0.00661,1,1
2500,98,21,23,0.0,0.0,0.0,0.026350021362304688,0.005198478698730469,0.0,0.0,1,1,0.007179558448139212,0.007179558448139212,0.023619413375854492,0.005523204803466797,39,7,0.00718,0.00718,1,1
2500,99,21,8,0.0,0.0,0.0,0.025243282318115234,0.0034580230712890625,0.0,0.0,1,1,0.003478376527820357,0.003478376527820357,0.030350446701049805,0.0031974315643310547,39,2,-0.00348,-0.00348,1,1
5000,0,17,10,0.0,0.0,0.0,0.027014970779418945,0.003458261489868164,0.0,0.0,1,1,0.014961336091050794,0.004865897283794869,0.0321955680847168,0.004485607147216797,39,2,0.00487|0.02506,0.00487,2,1
5000,1,38,11,1.2681426789899418e-15,0.0,0.0,0.029184579849243164,0.012047529220581055,0.0,0.0,1,1,0.014325306512662353,0.014325306512662353,0.024119853973388672,0.011165142059326172,39,17,-0.01433,-0.01433,1,1
5000,2,40,39,-3.0872321625558886e-16,0.0,0.0,0.025554656982421875,0.007614612579345703,-0.0,-0.0,1,1,0.037417298850288834,0.037417298850288834,0.031115055084228516,0.0063664913177490234,39,13,0.03742,0.03742,1,1
5000,3,38,6,-3.233165650915394e-17,0.0,0.0,0.027632713317871094,0.011399269104003906,-0.0,-0.0,1,1,0.008478616492552883,0.008478616492552883,0.027782201766967773,0.010155439376831055,39,17,0.00848,0.00848,1,1
5000,4,7,35,0.0,0.0,0.0,0.029328584671020508,0.010179758071899414,0.0,0.0,1,1,0.0037078487428776,0.0037078487428776,0.02955913543701172,0.010003328323364258,39,16,0.00371,0.00371,1,1
5000,5,7,34,0.0,0.0,0.0,0.02407979965209961,0.009267091751098633,0.0,0.0,1,1,0.01505969077718767,0.01505969077718767,0.02677297592163086,0.004958152770996094,39,8,-0.01506,-0.01506,1,1
5000,6,14,3,0.0,0.0,0.0,0.02460026741027832,0.00356292724609375,0.0,0.0,1,1,0.0025410474550827465,0.0025410474550827465,0.0315399169921875,0.002642393112182617,39,2,-0.00254,-0.00254,1,1
5000,7,1,27,0.0,0.0,0.0,0.026333332061767578,0.005434989929199219,0.0,0.0,1,1,0.0035836528149091416,0.0035836528149091416,0.024140596389770508,0.0047149658203125,39,7,-0.00358,-0.00358,1,1
5000,8,15,37,0.0,2.5,2.5,0.026372432708740234,0.02284407615661621,0.0|5.0,0.0|5.0,2,2,2.591385410007674,2.591385410007674,0.027713298797607422,0.021541357040405273,39,27,-0.13597|5.0468,-0.13597|5.0468,2,2
5000,9,17,31,0.0,0.0,0.0,0.02231287956237793,0.004941225051879883,0.0,0.0,1,1,0.005410342119162999,0.001649720406325995,0.027375221252441406,0.0043256282806396484,39,7,-0.00917|-0.00165,-0.00165,2,1
5000,10,13,18,0.0,0.0,0.0,0.030352115631103516,0.0066280364990234375,0.0,0.0,1,1,0.031674368880142925,0.031674368880142925,0.026877164840698242,0.01073455810546875,39,7,-0.03167,-0.03167,1,1
5000,11,16,38,0.0,0.0,0.0,0.027950286865234375,0.012244701385498047,0.0,0.0,1,1,0.016959043992279987,0.016959043992279987,0.023023366928100586,0.013789892196655273,39,19,0.01696,0.01696,1,1
5000,12,17,31,0.0,0.0,0.0,0.022690296173095703,0.004964113235473633,0.0,0.0,1,1,0.0007663898852527491,0.0008903240616436359,0.02901625633239746,0.004592418670654297,39,7,-0.00089|0.00064,-0.00089,2,1
5000,13,37,23,3.1450892721052823e-16,0.0,0.0,0.10027098655700684,0.02219223976135254,0.0,0.0,1,1,0.013152794323786967,0.013152794323786967,0.025975465774536133,0.016727447509765625,39,26,0.01315,0.01315,1,1
5000,14,22,36,0.0,0.0,0.0,0.030965566635131836,0.007291078567504883,0.0,0.0,1,1,0.03974831866005149,0.03974831866005149,0.02396988868713379,0.012351274490356445,39,13,-0.03975,-0.03975,1,1
5000,15,29,8,0.0,0.0,0.0,0.02805638313293457,0.009984731674194336,0.0,0.0,1,1,0.007387969398458801,0.007387969398458801,0.02258586883544922,0.007889270782470703,39,14,-0.00739,-0.00739,1,1
5000,16,10,37,3.0,0.0,0.0,0.026573896408081055,0.019336700439453125,3.0,3.0,1,1,0.02557018105529396,0.02557018105529396,0.02936077117919922,0.01874828338623047,39,25,3.02557,3.02557,1,1
5000,17,34,28,0.0,0.0,0.0,0.021613121032714844,0.0059185028076171875,0.0,0.0,1,1,0.015967610254743025,0.015967610254743025,0.02530503273010254,0.0052564144134521484,39,12,-0.01597,-0.01597,1,1
5000,18,22,12,0.0,0.0,0.0,0.02505946159362793,0.003919363021850586,0.0,0.0,1,1,0.00010962509982220223,0.00010962509982220223,0.02114725112915039,0.0034165382385253906,39,5,-0.00011,-0.00011,1,1
5000,19,25,30,0.0,0.0,0.0,0.021278858184814453,0.0074367523193359375,0.0,0.0,1,1,0.0015052743481044476,0.0015052743481044476,0.025156021118164062,0.006704568862915039,39,11,0.00151,0.00151,1,1
5000,20,12,32,1.0,0.0,0.0,0.03071451187133789,0.007292032241821289,1.0,1.0,1,1,0.017760546544247857,0.017760546544247857,0.027172088623046875,0.006167411804199219,39,10,1.01776,1.01776,1,1
5000,21,5,10,0.0,0.0,0.0,0.02521491050720215,0.0032186508178710938,0.0,0.0,1,1,0.006389431818643079,0.0024443847500222244,0.021752357482910156,0.0028028488159179688,39,2,-0.01007|0.00244|0.00665,0.00244,3,1
5000,22,39,16,0.0,0.0,0.0,0.02261042594909668,0.0050160884857177734,0.0,0.0,1,1,0.023987102127958456,0.023987102127958456,0.031184911727905273,0.0044708251953125,39,7,-0.02399,-0.02399,1,1
5000,23,37,13,1.0410172235483575e-15,0.0,0.0,0.031017541885375977,0.022449016571044922,0.0,0.0,1,1,0.03300351035988722,0.03300351035988722,0.022613525390625,0.017571449279785156,39,25,0.033,0.033,1,1
5000,24,34,27,3.0667078853676515e-16,0.0,0.0,0.02621746063232422,0.0060198307037353516,0.0,0.0,1,1,0.03549948875787048,0.03549948875787048,0.021338939666748047,0.005696773529052734,39,12,-0.0355,-0.0355,1,1
5000,25,3,6,0.0,0.0,0.0,0.023712158203125,0.004482746124267578,0.0,0.0,1,1,0.0017702613328936614,6.122470359694978e-05,0.037889719009399414,0.0050241947174072266,39,4,6e-05|0.00348,6e-05,2,1
5000,26,25,6,0.0,0.0,0.0,0.029594898223876953,0.007069587707519531,0.0,0.0,1,1,0.003846769599232971,0.003846769599232971,0.02564525604248047,0.004202604293823242,39,7,0.00385,0.00385,1,1
5000,27,3,29,0.0,0.0,0.0,0.029225826263427734,0.008298158645629883,0.0,0.0,1,1,0.008567740323138085,0.005479835567923579,0.024148941040039062,0.010685443878173828,39,14,0.00548|0.01166,0.00548,2,1
5000,28,11,28,1.0,0.0,0.0,0.024136781692504883,0.004915475845336914,1.0,1.0,1,1,0.017348778686819055,0.017348778686819055,0.03254055976867676,0.004063606262207031,39,5,0.98265,0.98265,1,1
5000,29,23,36,9.223391281501301e-16,0.0,0.0,0.031112194061279297,0.009148359298706055,0.0,0.0,1,1,0.013971731396473137,0.013971731396473137,0.02368640899658203,0.011477470397949219,39,13,-0.01397,-0.01397,1,1
5000,30,12,39,0.0,0.0,0.0,0.027342796325683594,0.004329681396484375,0.0,0.0,1,1,0.005146103630589023,0.005146103630589023,0.022002458572387695,0.0035419464111328125,39,6,0.00515,0.00515,1,1
5000,31,18,8,0.0,0.0,0.0,0.02446150779724121,0.0076944828033447266,0.0,0.0,1,1,0.02268363196026539,0.02268363196026539,0.02648758888244629,0.0050160884857177734,39,6,-0.02268,-0.02268,1,1
5000,32,20,13,0.0,0.0,0.0,0.031203508377075195,0.00519251823425293,0.0,0.0,1,1,0.003737046272371709,0.003737046272371709,0.025522947311401367,0.0044116973876953125,39,7,-0.00374,-0.00374,1,1
5000,33,5,38,8.0,0.0,0.0,0.0219573974609375,0.010702848434448242,8.0,8.0,1,1,0.21708937626499214,0.12402012881662472,0.025565385818481445,0.011346578598022461,39,17,8.12402|8.14938|8.37787,8.12402,3,1
5000,34,34,35,7.916569893959789e-16,0.0,0.0,0.023451566696166992,0.010932445526123047,0.0,0.0,1,1,0.034910496060873736,0.034910496060873736,0.03249335289001465,0.012126684188842773,39,16,0.03491,0.03491,1,1
5000,35,10,34,1.0,0.0,0.0,0.029329776763916016,0.00512385368347168,1.0,1.0,1,1,0.023140199597418643,0.023140199597418643,0.027652978897094727,0.004221916198730469,39,7,0.97686,0.97686,1,1
5000,36,10,35,3.0,0.0,0.0,0.022830724716186523,0.011592388153076172,3.0,3.0,1,1,0.039511080051899405,0.039511080051899405,0.028669357299804688,0.010216712951660156,39,15,3.03951,3.03951,1,1
5000,37,9,21,0.0,0.0,0.0,0.022363901138305664,0.005020856857299805,0.0,0.0,1,1,0.015532574131007476,0.015532574131007476,0.03199005126953125,0.0044956207275390625,39,5,-0.01553,-0.01553,1,1
5000,38,15,3,0.0,0.0,0.0,0.03197026252746582,0.003543853759765625,0.0,0.0,1,1,0.003096363636034774,0.0037785673676524983,0.023768186569213867,0.005026102066040039,39,2,-0.00378|0.00241,-0.00378,2,1
5000,39,17,33,0.0,1.8333333333333333,1.8333333333333333,0.023894309997558594,0.011144161224365234,0.0|3.66667,0.0|3.66667,2,2,1.8635546949089625,1.8635546949089625,0.029001474380493164,0.012337684631347656,39,16,0.07405|3.65306,0.07405|3.65306,2,2
5000,40,8,36,0.0,0.0,0.0,0.023177146911621094,0.006971120834350586,0.0,0.0,1,1,0.007412237192210479,0.005355299900531471,0.03117513656616211,0.007098197937011719,39,12,-0.00947|-0.00536,-0.00536,2,1
5000,41,3,14,0.0,0.0,0.0,0.030310869216918945,0.003236532211303711,0.0,0.0,1,1,0.009126965948217837,0.0025196596896698556,0.022692441940307617,0.0026035308837890625,39,2,0.00252|0.01573,0.00252,2,1
5000,42,7,6,0.0,0.0,0.0,0.021986007690429688,0.003939628601074219,0.0,0.0,1,1,0.018823943183810376,0.018823943183810376,0.027074813842773438,0.003238201141357422,39,4,0.01882,0.01882,1,1
5000,43,24,3,0.0,0.0,0.0,0.02711319923400879,0.004363059997558594,0.0,0.0,1,1,0.0027503790736492333,0.0027503790736492333,0.023170948028564453,0.0036864280700683594,39,4,-0.00275,-0.00275,1,1
5000,44,34,14,0.0,0.0,0.0,0.026735544204711914,0.0050923824310302734,0.0,0.0,1,1,0.02388824960748774,0.02388824960748774,0.032967567443847656,0.004641294479370117,39,8,0.02389,0.02389,1,1
5000,45,30,10,0.0,0.0,0.0,0.024115562438964844,0.005934953689575195,0.0,0.0,1,1,0.014282599709134515,0.014282599709134515,0.027167320251464844,0.0051457881927490234,39,8,-0.01428,-0.01428,1,1
5000,46,23,39,0.0,0.0,0.0,0.0265653133392334,0.006486415863037109,0.0,0.0,1,1,0.02703642328469252,0.02703642328469252,0.026104211807250977,0.005627632141113281,39,10,-0.02704,-0.02704,1,1
5000,47,5,21,0.0,0.0,0.0,0.026263952255249023,0.0035507678985595703,0.0,0.0,1,1,0.00915952797206148,0.00016002594272707132,0.027361631393432617,0.0027523040771484375,39,2,0.00016|0.00217|0.02515,0.00016,3,1
5000,48,34,25,3.0667078853676515e-16,0.0,0.0,0.026504039764404297,0.011748552322387695,0.0,0.0,1,1,0.009574646590195956,0.009574646590195956,0.022171735763549805,0.005226612091064453,39,10,-0.00957,-0.00957,1,1
5000,49,40,7,0.0,0.0,0.0,0.025392770767211914,0.006738901138305664,0.0,0.0,1,1,0.010468896240727471,0.010468896240727471,0.023857831954956055,0.0059871673583984375,39,12,-0.01047,-0.01047,1,1
5000,50,10,14,0.0,0.0,0.0,0.027155399322509766,0.0034422874450683594,0.0,0.0,1,1,0.0048698244244740375,0.0048698244244740375,0.028753042221069336,0.0026400089263916016,39,2,-0.00487,-0.00487,1,1
5000,51,24,19,0.0,0.0,0.0,0.030696868896484375,0.004285335540771484,0.0,0.0,1,1,0.02811795814871146,0.02811795814871146,0.02745676040649414,0.0034770965576171875,39,4,0.02812,0.02812,1,1
5000,52,12,34,0.0,0.0,0.0,0.022130250930786133,0.00606536865234375,0.0,0.0,1,1,0.008661180250882507,0.008661180250882507,0.030175447463989258,0.005587100982666016,39,8,-0.00866,-0.00866,1,1
5000,53,25,1,0.0,0.0,0.0,0.02848505973815918,0.004574298858642578,0.0,0.0,1,1,0.011606889934806474,0.011606889934806474,0.02753734588623047,0.003961086273193359,39,5,0.01161,0.01161,1,1
5000,54,22,33,0.0,0.0,0.0,0.02886033058166504,0.013365983963012695,0.0,0.0,1,1,0.13135472191347783,0.13135472191347783,0.025103330612182617,0.011999130249023438,39,18,-0.13135,-0.13135,1,1
5000,55,22,35,0.0,0.0,0.0,0.025610685348510742,0.011774301528930664,0.0,0.0,1,1,0.07882792737048064,0.07882792737048064,0.032120704650878906,0.012285709381103516,39,17,-0.07883,-0.07883,1,1
5000,56,22,20,0.0,0.0,0.0,0.022765159606933594,0.004190683364868164,0.0,0.0,1,1,0.00017731389344571657,0.00017731389344571657,0.027202844619750977,0.004080295562744141,39,5,0.00018,0.00018,1,1
5000,57,34,19,0.0,0.0,0.0,0.032488107681274414,0.00501561164855957,0.0,0.0,1,1,0.007065803268160293,0.007065803268160293,0.023102283477783203,0.004387855529785156,39,8,0.00707,0.00707,1,1
5000,58,36,27,4.229421046191072e-17,0.0,0.0,0.0233612060546875,0.010025501251220703,0.0,0.0,1,1,0.01437276321499149,0.01437276321499149,0.026304244995117188,0.00929880142211914,39,16,0.01437,0.01437,1,1
5000,59,19,29,0.0,0.0,0.0,0.031580448150634766,0.00966024398803711,0.0,0.0,1,1,0.022543833763648588,0.022543833763648588,0.02684640884399414,0.007864713668823242,39,14,0.02254,0.02254,1,1
5000,60,3,30,1.0,0.5,0.5,0.025270462036132812,0.007476329803466797,0.0|1.0,0.0|1.0,2,2,0.5105277523863871,0.5105277523863871,0.027238130569458008,0.006497621536254883,39,8,-0.01835|1.00271,-0.01835|1.00271,2,2
5000,61,33,34,2.370984964273602e-15,0.0,0.0,0.026747703552246094,0.011452436447143555,0.0,0.0,1,1,0.021648699455541903,0.021648699455541903,0.031951904296875,0.011250734329223633,39,17,0.02165,0.02165,1,1
5000,62,40,21,0.0,0.0,0.0,0.025114059448242188,0.00732421875,0.0,0.0,1,1,0.05194639310643227,0.05194639310643227,0.02639913558959961,0.005898237228393555,39,12,-0.05195,-0.05195,1,1
5000,63,40,36,3.577385301569949e-16,0.0,0.0,0.02767038345336914,0.012745380401611328,0.0,0.0,1,1,0.11309500714520916,0.11309500714520916,0.02325296401977539,0.018068552017211914,39,20,-0.1131,-0.1131,1,1
5000,64,26,8,0.0,0.0,0.0,0.027939558029174805,0.0067636966705322266,0.0,0.0,1,1,0.020659906845249234,0.020659906845249234,0.0261380672454834,0.0054492950439453125,39,8,-0.02066,-0.02066,1,1
5000,65,21,37,2.0,0.0,0.0,0.026417970657348633,0.018069028854370117,2.0,2.0,1,1,0.022551844673706523,0.022551844673706523,0.027538061141967773,0.01768350601196289,39,25,2.02255,2.02255,1,1
5000,66,23,13,0.0,0.0,0.0,0.024916887283325195,0.0051004886627197266,0.0,0.0,1,1,0.01517266743244916,0.01517266743244916,0.026112794876098633,0.004667758941650391,39,8,0.01517,0.01517,1,1
5000,67,16,22,0.0,0.0,0.0,0.03202390670776367,0.005242347717285156,0.0,0.0,1,1,0.015922096386952175,0.015922096386952175,0.02486419677734375,0.004269838333129883,39,7,0.01592,0.01592,1,1
5000,68,22,34,0.0,0.0,0.0,0.025787830352783203,0.00568842887878418,0.0,0.0,1,1,0.02294208865883552,0.02294208865883552,0.027308225631713867,0.006194353103637695,39,10,-0.02294,-0.02294,1,1
5000,69,33,22,0.0,0.0,0.0,0.02721405029296875,0.016961336135864258,0.0,0.0,1,1,0.014840307695907443,0.014840307695907443,0.024765729904174805,0.012189626693725586,39,18,-0.01484,-0.01484,1,1
5000,70,20,16,0.0,0.0,0.0,0.02805352210998535,0.004428386688232422,0.0,0.0,1,1,0.01349629756719786,0.01349629756719786,0.025381803512573242,0.0034999847412109375,39,4,0.0135,0.0135,1,1
5000,71,21,37,2.0,0.0,0.0,0.023080825805664062,0.017788410186767578,2.0,2.0,1,1,0.015984988895263452,0.015984988895263452,0.0270230770111084,0.020095109939575195,39,25,1.98402,1.98402,1,1
5000,72,2,22,1.0,0.3333333333333333,0.5,0.02306985855102539,0.005731105804443359,0.0|1.0,0.0|1.0,2,2,0.3416339421935531,0.5082570869727916,0.027379751205444336,0.006970643997192383,39,5,-0.00324|0.98673|0.99161,-0.00324|0.98673,3,2
5000,73,17,39,0.0,0.0,0.0,0.03360414505004883,0.004893302917480469,0.0,0.0,1,1,0.00461382285544533,0.002767356649486096,0.024417400360107422,0.0038652420043945312,39,6,0.00277|0.00646,0.00277,2,1
5000,74,15,39,0.0,0.0,0.0,0.023989200592041016,0.004488706588745117,0.0,0.0,1,1,0.02033093922571582,0.007846291944982261,0.029376745223999023,0.0038721561431884766,39,6,-0.03282|-0.00785,-0.00785,2,1
5000,75,6,17,0.0,0.0,0.0,0.028688430786132812,0.006117582321166992,0.0,0.0,1,1,0.009185995333951777,0.009185995333951777,0.026416778564453125,0.005028724670410156,39,4,-0.00919,-0.00919,1,1
5000,76,26,12,0.0,0.0,0.0,0.031147003173828125,0.006040334701538086,0.0,0.0,1,1,0.027435978505007803,0.027435978505007803,0.0272064208984375,0.005655050277709961,39,8,-0.02744,-0.02744,1,1
5000,77,5,39,0.0,0.0,0.0,0.02836322784423828,0.00444340705871582,0.0,0.0,1,1,0.0016387516319059964,0.00019551202442123528,0.029746294021606445,0.0040454864501953125,39,6,-0.00179|0.0002|0.00293,0.0002,3,1
5000,78,18,13,0.0,0.0,0.0,0.02854323387145996,0.005363941192626953,0.0,0.0,1,1,0.019703227968173247,0.019703227968173247,0.022944927215576172,0.006300449371337891,39,7,-0.0197,-0.0197,1,1
5000,79,39,2,0.0,0.0,0.0,0.02778935432434082,0.004940986633300781,0.0,0.0,1,1,0.013541218724559843,0.013541218724559843,0.0314784049987793,0.0043294429779052734,39,6,0.01354,0.01354,1,1
5000,80,23,33,-1.708035422500241e-17,0.0,0.0,0.026419401168823242,0.010788440704345703,-0.0,-0.0,1,1,0.04794089819839408,0.04794089819839408,0.02702474594116211,0.00998687744140625,39,16,-0.04794,-0.04794,1,1
5000,81,22,39,0.0,0.0,0.0,0.026898622512817383,0.0050678253173828125,0.0,0.0,1,1,0.01597109911998881,0.01597109911998881,0.02256488800048828,0.004350900650024414,39,8,-0.01597,-0.01597,1,1
5000,82,34,40,7.250436079184696e-16,0.0,0.0,0.02207803726196289,0.01413273811340332,0.0,0.0,1,1,0.022458643045959518,0.022458643045959518,0.03022146224975586,0.0170590877532959,39,17,0.02246,0.02246,1,1
5000,83,11,19,0.0,0.0,0.0,0.027018308639526367,0.0032820701599121094,0.0,0.0,1,1,0.001837119906451416,0.001837119906451416,0.03156900405883789,0.004911184310913086,39,2,0.00184,0.00184,1,1
5000,84,27,32,0.0,0.0,0.0,0.028439044952392578,0.01324915885925293,0.0,0.0,1,1,0.010074438605596788,0.010074438605596788,0.023701906204223633,0.01399683952331543,39,15,-0.01007,-0.01007,1,1
5000,85,34,25,3.0667078853676515e-16,0.0,0.0,0.02728581428527832,0.006622314453125,0.0,0.0,1,1,0.01866447529920001,0.01866447529920001,0.025821447372436523,0.007775068283081055,39,10,-0.01866,-0.01866,1,1
5000,86,35,12,0.0,0.0,0.0,0.02427506446838379,0.012312889099121094,0.0,0.0,1,1,0.026999364722460138,0.026999364722460138,0.02821493148803711,0.01070094108581543,39,16,-0.027,-0.027,1,1
5000,87,29,23,-4.633974363652827e-16,0.0,0.0,0.02672576904296875,0.00807952880859375,-0.0,-0.0,1,1,0.0021386064805897958,0.0021386064805897958,0.021485328674316406,0.012702465057373047,39,14,0.00214,0.00214,1,1
5000,88,30,23,-1.4210854715202004e-16,0.0,0.0,0.028703927993774414,0.008266925811767578,-0.0,-0.0,1,1,0.00048412438294641205,0.00048412438294641205,0.024361371994018555,0.00686955451965332,39,9,-0.00048,-0.00048,1,1
5000,89,21,25,0.0,0.0,0.0,0.024364471435546875,0.004246950149536133,0.0,0.0,1,1,0.00406185435130715,0.00406185435130715,0.0280916690826416,0.00595855712890625,39,5,-0.00406,-0.00406,1,1
5000,90,40,37,2.4178190314058966e-15,0.0,0.0,0.027274608612060547,0.029024124145507812,0.0,0.0,1,1,0.33498595479276133,0.33498595479276133,0.021453380584716797,0.02623462677001953,39,29,0.33499,0.33499,1,1
5000,91,39,17,0.0,0.0,0.0,0.029296398162841797,0.0047342777252197266,0.0,0.0,1,1,0.011304328922758632,0.011304328922758632,0.023020029067993164,0.007936477661132812,39,6,0.0113,0.0113,1,1
5000,92,38,23,2.5946677756541373e-15,0.0,0.0,0.021509170532226562,0.010753154754638672,0.0,0.0,1,1,0.04940681400825596,0.04940681400825596,0.030047178268432617,0.009891271591186523,39,18,-0.04941,-0.04941,1,1
5000,93,19,21,0.0,0.0,0.0,0.02207660675048828,0.0034198760986328125,0.0,0.0,1,1,0.001081420625324552,0.001081420625324552,0.029951810836791992,0.0035088062286376953,39,2,-0.00108,-0.00108,1,1
5000,94,6,13,1.0,0.0,0.0,0.02994370460510254,0.004671812057495117,1.0,1.0,1,1,0.018597431642880413,0.018597431642880413,0.02327895164489746,0.005075216293334961,39,6,0.9814,0.9814,1,1
5000,95,3,24,0.0,0.0,0.0,0.021563053131103516,0.0038509368896484375,0.0,0.0,1,1,0.003005235888856284,0.005678634157689053,0.028383493423461914,0.003450632095336914,39,4,-0.00568|-0.00033,-0.00568,2,1
5000,96,27,28,0.0,0.0,0.0,0.028093814849853516,0.007195234298706055,0.0,0.0,1,1,0.00956125767203614,0.00956125767203614,0.0268707275390625,0.006351470947265625,39,10,0.00956,0.00956,1,1
5000,97,18,21,0.0,0.0,0.0,0.030176639556884766,0.00532078742980957,0.0,0.0,1,1,0.003671766922776817,0.003671766922776817,0.024394512176513672,0.004635334014892578,39,6,0.00367,0.00367,1,1
5000,98,20,19,0.0,0.0,0.0,0.022043943405151367,0.0034172534942626953,0.0,0.0,1,1,0.0005182100711724936,0.0005182100711724936,0.02729654312133789,0.0027000904083251953,39,2,-0.00052,-0.00052,1,1
5000,99,30,31,0.0,0.0,0.0,0.026802778244018555,0.009698867797851562,0.0,0.0,1,1,0.019878152876156387,0.019878152876156387,0.02323627471923828,0.016010046005249023,39,13,-0.01988,-0.01988,1,1
7500,0,35,27,7.320651378833616e-16,0.0,0.0,0.026765823364257812,0.009602546691894531,0.0,0.0,1,1,0.017239682436607413,0.017239682436607413,0.022619962692260742,0.010734081268310547,39,15,0.01724,0.01724,1,1
7500,1,6,32,1.4802973661668753e-16,0.0,0.0,0.024242877960205078,0.007359743118286133,0.0,0.0,1,1,0.0360527060472003,0.0360527060472003,0.03109431266784668,0.006784915924072266,39,12,0.03605,0.03605,1,1
7500,2,36,18,-6.458973504392515e-16,0.0,0.0,0.02938556671142578,0.013218164443969727,-0.0,-0.0,1,1,0.013795618009836638,0.013795618009836638,0.023344755172729492,0.0076944828033447266,39,13,-0.0138,-0.0138,1,1
7500,3,35,12,0.0,0.0,0.0,0.028216123580932617,0.010062932968139648,0.0,0.0,1,1,0.002915040583324499,0.002915040583324499,0.028527021408081055,0.009299516677856445,39,16,-0.00292,-0.00292,1,1
7500,4,7,3,0.0,0.0,0.0,0.02496480941772461,0.0036275386810302734,0.0,0.0,1,1,0.0011984507851925642,0.0011984507851925642,0.03282666206359863,0.0031554698944091797,39,2,0.0012,0.0012,1,1
7500,5,34,21,0.0,0.0,0.0,0.027604341506958008,0.005422353744506836,0.0,0.0,1,1,0.04319603010906258,0.04319603010906258,0.025959253311157227,0.004557371139526367,39,8,-0.0432,-0.0432,1,1
7500,6,26,8,0.0,0.0,0.0,0.021485090255737305,0.0057981014251708984,0.0,0.0,1,1,0.005437680571170282,0.005437680571170282,0.030350923538208008,0.005009174346923828,39,8,-0.00544,-0.00544,1,1
7500,7,6,30,2.0,0.0,0.0,0.025150299072265625,0.00537419319152832,2.0,2.0,1,1,0.04380585341698939,0.04380585341698939,0.02749800682067871,0.0066471099853515625,39,7,2.04381,2.04381,1,1
7500,8,27,17,0.0,0.0,0.0,0.02877974510192871,0.0054607391357421875,0.0,0.0,1,1,0.0284984699795713,0.0284984699795713,0.02512836456298828,0.0042994022369384766,39,7,-0.0285,-0.0285,1,1
7500,9,33,26,2.74366555945944e-15,0.0,0.0,0.021895647048950195,0.010945320129394531,0.0,0.0,1,1,0.0068007400125337705,0.0068007400125337705,0.028146743774414062,0.01178884506225586,39,17,0.0068,0.0068,1,1
7500,10,29,15,-1.351575856065408e-16,0.0,0.0,0.025985240936279297,0.012643098831176758,-0.0,-0.0,1,1,0.002576847480257428,0.002576847480257428,0.027237892150878906,0.011223554611206055,39,15,-0.00258,-0.00258,1,1
7500,11,18,37,0.9999999999999979,0.0,0.0,0.02892327308654785,0.024865150451660156,1.0,1.0,1,1,0.08085651256637849,0.08085651256637849,0.02211141586303711,0.017166852951049805,39,25,0.91914,0.91914,1,1
7500,12,26,13,1.450087215836939e-16,0.0,0.0,0.02818441390991211,0.006186246871948242,0.0,0.0,1,1,0.018381240691977923,0.018381240691977923,0.022852182388305664,0.005097627639770508,39,9,-0.01838,-0.01838,1,1
7500,13,2,16,0.0,0.0,0.0,0.025562047958374023,0.004181861877441406,0.0,0.0,1,1,0.02606027182297892,0.013531956403033812,0.028696537017822266,0.003393411636352539,39,4,-0.03728|-0.02736|-0.01353,-0.01353,3,1
7500,14,23,17,1.4589469233856224e-16,0.0,0.0,0.028472900390625,0.006946563720703125,0.0,0.0,1,1,0.0016087243014954301,0.0016087243014954301,0.02599358558654785,0.006129026412963867,39,7,-0.00161,-0.00161,1,1
7500,15,13,33,-1.708035422500241e-17,0.0,0.0,0.025397539138793945,0.013515949249267578,-0.0,-0.0,1,1,0.0009224703423069007,0.0009224703423069007,0.025191783905029297,0.013167142868041992,39,16,-0.00092,-0.00092,1,1
7500,16,18,17,0.0,0.0,0.0,0.02327704429626465,0.0070073604583740234,0.0,0.0,1,1,0.043129232625285834,0.043129232625285834,0.031524658203125,0.0071566104888916016,39,6,-0.04313,-0.04313,1,1
7500,17,8,27,0.0,0.0,0.0,0.03081226348876953,0.006734609603881836,0.0,0.0,1,1,0.005494460521724621,0.0023438580055623382,0.02749323844909668,0.004228830337524414,39,7,0.00234|0.00865,0.00234,2,1
7500,18,37,39,-2.2595154812019315e-16,0.0,0.0,0.027723073959350586,0.022574186325073242,-0.0,-0.0,1,1,0.005076452061884242,0.005076452061884242,0.02335524559020996,0.02635049819946289,39,28,0.00508,0.00508,1,1
7500,19,21,5,0.0,0.0,0.0,0.033458709716796875,0.004063606262207031,0.0,0.0,1,1,0.015048181142124544,0.015048181142124544,0.02358269691467285,0.0035707950592041016,39,2,-0.01505,-0.01505,1,1
7500,20,7,24,0.0,0.0,0.0,0.022021055221557617,0.0037832260131835938,0.0,0.0,1,1,0.0024967870813717855,0.0024967870813717855,0.026292800903320312,0.0059316158294677734,39,4,0.0025,0.0025,1,1
7500,21,15,12,0.0,0.0,0.0,0.028091907501220703,0.005685567855834961,0.0,0.0,1,1,0.011264619234009376,0.005358383101846306,0.023455381393432617,0.0033998489379882812,39,2,-0.01717|-0.00536,-0.00536,2,1
7500,22,26,32,6.162870667306991e-16,0.0,0.0,0.026306867599487305,0.010104894638061523,0.0,0.0,1,1,0.0007676042930290074,0.0007676042930290074,0.03043222427368164,0.009644746780395508,39,16,0.00077,0.00077,1,1
7500,23,28,7,0.0,0.0,0.0,0.025219440460205078,0.0042896270751953125,0.0,0.0,1,1,0.009656438453047618,0.009656438453047618,0.029023170471191406,0.003531217575073242,39,6,-0.00966,-0.00966,1,1
7500,24,22,37,8.881784197001253e-17,0.0,0.0,0.03071141242980957,0.02485489845275879,0.0,0.0,1,1,0.015606341042091201,0.015606341042091201,0.02475452423095703,0.026523590087890625,39,27,-0.01561,-0.01561,1,1
7500,25,21,20,0.0,0.0,0.0,0.02934122085571289,0.003646373748779297,0.0,0.0,1,1,0.00920591556920501,0.00920591556920501,0.022961139678955078,0.002618074417114258,39,2,-0.00921,-0.00921,1,1
7500,26,21,32,2.0,0.0,0.0,0.024708032608032227,0.007122516632080078,2.0,2.0,1,1,0.017626346478063937,0.017626346478063937,0.034509897232055664,0.006292819976806641,39,10,2.01763,2.01763,1,1
7500,27,10,2,0.0,0.0,0.0,0.03205585479736328,0.003651857376098633,0.0,0.0,1,1,0.009577168837591056,0.009577168837591056,0.029869556427001953,0.007941961288452148,39,2,-0.00958,-0.00958,1,1
7500,28,38,6,-3.233165650915394e-17,0.0,0.0,0.022795438766479492,0.011106729507446289,-0.0,-0.0,1,1,0.011518145686478269,0.011518145686478269,0.027150392532348633,0.010216712951660156,39,17,0.01152,0.01152,1,1
7500,29,7,31,0.0,0.0,0.0,0.02239823341369629,0.004758596420288086,0.0,0.0,1,1,0.0034059661892676587,0.0034059661892676587,0.02813720703125,0.004104137420654297,39,7,-0.00341,-0.00341,1,1
7500,30,3,17,0.0,0.0,0.0,0.027914047241210938,0.0036249160766601562,0.0,0.0,1,1,0.027462288140792275,0.020516873551096392,0.02682948112487793,0.00449061393737793,39,2,-0.03441|-0.02052,-0.02052,2,1
7500,31,23,1,3.647367308464056e-17,0.0,0.0,0.02626204490661621,0.004957675933837891,0.0,0.0,1,1,0.01796243153074428,0.01796243153074428,0.026931285858154297,0.004273653030395508,39,6,-0.01796,-0.01796,1,1
7500,32,14,21,0.0,0.0,0.0,0.027444124221801758,0.0031464099884033203,0.0,0.0,1,1,0.011092387118119877,0.011092387118119877,0.025780916213989258,0.0026323795318603516,39,2,0.01109,0.01109,1,1
7500,33,38,26,-4.039393340888339e-15,0.0,0.0,0.02824878692626953,0.01368856430053711,-0.0,-0.0,1,1,0.018932402108582397,0.018932402108582397,0.024325132369995117,0.01152491569519043,39,18,-0.01893,-0.01893,1,1
7500,34,17,36,0.0,0.6666666666666666,0.6666666666666666,0.029855728149414062,0.00875997543334961,0.0|1.33333,0.0|1.33333,2,2,0.6696821493325844,0.6696821493325844,0.02856588363647461,0.007874250411987305,39,12,0.01065|1.32872,0.01065|1.32872,2,2
7500,35,19,29,0.0,0.0,0.0,0.021683931350708008,0.008720636367797852,0.0,0.0,1,1,0.0006496748545967984,0.0006496748545967984,0.02620553970336914,0.008246183395385742,39,14,-0.00065,-0.00065,1,1
7500,36,1,27,0.0,0.0,0.0,0.025835037231445312,0.0057220458984375,0.0,0.0,1,1,0.0069865085426216045,0.0069865085426216045,0.022998809814453125,0.004312038421630859,39,7,-0.00699,-0.00699,1,1
7500,37,5,14,0.0,0.0,0.0,0.023433446884155273,0.0036406517028808594,0.0,0.0,1,1,0.00208994336006318,0.0028384640364163393,0.02825474739074707,0.002686738967895508,39,2,-0.00314|-0.00284|0.00029,-0.00284,3,1
7500,38,33,18,2.74366555945944e-15,0.0,0.0,0.027769088745117188,0.015289068222045898,0.0,0.0,1,1,0.0248960934923498,0.0248960934923498,0.0217440128326416,0.009640693664550781,39,15,0.0249,0.0249,1,1
7500,39,30,39,0.0,0.0,0.0,0.02769184112548828,0.009271860122680664,0.0,0.0,1,1,0.025131153535436154,0.025131153535436154,0.025980472564697266,0.008888721466064453,39,12,-0.02513,-0.02513,1,1
7500,40,10,29,2.0,0.0,0.0,0.023585796356201172,0.008226156234741211,2.0,2.0,1,1,0.013560073236412729,0.013560073236412729,0.0281674861907959,0.007539510726928711,39,13,1.98644,1.98644,1,1
7500,41,15,39,0.0,0.0,0.0,0.027156591415405273,0.004301786422729492,0.0,0.0,1,1,0.006963328028557385,0.005070459525949498,0.02639150619506836,0.003644704818725586,39,6,-0.00886|-0.00507,-0.00507,2,1
7500,42,29,33,3.089316242435218e-16,0.0,0.0,0.027396440505981445,0.015386581420898438,0.0,0.0,1,1,0.014009319416063303,0.014009319416063303,0.022928714752197266,0.014890432357788086,39,20,0.01401,0.01401,1,1
7500,43,7,35,0.0,0.0,0.0,0.02399301528930664,0.010711431503295898,0.0,0.0,1,1,0.0005936161014598568,0.0005936161014598568,0.028165102005004883,0.00941324234008789,39,16,-0.00059,-0.00059,1,1
7500,44,15,9,0.0,0.5,0.5,0.02341294288635254,0.006894826889038086,0.0|1.0,0.0|1.0,2,2,0.5097059338996297,0.5097059338996297,0.03025531768798828,0.006227016448974609,39,6,0.02294|0.99647,0.02294|0.99647,2,2
7500,45,13,7,0.0,0.0,0.0,0.027927875518798828,0.005720376968383789,0.0,0.0,1,1,0.013329236662257599,0.013329236662257599,0.025719165802001953,0.005381584167480469,39,7,0.01333,0.01333,1,1
7500,46,11,15,0.0,0.0,0.0,0.02501988410949707,0.003422975540161133,0.0,0.0,1,1,0.0013366739333579784,0.0013366739333579784,0.02933502197265625,0.002646207809448242,39,2,0.00134,0.00134,1,1
7500,47,35,10,-7.853394866786306e-17,0.0,0.0,0.027767658233642578,0.008431673049926758,-0.0,-0.0,1,1,0.02385426056478279,0.02385426056478279,0.027243852615356445,0.007767438888549805,39,15,-0.02385,-0.02385,1,1
7500,48,12,19,0.0,0.0,0.0,0.025600433349609375,0.005942106246948242,0.0,0.0,1,1,0.020650126432341338,0.020650126432341338,0.026612520217895508,0.0034863948822021484,39,2,0.02065,0.02065,1,1
7500,49,10,7,0.0,0.0,0.0,0.025257110595703125,0.0033333301544189453,0.0,0.0,1,1,0.012737266961021766,0.012737266961021766,0.03089165687561035,0.002634286880493164,39,2,-0.01274,-0.01274,1,1
7500,50,24,34,0.0,0.0,0.0,0.029819726943969727,0.005259275436401367,0.0,0.0,1,1,0.020176350584656028,0.020176350584656028,0.02450418472290039,0.004758119583129883,39,9,0.02018,0.02018,1,1
7500,51,37,3,-6.020151793169952e-17,0.0,0.0,0.026253938674926758,0.024587631225585938,-0.0,-0.0,1,1,0.022243451305524013,0.022243451305524013,0.035368919372558594,0.021360158920288086,39,26,0.02224,0.02224,1,1
7500,52,6,16,0.0,0.0,0.0,0.027558565139770508,0.005183219909667969,0.0,0.0,1,1,0.003700299268525863,0.003700299268525863,0.02815103530883789,0.0050389766693115234,39,6,-0.0037,-0.0037,1,1
7500,53,40,5,7.175772182477013e-17,0.0,0.0,0.02898693084716797,0.008644342422485352,0.0,0.0,1,1,0.025360230818573037,0.025360230818573037,0.02689981460571289,0.008135795593261719,39,13,0.02536,0.02536,1,1
7500,54,20,34,0.0,0.0,0.0,0.029202938079833984,0.0056667327880859375,0.0,0.0,1,1,0.010199744063247303,0.010199744063247303,0.024863243103027344,0.0047490596771240234,39,8,-0.0102,-0.0102,1,1
7500,55,40,17,7.175772182477013e-17,0.0,0.0,0.024536848068237305,0.00909733772277832,0.0,0.0,1,1,0.006378063264491274,0.006378063264491274,0.029428482055664062,0.00816202163696289,39,14,0.00638,0.00638,1,1
7500,56,12,38,0.0,0.0,0.0,0.022402048110961914,0.012083292007446289,0.0,0.0,1,1,0.014458232746853532,0.014458232746853532,0.026758432388305664,0.010924577713012695,39,18,0.01446,0.01446,1,1
7500,57,27,12,0.0,0.0,0.0,0.028953075408935547,0.005536556243896484,0.0,0.0,1,1,0.00814124249861451,0.00814124249861451,0.024415254592895508,0.004942417144775391,39,7,0.00814,0.00814,1,1
7500,58,29,16,-2.6548811458427657e-17,0.0,0.0,0.025798797607421875,0.008899688720703125,-0.0,-0.0,1,1,0.00737580497786379,0.00737580497786379,0.02761244773864746,0.009408950805664062,39,15,0.00738,0.00738,1,1
7500,59,2,26,4.0,1.3333333333333333,2.0,0.023038387298583984,0.007257699966430664,0.0|4.0,0.0|4.0,2,2,1.364791955074109,2.006769684000421,0.026168107986450195,0.006554603576660156,39,8,0.03578|3.91916|3.95068,0.03578|3.95068,3,2
7500,60,26,3,0.0,0.0,0.0,0.027370452880859375,0.006314992904663086,0.0,0.0,1,1,0.0007690697335924782,0.0007690697335924782,0.024480581283569336,0.006337404251098633,39,8,0.00077,0.00077,1,1
7500,61,8,16,0.0,0.0,0.0,0.02361750602722168,0.0040590763092041016,0.0,0.0,1,1,0.007584719776834224,0.0026027416372997837,0.031647682189941406,0.0033502578735351562,39,4,-0.0026|0.01257,-0.0026,2,1
7500,62,16,1,0.0,0.0,0.0,0.02864527702331543,0.004136085510253906,0.0,0.0,1,1,0.008171398615979165,0.008171398615979165,0.029062986373901367,0.0036725997924804688,39,4,-0.00817,-0.00817,1,1
7500,63,20,16,0.0,0.0,0.0,0.026402950286865234,0.004714488983154297,0.0,0.0,1,1,0.0009952849681905862,0.0009952849681905862,0.030438661575317383,0.0037987232208251953,39,4,-0.001,-0.001,1,1
7500,64,2,35,4.0,1.3333333333333333,2.0,0.026610851287841797,0.017734289169311523,0.0|4.0,0.0|4.0,2,2,1.3470677787031609,1.9826885500254907,0.0998985767364502,0.011176347732543945,39,16,0.06526|4.03063|4.07583,0.06526|4.03063,3,2
7500,65,10,9,0.0,0.0,0.0,0.02780461311340332,0.009117841720581055,0.0,0.0,1,1,0.008041045591441604,0.008041045591441604,0.023666858673095703,0.00424504280090332,39,5,0.00804,0.00804,1,1
7500,66,19,17,0.0,0.0,0.0,0.026888370513916016,0.003405332565307617,0.0,0.0,1,1,0.019114346793092762,0.019114346793092762,0.02177739143371582,0.0030870437622070312,39,2,0.01911,0.01911,1,1
7500,67,18,27,0.0,0.0,0.0,0.022126197814941406,0.006596803665161133,0.0,0.0,1,1,0.002350556563105971,0.002350556563105971,0.02938675880432129,0.0060956478118896484,39,11,0.00235,0.00235,1,1
7500,68,20,17,0.0,0.0,0.0,0.025410175323486328,0.004095792770385742,0.0,0.0,1,1,0.0109103353108985,0.0109103353108985,0.030034780502319336,0.002874135971069336,39,2,0.01091,0.01091,1,1
7500,69,10,9,0.0,0.0,0.0,0.023758888244628906,0.0046422481536865234,0.0,0.0,1,1,0.012916653797684915,0.012916653797684915,0.029801130294799805,0.0039484500885009766,39,5,0.01292,0.01292,1,1
7500,70,10,26,0.0,0.0,0.0,0.02737903594970703,0.009863615036010742,0.0,0.0,1,1,0.002591022176429799,0.002591022176429799,0.021020174026489258,0.004863739013671875,39,8,-0.00259,-0.00259,1,1
7500,71,8,21,0.0,0.0,0.0,0.02721428871154785,0.0041370391845703125,0.0,0.0,1,1,0.005595910216275041,0.0016336476582849964,0.023001670837402344,0.0031349658966064453,39,2,-0.00956|-0.00163,-0.00163,2,1
7500,72,19,15,0.0,0.0,0.0,0.026850223541259766,0.0033555030822753906,0.0,0.0,1,1,0.018136316403179822,0.018136316403179822,0.030330896377563477,0.0026297569274902344,39,2,0.01814,0.01814,1,1
7500,73,6,29,1.0,0.0,0.0,0.02693915367126465,0.007962465286254883,1.0,1.0,1,1,0.0014510707046037075,0.0014510707046037075,0.021804094314575195,0.008020162582397461,39,13,0.99855,0.99855,1,1
7500,74,33,17,0.0,0.0,0.0,0.025087833404541016,0.01313328742980957,0.0,0.0,1,1,0.029086936538132054,0.029086936538132054,0.030361175537109375,0.011476755142211914,39,16,-0.02909,-0.02909,1,1
7500,75,6,25,0.0,0.0,0.0,0.022607803344726562,0.004928112030029297,0.0,0.0,1,1,0.02670548815146,0.02670548815146,0.026419639587402344,0.004281759262084961,39,7,0.02671,0.02671,1,1
7500,76,35,21,-4.9137928026038687e-17,0.0,0.0,0.02811408042907715,0.009350776672363281,-0.0,-0.0,1,1,0.0005508638596331779,0.0005508638596331779,0.02376413345336914,0.009146690368652344,39,15,-0.00055,-0.00055,1,1
7500,77,28,11,0.0,0.0,0.0,0.024725675582885742,0.0070760250091552734,0.0,0.0,1,1,0.0031811218130406386,0.0031811218130406386,0.03585028648376465,0.004296064376831055,39,5,0.00318,0.00318,1,1
7500,78,38,31,3.6692392419454254e-15,0.0,0.0,0.02953481674194336,0.01856207847595215,0.0,0.0,1,1,0.029014162673116434,0.029014162673116434,0.026865720748901367,0.013874292373657227,39,21,0.02901,0.02901,1,1
7500,79,19,12,0.0,0.0,0.0,0.0256500244140625,0.003111600875854492,0.0,0.0,1,1,0.0025568083735526487,0.0025568083735526487,0.021661758422851562,0.0025811195373535156,39,2,-0.00256,-0.00256,1,1
7500,80,24,1,0.0,0.0,0.0,0.022315502166748047,0.004557609558105469,0.0,0.0,1,1,0.010607339531360808,0.010607339531360808,0.028877973556518555,0.003489255905151367,39,4,0.01061,0.01061,1,1
7500,81,16,26,0.0,0.0,0.0,0.028130531311035156,0.005942106246948242,0.0,0.0,1,1,0.01190473590071594,0.01190473590071594,0.026848316192626953,0.0053272247314453125,39,10,0.0119,0.0119,1,1
7500,82,26,22,3.806478941571965e-16,0.0,0.0,0.02549123764038086,0.0061872005462646484,0.0,0.0,1,1,0.0020190423442393106,0.0020190423442393106,0.02705073356628418,0.005486488342285156,39,10,-0.00202,-0.00202,1,1
7500,83,18,39,0.0,0.0,0.0,0.02578449249267578,0.006383180618286133,0.0,0.0,1,1,0.02366977608780815,0.02366977608780815,0.028659343719482422,0.005803585052490234,39,10,0.02367,0.02367,1,1
7500,84,15,30,0.0,1.0,1.0,0.03182673454284668,0.01204824447631836,0.0|2.0,0.0|2.0,2,2,1.0115928416717146,1.0115928416717146,0.02223062515258789,0.007524013519287109,39,9,-0.02044|2.00275,-0.02044|2.00275,2,2
7500,85,31,26,0.0,0.0,0.0,0.025194406509399414,0.006918191909790039,0.0,0.0,1,1,0.0036628749912076437,0.0036628749912076437,0.023253202438354492,0.00674891471862793,39,13,0.00366,0.00366,1,1
7500,86,23,14,0.0,0.0,0.0,0.022662878036499023,0.007164716720581055,0.0,0.0,1,1,0.00878222869813034,0.00878222869813034,0.02954888343811035,0.004929065704345703,39,7,-0.00878,-0.00878,1,1
7500,87,23,39,0.0,0.0,0.0,0.027664899826049805,0.0057260990142822266,0.0,0.0,1,1,0.0010199445015242562,0.0010199445015242562,0.022498607635498047,0.004825115203857422,39,10,-0.00102,-0.00102,1,1
7500,88,24,13,0.0,0.0,0.0,0.02207660675048828,0.0056726932525634766,0.0,0.0,1,1,0.024509673720253942,0.024509673720253942,0.02991795539855957,0.0056896209716796875,39,8,-0.02451,-0.02451,1,1
7500,89,3,27,0.0,0.0,0.0,0.024762392044067383,0.005659818649291992,0.0,0.0,1,1,0.002215733106083768,0.003951940045643214,0.029274940490722656,0.0050165653228759766,39,7,-0.00395|0.00048,-0.00395,2,1
7500,90,40,34,7.401486830834377e-17,0.0,0.0,0.02969193458557129,0.01139521598815918,0.0,0.0,1,1,0.0057066580728732585,0.0057066580728732585,0.02651357650756836,0.010835409164428711,39,17,0.00571,0.00571,1,1
7500,91,9,38,2.0,0.0,0.0,0.024308443069458008,0.013574361801147461,2.0,2.0,1,1,0.07184820335625997,0.07184820335625997,0.027407407760620117,0.012146234512329102,39,17,2.07185,2.07185,1,1
7500,92,3,16,0.0,0.0,0.0,0.02363729476928711,0.004283428192138672,0.0,0.0,1,1,0.0023748676107966816,0.0008162605456341445,0.0303494930267334,0.0034923553466796875,39,4,0.00082|0.00393,0.00082,2,1
7500,93,39,22,0.0,0.0,0.0,0.02710556983947754,0.004834651947021484,0.0,0.0,1,1,0.030719952396521148,0.030719952396521148,0.021447420120239258,0.0043430328369140625,39,8,-0.03072,-0.03072,1,1
7500,94,15,5,0.0,0.25,0.25,0.022293567657470703,0.006386518478393555,0.0|0.5,0.0|0.5,2,2,0.25591104815408394,0.25591104815408394,0.027556419372558594,0.0055735111236572266,39,3,0.01143|0.50039,0.01143|0.50039,2,2
7500,95,34,30,7.61295788314393e-16,0.0,0.0,0.02396392822265625,0.006195545196533203,0.0,0.0,1,1,0.01284903358626412,0.01284903358626412,0.030635833740234375,0.005463123321533203,39,10,0.01285,0.01285,1,1
7500,96,20,21,0.0,0.0,0.0,0.025510549545288086,0.003199338912963867,0.0,0.0,1,1,0.0033776577859747268,0.0033776577859747268,0.028423786163330078,0.002610445022583008,39,2,0.00338,0.00338,1,1
7500,97,31,7,0.0,0.0,0.0,0.02463698387145996,0.005547523498535156,0.0,0.0,1,1,8.732545667671594e-05,8.732545667671594e-05,0.02877020835876465,0.004978656768798828,39,7,-9e-05,-9e-05,1,1
7500,98,36,10,0.0,0.0,0.0,0.029021024703979492,0.008492231369018555,0.0,0.0,1,1,0.015350997083597984,0.015350997083597984,0.022707700729370117,0.011183500289916992,39,12,-0.01535,-0.01535,1,1
7500,99,5,21,0.0,0.0,0.0,0.026154518127441406,0.0033464431762695312,0.0,0.0,1,1,0.005178195494980535,0.001801060700617409,0.024239301681518555,0.0026438236236572266,39,2,-0.0018|7e-05|0.01366,-0.0018,3,1
10000,0,29,19,0.0,0.0,0.0,0.02284073829650879,0.009987831115722656,0.0,0.0,1,1,0.012392354425885667,0.012392354425885667,0.027991056442260742,0.008348464965820312,39,14,-0.01239,-0.01239,1,1
10000,1,3,6,0.0,0.0,0.0,0.030704259872436523,0.004029035568237305,0.0,0.0,1,1,0.004337302871345456,0.00848091619009966,0.022911548614501953,0.0032837390899658203,39,4,-0.00848|0.00019,-0.00848,2,1
10000,2,13,19,0.0,0.0,0.0,0.02245044708251953,0.0049936771392822266,0.0,0.0,1,1,0.016924405327913356,0.016924405327913356,0.026227712631225586,0.00474238395690918,39,7,-0.01692,-0.01692,1,1
10000,3,13,24,0.0,0.0,0.0,0.031929731369018555,0.005824089050292969,0.0,0.0,1,1,0.007030010283857995,0.007030010283857995,0.029814481735229492,0.0058133602142333984,39,8,0.00703,0.00703,1,1
10000,4,36,10,0.0,0.0,0.0,0.029364824295043945,0.0067865848541259766,0.0,0.0,1,1,0.0179181971562545,0.0179181971562545,0.023499011993408203,0.006052732467651367,39,12,-0.01792,-0.01792,1,1
10000,5,21,35,1.0,0.0,0.0,0.025391817092895508,0.010608673095703125,1.0,1.0,1,1,0.00775154953025925,0.00775154953025925,0.026414871215820312,0.011069059371948242,39,15,0.99225,0.99225,1,1
10000,6,14,33,1.0,0.0,0.0,0.02725982666015625,0.01681208610534668,1.0,1.0,1,1,0.013868976734036975,0.013868976734036975,0.024108409881591797,0.010838747024536133,39,15,1.01387,1.01387,1,1
10000,7,14,29,1.0,0.0,0.0,0.02704906463623047,0.007998943328857422,1.0,1.0,1,1,0.003518130137536879,0.003518130137536879,0.027512073516845703,0.007467985153198242,39,13,1.00352,1.00352,1,1
10000,8,28,12,0.0,0.0,0.0,0.022715091705322266,0.007357597351074219,0.0,0.0,1,1,0.0027416409194070054,0.0027416409194070054,0.028348207473754883,0.004088401794433594,39,5,-0.00274,-0.00274,1,1
10000,9,7,37,0.0,0.0,0.0,0.027063369750976562,0.02516007423400879,0.0,0.0,1,1,0.005014308143769552,0.005014308143769552,0.028492450714111328,0.019083261489868164,39,26,-0.00501,-0.00501,1,1
10000,10,35,27,7.320651378833616e-16,0.0,0.0,0.02625727653503418,0.010392189025878906,0.0,0.0,1,1,0.024689937888502347,0.024689937888502347,0.026467323303222656,0.014280557632446289,39,15,-0.02469,-0.02469,1,1
10000,11,9,15,0.0,0.0,0.0,0.027054309844970703,0.006757259368896484,0.0,0.0,1,1,0.0033844718182691872,0.0033844718182691872,0.024420976638793945,0.0060291290283203125,39,6,0.00338,0.00338,1,1
10000,12,15,33,0.0,1.5,1.5,0.023450613021850586,0.012885570526123047,0.0|3.0,0.0|3.0,2,2,1.509224789461883,1.509224789461883,0.030303478240966797,0.013422012329101562,39,16,-0.00384|3.01461,-0.00384|3.01461,2,2
10000,13,1,2,0.0,0.0,0.0,0.027237653732299805,0.0034742355346679688,0.0,0.0,1,1,0.002944293103659114,0.002944293103659114,0.02677774429321289,0.002768993377685547,39,2,0.00294,0.00294,1,1
10000,14,11,26,0.0,0.0,0.0,0.026975393295288086,0.005376100540161133,0.0,0.0,1,1,0.0021622196195466344,0.0021622196195466344,0.022430419921875,0.004709482192993164,39,8,0.00216,0.00216,1,1
10000,15,32,12,8.180590707764311e-17,0.0,0.0,0.022640228271484375,0.007864713668823242,0.0,0.0,1,1,0.012464210621055578,0.012464210621055578,0.028710603713989258,0.009827136993408203,39,10,0.01246,0.01246,1,1
10000,16,35,2,-1.5350719222342213e-17,0.0,0.0,0.030399799346923828,0.016529560089111328,-0.0,-0.0,1,1,0.0026475425755057946,0.0026475425755057946,0.023571252822875977,0.012944459915161133,39,16,0.00265,0.00265,1,1
10000,17,26,11,0.0,0.0,0.0,0.027735471725463867,0.005245685577392578,0.0,0.0,1,1,0.008417652154966919,0.008417652154966919,0.02283501625061035,0.00464320182800293,39,8,-0.00842,-0.00842,1,1
10000,18,31,18,0.0,0.0,0.0,0.023477792739868164,0.007035017013549805,0.0,0.0,1,1,0.020457843558410498,0.020457843558410498,0.029407978057861328,0.006993770599365234,39,11,-0.02046,-0.02046,1,1
10000,19,11,37,4.0,0.0,0.0,0.02921271324157715,0.025511741638183594,4.0,4.0,1,1,0.02902613808895982,0.02902613808895982,0.025584936141967773,0.01751399040222168,39,25,4.02903,4.02903,1,1
10000,20,10,37,3.0,0.0,0.0,0.025687456130981445,0.023959875106811523,3.0,3.0,1,1,0.013418985134200145,0.013418985134200145,0.022482633590698242,0.017965078353881836,39,25,2.98658,2.98658,1,1
10000,21,17,25,0.0,0.0,0.0,0.02821636199951172,0.005338430404663086,0.0,0.0,1,1,0.004199484384514535,9.775891634401276e-05,0.026460647583007812,0.004172801971435547,39,5,-0.0083|0.0001,0.0001,2,1
10000,22,23,21,0.0,0.0,0.0,0.023693323135375977,0.006007671356201172,0.0,0.0,1,1,0.010827328804035611,0.010827328804035611,0.03235650062561035,0.004420280456542969,39,7,0.01083,0.01083,1,1
10000,23,34,12,0.0,0.0,0.0,0.02710556983947754,0.009738922119140625,0.0,0.0,1,1,0.004272026563652475,0.004272026563652475,0.025980472564697266,0.00602269172668457,39,8,-0.00427,-0.00427,1,1
10000,24,12,7,0.0,0.0,0.0,0.027842044830322266,0.003308534622192383,0.0,0.0,1,1,0.002695368343478634,0.002695368343478634,0.023508548736572266,0.0026280879974365234,39,2,-0.0027,-0.0027,1,1
10000,25,27,7,0.0,0.0,0.0,0.02558612823486328,0.004766225814819336,0.0,0.0,1,1,0.012333982390471223,0.012333982390471223,0.026562213897705078,0.004196643829345703,39,7,-0.01233,-0.01233,1,1
10000,26,28,18,0.0,0.0,0.0,0.029391050338745117,0.006705760955810547,0.0,0.0,1,1,0.00868653357909422,0.00868653357909422,0.02709364891052246,0.005661725997924805,39,10,-0.00869,-0.00869,1,1
10000,27,38,30,0.0,0.0,0.0,0.02667522430419922,0.013330459594726562,0.0,0.0,1,1,0.030370891949683967,0.030370891949683967,0.028220176696777344,0.012461662292480469,39,19,0.03037,0.03037,1,1
10000,28,15,32,0.0,0.5,0.5,0.025877714157104492,0.007529020309448242,0.0|1.0,0.0|1.0,2,2,0.5113787059773132,0.5113787059773132,0.028870820999145508,0.00636601448059082,39,11,-0.0198|1.00296,-0.0198|1.00296,2,2
10000,29,22,27,0.0,0.0,0.0,0.029043197631835938,0.006438493728637695,0.0,0.0,1,1,1.2217544608733804e-05,1.2217544608733804e-05,0.02435898780822754,0.005642890930175781,39,10,1e-05,1e-05,1,1
10000,30,12,10,0.0,0.0,0.0,0.023654699325561523,0.0034487247467041016,0.0,0.0,1,1,0.0024458926900468745,0.0024458926900468745,0.02784419059753418,0.0028030872344970703,39,2,-0.00245,-0.00245,1,1
10000,31,27,21,0.0,0.0,0.0,0.02366328239440918,0.004823923110961914,0.0,0.0,1,1,0.008593325962847486,0.008593325962847486,0.025458335876464844,0.0042383670806884766,39,7,-0.00859,-0.00859,1,1
10000,32,15,5,0.0,0.25,0.25,0.02717423439025879,0.006313323974609375,0.0|0.5,0.0|0.5,2,2,0.256076017231356,0.256076017231356,0.022817611694335938,0.007233858108520508,39,3,-0.00914|0.50302,-0.00914|0.50302,2,2
10000,33,6,21,0.0,0.0,0.0,0.025758743286132812,0.0043485164642333984,0.0,0.0,1,1,0.006570884538274739,0.006570884538274739,0.0306546688079834,0.003361940383911133,39,4,-0.00657,-0.00657,1,1
10000,34,37,3,-6.020151793169952e-17,0.0,0.0,0.027212142944335938,0.026491880416870117,-0.0,-0.0,1,1,0.002520759557764397,0.002520759557764397,0.022365808486938477,0.020131349563598633,39,26,-0.00252,-0.00252,1,1
10000,35,15,6,0.0,0.25,0.25,0.031496524810791016,0.0066204071044921875,0.0|0.5,0.0|0.5,2,2,0.25759143992466926,0.25759143992466926,0.027065277099609375,0.007151126861572266,39,5,-0.01705|0.49814,-0.01705|0.49814,2,2
10000,36,12,6,0.0,0.0,0.0,0.024784088134765625,0.007105350494384766,0.0,0.0,1,1,0.00805948991035803,0.00805948991035803,0.027950048446655273,0.005450248718261719,39,4,-0.00806,-0.00806,1,1
10000,37,8,2,0.0,0.0,0.0,0.024511337280273438,0.0033538341522216797,0.0,0.0,1,1,0.003986096813234447,0.0033362393121724957,0.028929710388183594,0.002674579620361328,39,2,-0.00334|0.00464,-0.00334,2,1
10000,38,12,15,0.0,0.0,0.0,0.026169776916503906,0.0044209957122802734,0.0,0.0,1,1,0.008908650847269824,0.008908650847269824,0.026093006134033203,0.00313568115234375,39,2,0.00891,0.00891,1,1
10000,39,29,19,0.0,0.0,0.0,0.02744579315185547,0.010223150253295898,0.0,0.0,1,1,0.011808003261339364,0.011808003261339364,0.0286562442779541,0.011502504348754883,39,14,0.01181,0.01181,1,1
10000,40,11,34,0.0,0.0,0.0,0.026887178421020508,0.08710813522338867,0.0,0.0,1,1,0.00854949181560797,0.00854949181560797,0.022881031036376953,0.005789041519165039,39,8,0.00855,0.00855,1,1
10000,41,35,28,-9.827585605207737e-17,0.0,0.0,0.028309106826782227,0.011056661605834961,-0.0,-0.0,1,1,0.022853252524020498,0.022853252524020498,0.021289587020874023,0.010708332061767578,39,18,0.02285,0.02285,1,1
10000,42,31,39,-1.3322676295501878e-16,0.0,0.0,0.0231325626373291,0.005875349044799805,-0.0,-0.0,1,1,0.02035166020623226,0.02035166020623226,0.026122093200683594,0.00483250617980957,39,10,-0.02035,-0.02035,1,1
10000,43,40,21,0.0,0.0,0.0,0.025239229202270508,0.00746464729309082,0.0,0.0,1,1,0.011462955293625916,0.011462955293625916,0.022646427154541016,0.010964155197143555,39,12,0.01146,0.01146,1,1
10000,44,35,31,-3.5244612002966127e-16,0.0,0.0,0.03003668785095215,0.01204061508178711,-0.0,-0.0,1,1,0.004999581194105187,0.004999581194105187,0.021928071975708008,0.011335134506225586,39,19,-0.005,-0.005,1,1
10000,45,23,5,1.4589469233856224e-16,0.0,0.0,0.02175450325012207,0.004704713821411133,0.0,0.0,1,1,0.01783727525628526,0.01783727525628526,0.027509212493896484,0.004002094268798828,39,6,-0.01784,-0.01784,1,1
10000,46,8,27,0.0,0.0,0.0,0.02579808235168457,0.0052642822265625,0.0,0.0,1,1,0.004980802345758906,0.00109085260562066,0.023347139358520508,0.004881381988525391,39,7,-0.00109|0.00887,-0.00109,2,1
10000,47,11,18,0.0,0.0,0.0,0.025104761123657227,0.008228063583374023,0.0,0.0,1,1,0.0005861126619672721,0.0005861126619672721,0.02711200714111328,0.004368305206298828,39,6,0.00059,0.00059,1,1
10000,48,26,14,0.0,0.0,0.0,0.022054195404052734,0.005848884582519531,0.0,0.0,1,1,0.0015085429389028865,0.0015085429389028865,0.030788898468017578,0.004863262176513672,39,8,0.00151,0.00151,1,1
10000,49,25,16,0.0,0.0,0.0,0.026919841766357422,0.005517721176147461,0.0,0.0,1,1,0.004615940735780794,0.004615940735780794,0.02410721778869629,0.007117748260498047,39,7,0.00462,0.00462,1,1
10000,50,20,3,0.0,0.0,0.0,0.023779630661010742,0.003531932830810547,0.0,0.0,1,1,0.0024698726953133626,0.0024698726953133626,0.02724003791809082,0.0046536922454833984,39,2,0.00247,0.00247,1,1
10000,51,10,30,0.0,0.0,0.0,0.02638411521911621,0.006067037582397461,0.0,0.0,1,1,0.015820070976501885,0.015820070976501885,0.0242156982421875,0.009669303894042969,39,8,0.01582,0.01582,1,1
10000,52,11,21,0.0,0.0,0.0,0.02890181541442871,0.003746509552001953,0.0,0.0,1,1,0.0037241738365541193,0.0037241738365541193,0.027281761169433594,0.004474163055419922,39,2,0.00372,0.00372,1,1
10000,53,20,12,0.0,0.0,0.0,0.02382040023803711,0.0034906864166259766,0.0,0.0,1,1,0.00689764269021662,0.00689764269021662,0.03386998176574707,0.00330352783203125,39,2,0.0069,0.0069,1,1
10000,54,21,14,0.0,0.0,0.0,0.03052687644958496,0.0033721923828125,0.0,0.0,1,1,0.00047963214212608994,0.00047963214212608994,0.024950265884399414,0.004721879959106445,39,2,0.00048,0.00048,1,1
10000,55,39,9,0.0,0.0,0.0,0.024892807006835938,0.006691694259643555,0.0,0.0,1,1,0.004817094680046649,0.004817094680046649,0.030118703842163086,0.005803823471069336,39,9,-0.00482,-0.00482,1,1
10000,56,14,23,0.0,0.0,0.0,0.029367923736572266,0.005060672760009766,0.0,0.0,1,1,0.0009120841239991592,0.0009120841239991592,0.02310323715209961,0.0044596195220947266,39,7,-0.00091,-0.00091,1,1
10000,57,17,20,0.0,0.0,0.0,0.024311304092407227,0.0036766529083251953,0.0,0.0,1,1,0.006171380284466396,0.0010214332343032146,0.028932809829711914,0.0027923583984375,39,2,0.00102|0.01132,0.00102,2,1
10000,58,21,33,0.0,0.0,0.0,0.027132749557495117,0.01247859001159668,0.0,0.0,1,1,0.016249821336600734,0.016249821336600734,0.028662919998168945,0.014872074127197266,39,16,0.01625,0.01625,1,1
10000,59,36,17,0.0,0.0,0.0,0.03037714958190918,0.008309602737426758,0.0,0.0,1,1,0.0034656694597538116,0.0034656694597538116,0.022016525268554688,0.007338047027587891,39,12,-0.00347,-0.00347,1,1
10000,60,18,24,0.0,0.0,0.0,0.02741718292236328,0.005816221237182617,0.0,0.0,1,1,0.02199653695040718,0.02199653695040718,0.02915811538696289,0.005139350891113281,39,8,0.022,0.022,1,1
10000,61,29,23,-4.633974363652827e-16,0.0,0.0,0.024666786193847656,0.00962376594543457,-0.0,-0.0,1,1,0.005364272022273437,0.005364272022273437,0.031116724014282227,0.008301734924316406,39,14,0.00536,0.00536,1,1
10000,62,28,8,0.0,0.0,0.0,0.02733635902404785,0.0046727657318115234,0.0,0.0,1,1,0.011619494097409342,0.011619494097409342,0.024682283401489258,0.0037615299224853516,39,6,0.01162,0.01162,1,1
10000,63,6,3,0.0,0.0,0.0,0.02338123321533203,0.005917787551879883,0.0,0.0,1,1,0.0005724873219847514,0.0005724873219847514,0.029991865158081055,0.0034172534942626953,39,4,0.00057,0.00057,1,1
10000,64,3,32,0.0,0.0,0.0,0.027184009552001953,0.013132333755493164,0.0,0.0,1,1,0.004904034223184343,0.0029209889613382918,0.02611851692199707,0.008341312408447266,39,11,0.00292|0.00689,0.00292,2,1
10000,65,40,18,-5.427757009278544e-16,0.0,0.0,0.029650211334228516,0.01098942756652832,-0.0,-0.0,1,1,0.046266262693742004,0.046266262693742004,0.024619102478027344,0.010222673416137695,39,16,-0.04627,-0.04627,1,1
10000,66,8,24,0.0,0.0,0.0,0.02481555938720703,0.004131793975830078,0.0,0.0,1,1,0.0016656244129832844,0.0015738684582344326,0.029645442962646484,0.0038123130798339844,39,4,-0.00176|0.00157,0.00157,2,1
10000,67,28,25,0.0,0.0,0.0,0.03507852554321289,0.010685920715332031,0.0,0.0,1,1,0.0018662676330122318,0.0018662676330122318,0.02491307258605957,0.0047435760498046875,39,9,0.00187,0.00187,1,1
10000,68,18,36,-3.461832040390536e-16,0.0,0.0,0.031034231185913086,0.008068084716796875,-0.0,-0.0,1,1,0.026584051390347134,0.026584051390347134,0.024985074996948242,0.007619619369506836,39,13,0.02658,0.02658,1,1
10000,69,27,33,9.251858538542972e-17,0.0,0.0,0.02429485321044922,0.012681007385253906,0.0,0.0,1,1,0.0187025623582152,0.0187025623582152,0.03215146064758301,0.014089584350585938,39,17,-0.0187,-0.0187,1,1
10000,70,3,12,0.0,0.0,0.0,0.030438661575317383,0.003559112548828125,0.0,0.0,1,1,0.02123901588589381,0.012136344932732374,0.030863285064697266,0.004335641860961914,39,2,0.01214|0.03034,0.01214,2,1
10000,71,19,24,0.0,0.0,0.0,0.029006004333496094,0.004515647888183594,0.0,0.0,1,1,0.007334342650935579,0.007334342650935579,0.02494192123413086,0.005423069000244141,39,4,0.00733,0.00733,1,1
10000,72,35,27,7.320651378833616e-16,0.0,0.0,0.02316761016845703,0.010336637496948242,0.0,0.0,1,1,0.0010985850791583977,0.0010985850791583977,0.02819085121154785,0.00988912582397461,39,15,-0.0011,-0.0011,1,1
10000,73,23,40,6.661338147750939e-16,0.0,0.0,0.0318455696105957,0.012809038162231445,0.0,0.0,1,1,0.003552458175558916,0.003552458175558916,0.025708436965942383,0.017533540725708008,39,16,-0.00355,-0.00355,1,1
10000,74,39,12,0.0,0.0,0.0,0.031039953231811523,0.00622105598449707,0.0,0.0,1,1,0.003375874636887894,0.003375874636887894,0.0244598388671875,0.003976583480834961,39,6,-0.00338,-0.00338,1,1
10000,75,23,28,0.0,0.0,0.0,0.024192094802856445,0.006083011627197266,0.0,0.0,1,1,0.025076414967907027,0.025076414967907027,0.03051161766052246,0.005285978317260742,39,10,-0.02508,-0.02508,1,1
10000,76,8,29,0.0,0.0,0.0,0.029964447021484375,0.01006770133972168,0.0,0.0,1,1,0.011878400996835578,0.0033965744640249876,0.0305631160736084,0.009240388870239258,39,14,-0.02036|-0.0034,-0.0034,2,1
10000,77,35,30,-7.155157576123313e-16,0.0,0.0,0.02462315559387207,0.015646934509277344,-0.0,-0.0,1,1,0.006793875276422528,0.006793875276422528,0.028064489364624023,0.01452183723449707,39,18,0.00679,0.00679,1,1
10000,78,36,32,-8.458842092382145e-17,0.0,0.0,0.023518085479736328,0.011314630508422852,-0.0,-0.0,1,1,0.04765904208937341,0.04765904208937341,0.027632474899291992,0.008996009826660156,39,15,0.04766,0.04766,1,1
10000,79,26,21,0.0,0.0,0.0,0.03592634201049805,0.0060122013092041016,0.0,0.0,1,1,0.00962477108917277,0.00962477108917277,0.032872676849365234,0.005011796951293945,39,8,0.00962,0.00962,1,1
10000,80,7,30,0.0,0.0,0.0,0.027347803115844727,0.005564212799072266,0.0,0.0,1,1,0.016864886124876407,0.016864886124876407,0.026546955108642578,0.005071401596069336,39,8,-0.01686,-0.01686,1,1
10000,81,8,26,0.0,0.0,0.0,0.0227203369140625,0.005420684814453125,0.0,0.0,1,1,0.012343755987821186,0.0024855154087658174,0.029019594192504883,0.004891395568847656,39,8,0.00249|0.0222,0.00249,2,1
10000,82,33,31,0.0,0.0,0.0,0.02810382843017578,0.02017354965209961,0.0,0.0,1,1,0.017013929843864625,0.017013929843864625,0.02778935432434082,0.015033960342407227,39,18,0.01701,0.01701,1,1
10000,83,19,23,0.0,0.0,0.0,0.030719995498657227,0.00497746467590332,0.0,0.0,1,1,0.0020996025263549183,0.0020996025263549183,0.02458500862121582,0.004643917083740234,39,7,0.0021,0.0021,1,1
10000,84,30,21,0.0,0.0,0.0,0.025540828704833984,0.005941152572631836,0.0,0.0,1,1,0.0005762055270366079,0.0005762055270366079,0.02900218963623047,0.005033254623413086,39,8,-0.00058,-0.00058,1,1
10000,85,39,21,0.0,0.0,0.0,0.026557207107543945,0.005428314208984375,0.0,0.0,1,1,9.389591001464195e-05,9.389591001464195e-05,0.026703357696533203,0.004909038543701172,39,6,9e-05,9e-05,1,1
10000,86,6,17,0.0,0.0,0.0,0.027039527893066406,0.0061223506927490234,0.0,0.0,1,1,0.001688738266447227,0.001688738266447227,0.028627395629882812,0.005224466323852539,39,4,0.00169,0.00169,1,1
10000,87,13,18,0.0,0.0,0.0,0.023520231246948242,0.005582571029663086,0.0,0.0,1,1,0.011560737765002917,0.011560737765002917,0.03015303611755371,0.005315065383911133,39,7,0.01156,0.01156,1,1
10000,88,24,1,0.0,0.0,0.0,0.03025364875793457,0.004782676696777344,0.0,0.0,1,1,0.0071030011514147656,0.0071030011514147656,0.023372411727905273,0.004277229309082031,39,4,0.0071,0.0071,1,1
10000,89,34,19,0.0,0.0,0.0,0.024939298629760742,0.005189657211303711,0.0,0.0,1,1,0.005576339821833804,0.005576339821833804,0.028264760971069336,0.004380941390991211,39,8,-0.00558,-0.00558,1,1
10000,90,1,14,0.0,0.0,0.0,0.026572227478027344,0.0035178661346435547,0.0,0.0,1,1,0.00455192830187895,0.00455192830187895,0.02449631690979004,0.006898403167724609,39,2,0.00455,0.00455,1,1
10000,91,17,18,0.0,1.3333333333333333,1.3333333333333333,0.025609254837036133,0.006785392761230469,0.0|2.66667,0.0|2.66667,2,2,1.3480302856124284,1.3480302856124284,0.024096012115478516,0.0068950653076171875,39,6,-0.03245|2.66362,-0.03245|2.66362,2,2
10000,92,29,3,0.0,0.0,0.0,0.02404189109802246,0.008710145950317383,0.0,0.0,1,1,0.0071216531690084135,0.0071216531690084135,0.030696868896484375,0.009109020233154297,39,14,0.00712,0.00712,1,1
10000,93,17,16,0.0,0.0,0.0,0.0337681770324707,0.004252195358276367,0.0,0.0,1,1,0.007665798925912904,0.0015178575527672552,0.022968769073486328,0.0038034915924072266,39,4,-0.01381|-0.00152,-0.00152,2,1
10000,94,23,1,3.647367308464056e-17,0.0,0.0,0.024381637573242188,0.005278110504150391,0.0,0.0,1,1,0.002506163618845253,0.002506163618845253,0.0336155891418457,0.004778385162353516,39,6,0.00251,0.00251,1,1
10000,95,8,7,0.0,0.0,0.0,0.02818441390991211,0.0034122467041015625,0.0,0.0,1,1,0.003834406708861947,0.004368387933135653,0.028331279754638672,0.003548860549926758,39,2,-0.00437|-0.0033,-0.00437,2,1
10000,96,16,27,0.0,0.0,0.0,0.026293516159057617,0.0049817562103271484,0.0,0.0,1,1,0.012087337307849106,0.012087337307849106,0.02496027946472168,0.004586219787597656,39,8,0.01209,0.01209,1,1
10000,97,27,18,0.0,0.0,0.0,0.024062633514404297,0.007873058319091797,0.0,0.0,1,1,0.015245773093148129,0.015245773093148129,0.029953718185424805,0.0071523189544677734,39,11,0.01525,0.01525,1,1
10000,98,40,26,-5.427757009278544e-16,0.0,0.0,0.03497910499572754,0.011616706848144531,-0.0,-0.0,1,1,0.005654965061098193,0.005654965061098193,0.022918224334716797,0.01730656623840332,39,18,-0.00565,-0.00565,1,1
10000,99,22,37,8.881784197001253e-17,0.0,0.0,0.02601170539855957,0.022403955459594727,0.0,0.0,1,1,0.034198790937545576,0.034198790937545576,0.025784969329833984,0.02598428726196289,39,27,0.0342,0.0342,1,1
