Sample_Size,Exp_ID,T,Y,True_Effect,MAE_Full,MAE_Local,Time_Full,Time_Local,Eff_Full,Eff_Local,Set_Size_Full,Set_Size_Local,MAE_Full_n,MAE_Local_n,Time_Full_n,Time_Local_n,Vars_Full,Vars_Local,Eff_Full_n,Eff_Local_n,Set_Size_Full_n,Set_Size_Local_n
500,0,16,15,0.0,0.0,0.0,0.0167086124420166,0.007775783538818359,0.0,0.0,1,1,0.05988873573334424,0.05988873573334424,0.008629322052001953,0.01033473014831543,19,8,-0.05989,-0.05989,1,1
500,1,11,4,0.0,0.0,0.0,0.008476018905639648,0.0028641223907470703,0.0,0.0,1,1,0.0018164659677781996,0.0018164659677781996,0.011061429977416992,0.0027670860290527344,19,2,-0.00182,-0.00182,1,1
500,2,8,2,0.0,0.0,0.0,0.01083517074584961,0.008690834045410156,0.0,0.0,1,1,0.04301795663350952,0.04301795663350952,0.007872819900512695,0.006230354309082031,19,5,0.04302,0.04302,1,1
500,3,3,9,1.0,0.25,0.25,0.008498430252075195,0.005561351776123047,1.0|1.5,1.0|1.5,2,2,0.23903193101346604,0.23903193101346604,0.011243343353271484,0.005033731460571289,19,5,0.9729|1.45096,0.9729|1.45096,2,2
500,4,17,19,0.9999999999999996,0.0,0.0,0.008619546890258789,0.010051727294921875,1.0,1.0,1,1,0.1724920250140095,0.1724920250140095,0.01092982292175293,0.011002063751220703,19,15,0.82751,0.82751,1,1
500,5,1,14,0.0,0.0,0.0,0.009467363357543945,0.0053517818450927734,0.0,0.0,1,1,0.026051467082289115,0.0038970598373220078,0.012712478637695312,0.0030426979064941406,19,2,-0.05922|-0.01504|-0.0039,-0.0039,3,1
500,6,8,18,2.000000000000001,0.0,0.0,0.012881278991699219,0.009905576705932617,2.0,2.0,1,1,0.3798492417305277,0.3798492417305277,0.00970458984375,0.013904809951782227,19,13,1.62015,1.62015,1,1
500,7,17,8,1.2701088788332946e-16,0.0,0.0,0.01319122314453125,0.008640050888061523,0.0,0.0,1,1,0.18124371771098077,0.18124371771098077,0.009752035140991211,0.011460542678833008,19,11,0.18124,0.18124,1,1
500,8,20,9,0.0,0.0,0.0,0.010309457778930664,0.006075382232666016,0.0,0.0,1,1,0.10149812037384481,0.10149812037384481,0.008437871932983398,0.005688190460205078,19,10,0.1015,0.1015,1,1
500,9,18,6,-2.4445277606425466e-17,0.0,0.0,0.008215904235839844,0.00918722152709961,-0.0,-0.0,1,1,0.12670579276139132,0.12670579276139132,0.011270761489868164,0.010519981384277344,19,13,-0.12671,-0.12671,1,1
500,10,6,11,0.0,0.0,0.0,0.009676218032836914,0.0033435821533203125,0.0,0.0,1,1,0.03887423101267104,0.01929007799527252,0.012945890426635742,0.003212451934814453,19,2,0.01929|0.05846,0.01929,2,1
500,11,1,10,2.0,0.6666666666666666,0.6666666666666666,0.013369321823120117,0.006020784378051758,1.0|2.0,1.0|2.0,2,2,0.661967628216548,0.661967628216548,0.009279251098632812,0.008931398391723633,19,5,0.98424|1.03181|2.00195,0.98424|1.03181|2.00195,3,3
500,12,6,10,1.0,0.25,0.25,0.008846044540405273,0.005608797073364258,1.0|1.5,1.0|1.5,2,2,0.2561744171064013,0.2561744171064013,0.011377334594726562,0.005009651184082031,19,5,1.01312|1.49923,1.01312|1.49923,2,2
500,13,13,19,2.0,1.0,0.75,0.00926518440246582,0.01014566421508789,2.0|3.5,2.0|3.5,2,2,1.0057156190811705,0.8583093178774227,0.01277613639831543,0.009185075759887695,19,15,1.74225|3.30053|3.45887,1.74225|3.45887,3,2
500,14,20,6,0.0,0.0,0.0,0.008335113525390625,0.003824472427368164,0.0,0.0,1,1,0.026604132799448604,0.026604132799448604,0.010792732238769531,0.0037512779235839844,19,6,0.0266,0.0266,1,1
500,15,8,2,0.0,0.0,0.0,0.013491153717041016,0.006382465362548828,0.0,0.0,1,1,0.04323008994025395,0.04323008994025395,0.009340286254882812,0.005603790283203125,19,5,-0.04323,-0.04323,1,1
500,16,14,19,-2.9605947323337506e-16,1.166666666666667,1.166666666666667,0.008751153945922852,0.01160287857055664,-0.0|2.33333,-0.0|2.33333,2,2,1.2560762159849106,1.2560762159849106,0.013852596282958984,0.014691352844238281,19,16,0.13335|2.37881,0.13335|2.37881,2,2
500,17,4,14,0.0,0.0,0.0,0.10543274879455566,0.0034742355346679688,0.0,0.0,1,1,0.01735847942778226,0.01735847942778226,0.013919353485107422,0.002705097198486328,19,2,0.01736,0.01736,1,1
500,18,4,16,0.0,0.0,0.0,0.013427734375,0.012861967086791992,0.0,0.0,1,1,0.008803117256057846,0.008803117256057846,0.008875131607055664,0.009009361267089844,19,8,-0.0088,-0.0088,1,1
500,19,9,16,0.0,0.0,0.0,0.012794733047485352,0.008183479309082031,0.0,0.0,1,1,0.03007833115127253,0.03007833115127253,0.00912618637084961,0.011141300201416016,19,8,-0.03008,-0.03008,1,1
500,20,12,3,0.0,0.0,0.0,0.007981300354003906,0.0032689571380615234,0.0,0.0,1,1,0.006182838515750879,0.006182838515750879,0.011955022811889648,0.003843545913696289,19,2,0.00618,0.00618,1,1
500,21,13,10,0.0,0.0,0.0,0.011891603469848633,0.008436203002929688,0.0,0.0,1,1,0.03543372550193381,0.012819435444859664,0.008278846740722656,0.006127357482910156,19,6,-0.05328|-0.0402|-0.01282,-0.01282,3,1
500,22,12,8,0.0,0.0,0.0,0.007951498031616211,0.005639076232910156,0.0,0.0,1,1,0.010757819451579418,0.010757819451579418,0.013773918151855469,0.004787921905517578,19,5,0.01076,0.01076,1,1
500,23,13,12,0.0,0.0,0.0,0.010467767715454102,0.0034461021423339844,0.0,0.0,1,1,0.008165568998218855,0.0024792233227962984,0.013326406478881836,0.0035560131072998047,19,2,0.00248|0.00756|0.01446,0.00248,3,1
500,24,6,18,2.0,1.25,1.25,0.01371908187866211,0.010243415832519531,2.0|4.5,2.0|4.5,2,2,1.369188720823356,1.369188720823356,0.010277748107910156,0.014281034469604492,19,13,2.24805|4.49032,2.24805|4.49032,2,2
500,25,15,17,0.0,0.0,0.0,0.012858152389526367,0.009022712707519531,0.0,0.0,1,1,0.01807898753406882,0.01807898753406882,0.008777141571044922,0.015068531036376953,19,12,0.01808,0.01808,1,1
500,26,10,2,0.0,0.0,0.0,0.01119232177734375,0.005456686019897461,0.0,0.0,1,1,0.018276005776792333,0.018276005776792333,0.008408546447753906,0.005285024642944336,19,6,-0.01828,-0.01828,1,1
500,27,5,12,0.0,0.0,0.0,0.010289907455444336,0.004891395568847656,0.0,0.0,1,1,0.010472956977569264,0.010472956977569264,0.013359785079956055,0.00410914421081543,19,4,0.01047,0.01047,1,1
500,28,8,13,0.0,0.0,0.0,0.0813441276550293,0.005691051483154297,0.0,0.0,1,1,0.024578928971483772,0.024578928971483772,0.008554697036743164,0.005053997039794922,19,5,-0.02458,-0.02458,1,1
500,29,3,17,3.0,0.5,0.5,0.011135101318359375,0.011955976486206055,3.0|4.0,3.0|4.0,2,2,0.558428988068826,0.558428988068826,0.011840105056762695,0.015646696090698242,19,11,2.85341|3.97027,2.85341|3.97027,2,2
500,30,3,2,0.0,0.0,0.0,0.008538484573364258,0.003170013427734375,0.0,0.0,1,1,0.044567580352137495,0.02569301596106878,0.008119583129882812,0.0024957656860351562,19,2,-0.06344|-0.02569,-0.02569,2,1
500,31,4,8,0.0,0.0,0.0,0.00908970832824707,0.007018089294433594,0.0,0.0,1,1,0.010205409002826323,0.010205409002826323,0.009042978286743164,0.006220340728759766,19,5,0.01021,0.01021,1,1
500,32,9,5,0.0,0.0,0.0,0.012447834014892578,0.006268739700317383,0.0,0.0,1,1,0.08306011189180694,0.08306011189180694,0.010201215744018555,0.006862163543701172,19,7,0.08306,0.08306,1,1
500,33,15,5,0.0,0.0,0.0,0.008632421493530273,0.003420591354370117,0.0,0.0,1,1,0.05562006143489416,0.05562006143489416,0.008024215698242188,0.0032978057861328125,19,4,0.05562,0.05562,1,1
500,34,3,15,0.0,0.0,0.0,0.01156306266784668,0.0027587413787841797,0.0,0.0,1,1,0.0026069457069617034,0.005126623969890363,0.007941722869873047,0.002390146255493164,19,2,-0.00513|-9e-05,-0.00513,2,1
500,35,8,17,2.0,0.0,0.0,0.008892059326171875,0.008165121078491211,2.0,2.0,1,1,0.12051595572246887,0.12051595572246887,0.008379697799682617,0.008651256561279297,19,11,2.12052,2.12052,1,1
500,36,12,2,0.0,0.0,0.0,0.012934446334838867,0.003007173538208008,0.0,0.0,1,1,0.053385257649045934,0.053385257649045934,0.009274482727050781,0.0037958621978759766,19,2,-0.05339,-0.05339,1,1
500,37,15,16,0.0,0.0,0.0,0.009682178497314453,0.010326623916625977,0.0,0.0,1,1,0.012927348827647872,0.012927348827647872,0.00904393196105957,0.008478879928588867,19,8,0.01293,0.01293,1,1
500,38,12,1,0.0,0.0,0.0,0.012971878051757812,0.003336668014526367,0.0,0.0,1,1,0.017027518681555324,0.017027518681555324,0.011607646942138672,0.0031614303588867188,19,2,0.01703,0.01703,1,1
500,39,6,15,0.0,0.0,0.0,0.00916743278503418,0.003476858139038086,0.0,0.0,1,1,0.05549642464111018,0.028357255836294785,0.00860142707824707,0.0024101734161376953,19,2,0.02836|0.08264,0.02836,2,1
500,40,13,5,0.0,0.3333333333333333,0.25,0.00849771499633789,0.005255222320556641,0.0|0.5,0.0|0.5,2,2,0.404992456288813,0.3123116948353218,0.0119781494140625,0.0045318603515625,19,4,-0.09587|0.52875|0.59035,-0.09587|0.52875,3,2
500,41,2,19,5.0,1.0,1.0,0.008220434188842773,0.008940696716308594,3.0|5.0,3.0|5.0,2,2,1.3865983913101818,1.3865983913101818,0.007779598236083984,0.008790254592895508,19,15,2.67563|4.55117,2.67563|4.55117,2,2
500,42,20,10,0.0,0.0,0.0,0.007909059524536133,0.010478734970092773,0.0,0.0,1,1,0.10548356596145915,0.10548356596145915,0.013236045837402344,0.007580280303955078,19,10,-0.10548,-0.10548,1,1
500,43,17,15,0.0,0.0,0.0,0.008299589157104492,0.011219263076782227,0.0,0.0,1,1,0.10559753735424414,0.10559753735424414,0.007903575897216797,0.01322484016418457,19,12,0.1056,0.1056,1,1
500,44,11,14,0.0,0.0,0.0,0.00864410400390625,0.0031669139862060547,0.0,0.0,1,1,0.07207225316923824,0.07207225316923824,0.009369850158691406,0.003778219223022461,19,2,-0.07207,-0.07207,1,1
500,45,16,10,0.0,0.0,0.0,0.008322715759277344,0.007396697998046875,0.0,0.0,1,1,0.12716209860746341,0.12716209860746341,0.008305788040161133,0.011515140533447266,19,8,0.12716,0.12716,1,1
500,46,12,2,0.0,0.0,0.0,0.007930278778076172,0.0028862953186035156,0.0,0.0,1,1,0.035289996892992406,0.035289996892992406,0.008045673370361328,0.002462148666381836,19,2,-0.03529,-0.03529,1,1
500,47,19,6,-1.0410775555476249e-15,0.0,0.0,0.008029699325561523,0.012964248657226562,-0.0,-0.0,1,1,0.011764469739316052,0.011764469739316052,0.008296728134155273,0.00950169563293457,19,15,-0.01176,-0.01176,1,1
500,48,8,11,0.0,0.0,0.0,0.008391380310058594,0.0061724185943603516,0.0,0.0,1,1,0.00027945759052692493,0.00027945759052692493,0.009364843368530273,0.0052220821380615234,19,5,0.00028,0.00028,1,1
500,49,11,2,0.0,0.0,0.0,0.009255170822143555,0.0034503936767578125,0.0,0.0,1,1,0.021715167700840955,0.021715167700840955,0.012790679931640625,0.0027437210083007812,19,2,-0.02172,-0.02172,1,1
500,50,16,14,0.0,0.0,0.0,0.00971221923828125,0.008338212966918945,0.0,0.0,1,1,0.04950799300766197,0.04950799300766197,0.009741544723510742,0.010467052459716797,19,8,0.04951,0.04951,1,1
500,51,4,17,0.0,0.0,0.0,0.009104013442993164,0.010306119918823242,0.0,0.0,1,1,0.041842243697572654,0.041842243697572654,0.012745141983032227,0.008471012115478516,19,12,0.04184,0.04184,1,1
500,52,10,18,0.0,0.0,0.0,0.00828695297241211,0.008896589279174805,0.0,0.0,1,1,0.06059090054638103,0.06059090054638103,0.007881402969360352,0.008646726608276367,19,14,-0.06059,-0.06059,1,1
500,53,1,8,2.0,0.6666666666666666,0.6666666666666666,0.010436058044433594,0.005148410797119141,1.0|2.0,1.0|2.0,2,2,0.6743529176222903,0.6743529176222903,0.010411262512207031,0.0049059391021728516,19,4,0.97491|1.05931|1.94272,0.97491|1.05931|1.94272,3,3
500,54,4,14,0.0,0.0,0.0,0.009618043899536133,0.0032525062561035156,0.0,0.0,1,1,0.010494782336894312,0.010494782336894312,0.008523702621459961,0.002477407455444336,19,2,-0.01049,-0.01049,1,1
500,55,5,12,0.0,0.0,0.0,0.009432554244995117,0.004097938537597656,0.0,0.0,1,1,0.003889939084046558,0.003889939084046558,0.009494304656982422,0.004767894744873047,19,4,-0.00389,-0.00389,1,1
500,56,18,20,3.870502287684032e-17,0.0,0.0,0.009231328964233398,0.010936975479125977,0.0,0.0,1,1,0.06257893109619203,0.06257893109619203,0.008763551712036133,0.013740777969360352,19,16,-0.06258,-0.06258,1,1
500,57,9,4,0.0,0.0,0.0,0.010680198669433594,0.005800724029541016,0.0,0.0,1,1,0.03959313811599637,0.03959313811599637,0.008292675018310547,0.005093574523925781,19,6,0.03959,0.03959,1,1
500,58,1,5,1.0,0.3333333333333333,0.5,0.010681867599487305,0.009180784225463867,0.0|1.0,0.0|1.0,2,2,0.3321092860999406,0.4573340593950751,0.007873773574829102,0.004687070846557617,19,4,0.1197|0.91834|0.96563,0.1197|0.96563,3,2
500,59,18,5,-5.907608754886154e-17,0.0,0.0,0.007752656936645508,0.01049041748046875,-0.0,-0.0,1,1,0.23769490173624755,0.23769490173624755,0.012220621109008789,0.009797096252441406,19,13,-0.23769,-0.23769,1,1
500,60,5,12,0.0,0.0,0.0,0.011013269424438477,0.0043184757232666016,0.0,0.0,1,1,0.02469773531931969,0.02469773531931969,0.01300811767578125,0.003721952438354492,19,4,-0.0247,-0.0247,1,1
500,61,11,2,0.0,0.0,0.0,0.010153770446777344,0.003356456756591797,0.0,0.0,1,1,0.042759145798040986,0.042759145798040986,0.008780717849731445,0.0026352405548095703,19,2,-0.04276,-0.04276,1,1
500,62,1,11,0.0,0.0,0.0,0.011806011199951172,0.0030736923217773438,0.0,0.0,1,1,0.0408117552887825,0.012371062971624307,0.011635541915893555,0.002420663833618164,19,2,-0.08398|-0.02609|-0.01237,-0.01237,3,1
500,63,6,2,0.0,0.0,0.0,0.008273601531982422,0.0027625560760498047,0.0,0.0,1,1,0.004432341291508464,0.000991214207703869,0.008140802383422852,0.002365589141845703,19,2,-0.00787|0.00099,0.00099,2,1
500,64,15,1,0.0,0.0,0.0,0.0077152252197265625,0.0026412010192871094,0.0,0.0,1,1,0.04187379953146524,0.04187379953146524,0.007668972015380859,0.002358675003051758,19,2,0.04187,0.04187,1,1
500,65,4,12,0.0,0.0,0.0,0.007792234420776367,0.0026874542236328125,0.0,0.0,1,1,0.018481326395038643,0.018481326395038643,0.007816791534423828,0.0023806095123291016,19,2,-0.01848,-0.01848,1,1
500,66,6,18,2.0,1.25,1.25,0.007833719253540039,0.011976957321166992,2.0|4.5,2.0|4.5,2,2,1.3011251764696188,1.3011251764696188,0.011260986328125,0.019193649291992188,19,13,2.05622|4.54603,2.05622|4.54603,2,2
500,67,14,4,0.0,0.0,0.0,0.009197235107421875,0.0032787322998046875,0.0,0.0,1,1,0.009501932498807025,0.0092222442236986,0.01006627082824707,0.0031642913818359375,19,2,-0.00978|-0.00922,-0.00922,2,1
500,68,10,1,0.0,0.0,0.0,0.008931398391723633,0.006081342697143555,0.0,0.0,1,1,0.042726444691345226,0.042726444691345226,0.009083747863769531,0.01715540885925293,19,5,0.04273,0.04273,1,1
500,69,19,12,0.0,0.0,0.0,0.008451223373413086,0.009875059127807617,0.0,0.0,1,1,0.011991411459058441,0.011991411459058441,0.0083770751953125,0.00965738296508789,19,16,0.01199,0.01199,1,1
500,70,4,14,0.0,0.0,0.0,0.009845256805419922,0.0027244091033935547,0.0,0.0,1,1,0.00408423158591116,0.00408423158591116,0.012298107147216797,0.0027854442596435547,19,2,0.00408,0.00408,1,1
500,71,15,5,0.0,0.0,0.0,0.008261919021606445,0.0031926631927490234,0.0,0.0,1,1,0.02293376089692635,0.02293376089692635,0.008085250854492188,0.0029468536376953125,19,4,0.02293,0.02293,1,1
500,72,20,2,0.0,0.0,0.0,0.008296966552734375,0.0045931339263916016,0.0,0.0,1,1,0.028906869017721912,0.028906869017721912,0.013301849365234375,0.003971099853515625,19,6,0.02891,0.02891,1,1
500,73,9,19,1.0,0.0,0.0,0.009613513946533203,0.013902902603149414,1.0,1.0,1,1,0.019664001526160657,0.019664001526160657,0.009929656982421875,0.011920928955078125,19,15,1.01966,1.01966,1,1
500,74,19,5,-1.1574561971640338e-15,0.0,0.0,0.012375116348266602,0.010239362716674805,-0.0,-0.0,1,1,0.08625153995182411,0.08625153995182411,0.014722585678100586,0.010009527206420898,19,15,-0.08625,-0.08625,1,1
500,75,12,16,0.0,0.0,0.0,0.007953882217407227,0.006999492645263672,0.0,0.0,1,1,0.008266195460094536,0.008266195460094536,0.007681608200073242,0.0067942142486572266,19,8,-0.00827,-0.00827,1,1
500,76,20,5,0.0,0.0,0.0,0.009641170501708984,0.004011869430541992,0.0,0.0,1,1,0.03673391351015044,0.03673391351015044,0.008016109466552734,0.0037038326263427734,19,8,-0.03673,-0.03673,1,1
500,77,1,19,7.0,2.0,2.0,0.008073568344116211,0.01071786880493164,3.0|5.0|7.0,3.0|5.0|7.0,3,3,2.0590637410172783,2.0590637410172783,0.008189916610717773,0.015671730041503906,19,15,2.80788|5.14327|7.12834,2.80788|5.14327|7.12834,3,3
500,78,10,5,0.0,0.0,0.0,0.009916067123413086,0.007497549057006836,0.0,0.0,1,1,0.006274234650477564,0.006274234650477564,0.010787487030029297,0.008957147598266602,19,7,-0.00627,-0.00627,1,1
500,79,2,19,5.0,1.0,1.0,0.00890493392944336,0.010817289352416992,3.0|5.0,3.0|5.0,2,2,1.098818518324866,1.098818518324866,0.01285243034362793,0.011139392852783203,19,15,2.89092|4.91144,2.89092|4.91144,2,2
500,80,14,16,1.4802973661668753e-16,0.49999999999999994,0.49999999999999994,0.00847768783569336,0.0076847076416015625,0.0|1.0,0.0|1.0,2,2,0.572880002035882,0.572880002035882,0.007890939712524414,0.006829500198364258,19,8,-0.17748|0.96828,-0.17748|0.96828,2,2
500,81,12,8,0.0,0.0,0.0,0.011244535446166992,0.00510716438293457,0.0,0.0,1,1,0.0038889076795812993,0.0038889076795812993,0.007932901382446289,0.005023002624511719,19,5,0.00389,0.00389,1,1
500,82,11,10,0.0,0.0,0.0,0.007536649703979492,0.005186796188354492,0.0,0.0,1,1,0.037269064891930846,0.037269064891930846,0.008078813552856445,0.005182504653930664,19,6,0.03727,0.03727,1,1
500,83,18,9,-2.2245202621847172e-15,0.0,0.0,0.011485099792480469,0.011037826538085938,-0.0,-0.0,1,1,0.13766376251033402,0.13766376251033402,0.008713006973266602,0.010639190673828125,19,13,-0.13766,-0.13766,1,1
500,84,15,4,0.0,0.0,0.0,0.009257078170776367,0.003083467483520508,0.0,0.0,1,1,0.04529215874069994,0.04529215874069994,0.009354829788208008,0.002829313278198242,19,2,0.04529,0.04529,1,1
500,85,14,16,1.4802973661668753e-16,0.49999999999999994,0.49999999999999994,0.008884906768798828,0.007953882217407227,0.0|1.0,0.0|1.0,2,2,0.5123963084823439,0.5123963084823439,0.009079933166503906,0.007854938507080078,19,8,0.00305|1.02175,0.00305|1.02175,2,2
500,86,17,14,3.175891741181799e-16,0.0,0.0,0.00788569450378418,0.0134429931640625,0.0,0.0,1,1,0.0733009154741777,0.0733009154741777,0.008300065994262695,0.008701562881469727,19,12,0.0733,0.0733,1,1
500,87,11,13,0.0,0.0,0.0,0.008188724517822266,0.002742290496826172,0.0,0.0,1,1,0.012147028372680264,0.012147028372680264,0.007930278778076172,0.002378225326538086,19,2,0.01215,0.01215,1,1
500,88,17,4,0.0,0.0,0.0,0.011089086532592773,0.009596824645996094,0.0,0.0,1,1,0.15757560765917242,0.15757560765917242,0.012059926986694336,0.008136987686157227,19,12,-0.15758,-0.15758,1,1
500,89,5,10,1.4802973661668753e-16,0.0,0.0,0.007645606994628906,0.0053081512451171875,0.0,0.0,1,1,0.2711413195288248,0.2711413195288248,0.007195711135864258,0.0054628849029541016,19,7,-0.27114,-0.27114,1,1
500,90,9,12,0.0,0.0,0.0,0.008786201477050781,0.0059051513671875,0.0,0.0,1,1,0.012407384943628296,0.012407384943628296,0.011962890625,0.00507807731628418,19,6,-0.01241,-0.01241,1,1
500,91,17,15,0.0,0.0,0.0,0.008033037185668945,0.00866556167602539,0.0,0.0,1,1,0.055789798514531794,0.055789798514531794,0.007467031478881836,0.008291959762573242,19,12,-0.05579,-0.05579,1,1
500,92,11,10,0.0,0.0,0.0,0.011322975158691406,0.005347013473510742,0.0,0.0,1,1,0.068928695533774,0.068928695533774,0.007856369018554688,0.0053904056549072266,19,6,0.06893,0.06893,1,1
500,93,12,19,0.0,0.0,0.0,0.007184505462646484,0.008415937423706055,0.0,0.0,1,1,0.036103963375133996,0.036103963375133996,0.006960391998291016,0.01186823844909668,19,16,-0.0361,-0.0361,1,1
500,94,4,15,0.0,0.0,0.0,0.007367610931396484,0.0049703121185302734,0.0,0.0,1,1,0.030607123688601807,0.030607123688601807,0.0073468685150146484,0.002293109893798828,19,2,-0.03061,-0.03061,1,1
500,95,19,17,1.4160212963201558e-15,0.0,0.0,0.007288694381713867,0.011939764022827148,0.0,0.0,1,1,0.03226537822944914,0.03226537822944914,0.007082939147949219,0.00888514518737793,19,15,0.03227,0.03227,1,1
500,96,9,4,0.0,0.0,0.0,0.008114814758300781,0.005476951599121094,0.0,0.0,1,1,0.015406401349387396,0.015406401349387396,0.007659196853637695,0.005120515823364258,19,6,0.01541,0.01541,1,1
500,97,18,20,3.870502287684032e-17,0.0,0.0,0.007478237152099609,0.008843421936035156,0.0,0.0,1,1,0.02650937580672841,0.02650937580672841,0.011563777923583984,0.009526252746582031,19,16,-0.02651,-0.02651,1,1
500,98,12,2,0.0,0.0,0.0,0.007544517517089844,0.004250764846801758,0.0,0.0,1,1,0.05319241548800784,0.05319241548800784,0.007228374481201172,0.0022759437561035156,19,2,-0.05319,-0.05319,1,1
500,99,14,16,1.4802973661668753e-16,0.49999999999999994,0.49999999999999994,0.011276483535766602,0.006502628326416016,0.0|1.0,0.0|1.0,2,2,0.5702438819693151,0.5702438819693151,0.007347583770751953,0.006266355514526367,19,8,-0.163|0.97749,-0.163|0.97749,2,2
1000,0,19,20,-1.1686558153949016e-17,0.0,0.0,0.007088184356689453,0.008915185928344727,-0.0,-0.0,1,1,0.03509625949905173,0.03509625949905173,0.0069158077239990234,0.012645721435546875,19,17,-0.0351,-0.0351,1,1
1000,1,12,17,0.0,0.0,0.0,0.007464170455932617,0.007710933685302734,0.0,0.0,1,1,0.01059885683077883,0.01059885683077883,0.007297515869140625,0.007908105850219727,19,12,0.0106,0.0106,1,1
1000,2,2,14,1.0,0.5,0.5,0.0076940059661865234,0.00498199462890625,0.0|1.0,0.0|1.0,2,2,0.5401286976804789,0.5401286976804789,0.011569976806640625,0.004406929016113281,19,3,-0.02626|0.946,-0.02626|0.946,2,2
1000,3,16,9,0.0,0.0,0.0,0.007934331893920898,0.0069539546966552734,0.0,0.0,1,1,0.011442499654096583,0.011442499654096583,0.0074977874755859375,0.006657123565673828,19,8,-0.01144,-0.01144,1,1
1000,4,20,3,0.0,0.0,0.0,0.011316537857055664,0.0035538673400878906,0.0,0.0,1,1,0.027220624341882615,0.027220624341882615,0.007666826248168945,0.003004312515258789,19,6,0.02722,0.02722,1,1
1000,5,20,10,0.0,0.0,0.0,0.007819890975952148,0.005842447280883789,0.0,0.0,1,1,0.06810158971700489,0.06810158971700489,0.007135868072509766,0.005064249038696289,19,10,-0.0681,-0.0681,1,1
1000,6,3,11,0.0,0.0,0.0,0.014464616775512695,0.0027914047241210938,0.0,0.0,1,1,0.009306008789398343,0.003300453250190669,0.009843826293945312,0.002274036407470703,19,2,0.0033|0.01531,0.0033,2,1
1000,7,14,8,0.0,0.0,0.0,0.008757591247558594,0.005293846130371094,0.0,0.0,1,1,0.023683295605661882,0.0012273141858432195,0.008264780044555664,0.005161762237548828,19,5,-0.00123|0.04614,-0.00123,2,1
1000,8,3,2,0.0,0.0,0.0,0.012603044509887695,0.0035948753356933594,0.0,0.0,1,1,0.014189392660153143,0.0005846950206623649,0.010488748550415039,0.0030689239501953125,19,2,0.00058|0.02779,0.00058,2,1
1000,9,9,12,0.0,0.0,0.0,0.009153127670288086,0.006985187530517578,0.0,0.0,1,1,0.052877844643277744,0.052877844643277744,0.009631872177124023,0.005913972854614258,19,6,0.05288,0.05288,1,1
1000,10,18,14,1.9869427204472697e-16,0.0,0.0,0.008757829666137695,0.010453462600708008,0.0,0.0,1,1,0.015205023242257216,0.015205023242257216,0.014057159423828125,0.009807586669921875,19,14,0.01521,0.01521,1,1
1000,11,12,15,0.0,0.0,0.0,0.008431196212768555,0.0028324127197265625,0.0,0.0,1,1,0.028107822133601468,0.028107822133601468,0.007890939712524414,0.0025818347930908203,19,2,-0.02811,-0.02811,1,1
1000,12,4,6,0.0,0.0,0.0,0.013769149780273438,0.0030031204223632812,0.0,0.0,1,1,0.01649985767130659,0.01649985767130659,0.00946950912475586,0.002432107925415039,19,2,0.0165,0.0165,1,1
1000,13,20,1,0.0,0.0,0.0,0.009140253067016602,0.004578828811645508,0.0,0.0,1,1,0.07430237089387885,0.07430237089387885,0.010481119155883789,0.0032813549041748047,19,6,-0.0743,-0.0743,1,1
1000,14,6,9,1.0,0.25,0.25,0.009021759033203125,0.007077217102050781,1.0|1.5,1.0|1.5,2,2,0.264270462872557,0.264270462872557,0.01577162742614746,0.0064389705657958984,19,5,0.95989|1.48843,0.95989|1.48843,2,2
1000,15,19,12,0.0,0.0,0.0,0.00966787338256836,0.010088205337524414,0.0,0.0,1,1,0.0004721478349098734,0.0004721478349098734,0.008796453475952148,0.010064363479614258,19,16,-0.00047,-0.00047,1,1
1000,16,4,17,0.0,0.0,0.0,0.01068115234375,0.0092010498046875,0.0,0.0,1,1,0.0161450592369797,0.0161450592369797,0.00876927375793457,0.008980035781860352,19,12,0.01615,0.01615,1,1
1000,17,1,4,0.0,0.0,0.0,0.009401559829711914,0.0026950836181640625,0.0,0.0,1,1,0.012360028263847857,0.004670319032460753,0.008300304412841797,0.002735137939453125,19,2,0.00467|0.015|0.01741,0.00467,3,1
1000,18,20,14,0.0,0.0,0.0,0.008369684219360352,0.0036995410919189453,0.0,0.0,1,1,0.06394167947442962,0.06394167947442962,0.007965564727783203,0.003408670425415039,19,6,-0.06394,-0.06394,1,1
1000,19,14,20,0.0,0.0,0.0,0.010318517684936523,0.004349708557128906,0.0,0.0,1,1,0.02413131830863942,0.006903506898762467,0.009034156799316406,0.0048525333404541016,19,6,-0.04136|-0.0069,-0.0069,2,1
1000,20,8,11,0.0,0.0,0.0,0.014792442321777344,0.006581306457519531,0.0,0.0,1,1,0.02112204224899305,0.02112204224899305,0.00935506820678711,0.005639314651489258,19,5,0.02112,0.02112,1,1
1000,21,4,3,0.0,0.0,0.0,0.009742498397827148,0.0031669139862060547,0.0,0.0,1,1,0.044575038460549686,0.044575038460549686,0.00919198989868164,0.0028946399688720703,19,2,0.04458,0.04458,1,1
1000,22,9,16,0.0,0.0,0.0,0.01398015022277832,0.007965087890625,0.0,0.0,1,1,0.050966983041748445,0.050966983041748445,0.008150577545166016,0.007453441619873047,19,8,-0.05097,-0.05097,1,1
1000,23,9,4,0.0,0.0,0.0,0.007687568664550781,0.005519866943359375,0.0,0.0,1,1,0.06731060381108529,0.06731060381108529,0.007767438888549805,0.005017280578613281,19,6,0.06731,0.06731,1,1
1000,24,14,20,0.0,0.0,0.0,0.009274959564208984,0.003700733184814453,0.0,0.0,1,1,0.006248108340079005,0.005463724775755495,0.008234262466430664,0.005282878875732422,19,6,-0.00546|0.00703,-0.00546,2,1
1000,25,16,18,1.0000000000000016,0.0,0.0,0.009646415710449219,0.010381937026977539,1.0,1.0,1,1,0.07265953110504997,0.07265953110504997,0.008091926574707031,0.013504743576049805,19,13,1.07266,1.07266,1,1
1000,26,8,18,2.000000000000001,0.0,0.0,0.00902104377746582,0.009885549545288086,2.0,2.0,1,1,0.03971725599503273,0.03971725599503273,0.009068012237548828,0.009963750839233398,19,13,2.03972,2.03972,1,1
1000,27,8,17,2.0,0.0,0.0,0.009027719497680664,0.009573221206665039,2.0,2.0,1,1,0.07152715245821062,0.07152715245821062,0.014592885971069336,0.008623123168945312,19,11,2.07153,2.07153,1,1
1000,28,18,11,-8.963268455689338e-17,0.0,0.0,0.008637666702270508,0.008826971054077148,-0.0,-0.0,1,1,0.03446923899196994,0.03446923899196994,0.007903337478637695,0.009377479553222656,19,13,-0.03447,-0.03447,1,1
1000,29,20,3,0.0,0.0,0.0,0.009099245071411133,0.003658294677734375,0.0,0.0,1,1,0.01693144275376256,0.01693144275376256,0.008033275604248047,0.003474712371826172,19,6,0.01693,0.01693,1,1
1000,30,2,4,0.0,0.0,0.0,0.00797128677368164,0.00263214111328125,0.0,0.0,1,1,0.02705230234802234,0.0008489560164761859,0.007821321487426758,0.0023605823516845703,19,2,0.00085|0.05326,0.00085,2,1
1000,31,14,5,0.0,0.16666666666666666,0.16666666666666666,0.01305842399597168,0.0062215328216552734,0.0|0.33333,0.0|0.33333,2,2,0.1774744031275743,0.1774744031275743,0.008793830871582031,0.005898237228393555,19,5,-0.00751|0.34744,-0.00751|0.34744,2,2
1000,32,3,12,0.0,0.0,0.0,0.009325027465820312,0.0032205581665039062,0.0,0.0,1,1,0.02574761026638423,0.01113895588274368,0.00919342041015625,0.0034155845642089844,19,2,0.01114|0.04036,0.01114,2,1
1000,33,8,5,0.0,0.0,0.0,0.014501333236694336,0.0068628787994384766,0.0,0.0,1,1,0.004841761187807116,0.004841761187807116,0.00895547866821289,0.0057544708251953125,19,6,0.00484,0.00484,1,1
1000,34,14,20,0.0,0.0,0.0,0.008936166763305664,0.004010677337646484,0.0,0.0,1,1,0.022256530476102328,0.008676517529378132,0.008633136749267578,0.0032258033752441406,19,6,0.00868|0.03584,0.00868,2,1
1000,35,1,2,0.0,0.0,0.0,0.01278996467590332,0.0030112266540527344,0.0,0.0,1,1,0.024835176257299866,0.0008402221619234142,0.01104879379272461,0.002457857131958008,19,2,-0.05399|-0.01967|-0.00084,-0.00084,3,1
1000,36,3,9,1.0,0.25,0.25,0.008611917495727539,0.00525212287902832,1.0|1.5,1.0|1.5,2,2,0.2732315103291846,0.2732315103291846,0.008248090744018555,0.005408048629760742,19,5,1.00647|1.54,1.00647|1.54,2,2
1000,37,20,2,0.0,0.0,0.0,0.007979631423950195,0.00469660758972168,0.0,0.0,1,1,0.005998588901724977,0.005998588901724977,0.014772653579711914,0.004955291748046875,19,6,-0.006,-0.006,1,1
1000,38,19,16,-3.3374862327986067e-15,0.0,0.0,0.011898279190063477,0.010599613189697266,-0.0,-0.0,1,1,0.08386879685824959,0.08386879685824959,0.009376764297485352,0.01023101806640625,19,15,0.08387,0.08387,1,1
1000,39,3,11,0.0,0.0,0.0,0.014330387115478516,0.0031592845916748047,0.0,0.0,1,1,0.015747408835746445,0.00028536408987520214,0.008902311325073242,0.002440929412841797,19,2,-0.03121|-0.00029,-0.00029,2,1
1000,40,2,19,5.0,1.0,1.0,0.00874781608581543,0.010080337524414062,3.0|5.0,3.0|5.0,2,2,0.9803864085784835,0.9803864085784835,0.008295297622680664,0.012845516204833984,19,15,3.2194|5.18017,3.2194|5.18017,2,2
1000,41,1,19,7.0,2.0,2.0,0.009366750717163086,0.009908437728881836,3.0|5.0|7.0,3.0|5.0|7.0,3,3,1.981767564528398,1.981767564528398,0.009798526763916016,0.009114980697631836,19,15,3.11299|4.94414|7.00244,3.11299|4.94414|7.00244,3,3
1000,42,18,8,-3.789018028995947e-16,0.0,0.0,0.01072549819946289,0.009465932846069336,-0.0,-0.0,1,1,0.0720572967655494,0.0720572967655494,0.013163089752197266,0.010381698608398438,19,13,0.07206,0.07206,1,1
1000,43,3,16,1.0,0.25,0.25,0.010366201400756836,0.008727550506591797,1.0|1.5,1.0|1.5,2,2,0.24651848104681706,0.24651848104681706,0.008997678756713867,0.00794529914855957,19,7,0.93769|1.43072,0.93769|1.43072,2,2
1000,44,5,11,0.0,0.0,0.0,0.009974479675292969,0.0038156509399414062,0.0,0.0,1,1,0.029369798082657318,0.029369798082657318,0.009470939636230469,0.003719329833984375,19,4,-0.02937,-0.02937,1,1
1000,45,15,2,0.0,0.0,0.0,0.008796215057373047,0.0030641555786132812,0.0,0.0,1,1,0.004255694692438093,0.004255694692438093,0.008044242858886719,0.0024759769439697266,19,2,-0.00426,-0.00426,1,1
1000,46,14,3,0.0,0.0,0.0,0.018878936767578125,0.002881765365600586,0.0,0.0,1,1,0.007192172819196663,0.0031861487865867005,0.010139703750610352,0.002401590347290039,19,2,0.00319|0.0112,0.00319,2,1
1000,47,1,9,2.0,0.6666666666666666,0.6666666666666666,0.008575439453125,0.005622148513793945,1.0|2.0,1.0|2.0,2,2,0.6790894674407545,0.6790894674407545,0.00876307487487793,0.00556182861328125,19,5,0.96945|1.01616|2.02288,0.96945|1.01616|2.02288,3,3
1000,48,19,3,6.938893903907228e-16,0.0,0.0,0.015049934387207031,0.01100468635559082,0.0,0.0,1,1,0.05012120794493462,0.05012120794493462,0.009402036666870117,0.011065006256103516,19,15,-0.05012,-0.05012,1,1
1000,49,8,15,0.0,0.0,0.0,0.009078264236450195,0.0066070556640625,0.0,0.0,1,1,0.029019167419706338,0.029019167419706338,0.008383750915527344,0.005665302276611328,19,5,-0.02902,-0.02902,1,1
1000,50,16,10,0.0,0.0,0.0,0.009436368942260742,0.008464574813842773,0.0,0.0,1,1,0.08170184658762589,0.08170184658762589,0.009499073028564453,0.009141921997070312,19,8,0.0817,0.0817,1,1
1000,51,12,14,0.0,0.0,0.0,0.00865793228149414,0.0029196739196777344,0.0,0.0,1,1,0.01620244184401769,0.01620244184401769,0.008489131927490234,0.002445220947265625,19,2,0.0162,0.0162,1,1
1000,52,11,9,0.0,0.0,0.0,0.00855565071105957,0.005579710006713867,0.0,0.0,1,1,0.03485839991925594,0.03485839991925594,0.008606433868408203,0.005404233932495117,19,6,-0.03486,-0.03486,1,1
1000,53,16,6,0.0,0.0,0.0,0.007761478424072266,0.0067920684814453125,0.0,0.0,1,1,0.03390805731279944,0.03390805731279944,0.00811910629272461,0.013184547424316406,19,7,-0.03391,-0.03391,1,1
1000,54,5,12,0.0,0.0,0.0,0.008585691452026367,0.004324913024902344,0.0,0.0,1,1,0.044955094509156426,0.044955094509156426,0.009013652801513672,0.003921031951904297,19,4,-0.04496,-0.04496,1,1
1000,55,20,14,0.0,0.0,0.0,0.009950637817382812,0.004766941070556641,0.0,0.0,1,1,0.04183080710359434,0.04183080710359434,0.010293960571289062,0.003920793533325195,19,6,0.04183,0.04183,1,1
1000,56,4,2,0.0,0.0,0.0,0.011812210083007812,0.00351715087890625,0.0,0.0,1,1,0.0076732636797306585,0.0076732636797306585,0.009626388549804688,0.002582550048828125,19,2,-0.00767,-0.00767,1,1
1000,57,1,19,7.0,2.0,2.0,0.00972604751586914,0.009975433349609375,3.0|5.0|7.0,3.0|5.0|7.0,3,3,2.162758285644117,2.162758285644117,0.00923466682434082,0.016343116760253906,19,15,2.74293|4.90785|6.86094,2.74293|4.90785|6.86094,3,3
1000,58,1,14,0.0,0.0,0.0,0.008642196655273438,0.0029010772705078125,0.0,0.0,1,1,0.017841382636576194,0.01991510046625986,0.008434057235717773,0.0024023056030273438,19,2,0.01321|0.01992|0.0204,0.01992,3,1
1000,59,20,2,0.0,0.0,0.0,0.00784611701965332,0.0033736228942871094,0.0,0.0,1,1,0.009587266318007133,0.009587266318007133,0.007680416107177734,0.0031774044036865234,19,6,0.00959,0.00959,1,1
1000,60,12,11,0.0,0.0,0.0,0.008181095123291016,0.0026738643646240234,0.0,0.0,1,1,0.03269689884761333,0.03269689884761333,0.008001565933227539,0.0024285316467285156,19,2,0.0327,0.0327,1,1
1000,61,11,15,0.0,0.0,0.0,0.008872032165527344,0.0032308101654052734,0.0,0.0,1,1,0.004961143578239324,0.004961143578239324,0.01037740707397461,0.003088712692260742,19,2,0.00496,0.00496,1,1
1000,62,12,8,0.0,0.0,0.0,0.015512704849243164,0.006691932678222656,0.0,0.0,1,1,0.024857267347185106,0.024857267347185106,0.009031534194946289,0.006497859954833984,19,5,0.02486,0.02486,1,1
1000,63,11,6,0.0,0.0,0.0,0.009151458740234375,0.0033447742462158203,0.0,0.0,1,1,0.044213194125195664,0.044213194125195664,0.008754491806030273,0.0025463104248046875,19,2,-0.04421,-0.04421,1,1
1000,64,9,12,0.0,0.0,0.0,0.013187646865844727,0.005606174468994141,0.0,0.0,1,1,0.03883429218676541,0.03883429218676541,0.008258342742919922,0.006116151809692383,19,6,-0.03883,-0.03883,1,1
1000,65,9,3,0.0,0.0,0.0,0.010412216186523438,0.005124330520629883,0.0,0.0,1,1,0.05433000057501261,0.05433000057501261,0.0075528621673583984,0.005017518997192383,19,5,-0.05433,-0.05433,1,1
1000,66,1,12,0.0,0.0,0.0,0.012732505798339844,0.002758502960205078,0.0,0.0,1,1,0.01517107521486502,0.009004479747597157,0.008090496063232422,0.0024161338806152344,19,2,0.00699|0.009|0.02952,0.009,3,1
1000,67,2,17,3.0,0.5,0.5,0.009917259216308594,0.012525320053100586,2.0|3.0,2.0|3.0,2,2,0.5274494869660757,0.5274494869660757,0.010881185531616211,0.010624408721923828,19,11,1.96256|2.98255,1.96256|2.98255,2,2
1000,68,10,5,0.0,0.0,0.0,0.009922027587890625,0.006877899169921875,0.0,0.0,1,1,0.06077516321647759,0.06077516321647759,0.00947880744934082,0.006227970123291016,19,7,0.06078,0.06078,1,1
1000,69,5,8,1.4802973661668753e-16,0.0,0.0,0.008725166320800781,0.0054814815521240234,0.0,0.0,1,1,0.023936059465607836,0.023936059465607836,0.007941961288452148,0.005057096481323242,19,6,-0.02394,-0.02394,1,1
1000,70,5,6,0.0,0.0,0.0,0.008074045181274414,0.005352497100830078,0.0,0.0,1,1,0.03784000833529867,0.03784000833529867,0.009966850280761719,0.004880428314208984,19,5,0.03784,0.03784,1,1
1000,71,9,16,0.0,0.0,0.0,0.008123159408569336,0.007385730743408203,0.0,0.0,1,1,0.04449299736811002,0.04449299736811002,0.008516788482666016,0.007627248764038086,19,8,-0.04449,-0.04449,1,1
1000,72,5,12,0.0,0.0,0.0,0.01051473617553711,0.005313396453857422,0.0,0.0,1,1,0.033447799777057675,0.033447799777057675,0.00937652587890625,0.005221128463745117,19,4,-0.03345,-0.03345,1,1
1000,73,5,15,0.0,0.0,0.0,0.009924888610839844,0.003912210464477539,0.0,0.0,1,1,0.059294704752051945,0.059294704752051945,0.012056112289428711,0.003226041793823242,19,4,0.05929,0.05929,1,1
1000,74,13,20,0.0,0.0,0.0,0.009436845779418945,0.003961086273193359,0.0,0.0,1,1,0.03967520441670618,0.014406319927276565,0.008977651596069336,0.0033500194549560547,19,6,-0.06642|-0.0382|-0.01441,-0.01441,3,1
1000,75,3,2,0.0,0.0,0.0,0.008309364318847656,0.0032083988189697266,0.0,0.0,1,1,0.01289536105581877,0.008889754462218463,0.007905960083007812,0.002439260482788086,19,2,0.00889|0.0169,0.00889,2,1
1000,76,6,15,0.0,0.0,0.0,0.012928485870361328,0.0028221607208251953,0.0,0.0,1,1,0.025569968498131316,0.007757218243228735,0.00813603401184082,0.002384185791015625,19,2,-0.04338|-0.00776,-0.00776,2,1
1000,77,16,9,0.0,0.0,0.0,0.00893092155456543,0.00743865966796875,0.0,0.0,1,1,0.0003744497160870593,0.0003744497160870593,0.007770061492919922,0.007113456726074219,19,8,0.00037,0.00037,1,1
1000,78,11,2,0.0,0.0,0.0,0.014725923538208008,0.003347158432006836,0.0,0.0,1,1,0.029737072520127618,0.029737072520127618,0.009687662124633789,0.002518892288208008,19,2,0.02974,0.02974,1,1
1000,79,2,4,0.0,0.0,0.0,0.010240316390991211,0.003745555877685547,0.0,0.0,1,1,0.004275234870594686,0.0031030099811002985,0.009644508361816406,0.0032782554626464844,19,2,0.0031|0.00545,0.0031,2,1
1000,80,3,17,3.0,0.5,0.5,0.01366734504699707,0.009531736373901367,3.0|4.0,3.0|4.0,2,2,0.5489037386306028,0.5489037386306028,0.010489225387573242,0.009053707122802734,19,11,3.06127|4.03654,3.06127|4.03654,2,2
1000,81,12,4,0.0,0.0,0.0,0.008336067199707031,0.0028412342071533203,0.0,0.0,1,1,0.017984536088346978,0.017984536088346978,0.00784754753112793,0.002382993698120117,19,2,-0.01798,-0.01798,1,1
1000,82,10,13,0.0,0.0,0.0,0.012953996658325195,0.005937814712524414,0.0,0.0,1,1,0.06316398587340698,0.06316398587340698,0.008346080780029297,0.005539655685424805,19,6,-0.06316,-0.06316,1,1
1000,83,18,10,-3.789018028995947e-16,0.0,0.0,0.008337259292602539,0.009232521057128906,-0.0,-0.0,1,1,0.040893545885045596,0.040893545885045596,0.007865190505981445,0.008505105972290039,19,14,-0.04089,-0.04089,1,1
1000,84,13,1,0.0,0.0,0.0,0.008492708206176758,0.0034737586975097656,0.0,0.0,1,1,0.007144685666227641,0.004441331302194578,0.008803129196166992,0.00307464599609375,19,2,-0.01699|1e-05|0.00444,0.00444,3,1
1000,85,14,5,0.0,0.16666666666666666,0.16666666666666666,0.009482383728027344,0.00601649284362793,0.0|0.33333,0.0|0.33333,2,2,0.16993990886822108,0.16993990886822108,0.009819507598876953,0.006857395172119141,19,5,-0.00368|0.3362,-0.00368|0.3362,2,2
1000,86,10,14,0.0,0.0,0.0,0.010169267654418945,0.0070955753326416016,0.0,0.0,1,1,0.014130492889820483,0.014130492889820483,0.010390996932983398,0.006881237030029297,19,6,0.01413,0.01413,1,1
1000,87,11,12,0.0,0.0,0.0,0.008962631225585938,0.0029456615447998047,0.0,0.0,1,1,0.03051833177148237,0.03051833177148237,0.009019851684570312,0.0024423599243164062,19,2,-0.03052,-0.03052,1,1
1000,88,12,5,0.0,0.0,0.0,0.0091094970703125,0.004071474075317383,0.0,0.0,1,1,0.01725249569193113,0.01725249569193113,0.008588552474975586,0.0032472610473632812,19,4,-0.01725,-0.01725,1,1
1000,89,17,3,-7.117257389125144e-17,0.0,0.0,0.008058309555053711,0.008639335632324219,-0.0,-0.0,1,1,0.014336841870031494,0.014336841870031494,0.007883071899414062,0.009018421173095703,19,11,0.01434,0.01434,1,1
1000,90,11,6,0.0,0.0,0.0,0.009262323379516602,0.0035283565521240234,0.0,0.0,1,1,0.010362638262095878,0.010362638262095878,0.010451555252075195,0.002614736557006836,19,2,-0.01036,-0.01036,1,1
1000,91,3,12,0.0,0.0,0.0,0.009198904037475586,0.0032608509063720703,0.0,0.0,1,1,0.03659079849454496,0.013906767622761414,0.009571313858032227,0.0024917125701904297,19,2,0.01391|0.05927,0.01391,2,1
1000,92,19,8,1.3877787807814457e-15,0.0,0.0,0.01548624038696289,0.01100015640258789,0.0,0.0,1,1,0.012615023016362732,0.012615023016362732,0.009647369384765625,0.011148452758789062,19,15,0.01262,0.01262,1,1
1000,93,5,12,0.0,0.0,0.0,0.008367538452148438,0.0034427642822265625,0.0,0.0,1,1,0.04743559814915696,0.04743559814915696,0.008066892623901367,0.003076791763305664,19,4,-0.04744,-0.04744,1,1
1000,94,20,17,0.0,0.0,0.0,0.009630680084228516,0.01014566421508789,0.0,0.0,1,1,0.033236782650839874,0.033236782650839874,0.009119749069213867,0.009106874465942383,19,15,0.03324,0.03324,1,1
1000,95,16,6,0.0,0.0,0.0,0.008897542953491211,0.009122610092163086,0.0,0.0,1,1,0.04627002136051407,0.04627002136051407,0.015038251876831055,0.00861978530883789,19,7,0.04627,0.04627,1,1
1000,96,8,11,0.0,0.0,0.0,0.012506961822509766,0.006755828857421875,0.0,0.0,1,1,0.037204430533278036,0.037204430533278036,0.00983881950378418,0.005541563034057617,19,5,-0.0372,-0.0372,1,1
1000,97,12,14,0.0,0.0,0.0,0.009833574295043945,0.0031905174255371094,0.0,0.0,1,1,0.025031981542135876,0.025031981542135876,0.015475034713745117,0.0025415420532226562,19,2,-0.02503,-0.02503,1,1
1000,98,11,6,0.0,0.0,0.0,0.008535623550415039,0.002771139144897461,0.0,0.0,1,1,0.0222932914367003,0.0222932914367003,0.008220434188842773,0.002374410629272461,19,2,-0.02229,-0.02229,1,1
1000,99,20,1,0.0,0.0,0.0,0.010321378707885742,0.007073640823364258,0.0,0.0,1,1,0.005406627252693568,0.005406627252693568,0.008031845092773438,0.0050699710845947266,19,6,0.00541,0.00541,1,1
2500,0,10,1,0.0,0.0,0.0,0.009537696838378906,0.005487680435180664,0.0,0.0,1,1,0.04735520622900227,0.04735520622900227,0.008575916290283203,0.005039215087890625,19,5,0.04736,0.04736,1,1
2500,1,20,9,0.0,0.0,0.0,0.010019779205322266,0.010846376419067383,0.0,0.0,1,1,0.0036347347359464593,0.0036347347359464593,0.007771730422973633,0.009890556335449219,19,10,-0.00363,-0.00363,1,1
2500,2,14,8,0.0,0.0,0.0,0.011697769165039062,0.008419036865234375,0.0,0.0,1,1,0.016481996695031517,0.005449255714759346,0.012917041778564453,0.006858110427856445,19,5,-0.02751|-0.00545,-0.00545,2,1
2500,3,5,8,1.4802973661668753e-16,0.0,0.0,0.008882999420166016,0.012207746505737305,0.0,0.0,1,1,0.1008620641260161,0.1008620641260161,0.00828862190246582,0.006791114807128906,19,6,-0.10086,-0.10086,1,1
2500,4,18,12,0.0,0.0,0.0,0.008425712585449219,0.008855104446411133,0.0,0.0,1,1,0.009257090886507849,0.009257090886507849,0.008437395095825195,0.008777379989624023,19,14,-0.00926,-0.00926,1,1
2500,5,15,12,0.0,0.0,0.0,0.007745504379272461,0.0028886795043945312,0.0,0.0,1,1,0.00754833370178788,0.00754833370178788,0.013771533966064453,0.0023970603942871094,19,2,-0.00755,-0.00755,1,1
2500,6,12,9,0.0,0.0,0.0,0.01120615005493164,0.0054285526275634766,0.0,0.0,1,1,0.010453155500071082,0.010453155500071082,0.008208274841308594,0.005599021911621094,19,6,-0.01045,-0.01045,1,1
2500,7,14,8,0.0,0.0,0.0,0.008513212203979492,0.006688356399536133,0.0,0.0,1,1,0.006021939549410966,0.0004182663346506331,0.016102313995361328,0.006511211395263672,19,5,-0.00042|0.01163,-0.00042,2,1
2500,8,9,4,0.0,0.0,0.0,0.01220393180847168,0.0066530704498291016,0.0,0.0,1,1,0.012042874124170834,0.012042874124170834,0.009894371032714844,0.005616426467895508,19,6,-0.01204,-0.01204,1,1
2500,9,6,10,1.0,0.25,0.25,0.009272336959838867,0.006384372711181641,1.0|1.5,1.0|1.5,2,2,0.24594148012269418,0.24594148012269418,0.015655040740966797,0.005423069000244141,19,5,0.99085|1.48273,0.99085|1.48273,2,2
2500,10,1,14,0.0,0.0,0.0,0.00875544548034668,0.002727508544921875,0.0,0.0,1,1,0.017755971056378907,0.003962591775241064,0.00854945182800293,0.002785205841064453,19,2,-0.03066|-0.00396|0.01865,-0.00396,3,1
2500,11,11,18,1.0,0.0,0.0,0.008117437362670898,0.008824348449707031,1.0,1.0,1,1,0.033867127949144926,0.033867127949144926,0.013751029968261719,0.01092839241027832,19,13,1.03387,1.03387,1,1
2500,12,12,17,0.0,0.0,0.0,0.010249614715576172,0.008557558059692383,0.0,0.0,1,1,0.013769707777522514,0.013769707777522514,0.007709503173828125,0.008682489395141602,19,12,0.01377,0.01377,1,1
2500,13,10,20,0.0,0.0,0.0,0.010894536972045898,0.006774187088012695,0.0,0.0,1,1,0.00844829327858585,0.00844829327858585,0.010820388793945312,0.006782054901123047,19,10,0.00845,0.00845,1,1
2500,14,19,5,-1.1574561971640338e-15,0.0,0.0,0.011454343795776367,0.01609492301940918,-0.0,-0.0,1,1,0.016447372881434465,0.016447372881434465,0.011339664459228516,0.01327061653137207,19,15,-0.01645,-0.01645,1,1
2500,15,15,1,0.0,0.0,0.0,0.009267091751098633,0.003116130828857422,0.0,0.0,1,1,0.00324887731930723,0.00324887731930723,0.00895071029663086,0.0024900436401367188,19,2,0.00325,0.00325,1,1
2500,16,4,3,0.0,0.0,0.0,0.008387327194213867,0.0042645931243896484,0.0,0.0,1,1,0.036491833372472,0.036491833372472,0.011989593505859375,0.0026950836181640625,19,2,0.03649,0.03649,1,1
2500,17,2,6,0.0,0.0,0.0,0.008689403533935547,0.0030755996704101562,0.0,0.0,1,1,0.016546207317849074,0.008376068462835406,0.008910417556762695,0.0025339126586914062,19,2,-0.02472|-0.00838,-0.00838,2,1
2500,18,5,6,0.0,0.0,0.0,0.008348941802978516,0.006967306137084961,0.0,0.0,1,1,0.028777660525723114,0.028777660525723114,0.009797334671020508,0.009635686874389648,19,5,-0.02878,-0.02878,1,1
2500,19,3,16,1.0,0.25,0.25,0.010253190994262695,0.009493827819824219,1.0|1.5,1.0|1.5,2,2,0.2634309487644834,0.2634309487644834,0.010275840759277344,0.010576248168945312,19,7,0.95102|1.47788,0.95102|1.47788,2,2
2500,20,20,17,0.0,0.0,0.0,0.008762598037719727,0.016944408416748047,0.0,0.0,1,1,0.016989386404786404,0.016989386404786404,0.008652210235595703,0.009576797485351562,19,15,-0.01699,-0.01699,1,1
2500,21,5,10,1.4802973661668753e-16,0.0,0.0,0.009075641632080078,0.005690574645996094,0.0,0.0,1,1,0.0956156939880764,0.0956156939880764,0.00800013542175293,0.005314350128173828,19,7,-0.09562,-0.09562,1,1
2500,22,16,9,0.0,0.0,0.0,0.008265972137451172,0.00791788101196289,0.0,0.0,1,1,0.04257178935567759,0.04257178935567759,0.014561653137207031,0.007761478424072266,19,8,-0.04257,-0.04257,1,1
2500,23,5,6,0.0,0.0,0.0,0.008089303970336914,0.0051422119140625,0.0,0.0,1,1,0.007382619425715515,0.007382619425715515,0.007639169692993164,0.0048482418060302734,19,5,0.00738,0.00738,1,1
2500,24,5,8,1.4802973661668753e-16,0.0,0.0,0.0170137882232666,0.0069122314453125,0.0,0.0,1,1,0.04512247888217481,0.04512247888217481,0.009918928146362305,0.007035493850708008,19,6,0.04512,0.04512,1,1
2500,25,10,5,0.0,0.0,0.0,0.009788990020751953,0.0068967342376708984,0.0,0.0,1,1,0.03650805897735107,0.03650805897735107,0.008898019790649414,0.00655364990234375,19,7,0.03651,0.03651,1,1
2500,26,6,13,0.0,0.0,0.0,0.01576972007751465,0.0029735565185546875,0.0,0.0,1,1,0.008504257009293595,0.004322363391889435,0.009423971176147461,0.002444744110107422,19,2,-0.01269|-0.00432,-0.00432,2,1
2500,27,6,16,1.0,0.25,0.25,0.008641958236694336,0.00702667236328125,1.0|1.5,1.0|1.5,2,2,0.25853072115407294,0.25853072115407294,0.00816655158996582,0.0069429874420166016,19,7,1.02794|1.48912,1.02794|1.48912,2,2
2500,28,13,15,0.0,0.0,0.0,0.020450115203857422,0.0030281543731689453,0.0,0.0,1,1,0.03334660642668111,0.016994805083295723,0.008875370025634766,0.002428770065307617,19,2,0.01699|0.04049|0.04256,0.01699,3,1
2500,29,8,11,0.0,0.0,0.0,0.009670495986938477,0.007171630859375,0.0,0.0,1,1,0.030761858030640004,0.030761858030640004,0.010340213775634766,0.006408214569091797,19,5,0.03076,0.03076,1,1
2500,30,18,12,0.0,0.0,0.0,0.015975475311279297,0.010077238082885742,0.0,0.0,1,1,0.008247012775468058,0.008247012775468058,0.009444952011108398,0.01062774658203125,19,14,-0.00825,-0.00825,1,1
2500,31,6,17,2.0,0.75,0.75,0.008876800537109375,0.009143352508544922,2.0|3.5,2.0|3.5,2,2,0.7635358646905044,0.7635358646905044,0.011129379272460938,0.014311075210571289,19,11,2.02389|3.50318,2.02389|3.50318,2,2
2500,32,2,11,0.0,0.0,0.0,0.008298635482788086,0.0029938220977783203,0.0,0.0,1,1,0.03396675504090648,0.013408830936203165,0.008629322052001953,0.0024373531341552734,19,2,-0.05452|-0.01341,-0.01341,2,1
2500,33,14,1,0.0,0.0,0.0,0.009126901626586914,0.002750396728515625,0.0,0.0,1,1,0.0003564999863619754,0.00013393324680445283,0.008101224899291992,0.0024328231811523438,19,2,-0.00013|0.00058,-0.00013,2,1
2500,34,17,15,0.0,0.0,0.0,0.00924992561340332,0.009359359741210938,0.0,0.0,1,1,0.021369493227931906,0.021369493227931906,0.008378982543945312,0.012060165405273438,19,12,0.02137,0.02137,1,1
2500,35,10,3,0.0,0.0,0.0,0.009927034378051758,0.013073444366455078,0.0,0.0,1,1,0.02868508960984223,0.02868508960984223,0.010074615478515625,0.0078105926513671875,19,5,0.02869,0.02869,1,1
2500,36,3,11,0.0,0.0,0.0,0.00924229621887207,0.003347158432006836,0.0,0.0,1,1,0.0035475190870939907,0.001044175335081457,0.009491920471191406,0.0026433467864990234,19,2,-0.00104|0.00605,-0.00104,2,1
2500,37,4,2,0.0,0.0,0.0,0.008394956588745117,0.0030727386474609375,0.0,0.0,1,1,0.015462734607199567,0.015462734607199567,0.009494543075561523,0.0024156570434570312,19,2,0.01546,0.01546,1,1
2500,38,8,19,2.000000000000001,0.0,0.0,0.009263992309570312,0.009652376174926758,2.0,2.0,1,1,0.07893917282151874,0.07893917282151874,0.008437633514404297,0.009055852890014648,19,15,1.92106,1.92106,1,1
2500,39,6,9,1.0,0.25,0.25,0.010270357131958008,0.006472349166870117,1.0|1.5,1.0|1.5,2,2,0.2650841867838089,0.2650841867838089,0.016138553619384766,0.0066225528717041016,19,5,0.95673|1.4869,0.95673|1.4869,2,2
2500,40,4,13,0.0,0.0,0.0,0.009456396102905273,0.0034301280975341797,0.0,0.0,1,1,0.006568201619813443,0.006568201619813443,0.009701013565063477,0.0025882720947265625,19,2,0.00657,0.00657,1,1
2500,41,12,3,0.0,0.0,0.0,0.00947713851928711,0.007941007614135742,0.0,0.0,1,1,0.022517593764792062,0.022517593764792062,0.008588075637817383,0.0037963390350341797,19,2,-0.02252,-0.02252,1,1
2500,42,10,3,0.0,0.0,0.0,0.009179115295410156,0.00645756721496582,0.0,0.0,1,1,0.017140313531474553,0.017140313531474553,0.009560346603393555,0.005711078643798828,19,5,0.01714,0.01714,1,1
2500,43,10,2,0.0,0.0,0.0,0.008775472640991211,0.008496522903442383,0.0,0.0,1,1,0.024557351076482107,0.024557351076482107,0.008687019348144531,0.008005619049072266,19,6,-0.02456,-0.02456,1,1
2500,44,20,5,0.0,0.0,0.0,0.008899450302124023,0.004436016082763672,0.0,0.0,1,1,0.03142640405682425,0.03142640405682425,0.009287118911743164,0.003702878952026367,19,8,-0.03143,-0.03143,1,1
2500,45,6,15,0.0,0.0,0.0,0.009406566619873047,0.0028531551361083984,0.0,0.0,1,1,0.00789500975952966,0.00600005616361686,0.008279561996459961,0.0024497509002685547,19,2,0.006|0.00979,0.006,2,1
2500,46,9,19,1.0,0.0,0.0,0.009080648422241211,0.009742498397827148,1.0,1.0,1,1,0.021403240832760906,0.021403240832760906,0.008177042007446289,0.01182866096496582,19,15,1.0214,1.0214,1,1
2500,47,15,1,0.0,0.0,0.0,0.00979161262512207,0.003839254379272461,0.0,0.0,1,1,0.010783302098213364,0.010783302098213364,0.01612234115600586,0.0028276443481445312,19,2,0.01078,0.01078,1,1
2500,48,3,2,0.0,0.0,0.0,0.00952458381652832,0.0031206607818603516,0.0,0.0,1,1,0.002711544746076284,0.0008069923152026006,0.009128808975219727,0.002695322036743164,19,2,0.00081|0.00462,0.00081,2,1
2500,49,9,11,0.0,0.0,0.0,0.009124040603637695,0.010356664657592773,0.0,0.0,1,1,0.0037033087216948256,0.0037033087216948256,0.008851051330566406,0.007173299789428711,19,6,0.0037,0.0037,1,1
2500,50,11,6,0.0,0.0,0.0,0.008278131484985352,0.0029523372650146484,0.0,0.0,1,1,0.011951427256022697,0.011951427256022697,0.008253812789916992,0.0024313926696777344,19,2,-0.01195,-0.01195,1,1
2500,51,16,9,0.0,0.0,0.0,0.00792074203491211,0.007539987564086914,0.0,0.0,1,1,0.03580291038655174,0.03580291038655174,0.00807809829711914,0.013935089111328125,19,8,0.0358,0.0358,1,1
2500,52,5,10,1.4802973661668753e-16,0.0,0.0,0.008683919906616211,0.006972551345825195,0.0,0.0,1,1,0.003188558403276915,0.003188558403276915,0.008387565612792969,0.007254362106323242,19,7,-0.00319,-0.00319,1,1
2500,53,13,8,0.0,0.0,0.0,0.00890040397644043,0.0077168941497802734,0.0,0.0,1,1,0.015553235851502277,0.009727980227609508,0.014150619506835938,0.0069179534912109375,19,5,-0.00368|0.00973|0.03325,0.00973,3,1
2500,54,2,8,0.0,0.0,0.0,0.009604930877685547,0.006154060363769531,0.0,0.0,1,1,0.013086212597186826,0.006144044103117477,0.009480476379394531,0.005442380905151367,19,5,-0.02003|-0.00614,-0.00614,2,1
2500,55,8,12,0.0,0.0,0.0,0.00868988037109375,0.0062465667724609375,0.0,0.0,1,1,0.0075069220329851425,0.0075069220329851425,0.013726472854614258,0.005135059356689453,19,5,-0.00751,-0.00751,1,1
2500,56,20,10,0.0,0.0,0.0,0.008153200149536133,0.007407426834106445,0.0,0.0,1,1,0.018245345449456433,0.018245345449456433,0.008085012435913086,0.0065877437591552734,19,10,0.01825,0.01825,1,1
2500,57,13,19,2.0,1.0,0.75,0.009540796279907227,0.010230541229248047,2.0|3.5,2.0|3.5,2,2,0.9457735532117167,0.7694344851143886,0.013782024383544922,0.009972095489501953,19,15,1.90673|3.29845|3.4456,1.90673|3.4456,3,2
2500,58,9,11,0.0,0.0,0.0,0.009304046630859375,0.007273435592651367,0.0,0.0,1,1,0.009974418133124613,0.009974418133124613,0.00885319709777832,0.0062713623046875,19,6,-0.00997,-0.00997,1,1
2500,59,11,2,0.0,0.0,0.0,0.01558232307434082,0.0035207271575927734,0.0,0.0,1,1,0.0049762942141360084,0.0049762942141360084,0.009630680084228516,0.0029592514038085938,19,2,0.00498,0.00498,1,1
2500,60,17,1,-1.3892977507423966e-16,0.0,0.0,0.009681463241577148,0.009222984313964844,-0.0,-0.0,1,1,0.05085468621864851,0.05085468621864851,0.009074926376342773,0.008360862731933594,19,11,0.05085,0.05085,1,1
2500,61,5,15,0.0,0.0,0.0,0.008386611938476562,0.003932952880859375,0.0,0.0,1,1,0.022142363267973076,0.022142363267973076,0.00817251205444336,0.0031175613403320312,19,4,0.02214,0.02214,1,1
2500,62,1,4,0.0,0.0,0.0,0.011901378631591797,0.0030176639556884766,0.0,0.0,1,1,0.024262647930293313,0.01510566572534142,0.008603096008300781,0.0025527477264404297,19,2,0.01511|0.02228|0.0354,0.01511,3,1
2500,63,12,14,0.0,0.0,0.0,0.013478279113769531,0.0028388500213623047,0.0,0.0,1,1,0.025010132714841527,0.025010132714841527,0.007622718811035156,0.0023756027221679688,19,2,0.02501,0.02501,1,1
2500,64,4,3,0.0,0.0,0.0,0.008234739303588867,0.0027365684509277344,0.0,0.0,1,1,0.018694507482891167,0.018694507482891167,0.007441043853759766,0.0023763179779052734,19,2,-0.01869,-0.01869,1,1
2500,65,3,16,1.0,0.25,0.25,0.012116670608520508,0.007727146148681641,1.0|1.5,1.0|1.5,2,2,0.3107340508901816,0.3107340508901816,0.009799718856811523,0.006859302520751953,19,7,1.09381|1.52766,1.09381|1.52766,2,2
2500,66,16,12,0.0,0.0,0.0,0.008502721786499023,0.006997108459472656,0.0,0.0,1,1,0.026075652753534906,0.026075652753534906,0.0073664188385009766,0.006485939025878906,19,8,-0.02608,-0.02608,1,1
2500,67,5,6,0.0,0.0,0.0,0.012984275817871094,0.004796743392944336,0.0,0.0,1,1,0.012969283627141937,0.012969283627141937,0.0074961185455322266,0.004507303237915039,19,5,0.01297,0.01297,1,1
2500,68,17,10,1.2701088788332946e-16,0.0,0.0,0.007078409194946289,0.007384777069091797,0.0,0.0,1,1,0.02096760438218386,0.02096760438218386,0.006948947906494141,0.0075342655181884766,19,12,0.02097,0.02097,1,1
2500,69,17,14,3.175891741181799e-16,0.0,0.0,0.007892370223999023,0.008511781692504883,0.0,0.0,1,1,0.008810123007176377,0.008810123007176377,0.00883793830871582,0.007954597473144531,19,12,-0.00881,-0.00881,1,1
2500,70,19,16,-3.3374862327986067e-15,0.0,0.0,0.007675886154174805,0.009006261825561523,-0.0,-0.0,1,1,0.010278776394966735,0.010278776394966735,0.011310100555419922,0.009601831436157227,19,15,0.01028,0.01028,1,1
2500,71,12,15,0.0,0.0,0.0,0.00704193115234375,0.0025053024291992188,0.0,0.0,1,1,0.023019703922693185,0.023019703922693185,0.0069386959075927734,0.0021767616271972656,19,2,0.02302,0.02302,1,1
2500,72,6,16,1.0,0.25,0.25,0.007322072982788086,0.007036924362182617,1.0|1.5,1.0|1.5,2,2,0.2505151168765289,0.2505151168765289,0.010011434555053711,0.006640195846557617,19,7,0.98719|1.48822,0.98719|1.48822,2,2
2500,73,8,1,9.516197353929913e-17,0.0,0.0,0.007430553436279297,0.005812644958496094,0.0,0.0,1,1,0.0146784201969045,0.0146784201969045,0.008159637451171875,0.0066602230072021484,19,4,0.01468,0.01468,1,1
2500,74,11,15,0.0,0.0,0.0,0.013510704040527344,0.003950357437133789,0.0,0.0,1,1,0.017970292600527998,0.017970292600527998,0.009236812591552734,0.002885580062866211,19,2,0.01797,0.01797,1,1
2500,75,11,5,0.0,0.0,0.0,0.00891423225402832,0.004662752151489258,0.0,0.0,1,1,0.007600565894279761,0.007600565894279761,0.009628534317016602,0.004206180572509766,19,4,-0.0076,-0.0076,1,1
2500,76,3,17,3.0,0.5,0.5,0.009242534637451172,0.009491682052612305,3.0|4.0,3.0|4.0,2,2,0.5696776965602779,0.5696776965602779,0.013670682907104492,0.008923768997192383,19,11,3.10064|4.03872,3.10064|4.03872,2,2
2500,77,16,19,1.0000000000000016,0.0,0.0,0.008865118026733398,0.009566068649291992,1.0,1.0,1,1,0.06796394502416081,0.06796394502416081,0.008287429809570312,0.009202003479003906,19,15,0.93204,0.93204,1,1
2500,78,4,14,0.0,0.0,0.0,0.009563922882080078,0.005927562713623047,0.0,0.0,1,1,0.006098415156543873,0.006098415156543873,0.011069059371948242,0.00506138801574707,19,2,-0.0061,-0.0061,1,1
2500,79,17,10,1.2701088788332946e-16,0.0,0.0,0.011940717697143555,0.010404825210571289,0.0,0.0,1,1,0.00752077541936151,0.00752077541936151,0.009340047836303711,0.009554862976074219,19,12,-0.00752,-0.00752,1,1
2500,80,8,19,2.000000000000001,0.0,0.0,0.009333133697509766,0.01070261001586914,2.0,2.0,1,1,0.060616291295407354,0.060616291295407354,0.009106636047363281,0.010301589965820312,19,15,1.93938,1.93938,1,1
2500,81,20,1,0.0,0.0,0.0,0.009477376937866211,0.004376888275146484,0.0,0.0,1,1,0.006765581953385455,0.006765581953385455,0.014490127563476562,0.004069089889526367,19,6,0.00677,0.00677,1,1
2500,82,14,2,0.0,0.16666666666666666,0.16666666666666666,0.008503913879394531,0.004910469055175781,0.0|0.33333,0.0|0.33333,2,2,0.1719921329794497,0.1719921329794497,0.00787806510925293,0.004499912261962891,19,3,-0.02147|0.32252,-0.02147|0.32252,2,2
2500,83,1,4,0.0,0.0,0.0,0.007852792739868164,0.0028009414672851562,0.0,0.0,1,1,0.010400374715581475,0.0034032653998056286,0.011354446411132812,0.002386808395385742,19,2,-0.01734|-0.01045|-0.0034,-0.0034,3,1
2500,84,6,15,0.0,0.0,0.0,0.009897232055664062,0.0027265548706054688,0.0,0.0,1,1,0.01401374391555298,0.005534793384074259,0.00795292854309082,0.0024602413177490234,19,2,-0.02249|-0.00553,-0.00553,2,1
2500,85,3,19,4.0,0.75,0.75,0.00793766975402832,0.01582026481628418,4.0|5.5,4.0|5.5,2,2,0.9143335071546925,0.9143335071546925,0.010093212127685547,0.012372493743896484,19,15,4.22913|5.59953,4.22913|5.59953,2,2
2500,86,8,13,0.0,0.0,0.0,0.008641242980957031,0.006323814392089844,0.0,0.0,1,1,0.01882256648121937,0.01882256648121937,0.010797739028930664,0.007218599319458008,19,5,-0.01882,-0.01882,1,1
2500,87,2,12,0.0,0.0,0.0,0.009815692901611328,0.003247499465942383,0.0,0.0,1,1,0.024326383668539286,0.02222113572494874,0.014239788055419922,0.0025207996368408203,19,2,0.02222|0.02643,0.02222,2,1
2500,88,1,9,2.0,0.6666666666666666,0.6666666666666666,0.008772850036621094,0.005311250686645508,1.0|2.0,1.0|2.0,2,2,0.6391136952097936,0.6391136952097936,0.008159875869750977,0.005509376525878906,19,5,1.05298|1.08523|2.05555,1.05298|1.08523|2.05555,3,3
2500,89,19,3,6.938893903907228e-16,0.0,0.0,0.00977182388305664,0.009076118469238281,0.0,0.0,1,1,0.00910181949337826,0.00910181949337826,0.011255025863647461,0.008848428726196289,19,15,-0.0091,-0.0091,1,1
2500,90,17,1,-1.3892977507423966e-16,0.0,0.0,0.007643699645996094,0.00807499885559082,-0.0,-0.0,1,1,0.008185565562372096,0.008185565562372096,0.008304834365844727,0.007721662521362305,19,11,0.00819,0.00819,1,1
2500,91,16,18,1.0000000000000016,0.0,0.0,0.007623195648193359,0.012554168701171875,1.0,1.0,1,1,0.07311574252866393,0.07311574252866393,0.008892059326171875,0.010441303253173828,19,13,0.92688,0.92688,1,1
2500,92,2,17,3.0,0.5,0.5,0.008615493774414062,0.00911259651184082,2.0|3.0,2.0|3.0,2,2,0.4980168782305954,0.4980168782305954,0.012055635452270508,0.010402679443359375,19,11,2.07705|3.07309,2.07705|3.07309,2,2
2500,93,13,1,0.0,0.0,0.0,0.009062767028808594,0.003099203109741211,0.0,0.0,1,1,0.03640290496630526,0.009256100470517961,0.008603572845458984,0.0024645328521728516,19,2,0.00926|0.0448|0.05515,0.00926,3,1
2500,94,11,3,0.0,0.0,0.0,0.008614301681518555,0.0030519962310791016,0.0,0.0,1,1,0.017438043908376777,0.017438043908376777,0.011807680130004883,0.0023789405822753906,19,2,0.01744,0.01744,1,1
2500,95,5,16,1.1102230246251565e-16,0.0,0.0,0.007941961288452148,0.007798194885253906,0.0,0.0,1,1,0.10968215500619881,0.10968215500619881,0.007694244384765625,0.007104396820068359,19,8,0.10968,0.10968,1,1
2500,96,12,3,0.0,0.0,0.0,0.007768869400024414,0.0038802623748779297,0.0,0.0,1,1,0.03874610163095628,0.03874610163095628,0.014074563980102539,0.0024971961975097656,19,2,-0.03875,-0.03875,1,1
2500,97,3,20,0.0,0.0,0.0,0.008242130279541016,0.0035543441772460938,0.0,0.0,1,1,0.01683977896729769,0.005838826702349175,0.00927114486694336,0.0031943321228027344,19,6,-0.02784|-0.00584,-0.00584,2,1
2500,98,10,16,0.0,0.0,0.0,0.009386777877807617,0.012552499771118164,0.0,0.0,1,1,0.04517193196073121,0.04517193196073121,0.009138107299804688,0.00818777084350586,19,8,0.04517,0.04517,1,1
2500,99,20,1,0.0,0.0,0.0,0.00868082046508789,0.003950357437133789,0.0,0.0,1,1,0.02589454493268386,0.02589454493268386,0.009567499160766602,0.003464937210083008,19,6,-0.02589,-0.02589,1,1
5000,0,5,16,1.1102230246251565e-16,0.0,0.0,0.008494138717651367,0.009849786758422852,0.0,0.0,1,1,0.037805986897022,0.037805986897022,0.013782024383544922,0.007492780685424805,19,8,-0.03781,-0.03781,1,1
5000,1,5,9,1.4802973661668753e-16,0.0,0.0,0.008257150650024414,0.005988121032714844,0.0,0.0,1,1,0.029408623366957768,0.029408623366957768,0.00791788101196289,0.005799293518066406,19,7,-0.02941,-0.02941,1,1
5000,2,8,11,0.0,0.0,0.0,0.008136749267578125,0.00517725944519043,0.0,0.0,1,1,0.007724675568356655,0.007724675568356655,0.010932207107543945,0.0048182010650634766,19,5,0.00772,0.00772,1,1
5000,3,18,16,-1.8476555657523246e-15,0.0,0.0,0.0076220035552978516,0.01130986213684082,-0.0,-0.0,1,1,0.01846369170736593,0.01846369170736593,0.007595539093017578,0.011096715927124023,19,13,-0.01846,-0.01846,1,1
5000,4,8,4,0.0,0.0,0.0,0.014695167541503906,0.0066449642181396484,0.0,0.0,1,1,0.010447750744372132,0.010447750744372132,0.01010751724243164,0.0057752132415771484,19,5,-0.01045,-0.01045,1,1
5000,5,3,13,0.0,0.0,0.0,0.008602142333984375,0.003191232681274414,0.0,0.0,1,1,0.004265743253478961,0.00791858589130751,0.009505033493041992,0.0025234222412109375,19,2,0.00061|0.00792,0.00792,2,1
5000,6,10,15,0.0,0.0,0.0,0.012102127075195312,0.0055141448974609375,0.0,0.0,1,1,0.011196889771884122,0.011196889771884122,0.008324146270751953,0.007919549942016602,19,6,0.0112,0.0112,1,1
5000,7,10,18,0.0,0.0,0.0,0.007810354232788086,0.008690834045410156,0.0,0.0,1,1,0.11014798956512768,0.11014798956512768,0.007689714431762695,0.019402503967285156,19,14,-0.11015,-0.11015,1,1
5000,8,9,3,0.0,0.0,0.0,0.011065959930419922,0.0076410770416259766,0.0,0.0,1,1,0.0008658244793216697,0.0008658244793216697,0.008571863174438477,0.005296230316162109,19,5,0.00087,0.00087,1,1
5000,9,20,14,0.0,0.0,0.0,0.01006007194519043,0.0045053958892822266,0.0,0.0,1,1,0.019677895876888066,0.019677895876888066,0.010846376419067383,0.004050493240356445,19,6,0.01968,0.01968,1,1
5000,10,16,14,0.0,0.0,0.0,0.009653091430664062,0.00834512710571289,0.0,0.0,1,1,0.0293383892546238,0.0293383892546238,0.010645389556884766,0.009629011154174805,19,8,0.02934,0.02934,1,1
5000,11,4,16,0.0,0.0,0.0,0.009826183319091797,0.012282133102416992,0.0,0.0,1,1,0.009827159184890856,0.009827159184890856,0.008471250534057617,0.008578300476074219,19,8,-0.00983,-0.00983,1,1
5000,12,20,5,0.0,0.0,0.0,0.008873701095581055,0.0041027069091796875,0.0,0.0,1,1,0.04082304954017375,0.04082304954017375,0.008845090866088867,0.0037920475006103516,19,8,0.04082,0.04082,1,1
5000,13,19,20,-1.1686558153949016e-17,0.0,0.0,0.007904291152954102,0.013623714447021484,-0.0,-0.0,1,1,0.02762775516998405,0.02762775516998405,0.007729768753051758,0.011023759841918945,19,17,-0.02763,-0.02763,1,1
5000,14,9,15,0.0,0.0,0.0,0.010692834854125977,0.006769895553588867,0.0,0.0,1,1,0.010229666963509413,0.010229666963509413,0.009814977645874023,0.0067901611328125,19,6,0.01023,0.01023,1,1
5000,15,2,19,5.0,1.0,1.0,0.013544082641601562,0.01124882698059082,3.0|5.0,3.0|5.0,2,2,1.0283882648342735,1.0283882648342735,0.009325981140136719,0.01202535629272461,19,15,2.9752|4.96802,2.9752|4.96802,2,2
5000,16,10,17,0.0,0.0,0.0,0.008675813674926758,0.009186029434204102,0.0,0.0,1,1,0.01522632583021494,0.01522632583021494,0.008679866790771484,0.012719869613647461,19,12,-0.01523,-0.01523,1,1
5000,17,15,13,0.0,0.0,0.0,0.008766412734985352,0.0031158924102783203,0.0,0.0,1,1,0.014956241566970462,0.014956241566970462,0.008829116821289062,0.002506732940673828,19,2,0.01496,0.01496,1,1
5000,18,15,1,0.0,0.0,0.0,0.008229255676269531,0.002664804458618164,0.0,0.0,1,1,0.0174294962478368,0.0174294962478368,0.007691383361816406,0.00237274169921875,19,2,0.01743,0.01743,1,1
5000,19,18,8,-3.789018028995947e-16,0.0,0.0,0.009079217910766602,0.013036966323852539,-0.0,-0.0,1,1,0.0014032955820013858,0.0014032955820013858,0.009761333465576172,0.013199567794799805,19,13,-0.0014,-0.0014,1,1
5000,20,8,14,0.0,0.0,0.0,0.011960029602050781,0.011433124542236328,0.0,0.0,1,1,0.01666701572809553,0.01666701572809553,0.009488821029663086,0.0062198638916015625,19,5,0.01667,0.01667,1,1
5000,21,17,3,-7.117257389125144e-17,0.0,0.0,0.008874893188476562,0.00922250747680664,-0.0,-0.0,1,1,0.011955860054534698,0.011955860054534698,0.009218215942382812,0.009373903274536133,19,11,0.01196,0.01196,1,1
5000,22,19,14,-1.358562385396573e-16,0.0,0.0,0.008133649826049805,0.009804487228393555,-0.0,-0.0,1,1,0.04308124270018801,0.04308124270018801,0.012282371520996094,0.009410619735717773,19,16,0.04308,0.04308,1,1
5000,23,17,20,-2.5320876000222867e-17,0.0,0.0,0.008035421371459961,0.009579896926879883,-0.0,-0.0,1,1,0.008023725209585534,0.008023725209585534,0.007592678070068359,0.01253509521484375,19,15,0.00802,0.00802,1,1
5000,24,3,19,4.0,0.75,0.75,0.008110523223876953,0.009705781936645508,4.0|5.5,4.0|5.5,2,2,0.8357826052772612,0.8357826052772612,0.007993459701538086,0.01207590103149414,19,15,4.09646|5.5751,4.09646|5.5751,2,2
5000,25,9,13,0.0,0.0,0.0,0.009558439254760742,0.007088899612426758,0.0,0.0,1,1,0.011178067505405674,0.011178067505405674,0.013064384460449219,0.006447792053222656,19,6,0.01118,0.01118,1,1
5000,26,17,19,0.9999999999999996,0.0,0.0,0.009467840194702148,0.01025533676147461,1.0,1.0,1,1,0.05309203411223817,0.05309203411223817,0.00995635986328125,0.012619972229003906,19,15,0.94691,0.94691,1,1
5000,27,4,1,0.0,0.0,0.0,0.012099742889404297,0.002887248992919922,0.0,0.0,1,1,0.004055005059442937,0.004055005059442937,0.008676767349243164,0.0024182796478271484,19,2,-0.00406,-0.00406,1,1
5000,28,12,17,0.0,0.0,0.0,0.008195161819458008,0.009817123413085938,0.0,0.0,1,1,0.0020473209303571165,0.0020473209303571165,0.009895086288452148,0.008550882339477539,19,12,-0.00205,-0.00205,1,1
5000,29,12,1,0.0,0.0,0.0,0.00794076919555664,0.0027582645416259766,0.0,0.0,1,1,0.004273041785563984,0.004273041785563984,0.007969379425048828,0.0024566650390625,19,2,-0.00427,-0.00427,1,1
5000,30,1,4,0.0,0.0,0.0,0.010149955749511719,0.0034728050231933594,0.0,0.0,1,1,0.014705832551405245,0.006880153751174079,0.01013493537902832,0.0035126209259033203,19,2,0.00688|0.01181|0.02542,0.00688,3,1
5000,31,14,3,0.0,0.0,0.0,0.014181375503540039,0.003681182861328125,0.0,0.0,1,1,0.007415039566002788,0.0027615741316028048,0.010357141494750977,0.0031747817993164062,19,2,-0.01207|-0.00276,-0.00276,2,1
5000,32,1,20,0.0,0.0,0.0,0.010719776153564453,0.004732608795166016,0.0,0.0,1,1,0.0054333689188746275,0.002729566644155729,0.008877754211425781,0.004081010818481445,19,6,-0.01313|-0.00273|-0.00044,-0.00273,3,1
5000,33,8,11,0.0,0.0,0.0,0.013243436813354492,0.005642890930175781,0.0,0.0,1,1,0.012124932278297721,0.012124932278297721,0.008411407470703125,0.004962444305419922,19,5,0.01212,0.01212,1,1
5000,34,14,9,0.0,0.0,0.0,0.008416175842285156,0.005585193634033203,0.0,0.0,1,1,0.00547147229034496,0.0015996198763918476,0.009574651718139648,0.005150318145751953,19,6,-0.0016|0.00934,-0.0016,2,1
5000,35,3,17,3.0,0.5,0.5,0.011990070343017578,0.00866842269897461,3.0|4.0,3.0|4.0,2,2,0.503268671204228,0.503268671204228,0.010594844818115234,0.008087873458862305,19,11,2.99212|3.99866,2.99212|3.99866,2,2
5000,36,18,12,0.0,0.0,0.0,0.008490324020385742,0.012059926986694336,0.0,0.0,1,1,0.019639241506381192,0.019639241506381192,0.00768280029296875,0.014970541000366211,19,14,0.01964,0.01964,1,1
5000,37,12,17,0.0,0.0,0.0,0.009542465209960938,0.010587453842163086,0.0,0.0,1,1,0.0019172771108252821,0.0019172771108252821,0.011563539505004883,0.009697675704956055,19,12,0.00192,0.00192,1,1
5000,38,18,10,-3.789018028995947e-16,0.0,0.0,0.008514404296875,0.01050710678100586,-0.0,-0.0,1,1,0.005058082611831555,0.005058082611831555,0.0131378173828125,0.010588645935058594,19,14,0.00506,0.00506,1,1
5000,39,13,1,0.0,0.0,0.0,0.008872032165527344,0.0029020309448242188,0.0,0.0,1,1,0.004913233674151127,0.00026399796308899796,0.008305072784423828,0.0024187564849853516,19,2,-0.00949|0.00026|0.00499,0.00026,3,1
5000,40,8,1,9.516197353929913e-17,0.0,0.0,0.011629343032836914,0.004985332489013672,0.0,0.0,1,1,0.0089864285766967,0.0089864285766967,0.008717775344848633,0.004723310470581055,19,4,-0.00899,-0.00899,1,1
5000,41,5,11,0.0,0.0,0.0,0.00820612907409668,0.003285646438598633,0.0,0.0,1,1,0.0008090012824048087,0.0008090012824048087,0.009149551391601562,0.0031435489654541016,19,4,-0.00081,-0.00081,1,1
5000,42,11,8,0.0,0.0,0.0,0.007824182510375977,0.006625175476074219,0.0,0.0,1,1,0.018216066315568952,0.018216066315568952,0.012761116027832031,0.006936550140380859,19,5,0.01822,0.01822,1,1
5000,43,9,12,0.0,0.0,0.0,0.009836196899414062,0.006798744201660156,0.0,0.0,1,1,0.006383039286536354,0.006383039286536354,0.009250402450561523,0.006406068801879883,19,6,-0.00638,-0.00638,1,1
5000,44,18,4,0.0,0.0,0.0,0.013468503952026367,0.010727882385253906,0.0,0.0,1,1,0.007401278378854392,0.007401278378854392,0.01027989387512207,0.011117935180664062,19,14,0.0074,0.0074,1,1
5000,45,16,20,0.0,0.0,0.0,0.00824880599975586,0.007972955703735352,0.0,0.0,1,1,0.0040935510552737395,0.0040935510552737395,0.008347034454345703,0.01307225227355957,19,12,0.00409,0.00409,1,1
5000,46,9,12,0.0,0.0,0.0,0.008270740509033203,0.005688190460205078,0.0,0.0,1,1,0.010856230450560516,0.010856230450560516,0.008105993270874023,0.0062351226806640625,19,6,-0.01086,-0.01086,1,1
5000,47,8,19,2.000000000000001,0.0,0.0,0.008028507232666016,0.01429128646850586,2.0,2.0,1,1,0.01981781989228182,0.01981781989228182,0.007817506790161133,0.009856224060058594,19,15,2.01982,2.01982,1,1
5000,48,5,14,0.0,0.0,0.0,0.010414838790893555,0.00625157356262207,0.0,0.0,1,1,0.007928462955493251,0.007928462955493251,0.00951385498046875,0.006195068359375,19,5,0.00793,0.00793,1,1
5000,49,14,16,1.4802973661668753e-16,0.49999999999999994,0.49999999999999994,0.00902247428894043,0.008235692977905273,0.0|1.0,0.0|1.0,2,2,0.516952599418682,0.516952599418682,0.014598608016967773,0.007645130157470703,19,8,-0.02801|1.00589,-0.02801|1.00589,2,2
5000,50,6,13,0.0,0.0,0.0,0.009390592575073242,0.0033195018768310547,0.0,0.0,1,1,0.0029450945714699322,0.00038953877549459935,0.008552312850952148,0.0025064945220947266,19,2,-0.00039|0.0055,-0.00039,2,1
5000,51,1,16,2.0,0.6666666666666666,0.6666666666666666,0.00821065902709961,0.0072994232177734375,1.0|2.0,1.0|2.0,2,2,0.6297175366360964,0.6297175366360964,0.01327824592590332,0.007420063018798828,19,7,1.06541|1.07527|2.02983,1.06541|1.07527|2.02983,3,3
5000,52,4,5,0.0,0.0,0.0,0.00841665267944336,0.003403186798095703,0.0,0.0,1,1,0.007196232113471493,0.007196232113471493,0.008094310760498047,0.0030667781829833984,19,4,0.0072,0.0072,1,1
5000,53,17,8,1.2701088788332946e-16,0.0,0.0,0.008646726608276367,0.009486675262451172,0.0,0.0,1,1,0.0015708855528249435,0.0015708855528249435,0.013123273849487305,0.010243654251098633,19,11,0.00157,0.00157,1,1
5000,54,18,16,-1.8476555657523246e-15,0.0,0.0,0.009699821472167969,0.011147499084472656,-0.0,-0.0,1,1,0.03749120507429784,0.03749120507429784,0.009436607360839844,0.010433673858642578,19,13,-0.03749,-0.03749,1,1
5000,55,12,17,0.0,0.0,0.0,0.009224891662597656,0.010038375854492188,0.0,0.0,1,1,0.0022954153418549422,0.0022954153418549422,0.008278846740722656,0.009160041809082031,19,12,0.0023,0.0023,1,1
5000,56,11,5,0.0,0.0,0.0,0.007876396179199219,0.0032744407653808594,0.0,0.0,1,1,0.013746119570556383,0.013746119570556383,0.007833242416381836,0.0030281543731689453,19,4,0.01375,0.01375,1,1
5000,57,15,8,0.0,0.0,0.0,0.008048057556152344,0.0051767826080322266,0.0,0.0,1,1,0.010756866444233676,0.010756866444233676,0.007990837097167969,0.006499528884887695,19,5,0.01076,0.01076,1,1
5000,58,12,11,0.0,0.0,0.0,0.008215188980102539,0.002710103988647461,0.0,0.0,1,1,0.01083333400513194,0.01083333400513194,0.00827169418334961,0.002597332000732422,19,2,-0.01083,-0.01083,1,1
5000,59,1,2,0.0,0.0,0.0,0.008597135543823242,0.003710031509399414,0.0,0.0,1,1,0.020219291797355786,0.014229537283998683,0.010520458221435547,0.0027315616607666016,19,2,0.01423|0.01756|0.02887,0.01423,3,1
5000,60,6,14,0.0,0.0,0.0,0.009625673294067383,0.0035097599029541016,0.0,0.0,1,1,0.012668396861512405,0.004961583546494947,0.009331703186035156,0.0024919509887695312,19,2,0.00496|0.02038,0.00496,2,1
5000,61,4,17,0.0,0.0,0.0,0.014548778533935547,0.009669065475463867,0.0,0.0,1,1,0.0012542083435609053,0.0012542083435609053,0.009057044982910156,0.010275602340698242,19,12,-0.00125,-0.00125,1,1
5000,62,16,19,1.0000000000000016,0.0,0.0,0.009572744369506836,0.009320497512817383,1.0,1.0,1,1,0.047401937491028834,0.047401937491028834,0.007987260818481445,0.016603946685791016,19,15,0.9526,0.9526,1,1
5000,63,6,4,0.0,0.0,0.0,0.008260488510131836,0.002947092056274414,0.0,0.0,1,1,0.011268326073279497,0.006300492695368892,0.009671926498413086,0.00249481201171875,19,2,-0.01624|-0.0063,-0.0063,2,1
5000,64,6,19,2.0,1.25,1.25,0.008079051971435547,0.015874862670898438,2.0|4.5,2.0|4.5,2,2,1.3511335967050968,1.3511335967050968,0.009686946868896484,0.009370088577270508,19,15,1.81794|4.52021,1.81794|4.52021,2,2
5000,65,4,5,0.0,0.0,0.0,0.009229183197021484,0.003962278366088867,0.0,0.0,1,1,0.006080173106664447,0.006080173106664447,0.009963274002075195,0.0035974979400634766,19,4,0.00608,0.00608,1,1
5000,66,6,15,0.0,0.0,0.0,0.008910894393920898,0.003282308578491211,0.0,0.0,1,1,0.009598292038237317,0.002347279176331054,0.014135360717773438,0.0038988590240478516,19,2,0.00235|0.01685,0.00235,2,1
5000,67,10,16,0.0,0.0,0.0,0.00887608528137207,0.00850224494934082,0.0,0.0,1,1,0.008560276994641108,0.008560276994641108,0.008735418319702148,0.007714986801147461,19,8,0.00856,0.00856,1,1
5000,68,20,16,0.0,0.0,0.0,0.007813692092895508,0.008000373840332031,0.0,0.0,1,1,0.01550086512136812,0.01550086512136812,0.013204813003540039,0.009616851806640625,19,12,0.0155,0.0155,1,1
5000,69,16,10,0.0,0.0,0.0,0.008439779281616211,0.007266521453857422,0.0,0.0,1,1,0.012214664432363253,0.012214664432363253,0.0077745914459228516,0.007521867752075195,19,8,0.01221,0.01221,1,1
5000,70,5,9,1.4802973661668753e-16,0.0,0.0,0.01321864128112793,0.0069658756256103516,0.0,0.0,1,1,0.03053358267468608,0.03053358267468608,0.00870656967163086,0.0071375370025634766,19,7,0.03053,0.03053,1,1
5000,71,13,17,1.0,0.6666666666666666,0.5,0.013890743255615234,0.009775638580322266,1.0|2.0,1.0|2.0,2,2,0.6779319149862989,0.5199443789545817,0.009409666061401367,0.014307498931884766,19,11,0.96021|1.99391|2.0001,0.96021|2.0001,3,2
5000,72,2,20,0.0,0.0,0.0,0.009717226028442383,0.004442453384399414,0.0,0.0,1,1,0.007843395120848261,0.009368792011971912,0.012717962265014648,0.0034706592559814453,19,6,-0.00632|0.00937,0.00937,2,1
5000,73,8,17,2.0,0.0,0.0,0.008432388305664062,0.009383440017700195,2.0,2.0,1,1,0.0047884479164976845,0.0047884479164976845,0.008135318756103516,0.01656484603881836,19,11,2.00479,2.00479,1,1
5000,74,14,19,-2.9605947323337506e-16,1.166666666666667,1.166666666666667,0.008616447448730469,0.010516643524169922,-0.0|2.33333,-0.0|2.33333,2,2,1.1561960403933338,1.1561960403933338,0.0087127685546875,0.00946664810180664,19,16,-0.00366|2.30873,-0.00366|2.30873,2,2
5000,75,4,2,0.0,0.0,0.0,0.014974117279052734,0.004750728607177734,0.0,0.0,1,1,0.010431028416402357,0.010431028416402357,0.008183717727661133,0.0027341842651367188,19,2,-0.01043,-0.01043,1,1
5000,76,1,8,2.0,0.6666666666666666,0.6666666666666666,0.01018834114074707,0.0060122013092041016,1.0|2.0,1.0|2.0,2,2,0.659286200761113,0.659286200761113,0.01228475570678711,0.005323648452758789,19,4,1.01352|1.03336|2.02475,1.01352|1.03336|2.02475,3,3
5000,77,13,20,0.0,0.0,0.0,0.01413726806640625,0.0045623779296875,0.0,0.0,1,1,0.007729779926661386,0.0004444199565508541,0.01030588150024414,0.0038154125213623047,19,6,-0.02089|0.00044|0.00185,0.00044,3,1
5000,78,12,1,0.0,0.0,0.0,0.008986234664916992,0.0030956268310546875,0.0,0.0,1,1,0.00418104424428958,0.00418104424428958,0.009060382843017578,0.0023834705352783203,19,2,-0.00418,-0.00418,1,1
5000,79,19,20,-1.1686558153949016e-17,0.0,0.0,0.007975101470947266,0.010403156280517578,-0.0,-0.0,1,1,0.04150863630231599,0.04150863630231599,0.013456344604492188,0.009783506393432617,19,17,0.04151,0.04151,1,1
5000,80,12,2,0.0,0.0,0.0,0.008087396621704102,0.0027256011962890625,0.0,0.0,1,1,0.0008156734123267438,0.0008156734123267438,0.007739543914794922,0.002460956573486328,19,2,-0.00082,-0.00082,1,1
5000,81,2,11,0.0,0.0,0.0,0.013708353042602539,0.0031020641326904297,0.0,0.0,1,1,0.0067618257572317165,0.00020986513336823998,0.00854182243347168,0.002549886703491211,19,2,-0.00021|0.01331,-0.00021,2,1
5000,82,2,3,0.0,0.0,0.0,0.010882139205932617,0.003378629684448242,0.0,0.0,1,1,0.003673388275071167,0.003236762993331896,0.008790969848632812,0.0027430057525634766,19,2,0.00324|0.00411,0.00324,2,1
5000,83,14,18,-2.9605947323337506e-16,1.166666666666667,1.166666666666667,0.01382136344909668,0.011107444763183594,-0.0|2.33333,-0.0|2.33333,2,2,1.1662383131650673,1.1662383131650673,0.010132312774658203,0.009997367858886719,19,14,0.01372|2.31876,0.01372|2.31876,2,2
5000,84,14,19,-2.9605947323337506e-16,1.166666666666667,1.166666666666667,0.008562088012695312,0.010005712509155273,-0.0|2.33333,-0.0|2.33333,2,2,1.2112118660558204,1.2112118660558204,0.008200407028198242,0.02086019515991211,19,16,0.07786|2.34457,0.07786|2.34457,2,2
5000,85,4,13,0.0,0.0,0.0,0.008101701736450195,0.0029115676879882812,0.0,0.0,1,1,0.0026648377764026047,0.0026648377764026047,0.008903026580810547,0.002515077590942383,19,2,0.00266,0.00266,1,1
5000,86,6,15,0.0,0.0,0.0,0.008816957473754883,0.0029883384704589844,0.0,0.0,1,1,0.0013577475829841855,0.00040301024980020415,0.011115550994873047,0.006743669509887695,19,2,-0.00231|-0.0004,-0.0004,2,1
5000,87,4,16,0.0,0.0,0.0,0.00818777084350586,0.007860898971557617,0.0,0.0,1,1,0.006872905957496906,0.006872905957496906,0.008541584014892578,0.007729291915893555,19,8,0.00687,0.00687,1,1
5000,88,1,10,2.0,0.6666666666666666,0.6666666666666666,0.009967803955078125,0.012444019317626953,1.0|2.0,1.0|2.0,2,2,0.6492645526728608,0.6492645526728608,0.009332895278930664,0.00677180290222168,19,5,1.04602|1.04925|2.04306,1.04602|1.04925|2.04306,3,3
5000,89,19,6,-1.0410775555476249e-15,0.0,0.0,0.00989079475402832,0.012360572814941406,-0.0,-0.0,1,1,0.015356842893090035,0.015356842893090035,0.010685920715332031,0.011079788208007812,19,15,-0.01536,-0.01536,1,1
5000,90,18,12,0.0,0.0,0.0,0.01328897476196289,0.010720968246459961,0.0,0.0,1,1,0.008599668966643317,0.008599668966643317,0.009938478469848633,0.011106014251708984,19,14,0.0086,0.0086,1,1
5000,91,14,20,0.0,0.0,0.0,0.008692264556884766,0.003692626953125,0.0,0.0,1,1,0.0024670745390176115,0.0010750939186922807,0.008134603500366211,0.0033714771270751953,19,6,-0.00386|-0.00108,-0.00108,2,1
5000,92,2,11,0.0,0.0,0.0,0.013603687286376953,0.005409717559814453,0.0,0.0,1,1,0.01258427061328105,0.006505081143427825,0.008449792861938477,0.0025005340576171875,19,2,0.00651|0.01866,0.00651,2,1
5000,93,8,17,2.0,0.0,0.0,0.011829137802124023,0.01228785514831543,2.0,2.0,1,1,0.034929764883192105,0.034929764883192105,0.008287668228149414,0.01122903823852539,19,11,1.96507,1.96507,1,1
5000,94,3,6,0.0,0.25,0.25,0.009222745895385742,0.0052509307861328125,0.0|0.5,0.0|0.5,2,2,0.2756957599318451,0.2756957599318451,0.008417129516601562,0.0046176910400390625,19,3,0.04101|0.51038,0.04101|0.51038,2,2
5000,95,8,1,9.516197353929913e-17,0.0,0.0,0.007807016372680664,0.0047454833984375,0.0,0.0,1,1,0.02823648306081038,0.02823648306081038,0.0077135562896728516,0.004583597183227539,19,4,-0.02824,-0.02824,1,1
5000,96,17,20,-2.5320876000222867e-17,0.0,0.0,0.008392810821533203,0.011840105056762695,-0.0,-0.0,1,1,0.039084599841909526,0.039084599841909526,0.007913827896118164,0.010121345520019531,19,15,-0.03908,-0.03908,1,1
5000,97,1,11,0.0,0.0,0.0,0.011426210403442383,0.003755807876586914,0.0,0.0,1,1,0.01323553749084487,0.008504483773193704,0.009487628936767578,0.002900838851928711,19,2,-0.02226|-0.00894|-0.0085,-0.0085,3,1
5000,98,9,13,0.0,0.0,0.0,0.009840011596679688,0.006496906280517578,0.0,0.0,1,1,0.03491129621979661,0.03491129621979661,0.01046609878540039,0.00670170783996582,19,6,-0.03491,-0.03491,1,1
5000,99,12,9,0.0,0.0,0.0,0.00859975814819336,0.006075620651245117,0.0,0.0,1,1,0.015356370819838774,0.015356370819838774,0.008756160736083984,0.011087656021118164,19,6,-0.01536,-0.01536,1,1
7500,0,10,16,0.0,0.0,0.0,0.00831913948059082,0.007550954818725586,0.0,0.0,1,1,0.04134428529918748,0.04134428529918748,0.008016586303710938,0.0075261592864990234,19,8,-0.04134,-0.04134,1,1
7500,1,11,2,0.0,0.0,0.0,0.007818222045898438,0.006491661071777344,0.0,0.0,1,1,0.014275217681103522,0.014275217681103522,0.007879495620727539,0.0032405853271484375,19,2,0.01428,0.01428,1,1
7500,2,3,9,1.0,0.25,0.25,0.008198738098144531,0.0054950714111328125,1.0|1.5,1.0|1.5,2,2,0.25118764929290743,0.25118764929290743,0.01007533073425293,0.007605075836181641,19,5,0.98764|1.49001,0.98764|1.49001,2,2
7500,3,19,2,-7.888426753915586e-17,0.0,0.0,0.008085489273071289,0.017575979232788086,-0.0,-0.0,1,1,0.004755129887393161,0.004755129887393161,0.007618427276611328,0.013792991638183594,19,15,-0.00476,-0.00476,1,1
7500,4,5,15,0.0,0.0,0.0,0.010053157806396484,0.003931283950805664,0.0,0.0,1,1,0.005267102178333242,0.005267102178333242,0.01172947883605957,0.003832101821899414,19,4,0.00527,0.00527,1,1
7500,5,4,11,0.0,0.0,0.0,0.008517026901245117,0.003108501434326172,0.0,0.0,1,1,0.014956672110410706,0.014956672110410706,0.01311349868774414,0.002479076385498047,19,2,-0.01496,-0.01496,1,1
7500,6,8,20,0.0,0.0,0.0,0.00847935676574707,0.005973339080810547,0.0,0.0,1,1,0.01442174507272277,0.01442174507272277,0.010599374771118164,0.0054759979248046875,19,9,0.01442,0.01442,1,1
7500,7,16,19,1.0000000000000016,0.0,0.0,0.009464740753173828,0.0094146728515625,1.0,1.0,1,1,0.008104727038167447,0.008104727038167447,0.01340937614440918,0.011477231979370117,19,15,0.9919,0.9919,1,1
7500,8,6,20,0.0,0.0,0.0,0.010599851608276367,0.004311084747314453,0.0,0.0,1,1,0.00251274316200037,0.00014170974610738736,0.00808095932006836,0.003232240676879883,19,6,-0.00488|0.00014,0.00014,2,1
7500,9,2,4,0.0,0.0,0.0,0.012801170349121094,0.003906726837158203,0.0,0.0,1,1,0.0018479677426317114,0.003336581962116216,0.008118391036987305,0.0030083656311035156,19,2,-0.00334|0.00036,-0.00334,2,1
7500,10,14,20,0.0,0.0,0.0,0.010205745697021484,0.005955219268798828,0.0,0.0,1,1,0.004909195688660394,0.0016800077569773723,0.011567115783691406,0.004188060760498047,19,6,-0.00814|-0.00168,-0.00168,2,1
7500,11,18,6,-2.4445277606425466e-17,0.0,0.0,0.009809017181396484,0.00986480712890625,-0.0,-0.0,1,1,0.03823662032507196,0.03823662032507196,0.01447749137878418,0.010501384735107422,19,13,-0.03824,-0.03824,1,1
7500,12,3,11,0.0,0.0,0.0,0.009140491485595703,0.003392934799194336,0.0,0.0,1,1,0.0034070168411154435,0.0014375877096797392,0.00807952880859375,0.0024645328521728516,19,2,-0.00538|0.00144,0.00144,2,1
7500,13,3,11,0.0,0.0,0.0,0.012984752655029297,0.002785205841064453,0.0,0.0,1,1,0.0032856875637465935,0.0030690059829634217,0.008035421371459961,0.002452373504638672,19,2,-0.00307|0.0035,-0.00307,2,1
7500,14,19,17,1.4160212963201558e-15,0.0,0.0,0.008331298828125,0.010646820068359375,0.0,0.0,1,1,0.04595054622688723,0.04595054622688723,0.00816655158996582,0.011328935623168945,19,15,-0.04595,-0.04595,1,1
7500,15,4,5,0.0,0.0,0.0,0.008597135543823242,0.00408935546875,0.0,0.0,1,1,0.003157641683625807,0.003157641683625807,0.009844541549682617,0.003902912139892578,19,4,-0.00316,-0.00316,1,1
7500,16,13,12,0.0,0.0,0.0,0.009087800979614258,0.0035505294799804688,0.0,0.0,1,1,0.013870109731604968,0.004723597416925302,0.009877204895019531,0.003274202346801758,19,2,0.00472|0.01102|0.02586,0.00472,3,1
7500,17,17,14,3.175891741181799e-16,0.0,0.0,0.017224788665771484,0.01019430160522461,0.0,0.0,1,1,0.035868115141346094,0.035868115141346094,0.008706331253051758,0.009584665298461914,19,12,0.03587,0.03587,1,1
7500,18,18,10,-3.789018028995947e-16,0.0,0.0,0.007903814315795898,0.014866113662719727,-0.0,-0.0,1,1,0.05602284863899349,0.05602284863899349,0.00782632827758789,0.009570837020874023,19,14,-0.05602,-0.05602,1,1
7500,19,20,17,0.0,0.0,0.0,0.00833892822265625,0.009222269058227539,0.0,0.0,1,1,0.011265403238427058,0.011265403238427058,0.008855104446411133,0.00890207290649414,19,15,0.01127,0.01127,1,1
7500,20,12,13,0.0,0.0,0.0,0.01372838020324707,0.0028390884399414062,0.0,0.0,1,1,0.0001803709691286953,0.0001803709691286953,0.008692264556884766,0.0024046897888183594,19,2,0.00018,0.00018,1,1
7500,21,6,5,0.0,0.25,0.25,0.00928354263305664,0.006749868392944336,0.0|0.5,0.0|0.5,2,2,0.2599423581055155,0.2599423581055155,0.008909463882446289,0.007875919342041016,19,5,-0.01526|0.50463,-0.01526|0.50463,2,2
7500,22,2,8,0.0,0.0,0.0,0.013287067413330078,0.0062520503997802734,0.0,0.0,1,1,0.007074598986349524,0.005782134596746277,0.010881185531616211,0.0059888362884521484,19,5,0.00578|0.00837,0.00578,2,1
7500,23,13,15,0.0,0.0,0.0,0.00998067855834961,0.00400233268737793,0.0,0.0,1,1,0.007318474268722241,0.002522073718001646,0.009176015853881836,0.0025467872619628906,19,2,0.00126|0.00252|0.01818,0.00252,3,1
7500,24,15,2,0.0,0.0,0.0,0.00856781005859375,0.0043964385986328125,0.0,0.0,1,1,0.008746474911143403,0.008746474911143403,0.017751455307006836,0.0024077892303466797,19,2,0.00875,0.00875,1,1
7500,25,15,1,0.0,0.0,0.0,0.010290145874023438,0.0029320716857910156,0.0,0.0,1,1,0.012990066719814985,0.012990066719814985,0.008713245391845703,0.0026519298553466797,19,2,-0.01299,-0.01299,1,1
7500,26,3,10,1.0,0.25,0.25,0.008839607238769531,0.00986170768737793,1.0|1.5,1.0|1.5,2,2,0.2508989036646077,0.2508989036646077,0.011445283889770508,0.008420705795288086,19,5,0.97951|1.48131,0.97951|1.48131,2,2
7500,27,6,16,1.0,0.25,0.25,0.010122299194335938,0.008760452270507812,1.0|1.5,1.0|1.5,2,2,0.25374822415707465,0.25374822415707465,0.00959324836730957,0.006823539733886719,19,7,1.01415|1.49335,1.01415|1.49335,2,2
7500,28,5,11,0.0,0.0,0.0,0.00803375244140625,0.0034656524658203125,0.0,0.0,1,1,0.0005733473445498131,0.0005733473445498131,0.015428304672241211,0.0028967857360839844,19,4,0.00057,0.00057,1,1
7500,29,10,12,0.0,0.0,0.0,0.007900714874267578,0.005547046661376953,0.0,0.0,1,1,0.008175416917778625,0.008175416917778625,0.007910728454589844,0.004717350006103516,19,6,0.00818,0.00818,1,1
7500,30,13,8,0.0,0.0,0.0,0.007893800735473633,0.0058438777923583984,0.0,0.0,1,1,0.002581420741102357,0.0017176222804449156,0.013094663619995117,0.004581928253173828,19,5,0.00172|0.00187|0.00416,0.00172,3,1
7500,31,6,11,0.0,0.0,0.0,0.00727391242980957,0.0025739669799804688,0.0,0.0,1,1,0.0037804274913122984,0.0034780510176916726,0.007596731185913086,0.0021648406982421875,19,2,-0.00408|-0.00348,-0.00348,2,1
7500,32,10,3,0.0,0.0,0.0,0.007365703582763672,0.00986790657043457,0.0,0.0,1,1,0.011995057836800629,0.011995057836800629,0.007673740386962891,0.0054895877838134766,19,5,0.012,0.012,1,1
7500,33,14,18,-2.9605947323337506e-16,1.166666666666667,1.166666666666667,0.00727391242980957,0.008973121643066406,-0.0|2.33333,-0.0|2.33333,2,2,1.1879843525565636,1.1879843525565636,0.007917404174804688,0.008743762969970703,19,14,-0.02201|2.35396,-0.02201|2.35396,2,2
7500,34,6,10,1.0,0.25,0.25,0.01094198226928711,0.005455732345581055,1.0|1.5,1.0|1.5,2,2,0.26662204842762705,0.26662204842762705,0.010711193084716797,0.004949808120727539,19,5,1.02733|1.50592,1.02733|1.50592,2,2
7500,35,4,13,0.0,0.0,0.0,0.008243083953857422,0.003116130828857422,0.0,0.0,1,1,0.0018575302346279957,0.0018575302346279957,0.0077321529388427734,0.0024111270904541016,19,2,0.00186,0.00186,1,1
7500,36,3,19,4.0,0.75,0.75,0.008663654327392578,0.00869131088256836,4.0|5.5,4.0|5.5,2,2,0.7742243944540279,0.7742243944540279,0.013544082641601562,0.008510351181030273,19,15,4.02626|5.52219,4.02626|5.52219,2,2
7500,37,14,8,0.0,0.0,0.0,0.0074307918548583984,0.004604816436767578,0.0,0.0,1,1,0.002375048569199449,0.0013321262458842861,0.007048845291137695,0.0044248104095458984,19,5,0.00133|0.00342,0.00133,2,1
7500,38,1,14,0.0,0.0,0.0,0.01325535774230957,0.002631664276123047,0.0,0.0,1,1,0.011393010019570144,0.003498510500964109,0.007468700408935547,0.002168416976928711,19,2,0.0035|0.00735|0.02333,0.0035,3,1
7500,39,19,5,-1.1574561971640338e-15,0.0,0.0,0.007854938507080078,0.009106874465942383,-0.0,-0.0,1,1,0.011352489795468745,0.011352489795468745,0.007373809814453125,0.012627363204956055,19,15,0.01135,0.01135,1,1
7500,40,13,4,0.0,0.0,0.0,0.00824737548828125,0.0027573108673095703,0.0,0.0,1,1,0.0034596776139096588,0.003858084965657404,0.007914066314697266,0.0022466182708740234,19,2,-0.00519|-0.00386|-0.00133,-0.00386,3,1
7500,41,19,12,0.0,0.0,0.0,0.007628202438354492,0.012547969818115234,0.0,0.0,1,1,0.013628269538248021,0.013628269538248021,0.007522106170654297,0.011684417724609375,19,16,-0.01363,-0.01363,1,1
7500,42,5,10,1.4802973661668753e-16,0.0,0.0,0.007649898529052734,0.005335807800292969,0.0,0.0,1,1,0.007758055385238946,0.007758055385238946,0.007657051086425781,0.004962921142578125,19,7,-0.00776,-0.00776,1,1
7500,43,6,18,2.0,1.25,1.25,0.007066249847412109,0.008338689804077148,2.0|4.5,2.0|4.5,2,2,1.2816887749004764,1.2816887749004764,0.012920618057250977,0.00818324089050293,19,13,1.91816|4.48153,1.91816|4.48153,2,2
7500,44,4,16,0.0,0.0,0.0,0.00744938850402832,0.0064280033111572266,0.0,0.0,1,1,0.0113049849008008,0.0113049849008008,0.006975412368774414,0.006649017333984375,19,8,-0.0113,-0.0113,1,1
7500,45,11,10,0.0,0.0,0.0,0.013814210891723633,0.005492687225341797,0.0,0.0,1,1,0.00585881194548702,0.00585881194548702,0.007944822311401367,0.0052525997161865234,19,6,0.00586,0.00586,1,1
7500,46,3,13,0.0,0.0,0.0,0.007849454879760742,0.0027985572814941406,0.0,0.0,1,1,0.006064747741683769,0.004405276762841649,0.007559299468994141,0.0021734237670898438,19,2,-0.00772|-0.00441,-0.00441,2,1
7500,47,10,19,0.0,0.0,0.0,0.014316797256469727,0.009631872177124023,0.0,0.0,1,1,0.003129156966693777,0.003129156966693777,0.008304357528686523,0.009862422943115234,19,16,-0.00313,-0.00313,1,1
7500,48,9,18,1.0,0.0,0.0,0.007535457611083984,0.014271974563598633,1.0,1.0,1,1,0.012092084036574136,0.012092084036574136,0.007321596145629883,0.008504867553710938,19,13,1.01209,1.01209,1,1
7500,49,5,14,0.0,0.0,0.0,0.007512092590332031,0.004852771759033203,0.0,0.0,1,1,0.014259121620295637,0.014259121620295637,0.007741212844848633,0.004555463790893555,19,5,0.01426,0.01426,1,1
7500,50,6,5,0.0,0.25,0.25,0.007212400436401367,0.005182743072509766,0.0|0.5,0.0|0.5,2,2,0.25671881655970463,0.25671881655970463,0.01325082778930664,0.004952192306518555,19,5,-0.00205|0.51139,-0.00205|0.51139,2,2
7500,51,4,12,0.0,0.0,0.0,0.007839679718017578,0.003156423568725586,0.0,0.0,1,1,0.007469589839722369,0.007469589839722369,0.008208751678466797,0.002222776412963867,19,2,-0.00747,-0.00747,1,1
7500,52,20,16,0.0,0.0,0.0,0.007601737976074219,0.008947610855102539,0.0,0.0,1,1,0.004449617955156442,0.004449617955156442,0.013960599899291992,0.008006811141967773,19,12,-0.00445,-0.00445,1,1
7500,53,20,2,0.0,0.0,0.0,0.009028196334838867,0.003570079803466797,0.0,0.0,1,1,0.007189359416738206,0.007189359416738206,0.008153438568115234,0.003240823745727539,19,6,-0.00719,-0.00719,1,1
7500,54,19,12,0.0,0.0,0.0,0.007498264312744141,0.008937358856201172,0.0,0.0,1,1,0.029894010371884532,0.029894010371884532,0.013213634490966797,0.008538961410522461,19,16,0.02989,0.02989,1,1
7500,55,17,8,1.2701088788332946e-16,0.0,0.0,0.007432222366333008,0.007954597473144531,0.0,0.0,1,1,0.017001160281055878,0.017001160281055878,0.006995439529418945,0.007302522659301758,19,11,-0.017,-0.017,1,1
7500,56,5,16,1.1102230246251565e-16,0.0,0.0,0.00751948356628418,0.0068721771240234375,0.0,0.0,1,1,0.04223319345637103,0.04223319345637103,0.00740361213684082,0.0069005489349365234,19,8,-0.04223,-0.04223,1,1
7500,57,3,9,1.0,0.25,0.25,0.00812983512878418,0.009688138961791992,1.0|1.5,1.0|1.5,2,2,0.2629284152787933,0.2629284152787933,0.0077495574951171875,0.0077054500579833984,19,5,1.01117|1.51468,1.01117|1.51468,2,2
7500,58,3,20,0.0,0.0,0.0,0.007915973663330078,0.003804445266723633,0.0,0.0,1,1,0.006953631878101918,0.0034571640007710876,0.00966787338256836,0.0032591819763183594,19,6,0.00346|0.01045,0.00346,2,1
7500,59,4,14,0.0,0.0,0.0,0.007573127746582031,0.0027151107788085938,0.0,0.0,1,1,0.008821438813060512,0.008821438813060512,0.00788116455078125,0.0022211074829101562,19,2,0.00882,0.00882,1,1
7500,60,10,2,0.0,0.0,0.0,0.008069276809692383,0.005696535110473633,0.0,0.0,1,1,0.007807379676839771,0.007807379676839771,0.007843732833862305,0.0050618648529052734,19,6,-0.00781,-0.00781,1,1
7500,61,4,15,0.0,0.0,0.0,0.0070209503173828125,0.0025353431701660156,0.0,0.0,1,1,0.008657852623212748,0.008657852623212748,0.006915569305419922,0.002140522003173828,19,2,0.00866,0.00866,1,1
7500,62,5,10,1.4802973661668753e-16,0.0,0.0,0.0075032711029052734,0.005401134490966797,0.0,0.0,1,1,0.023341208310191798,0.023341208310191798,0.007216453552246094,0.00516200065612793,19,7,-0.02334,-0.02334,1,1
7500,63,3,19,4.0,0.75,0.75,0.007326602935791016,0.02061939239501953,4.0|5.5,4.0|5.5,2,2,0.7592124477359139,0.7592124477359139,0.00700831413269043,0.00944972038269043,19,15,4.01263|5.5058,4.01263|5.5058,2,2
7500,64,2,3,0.0,0.0,0.0,0.008127689361572266,0.0028688907623291016,0.0,0.0,1,1,0.005726171036549757,0.005747857176081702,0.008270978927612305,0.002331972122192383,19,2,0.0057|0.00575,0.00575,2,1
7500,65,11,10,0.0,0.0,0.0,0.008593320846557617,0.006932258605957031,0.0,0.0,1,1,0.009589227186639808,0.009589227186639808,0.012864828109741211,0.005148172378540039,19,6,-0.00959,-0.00959,1,1
7500,66,6,14,0.0,0.0,0.0,0.0077877044677734375,0.0027861595153808594,0.0,0.0,1,1,0.0031679215837360332,0.0025385866179558534,0.007653951644897461,0.002214670181274414,19,2,0.00254|0.0038,0.00254,2,1
7500,67,6,13,0.0,0.0,0.0,0.00789785385131836,0.002709627151489258,0.0,0.0,1,1,0.007383014668826512,0.001201142177816367,0.007215023040771484,0.0070035457611083984,19,2,-0.01356|-0.0012,-0.0012,2,1
7500,68,10,19,0.0,0.0,0.0,0.010806083679199219,0.009844064712524414,0.0,0.0,1,1,0.1499650232932235,0.1499650232932235,0.008188009262084961,0.009618520736694336,19,16,0.14997,0.14997,1,1
7500,69,13,20,0.0,0.0,0.0,0.00790095329284668,0.004153013229370117,0.0,0.0,1,1,0.004145407107585586,0.0003694478776639959,0.013571023941040039,0.003210783004760742,19,6,-0.00037|0.00563|0.00643,-0.00037,3,1
7500,70,1,8,2.0,0.6666666666666666,0.6666666666666666,0.009180307388305664,0.00670170783996582,1.0|2.0,1.0|2.0,2,2,0.6697484081377066,0.6697484081377066,0.009994983673095703,0.005984306335449219,19,4,0.99095|1.00077|2.00096,0.99095|1.00077|2.00096,3,3
7500,71,14,10,0.0,0.0,0.0,0.00926661491394043,0.007317781448364258,0.0,0.0,1,1,0.018458188733581102,0.0041820673335375355,0.015605926513671875,0.005811929702758789,19,6,-0.03273|-0.00418,-0.00418,2,1
7500,72,19,5,-1.1574561971640338e-15,0.0,0.0,0.009413719177246094,0.010480165481567383,-0.0,-0.0,1,1,0.008436564520034011,0.008436564520034011,0.010981082916259766,0.011785507202148438,19,15,-0.00844,-0.00844,1,1
7500,73,6,12,0.0,0.0,0.0,0.01400446891784668,0.0028634071350097656,0.0,0.0,1,1,0.006993005894382453,0.0015453090433432963,0.008588314056396484,0.002432107925415039,19,2,-0.01244|0.00155,0.00155,2,1
7500,74,6,19,2.0,1.25,1.25,0.008350849151611328,0.011476516723632812,2.0|4.5,2.0|4.5,2,2,1.2990438131673518,1.2990438131673518,0.007839202880859375,0.009418010711669922,19,15,1.91894|4.51703,1.91894|4.51703,2,2
7500,75,11,19,1.0,0.0,0.0,0.0084381103515625,0.009513378143310547,1.0,1.0,1,1,0.0005196625986075842,0.0005196625986075842,0.008033514022827148,0.010957956314086914,19,15,0.99948,0.99948,1,1
7500,76,16,4,0.0,0.0,0.0,0.009372234344482422,0.008536100387573242,0.0,0.0,1,1,0.00693611641155016,0.00693611641155016,0.018012523651123047,0.00804901123046875,19,8,-0.00694,-0.00694,1,1
7500,77,18,10,-3.789018028995947e-16,0.0,0.0,0.009089469909667969,0.009523868560791016,-0.0,-0.0,1,1,0.005250706298948184,0.005250706298948184,0.00851297378540039,0.00924229621887207,19,14,0.00525,0.00525,1,1
7500,78,2,1,0.0,0.0,0.0,0.014139652252197266,0.0028867721557617188,0.0,0.0,1,1,0.011764657138936242,0.011213349925893259,0.008373260498046875,0.0023970603942871094,19,2,0.01121|0.01232,0.01121,2,1
7500,79,15,9,0.0,0.0,0.0,0.008616447448730469,0.0056760311126708984,0.0,0.0,1,1,0.014305819390034686,0.014305819390034686,0.008313894271850586,0.005156278610229492,19,6,-0.01431,-0.01431,1,1
7500,80,5,19,1.0000000000000004,0.0,0.0,0.014633893966674805,0.011371374130249023,1.0,1.0,1,1,0.11050447291530707,0.11050447291530707,0.00806117057800293,0.011965751647949219,19,15,1.1105,1.1105,1,1
7500,81,19,9,5.263820568507869e-16,0.0,0.0,0.009848833084106445,0.016907215118408203,0.0,0.0,1,1,0.031145536253066937,0.031145536253066937,0.008461475372314453,0.011077880859375,19,15,-0.03115,-0.03115,1,1
7500,82,17,6,-6.331958071209578e-17,0.0,0.0,0.009852170944213867,0.010490655899047852,-0.0,-0.0,1,1,0.00132671378024972,0.00132671378024972,0.009259223937988281,0.009716272354125977,19,11,0.00133,0.00133,1,1
7500,83,6,18,2.0,1.25,1.25,0.014716625213623047,0.009334564208984375,2.0|4.5,2.0|4.5,2,2,1.2814955072750176,1.2814955072750176,0.008576393127441406,0.009090423583984375,19,13,2.06441|4.49858,2.06441|4.49858,2,2
7500,84,5,9,1.4802973661668753e-16,0.0,0.0,0.0078887939453125,0.005916595458984375,0.0,0.0,1,1,0.02105994116822281,0.02105994116822281,0.007782459259033203,0.005529165267944336,19,7,0.02106,0.02106,1,1
7500,85,19,11,-1.4577763947243696e-17,0.0,0.0,0.00862431526184082,0.009844064712524414,-0.0,-0.0,1,1,0.010994426762706207,0.010994426762706207,0.008102893829345703,0.010130643844604492,19,15,-0.01099,-0.01099,1,1
7500,86,6,16,1.0,0.25,0.25,0.00927114486694336,0.008367776870727539,1.0|1.5,1.0|1.5,2,2,0.27571439391159736,0.27571439391159736,0.015224933624267578,0.008590936660766602,19,7,1.03432|1.51711,1.03432|1.51711,2,2
7500,87,8,5,0.0,0.0,0.0,0.009425163269042969,0.006682634353637695,0.0,0.0,1,1,0.011982116099232104,0.011982116099232104,0.009345293045043945,0.005868673324584961,19,6,0.01198,0.01198,1,1
7500,88,15,10,0.0,0.0,0.0,0.008475303649902344,0.008085966110229492,0.0,0.0,1,1,0.01539448727125907,0.01539448727125907,0.014367103576660156,0.005348682403564453,19,6,-0.01539,-0.01539,1,1
7500,89,18,10,-3.789018028995947e-16,0.0,0.0,0.008408784866333008,0.008838653564453125,-0.0,-0.0,1,1,0.010999724566543473,0.010999724566543473,0.009394168853759766,0.008440256118774414,19,14,-0.011,-0.011,1,1
7500,90,8,17,2.0,0.0,0.0,0.009694337844848633,0.00897836685180664,2.0,2.0,1,1,0.035946441841145926,0.035946441841145926,0.007968425750732422,0.012458324432373047,19,11,2.03595,2.03595,1,1
7500,91,13,6,0.0,0.0,0.0,0.009603261947631836,0.0032958984375,0.0,0.0,1,1,0.00757434660174468,0.0018202181715463025,0.009524106979370117,0.0026140213012695312,19,2,-0.00182|0.00458|0.01632,-0.00182,3,1
7500,92,9,16,0.0,0.0,0.0,0.009200096130371094,0.009494543075561523,0.0,0.0,1,1,0.010248620238361723,0.010248620238361723,0.011980056762695312,0.00875544548034668,19,8,-0.01025,-0.01025,1,1
7500,93,9,2,0.0,0.0,0.0,0.008342742919921875,0.00916600227355957,0.0,0.0,1,1,0.009764250391066062,0.009764250391066062,0.007901906967163086,0.008032798767089844,19,6,-0.00976,-0.00976,1,1
7500,94,19,9,5.263820568507869e-16,0.0,0.0,0.008077144622802734,0.010065317153930664,0.0,0.0,1,1,0.004545674761721468,0.004545674761721468,0.00867605209350586,0.009107112884521484,19,15,-0.00455,-0.00455,1,1
7500,95,12,6,0.0,0.0,0.0,0.01145482063293457,0.0028595924377441406,0.0,0.0,1,1,0.00034715735756119995,0.00034715735756119995,0.010610103607177734,0.0024056434631347656,19,2,-0.00035,-0.00035,1,1
7500,96,14,2,0.0,0.16666666666666666,0.16666666666666666,0.009763240814208984,0.005919218063354492,0.0|0.33333,0.0|0.33333,2,2,0.1710039672208144,0.1710039672208144,0.012235641479492188,0.005699872970581055,19,3,0.00791|0.3341,0.00791|0.3341,2,2
7500,97,12,2,0.0,0.0,0.0,0.008468151092529297,0.0031828880310058594,0.0,0.0,1,1,0.00233249197026817,0.00233249197026817,0.014722585678100586,0.002563953399658203,19,2,-0.00233,-0.00233,1,1
7500,98,14,1,0.0,0.0,0.0,0.009577035903930664,0.003051280975341797,0.0,0.0,1,1,0.009317450096658814,0.0010145559523169485,0.009494781494140625,0.002440214157104492,19,2,-0.01762|0.00101,0.00101,2,1
7500,99,9,2,0.0,0.0,0.0,0.008389949798583984,0.007208585739135742,0.0,0.0,1,1,0.00330386097949217,0.00330386097949217,0.012681961059570312,0.005387067794799805,19,6,-0.0033,-0.0033,1,1
10000,0,4,18,0.0,0.0,0.0,0.008002281188964844,0.009049415588378906,0.0,0.0,1,1,0.004527980117421105,0.004527980117421105,0.010162591934204102,0.010090351104736328,19,14,-0.00453,-0.00453,1,1
10000,1,12,1,0.0,0.0,0.0,0.08680534362792969,0.003871917724609375,0.0,0.0,1,1,0.005580252159751031,0.005580252159751031,0.008479118347167969,0.0027778148651123047,19,2,-0.00558,-0.00558,1,1
10000,2,14,17,0.0,0.6666666666666666,0.6666666666666666,0.011668205261230469,0.009772777557373047,0.0|1.33333,0.0|1.33333,2,2,0.6715720438286065,0.6715720438286065,0.00910496711730957,0.009421348571777344,19,12,0.00749|1.33566,0.00749|1.33566,2,2
10000,3,20,6,0.0,0.0,0.0,0.011956214904785156,0.0035889148712158203,0.0,0.0,1,1,0.0020120456118924695,0.0020120456118924695,0.008009910583496094,0.0031805038452148438,19,6,0.00201,0.00201,1,1
10000,4,17,4,0.0,0.0,0.0,0.007835865020751953,0.01073312759399414,0.0,0.0,1,1,0.01237027676356357,0.01237027676356357,0.007817983627319336,0.00835418701171875,19,12,0.01237,0.01237,1,1
10000,5,17,8,1.2701088788332946e-16,0.0,0.0,0.008041858673095703,0.008345603942871094,0.0,0.0,1,1,0.010001890813458592,0.010001890813458592,0.007875919342041016,0.00800943374633789,19,11,-0.01,-0.01,1,1
10000,6,10,4,0.0,0.0,0.0,0.008212804794311523,0.005318403244018555,0.0,0.0,1,1,0.006614036517313004,0.006614036517313004,0.00820469856262207,0.00838327407836914,19,6,0.00661,0.00661,1,1
10000,7,11,1,0.0,0.0,0.0,0.010576963424682617,0.003182649612426758,0.0,0.0,1,1,0.004338744093938349,0.004338744093938349,0.008844614028930664,0.0025849342346191406,19,2,-0.00434,-0.00434,1,1
10000,8,17,3,-7.117257389125144e-17,0.0,0.0,0.009348392486572266,0.009822368621826172,-0.0,-0.0,1,1,0.017797699253212076,0.017797699253212076,0.008178949356079102,0.013605594635009766,19,11,0.0178,0.0178,1,1
10000,9,3,14,0.0,0.0,0.0,0.008607149124145508,0.003319978713989258,0.0,0.0,1,1,0.0002169754327824879,1.829056707999132e-05,0.009105920791625977,0.0025603771209716797,19,2,2e-05|0.00042,2e-05,2,1
10000,10,13,19,2.0,1.0,0.75,0.009426355361938477,0.016613483428955078,2.0|3.5,2.0|3.5,2,2,0.9833079564639543,0.7618920568998218,0.008749008178710938,0.010236263275146484,19,15,1.95572|3.42614|3.4795,1.95572|3.4795,3,2
10000,11,13,17,1.0,0.6666666666666666,0.5,0.008525609970092773,0.008687019348144531,1.0|2.0,1.0|2.0,2,2,0.6562237824438014,0.5001077681273887,0.007947206497192383,0.00827336311340332,19,11,0.98165|1.96846|1.98186,0.98165|1.98186,3,2
10000,12,10,13,0.0,0.0,0.0,0.011359930038452148,0.00541377067565918,0.0,0.0,1,1,0.012097314111596764,0.012097314111596764,0.007902145385742188,0.005379199981689453,19,6,0.0121,0.0121,1,1
10000,13,17,12,0.0,0.0,0.0,0.008907556533813477,0.00969696044921875,0.0,0.0,1,1,0.010295549343290715,0.010295549343290715,0.009316682815551758,0.01010441780090332,19,12,0.0103,0.0103,1,1
10000,14,15,9,0.0,0.0,0.0,0.009438753128051758,0.006366729736328125,0.0,0.0,1,1,0.00443858651855022,0.00443858651855022,0.00902104377746582,0.006164073944091797,19,6,0.00444,0.00444,1,1
10000,15,16,1,-5.0021037373221333e-17,0.0,0.0,0.010180234909057617,0.007093191146850586,-0.0,-0.0,1,1,0.023091277887535424,0.023091277887535424,0.008289813995361328,0.007106304168701172,19,7,-0.02309,-0.02309,1,1
10000,16,12,18,0.0,0.0,0.0,0.007837295532226562,0.008839845657348633,0.0,0.0,1,1,0.011198802973738311,0.011198802973738311,0.0076160430908203125,0.008485555648803711,19,14,0.0112,0.0112,1,1
10000,17,10,12,0.0,0.0,0.0,0.00773167610168457,0.0055158138275146484,0.0,0.0,1,1,0.003283290327196778,0.003283290327196778,0.013385534286499023,0.005119800567626953,19,6,0.00328,0.00328,1,1
10000,18,14,12,0.0,0.0,0.0,0.00824284553527832,0.003190279006958008,0.0,0.0,1,1,0.008139495770287088,0.0038897268560462717,0.009009361267089844,0.002573251724243164,19,2,-0.01239|-0.00389,-0.00389,2,1
10000,19,19,8,1.3877787807814457e-15,0.0,0.0,0.008723735809326172,0.013709783554077148,0.0,0.0,1,1,0.016679023524013258,0.016679023524013258,0.00947427749633789,0.010932683944702148,19,15,0.01668,0.01668,1,1
10000,20,1,5,1.0,0.3333333333333333,0.5,0.009078025817871094,0.005574226379394531,0.0|1.0,0.0|1.0,2,2,0.3609781287740412,0.5191481593891443,0.008931398391723633,0.005036115646362305,19,4,-0.01539|0.95536|0.9771,-0.01539|0.9771,3,2
10000,21,14,6,0.0,0.0,0.0,0.011754274368286133,0.0035119056701660156,0.0,0.0,1,1,0.007663745954295066,0.003933182738840518,0.008029937744140625,0.0024476051330566406,19,2,-0.01139|-0.00393,-0.00393,2,1
10000,22,12,1,0.0,0.0,0.0,0.007709026336669922,0.0025548934936523438,0.0,0.0,1,1,0.006092472521206737,0.006092472521206737,0.007829666137695312,0.002358675003051758,19,2,0.00609,0.00609,1,1
10000,23,10,5,0.0,0.0,0.0,0.008016109466552734,0.005517005920410156,0.0,0.0,1,1,0.007512809793235605,0.007512809793235605,0.01128840446472168,0.005509376525878906,19,7,0.00751,0.00751,1,1
10000,24,11,19,1.0,0.0,0.0,0.010575532913208008,0.012654542922973633,1.0,1.0,1,1,0.010529304467667089,0.010529304467667089,0.007582426071166992,0.010020971298217773,19,15,1.01053,1.01053,1,1
10000,25,8,5,0.0,0.0,0.0,0.012284994125366211,0.005998373031616211,0.0,0.0,1,1,0.02131272755973858,0.02131272755973858,0.008249998092651367,0.005933523178100586,19,6,0.02131,0.02131,1,1
10000,26,6,3,0.0,0.25,0.25,0.008829593658447266,0.005399942398071289,0.0|0.5,0.0|0.5,2,2,0.2487507769389151,0.2487507769389151,0.008363485336303711,0.004822969436645508,19,3,0.00505|0.49245,0.00505|0.49245,2,2
10000,27,15,9,0.0,0.0,0.0,0.011576652526855469,0.005387544631958008,0.0,0.0,1,1,0.005667049132359232,0.005667049132359232,0.007940292358398438,0.005037546157836914,19,6,-0.00567,-0.00567,1,1
10000,28,10,13,0.0,0.0,0.0,0.00786590576171875,0.0052585601806640625,0.0,0.0,1,1,0.01793074952669604,0.01793074952669604,0.00767970085144043,0.005066633224487305,19,6,0.01793,0.01793,1,1
10000,29,14,12,0.0,0.0,0.0,0.012762308120727539,0.002727031707763672,0.0,0.0,1,1,0.00336191047168225,0.00018231616487358676,0.008094072341918945,0.0031800270080566406,19,2,0.00018|0.00654,0.00018,2,1
10000,30,5,16,1.1102230246251565e-16,0.0,0.0,0.007662296295166016,0.007050275802612305,0.0,0.0,1,1,0.011679987098230137,0.011679987098230137,0.007929086685180664,0.00874471664428711,19,8,-0.01168,-0.01168,1,1
10000,31,11,13,0.0,0.0,0.0,0.009806394577026367,0.003721952438354492,0.0,0.0,1,1,0.0022029256081718797,0.0022029256081718797,0.00899815559387207,0.0025556087493896484,19,2,0.0022,0.0022,1,1
10000,32,6,9,1.0,0.25,0.25,0.009937763214111328,0.0063974857330322266,1.0|1.5,1.0|1.5,2,2,0.27089464084190484,0.27089464084190484,0.00925588607788086,0.00593876838684082,19,5,1.0271|1.51469,1.0271|1.51469,2,2
10000,33,6,2,0.0,0.0,0.0,0.012542009353637695,0.0030934810638427734,0.0,0.0,1,1,0.007103111550180299,0.005563873590010829,0.008835792541503906,0.0030426979064941406,19,2,0.00556|0.00864,0.00556,2,1
10000,34,10,6,0.0,0.0,0.0,0.008799552917480469,0.007815361022949219,0.0,0.0,1,1,0.014345476164410932,0.014345476164410932,0.007806539535522461,0.0050890445709228516,19,5,0.01435,0.01435,1,1
10000,35,18,10,-3.789018028995947e-16,0.0,0.0,0.011165142059326172,0.008544206619262695,-0.0,-0.0,1,1,0.004993967994595418,0.004993967994595418,0.007596492767333984,0.010474920272827148,19,14,0.00499,0.00499,1,1
10000,36,8,20,0.0,0.0,0.0,0.007744550704956055,0.0057032108306884766,0.0,0.0,1,1,0.00917698323033067,0.00917698323033067,0.007730960845947266,0.008826017379760742,19,9,0.00918,0.00918,1,1
10000,37,3,20,0.0,0.0,0.0,0.00933980941772461,0.005065441131591797,0.0,0.0,1,1,0.008297132287065353,0.003938801139248647,0.008736848831176758,0.0036766529083251953,19,6,0.00394|0.01266,0.00394,2,1
10000,38,12,1,0.0,0.0,0.0,0.009952545166015625,0.0036478042602539062,0.0,0.0,1,1,0.0017791147380454117,0.0017791147380454117,0.009326696395874023,0.002738475799560547,19,2,0.00178,0.00178,1,1
10000,39,12,9,0.0,0.0,0.0,0.009593725204467773,0.007032632827758789,0.0,0.0,1,1,0.007554179125258265,0.007554179125258265,0.009006023406982422,0.0057985782623291016,19,6,-0.00755,-0.00755,1,1
10000,40,2,11,0.0,0.0,0.0,0.008323431015014648,0.002890348434448242,0.0,0.0,1,1,0.002497714840895321,0.0008654158231678337,0.008504390716552734,0.002398252487182617,19,2,-0.00413|-0.00087,-0.00087,2,1
10000,41,16,9,0.0,0.0,0.0,0.011028051376342773,0.00811624526977539,0.0,0.0,1,1,0.002584545713230931,0.002584545713230931,0.0083465576171875,0.009964704513549805,19,8,-0.00258,-0.00258,1,1
10000,42,12,10,0.0,0.0,0.0,0.008742332458496094,0.007443904876708984,0.0,0.0,1,1,0.002428832047014918,0.002428832047014918,0.008910894393920898,0.0065691471099853516,19,6,0.00243,0.00243,1,1
10000,43,4,8,0.0,0.0,0.0,0.008602380752563477,0.005909919738769531,0.0,0.0,1,1,0.007698788988838356,0.007698788988838356,0.0118255615234375,0.005562782287597656,19,5,0.0077,0.0077,1,1
10000,44,15,16,0.0,0.0,0.0,0.008924722671508789,0.007960319519042969,0.0,0.0,1,1,0.004418256324431547,0.004418256324431547,0.008636236190795898,0.01183176040649414,19,8,-0.00442,-0.00442,1,1
10000,45,15,13,0.0,0.0,0.0,0.00832986831665039,0.002775907516479492,0.0,0.0,1,1,0.006385646886084999,0.006385646886084999,0.008360624313354492,0.002372264862060547,19,2,0.00639,0.00639,1,1
10000,46,1,5,1.0,0.3333333333333333,0.5,0.008661270141601562,0.004859209060668945,0.0|1.0,0.0|1.0,2,2,0.33742796443022943,0.49553541372838716,0.008102655410766602,0.0046842098236083984,19,4,0.02069|1.01176|1.02121,0.02069|1.01176,3,2
10000,47,10,6,0.0,0.0,0.0,0.007869958877563477,0.007531404495239258,0.0,0.0,1,1,0.013257292409925223,0.013257292409925223,0.007811546325683594,0.006038665771484375,19,5,-0.01326,-0.01326,1,1
10000,48,6,5,0.0,0.25,0.25,0.008675098419189453,0.005219221115112305,0.0|0.5,0.0|0.5,2,2,0.26697538959332856,0.26697538959332856,0.008389949798583984,0.005395650863647461,19,5,-0.02842|0.50553,-0.02842|0.50553,2,2
10000,49,8,4,0.0,0.0,0.0,0.00995016098022461,0.006823301315307617,0.0,0.0,1,1,0.003692856333482383,0.003692856333482383,0.009721040725708008,0.005795478820800781,19,5,-0.00369,-0.00369,1,1
10000,50,17,4,0.0,0.0,0.0,0.009030818939208984,0.009711503982543945,0.0,0.0,1,1,0.007960113084451322,0.007960113084451322,0.008953571319580078,0.014117240905761719,19,12,0.00796,0.00796,1,1
10000,51,9,3,0.0,0.0,0.0,0.009589433670043945,0.005848407745361328,0.0,0.0,1,1,0.014699419921988376,0.014699419921988376,0.008490562438964844,0.00518798828125,19,5,-0.0147,-0.0147,1,1
10000,52,11,2,0.0,0.0,0.0,0.007818937301635742,0.006325721740722656,0.0,0.0,1,1,0.006751247657859269,0.006751247657859269,0.007883071899414062,0.0027883052825927734,19,2,0.00675,0.00675,1,1
10000,53,12,5,0.0,0.0,0.0,0.008198022842407227,0.005472421646118164,0.0,0.0,1,1,0.01078591143814258,0.01078591143814258,0.008367061614990234,0.003404855728149414,19,4,-0.01079,-0.01079,1,1
10000,54,10,20,0.0,0.0,0.0,0.010288238525390625,0.006895542144775391,0.0,0.0,1,1,0.0031251333782633703,0.0031251333782633703,0.007782697677612305,0.011987924575805664,19,10,-0.00313,-0.00313,1,1
10000,55,13,20,0.0,0.0,0.0,0.012367486953735352,0.004178047180175781,0.0,0.0,1,1,0.004642923976096786,0.0019816614538197457,0.009214162826538086,0.003863096237182617,19,6,-0.00322|0.00198|0.00873,0.00198,3,1
10000,56,11,13,0.0,0.0,0.0,0.00934457778930664,0.003336668014526367,0.0,0.0,1,1,0.012231857100542342,0.012231857100542342,0.00872492790222168,0.0026264190673828125,19,2,-0.01223,-0.01223,1,1
10000,57,12,5,0.0,0.0,0.0,0.00915837287902832,0.003706216812133789,0.0,0.0,1,1,0.0013610802497227696,0.0013610802497227696,0.00968480110168457,0.003632068634033203,19,4,0.00136,0.00136,1,1
10000,58,13,20,0.0,0.0,0.0,0.008721113204956055,0.003536224365234375,0.0,0.0,1,1,0.007483435724010686,0.0018547754599634477,0.008119583129882812,0.003303050994873047,19,6,0.00185|0.00996|0.01063,0.00185,3,1
10000,59,5,9,1.4802973661668753e-16,0.0,0.0,0.012212276458740234,0.0057392120361328125,0.0,0.0,1,1,0.01644879752342055,0.01644879752342055,0.00801849365234375,0.005461692810058594,19,7,0.01645,0.01645,1,1
10000,60,4,16,0.0,0.0,0.0,0.008065938949584961,0.0069353580474853516,0.0,0.0,1,1,0.004491861950788515,0.004491861950788515,0.00808095932006836,0.0071299076080322266,19,8,0.00449,0.00449,1,1
10000,61,9,1,0.0,0.0,0.0,0.010375261306762695,0.0069162845611572266,0.0,0.0,1,1,0.013500841888448608,0.013500841888448608,0.008411169052124023,0.005783557891845703,19,5,-0.0135,-0.0135,1,1
10000,62,19,16,-3.3374862327986067e-15,0.0,0.0,0.008465051651000977,0.010550260543823242,-0.0,-0.0,1,1,0.0019391718997091025,0.0019391718997091025,0.008877038955688477,0.01466679573059082,19,15,-0.00194,-0.00194,1,1
10000,63,10,17,0.0,0.0,0.0,0.009085893630981445,0.008933544158935547,0.0,0.0,1,1,0.0165788313909974,0.0165788313909974,0.01060795783996582,0.008528709411621094,19,12,-0.01658,-0.01658,1,1
10000,64,2,10,0.0,0.0,0.0,0.007899999618530273,0.005484819412231445,0.0,0.0,1,1,0.009120819549683395,0.006768276526564526,0.011745691299438477,0.005029201507568359,19,6,-0.01147|-0.00677,-0.00677,2,1
10000,65,20,8,0.0,0.0,0.0,0.008112668991088867,0.0055158138275146484,0.0,0.0,1,1,0.01921496730373154,0.01921496730373154,0.007833480834960938,0.005275726318359375,19,9,0.01921,0.01921,1,1
10000,66,12,5,0.0,0.0,0.0,0.015820980072021484,0.0046045780181884766,0.0,0.0,1,1,0.00026921736608497785,0.00026921736608497785,0.009102821350097656,0.003364086151123047,19,4,-0.00027,-0.00027,1,1
10000,67,11,3,0.0,0.0,0.0,0.008791208267211914,0.0030400753021240234,0.0,0.0,1,1,0.006373696998674869,0.006373696998674869,0.008455276489257812,0.0024657249450683594,19,2,-0.00637,-0.00637,1,1
10000,68,8,17,2.0,0.0,0.0,0.008328914642333984,0.008949995040893555,2.0,2.0,1,1,0.0023767930793399117,0.0023767930793399117,0.012314796447753906,0.009969234466552734,19,11,1.99762,1.99762,1,1
10000,69,8,2,0.0,0.0,0.0,0.008675098419189453,0.0052335262298583984,0.0,0.0,1,1,0.014769351728852922,0.014769351728852922,0.008140802383422852,0.004993438720703125,19,5,0.01477,0.01477,1,1
10000,70,19,10,1.3877787807814457e-15,0.0,0.0,0.011820793151855469,0.009535789489746094,0.0,0.0,1,1,0.002696025106216854,0.002696025106216854,0.007923603057861328,0.009294509887695312,19,16,0.0027,0.0027,1,1
10000,71,19,16,-3.3374862327986067e-15,0.0,0.0,0.00767064094543457,0.012987852096557617,-0.0,-0.0,1,1,0.008248894158770117,0.008248894158770117,0.010290861129760742,0.009007930755615234,19,15,0.00825,0.00825,1,1
10000,72,4,10,0.0,0.0,0.0,0.009114742279052734,0.007195472717285156,0.0,0.0,1,1,0.005243596862163889,0.005243596862163889,0.009937524795532227,0.006301164627075195,19,6,0.00524,0.00524,1,1
10000,73,6,13,0.0,0.0,0.0,0.008656978607177734,0.0031404495239257812,0.0,0.0,1,1,0.005996103868190855,0.007467561623656156,0.013236761093139648,0.002575397491455078,19,2,0.00452|0.00747,0.00747,2,1
10000,74,9,15,0.0,0.0,0.0,0.008438348770141602,0.006947517395019531,0.0,0.0,1,1,0.012622867142956146,0.012622867142956146,0.009102582931518555,0.006172895431518555,19,6,0.01262,0.01262,1,1
10000,75,11,8,0.0,0.0,0.0,0.008554220199584961,0.0057604312896728516,0.0,0.0,1,1,0.005865154620083536,0.005865154620083536,0.012246131896972656,0.004904270172119141,19,5,-0.00587,-0.00587,1,1
10000,76,5,8,1.4802973661668753e-16,0.0,0.0,0.008021116256713867,0.007172107696533203,0.0,0.0,1,1,0.018476549759134934,0.018476549759134934,0.008324146270751953,0.006360292434692383,19,6,-0.01848,-0.01848,1,1
10000,77,13,10,0.0,0.0,0.0,0.010376930236816406,0.005585193634033203,0.0,0.0,1,1,0.007793827047336132,0.0015947641234845239,0.011935949325561523,0.005057096481323242,19,6,-0.01942|-0.00237|-0.00159,-0.00159,3,1
10000,78,6,3,0.0,0.25,0.25,0.008233308792114258,0.004837512969970703,0.0|0.5,0.0|0.5,2,2,0.2534596024453128,0.2534596024453128,0.008484840393066406,0.00651097297668457,19,3,-0.004|0.50292,-0.004|0.50292,2,2
10000,79,4,1,0.0,0.0,0.0,0.00897526741027832,0.0035190582275390625,0.0,0.0,1,1,0.006772197079671451,0.006772197079671451,0.01329660415649414,0.003431558609008789,19,2,0.00677,0.00677,1,1
10000,80,4,15,0.0,0.0,0.0,0.008780241012573242,0.003492116928100586,0.0,0.0,1,1,0.004018610456477288,0.004018610456477288,0.008801937103271484,0.002493143081665039,19,2,0.00402,0.00402,1,1
10000,81,12,2,0.0,0.0,0.0,0.008257865905761719,0.009860754013061523,0.0,0.0,1,1,0.009102192831150744,0.009102192831150744,0.008257627487182617,0.0027854442596435547,19,2,0.0091,0.0091,1,1
10000,82,13,3,0.0,0.0,0.0,0.008379697799682617,0.002734661102294922,0.0,0.0,1,1,0.005682302718400947,0.003457992113594797,0.00834202766418457,0.004216432571411133,19,2,0.00094|0.00346|0.01265,0.00346,3,1
10000,83,9,4,0.0,0.0,0.0,0.007960796356201172,0.005349874496459961,0.0,0.0,1,1,0.0020833228746919884,0.0020833228746919884,0.008030176162719727,0.007779121398925781,19,6,0.00208,0.00208,1,1
10000,84,2,11,0.0,0.0,0.0,0.008279800415039062,0.0032384395599365234,0.0,0.0,1,1,0.006725771610632699,0.0027445998765984483,0.008206367492675781,0.0024116039276123047,19,2,0.00274|0.01071,0.00274,2,1
10000,85,17,2,1.7462448223711392e-16,0.0,0.0,0.008057117462158203,0.010506153106689453,0.0,0.0,1,1,0.019204664800282753,0.019204664800282753,0.008896827697753906,0.015026092529296875,19,11,0.0192,0.0192,1,1
10000,86,3,11,0.0,0.0,0.0,0.009500265121459961,0.0032448768615722656,0.0,0.0,1,1,0.003144340526391595,0.0037479027361921077,0.009510517120361328,0.0024967193603515625,19,2,-0.00254|0.00375,0.00375,2,1
10000,87,2,1,0.0,0.0,0.0,0.00911855697631836,0.003057241439819336,0.0,0.0,1,1,0.020416080552459,0.016269316888331765,0.00885009765625,0.002794027328491211,19,2,0.01627|0.02456,0.01627,2,1
10000,88,16,6,0.0,0.0,0.0,0.009038209915161133,0.008126258850097656,0.0,0.0,1,1,0.011091584819773546,0.011091584819773546,0.008042097091674805,0.008633613586425781,19,7,-0.01109,-0.01109,1,1
10000,89,8,15,0.0,0.0,0.0,0.007883310317993164,0.004891633987426758,0.0,0.0,1,1,0.01416255591467458,0.01416255591467458,0.0076138973236083984,0.004770517349243164,19,5,-0.01416,-0.01416,1,1
10000,90,13,8,0.0,0.0,0.0,0.008093595504760742,0.007757902145385742,0.0,0.0,1,1,0.005994449634169705,0.0021624918677488583,0.0081329345703125,0.0053975582122802734,19,5,-0.01193|-0.0039|-0.00216,-0.00216,3,1
10000,91,3,17,3.0,0.5,0.5,0.007670164108276367,0.0082855224609375,3.0|4.0,3.0|4.0,2,2,0.500083477941496,0.500083477941496,0.008030176162719727,0.015786409378051758,19,11,2.99242|3.99258,2.99242|3.99258,2,2
10000,92,14,10,0.0,0.0,0.0,0.009408950805664062,0.0069806575775146484,0.0,0.0,1,1,0.005749832896367753,0.0003723745945832202,0.03205060958862305,0.005746364593505859,19,6,-0.01113|-0.00037,-0.00037,2,1
10000,93,3,17,3.0,0.5,0.5,0.00834202766418457,0.015311479568481445,3.0|4.0,3.0|4.0,2,2,0.5120067682775233,0.5120067682775233,0.008571386337280273,0.008554697036743164,19,11,3.02791|3.9961,3.02791|3.9961,2,2
10000,94,1,16,2.0,0.6666666666666666,0.6666666666666666,0.008177995681762695,0.0067789554595947266,1.0|2.0,1.0|2.0,2,2,0.6557635494961291,0.6557635494961291,0.008322954177856445,0.0065155029296875,19,7,1.01492|1.03056|2.01277,1.01492|1.03056|2.01277,3,3
10000,95,3,16,1.0,0.25,0.25,0.016663074493408203,0.009186506271362305,1.0|1.5,1.0|1.5,2,2,0.2474592658556139,0.2474592658556139,0.009595632553100586,0.006918907165527344,19,7,0.9961|1.49102,0.9961|1.49102,2,2
10000,96,4,16,0.0,0.0,0.0,0.008750677108764648,0.00981283187866211,0.0,0.0,1,1,0.009430538377843025,0.009430538377843025,0.007753849029541016,0.00848531723022461,19,8,-0.00943,-0.00943,1,1
10000,97,15,3,0.0,0.0,0.0,0.014992475509643555,0.0032765865325927734,0.0,0.0,1,1,0.0010961095634163048,0.0010961095634163048,0.008653640747070312,0.0024652481079101562,19,2,-0.0011,-0.0011,1,1
10000,98,14,4,0.0,0.0,0.0,0.010058879852294922,0.003598928451538086,0.0,0.0,1,1,0.007395193838981486,0.002594416704967411,0.010998964309692383,0.003095865249633789,19,2,-0.0122|-0.00259,-0.00259,2,1
10000,99,18,14,1.9869427204472697e-16,0.0,0.0,0.013663291931152344,0.009148359298706055,0.0,0.0,1,1,0.0012279353478929446,0.0012279353478929446,0.009753227233886719,0.008708953857421875,19,14,0.00123,0.00123,1,1
