Sample_Size,Exp_ID,T,Y,True_Effect,MAE_Full,MAE_Local,Time_Full,Time_Local,Eff_Full,Eff_Local,Set_Size_Full,Set_Size_Local,MAE_Full_n,MAE_Local_n,Time_Full_n,Time_Local_n,Vars_Full,Vars_Local,Eff_Full_n,Eff_Local_n,Set_Size_Full_n,Set_Size_Local_n
500,0,12,31,1.0,0.5,0.5,0.030806303024291992,0.00648045539855957,0.0|1.0,0.0|1.0,2,2,0.45847290950323305,0.45847290950323305,0.025376081466674805,0.0052258968353271484,35,3,0.1175|0.96556,0.1175|0.96556,2,2
500,1,34,1,0.0,0.0,0.0,0.022365093231201172,0.004106760025024414,0.0,0.0,1,1,0.02280280338168572,0.02280280338168572,0.022142410278320312,0.003178834915161133,35,4,0.0228,0.0228,1,1
500,2,2,33,0.0,0.0,0.0,0.027741193771362305,0.0038909912109375,0.0,0.0,1,1,0.0046177149171193164,0.008768231973211417,0.02986741065979004,0.0033464431762695312,35,2,-0.00047|0.00877,0.00877,2,1
500,3,10,39,0.0,0.0,0.0,0.025175809860229492,0.004794597625732422,0.0,0.0,1,1,0.011270807810381025,0.011270807810381025,0.02587151527404785,0.0034356117248535156,35,4,0.01127,0.01127,1,1
500,4,7,23,0.0,0.0,0.0,0.026148319244384766,0.0041828155517578125,0.0,0.0,1,1,0.042045042959779476,0.03602676742991517,0.022670269012451172,0.003311634063720703,35,4,-0.04806|-0.03603,-0.03603,2,1
500,5,37,31,0.0,0.0,0.0,0.02591991424560547,0.010063886642456055,0.0,0.0,1,1,0.03964195252726965,0.03964195252726965,0.026762962341308594,0.0052165985107421875,35,12,-0.03964,-0.03964,1,1
500,6,9,19,0.0,0.0,0.0,0.03240633010864258,0.0038094520568847656,0.0,0.0,1,1,0.05473310327724733,0.04552783678689486,0.029801607131958008,0.0031838417053222656,35,2,-0.06394|-0.04553,-0.04553,2,1
500,7,32,16,0.0,0.0,0.0,0.025026559829711914,0.003952741622924805,0.0,0.0,1,1,0.014813228571436826,0.014813228571436826,0.03010106086730957,0.003416776657104492,35,4,-0.01481,-0.01481,1,1
500,8,1,36,1.0,0.0,0.0,0.023236513137817383,0.008053779602050781,1.0,1.0,1,1,0.07708140231848604,0.07708140231848604,0.0308382511138916,0.008570194244384766,35,7,1.07708,1.07708,1,1
500,9,27,30,0.0,0.0,0.0,0.02922987937927246,0.0052607059478759766,0.0,0.0,1,1,0.041823482713141326,0.041823482713141326,0.02637457847595215,0.0033087730407714844,35,2,0.04182,0.04182,1,1
500,10,36,28,0.0,0.0,0.0,0.02438974380493164,0.006948709487915039,0.0,0.0,1,1,0.12792559622637129,0.12792559622637129,0.027753591537475586,0.009128808975219727,35,8,-0.12793,-0.12793,1,1
500,11,3,32,0.0,0.0,0.0,0.022900104522705078,0.005338430404663086,0.0,0.0,1,1,0.027205838783439996,0.01826210901127841,0.026240825653076172,0.004060268402099609,35,4,0.01826|0.03615,0.01826,2,1
500,12,27,26,0.0,0.0,0.0,0.03207707405090332,0.004395961761474609,0.0,0.0,1,1,0.003499961694628037,0.003499961694628037,0.0317533016204834,0.005268096923828125,35,5,-0.0035,-0.0035,1,1
500,13,33,23,0.0,0.0,0.0,0.023897647857666016,0.0038766860961914062,0.0,0.0,1,1,0.01755399472051607,0.001814911501659354,0.026384592056274414,0.005272865295410156,35,4,0.00181|0.03329,0.00181,2,1
500,14,29,19,0.0,0.0,0.0,0.024004220962524414,0.005986213684082031,0.0,0.0,1,1,0.08636466259147016,0.08636466259147016,0.02751326560974121,0.006173849105834961,35,5,0.08636,0.08636,1,1
500,15,1,13,0.0,0.0,0.0,0.029760122299194336,0.003566265106201172,0.0,0.0,1,1,0.0014900260375981748,0.0014900260375981748,0.03185868263244629,0.002777099609375,35,2,-0.00149,-0.00149,1,1
500,16,37,6,9.345578663998341e-17,0.0,0.0,0.08806157112121582,0.006306886672973633,0.0,0.0,1,1,0.013019794428737236,0.013019794428737236,0.023828983306884766,0.11029744148254395,35,11,0.01302,0.01302,1,1
500,17,26,16,0.0,0.0,0.0,0.02674102783203125,0.0041887760162353516,0.0,0.0,1,1,0.006417225071550612,0.006417225071550612,0.019678592681884766,0.0036046504974365234,35,5,0.00642,0.00642,1,1
500,18,36,3,0.0,0.0,0.0,0.025890111923217773,0.006360292434692383,0.0,0.0,1,1,0.020284592958099784,0.020284592958099784,0.019490957260131836,0.0057790279388427734,35,8,-0.02028,-0.02028,1,1
500,19,32,36,0.0,0.0,0.0,0.023520469665527344,0.007977724075317383,0.0,0.0,1,1,0.03830269721304762,0.03830269721304762,0.019716978073120117,0.007888078689575195,35,10,0.0383,0.0383,1,1
500,20,34,11,0.0,0.0,0.0,0.02762770652770996,0.004500150680541992,0.0,0.0,1,1,0.04843539798880035,0.04843539798880035,0.022689342498779297,0.0036439895629882812,35,4,-0.04844,-0.04844,1,1
500,21,24,34,0.0,0.0,0.0,0.025438785552978516,0.004571199417114258,0.0,0.0,1,1,0.008377799431105264,0.008377799431105264,0.01931476593017578,0.0037992000579833984,35,6,-0.00838,-0.00838,1,1
500,22,26,5,1.1842378929335003e-16,0.0,0.0,0.024372577667236328,0.004008054733276367,0.0,0.0,1,1,0.05570790857457536,0.05570790857457536,0.019956350326538086,0.0033731460571289062,35,4,-0.05571,-0.05571,1,1
500,23,6,13,0.0,0.0,0.0,0.02056145668029785,0.0046808719635009766,0.0,0.0,1,1,0.08993083260909303,0.10104861269932662,0.03152871131896973,0.003897428512573242,35,4,-0.10105|-0.07881,-0.10105,2,1
500,24,29,24,0.0,0.0,0.0,0.023818016052246094,0.0048618316650390625,0.0,0.0,1,1,0.07724229512370723,0.07724229512370723,0.025973081588745117,0.0036089420318603516,35,7,0.07724,0.07724,1,1
500,25,9,40,0.0,0.0,0.0,0.02269148826599121,0.0057337284088134766,0.0,0.0,1,1,0.07041677706560572,0.051881972339260125,0.02977728843688965,0.003371000289916992,35,5,0.05188|0.08895,0.05188,2,1
500,26,13,35,1.0,0.0,0.0,0.019773006439208984,0.0045931339263916016,1.0,1.0,1,1,0.02817830990279757,0.009084018510016612,0.026736021041870117,0.0039975643157958984,35,8,0.95273|0.99092,0.99092,2,1
500,27,36,18,-3.265462418541383e-16,0.0,0.0,0.023053646087646484,0.010083198547363281,-0.0,-0.0,1,1,0.09877833072316217,0.09877833072316217,0.032222747802734375,0.010303974151611328,35,8,0.09878,0.09878,1,1
500,28,12,22,0.0,0.0,0.0,0.01955699920654297,0.003455638885498047,0.0,0.0,1,1,0.013268369712713387,0.02014062732642149,0.02450847625732422,0.0024759769439697266,35,2,-0.02014|0.0064,-0.02014,2,1
500,29,12,3,0.0,0.0,0.0,0.020414113998413086,0.003233671188354492,0.0,0.0,1,1,0.04750862909467994,0.021556898927237157,0.024725914001464844,0.0027844905853271484,35,2,-0.07346|-0.02156,-0.02156,2,1
500,30,2,24,0.0,0.0,0.0,0.02306342124938965,0.004833221435546875,0.0,0.0,1,1,0.007080583063071749,0.0026480824982231723,0.022052288055419922,0.009998798370361328,35,4,-0.01151|-0.00265,-0.00265,2,1
500,31,21,39,0.0,0.0,0.0,0.021508216857910156,0.0041790008544921875,0.0,0.0,1,1,0.015906039990359694,0.004890904476554814,0.023051977157592773,0.0032660961151123047,35,4,-0.02692|-0.00489,-0.00489,2,1
500,32,24,35,0.0,0.0,0.0,0.022473573684692383,0.005110263824462891,0.0,0.0,1,1,0.08168726231419894,0.08168726231419894,0.01951766014099121,0.004376649856567383,35,11,-0.08169,-0.08169,1,1
500,33,5,31,0.0,0.0,0.0,0.021761178970336914,0.0034835338592529297,0.0,0.0,1,1,0.03941963468238841,0.02464357720519538,0.023130178451538086,0.0025980472564697266,35,2,-0.05467|-0.03895|-0.02464,-0.02464,3,1
500,34,34,23,0.0,0.0,0.0,0.021443605422973633,0.005911827087402344,0.0,0.0,1,1,0.09599510115193509,0.09599510115193509,0.025597810745239258,0.0051267147064208984,35,6,0.096,0.096,1,1
500,35,33,31,0.0,0.3333333333333333,0.3333333333333333,0.020586252212524414,0.0053730010986328125,0.0|0.66667,0.0|0.66667,2,2,0.3411338398440885,0.3411338398440885,0.019361257553100586,0.004649162292480469,35,3,-0.00077|0.6815,-0.00077|0.6815,2,2
500,36,12,27,0.0,0.0,0.0,0.022810935974121094,0.003869295120239258,0.0,0.0,1,1,0.023882763534360224,0.01334070016808044,0.02645111083984375,0.002857208251953125,35,2,0.01334|0.03442,0.01334,2,1
500,37,22,18,0.0,0.0,0.0,0.02793407440185547,0.003919839859008789,0.0,0.0,1,1,0.027792753526137377,0.01226362860538781,0.021349191665649414,0.0031638145446777344,35,4,0.01226|0.04332,0.01226,2,1
500,38,23,1,0.0,0.0,0.0,0.03525114059448242,0.0055387020111083984,0.0,0.0,1,1,0.11406730975723195,0.11406730975723195,0.02211904525756836,0.0037755966186523438,35,4,0.11407,0.11407,1,1
500,39,3,9,0.0,0.0,0.0,0.03238964080810547,0.003818988800048828,0.0,0.0,1,1,0.013103260616405387,0.016359717588140456,0.021858930587768555,0.002792835235595703,35,2,0.00985|0.01636,0.01636,2,1
500,40,14,34,0.0,0.0,0.0,0.025193452835083008,0.003796815872192383,0.0,0.0,1,1,0.03740183122606685,0.03740183122606685,0.019912242889404297,0.0034182071685791016,35,4,-0.0374,-0.0374,1,1
500,41,9,21,0.0,0.0,0.0,0.027312517166137695,0.0034368038177490234,0.0,0.0,1,1,0.0602082025521211,0.03490773205396318,0.020183086395263672,0.0026063919067382812,35,2,0.03491|0.08551,0.03491,2,1
500,42,27,36,0.0,0.0,0.0,0.02134561538696289,0.0069637298583984375,0.0,0.0,1,1,0.05546848253036378,0.05546848253036378,0.027674436569213867,0.006832599639892578,35,8,0.05547,0.05547,1,1
500,43,31,21,0.0,0.0,0.0,0.020371198654174805,0.0033292770385742188,0.0,0.0,1,1,0.027092333089737734,0.006311613910970072,0.02637934684753418,0.0025472640991210938,35,2,-0.04787|-0.00631,-0.00631,2,1
500,44,27,34,0.0,0.0,0.0,0.018790721893310547,0.003849506378173828,0.0,0.0,1,1,0.00937902333595103,0.00937902333595103,0.025590896606445312,0.003134489059448242,35,4,0.00938,0.00938,1,1
500,45,19,27,0.0,0.0,0.0,0.019762277603149414,0.0033032894134521484,0.0,0.0,1,1,0.015948112609101065,0.015948112609101065,0.024762868881225586,0.002464771270751953,35,2,-0.01595,-0.01595,1,1
500,46,14,28,0.0,0.0,0.0,0.02152729034423828,0.00709223747253418,0.0,0.0,1,1,0.008999939960345012,0.008999939960345012,0.030250072479248047,0.004352092742919922,35,2,0.009,0.009,1,1
500,47,31,40,0.0,0.0,0.0,0.022336959838867188,0.005550384521484375,0.0,0.0,1,1,0.0021644489893705775,0.001985683837001807,0.022372007369995117,0.008817434310913086,35,5,-0.00234|-0.00199,-0.00199,2,1
500,48,10,17,0.0,0.0,0.0,0.02162003517150879,0.0034780502319335938,0.0,0.0,1,1,0.013629429974767123,0.013629429974767123,0.019351959228515625,0.0027053356170654297,35,2,0.01363,0.01363,1,1
500,49,28,34,0.0,0.0,0.0,0.020933151245117188,0.0040585994720458984,0.0,0.0,1,1,0.062036362811758325,0.029485634767052397,0.019159555435180664,0.0032341480255126953,35,4,-0.09459|-0.02949,-0.02949,2,1
500,50,17,10,0.0,0.0,0.0,0.021066904067993164,0.003968954086303711,0.0,0.0,1,1,0.01531491005049099,0.006492817270742288,0.02226543426513672,0.002969026565551758,35,2,-0.02414|-0.00649,-0.00649,2,1
500,51,37,17,4.6727893319991705e-17,0.0,0.0,0.0216372013092041,0.007621049880981445,0.0,0.0,1,1,0.03076253133080608,0.03076253133080608,0.023159503936767578,0.006436586380004883,35,12,-0.03076,-0.03076,1,1
500,52,1,39,0.0,0.0,0.0,0.02031731605529785,0.0036504268646240234,0.0,0.0,1,1,0.058858988185551235,0.058858988185551235,0.023627281188964844,0.003448963165283203,35,4,-0.05886,-0.05886,1,1
500,53,2,36,2.0,1.0,1.0,0.025134563446044922,0.009324789047241211,0.0|2.0,0.0|2.0,2,2,0.9994764949398899,0.9994764949398899,0.021969318389892578,0.00832986831665039,35,8,0.0359|2.03485,0.0359|2.03485,2,2
500,54,28,26,0.0,0.0,0.0,0.021000385284423828,0.0045125484466552734,0.0,0.0,1,1,0.031342949446397726,0.004496468264670228,0.020775318145751953,0.003824949264526367,35,5,-0.05819|-0.0045,-0.0045,2,1
500,55,10,35,0.0,0.0,0.0,0.025241851806640625,0.005007743835449219,0.0,0.0,1,1,0.052365111068775054,0.052365111068775054,0.019501924514770508,0.004287004470825195,35,9,0.05237,0.05237,1,1
500,56,14,21,0.0,0.0,0.0,0.025125980377197266,0.003225564956665039,0.0,0.0,1,1,0.027726279000647204,0.027726279000647204,0.019725799560546875,0.002534151077270508,35,2,-0.02773,-0.02773,1,1
500,57,2,37,1.0,0.5,0.5,0.02714848518371582,0.007649898529052734,0.0|1.0,0.0|1.0,2,2,0.5214006319063866,0.5214006319063866,0.024886608123779297,0.009001493453979492,35,12,-0.03871|1.00409,-0.03871|1.00409,2,2
500,58,28,29,0.0,0.25,0.25,0.028684139251708984,0.0060846805572509766,0.0|0.5,0.0|0.5,2,2,0.24045239901676774,0.24045239901676774,0.02113819122314453,0.006005764007568359,35,5,-0.00957|0.47133,-0.00957|0.47133,2,2
500,59,17,16,0.0,0.0,0.0,0.02857804298400879,0.0032355785369873047,0.0,0.0,1,1,0.01063218067210107,0.00046536945878620806,0.020769119262695312,0.0025506019592285156,35,2,-0.0208|0.00047,0.00047,2,1
500,60,27,3,0.0,0.0,0.0,0.032685041427612305,0.0033864974975585938,0.0,0.0,1,1,0.060392777417194905,0.060392777417194905,0.022820711135864258,0.002783536911010742,35,2,-0.06039,-0.06039,1,1
500,61,12,18,0.0,0.0,0.0,0.02978682518005371,0.004976987838745117,0.0,0.0,1,1,0.01288941521772303,0.0028448183659505887,0.023987293243408203,0.004978179931640625,35,4,-0.00284|0.02293,-0.00284,2,1
500,62,1,10,0.0,0.0,0.0,0.020265817642211914,0.0032472610473632812,0.0,0.0,1,1,0.046574336601071464,0.046574336601071464,0.027997493743896484,0.0025980472564697266,35,2,-0.04657,-0.04657,1,1
500,63,6,13,0.0,0.0,0.0,0.01936650276184082,0.0040476322174072266,0.0,0.0,1,1,0.05470314358802232,0.06659163498220289,0.03049945831298828,0.003263235092163086,35,4,0.04281|0.06659,0.06659,2,1
500,64,14,9,0.0,0.0,0.0,0.025313615798950195,0.005269765853881836,0.0,0.0,1,1,0.02898944758134247,0.02898944758134247,0.030840158462524414,0.003244638442993164,35,2,0.02899,0.02899,1,1
500,65,16,3,0.0,0.0,0.0,0.024451017379760742,0.0032846927642822266,0.0,0.0,1,1,0.06750145444564344,0.012216553418701872,0.0286257266998291,0.0025932788848876953,35,2,0.01222|0.08087|0.08507|0.09185,0.01222,4,1
500,66,39,26,0.0,0.0,0.0,0.02115178108215332,0.012650489807128906,0.0,0.0,1,1,0.017921997464771657,0.017921997464771657,0.02242898941040039,0.006264209747314453,35,7,0.01792,0.01792,1,1
500,67,34,17,0.0,0.0,0.0,0.02385568618774414,0.006766080856323242,0.0,0.0,1,1,0.189953519190456,0.189953519190456,0.02253103256225586,0.013085603713989258,35,4,-0.18995,-0.18995,1,1
500,68,9,30,0.0,0.0,0.0,0.02136707305908203,0.00362396240234375,0.0,0.0,1,1,0.013325155075633838,0.013430270077832818,0.0221254825592041,0.002513408660888672,35,2,-0.01343|-0.01322,-0.01343,2,1
500,69,2,24,0.0,0.0,0.0,0.02064037322998047,0.005523681640625,0.0,0.0,1,1,0.027169519765309,0.0029683260966498998,0.020914077758789062,0.00308990478515625,35,4,-0.05137|-0.00297,-0.00297,2,1
500,70,7,18,0.0,0.0,0.0,0.023331642150878906,0.0046160221099853516,0.0,0.0,1,1,0.004935019796234433,0.003194827704896255,0.02602076530456543,0.004352092742919922,35,4,-0.00319|0.00668,-0.00319,2,1
500,71,1,24,0.0,0.0,0.0,0.02119755744934082,0.003970146179199219,0.0,0.0,1,1,0.03811231608292667,0.03811231608292667,0.02220630645751953,0.0031583309173583984,35,4,-0.03811,-0.03811,1,1
500,72,39,5,0.0,0.0,0.0,0.027666091918945312,0.004049777984619141,0.0,0.0,1,1,0.08114270163470201,0.08114270163470201,0.02109980583190918,0.003285646438598633,35,4,0.08114,0.08114,1,1
500,73,28,9,0.0,0.0,0.0,0.03050374984741211,0.0036835670471191406,0.0,0.0,1,1,0.029154940918215494,0.01868343154178598,0.02214789390563965,0.0026993751525878906,35,2,0.01868|0.03963,0.01868,2,1
500,74,3,24,0.0,0.0,0.0,0.03153848648071289,0.0037689208984375,0.0,0.0,1,1,0.005496204126416727,0.005210469412341566,0.022596120834350586,0.0034775733947753906,35,4,0.00521|0.00578,0.00521,2,1
500,75,40,30,0.0,0.0,0.0,0.026789188385009766,0.004190921783447266,0.0,0.0,1,1,0.028947257541498933,0.028947257541498933,0.01996779441833496,0.004187107086181641,35,5,-0.02895,-0.02895,1,1
500,76,17,27,0.0,0.0,0.0,0.034815073013305664,0.004044294357299805,0.0,0.0,1,1,0.08020414579227612,0.01842900610820524,0.025274276733398438,0.005140066146850586,35,2,-0.14198|-0.01843,-0.01843,2,1
500,77,14,6,0.0,0.0,0.0,0.019666433334350586,0.00423121452331543,0.0,0.0,1,1,0.012909748915885798,0.012909748915885798,0.028629302978515625,0.003808736801147461,35,4,-0.01291,-0.01291,1,1
500,78,33,24,0.0,0.0,0.0,0.024474620819091797,0.003839731216430664,0.0,0.0,1,1,0.022687781858039296,0.013999690616608027,0.0278322696685791,0.0036170482635498047,35,4,-0.03138|-0.014,-0.014,2,1
500,79,17,13,0.0,0.0,0.0,0.021098852157592773,0.004878997802734375,0.0,0.0,1,1,0.014848015542151016,0.006444324210333481,0.027479171752929688,0.0027179718017578125,35,2,-0.02325|0.00644,0.00644,2,1
500,80,1,33,0.0,0.0,0.0,0.021193504333496094,0.0032563209533691406,0.0,0.0,1,1,0.06694880445737021,0.06694880445737021,0.027678728103637695,0.0025222301483154297,35,2,0.06695,0.06695,1,1
500,81,7,21,0.0,0.0,0.0,0.021397829055786133,0.003233194351196289,0.0,0.0,1,1,0.09761774510657559,0.051834409854430226,0.02786874771118164,0.0028891563415527344,35,2,-0.1434|-0.05183,-0.05183,2,1
500,82,1,7,0.0,0.0,0.0,0.02557682991027832,0.00524449348449707,0.0,0.0,1,1,0.057586496684782426,0.057586496684782426,0.03795361518859863,0.0029468536376953125,35,2,0.05759,0.05759,1,1
500,83,9,40,0.0,0.0,0.0,0.025303363800048828,0.004599571228027344,0.0,0.0,1,1,0.003845411186427711,0.004665602295127085,0.021907329559326172,0.004665374755859375,35,5,-0.00467|-0.00303,-0.00467,2,1
500,84,28,26,0.0,0.0,0.0,0.02007579803466797,0.00643610954284668,0.0,0.0,1,1,0.011512890746847745,0.0014074042019921438,0.02100682258605957,0.003817319869995117,35,5,0.00141|0.02162,0.00141,2,1
500,85,31,8,0.0,0.0,0.0,0.02040576934814453,0.0031516551971435547,0.0,0.0,1,1,0.020743629089065335,0.00571630161724057,0.020804643630981445,0.002978086471557617,35,2,-0.03577|0.00572,0.00572,2,1
500,86,39,8,0.0,0.0,0.0,0.024234533309936523,0.006942033767700195,0.0,0.0,1,1,0.13441246607001894,0.13441246607001894,0.026071786880493164,0.006070375442504883,35,4,0.13441,0.13441,1,1
500,87,31,39,0.0,0.0,0.0,0.021763324737548828,0.0057032108306884766,0.0,0.0,1,1,0.010374330583786152,0.0023065364361599936,0.01978921890258789,0.003169536590576172,35,4,-0.01844|0.00231,0.00231,2,1
500,88,5,8,0.0,0.0,0.0,0.02582406997680664,0.003130197525024414,0.0,0.0,1,1,0.028761383528649712,0.02488725259061416,0.02081775665283203,0.002598285675048828,35,2,-0.0309|-0.03049|-0.02489,-0.02489,3,1
500,89,22,23,0.0,0.0,0.0,0.032425642013549805,0.006112575531005859,0.0,0.0,1,1,0.0111196577271517,0.0027711886670764995,0.024829864501953125,0.0036096572875976562,35,4,-0.01947|0.00277,0.00277,2,1
500,90,29,12,0.0,0.0,0.0,0.02698540687561035,0.004225492477416992,0.0,0.0,1,1,0.08068034748923131,0.08068034748923131,0.019922256469726562,0.0038602352142333984,35,5,-0.08068,-0.08068,1,1
500,91,26,35,0.0,0.0,0.0,0.026294708251953125,0.007057666778564453,0.0,0.0,1,1,0.0051741649309508956,0.0051741649309508956,0.020340681076049805,0.00638270378112793,35,10,0.00517,0.00517,1,1
500,92,26,24,0.0,0.0,0.0,0.03410768508911133,0.005077362060546875,0.0,0.0,1,1,0.03224873441604131,0.03224873441604131,0.023522138595581055,0.004370927810668945,35,7,-0.03225,-0.03225,1,1
500,93,12,6,0.0,0.0,0.0,0.029683589935302734,0.0046155452728271484,0.0,0.0,1,1,0.022184952680421817,0.029871496171571477,0.023078441619873047,0.0032808780670166016,35,4,0.0145|0.02987,0.02987,2,1
500,94,5,19,0.0,0.0,0.0,0.018983125686645508,0.0036814212799072266,0.0,0.0,1,1,0.021542552063177598,0.01844169496937888,0.0293271541595459,0.0026693344116210938,35,2,-0.03151|-0.01844|-0.01468,-0.01844,3,1
500,95,28,32,0.0,0.0,0.0,0.0227508544921875,0.0042226314544677734,0.0,0.0,1,1,0.01844596471301515,0.018870571087934204,0.028744220733642578,0.0034034252166748047,35,4,0.01802|0.01887,0.01887,2,1
500,96,35,28,0.0,0.0,0.0,0.02044081687927246,0.006432771682739258,0.0,0.0,1,1,0.005232827731211157,0.005232827731211157,0.030299663543701172,0.005673408508300781,35,9,0.00523,0.00523,1,1
500,97,21,31,0.0,0.0,0.0,0.018991470336914062,0.0032210350036621094,0.0,0.0,1,1,0.06515462309091892,0.03995453184288022,0.03462576866149902,0.002733469009399414,35,2,0.03995|0.09035,0.03995,2,1
500,98,39,33,0.0,0.0,0.0,0.02091836929321289,0.004228353500366211,0.0,0.0,1,1,0.14248652339715023,0.14248652339715023,0.030675649642944336,0.0036602020263671875,35,4,0.14249,0.14249,1,1
500,99,32,6,0.0,0.0,0.0,0.024134159088134766,0.007489204406738281,0.0,0.0,1,1,0.05088116752143256,0.05088116752143256,0.027192354202270508,0.005322933197021484,35,6,0.05088,0.05088,1,1
1000,0,10,18,0.0,0.0,0.0,0.019063472747802734,0.0040035247802734375,0.0,0.0,1,1,0.0398134670210346,0.0398134670210346,0.028313159942626953,0.0032808780670166016,35,4,0.03981,0.03981,1,1
1000,1,35,16,0.0,0.0,0.0,0.02393364906311035,0.013418436050415039,0.0,0.0,1,1,0.01865446461090057,0.01865446461090057,0.020306825637817383,0.006617546081542969,35,9,-0.01865,-0.01865,1,1
1000,2,10,30,0.0,0.0,0.0,0.022594928741455078,0.003364086151123047,0.0,0.0,1,1,0.012124401047354997,0.012124401047354997,0.020095348358154297,0.002525806427001953,35,2,-0.01212,-0.01212,1,1
1000,3,34,16,0.0,0.0,0.0,0.02432084083557129,0.004073381423950195,0.0,0.0,1,1,0.004964914698335057,0.004964914698335057,0.023240327835083008,0.003333568572998047,35,4,0.00496,0.00496,1,1
1000,4,32,33,0.0,0.0,0.0,0.0231781005859375,0.004943132400512695,0.0,0.0,1,1,0.011744738965845684,0.011744738965845684,0.02394270896911621,0.0040357112884521484,35,4,-0.01174,-0.01174,1,1
1000,5,14,32,0.0,0.0,0.0,0.021525859832763672,0.0043184757232666016,0.0,0.0,1,1,0.016197320957479854,0.016197320957479854,0.02029871940612793,0.003262758255004883,35,4,0.0162,0.0162,1,1
1000,6,37,2,2.3363946659995853e-17,0.0,0.0,0.022356748580932617,0.007082462310791016,0.0,0.0,1,1,0.12631693409961528,0.12631693409961528,0.01991868019104004,0.006356716156005859,35,12,0.12632,0.12632,1,1
1000,7,3,21,0.0,0.0,0.0,0.025452375411987305,0.003725290298461914,0.0,0.0,1,1,0.017464598454652158,0.019001848114043637,0.0252377986907959,0.0030548572540283203,35,2,0.01593|0.019,0.019,2,1
1000,8,30,40,0.0,0.0,0.0,0.028898954391479492,0.004352092742919922,0.0,0.0,1,1,0.006244283985047712,0.0054739670280409165,0.021431684494018555,0.003922700881958008,35,5,0.00547|0.00701,0.00547,2,1
1000,9,18,7,0.0,0.0,0.0,0.027059078216552734,0.0038242340087890625,0.0,0.0,1,1,0.02527771959324873,0.048891668418170484,0.020813465118408203,0.003236055374145508,35,4,-0.04889|-0.00166,-0.04889,2,1
1000,10,22,40,0.0,0.0,0.0,0.03316497802734375,0.0045318603515625,0.0,0.0,1,1,0.009619350645286639,0.003211910380842464,0.026158571243286133,0.0034296512603759766,35,5,-0.01603|0.00321,0.00321,2,1
1000,11,11,30,0.0,0.0,0.0,0.029981613159179688,0.0034263134002685547,0.0,0.0,1,1,0.001902555395673261,0.001902555395673261,0.01984548568725586,0.002573728561401367,35,2,-0.0019,-0.0019,1,1
1000,12,16,21,0.0,0.0,0.0,0.03076457977294922,0.003189563751220703,0.0,0.0,1,1,0.02432540366623849,0.0010650927739448749,0.0223233699798584,0.003032684326171875,35,2,-0.03533|-0.00107|0.01436|0.04655,-0.00107,4,1
1000,13,35,32,0.0,0.0,0.0,0.022409915924072266,0.010454893112182617,0.0,0.0,1,1,0.04505179154846149,0.04505179154846149,0.032208919525146484,0.008826017379760742,35,11,0.04505,0.04505,1,1
1000,14,13,27,0.0,0.0,0.0,0.019432544708251953,0.0032308101654052734,0.0,0.0,1,1,0.01581559131135379,0.001127847190011055,0.02781534194946289,0.0025267601013183594,35,2,-0.00113|0.0305,-0.00113,2,1
1000,15,36,8,0.0,0.0,0.0,0.021289825439453125,0.00844120979309082,0.0,0.0,1,1,0.02778968238225799,0.02778968238225799,0.028710365295410156,0.009356021881103516,35,8,0.02779,0.02779,1,1
1000,16,9,1,0.0,0.0,0.0,0.023113012313842773,0.003638744354248047,0.0,0.0,1,1,0.007612544092932789,0.005858498105896209,0.030517101287841797,0.003313779830932617,35,2,-0.00937|0.00586,0.00586,2,1
1000,17,30,3,0.0,0.16666666666666666,0.16666666666666666,0.02482914924621582,0.005864381790161133,0.0|0.33333,0.0|0.33333,2,2,0.19121629525201012,0.19121629525201012,0.02869582176208496,0.005084514617919922,35,3,0.0484|0.33404,0.0484|0.33404,2,2
1000,18,27,24,0.0,0.0,0.0,0.01945662498474121,0.003816843032836914,0.0,0.0,1,1,0.0248217381851147,0.0248217381851147,0.026461362838745117,0.003467082977294922,35,4,-0.02482,-0.02482,1,1
1000,19,28,35,0.0,0.25,0.25,0.02485346794128418,0.008034467697143555,0.0|0.5,0.0|0.5,2,2,0.247681627125012,0.247681627125012,0.03242659568786621,0.007909774780273438,35,9,-0.00235|0.49301,-0.00235|0.49301,2,2
1000,20,1,14,0.0,0.0,0.0,0.020792722702026367,0.0038008689880371094,0.0,0.0,1,1,0.013272762620875962,0.013272762620875962,0.027669191360473633,0.0024764537811279297,35,2,-0.01327,-0.01327,1,1
1000,21,18,16,0.0,0.0,0.0,0.019991159439086914,0.01102757453918457,0.0,0.0,1,1,0.027165451708176296,0.017359565562869755,0.018996715545654297,0.005743503570556641,35,4,0.01736|0.03697,0.01736,2,1
1000,22,26,14,0.0,0.0,0.0,0.022782087326049805,0.0061376094818115234,0.0,0.0,1,1,0.005736970398745145,0.005736970398745145,0.022862911224365234,0.0043904781341552734,35,5,-0.00574,-0.00574,1,1
1000,23,32,36,0.0,0.0,0.0,0.024834632873535156,0.008638143539428711,0.0,0.0,1,1,0.00987198926821316,0.00987198926821316,0.020712852478027344,0.017833471298217773,35,10,-0.00987,-0.00987,1,1
1000,24,33,22,0.0,0.0,0.0,0.023972272872924805,0.006181955337524414,0.0,0.0,1,1,0.025295806079295453,0.009928275126166557,0.020901203155517578,0.0041429996490478516,35,2,-0.04066|-0.00993,-0.00993,2,1
1000,25,30,5,0.0,0.0,0.0,0.026677846908569336,0.003387928009033203,0.0,0.0,1,1,0.03278897421298778,0.008287559775356081,0.022438764572143555,0.0025582313537597656,35,2,0.00829|0.05729,0.00829,2,1
1000,26,23,40,0.0,0.0,0.0,0.021439552307128906,0.004960775375366211,0.0,0.0,1,1,0.06341970261636377,0.06341970261636377,0.02372264862060547,0.0035364627838134766,35,6,0.06342,0.06342,1,1
1000,27,34,26,0.0,0.0,0.0,0.02097797393798828,0.004631519317626953,0.0,0.0,1,1,0.07452115097087607,0.07452115097087607,0.022165536880493164,0.005232810974121094,35,6,0.07452,0.07452,1,1
1000,28,29,8,0.0,0.0,0.0,0.02502894401550293,0.00564885139465332,0.0,0.0,1,1,0.007068918153822703,0.007068918153822703,0.02420520782470703,0.003936052322387695,35,5,0.00707,0.00707,1,1
1000,29,34,10,0.0,0.0,0.0,0.03366398811340332,0.004636049270629883,0.0,0.0,1,1,0.045048055700767996,0.045048055700767996,0.02224135398864746,0.0033097267150878906,35,4,-0.04505,-0.04505,1,1
1000,30,37,33,0.0,0.0,0.0,0.029646635055541992,0.00687861442565918,0.0,0.0,1,1,0.015587883913072836,0.015587883913072836,0.023843050003051758,0.006592988967895508,35,12,0.01559,0.01559,1,1
1000,31,40,2,0.0,0.0,0.0,0.03198885917663574,0.004521846771240234,0.0,0.0,1,1,0.0286542961447064,0.0286542961447064,0.025173425674438477,0.0035271644592285156,35,5,-0.02865,-0.02865,1,1
1000,32,35,3,0.0,0.0,0.0,0.029813289642333984,0.0054399967193603516,0.0,0.0,1,1,0.005318898957511098,0.005318898957511098,0.024756193161010742,0.006487369537353516,35,9,0.00532,0.00532,1,1
1000,33,7,37,0.0,0.0,0.0,0.029761791229248047,0.006578207015991211,0.0,0.0,1,1,0.03417188319015355,0.02999105680825937,0.03277921676635742,0.005629777908325195,35,12,0.02999|0.03835,0.02999,2,1
1000,34,14,37,0.0,0.0,0.0,0.029582977294921875,0.005631685256958008,0.0,0.0,1,1,0.00050211602561439,0.00050211602561439,0.020737886428833008,0.006883859634399414,35,12,0.0005,0.0005,1,1
1000,35,14,30,0.0,0.0,0.0,0.0314793586730957,0.003751516342163086,0.0,0.0,1,1,0.0025584351100672647,0.0025584351100672647,0.020850658416748047,0.0036275386810302734,35,2,0.00256,0.00256,1,1
1000,36,28,40,0.0,0.0,0.0,0.022635459899902344,0.004360198974609375,0.0,0.0,1,1,0.019075147325877066,0.0011655831722239512,0.029325485229492188,0.003393888473510742,35,5,-0.00117|0.03698,-0.00117,2,1
1000,37,5,29,0.0,0.0,0.0,0.021136045455932617,0.004275083541870117,0.0,0.0,1,1,0.024483908447685807,0.004859956022217995,0.06478118896484375,0.0034942626953125,35,5,-0.04438|-0.00486|0.02422,-0.00486,3,1
1000,38,23,19,0.0,0.0,0.0,0.02164912223815918,0.003969907760620117,0.0,0.0,1,1,0.00031177323743395243,0.00031177323743395243,0.027745485305786133,0.003465890884399414,35,4,0.00031,0.00031,1,1
1000,39,17,28,0.0,0.0,0.0,0.022902488708496094,0.004217386245727539,0.0,0.0,1,1,0.008820109666708017,0.001906157095647205,0.03751111030578613,0.003039836883544922,35,2,-0.00191|0.01573,-0.00191,2,1
1000,40,2,29,0.0,0.0,0.0,0.025049924850463867,0.004342555999755859,0.0,0.0,1,1,0.03600266281950169,0.025521562798632654,0.03442525863647461,0.003980398178100586,35,5,-0.04648|-0.02552,-0.02552,2,1
1000,41,12,35,0.0,0.0,0.0,0.021870851516723633,0.007784843444824219,0.0,0.0,1,1,0.02975278967460988,0.00421723851268173,0.02924370765686035,0.005313396453857422,35,9,0.00422|0.05529,0.00422,2,1
1000,42,28,16,0.0,0.0,0.0,0.02126312255859375,0.011230707168579102,0.0,0.0,1,1,0.0378338331620868,0.008010853474787114,0.02376079559326172,0.0055773258209228516,35,2,-0.06766|-0.00801,-0.00801,2,1
1000,43,18,7,0.0,0.0,0.0,0.023259639739990234,0.004334449768066406,0.0,0.0,1,1,0.009452015880263204,0.012191824499422415,0.022420167922973633,0.0034284591674804688,35,4,-0.01219|0.00671,-0.01219,2,1
1000,44,6,33,0.0,0.0,0.0,0.02179718017578125,0.004427671432495117,0.0,0.0,1,1,0.017047987194183795,1.3225331738713009e-05,0.022722482681274414,0.004233360290527344,35,4,1e-05|0.03408,1e-05,2,1
1000,45,9,19,0.0,0.0,0.0,0.02240777015686035,0.0031516551971435547,0.0,0.0,1,1,0.03133720636033732,0.020208060638587086,0.02117776870727539,0.0024826526641845703,35,2,0.02021|0.04247,0.02021,2,1
1000,46,23,33,0.0,0.0,0.0,0.028319358825683594,0.004921674728393555,0.0,0.0,1,1,0.040757043423308416,0.040757043423308416,0.02333354949951172,0.004088640213012695,35,4,-0.04076,-0.04076,1,1
1000,47,23,1,0.0,0.0,0.0,0.022745609283447266,0.004930973052978516,0.0,0.0,1,1,0.024650026867551855,0.024650026867551855,0.02631664276123047,0.003270864486694336,35,4,0.02465,0.02465,1,1
1000,48,7,39,0.0,0.0,0.0,0.03320598602294922,0.004744529724121094,0.0,0.0,1,1,0.026179765331225346,0.02357024169204864,0.022075176239013672,0.003630399703979492,35,4,-0.02879|-0.02357,-0.02357,2,1
1000,49,35,17,0.0,0.0,0.0,0.10762166976928711,0.009750604629516602,0.0,0.0,1,1,0.02471514642468324,0.02471514642468324,0.022643566131591797,0.006577968597412109,35,9,-0.02472,-0.02472,1,1
1000,50,36,11,0.0,0.0,0.0,0.027016401290893555,0.009993553161621094,0.0,0.0,1,1,0.03024529325759065,0.03024529325759065,0.02227330207824707,0.00781702995300293,35,8,0.03025,0.03025,1,1
1000,51,7,24,0.0,0.0,0.0,0.030495166778564453,0.004812479019165039,0.0,0.0,1,1,0.06516481323516495,0.03884350648525529,0.020300626754760742,0.003484010696411133,35,4,0.03884|0.09149,0.03884,2,1
1000,52,6,14,0.0,0.0,0.0,0.02681756019592285,0.004194974899291992,0.0,0.0,1,1,0.004342572066569023,0.002896529991076272,0.0212249755859375,0.003126382827758789,35,4,-0.0029|0.00579,-0.0029,2,1
1000,53,11,17,0.0,0.0,0.0,0.024219989776611328,0.003931999206542969,0.0,0.0,1,1,0.02900593239786041,0.02900593239786041,0.02225780487060547,0.002557039260864258,35,2,0.02901,0.02901,1,1
1000,54,9,18,0.0,0.0,0.0,0.02645707130432129,0.005095720291137695,0.0,0.0,1,1,0.03093053203626126,0.02441075665028545,0.03334617614746094,0.003604412078857422,35,4,-0.03745|-0.02441,-0.02441,2,1
1000,55,9,34,1.0,0.5,0.5,0.02516007423400879,0.005723476409912109,0.0|1.0,0.0|1.0,2,2,0.4937358369207405,0.4937358369207405,0.027069807052612305,0.00533747673034668,35,4,0.039|0.97353,0.039|0.97353,2,2
1000,56,16,22,0.0,0.0,0.0,0.018671035766601562,0.003464937210083008,0.0,0.0,1,1,0.022727521462905707,0.007175255957552732,0.028400421142578125,0.0034592151641845703,35,2,-0.05593|-0.01561|-0.00718|0.01219,-0.00718,4,1
1000,57,30,7,0.0,0.0,0.0,0.02039480209350586,0.003290414810180664,0.0,0.0,1,1,0.02483828209083153,0.009823108169670192,0.030158281326293945,0.002510547637939453,35,2,-0.03985|-0.00982,-0.00982,2,1
1000,58,14,12,0.0,0.0,0.0,0.024074316024780273,0.003787517547607422,0.0,0.0,1,1,0.002270125264924392,0.002270125264924392,0.031275033950805664,0.0030705928802490234,35,2,0.00227,0.00227,1,1
1000,59,37,21,2.3363946659995853e-17,0.0,0.0,0.019811153411865234,0.011671066284179688,0.0,0.0,1,1,0.07868094763724773,0.07868094763724773,0.02274799346923828,0.005776405334472656,35,11,-0.07868,-0.07868,1,1
1000,60,29,7,0.0,0.0,0.0,0.021717548370361328,0.003934144973754883,0.0,0.0,1,1,0.033734319829153224,0.033734319829153224,0.019412755966186523,0.008675098419189453,35,5,0.03373,0.03373,1,1
1000,61,12,40,0.0,0.0,0.0,0.022908687591552734,0.004519462585449219,0.0,0.0,1,1,0.014426789426610853,0.007729803907143404,0.023115158081054688,0.0037131309509277344,35,5,0.00773|0.02112,0.00773,2,1
1000,62,30,21,0.0,0.0,0.0,0.023141860961914062,0.0036678314208984375,0.0,0.0,1,1,0.018990382013985358,0.011419900860814673,0.02106928825378418,0.003072500228881836,35,2,0.01142|0.02656,0.01142,2,1
1000,63,1,21,0.0,0.0,0.0,0.02017068862915039,0.003775358200073242,0.0,0.0,1,1,0.01790638964375679,0.01790638964375679,0.01965785026550293,0.0026602745056152344,35,2,0.01791,0.01791,1,1
1000,64,30,5,0.0,0.0,0.0,0.025374174118041992,0.004385709762573242,0.0,0.0,1,1,0.02097709767197041,0.002306111861761526,0.028326034545898438,0.003500223159790039,35,2,-0.03965|-0.00231,-0.00231,2,1
1000,65,31,22,0.0,0.0,0.0,0.027213096618652344,0.0036263465881347656,0.0,0.0,1,1,0.051930547105926914,0.01509905391488748,0.020937442779541016,0.003252744674682617,35,2,-0.08876|-0.0151,-0.0151,2,1
1000,66,3,18,0.0,0.0,0.0,0.029312610626220703,0.004300117492675781,0.0,0.0,1,1,0.01871712468536621,0.008747050486599428,0.02459120750427246,0.0033211708068847656,35,4,0.00875|0.02869,0.00875,2,1
1000,67,30,16,0.0,0.0,0.0,0.03082418441772461,0.0038604736328125,0.0,0.0,1,1,0.02057759155296164,0.014744933464942487,0.02478313446044922,0.00449061393737793,35,2,0.01474|0.02641,0.01474,2,1
1000,68,6,11,0.0,0.0,0.0,0.026948928833007812,0.00468134880065918,0.0,0.0,1,1,0.00965725850523838,0.005512059166664509,0.021816730499267578,0.003294706344604492,35,4,-0.0138|-0.00551,-0.00551,2,1
1000,69,7,29,0.0,0.0,0.0,0.028014659881591797,0.004108905792236328,0.0,0.0,1,1,0.004902073525008003,0.002185671952264221,0.02254772186279297,0.005118608474731445,35,5,-0.00762|0.00219,0.00219,2,1
1000,70,40,24,0.0,0.0,0.0,0.023842334747314453,0.0045855045318603516,0.0,0.0,1,1,0.04062173710088015,0.04062173710088015,0.030445098876953125,0.0037970542907714844,35,7,0.04062,0.04062,1,1
1000,71,14,11,0.0,0.0,0.0,0.022388935089111328,0.003181934356689453,0.0,0.0,1,1,0.018352558857677014,0.018352558857677014,0.03671145439147949,0.002702474594116211,35,2,0.01835,0.01835,1,1
1000,72,36,18,-3.265462418541383e-16,0.0,0.0,0.024839401245117188,0.010806798934936523,-0.0,-0.0,1,1,0.029729224136650682,0.029729224136650682,0.02819657325744629,0.008722782135009766,35,8,0.02973,0.02973,1,1
1000,73,12,30,0.0,0.0,0.0,0.025132179260253906,0.003260374069213867,0.0,0.0,1,1,0.04556872801661961,0.03748964044807674,0.02812671661376953,0.0026149749755859375,35,2,0.03749|0.05365,0.03749,2,1
1000,74,29,6,0.0,0.0,0.0,0.021301984786987305,0.0044820308685302734,0.0,0.0,1,1,0.029240586905384065,0.029240586905384065,0.024962663650512695,0.0037047863006591797,35,7,-0.02924,-0.02924,1,1
1000,75,2,7,0.0,0.0,0.0,0.022639751434326172,0.003974437713623047,0.0,0.0,1,1,0.05608794589939016,0.04228016597574825,0.028380632400512695,0.0030510425567626953,35,2,-0.0699|-0.04228,-0.04228,2,1
1000,76,6,39,0.0,0.0,0.0,0.025946855545043945,0.0051500797271728516,0.0,0.0,1,1,0.034309860210843424,0.0446086476158348,0.021735191345214844,0.010340690612792969,35,6,-0.02401|0.04461,0.04461,2,1
1000,77,16,34,0.0,0.0,0.0,0.022539377212524414,0.003918170928955078,0.0,0.0,1,1,0.015588441935604243,0.002503577225347843,0.021402835845947266,0.0032122135162353516,35,4,-0.03674|-0.01275|-0.01036|0.0025,0.0025,4,1
1000,78,26,34,1.1842378929335003e-16,0.0,0.0,0.02335834503173828,0.005522012710571289,0.0,0.0,1,1,0.002227136206380474,0.002227136206380474,0.022775650024414062,0.003479480743408203,35,6,-0.00223,-0.00223,1,1
1000,79,33,30,0.0,0.0,0.0,0.025328874588012695,0.0037250518798828125,0.0,0.0,1,1,0.02550765374920657,0.01621966821960138,0.022658586502075195,0.003164052963256836,35,2,-0.0348|-0.01622,-0.01622,2,1
1000,80,17,9,0.0,0.0,0.0,0.02006053924560547,0.0033876895904541016,0.0,0.0,1,1,0.004663981974890433,0.007910399273703858,0.020429372787475586,0.003238201141357422,35,2,-0.00791|0.00142,-0.00791,2,1
1000,81,27,9,0.0,0.0,0.0,0.02758479118347168,0.0034134387969970703,0.0,0.0,1,1,0.02872263989770856,0.02872263989770856,0.019429922103881836,0.0026383399963378906,35,2,0.02872,0.02872,1,1
1000,82,6,26,1.0,0.5,0.5,0.03197121620178223,0.006919145584106445,0.0|1.0,0.0|1.0,2,2,0.5402968697419898,0.5402968697419898,0.022954225540161133,0.006814718246459961,35,5,-0.07102|1.00957,-0.07102|1.00957,2,2
1000,83,36,37,-2.1330109026223246e-16,0.0,0.0,0.02875065803527832,0.007886886596679688,-0.0,-0.0,1,1,0.14140634608469277,0.14140634608469277,0.021358251571655273,0.006796360015869141,35,14,-0.14141,-0.14141,1,1
1000,84,35,9,0.0,0.0,0.0,0.025208711624145508,0.007304191589355469,0.0,0.0,1,1,0.02609073484303086,0.02609073484303086,0.019765615463256836,0.006165742874145508,35,9,-0.02609,-0.02609,1,1
1000,85,12,39,0.0,0.0,0.0,0.024308204650878906,0.0036995410919189453,0.0,0.0,1,1,0.009507127861129915,0.012277099686428204,0.018870830535888672,0.003286123275756836,35,4,-0.01228|0.00674,-0.01228,2,1
1000,86,21,11,0.0,0.0,0.0,0.02747201919555664,0.0035228729248046875,0.0,0.0,1,1,0.02185524443779891,0.02153039249229232,0.021759986877441406,0.0032820701599121094,35,2,-0.02218|-0.02153,-0.02153,2,1
1000,87,33,12,0.0,0.16666666666666666,0.16666666666666666,0.02698230743408203,0.005383729934692383,0.0|0.33333,0.0|0.33333,2,2,0.1731643073813439,0.1731643073813439,0.020442724227905273,0.004992961883544922,35,3,0.00559|0.34074,0.00559|0.34074,2,2
1000,88,9,39,0.0,0.0,0.0,0.02563190460205078,0.004545927047729492,0.0,0.0,1,1,0.02628339381462028,0.009406637795497165,0.023975849151611328,0.0031931400299072266,35,4,0.00941|0.04316,0.00941,2,1
1000,89,22,6,0.0,0.0,0.0,0.030682086944580078,0.005467653274536133,0.0,0.0,1,1,0.05271081130683483,0.031159851717518283,0.025322437286376953,0.005375385284423828,35,4,0.03116|0.07426,0.03116,2,1
1000,90,12,24,0.0,0.0,0.0,0.02029728889465332,0.0037987232208251953,0.0,0.0,1,1,0.10669177447368725,0.05706615471329231,0.02561354637145996,0.0035266876220703125,35,4,-0.15632|-0.05707,-0.05707,2,1
1000,91,28,34,0.0,0.0,0.0,0.01845574378967285,0.0039746761322021484,0.0,0.0,1,1,0.010452372164029368,0.0031953483318550384,0.0276947021484375,0.003215312957763672,35,4,-0.01771|0.0032,0.0032,2,1
1000,92,23,36,0.0,0.0,0.0,0.022307395935058594,0.007965326309204102,0.0,0.0,1,1,0.06683848127756539,0.06683848127756539,0.031625986099243164,0.007020473480224609,35,10,-0.06684,-0.06684,1,1
1000,93,30,33,0.0,0.0,0.0,0.02295994758605957,0.0033812522888183594,0.0,0.0,1,1,0.009068191485712852,0.008534882237198891,0.029822587966918945,0.002552509307861328,35,2,-0.0096|0.00853,0.00853,2,1
1000,94,36,14,0.0,0.0,0.0,0.02311086654663086,0.008876323699951172,0.0,0.0,1,1,0.028715772326446027,0.028715772326446027,0.0283811092376709,0.008824586868286133,35,8,0.02872,0.02872,1,1
1000,95,12,7,0.0,0.0,0.0,0.022657394409179688,0.005349874496459961,0.0,0.0,1,1,0.0015591443626117257,0.0014926675859742156,0.031021833419799805,0.003192901611328125,35,2,0.00149|0.00163,0.00149,2,1
1000,96,2,8,0.0,0.0,0.0,0.02166008949279785,0.0033769607543945312,0.0,0.0,1,1,0.049479458907340186,0.026040853484544078,0.03191566467285156,0.003054380416870117,35,2,-0.07292|-0.02604,-0.02604,2,1
1000,97,19,11,0.0,0.0,0.0,0.02342700958251953,0.0033032894134521484,0.0,0.0,1,1,0.007261159813446446,0.007261159813446446,0.020419597625732422,0.0032215118408203125,35,2,-0.00726,-0.00726,1,1
1000,98,30,19,0.0,0.0,0.0,0.024539709091186523,0.003921031951904297,0.0,0.0,1,1,0.018229181908699234,0.005116968753954683,0.024567127227783203,0.0034897327423095703,35,2,-0.03134|-0.00512,-0.00512,2,1
1000,99,35,10,0.0,0.0,0.0,0.021891117095947266,0.006421089172363281,0.0,0.0,1,1,0.04067899836612332,0.04067899836612332,0.020820140838623047,0.004670858383178711,35,9,-0.04068,-0.04068,1,1
2500,0,9,2,0.0,0.0,0.0,0.021131515502929688,0.0033583641052246094,0.0,0.0,1,1,0.04324502023517552,0.023745205352490223,0.023208141326904297,0.0025453567504882812,35,2,0.02375|0.06274,0.02375,2,1
2500,1,19,2,0.0,0.0,0.0,0.024304866790771484,0.006767988204956055,0.0,0.0,1,1,0.006427001014444917,0.006427001014444917,0.0735929012298584,0.004315376281738281,35,2,-0.00643,-0.00643,1,1
2500,2,11,31,0.0,0.0,0.0,0.05659914016723633,0.006819248199462891,0.0,0.0,1,1,0.003013618143519136,0.003013618143519136,0.036348819732666016,0.003972291946411133,35,2,-0.00301,-0.00301,1,1
2500,3,5,11,0.0,0.0,0.0,0.037592411041259766,0.004698753356933594,0.0,0.0,1,1,0.014536335232382383,0.0003003727423856558,0.025331735610961914,0.0035889148712158203,35,2,0.0003|0.0144|0.02891,0.0003,3,1
2500,4,7,17,0.0,0.0,0.0,0.038152217864990234,0.0033440589904785156,0.0,0.0,1,1,0.012801704749288892,0.009755207234360757,0.02282547950744629,0.002691030502319336,35,2,-0.01585|-0.00976,-0.00976,2,1
2500,5,14,30,0.0,0.0,0.0,0.031055688858032227,0.0037741661071777344,0.0,0.0,1,1,0.0029924769260024123,0.0029924769260024123,0.022105693817138672,0.002673625946044922,35,2,0.00299,0.00299,1,1
2500,6,31,23,0.0,0.0,0.0,0.019191741943359375,0.0039615631103515625,0.0,0.0,1,1,0.015300330899019023,0.0028303440638945956,0.02962327003479004,0.0037682056427001953,35,4,-0.02777|-0.00283,-0.00283,2,1
2500,7,24,40,0.0,0.0,0.0,0.020649194717407227,0.004572629928588867,0.0,0.0,1,1,0.022263064004151283,0.022263064004151283,0.027377843856811523,0.0036704540252685547,35,7,-0.02226,-0.02226,1,1
2500,8,29,12,0.0,0.0,0.0,0.024020671844482422,0.004173755645751953,0.0,0.0,1,1,0.028050919366178123,0.028050919366178123,0.027095317840576172,0.003548145294189453,35,5,0.02805,0.02805,1,1
2500,9,33,1,0.0,0.0,0.0,0.024194002151489258,0.004138946533203125,0.0,0.0,1,1,0.012403578077498393,0.0032070126814961425,0.030824899673461914,0.0032160282135009766,35,2,0.00321|0.0216,0.00321,2,1
2500,10,23,22,0.0,0.0,0.0,0.02289748191833496,0.004319906234741211,0.0,0.0,1,1,0.0030762611687081103,0.0030762611687081103,0.02934122085571289,0.0032482147216796875,35,4,-0.00308,-0.00308,1,1
2500,11,5,31,0.0,0.0,0.0,0.019528627395629883,0.009513139724731445,0.0,0.0,1,1,0.026170463498990947,0.012204600481053707,0.02081131935119629,0.0032079219818115234,35,2,-0.05135|-0.01496|-0.0122,-0.0122,3,1
2500,12,30,27,0.0,0.0,0.0,0.019371747970581055,0.003935098648071289,0.0,0.0,1,1,0.008515869775934744,0.005082392739737863,0.019816160202026367,0.0026683807373046875,35,2,0.00508|0.01195,0.00508,2,1
2500,13,8,7,0.0,0.0,0.0,0.02191925048828125,0.003683805465698242,0.0,0.0,1,1,0.015039526045341091,0.012179262743873502,0.0255429744720459,0.002574920654296875,35,2,-0.01843|-0.01451|-0.01218,-0.01218,3,1
2500,14,29,9,0.0,0.0,0.0,0.02148723602294922,0.006194114685058594,0.0,0.0,1,1,0.011667861926087557,0.011667861926087557,0.0235140323638916,0.00509190559387207,35,5,-0.01167,-0.01167,1,1
2500,15,7,5,0.0,0.0,0.0,0.0193936824798584,0.0035419464111328125,0.0,0.0,1,1,0.006759466962406197,0.006889344079485981,0.019615888595581055,0.002591848373413086,35,2,-0.00689|-0.00663,-0.00689,2,1
2500,16,6,31,0.0,0.0,0.0,0.021844863891601562,0.0038890838623046875,0.0,0.0,1,1,0.015271967428307848,0.014993675694821145,0.02057194709777832,0.003411531448364258,35,4,0.01499|0.01555,0.01499,2,1
2500,17,13,8,0.0,0.0,0.0,0.037577152252197266,0.005970478057861328,0.0,0.0,1,1,0.002723195992963861,0.0011968935250672322,0.022700786590576172,0.0033500194549560547,35,2,-0.0012|0.00425,-0.0012,2,1
2500,18,24,5,0.0,0.0,0.0,0.034150123596191406,0.0037851333618164062,0.0,0.0,1,1,0.0017223755361635963,0.0017223755361635963,0.02103567123413086,0.003154754638671875,35,4,-0.00172,-0.00172,1,1
2500,19,9,26,0.0,0.0,0.0,0.031085491180419922,0.004667758941650391,0.0,0.0,1,1,0.03075890617697366,0.022665229892884258,0.022116422653198242,0.0037772655487060547,35,5,-0.03885|-0.02267,-0.02267,2,1
2500,20,22,11,0.0,0.0,0.0,0.026669979095458984,0.0032117366790771484,0.0,0.0,1,1,0.005682036599710989,0.0014233642699069645,0.020053625106811523,0.0025348663330078125,35,2,-0.00994|-0.00142,-0.00142,2,1
2500,21,9,11,0.0,0.0,0.0,0.027662992477416992,0.0032978057861328125,0.0,0.0,1,1,0.014512979391270765,0.009148291171414297,0.03020644187927246,0.004308462142944336,35,2,0.00915|0.01988,0.00915,2,1
2500,22,29,12,0.0,0.0,0.0,0.02089691162109375,0.004557609558105469,0.0,0.0,1,1,0.04724406363071795,0.04724406363071795,0.031013011932373047,0.0034856796264648438,35,5,0.04724,0.04724,1,1
2500,23,28,18,0.0,0.0,0.0,0.02187657356262207,0.004187583923339844,0.0,0.0,1,1,0.0025686997830021464,0.0006658481575502011,0.02818012237548828,0.004088878631591797,35,4,-0.00067|0.00447,-0.00067,2,1
2500,24,8,24,0.0,0.0,0.0,0.024742841720581055,0.004759311676025391,0.0,0.0,1,1,0.026917379249616142,0.009364966246704607,0.03185439109802246,0.0037865638732910156,35,4,0.00936|0.03005|0.04134,0.00936,3,1
2500,25,32,30,0.0,0.0,0.0,0.021539926528930664,0.004843950271606445,0.0,0.0,1,1,0.0006967181447405881,0.0006967181447405881,0.02751946449279785,0.0033042430877685547,35,4,-0.0007,-0.0007,1,1
2500,26,31,17,0.0,0.0,0.0,0.021587848663330078,0.010753631591796875,0.0,0.0,1,1,0.024436167305809164,0.008779879306720553,0.021135330200195312,0.0033440589904785156,35,2,0.00878|0.04009,0.00878,2,1
2500,27,8,21,0.0,0.0,0.0,0.0242156982421875,0.0037004947662353516,0.0,0.0,1,1,0.021732527598157525,0.009696063221169528,0.02580094337463379,0.0037064552307128906,35,2,0.0097|0.02014|0.03536,0.0097,3,1
2500,28,33,28,0.0,0.0,0.0,0.020973682403564453,0.003899097442626953,0.0,0.0,1,1,0.002686641704806896,0.003466350499817777,0.02025747299194336,0.003885984420776367,35,2,-0.00347|-0.00191,-0.00347,2,1
2500,29,24,16,0.0,0.0,0.0,0.021260499954223633,0.003996610641479492,0.0,0.0,1,1,0.028490846160535595,0.028490846160535595,0.0215301513671875,0.0030984878540039062,35,4,0.02849,0.02849,1,1
2500,30,32,18,0.0,0.0,0.0,0.0251615047454834,0.006721019744873047,0.0,0.0,1,1,0.009838710986353884,0.009838710986353884,0.024263858795166016,0.00815582275390625,35,6,-0.00984,-0.00984,1,1
2500,31,33,22,0.0,0.0,0.0,0.020322084426879883,0.003255128860473633,0.0,0.0,1,1,0.013080522748678203,0.00671449744598136,0.022676467895507812,0.002543926239013672,35,2,-0.01945|-0.00671,-0.00671,2,1
2500,32,34,21,0.0,0.0,0.0,0.028152942657470703,0.005407810211181641,0.0,0.0,1,1,0.0519005104221914,0.0519005104221914,0.02428460121154785,0.005771160125732422,35,4,-0.0519,-0.0519,1,1
2500,33,1,32,0.0,0.0,0.0,0.03480792045593262,0.004807233810424805,0.0,0.0,1,1,0.015481073448774899,0.015481073448774899,0.024860620498657227,0.003617525100708008,35,4,0.01548,0.01548,1,1
2500,34,40,29,0.0,0.0,0.0,0.029012441635131836,0.004459857940673828,0.0,0.0,1,1,0.0015715712660073322,0.0015715712660073322,0.019289493560791016,0.0035796165466308594,35,7,-0.00157,-0.00157,1,1
2500,35,16,10,0.0,0.0,0.0,0.030297517776489258,0.0035238265991210938,0.0,0.0,1,1,0.021864845425466413,0.007497336847702648,0.019665241241455078,0.0026826858520507812,35,2,0.0075|0.01816|0.02747|0.03433,0.0075,4,1
2500,36,2,28,0.0,0.0,0.0,0.03266334533691406,0.0037276744842529297,0.0,0.0,1,1,0.041408590656323345,0.022687161606777695,0.02179694175720215,0.002858877182006836,35,2,-0.06013|-0.02269,-0.02269,2,1
2500,37,34,7,0.0,0.0,0.0,0.026730775833129883,0.0040950775146484375,0.0,0.0,1,1,0.029414511683645256,0.029414511683645256,0.0217282772064209,0.0037119388580322266,35,4,-0.02941,-0.02941,1,1
2500,38,27,39,0.0,0.0,0.0,0.02157735824584961,0.004847526550292969,0.0,0.0,1,1,0.009204692982272975,0.009204692982272975,0.03257012367248535,0.0033767223358154297,35,4,-0.0092,-0.0092,1,1
2500,39,27,12,0.0,0.0,0.0,0.022196531295776367,0.0035965442657470703,0.0,0.0,1,1,0.0020055759160088997,0.0020055759160088997,0.03131747245788574,0.002918243408203125,35,2,-0.00201,-0.00201,1,1
2500,40,40,13,0.0,0.0,0.0,0.021036863327026367,0.0042324066162109375,0.0,0.0,1,1,0.01920950411253245,0.01920950411253245,0.02785348892211914,0.003370523452758789,35,5,0.01921,0.01921,1,1
2500,41,10,28,0.0,0.0,0.0,0.01941394805908203,0.0034716129302978516,0.0,0.0,1,1,0.003183360420837234,0.003183360420837234,0.028499364852905273,0.003191709518432617,35,2,-0.00318,-0.00318,1,1
2500,42,37,1,2.3363946659995853e-17,0.0,0.0,0.020926952362060547,0.016023874282836914,0.0,0.0,1,1,0.022058603049468342,0.022058603049468342,0.02239084243774414,0.008239507675170898,35,11,-0.02206,-0.02206,1,1
2500,43,3,36,0.0,0.0,0.0,0.025117874145507812,0.013297080993652344,0.0,0.0,1,1,0.03837483304716917,0.01200658967023652,0.021064281463623047,0.00907278060913086,35,8,-0.06474|-0.01201,-0.01201,2,1
2500,44,21,32,0.0,0.0,0.0,0.02611255645751953,0.005121469497680664,0.0,0.0,1,1,0.0335726341603074,0.011858724607461537,0.02270364761352539,0.003972768783569336,35,4,0.01186|0.05529,0.01186,2,1
2500,45,19,18,0.0,0.0,0.0,0.02367424964904785,0.005033969879150391,0.0,0.0,1,1,0.016490288881687163,0.016490288881687163,0.02422499656677246,0.0035047531127929688,35,4,0.01649,0.01649,1,1
2500,46,30,18,0.0,0.0,0.0,0.02246260643005371,0.0041961669921875,0.0,0.0,1,1,0.003484960108053616,0.004326890883783256,0.02333378791809082,0.0038781166076660156,35,4,0.00264|0.00433,0.00433,2,1
2500,47,27,12,0.0,0.0,0.0,0.022213220596313477,0.003528118133544922,0.0,0.0,1,1,0.0024315824013826184,0.0024315824013826184,0.020505666732788086,0.0028467178344726562,35,2,-0.00243,-0.00243,1,1
2500,48,18,27,0.0,0.0,0.0,0.029372453689575195,0.004754781723022461,0.0,0.0,1,1,0.03764612346204922,0.037350270711975345,0.021725177764892578,0.004137992858886719,35,4,0.03735|0.03794,0.03735,2,1
2500,49,16,22,0.0,0.0,0.0,0.028815746307373047,0.004029750823974609,0.0,0.0,1,1,0.015458813760083005,0.0010801978680839788,0.020986557006835938,0.002596616744995117,35,2,-0.01795|0.00108|0.01452|0.02828,0.00108,4,1
2500,50,22,24,0.0,0.0,0.0,0.029410600662231445,0.007844686508178711,0.0,0.0,1,1,0.005867367110143338,0.0016579584015876212,0.02266073226928711,0.003293275833129883,35,4,-0.01008|-0.00166,-0.00166,2,1
2500,51,1,17,0.0,0.0,0.0,0.04149174690246582,0.004175424575805664,0.0,0.0,1,1,0.008471875629422967,0.008471875629422967,0.029432058334350586,0.003319978713989258,35,2,-0.00847,-0.00847,1,1
2500,52,29,12,0.0,0.0,0.0,0.029415607452392578,0.005186319351196289,0.0,0.0,1,1,0.06063754425821392,0.06063754425821392,0.022057771682739258,0.005440235137939453,35,5,-0.06064,-0.06064,1,1
2500,53,17,2,0.0,0.16666666666666666,0.16666666666666666,0.03056502342224121,0.01424098014831543,0.0|0.33333,0.0|0.33333,2,2,0.187193927807063,0.187193927807063,0.04998135566711426,0.014582395553588867,35,3,0.03447|0.33992,0.03447|0.33992,2,2
2500,54,16,24,0.0,0.0,0.0,0.04098224639892578,0.005361080169677734,0.0,0.0,1,1,0.013003305796562427,0.005647571677478462,0.03824472427368164,0.004528045654296875,35,4,-0.00904|-0.0073|0.00565|0.03002,0.00565,4,1
2500,55,33,30,0.0,0.0,0.0,0.03542494773864746,0.005913496017456055,0.0,0.0,1,1,0.012810968471441529,0.003131340390247378,0.04914665222167969,0.0054035186767578125,35,2,-0.02249|-0.00313,-0.00313,2,1
2500,56,31,23,0.0,0.0,0.0,0.03530287742614746,0.00492095947265625,0.0,0.0,1,1,0.006166434799153532,0.0033675531990940135,0.036377906799316406,0.005177021026611328,35,4,-0.00897|-0.00337,-0.00337,2,1
2500,57,10,5,0.0,0.0,0.0,0.02617621421813965,0.0037009716033935547,0.0,0.0,1,1,0.033930319789679586,0.033930319789679586,0.04125499725341797,0.003007173538208008,35,2,0.03393,0.03393,1,1
2500,58,21,7,0.0,0.0,0.0,0.023387432098388672,0.003637075424194336,0.0,0.0,1,1,0.012827516599669238,0.014019593877025817,0.04088854789733887,0.0066912174224853516,35,2,-0.01402|-0.01164,-0.01402,2,1
2500,59,16,10,0.0,0.0,0.0,0.0328211784362793,0.004726409912109375,0.0,0.0,1,1,0.009045669085783678,0.0016655204593830541,0.04468894004821777,0.003898143768310547,35,2,-0.02004|-0.00798|-0.00167|0.00649,-0.00167,4,1
2500,60,11,5,0.0,0.0,0.0,0.035726070404052734,0.023981332778930664,0.0,0.0,1,1,0.016982569847647205,0.016982569847647205,0.030497074127197266,0.0065822601318359375,35,2,-0.01698,-0.01698,1,1
2500,61,14,30,0.0,0.0,0.0,0.033371686935424805,0.004500627517700195,0.0,0.0,1,1,0.0035544111505267763,0.0035544111505267763,0.03279590606689453,0.0038368701934814453,35,2,0.00355,0.00355,1,1
2500,62,6,28,0.0,0.0,0.0,0.05588030815124512,0.006994724273681641,0.0,0.0,1,1,0.028107372434198218,0.03289821333454301,0.03954768180847168,0.00683283805847168,35,4,-0.0329|-0.02332,-0.0329,2,1
2500,63,33,6,0.0,0.0,0.0,0.03876161575317383,0.009287357330322266,0.0,0.0,1,1,0.008718330971720138,0.0023566130196351434,0.0459597110748291,0.00975179672241211,35,4,-0.01508|-0.00236,-0.00236,2,1
2500,64,8,36,0.0,0.0,0.0,0.05847048759460449,0.01363062858581543,0.0,0.0,1,1,0.02480469163461208,0.008484787085379406,0.04866147041320801,0.01351785659790039,35,8,-0.04889|-0.01704|-0.00848,-0.00848,3,1
2500,65,22,11,0.0,0.0,0.0,0.05439424514770508,0.0062220096588134766,0.0,0.0,1,1,0.017255419724608978,0.00866070544588135,0.05197334289550781,0.0064432621002197266,35,2,0.00866|0.02585,0.00866,2,1
2500,66,18,21,0.0,0.0,0.0,0.046846866607666016,0.008974790573120117,0.0,0.0,1,1,0.030156574684875183,0.02823600594550658,0.03711533546447754,0.0055921077728271484,35,4,-0.03208|-0.02824,-0.02824,2,1
2500,67,19,7,0.0,0.0,0.0,0.05684351921081543,0.010077238082885742,0.0,0.0,1,1,0.01518604758092015,0.01518604758092015,0.03873896598815918,0.00979757308959961,35,2,0.01519,0.01519,1,1
2500,68,7,8,0.0,0.0,0.0,0.07197189331054688,0.007378101348876953,0.0,0.0,1,1,0.04071669775577242,0.019680249516692977,0.04091691970825195,0.006656169891357422,35,2,-0.06175|-0.01968,-0.01968,2,1
2500,69,32,12,0.0,0.0,0.0,0.06389093399047852,0.005190134048461914,0.0,0.0,1,1,0.013043912667404525,0.013043912667404525,0.04174447059631348,0.0043048858642578125,35,4,0.01304,0.01304,1,1
2500,70,7,29,0.0,0.0,0.0,0.04794573783874512,0.0068089962005615234,0.0,0.0,1,1,0.011717220799607714,0.010950155214651989,0.0686948299407959,0.010812997817993164,35,5,0.01095|0.01248,0.01095,2,1
2500,71,12,35,0.0,0.0,0.0,0.053984642028808594,0.01503610610961914,0.0,0.0,1,1,0.011820286152968543,0.01093699816321723,0.06883049011230469,0.015264272689819336,35,9,0.01094|0.0127,0.01094,2,1
2500,72,16,10,0.0,0.0,0.0,0.038729190826416016,0.00580286979675293,0.0,0.0,1,1,0.019174327242612303,0.001189791929715254,0.061248064041137695,0.004968404769897461,35,2,-0.03243|0.00119|0.01634|0.02674,0.00119,4,1
2500,73,17,33,0.0,0.0,0.0,0.029969215393066406,0.004316806793212891,0.0,0.0,1,1,0.008976750700130192,0.0001716360397284463,0.05491065979003906,0.004365682601928711,35,2,-0.01778|-0.00017,-0.00017,2,1
2500,74,14,26,0.0,0.0,0.0,0.0347597599029541,0.0070040225982666016,0.0,0.0,1,1,0.005291928722776981,0.005291928722776981,0.05091524124145508,0.009528636932373047,35,5,-0.00529,-0.00529,1,1
2500,75,26,17,1.1842378929335003e-16,0.0,0.0,0.031087398529052734,0.020917177200317383,0.0,0.0,1,1,0.0008456827012019465,0.0008456827012019465,0.062148332595825195,0.015608787536621094,35,5,-0.00085,-0.00085,1,1
2500,76,12,39,0.0,0.0,0.0,0.04256606101989746,0.012277603149414062,0.0,0.0,1,1,0.0027537633810263153,0.004286559826400281,0.05594968795776367,0.007642984390258789,35,4,-0.00429|0.00122,-0.00429,2,1
2500,77,23,26,0.0,0.0,0.0,0.044518232345581055,0.009155511856079102,0.0,0.0,1,1,0.02859830254255058,0.02859830254255058,0.056642770767211914,0.0229036808013916,35,7,-0.0286,-0.0286,1,1
2500,78,23,18,0.0,0.0,0.0,0.045949459075927734,0.011878490447998047,0.0,0.0,1,1,0.011348244644896114,0.011348244644896114,0.04490256309509277,0.0052530765533447266,35,6,-0.01135,-0.01135,1,1
2500,79,10,6,0.0,0.0,0.0,0.03951072692871094,0.010351181030273438,0.0,0.0,1,1,0.012552606071130096,0.012552606071130096,0.03589463233947754,0.008046150207519531,35,4,0.01255,0.01255,1,1
2500,80,11,8,0.0,0.0,0.0,0.03464818000793457,0.006787300109863281,0.0,0.0,1,1,0.0004503725306093811,0.0004503725306093811,0.03292679786682129,0.009647130966186523,35,2,-0.00045,-0.00045,1,1
2500,81,7,6,0.0,0.0,0.0,0.045562744140625,0.011103391647338867,0.0,0.0,1,1,0.03497792332192593,0.021043149625892734,0.052062273025512695,0.009556055068969727,35,4,0.02104|0.04891,0.02104,2,1
2500,82,39,28,0.0,0.0,0.0,0.03495192527770996,0.008005380630493164,0.0,0.0,1,1,0.025304234236226075,0.025304234236226075,0.03880667686462402,0.011256933212280273,35,4,0.0253,0.0253,1,1
2500,83,39,37,1.1102230246251565e-16,0.0,0.0,0.16014933586120605,0.010677814483642578,0.0,0.0,1,1,0.025160190142568182,0.025160190142568182,0.04202866554260254,0.013490915298461914,35,14,-0.02516,-0.02516,1,1
2500,84,14,32,0.0,0.0,0.0,0.03649783134460449,0.008217334747314453,0.0,0.0,1,1,0.0036208648521397235,0.0036208648521397235,0.035588741302490234,0.0044596195220947266,35,4,-0.00362,-0.00362,1,1
2500,85,1,3,0.0,0.0,0.0,0.04311776161193848,0.004372358322143555,0.0,0.0,1,1,0.013833056067016939,0.013833056067016939,0.03608393669128418,0.0038809776306152344,35,2,-0.01383,-0.01383,1,1
2500,86,16,5,0.0,0.0,0.0,0.05362892150878906,0.005675077438354492,0.0,0.0,1,1,0.01648207825761594,0.001213037883988588,0.043410301208496094,0.004528522491455078,35,2,-0.00817|0.00121|0.02783|0.02871,0.00121,4,1
2500,87,11,35,0.0,0.0,0.0,0.04540443420410156,0.012830734252929688,0.0,0.0,1,1,0.017488572377550395,0.017488572377550395,0.03694868087768555,0.009421348571777344,35,9,0.01749,0.01749,1,1
2500,88,18,34,0.0,0.0,0.0,0.05300498008728027,0.010404109954833984,0.0,0.0,1,1,0.06581962543659914,0.048462798997112845,0.04498457908630371,0.010229825973510742,35,5,0.04846|0.08318,0.04846,2,1
2500,89,13,19,0.0,0.0,0.0,0.04970979690551758,0.0047380924224853516,0.0,0.0,1,1,0.005995996748729718,0.00704313316888042,0.05973362922668457,0.00420069694519043,35,2,0.00495|0.00704,0.00704,2,1
2500,90,17,6,0.0,0.3333333333333333,0.3333333333333333,0.0606231689453125,0.012492656707763672,0.0|0.66667,0.0|0.66667,2,2,0.3708721353724199,0.3708721353724199,0.05842232704162598,0.01074528694152832,35,4,0.06694|0.6748,0.06694|0.6748,2,2
2500,91,18,34,0.0,0.0,0.0,0.031070709228515625,0.008828401565551758,0.0,0.0,1,1,0.05443081995321125,0.058728136411681266,0.05962538719177246,0.012965917587280273,35,5,0.05013|0.05873,0.05873,2,1
2500,92,5,26,2.0,0.0,0.0,0.05753040313720703,0.009222745895385742,2.0,2.0,1,1,0.018661476640891312,0.014336234419267013,0.05439639091491699,0.005268573760986328,35,4,1.97745|1.98091|1.98566,1.98566,3,1
2500,93,33,36,0.0,0.6666666666666666,0.6666666666666666,0.052649736404418945,0.015403032302856445,0.0|1.33333,0.0|1.33333,2,2,0.6802039178349274,0.6802039178349274,0.051863670349121094,0.011222124099731445,35,8,0.03585|1.32456,0.03585|1.32456,2,2
2500,94,40,24,0.0,0.0,0.0,0.0464167594909668,0.009193658828735352,0.0,0.0,1,1,0.015028253698814921,0.015028253698814921,0.04152178764343262,0.0044002532958984375,35,7,0.01503,0.01503,1,1
2500,95,40,31,0.0,0.0,0.0,0.036473751068115234,0.007040262222290039,0.0,0.0,1,1,0.006802877336085996,0.006802877336085996,0.05065751075744629,0.00528717041015625,35,5,0.0068,0.0068,1,1
2500,96,10,5,0.0,0.0,0.0,0.05783653259277344,0.007039070129394531,0.0,0.0,1,1,0.0027390058873749293,0.0027390058873749293,0.03641986846923828,0.014327287673950195,35,2,0.00274,0.00274,1,1
2500,97,24,12,0.0,0.0,0.0,0.03604316711425781,0.006682157516479492,0.0,0.0,1,1,0.013404202128371265,0.013404202128371265,0.03312110900878906,0.004665851593017578,35,4,0.0134,0.0134,1,1
2500,98,28,33,0.0,0.0,0.0,0.03578519821166992,0.008974313735961914,0.0,0.0,1,1,0.008873615759395501,0.0019520903782557948,0.03778481483459473,0.008962154388427734,35,2,-0.0158|-0.00195,-0.00195,2,1
2500,99,12,35,0.0,0.0,0.0,0.03827857971191406,0.006246089935302734,0.0,0.0,1,1,0.006878366917677799,0.004413335450735979,0.027220726013183594,0.005233287811279297,35,9,-0.00934|-0.00441,-0.00441,2,1
5000,0,9,10,0.0,0.0,0.0,0.026097774505615234,0.009401082992553711,0.0,0.0,1,1,0.031153217435724086,0.015840877171967117,0.03027486801147461,0.003155231475830078,35,2,0.01584|0.04647,0.01584,2,1
5000,1,7,17,0.0,0.0,0.0,0.04049563407897949,0.004457235336303711,0.0,0.0,1,1,0.023689330878106988,0.015321515512041806,0.03535652160644531,0.0037271976470947266,35,2,0.01532|0.03206,0.01532,2,1
5000,2,5,13,0.0,0.0,0.0,0.03707599639892578,0.004027366638183594,0.0,0.0,1,1,0.03204420063920641,0.013672821477290402,0.02634906768798828,0.0031523704528808594,35,2,0.01367|0.03113|0.05133,0.01367,3,1
5000,3,37,3,-1.1895246692412394e-16,0.0,0.0,0.0399937629699707,0.010144472122192383,-0.0,-0.0,1,1,0.02804873801026609,0.02804873801026609,0.03202962875366211,0.009135007858276367,35,13,-0.02805,-0.02805,1,1
5000,4,32,28,0.0,0.0,0.0,0.039434194564819336,0.005334615707397461,0.0,0.0,1,1,0.009719791424908279,0.009719791424908279,0.034806013107299805,0.006873369216918945,35,4,-0.00972,-0.00972,1,1
5000,5,32,31,0.0,0.0,0.0,0.050156354904174805,0.007750749588012695,0.0,0.0,1,1,0.006143105531576112,0.006143105531576112,0.03794574737548828,0.00687718391418457,35,4,0.00614,0.00614,1,1
5000,6,11,30,0.0,0.0,0.0,0.0555574893951416,0.003951311111450195,0.0,0.0,1,1,0.02200840237324819,0.02200840237324819,0.04575681686401367,0.007815361022949219,35,2,0.02201,0.02201,1,1
5000,7,26,40,5.921189464667501e-17,0.0,0.0,0.039154767990112305,0.009852886199951172,0.0,0.0,1,1,0.00891029741628617,0.00891029741628617,0.04043769836425781,0.004907131195068359,35,7,0.00891,0.00891,1,1
5000,8,12,7,0.0,0.0,0.0,0.02761673927307129,0.008183002471923828,0.0,0.0,1,1,0.0050719048216272804,0.003859702336086108,0.047776222229003906,0.007033586502075195,35,2,0.00386|0.00628,0.00386,2,1
5000,9,19,22,0.0,0.0,0.0,0.04168057441711426,0.007576704025268555,0.0,0.0,1,1,0.011089323961785144,0.011089323961785144,0.06540846824645996,0.003614187240600586,35,2,-0.01109,-0.01109,1,1
5000,10,6,9,0.0,0.0,0.0,0.024064064025878906,0.005086183547973633,0.0,0.0,1,1,0.01723644315570082,0.021349397274315403,0.03418684005737305,0.004580259323120117,35,4,-0.02135|-0.01312,-0.02135,2,1
5000,11,19,11,0.0,0.0,0.0,0.025172948837280273,0.008740425109863281,0.0,0.0,1,1,0.019576468317828933,0.019576468317828933,0.033875226974487305,0.003225088119506836,35,2,0.01958,0.01958,1,1
5000,12,8,37,1.0,0.3333333333333333,0.5,0.027043819427490234,0.017792701721191406,0.0|1.0,0.0|1.0,2,2,0.34297885758015245,0.5027793282985327,0.024863004684448242,0.009583234786987305,35,12,0.00136|0.97662|0.99308,0.00136|0.99308,3,2
5000,13,39,10,0.0,0.0,0.0,0.03382468223571777,0.0047800540924072266,0.0,0.0,1,1,0.02269585049989801,0.02269585049989801,0.02744746208190918,0.010848283767700195,35,4,-0.0227,-0.0227,1,1
5000,14,37,10,0.0,0.0,0.0,0.023523807525634766,0.015051603317260742,0.0,0.0,1,1,0.01423148785793613,0.01423148785793613,0.0426485538482666,0.016849517822265625,35,12,0.01423,0.01423,1,1
5000,15,39,23,0.0,0.0,0.0,0.05030202865600586,0.011173248291015625,0.0,0.0,1,1,0.003407411047655193,0.003407411047655193,0.04624485969543457,0.010509490966796875,35,6,0.00341,0.00341,1,1
5000,16,16,32,0.0,0.0,0.0,0.03356671333312988,0.011499166488647461,0.0,0.0,1,1,0.007536018297086468,0.0024761417305415112,0.03981304168701172,0.009114980697631836,35,4,-0.00513|0.00248|0.00301|0.01952,0.00248,4,1
5000,17,18,36,0.0,0.25,0.25,0.055977821350097656,0.01722097396850586,0.0|0.5,0.0|0.5,2,2,0.25427558484693363,0.25427558484693363,0.043274879455566406,0.023813724517822266,35,8,-0.08048|0.42807,-0.08048|0.42807,2,2
5000,18,40,32,0.0,0.0,0.0,0.03433585166931152,0.006050825119018555,0.0,0.0,1,1,0.031860616020896404,0.031860616020896404,0.03215384483337402,0.007816791534423828,35,6,-0.03186,-0.03186,1,1
5000,19,14,27,0.0,0.0,0.0,0.04671645164489746,0.010787487030029297,0.0,0.0,1,1,0.011714474818384923,0.011714474818384923,0.053517818450927734,0.009402990341186523,35,2,-0.01171,-0.01171,1,1
5000,20,32,37,0.0,0.0,0.0,0.03622150421142578,0.012137651443481445,0.0,0.0,1,1,0.03232344984653823,0.03232344984653823,0.025884151458740234,0.010100126266479492,35,14,-0.03232,-0.03232,1,1
5000,21,14,33,0.0,0.0,0.0,0.02921271324157715,0.008250951766967773,0.0,0.0,1,1,0.014968599995169085,0.014968599995169085,0.03418374061584473,0.007481575012207031,35,2,0.01497,0.01497,1,1
5000,22,10,26,0.0,0.0,0.0,0.05316662788391113,0.008803367614746094,0.0,0.0,1,1,0.018543175538990434,0.018543175538990434,0.03687644004821777,0.010343313217163086,35,5,0.01854,0.01854,1,1
5000,23,7,9,0.0,0.0,0.0,0.03472399711608887,0.0047304630279541016,0.0,0.0,1,1,0.004711790043010826,0.0015000321640214753,0.030489444732666016,0.0036945343017578125,35,2,-0.00792|0.0015,0.0015,2,1
5000,24,23,19,0.0,0.0,0.0,0.036046504974365234,0.009991645812988281,0.0,0.0,1,1,0.0024376040843139884,0.0024376040843139884,0.035845279693603516,0.0064809322357177734,35,4,-0.00244,-0.00244,1,1
5000,25,37,28,2.3363946659995853e-17,0.0,0.0,0.05176138877868652,0.019770383834838867,0.0,0.0,1,1,0.028272711068534087,0.028272711068534087,0.032070159912109375,0.023410558700561523,35,12,-0.02827,-0.02827,1,1
5000,26,8,10,0.0,0.0,0.0,0.07023477554321289,0.00826406478881836,0.0,0.0,1,1,0.007990655672388105,0.0011453166476968666,0.048119544982910156,0.007939815521240234,35,2,0.00115|0.00575|0.01708,0.00115,3,1
5000,27,14,27,0.0,0.0,0.0,0.04745769500732422,0.009751081466674805,0.0,0.0,1,1,0.0074419612144830975,0.0074419612144830975,0.03373265266418457,0.00638270378112793,35,2,0.00744,0.00744,1,1
5000,28,2,12,0.0,0.0,0.0,0.06877803802490234,0.003880023956298828,0.0,0.0,1,1,0.006657947936639077,0.0018154246687758413,0.046532392501831055,0.0058689117431640625,35,2,0.00182|0.0115,0.00182,2,1
5000,29,37,28,2.3363946659995853e-17,0.0,0.0,0.037731170654296875,0.012424707412719727,0.0,0.0,1,1,0.020067571151407667,0.020067571151407667,0.057254791259765625,0.013056039810180664,35,12,0.02007,0.02007,1,1
5000,30,1,24,0.0,0.0,0.0,0.0484616756439209,0.008213520050048828,0.0,0.0,1,1,0.001835221648474038,0.001835221648474038,0.04299020767211914,0.009633779525756836,35,4,-0.00184,-0.00184,1,1
5000,31,36,24,0.0,0.0,0.0,0.0372166633605957,0.012921810150146484,0.0,0.0,1,1,0.012190217925796182,0.012190217925796182,0.0527191162109375,0.018037796020507812,35,10,0.01219,0.01219,1,1
5000,32,39,24,0.0,0.0,0.0,0.05315709114074707,0.007405996322631836,0.0,0.0,1,1,0.021846991112037598,0.021846991112037598,0.06791114807128906,0.005246400833129883,35,6,-0.02185,-0.02185,1,1
5000,33,22,37,0.0,0.0,0.0,0.056006669998168945,0.013783454895019531,0.0,0.0,1,1,0.005047010718123846,0.004095228505004457,0.06248903274536133,0.010649442672729492,35,12,0.0041|0.006,0.0041,2,1
5000,34,2,40,0.0,0.0,0.0,0.04295182228088379,0.012166976928710938,0.0,0.0,1,1,0.014653871915769836,0.007451194035394238,0.05943918228149414,0.008612871170043945,35,5,0.00745|0.02186,0.00745,2,1
5000,35,3,2,0.0,0.0,0.0,0.049979448318481445,0.00486302375793457,0.0,0.0,1,1,0.030805710553103473,0.02059091457258315,0.051164865493774414,0.003824949264526367,35,2,0.02059|0.04102,0.02059,2,1
5000,36,31,32,0.0,0.0,0.0,0.04554629325866699,0.018631458282470703,0.0,0.0,1,1,0.004817067684990705,0.0006666546663565905,0.04289817810058594,0.0058672428131103516,35,4,0.00067|0.00897,0.00067,2,1
5000,37,33,36,0.0,0.6666666666666666,0.6666666666666666,0.03891158103942871,0.011615514755249023,0.0|1.33333,0.0|1.33333,2,2,0.6823092708537568,0.6823092708537568,0.03549671173095703,0.019714832305908203,35,8,0.04116|1.32346,0.04116|1.32346,2,2
5000,38,37,8,-2.3790493384824787e-16,0.0,0.0,0.04146575927734375,0.0149993896484375,-0.0,-0.0,1,1,0.014300774719415958,0.014300774719415958,0.04330921173095703,0.02013707160949707,35,12,-0.0143,-0.0143,1,1
5000,39,23,8,0.0,0.0,0.0,0.03788948059082031,0.006776332855224609,0.0,0.0,1,1,0.017872126362515364,0.017872126362515364,0.04258155822753906,0.005828380584716797,35,4,-0.01787,-0.01787,1,1
5000,40,40,29,0.0,0.0,0.0,0.0430600643157959,0.012024402618408203,0.0,0.0,1,1,0.014860215107211463,0.014860215107211463,0.03764700889587402,0.007810115814208984,35,7,0.01486,0.01486,1,1
5000,41,23,5,0.0,0.0,0.0,0.028922557830810547,0.0045773983001708984,0.0,0.0,1,1,0.01815539763042197,0.01815539763042197,0.029427766799926758,0.007341861724853516,35,4,0.01816,0.01816,1,1
5000,42,26,13,0.0,0.0,0.0,0.03222036361694336,0.005391836166381836,0.0,0.0,1,1,0.045323333041797594,0.045323333041797594,0.04213833808898926,0.00882267951965332,35,5,-0.04532,-0.04532,1,1
5000,43,17,24,0.0,0.0,0.0,0.053284645080566406,0.011226177215576172,0.0,0.0,1,1,0.010540865801216165,0.008435234964307557,0.04523515701293945,0.005455970764160156,35,4,0.00844|0.01265,0.00844,2,1
5000,44,24,37,0.0,0.0,0.0,0.05009174346923828,0.011642217636108398,0.0,0.0,1,1,0.007745142362769516,0.007745142362769516,0.033535003662109375,0.008819341659545898,35,14,0.00775,0.00775,1,1
5000,45,36,24,0.0,0.0,0.0,0.04129385948181152,0.010047197341918945,0.0,0.0,1,1,0.034732977734634095,0.034732977734634095,0.03291153907775879,0.009796142578125,35,10,0.03473,0.03473,1,1
5000,46,22,17,0.0,0.0,0.0,0.04109454154968262,0.004313945770263672,0.0,0.0,1,1,0.0039966641294214775,0.0007729510113704172,0.04912424087524414,0.0056803226470947266,35,2,-0.00722|-0.00077,-0.00077,2,1
5000,47,23,5,0.0,0.0,0.0,0.04414010047912598,0.005217075347900391,0.0,0.0,1,1,0.00869469375206159,0.00869469375206159,0.0440669059753418,0.011057138442993164,35,4,-0.00869,-0.00869,1,1
5000,48,21,24,0.0,0.0,0.0,0.05393075942993164,0.009450912475585938,0.0,0.0,1,1,0.011512319639199001,0.005640795783070225,0.03611421585083008,0.0053174495697021484,35,4,-0.01738|-0.00564,-0.00564,2,1
5000,49,9,18,0.0,0.0,0.0,0.05078530311584473,0.011049270629882812,0.0,0.0,1,1,0.003076844973017842,0.0013488762007853607,0.02785968780517578,0.009067296981811523,35,4,-0.00135|0.0048,-0.00135,2,1
5000,50,7,16,0.0,0.0,0.0,0.052199602127075195,0.0047228336334228516,0.0,0.0,1,1,0.020445049623961556,0.0069745186627735946,0.04349875450134277,0.003197908401489258,35,2,0.00697|0.03392,0.00697,2,1
5000,51,7,18,0.0,0.0,0.0,0.04197239875793457,0.011345386505126953,0.0,0.0,1,1,0.002809438099545967,0.0018193502315320329,0.04398036003112793,0.00600433349609375,35,4,0.00182|0.0038,0.00182,2,1
5000,52,29,12,0.0,0.0,0.0,0.03613543510437012,0.00819540023803711,0.0,0.0,1,1,0.010943001125536042,0.010943001125536042,0.04560494422912598,0.006325483322143555,35,5,-0.01094,-0.01094,1,1
5000,53,9,7,0.0,0.0,0.0,0.0337672233581543,0.007854223251342773,0.0,0.0,1,1,0.006083050090998715,0.001511213611391413,0.05278491973876953,0.0036704540252685547,35,2,-0.01065|0.00151,0.00151,2,1
5000,54,27,36,0.0,0.0,0.0,0.035347938537597656,0.016726970672607422,0.0,0.0,1,1,0.00842986094744667,0.00842986094744667,0.04771780967712402,0.010196447372436523,35,8,0.00843,0.00843,1,1
5000,55,19,13,0.0,0.0,0.0,0.027519702911376953,0.009115219116210938,0.0,0.0,1,1,0.005113515808536482,0.005113515808536482,0.054642438888549805,0.004872798919677734,35,2,-0.00511,-0.00511,1,1
5000,56,7,21,0.0,0.0,0.0,0.05011177062988281,0.004590511322021484,0.0,0.0,1,1,0.026125296734983827,0.007142045409450721,0.045496225357055664,0.004652500152587891,35,2,-0.04511|-0.00714,-0.00714,2,1
5000,57,26,36,1.0658141036401502e-15,0.0,0.0,0.02720499038696289,0.028338909149169922,0.0,0.0,1,1,0.02611953328437669,0.02611953328437669,0.02458333969116211,0.011208534240722656,35,9,-0.02612,-0.02612,1,1
5000,58,24,7,0.0,0.0,0.0,0.03357958793640137,0.013758420944213867,0.0,0.0,1,1,0.016959034345804987,0.016959034345804987,0.04837632179260254,0.011442422866821289,35,4,-0.01696,-0.01696,1,1
5000,59,37,8,-2.3790493384824787e-16,0.0,0.0,0.04012036323547363,0.023458242416381836,-0.0,-0.0,1,1,0.030718236750170755,0.030718236750170755,0.028410673141479492,0.015384197235107422,35,12,-0.03072,-0.03072,1,1
5000,60,11,2,0.0,0.0,0.0,0.0368804931640625,0.003794431686401367,0.0,0.0,1,1,0.003481527279813985,0.003481527279813985,0.03969383239746094,0.016017913818359375,35,2,0.00348,0.00348,1,1
5000,61,3,35,0.0,0.0,0.0,0.04655194282531738,0.008965730667114258,0.0,0.0,1,1,0.03561631667694317,0.01866845831174487,0.030246496200561523,0.005116462707519531,35,9,0.01867|0.05256,0.01867,2,1
5000,62,37,28,2.3363946659995853e-17,0.0,0.0,0.030539512634277344,0.008962869644165039,0.0,0.0,1,1,0.05746100533789259,0.05746100533789259,0.030315876007080078,0.016962289810180664,35,12,0.05746,0.05746,1,1
5000,63,39,12,0.0,0.0,0.0,0.0497438907623291,0.005121946334838867,0.0,0.0,1,1,0.010845722283946577,0.010845722283946577,0.038425445556640625,0.006155252456665039,35,4,-0.01085,-0.01085,1,1
5000,64,31,26,0.0,0.0,0.0,0.029610395431518555,0.007219791412353516,0.0,0.0,1,1,0.0013985892559747295,0.0013711441113822564,0.03653526306152344,0.006426334381103516,35,5,-0.00143|0.00137,0.00137,2,1
5000,65,33,26,0.0,0.0,0.0,0.03957366943359375,0.008270740509033203,0.0,0.0,1,1,0.0057402103666976,0.005964425216928132,0.04385066032409668,0.007562398910522461,35,5,-0.00596|-0.00552,-0.00596,2,1
5000,66,23,28,0.0,0.0,0.0,0.03818082809448242,0.010116100311279297,0.0,0.0,1,1,0.023332699075006756,0.023332699075006756,0.041327476501464844,0.00442814826965332,35,4,0.02333,0.02333,1,1
5000,67,8,5,0.0,0.0,0.0,0.05776715278625488,0.007048130035400391,0.0,0.0,1,1,0.007244387199721289,0.0038048532419576917,0.04345893859863281,0.004249095916748047,35,2,0.0038|0.00894|0.00898,0.0038,3,1
5000,68,7,18,0.0,0.0,0.0,0.041191816329956055,0.005118370056152344,0.0,0.0,1,1,0.0063448268738675,0.000759229564057887,0.05921339988708496,0.0087127685546875,35,4,-0.00076|0.01193,-0.00076,2,1
5000,69,6,26,1.0,0.5,0.5,0.04974865913391113,0.007886886596679688,0.0|1.0,0.0|1.0,2,2,0.5080877915798343,0.5080877915798343,0.03690648078918457,0.013201475143432617,35,5,0.01349|1.02967,0.01349|1.02967,2,2
5000,70,2,23,0.0,0.0,0.0,0.04535818099975586,0.005760669708251953,0.0,0.0,1,1,0.0025409889597038425,0.0035686348903701177,0.03204774856567383,0.006001949310302734,35,4,0.00151|0.00357,0.00357,2,1
5000,71,13,32,0.0,0.0,0.0,0.055236101150512695,0.011933088302612305,0.0,0.0,1,1,0.0028094328417545625,0.0018253608746425282,0.03951859474182129,0.009183883666992188,35,4,-0.00379|-0.00183,-0.00183,2,1
5000,72,27,3,0.0,0.0,0.0,0.04463934898376465,0.00669550895690918,0.0,0.0,1,1,0.00033534323448290466,0.00033534323448290466,0.035784244537353516,0.004790067672729492,35,2,-0.00034,-0.00034,1,1
5000,73,30,19,0.0,0.0,0.0,0.030943870544433594,0.009762763977050781,0.0,0.0,1,1,0.0030551526180952115,0.0032960721278361806,0.07106232643127441,0.008488178253173828,35,2,-0.0033|-0.00281,-0.0033,2,1
5000,74,23,22,0.0,0.0,0.0,0.04393434524536133,0.01273345947265625,0.0,0.0,1,1,0.006821391055572234,0.006821391055572234,0.05566120147705078,0.012179374694824219,35,4,0.00682,0.00682,1,1
5000,75,2,33,0.0,0.0,0.0,0.042642831802368164,0.007817745208740234,0.0,0.0,1,1,0.011100123963871745,0.005754301020896829,0.06206870079040527,0.0063669681549072266,35,2,0.00575|0.01645,0.00575,2,1
5000,76,34,39,0.0,0.0,0.0,0.028965234756469727,0.0075685977935791016,0.0,0.0,1,1,0.01932678169178695,0.01932678169178695,0.04298686981201172,0.006508827209472656,35,6,-0.01933,-0.01933,1,1
5000,77,3,35,0.0,0.0,0.0,0.03293180465698242,0.009447813034057617,0.0,0.0,1,1,0.0023336823686121184,0.0019941589138675335,0.0341644287109375,0.004971742630004883,35,9,0.00199|0.00267,0.00199,2,1
5000,78,40,19,0.0,0.0,0.0,0.04405856132507324,0.02237725257873535,0.0,0.0,1,1,0.00478351034541625,0.00478351034541625,0.044617652893066406,0.008499383926391602,35,5,0.00478,0.00478,1,1
5000,79,39,12,0.0,0.0,0.0,0.03715372085571289,0.006340503692626953,0.0,0.0,1,1,0.0033770916671331365,0.0033770916671331365,0.045351266860961914,0.005062103271484375,35,4,-0.00338,-0.00338,1,1
5000,80,32,37,0.0,0.0,0.0,0.04782581329345703,0.01828908920288086,0.0,0.0,1,1,0.008458946318603848,0.008458946318603848,0.04770708084106445,0.018864870071411133,35,14,-0.00846,-0.00846,1,1
5000,81,23,29,0.0,0.0,0.0,0.03877997398376465,0.021200895309448242,0.0,0.0,1,1,0.028160316618605765,0.028160316618605765,0.050774335861206055,0.02292013168334961,35,7,0.02816,0.02816,1,1
5000,82,33,3,0.0,0.0,0.0,0.05992841720581055,0.011587142944335938,0.0,0.0,1,1,0.003936140814269942,0.0018912064517649205,0.04558920860290527,0.008703947067260742,35,2,-0.00189|0.00598,-0.00189,2,1
5000,83,18,36,0.0,0.25,0.25,0.045171499252319336,0.010643482208251953,0.0|0.5,0.0|0.5,2,2,0.26581259678799185,0.26581259678799185,0.06179046630859375,0.017981529235839844,35,8,-0.02379|0.50784,-0.02379|0.50784,2,2
5000,84,29,31,0.0,0.0,0.0,0.04592323303222656,0.007003307342529297,0.0,0.0,1,1,0.01484886369776961,0.01484886369776961,0.043840646743774414,0.0038390159606933594,35,5,0.01485,0.01485,1,1
5000,85,16,19,0.0,0.0,0.0,0.04522562026977539,0.007955312728881836,0.0,0.0,1,1,0.010786846382841992,0.003763018938492553,0.031075716018676758,0.0029723644256591797,35,2,-0.02829|-0.00734|-0.00376|-0.00375,-0.00376,4,1
5000,86,5,29,0.0,0.0,0.0,0.04984402656555176,0.009847640991210938,0.0,0.0,1,1,0.0028725519196365523,0.0005563881641315703,0.037600040435791016,0.012499332427978516,35,5,-0.00621|0.00056|0.00186,0.00056,3,1
5000,87,13,21,0.0,0.0,0.0,0.04090237617492676,0.007311105728149414,0.0,0.0,1,1,0.0008072170280812833,0.0010222857499663227,0.04093432426452637,0.004250526428222656,35,2,-0.00059|0.00102,0.00102,2,1
5000,88,17,26,0.0,0.6666666666666666,0.6666666666666666,0.046831369400024414,0.010443925857543945,0.0|1.33333,0.0|1.33333,2,2,0.6759895783041004,0.6759895783041004,0.03488588333129883,0.01294565200805664,35,5,-0.01363|1.33835,-0.01363|1.33835,2,2
5000,89,18,13,0.0,0.0,0.0,0.0476222038269043,0.010877370834350586,0.0,0.0,1,1,0.023580518869622577,0.0217674581602563,0.038733720779418945,0.0038323402404785156,35,4,0.02177|0.02539,0.02177,2,1
5000,90,18,3,0.0,0.0,0.0,0.06239128112792969,0.00689387321472168,0.0,0.0,1,1,0.006912344997979469,0.004876955225404075,0.03882884979248047,0.00440669059753418,35,4,-0.00895|0.00488,0.00488,2,1
5000,91,5,7,0.0,0.0,0.0,0.05087995529174805,0.0069637298583984375,0.0,0.0,1,1,0.008091648947740376,0.003152401139490112,0.05136728286743164,0.004068613052368164,35,2,0.00315|0.00635|0.01477,0.00315,3,1
5000,92,29,19,0.0,0.0,0.0,0.057142019271850586,0.007347583770751953,0.0,0.0,1,1,0.008008633355776205,0.008008633355776205,0.03260183334350586,0.00744938850402832,35,5,0.00801,0.00801,1,1
5000,93,27,16,0.0,0.0,0.0,0.05523324012756348,0.009822845458984375,0.0,0.0,1,1,0.0015590728950438996,0.0015590728950438996,0.04014468193054199,0.008867502212524414,35,2,-0.00156,-0.00156,1,1
5000,94,12,29,0.0,0.0,0.0,0.04938817024230957,0.008524417877197266,0.0,0.0,1,1,0.01020589958645178,0.008657796648779713,0.04977250099182129,0.005701780319213867,35,5,-0.01175|-0.00866,-0.00866,2,1
5000,95,35,30,0.0,0.0,0.0,0.04780387878417969,0.011435985565185547,0.0,0.0,1,1,0.009733992119005577,0.009733992119005577,0.05517005920410156,0.006875753402709961,35,9,0.00973,0.00973,1,1
5000,96,24,5,0.0,0.0,0.0,0.03410983085632324,0.010114431381225586,0.0,0.0,1,1,0.01501880776930728,0.01501880776930728,0.05284881591796875,0.004648447036743164,35,4,0.01502,0.01502,1,1
5000,97,23,22,0.0,0.0,0.0,0.0386812686920166,0.009352445602416992,0.0,0.0,1,1,3.5397187192867225e-05,3.5397187192867225e-05,0.052553653717041016,0.005194902420043945,35,4,-4e-05,-4e-05,1,1
5000,98,23,35,0.0,0.0,0.0,0.03504300117492676,0.012412786483764648,0.0,0.0,1,1,0.038755233477534276,0.038755233477534276,0.046674489974975586,0.010584592819213867,35,11,0.03876,0.03876,1,1
5000,99,10,21,0.0,0.0,0.0,0.03532719612121582,0.008239984512329102,0.0,0.0,1,1,0.0022382786747298686,0.0022382786747298686,0.062357425689697266,0.003453969955444336,35,2,0.00224,0.00224,1,1
7500,0,6,34,0.0,0.0,0.0,0.04708695411682129,0.017367124557495117,0.0,0.0,1,1,0.034886144879645586,0.04907865358241864,0.03512835502624512,0.009752511978149414,35,5,-0.04908|-0.02069,-0.04908,2,1
7500,1,32,18,0.0,0.0,0.0,0.03276419639587402,0.01215672492980957,0.0,0.0,1,1,0.07977159282849093,0.07977159282849093,0.02811741828918457,0.01854681968688965,35,6,-0.07977,-0.07977,1,1
7500,2,26,1,5.921189464667501e-17,0.0,0.0,0.04089212417602539,0.005374431610107422,0.0,0.0,1,1,0.014644210283638489,0.014644210283638489,0.030487775802612305,0.004588127136230469,35,4,0.01464,0.01464,1,1
7500,3,14,23,0.0,0.0,0.0,0.046396732330322266,0.008147716522216797,0.0,0.0,1,1,0.009135110730232387,0.009135110730232387,0.03361105918884277,0.00575709342956543,35,4,0.00914,0.00914,1,1
7500,4,6,29,0.0,0.0,0.0,0.046898841857910156,0.005552053451538086,0.0,0.0,1,1,0.0014988695084119609,0.0006844917342286625,0.036828041076660156,0.007495403289794922,35,7,0.00068|0.00231,0.00068,2,1
7500,5,18,40,0.0,0.0,0.0,0.032291412353515625,0.011140584945678711,0.0,0.0,1,1,0.009159306856400607,0.0010983187549472037,0.03927969932556152,0.006010770797729492,35,6,0.0011|0.01722,0.0011,2,1
7500,6,2,31,0.0,0.0,0.0,0.04904341697692871,0.004796504974365234,0.0,0.0,1,1,0.0038977600494295053,0.0007327532375624796,0.03922390937805176,0.004931211471557617,35,2,-0.00073|0.00706,-0.00073,2,1
7500,7,1,3,0.0,0.0,0.0,0.045226335525512695,0.01084280014038086,0.0,0.0,1,1,0.0060444643300521725,0.0060444643300521725,0.0468449592590332,0.007523059844970703,35,2,0.00604,0.00604,1,1
7500,8,9,14,0.0,0.0,0.0,0.07172322273254395,0.0064814090728759766,0.0,0.0,1,1,0.010431576272508663,0.0012098920252048857,0.048417091369628906,0.004525184631347656,35,2,-0.01965|-0.00121,-0.00121,2,1
7500,9,33,7,0.0,0.0,0.0,0.043380022048950195,0.0041882991790771484,0.0,0.0,1,1,0.007678397277599353,0.0011432308903455736,0.0283205509185791,0.004099369049072266,35,2,0.00114|0.01421,0.00114,2,1
7500,10,11,8,0.0,0.0,0.0,0.03680157661437988,0.0034666061401367188,0.0,0.0,1,1,0.008911804037367235,0.008911804037367235,0.030086755752563477,0.004925966262817383,35,2,0.00891,0.00891,1,1
7500,11,10,31,0.0,0.0,0.0,0.03865957260131836,0.005267620086669922,0.0,0.0,1,1,0.00987267305054254,0.00987267305054254,0.03903532028198242,0.00295257568359375,35,2,0.00987,0.00987,1,1
7500,12,16,7,0.0,0.0,0.0,0.03729677200317383,0.007718324661254883,0.0,0.0,1,1,0.002974238696495662,0.0018322497468640942,0.04209089279174805,0.007123231887817383,35,2,-0.00018|0.00036|0.00183|0.00953,0.00183,4,1
7500,13,31,13,0.0,0.0,0.0,0.043569087982177734,0.009313583374023438,0.0,0.0,1,1,0.0011661028863599004,0.0008810984590682975,0.05051875114440918,0.0037391185760498047,35,2,0.00088|0.00145,0.00088,2,1
7500,14,39,16,0.0,0.0,0.0,0.03279471397399902,0.009682893753051758,0.0,0.0,1,1,0.01891754968549093,0.01891754968549093,0.05079460144042969,0.005782604217529297,35,4,-0.01892,-0.01892,1,1
7500,15,13,11,0.0,0.0,0.0,0.05134296417236328,0.005463838577270508,0.0,0.0,1,1,0.002457019035615564,0.0005202018313889354,0.15924835205078125,0.006239891052246094,35,2,-0.00439|0.00052,0.00052,2,1
7500,16,16,8,0.0,0.0,0.0,0.04781985282897949,0.004458904266357422,0.0,0.0,1,1,0.01862167715951335,0.006332677163636768,0.05986976623535156,0.003306150436401367,35,2,-0.02504|-0.02245|-0.02066|-0.00633,-0.00633,4,1
7500,17,32,39,0.0,0.0,0.0,0.03992772102355957,0.009345769882202148,0.0,0.0,1,1,0.0014910454105511305,0.0014910454105511305,0.04013466835021973,0.011020660400390625,35,6,-0.00149,-0.00149,1,1
7500,18,10,12,0.0,0.0,0.0,0.02736973762512207,0.0050394535064697266,0.0,0.0,1,1,0.0013531029546812346,0.0013531029546812346,0.03218865394592285,0.0033135414123535156,35,2,-0.00135,-0.00135,1,1
7500,19,2,10,0.0,0.0,0.0,0.040723323822021484,0.0038051605224609375,0.0,0.0,1,1,0.0024467558657456884,0.00018179819187700373,0.0348811149597168,0.006459474563598633,35,2,-0.00471|-0.00018,-0.00018,2,1
7500,20,27,37,1.0,0.0,0.0,0.030308008193969727,0.012110710144042969,1.0,1.0,1,1,0.0005262836891946066,0.0005262836891946066,0.0367581844329834,0.008410215377807617,35,11,0.99947,0.99947,1,1
7500,21,22,29,0.0,0.0,0.0,0.032346248626708984,0.0049495697021484375,0.0,0.0,1,1,0.004263536431914537,0.0038574461671360095,0.030197858810424805,0.0071294307708740234,35,5,-0.00467|0.00386,0.00386,2,1
7500,22,5,32,0.0,0.3333333333333333,0.25,0.04824113845825195,0.013911008834838867,0.0|0.5,0.0|0.5,2,2,0.3400900278872237,0.2542330665497183,0.04139423370361328,0.016269683837890625,35,4,0.00302|0.50545|0.5118,0.00302|0.50545,3,2
7500,23,17,8,0.0,0.0,0.0,0.038814544677734375,0.0065479278564453125,0.0,0.0,1,1,0.00241729796140334,0.0016186500373437474,0.045088768005371094,0.007236957550048828,35,2,-0.00322|-0.00162,-0.00162,2,1
7500,24,9,22,0.0,0.0,0.0,0.03756856918334961,0.0055043697357177734,0.0,0.0,1,1,0.01992430098243498,0.013827567444282722,0.024015426635742188,0.007378101348876953,35,2,0.01383|0.02602,0.01383,2,1
7500,25,37,8,-2.3790493384824787e-16,0.0,0.0,0.035678863525390625,0.013068199157714844,-0.0,-0.0,1,1,0.03310520662701113,0.03310520662701113,0.030436992645263672,0.010256528854370117,35,12,-0.03311,-0.03311,1,1
7500,26,18,12,0.0,0.0,0.0,0.03500795364379883,0.00872182846069336,0.0,0.0,1,1,0.002961685540865642,0.004217045365121717,0.03732705116271973,0.005512714385986328,35,4,-0.00422|0.00171,-0.00422,2,1
7500,27,6,3,0.0,0.0,0.0,0.03995466232299805,0.007323026657104492,0.0,0.0,1,1,0.013860573122731274,0.010340530723862866,0.029240131378173828,0.00630497932434082,35,4,-0.01738|-0.01034,-0.01034,2,1
7500,28,12,31,1.0,0.5,0.5,0.03114175796508789,0.007411003112792969,0.0|1.0,0.0|1.0,2,2,0.5161771847189625,0.5161771847189625,0.04103422164916992,0.007248878479003906,35,3,-0.02448|0.99212,-0.02448|0.99212,2,2
7500,29,17,21,0.0,0.0,0.0,0.031723737716674805,0.005452632904052734,0.0,0.0,1,1,0.00599212919491576,0.002734794675525671,0.05831551551818848,0.007496356964111328,35,2,-0.00925|-0.00273,-0.00273,2,1
7500,30,29,32,0.0,0.0,0.0,0.04136848449707031,0.011581659317016602,0.0,0.0,1,1,0.006353002505909647,0.006353002505909647,0.05596923828125,0.005402088165283203,35,7,0.00635,0.00635,1,1
7500,31,17,30,0.0,0.0,0.0,0.03886747360229492,0.008424043655395508,0.0,0.0,1,1,0.006280957457966483,0.0009023155885153935,0.047624826431274414,0.007546663284301758,35,2,-0.01166|0.0009,0.0009,2,1
7500,32,17,1,0.0,0.0,0.0,0.040540456771850586,0.005247592926025391,0.0,0.0,1,1,0.00782819758124188,0.0029425728073937518,0.05556368827819824,0.0037021636962890625,35,2,-0.01271|-0.00294,-0.00294,2,1
7500,33,22,17,0.0,0.0,0.0,0.03298068046569824,0.004106760025024414,0.0,0.0,1,1,0.0020010374647514077,0.001631216302382303,0.051676034927368164,0.004296779632568359,35,2,-0.00163|0.00237,-0.00163,2,1
7500,34,21,39,0.0,0.0,0.0,0.03125452995300293,0.0050716400146484375,0.0,0.0,1,1,0.0018734193432929321,0.0007242680104552569,0.03013777732849121,0.017905712127685547,35,4,0.00072|0.00302,0.00072,2,1
7500,35,10,2,0.0,0.0,0.0,0.03376650810241699,0.00847935676574707,0.0,0.0,1,1,0.009167901483265633,0.009167901483265633,0.03666520118713379,0.007333040237426758,35,2,0.00917,0.00917,1,1
7500,36,18,19,0.0,0.0,0.0,0.03135108947753906,0.005090236663818359,0.0,0.0,1,1,0.007661670047443154,0.0032060025881315416,0.03983879089355469,0.00451207160949707,35,4,0.00321|0.01212,0.00321,2,1
7500,37,3,22,0.0,0.0,0.0,0.03098750114440918,0.005095720291137695,0.0,0.0,1,1,0.017045696061214092,0.01247955361054848,0.05109095573425293,0.004813194274902344,35,2,0.01248|0.02161,0.01248,2,1
7500,38,18,10,0.0,0.0,0.0,0.04650402069091797,0.009270429611206055,0.0,0.0,1,1,0.025816669384554562,0.02331438622764757,0.03782153129577637,0.006911039352416992,35,4,-0.02832|-0.02331,-0.02331,2,1
7500,39,10,29,0.0,0.0,0.0,0.04572892189025879,0.010320901870727539,0.0,0.0,1,1,0.006231070243429354,0.006231070243429354,0.045938968658447266,0.008716106414794922,35,5,0.00623,0.00623,1,1
7500,40,23,2,0.0,0.0,0.0,0.048734188079833984,0.006176471710205078,0.0,0.0,1,1,0.007088491488363898,0.007088491488363898,0.05137228965759277,0.00997018814086914,35,4,0.00709,0.00709,1,1
7500,41,36,18,-3.265462418541383e-16,0.0,0.0,0.06766414642333984,0.017930269241333008,-0.0,-0.0,1,1,0.041759035957230545,0.041759035957230545,0.04594612121582031,0.013827085494995117,35,8,-0.04176,-0.04176,1,1
7500,42,28,39,0.0,0.0,0.0,0.06059575080871582,0.005621671676635742,0.0,0.0,1,1,0.006758618916839843,0.002337721191379447,0.03971099853515625,0.006960630416870117,35,4,-0.01118|-0.00234,-0.00234,2,1
7500,43,23,30,0.0,0.0,0.0,0.05309748649597168,0.007600545883178711,0.0,0.0,1,1,0.005543193949470252,0.005543193949470252,0.03702425956726074,0.003934621810913086,35,4,-0.00554,-0.00554,1,1
7500,44,11,6,0.0,0.0,0.0,0.06170463562011719,0.00588536262512207,0.0,0.0,1,1,0.016423302259004246,0.016423302259004246,0.04333639144897461,0.007088184356689453,35,4,-0.01642,-0.01642,1,1
7500,45,34,2,0.0,0.0,0.0,0.04102039337158203,0.008537769317626953,0.0,0.0,1,1,0.015676982196100784,0.015676982196100784,0.06621408462524414,0.007226228713989258,35,4,-0.01568,-0.01568,1,1
7500,46,12,27,0.0,0.0,0.0,0.031185626983642578,0.00440669059753418,0.0,0.0,1,1,0.02161776373959621,0.011259240078842252,0.050168752670288086,0.007568359375,35,2,-0.03198|-0.01126,-0.01126,2,1
7500,47,1,17,0.0,0.0,0.0,0.03837990760803223,0.007224559783935547,0.0,0.0,1,1,0.00028671130092313254,0.00028671130092313254,0.05593585968017578,0.0034122467041015625,35,2,-0.00029,-0.00029,1,1
7500,48,29,24,0.0,0.0,0.0,0.04047656059265137,0.00830984115600586,0.0,0.0,1,1,0.016603523406142344,0.016603523406142344,0.053621768951416016,0.006963968276977539,35,7,0.0166,0.0166,1,1
7500,49,19,7,0.0,0.0,0.0,0.03714776039123535,0.008147001266479492,0.0,0.0,1,1,0.00492406312654548,0.00492406312654548,0.04542899131774902,0.006119251251220703,35,2,0.00492,0.00492,1,1
7500,50,34,29,0.0,0.0,0.0,0.03017401695251465,0.009744882583618164,0.0,0.0,1,1,0.0201312791406619,0.0201312791406619,0.03654146194458008,0.01565694808959961,35,6,0.02013,0.02013,1,1
7500,51,26,14,0.0,0.0,0.0,0.03527712821960449,0.004434108734130859,0.0,0.0,1,1,0.0060854828450177464,0.0060854828450177464,0.03172183036804199,0.005560398101806641,35,5,-0.00609,-0.00609,1,1
7500,52,26,7,0.0,0.0,0.0,0.03362274169921875,0.007976293563842773,0.0,0.0,1,1,0.025158729095381353,0.025158729095381353,0.027430057525634766,0.007508277893066406,35,5,0.02516,0.02516,1,1
7500,53,27,13,0.0,0.0,0.0,0.02729964256286621,0.0033724308013916016,0.0,0.0,1,1,0.00019142409558858166,0.00019142409558858166,0.027579545974731445,0.0040776729583740234,35,2,-0.00019,-0.00019,1,1
7500,54,32,3,0.0,0.0,0.0,0.05431413650512695,0.008873701095581055,0.0,0.0,1,1,0.0006756717850535588,0.0006756717850535588,0.05667448043823242,0.0062198638916015625,35,4,0.00068,0.00068,1,1
7500,55,8,37,1.0,0.3333333333333333,0.5,0.049262285232543945,0.012455463409423828,0.0|1.0,0.0|1.0,2,2,0.3283374474870576,0.4882501669639235,0.0407712459564209,0.011880159378051758,35,12,0.027|1.0035|1.00851,0.027|1.0035,3,2
7500,56,6,32,0.0,0.0,0.0,0.05445051193237305,0.015986919403076172,0.0,0.0,1,1,0.012422145633262518,0.014493325150343635,0.0490262508392334,0.015698909759521484,35,6,0.01035|0.01449,0.01449,2,1
7500,57,17,7,0.0,0.0,0.0,0.041829586029052734,0.006227254867553711,0.0,0.0,1,1,0.0019017211989640738,0.0011325534468227055,0.0345304012298584,0.007082939147949219,35,2,-0.00267|-0.00113,-0.00113,2,1
7500,58,24,16,0.0,0.0,0.0,0.04698491096496582,0.005532264709472656,0.0,0.0,1,1,0.0012387984304685455,0.0012387984304685455,0.03378152847290039,0.007008790969848633,35,4,0.00124,0.00124,1,1
7500,59,9,37,1.0,0.5,0.5,0.06556129455566406,0.014917135238647461,0.0|1.0,0.0|1.0,2,2,0.4714384668471931,0.4714384668471931,0.040313720703125,0.01003575325012207,35,12,0.06971|1.01259,0.06971|1.01259,2,2
7500,60,33,22,0.0,0.0,0.0,0.05863046646118164,0.005164623260498047,0.0,0.0,1,1,0.000991417802560124,0.0008453857329272232,0.05303382873535156,0.005880832672119141,35,2,0.00085|0.00114,0.00085,2,1
7500,61,23,34,0.0,0.0,0.0,0.048590660095214844,0.011915445327758789,0.0,0.0,1,1,0.003492315055418789,0.003492315055418789,0.03602457046508789,0.009772300720214844,35,6,-0.00349,-0.00349,1,1
7500,62,40,10,0.0,0.0,0.0,0.05769634246826172,0.00603938102722168,0.0,0.0,1,1,0.007190506524343667,0.007190506524343667,0.035973310470581055,0.0047719478607177734,35,5,0.00719,0.00719,1,1
7500,63,31,2,0.0,0.0,0.0,0.03920769691467285,0.0038976669311523438,0.0,0.0,1,1,0.007459449429600008,0.00422207289835889,0.026867151260375977,0.0032188892364501953,35,2,-0.0107|-0.00422,-0.00422,2,1
7500,64,32,13,0.0,0.0,0.0,0.03249979019165039,0.004887580871582031,0.0,0.0,1,1,0.002628534418307345,0.002628534418307345,0.0408172607421875,0.003994941711425781,35,4,-0.00263,-0.00263,1,1
7500,65,2,13,0.0,0.0,0.0,0.04749894142150879,0.006003856658935547,0.0,0.0,1,1,0.005341693932349645,0.005165357496150686,0.04767441749572754,0.0037446022033691406,35,2,-0.00552|-0.00517,-0.00517,2,1
7500,66,10,23,0.0,0.0,0.0,0.04079604148864746,0.009958982467651367,0.0,0.0,1,1,0.006730103194833429,0.006730103194833429,0.041271209716796875,0.010521173477172852,35,4,-0.00673,-0.00673,1,1
7500,67,39,14,0.0,0.0,0.0,0.06139826774597168,0.006846427917480469,0.0,0.0,1,1,0.0015240977543905657,0.0015240977543905657,0.054557085037231445,0.005324840545654297,35,4,0.00152,0.00152,1,1
7500,68,36,29,0.0,0.0,0.0,0.037749290466308594,0.010188102722167969,0.0,0.0,1,1,0.00981491720254241,0.00981491720254241,0.051462411880493164,0.013572454452514648,35,11,-0.00981,-0.00981,1,1
7500,69,19,14,0.0,0.0,0.0,0.03188347816467285,0.004233598709106445,0.0,0.0,1,1,0.004790497224808994,0.004790497224808994,0.05035996437072754,0.0072710514068603516,35,2,-0.00479,-0.00479,1,1
7500,70,31,30,0.0,0.0,0.0,0.04390692710876465,0.004403591156005859,0.0,0.0,1,1,0.0029709505308834986,0.0031748092862630937,0.03795337677001953,0.010730504989624023,35,2,0.00277|0.00317,0.00317,2,1
7500,71,12,5,0.0,0.0,0.0,0.03241324424743652,0.004769563674926758,0.0,0.0,1,1,0.005350202781374378,0.005881390930594791,0.02776336669921875,0.004408597946166992,35,2,0.00482|0.00588,0.00588,2,1
7500,72,1,21,0.0,0.0,0.0,0.030573606491088867,0.005201578140258789,0.0,0.0,1,1,0.0035738609213471296,0.0035738609213471296,0.026609420776367188,0.005175113677978516,35,2,-0.00357,-0.00357,1,1
7500,73,11,29,0.0,0.0,0.0,0.02766108512878418,0.007087230682373047,0.0,0.0,1,1,0.011088955178982972,0.011088955178982972,0.03381657600402832,0.008183479309082031,35,5,0.01109,0.01109,1,1
7500,74,35,12,0.0,0.0,0.0,0.03495383262634277,0.007001161575317383,0.0,0.0,1,1,0.0023475466381667693,0.0023475466381667693,0.026221275329589844,0.005880117416381836,35,9,0.00235,0.00235,1,1
7500,75,3,28,0.0,0.0,0.0,0.03892326354980469,0.006273031234741211,0.0,0.0,1,1,0.013626522228060291,0.005863493228500479,0.035834550857543945,0.005569934844970703,35,2,-0.02139|-0.00586,-0.00586,2,1
7500,76,23,30,0.0,0.0,0.0,0.0415349006652832,0.006533145904541016,0.0,0.0,1,1,0.005030006353599626,0.005030006353599626,0.03125596046447754,0.003797769546508789,35,4,-0.00503,-0.00503,1,1
7500,77,39,21,0.0,0.0,0.0,0.0530705451965332,0.007498979568481445,0.0,0.0,1,1,0.0048593905521083355,0.0048593905521083355,0.03059554100036621,0.0059490203857421875,35,4,-0.00486,-0.00486,1,1
7500,78,11,26,0.0,0.0,0.0,0.05987071990966797,0.006170749664306641,0.0,0.0,1,1,0.0016198623114609572,0.0016198623114609572,0.04390549659729004,0.00559687614440918,35,5,0.00162,0.00162,1,1
7500,79,29,11,0.0,0.0,0.0,0.04642534255981445,0.006415128707885742,0.0,0.0,1,1,0.005885281512244937,0.005885281512244937,0.031036853790283203,0.005792379379272461,35,5,-0.00589,-0.00589,1,1
7500,80,24,9,0.0,0.0,0.0,0.04132509231567383,0.007408618927001953,0.0,0.0,1,1,0.0033222824603064763,0.0033222824603064763,0.030900955200195312,0.007124185562133789,35,4,0.00332,0.00332,1,1
7500,81,5,33,0.0,0.0,0.0,0.03582286834716797,0.007461071014404297,0.0,0.0,1,1,0.010175332920404623,0.0024654829798661003,0.0383305549621582,0.0064334869384765625,35,2,-0.01442|-0.01364|-0.00247,-0.00247,3,1
7500,82,34,19,0.0,0.0,0.0,0.03291440010070801,0.005743265151977539,0.0,0.0,1,1,0.01202290521088117,0.01202290521088117,0.04723834991455078,0.004358053207397461,35,4,-0.01202,-0.01202,1,1
7500,83,40,9,0.0,0.0,0.0,0.05979585647583008,0.00602412223815918,0.0,0.0,1,1,0.003841141444121117,0.003841141444121117,0.061276912689208984,0.0050318241119384766,35,5,0.00384,0.00384,1,1
7500,84,11,5,0.0,0.0,0.0,0.0405268669128418,0.009740352630615234,0.0,0.0,1,1,0.004425077417034067,0.004425077417034067,0.03855276107788086,0.008738279342651367,35,2,0.00443,0.00443,1,1
7500,85,10,5,0.0,0.0,0.0,0.031197547912597656,0.006024360656738281,0.0,0.0,1,1,0.0025814970311709606,0.0025814970311709606,0.045949697494506836,0.0036423206329345703,35,2,0.00258,0.00258,1,1
7500,86,18,28,0.0,0.0,0.0,0.03301191329956055,0.006547212600708008,0.0,0.0,1,1,0.019438817837525622,0.01656467262703975,0.04225564002990723,0.007814168930053711,35,4,0.01656|0.02231,0.01656,2,1
7500,87,26,23,0.0,0.0,0.0,0.027686119079589844,0.006036043167114258,0.0,0.0,1,1,0.013105348805728518,0.013105348805728518,0.02463054656982422,0.01233363151550293,35,7,0.01311,0.01311,1,1
7500,88,37,12,0.0,0.0,0.0,0.028187274932861328,0.009528398513793945,0.0,0.0,1,1,0.011781933312527743,0.011781933312527743,0.03763580322265625,0.006590604782104492,35,12,0.01178,0.01178,1,1
7500,89,12,3,0.0,0.0,0.0,0.04510760307312012,0.004279375076293945,0.0,0.0,1,1,0.01466724192407845,0.005822220723296933,0.03557991981506348,0.006373405456542969,35,2,-0.02351|-0.00582,-0.00582,2,1
7500,90,30,19,0.0,0.0,0.0,0.038486480712890625,0.005121946334838867,0.0,0.0,1,1,0.011953801195389576,0.006491101656968256,0.032538652420043945,0.0033388137817382812,35,2,-0.01742|-0.00649,-0.00649,2,1
7500,91,6,33,0.0,0.0,0.0,0.050664424896240234,0.006170988082885742,0.0,0.0,1,1,0.01458481883126728,0.010749377734269918,0.03994870185852051,0.006227254867553711,35,4,-0.01842|-0.01075,-0.01075,2,1
7500,92,16,35,0.0,0.0,0.0,0.03776741027832031,0.007113218307495117,0.0,0.0,1,1,0.014343976954192905,0.008045048271470219,0.031890153884887695,0.006905794143676758,35,9,-0.02482|-0.01664|-0.00805|-0.00787,-0.00805,4,1
7500,93,24,3,0.0,0.0,0.0,0.04102778434753418,0.011959075927734375,0.0,0.0,1,1,0.0004816454755899922,0.0004816454755899922,0.05136609077453613,0.009772062301635742,35,4,-0.00048,-0.00048,1,1
7500,94,12,10,0.0,0.0,0.0,0.04993844032287598,0.0041277408599853516,0.0,0.0,1,1,0.006541070511986472,0.008668052786897218,0.026502132415771484,0.003259897232055664,35,2,-0.00867|-0.00441,-0.00867,2,1
7500,95,3,23,0.0,0.0,0.0,0.04053640365600586,0.00722813606262207,0.0,0.0,1,1,0.010887624217885163,0.009347024503031638,0.03798389434814453,0.006064176559448242,35,4,0.00935|0.01243,0.00935,2,1
7500,96,16,9,0.0,0.0,0.0,0.06335639953613281,0.007536649703979492,0.0,0.0,1,1,0.011563986458520631,0.004219162753951907,0.04633522033691406,0.007811307907104492,35,2,0.00422|0.0088|0.01649|0.01675,0.00422,4,1
7500,97,23,5,0.0,0.0,0.0,0.0320436954498291,0.007865667343139648,0.0,0.0,1,1,0.013836099426416393,0.013836099426416393,0.03885841369628906,0.006561756134033203,35,4,0.01384,0.01384,1,1
7500,98,32,16,0.0,0.0,0.0,0.03907966613769531,0.008453845977783203,0.0,0.0,1,1,0.020081647587459145,0.020081647587459145,0.058452606201171875,0.005301475524902344,35,4,0.02008,0.02008,1,1
7500,99,12,21,0.0,0.0,0.0,0.04258394241333008,0.0063059329986572266,0.0,0.0,1,1,0.0172895678644957,0.006277506006166895,0.05225229263305664,0.004956483840942383,35,2,-0.0283|-0.00628,-0.00628,2,1
10000,0,37,9,2.3363946659995853e-17,0.0,0.0,0.03321647644042969,0.015689849853515625,0.0,0.0,1,1,0.0021052566006121323,0.0021052566006121323,0.04829764366149902,0.010329961776733398,35,12,0.00211,0.00211,1,1
10000,1,1,8,0.0,0.0,0.0,0.057115793228149414,0.0071828365325927734,0.0,0.0,1,1,0.003060390752013453,0.003060390752013453,0.0477597713470459,0.0059931278228759766,35,2,-0.00306,-0.00306,1,1
10000,2,31,2,0.0,0.0,0.0,0.03132438659667969,0.005336284637451172,0.0,0.0,1,1,0.006285400367343446,0.003258310763432831,0.04793882369995117,0.003493070602416992,35,2,-0.00931|-0.00326,-0.00326,2,1
10000,3,11,37,0.0,0.0,0.0,0.0535433292388916,0.02361893653869629,0.0,0.0,1,1,0.0037887802027979805,0.0037887802027979805,0.03751420974731445,0.010420799255371094,35,12,-0.00379,-0.00379,1,1
10000,4,39,30,0.0,0.0,0.0,0.044310569763183594,0.02684497833251953,0.0,0.0,1,1,0.005544295328301191,0.005544295328301191,0.02713608741760254,0.012732744216918945,35,5,-0.00554,-0.00554,1,1
10000,5,34,7,0.0,0.0,0.0,0.04855036735534668,0.010670661926269531,0.0,0.0,1,1,0.00457772353764589,0.00457772353764589,0.0489354133605957,0.015939712524414062,35,4,-0.00458,-0.00458,1,1
10000,6,8,23,0.0,0.0,0.0,0.042464494705200195,0.005098104476928711,0.0,0.0,1,1,0.002871481081406268,0.0020720104441036362,0.02824234962463379,0.006276130676269531,35,4,-0.00562|-0.00207|0.00092,-0.00207,3,1
10000,7,39,34,0.0,0.0,0.0,0.030612707138061523,0.011382579803466797,0.0,0.0,1,1,0.0006981626850705674,0.0006981626850705674,0.032207489013671875,0.012536764144897461,35,6,-0.0007,-0.0007,1,1
10000,8,26,9,0.0,0.0,0.0,0.05046987533569336,0.012691497802734375,0.0,0.0,1,1,0.00015934101947867677,0.00015934101947867677,0.044771671295166016,0.00498199462890625,35,5,-0.00016,-0.00016,1,1
10000,9,3,11,0.0,0.0,0.0,0.03266143798828125,0.0040857791900634766,0.0,0.0,1,1,0.0007955101254493994,0.0002967840967810123,0.04111790657043457,0.00439000129699707,35,2,-0.0003|0.00129,-0.0003,2,1
10000,10,19,29,0.0,0.0,0.0,0.062227487564086914,0.008589506149291992,0.0,0.0,1,1,0.0012412323720279173,0.0012412323720279173,0.026858806610107422,0.005841732025146484,35,5,-0.00124,-0.00124,1,1
10000,11,14,28,0.0,0.0,0.0,0.0480809211730957,0.009568452835083008,0.0,0.0,1,1,0.005771366990560751,0.005771366990560751,0.06030559539794922,0.005515575408935547,35,2,0.00577,0.00577,1,1
10000,12,17,22,0.0,0.0,0.0,0.06937718391418457,0.0074787139892578125,0.0,0.0,1,1,0.004874388115571943,0.004242652380169615,0.040491342544555664,0.0074617862701416016,35,2,0.00424|0.00551,0.00424,2,1
10000,13,32,10,0.0,0.0,0.0,0.04823708534240723,0.008105993270874023,0.0,0.0,1,1,0.0032886608180926024,0.0032886608180926024,0.050803184509277344,0.00868368148803711,35,4,0.00329,0.00329,1,1
10000,14,33,11,0.0,0.0,0.0,0.049869537353515625,0.007467031478881836,0.0,0.0,1,1,0.011552041080718833,0.006519191779187814,0.05831789970397949,0.006726503372192383,35,2,-0.01658|-0.00652,-0.00652,2,1
10000,15,23,22,0.0,0.0,0.0,0.05472087860107422,0.006410121917724609,0.0,0.0,1,1,0.006695800457591755,0.006695800457591755,0.04195690155029297,0.004477977752685547,35,4,0.0067,0.0067,1,1
10000,16,12,23,0.0,0.0,0.0,0.04366898536682129,0.004674673080444336,0.0,0.0,1,1,0.0031891211338048618,0.002788264907034251,0.05331301689147949,0.005949497222900391,35,4,-0.00279|0.00359,-0.00279,2,1
10000,17,14,7,0.0,0.0,0.0,0.05424928665161133,0.007715702056884766,0.0,0.0,1,1,0.0022453985394233684,0.0022453985394233684,0.05654716491699219,0.008527517318725586,35,2,0.00225,0.00225,1,1
10000,18,14,26,0.0,0.0,0.0,0.04925823211669922,0.012953519821166992,0.0,0.0,1,1,0.01504336380069904,0.01504336380069904,0.03996634483337402,0.005995512008666992,35,5,-0.01504,-0.01504,1,1
10000,19,18,22,0.0,0.0,0.0,0.04868316650390625,0.0246431827545166,0.0,0.0,1,1,0.023582506481753293,0.02376210225956715,0.0349736213684082,0.012139081954956055,35,4,0.0234|0.02376,0.02376,2,1
10000,20,23,36,0.0,0.0,0.0,0.032723426818847656,0.014146804809570312,0.0,0.0,1,1,0.0022192546959894457,0.0022192546959894457,0.037389278411865234,0.020348072052001953,35,10,-0.00222,-0.00222,1,1
10000,21,40,18,0.0,0.0,0.0,0.04203081130981445,0.010998725891113281,0.0,0.0,1,1,0.0021057495512207705,0.0021057495512207705,0.052221059799194336,0.01978015899658203,35,6,-0.00211,-0.00211,1,1
10000,22,9,24,0.0,0.0,0.0,0.02669835090637207,0.006622791290283203,0.0,0.0,1,1,0.008861084223017582,0.00840744895463056,0.03917360305786133,0.0041201114654541016,35,4,-0.00931|-0.00841,-0.00841,2,1
10000,23,19,27,0.0,0.0,0.0,0.040117502212524414,0.008508682250976562,0.0,0.0,1,1,0.006025063418993913,0.006025063418993913,0.05611681938171387,0.0043010711669921875,35,2,0.00603,0.00603,1,1
10000,24,31,26,0.0,0.0,0.0,0.03271651268005371,0.006299018859863281,0.0,0.0,1,1,0.002952659523857536,0.00230449856369578,0.03281807899475098,0.008069515228271484,35,5,0.0023|0.0036,0.0023,2,1
10000,25,30,32,0.0,0.0,0.0,0.033434391021728516,0.011542081832885742,0.0,0.0,1,1,0.002261800474780221,0.003249879577306728,0.042429447174072266,0.010694265365600586,35,4,-0.00127|0.00325,0.00325,2,1
10000,26,32,35,0.0,0.0,0.0,0.05093502998352051,0.011746883392333984,0.0,0.0,1,1,0.027840349970609753,0.027840349970609753,0.04020428657531738,0.012389659881591797,35,11,-0.02784,-0.02784,1,1
10000,27,29,22,0.0,0.0,0.0,0.04133749008178711,0.010806560516357422,0.0,0.0,1,1,0.023250695610852638,0.023250695610852638,0.05145072937011719,0.010178804397583008,35,5,0.02325,0.02325,1,1
10000,28,8,19,0.0,0.0,0.0,0.07227802276611328,0.00504612922668457,0.0,0.0,1,1,0.005708695791015384,0.0013496028594326916,0.041214942932128906,0.0031795501708984375,35,2,-0.00094|0.00135|0.01484,0.00135,3,1
10000,29,5,33,0.0,0.0,0.0,0.05222368240356445,0.0059223175048828125,0.0,0.0,1,1,0.007623390168757277,0.0026670080551755323,0.054735660552978516,0.004749298095703125,35,2,0.00267|0.00947|0.01073,0.00267,3,1
10000,30,27,30,0.0,0.0,0.0,0.04232311248779297,0.0040130615234375,0.0,0.0,1,1,0.006179689523874556,0.006179689523874556,0.026675939559936523,0.0056917667388916016,35,2,0.00618,0.00618,1,1
10000,31,28,19,0.0,0.0,0.0,0.04957723617553711,0.00989675521850586,0.0,0.0,1,1,0.0021018578047332015,0.0019500746157618384,0.040959835052490234,0.007279634475708008,35,2,-0.00195|0.00225,-0.00195,2,1
10000,32,40,3,0.0,0.0,0.0,0.03314042091369629,0.013724565505981445,0.0,0.0,1,1,0.011672585264672521,0.011672585264672521,0.05092954635620117,0.008282184600830078,35,5,-0.01167,-0.01167,1,1
10000,33,36,32,0.0,0.0,0.0,0.03865790367126465,0.01055765151977539,0.0,0.0,1,1,0.015974726793904614,0.015974726793904614,0.04661154747009277,0.009944915771484375,35,10,0.01597,0.01597,1,1
10000,34,12,2,0.0,0.0,0.0,0.02919769287109375,0.00553131103515625,0.0,0.0,1,1,0.014291678541507744,0.011499132659687912,0.03594470024108887,0.003354310989379883,35,2,0.0115|0.01708,0.0115,2,1
10000,35,27,39,0.0,0.0,0.0,0.03970074653625488,0.005326509475708008,0.0,0.0,1,1,0.0006761894998110427,0.0006761894998110427,0.055934906005859375,0.009531736373901367,35,4,0.00068,0.00068,1,1
10000,36,3,26,0.0,0.0,0.0,0.04073977470397949,0.010739564895629883,0.0,0.0,1,1,0.01004307046519794,0.002728566276687465,0.03835487365722656,0.004492759704589844,35,5,0.00273|0.01736,0.00273,2,1
10000,37,8,7,0.0,0.0,0.0,0.048056602478027344,0.008758783340454102,0.0,0.0,1,1,0.008462355852035891,0.0032725740584146237,0.04921913146972656,0.008542537689208984,35,2,0.00327|0.00928|0.01284,0.00327,3,1
10000,38,12,17,0.0,0.0,0.0,0.04070425033569336,0.005267620086669922,0.0,0.0,1,1,0.023740893063890964,0.011899502861495307,0.035048723220825195,0.002887248992919922,35,2,-0.03558|-0.0119,-0.0119,2,1
10000,39,12,26,0.0,0.0,0.0,0.019955873489379883,0.004255533218383789,0.0,0.0,1,1,0.0038543369160888522,0.0016538885900504049,0.019103527069091797,0.011094808578491211,35,5,0.00165|0.00605,0.00165,2,1
10000,40,30,31,0.0,0.0,0.0,0.021373987197875977,0.003985881805419922,0.0,0.0,1,1,0.0028830620602250602,0.0007830609299662421,0.022075414657592773,0.0028541088104248047,35,2,-0.00498|-0.00078,-0.00078,2,1
10000,41,39,33,0.0,0.0,0.0,0.027730464935302734,0.004482269287109375,0.0,0.0,1,1,0.015570332261396619,0.015570332261396619,0.02245950698852539,0.004121541976928711,35,4,-0.01557,-0.01557,1,1
10000,42,19,40,0.0,0.0,0.0,0.020255088806152344,0.003983020782470703,0.0,0.0,1,1,0.006852565422695877,0.006852565422695877,0.020118236541748047,0.0036003589630126953,35,5,0.00685,0.00685,1,1
10000,43,23,33,0.0,0.0,0.0,0.022391080856323242,0.004190921783447266,0.0,0.0,1,1,0.01775892173917172,0.01775892173917172,0.02335214614868164,0.00448155403137207,35,4,-0.01776,-0.01776,1,1
10000,44,29,36,0.0,0.0,0.0,0.03659677505493164,0.007848978042602539,0.0,0.0,1,1,0.018855377146741542,0.018855377146741542,0.02610492706298828,0.008040189743041992,35,11,0.01886,0.01886,1,1
10000,45,34,2,0.0,0.0,0.0,0.02322864532470703,0.005494594573974609,0.0,0.0,1,1,0.005380356138472159,0.005380356138472159,0.020069360733032227,0.0051419734954833984,35,4,-0.00538,-0.00538,1,1
10000,46,26,3,0.0,0.0,0.0,0.028987646102905273,0.004525661468505859,0.0,0.0,1,1,0.005490225156436269,0.005490225156436269,0.0245664119720459,0.004131317138671875,35,5,0.00549,0.00549,1,1
10000,47,31,33,0.0,0.3333333333333333,0.3333333333333333,0.030139446258544922,0.006533145904541016,0.0|0.66667,0.0|0.66667,2,2,0.3359088676834469,0.3359088676834469,0.023488283157348633,0.005200624465942383,35,3,0.00071|0.6711,0.00071|0.6711,2,2
10000,48,23,7,0.0,0.0,0.0,0.03257274627685547,0.005009651184082031,0.0,0.0,1,1,0.009464166940999472,0.009464166940999472,0.02380657196044922,0.003863096237182617,35,4,-0.00946,-0.00946,1,1
10000,49,23,18,0.0,0.0,0.0,0.10120487213134766,0.004542112350463867,0.0,0.0,1,1,0.016590351736227672,0.016590351736227672,0.020194292068481445,0.004541635513305664,35,6,0.01659,0.01659,1,1
10000,50,13,19,0.0,0.0,0.0,0.02965068817138672,0.00322723388671875,0.0,0.0,1,1,0.004001428107133321,0.004737278272168574,0.020392656326293945,0.002534151077270508,35,2,-0.00474|-0.00327,-0.00474,2,1
10000,51,27,1,0.0,0.0,0.0,0.02778339385986328,0.003203153610229492,0.0,0.0,1,1,0.016841568450050706,0.016841568450050706,0.02016448974609375,0.0025937557220458984,35,2,-0.01684,-0.01684,1,1
10000,52,37,2,2.3363946659995853e-17,0.0,0.0,0.02324509620666504,0.007222652435302734,0.0,0.0,1,1,0.0002658916668757734,0.0002658916668757734,0.02834296226501465,0.007029294967651367,35,12,0.00027,0.00027,1,1
10000,53,1,14,0.0,0.0,0.0,0.02405714988708496,0.00417780876159668,0.0,0.0,1,1,0.0009421590762377925,0.0009421590762377925,0.025917768478393555,0.0029914379119873047,35,2,0.00094,0.00094,1,1
10000,54,18,19,0.0,0.0,0.0,0.02182912826538086,0.0038356781005859375,0.0,0.0,1,1,0.020997153378051664,0.021326908192853516,0.02661871910095215,0.0031354427337646484,35,4,-0.02133|-0.02067,-0.02133,2,1
10000,55,31,32,0.0,0.0,0.0,0.02300262451171875,0.004017353057861328,0.0,0.0,1,1,0.008399790454935992,0.005379695337096468,0.02455425262451172,0.003118753433227539,35,4,-0.01142|-0.00538,-0.00538,2,1
10000,56,18,17,0.0,0.0,0.0,0.02294635772705078,0.008522272109985352,0.0,0.0,1,1,0.02210234426089628,0.022547347775300448,0.02828240394592285,0.007046699523925781,35,4,-0.02255|-0.02166,-0.02255,2,1
10000,57,26,1,5.921189464667501e-17,0.0,0.0,0.022158145904541016,0.004495859146118164,0.0,0.0,1,1,0.007238763513406907,0.007238763513406907,0.027716875076293945,0.004342317581176758,35,4,0.00724,0.00724,1,1
10000,58,17,3,0.0,0.0,0.0,0.024164676666259766,0.009368181228637695,0.0,0.0,1,1,0.004268010821234589,0.00028963750026776664,0.022055387496948242,0.002856016159057617,35,2,-0.00825|-0.00029,-0.00029,2,1
10000,59,3,19,0.0,0.0,0.0,0.02074909210205078,0.0039212703704833984,0.0,0.0,1,1,0.0033343991866225534,0.004341138271654349,0.021239757537841797,0.0026977062225341797,35,2,-0.00233|0.00434,0.00434,2,1
10000,60,8,29,0.0,0.0,0.0,0.02173161506652832,0.007146358489990234,0.0,0.0,1,1,0.0053324642423173306,0.0010770210026071246,0.0240936279296875,0.005079030990600586,35,5,-0.00823|-0.00669|0.00108,0.00108,3,1
10000,61,24,5,0.0,0.0,0.0,0.02309393882751465,0.004291057586669922,0.0,0.0,1,1,0.011547606824607981,0.011547606824607981,0.020519495010375977,0.0032465457916259766,35,4,-0.01155,-0.01155,1,1
10000,62,21,5,0.0,0.0,0.0,0.021198511123657227,0.0035512447357177734,0.0,0.0,1,1,0.0021707160848489088,0.0037686789075609154,0.02127814292907715,0.002568960189819336,35,2,-0.00377|0.00057,-0.00377,2,1
10000,63,40,19,0.0,0.0,0.0,0.028028249740600586,0.004816293716430664,0.0,0.0,1,1,0.012897274322920609,0.012897274322920609,0.022601842880249023,0.004106998443603516,35,5,-0.0129,-0.0129,1,1
10000,64,12,29,0.0,0.0,0.0,0.028020858764648438,0.00433039665222168,0.0,0.0,1,1,0.011200703245742261,0.007784507530871401,0.021282196044921875,0.0035767555236816406,35,5,0.00778|0.01462,0.00778,2,1
10000,65,6,27,0.0,0.0,0.0,0.02816939353942871,0.00467371940612793,0.0,0.0,1,1,0.02104520886335645,0.024173820525674523,0.023914098739624023,0.0033066272735595703,35,4,0.01792|0.02417,0.02417,2,1
10000,66,28,34,0.0,0.0,0.0,0.03252696990966797,0.004067659378051758,0.0,0.0,1,1,0.0018699871618893381,0.001796202834885301,0.019968032836914062,0.004687309265136719,35,4,-0.00194|0.0018,0.0018,2,1
10000,67,27,21,0.0,0.0,0.0,0.028040647506713867,0.004738330841064453,0.0,0.0,1,1,0.009892290303742345,0.009892290303742345,0.02093362808227539,0.0027048587799072266,35,2,-0.00989,-0.00989,1,1
10000,68,16,40,0.0,0.0,0.0,0.02707529067993164,0.0044574737548828125,0.0,0.0,1,1,0.006934064653735992,0.00127211130912049,0.025167226791381836,0.003912210464477539,35,5,-0.01081|-0.00798|0.00127|0.00768,0.00127,4,1
10000,69,2,21,0.0,0.0,0.0,0.023550748825073242,0.0036401748657226562,0.0,0.0,1,1,0.0040601142194765585,0.005233198887950173,0.03102874755859375,0.004427909851074219,35,2,-0.00289|0.00523,0.00523,2,1
10000,70,31,11,0.0,0.0,0.0,0.020904064178466797,0.003165721893310547,0.0,0.0,1,1,0.0024385853585747897,0.0010000767301696274,0.02448558807373047,0.002560853958129883,35,2,-0.00388|-0.001,-0.001,2,1
10000,71,34,33,0.0,0.0,0.0,0.021555185317993164,0.00427556037902832,0.0,0.0,1,1,0.015014517644162834,0.015014517644162834,0.035680294036865234,0.0034589767456054688,35,4,0.01501,0.01501,1,1
10000,72,32,34,0.0,0.0,0.0,0.027749061584472656,0.007107734680175781,0.0,0.0,1,1,0.0014407597615564885,0.0014407597615564885,0.03336358070373535,0.005766630172729492,35,6,0.00144,0.00144,1,1
10000,73,1,7,0.0,0.0,0.0,0.02038097381591797,0.0035169124603271484,0.0,0.0,1,1,0.003728663454117612,0.003728663454117612,0.025133609771728516,0.0025572776794433594,35,2,0.00373,0.00373,1,1
10000,74,17,22,0.0,0.0,0.0,0.026764869689941406,0.003185272216796875,0.0,0.0,1,1,0.0007473895507248553,0.0006562190599725464,0.019110918045043945,0.009080648422241211,35,2,0.00066|0.00084,0.00066,2,1
10000,75,22,5,0.0,0.0,0.0,0.02350902557373047,0.003603696823120117,0.0,0.0,1,1,0.0034763013549107963,0.0021013867604050417,0.023314714431762695,0.0031130313873291016,35,2,0.0021|0.00485,0.0021,2,1
10000,76,11,17,0.0,0.0,0.0,0.020610809326171875,0.0032052993774414062,0.0,0.0,1,1,0.0007078359302230323,0.0007078359302230323,0.020760297775268555,0.0027005672454833984,35,2,0.00071,0.00071,1,1
10000,77,39,8,0.0,0.0,0.0,0.01951766014099121,0.005755424499511719,0.0,0.0,1,1,0.014826569505668746,0.014826569505668746,0.020474910736083984,0.005068778991699219,35,4,0.01483,0.01483,1,1
10000,78,1,11,0.0,0.0,0.0,0.021859169006347656,0.0034096240997314453,0.0,0.0,1,1,0.0015849368101639003,0.0015849368101639003,0.02284526824951172,0.002597332000732422,35,2,-0.00158,-0.00158,1,1
10000,79,14,31,0.0,0.0,0.0,0.028603792190551758,0.0038330554962158203,0.0,0.0,1,1,0.0063820842208326106,0.0063820842208326106,0.023546457290649414,0.002677440643310547,35,2,0.00638,0.00638,1,1
10000,80,10,33,0.0,0.0,0.0,0.026145458221435547,0.003353118896484375,0.0,0.0,1,1,0.001198827017513133,0.001198827017513133,0.022869110107421875,0.0034301280975341797,35,2,0.0012,0.0012,1,1
10000,81,26,39,0.0,0.0,0.0,0.027074337005615234,0.006082296371459961,0.0,0.0,1,1,0.0040030820789681175,0.0040030820789681175,0.02258920669555664,0.0041086673736572266,35,7,0.004,0.004,1,1
10000,82,34,1,0.0,0.0,0.0,0.028304100036621094,0.004209041595458984,0.0,0.0,1,1,0.01922184778463549,0.01922184778463549,0.021954059600830078,0.003437042236328125,35,4,-0.01922,-0.01922,1,1
10000,83,2,27,0.0,0.0,0.0,0.021281003952026367,0.0032193660736083984,0.0,0.0,1,1,0.006429018421262259,0.0043346208355616546,0.02750563621520996,0.002508401870727539,35,2,0.00433|0.00852,0.00433,2,1
10000,84,30,17,0.0,0.0,0.0,0.019269704818725586,0.003228902816772461,0.0,0.0,1,1,0.004908056884212557,0.00032587396539314814,0.02517986297607422,0.0030128955841064453,35,2,-0.00949|-0.00033,-0.00033,2,1
10000,85,3,14,0.0,0.0,0.0,0.020376205444335938,0.0037636756896972656,0.0,0.0,1,1,0.0036952464956742847,0.0042667774253237565,0.029451370239257812,0.002875804901123047,35,2,0.00312|0.00427,0.00427,2,1
10000,86,39,40,0.0,0.0,0.0,0.021915435791015625,0.004540205001831055,0.0,0.0,1,1,0.009039526178238765,0.009039526178238765,0.027597904205322266,0.003604412078857422,35,7,-0.00904,-0.00904,1,1
10000,87,30,35,0.0,0.0,0.0,0.019330263137817383,0.00517582893371582,0.0,0.0,1,1,0.005074264578307619,0.0032766800042071434,0.024799108505249023,0.0043523311614990234,35,9,-0.00687|-0.00328,-0.00328,2,1
10000,88,33,18,0.0,0.0,0.0,0.01951909065246582,0.0046329498291015625,0.0,0.0,1,1,0.0052459088692486736,0.0003902065913583408,0.02470088005065918,0.003208637237548828,35,4,-0.0101|0.00039,0.00039,2,1
10000,89,16,2,0.0,0.0,0.0,0.022496461868286133,0.00409388542175293,0.0,0.0,1,1,0.006581341941682575,0.0026521598126883956,0.02420186996459961,0.010359048843383789,35,2,0.00088|0.00265|0.01046|0.01233,0.00265,4,1
10000,90,12,26,0.0,0.0,0.0,0.023326635360717773,0.0044515132904052734,0.0,0.0,1,1,0.008535222964515414,0.007979813218736205,0.021485090255737305,0.0040552616119384766,35,5,0.00798|0.00909,0.00798,2,1
10000,91,33,11,0.0,0.0,0.0,0.020809412002563477,0.003210783004760742,0.0,0.0,1,1,0.0028159171049764982,0.0010937150832463982,0.019793272018432617,0.002633810043334961,35,2,-0.00454|-0.00109,-0.00109,2,1
10000,92,39,33,0.0,0.0,0.0,0.020899534225463867,0.00402522087097168,0.0,0.0,1,1,0.02148219509092995,0.02148219509092995,0.01909160614013672,0.0034637451171875,35,4,-0.02148,-0.02148,1,1
10000,93,35,28,0.0,0.0,0.0,0.02022385597229004,0.008365631103515625,0.0,0.0,1,1,0.018564551069962774,0.018564551069962774,0.027701377868652344,0.007937431335449219,35,9,0.01856,0.01856,1,1
10000,94,6,29,0.0,0.0,0.0,0.020125150680541992,0.005805492401123047,0.0,0.0,1,1,0.01574457213133173,0.018644480216231878,0.0241243839263916,0.004317283630371094,35,7,-0.01864|-0.01284,-0.01864,2,1
10000,95,26,24,0.0,0.0,0.0,0.022005081176757812,0.00484013557434082,0.0,0.0,1,1,0.009539663786340578,0.009539663786340578,0.021187782287597656,0.0038268566131591797,35,7,0.00954,0.00954,1,1
10000,96,28,18,0.0,0.0,0.0,0.02793264389038086,0.0037980079650878906,0.0,0.0,1,1,0.002639128633519402,0.0005039441236671919,0.021416664123535156,0.0031938552856445312,35,4,-0.00477|-0.0005,-0.0005,2,1
10000,97,17,12,0.0,0.0,0.0,0.03296041488647461,0.003808259963989258,0.0,0.0,1,1,0.0003737772805116375,9.339627819246785e-05,0.023435115814208984,0.003372669219970703,35,2,-0.00065|-9e-05,-9e-05,2,1
10000,98,1,37,1.0,0.0,0.0,0.02952718734741211,0.005587577819824219,1.0,1.0,1,1,0.0195973442952051,0.0195973442952051,0.020655155181884766,0.005094051361083984,35,11,1.0196,1.0196,1,1
10000,99,40,13,0.0,0.0,0.0,0.027074098587036133,0.003968238830566406,0.0,0.0,1,1,0.016778592781337146,0.016778592781337146,0.019643068313598633,0.0034263134002685547,35,5,0.01678,0.01678,1,1
