Sample_Size,Exp_ID,T,Y,True_Effect,MAE_Full,MAE_Local,Time_Full,Time_Local,Eff_Full,Eff_Local,Set_Size_Full,Set_Size_Local,MAE_Full_n,MAE_Local_n,Time_Full_n,Time_Local_n,Vars_Full,Vars_Local,Eff_Full_n,Eff_Local_n,Set_Size_Full_n,Set_Size_Local_n
500,0,F26,F68,0.0,0.0,0.0,0.12930965423583984,0.00511479377746582,0.0,0.0,1,1,0.056612165464739635,0.056612165464739635,0.12900805473327637,0.003951072692871094,109,2,-0.05661,-0.05661,1,1
500,1,F40,F65,0.0,0.0,0.0,0.12153124809265137,0.004750251770019531,0.0,0.0,1,1,0.005301997153467712,0.005301997153467712,0.12999677658081055,0.004065275192260742,109,2,-0.0053,-0.0053,1,1
500,2,F20,F45,0.0,0.0,0.0,0.12043642997741699,0.024060487747192383,0.0,0.0,1,1,0.02153725658709861,0.02153725658709861,0.10592889785766602,0.022423982620239258,109,21,-0.02154,-0.02154,1,1
500,3,F54,F43,0.0,0.0,0.0,0.10425162315368652,0.004684925079345703,0.0,0.0,1,1,0.0009218469708000701,0.0009218469708000701,0.11619400978088379,0.004424095153808594,109,2,0.00092,0.00092,1,1
500,4,F79,F65,0.0,0.0,0.0,0.11122846603393555,0.005307912826538086,0.0,0.0,1,1,0.04318400684505167,0.04318400684505167,0.12395548820495605,0.0040435791015625,109,2,-0.04318,-0.04318,1,1
500,5,F108,F32,0.0,0.0,0.0,0.12694978713989258,0.005713939666748047,0.0,0.0,1,1,0.050846507658095626,0.050846507658095626,0.10962843894958496,0.004878520965576172,109,2,0.05085,0.05085,1,1
500,6,F15,F1,0.0,0.0,0.0,0.13489818572998047,0.006010770797729492,0.0,0.0,1,1,0.029710533444885938,0.017627244651466274,0.1273503303527832,0.004320383071899414,109,2,0.01763|0.04179,0.01763,2,1
500,7,F11,F45,0.0,0.0,0.0,0.12435531616210938,0.005074977874755859,0.0,0.0,1,1,0.08643298535448116,0.04859490804460094,0.13364386558532715,0.0043849945068359375,109,2,-0.12427|-0.04859,-0.04859,2,1
500,8,F53,F54,0.0,0.0,0.0,0.12359905242919922,0.0075359344482421875,0.0,0.0,1,1,0.053477447580644,0.053477447580644,0.13266587257385254,0.0067920684814453125,109,7,-0.05348,-0.05348,1,1
500,9,F75,F28,0.0,0.0,0.0,0.13016867637634277,0.005251407623291016,0.0,0.0,1,1,0.0010448865639977032,0.0010448865639977032,0.12214541435241699,0.004355907440185547,109,2,0.00104,0.00104,1,1
500,10,F53,F29,0.0,0.0,0.0,0.1302320957183838,0.007490873336791992,0.0,0.0,1,1,0.007565694103391212,0.007565694103391212,0.13036441802978516,0.0072345733642578125,109,7,-0.00757,-0.00757,1,1
500,11,F70,F65,0.0,0.0,0.0,0.12168502807617188,0.005334138870239258,0.0,0.0,1,1,0.007921266641042613,0.007921266641042613,0.13365721702575684,0.004416465759277344,109,2,0.00792,0.00792,1,1
500,12,F62,F102,0.0,0.0,0.0,0.1224980354309082,0.005083799362182617,0.0,0.0,1,1,0.0015579136397005802,0.0015579136397005802,0.12995386123657227,0.00450897216796875,109,2,0.00156,0.00156,1,1
500,13,F83,F98,0.0,0.0,0.0,0.1308460235595703,0.009813547134399414,0.0,0.0,1,1,0.011904632014697597,0.011904632014697597,0.12778425216674805,0.010121345520019531,109,7,0.0119,0.0119,1,1
500,14,F85,F15,-2.220446049250314e-16,0.0,0.0,0.11917591094970703,0.017736196517944336,-0.0,-0.0,1,1,0.027732929260402234,0.027732929260402234,0.12346410751342773,0.007473468780517578,109,7,-0.02773,-0.02773,1,1
500,15,F52,F85,0.0,0.0,0.0,0.12214207649230957,0.0074689388275146484,0.0,0.0,1,1,0.010477399188543979,0.002018070435217984,0.13449931144714355,0.006829500198364258,109,7,-0.02791|-0.00151|0.00202,0.00202,3,1
500,16,F58,F9,0.0,0.0,0.0,0.1351325511932373,0.0052051544189453125,0.0,0.0,1,1,0.006871003544620902,0.006871003544620902,0.12133049964904785,0.00457000732421875,109,2,-0.00687,-0.00687,1,1
500,17,F99,F36,0.0,0.0,0.0,0.13442301750183105,0.005033254623413086,0.0,0.0,1,1,0.01395155906581131,0.01395155906581131,0.12044978141784668,0.005155801773071289,109,2,-0.01395,-0.01395,1,1
500,18,F37,F105,0.0,0.0,0.0,0.12066006660461426,0.007211208343505859,0.0,0.0,1,1,0.01140521124345112,0.01140521124345112,0.13465118408203125,0.00691986083984375,109,4,-0.01141,-0.01141,1,1
500,19,F37,F94,0.0,0.0,0.0,0.18831777572631836,0.004973888397216797,0.0,0.0,1,1,0.043127129115821776,0.043127129115821776,0.1417999267578125,0.00476837158203125,109,2,-0.04313,-0.04313,1,1
500,20,F59,F8,0.0,0.0,0.0,0.1400761604309082,0.00837397575378418,0.0,0.0,1,1,0.006445492836673836,0.006445492836673836,0.13320469856262207,0.004736185073852539,109,2,0.00645,0.00645,1,1
500,21,F11,F48,0.0,0.0,0.0,0.14736342430114746,0.004975795745849609,0.0,0.0,1,1,0.0739387773616383,0.036237635552736264,0.130049467086792,0.004541635513305664,109,2,-0.11164|-0.03624,-0.03624,2,1
500,22,F88,F78,0.0,0.0,0.0,0.14081263542175293,0.005019664764404297,0.0,0.0,1,1,0.038896902913262615,0.01617329200422953,0.14649200439453125,0.004145383834838867,109,2,-0.06162|-0.01617,-0.01617,2,1
500,23,F104,F45,0.0,0.0,0.0,0.14445042610168457,0.00515437126159668,0.0,0.0,1,1,0.014608447120324056,0.014608447120324056,0.14271140098571777,0.008798599243164062,109,2,0.01461,0.01461,1,1
500,24,F32,F62,0.0,0.0,0.0,0.14287447929382324,0.0068399906158447266,0.0,0.0,1,1,0.020932692639493943,0.020932692639493943,0.1328287124633789,0.005277156829833984,109,2,0.02093,0.02093,1,1
500,25,F34,F91,0.0,0.0,0.0,0.14890480041503906,0.0051004886627197266,0.0,0.0,1,1,0.01160739521445497,0.01160739521445497,0.1270008087158203,0.005244731903076172,109,2,-0.01161,-0.01161,1,1
500,26,F61,F1,0.0,0.0,0.0,0.12240195274353027,0.008717536926269531,0.0,0.0,1,1,0.03557416659265302,0.03557416659265302,0.13542842864990234,0.0078105926513671875,109,4,0.03557,0.03557,1,1
500,27,F18,F46,0.0,0.0,0.0,0.13971662521362305,0.005137205123901367,0.0,0.0,1,1,0.03295233216314255,0.012715609740699196,0.1459665298461914,0.00471806526184082,109,2,0.01272|0.05319,0.01272,2,1
500,28,F1,F99,0.0,0.0,0.0,0.13287138938903809,0.008094549179077148,0.0,0.0,1,1,0.0014839084927452551,0.0014839084927452551,0.14664745330810547,0.004208087921142578,109,2,-0.00148,-0.00148,1,1
500,29,F1,F88,0.0,0.0,0.0,0.1332874298095703,0.005990266799926758,0.0,0.0,1,1,0.012803038116748006,0.012803038116748006,0.13965630531311035,0.015234708786010742,109,2,-0.0128,-0.0128,1,1
500,30,F23,F36,0.0,0.0,0.0,0.13078761100769043,0.005293607711791992,0.0,0.0,1,1,0.021741674473239807,0.021741674473239807,0.1408824920654297,0.004440784454345703,109,2,-0.02174,-0.02174,1,1
500,31,F58,F105,0.0,0.0,0.0,0.1485590934753418,0.00784444808959961,0.0,0.0,1,1,0.040386058095056764,0.040386058095056764,0.12979412078857422,0.006329774856567383,109,4,-0.04039,-0.04039,1,1
500,32,F16,F80,0.0,0.0,0.0,0.1476149559020996,0.005579471588134766,0.0,0.0,1,1,0.008468079529850346,0.01375023259885964,0.13411188125610352,0.004268169403076172,109,2,-0.01375|-0.00319,-0.01375,2,1
500,33,F102,F43,0.0,0.0,0.0,0.133805513381958,0.008713722229003906,0.0,0.0,1,1,0.05130577673048107,0.05130577673048107,0.14786911010742188,0.005231142044067383,109,2,0.05131,0.05131,1,1
500,34,F67,F80,0.0,0.0,0.0,0.1315762996673584,0.00666499137878418,0.0,0.0,1,1,0.004656166599936577,0.004656166599936577,0.148453950881958,0.004479646682739258,109,2,0.00466,0.00466,1,1
500,35,F87,F79,0.0,0.0,0.0,0.1636044979095459,0.005471467971801758,0.0,0.0,1,1,0.0031068752851147706,0.006137065078450852,0.14794087409973145,0.008738040924072266,109,2,-0.00614|-8e-05,-0.00614,2,1
500,36,F96,F21,0.0,0.0,0.0,0.14795255661010742,0.008606195449829102,0.0,0.0,1,1,0.032548759060363995,0.032548759060363995,0.20183992385864258,0.006586551666259766,109,6,-0.03255,-0.03255,1,1
500,37,F101,F41,-1.586032892321652e-17,0.0,0.0,0.13410186767578125,0.030650615692138672,-0.0,-0.0,1,1,0.040153259633523126,0.040153259633523126,0.13247084617614746,0.03337693214416504,109,23,0.04015,0.04015,1,1
500,38,F53,F47,0.0,0.0,0.0,0.14121294021606445,0.0081329345703125,0.0,0.0,1,1,0.001641448978256951,0.001641448978256951,0.1345057487487793,0.006760120391845703,109,7,0.00164,0.00164,1,1
500,39,F8,F51,0.0,0.0,0.0,0.14237570762634277,0.005580425262451172,0.0,0.0,1,1,0.007368587868416016,0.004073570130906996,0.1442711353302002,0.004179716110229492,109,2,-0.01066|-0.00407,-0.00407,2,1
500,40,F53,F83,0.0,0.0,0.0,0.13074159622192383,0.008965015411376953,0.0,0.0,1,1,0.012346167090949935,0.012346167090949935,0.1504836082458496,0.0075457096099853516,109,9,0.01235,0.01235,1,1
500,41,F6,F33,0.0,0.0,0.0,0.14592981338500977,0.005075216293334961,0.0,0.0,1,1,0.04019004402142353,0.04019004402142353,0.1341233253479004,0.0053327083587646484,109,2,0.04019,0.04019,1,1
500,42,F17,F49,0.0,0.0,0.0,0.16239690780639648,0.006453514099121094,0.0,0.0,1,1,0.025139790623968802,0.02047262012633908,0.13682150840759277,0.006335735321044922,109,2,0.02047|0.02981,0.02047,2,1
500,43,F22,F2,0.0,0.0,0.0,0.13371944427490234,0.005246639251708984,0.0,0.0,1,1,0.043437419898807776,0.039712490026859205,0.15672945976257324,0.004755496978759766,109,2,0.03971|0.04716,0.03971,2,1
500,44,F45,F5,0.0,0.0,0.0,0.12455892562866211,0.008740425109863281,0.0,0.0,1,1,0.012441705751823545,0.012441705751823545,0.14145350456237793,0.0048601627349853516,109,2,0.01244,0.01244,1,1
500,45,F97,F30,7.557890559679065e-16,0.0,0.0,0.15421247482299805,0.019870758056640625,0.0,0.0,1,1,0.15946081525066413,0.15946081525066413,0.13347244262695312,0.01874089241027832,109,19,0.15946,0.15946,1,1
500,46,F28,F103,0.0,0.0,0.0,0.1331348419189453,0.005719900131225586,0.0,0.0,1,1,0.0395896997122779,0.0395896997122779,0.15620779991149902,0.005246162414550781,109,2,-0.03959,-0.03959,1,1
500,47,F50,F1,0.0,0.0,0.0,0.14512085914611816,0.005002737045288086,0.0,0.0,1,1,0.027641589712752948,0.027641589712752948,0.13797307014465332,0.004257678985595703,109,2,-0.02764,-0.02764,1,1
500,48,F20,F10,0.0,0.0,0.0,0.14467906951904297,0.025622129440307617,0.0,0.0,1,1,0.0566251370325087,0.0566251370325087,0.1387472152709961,0.029317140579223633,109,21,-0.05663,-0.05663,1,1
500,49,F105,F17,0.0,0.0,0.0,0.1553809642791748,0.007605075836181641,0.0,0.0,1,1,0.005752208978713985,0.005752208978713985,0.1413276195526123,0.007895946502685547,109,4,0.00575,0.00575,1,1
500,50,F84,F77,0.0,0.0,0.0,0.13881492614746094,0.010018348693847656,0.0,0.0,1,1,0.026865281844295253,0.026865281844295253,0.14676713943481445,0.008799076080322266,109,13,0.02687,0.02687,1,1
500,51,F100,F103,0.0,0.0,0.0,0.15816235542297363,0.004915475845336914,0.0,0.0,1,1,0.05474503186999502,0.02504707185825917,0.13068747520446777,0.0041656494140625,109,2,-0.08444|-0.02505,-0.02505,2,1
500,52,F81,F55,0.0,0.0,0.0,0.13203144073486328,0.00821828842163086,0.0,0.0,1,1,0.0022098567492767015,0.0022098567492767015,0.14960336685180664,0.005318880081176758,109,2,-0.00221,-0.00221,1,1
500,53,F57,F67,0.0,0.0,0.0,0.14911389350891113,0.005783557891845703,0.0,0.0,1,1,0.011984871655794956,0.011984871655794956,0.23936843872070312,0.008641719818115234,109,2,0.01198,0.01198,1,1
500,54,F52,F14,0.0,0.0,0.0,0.1527414321899414,0.004967451095581055,0.0,0.0,1,1,0.01980502299835254,1.0077050020240291e-05,0.13526582717895508,0.004186391830444336,109,2,-0.05746|-1e-05|0.00195,-1e-05,3,1
500,55,F75,F74,0.0,0.0,0.0,0.1433417797088623,0.005846261978149414,0.0,0.0,1,1,0.022335861320831894,0.022335861320831894,0.12871456146240234,0.00472569465637207,109,2,-0.02234,-0.02234,1,1
500,56,F79,F91,0.0,0.0,0.0,0.13222527503967285,0.006835460662841797,0.0,0.0,1,1,0.014442604395062253,0.014442604395062253,0.15005707740783691,0.005414485931396484,109,2,0.01444,0.01444,1,1
500,57,F32,F107,0.0,0.0,0.0,0.11994385719299316,0.005229949951171875,0.0,0.0,1,1,0.0055233342419475475,0.0055233342419475475,0.13657045364379883,0.004311561584472656,109,2,0.00552,0.00552,1,1
500,58,F36,F10,0.0,0.0,0.0,0.16086411476135254,0.006114482879638672,0.0,0.0,1,1,0.019991282632519616,0.019991282632519616,0.13195347785949707,0.006342411041259766,109,2,0.01999,0.01999,1,1
500,59,F103,F105,0.0,0.0,0.0,0.15059900283813477,0.007035255432128906,0.0,0.0,1,1,0.01680701053694743,0.01680701053694743,0.1303548812866211,0.006024599075317383,109,4,-0.01681,-0.01681,1,1
500,60,F32,F77,0.0,0.0,0.0,0.13095474243164062,0.0055904388427734375,0.0,0.0,1,1,0.028774653006722453,0.028774653006722453,0.15012192726135254,0.004227876663208008,109,2,0.02877,0.02877,1,1
500,61,F95,F88,0.0,0.0,0.0,0.14172935485839844,0.005126953125,0.0,0.0,1,1,0.03641911423953932,0.03641911423953932,0.14354920387268066,0.004197597503662109,109,2,0.03642,0.03642,1,1
500,62,F17,F47,0.0,0.0,0.0,0.14203143119812012,0.005472660064697266,0.0,0.0,1,1,0.018776357957150457,0.0050413055004218995,0.14071893692016602,0.004701137542724609,109,2,0.00504|0.03251,0.00504,2,1
500,63,F22,F64,0.0,0.0,0.0,0.14555811882019043,0.0056951045989990234,0.0,0.0,1,1,0.00869003165427113,0.0009158063893103902,0.13163208961486816,0.006464481353759766,109,2,-0.01646|0.00092,0.00092,2,1
500,64,F24,F78,0.0,0.0,0.0,0.14373469352722168,0.005049705505371094,0.0,0.0,1,1,0.03968625434883317,0.03968625434883317,0.14516186714172363,0.006898403167724609,109,2,0.03969,0.03969,1,1
500,65,F9,F89,0.0,0.0,0.0,0.1399061679840088,0.00789785385131836,0.0,0.0,1,1,0.007362128381041674,0.007362128381041674,0.16469335556030273,0.008023738861083984,109,2,0.00736,0.00736,1,1
500,66,F107,F45,0.0,0.0,0.0,0.1476595401763916,0.006090879440307617,0.0,0.0,1,1,0.04868359991804689,0.04868359991804689,0.13238883018493652,0.004256725311279297,109,2,0.04868,0.04868,1,1
500,67,F41,F90,9.466364623973875e-33,0.0,0.0,0.13397216796875,0.03393292427062988,0.0,0.0,1,1,0.25229729424279285,0.25229729424279285,0.15485095977783203,0.040190935134887695,109,23,-0.2523,-0.2523,1,1
500,68,F69,F73,0.0,0.0,0.0,0.17749285697937012,0.005278348922729492,0.0,0.0,1,1,0.005897413449922729,0.005897413449922729,0.13586115837097168,0.007413148880004883,109,2,-0.0059,-0.0059,1,1
500,69,F46,F32,0.0,0.0,0.0,0.1467452049255371,0.005362510681152344,0.0,0.0,1,1,0.02911184687087219,0.02911184687087219,0.1389467716217041,0.005644798278808594,109,2,-0.02911,-0.02911,1,1
500,70,F6,F51,0.0,0.0,0.0,0.14838600158691406,0.005198240280151367,0.0,0.0,1,1,0.009904912708740618,0.009904912708740618,0.1504678726196289,0.0042018890380859375,109,2,-0.0099,-0.0099,1,1
500,71,F23,F44,0.0,0.0,0.0,0.11706209182739258,0.0405583381652832,0.0,0.0,1,1,0.018958483222906337,0.018958483222906337,0.12985444068908691,0.038342952728271484,109,26,0.01896,0.01896,1,1
500,72,F21,F104,0.0,0.0,0.0,0.13690805435180664,0.0069925785064697266,0.0,0.0,1,1,0.03751238653479756,0.017017371576540385,0.14728569984436035,0.004186153411865234,109,2,0.01702|0.02255|0.07297,0.01702,3,1
500,73,F2,F24,0.0,0.0,0.0,0.13246583938598633,0.004990577697753906,0.0,0.0,1,1,0.023095404792507317,0.01817071884817449,0.1519477367401123,0.004215717315673828,109,2,-0.01817|0.02802,-0.01817,2,1
500,74,F32,F43,0.0,0.0,0.0,0.13889026641845703,0.005101442337036133,0.0,0.0,1,1,0.0057875098622357365,0.0057875098622357365,0.13385534286499023,0.005034446716308594,109,2,-0.00579,-0.00579,1,1
500,75,F52,F96,0.0,0.0,0.0,0.1531054973602295,0.009126901626586914,0.0,0.0,1,1,0.042236937148080876,0.02065563738205097,0.1295151710510254,0.007069110870361328,109,6,-0.08133|-0.02472|-0.02066,-0.02066,3,1
500,76,F21,F16,0.0,1.3216940769347095e-18,1.9825411154020644e-18,0.13649439811706543,0.005402803421020508,-0.0,-0.0,1,1,0.007679677178333296,0.004141585542016363,0.14865779876708984,0.006394147872924805,109,2,-0.01042|-0.00848|0.00414,0.00414,3,1
500,77,F54,F78,0.0,0.0,0.0,0.1408836841583252,0.0049839019775390625,0.0,0.0,1,1,0.07195328974397486,0.07195328974397486,0.1511399745941162,0.005887508392333984,109,2,-0.07195,-0.07195,1,1
500,78,F106,F43,0.0,0.0,0.0,0.14009928703308105,0.006135225296020508,0.0,0.0,1,1,0.03910956002866614,0.03910956002866614,0.13983392715454102,0.005469322204589844,109,2,-0.03911,-0.03911,1,1
500,79,F4,F19,0.0,0.0,0.0,0.14157557487487793,0.005124330520629883,0.0,0.0,1,1,0.0020833995783378864,0.0012988970270789671,0.14768671989440918,0.004244327545166016,109,2,-0.00287|0.0013,0.0013,2,1
500,80,F93,F65,0.0,0.0,0.0,0.1385655403137207,0.005174875259399414,0.0,0.0,1,1,0.08401539496050367,0.05778732297004361,0.15041279792785645,0.005402088165283203,109,2,-0.11024|-0.05779,-0.05779,2,1
500,81,F31,F18,-5.55111512312578e-17,0.0,0.0,0.13144135475158691,0.012148141860961914,-0.0,-0.0,1,1,0.014141710789735607,0.014141710789735607,0.14544892311096191,0.011107444763183594,109,5,-0.01414,-0.01414,1,1
500,82,F61,F24,0.0,0.0,0.0,0.15329766273498535,0.0073244571685791016,0.0,0.0,1,1,0.09942216101311831,0.09942216101311831,0.13941216468811035,0.005996227264404297,109,4,0.09942,0.09942,1,1
500,83,F35,F9,0.0,0.0,0.0,0.13311314582824707,0.005301713943481445,0.0,0.0,1,1,0.021941664577677662,0.021941664577677662,0.14892935752868652,0.004515886306762695,109,2,0.02194,0.02194,1,1
500,84,F83,F88,0.0,0.0,0.0,0.12917828559875488,0.009665250778198242,0.0,0.0,1,1,0.05303011897932685,0.05303011897932685,0.14134669303894043,0.0071258544921875,109,4,-0.05303,-0.05303,1,1
500,85,F85,F72,4.01794999388152e-16,0.0,0.0,0.16325616836547852,0.008966922760009766,0.0,0.0,1,1,0.05947623060168509,0.05947623060168509,0.15026450157165527,0.007657051086425781,109,10,-0.05948,-0.05948,1,1
500,86,F30,F54,0.0,0.0,0.0,0.14429497718811035,0.004948854446411133,0.0,0.0,1,1,0.013751744708273683,0.021211370050178754,0.13691258430480957,0.004969358444213867,109,2,-0.02121|-0.00629,-0.02121,2,1
500,87,F5,F77,0.0,0.0,0.0,0.15047264099121094,0.005007505416870117,0.0,0.0,1,1,0.07429419328746215,0.038440218312782715,0.14963483810424805,0.004395723342895508,109,2,-0.11015|-0.03844,-0.03844,2,1
500,88,F47,F20,1.227523373953112e-16,0.0,0.0,0.24423503875732422,0.03121662139892578,0.0,0.0,1,1,0.0413949798812685,0.0413949798812685,0.12556862831115723,0.033936500549316406,109,21,0.04139,0.04139,1,1
500,89,F29,F47,0.0,0.0,0.0,0.13849306106567383,0.0059947967529296875,0.0,0.0,1,1,0.005398262816431862,0.007727285479971897,0.13725733757019043,0.009034156799316406,109,2,-0.00773|0.00307,-0.00773,2,1
500,90,F7,F90,0.0,0.0,0.0,0.1356830596923828,0.005078554153442383,0.0,0.0,1,1,0.06385541870849636,0.06385541870849636,0.13544416427612305,0.00457453727722168,109,2,0.06386,0.06386,1,1
500,91,F3,F39,0.0,0.0,0.0,0.15979647636413574,0.005698442459106445,0.0,0.0,1,1,0.004802784518031977,0.0013789687408753946,0.12940430641174316,0.004291057586669922,109,2,0.00138|0.00823,0.00138,2,1
500,92,F49,F13,0.0,0.0,0.0,0.13900160789489746,0.005488395690917969,0.0,0.0,1,1,0.006313105491712709,0.006313105491712709,0.13108587265014648,0.0051157474517822266,109,2,0.00631,0.00631,1,1
500,93,F92,F50,0.0,0.0,0.0,0.13293790817260742,0.00530242919921875,0.0,0.0,1,1,0.02667251218992996,0.00946526951336471,0.14580035209655762,0.0044596195220947266,109,2,-0.04388|-0.00947,-0.00947,2,1
500,94,F62,F34,0.0,0.0,0.0,0.12596487998962402,0.007067441940307617,0.0,0.0,1,1,0.03332464451848915,0.03332464451848915,0.15330743789672852,0.0056056976318359375,109,2,-0.03332,-0.03332,1,1
500,95,F89,F92,0.0,0.0,0.0,0.14711904525756836,0.005437135696411133,0.0,0.0,1,1,0.060834577323971135,0.04688877757849755,0.14117813110351562,0.006316184997558594,109,2,-0.08507|-0.05055|-0.04689,-0.04689,3,1
500,96,F69,F83,0.0,0.0,0.0,0.15538620948791504,0.007061004638671875,0.0,0.0,1,1,0.014094126406465594,0.014094126406465594,0.13798093795776367,0.009610891342163086,109,4,-0.01409,-0.01409,1,1
500,97,F94,F4,0.0,0.0,0.0,0.14124822616577148,0.004991054534912109,0.0,0.0,1,1,0.06991673171591449,0.06991673171591449,0.1430048942565918,0.004682064056396484,109,2,-0.06992,-0.06992,1,1
500,98,F58,F108,0.0,0.0,0.0,0.13095951080322266,0.0050160884857177734,0.0,0.0,1,1,0.0729225489163902,0.0729225489163902,0.1482257843017578,0.0041620731353759766,109,2,0.07292,0.07292,1,1
500,99,F75,F26,0.0,0.0,0.0,0.14522385597229004,0.005147457122802734,0.0,0.0,1,1,0.031493028052598,0.031493028052598,0.13964486122131348,0.0042459964752197266,109,2,-0.03149,-0.03149,1,1
1000,0,F24,F2,0.0,0.0,0.0,0.15203571319580078,0.006382465362548828,0.0,0.0,1,1,0.019034052415371816,0.019034052415371816,0.13694334030151367,0.004311084747314453,109,2,0.01903,0.01903,1,1
1000,1,F50,F55,0.0,0.0,0.0,0.12984776496887207,0.006800174713134766,0.0,0.0,1,1,0.0050071264050416215,0.0050071264050416215,0.1469566822052002,0.005894660949707031,109,2,-0.00501,-0.00501,1,1
1000,2,F85,F79,0.0,0.0,0.0,0.14490318298339844,0.011985540390014648,0.0,0.0,1,1,0.09794509348727885,0.09794509348727885,0.15884637832641602,0.00665736198425293,109,7,0.09795,0.09795,1,1
1000,3,F59,F104,0.0,0.0,0.0,0.14762282371520996,0.005768537521362305,0.0,0.0,1,1,0.04022948494760056,0.04022948494760056,0.1305687427520752,0.0054473876953125,109,2,-0.04023,-0.04023,1,1
1000,4,F72,F22,4.740750632337812e-34,0.0,0.0,0.13642477989196777,0.008565187454223633,0.0,0.0,1,1,0.021000134361512234,0.021000134361512234,0.14320755004882812,0.00793004035949707,109,8,0.021,0.021,1,1
1000,5,F68,F106,0.0,0.0,0.0,0.13489294052124023,0.006773710250854492,0.0,0.0,1,1,0.023961787164405637,0.023961787164405637,0.21984529495239258,0.005036592483520508,109,2,0.02396,0.02396,1,1
1000,6,F45,F87,0.0,0.0,0.0,0.1392982006072998,0.005211353302001953,0.0,0.0,1,1,0.012197327037697358,0.012197327037697358,0.13305139541625977,0.004186868667602539,109,2,-0.0122,-0.0122,1,1
1000,7,F95,F14,0.0,0.0,0.0,0.1437971591949463,0.005560159683227539,0.0,0.0,1,1,0.017207248523610094,0.017207248523610094,0.12770867347717285,0.004290580749511719,109,2,-0.01721,-0.01721,1,1
1000,8,F55,F4,0.0,0.0,0.0,0.13901233673095703,0.006520986557006836,0.0,0.0,1,1,0.010682863125869767,0.008913361726385637,0.15285897254943848,0.005724191665649414,109,2,-0.01245|-0.00891,-0.00891,2,1
1000,9,F91,F2,0.0,0.0,0.0,0.13370037078857422,0.008327484130859375,0.0,0.0,1,1,0.018347949278625583,0.018347949278625583,0.14662957191467285,0.005160093307495117,109,2,0.01835,0.01835,1,1
1000,10,F23,F59,0.0,0.0,0.0,0.1522524356842041,0.005095005035400391,0.0,0.0,1,1,0.026237920392148006,0.026237920392148006,0.13423395156860352,0.004561662673950195,109,2,-0.02624,-0.02624,1,1
1000,11,F108,F79,0.0,0.0,0.0,0.15126681327819824,0.0057833194732666016,0.0,0.0,1,1,0.009921810796167042,0.009921810796167042,0.13724851608276367,0.004168272018432617,109,2,0.00992,0.00992,1,1
1000,12,F104,F1,0.0,0.0,0.0,0.12009191513061523,0.005956888198852539,0.0,0.0,1,1,0.032460129788455465,0.032460129788455465,0.13870811462402344,0.00467228889465332,109,2,-0.03246,-0.03246,1,1
1000,13,F52,F105,0.0,0.0,0.0,0.1346423625946045,0.007503032684326172,0.0,0.0,1,1,0.0414036596488453,0.012705144318165544,0.15469741821289062,0.007335662841796875,109,4,0.01271|0.04806|0.06344,0.01271,3,1
1000,14,F100,F7,0.0,0.0,0.0,0.14809441566467285,0.0051076412200927734,0.0,0.0,1,1,0.04316085584635014,0.015418102554986884,0.1300971508026123,0.004316806793212891,109,2,-0.0709|-0.01542,-0.01542,2,1
1000,15,F16,F99,6.162975822039155e-33,0.0,0.0,0.14430451393127441,0.00515437126159668,0.0,0.0,1,1,0.09173638111594885,0.05430356309009198,0.13240694999694824,0.007592201232910156,109,2,-0.12917|-0.0543,-0.0543,2,1
1000,16,F96,F89,-4.930380657631324e-33,0.0,0.0,0.13760805130004883,0.009419679641723633,-0.0,-0.0,1,1,0.06460899775766218,0.06460899775766218,0.13198041915893555,0.006432771682739258,109,6,0.06461,0.06461,1,1
1000,17,F56,F81,0.0,0.0,0.0,0.14713311195373535,0.009874820709228516,0.0,0.0,1,1,0.09595764676618743,0.09595764676618743,0.14176011085510254,0.007912635803222656,109,4,-0.09596,-0.09596,1,1
1000,18,F95,F66,0.0,0.0,0.0,0.14294886589050293,0.0053713321685791016,0.0,0.0,1,1,0.003423992127491686,0.003423992127491686,0.140974760055542,0.005632877349853516,109,2,0.00342,0.00342,1,1
1000,19,F91,F8,0.0,0.0,0.0,0.13336777687072754,0.005135297775268555,0.0,0.0,1,1,0.000262274844638132,0.000262274844638132,0.15032720565795898,0.004296779632568359,109,2,-0.00026,-0.00026,1,1
1000,20,F20,F61,0.0,0.0,0.0,0.13814139366149902,0.030718564987182617,0.0,0.0,1,1,0.054812548090031624,0.054812548090031624,0.1521134376525879,0.029714107513427734,109,23,0.05481,0.05481,1,1
1000,21,F1,F19,0.0,0.0,0.0,0.15422511100769043,0.006179332733154297,0.0,0.0,1,1,0.0011863896964980972,0.0011863896964980972,0.13353824615478516,0.004203319549560547,109,2,-0.00119,-0.00119,1,1
1000,22,F38,F34,0.0,0.0,0.0,0.12521910667419434,0.0053863525390625,0.0,0.0,1,1,0.009629331955240595,0.009629331955240595,0.13553380966186523,0.0042057037353515625,109,2,0.00963,0.00963,1,1
1000,23,F25,F84,0.0,0.0,0.0,0.1306166648864746,0.009870290756225586,0.0,0.0,1,1,0.050395296295616024,0.050395296295616024,0.13921904563903809,0.010007619857788086,109,13,0.0504,0.0504,1,1
1000,24,F20,F43,0.0,0.0,0.0,0.1457219123840332,0.030961275100708008,0.0,0.0,1,1,0.045346847277373724,0.045346847277373724,0.12967824935913086,0.03672647476196289,109,21,0.04535,0.04535,1,1
1000,25,F88,F102,0.0,0.0,0.0,0.11725115776062012,0.0053691864013671875,0.0,0.0,1,1,0.008660326896690142,0.00242919277452662,0.1443173885345459,0.004880428314208984,109,2,-0.01489|0.00243,0.00243,2,1
1000,26,F15,F77,0.0,0.0,0.0,0.13029885292053223,0.005514383316040039,0.0,0.0,1,1,0.02024560146767433,0.018153611488346755,0.15157246589660645,0.006170988082885742,109,2,-0.02234|-0.01815,-0.01815,2,1
1000,27,F107,F72,0.0,0.0,0.0,0.15207195281982422,0.009212493896484375,0.0,0.0,1,1,0.002338854920945719,0.002338854920945719,0.13137459754943848,0.009868860244750977,109,8,-0.00234,-0.00234,1,1
1000,28,F28,F95,0.0,0.0,0.0,0.13267207145690918,0.0050356388092041016,0.0,0.0,1,1,0.018300325279074853,0.018300325279074853,0.15412116050720215,0.004243135452270508,109,2,-0.0183,-0.0183,1,1
1000,29,F25,F103,0.0,0.0,0.0,0.13998889923095703,0.005026578903198242,0.0,0.0,1,1,0.013208834546721058,0.013208834546721058,0.14350104331970215,0.004205942153930664,109,2,0.01321,0.01321,1,1
1000,30,F1,F28,0.0,0.0,0.0,0.13280415534973145,0.005965471267700195,0.0,0.0,1,1,0.024477056087744666,0.024477056087744666,0.1387484073638916,0.00421452522277832,109,2,0.02448,0.02448,1,1
1000,31,F68,F71,0.0,0.0,0.0,0.1376361846923828,0.006652116775512695,0.0,0.0,1,1,0.019453425049790734,0.019453425049790734,0.14275193214416504,0.004415035247802734,109,2,-0.01945,-0.01945,1,1
1000,32,F79,F37,0.0,0.0,0.0,0.13311362266540527,0.005495786666870117,0.0,0.0,1,1,0.0540883493573135,0.0540883493573135,0.1435999870300293,0.005477428436279297,109,2,-0.05409,-0.05409,1,1
1000,33,F57,F66,0.0,0.0,0.0,0.12480640411376953,0.00618433952331543,0.0,0.0,1,1,0.0290627580564716,0.0290627580564716,0.13548588752746582,0.004301786422729492,109,2,0.02906,0.02906,1,1
1000,34,F101,F66,0.0,0.0,0.0,0.13706517219543457,0.005100727081298828,0.0,0.0,1,1,0.00837078743702301,0.00837078743702301,0.12148380279541016,0.005965709686279297,109,2,-0.00837,-0.00837,1,1
1000,35,F88,F25,0.0,0.0,0.0,0.13849449157714844,0.006554841995239258,0.0,0.0,1,1,0.02558895716287042,0.010213061010351288,0.12108755111694336,0.006369352340698242,109,2,0.01021|0.04096,0.01021,2,1
1000,36,F47,F104,0.0,0.0,0.0,0.13283181190490723,0.005872488021850586,0.0,0.0,1,1,0.018751581822959974,0.018751581822959974,0.14813518524169922,0.004336357116699219,109,2,-0.01875,-0.01875,1,1
1000,37,F59,F46,0.0,0.0,0.0,0.13492512702941895,0.005904436111450195,0.0,0.0,1,1,0.023791741867864143,0.023791741867864143,0.15091514587402344,0.004441738128662109,109,2,0.02379,0.02379,1,1
1000,38,F45,F51,0.0,0.0,0.0,0.13666081428527832,0.005246400833129883,0.0,0.0,1,1,0.0018229611497537792,0.0018229611497537792,0.12192440032958984,0.004441022872924805,109,2,-0.00182,-0.00182,1,1
1000,39,F15,F4,0.0,0.0,0.0,0.1250596046447754,0.006647586822509766,0.0,0.0,1,1,0.006430782865490432,0.004614569837329092,0.1294698715209961,0.0051419734954833984,109,2,-0.00825|0.00461,0.00461,2,1
1000,40,F77,F30,0.0,0.0,0.0,0.20956039428710938,0.005245685577392578,0.0,0.0,1,1,0.02618695858072485,0.02618695858072485,0.14197540283203125,0.0047609806060791016,109,2,-0.02619,-0.02619,1,1
1000,41,F94,F69,0.0,0.0,0.0,0.12096238136291504,0.005293369293212891,0.0,0.0,1,1,0.022554505436369904,0.022554505436369904,0.13443207740783691,0.00548100471496582,109,2,-0.02255,-0.02255,1,1
1000,42,F105,F68,0.0,0.0,0.0,0.13090229034423828,0.0068552494049072266,0.0,0.0,1,1,0.04644729682082811,0.04644729682082811,0.12474942207336426,0.00598907470703125,109,4,0.04645,0.04645,1,1
1000,43,F47,F37,0.0,0.0,0.0,0.14121508598327637,0.015501976013183594,0.0,0.0,1,1,0.00810461995065546,0.00810461995065546,0.1298692226409912,0.006696939468383789,109,2,-0.0081,-0.0081,1,1
1000,44,F76,F51,0.0,0.0,0.0,0.13527750968933105,0.0072896480560302734,0.0,0.0,1,1,0.047992629860607934,0.047992629860607934,0.14748930931091309,0.004910469055175781,109,2,0.04799,0.04799,1,1
1000,45,F6,F84,0.0,0.0,0.0,0.14539861679077148,0.009827136993408203,0.0,0.0,1,1,0.009252568779446173,0.009252568779446173,0.13071012496948242,0.008542776107788086,109,13,0.00925,0.00925,1,1
1000,46,F42,F39,0.0,0.0,0.0,0.14584732055664062,0.005691051483154297,0.0,0.0,1,1,0.04637650996212746,0.04637650996212746,0.13911867141723633,0.005022287368774414,109,2,-0.04638,-0.04638,1,1
1000,47,F97,F17,-3.722686280064191e-17,0.0,0.0,0.146040678024292,0.02111983299255371,-0.0,-0.0,1,1,0.037793076582781596,0.037793076582781596,0.15234804153442383,0.028023242950439453,109,20,0.03779,0.03779,1,1
1000,48,F68,F15,0.0,0.0,0.0,0.14779448509216309,0.005855560302734375,0.0,0.0,1,1,0.021222849006171763,0.021222849006171763,0.13648343086242676,0.004387617111206055,109,2,0.02122,0.02122,1,1
1000,49,F68,F23,0.0,0.0,0.0,0.15463876724243164,0.0050296783447265625,0.0,0.0,1,1,0.05683455170993318,0.05683455170993318,0.13519287109375,0.006896495819091797,109,2,-0.05683,-0.05683,1,1
1000,50,F60,F42,0.0,0.0,0.0,0.1355443000793457,0.004946708679199219,0.0,0.0,1,1,0.015955009621052268,0.015955009621052268,0.1486983299255371,0.004195213317871094,109,2,-0.01596,-0.01596,1,1
1000,51,F13,F71,0.0,0.0,0.0,0.1376347541809082,0.005189180374145508,0.0,0.0,1,1,0.010118842315097831,0.018795226891359675,0.15462803840637207,0.007643461227416992,109,2,-0.0188|0.00144,-0.0188,2,1
1000,52,F66,F63,0.0,0.0,0.0,0.14150452613830566,0.00513911247253418,0.0,0.0,1,1,0.012673153526845489,0.012673153526845489,0.13130974769592285,0.00437164306640625,109,2,0.01267,0.01267,1,1
1000,53,F75,F50,0.0,0.0,0.0,0.14256739616394043,0.005101203918457031,0.0,0.0,1,1,0.012776406500840045,0.012776406500840045,0.13117027282714844,0.015135765075683594,109,2,0.01278,0.01278,1,1
1000,54,F10,F33,0.0,0.0,0.0,0.1280655860900879,0.005104541778564453,0.0,0.0,1,1,0.0007197608761484614,0.0007197608761484614,0.1641368865966797,0.005751609802246094,109,2,-0.00072,-0.00072,1,1
1000,55,F71,F34,0.0,0.0,0.0,0.14852213859558105,0.0053806304931640625,0.0,0.0,1,1,0.00711504288207849,0.00711504288207849,0.13672900199890137,0.004358053207397461,109,2,0.00712,0.00712,1,1
1000,56,F67,F4,0.0,0.0,0.0,0.15616226196289062,0.005136966705322266,0.0,0.0,1,1,0.01050648195193852,0.01050648195193852,0.1407914161682129,0.004426240921020508,109,2,-0.01051,-0.01051,1,1
1000,57,F20,F93,3.9282253944758166e-17,0.0,0.0,0.12954378128051758,0.031914710998535156,0.0,0.0,1,1,0.07025429047315648,0.07025429047315648,0.22574353218078613,0.028850078582763672,109,20,0.07025,0.07025,1,1
1000,58,F6,F16,0.0,0.0,0.0,0.14776873588562012,0.0050351619720458984,0.0,0.0,1,1,0.013906586608695252,0.013906586608695252,0.13692927360534668,0.0044269561767578125,109,2,-0.01391,-0.01391,1,1
1000,59,F80,F55,0.0,0.0,0.0,0.1286463737487793,0.006326436996459961,0.0,0.0,1,1,0.00680642227539958,0.00680642227539958,0.12690067291259766,0.00437164306640625,109,2,-0.00681,-0.00681,1,1
1000,60,F25,F99,0.0,0.0,0.0,0.1412053108215332,0.005550384521484375,0.0,0.0,1,1,0.008649768619560814,0.008649768619560814,0.14344096183776855,0.004346132278442383,109,2,-0.00865,-0.00865,1,1
1000,61,F68,F59,0.0,0.0,0.0,0.11870741844177246,0.005069732666015625,0.0,0.0,1,1,0.005033040598364623,0.005033040598364623,0.13350701332092285,0.004277944564819336,109,2,-0.00503,-0.00503,1,1
1000,62,F59,F19,0.0,0.0,0.0,0.14735102653503418,0.005132436752319336,0.0,0.0,1,1,0.008127523779693358,0.008127523779693358,0.13377714157104492,0.0044744014739990234,109,2,0.00813,0.00813,1,1
1000,63,F96,F80,0.0,0.0,0.0,0.1464064121246338,0.007807016372680664,0.0,0.0,1,1,0.007902330936879939,0.007902330936879939,0.14150404930114746,0.00715947151184082,109,6,-0.0079,-0.0079,1,1
1000,64,F91,F26,0.0,0.0,0.0,0.13587379455566406,0.005338191986083984,0.0,0.0,1,1,0.014555112319885365,0.014555112319885365,0.15450024604797363,0.004189014434814453,109,2,0.01456,0.01456,1,1
1000,65,F41,F15,2.9350737752174423e-31,0.0,0.0,0.1401357650756836,0.03997969627380371,0.0,0.0,1,1,0.31035394930984533,0.31035394930984533,0.15030550956726074,0.03210711479187012,109,23,-0.31035,-0.31035,1,1
1000,66,F23,F28,0.0,0.0,0.0,0.15293645858764648,0.007068157196044922,0.0,0.0,1,1,0.0007682856584241587,0.0007682856584241587,0.14695072174072266,0.004269838333129883,109,2,-0.00077,-0.00077,1,1
1000,67,F1,F89,0.0,0.0,0.0,0.138824462890625,0.005012035369873047,0.0,0.0,1,1,0.02361362779602228,0.02361362779602228,0.14312458038330078,0.005353450775146484,109,2,-0.02361,-0.02361,1,1
1000,68,F92,F89,0.0,0.0,0.0,0.16243290901184082,0.0052564144134521484,0.0,0.0,1,1,0.011497634582859111,0.011182410477921076,0.13184142112731934,0.004317522048950195,109,2,-0.01118|0.01181,-0.01118,2,1
1000,69,F42,F1,0.0,0.0,0.0,0.16107916831970215,0.005166769027709961,0.0,0.0,1,1,0.008991802652121818,0.008991802652121818,0.12842416763305664,0.004619121551513672,109,2,-0.00899,-0.00899,1,1
1000,70,F72,F12,0.0,0.0,0.0,0.13318204879760742,0.00975799560546875,0.0,0.0,1,1,0.002227029988679411,0.002227029988679411,0.1401805877685547,0.010278940200805664,109,8,-0.00223,-0.00223,1,1
1000,71,F12,F38,0.0,0.0,0.0,0.13298320770263672,0.0057222843170166016,0.0,0.0,1,1,0.007293337496789836,0.007293337496789836,0.14795804023742676,0.004934787750244141,109,2,0.00729,0.00729,1,1
1000,72,F57,F14,0.0,0.0,0.0,0.16079974174499512,0.004976511001586914,0.0,0.0,1,1,0.011930623236951585,0.011930623236951585,0.1472182273864746,0.004260540008544922,109,2,-0.01193,-0.01193,1,1
1000,73,F37,F57,0.0,0.0,0.0,0.13837909698486328,0.0057430267333984375,0.0,0.0,1,1,0.0016705005758496994,0.0016705005758496994,0.14430856704711914,0.004626035690307617,109,2,-0.00167,-0.00167,1,1
1000,74,F81,F54,0.0,0.0,0.0,0.13377833366394043,0.005201578140258789,0.0,0.0,1,1,0.016700290988844745,0.016700290988844745,0.22990012168884277,0.0057756900787353516,109,2,-0.0167,-0.0167,1,1
1000,75,F71,F100,0.0,0.0,0.0,0.1332690715789795,0.005286693572998047,0.0,0.0,1,1,0.018270263801823387,0.018270263801823387,0.14410400390625,0.007761240005493164,109,2,-0.01827,-0.01827,1,1
1000,76,F34,F93,0.0,0.0,0.0,0.1302192211151123,0.005339384078979492,0.0,0.0,1,1,0.02115543181209652,0.02115543181209652,0.12498903274536133,0.0042650699615478516,109,2,-0.02116,-0.02116,1,1
1000,77,F52,F97,0.0,0.0,0.0,0.1375138759613037,0.031064987182617188,0.0,0.0,1,1,0.021016321938759363,0.010162876962755484,0.14537310600280762,0.023441314697265625,109,20,-0.04162|-0.01126|-0.01016,-0.01016,3,1
1000,78,F99,F18,0.0,0.0,0.0,0.14979839324951172,0.0051915645599365234,0.0,0.0,1,1,0.012418042491953477,0.012418042491953477,0.13951683044433594,0.0042819976806640625,109,2,-0.01242,-0.01242,1,1
1000,79,F9,F49,0.0,0.0,0.0,0.14110684394836426,0.00731658935546875,0.0,0.0,1,1,0.01775236573178678,0.01775236573178678,0.13467121124267578,0.007414102554321289,109,2,-0.01775,-0.01775,1,1
1000,80,F73,F103,0.0,0.0,0.0,0.12849879264831543,0.005117177963256836,0.0,0.0,1,1,0.021419637499580854,0.021419637499580854,0.1465303897857666,0.004281759262084961,109,2,-0.02142,-0.02142,1,1
1000,81,F16,F95,0.0,0.0,0.0,0.13908076286315918,0.00545501708984375,0.0,0.0,1,1,0.055464291551233544,0.03702043373013941,0.15221500396728516,0.004394054412841797,109,2,0.03702|0.07391,0.03702,2,1
1000,82,F24,F17,0.0,0.0,0.0,0.13593435287475586,0.0058536529541015625,0.0,0.0,1,1,0.010367808726754867,0.010367808726754867,0.13397216796875,0.004801511764526367,109,2,0.01037,0.01037,1,1
1000,83,F95,F48,0.0,0.0,0.0,0.1504669189453125,0.0054590702056884766,0.0,0.0,1,1,0.007037216297616598,0.007037216297616598,0.14510440826416016,0.0042340755462646484,109,2,0.00704,0.00704,1,1
1000,84,F47,F35,0.0,0.0,0.0,0.12936830520629883,0.006214618682861328,0.0,0.0,1,1,0.014513659672013159,0.014513659672013159,0.14318633079528809,0.007914543151855469,109,2,-0.01451,-0.01451,1,1
1000,85,F12,F47,0.0,0.0,0.0,0.13821101188659668,0.005375385284423828,0.0,0.0,1,1,0.0024370086732504533,0.0024370086732504533,0.152787446975708,0.004399776458740234,109,2,0.00244,0.00244,1,1
1000,86,F78,F68,0.0,0.0,0.0,0.1401073932647705,0.0051021575927734375,0.0,0.0,1,1,0.013776747371910456,0.004611858621454159,0.13233685493469238,0.004254817962646484,109,2,-0.02294|-0.00461,-0.00461,2,1
1000,87,F36,F52,0.0,0.0,0.0,0.13700103759765625,0.005206584930419922,0.0,0.0,1,1,0.033163940120467264,0.033163940120467264,0.12770581245422363,0.007032155990600586,109,2,-0.03316,-0.03316,1,1
1000,88,F55,F27,0.0,0.0,0.0,0.12816739082336426,0.005478620529174805,0.0,0.0,1,1,0.003407474439247462,0.0018021423264494084,0.15174627304077148,0.004245758056640625,109,2,-0.00501|-0.0018,-0.0018,2,1
1000,89,F28,F12,0.0,0.0,0.0,0.14850783348083496,0.009791374206542969,0.0,0.0,1,1,0.019799715595561936,0.019799715595561936,0.1551680564880371,0.005981922149658203,109,2,-0.0198,-0.0198,1,1
1000,90,F88,F101,0.0,0.0,0.0,0.13955330848693848,0.005591869354248047,0.0,0.0,1,1,0.015257585636874614,0.002012379248609395,0.14549875259399414,0.005110025405883789,109,2,-0.00201|0.0285,-0.00201,2,1
1000,91,F49,F99,0.0,0.0,0.0,0.14548110961914062,0.005147457122802734,0.0,0.0,1,1,0.0033736856004029656,0.0033736856004029656,0.16246914863586426,0.00820469856262207,109,2,-0.00337,-0.00337,1,1
1000,92,F10,F103,0.0,0.0,0.0,0.13392210006713867,0.005131721496582031,0.0,0.0,1,1,0.010717256701178396,0.010717256701178396,0.14121770858764648,0.004295825958251953,109,2,0.01072,0.01072,1,1
1000,93,F95,F63,0.0,0.0,0.0,0.1406104564666748,0.005082368850708008,0.0,0.0,1,1,0.02892537274547395,0.02892537274547395,0.13810491561889648,0.004842042922973633,109,2,0.02893,0.02893,1,1
1000,94,F45,F93,0.0,0.0,0.0,0.1471724510192871,0.006403684616088867,0.0,0.0,1,1,0.007506573393355387,0.007506573393355387,0.12992000579833984,0.00499272346496582,109,2,0.00751,0.00751,1,1
1000,95,F59,F28,0.0,0.0,0.0,0.13589119911193848,0.007221221923828125,0.0,0.0,1,1,0.005423425915341344,0.005423425915341344,0.14006471633911133,0.005537986755371094,109,2,-0.00542,-0.00542,1,1
1000,96,F29,F50,0.0,0.0,0.0,0.1240684986114502,0.0058095455169677734,0.0,0.0,1,1,0.015973492036283322,0.012219449823678367,0.13698887825012207,0.005261421203613281,109,2,0.01222|0.01973,0.01222,2,1
1000,97,F21,F61,0.0,0.0,0.0,0.15658926963806152,0.007782697677612305,0.0,0.0,1,1,0.00990014713368697,0.004273211214979941,0.14607572555541992,0.006254434585571289,109,4,-0.01825|0.00427|0.00718,0.00427,3,1
1000,98,F31,F34,0.0,0.0,0.0,0.1488666534423828,0.01221609115600586,0.0,0.0,1,1,0.06070350374883633,0.06070350374883633,0.13795804977416992,0.013341188430786133,109,5,-0.0607,-0.0607,1,1
1000,99,F40,F94,0.0,0.0,0.0,0.14638543128967285,0.005213499069213867,0.0,0.0,1,1,0.020207659316914352,0.020207659316914352,0.14766263961791992,0.004411458969116211,109,2,-0.02021,-0.02021,1,1
2500,0,F15,F48,0.0,1.1102230246251565e-16,2.220446049250313e-16,0.13274836540222168,0.005195140838623047,0.0,0.0,1,1,0.015795393288350116,0.011799572360625824,0.14857029914855957,0.004210472106933594,109,2,-0.01979|-0.0118,-0.0118,2,1
2500,1,F5,F47,0.0,0.0,0.0,0.13847088813781738,0.005169868469238281,0.0,0.0,1,1,0.03352861752414763,0.017972963486224573,0.13258671760559082,0.004244089126586914,109,2,0.01797|0.04908,0.01797,2,1
2500,2,F52,F67,0.0,0.0,0.0,0.15153050422668457,0.005205869674682617,0.0,0.0,1,1,0.008597119615939492,0.0005453881980858863,0.13625264167785645,0.004515647888183594,109,2,-0.01531|-0.00055|0.00994,-0.00055,3,1
2500,3,F37,F12,0.0,0.0,0.0,0.12618494033813477,0.0052318572998046875,0.0,0.0,1,1,0.010026136594137385,0.010026136594137385,0.15387439727783203,0.0064983367919921875,109,2,-0.01003,-0.01003,1,1
2500,4,F32,F10,0.0,0.0,0.0,0.1263432502746582,0.006819486618041992,0.0,0.0,1,1,0.0018210841489847518,0.0018210841489847518,0.15494608879089355,0.0044651031494140625,109,2,-0.00182,-0.00182,1,1
2500,5,F29,F43,0.0,0.0,0.0,0.14822077751159668,0.005986213684082031,0.0,0.0,1,1,0.050112023117184795,0.02556113486309091,0.13901948928833008,0.006551027297973633,109,2,-0.07466|-0.02556,-0.02556,2,1
2500,6,F42,F102,0.0,0.0,0.0,0.13118481636047363,0.005868196487426758,0.0,0.0,1,1,0.008765453691439258,0.008765453691439258,0.15506196022033691,0.01480412483215332,109,2,-0.00877,-0.00877,1,1
2500,7,F15,F80,0.0,0.0,0.0,0.12253618240356445,0.005098819732666016,0.0,0.0,1,1,0.014290978323900005,0.0025064159311694876,0.14686250686645508,0.004263877868652344,109,2,-0.02608|0.00251,0.00251,2,1
2500,8,F97,F38,0.0,0.0,0.0,0.15673589706420898,0.023108959197998047,0.0,0.0,1,1,0.052188810518624756,0.052188810518624756,0.1363661289215088,0.019936561584472656,109,20,0.05219,0.05219,1,1
2500,9,F4,F59,0.0,0.0,0.0,0.22142744064331055,0.005245685577392578,0.0,0.0,1,1,0.012382759078884188,0.007145883064443181,0.14544367790222168,0.004125118255615234,109,2,-0.01762|-0.00715,-0.00715,2,1
2500,10,F49,F59,0.0,0.0,0.0,0.1322615146636963,0.005036830902099609,0.0,0.0,1,1,0.006782988034642242,0.006782988034642242,0.14851999282836914,0.0043981075286865234,109,2,-0.00678,-0.00678,1,1
2500,11,F81,F33,0.0,0.0,0.0,0.14262914657592773,0.00590968132019043,0.0,0.0,1,1,0.003085602688856626,0.003085602688856626,0.13212847709655762,0.0057566165924072266,109,2,-0.00309,-0.00309,1,1
2500,12,F65,F86,0.0,0.0,0.0,0.16440629959106445,0.006944179534912109,0.0,0.0,1,1,0.011829428717120206,0.011829428717120206,0.14472723007202148,0.0061931610107421875,109,4,-0.01183,-0.01183,1,1
2500,13,F22,F39,0.0,0.0,0.0,0.1494767665863037,0.005139350891113281,0.0,0.0,1,1,0.011124802128275579,0.002628750231701134,0.14592456817626953,0.0046558380126953125,109,2,-0.01962|-0.00263,-0.00263,2,1
2500,14,F107,F60,0.0,0.0,0.0,0.13529324531555176,0.0052492618560791016,0.0,0.0,1,1,0.009242998868409758,0.009242998868409758,0.14770913124084473,0.004260063171386719,109,2,0.00924,0.00924,1,1
2500,15,F65,F97,0.0,0.0,0.0,0.13837456703186035,0.023047447204589844,0.0,0.0,1,1,0.003292530976014613,0.003292530976014613,0.13504505157470703,0.02289414405822754,109,20,0.00329,0.00329,1,1
2500,16,F16,F56,0.0,0.0,0.0,0.13558530807495117,0.007121086120605469,0.0,0.0,1,1,0.047321320595293245,0.02653209424403847,0.1481931209564209,0.006157398223876953,109,4,0.02653|0.06811,0.02653,2,1
2500,17,F80,F65,0.0,0.0,0.0,0.1385810375213623,0.008910179138183594,0.0,0.0,1,1,0.004029565853023322,0.004029565853023322,0.1515357494354248,0.005692720413208008,109,2,-0.00403,-0.00403,1,1
2500,18,F52,F80,0.0,0.0,0.0,0.15567588806152344,0.005139589309692383,0.0,0.0,1,1,0.011642168820867162,0.0027838874829688924,0.13733172416687012,0.005129098892211914,109,2,-0.01093|0.00278|0.02121,0.00278,3,1
2500,19,F90,F2,0.0,0.0,0.0,0.14648914337158203,0.006038665771484375,0.0,0.0,1,1,0.012755020610361704,0.0007455472796215779,0.13113641738891602,0.004170656204223633,109,2,-0.02476|-0.00075,-0.00075,2,1
2500,20,F103,F107,0.0,0.0,0.0,0.13660287857055664,0.005510091781616211,0.0,0.0,1,1,0.019894871658944324,0.019894871658944324,0.1466834545135498,0.004232645034790039,109,2,0.01989,0.01989,1,1
2500,21,F96,F57,0.0,0.0,0.0,0.13940739631652832,0.008647441864013672,0.0,0.0,1,1,0.029315148924756677,0.029315148924756677,0.13662195205688477,0.008990764617919922,109,6,-0.02932,-0.02932,1,1
2500,22,F61,F90,0.0,0.0,0.0,0.14342355728149414,0.007818460464477539,0.0,0.0,1,1,0.03651129673325422,0.03651129673325422,0.14270782470703125,0.011539936065673828,109,4,-0.03651,-0.03651,1,1
2500,23,F103,F34,0.0,0.0,0.0,0.1345686912536621,0.0060710906982421875,0.0,0.0,1,1,0.016842812278070725,0.016842812278070725,0.16367626190185547,0.004412412643432617,109,2,-0.01684,-0.01684,1,1
2500,24,F16,F75,0.0,0.0,0.0,0.14218950271606445,0.004963874816894531,0.0,0.0,1,1,0.019181352870584714,0.013489221840516761,0.15367746353149414,0.008196115493774414,109,2,-0.02487|-0.01349,-0.01349,2,1
2500,25,F91,F48,0.0,0.0,0.0,0.14826726913452148,0.005285024642944336,0.0,0.0,1,1,0.01693344413293234,0.01693344413293234,0.14056873321533203,0.004416942596435547,109,2,0.01693,0.01693,1,1
2500,26,F52,F90,0.0,0.0,0.0,0.15400409698486328,0.005143404006958008,0.0,0.0,1,1,0.011646720279164786,0.0032660085206056926,0.21851778030395508,0.005957365036010742,109,2,-0.01431|-0.00327|0.01736,-0.00327,3,1
2500,27,F6,F24,0.0,0.0,0.0,0.1295759677886963,0.00538325309753418,0.0,0.0,1,1,0.009708786570099394,0.009708786570099394,0.14692401885986328,0.00457453727722168,109,2,0.00971,0.00971,1,1
2500,28,F28,F6,0.0,0.0,0.0,0.13989496231079102,0.007912158966064453,0.0,0.0,1,1,0.005561682983721364,0.005561682983721364,0.14226984977722168,0.004297733306884766,109,2,-0.00556,-0.00556,1,1
2500,29,F54,F103,0.0,0.0,0.0,0.1458287239074707,0.0072519779205322266,0.0,0.0,1,1,0.01793280392188362,0.01793280392188362,0.15438127517700195,0.008550882339477539,109,2,-0.01793,-0.01793,1,1
2500,30,F24,F70,0.0,0.0,0.0,0.14407730102539062,0.0049686431884765625,0.0,0.0,1,1,0.018680757292321572,0.018680757292321572,0.13480234146118164,0.006825447082519531,109,2,-0.01868,-0.01868,1,1
2500,31,F38,F18,0.0,0.0,0.0,0.13877344131469727,0.006174802780151367,0.0,0.0,1,1,0.0026883689282112913,0.0026883689282112913,0.15193963050842285,0.004786968231201172,109,2,-0.00269,-0.00269,1,1
2500,32,F90,F54,0.0,0.0,0.0,0.13428640365600586,0.005578517913818359,0.0,0.0,1,1,0.008968727783086909,0.001210169647806994,0.15397214889526367,0.0044248104095458984,109,2,-0.01673|0.00121,0.00121,2,1
2500,33,F94,F48,0.0,0.0,0.0,0.146315336227417,0.005129337310791016,0.0,0.0,1,1,0.00520283649657454,0.00520283649657454,0.13052606582641602,0.004822492599487305,109,2,0.0052,0.0052,1,1
2500,34,F48,F75,0.0,0.0,0.0,0.1505601406097412,0.005105733871459961,0.0,0.0,1,1,0.009724334842699724,0.009724334842699724,0.13611841201782227,0.004168033599853516,109,2,-0.00972,-0.00972,1,1
2500,35,F102,F78,0.0,0.0,0.0,0.15234875679016113,0.008846759796142578,0.0,0.0,1,1,0.034525674574302334,0.034525674574302334,0.15090584754943848,0.006264209747314453,109,2,0.03453,0.03453,1,1
2500,36,F7,F101,0.0,0.0,0.0,0.13533782958984375,0.006755828857421875,0.0,0.0,1,1,0.018559461924960878,0.018559461924960878,0.14531159400939941,0.005017280578613281,109,2,-0.01856,-0.01856,1,1
2500,37,F49,F20,1.227523373953112e-16,0.0,0.0,0.13716793060302734,0.02788519859313965,0.0,0.0,1,1,0.007985322594335952,0.007985322594335952,0.13619399070739746,0.025928020477294922,109,21,-0.00799,-0.00799,1,1
2500,38,F65,F22,0.0,0.0,0.0,0.14409351348876953,0.005034208297729492,0.0,0.0,1,1,0.014576918008611727,0.014576918008611727,0.15301299095153809,0.006617307662963867,109,2,-0.01458,-0.01458,1,1
2500,39,F57,F21,0.0,0.0,0.0,0.13912487030029297,0.0049707889556884766,0.0,0.0,1,1,0.01805762637150297,0.01805762637150297,0.1435685157775879,0.0041768550872802734,109,2,-0.01806,-0.01806,1,1
2500,40,F27,F17,0.0,0.0,0.0,0.14266753196716309,0.007683753967285156,0.0,0.0,1,1,0.023502141315225624,0.023502141315225624,0.14310622215270996,0.005240201950073242,109,2,0.0235,0.0235,1,1
2500,41,F98,F95,0.0,0.0,0.0,0.13802194595336914,0.012527227401733398,0.0,0.0,1,1,0.05105835654098722,0.05105835654098722,0.15619349479675293,0.010446786880493164,109,5,-0.05106,-0.05106,1,1
2500,42,F46,F104,0.0,0.0,0.0,0.1446702480316162,0.0054547786712646484,0.0,0.0,1,1,0.00020268443754673066,0.00020268443754673066,0.1457655429840088,0.0044097900390625,109,2,0.0002,0.0002,1,1
2500,43,F83,F74,0.0,0.0,0.0,0.15004992485046387,0.007475614547729492,0.0,0.0,1,1,0.0013255192400570255,0.0013255192400570255,0.13413381576538086,0.009244203567504883,109,4,0.00133,0.00133,1,1
2500,44,F27,F101,0.0,0.0,0.0,0.14094948768615723,0.005538463592529297,0.0,0.0,1,1,0.019699323461965467,0.019699323461965467,0.13821744918823242,0.006155490875244141,109,2,0.0197,0.0197,1,1
2500,45,F96,F46,0.0,0.0,0.0,0.12856578826904297,0.00771021842956543,0.0,0.0,1,1,0.008657922877412292,0.008657922877412292,0.13236594200134277,0.00673365592956543,109,6,0.00866,0.00866,1,1
2500,46,F48,F10,0.0,0.0,0.0,0.12794780731201172,0.007308483123779297,0.0,0.0,1,1,0.011728942236783339,0.011728942236783339,0.1424872875213623,0.0049479007720947266,109,2,0.01173,0.01173,1,1
2500,47,F75,F68,0.0,0.0,0.0,0.1415727138519287,0.0050275325775146484,0.0,0.0,1,1,0.005608093666294396,0.005608093666294396,0.1417551040649414,0.0044765472412109375,109,2,0.00561,0.00561,1,1
2500,48,F92,F99,0.0,0.0,0.0,0.14343523979187012,0.007420539855957031,0.0,0.0,1,1,0.007234913002657016,0.005336695848587689,0.1347370147705078,0.00437164306640625,109,2,0.00534|0.00913,0.00534,2,1
2500,49,F49,F3,0.0,0.0,0.0,0.12508106231689453,0.005038738250732422,0.0,0.0,1,1,0.0031715409443746133,0.0031715409443746133,0.14128994941711426,0.004472255706787109,109,2,-0.00317,-0.00317,1,1
2500,50,F6,F47,0.0,0.0,0.0,0.1358659267425537,0.005076408386230469,0.0,0.0,1,1,0.00861451512633684,0.00861451512633684,0.1386091709136963,0.004260540008544922,109,2,-0.00861,-0.00861,1,1
2500,51,F80,F67,0.0,0.0,0.0,0.1391761302947998,0.007157087326049805,0.0,0.0,1,1,0.007433271976417351,0.007433271976417351,0.13104796409606934,0.004523038864135742,109,2,0.00743,0.00743,1,1
2500,52,F46,F57,0.0,0.0,0.0,0.1504988670349121,0.00543665885925293,0.0,0.0,1,1,0.01111356423462822,0.01111356423462822,0.1373593807220459,0.004773616790771484,109,2,0.01111,0.01111,1,1
2500,53,F1,F88,0.0,0.0,0.0,0.14027929306030273,0.005143165588378906,0.0,0.0,1,1,0.019691631281305088,0.019691631281305088,0.1542658805847168,0.004296541213989258,109,2,-0.01969,-0.01969,1,1
2500,54,F65,F101,0.0,0.0,0.0,0.13612914085388184,0.01049947738647461,0.0,0.0,1,1,0.0002930131798970384,0.0002930131798970384,0.15301036834716797,0.006679534912109375,109,2,0.00029,0.00029,1,1
2500,55,F7,F85,0.0,0.0,0.0,0.14194583892822266,0.007643699645996094,0.0,0.0,1,1,0.009845744190241656,0.009845744190241656,0.13781404495239258,0.009169578552246094,109,7,-0.00985,-0.00985,1,1
2500,56,F87,F71,0.0,0.0,0.0,0.1453084945678711,0.005711078643798828,0.0,0.0,1,1,0.013626885307710678,0.008586175939690249,0.16128158569335938,0.004275798797607422,109,2,-0.01867|-0.00859,-0.00859,2,1
2500,57,F31,F23,0.0,0.0,0.0,0.13880348205566406,0.011043071746826172,0.0,0.0,1,1,0.061181573470491114,0.061181573470491114,0.15813946723937988,0.012142658233642578,109,5,0.06118,0.06118,1,1
2500,58,F66,F57,0.0,0.0,0.0,0.16315650939941406,0.005138397216796875,0.0,0.0,1,1,0.010753293948036466,0.010753293948036466,0.13400530815124512,0.004492998123168945,109,2,0.01075,0.01075,1,1
2500,59,F41,F69,0.0,0.0,0.0,0.1306166648864746,0.039705753326416016,0.0,0.0,1,1,0.024333254929166277,0.024333254929166277,0.11799025535583496,0.03399991989135742,109,23,-0.02433,-0.02433,1,1
2500,60,F52,F33,0.0,0.0,0.0,0.1283712387084961,0.0051250457763671875,0.0,0.0,1,1,0.012498183016608119,0.004409951410171348,0.1255955696105957,0.004271268844604492,109,2,-0.00441|0.00711|0.02597,-0.00441,3,1
2500,61,F8,F102,0.0,0.0,0.0,0.20843029022216797,0.005202531814575195,0.0,0.0,1,1,0.030624098874976514,0.015470866065020137,0.12466073036193848,0.0047419071197509766,109,2,-0.04578|-0.01547,-0.01547,2,1
2500,62,F105,F21,0.0,0.0,0.0,0.12658238410949707,0.006965160369873047,0.0,0.0,1,1,0.01929058531897585,0.01929058531897585,0.14380979537963867,0.009955406188964844,109,4,0.01929,0.01929,1,1
2500,63,F48,F23,0.0,0.0,0.0,0.14003849029541016,0.004906177520751953,0.0,0.0,1,1,0.017926172559868843,0.017926172559868843,0.13142800331115723,0.004605293273925781,109,2,-0.01793,-0.01793,1,1
2500,64,F6,F34,0.0,0.0,0.0,0.1461179256439209,0.006491422653198242,0.0,0.0,1,1,0.0005133611348317188,0.0005133611348317188,0.13415312767028809,0.004335641860961914,109,2,-0.00051,-0.00051,1,1
2500,65,F99,F35,0.0,0.0,0.0,0.1493539810180664,0.006258726119995117,0.0,0.0,1,1,0.002812127211954585,0.002812127211954585,0.13181638717651367,0.004464149475097656,109,2,0.00281,0.00281,1,1
2500,66,F93,F81,0.0,0.0,0.0,0.1253647804260254,0.008404016494750977,0.0,0.0,1,1,0.024818566453801184,0.022225014295569785,0.14516782760620117,0.0047664642333984375,109,2,0.02223|0.02741,0.02223,2,1
2500,67,F71,F61,0.0,0.0,0.0,0.13172531127929688,0.010971784591674805,0.0,0.0,1,1,0.00025613932711755045,0.00025613932711755045,0.1463773250579834,0.008094549179077148,109,4,-0.00026,-0.00026,1,1
2500,68,F108,F15,0.0,0.0,0.0,0.13750648498535156,0.005400657653808594,0.0,0.0,1,1,0.0032760682372004143,0.0032760682372004143,0.13522982597351074,0.005150794982910156,109,2,0.00328,0.00328,1,1
2500,69,F33,F66,0.0,0.0,0.0,0.13595223426818848,0.0050182342529296875,0.0,0.0,1,1,0.027193031663440295,0.027193031663440295,0.11891388893127441,0.004214763641357422,109,2,-0.02719,-0.02719,1,1
2500,70,F79,F4,0.0,0.0,0.0,0.12460637092590332,0.005015850067138672,0.0,0.0,1,1,0.0010895847386424371,0.0010895847386424371,0.13271260261535645,0.004166126251220703,109,2,-0.00109,-0.00109,1,1
2500,71,F46,F80,0.0,0.0,0.0,0.1391615867614746,0.0062525272369384766,0.0,0.0,1,1,0.024363281140239706,0.024363281140239706,0.14655613899230957,0.0049288272857666016,109,2,0.02436,0.02436,1,1
2500,72,F40,F13,0.0,0.0,0.0,0.13283967971801758,0.005537271499633789,0.0,0.0,1,1,0.005952547333389544,0.005952547333389544,0.13355779647827148,0.00471949577331543,109,2,0.00595,0.00595,1,1
2500,73,F100,F60,0.0,0.0,0.0,0.14043354988098145,0.005016803741455078,0.0,0.0,1,1,0.015254747090714133,0.0031227766082561384,0.13428425788879395,0.004155874252319336,109,2,0.00312|0.02739,0.00312,2,1
2500,74,F105,F22,0.0,0.0,0.0,0.1377243995666504,0.007127046585083008,0.0,0.0,1,1,0.010094925975929842,0.010094925975929842,0.1375565528869629,0.006112098693847656,109,4,-0.01009,-0.01009,1,1
2500,75,F82,F11,0.0,0.0,0.0,0.1404561996459961,0.0052337646484375,0.0,0.0,1,1,0.005025214447861639,0.007812435830545475,0.14481306076049805,0.0056667327880859375,109,2,-0.00224|0.00781,0.00781,2,1
2500,76,F16,F71,0.0,0.0,0.0,0.1540975570678711,0.005061149597167969,0.0,0.0,1,1,0.0033820326326032472,0.0020727212174924325,0.14201784133911133,0.004216909408569336,109,2,0.00207|0.00469,0.00207,2,1
2500,77,F26,F99,0.0,0.0,0.0,0.1390371322631836,0.0053369998931884766,0.0,0.0,1,1,0.016270659036854727,0.016270659036854727,0.15041804313659668,0.004510402679443359,109,2,-0.01627,-0.01627,1,1
2500,78,F66,F83,0.0,0.0,0.0,0.11932945251464844,0.007386922836303711,0.0,0.0,1,1,0.011002399806126177,0.011002399806126177,0.22781682014465332,0.006551027297973633,109,4,-0.011,-0.011,1,1
2500,79,F26,F84,0.0,0.0,0.0,0.14923954010009766,0.014128923416137695,0.0,0.0,1,1,0.00732524509091506,0.00732524509091506,0.12364697456359863,0.008913040161132812,109,13,-0.00733,-0.00733,1,1
2500,80,F29,F86,0.0,0.0,0.0,0.14137911796569824,0.0072939395904541016,0.0,0.0,1,1,0.01041653213513007,0.0004525588845101353,0.1352062225341797,0.006115436553955078,109,4,-0.02038|-0.00045,-0.00045,2,1
2500,81,F100,F55,0.0,0.0,0.0,0.12165474891662598,0.005309343338012695,0.0,0.0,1,1,0.013104991627397118,0.004920476104551614,0.15143728256225586,0.004330873489379883,109,2,-0.02129|-0.00492,-0.00492,2,1
2500,82,F19,F44,0.0,0.0,0.0,0.1394517421722412,0.03451728820800781,0.0,0.0,1,1,0.010200161738696907,0.010200161738696907,0.14591097831726074,0.03551650047302246,109,26,0.0102,0.0102,1,1
2500,83,F38,F31,0.0,0.0,0.0,0.1435410976409912,0.01109457015991211,0.0,0.0,1,1,0.0046654388944504036,0.0046654388944504036,0.158674955368042,0.011147022247314453,109,5,-0.00467,-0.00467,1,1
2500,84,F45,F48,0.0,0.0,0.0,0.14007568359375,0.005983829498291016,0.0,0.0,1,1,0.020477269545986374,0.020477269545986374,0.1551828384399414,0.004210710525512695,109,2,0.02048,0.02048,1,1
2500,85,F81,F58,0.0,0.0,0.0,0.14197421073913574,0.00526738166809082,0.0,0.0,1,1,0.0014528491945166877,0.0014528491945166877,0.14934086799621582,0.004465579986572266,109,2,-0.00145,-0.00145,1,1
2500,86,F58,F52,0.0,0.0,0.0,0.152085542678833,0.005355358123779297,0.0,0.0,1,1,0.0002498486539407112,0.0002498486539407112,0.1322174072265625,0.004651784896850586,109,2,-0.00025,-0.00025,1,1
2500,87,F15,F24,0.0,0.0,0.0,0.1340489387512207,0.004920482635498047,0.0,0.0,1,1,0.010972980430887064,0.005881970377006978,0.15091180801391602,0.004182338714599609,109,2,-0.01606|-0.00588,-0.00588,2,1
2500,88,F56,F34,0.0,0.0,0.0,0.1471846103668213,0.010634660720825195,0.0,0.0,1,1,0.015847909725132017,0.015847909725132017,0.14286470413208008,0.011081695556640625,109,4,0.01585,0.01585,1,1
2500,89,F90,F92,0.0,0.0,0.0,0.1543436050415039,0.007626771926879883,0.0,0.0,1,1,0.010048788123457691,2.5570986212192746e-05,0.138289213180542,0.008672475814819336,109,2,-3e-05|0.02007,-3e-05,2,1
2500,90,F55,F86,0.0,0.0,0.0,0.15721631050109863,0.006907463073730469,0.0,0.0,1,1,0.004195022689070321,0.004875824893477845,0.1330552101135254,0.01723933219909668,109,4,-0.00488|-0.00351,-0.00488,2,1
2500,91,F86,F53,0.0,0.0,0.0,0.13633489608764648,0.010222196578979492,0.0,0.0,1,1,0.03073100517369578,0.03073100517369578,0.14607024192810059,0.007697343826293945,109,9,0.03073,0.03073,1,1
2500,92,F100,F8,0.0,0.0,0.0,0.14761829376220703,0.005629062652587891,0.0,0.0,1,1,0.0032511178446829863,0.001097887026449612,0.13428735733032227,0.0043222904205322266,109,2,0.0011|0.0054,0.0011,2,1
2500,93,F15,F102,0.0,1.5407439555097887e-33,3.0814879110195774e-33,0.1509227752685547,0.0050199031829833984,0.0,0.0,1,1,0.011225463294399116,0.00904164204533812,0.14534497261047363,0.005411386489868164,109,2,0.00904|0.01341,0.00904,2,1
2500,94,F81,F45,0.0,0.0,0.0,0.14328289031982422,0.005231142044067383,0.0,0.0,1,1,0.01180875281049305,0.01180875281049305,0.14726948738098145,0.004681110382080078,109,2,-0.01181,-0.01181,1,1
2500,95,F101,F107,0.0,0.0,0.0,0.14297103881835938,0.00626683235168457,0.0,0.0,1,1,0.006387038296438461,0.006387038296438461,0.1467132568359375,0.004423856735229492,109,2,-0.00639,-0.00639,1,1
2500,96,F25,F62,0.0,0.0,0.0,0.1392219066619873,0.007565021514892578,0.0,0.0,1,1,0.003024189702583138,0.003024189702583138,0.13084125518798828,0.004426240921020508,109,2,-0.00302,-0.00302,1,1
2500,97,F54,F20,1.0,0.0,0.0,0.14809799194335938,0.026434898376464844,1.0,1.0,1,1,0.010040871657108319,0.010040871657108319,0.13234567642211914,0.04091477394104004,109,20,0.98996,0.98996,1,1
2500,98,F97,F52,0.0,0.0,0.0,0.12998175621032715,0.027458667755126953,0.0,0.0,1,1,0.10133299739274979,0.10133299739274979,0.16202664375305176,0.02267909049987793,109,20,0.10133,0.10133,1,1
2500,99,F103,F92,0.0,0.0,0.0,0.1368544101715088,0.005530357360839844,0.0,0.0,1,1,0.004411639199160376,0.004411639199160376,0.13621234893798828,0.004307985305786133,109,2,-0.00441,-0.00441,1,1
5000,0,F97,F57,0.0,0.0,0.0,0.13182950019836426,0.020285606384277344,0.0,0.0,1,1,0.008709122043209375,0.008709122043209375,0.14162874221801758,0.02106189727783203,109,20,-0.00871,-0.00871,1,1
5000,1,F4,F103,0.0,0.0,0.0,0.1502552032470703,0.006642341613769531,0.0,0.0,1,1,0.0016235860833738068,0.0023969482941038588,0.13353705406188965,0.004492044448852539,109,2,-0.0024|-0.00085,-0.0024,2,1
5000,2,F4,F89,0.0,0.0,0.0,0.15350770950317383,0.005155086517333984,0.0,0.0,1,1,0.0029290630390909162,0.0032733931320190934,0.1368875503540039,0.004636049270629883,109,2,-0.00327|-0.00258,-0.00327,2,1
5000,3,F26,F43,0.0,0.0,0.0,0.1430659294128418,0.0050585269927978516,0.0,0.0,1,1,0.0007584781774260269,0.0007584781774260269,0.15366339683532715,0.004116058349609375,109,2,-0.00076,-0.00076,1,1
5000,4,F89,F100,0.0,0.0,0.0,0.14974594116210938,0.007550716400146484,0.0,0.0,1,1,0.008155041152881263,0.008944632396859427,0.14748096466064453,0.004790067672729492,109,2,0.00587|0.00894|0.00965,0.00894,3,1
5000,5,F20,F12,0.0,0.0,0.0,0.1398937702178955,0.02768397331237793,0.0,0.0,1,1,0.021452417757067504,0.021452417757067504,0.13076996803283691,0.034272193908691406,109,21,-0.02145,-0.02145,1,1
5000,6,F82,F29,0.0,0.0,0.0,0.12977886199951172,0.005117177963256836,0.0,0.0,1,1,0.014885530490822946,0.009390659067140237,0.14804482460021973,0.004255533218383789,109,2,-0.02038|-0.00939,-0.00939,2,1
5000,7,F55,F26,0.0,0.0,0.0,0.1522066593170166,0.006585836410522461,0.0,0.0,1,1,0.0004245590728646407,7.904827106095238e-05,0.13432621955871582,0.004672050476074219,109,2,-0.00077|8e-05,8e-05,2,1
5000,8,F35,F23,0.0,0.0,0.0,0.14709806442260742,0.005881786346435547,0.0,0.0,1,1,0.014205669623856351,0.014205669623856351,0.13086962699890137,0.004217624664306641,109,2,0.01421,0.01421,1,1
5000,9,F17,F62,0.0,0.0,0.0,0.14487981796264648,0.0065042972564697266,0.0,0.0,1,1,0.00870154136536031,0.007213423146622385,0.15614891052246094,0.004424571990966797,109,2,0.00721|0.01019,0.00721,2,1
5000,10,F74,F70,0.0,0.0,0.0,0.14954829216003418,0.00531005859375,0.0,0.0,1,1,0.0023993572921826986,0.0036415214964351907,0.14654064178466797,0.004153251647949219,109,2,-0.00364|0.00116,-0.00364,2,1
5000,11,F33,F10,0.0,0.0,0.0,0.15477347373962402,0.005540370941162109,0.0,0.0,1,1,0.006694382076690132,0.006694382076690132,0.13307857513427734,0.004438638687133789,109,2,0.00669,0.00669,1,1
5000,12,F19,F100,0.0,0.0,0.0,0.13373327255249023,0.01642155647277832,0.0,0.0,1,1,0.0027236158485323186,0.0027236158485323186,0.127213716506958,0.0044481754302978516,109,2,-0.00272,-0.00272,1,1
5000,13,F32,F76,0.0,0.0,0.0,0.1340193748474121,0.00509953498840332,0.0,0.0,1,1,0.007374020488785242,0.007374020488785242,0.14543914794921875,0.00606083869934082,109,2,0.00737,0.00737,1,1
5000,14,F108,F98,0.0,0.0,0.0,0.14348578453063965,0.01046609878540039,0.0,0.0,1,1,0.013307930549404956,0.013307930549404956,0.13970518112182617,0.011777162551879883,109,5,0.01331,0.01331,1,1
5000,15,F81,F87,0.0,0.0,0.0,0.13889241218566895,0.005127668380737305,0.0,0.0,1,1,0.013013292631174901,0.013013292631174901,0.12746620178222656,0.007619619369506836,109,2,-0.01301,-0.01301,1,1
5000,16,F73,F67,0.0,0.0,0.0,0.13159894943237305,0.0051555633544921875,0.0,0.0,1,1,0.0008702951570410988,0.0008702951570410988,0.14406442642211914,0.004957675933837891,109,2,0.00087,0.00087,1,1
5000,17,F4,F70,0.0,0.0,0.0,0.13107657432556152,0.005431652069091797,0.0,0.0,1,1,0.011344545135053452,0.004382009952121533,0.14094829559326172,0.0048902034759521484,109,2,-0.01831|-0.00438,-0.00438,2,1
5000,18,F58,F51,0.0,0.0,0.0,0.14665913581848145,0.00780177116394043,0.0,0.0,1,1,0.0021737959781694466,0.0021737959781694466,0.1356830596923828,0.006039857864379883,109,2,0.00217,0.00217,1,1
5000,19,F44,F21,2.2378328133261633e-33,0.0,0.0,0.14335131645202637,0.044394731521606445,0.0,0.0,1,1,0.01508400843222581,0.01508400843222581,0.1284043788909912,0.04835653305053711,109,26,0.01508,0.01508,1,1
5000,20,F78,F96,0.0,0.0,0.0,0.1271364688873291,0.007472991943359375,0.0,0.0,1,1,0.005478267670674808,0.0006674661196991237,0.13693499565124512,0.006769418716430664,109,6,-0.01029|0.00067,0.00067,2,1
5000,21,F77,F39,0.0,0.0,0.0,0.1567821502685547,0.008901834487915039,0.0,0.0,1,1,0.003235481819007552,0.003235481819007552,0.15320038795471191,0.005387544631958008,109,2,0.00324,0.00324,1,1
5000,22,F83,F18,0.0,0.0,0.0,0.14081144332885742,0.008295536041259766,0.0,0.0,1,1,0.032265697782472784,0.032265697782472784,0.1411418914794922,0.006403207778930664,109,4,0.03227,0.03227,1,1
5000,23,F55,F104,0.0,0.0,0.0,0.1321272850036621,0.007486104965209961,0.0,0.0,1,1,0.009277281556460484,0.00022310859617597756,0.16271638870239258,0.0046977996826171875,109,2,-0.01833|-0.00022,-0.00022,2,1
5000,24,F80,F46,0.0,0.0,0.0,0.16091370582580566,0.005003213882446289,0.0,0.0,1,1,9.922597873379887e-05,9.922597873379887e-05,0.14925909042358398,0.004996061325073242,109,2,0.0001,0.0001,1,1
5000,25,F34,F82,0.0,0.0,0.0,0.14614009857177734,0.00536036491394043,0.0,0.0,1,1,0.016234201889466195,0.016234201889466195,0.14071154594421387,0.007391452789306641,109,2,0.01623,0.01623,1,1
5000,26,F66,F98,0.0,0.0,0.0,0.1390523910522461,0.009206771850585938,0.0,0.0,1,1,0.0025513376277890003,0.0025513376277890003,0.15290546417236328,0.008839607238769531,109,5,-0.00255,-0.00255,1,1
5000,27,F103,F56,0.0,0.0,0.0,0.16006755828857422,0.008143901824951172,0.0,0.0,1,1,0.010010660453623964,0.010010660453623964,0.14957857131958008,0.006949901580810547,109,4,0.01001,0.01001,1,1
5000,28,F71,F9,0.0,0.0,0.0,0.15230202674865723,0.004976987838745117,0.0,0.0,1,1,0.01068175199096606,0.01068175199096606,0.1304638385772705,0.0041811466217041016,109,2,0.01068,0.01068,1,1
5000,29,F30,F64,0.0,0.0,0.0,0.13478374481201172,0.0050776004791259766,0.0,0.0,1,1,0.010252145698593888,0.0009729982403909196,0.13891196250915527,0.004242897033691406,109,2,-0.01953|-0.00097,-0.00097,2,1
5000,30,F26,F28,0.0,0.0,0.0,0.2145524024963379,0.005949735641479492,0.0,0.0,1,1,0.009648100699731536,0.009648100699731536,0.14276981353759766,0.004435300827026367,109,2,-0.00965,-0.00965,1,1
5000,31,F11,F91,0.0,0.0,0.0,0.14422893524169922,0.005378246307373047,0.0,0.0,1,1,0.0045337872388280884,0.0018920806707270088,0.13399767875671387,0.004476070404052734,109,2,-0.00189|0.00718,-0.00189,2,1
5000,32,F92,F99,0.0,0.0,0.0,0.14591693878173828,0.005432605743408203,0.0,0.0,1,1,0.006486259505268769,0.002233542215543763,0.13367533683776855,0.0043811798095703125,109,2,-0.01074|-0.00223,-0.00223,2,1
5000,33,F43,F84,0.0,0.0,0.0,0.1333940029144287,0.009201526641845703,0.0,0.0,1,1,0.0005362722911706604,0.0005362722911706604,0.13865947723388672,0.012098312377929688,109,13,0.00054,0.00054,1,1
5000,34,F46,F91,0.0,0.0,0.0,0.1357402801513672,0.005934238433837891,0.0,0.0,1,1,0.005030582622600216,0.005030582622600216,0.1417839527130127,0.004214763641357422,109,2,-0.00503,-0.00503,1,1
5000,35,F68,F52,0.0,0.0,0.0,0.15107250213623047,0.0065343379974365234,0.0,0.0,1,1,0.013089566060628584,0.013089566060628584,0.12888050079345703,0.004468202590942383,109,2,0.01309,0.01309,1,1
5000,36,F79,F91,0.0,0.0,0.0,0.15415740013122559,0.005762577056884766,0.0,0.0,1,1,0.0033575994158298737,0.0033575994158298737,0.13283085823059082,0.004179239273071289,109,2,-0.00336,-0.00336,1,1
5000,37,F17,F73,0.0,0.0,0.0,0.13741683959960938,0.0058329105377197266,0.0,0.0,1,1,0.012572731631660946,0.00884383175311775,0.15113091468811035,0.00431513786315918,109,2,0.00884|0.0163,0.00884,2,1
5000,38,F85,F73,0.0,0.0,0.0,0.12995529174804688,0.010676383972167969,0.0,0.0,1,1,0.011480020907875166,0.011480020907875166,0.14395475387573242,0.00785207748413086,109,7,-0.01148,-0.01148,1,1
5000,39,F90,F51,0.0,0.0,0.0,0.14283084869384766,0.005072355270385742,0.0,0.0,1,1,0.0037679744231558536,0.0016199263580803395,0.15692806243896484,0.004141092300415039,109,2,-0.00162|0.00592,-0.00162,2,1
5000,40,F22,F74,0.0,0.0,0.0,0.13511252403259277,0.005582094192504883,0.0,0.0,1,1,0.018678235537376763,0.011318151194239444,0.13524127006530762,0.016592741012573242,109,2,-0.02604|-0.01132,-0.01132,2,1
5000,41,F12,F76,0.0,0.0,0.0,0.13427066802978516,0.005986928939819336,0.0,0.0,1,1,0.015763038460828323,0.015763038460828323,0.1419391632080078,0.004782438278198242,109,2,-0.01576,-0.01576,1,1
5000,42,F100,F31,0.0,0.0,0.0,0.16010546684265137,0.010781526565551758,0.0,0.0,1,1,0.009267588771086794,0.0028508941780328685,0.14568328857421875,0.0185396671295166,109,5,-0.01568|-0.00285,-0.00285,2,1
5000,43,F106,F89,0.0,0.0,0.0,0.14872002601623535,0.0057032108306884766,0.0,0.0,1,1,0.007253929447543979,0.007253929447543979,0.14116811752319336,0.004171848297119141,109,2,0.00725,0.00725,1,1
5000,44,F60,F20,0.0,0.0,0.0,0.1337602138519287,0.025232791900634766,0.0,0.0,1,1,0.006466477548000504,0.006466477548000504,0.15490984916687012,0.026490211486816406,109,21,0.00647,0.00647,1,1
5000,45,F40,F30,0.0,0.0,0.0,0.15772056579589844,0.006860971450805664,0.0,0.0,1,1,0.005251052773063267,0.005251052773063267,0.13446617126464844,0.007320880889892578,109,2,-0.00525,-0.00525,1,1
5000,46,F78,F82,0.0,0.0,0.0,0.15191197395324707,0.005065202713012695,0.0,0.0,1,1,0.0038300788531015068,0.004583622005371614,0.14864754676818848,0.004138946533203125,109,2,-0.00458|-0.00308,-0.00458,2,1
5000,47,F10,F4,0.0,0.0,0.0,0.13237667083740234,0.00520014762878418,0.0,0.0,1,1,0.0019570291103061313,0.0019570291103061313,0.22609949111938477,0.00489354133605957,109,2,-0.00196,-0.00196,1,1
5000,48,F44,F15,-1.0201826156339825e-16,0.0,0.0,0.1441354751586914,0.033922433853149414,-0.0,-0.0,1,1,0.006774912866244154,0.006774912866244154,0.13753080368041992,0.03891396522521973,109,26,0.00677,0.00677,1,1
5000,49,F13,F72,0.0,0.0,0.0,0.12241816520690918,0.007775068283081055,0.0,0.0,1,1,0.0029916636440579926,0.003724137912451178,0.12948918342590332,0.006882429122924805,109,8,-0.00372|0.00226,-0.00372,2,1
5000,50,F104,F74,0.0,0.0,0.0,0.11887407302856445,0.005129098892211914,0.0,0.0,1,1,0.0017353032105134377,0.0017353032105134377,0.14497041702270508,0.004887819290161133,109,2,0.00174,0.00174,1,1
5000,51,F89,F100,0.0,0.0,0.0,0.13643693923950195,0.005559682846069336,0.0,0.0,1,1,0.009353719380970833,0.006036302178360299,0.13875079154968262,0.0044116973876953125,109,2,0.00604|0.01005|0.01198,0.00604,3,1
5000,52,F9,F102,0.0,0.0,0.0,0.15601444244384766,0.005404233932495117,0.0,0.0,1,1,0.0014141611225112806,0.0014141611225112806,0.1471850872039795,0.005071878433227539,109,2,-0.00141,-0.00141,1,1
5000,53,F90,F24,0.0,0.0,0.0,0.16014885902404785,0.005831241607666016,0.0,0.0,1,1,0.003858594958370715,0.0009844126308478178,0.13960957527160645,0.004428386688232422,109,2,-0.00673|-0.00098,-0.00098,2,1
5000,54,F88,F77,0.0,0.0,0.0,0.14615869522094727,0.005384206771850586,0.0,0.0,1,1,0.01540588689607265,0.008411184681226811,0.14987587928771973,0.004179477691650391,109,2,0.00841|0.0224,0.00841,2,1
5000,55,F67,F65,0.0,0.0,0.0,0.14559316635131836,0.005023479461669922,0.0,0.0,1,1,0.004504275875495713,0.004504275875495713,0.1371626853942871,0.008656501770019531,109,2,0.0045,0.0045,1,1
5000,56,F106,F5,0.0,0.0,0.0,0.15247154235839844,0.0052912235260009766,0.0,0.0,1,1,0.008320252309083336,0.008320252309083336,0.1455981731414795,0.00432896614074707,109,2,-0.00832,-0.00832,1,1
5000,57,F46,F40,0.0,0.0,0.0,0.12858057022094727,0.0052530765533447266,0.0,0.0,1,1,0.0028573755792294627,0.0028573755792294627,0.15268921852111816,0.005114078521728516,109,2,0.00286,0.00286,1,1
5000,58,F29,F67,0.0,0.0,0.0,0.14096283912658691,0.005203962326049805,0.0,0.0,1,1,0.03133193032439632,0.021514364615536085,0.15480756759643555,0.006102323532104492,109,2,-0.04115|-0.02151,-0.02151,2,1
5000,59,F46,F72,0.0,0.0,0.0,0.14978790283203125,0.012125730514526367,0.0,0.0,1,1,0.015501514629405128,0.015501514629405128,0.1450481414794922,0.00932621955871582,109,8,0.0155,0.0155,1,1
5000,60,F16,F67,0.0,0.0,0.0,0.14657878875732422,0.01665186882019043,0.0,0.0,1,1,0.002258421678742728,0.0031425131221330597,0.1379249095916748,0.004452705383300781,109,2,0.00137|0.00314,0.00314,2,1
5000,61,F85,F107,0.0,0.0,0.0,0.13930058479309082,0.008845806121826172,0.0,0.0,1,1,0.0005647399916507183,0.0005647399916507183,0.14377546310424805,0.011433601379394531,109,7,0.00056,0.00056,1,1
5000,62,F25,F34,0.0,0.0,0.0,0.14887404441833496,0.005530357360839844,0.0,0.0,1,1,0.014733108933748828,0.014733108933748828,0.1408853530883789,0.004391908645629883,109,2,-0.01473,-0.01473,1,1
5000,63,F8,F43,0.0,0.0,0.0,0.14974451065063477,0.006606340408325195,0.0,0.0,1,1,0.007412816307241571,0.0029953940558063753,0.14081263542175293,0.009036064147949219,109,2,-0.003|0.01183,-0.003,2,1
5000,64,F65,F85,0.0,0.0,0.0,0.13895177841186523,0.007836341857910156,0.0,0.0,1,1,0.0033726936091783215,0.0033726936091783215,0.15049123764038086,0.006628990173339844,109,7,-0.00337,-0.00337,1,1
5000,65,F74,F11,0.0,0.0,0.0,0.13555240631103516,0.0051500797271728516,0.0,0.0,1,1,0.022314664385286474,0.01650896481346088,0.14459848403930664,0.0073888301849365234,109,2,0.01651|0.02812,0.01651,2,1
5000,66,F74,F96,0.0,0.0,0.0,0.14593243598937988,0.00920414924621582,0.0,0.0,1,1,0.010011562327184812,0.007742164085598819,0.13409018516540527,0.008261442184448242,109,6,-0.01228|-0.00774,-0.00774,2,1
5000,67,F67,F12,0.0,0.0,0.0,0.15085387229919434,0.006993770599365234,0.0,0.0,1,1,0.014392340835103821,0.014392340835103821,0.13230276107788086,0.010661125183105469,109,2,0.01439,0.01439,1,1
5000,68,F39,F28,0.0,0.0,0.0,0.12009668350219727,0.006012439727783203,0.0,0.0,1,1,0.003996612067325788,0.003996612067325788,0.13803863525390625,0.006168842315673828,109,2,-0.004,-0.004,1,1
5000,69,F32,F75,0.0,0.0,0.0,0.1313033103942871,0.00721430778503418,0.0,0.0,1,1,0.003292143720861216,0.003292143720861216,0.13910555839538574,0.004191398620605469,109,2,-0.00329,-0.00329,1,1
5000,70,F74,F91,0.0,0.0,0.0,0.13644814491271973,0.007050275802612305,0.0,0.0,1,1,0.00993808290163515,0.005279744404210381,0.13535642623901367,0.005326032638549805,109,2,0.00528|0.0146,0.00528,2,1
5000,71,F75,F5,0.0,0.0,0.0,0.14576339721679688,0.006173849105834961,0.0,0.0,1,1,0.019670939476389225,0.019670939476389225,0.14489436149597168,0.005154132843017578,109,2,-0.01967,-0.01967,1,1
5000,72,F19,F71,0.0,0.0,0.0,0.14591526985168457,0.005072593688964844,0.0,0.0,1,1,0.001812444088529844,0.001812444088529844,0.14659667015075684,0.004214763641357422,109,2,-0.00181,-0.00181,1,1
5000,73,F39,F31,-4.440892098500626e-16,0.0,0.0,0.1323404312133789,0.015515804290771484,-0.0,-0.0,1,1,0.005386185512063804,0.005386185512063804,0.16267967224121094,0.011164665222167969,109,5,-0.00539,-0.00539,1,1
5000,74,F73,F79,0.0,0.0,0.0,0.15085434913635254,0.005175352096557617,0.0,0.0,1,1,0.01129296285531104,0.01129296285531104,0.13926911354064941,0.004427909851074219,109,2,0.01129,0.01129,1,1
5000,75,F61,F29,0.0,0.0,0.0,0.13367509841918945,0.017147541046142578,0.0,0.0,1,1,0.024607555795993878,0.024607555795993878,0.1410675048828125,0.0088653564453125,109,4,0.02461,0.02461,1,1
5000,76,F38,F25,0.0,0.0,0.0,0.13530945777893066,0.0051462650299072266,0.0,0.0,1,1,7.948482427550114e-05,7.948482427550114e-05,0.14645648002624512,0.00644683837890625,109,2,-8e-05,-8e-05,1,1
5000,77,F83,F17,0.0,0.0,0.0,0.1554245948791504,0.008905649185180664,0.0,0.0,1,1,0.034243594384501336,0.034243594384501336,0.1327803134918213,0.009184837341308594,109,4,0.03424,0.03424,1,1
5000,78,F60,F68,0.0,0.0,0.0,0.14203882217407227,0.005602836608886719,0.0,0.0,1,1,0.008989158652751463,0.008989158652751463,0.13808655738830566,0.0041446685791015625,109,2,0.00899,0.00899,1,1
5000,79,F23,F36,0.0,0.0,0.0,0.14688706398010254,0.00570225715637207,0.0,0.0,1,1,0.007639571951950505,0.007639571951950505,0.1529378890991211,0.008097171783447266,109,2,-0.00764,-0.00764,1,1
5000,80,F107,F35,0.0,0.0,0.0,0.14114975929260254,0.00511932373046875,0.0,0.0,1,1,0.0010899566528988125,0.0010899566528988125,0.14163565635681152,0.004220008850097656,109,2,0.00109,0.00109,1,1
5000,81,F58,F41,0.0,0.0,0.0,0.14818644523620605,0.03478288650512695,0.0,0.0,1,1,0.002331072886960461,0.002331072886960461,0.13346505165100098,0.04923653602600098,109,23,-0.00233,-0.00233,1,1
5000,82,F3,F58,0.0,0.0,0.0,0.20865511894226074,0.007687091827392578,0.0,0.0,1,1,0.006876207777914405,0.0019449579216389353,0.13614320755004883,0.0048902034759521484,109,2,-0.01181|-0.00194,-0.00194,2,1
5000,83,F36,F54,0.0,0.0,0.0,0.14528536796569824,0.005640745162963867,0.0,0.0,1,1,0.006415993184705798,0.006415993184705798,0.14265036582946777,0.004343509674072266,109,2,0.00642,0.00642,1,1
5000,84,F57,F107,0.0,0.0,0.0,0.14106392860412598,0.005135774612426758,0.0,0.0,1,1,0.012661453658657694,0.012661453658657694,0.12916898727416992,0.004225254058837891,109,2,0.01266,0.01266,1,1
5000,85,F23,F48,0.0,0.0,0.0,0.13826537132263184,0.007848739624023438,0.0,0.0,1,1,0.0011480690558743685,0.0011480690558743685,0.12955880165100098,0.0046122074127197266,109,2,0.00115,0.00115,1,1
5000,86,F106,F11,0.0,0.0,0.0,0.14747071266174316,0.006362199783325195,0.0,0.0,1,1,0.016977002458651774,0.016977002458651774,0.1380782127380371,0.005490303039550781,109,2,-0.01698,-0.01698,1,1
5000,87,F53,F50,0.0,0.0,0.0,0.1499490737915039,0.009035825729370117,0.0,0.0,1,1,0.008466087433690884,0.008466087433690884,0.1362619400024414,0.00658869743347168,109,7,0.00847,0.00847,1,1
5000,88,F29,F79,0.0,0.0,0.0,0.14665555953979492,0.0054285526275634766,0.0,0.0,1,1,0.024991109476702064,0.011923467350513943,0.13628053665161133,0.004225969314575195,109,2,-0.03806|-0.01192,-0.01192,2,1
5000,89,F107,F95,0.0,0.0,0.0,0.12928104400634766,0.005884408950805664,0.0,0.0,1,1,3.94808954068199e-05,3.94808954068199e-05,0.16192054748535156,0.004542827606201172,109,2,-4e-05,-4e-05,1,1
5000,90,F59,F101,0.0,0.0,0.0,0.13297390937805176,0.007205963134765625,0.0,0.0,1,1,0.005114970046754316,0.005114970046754316,0.15222549438476562,0.004633665084838867,109,2,-0.00511,-0.00511,1,1
5000,91,F26,F7,0.0,0.0,0.0,0.14295125007629395,0.0062580108642578125,0.0,0.0,1,1,0.0011933188974468196,0.0011933188974468196,0.1262655258178711,0.00426483154296875,109,2,0.00119,0.00119,1,1
5000,92,F98,F18,0.0,0.0,0.0,0.14107751846313477,0.009259462356567383,0.0,0.0,1,1,0.0066792041826246274,0.0066792041826246274,0.12915778160095215,0.007955074310302734,109,5,-0.00668,-0.00668,1,1
5000,93,F76,F86,0.0,0.0,0.0,0.13062071800231934,0.008658885955810547,0.0,0.0,1,1,0.013833317362377247,0.013833317362377247,0.14573979377746582,0.006389141082763672,109,4,-0.01383,-0.01383,1,1
5000,94,F20,F5,0.0,0.0,0.0,0.1360464096069336,0.027416467666625977,0.0,0.0,1,1,0.024022254408417192,0.024022254408417192,0.14962339401245117,0.027475357055664062,109,21,0.02402,0.02402,1,1
5000,95,F61,F72,0.0,0.0,0.0,0.16061186790466309,0.01941370964050293,0.0,0.0,1,1,0.006690329349075299,0.006690329349075299,0.14440321922302246,0.011093854904174805,109,10,0.00669,0.00669,1,1
5000,96,F73,F96,0.0,0.0,0.0,0.13646173477172852,0.007729053497314453,0.0,0.0,1,1,0.00046051218068456296,0.00046051218068456296,0.17870354652404785,0.006514072418212891,109,6,-0.00046,-0.00046,1,1
5000,97,F75,F105,0.0,0.0,0.0,0.14926862716674805,0.008995294570922852,0.0,0.0,1,1,0.001444823200479776,0.001444823200479776,0.14647912979125977,0.006077289581298828,109,4,-0.00144,-0.00144,1,1
5000,98,F45,F21,0.0,0.0,0.0,0.14802980422973633,0.005105733871459961,0.0,0.0,1,1,0.010274493828273614,0.010274493828273614,0.14055275917053223,0.004218578338623047,109,2,0.01027,0.01027,1,1
5000,99,F30,F96,0.0,0.0,0.0,0.1336503028869629,0.00872182846069336,0.0,0.0,1,1,0.005037241088124154,0.0010954233876820263,0.23314452171325684,0.007142305374145508,109,6,-0.0011|0.00898,-0.0011,2,1
7500,0,F87,F4,0.0,0.0,0.0,0.13191008567810059,0.00506591796875,0.0,0.0,1,1,0.013574385582293045,0.006561331536665925,0.1474764347076416,0.0042722225189208984,109,2,0.00656|0.02059,0.00656,2,1
7500,1,F33,F37,0.0,0.0,0.0,0.13955092430114746,0.005094051361083984,0.0,0.0,1,1,0.010126700261601227,0.010126700261601227,0.15111112594604492,0.004297971725463867,109,2,0.01013,0.01013,1,1
7500,2,F83,F61,0.0,0.0,0.0,0.14861416816711426,0.007391214370727539,0.0,0.0,1,1,0.004071705095439315,0.004071705095439315,0.12706494331359863,0.006407499313354492,109,6,0.00407,0.00407,1,1
7500,3,F72,F60,0.0,0.0,0.0,0.13273978233337402,0.008807182312011719,0.0,0.0,1,1,0.008591755460359842,0.008591755460359842,0.1415703296661377,0.006970405578613281,109,8,0.00859,0.00859,1,1
7500,4,F12,F3,0.0,0.0,0.0,0.13245224952697754,0.005072593688964844,0.0,0.0,1,1,5.66035271237417e-06,5.66035271237417e-06,0.1469101905822754,0.004498004913330078,109,2,1e-05,1e-05,1,1
7500,5,F3,F93,0.0,0.0,0.0,0.17678618431091309,0.0049893856048583984,0.0,0.0,1,1,0.02971204156817225,0.01782962395109429,0.1383957862854004,0.007519245147705078,109,2,0.01783|0.04159,0.01783,2,1
7500,6,F67,F73,0.0,0.0,0.0,0.13176441192626953,0.01768326759338379,0.0,0.0,1,1,0.0165687646205227,0.0165687646205227,0.14612245559692383,0.004443168640136719,109,2,0.01657,0.01657,1,1
7500,7,F3,F36,0.0,0.0,0.0,0.13355374336242676,0.005399942398071289,0.0,0.0,1,1,0.006998043095082384,0.003599674722969445,0.1444392204284668,0.007469892501831055,109,2,-0.0104|0.0036,0.0036,2,1
7500,8,F67,F18,0.0,0.0,0.0,0.15618515014648438,0.004952669143676758,0.0,0.0,1,1,0.007965948856453492,0.007965948856453492,0.1341409683227539,0.004255771636962891,109,2,-0.00797,-0.00797,1,1
7500,9,F40,F4,0.0,0.0,0.0,0.14205288887023926,0.005028963088989258,0.0,0.0,1,1,0.007674523379388718,0.007674523379388718,0.14989757537841797,0.004675865173339844,109,2,0.00767,0.00767,1,1
7500,10,F33,F74,0.0,0.0,0.0,0.1454448699951172,0.005048036575317383,0.0,0.0,1,1,0.00961870830966928,0.00961870830966928,0.1445004940032959,0.005279541015625,109,2,-0.00962,-0.00962,1,1
7500,11,F16,F6,0.0,0.0,0.0,0.13956022262573242,0.005120277404785156,0.0,0.0,1,1,0.007603768729515123,0.0052569119611143526,0.14908766746520996,0.007777690887451172,109,2,-0.00995|-0.00526,-0.00526,2,1
7500,12,F19,F72,0.0,0.0,0.0,0.14640283584594727,0.00979161262512207,0.0,0.0,1,1,0.009196121231523245,0.009196121231523245,0.14658665657043457,0.009234428405761719,109,8,-0.0092,-0.0092,1,1
7500,13,F45,F61,0.0,0.0,0.0,0.15859580039978027,0.011035442352294922,0.0,0.0,1,1,0.00918420370473232,0.00918420370473232,0.14448142051696777,0.006819963455200195,109,4,-0.00918,-0.00918,1,1
7500,14,F58,F19,0.0,0.0,0.0,0.13701272010803223,0.0053768157958984375,0.0,0.0,1,1,0.0006017634577234271,0.0006017634577234271,0.15253996849060059,0.004105806350708008,109,2,0.0006,0.0006,1,1
7500,15,F82,F39,0.0,0.0,0.0,0.14010334014892578,0.005554676055908203,0.0,0.0,1,1,0.008115925934047728,0.0016823620159367933,0.13896536827087402,0.007260799407958984,109,2,0.00168|0.01455,0.00168,2,1
7500,16,F20,F33,0.0,0.0,0.0,0.14768552780151367,0.025943517684936523,0.0,0.0,1,1,0.005035948784655497,0.005035948784655497,0.13775157928466797,0.030163049697875977,109,21,-0.00504,-0.00504,1,1
7500,17,F7,F95,0.0,0.0,0.0,0.13770198822021484,0.007207155227661133,0.0,0.0,1,1,0.0071336986852136965,0.0071336986852136965,0.1496284008026123,0.004367351531982422,109,2,0.00713,0.00713,1,1
7500,18,F22,F100,0.0,0.0,0.0,0.12812423706054688,0.008648157119750977,0.0,0.0,1,1,0.0003907669384967583,0.0007757612548114281,0.14530587196350098,0.0054874420166015625,109,2,-1e-05|0.00078,0.00078,2,1
7500,19,F29,F32,0.0,0.0,0.0,0.1557450294494629,0.005175590515136719,0.0,0.0,1,1,0.02838500945490195,0.0180582831648418,0.15184760093688965,0.0047299861907958984,109,2,-0.03871|-0.01806,-0.01806,2,1
7500,20,F26,F22,0.0,0.0,0.0,0.13388776779174805,0.005233049392700195,0.0,0.0,1,1,0.006846918367675225,0.006846918367675225,0.13461637496948242,0.004286527633666992,109,2,0.00685,0.00685,1,1
7500,21,F71,F12,0.0,0.0,0.0,0.1297447681427002,0.005249500274658203,0.0,0.0,1,1,0.004905761167602335,0.004905761167602335,0.1504077911376953,0.004828453063964844,109,2,0.00491,0.00491,1,1
7500,22,F88,F19,0.0,0.0,0.0,0.14003372192382812,0.00498199462890625,0.0,0.0,1,1,0.002803666527130952,0.0006770320278208343,0.1520709991455078,0.004201650619506836,109,2,0.00068|0.00493,0.00068,2,1
7500,23,F31,F51,0.0,0.0,0.0,0.1541156768798828,0.010931015014648438,0.0,0.0,1,1,0.0010722372856291132,0.0010722372856291132,0.1469275951385498,0.010498762130737305,109,5,0.00107,0.00107,1,1
7500,24,F106,F17,0.0,0.0,0.0,0.1363227367401123,0.0055081844329833984,0.0,0.0,1,1,0.002036034582806746,0.002036034582806746,0.15305233001708984,0.004766702651977539,109,2,-0.00204,-0.00204,1,1
7500,25,F50,F12,0.0,0.0,0.0,0.13080430030822754,0.006292581558227539,0.0,0.0,1,1,0.017618024946543378,0.017618024946543378,0.1672074794769287,0.004883527755737305,109,2,0.01762,0.01762,1,1
7500,26,F9,F90,0.0,0.0,0.0,0.14722633361816406,0.006507396697998047,0.0,0.0,1,1,0.004261153305134858,0.004261153305134858,0.1440258026123047,0.004364490509033203,109,2,-0.00426,-0.00426,1,1
7500,27,F20,F29,0.0,0.0,0.0,0.13545632362365723,0.027112245559692383,0.0,0.0,1,1,0.002083555164418228,0.002083555164418228,0.13711047172546387,0.04400324821472168,109,21,-0.00208,-0.00208,1,1
7500,28,F50,F16,1.2903038426075108e-16,0.0,0.0,0.13379478454589844,0.005131244659423828,0.0,0.0,1,1,0.00016469185997736508,0.00016469185997736508,0.14337372779846191,0.004151582717895508,109,2,0.00016,0.00016,1,1
7500,29,F76,F106,0.0,0.0,0.0,0.15351581573486328,0.007204294204711914,0.0,0.0,1,1,0.011711106019916137,0.011711106019916137,0.13246965408325195,0.004278421401977539,109,2,0.01171,0.01171,1,1
7500,30,F43,F42,0.0,0.0,0.0,0.15148639678955078,0.005116701126098633,0.0,0.0,1,1,0.006801520779264804,0.006801520779264804,0.13390827178955078,0.004212141036987305,109,2,-0.0068,-0.0068,1,1
7500,31,F14,F46,0.0,0.0,0.0,0.1383512020111084,0.009209871292114258,0.0,0.0,1,1,0.004646496273488951,0.004646496273488951,0.14585494995117188,0.004477977752685547,109,2,-0.00465,-0.00465,1,1
7500,32,F84,F28,0.0,0.0,0.0,0.13364219665527344,0.010610103607177734,0.0,0.0,1,1,0.022602949076351214,0.022602949076351214,0.149949312210083,0.011707305908203125,109,13,-0.0226,-0.0226,1,1
7500,33,F25,F61,0.0,0.0,0.0,0.13634157180786133,0.0069713592529296875,0.0,0.0,1,1,0.008730011704391505,0.008730011704391505,0.1370558738708496,0.010222673416137695,109,4,-0.00873,-0.00873,1,1
7500,34,F8,F47,0.0,0.0,0.0,0.13017535209655762,0.0060846805572509766,0.0,0.0,1,1,0.008874186564861185,0.0031080133683685073,0.14195632934570312,0.004757404327392578,109,2,0.00311|0.01464,0.00311,2,1
7500,35,F21,F40,0.0,0.0,0.0,0.14993858337402344,0.007637500762939453,0.0,0.0,1,1,0.006915343685663422,0.0028803332908862163,0.14102721214294434,0.004127979278564453,109,2,-0.01406|-0.00288|0.0038,-0.00288,3,1
7500,36,F69,F24,0.0,0.0,0.0,0.1454906463623047,0.005116462707519531,0.0,0.0,1,1,0.0009067701329603213,0.0009067701329603213,0.13111376762390137,0.005204677581787109,109,2,-0.00091,-0.00091,1,1
7500,37,F45,F50,0.0,0.0,0.0,0.151092529296875,0.006501913070678711,0.0,0.0,1,1,0.006862459976152536,0.006862459976152536,0.14483428001403809,0.0041561126708984375,109,2,-0.00686,-0.00686,1,1
7500,38,F38,F95,0.0,0.0,0.0,0.12799596786499023,0.005796194076538086,0.0,0.0,1,1,0.00764090237250414,0.00764090237250414,0.15296077728271484,0.004320621490478516,109,2,0.00764,0.00764,1,1
7500,39,F3,F47,0.0,0.0,0.0,0.13663077354431152,0.004922628402709961,0.0,0.0,1,1,0.0009400017114305449,0.0013498175635880177,0.1482863426208496,0.00411534309387207,109,2,-0.00135|-0.00053,-0.00135,2,1
7500,40,F21,F108,0.0,0.0,0.0,0.14832496643066406,0.004990339279174805,0.0,0.0,1,1,0.002896811014086151,0.004555952695698062,0.13983654975891113,0.004647731781005859,109,2,-0.0025|0.00163|0.00456,0.00456,3,1
7500,41,F51,F48,0.0,0.0,0.0,0.14818644523620605,0.005076169967651367,0.0,0.0,1,1,0.011095018125278657,0.011095018125278657,0.13181710243225098,0.0075836181640625,109,2,-0.0111,-0.0111,1,1
7500,42,F24,F18,0.0,0.0,0.0,0.13029909133911133,0.004906415939331055,0.0,0.0,1,1,0.004174610490355144,0.004174610490355144,0.15688490867614746,0.004183769226074219,109,2,-0.00417,-0.00417,1,1
7500,43,F108,F36,0.0,0.0,0.0,0.1341242790222168,0.005026578903198242,0.0,0.0,1,1,0.006263332202059156,0.006263332202059156,0.14552736282348633,0.00412440299987793,109,2,0.00626,0.00626,1,1
7500,44,F92,F7,0.0,0.0,0.0,0.1497044563293457,0.007124185562133789,0.0,0.0,1,1,0.008692026180961317,0.006252162304811288,0.14716672897338867,0.005401611328125,109,2,-0.01113|-0.00625,-0.00625,2,1
7500,45,F57,F39,0.0,0.0,0.0,0.1389930248260498,0.005038022994995117,0.0,0.0,1,1,0.00023972520482646946,0.00023972520482646946,0.13623690605163574,0.004265308380126953,109,2,-0.00024,-0.00024,1,1
7500,46,F52,F95,0.0,0.0,0.0,0.13424420356750488,0.0049741268157958984,0.0,0.0,1,1,0.001538929487566451,0.00027205547974784236,0.14620161056518555,0.006329774856567383,109,2,-0.00221|0.00027|0.00214,0.00027,3,1
7500,47,F77,F4,0.0,0.0,0.0,0.15015769004821777,0.007517576217651367,0.0,0.0,1,1,0.0023233428432793456,0.0023233428432793456,0.15978622436523438,0.0066068172454833984,109,2,-0.00232,-0.00232,1,1
7500,48,F28,F20,0.0,0.0,0.0,0.13828229904174805,0.026660919189453125,0.0,0.0,1,1,0.0019396400665622063,0.0019396400665622063,0.14583039283752441,0.02853989601135254,109,21,-0.00194,-0.00194,1,1
7500,49,F50,F74,0.0,0.0,0.0,0.1428821086883545,0.010565757751464844,0.0,0.0,1,1,0.019983691241228632,0.019983691241228632,0.14996576309204102,0.005034685134887695,109,2,-0.01998,-0.01998,1,1
7500,50,F85,F32,0.0,0.0,0.0,0.12992548942565918,0.008069038391113281,0.0,0.0,1,1,0.007315566661240861,0.007315566661240861,0.1515672206878662,0.012801408767700195,109,7,-0.00732,-0.00732,1,1
7500,51,F105,F39,0.0,0.0,0.0,0.22968268394470215,0.011596441268920898,0.0,0.0,1,1,0.015331363274219516,0.015331363274219516,0.1277303695678711,0.006542682647705078,109,4,-0.01533,-0.01533,1,1
7500,52,F23,F62,0.0,0.0,0.0,0.13789868354797363,0.0061838626861572266,0.0,0.0,1,1,0.0009076086857400219,0.0009076086857400219,0.14522314071655273,0.004431724548339844,109,2,-0.00091,-0.00091,1,1
7500,53,F49,F1,0.0,0.0,0.0,0.12345337867736816,0.005186319351196289,0.0,0.0,1,1,0.0020700884094567618,0.0020700884094567618,0.13462495803833008,0.0042877197265625,109,2,0.00207,0.00207,1,1
7500,54,F63,F8,0.0,0.0,0.0,0.1360175609588623,0.0051081180572509766,0.0,0.0,1,1,0.004435815454919928,0.004435815454919928,0.1284770965576172,0.005927085876464844,109,2,0.00444,0.00444,1,1
7500,55,F101,F75,0.0,0.0,0.0,0.1422731876373291,0.005155086517333984,0.0,0.0,1,1,0.007841973707821134,0.007841973707821134,0.15123438835144043,0.008282661437988281,109,2,-0.00784,-0.00784,1,1
7500,56,F87,F106,0.0,0.0,0.0,0.13130593299865723,0.0050296783447265625,0.0,0.0,1,1,0.011419640179433588,0.004987950675100676,0.141096830368042,0.004548549652099609,109,2,0.00499|0.01785,0.00499,2,1
7500,57,F40,F34,0.0,0.0,0.0,0.142805814743042,0.005135536193847656,0.0,0.0,1,1,0.001338507166156235,0.001338507166156235,0.15801596641540527,0.004479646682739258,109,2,-0.00134,-0.00134,1,1
7500,58,F105,F89,0.0,0.0,0.0,0.14626836776733398,0.007347583770751953,0.0,0.0,1,1,0.007419434471922895,0.007419434471922895,0.13313794136047363,0.007350921630859375,109,4,-0.00742,-0.00742,1,1
7500,59,F4,F5,0.0,0.0,0.0,0.14439988136291504,0.006310939788818359,0.0,0.0,1,1,0.0008657578429269919,0.0009846471852497471,0.1507718563079834,0.00609278678894043,109,2,0.00075|0.00098,0.00098,2,1
7500,60,F72,F33,0.0,0.0,0.0,0.13974928855895996,0.00798654556274414,0.0,0.0,1,1,0.03160181995132277,0.03160181995132277,0.13163161277770996,0.006897687911987305,109,8,-0.0316,-0.0316,1,1
7500,61,F30,F19,0.0,0.0,0.0,0.13715744018554688,0.006279945373535156,0.0,0.0,1,1,0.003016598345599534,0.0023837980408941434,0.14501404762268066,0.004328489303588867,109,2,-0.00365|0.00238,0.00238,2,1
7500,62,F98,F33,0.0,0.0,0.0,0.1430974006652832,0.011337995529174805,0.0,0.0,1,1,0.002394791751819365,0.002394791751819365,0.1433858871459961,0.008594751358032227,109,5,0.00239,0.00239,1,1
7500,63,F24,F23,0.0,0.0,0.0,0.13280415534973145,0.015195369720458984,0.0,0.0,1,1,0.0015964954176544868,0.0015964954176544868,0.15604376792907715,0.007322549819946289,109,2,0.0016,0.0016,1,1
7500,64,F57,F83,0.0,0.0,0.0,0.13989686965942383,0.0069580078125,0.0,0.0,1,1,0.007616010418750196,0.007616010418750196,0.14069914817810059,0.006232500076293945,109,4,0.00762,0.00762,1,1
7500,65,F92,F56,0.0,0.0,0.0,0.1469571590423584,0.0072820186614990234,0.0,0.0,1,1,0.005456228989319233,0.002787642285274414,0.13106155395507812,0.006066322326660156,109,4,-0.00812|0.00279,0.00279,2,1
7500,66,F54,F3,0.0,0.0,0.0,0.15314102172851562,0.005127429962158203,0.0,0.0,1,1,0.0007485581146088291,0.0007485581146088291,0.13959550857543945,0.004197597503662109,109,2,0.00075,0.00075,1,1
7500,67,F29,F105,0.0,0.0,0.0,0.14327597618103027,0.008037567138671875,0.0,0.0,1,1,0.00951618799482265,0.005082045490306664,0.15065884590148926,0.006400346755981445,109,4,-0.01395|-0.00508,-0.00508,2,1
7500,68,F4,F82,0.0,0.0,0.0,0.15801262855529785,0.005787372589111328,0.0,0.0,1,1,0.002421609245808493,0.0016265791694645645,0.22486424446105957,0.004629850387573242,109,2,-0.00163|0.00322,-0.00163,2,1
7500,69,F2,F69,0.0,0.0,0.0,0.14810919761657715,0.0049343109130859375,0.0,0.0,1,1,0.0014677998652914378,0.00023841692314732941,0.13539338111877441,0.004165172576904297,109,2,-0.00024|0.0027,-0.00024,2,1
7500,70,F45,F25,0.0,0.0,0.0,0.12529540061950684,0.0065305233001708984,0.0,0.0,1,1,0.016488241675546154,0.016488241675546154,0.12525177001953125,0.013654232025146484,109,2,0.01649,0.01649,1,1
7500,71,F61,F23,0.0,0.0,0.0,0.14447331428527832,0.006852865219116211,0.0,0.0,1,1,0.0018122757044082207,0.0018122757044082207,0.14777851104736328,0.005980730056762695,109,4,-0.00181,-0.00181,1,1
7500,72,F77,F51,0.0,0.0,0.0,0.14325547218322754,0.006860017776489258,0.0,0.0,1,1,0.00044485588213604067,0.00044485588213604067,0.14486217498779297,0.004315376281738281,109,2,0.00044,0.00044,1,1
7500,73,F17,F34,0.0,0.0,0.0,0.14598751068115234,0.005194902420043945,0.0,0.0,1,1,0.005259570963512987,0.0011518046225151312,0.1227259635925293,0.008014678955078125,109,2,0.00115|0.00937,0.00115,2,1
7500,74,F59,F65,0.0,0.0,0.0,0.1333756446838379,0.005708932876586914,0.0,0.0,1,1,0.010924476961536672,0.010924476961536672,0.14986467361450195,0.0052988529205322266,109,2,0.01092,0.01092,1,1
7500,75,F100,F19,0.0,0.0,0.0,0.13979005813598633,0.008397102355957031,0.0,0.0,1,1,0.0020050955313342432,0.001489576853871165,0.14919090270996094,0.005707740783691406,109,2,-0.00252|-0.00149,-0.00149,2,1
7500,76,F87,F83,0.0,0.0,0.0,0.15347027778625488,0.011227130889892578,0.0,0.0,1,1,0.010664500068851418,0.00546881119758595,0.14656925201416016,0.006641864776611328,109,4,0.00547|0.01586,0.00547,2,1
7500,77,F23,F99,0.0,0.0,0.0,0.1629951000213623,0.006079673767089844,0.0,0.0,1,1,0.0007931180670251795,0.0007931180670251795,0.13837647438049316,0.00438237190246582,109,2,-0.00079,-0.00079,1,1
7500,78,F27,F61,0.0,0.0,0.0,0.1262657642364502,0.006897926330566406,0.0,0.0,1,1,0.009753442702991605,0.009753442702991605,0.1538541316986084,0.008800983428955078,109,4,-0.00975,-0.00975,1,1
7500,79,F36,F33,0.0,0.0,0.0,0.13869261741638184,0.0061779022216796875,0.0,0.0,1,1,0.005303873133641297,0.005303873133641297,0.13974237442016602,0.004410982131958008,109,2,-0.0053,-0.0053,1,1
7500,80,F55,F9,0.0,0.0,0.0,0.1471846103668213,0.005246877670288086,0.0,0.0,1,1,0.006239132629569416,0.00013840688942071705,0.14264464378356934,0.004482269287109375,109,2,-0.00014|0.01234,-0.00014,2,1
7500,81,F72,F52,0.0,0.0,0.0,0.1497812271118164,0.00860595703125,0.0,0.0,1,1,0.025013892287024175,0.025013892287024175,0.14113950729370117,0.011560678482055664,109,8,-0.02501,-0.02501,1,1
7500,82,F8,F96,0.0,0.0,0.0,0.1554555892944336,0.007729768753051758,0.0,0.0,1,1,0.015389771744549375,0.0055217639703661866,0.1443500518798828,0.007727861404418945,109,6,-0.02526|-0.00552,-0.00552,2,1
7500,83,F103,F22,0.0,0.0,0.0,0.15031671524047852,0.0077419281005859375,0.0,0.0,1,1,0.014003851319997086,0.014003851319997086,0.15662050247192383,0.004471540451049805,109,2,0.014,0.014,1,1
7500,84,F84,F40,-1.924386576016938e-16,0.0,0.0,0.16091609001159668,0.009187936782836914,-0.0,-0.0,1,1,0.027264854720013023,0.027264854720013023,0.14715170860290527,0.008362293243408203,109,12,-0.02726,-0.02726,1,1
7500,85,F50,F62,0.0,0.0,0.0,0.1368391513824463,0.005362510681152344,0.0,0.0,1,1,0.0009262875616692308,0.0009262875616692308,0.13158106803894043,0.00418853759765625,109,2,-0.00093,-0.00093,1,1
7500,86,F58,F48,0.0,0.0,0.0,0.1567060947418213,0.0054547786712646484,0.0,0.0,1,1,0.006602534228282859,0.006602534228282859,0.13628935813903809,0.004140615463256836,109,2,-0.0066,-0.0066,1,1
7500,87,F100,F74,0.0,0.0,0.0,0.1404571533203125,0.005013942718505859,0.0,0.0,1,1,0.01922302748338343,0.010441932062391664,0.14037704467773438,0.004189729690551758,109,2,-0.028|-0.01044,-0.01044,2,1
7500,88,F74,F70,0.0,0.0,0.0,0.13312864303588867,0.010721683502197266,0.0,0.0,1,1,0.002600333258965952,0.004689101604276826,0.12660980224609375,0.008244752883911133,109,2,-0.00469|0.00051,-0.00469,2,1
7500,89,F52,F108,0.0,0.0,0.0,0.12627935409545898,0.005009651184082031,0.0,0.0,1,1,0.008029608276370387,0.004644398570267197,0.1351785659790039,0.004630565643310547,109,2,-0.01135|-0.00809|-0.00464,-0.00464,3,1
7500,90,F72,F22,4.740750632337812e-34,0.0,0.0,0.13430356979370117,0.007878780364990234,0.0,0.0,1,1,0.002846404347151867,0.002846404347151867,0.1406574249267578,0.007257223129272461,109,8,-0.00285,-0.00285,1,1
7500,91,F29,F18,0.0,0.0,0.0,0.1419990062713623,0.0050694942474365234,0.0,0.0,1,1,0.012268241484116267,0.009673766546609319,0.14564013481140137,0.004383563995361328,109,2,0.00967|0.01486,0.00967,2,1
7500,92,F78,F77,0.0,0.0,0.0,0.14169788360595703,0.005395412445068359,0.0,0.0,1,1,0.010495646630702416,0.007763274821410507,0.14052248001098633,0.004140138626098633,109,2,-0.01323|-0.00776,-0.00776,2,1
7500,93,F96,F107,0.0,0.0,0.0,0.14697647094726562,0.007150173187255859,0.0,0.0,1,1,0.03205053943031543,0.03205053943031543,0.15119433403015137,0.006231546401977539,109,6,-0.03205,-0.03205,1,1
7500,94,F2,F41,0.0,0.0,0.0,0.13716578483581543,0.03326559066772461,0.0,0.0,1,1,0.0016183045154978797,0.0010588871267425313,0.14544367790222168,0.0376894474029541,109,23,0.00106|0.00218,0.00106,2,1
7500,95,F11,F20,0.0,0.0,0.0,0.1293797492980957,0.02631974220275879,0.0,0.0,1,1,0.005984683466552558,0.0013920377052752551,0.14378714561462402,0.028103351593017578,109,21,0.00139|0.01058,0.00139,2,1
7500,96,F13,F98,0.0,0.0,0.0,0.14105725288391113,0.009276628494262695,0.0,0.0,1,1,0.005665418642744285,0.0025718404892303356,0.12780475616455078,0.010927438735961914,109,5,0.00257|0.00876,0.00257,2,1
7500,97,F64,F58,0.0,0.0,0.0,0.14310145378112793,0.005997657775878906,0.0,0.0,1,1,0.0013036423704294751,0.0013036423704294751,0.13911175727844238,0.004404544830322266,109,2,0.0013,0.0013,1,1
7500,98,F19,F39,0.0,0.0,0.0,0.13469910621643066,0.00511479377746582,0.0,0.0,1,1,0.008819244859445172,0.008819244859445172,0.15139508247375488,0.004159212112426758,109,2,0.00882,0.00882,1,1
7500,99,F22,F51,0.0,0.0,0.0,0.1493678092956543,0.006947994232177734,0.0,0.0,1,1,0.015673288113993995,0.007898913509617262,0.13449358940124512,0.004581928253173828,109,2,0.0079|0.02345,0.0079,2,1
10000,0,F28,F72,0.0,0.0,0.0,0.13662934303283691,0.007904767990112305,0.0,0.0,1,1,0.012471778800960396,0.012471778800960396,0.13364195823669434,0.0069844722747802734,109,8,-0.01247,-0.01247,1,1
10000,1,F94,F3,0.0,0.0,0.0,0.1452779769897461,0.005038261413574219,0.0,0.0,1,1,0.015540122742617504,0.015540122742617504,0.14525914192199707,0.004372596740722656,109,2,-0.01554,-0.01554,1,1
10000,2,F71,F67,0.0,0.0,0.0,0.12518572807312012,0.005023479461669922,0.0,0.0,1,1,0.0007908045074646835,0.0007908045074646835,0.14576125144958496,0.004270076751708984,109,2,-0.00079,-0.00079,1,1
10000,3,F61,F65,0.0,0.0,0.0,0.24097442626953125,0.010463476181030273,0.0,0.0,1,1,0.006476246816025833,0.006476246816025833,0.12270188331604004,0.005930423736572266,109,4,-0.00648,-0.00648,1,1
10000,4,F50,F88,1.61907524424502e-17,0.0,0.0,0.14396190643310547,0.0052242279052734375,0.0,0.0,1,1,0.006196456921599831,0.006196456921599831,0.13767504692077637,0.007226705551147461,109,2,0.0062,0.0062,1,1
10000,5,F26,F65,0.0,0.0,0.0,0.13252997398376465,0.005031108856201172,0.0,0.0,1,1,0.0021056583882620755,0.0021056583882620755,0.13449668884277344,0.0046079158782958984,109,2,0.00211,0.00211,1,1
10000,6,F61,F65,0.0,0.0,0.0,0.1322166919708252,0.009578704833984375,0.0,0.0,1,1,0.021461991704632248,0.021461991704632248,0.1403810977935791,0.006318330764770508,109,4,-0.02146,-0.02146,1,1
10000,7,F106,F60,0.0,0.0,0.0,0.12691235542297363,0.005695343017578125,0.0,0.0,1,1,0.006378409353613001,0.006378409353613001,0.1282210350036621,0.004322052001953125,109,2,0.00638,0.00638,1,1
10000,8,F84,F72,2.1430668687461354e-16,0.0,0.0,0.15904688835144043,0.011536598205566406,0.0,0.0,1,1,0.026456272396994097,0.026456272396994097,0.13710331916809082,0.026386499404907227,109,16,-0.02646,-0.02646,1,1
10000,9,F89,F63,0.0,0.0,0.0,0.14328861236572266,0.005717039108276367,0.0,0.0,1,1,0.004860939634818706,0.000726987436099208,0.14052391052246094,0.007208108901977539,109,2,-0.00859|-0.00527|-0.00073,-0.00073,3,1
10000,10,F32,F105,0.0,0.0,0.0,0.1483001708984375,0.011744260787963867,0.0,0.0,1,1,0.004270103854830344,0.004270103854830344,0.1339118480682373,0.009951591491699219,109,4,-0.00427,-0.00427,1,1
10000,11,F84,F60,0.0,0.0,0.0,0.16818547248840332,0.011966943740844727,0.0,0.0,1,1,0.009150704827192652,0.009150704827192652,0.1346607208251953,0.00920248031616211,109,13,-0.00915,-0.00915,1,1
10000,12,F70,F107,0.0,0.0,0.0,0.14385128021240234,0.006344318389892578,0.0,0.0,1,1,0.00443653985952243,0.00443653985952243,0.14247894287109375,0.005474567413330078,109,2,0.00444,0.00444,1,1
10000,13,F70,F24,0.0,0.0,0.0,0.13329744338989258,0.006017923355102539,0.0,0.0,1,1,0.0008995954221193586,0.0008995954221193586,0.1410994529724121,0.0042989253997802734,109,2,-0.0009,-0.0009,1,1
10000,14,F51,F22,0.0,0.0,0.0,0.14906525611877441,0.0055239200592041016,0.0,0.0,1,1,0.015312751620505374,0.015312751620505374,0.13730573654174805,0.004397392272949219,109,2,-0.01531,-0.01531,1,1
10000,15,F61,F75,0.0,0.0,0.0,0.1513228416442871,0.009610891342163086,0.0,0.0,1,1,0.01208519695705952,0.01208519695705952,0.13482260704040527,0.007138967514038086,109,4,0.01209,0.01209,1,1
10000,16,F73,F105,0.0,0.0,0.0,0.14017033576965332,0.007261514663696289,0.0,0.0,1,1,0.0026852502725822204,0.0026852502725822204,0.15820693969726562,0.006067752838134766,109,4,0.00269,0.00269,1,1
10000,17,F94,F21,0.0,0.0,0.0,0.1479630470275879,0.005615234375,0.0,0.0,1,1,0.0021112174293518122,0.0021112174293518122,0.1490328311920166,0.005356311798095703,109,2,0.00211,0.00211,1,1
10000,18,F42,F1,0.0,0.0,0.0,0.14710783958435059,0.005236625671386719,0.0,0.0,1,1,0.004974342956567392,0.004974342956567392,0.12931370735168457,0.008610725402832031,109,2,-0.00497,-0.00497,1,1
10000,19,F36,F74,0.0,0.0,0.0,0.11946678161621094,0.005402326583862305,0.0,0.0,1,1,0.0023969159041410696,0.0023969159041410696,0.16208672523498535,0.004406452178955078,109,2,-0.0024,-0.0024,1,1
10000,20,F29,F83,0.0,0.0,0.0,0.12430000305175781,0.009539365768432617,0.0,0.0,1,1,0.008238949479642932,0.00600909302897727,0.22838091850280762,0.006729602813720703,109,4,-0.01047|-0.00601,-0.00601,2,1
10000,21,F88,F41,2.0,1.25,1.25,0.14156556129455566,0.029799938201904297,2.0|4.5,2.0|4.5,2,2,1.2377449176044477,1.2377449176044477,0.1310110092163086,0.02908611297607422,109,22,1.99774|4.47323,1.99774|4.47323,2,2
10000,22,F78,F83,0.0,0.0,0.0,0.12937092781066895,0.006867885589599609,0.0,0.0,1,1,0.002319973851985145,0.003271496769357673,0.13640999794006348,0.006033897399902344,109,4,0.00137|0.00327,0.00327,2,1
10000,23,F62,F56,0.0,0.0,0.0,0.1310436725616455,0.006913900375366211,0.0,0.0,1,1,0.0021363111617659137,0.0021363111617659137,0.13805437088012695,0.005860328674316406,109,4,-0.00214,-0.00214,1,1
10000,24,F16,F90,-3.965082230804129e-18,0.0,0.0,0.13676714897155762,0.007240772247314453,-0.0,-0.0,1,1,0.005689648069431659,0.001942393093301182,0.13135290145874023,0.004469633102416992,109,2,0.00194|0.00944,0.00194,2,1
10000,25,F100,F55,0.0,0.0,0.0,0.13356280326843262,0.005400896072387695,0.0,0.0,1,1,0.02329743217918061,0.013105013017576862,0.1373765468597412,0.017831802368164062,109,2,0.01311|0.03349,0.01311,2,1
10000,26,F94,F64,0.0,0.0,0.0,0.14173316955566406,0.006551027297973633,0.0,0.0,1,1,0.001067478639828268,0.001067478639828268,0.15139412879943848,0.0049555301666259766,109,2,-0.00107,-0.00107,1,1
10000,27,F2,F38,0.0,0.0,0.0,0.1517043113708496,0.0058100223541259766,0.0,0.0,1,1,0.008362994923505942,0.005721249700403642,0.1295762062072754,0.004354238510131836,109,2,-0.011|-0.00572,-0.00572,2,1
10000,28,F21,F39,0.0,0.0,0.0,0.15537071228027344,0.005453586578369141,0.0,0.0,1,1,0.0026337856889164144,0.0016186108745371505,0.134246826171875,0.004586935043334961,109,2,0.00162|0.0026|0.00368,0.00162,3,1
10000,29,F107,F73,0.0,0.0,0.0,0.1547987461090088,0.005796909332275391,0.0,0.0,1,1,0.0026966664392094448,0.0026966664392094448,0.15185093879699707,0.005837917327880859,109,2,0.0027,0.0027,1,1
10000,30,F13,F10,0.0,0.0,0.0,0.1262664794921875,0.008559465408325195,0.0,0.0,1,1,0.003220168912556604,0.0005550732033370599,0.14110612869262695,0.004273891448974609,109,2,-0.00589|-0.00056,-0.00056,2,1
10000,31,F22,F99,0.0,0.0,0.0,0.13876628875732422,0.008489847183227539,0.0,0.0,1,1,0.0046662294248978175,0.0031447471652633905,0.14328408241271973,0.005157470703125,109,2,0.00314|0.00619,0.00314,2,1
10000,32,F74,F95,0.0,0.0,0.0,0.13862085342407227,0.006026744842529297,0.0,0.0,1,1,0.009754176544028725,0.010264591827175268,0.13192367553710938,0.007512331008911133,109,2,-0.01026|-0.00924,-0.01026,2,1
10000,33,F66,F29,0.0,0.0,0.0,0.14426898956298828,0.005013227462768555,0.0,0.0,1,1,0.004172240314374126,0.004172240314374126,0.1550431251525879,0.0043604373931884766,109,2,0.00417,0.00417,1,1
10000,34,F2,F54,0.0,0.0,0.0,0.13845348358154297,0.0072383880615234375,0.0,0.0,1,1,0.004914278953484493,0.0015434253357614626,0.1530611515045166,0.004327058792114258,109,2,0.00154|0.00829,0.00154,2,1
10000,35,F54,F6,0.0,0.0,0.0,0.14704036712646484,0.005078554153442383,0.0,0.0,1,1,0.007168732173261937,0.007168732173261937,0.13101840019226074,0.005400657653808594,109,2,0.00717,0.00717,1,1
10000,36,F42,F30,0.0,0.0,0.0,0.1348738670349121,0.005045413970947266,0.0,0.0,1,1,0.0027073683937036655,0.0027073683937036655,0.1363968849182129,0.0046520233154296875,109,2,0.00271,0.00271,1,1
10000,37,F56,F6,0.0,0.0,0.0,0.1199486255645752,0.007333993911743164,0.0,0.0,1,1,0.00124969856453084,0.00124969856453084,0.14350461959838867,0.0077593326568603516,109,4,-0.00125,-0.00125,1,1
10000,38,F101,F43,0.0,0.0,0.0,0.12483024597167969,0.00650477409362793,0.0,0.0,1,1,0.0023167172448520417,0.0023167172448520417,0.15255498886108398,0.004405021667480469,109,2,0.00232,0.00232,1,1
10000,39,F4,F8,0.0,0.0,0.0,0.13623905181884766,0.007671356201171875,0.0,0.0,1,1,0.0026030011647044716,0.0004779516698255367,0.1355893611907959,0.0046007633209228516,109,2,-0.00473|-0.00048,-0.00048,2,1
10000,40,F80,F16,0.0,0.0,0.0,0.14770030975341797,0.005656003952026367,0.0,0.0,1,1,0.014325806824866588,0.014325806824866588,0.11986756324768066,0.004387855529785156,109,2,-0.01433,-0.01433,1,1
10000,41,F46,F2,0.0,0.0,0.0,0.13263225555419922,0.009337425231933594,0.0,0.0,1,1,0.003043789753661549,0.003043789753661549,0.1541585922241211,0.004219770431518555,109,2,-0.00304,-0.00304,1,1
10000,42,F18,F67,0.0,0.0,0.0,0.13909673690795898,0.005229949951171875,0.0,0.0,1,1,0.006735123560820255,0.011530452813535493,0.14452338218688965,0.004199504852294922,109,2,-0.00194|0.01153,0.01153,2,1
10000,43,F3,F2,0.0,0.0,0.0,0.1429157257080078,0.00657963752746582,0.0,0.0,1,1,0.00420761840023753,7.832984438519137e-05,0.12726187705993652,0.004296302795410156,109,2,-0.00834|8e-05,8e-05,2,1
10000,44,F6,F48,0.0,0.0,0.0,0.15291619300842285,0.0049893856048583984,0.0,0.0,1,1,0.004685264747157965,0.004685264747157965,0.12776517868041992,0.0054013729095458984,109,2,0.00469,0.00469,1,1
10000,45,F22,F11,0.0,0.0,0.0,0.13868999481201172,0.007473945617675781,0.0,0.0,1,1,0.011120348736584674,0.0064879954674494904,0.14587926864624023,0.00689244270324707,109,2,0.00649|0.01575,0.00649,2,1
10000,46,F51,F104,0.0,0.0,0.0,0.1431112289428711,0.0052411556243896484,0.0,0.0,1,1,0.011737453159311625,0.011737453159311625,0.1544814109802246,0.004133701324462891,109,2,-0.01174,-0.01174,1,1
10000,47,F26,F54,0.0,0.0,0.0,0.15743708610534668,0.0051152706146240234,0.0,0.0,1,1,0.009293706413781107,0.009293706413781107,0.14752197265625,0.005883216857910156,109,2,0.00929,0.00929,1,1
10000,48,F31,F101,-5.55111512312578e-17,0.0,0.0,0.15457797050476074,0.024729490280151367,-0.0,-0.0,1,1,0.004339227619883935,0.004339227619883935,0.12713408470153809,0.011331558227539062,109,5,-0.00434,-0.00434,1,1
10000,49,F87,F106,0.0,0.0,0.0,0.12430572509765625,0.004937410354614258,0.0,0.0,1,1,0.0014854301836786329,0.0008093224680103434,0.14840245246887207,0.004134654998779297,109,2,-0.00081|0.00216,-0.00081,2,1
10000,50,F100,F8,0.0,0.0,0.0,0.1446981430053711,0.005257844924926758,0.0,0.0,1,1,0.003012990907918206,0.0011913907490912151,0.13668298721313477,0.0049304962158203125,109,2,0.00119|0.00483,0.00119,2,1
10000,51,F90,F50,0.0,0.0,0.0,0.1510772705078125,0.007196187973022461,0.0,0.0,1,1,0.007524630668161183,0.004111690214457904,0.14232373237609863,0.004255771636962891,109,2,0.00411|0.01094,0.00411,2,1
10000,52,F50,F40,0.0,0.0,0.0,0.14626383781433105,0.0053098201751708984,0.0,0.0,1,1,0.008203989808201912,0.008203989808201912,0.15278148651123047,0.004205942153930664,109,2,0.0082,0.0082,1,1
10000,53,F54,F98,0.0,0.0,0.0,0.1340336799621582,0.00946664810180664,0.0,0.0,1,1,0.006455389908293056,0.006455389908293056,0.1397705078125,0.008001327514648438,109,5,-0.00646,-0.00646,1,1
10000,54,F55,F25,0.0,0.0,0.0,0.14926958084106445,0.008902549743652344,0.0,0.0,1,1,0.006711889877538173,0.004125674993257398,0.13256192207336426,0.0043599605560302734,109,2,-0.0093|-0.00413,-0.00413,2,1
10000,55,F6,F17,0.0,0.0,0.0,0.21242713928222656,0.005468130111694336,0.0,0.0,1,1,0.009311298802928759,0.009311298802928759,0.12387394905090332,0.004830360412597656,109,2,0.00931,0.00931,1,1
10000,56,F44,F11,0.0,0.0,0.0,0.13174128532409668,0.04383659362792969,0.0,0.0,1,1,0.007163084032682494,0.007163084032682494,0.14460515975952148,0.03825855255126953,109,26,0.00716,0.00716,1,1
10000,57,F66,F107,0.0,0.0,0.0,0.15016746520996094,0.0050144195556640625,0.0,0.0,1,1,0.0005719687056050961,0.0005719687056050961,0.13390493392944336,0.004164695739746094,109,2,-0.00057,-0.00057,1,1
10000,58,F25,F19,0.0,0.0,0.0,0.13909006118774414,0.005396127700805664,0.0,0.0,1,1,0.008387745936110169,0.008387745936110169,0.1421525478363037,0.004365444183349609,109,2,0.00839,0.00839,1,1
10000,59,F25,F24,0.0,0.0,0.0,0.1307845115661621,0.006896018981933594,0.0,0.0,1,1,0.007926154336058026,0.007926154336058026,0.1390373706817627,0.0062825679779052734,109,2,0.00793,0.00793,1,1
10000,60,F80,F93,0.0,0.0,0.0,0.14011836051940918,0.0064544677734375,0.0,0.0,1,1,0.003976492856974882,0.003976492856974882,0.14395475387573242,0.004717111587524414,109,2,0.00398,0.00398,1,1
10000,61,F20,F28,0.0,0.0,0.0,0.14238619804382324,0.031467437744140625,0.0,0.0,1,1,0.0021742162035025612,0.0021742162035025612,0.13981032371520996,0.03713798522949219,109,21,0.00217,0.00217,1,1
10000,62,F97,F45,0.0,0.0,0.0,0.13399720191955566,0.02411174774169922,0.0,0.0,1,1,0.018830694135164198,0.018830694135164198,0.13756346702575684,0.020795106887817383,109,20,-0.01883,-0.01883,1,1
10000,63,F96,F57,0.0,0.0,0.0,0.15219783782958984,0.008112907409667969,0.0,0.0,1,1,0.0010221474383167372,0.0010221474383167372,0.1493687629699707,0.00677800178527832,109,6,0.00102,0.00102,1,1
10000,64,F41,F56,0.0,0.0,0.0,0.13418054580688477,0.03591513633728027,0.0,0.0,1,1,0.044466408211235986,0.044466408211235986,0.15263676643371582,0.037378549575805664,109,25,-0.04447,-0.04447,1,1
10000,65,F38,F42,0.0,0.0,0.0,0.14100933074951172,0.00510096549987793,0.0,0.0,1,1,0.006747201038252002,0.006747201038252002,0.13964295387268066,0.004168987274169922,109,2,-0.00675,-0.00675,1,1
10000,66,F33,F17,0.0,0.0,0.0,0.14019155502319336,0.0063359737396240234,0.0,0.0,1,1,0.007350685394531665,0.007350685394531665,0.14396047592163086,0.0043027400970458984,109,2,0.00735,0.00735,1,1
10000,67,F9,F31,0.0,0.0,0.0,0.13338565826416016,0.012685298919677734,0.0,0.0,1,1,0.004336451847434577,0.004336451847434577,0.15448355674743652,0.010551214218139648,109,5,-0.00434,-0.00434,1,1
10000,68,F76,F2,0.0,0.0,0.0,0.14347386360168457,0.005411624908447266,0.0,0.0,1,1,0.006081342511700912,0.006081342511700912,0.1432664394378662,0.004291057586669922,109,2,0.00608,0.00608,1,1
10000,69,F46,F47,0.0,0.0,0.0,0.1417543888092041,0.01802825927734375,0.0,0.0,1,1,0.005918360797693648,0.005918360797693648,0.1468343734741211,0.005398750305175781,109,2,-0.00592,-0.00592,1,1
10000,70,F107,F45,0.0,0.0,0.0,0.14237570762634277,0.007414102554321289,0.0,0.0,1,1,0.01875183916128609,0.01875183916128609,0.14519071578979492,0.00417017936706543,109,2,-0.01875,-0.01875,1,1
10000,71,F18,F20,1.5860328923216515e-17,0.0,0.0,0.14358997344970703,0.028699398040771484,0.0,0.0,1,1,0.016282872252411613,0.013861329755801857,0.1362779140472412,0.024336576461791992,109,21,0.01386|0.0187,0.01386,2,1
10000,72,F55,F35,0.0,0.0,0.0,0.2246229648590088,0.004921674728393555,0.0,0.0,1,1,0.001344737414248608,0.00020222786736293812,0.14348268508911133,0.004334211349487305,109,2,-0.00249|-0.0002,-0.0002,2,1
10000,73,F95,F94,0.0,0.0,0.0,0.12019467353820801,0.00499272346496582,0.0,0.0,1,1,0.008787585581585225,0.008787585581585225,0.13852572441101074,0.004507780075073242,109,2,-0.00879,-0.00879,1,1
10000,74,F32,F51,0.0,0.0,0.0,0.13811016082763672,0.007149934768676758,0.0,0.0,1,1,0.00298458027090764,0.00298458027090764,0.13438820838928223,0.005352497100830078,109,2,-0.00298,-0.00298,1,1
10000,75,F33,F64,0.0,0.0,0.0,0.14539003372192383,0.007727146148681641,0.0,0.0,1,1,0.008347992098028723,0.008347992098028723,0.13648152351379395,0.00449371337890625,109,2,0.00835,0.00835,1,1
10000,76,F35,F79,0.0,0.0,0.0,0.12890148162841797,0.00601506233215332,0.0,0.0,1,1,0.0037932355641042952,0.0037932355641042952,0.13891339302062988,0.005019187927246094,109,2,0.00379,0.00379,1,1
10000,77,F61,F8,0.0,0.0,0.0,0.13272428512573242,0.006998538970947266,0.0,0.0,1,1,0.02605983664464796,0.02605983664464796,0.13899946212768555,0.005995035171508789,109,4,-0.02606,-0.02606,1,1
10000,78,F41,F69,0.0,0.0,0.0,0.14075613021850586,0.030626535415649414,0.0,0.0,1,1,0.024590526728011982,0.024590526728011982,0.1278681755065918,0.041225433349609375,109,23,-0.02459,-0.02459,1,1
10000,79,F9,F32,0.0,0.0,0.0,0.14055228233337402,0.007628440856933594,0.0,0.0,1,1,0.006709804254015401,0.006709804254015401,0.1502079963684082,0.007081508636474609,109,2,0.00671,0.00671,1,1
10000,80,F96,F4,0.0,0.0,0.0,0.1436450481414795,0.01182699203491211,0.0,0.0,1,1,0.006829471036770274,0.006829471036770274,0.12982797622680664,0.0072171688079833984,109,6,-0.00683,-0.00683,1,1
10000,81,F39,F54,0.0,0.0,0.0,0.13946986198425293,0.00557255744934082,0.0,0.0,1,1,0.0011228940133477623,0.0011228940133477623,0.14367079734802246,0.004515647888183594,109,2,-0.00112,-0.00112,1,1
10000,82,F103,F56,0.0,0.0,0.0,0.12090659141540527,0.011587858200073242,0.0,0.0,1,1,0.002394072810977331,0.002394072810977331,0.14192557334899902,0.006775379180908203,109,4,0.00239,0.00239,1,1
10000,83,F34,F11,0.0,0.0,0.0,0.12968134880065918,0.0054912567138671875,0.0,0.0,1,1,0.012799206687505824,0.012799206687505824,0.14833998680114746,0.004256486892700195,109,2,-0.0128,-0.0128,1,1
10000,84,F52,F99,0.0,0.0,0.0,0.1523280143737793,0.005446910858154297,0.0,0.0,1,1,0.015810661663671493,0.007673842234609431,0.13169550895690918,0.0047664642333984375,109,2,0.00767|0.01661|0.02315,0.00767,3,1
10000,85,F12,F92,0.0,0.0,0.0,0.14617276191711426,0.00552678108215332,0.0,0.0,1,1,0.006603508061146103,0.006603508061146103,0.13324356079101562,0.004182577133178711,109,2,0.0066,0.0066,1,1
10000,86,F103,F45,0.0,0.0,0.0,0.14841651916503906,0.005198001861572266,0.0,0.0,1,1,0.009206344669549088,0.009206344669549088,0.15714621543884277,0.007353782653808594,109,2,0.00921,0.00921,1,1
10000,87,F76,F40,0.0,0.0,0.0,0.13135647773742676,0.005094051361083984,0.0,0.0,1,1,0.006608438449033205,0.006608438449033205,0.13534235954284668,0.0041959285736083984,109,2,0.00661,0.00661,1,1
10000,88,F12,F40,0.0,0.0,0.0,0.1433415412902832,0.006806850433349609,0.0,0.0,1,1,0.007445495109883527,0.007445495109883527,0.1291370391845703,0.007238626480102539,109,2,-0.00745,-0.00745,1,1
10000,89,F75,F93,0.0,0.0,0.0,0.14994502067565918,0.006406068801879883,0.0,0.0,1,1,0.00166278244887956,0.00166278244887956,0.220550537109375,0.020838022232055664,109,2,-0.00166,-0.00166,1,1
10000,90,F14,F26,0.0,0.0,0.0,0.13053226470947266,0.006657838821411133,0.0,0.0,1,1,0.004621740133555622,0.004621740133555622,0.1386733055114746,0.0051457881927490234,109,2,-0.00462,-0.00462,1,1
10000,91,F66,F93,0.0,0.0,0.0,0.12793445587158203,0.0055408477783203125,0.0,0.0,1,1,0.01668804958311706,0.01668804958311706,0.14045166969299316,0.0072705745697021484,109,2,-0.01669,-0.01669,1,1
10000,92,F86,F60,0.0,0.0,0.0,0.13736629486083984,0.0074291229248046875,0.0,0.0,1,1,0.0038532589693092327,0.0038532589693092327,0.15520763397216797,0.007497072219848633,109,4,-0.00385,-0.00385,1,1
10000,93,F44,F84,2.2839206028119777e-15,0.0,0.0,0.14091825485229492,0.052327632904052734,0.0,0.0,1,1,0.04690849639121672,0.04690849639121672,0.1336958408355713,0.04188847541809082,109,25,-0.04691,-0.04691,1,1
10000,94,F35,F12,0.0,0.0,0.0,0.14362025260925293,0.007843732833862305,0.0,0.0,1,1,0.009445846027039028,0.009445846027039028,0.1378638744354248,0.004773855209350586,109,2,0.00945,0.00945,1,1
10000,95,F57,F3,0.0,0.0,0.0,0.1574399471282959,0.005404233932495117,0.0,0.0,1,1,0.001977776253123814,0.001977776253123814,0.13388657569885254,0.004175901412963867,109,2,-0.00198,-0.00198,1,1
10000,96,F36,F3,0.0,0.0,0.0,0.13873529434204102,0.005083799362182617,0.0,0.0,1,1,0.00022523333001959938,0.00022523333001959938,0.14521408081054688,0.006148099899291992,109,2,-0.00023,-0.00023,1,1
10000,97,F45,F76,0.0,0.0,0.0,0.13078999519348145,0.005076408386230469,0.0,0.0,1,1,0.0004741269700704808,0.0004741269700704808,0.14626860618591309,0.004654645919799805,109,2,0.00047,0.00047,1,1
10000,98,F91,F45,0.0,0.0,0.0,0.14339017868041992,0.005456447601318359,0.0,0.0,1,1,0.009515913004823065,0.009515913004823065,0.12767791748046875,0.006353139877319336,109,2,-0.00952,-0.00952,1,1
10000,99,F107,F75,0.0,0.0,0.0,0.13196992874145508,0.005957841873168945,0.0,0.0,1,1,0.006820907367826531,0.006820907367826531,0.12180089950561523,0.004275083541870117,109,2,0.00682,0.00682,1,1
