Sample_Size,Exp_ID,T,Y,True_Effect,MAE_Full,MAE_Local,Time_Full,Time_Local,Eff_Full,Eff_Local,Set_Size_Full,Set_Size_Local,MAE_Full_n,MAE_Local_n,Time_Full_n,Time_Local_n,Vars_Full,Vars_Local,Eff_Full_n,Eff_Local_n,Set_Size_Full_n,Set_Size_Local_n
500,0,Plcg,Akt,0.0,0.0,0.0,0.011222600936889648,0.003515005111694336,0.0,0.0,1,1,0.044378559053638425,0.0021347766144669,0.012465953826904297,0.0024154186248779297,11,2,0.00213|0.03256|0.05922|0.0836,0.00213,4,1
500,1,PKC,Erk,-4.392091086429191e-16,0.0,0.0,0.007146358489990234,0.00796365737915039,-0.0,-0.0,1,1,0.09750967424944819,0.09750967424944819,0.008641719818115234,0.006493091583251953,11,8,-0.09751,-0.09751,1,1
500,2,PKA,Plcg,0.0,0.0,0.0,0.0055696964263916016,0.008914709091186523,0.0,0.0,1,1,0.03654567102508088,0.03654567102508088,0.008300304412841797,0.0054090023040771484,11,8,0.03655,0.03655,1,1
500,3,PKA,PIP3,0.0,0.0,0.0,0.008357524871826172,0.008867502212524414,0.0,0.0,1,1,0.07689776793671875,0.07689776793671875,0.005793094635009766,0.005324602127075195,11,8,0.0769,0.0769,1,1
500,4,Plcg,Akt,0.0,0.0,0.0,0.008794784545898438,0.0029022693634033203,0.0,0.0,1,1,0.014445857603451729,0.007277070660541099,0.005772113800048828,0.0027534961700439453,11,2,-0.02376|-0.02369|0.00306|0.00728,0.00728,4,1
500,5,Akt,PIP3,0.0,0.0,0.0,0.007862091064453125,0.003130674362182617,0.0,0.0,1,1,0.03338871995530802,0.006187782909876367,0.007422685623168945,0.0023925304412841797,11,2,-0.00619|0.06059,-0.00619,2,1
500,6,Akt,P38,0.0,0.0,0.0,0.00722813606262207,0.004126548767089844,0.0,0.0,1,1,0.034948013829172606,0.019967775655688826,0.03044891357421875,0.004250049591064453,11,2,0.01997|0.04993,0.01997,2,1
500,7,PIP3,PKA,0.0,0.0,0.0,0.007884025573730469,0.007768392562866211,0.0,0.0,1,1,0.10314798957745416,0.023020886663774196,0.010330677032470703,0.010186433792114258,11,8,0.02302|0.05185|0.16784|0.16988,0.02302,4,1
500,8,Akt,P38,0.0,0.0,0.0,0.007477998733520508,0.003350496292114258,0.0,0.0,1,1,0.06754495368877941,0.04624190541091839,0.011977434158325195,0.003007650375366211,11,2,0.04624|0.08885,0.04624,2,1
500,9,Jnk,Akt,0.0,0.0,0.0,0.006768703460693359,0.008043527603149414,0.0,0.0,1,1,0.0038264709503513256,0.0038264709503513256,0.007407665252685547,0.0030105113983154297,11,2,0.00383,0.00383,1,1
500,10,PIP3,Akt,0.0,0.0,0.0,0.009775161743164062,0.003041505813598633,0.0,0.0,1,1,0.01203374638037951,0.002968920539224291,0.006337404251098633,0.002583742141723633,11,2,-0.01789|-0.01753|-0.00975|-0.00297,-0.00297,4,1
500,11,Erk,P38,0.0,0.0,0.0,0.010654449462890625,0.003032207489013672,0.0,0.0,1,1,0.0290580421835149,0.02245589972774087,0.007235050201416016,0.0026204586029052734,11,2,-0.04239|-0.02246|-0.02233,-0.02246,3,1
500,12,Akt,PIP3,0.0,0.0,0.0,0.016326427459716797,0.0031707286834716797,0.0,0.0,1,1,0.05410818785518451,0.044618082707575286,0.008925199508666992,0.002587556838989258,11,2,-0.0636|-0.04462,-0.04462,2,1
500,13,Jnk,P38,0.0,0.0,0.0,0.01996302604675293,0.0032401084899902344,0.0,0.0,1,1,0.013996025748513512,0.013996025748513512,0.007348060607910156,0.0035715103149414062,11,2,0.014,0.014,1,1
500,14,Jnk,Akt,0.0,0.0,0.0,0.010614395141601562,0.003368377685546875,0.0,0.0,1,1,0.0023756090577956935,0.0023756090577956935,0.012244701385498047,0.005748271942138672,11,2,-0.00238,-0.00238,1,1
500,15,PKA,PIP3,0.0,0.0,0.0,0.007970333099365234,0.009944438934326172,0.0,0.0,1,1,0.010881215789666126,0.010881215789666126,0.011513948440551758,0.006260871887207031,11,8,0.01088,0.01088,1,1
500,16,PIP3,PKC,0.0,0.0,0.0,0.006724119186401367,0.010469436645507812,0.0,0.0,1,1,0.037587766749418106,0.012653902162364802,0.011085987091064453,0.007371425628662109,11,9,0.01265|0.01619|0.05865|0.06286,0.01265,4,1
500,17,PKA,PIP2,0.0,0.0,0.0,0.012904644012451172,0.013670921325683594,0.0,0.0,1,1,0.18953476360130156,0.18953476360130156,0.007155179977416992,0.0066165924072265625,11,8,-0.18953,-0.18953,1,1
500,18,Jnk,Mek,0.0,0.0,0.0,0.019249677658081055,0.0045588016510009766,0.0,0.0,1,1,0.015284829851905511,0.015284829851905511,0.01012277603149414,0.004038810729980469,11,2,0.01528,0.01528,1,1
500,19,Akt,PIP3,0.0,0.0,0.0,0.01318049430847168,0.003922939300537109,0.0,0.0,1,1,0.03329725239624148,0.022327747646019535,0.010101079940795898,0.0030100345611572266,11,2,-0.02233|0.04427,-0.02233,2,1
500,20,Raf,P38,0.0,0.0,0.0,0.00860285758972168,0.004164695739746094,0.0,0.0,1,1,0.006568003598082486,0.003125887229171253,0.011681556701660156,0.0051763057708740234,11,2,-0.01001|0.00313,0.00313,2,1
500,21,PIP2,PKA,0.0,0.0,0.0,0.008914947509765625,0.008967876434326172,0.0,0.0,1,1,0.09465943417516992,0.04520704354186967,0.012084484100341797,0.012663841247558594,11,8,-0.1126|-0.11186|-0.10897|-0.04521,-0.04521,4,1
500,22,Erk,PIP2,0.0,0.0,0.0,0.007379055023193359,0.003518342971801758,0.0,0.0,1,1,0.03605181917565719,0.019994151107464487,0.013537168502807617,0.0025756359100341797,11,2,-0.04999|-0.03817|-0.01999,-0.01999,3,1
500,23,Mek,P38,0.0,0.0,0.0,0.007494926452636719,0.0035109519958496094,0.0,0.0,1,1,0.0427814194473795,0.010436612514033565,0.011870145797729492,0.0028047561645507812,11,2,-0.08921|-0.0287|-0.01044,-0.01044,3,1
500,24,Akt,PIP3,0.0,0.0,0.0,0.0070607662200927734,0.003125905990600586,0.0,0.0,1,1,0.040375705382636504,0.025618679106877866,0.010694026947021484,0.003232240676879883,11,2,-0.05513|-0.02562,-0.02562,2,1
500,25,Mek,Akt,0.0,0.2222222222222222,0.16666666666666666,0.013928651809692383,0.010255813598632812,0.0|0.33333,0.0|0.33333,2,2,0.23707310226519832,0.16821689071317245,0.00703883171081543,0.0056324005126953125,11,3,0.00506|0.33138|0.37479,0.00506|0.33138,3,2
500,26,PIP2,Jnk,0.0,0.0,0.0,0.007090568542480469,0.007000923156738281,0.0,0.0,1,1,0.10295354891663304,0.03408902033549559,0.006232261657714844,0.002747774124145508,11,2,0.03409|0.04006|0.16507|0.1726,0.03409,4,1
500,27,PKC,PIP3,0.0,0.0,0.0,0.006659984588623047,0.012540340423583984,0.0,0.0,1,1,0.0502392014953075,0.0502392014953075,0.006064414978027344,0.01009988784790039,11,9,-0.05024,-0.05024,1,1
500,28,PKC,PIP2,0.0,0.0,0.0,0.006331443786621094,0.011900901794433594,0.0,0.0,1,1,0.18715289169788987,0.18715289169788987,0.013557910919189453,0.0072689056396484375,11,9,-0.18715,-0.18715,1,1
500,29,Plcg,Akt,0.0,0.0,0.0,0.016564369201660156,0.007607698440551758,0.0,0.0,1,1,0.019008059159029186,0.0002890908233386338,0.010844945907592773,0.0044095516204833984,11,2,-0.03714|-0.01826|-0.00029|0.02035,-0.00029,4,1
500,30,P38,Plcg,0.0,0.0,0.0,0.01177358627319336,0.006317615509033203,0.0,0.0,1,1,0.02885160373477349,0.02885160373477349,0.01623678207397461,0.0034236907958984375,11,2,0.02885,0.02885,1,1
500,31,P38,Erk,0.0,0.0,0.0,0.00803685188293457,0.01252603530883789,0.0,0.0,1,1,0.0025561345176650296,0.0025561345176650296,0.006335020065307617,0.004824399948120117,11,2,0.00256,0.00256,1,1
500,32,PKA,Plcg,0.0,0.0,0.0,0.008823633193969727,0.010281085968017578,0.0,0.0,1,1,0.007744073235260651,0.007744073235260651,0.009833097457885742,0.010375499725341797,11,8,0.00774,0.00774,1,1
500,33,PIP2,Jnk,0.0,0.0,0.0,0.007992744445800781,0.0032825469970703125,0.0,0.0,1,1,0.12125567495943994,0.0652673657267345,0.006014823913574219,0.011207818984985352,11,2,0.06527|0.07746|0.16625|0.17604,0.06527,4,1
500,34,PIP2,Mek,0.0,0.0,0.0,0.008141517639160156,0.003645181655883789,0.0,0.0,1,1,0.007494622136421308,0.011875106710672627,0.00705409049987793,0.0027642250061035156,11,2,-0.00883|-0.00876|0.00051|0.01188,0.01188,4,1
500,35,P38,Plcg,0.0,0.0,0.0,0.008543014526367188,0.003918170928955078,0.0,0.0,1,1,0.0691980567332537,0.0691980567332537,0.007451534271240234,0.0027451515197753906,11,2,0.0692,0.0692,1,1
500,36,PIP3,PKC,0.0,0.0,0.0,0.014676809310913086,0.012052297592163086,0.0,0.0,1,1,0.06791035807707865,0.019805689812749404,0.011040687561035156,0.010241985321044922,11,9,0.01981|0.06021|0.09422|0.09741,0.01981,4,1
500,37,Erk,P38,0.0,0.0,0.0,0.007771968841552734,0.00682520866394043,0.0,0.0,1,1,0.014005801837265486,0.0017966030400053835,0.0066416263580322266,0.00333404541015625,11,2,-0.02114|-0.0018|0.01908,-0.0018,3,1
500,38,Plcg,Mek,0.0,0.0,0.0,0.01034688949584961,0.003505229949951172,0.0,0.0,1,1,0.030246306779326822,0.005471719321710946,0.008284568786621094,0.002949953079223633,11,2,0.00547|0.02627|0.03527|0.05397,0.00547,4,1
500,39,Raf,Akt,0.0,0.125,0.125,0.017678022384643555,0.0058214664459228516,0.0|0.25,0.0|0.25,2,2,0.1377456845265639,0.1377456845265639,0.008027315139770508,0.008745431900024414,11,4,-0.03131|0.24418,-0.03131|0.24418,2,2
500,40,Plcg,P38,0.0,0.0,0.0,0.0174562931060791,0.003411531448364258,0.0,0.0,1,1,0.059301302204757295,0.0043473100770842835,0.00762486457824707,0.0026183128356933594,11,2,-0.11129|-0.09398|-0.02758|-0.00435,-0.00435,4,1
500,41,Plcg,Akt,0.0,0.0,0.0,0.015196084976196289,0.003498554229736328,0.0,0.0,1,1,0.03199823112644297,0.012807871190766961,0.009648799896240234,0.002784252166748047,11,2,-0.04958|-0.03634|-0.02927|-0.01281,-0.01281,4,1
500,42,PIP3,Erk,0.0,0.0,0.0,0.00793600082397461,0.004235744476318359,0.0,0.0,1,1,0.02668846048020554,0.003176794965607927,0.017052412033081055,0.004548549652099609,11,2,0.00318|0.03123|0.03494|0.03741,0.00318,4,1
500,43,PKC,PIP3,0.0,0.0,0.0,0.007287502288818359,0.01064300537109375,0.0,0.0,1,1,0.10605602770864823,0.10605602770864823,0.013518571853637695,0.008005142211914062,11,9,-0.10606,-0.10606,1,1
500,44,Akt,P38,0.0,0.0,0.0,0.01985001564025879,0.004084587097167969,0.0,0.0,1,1,0.010544916882226077,0.0007962615416080183,0.008773565292358398,0.006401777267456055,11,2,-0.02029|-0.0008,-0.0008,2,1
500,45,P38,Jnk,0.0,0.0,0.0,0.007892847061157227,0.005441904067993164,0.0,0.0,1,1,0.032961747960871736,0.032961747960871736,0.020470380783081055,0.004686594009399414,11,2,-0.03296,-0.03296,1,1
500,46,Plcg,Akt,0.0,0.0,0.0,0.011644124984741211,0.004115581512451172,0.0,0.0,1,1,0.016317712310508825,0.0036133812244572906,0.019367694854736328,0.0036296844482421875,11,2,-0.02902|-0.01638|0.00361|0.01626,0.00361,4,1
500,47,Akt,PKC,6.0,2.5,2.5,0.015361547470092773,0.016835927963256836,1.0|6.0,1.0|6.0,2,2,2.58968986798489,2.58968986798489,0.011990547180175781,0.009465456008911133,11,8,1.12035|5.70027,1.12035|5.70027,2,2
500,48,Plcg,Jnk,0.0,0.0,0.0,0.007506608963012695,0.0035576820373535156,0.0,0.0,1,1,0.01768807461485839,0.0035573960595413805,0.013526678085327148,0.0029573440551757812,11,2,-0.0332|-0.02799|-0.006|-0.00356,-0.00356,4,1
500,49,PIP2,PKA,0.0,0.0,0.0,0.012546777725219727,0.00986337661743164,0.0,0.0,1,1,0.07790828927768627,0.0332253530676588,0.012766361236572266,0.007377147674560547,11,8,0.03323|0.06861|0.10459|0.10521,0.03323,4,1
500,50,Mek,PIP3,0.0,0.0,0.0,0.006559610366821289,0.005561351776123047,0.0,0.0,1,1,0.030742225460865247,0.0085456860271448,0.13527607917785645,0.004192829132080078,11,2,-0.04799|-0.03569|-0.00855,-0.00855,3,1
500,51,Jnk,P38,0.0,0.0,0.0,0.008114099502563477,0.0034914016723632812,0.0,0.0,1,1,0.02010829243617428,0.02010829243617428,0.007272243499755859,0.003911733627319336,11,2,-0.02011,-0.02011,1,1
500,52,Mek,P38,0.0,0.0,0.0,0.010206937789916992,0.004274129867553711,0.0,0.0,1,1,0.030013609726369028,0.002024293907216553,0.010950565338134766,0.0043544769287109375,11,2,-0.01311|-0.00202|0.07491,-0.00202,3,1
500,53,Jnk,Mek,0.0,0.0,0.0,0.010431766510009766,0.0037610530853271484,0.0,0.0,1,1,0.023340203555351813,0.023340203555351813,0.00903177261352539,0.0031287670135498047,11,2,-0.02334,-0.02334,1,1
500,54,Akt,PKC,6.0,2.5,2.5,0.01180124282836914,0.012498140335083008,1.0|6.0,1.0|6.0,2,2,2.6352239001953137,2.6352239001953137,0.009067296981811523,0.008191585540771484,11,8,0.75972|6.03017,0.75972|6.03017,2,2
500,55,Erk,PKC,5.0,1.3333333333333333,1.3333333333333333,0.006918668746948242,0.008124113082885742,1.5|5.0|5.5,1.5|5.0|5.5,3,3,1.7695084683550546,1.7695084683550546,0.00907754898071289,0.00927424430847168,11,8,1.02542|5.6126|5.72135,1.02542|5.6126|5.72135,3,3
500,56,Erk,Raf,1.0,0.3333333333333333,0.5,0.008023738861083984,0.009195566177368164,0.0|1.0,0.0|1.0,2,2,0.36484028618617215,0.5110084697830618,0.006093740463256836,0.01571202278137207,11,3,-0.00122|1.02079|1.0725,-0.00122|1.02079,3,2
500,57,P38,PIP2,0.0,0.0,0.0,0.014304399490356445,0.003879547119140625,0.0,0.0,1,1,0.029174408369181427,0.029174408369181427,0.009140491485595703,0.0025191307067871094,11,2,0.02917,0.02917,1,1
500,58,Plcg,PKC,0.0,0.0,0.0,0.007668733596801758,0.008944034576416016,0.0,0.0,1,1,0.024846507726667924,0.004574795928473106,0.008691549301147461,0.010026693344116211,11,9,0.00111|0.00457|0.04525|0.04845,0.00457,4,1
500,59,PIP2,Akt,0.0,0.0,0.0,0.006875038146972656,0.0035734176635742188,0.0,0.0,1,1,0.06805902922713561,0.02211903597600908,0.006272792816162109,0.003559589385986328,11,2,0.02212|0.05002|0.09997|0.10013,0.02212,4,1
500,60,PKC,Akt,-1.9398402298395592e-16,0.0,0.0,0.012224197387695312,0.011050224304199219,-0.0,-0.0,1,1,0.040986338043498986,0.040986338043498986,0.00887441635131836,0.006882190704345703,11,8,0.04099,0.04099,1,1
500,61,Akt,Raf,1.0,0.5,0.5,0.008678197860717773,0.01006937026977539,0.0|1.0,0.0|1.0,2,2,0.42092448094506596,0.42092448094506596,0.007080078125,0.005864381790161133,11,4,0.21838|1.06023,0.21838|1.06023,2,2
500,62,P38,Plcg,0.0,0.0,0.0,0.0066449642181396484,0.00334930419921875,0.0,0.0,1,1,0.010790671675124116,0.010790671675124116,0.0075740814208984375,0.003572702407836914,11,2,-0.01079,-0.01079,1,1
500,63,PIP2,Erk,0.0,0.0,0.0,0.012617826461791992,0.0033431053161621094,0.0,0.0,1,1,0.08061576243896872,0.04471995314979489,0.008051633834838867,0.0027916431427001953,11,2,-0.09543|-0.09361|-0.0887|-0.04472,-0.04472,4,1
500,64,Jnk,Akt,0.0,0.0,0.0,0.006789445877075195,0.003407001495361328,0.0,0.0,1,1,0.014937776091878931,0.014937776091878931,0.006468772888183594,0.0025849342346191406,11,2,-0.01494,-0.01494,1,1
500,65,Akt,P38,0.0,0.0,0.0,0.007406711578369141,0.0032317638397216797,0.0,0.0,1,1,0.03177702407312284,0.020662752104495277,0.009397029876708984,0.0037908554077148438,11,2,-0.04289|-0.02066,-0.02066,2,1
500,66,PKA,PIP3,0.0,0.0,0.0,0.006570577621459961,0.007886171340942383,0.0,0.0,1,1,0.036347332189275425,0.036347332189275425,0.009558439254760742,0.014699697494506836,11,8,0.03635,0.03635,1,1
500,67,PIP2,PKC,0.0,0.0,0.0,0.007655143737792969,0.007899761199951172,0.0,0.0,1,1,0.09023363484875364,0.03990769092473177,0.010116338729858398,0.011523246765136719,11,9,0.03991|0.04545|0.13241|0.14317,0.03991,4,1
500,68,Raf,Erk,0.0,0.25,0.25,0.006803274154663086,0.008868217468261719,0.0|0.5,0.0|0.5,2,2,0.2704377674349639,0.2704377674349639,0.008433341979980469,0.0057735443115234375,11,3,-0.01597|0.5249,-0.01597|0.5249,2,2
500,69,PIP3,Mek,0.0,0.0,0.0,0.007226228713989258,0.003912210464477539,0.0,0.0,1,1,0.03350751553590258,0.014813765887980702,0.014194726943969727,0.011365175247192383,11,2,-0.05803|-0.05783|-0.01481|0.00336,-0.01481,4,1
500,70,Raf,P38,0.0,0.0,0.0,0.008925676345825195,0.0031435489654541016,0.0,0.0,1,1,0.03370534109619963,0.008538350180894612,0.006247758865356445,0.006824016571044922,11,2,0.00854|0.05887,0.00854,2,1
500,71,Raf,P38,0.0,0.0,0.0,0.009170293807983398,0.0029344558715820312,0.0,0.0,1,1,0.056180903784565736,0.0014210313943365178,0.0065615177154541016,0.0027861595153808594,11,2,-0.11094|-0.00142,-0.00142,2,1
500,72,Raf,PIP2,0.0,0.0,0.0,0.007703304290771484,0.0030040740966796875,0.0,0.0,1,1,0.020789471429336764,0.008561888613966413,0.00828862190246582,0.0024635791778564453,11,2,-0.03302|-0.00856,-0.00856,2,1
500,73,P38,Erk,0.0,0.0,0.0,0.010504484176635742,0.0031270980834960938,0.0,0.0,1,1,0.00691321503245242,0.00691321503245242,0.014892101287841797,0.0025179386138916016,11,2,-0.00691,-0.00691,1,1
500,74,Jnk,Mek,0.0,0.0,0.0,0.0072252750396728516,0.004227399826049805,0.0,0.0,1,1,0.0029795423776999216,0.0029795423776999216,0.006065845489501953,0.006075859069824219,11,2,0.00298,0.00298,1,1
500,75,Erk,P38,0.0,0.0,0.0,0.009855985641479492,0.0056612491607666016,0.0,0.0,1,1,0.024078685292502094,0.012374837872892792,0.007285118103027344,0.0028014183044433594,11,2,-0.021|-0.01237|0.03886,-0.01237,3,1
500,76,PKC,Plcg,0.0,0.0,0.0,0.009003162384033203,0.010795831680297852,0.0,0.0,1,1,0.04393054197227757,0.04393054197227757,0.007626533508300781,0.012574911117553711,11,9,0.04393,0.04393,1,1
500,77,PIP3,Mek,0.0,0.0,0.0,0.011423587799072266,0.003396272659301758,0.0,0.0,1,1,0.037619145910086936,0.0018841386185872342,0.007532596588134766,0.002749919891357422,11,2,-0.07067|-0.06105|-0.00188|0.01686,-0.00188,4,1
500,78,Plcg,P38,0.0,0.0,0.0,0.008603572845458984,0.0036673545837402344,0.0,0.0,1,1,0.024980825616632677,0.002055167565746929,0.0074465274810791016,0.0026772022247314453,11,2,0.00206|0.01608|0.03467|0.04712,0.00206,4,1
500,79,PIP3,Mek,0.0,0.0,0.0,0.009136199951171875,0.0032091140747070312,0.0,0.0,1,1,0.019498837740086008,0.003740837468595259,0.006616830825805664,0.0027000904083251953,11,2,-0.02478|-0.01241|-0.00374|0.03707,-0.00374,4,1
500,80,P38,PIP2,0.0,0.0,0.0,0.006369352340698242,0.003038167953491211,0.0,0.0,1,1,0.01966447160222658,0.01966447160222658,0.010164022445678711,0.0024695396423339844,11,2,0.01966,0.01966,1,1
500,81,PIP3,Jnk,0.0,0.0,0.0,0.010375022888183594,0.00618743896484375,0.0,0.0,1,1,0.053362360871358414,0.00960290795333457,0.009235382080078125,0.0027229785919189453,11,2,-0.09041|-0.08511|-0.02833|-0.0096,-0.0096,4,1
500,82,PIP2,Jnk,0.0,0.0,0.0,0.011648893356323242,0.004422664642333984,0.0,0.0,1,1,0.022820348682074432,0.019021716268632204,0.006234407424926758,0.0031974315643310547,11,2,-0.05985|-0.01902|-0.01022|0.00219,-0.01902,4,1
500,83,Akt,Raf,1.0,0.5,0.5,0.009848356246948242,0.008162498474121094,0.0|1.0,0.0|1.0,2,2,0.4900253072847686,0.4900253072847686,0.009603738784790039,0.0052187442779541016,11,4,0.03075|0.9892,0.03075|0.9892,2,2
500,84,Plcg,Raf,0.0,0.0,0.0,0.007025003433227539,0.0033385753631591797,0.0,0.0,1,1,0.006506349082973181,0.004449105777000218,0.00956273078918457,0.002599954605102539,11,2,-0.01422|-0.00729|7e-05|0.00445,0.00445,4,1
500,85,Plcg,P38,0.0,0.0,0.0,0.00859689712524414,0.003798961639404297,0.0,0.0,1,1,0.04533537079041702,0.005507932283185515,0.007659912109375,0.0057373046875,11,2,-0.09267|-0.0634|-0.00551|0.01977,-0.00551,4,1
500,86,Raf,PIP2,0.0,0.0,0.0,0.010130643844604492,0.0031321048736572266,0.0,0.0,1,1,0.027775163411825107,0.001997680282073179,0.007811307907104492,0.003189563751220703,11,2,0.002|0.05355,0.002,2,1
500,87,Akt,PKC,6.0,2.5,2.5,0.008806228637695312,0.011020421981811523,1.0|6.0,1.0|6.0,2,2,2.4792065626236743,2.4792065626236743,0.017401456832885742,0.00935983657836914,11,8,1.122|5.91959,1.122|5.91959,2,2
500,88,Raf,Erk,0.0,0.25,0.25,0.006547689437866211,0.0072574615478515625,0.0|0.5,0.0|0.5,2,2,0.2514615271786786,0.2514615271786786,0.011531591415405273,0.008611679077148438,11,3,0.01557|0.48735,0.01557|0.48735,2,2
500,89,Erk,PKC,5.0,1.3333333333333333,1.3333333333333333,0.011524438858032227,0.008883476257324219,1.5|5.0|5.5,1.5|5.0|5.5,3,3,1.3925047076020594,1.3925047076020594,0.006913661956787109,0.010071992874145508,11,8,1.49207|5.1335|5.53609,1.49207|5.1335|5.53609,3,3
500,90,PIP3,Akt,0.0,0.0,0.0,0.012393474578857422,0.003311634063720703,0.0,0.0,1,1,0.05262279416289284,0.012778564889597445,0.00722050666809082,0.0033621788024902344,11,2,0.00732|0.01278|0.09259|0.09779,0.01278,4,1
500,91,PIP3,Erk,0.0,0.0,0.0,0.006430864334106445,0.0032541751861572266,0.0,0.0,1,1,0.021842531477282167,0.006014496855696043,0.011240482330322266,0.0025489330291748047,11,2,-0.00601|0.02384|0.0241|0.03341,-0.00601,4,1
500,92,P38,PIP2,0.0,0.0,0.0,0.006364345550537109,0.0028100013732910156,0.0,0.0,1,1,0.03490374361947686,0.03490374361947686,0.005609273910522461,0.004594087600708008,11,2,-0.0349,-0.0349,1,1
500,93,Mek,PIP3,0.0,0.0,0.0,0.00675654411315918,0.0028076171875,0.0,0.0,1,1,0.026364493911261472,0.004562262552462128,0.006388425827026367,0.0030558109283447266,11,2,-0.01014|0.00456|0.06439,0.00456,3,1
500,94,PIP3,PKC,0.0,0.0,0.0,0.00789785385131836,0.007255077362060547,0.0,0.0,1,1,0.03590976724415888,0.003992788302300172,0.006472110748291016,0.007234096527099609,11,9,-0.05622|0.00399|0.03618|0.04725,0.00399,4,1
500,95,Plcg,P38,0.0,0.0,0.0,0.012328624725341797,0.006195545196533203,0.0,0.0,1,1,0.01143676336080219,0.0009104457031016484,0.010315656661987305,0.0028815269470214844,11,2,-0.02137|-0.01983|0.00091|0.00364,0.00091,4,1
500,96,PIP3,Erk,0.0,0.0,0.0,0.010777473449707031,0.003814697265625,0.0,0.0,1,1,0.12113939765949294,0.03303918374898842,0.006913900375366211,0.0038299560546875,11,2,-0.19128|-0.1869|-0.07334|-0.03304,-0.03304,4,1
500,97,Mek,PIP3,0.0,0.0,0.0,0.010617256164550781,0.004379749298095703,0.0,0.0,1,1,0.008460419986687782,0.007955343769897491,0.006920814514160156,0.0058574676513671875,11,2,-0.01611|-0.00796|-0.00131,-0.00796,3,1
500,98,Mek,P38,0.0,0.0,0.0,0.009004831314086914,0.005610227584838867,0.0,0.0,1,1,0.021242571508467274,0.0015923754087160793,0.008475303649902344,0.0029408931732177734,11,2,0.00159|0.00761|0.05452,0.00159,3,1
500,99,Mek,PIP3,0.0,0.0,0.0,0.00650334358215332,0.0033257007598876953,0.0,0.0,1,1,0.03382489182736969,0.006470131889048875,0.01027989387512207,0.0025985240936279297,11,2,-0.05467|-0.04034|-0.00647,-0.00647,3,1
1000,0,PIP2,Raf,0.0,0.0,0.0,0.006705522537231445,0.0029408931732177734,0.0,0.0,1,1,0.04308459196079101,0.020289739514408923,0.006308555603027344,0.0077648162841796875,11,2,-0.0737|-0.07248|-0.02029|0.00587,-0.02029,4,1
1000,1,Akt,PIP2,0.0,0.0,0.0,0.009305477142333984,0.003342151641845703,0.0,0.0,1,1,0.018063690340573816,0.006244500215631018,0.006562709808349609,0.0025420188903808594,11,2,-0.02988|-0.00624,-0.00624,2,1
1000,2,PIP3,Erk,0.0,0.0,0.0,0.007406949996948242,0.004216432571411133,0.0,0.0,1,1,0.025599526254913275,0.007616591526322582,0.011069774627685547,0.0025739669799804688,11,2,0.00727|0.00762|0.04343|0.04408,0.00762,4,1
1000,3,P38,Akt,0.0,0.0,0.0,0.008467674255371094,0.006606101989746094,0.0,0.0,1,1,0.007336120942361604,0.007336120942361604,0.008956193923950195,0.005137205123901367,11,2,0.00734,0.00734,1,1
1000,4,PIP2,Mek,0.0,0.0,0.0,0.008255958557128906,0.0032052993774414062,0.0,0.0,1,1,0.06702842297375233,0.02715347011742061,0.011189460754394531,0.002501964569091797,11,2,-0.0885|-0.08806|-0.06441|-0.02715,-0.02715,4,1
1000,5,PKC,Plcg,0.0,0.0,0.0,0.012479305267333984,0.011034250259399414,0.0,0.0,1,1,0.03521191253111614,0.03521191253111614,0.00739598274230957,0.008546590805053711,11,9,0.03521,0.03521,1,1
1000,6,PIP3,Jnk,0.0,0.0,0.0,0.00915837287902832,0.003408193588256836,0.0,0.0,1,1,0.04405071578043811,0.008506921322191496,0.006719112396240234,0.002834796905517578,11,2,0.00851|0.02061|0.0728|0.07428,0.00851,4,1
1000,7,PIP2,Erk,0.0,0.0,0.0,0.00878143310546875,0.003658771514892578,0.0,0.0,1,1,0.05807612019772444,0.020965306443977053,0.012428045272827148,0.0026764869689941406,11,2,-0.07979|-0.07911|-0.05244|-0.02097,-0.02097,4,1
1000,8,Plcg,PKC,0.0,0.0,0.0,0.010492801666259766,0.00961613655090332,0.0,0.0,1,1,0.05186940823317582,0.010146802477170126,0.006896495819091797,0.008178234100341797,11,9,-0.09481|-0.06231|-0.04021|-0.01015,-0.01015,4,1
1000,9,Mek,Jnk,0.0,0.0,0.0,0.009448528289794922,0.003242015838623047,0.0,0.0,1,1,0.011693767816218463,0.004312439449141253,0.009991168975830078,0.005197763442993164,11,2,-0.024|-0.00677|-0.00431,-0.00431,3,1
1000,10,Raf,PIP2,0.0,0.0,0.0,0.008189201354980469,0.0036923885345458984,0.0,0.0,1,1,0.012917401336957016,0.0043382732209385775,0.010049581527709961,0.005459785461425781,11,2,-0.0215|-0.00434,-0.00434,2,1
1000,11,Mek,PIP3,0.0,0.0,0.0,0.008562803268432617,0.0030832290649414062,0.0,0.0,1,1,0.024228331372399155,0.0020698918337902646,0.006395578384399414,0.006218671798706055,11,2,-0.05513|0.00207|0.01549,0.00207,3,1
1000,12,Raf,Jnk,0.0,0.0,0.0,0.009115457534790039,0.0029535293579101562,0.0,0.0,1,1,0.003825387827487239,0.0001403476792317127,0.006090402603149414,0.002550840377807617,11,2,0.00014|0.00751,0.00014,2,1
1000,13,PIP3,Mek,0.0,0.0,0.0,0.007352113723754883,0.003005504608154297,0.0,0.0,1,1,0.02848705375188098,0.007302333718822891,0.00689244270324707,0.0025060176849365234,11,2,-0.05527|-0.05017|-0.0073|0.0012,-0.0073,4,1
1000,14,Plcg,PKA,0.0,0.0,0.0,0.010832071304321289,0.008106470108032227,0.0,0.0,1,1,0.007211172334691549,0.0016558244231459028,0.014121055603027344,0.006513357162475586,11,8,-0.01225|-0.00166|0.00216|0.01278,-0.00166,4,1
1000,15,Raf,Erk,0.0,0.25,0.25,0.008744001388549805,0.00932621955871582,0.0|0.5,0.0|0.5,2,2,0.26952774277653985,0.26952774277653985,0.01005864143371582,0.006836891174316406,11,3,0.03788|0.50118,0.03788|0.50118,2,2
1000,16,PIP2,P38,0.0,0.0,0.0,0.007920980453491211,0.004712581634521484,0.0,0.0,1,1,0.06324142360729793,0.03589731280640588,0.006933450698852539,0.004089832305908203,11,2,-0.08441|-0.07048|-0.06218|-0.0359,-0.0359,4,1
1000,17,Jnk,P38,0.0,0.0,0.0,0.007554531097412109,0.0067822933197021484,0.0,0.0,1,1,0.014574315353920805,0.014574315353920805,0.01564812660217285,0.00500941276550293,11,2,0.01457,0.01457,1,1
1000,18,Raf,Plcg,0.0,0.0,0.0,0.009820938110351562,0.004203081130981445,0.0,0.0,1,1,0.03259387271089095,0.00543153484309097,0.006718873977661133,0.002764463424682617,11,2,-0.05976|-0.00543,-0.00543,2,1
1000,19,Plcg,P38,0.0,0.0,0.0,0.008173227310180664,0.002911090850830078,0.0,0.0,1,1,0.01505041334116273,0.006193845324032676,0.00733494758605957,0.0025177001953125,11,2,-0.03059|-0.02312|-0.00619|0.00029,-0.00619,4,1
1000,20,Mek,Plcg,0.0,0.0,0.0,0.008030176162719727,0.0032684803009033203,0.0,0.0,1,1,0.022778505694977722,0.002787107537363521,0.006963253021240234,0.002682924270629883,11,2,-0.0456|-0.00279|0.01995,-0.00279,3,1
1000,21,Jnk,Akt,0.0,0.0,0.0,0.023694753646850586,0.003379344940185547,0.0,0.0,1,1,0.022599009368504945,0.022599009368504945,0.012777090072631836,0.002586841583251953,11,2,0.0226,0.0226,1,1
1000,22,PKC,Akt,-1.9398402298395592e-16,0.0,0.0,0.009137630462646484,0.013050317764282227,-0.0,-0.0,1,1,0.007214364986472163,0.007214364986472163,0.012916326522827148,0.012512445449829102,11,8,-0.00721,-0.00721,1,1
1000,23,P38,Akt,0.0,0.0,0.0,0.00797414779663086,0.0033545494079589844,0.0,0.0,1,1,0.013178111162352154,0.013178111162352154,0.009345293045043945,0.0032587051391601562,11,2,0.01318,0.01318,1,1
1000,24,PIP2,Jnk,0.0,0.0,0.0,0.010935068130493164,0.003958940505981445,0.0,0.0,1,1,0.04331494661454096,0.02048615903540954,0.012484312057495117,0.004696846008300781,11,2,0.02049|0.04633|0.04717|0.05927,0.02049,4,1
1000,25,PKA,PIP3,0.0,0.0,0.0,0.0069582462310791016,0.006705284118652344,0.0,0.0,1,1,0.011772076661796072,0.011772076661796072,0.007863759994506836,0.007634162902832031,11,8,0.01177,0.01177,1,1
1000,26,Jnk,Akt,0.0,0.0,0.0,0.0060541629791259766,0.002988576889038086,0.0,0.0,1,1,0.012103071437030679,0.012103071437030679,0.009665250778198242,0.0025653839111328125,11,2,-0.0121,-0.0121,1,1
1000,27,Mek,Akt,0.0,0.2222222222222222,0.16666666666666666,0.00916743278503418,0.0066602230072021484,0.0|0.33333,0.0|0.33333,2,2,0.2439216598694105,0.17819448925714765,0.009333133697509766,0.00483250617980957,11,3,0.01694|0.33945|0.37538,0.01694|0.33945,3,2
1000,28,Akt,Jnk,0.0,0.0,0.0,0.009534597396850586,0.003324270248413086,0.0,0.0,1,1,0.008714221394242659,0.0013862102170977056,0.007750272750854492,0.0027146339416503906,11,2,-0.01604|-0.00139,-0.00139,2,1
1000,29,Jnk,PIP3,0.0,0.0,0.0,0.01458287239074707,0.004153013229370117,0.0,0.0,1,1,0.013597742319603251,0.013597742319603251,0.012522220611572266,0.002994060516357422,11,2,-0.0136,-0.0136,1,1
1000,30,Raf,P38,0.0,0.0,0.0,0.011036872863769531,0.004723548889160156,0.0,0.0,1,1,0.01925591876873526,0.007825241320349353,0.00987553596496582,0.005146503448486328,11,2,0.00783|0.03069,0.00783,2,1
1000,31,PIP2,Akt,0.0,0.0,0.0,0.01204824447631836,0.0031633377075195312,0.0,0.0,1,1,0.02039465238619025,0.0005914832002494013,0.012641668319702148,0.0024566650390625,11,2,-0.01818|-0.00354|0.00059|0.05926,0.00059,4,1
1000,32,P38,PIP3,0.0,0.0,0.0,0.00766444206237793,0.003094911575317383,0.0,0.0,1,1,0.0022781378701561767,0.0022781378701561767,0.00590062141418457,0.00595402717590332,11,2,0.00228,0.00228,1,1
1000,33,P38,Mek,0.0,0.0,0.0,0.011058330535888672,0.003228425979614258,0.0,0.0,1,1,0.009473150720258547,0.009473150720258547,0.0071942806243896484,0.002666950225830078,11,2,-0.00947,-0.00947,1,1
1000,34,Jnk,P38,0.0,0.0,0.0,0.006810188293457031,0.0027904510498046875,0.0,0.0,1,1,0.003932904477192321,0.003932904477192321,0.008947372436523438,0.002538919448852539,11,2,-0.00393,-0.00393,1,1
1000,35,PKC,PIP3,0.0,0.0,0.0,0.007831573486328125,0.011443853378295898,0.0,0.0,1,1,0.1177180485089233,0.1177180485089233,0.014670372009277344,0.007919073104858398,11,9,-0.11772,-0.11772,1,1
1000,36,P38,PIP2,0.0,0.0,0.0,0.007961750030517578,0.0056993961334228516,0.0,0.0,1,1,0.03425700572209345,0.03425700572209345,0.009994029998779297,0.003930330276489258,11,2,-0.03426,-0.03426,1,1
1000,37,Plcg,PKC,0.0,0.0,0.0,0.008570194244384766,0.012802600860595703,0.0,0.0,1,1,0.018767728229089155,0.0005182654710862738,0.011082172393798828,0.010833263397216797,11,9,-0.01908|0.00052|0.01776|0.03771,0.00052,4,1
1000,38,PIP2,Akt,0.0,0.0,0.0,0.011297225952148438,0.003405332565307617,0.0,0.0,1,1,0.03499283235084634,0.009850238387130363,0.007313251495361328,0.0027022361755371094,11,2,0.00985|0.03671|0.04665|0.04676,0.00985,4,1
1000,39,PIP2,Mek,0.0,0.0,0.0,0.006700754165649414,0.0034897327423095703,0.0,0.0,1,1,0.05558491931998007,0.021902046615701883,0.0075795650482177734,0.0024945735931396484,11,2,-0.06853|-0.06605|-0.06586|-0.0219,-0.0219,4,1
1000,40,Akt,PIP3,0.0,0.0,0.0,0.009157896041870117,0.0035119056701660156,0.0,0.0,1,1,0.03330831566784985,0.019618616101058885,0.007171630859375,0.0027740001678466797,11,2,0.01962|0.047,0.01962,2,1
1000,41,P38,PIP2,0.0,0.0,0.0,0.007861852645874023,0.0029022693634033203,0.0,0.0,1,1,0.006123344181064244,0.006123344181064244,0.011574506759643555,0.0025200843811035156,11,2,0.00612,0.00612,1,1
1000,42,P38,PIP2,0.0,0.0,0.0,0.00703740119934082,0.0030226707458496094,0.0,0.0,1,1,0.06952713315097982,0.06952713315097982,0.006236076354980469,0.0025937557220458984,11,2,-0.06953,-0.06953,1,1
1000,43,PKC,Akt,-1.9398402298395592e-16,0.0,0.0,0.007348775863647461,0.011982917785644531,-0.0,-0.0,1,1,0.031060453785295136,0.031060453785295136,0.007306098937988281,0.009148120880126953,11,8,-0.03106,-0.03106,1,1
1000,44,Mek,Plcg,0.0,0.0,0.0,0.006757020950317383,0.0031921863555908203,0.0,0.0,1,1,0.017014254527131425,0.007289379038106042,0.0095672607421875,0.0024564266204833984,11,2,-0.04272|-0.00729|0.00103,-0.00729,3,1
1000,45,Mek,PIP3,0.0,0.0,0.0,0.014616727828979492,0.005118608474731445,0.0,0.0,1,1,0.011134110055314195,0.00668550709515865,0.008634805679321289,0.006618022918701172,11,2,-0.01977|0.00669|0.00694,0.00669,3,1
1000,46,PIP2,Mek,0.0,0.0,0.0,0.010597944259643555,0.005541801452636719,0.0,0.0,1,1,0.010551517042026077,0.006896053167026896,0.007518768310546875,0.0035042762756347656,11,2,0.0069|0.00866|0.01329|0.01336,0.0069,4,1
1000,47,Akt,PIP2,0.0,0.0,0.0,0.006131410598754883,0.0034928321838378906,0.0,0.0,1,1,0.033456418385479164,0.031791055914337514,0.008660316467285156,0.0052165985107421875,11,2,0.03179|0.03512,0.03179,2,1
1000,48,PKC,Akt,-1.9398402298395592e-16,0.0,0.0,0.0062732696533203125,0.012268304824829102,-0.0,-0.0,1,1,0.05475544387783768,0.05475544387783768,0.005823612213134766,0.00907444953918457,11,8,-0.05476,-0.05476,1,1
1000,49,P38,Plcg,0.0,0.0,0.0,0.007419586181640625,0.0043032169342041016,0.0,0.0,1,1,0.0015629025408281083,0.0015629025408281083,0.01157689094543457,0.0030450820922851562,11,2,0.00156,0.00156,1,1
1000,50,Akt,Jnk,0.0,0.0,0.0,0.007683992385864258,0.004288196563720703,0.0,0.0,1,1,0.04035433454615967,0.022328151715140028,0.008719205856323242,0.0028035640716552734,11,2,0.02233|0.05838,0.02233,2,1
1000,51,Plcg,Raf,0.0,0.0,0.0,0.009946584701538086,0.0041925907135009766,0.0,0.0,1,1,0.01888282430480495,0.003018746995041271,0.00645136833190918,0.0052149295806884766,11,2,0.00302|0.0143|0.02417|0.03404,0.00302,4,1
1000,52,Plcg,Akt,0.0,0.0,0.0,0.020080089569091797,0.0033926963806152344,0.0,0.0,1,1,0.0033294194115026034,0.002094741790913695,0.008883953094482422,0.004523515701293945,11,2,-0.00474|-0.00422|0.00209|0.00226,0.00209,4,1
1000,53,Akt,PIP3,0.0,0.0,0.0,0.009002208709716797,0.003224611282348633,0.0,0.0,1,1,0.006934651016292319,0.011089234418779589,0.008090972900390625,0.0026726722717285156,11,2,-0.00278|0.01109,0.01109,2,1
1000,54,P38,Raf,0.0,0.0,0.0,0.006459951400756836,0.003193378448486328,0.0,0.0,1,1,0.004559682191991314,0.004559682191991314,0.006268501281738281,0.002587556838989258,11,2,0.00456,0.00456,1,1
1000,55,Jnk,PIP3,0.0,0.0,0.0,0.007116079330444336,0.002788543701171875,0.0,0.0,1,1,0.019805898516223032,0.019805898516223032,0.006340980529785156,0.002544879913330078,11,2,0.01981,0.01981,1,1
1000,56,Akt,Mek,1.0,0.5,0.5,0.007986068725585938,0.006781578063964844,0.0|1.0,0.0|1.0,2,2,0.5138118106497582,0.5138118106497582,0.009305000305175781,0.005389213562011719,11,3,-0.01809|0.99047,-0.01809|0.99047,2,2
1000,57,Erk,Jnk,0.0,0.0,0.0,0.01008152961730957,0.004629850387573242,0.0,0.0,1,1,0.03412204249289708,0.015279119093073888,0.012374639511108398,0.0050504207611083984,11,2,0.01528|0.04348|0.04361,0.01528,3,1
1000,58,Raf,Erk,0.0,0.25,0.25,0.008561134338378906,0.009668588638305664,0.0|0.5,0.0|0.5,2,2,0.2515620183087488,0.2515620183087488,0.008891582489013672,0.007137298583984375,11,3,0.00078|0.50234,0.00078|0.50234,2,2
1000,59,Raf,Erk,0.0,0.25,0.25,0.011971712112426758,0.007306814193725586,0.0|0.5,0.0|0.5,2,2,0.25173077699867985,0.25173077699867985,0.007512331008911133,0.005950927734375,11,3,0.01822|0.48525,0.01822|0.48525,2,2
1000,60,Akt,Jnk,0.0,0.0,0.0,0.007120847702026367,0.0034842491149902344,0.0,0.0,1,1,0.08096286241309084,0.04759525450592696,0.007570743560791016,0.002471923828125,11,2,0.0476|0.11433,0.0476,2,1
1000,61,Akt,PKC,6.0,2.5,2.5,0.008519887924194336,0.007278919219970703,1.0|6.0,1.0|6.0,2,2,2.520304129589373,2.520304129589373,0.006135225296020508,0.006632566452026367,11,8,1.03929|5.9201,1.03929|5.9201,2,2
1000,62,Jnk,P38,0.0,0.0,0.0,0.01874566078186035,0.0031299591064453125,0.0,0.0,1,1,0.012117950707051406,0.012117950707051406,0.007773876190185547,0.002532482147216797,11,2,0.01212,0.01212,1,1
1000,63,PKA,PIP2,0.0,0.0,0.0,0.006483793258666992,0.00735020637512207,0.0,0.0,1,1,0.05030265272471216,0.05030265272471216,0.008022546768188477,0.0060503482818603516,11,8,0.0503,0.0503,1,1
1000,64,Raf,P38,0.0,0.0,0.0,0.010823965072631836,0.0036869049072265625,0.0,0.0,1,1,0.026808693597951443,0.003531454237178668,0.012647628784179688,0.004824161529541016,11,2,-0.05009|-0.00353,-0.00353,2,1
1000,65,PIP2,Akt,0.0,0.0,0.0,0.007941722869873047,0.008712291717529297,0.0,0.0,1,1,0.03438147363088013,0.01478973905967146,0.010250329971313477,0.0030689239501953125,11,2,-0.04594|-0.03966|-0.03713|-0.01479,-0.01479,4,1
1000,66,Plcg,Jnk,0.0,0.0,0.0,0.00715327262878418,0.0032529830932617188,0.0,0.0,1,1,0.016897775216208416,0.0009643441819684657,0.0074079036712646484,0.004199504852294922,11,2,-0.03442|-0.02446|-0.00774|0.00096,0.00096,4,1
1000,67,Plcg,PKA,0.0,0.0,0.0,0.007866621017456055,0.009101629257202148,0.0,0.0,1,1,0.04435199470656992,0.002872971787892231,0.00669407844543457,0.006745338439941406,11,8,-0.08819|-0.07729|-0.00287|0.00905,-0.00287,4,1
1000,68,PIP3,Raf,0.0,0.0,0.0,0.00974416732788086,0.004953861236572266,0.0,0.0,1,1,0.014041593811184274,0.005745482002360977,0.007204294204711914,0.005170583724975586,11,2,-0.01893|0.00575|0.01373|0.01776,0.00575,4,1
1000,69,Raf,PIP2,0.0,0.0,0.0,0.01364445686340332,0.003539562225341797,0.0,0.0,1,1,0.02316850999788926,0.0026154194559338045,0.007296562194824219,0.002686738967895508,11,2,0.00262|0.04372,0.00262,2,1
1000,70,Erk,PIP3,0.0,0.0,0.0,0.008222818374633789,0.006629467010498047,0.0,0.0,1,1,0.009637238255634529,0.0027838491170078493,0.011610269546508789,0.0031785964965820312,11,2,-0.02047|-0.00278|0.00565,-0.00278,3,1
1000,71,Jnk,Mek,0.0,0.0,0.0,0.011514663696289062,0.004529237747192383,0.0,0.0,1,1,0.023531692329600142,0.023531692329600142,0.007555246353149414,0.004464387893676758,11,2,-0.02353,-0.02353,1,1
1000,72,Raf,Jnk,0.0,0.0,0.0,0.011462926864624023,0.007835865020751953,0.0,0.0,1,1,0.009312447972536574,0.00022306187201602307,0.0066716670989990234,0.002942323684692383,11,2,0.00022|0.0184,0.00022,2,1
1000,73,Jnk,Erk,0.0,0.0,0.0,0.009238004684448242,0.003415822982788086,0.0,0.0,1,1,0.0032912189673561234,0.0032912189673561234,0.00638127326965332,0.0036439895629882812,11,2,-0.00329,-0.00329,1,1
1000,74,Raf,Akt,0.0,0.125,0.125,0.00738215446472168,0.006391048431396484,0.0|0.25,0.0|0.25,2,2,0.13012879581320394,0.13012879581320394,0.008064031600952148,0.005167484283447266,11,4,-0.01168|0.24857,-0.01168|0.24857,2,2
1000,75,Mek,Akt,0.0,0.2222222222222222,0.16666666666666666,0.00601649284362793,0.008720159530639648,0.0|0.33333,0.0|0.33333,2,2,0.21320603979046968,0.17046195918091836,0.0060482025146484375,0.004886150360107422,11,3,0.01257|0.29869|0.32836,0.01257|0.32836,3,2
1000,76,Plcg,Jnk,0.0,0.0,0.0,0.007698535919189453,0.0037665367126464844,0.0,0.0,1,1,0.035120014893663835,0.0014817981158914497,0.006585359573364258,0.0026242733001708984,11,2,-0.06674|-0.06426|-0.008|-0.00148,-0.00148,4,1
1000,77,Mek,Akt,0.0,0.2222222222222222,0.16666666666666666,0.01369476318359375,0.006032228469848633,0.0|0.33333,0.0|0.33333,2,2,0.22423650294667943,0.16576623411842473,0.010022640228271484,0.0074193477630615234,11,3,-0.0005|0.33103|0.34118,-0.0005|0.33103,3,2
1000,78,P38,Jnk,0.0,0.0,0.0,0.00738978385925293,0.00411224365234375,0.0,0.0,1,1,0.036159472615876855,0.036159472615876855,0.00870823860168457,0.0035560131072998047,11,2,0.03616,0.03616,1,1
1000,79,Jnk,Erk,0.0,0.0,0.0,0.007338047027587891,0.003188610076904297,0.0,0.0,1,1,0.0193074188894248,0.0193074188894248,0.011646270751953125,0.0028295516967773438,11,2,0.01931,0.01931,1,1
1000,80,Plcg,Mek,0.0,0.0,0.0,0.006830930709838867,0.0039052963256835938,0.0,0.0,1,1,0.005229828813381033,0.003393638564063313,0.007577180862426758,0.0026519298553466797,11,2,-0.0066|-0.00339|0.0041|0.00682,-0.00339,4,1
1000,81,PIP3,Erk,0.0,0.0,0.0,0.012247562408447266,0.005723476409912109,0.0,0.0,1,1,0.03845739886308108,0.012413430289140851,0.006352424621582031,0.00417637825012207,11,2,-0.05503|-0.05351|-0.03288|-0.01241,-0.01241,4,1
1000,82,Mek,Plcg,0.0,0.0,0.0,0.010548591613769531,0.003099203109741211,0.0,0.0,1,1,0.019186741464961167,0.0027046811901845877,0.0061626434326171875,0.0030062198638916016,11,2,0.0027|0.01089|0.04396,0.0027,3,1
1000,83,Mek,Akt,0.0,0.2222222222222222,0.16666666666666666,0.014016151428222656,0.005407094955444336,0.0|0.33333,0.0|0.33333,2,2,0.21831081416756817,0.16260002298990683,0.00639033317565918,0.005301475524902344,11,3,0.00404|0.32116|0.32973,0.00404|0.32116,3,2
1000,84,Jnk,P38,0.0,0.0,0.0,0.009850025177001953,0.003858804702758789,0.0,0.0,1,1,0.015040178352003015,0.015040178352003015,0.008246183395385742,0.003196239471435547,11,2,-0.01504,-0.01504,1,1
1000,85,Mek,Plcg,0.0,0.0,0.0,0.009573698043823242,0.0034492015838623047,0.0,0.0,1,1,0.012880051508659387,0.001635013340014326,0.010684490203857422,0.0026519298553466797,11,2,0.00164|0.00378|0.03323,0.00164,3,1
1000,86,PKC,Plcg,0.0,0.0,0.0,0.0073926448822021484,0.008203744888305664,0.0,0.0,1,1,0.05845920698532571,0.05845920698532571,0.013010740280151367,0.010608196258544922,11,9,0.05846,0.05846,1,1
1000,87,PIP3,Jnk,0.0,0.0,0.0,0.008758783340454102,0.006943702697753906,0.0,0.0,1,1,0.027723671407426216,0.010386358412713478,0.0068624019622802734,0.004510641098022461,11,2,0.00425|0.01039|0.04762|0.04864,0.01039,4,1
1000,88,PIP3,Jnk,0.0,0.0,0.0,0.012171506881713867,0.004594087600708008,0.0,0.0,1,1,0.04737383678086407,0.019081360694276246,0.006816864013671875,0.0038983821868896484,11,2,0.0089|0.01908|0.08048|0.08104,0.01908,4,1
1000,89,Akt,Plcg,0.0,0.0,0.0,0.00821542739868164,0.010600090026855469,0.0,0.0,1,1,0.014618187916389202,0.011181350229166689,0.006127595901489258,0.004960060119628906,11,2,0.01118|0.01806,0.01118,2,1
1000,90,PIP3,Akt,0.0,0.0,0.0,0.010811567306518555,0.0035991668701171875,0.0,0.0,1,1,0.016918952885183254,0.009703350543151355,0.006443500518798828,0.0061075687408447266,11,2,0.00118|0.0097|0.02719|0.0296,0.0097,4,1
1000,91,Plcg,Akt,0.0,0.0,0.0,0.009259939193725586,0.004538297653198242,0.0,0.0,1,1,0.022286789779838032,0.002372080404815022,0.008015871047973633,0.0033473968505859375,11,2,-0.00155|0.00237|0.0399|0.04532,0.00237,4,1
1000,92,PKC,Akt,-1.9398402298395592e-16,0.0,0.0,0.009933233261108398,0.009974956512451172,-0.0,-0.0,1,1,0.11889935151620198,0.11889935151620198,0.00995635986328125,0.007831573486328125,11,8,-0.1189,-0.1189,1,1
1000,93,PKC,Erk,-4.392091086429191e-16,0.0,0.0,0.0095367431640625,0.009719610214233398,-0.0,-0.0,1,1,0.012372712763104808,0.012372712763104808,0.0065648555755615234,0.007105588912963867,11,8,0.01237,0.01237,1,1
1000,94,Mek,PIP3,0.0,0.0,0.0,0.00942087173461914,0.0031251907348632812,0.0,0.0,1,1,0.00493859052512693,0.002181249556116797,0.010520696640014648,0.0025954246520996094,11,2,-0.00218|0.00198|0.01065,-0.00218,3,1
1000,95,Jnk,PIP2,0.0,0.0,0.0,0.007062673568725586,0.003276824951171875,0.0,0.0,1,1,0.022291260056449238,0.022291260056449238,0.009499549865722656,0.003139019012451172,11,2,-0.02229,-0.02229,1,1
1000,96,Akt,Mek,1.0,0.5,0.5,0.014617204666137695,0.011519670486450195,0.0|1.0,0.0|1.0,2,2,0.5755054130367512,0.5755054130367512,0.009620189666748047,0.009535789489746094,11,3,-0.10756|0.95655,-0.10756|0.95655,2,2
1000,97,Plcg,PKA,0.0,0.0,0.0,0.007535696029663086,0.009549856185913086,0.0,0.0,1,1,0.01886763290871676,0.004669227579623927,0.011810064315795898,0.007082939147949219,11,8,0.00467|0.01661|0.02126|0.03293,0.00467,4,1
1000,98,Raf,Akt,0.0,0.125,0.125,0.007303953170776367,0.008154153823852539,0.0|0.25,0.0|0.25,2,2,0.1364572329205722,0.1364572329205722,0.0062334537506103516,0.008114337921142578,11,4,-0.01883|0.25409,-0.01883|0.25409,2,2
1000,99,Mek,PIP3,0.0,0.0,0.0,0.012173652648925781,0.0030908584594726562,0.0,0.0,1,1,0.01196991078058078,0.007434832081651477,0.008451700210571289,0.0025482177734375,11,2,-0.01746|-0.00743|0.01101,-0.00743,3,1
2500,0,PIP2,P38,0.0,0.0,0.0,0.008080720901489258,0.0031740665435791016,0.0,0.0,1,1,0.01397963221938621,0.002359134409093352,0.010262727737426758,0.0041201114654541016,11,2,-0.00236|0.00326|0.02504|0.02526,-0.00236,4,1
2500,1,PKA,PIP2,0.0,0.0,0.0,0.007047176361083984,0.006329059600830078,0.0,0.0,1,1,0.017600418174461285,0.017600418174461285,0.009108543395996094,0.0064239501953125,11,8,0.0176,0.0176,1,1
2500,2,PIP3,Jnk,0.0,0.0,0.0,0.0072209835052490234,0.013485193252563477,0.0,0.0,1,1,0.012001070058929251,0.0008504905188515113,0.00808858871459961,0.004950046539306641,11,2,-0.02464|-0.01284|-0.00968|-0.00085,-0.00085,4,1
2500,3,Raf,P38,0.0,0.0,0.0,0.008107900619506836,0.005229949951171875,0.0,0.0,1,1,0.01752434173972174,0.0030770324751308296,0.010895967483520508,0.0028829574584960938,11,2,0.00308|0.03197,0.00308,2,1
2500,4,Jnk,Akt,0.0,0.0,0.0,0.008192777633666992,0.006641864776611328,0.0,0.0,1,1,0.00813377311266898,0.00813377311266898,0.0067632198333740234,0.0027709007263183594,11,2,-0.00813,-0.00813,1,1
2500,5,P38,Plcg,0.0,0.0,0.0,0.0068356990814208984,0.003289461135864258,0.0,0.0,1,1,0.012126255283829641,0.012126255283829641,0.008132457733154297,0.002499818801879883,11,2,0.01213,0.01213,1,1
2500,6,PKC,PIP3,0.0,0.0,0.0,0.008563756942749023,0.00830221176147461,0.0,0.0,1,1,0.025373060177383857,0.025373060177383857,0.01370859146118164,0.008800506591796875,11,9,-0.02537,-0.02537,1,1
2500,7,PKC,Erk,-4.392091086429191e-16,0.0,0.0,0.007074117660522461,0.008919000625610352,-0.0,-0.0,1,1,0.030433940413248265,0.030433940413248265,0.00689697265625,0.007126331329345703,11,8,-0.03043,-0.03043,1,1
2500,8,P38,Jnk,0.0,0.0,0.0,0.00793313980102539,0.0033447742462158203,0.0,0.0,1,1,0.01571597361120614,0.01571597361120614,0.005959987640380859,0.005215644836425781,11,2,0.01572,0.01572,1,1
2500,9,PIP2,Mek,0.0,0.0,0.0,0.012564659118652344,0.0039055347442626953,0.0,0.0,1,1,0.010488942908068165,0.0021179581352808166,0.016514062881469727,0.003022909164428711,11,2,-0.01214|0.00212|0.01284|0.01485,0.00212,4,1
2500,10,Mek,P38,0.0,0.0,0.0,0.010939598083496094,0.0035800933837890625,0.0,0.0,1,1,0.006346655359079964,0.0036327887713590297,0.009967803955078125,0.003964662551879883,11,2,0.00363|0.00605|0.00935,0.00363,3,1
2500,11,PIP3,Mek,0.0,0.0,0.0,0.01170039176940918,0.0063936710357666016,0.0,0.0,1,1,0.015349951501639116,0.0064126518837483845,0.0070493221282958984,0.0027647018432617188,11,2,-0.00192|0.00641|0.02584|0.02723,0.00641,4,1
2500,12,Akt,PIP2,0.0,0.0,0.0,0.008913755416870117,0.005471944808959961,0.0,0.0,1,1,0.016116572483867952,0.012781609129339701,0.008799076080322266,0.003028392791748047,11,2,-0.01945|-0.01278,-0.01278,2,1
2500,13,Akt,PIP2,0.0,0.0,0.0,0.01619553565979004,0.003682374954223633,0.0,0.0,1,1,0.0007718896341304405,0.0007770733407218235,0.007650852203369141,0.002577543258666992,11,2,-0.00078|-0.00077,-0.00078,2,1
2500,14,Plcg,PKC,0.0,0.0,0.0,0.008553266525268555,0.007988929748535156,0.0,0.0,1,1,0.015527815176311913,0.0004832911618233188,0.006930828094482422,0.006804943084716797,11,9,-0.00048|0.00826|0.02198|0.03139,-0.00048,4,1
2500,15,Plcg,P38,0.0,0.0,0.0,0.0064182281494140625,0.002950906753540039,0.0,0.0,1,1,0.019580961918458806,0.002208572631349122,0.006332874298095703,0.003657817840576172,11,2,-0.03711|-0.02711|-0.0119|-0.00221,-0.00221,4,1
2500,16,PIP3,PKA,0.0,0.0,0.0,0.0148468017578125,0.008723974227905273,0.0,0.0,1,1,0.014977796009156635,0.003452352714444708,0.016740083694458008,0.011560201644897461,11,8,0.00345|0.01442|0.02066|0.02138,0.00345,4,1
2500,17,PKC,Erk,-4.392091086429191e-16,0.0,0.0,0.010030269622802734,0.012420654296875,-0.0,-0.0,1,1,0.06282140635817647,0.06282140635817647,0.006818294525146484,0.008131265640258789,11,8,-0.06282,-0.06282,1,1
2500,18,Mek,Akt,0.0,0.2222222222222222,0.16666666666666666,0.007050037384033203,0.006323337554931641,0.0|0.33333,0.0|0.33333,2,2,0.23743644302786182,0.17205754321867558,0.00796961784362793,0.004995822906494141,11,3,-0.00678|0.33734|0.36819,-0.00678|0.33734,3,2
2500,19,Plcg,Akt,0.0,0.0,0.0,0.015347719192504883,0.003387928009033203,0.0,0.0,1,1,0.004723149616497163,0.0025568193639046413,0.0067288875579833984,0.002624034881591797,11,2,0.00256|0.00366|0.00583|0.00685,0.00256,4,1
2500,20,P38,Mek,0.0,0.0,0.0,0.006334781646728516,0.00717473030090332,0.0,0.0,1,1,0.005238659217428182,0.005238659217428182,0.007161617279052734,0.0060803890228271484,11,2,0.00524,0.00524,1,1
2500,21,Jnk,PIP3,0.0,0.0,0.0,0.009947776794433594,0.0038890838623046875,0.0,0.0,1,1,0.027677165276126584,0.027677165276126584,0.008054018020629883,0.0025713443756103516,11,2,0.02768,0.02768,1,1
2500,22,PIP2,PKA,0.0,0.0,0.0,0.010174036026000977,0.016149282455444336,0.0,0.0,1,1,0.002741269568670672,0.004564604038236043,0.007281303405761719,0.015839815139770508,11,8,-0.00036|0.0002|0.00456|0.00583,0.00456,4,1
2500,23,Akt,Raf,1.0,0.5,0.5,0.007729291915893555,0.007610797882080078,0.0|1.0,0.0|1.0,2,2,0.5065631395512236,0.5065631395512236,0.00743412971496582,0.007586956024169922,11,4,-0.00892|0.99579,-0.00892|0.99579,2,2
2500,24,Raf,PIP3,0.0,0.0,0.0,0.0077114105224609375,0.0036711692810058594,0.0,0.0,1,1,0.0032492601424653636,0.0026998850673395805,0.008584737777709961,0.002688169479370117,11,2,0.0027|0.0038,0.0027,2,1
2500,25,Mek,PIP2,0.0,0.0,0.0,0.007851600646972656,0.005417823791503906,0.0,0.0,1,1,0.007790251289675191,0.0013037678183969279,0.01239156723022461,0.002565622329711914,11,2,-0.01598|-0.00609|0.0013,0.0013,3,1
2500,26,P38,Akt,0.0,0.0,0.0,0.014253616333007812,0.003922939300537109,0.0,0.0,1,1,0.012577908967598464,0.012577908967598464,0.006404399871826172,0.0026082992553710938,11,2,0.01258,0.01258,1,1
2500,27,PIP2,PKA,0.0,0.0,0.0,0.008088350296020508,0.007630109786987305,0.0,0.0,1,1,0.005729725807544712,0.008621802101266354,0.0073549747467041016,0.006111860275268555,11,8,-0.00892|-0.00862|0.00244|0.00293,-0.00862,4,1
2500,28,Raf,P38,0.0,0.0,0.0,0.006644248962402344,0.003085613250732422,0.0,0.0,1,1,0.010360720635888852,0.0026979678671274617,0.006017446517944336,0.002543210983276367,11,2,-0.0027|0.01802,-0.0027,2,1
2500,29,Erk,Jnk,0.0,0.0,0.0,0.01725935935974121,0.003866434097290039,0.0,0.0,1,1,0.008463481790563823,0.005156103125743979,0.015448331832885742,0.003224611282348633,11,2,0.00483|0.00516|0.0154,0.00516,3,1
2500,30,PKA,PIP3,0.0,0.0,0.0,0.00706791877746582,0.007360219955444336,0.0,0.0,1,1,0.03286828483974731,0.03286828483974731,0.008710384368896484,0.012686491012573242,11,8,0.03287,0.03287,1,1
2500,31,Plcg,P38,0.0,0.0,0.0,0.007827997207641602,0.0057299137115478516,0.0,0.0,1,1,0.01789611371494307,0.00037256043871990147,0.006540775299072266,0.0029311180114746094,11,2,-0.03665|-0.03322|-0.00134|0.00037,0.00037,4,1
2500,32,Jnk,Plcg,0.0,0.0,0.0,0.01137542724609375,0.00984644889831543,0.0,0.0,1,1,0.02333507851498778,0.02333507851498778,0.005969047546386719,0.0037078857421875,11,2,0.02334,0.02334,1,1
2500,33,PKA,Plcg,0.0,0.0,0.0,0.0110015869140625,0.00771784782409668,0.0,0.0,1,1,0.030158635920329878,0.030158635920329878,0.006544351577758789,0.00618743896484375,11,8,0.03016,0.03016,1,1
2500,34,Akt,Mek,1.0,0.5,0.5,0.007601261138916016,0.00841069221496582,0.0|1.0,0.0|1.0,2,2,0.502469979509788,0.502469979509788,0.007296085357666016,0.004952192306518555,11,3,0.00572|0.98934,0.00572|0.98934,2,2
2500,35,Mek,P38,0.0,0.0,0.0,0.01130819320678711,0.003047466278076172,0.0,0.0,1,1,0.0031349286588049177,0.001937842582449632,0.009010791778564453,0.0026290416717529297,11,2,-0.00544|-0.00203|-0.00194,-0.00194,3,1
2500,36,Raf,PIP2,0.0,0.0,0.0,0.011381387710571289,0.0064465999603271484,0.0,0.0,1,1,0.007907341355823902,0.0029969153205152864,0.008860349655151367,0.0030100345611572266,11,2,-0.01282|-0.003,-0.003,2,1
2500,37,PIP3,Mek,0.0,0.0,0.0,0.013248443603515625,0.005326271057128906,0.0,0.0,1,1,0.004985042047190266,0.00036022232550446403,0.007432222366333008,0.0032906532287597656,11,2,-0.01069|0.00036|0.00426|0.00462,0.00036,4,1
2500,38,Jnk,PIP3,0.0,0.0,0.0,0.007688283920288086,0.0033245086669921875,0.0,0.0,1,1,0.01027951056202086,0.01027951056202086,0.008313655853271484,0.0025930404663085938,11,2,0.01028,0.01028,1,1
2500,39,Erk,PKC,5.0,1.3333333333333333,1.3333333333333333,0.006978034973144531,0.009155988693237305,1.5|5.0|5.5,1.5|5.0|5.5,3,3,1.391032362556663,1.391032362556663,0.014447927474975586,0.009812593460083008,11,8,1.57048|5.12425|5.61933,1.57048|5.12425|5.61933,3,3
2500,40,PIP2,Erk,0.0,0.0,0.0,0.012177467346191406,0.00622248649597168,0.0,0.0,1,1,0.04016131459527132,0.021874329510747925,0.007429838180541992,0.0028841495513916016,11,2,-0.04896|-0.04758|-0.04223|-0.02187,-0.02187,4,1
2500,41,P38,Erk,0.0,0.0,0.0,0.008161306381225586,0.0028536319732666016,0.0,0.0,1,1,6.123472539624042e-05,6.123472539624042e-05,0.006094932556152344,0.003687143325805664,11,2,6e-05,6e-05,1,1
2500,42,P38,PIP2,0.0,0.0,0.0,0.0068187713623046875,0.0039708614349365234,0.0,0.0,1,1,0.009212502239537925,0.009212502239537925,0.010629415512084961,0.0095062255859375,11,2,-0.00921,-0.00921,1,1
2500,43,Plcg,PKC,0.0,0.0,0.0,0.009229183197021484,0.009068727493286133,0.0,0.0,1,1,0.015375731050719103,0.0036823127843545727,0.006999969482421875,0.011061668395996094,11,9,-0.02708|-0.00368|0.00366|0.02708,-0.00368,4,1
2500,44,Plcg,Mek,0.0,0.0,0.0,0.0077016353607177734,0.0032761096954345703,0.0,0.0,1,1,0.008029032122816665,0.0012295091530945775,0.008269548416137695,0.002630949020385742,11,2,-0.01614|-0.00829|-0.00645|0.00123,0.00123,4,1
2500,45,Akt,PIP3,0.0,0.0,0.0,0.007450580596923828,0.003189563751220703,0.0,0.0,1,1,0.004819084210213698,0.006403349947468475,0.006091594696044922,0.005044460296630859,11,2,-0.0064|0.00323,-0.0064,2,1
2500,46,PKC,PIP3,0.0,0.0,0.0,0.014327526092529297,0.011931657791137695,0.0,0.0,1,1,0.02015593190646751,0.02015593190646751,0.010132789611816406,0.007673978805541992,11,9,0.02016,0.02016,1,1
2500,47,Mek,Akt,0.0,0.2222222222222222,0.16666666666666666,0.013965368270874023,0.006008625030517578,0.0|0.33333,0.0|0.33333,2,2,0.2491960652916315,0.19352565929744833,0.007990360260009766,0.0055637359619140625,11,3,-0.05213|0.33492|0.36054,-0.05213|0.33492,3,2
2500,48,PIP3,PKC,0.0,0.0,0.0,0.006264209747314453,0.01387166976928711,0.0,0.0,1,1,0.01592145797568876,0.0022152620056173954,0.0060117244720458984,0.0162661075592041,11,9,-0.02873|-0.02843|-0.00432|-0.00222,-0.00222,4,1
2500,49,Plcg,Mek,0.0,0.0,0.0,0.007792472839355469,0.003564119338989258,0.0,0.0,1,1,0.013831521298304228,0.0009222664055767118,0.008165121078491211,0.0030808448791503906,11,2,-0.02719|-0.01645|-0.01076|-0.00092,-0.00092,4,1
2500,50,Akt,Raf,1.0,0.5,0.5,0.009114742279052734,0.007497072219848633,0.0|1.0,0.0|1.0,2,2,0.5252585822763852,0.5252585822763852,0.006508350372314453,0.006316661834716797,11,4,-0.0052|1.04532,-0.0052|1.04532,2,2
2500,51,Plcg,Jnk,0.0,0.0,0.0,0.007764101028442383,0.0029685497283935547,0.0,0.0,1,1,0.005219406752615129,0.0034208777876406538,0.006420135498046875,0.00502777099609375,11,2,-0.01048|-0.00342|-0.00235|0.00462,-0.00342,4,1
2500,52,Mek,PIP2,0.0,0.0,0.0,0.017582416534423828,0.0035102367401123047,0.0,0.0,1,1,0.010900893527363361,0.0062953389886900015,0.006765604019165039,0.0026607513427734375,11,2,-0.01805|-0.00836|-0.0063,-0.0063,3,1
2500,53,Raf,Akt,0.0,0.125,0.125,0.011110544204711914,0.01070713996887207,0.0|0.25,0.0|0.25,2,2,0.1385510236076892,0.1385510236076892,0.00839376449584961,0.007055759429931641,11,4,0.0239|0.2532,0.0239|0.2532,2,2
2500,54,Erk,Jnk,0.0,0.0,0.0,0.007027626037597656,0.0029494762420654297,0.0,0.0,1,1,0.019533014363250892,0.009375679510809774,0.006273746490478516,0.0030074119567871094,11,2,-0.03375|-0.01548|-0.00938,-0.00938,3,1
2500,55,P38,PIP2,0.0,0.0,0.0,0.006269216537475586,0.00701451301574707,0.0,0.0,1,1,0.012371146129296157,0.012371146129296157,0.016482114791870117,0.003443002700805664,11,2,-0.01237,-0.01237,1,1
2500,56,P38,Mek,0.0,0.0,0.0,0.009680509567260742,0.0038328170776367188,0.0,0.0,1,1,0.003994153537851131,0.003994153537851131,0.007889747619628906,0.004047393798828125,11,2,0.00399,0.00399,1,1
2500,57,Erk,Plcg,0.0,0.0,0.0,0.007486820220947266,0.003950834274291992,0.0,0.0,1,1,0.044962048519640425,0.013783909328057082,0.007630109786987305,0.002961397171020508,11,2,0.01378|0.04184|0.07926,0.01378,3,1
2500,58,Plcg,P38,0.0,0.0,0.0,0.0071773529052734375,0.004271507263183594,0.0,0.0,1,1,0.029871231049352846,0.0011946445082822706,0.0068454742431640625,0.0033385753631591797,11,2,-0.05773|-0.03707|-0.02349|-0.00119,-0.00119,4,1
2500,59,Akt,PKC,6.0,2.5,2.5,0.01431894302368164,0.00981760025024414,1.0|6.0,1.0|6.0,2,2,2.4737175082848695,2.4737175082848695,0.0077362060546875,0.009566783905029297,11,8,1.13576|6.08319,1.13576|6.08319,2,2
2500,60,PIP2,PKC,0.0,0.0,0.0,0.008036613464355469,0.008132696151733398,0.0,0.0,1,1,0.013530797224369782,0.0015040902090415296,0.006608247756958008,0.007796049118041992,11,9,-0.01466|-0.01374|0.0015|0.02423,0.0015,4,1
2500,61,Plcg,Akt,0.0,0.0,0.0,0.006810903549194336,0.002997159957885742,0.0,0.0,1,1,0.008519933314453412,0.00014033871500666485,0.006224393844604492,0.004137754440307617,11,2,-0.00798|0.00014|0.00909|0.01688,0.00014,4,1
2500,62,Raf,P38,0.0,0.0,0.0,0.011990785598754883,0.0034332275390625,0.0,0.0,1,1,0.01856644130737444,0.006942893637079329,0.007893562316894531,0.0057108402252197266,11,2,0.00694|0.03019,0.00694,2,1
2500,63,Plcg,Jnk,0.0,0.0,0.0,0.008050680160522461,0.005009889602661133,0.0,0.0,1,1,0.0052128507258835085,0.0007916615499914033,0.007693290710449219,0.0034220218658447266,11,2,-0.00947|-0.0085|-0.00209|-0.00079,-0.00079,4,1
2500,64,PIP2,Jnk,0.0,0.0,0.0,0.0074825286865234375,0.0033855438232421875,0.0,0.0,1,1,0.023602643724798054,0.01001566770984916,0.008596658706665039,0.0027053356170654297,11,2,-0.03213|-0.03198|-0.02028|-0.01002,-0.01002,4,1
2500,65,Jnk,Akt,0.0,0.0,0.0,0.007987737655639648,0.006034135818481445,0.0,0.0,1,1,0.0048633353762556125,0.0048633353762556125,0.01714468002319336,0.0028738975524902344,11,2,0.00486,0.00486,1,1
2500,66,PIP3,P38,0.0,0.0,0.0,0.010701894760131836,0.0029921531677246094,0.0,0.0,1,1,0.005834467951238849,0.001844957916113613,0.006520509719848633,0.0027115345001220703,11,2,-0.00571|-0.00527|-0.00184|0.01052,-0.00184,4,1
2500,67,P38,Jnk,0.0,0.0,0.0,0.010862112045288086,0.0030634403228759766,0.0,0.0,1,1,0.014452352402069206,0.014452352402069206,0.01105356216430664,0.002585887908935547,11,2,0.01445,0.01445,1,1
2500,68,PIP2,P38,0.0,0.0,0.0,0.010211944580078125,0.004157543182373047,0.0,0.0,1,1,0.0704108628026517,0.02450383195211002,0.010885953903198242,0.003711700439453125,11,2,0.0245|0.05325|0.1018|0.1021,0.0245,4,1
2500,69,Raf,Akt,0.0,0.125,0.125,0.015456676483154297,0.009974479675292969,0.0|0.25,0.0|0.25,2,2,0.13043214760469435,0.13043214760469435,0.00991678237915039,0.005864143371582031,11,4,-0.01157|0.2493,-0.01157|0.2493,2,2
2500,70,P38,Erk,0.0,0.0,0.0,0.012652397155761719,0.0033028125762939453,0.0,0.0,1,1,0.03916507903637716,0.03916507903637716,0.009447574615478516,0.002651691436767578,11,2,-0.03917,-0.03917,1,1
2500,71,PKC,Akt,-1.9398402298395592e-16,0.0,0.0,0.007798194885253906,0.01213526725769043,-0.0,-0.0,1,1,0.09687352219950622,0.09687352219950622,0.007309436798095703,0.0068356990814208984,11,8,-0.09687,-0.09687,1,1
2500,72,Akt,PIP2,0.0,0.0,0.0,0.008814096450805664,0.005069255828857422,0.0,0.0,1,1,0.010351170743318913,0.00404032741490169,0.01877903938293457,0.002769947052001953,11,2,0.00404|0.01666,0.00404,2,1
2500,73,Plcg,Jnk,0.0,0.0,0.0,0.008866071701049805,0.003076314926147461,0.0,0.0,1,1,0.003534814467226759,0.00033602995733504344,0.006647348403930664,0.005006074905395508,11,2,-0.007|-0.00034|4e-05|0.00676,-0.00034,4,1
2500,74,PIP3,P38,0.0,0.0,0.0,0.011128425598144531,0.004548549652099609,0.0,0.0,1,1,0.018870952996198113,0.00706813945838898,0.01214599609375,0.0029382705688476562,11,2,-0.03265|-0.03175|-0.00707|-0.00402,-0.00707,4,1
2500,75,Plcg,PKC,0.0,0.0,0.0,0.008876323699951172,0.01383209228515625,0.0,0.0,1,1,0.0029983525157770774,0.0019417853542679944,0.008485794067382812,0.01685047149658203,11,9,0.00156|0.00194|0.00401|0.00448,0.00194,4,1
2500,76,Jnk,Akt,0.0,0.0,0.0,0.007957935333251953,0.0048749446868896484,0.0,0.0,1,1,0.021589710475767725,0.021589710475767725,0.006983757019042969,0.0036242008209228516,11,2,0.02159,0.02159,1,1
2500,77,PIP2,Mek,0.0,0.0,0.0,0.008919954299926758,0.002856731414794922,0.0,0.0,1,1,0.04444147837691724,0.020778068528790605,0.0063610076904296875,0.002608776092529297,11,2,0.02078|0.03769|0.0596|0.0597,0.02078,4,1
2500,78,Jnk,Akt,0.0,0.0,0.0,0.007226467132568359,0.003458738327026367,0.0,0.0,1,1,0.012308594305148817,0.012308594305148817,0.00824737548828125,0.0025899410247802734,11,2,0.01231,0.01231,1,1
2500,79,Erk,Raf,1.0,0.3333333333333333,0.5,0.007178544998168945,0.0059053897857666016,0.0|1.0,0.0|1.0,2,2,0.32665956583899963,0.48129185280216225,0.016930341720581055,0.0056498050689697266,11,3,0.04119|0.98261|0.99623,0.04119|0.99623,3,2
2500,80,Erk,Plcg,0.0,0.0,0.0,0.0066890716552734375,0.0031037330627441406,0.0,0.0,1,1,0.024032679474408732,0.013404963315829488,0.007373332977294922,0.0027723312377929688,11,2,-0.04175|-0.01695|-0.0134,-0.0134,3,1
2500,81,PKC,Akt,-1.9398402298395592e-16,0.0,0.0,0.015228748321533203,0.009311676025390625,-0.0,-0.0,1,1,0.002017486076417066,0.002017486076417066,0.011848211288452148,0.008347749710083008,11,8,0.00202,0.00202,1,1
2500,82,Erk,Plcg,0.0,0.0,0.0,0.01116037368774414,0.007099628448486328,0.0,0.0,1,1,0.021545244840465844,0.009166712685674806,0.014605998992919922,0.002791166305541992,11,2,0.00917|0.02359|0.03188,0.00917,3,1
2500,83,Mek,P38,0.0,0.0,0.0,0.006960630416870117,0.003857851028442383,0.0,0.0,1,1,0.014583036008811964,0.007769863834883237,0.00849008560180664,0.0038361549377441406,11,2,-0.02|-0.01598|-0.00777,-0.00777,3,1
2500,84,Akt,Jnk,0.0,0.0,0.0,0.009200811386108398,0.0033881664276123047,0.0,0.0,1,1,0.03129634378778373,0.018160877328743143,0.009565114974975586,0.0026655197143554688,11,2,-0.04443|-0.01816,-0.01816,2,1
2500,85,PKC,PIP2,0.0,0.0,0.0,0.008271932601928711,0.007651329040527344,0.0,0.0,1,1,0.007417419447039303,0.007417419447039303,0.005930900573730469,0.011632442474365234,11,9,0.00742,0.00742,1,1
2500,86,P38,Jnk,0.0,0.0,0.0,0.013632774353027344,0.004078865051269531,0.0,0.0,1,1,0.018383071100816124,0.018383071100816124,0.012006998062133789,0.002895832061767578,11,2,-0.01838,-0.01838,1,1
2500,87,PIP2,PKC,0.0,0.0,0.0,0.007105827331542969,0.008500099182128906,0.0,0.0,1,1,0.030053587236718107,0.010515715240019636,0.009733200073242188,0.008449792861938477,11,9,0.01052|0.02956|0.03991|0.04023,0.01052,4,1
2500,88,Erk,PKC,5.0,1.3333333333333333,1.3333333333333333,0.011183738708496094,0.009490728378295898,1.5|5.0|5.5,1.5|5.0|5.5,3,3,1.3303965748428006,1.3303965748428006,0.007505893707275391,0.018126249313354492,11,8,1.5592|4.96982|5.52021,1.5592|4.96982|5.52021,3,3
2500,89,P38,PIP3,0.0,0.0,0.0,0.00954437255859375,0.0032393932342529297,0.0,0.0,1,1,0.015017232643761216,0.015017232643761216,0.006609916687011719,0.003192424774169922,11,2,-0.01502,-0.01502,1,1
2500,90,PKC,PIP3,0.0,0.0,0.0,0.011853933334350586,0.010688543319702148,0.0,0.0,1,1,0.0025762487616819915,0.0025762487616819915,0.007345914840698242,0.010130167007446289,11,9,0.00258,0.00258,1,1
2500,91,Jnk,Raf,0.0,0.0,0.0,0.011919021606445312,0.0033164024353027344,0.0,0.0,1,1,0.018857115703771934,0.018857115703771934,0.012608528137207031,0.0024716854095458984,11,2,0.01886,0.01886,1,1
2500,92,Erk,PIP3,0.0,0.0,0.0,0.013368368148803711,0.003496885299682617,0.0,0.0,1,1,0.005311493883646892,0.0003213804072191901,0.00839543342590332,0.002685070037841797,11,2,-0.00032|0.00331|0.0123,-0.00032,3,1
2500,93,Raf,Jnk,0.0,0.0,0.0,0.008284568786621094,0.0033795833587646484,0.0,0.0,1,1,0.015904378953545205,0.005724232213082709,0.006766557693481445,0.005205869674682617,11,2,0.00572|0.02608,0.00572,2,1
2500,94,PIP2,PKA,0.0,0.0,0.0,0.00946950912475586,0.009425640106201172,0.0,0.0,1,1,0.02076832969551135,0.003215882033620393,0.006693840026855469,0.006860971450805664,11,8,-0.02955|-0.02953|-0.00322|0.02078,-0.00322,4,1
2500,95,Jnk,PIP3,0.0,0.0,0.0,0.012715578079223633,0.0032606124877929688,0.0,0.0,1,1,0.013105699756529773,0.013105699756529773,0.010974407196044922,0.002589702606201172,11,2,-0.01311,-0.01311,1,1
2500,96,Mek,Plcg,0.0,0.0,0.0,0.01116323471069336,0.004765748977661133,0.0,0.0,1,1,0.007108894631397966,0.00045505313673750643,0.008384227752685547,0.002856016159057617,11,2,-0.01846|-0.00046|0.00241,-0.00046,3,1
2500,97,PKC,Plcg,0.0,0.0,0.0,0.0074503421783447266,0.007155895233154297,0.0,0.0,1,1,0.002357158390337261,0.002357158390337261,0.006096363067626953,0.006713390350341797,11,9,-0.00236,-0.00236,1,1
2500,98,PIP3,Jnk,0.0,0.0,0.0,0.007092952728271484,0.0044002532958984375,0.0,0.0,1,1,0.004548227849991485,0.00011952014016246828,0.017498254776000977,0.0035614967346191406,11,2,-0.00631|-0.00624|-0.00012|0.00551,-0.00012,4,1
2500,99,Plcg,Mek,0.0,0.0,0.0,0.009230375289916992,0.0034637451171875,0.0,0.0,1,1,0.02019397095300636,0.0013820977235569896,0.012044429779052734,0.0027654170989990234,11,2,0.00138|0.00876|0.03246|0.03818,0.00138,4,1
5000,0,PIP2,Raf,0.0,0.0,0.0,0.00936579704284668,0.003335237503051758,0.0,0.0,1,1,0.017791873587949633,0.010393791484891602,0.006355762481689453,0.0034799575805664062,11,2,-0.02849|-0.01712|-0.01516|-0.01039,-0.01039,4,1
5000,1,Raf,PIP2,0.0,0.0,0.0,0.008364439010620117,0.0033042430877685547,0.0,0.0,1,1,0.001908879285037896,0.000922842072603308,0.008768320083618164,0.003270387649536133,11,2,-0.00092|0.00289,-0.00092,2,1
5000,2,Jnk,PIP3,0.0,0.0,0.0,0.014199972152709961,0.0033648014068603516,0.0,0.0,1,1,0.0021031344935278687,0.0021031344935278687,0.007544279098510742,0.0026073455810546875,11,2,0.0021,0.0021,1,1
5000,3,PIP3,Akt,0.0,0.0,0.0,0.010342836380004883,0.0035560131072998047,0.0,0.0,1,1,0.012693804245356717,0.005551932310636877,0.007712841033935547,0.0028045177459716797,11,2,0.00555|0.01125|0.01184|0.02214,0.00555,4,1
5000,4,PIP2,Akt,0.0,0.0,0.0,0.007099628448486328,0.0031042098999023438,0.0,0.0,1,1,0.009087945148773442,0.004213942268980168,0.008099079132080078,0.002741575241088867,11,2,-0.02854|-0.00421|0.00172|0.00188,-0.00421,4,1
5000,5,PKC,Akt,-1.9398402298395592e-16,0.0,0.0,0.0076847076416015625,0.014448881149291992,-0.0,-0.0,1,1,0.06358309792776301,0.06358309792776301,0.008083105087280273,0.01258993148803711,11,8,0.06358,0.06358,1,1
5000,6,Jnk,Erk,0.0,0.0,0.0,0.011497259140014648,0.004424095153808594,0.0,0.0,1,1,0.011001804434370337,0.011001804434370337,0.007344245910644531,0.003335714340209961,11,2,-0.011,-0.011,1,1
5000,7,Plcg,PKA,0.0,0.0,0.0,0.008073091506958008,0.007966041564941406,0.0,0.0,1,1,0.007376975757336605,0.0015622663676179967,0.009856939315795898,0.007008790969848633,11,8,-0.01322|-0.00752|-0.00721|-0.00156,-0.00156,4,1
5000,8,PKC,PIP3,0.0,0.0,0.0,0.007786989212036133,0.018317222595214844,0.0,0.0,1,1,0.016797933714900057,0.016797933714900057,0.011128902435302734,0.012087821960449219,11,9,0.0168,0.0168,1,1
5000,9,PKA,PIP3,0.0,0.0,0.0,0.011394500732421875,0.0066339969635009766,0.0,0.0,1,1,0.00910026967445147,0.00910026967445147,0.0075457096099853516,0.007254600524902344,11,8,-0.0091,-0.0091,1,1
5000,10,Akt,PIP3,0.0,0.0,0.0,0.006158113479614258,0.002778768539428711,0.0,0.0,1,1,0.04199303746737201,0.022953574529926635,0.005929470062255859,0.002489805221557617,11,2,0.02295|0.06103,0.02295,2,1
5000,11,Jnk,Plcg,0.0,0.0,0.0,0.006845712661743164,0.003113269805908203,0.0,0.0,1,1,0.003705873616132439,0.003705873616132439,0.0062901973724365234,0.002905607223510742,11,2,0.00371,0.00371,1,1
5000,12,PIP2,P38,0.0,0.0,0.0,0.012274980545043945,0.0034651756286621094,0.0,0.0,1,1,0.01019767396914207,0.006953098202446714,0.008507013320922852,0.0037817955017089844,11,2,0.00256|0.00695|0.01514|0.01614,0.00695,4,1
5000,13,PIP2,Jnk,0.0,0.0,0.0,0.007516622543334961,0.0035223960876464844,0.0,0.0,1,1,0.0222300199699252,0.004453085884328158,0.012118816375732422,0.002835512161254883,11,2,-0.03199|-0.03196|-0.02053|-0.00445,-0.00445,4,1
5000,14,P38,Plcg,0.0,0.0,0.0,0.008931398391723633,0.006432533264160156,0.0,0.0,1,1,0.010828556968676208,0.010828556968676208,0.009468555450439453,0.00492548942565918,11,2,0.01083,0.01083,1,1
5000,15,Plcg,Erk,0.0,0.0,0.0,0.011210203170776367,0.005888462066650391,0.0,0.0,1,1,0.004623720050440428,0.0007397846127076328,0.015703678131103516,0.0042536258697509766,11,2,-0.00923|-0.0059|-0.00074|0.00263,-0.00074,4,1
5000,16,P38,Akt,0.0,0.0,0.0,0.007734060287475586,0.0031960010528564453,0.0,0.0,1,1,0.0033754599421886053,0.0033754599421886053,0.0066144466400146484,0.0026590824127197266,11,2,0.00338,0.00338,1,1
5000,17,PKA,PIP2,0.0,0.0,0.0,0.0065364837646484375,0.0061190128326416016,0.0,0.0,1,1,0.018472259007916457,0.018472259007916457,0.005944252014160156,0.006178379058837891,11,8,0.01847,0.01847,1,1
5000,18,Erk,Jnk,0.0,0.0,0.0,0.007718324661254883,0.008492469787597656,0.0,0.0,1,1,0.00613397995679488,0.0018226617063645941,0.0068585872650146484,0.009558916091918945,11,2,0.00182|0.00518|0.0114,0.00182,3,1
5000,19,Raf,Jnk,0.0,0.0,0.0,0.007803201675415039,0.0034961700439453125,0.0,0.0,1,1,0.00933296573498856,0.0010491917012617816,0.010896682739257812,0.0031065940856933594,11,2,-0.01762|-0.00105,-0.00105,2,1
5000,20,PIP2,P38,0.0,0.0,0.0,0.007879257202148438,0.0035583972930908203,0.0,0.0,1,1,0.018887054239658238,0.004054435727697851,0.010563373565673828,0.0037992000579833984,11,2,-0.02971|-0.02944|-0.01234|-0.00405,-0.00405,4,1
5000,21,PIP2,Raf,0.0,0.0,0.0,0.006686687469482422,0.0030221939086914062,0.0,0.0,1,1,0.009003131559982074,0.00620611874666984,0.006445884704589844,0.002743959426879883,11,2,0.00621|0.00624|0.01177|0.01179,0.00621,4,1
5000,22,P38,PIP3,0.0,0.0,0.0,0.009494304656982422,0.003753662109375,0.0,0.0,1,1,0.0006342417780902082,0.0006342417780902082,0.016377925872802734,0.002553224563598633,11,2,0.00063,0.00063,1,1
5000,23,Plcg,P38,0.0,0.0,0.0,0.00742030143737793,0.0028662681579589844,0.0,0.0,1,1,0.0027336196957725555,0.00031379316582215715,0.006589412689208984,0.0026068687438964844,11,2,-0.00532|-0.00472|0.00031|0.00058,0.00031,4,1
5000,24,Erk,PIP3,0.0,0.0,0.0,0.007005214691162109,0.002788543701171875,0.0,0.0,1,1,0.013920994404426658,0.001774734352783999,0.00609588623046875,0.0024881362915039062,11,2,-0.02522|0.00177|0.01477,0.00177,3,1
5000,25,PIP3,PKC,0.0,0.0,0.0,0.006226062774658203,0.009821653366088867,0.0,0.0,1,1,0.015424190699010222,0.00604937774931478,0.010248661041259766,0.017340898513793945,11,9,-0.02209|-0.02205|-0.01151|-0.00605,-0.00605,4,1
5000,26,Raf,Erk,0.0,0.25,0.25,0.00901651382446289,0.01121377944946289,0.0|0.5,0.0|0.5,2,2,0.2540353386224757,0.2540353386224757,0.007460832595825195,0.006735324859619141,11,3,0.00543|0.50264,0.00543|0.50264,2,2
5000,27,Jnk,Akt,0.0,0.0,0.0,0.007911443710327148,0.003982067108154297,0.0,0.0,1,1,0.009696861775554679,0.009696861775554679,0.008276939392089844,0.003351449966430664,11,2,-0.0097,-0.0097,1,1
5000,28,Erk,PIP2,0.0,0.0,0.0,0.01416635513305664,0.003964424133300781,0.0,0.0,1,1,0.022645587657296726,0.011938285573612518,0.007075309753417969,0.003238201141357422,11,2,-0.03478|-0.02122|-0.01194,-0.01194,3,1
5000,29,Plcg,Raf,0.0,0.0,0.0,0.021401166915893555,0.00370025634765625,0.0,0.0,1,1,0.004686774369601065,0.0023241802122089916,0.009670734405517578,0.0027451515197753906,11,2,-0.00938|-0.00687|-0.00232|0.00017,-0.00232,4,1
5000,30,P38,Raf,0.0,0.0,0.0,0.008366584777832031,0.003927469253540039,0.0,0.0,1,1,0.0075801593618207005,0.0075801593618207005,0.007144927978515625,0.0027213096618652344,11,2,0.00758,0.00758,1,1
5000,31,Raf,Akt,0.0,0.125,0.125,0.010769844055175781,0.006345987319946289,0.0|0.25,0.0|0.25,2,2,0.13419587084991114,0.13419587084991114,0.0066683292388916016,0.004962921142578125,11,4,0.01634|0.25205,0.01634|0.25205,2,2
5000,32,Akt,Plcg,0.0,0.0,0.0,0.010230064392089844,0.005452871322631836,0.0,0.0,1,1,0.01265705353819297,0.0072848857757591935,0.025629281997680664,0.002771139144897461,11,2,-0.01803|-0.00728,-0.00728,2,1
5000,33,Plcg,Raf,0.0,0.0,0.0,0.009186029434204102,0.005774259567260742,0.0,0.0,1,1,0.008248742219581225,0.0024359471764603727,0.007064104080200195,0.003267526626586914,11,2,-0.0165|-0.0134|-0.00244|0.00066,-0.00244,4,1
5000,34,P38,Plcg,0.0,0.0,0.0,0.008240222930908203,0.003161907196044922,0.0,0.0,1,1,0.007289168023090156,0.007289168023090156,0.006770133972167969,0.0025610923767089844,11,2,-0.00729,-0.00729,1,1
5000,35,Raf,Erk,0.0,0.25,0.25,0.01026606559753418,0.006474971771240234,0.0|0.5,0.0|0.5,2,2,0.25326261467902755,0.25326261467902755,0.007167816162109375,0.005094289779663086,11,3,-0.0086|0.49793,-0.0086|0.49793,2,2
5000,36,Jnk,P38,0.0,0.0,0.0,0.01979970932006836,0.0058557987213134766,0.0,0.0,1,1,0.009843298664815951,0.009843298664815951,0.010621309280395508,0.0027070045471191406,11,2,-0.00984,-0.00984,1,1
5000,37,Plcg,Raf,0.0,0.0,0.0,0.01336669921875,0.004266977310180664,0.0,0.0,1,1,0.0012583448125761873,7.506850760820008e-05,0.007609367370605469,0.006092548370361328,11,2,-8e-05|0.00098|0.00148|0.0025,-8e-05,4,1
5000,38,Erk,PKC,5.0,1.3333333333333333,1.3333333333333333,0.01219630241394043,0.011494159698486328,1.5|5.0|5.5,1.5|5.0|5.5,3,3,1.3274375541228847,1.3274375541228847,0.008710622787475586,0.010550737380981445,11,8,1.70112|5.10901|5.57443,1.70112|5.10901|5.57443,3,3
5000,39,Mek,Akt,0.0,0.2222222222222222,0.16666666666666666,0.01475214958190918,0.005982160568237305,0.0|0.33333,0.0|0.33333,2,2,0.21138541709496675,0.16367590040720714,0.013630390167236328,0.009925365447998047,11,3,-0.0057|0.3068|0.32165,-0.0057|0.32165,3,2
5000,40,Jnk,Erk,0.0,0.0,0.0,0.008075237274169922,0.003489971160888672,0.0,0.0,1,1,0.006733427652524904,0.006733427652524904,0.006460428237915039,0.0029954910278320312,11,2,-0.00673,-0.00673,1,1
5000,41,Plcg,Akt,0.0,0.0,0.0,0.01042318344116211,0.003470897674560547,0.0,0.0,1,1,0.0018250253973723348,0.0008772740344406352,0.006380319595336914,0.004518032073974609,11,2,-0.00364|-0.00088|-0.00055|0.00224,-0.00088,4,1
5000,42,P38,PIP3,0.0,0.0,0.0,0.009826898574829102,0.0031669139862060547,0.0,0.0,1,1,0.005340573844345199,0.005340573844345199,0.006681919097900391,0.003335237503051758,11,2,-0.00534,-0.00534,1,1
5000,43,PIP3,Mek,0.0,0.0,0.0,0.01285409927368164,0.005071878433227539,0.0,0.0,1,1,0.00725790801802642,0.0025730892117815617,0.00971221923828125,0.004573345184326172,11,2,-0.02453|-0.00257|0.00073|0.0012,-0.00257,4,1
5000,44,Mek,PIP2,0.0,0.0,0.0,0.012947559356689453,0.003786802291870117,0.0,0.0,1,1,0.004619318280150264,0.0022649145297324196,0.008149147033691406,0.0028030872344970703,11,2,-0.00935|-0.00226|0.00224,-0.00226,3,1
5000,45,Raf,Erk,0.0,0.25,0.25,0.010355710983276367,0.008897066116333008,0.0|0.5,0.0|0.5,2,2,0.262234186788918,0.262234186788918,0.008691549301147461,0.005658388137817383,11,3,-0.02952|0.49495,-0.02952|0.49495,2,2
5000,46,PIP3,Erk,0.0,0.0,0.0,0.007874488830566406,0.004108428955078125,0.0,0.0,1,1,0.000932884344540637,0.002805810428194695,0.017966032028198242,0.006386995315551758,11,2,-0.00281|-0.00087|-4e-05|1e-05,-0.00281,4,1
5000,47,Erk,P38,0.0,0.0,0.0,0.009521245956420898,0.0033142566680908203,0.0,0.0,1,1,0.002756803060886562,0.001812194323391568,0.006931304931640625,0.003167390823364258,11,2,-0.00447|-0.00198|0.00181,0.00181,3,1
5000,48,Akt,Jnk,0.0,0.0,0.0,0.011110782623291016,0.0033087730407714844,0.0,0.0,1,1,0.04020558264236989,0.02562725294257621,0.007333517074584961,0.0026693344116210938,11,2,0.02563|0.05478,0.02563,2,1
5000,49,Mek,PIP2,0.0,0.0,0.0,0.00744938850402832,0.0028934478759765625,0.0,0.0,1,1,0.007477862313151545,0.0012145181427817998,0.00620579719543457,0.0030145645141601562,11,2,0.00121|0.00976|0.01146,0.00121,3,1
5000,50,P38,Mek,0.0,0.0,0.0,0.025656461715698242,0.00465703010559082,0.0,0.0,1,1,0.007699684963710322,0.007699684963710322,0.009031534194946289,0.004317283630371094,11,2,0.0077,0.0077,1,1
5000,51,P38,Raf,0.0,0.0,0.0,0.006775856018066406,0.007662057876586914,0.0,0.0,1,1,0.001364430613861854,0.001364430613861854,0.007286548614501953,0.003258943557739258,11,2,-0.00136,-0.00136,1,1
5000,52,Mek,PIP3,0.0,0.0,0.0,0.007680177688598633,0.006105661392211914,0.0,0.0,1,1,0.019120730266165887,0.008246632591263067,0.006963491439819336,0.0029680728912353516,11,2,0.00825|0.0199|0.02922,0.00825,3,1
5000,53,PKC,Akt,-1.9398402298395592e-16,0.0,0.0,0.010408639907836914,0.01814413070678711,-0.0,-0.0,1,1,0.026332299208447117,0.026332299208447117,0.007597446441650391,0.01043391227722168,11,8,0.02633,0.02633,1,1
5000,54,PKA,Plcg,0.0,0.0,0.0,0.006475687026977539,0.008521556854248047,0.0,0.0,1,1,0.021341741943471552,0.021341741943471552,0.010107278823852539,0.006754875183105469,11,8,0.02134,0.02134,1,1
5000,55,P38,Jnk,0.0,0.0,0.0,0.008715152740478516,0.0030303001403808594,0.0,0.0,1,1,0.0026816013559024555,0.0026816013559024555,0.006396055221557617,0.0025877952575683594,11,2,0.00268,0.00268,1,1
5000,56,Raf,P38,0.0,0.0,0.0,0.006270885467529297,0.003418445587158203,0.0,0.0,1,1,0.00977414765910214,0.002199386215358908,0.006601810455322266,0.010424613952636719,11,2,-0.01735|-0.0022,-0.0022,2,1
5000,57,Plcg,Jnk,0.0,0.0,0.0,0.009203910827636719,0.0038394927978515625,0.0,0.0,1,1,0.008939453001529275,0.00047263497088050527,0.0068051815032958984,0.0034155845642089844,11,2,0.00047|0.00863|0.0095|0.01716,0.00047,4,1
5000,58,PIP2,Akt,0.0,0.0,0.0,0.009570837020874023,0.004021406173706055,0.0,0.0,1,1,0.005924801196185765,0.004469369722400464,0.0073850154876708984,0.0033926963806152344,11,2,-0.0009|-0.00038|0.00447|0.01795,0.00447,4,1
5000,59,PKC,PIP2,0.0,0.0,0.0,0.006841897964477539,0.007767200469970703,0.0,0.0,1,1,0.03554375052209253,0.03554375052209253,0.008960247039794922,0.009345531463623047,11,9,0.03554,0.03554,1,1
5000,60,Akt,PIP3,0.0,0.0,0.0,0.013818740844726562,0.00399327278137207,0.0,0.0,1,1,0.007922658151899216,0.004710455305017972,0.006631374359130859,0.002789020538330078,11,2,0.00471|0.01113,0.00471,2,1
5000,61,PIP2,Mek,0.0,0.0,0.0,0.008493900299072266,0.004016399383544922,0.0,0.0,1,1,0.014305507521656696,0.002552838799811715,0.007537841796875,0.002637624740600586,11,2,-0.01938|-0.01933|-0.01595|-0.00255,-0.00255,4,1
5000,62,PKC,PIP2,0.0,0.0,0.0,0.00634312629699707,0.007916688919067383,0.0,0.0,1,1,0.013448464460706334,0.013448464460706334,0.006279945373535156,0.0067195892333984375,11,9,0.01345,0.01345,1,1
5000,63,Raf,Akt,0.0,0.125,0.125,0.013787031173706055,0.007904529571533203,0.0|0.25,0.0|0.25,2,2,0.13246141056592983,0.13246141056592983,0.015902280807495117,0.006186723709106445,11,4,0.01499|0.24993,0.01499|0.24993,2,2
5000,64,PIP2,Mek,0.0,0.0,0.0,0.009482860565185547,0.005765438079833984,0.0,0.0,1,1,0.029948059768350063,0.017144216450435717,0.00800466537475586,0.0032949447631835938,11,2,-0.03507|-0.03379|-0.01714,-0.01714,3,1
5000,65,PIP2,PKA,0.0,0.0,0.0,0.008687734603881836,0.008752584457397461,0.0,0.0,1,1,0.004049708984035245,9.412670609015951e-05,0.006508827209472656,0.008574724197387695,11,8,-0.00695|-0.00691|-0.00225|9e-05,9e-05,4,1
5000,66,Akt,P38,0.0,0.0,0.0,0.007080793380737305,0.0041887760162353516,0.0,0.0,1,1,0.01603924464617452,0.00806495599374519,0.023345470428466797,0.0028018951416015625,11,2,-0.02401|-0.00806,-0.00806,2,1
5000,67,PIP3,PKA,0.0,0.0,0.0,0.0069963932037353516,0.009177684783935547,0.0,0.0,1,1,0.015787798294518186,0.002913468036661087,0.006475687026977539,0.007332324981689453,11,8,0.00291|0.0138|0.02314|0.02329,0.00291,4,1
5000,68,Akt,Raf,1.0,0.5,0.5,0.006079673767089844,0.006131410598754883,0.0|1.0,0.0|1.0,2,2,0.5426544736567819,0.5426544736567819,0.006029844284057617,0.007802486419677734,11,4,-0.05205|0.96674,-0.05205|0.96674,2,2
5000,69,P38,Jnk,0.0,0.0,0.0,0.00604557991027832,0.006039619445800781,0.0,0.0,1,1,0.0007682327762776428,0.0007682327762776428,0.020157575607299805,0.005277156829833984,11,2,-0.00077,-0.00077,1,1
5000,70,Jnk,Erk,0.0,0.0,0.0,0.012888193130493164,0.0040357112884521484,0.0,0.0,1,1,0.0035726859964810486,0.0035726859964810486,0.008322477340698242,0.002726316452026367,11,2,-0.00357,-0.00357,1,1
5000,71,Akt,Plcg,0.0,0.0,0.0,0.008155584335327148,0.005894899368286133,0.0,0.0,1,1,0.006068326620680735,0.006023166212187224,0.006957530975341797,0.003111600875854492,11,2,-0.00611|-0.00602,-0.00602,2,1
5000,72,Plcg,Raf,0.0,0.0,0.0,0.00837564468383789,0.0031273365020751953,0.0,0.0,1,1,0.01421733929348364,0.0031205290606455267,0.006931781768798828,0.0026350021362304688,11,2,-0.0259|-0.0166|-0.01125|-0.00312,-0.00312,4,1
5000,73,Plcg,Mek,0.0,0.0,0.0,0.01762104034423828,0.008409738540649414,0.0,0.0,1,1,0.00926266015389462,0.002066141444223488,0.010411739349365234,0.0035827159881591797,11,2,0.00207|0.00855|0.01005|0.01639,0.00207,4,1
5000,74,Plcg,PKA,0.0,0.0,0.0,0.008015871047973633,0.008364200592041016,0.0,0.0,1,1,0.009298975454006621,7.498872193124334e-05,0.00684809684753418,0.006454944610595703,11,8,-0.00257|7e-05|0.01571|0.01883,7e-05,4,1
5000,75,Jnk,P38,0.0,0.0,0.0,0.00692439079284668,0.002977609634399414,0.0,0.0,1,1,0.0059570903584979275,0.0059570903584979275,0.006264925003051758,0.0025947093963623047,11,2,-0.00596,-0.00596,1,1
5000,76,Plcg,Jnk,0.0,0.0,0.0,0.006396055221557617,0.009454727172851562,0.0,0.0,1,1,0.005264396838487099,0.0018045290389019882,0.013827800750732422,0.004780292510986328,11,2,-0.00446|-0.0018|0.00614|0.00865,-0.0018,4,1
5000,77,PIP2,PKA,0.0,0.0,0.0,0.008183956146240234,0.009898900985717773,0.0,0.0,1,1,0.01959978399530714,0.006689177993205602,0.011794328689575195,0.009179830551147461,11,8,0.00669|0.02004|0.02577|0.0259,0.00669,4,1
5000,78,Mek,Plcg,0.0,0.0,0.0,0.008246660232543945,0.007640838623046875,0.0,0.0,1,1,0.014032989371043336,0.005160356820223962,0.007691383361816406,0.0043070316314697266,11,2,-0.01133|0.00516|0.02561,0.00516,3,1
5000,79,Akt,PKC,6.0,2.5,2.5,0.008867502212524414,0.009084701538085938,1.0|6.0,1.0|6.0,2,2,2.596275501961363,2.596275501961363,0.007398128509521484,0.020630598068237305,11,8,0.91945|5.888,0.91945|5.888,2,2
5000,80,Plcg,Mek,0.0,0.0,0.0,0.007488250732421875,0.0032858848571777344,0.0,0.0,1,1,0.005653307488275523,0.0004013887322394531,0.0069408416748046875,0.002714395523071289,11,2,-0.01098|-0.00923|-0.002|-0.0004,-0.0004,4,1
5000,81,PKA,PIP3,0.0,0.0,0.0,0.0076999664306640625,0.006768703460693359,0.0,0.0,1,1,0.020601594364566087,0.020601594364566087,0.006546497344970703,0.006553173065185547,11,8,-0.0206,-0.0206,1,1
5000,82,P38,Akt,0.0,0.0,0.0,0.006353139877319336,0.003190279006958008,0.0,0.0,1,1,0.00604511764556132,0.00604511764556132,0.006891489028930664,0.0032503604888916016,11,2,-0.00605,-0.00605,1,1
5000,83,P38,Raf,0.0,0.0,0.0,0.010251283645629883,0.0034151077270507812,0.0,0.0,1,1,0.0009012764072169412,0.0009012764072169412,0.008268594741821289,0.0028829574584960938,11,2,-0.0009,-0.0009,1,1
5000,84,PKC,Erk,-4.392091086429191e-16,0.0,0.0,0.007919788360595703,0.008734703063964844,-0.0,-0.0,1,1,0.0918484504257964,0.0918484504257964,0.008790731430053711,0.012506723403930664,11,8,0.09185,0.09185,1,1
5000,85,Jnk,Raf,0.0,0.0,0.0,0.0076885223388671875,0.003844738006591797,0.0,0.0,1,1,0.00488032878132369,0.00488032878132369,0.006502628326416016,0.006093502044677734,11,2,-0.00488,-0.00488,1,1
5000,86,Plcg,Raf,0.0,0.0,0.0,0.0158541202545166,0.003263711929321289,0.0,0.0,1,1,0.007303449379130866,0.001762547722520484,0.007318019866943359,0.0025491714477539062,11,2,-0.01297|-0.00861|-0.00587|-0.00176,-0.00176,4,1
5000,87,Jnk,Plcg,0.0,0.0,0.0,0.006838798522949219,0.002967357635498047,0.0,0.0,1,1,0.008088489070739216,0.008088489070739216,0.00653386116027832,0.002655029296875,11,2,0.00809,0.00809,1,1
5000,88,Jnk,PIP2,0.0,0.0,0.0,0.007205963134765625,0.003360748291015625,0.0,0.0,1,1,0.00546161683630654,0.00546161683630654,0.0060384273529052734,0.0025932788848876953,11,2,0.00546,0.00546,1,1
5000,89,Erk,PKC,5.0,1.3333333333333333,1.3333333333333333,0.007460832595825195,0.01898956298828125,1.5|5.0|5.5,1.5|5.0|5.5,3,3,1.362390023457957,1.362390023457957,0.006798982620239258,0.014517068862915039,11,8,1.45544|4.92222|5.46483,1.45544|4.92222|5.46483,3,3
5000,90,Plcg,PKA,0.0,0.0,0.0,0.009177207946777344,0.009829044342041016,0.0,0.0,1,1,0.0026431034937778927,0.001272485395875975,0.008548974990844727,0.008435964584350586,11,8,-0.00487|-0.00127|0.0005|0.00392,-0.00127,4,1
5000,91,Mek,PIP3,0.0,0.0,0.0,0.011728286743164062,0.003162384033203125,0.0,0.0,1,1,0.0089570746293088,0.0020886154136561474,0.007665872573852539,0.002538919448852539,11,2,0.00209|0.00866|0.01613,0.00209,3,1
5000,92,Akt,PIP3,0.0,0.0,0.0,0.006671905517578125,0.006136178970336914,0.0,0.0,1,1,0.008984059930205655,0.005700390355407876,0.0059587955474853516,0.011139154434204102,11,2,-0.01227|-0.0057,-0.0057,2,1
5000,93,Mek,P38,0.0,0.0,0.0,0.00816202163696289,0.0037660598754882812,0.0,0.0,1,1,0.017151005345978496,0.005966390806605556,0.009729385375976562,0.0030498504638671875,11,2,-0.03137|-0.01411|-0.00597,-0.00597,3,1
5000,94,PIP2,Jnk,0.0,0.0,0.0,0.007090330123901367,0.002911806106567383,0.0,0.0,1,1,0.017524443822988223,0.013754195548557807,0.008629083633422852,0.002532958984375,11,2,0.00477|0.01375|0.02564|0.02593,0.01375,4,1
5000,95,Plcg,P38,0.0,0.0,0.0,0.007512807846069336,0.0033664703369140625,0.0,0.0,1,1,0.010569996250010373,0.0012734657283082376,0.006487607955932617,0.002552509307861328,11,2,-0.01972|-0.01314|-0.00815|-0.00127,-0.00127,4,1
5000,96,Plcg,PKA,0.0,0.0,0.0,0.006906270980834961,0.011460542678833008,0.0,0.0,1,1,0.0020640781852980785,0.0012242293597266403,0.02744913101196289,0.0074274539947509766,11,8,0.00022|0.00122|0.00289|0.00392,0.00122,4,1
5000,97,Raf,Plcg,0.0,0.0,0.0,0.00863790512084961,0.004467010498046875,0.0,0.0,1,1,0.00814219455459558,0.003589969146667783,0.00813913345336914,0.0030698776245117188,11,2,-0.01269|-0.00359,-0.00359,2,1
5000,98,Akt,PKC,6.0,2.5,2.5,0.0077686309814453125,0.007751941680908203,1.0|6.0,1.0|6.0,2,2,2.4807894227353318,2.4807894227353318,0.008648157119750977,0.01088261604309082,11,8,1.08647|5.95196,1.08647|5.95196,2,2
5000,99,Erk,PIP3,0.0,0.0,0.0,0.014029264450073242,0.003473520278930664,0.0,0.0,1,1,0.012268403270964817,0.0074651584511474375,0.014297962188720703,0.0026235580444335938,11,2,0.00747|0.01275|0.01659,0.00747,3,1
7500,0,PIP3,Erk,0.0,0.0,0.0,0.00774383544921875,0.0037012100219726562,0.0,0.0,1,1,0.0007544491548549969,0.0016568916420439679,0.009580135345458984,0.002886056900024414,11,2,-0.00166|6e-05|0.00036|0.00095,-0.00166,4,1
7500,1,PIP2,Jnk,0.0,0.0,0.0,0.007212400436401367,0.0040242671966552734,0.0,0.0,1,1,0.0331898331084108,0.010951091121955038,0.006877899169921875,0.002680063247680664,11,2,-0.04706|-0.04704|-0.02771|-0.01095,-0.01095,4,1
7500,2,Akt,Plcg,0.0,0.0,0.0,0.008529901504516602,0.002832651138305664,0.0,0.0,1,1,0.00995689270664901,0.0068533286484518795,0.006495475769042969,0.0028715133666992188,11,2,-0.01306|-0.00685,-0.00685,2,1
7500,3,PIP2,Mek,0.0,0.0,0.0,0.00984048843383789,0.003675699234008789,0.0,0.0,1,1,0.004571107155395814,0.0008308516958380362,0.008020877838134766,0.0032465457916259766,11,2,-0.00687|-0.00372|-0.00083,-0.00083,3,1
7500,4,PIP2,P38,0.0,0.0,0.0,0.007817745208740234,0.003960847854614258,0.0,0.0,1,1,0.006972543000200586,0.0016632526237077923,0.010305166244506836,0.0031652450561523438,11,2,-0.01103|-0.01092|-0.00427|-0.00166,-0.00166,4,1
7500,5,P38,PIP3,0.0,0.0,0.0,0.007231473922729492,0.004060029983520508,0.0,0.0,1,1,0.006892917204593292,0.006892917204593292,0.008730888366699219,0.002807140350341797,11,2,-0.00689,-0.00689,1,1
7500,6,Erk,PIP3,0.0,0.0,0.0,0.008755922317504883,0.004960775375366211,0.0,0.0,1,1,0.004771312262231976,0.001131917513979639,0.01470804214477539,0.002816915512084961,11,2,-0.00899|-0.0042|-0.00113,-0.00113,3,1
7500,7,PIP3,Jnk,0.0,0.0,0.0,0.010187149047851562,0.007134199142456055,0.0,0.0,1,1,0.004937919791165164,0.0011338972114788024,0.007199287414550781,0.003477811813354492,11,2,-0.01763|-0.00113|-0.00088|-0.00011,-0.00113,4,1
7500,8,PIP3,Erk,0.0,0.0,0.0,0.00926065444946289,0.003240346908569336,0.0,0.0,1,1,0.006091277543682158,0.0014690866366145693,0.006473064422607422,0.004582881927490234,11,2,-0.00936|-0.00925|0.00147|0.00429,0.00147,4,1
7500,9,Raf,Erk,0.0,0.25,0.25,0.007308006286621094,0.008440971374511719,0.0|0.5,0.0|0.5,2,2,0.2632495487800834,0.2632495487800834,0.010973453521728516,0.0075376033782958984,11,3,0.02604|0.50046,0.02604|0.50046,2,2
7500,10,PKC,Plcg,0.0,0.0,0.0,0.019089698791503906,0.014568567276000977,0.0,0.0,1,1,0.01230787655945126,0.01230787655945126,0.0071108341217041016,0.009427309036254883,11,9,-0.01231,-0.01231,1,1
7500,11,Akt,Plcg,0.0,0.0,0.0,0.006750822067260742,0.0032129287719726562,0.0,0.0,1,1,0.0014771386500376147,0.001505966547697839,0.007955074310302734,0.0025353431701660156,11,2,-0.00145|0.00151,0.00151,2,1
7500,12,Jnk,Akt,0.0,0.0,0.0,0.007360935211181641,0.0060405731201171875,0.0,0.0,1,1,0.008626841166288634,0.008626841166288634,0.007086753845214844,0.0025632381439208984,11,2,0.00863,0.00863,1,1
7500,13,Plcg,PKA,0.0,0.0,0.0,0.007493257522583008,0.007513999938964844,0.0,0.0,1,1,0.007243133842550523,0.001645305084753197,0.022314786911010742,0.0068132877349853516,11,8,-0.01418|-0.01286|-0.00165|-0.00029,-0.00165,4,1
7500,14,PIP3,Jnk,0.0,0.0,0.0,0.010071039199829102,0.003208637237548828,0.0,0.0,1,1,0.006081582144945549,0.0006923337034655795,0.006742954254150391,0.0026755332946777344,11,2,-0.0007|0.00069|0.00149|0.02145,0.00069,4,1
7500,15,Plcg,Mek,0.0,0.0,0.0,0.009157419204711914,0.0028476715087890625,0.0,0.0,1,1,0.005338325010318725,0.00024319155862560253,0.008611440658569336,0.002649545669555664,11,2,-0.01054|-0.00994|-0.00024|0.00064,-0.00024,4,1
7500,16,Jnk,Plcg,0.0,0.0,0.0,0.010603666305541992,0.003472566604614258,0.0,0.0,1,1,0.004838552734973842,0.004838552734973842,0.00791621208190918,0.009857416152954102,11,2,0.00484,0.00484,1,1
7500,17,PIP3,P38,0.0,0.0,0.0,0.008249044418334961,0.0050792694091796875,0.0,0.0,1,1,0.00886056390434413,0.0009704603157247929,0.008046627044677734,0.0029175281524658203,11,2,-0.01511|-0.01428|-0.00097|0.00508,-0.00097,4,1
7500,18,PIP3,Raf,0.0,0.0,0.0,0.011287689208984375,0.005242347717285156,0.0,0.0,1,1,0.007403614873795594,0.0009640968187573154,0.006792306900024414,0.006011962890625,11,2,0.00096|0.00491|0.01187,0.00096,3,1
7500,19,PIP2,Erk,0.0,0.0,0.0,0.010695457458496094,0.003325223922729492,0.0,0.0,1,1,0.0006458549470846681,0.0017679760801635482,0.00617527961730957,0.0038604736328125,11,2,-0.00177|0.00011|0.00021|0.00049,-0.00177,4,1
7500,20,Jnk,Plcg,0.0,0.0,0.0,0.008363962173461914,0.004056692123413086,0.0,0.0,1,1,0.0015426360135072732,0.0015426360135072732,0.02268075942993164,0.002718210220336914,11,2,0.00154,0.00154,1,1
7500,21,PKC,PIP2,0.0,0.0,0.0,0.010319232940673828,0.009122848510742188,0.0,0.0,1,1,0.005676460904268541,0.005676460904268541,0.007085084915161133,0.011290550231933594,11,9,0.00568,0.00568,1,1
7500,22,PIP3,Jnk,0.0,0.0,0.0,0.008111715316772461,0.006384849548339844,0.0,0.0,1,1,0.005079627410277889,0.0009467868241668087,0.006897449493408203,0.003896951675415039,11,2,-0.01462|-0.00255|-0.0022|0.00095,0.00095,4,1
7500,23,PKC,PIP2,0.0,0.0,0.0,0.007411003112792969,0.020165681838989258,0.0,0.0,1,1,0.02337586715341832,0.02337586715341832,0.0064890384674072266,0.012943744659423828,11,9,-0.02338,-0.02338,1,1
7500,24,Akt,PIP2,0.0,0.0,0.0,0.008248567581176758,0.0037202835083007812,0.0,0.0,1,1,0.0009656976019921042,0.0005906122519293287,0.007446765899658203,0.003454446792602539,11,2,-0.00134|-0.00059,-0.00059,2,1
7500,25,PKC,PIP2,0.0,0.0,0.0,0.007493019104003906,0.007267475128173828,0.0,0.0,1,1,0.03236109536156678,0.03236109536156678,0.00838160514831543,0.006748676300048828,11,9,0.03236,0.03236,1,1
7500,26,PIP2,PKA,0.0,0.0,0.0,0.006385087966918945,0.016303062438964844,0.0,0.0,1,1,0.006660406291802219,0.0004907295336373863,0.018393278121948242,0.008595943450927734,11,8,-0.01118|-0.00997|0.00049|0.005,0.00049,4,1
7500,27,PIP2,P38,0.0,0.0,0.0,0.009760141372680664,0.005347728729248047,0.0,0.0,1,1,0.0049852594342584215,0.0017525835384804504,0.009830236434936523,0.0029664039611816406,11,2,-0.00838|-0.00836|-0.00175|-0.00145,-0.00175,4,1
7500,28,PKC,Plcg,0.0,0.0,0.0,0.009814023971557617,0.010190010070800781,0.0,0.0,1,1,0.014163852608538996,0.014163852608538996,0.007590770721435547,0.009648561477661133,11,9,0.01416,0.01416,1,1
7500,29,Akt,Jnk,0.0,0.0,0.0,0.006973743438720703,0.006081819534301758,0.0,0.0,1,1,0.0058804332802983045,0.007636076464688122,0.016704559326171875,0.005343437194824219,11,2,-0.00764|-0.00412,-0.00764,2,1
7500,30,PKA,PIP2,0.0,0.0,0.0,0.008224248886108398,0.006623983383178711,0.0,0.0,1,1,0.005602077316465373,0.005602077316465373,0.005847454071044922,0.007432222366333008,11,8,-0.0056,-0.0056,1,1
7500,31,Mek,PIP2,0.0,0.0,0.0,0.006680727005004883,0.003057241439819336,0.0,0.0,1,1,0.007895566120959,0.0026359266437704413,0.00632929801940918,0.002520322799682617,11,2,-0.00884|0.00264|0.01221,0.00264,3,1
7500,32,Plcg,Raf,0.0,0.0,0.0,0.006234645843505859,0.0028324127197265625,0.0,0.0,1,1,0.004502990860825786,0.00015239306817680883,0.006373882293701172,0.0060465335845947266,11,2,-0.00157|-0.00015|0.00743|0.00886,-0.00015,4,1
7500,33,Plcg,Akt,0.0,0.0,0.0,0.010814428329467773,0.004927635192871094,0.0,0.0,1,1,0.006109297246179296,0.002425227803002253,0.007504463195800781,0.006407022476196289,11,2,-0.00641|0.00243|0.00342|0.01218,0.00243,4,1
7500,34,Plcg,Raf,0.0,0.0,0.0,0.010069608688354492,0.004582405090332031,0.0,0.0,1,1,0.01696110312988928,0.0001069285037483258,0.00860142707824707,0.0041811466217041016,11,2,0.00011|0.01429|0.01953|0.03391,0.00011,4,1
7500,35,Jnk,Akt,0.0,0.0,0.0,0.009414434432983398,0.003216266632080078,0.0,0.0,1,1,0.005300421809265266,0.005300421809265266,0.00805974006652832,0.0025970935821533203,11,2,-0.0053,-0.0053,1,1
7500,36,PIP2,PKC,0.0,0.0,0.0,0.009053707122802734,0.012675046920776367,0.0,0.0,1,1,0.032722110417798184,0.013940510623188544,0.012772083282470703,0.007445096969604492,11,9,-0.04752|-0.04682|-0.0226|-0.01394,-0.01394,4,1
7500,37,Mek,Jnk,0.0,0.0,0.0,0.009391307830810547,0.0038573741912841797,0.0,0.0,1,1,0.005346805822806461,0.0011726887542684503,0.008896827697753906,0.0028562545776367188,11,2,-0.01385|-0.00117|-0.00102,-0.00117,3,1
7500,38,Raf,Jnk,0.0,0.0,0.0,0.006976127624511719,0.0031702518463134766,0.0,0.0,1,1,0.0019000236500728066,0.0006502074115322378,0.0063664913177490234,0.003870725631713867,11,2,-0.00315|-0.00065,-0.00065,2,1
7500,39,Jnk,Mek,0.0,0.0,0.0,0.0074558258056640625,0.0030045509338378906,0.0,0.0,1,1,0.005041063282903318,0.005041063282903318,0.0064809322357177734,0.003001689910888672,11,2,0.00504,0.00504,1,1
7500,40,Akt,PIP2,0.0,0.0,0.0,0.012666463851928711,0.00702357292175293,0.0,0.0,1,1,0.014248992410394803,0.008518984523363029,0.00883340835571289,0.0036203861236572266,11,2,-0.01998|-0.00852,-0.00852,2,1
7500,41,Akt,PKC,6.0,2.5,2.5,0.010605812072753906,0.011052846908569336,1.0|6.0,1.0|6.0,2,2,2.559448103431675,2.559448103431675,0.007224082946777344,0.009307861328125,11,8,0.98333|5.89778,0.98333|5.89778,2,2
7500,42,Plcg,Raf,0.0,0.0,0.0,0.006659746170043945,0.003808736801147461,0.0,0.0,1,1,0.011428918055367067,0.0010868893870063139,0.007567167282104492,0.0028603076934814453,11,2,-0.02178|-0.02121|-0.00164|-0.00109,-0.00109,4,1
7500,43,Plcg,Akt,0.0,0.0,0.0,0.029401302337646484,0.004308223724365234,0.0,0.0,1,1,0.008091861888570057,0.0012633032964562026,0.008800029754638672,0.002750396728515625,11,2,0.00126|0.0036|0.01243|0.01508,0.00126,4,1
7500,44,Mek,PIP3,0.0,0.0,0.0,0.007945775985717773,0.004069089889526367,0.0,0.0,1,1,0.004377979372094212,0.00185719837255481,0.007598876953125,0.0028553009033203125,11,2,-0.00325|0.00186|0.00802,0.00186,3,1
7500,45,Plcg,Akt,0.0,0.0,0.0,0.013454675674438477,0.004796743392944336,0.0,0.0,1,1,0.008375821110705743,0.0006380503036098538,0.006384611129760742,0.006085872650146484,11,2,0.00064|0.00446|0.01216|0.01625,0.00064,4,1
7500,46,Jnk,P38,0.0,0.0,0.0,0.01129460334777832,0.006474018096923828,0.0,0.0,1,1,0.00728457827349117,0.00728457827349117,0.007580995559692383,0.011032819747924805,11,2,0.00728,0.00728,1,1
7500,47,Raf,Akt,0.0,0.125,0.125,0.008328914642333984,0.009968996047973633,0.0|0.25,0.0|0.25,2,2,0.13042381057750865,0.13042381057750865,0.00881338119506836,0.010707855224609375,11,4,-0.01031|0.25054,-0.01031|0.25054,2,2
7500,48,P38,PIP2,0.0,0.0,0.0,0.007824420928955078,0.004206180572509766,0.0,0.0,1,1,0.007870994003199426,0.007870994003199426,0.006569862365722656,0.0026628971099853516,11,2,0.00787,0.00787,1,1
7500,49,Raf,PIP2,0.0,0.0,0.0,0.007610321044921875,0.0035142898559570312,0.0,0.0,1,1,0.00436313691314206,0.0004961819857146896,0.0069043636322021484,0.002713441848754883,11,2,-0.00823|0.0005,0.0005,2,1
7500,50,Jnk,Erk,0.0,0.0,0.0,0.016666650772094727,0.003282785415649414,0.0,0.0,1,1,0.006916242825493933,0.006916242825493933,0.008565902709960938,0.0026061534881591797,11,2,0.00692,0.00692,1,1
7500,51,Jnk,Akt,0.0,0.0,0.0,0.007105350494384766,0.0037965774536132812,0.0,0.0,1,1,0.01754608580586726,0.01754608580586726,0.0066509246826171875,0.0029554367065429688,11,2,0.01755,0.01755,1,1
7500,52,Akt,Mek,1.0,0.5,0.5,0.007732391357421875,0.008332014083862305,0.0|1.0,0.0|1.0,2,2,0.50411438552932,0.50411438552932,0.007709026336669922,0.006935596466064453,11,3,-0.00032|0.99209,-0.00032|0.99209,2,2
7500,53,PIP2,Akt,0.0,0.0,0.0,0.009798765182495117,0.010750055313110352,0.0,0.0,1,1,0.00323367618378991,0.0010127276931635378,0.007082462310791016,0.004244089126586914,11,2,-0.00644|-0.00276|-0.00272|-0.00101,-0.00101,4,1
7500,54,Erk,PIP3,0.0,0.0,0.0,0.00846242904663086,0.003913164138793945,0.0,0.0,1,1,0.002344066949588733,0.00012940112078981596,0.006978511810302734,0.0026955604553222656,11,2,-0.00356|-0.00334|0.00013,0.00013,3,1
7500,55,Jnk,Mek,0.0,0.0,0.0,0.008073091506958008,0.00301361083984375,0.0,0.0,1,1,0.010547458404040012,0.010547458404040012,0.007152557373046875,0.0025615692138671875,11,2,0.01055,0.01055,1,1
7500,56,Raf,Akt,0.0,0.125,0.125,0.006514787673950195,0.01056218147277832,0.0|0.25,0.0|0.25,2,2,0.13706679966928503,0.13706679966928503,0.006197452545166016,0.008700132369995117,11,4,-0.02364|0.2505,-0.02364|0.2505,2,2
7500,57,Akt,Raf,1.0,0.5,0.5,0.021068096160888672,0.0059947967529296875,0.0|1.0,0.0|1.0,2,2,0.5045574440309877,0.5045574440309877,0.007447004318237305,0.005488872528076172,11,4,0.00219|1.01131,0.00219|1.01131,2,2
7500,58,Erk,Plcg,0.0,0.0,0.0,0.012021541595458984,0.005570411682128906,0.0,0.0,1,1,0.0023179175049990427,0.0012886673370505221,0.007700920104980469,0.006099700927734375,11,2,-0.00109|0.00129|0.00457,0.00129,3,1
7500,59,PIP3,Raf,0.0,0.0,0.0,0.010642290115356445,0.003664255142211914,0.0,0.0,1,1,0.014817756823755815,0.0031235639598568388,0.008470296859741211,0.003853321075439453,11,2,0.00312|0.0048|0.0256|0.02575,0.00312,4,1
7500,60,Plcg,Raf,0.0,0.0,0.0,0.007454633712768555,0.005846500396728516,0.0,0.0,1,1,0.0033739559678784875,0.0014623838818397308,0.019517898559570312,0.0027272701263427734,11,2,-0.0067|-0.00455|-0.00146|0.00079,-0.00146,4,1
7500,61,Jnk,P38,0.0,0.0,0.0,0.01032876968383789,0.005992889404296875,0.0,0.0,1,1,0.008496445596567205,0.008496445596567205,0.007249593734741211,0.0030765533447265625,11,2,-0.0085,-0.0085,1,1
7500,62,Erk,PIP3,0.0,0.0,0.0,0.011693000793457031,0.005063295364379883,0.0,0.0,1,1,0.0036173001923294154,0.002982975272384062,0.008909463882446289,0.002950906753540039,11,2,-0.00298|0.00335|0.00452,-0.00298,3,1
7500,63,Erk,Raf,1.0,0.3333333333333333,0.5,0.008854389190673828,0.006409168243408203,0.0|1.0,0.0|1.0,2,2,0.33898661605005337,0.5047547279959169,0.010795116424560547,0.005491495132446289,11,3,-0.00888|0.99255|0.99937,-0.00888|0.99937,3,2
7500,64,Plcg,Raf,0.0,0.0,0.0,0.014302492141723633,0.004850864410400391,0.0,0.0,1,1,0.002587578163754183,0.001488007530605384,0.006997585296630859,0.005356788635253906,11,2,-0.0048|-0.00366|-0.00149|-0.0004,-0.00149,4,1
7500,65,Akt,Raf,1.0,0.5,0.5,0.011184930801391602,0.008309125900268555,0.0|1.0,0.0|1.0,2,2,0.49791793137101964,0.49791793137101964,0.0076372623443603516,0.00928640365600586,11,4,0.02157|1.01741,0.02157|1.01741,2,2
7500,66,Mek,PIP3,0.0,0.0,0.0,0.007908105850219727,0.0048367977142333984,0.0,0.0,1,1,0.008791588860370184,0.00040909595027949664,0.008368730545043945,0.0030298233032226562,11,2,-0.01867|0.00041|0.00729,0.00041,3,1
7500,67,P38,Akt,0.0,0.0,0.0,0.007833719253540039,0.003557920455932617,0.0,0.0,1,1,0.006557521583438302,0.006557521583438302,0.016025304794311523,0.004879474639892578,11,2,-0.00656,-0.00656,1,1
7500,68,P38,Jnk,0.0,0.0,0.0,0.009534358978271484,0.003781557083129883,0.0,0.0,1,1,0.012201580828907937,0.012201580828907937,0.007869958877563477,0.00399327278137207,11,2,-0.0122,-0.0122,1,1
7500,69,PIP3,Jnk,0.0,0.0,0.0,0.01273036003112793,0.004776477813720703,0.0,0.0,1,1,0.02084277610831205,0.006230350837712234,0.00804758071899414,0.004194021224975586,11,2,-0.02869|-0.02849|-0.01996|-0.00623,-0.00623,4,1
7500,70,Akt,Mek,1.0,0.5,0.5,0.0065577030181884766,0.006537199020385742,0.0|1.0,0.0|1.0,2,2,0.5215262179349758,0.5215262179349758,0.01005244255065918,0.005101442337036133,11,3,-0.0393|1.00376,-0.0393|1.00376,2,2
7500,71,PKC,PIP2,0.0,0.0,0.0,0.011812448501586914,0.01015782356262207,0.0,0.0,1,1,0.009873876747166018,0.009873876747166018,0.012628793716430664,0.009841442108154297,11,9,0.00987,0.00987,1,1
7500,72,PIP2,P38,0.0,0.0,0.0,0.006810188293457031,0.003344297409057617,0.0,0.0,1,1,0.02083960096885195,0.008087356304689134,0.007097005844116211,0.0030684471130371094,11,2,-0.02922|-0.02917|-0.01688|-0.00809,-0.00809,4,1
7500,73,PIP2,P38,0.0,0.0,0.0,0.011196136474609375,0.003950357437133789,0.0,0.0,1,1,0.032850691655254484,0.013325310174490278,0.006566762924194336,0.0029938220977783203,11,2,0.01333|0.03398|0.04182|0.04227,0.01333,4,1
7500,74,Mek,Plcg,0.0,0.0,0.0,0.14960575103759766,0.003528118133544922,0.0,0.0,1,1,0.01642050587627093,0.00423945093348857,0.007942438125610352,0.0028820037841796875,11,2,0.00424|0.0216|0.02342,0.00424,3,1
7500,75,Jnk,Akt,0.0,0.0,0.0,0.007685661315917969,0.0032873153686523438,0.0,0.0,1,1,0.01180281269755959,0.01180281269755959,0.007909774780273438,0.002635955810546875,11,2,0.0118,0.0118,1,1
7500,76,PIP3,PKA,0.0,0.0,0.0,0.007800102233886719,0.007411003112792969,0.0,0.0,1,1,0.020174623496659997,0.006074858139645365,0.008688926696777344,0.010167598724365234,11,8,-0.02646|-0.02596|-0.0222|-0.00607,-0.00607,4,1
7500,77,P38,Raf,0.0,0.0,0.0,0.009485244750976562,0.003670215606689453,0.0,0.0,1,1,0.0026470629587531575,0.0026470629587531575,0.01380467414855957,0.003568887710571289,11,2,-0.00265,-0.00265,1,1
7500,78,Plcg,Erk,0.0,0.0,0.0,0.009032487869262695,0.0029418468475341797,0.0,0.0,1,1,0.0075624261399405545,0.0006810169669595454,0.006029605865478516,0.0056459903717041016,11,2,0.00068|0.00458|0.01042|0.01457,0.00068,4,1
7500,79,PIP3,P38,0.0,0.0,0.0,0.008677482604980469,0.003438234329223633,0.0,0.0,1,1,0.0031809702804783853,0.0020487893537995583,0.0069882869720458984,0.002763032913208008,11,2,-0.00457|-0.00453|-0.00205|0.00157,-0.00205,4,1
7500,80,PIP2,Jnk,0.0,0.0,0.0,0.0066907405853271484,0.0035238265991210938,0.0,0.0,1,1,0.006738965850601958,0.002055323208233119,0.006482124328613281,0.002585172653198242,11,2,-0.01096|-0.01087|-0.00206|0.00307,-0.00206,4,1
7500,81,Jnk,PIP3,0.0,0.0,0.0,0.010892391204833984,0.0032570362091064453,0.0,0.0,1,1,0.0027125537160744657,0.0027125537160744657,0.005835533142089844,0.0028374195098876953,11,2,-0.00271,-0.00271,1,1
7500,82,Raf,Erk,0.0,0.25,0.25,0.009720802307128906,0.006643533706665039,0.0|0.5,0.0|0.5,2,2,0.2557423669736011,0.2557423669736011,0.007954835891723633,0.005549907684326172,11,3,0.0086|0.50288,0.0086|0.50288,2,2
7500,83,PIP3,P38,0.0,0.0,0.0,0.00664067268371582,0.0035393238067626953,0.0,0.0,1,1,0.010150780072885961,0.0027682680819080306,0.0069310665130615234,0.0025887489318847656,11,2,-0.0132|-0.01278|-0.01185|-0.00277,-0.00277,4,1
7500,84,Akt,P38,0.0,0.0,0.0,0.010253667831420898,0.009998798370361328,0.0,0.0,1,1,0.0023630720559472307,8.357437962582354e-05,0.0071735382080078125,0.0026667118072509766,11,2,-8e-05|0.00464,-8e-05,2,1
7500,85,Mek,P38,0.0,0.0,0.0,0.008590936660766602,0.003350496292114258,0.0,0.0,1,1,0.019057827539477087,0.004983010990826409,0.006058216094970703,0.004675388336181641,11,2,-0.02653|-0.02566|-0.00498,-0.00498,3,1
7500,86,P38,Plcg,0.0,0.0,0.0,0.0068814754486083984,0.0035600662231445312,0.0,0.0,1,1,0.005252951746515492,0.005252951746515492,0.007106304168701172,0.0026874542236328125,11,2,0.00525,0.00525,1,1
7500,87,Raf,PIP3,0.0,0.0,0.0,0.009053468704223633,0.006150484085083008,0.0,0.0,1,1,0.009858599809734091,0.0019881483715028818,0.009795427322387695,0.00270843505859375,11,2,0.00199|0.01773,0.00199,2,1
7500,88,PIP2,P38,0.0,0.0,0.0,0.00727391242980957,0.0036907196044921875,0.0,0.0,1,1,0.005945905690739902,0.003054592058104063,0.010590791702270508,0.002569913864135742,11,2,0.00305|0.00579|0.00586|0.00908,0.00305,4,1
7500,89,Plcg,Raf,0.0,0.0,0.0,0.010802507400512695,0.006074666976928711,0.0,0.0,1,1,0.004067537437101327,0.000656975551645527,0.009526729583740234,0.004306316375732422,11,2,-0.00739|-0.00583|-0.0024|-0.00066,-0.00066,4,1
7500,90,P38,Erk,0.0,0.0,0.0,0.008512258529663086,0.003942251205444336,0.0,0.0,1,1,0.0038899400529687246,0.0038899400529687246,0.007374763488769531,0.005576610565185547,11,2,-0.00389,-0.00389,1,1
7500,91,Raf,P38,0.0,0.0,0.0,0.007142066955566406,0.003188610076904297,0.0,0.0,1,1,0.011654120082392267,0.0013124755837428006,0.007288217544555664,0.0025670528411865234,11,2,-0.022|-0.00131,-0.00131,2,1
7500,92,Jnk,Plcg,0.0,0.0,0.0,0.011089801788330078,0.0033881664276123047,0.0,0.0,1,1,0.004676619850724444,0.004676619850724444,0.0073702335357666016,0.0025463104248046875,11,2,0.00468,0.00468,1,1
7500,93,PIP2,Raf,0.0,0.0,0.0,0.006289958953857422,0.002952098846435547,0.0,0.0,1,1,0.0056664738976874695,0.003015520457295049,0.0064046382904052734,0.0025086402893066406,11,2,0.00302|0.00495|0.00527|0.00944,0.00302,4,1
7500,94,P38,PIP2,0.0,0.0,0.0,0.0062749385833740234,0.003509044647216797,0.0,0.0,1,1,0.003107885647163989,0.003107885647163989,0.008531808853149414,0.00264739990234375,11,2,-0.00311,-0.00311,1,1
7500,95,Mek,Jnk,0.0,0.0,0.0,0.0064089298248291016,0.002875804901123047,0.0,0.0,1,1,0.006942251068446839,0.0030637507235863675,0.00640416145324707,0.005797863006591797,11,2,0.00306|0.00833|0.00944,0.00306,3,1
7500,96,PIP3,Akt,0.0,0.0,0.0,0.006934165954589844,0.006940364837646484,0.0,0.0,1,1,0.0028521830833047558,0.001683471511817284,0.007310152053833008,0.005060672760009766,11,2,-0.00597|-0.0019|-0.00186|0.00168,0.00168,4,1
7500,97,P38,PIP2,0.0,0.0,0.0,0.00925898551940918,0.003309965133666992,0.0,0.0,1,1,0.0024603113554594043,0.0024603113554594043,0.009922266006469727,0.0025506019592285156,11,2,0.00246,0.00246,1,1
7500,98,PIP3,Erk,0.0,0.0,0.0,0.010388851165771484,0.0039844512939453125,0.0,0.0,1,1,0.014685785469816422,0.005783308257004196,0.009696483612060547,0.0024993419647216797,11,2,-0.0228|-0.02249|-0.00767|-0.00578,-0.00578,4,1
7500,99,P38,Akt,0.0,0.0,0.0,0.008254766464233398,0.003638029098510742,0.0,0.0,1,1,0.013544700697352769,0.013544700697352769,0.009744882583618164,0.002459287643432617,11,2,0.01354,0.01354,1,1
10000,0,Akt,Jnk,0.0,0.0,0.0,0.006139993667602539,0.0027463436126708984,0.0,0.0,1,1,0.0036325375371002375,0.0030743218035586832,0.00751948356628418,0.002476930618286133,11,2,-0.00419|-0.00307,-0.00307,2,1
10000,1,PIP2,Raf,0.0,0.0,0.0,0.006430625915527344,0.00579380989074707,0.0,0.0,1,1,0.0026938599302383072,0.0006756034597987941,0.00603485107421875,0.0049724578857421875,11,2,-0.0037|-0.0027|-0.00068,-0.00068,3,1
10000,2,Erk,PIP3,0.0,0.0,0.0,0.007111072540283203,0.0029740333557128906,0.0,0.0,1,1,0.0026862545450045453,0.00019888185942244235,0.006051540374755859,0.002857685089111328,11,2,-0.0002|0.0004|0.00746,-0.0002,3,1
10000,3,Raf,PIP2,0.0,0.0,0.0,0.011206388473510742,0.0029904842376708984,0.0,0.0,1,1,0.0036245643835830033,0.0007862434217191527,0.0063321590423583984,0.0026788711547851562,11,2,0.00079|0.00646,0.00079,2,1
10000,4,P38,PIP2,0.0,0.0,0.0,0.0060770511627197266,0.003072500228881836,0.0,0.0,1,1,0.0025790429404899174,0.0025790429404899174,0.006605625152587891,0.0027713775634765625,11,2,-0.00258,-0.00258,1,1
10000,5,Jnk,Mek,0.0,0.0,0.0,0.008596658706665039,0.005069732666015625,0.0,0.0,1,1,0.00782391565738583,0.00782391565738583,0.0067212581634521484,0.003732442855834961,11,2,-0.00782,-0.00782,1,1
10000,6,Plcg,Jnk,0.0,0.0,0.0,0.008394479751586914,0.003244638442993164,0.0,0.0,1,1,0.0037568291400066935,0.0006489925930972284,0.007094621658325195,0.0028290748596191406,11,2,0.00051|0.00065|0.00672|0.00715,0.00065,4,1
10000,7,P38,Akt,0.0,0.0,0.0,0.006989479064941406,0.0034024715423583984,0.0,0.0,1,1,0.0009792971442722511,0.0009792971442722511,0.008260250091552734,0.006117105484008789,11,2,-0.00098,-0.00098,1,1
10000,8,PIP3,Mek,0.0,0.0,0.0,0.006669521331787109,0.006176948547363281,0.0,0.0,1,1,0.006659550566845292,0.002007482852057759,0.009313583374023438,0.0025959014892578125,11,2,0.00201|0.00647|0.00656|0.0116,0.00201,4,1
10000,9,Erk,PKC,5.0,1.3333333333333333,1.3333333333333333,0.008724451065063477,0.01179051399230957,1.5|5.0|5.5,1.5|5.0|5.5,3,3,1.3564373851798959,1.3564373851798959,0.006345987319946289,0.006689310073852539,11,8,1.44178|4.97899|5.49009,1.44178|4.97899|5.49009,3,3
10000,10,Akt,PKC,6.0,2.5,2.5,0.015031099319458008,0.01051640510559082,1.0|6.0,1.0|6.0,2,2,2.5432367908849596,2.5432367908849596,0.006734371185302734,0.00650787353515625,11,8,0.92157|5.99195,0.92157|5.99195,2,2
10000,11,PIP3,PKC,0.0,0.0,0.0,0.006203651428222656,0.011855363845825195,0.0,0.0,1,1,0.010652035353497692,0.002175018615357154,0.010588884353637695,0.009398937225341797,11,9,0.00218|0.01244|0.01291|0.01509,0.00218,4,1
10000,12,Mek,P38,0.0,0.0,0.0,0.009107112884521484,0.0033845901489257812,0.0,0.0,1,1,0.005284729386963275,0.001257596837472524,0.008963346481323242,0.003583669662475586,11,2,-0.00126|0.00263|0.01196,-0.00126,3,1
10000,13,Mek,Jnk,0.0,0.0,0.0,0.010465621948242188,0.0033135414123535156,0.0,0.0,1,1,0.0072378873678347055,0.0007504779067792354,0.0075571537017822266,0.0036287307739257812,11,2,-0.00369|0.00075|0.01728,0.00075,3,1
10000,14,Akt,Mek,1.0,0.5,0.5,0.006421089172363281,0.005411863327026367,0.0|1.0,0.0|1.0,2,2,0.503437266125393,0.503437266125393,0.008545637130737305,0.004768848419189453,11,3,0.01237|0.98076,0.01237|0.98076,2,2
10000,15,PIP2,P38,0.0,0.0,0.0,0.0063686370849609375,0.0028955936431884766,0.0,0.0,1,1,0.028400352491738362,0.012078819472072722,0.006219625473022461,0.002606630325317383,11,2,0.01208|0.0205|0.0405|0.04052,0.01208,4,1
10000,16,Raf,Plcg,0.0,0.0,0.0,0.007357120513916016,0.005753993988037109,0.0,0.0,1,1,0.005758569694643339,0.001259478620835162,0.013069868087768555,0.0033380985260009766,11,2,0.00126|0.01026,0.00126,2,1
10000,17,PKA,Plcg,0.0,0.0,0.0,0.006534576416015625,0.0057713985443115234,0.0,0.0,1,1,0.011735130934108905,0.011735130934108905,0.0072858333587646484,0.005610227584838867,11,8,0.01174,0.01174,1,1
10000,18,PIP2,PKC,0.0,0.0,0.0,0.006345033645629883,0.009997129440307617,0.0,0.0,1,1,0.00530692864343932,0.0013567106794538236,0.005892515182495117,0.010857820510864258,11,9,-0.00783|-0.00703|-0.00136|0.00501,-0.00136,4,1
10000,19,Jnk,Erk,0.0,0.0,0.0,0.012508153915405273,0.006218671798706055,0.0,0.0,1,1,0.009167055149965226,0.009167055149965226,0.014529228210449219,0.002849102020263672,11,2,-0.00917,-0.00917,1,1
10000,20,Jnk,PIP3,0.0,0.0,0.0,0.00883173942565918,0.003307342529296875,0.0,0.0,1,1,0.0072740478046948885,0.0072740478046948885,0.007035017013549805,0.002657175064086914,11,2,-0.00727,-0.00727,1,1
10000,21,Mek,Jnk,0.0,0.0,0.0,0.010265827178955078,0.005976200103759766,0.0,0.0,1,1,0.01292211320084694,0.0030955982725194005,0.006860494613647461,0.0030121803283691406,11,2,-0.02253|-0.01314|-0.0031,-0.0031,3,1
10000,22,P38,Erk,0.0,0.0,0.0,0.006971597671508789,0.003083467483520508,0.0,0.0,1,1,0.005762009519542081,0.005762009519542081,0.006393909454345703,0.002605438232421875,11,2,-0.00576,-0.00576,1,1
10000,23,PIP3,Raf,0.0,0.0,0.0,0.01257181167602539,0.0031914710998535156,0.0,0.0,1,1,0.006202780219407437,0.003243986250292402,0.006411314010620117,0.0025758743286132812,11,2,-0.00151|0.00324|0.01001|0.01005,0.00324,4,1
10000,24,Plcg,Jnk,0.0,0.0,0.0,0.006901741027832031,0.002700328826904297,0.0,0.0,1,1,0.0012044687261401627,0.0012694398492973124,0.005929231643676758,0.0024611949920654297,11,2,-0.00249|-0.0009|-0.00015|0.00127,0.00127,4,1
10000,25,Raf,Plcg,0.0,0.0,0.0,0.006537675857543945,0.0033674240112304688,0.0,0.0,1,1,0.012118792645081807,0.002484765676949658,0.010026931762695312,0.0027549266815185547,11,2,0.00248|0.02175,0.00248,2,1
10000,26,Akt,Raf,1.0,0.5,0.5,0.00807809829711914,0.013360738754272461,0.0|1.0,0.0|1.0,2,2,0.48732771353162024,0.48732771353162024,0.010370731353759766,0.009087324142456055,11,4,0.03238|0.99296,0.03238|0.99296,2,2
10000,27,P38,PIP3,0.0,0.0,0.0,0.005903482437133789,0.0033621788024902344,0.0,0.0,1,1,0.009354712012002404,0.009354712012002404,0.008530616760253906,0.002668619155883789,11,2,-0.00935,-0.00935,1,1
10000,28,PKC,Plcg,0.0,0.0,0.0,0.008480072021484375,0.009172439575195312,0.0,0.0,1,1,0.01361640472512166,0.01361640472512166,0.0065233707427978516,0.007436037063598633,11,9,-0.01362,-0.01362,1,1
10000,29,Plcg,Raf,0.0,0.0,0.0,0.006958723068237305,0.004464626312255859,0.0,0.0,1,1,0.0046195945442334815,0.001696410799904354,0.006552219390869141,0.0029337406158447266,11,2,-0.00755|-0.00078|0.0017|0.00845,0.0017,4,1
10000,30,P38,Akt,0.0,0.0,0.0,0.010716915130615234,0.003696441650390625,0.0,0.0,1,1,0.009541156329580544,0.009541156329580544,0.009147882461547852,0.002641916275024414,11,2,-0.00954,-0.00954,1,1
10000,31,PIP2,Erk,0.0,0.0,0.0,0.008090972900390625,0.0029888153076171875,0.0,0.0,1,1,0.041962667310336835,0.01792692319058716,0.006508350372314453,0.004683971405029297,11,2,-0.05441|-0.05434|-0.04118|-0.01793,-0.01793,4,1
10000,32,PIP3,Raf,0.0,0.0,0.0,0.008034706115722656,0.0038318634033203125,0.0,0.0,1,1,0.011403728965966512,0.003992020947374449,0.011315584182739258,0.0025322437286376953,11,2,-0.01585|-0.01578|-0.00999|-0.00399,-0.00399,4,1
10000,33,Akt,PIP3,0.0,0.0,0.0,0.00773930549621582,0.0036454200744628906,0.0,0.0,1,1,0.013683928479748263,0.006615541166143618,0.014353513717651367,0.003866910934448242,11,2,0.00662|0.02075,0.00662,2,1
10000,34,PIP3,Raf,0.0,0.0,0.0,0.009882450103759766,0.0031185150146484375,0.0,0.0,1,1,0.011361652103846242,0.0031550766192545428,0.008416414260864258,0.0025718212127685547,11,2,-0.01932|-0.01917|-0.0038|-0.00316,-0.00316,4,1
10000,35,Jnk,P38,0.0,0.0,0.0,0.007466554641723633,0.004076719284057617,0.0,0.0,1,1,0.003944227079295785,0.003944227079295785,0.0067501068115234375,0.0028333663940429688,11,2,-0.00394,-0.00394,1,1
10000,36,Akt,PIP3,0.0,0.0,0.0,0.010334014892578125,0.0029366016387939453,0.0,0.0,1,1,0.002849776724841635,0.0015803407907827895,0.006020069122314453,0.0026311874389648438,11,2,-0.00412|-0.00158,-0.00158,2,1
10000,37,P38,Mek,0.0,0.0,0.0,0.011408805847167969,0.003108978271484375,0.0,0.0,1,1,0.00832913328604492,0.00832913328604492,0.010672330856323242,0.0026390552520751953,11,2,-0.00833,-0.00833,1,1
10000,38,PIP2,Raf,0.0,0.0,0.0,0.012135982513427734,0.003570079803466797,0.0,0.0,1,1,0.005738449388349107,0.001960582070654344,0.00680851936340332,0.002897500991821289,11,2,-0.01142|-0.00481|-0.00476|-0.00196,-0.00196,4,1
10000,39,Jnk,P38,0.0,0.0,0.0,0.0072956085205078125,0.003717184066772461,0.0,0.0,1,1,0.00047162019874901596,0.00047162019874901596,0.005981922149658203,0.003756999969482422,11,2,0.00047,0.00047,1,1
10000,40,PKA,PIP3,0.0,0.0,0.0,0.007665872573852539,0.014039993286132812,0.0,0.0,1,1,0.006758064980827181,0.006758064980827181,0.009749174118041992,0.008542060852050781,11,8,0.00676,0.00676,1,1
10000,41,PIP2,P38,0.0,0.0,0.0,0.01117849349975586,0.0033740997314453125,0.0,0.0,1,1,0.003059700984985129,2.8513069635178252e-05,0.007729530334472656,0.00313568115234375,11,2,-3e-05|0.00145|0.00153|0.00923,-3e-05,4,1
10000,42,PIP3,Erk,0.0,0.0,0.0,0.007304668426513672,0.004461526870727539,0.0,0.0,1,1,0.007886791559604993,0.0018006073183956211,0.009575605392456055,0.0026803016662597656,11,2,-0.01071|-0.01006|-0.0018|0.00897,-0.0018,4,1
10000,43,Erk,PIP3,0.0,0.0,0.0,0.010547876358032227,0.0032334327697753906,0.0,0.0,1,1,0.005263357975798879,0.004692349586329889,0.006280422210693359,0.002664804458618164,11,2,-0.00614|-0.00495|-0.00469,-0.00469,3,1
10000,44,Akt,PKC,6.0,2.5,2.5,0.011857986450195312,0.006739616394042969,1.0|6.0,1.0|6.0,2,2,2.6333725088763535,2.6333725088763535,0.0060198307037353516,0.006318569183349609,11,8,0.84277|5.89048,0.84277|5.89048,2,2
10000,45,Akt,P38,0.0,0.0,0.0,0.0058405399322509766,0.0028352737426757812,0.0,0.0,1,1,0.01237745835936342,0.007363946362779147,0.005804300308227539,0.004421234130859375,11,2,0.00736|0.01739,0.00736,2,1
10000,46,Jnk,Erk,0.0,0.0,0.0,0.007151365280151367,0.002885103225708008,0.0,0.0,1,1,0.007663987010296324,0.007663987010296324,0.010112762451171875,0.0029592514038085938,11,2,0.00766,0.00766,1,1
10000,47,P38,PIP2,0.0,0.0,0.0,0.006621360778808594,0.004126548767089844,0.0,0.0,1,1,0.0017628755436910155,0.0017628755436910155,0.028496980667114258,0.0028188228607177734,11,2,-0.00176,-0.00176,1,1
10000,48,Akt,PKC,6.0,2.5,2.5,0.009783029556274414,0.009284257888793945,1.0|6.0,1.0|6.0,2,2,2.5115752098884463,2.5115752098884463,0.011444568634033203,0.00943756103515625,11,8,1.0035|6.02665,1.0035|6.02665,2,2
10000,49,Plcg,Erk,0.0,0.0,0.0,0.008222103118896484,0.004349231719970703,0.0,0.0,1,1,0.010439135510581513,0.0013212080009699107,0.008621931076049805,0.0033528804779052734,11,2,0.00132|0.00801|0.01312|0.0193,0.00132,4,1
10000,50,Akt,PIP3,0.0,0.0,0.0,0.013047933578491211,0.008730888366699219,0.0,0.0,1,1,0.002025145129046307,0.002505690297170315,0.008914947509765625,0.003341197967529297,11,2,0.00154|0.00251,0.00251,2,1
10000,51,PIP2,PKA,0.0,0.0,0.0,0.011301040649414062,0.0074498653411865234,0.0,0.0,1,1,0.004085114168076169,0.000112771816369688,0.010236740112304688,0.0064411163330078125,11,8,-0.00011|0.00072|0.00773|0.00777,-0.00011,4,1
10000,52,Akt,PIP2,0.0,0.0,0.0,0.009226322174072266,0.004094600677490234,0.0,0.0,1,1,0.0014291094070869419,0.001073530129407867,0.006319522857666016,0.00464940071105957,11,2,-0.00178|0.00107,0.00107,2,1
10000,53,Raf,Jnk,0.0,0.0,0.0,0.006659746170043945,0.004789590835571289,0.0,0.0,1,1,0.004299527230865844,0.0011092306620281366,0.008343696594238281,0.0044438838958740234,11,2,0.00111|0.00749,0.00111,2,1
10000,54,Mek,Plcg,0.0,0.0,0.0,0.014626026153564453,0.004151344299316406,0.0,0.0,1,1,0.007535831311877689,0.0036149251414168866,0.006864786148071289,0.0035686492919921875,11,2,-0.01151|-0.00748|-0.00361,-0.00361,3,1
10000,55,P38,PIP3,0.0,0.0,0.0,0.011945009231567383,0.005669832229614258,0.0,0.0,1,1,0.008585073165668446,0.008585073165668446,0.006515026092529297,0.003529787063598633,11,2,-0.00859,-0.00859,1,1
10000,56,Plcg,Erk,0.0,0.0,0.0,0.011620759963989258,0.006679058074951172,0.0,0.0,1,1,0.011256996686578855,0.0011815316971515106,0.00678253173828125,0.00385284423828125,11,2,-0.02135|-0.01451|-0.00798|-0.00118,-0.00118,4,1
10000,57,PIP2,P38,0.0,0.0,0.0,0.010056495666503906,0.0032806396484375,0.0,0.0,1,1,0.011888751980026107,0.004489756715102172,0.006580829620361328,0.003546476364135742,11,2,-0.01618|-0.01349|-0.0134|-0.00449,-0.00449,4,1
10000,58,PKC,Plcg,0.0,0.0,0.0,0.008710384368896484,0.00873875617980957,0.0,0.0,1,1,0.02908546606856896,0.02908546606856896,0.006494045257568359,0.007038116455078125,11,9,0.02909,0.02909,1,1
10000,59,P38,Akt,0.0,0.0,0.0,0.0072536468505859375,0.005221366882324219,0.0,0.0,1,1,0.008234626778243421,0.008234626778243421,0.006269216537475586,0.0031311511993408203,11,2,-0.00823,-0.00823,1,1
10000,60,Akt,PIP2,0.0,0.0,0.0,0.007366657257080078,0.0044515132904052734,0.0,0.0,1,1,0.0012744126571770178,0.0010872851638738185,0.012514591217041016,0.004253864288330078,11,2,0.00109|0.00146,0.00109,2,1
10000,61,Erk,PKC,5.0,1.3333333333333333,1.3333333333333333,0.014393329620361328,0.012099504470825195,1.5|5.0|5.5,1.5|5.0|5.5,3,3,1.3304919141989295,1.3304919141989295,0.00860452651977539,0.01191091537475586,11,8,1.55713|4.94432|5.49293,1.55713|4.94432|5.49293,3,3
10000,62,Plcg,PKA,0.0,0.0,0.0,0.007550954818725586,0.00774073600769043,0.0,0.0,1,1,0.0037672679792603806,0.0013193579052275578,0.007848501205444336,0.007035493850708008,11,8,-0.00239|0.00132|0.00383|0.00753,0.00132,4,1
10000,63,Jnk,Raf,0.0,0.0,0.0,0.005844593048095703,0.00313568115234375,0.0,0.0,1,1,0.0025981031976234107,0.0025981031976234107,0.0064394474029541016,0.003942966461181641,11,2,0.0026,0.0026,1,1
10000,64,Erk,Plcg,0.0,0.0,0.0,0.019280672073364258,0.003079652786254883,0.0,0.0,1,1,0.0032030723269974443,0.0019000695178449263,0.006308794021606445,0.002653360366821289,11,2,-0.00733|-0.0019|0.00038,-0.0019,3,1
10000,65,Raf,Erk,0.0,0.25,0.25,0.006996631622314453,0.009701967239379883,0.0|0.5,0.0|0.5,2,2,0.2527299467510975,0.2527299467510975,0.006077766418457031,0.011583328247070312,11,3,-0.00452|0.50094,-0.00452|0.50094,2,2
10000,66,Erk,Plcg,0.0,0.0,0.0,0.009223461151123047,0.0033833980560302734,0.0,0.0,1,1,0.011965705737626656,0.0043442138949845764,0.007776975631713867,0.0030798912048339844,11,2,-0.0188|-0.01276|-0.00434,-0.00434,3,1
10000,67,Plcg,Erk,0.0,0.0,0.0,0.007124423980712891,0.003995418548583984,0.0,0.0,1,1,0.0024664229142701295,0.0022627075477228073,0.014107942581176758,0.006787300109863281,11,2,0.00217|0.00226|0.00267|0.00276,0.00226,4,1
10000,68,Akt,PIP2,0.0,0.0,0.0,0.007353544235229492,0.004283905029296875,0.0,0.0,1,1,0.015467517013243781,0.010685230939435878,0.008878469467163086,0.0037157535552978516,11,2,-0.02025|-0.01069,-0.01069,2,1
10000,69,Plcg,Erk,0.0,0.0,0.0,0.007224321365356445,0.0040340423583984375,0.0,0.0,1,1,0.007420129293148017,0.0003175806903187423,0.007073640823364258,0.0025517940521240234,11,2,-0.01456|-0.01266|-0.00214|-0.00032,-0.00032,4,1
10000,70,PKA,PIP2,0.0,0.0,0.0,0.012818098068237305,0.00637054443359375,0.0,0.0,1,1,0.004090322202175754,0.004090322202175754,0.0059051513671875,0.00574803352355957,11,8,0.00409,0.00409,1,1
10000,71,Erk,PIP3,0.0,0.0,0.0,0.019048690795898438,0.0054988861083984375,0.0,0.0,1,1,0.008896572935551251,0.0019054280161132132,0.006925821304321289,0.0037910938262939453,11,2,-0.00062|0.00191|0.02417,0.00191,3,1
10000,72,PIP3,PKC,0.0,0.0,0.0,0.011684656143188477,0.011274337768554688,0.0,0.0,1,1,0.005054510572792752,0.0029081893274745716,0.009882450103759766,0.009455680847167969,11,9,-0.00463|-0.00421|0.00291|0.00847,0.00291,4,1
10000,73,Plcg,Akt,0.0,0.0,0.0,0.007860183715820312,0.004912376403808594,0.0,0.0,1,1,0.004616801682988119,0.00045210609576901427,0.00659632682800293,0.003589630126953125,11,2,-0.00832|0.00045|0.00047|0.00923,0.00045,4,1
10000,74,Plcg,Mek,0.0,0.0,0.0,0.013355731964111328,0.005296230316162109,0.0,0.0,1,1,0.013847960630330511,0.0004030782471236077,0.007516384124755859,0.0033478736877441406,11,2,-0.0004|0.01009|0.01688|0.02802,-0.0004,4,1
10000,75,Akt,Raf,1.0,0.5,0.5,0.010526180267333984,0.00802302360534668,0.0|1.0,0.0|1.0,2,2,0.5051740065212429,0.5051740065212429,0.0072078704833984375,0.005837202072143555,11,4,0.00983|0.97983,0.00983|0.97983,2,2
10000,76,Jnk,PIP3,0.0,0.0,0.0,0.006990909576416016,0.003053426742553711,0.0,0.0,1,1,0.0064315235347189754,0.0064315235347189754,0.0063953399658203125,0.002584695816040039,11,2,-0.00643,-0.00643,1,1
10000,77,Erk,Raf,1.0,0.3333333333333333,0.5,0.0061948299407958984,0.012758970260620117,0.0|1.0,0.0|1.0,2,2,0.3422856804349488,0.49594805814506177,0.00646209716796875,0.0059812068939208984,11,3,0.01402|1.00591|1.03496,0.01402|1.00591,3,2
10000,78,PIP3,Akt,0.0,0.0,0.0,0.006254911422729492,0.005284786224365234,0.0,0.0,1,1,0.005775939241725939,0.0016250213633152485,0.006441593170166016,0.0028591156005859375,11,2,-0.01085|-0.01041|-0.00163|0.00021,-0.00163,4,1
10000,79,PKA,PIP3,0.0,0.0,0.0,0.007024049758911133,0.006685733795166016,0.0,0.0,1,1,0.03129968490026045,0.03129968490026045,0.0067577362060546875,0.010276079177856445,11,8,0.0313,0.0313,1,1
10000,80,Erk,PIP2,0.0,0.0,0.0,0.00857090950012207,0.0055141448974609375,0.0,0.0,1,1,0.004359257527111253,0.0016235184677144295,0.007487058639526367,0.003952503204345703,11,2,0.00162|0.00522|0.00623,0.00162,3,1
10000,81,Akt,P38,0.0,0.0,0.0,0.009360790252685547,0.004018068313598633,0.0,0.0,1,1,0.008179206463567089,0.00845493719720975,0.0073089599609375,0.0029480457305908203,11,2,-0.00845|-0.0079,-0.00845,2,1
10000,82,Erk,Raf,1.0,0.3333333333333333,0.5,0.00825953483581543,0.008928060531616211,0.0|1.0,0.0|1.0,2,2,0.358083823347622,0.5220980157594095,0.008669614791870117,0.007077932357788086,11,3,-0.0324|0.96994|0.9882,-0.0324|0.9882,3,2
10000,83,Erk,PKC,5.0,1.3333333333333333,1.3333333333333333,0.01144266128540039,0.009655475616455078,1.5|5.0|5.5,1.5|5.0|5.5,3,3,1.3930833573180692,1.3930833573180692,0.006864070892333984,0.006981372833251953,11,8,1.53189|5.14241|5.56873,1.53189|5.14241|5.56873,3,3
10000,84,P38,Erk,0.0,0.0,0.0,0.01428842544555664,0.003448009490966797,0.0,0.0,1,1,0.000547682930665408,0.000547682930665408,0.006893634796142578,0.0026187896728515625,11,2,0.00055,0.00055,1,1
10000,85,Plcg,P38,0.0,0.0,0.0,0.0070192813873291016,0.0029342174530029297,0.0,0.0,1,1,0.0022380780405204135,0.0017700951682475797,0.006422758102416992,0.002727508544921875,11,2,-0.00448|-0.00177|-0.0004|0.0023,-0.00177,4,1
10000,86,Raf,Erk,0.0,0.25,0.25,0.006800651550292969,0.011837244033813477,0.0|0.5,0.0|0.5,2,2,0.25460024120753233,0.25460024120753233,0.0061872005462646484,0.007857084274291992,11,3,0.00823|0.50097,0.00823|0.50097,2,2
10000,87,Akt,P38,0.0,0.0,0.0,0.011381864547729492,0.0043261051177978516,0.0,0.0,1,1,0.0008283424191101588,0.0008582849464389334,0.013396739959716797,0.004376649856567383,11,2,0.0008|0.00086,0.00086,2,1
10000,88,Raf,PIP2,0.0,0.0,0.0,0.008030891418457031,0.003265857696533203,0.0,0.0,1,1,0.009521070366615019,0.0008966312644127654,0.008948326110839844,0.0025098323822021484,11,2,0.0009|0.01815,0.0009,2,1
10000,89,PKC,PIP2,0.0,0.0,0.0,0.008503437042236328,0.010282278060913086,0.0,0.0,1,1,0.04846119906318116,0.04846119906318116,0.00654292106628418,0.009816884994506836,11,9,-0.04846,-0.04846,1,1
10000,90,Plcg,Mek,0.0,0.0,0.0,0.0065038204193115234,0.0035719871520996094,0.0,0.0,1,1,0.0062450335110872494,0.0008076066368692177,0.006289482116699219,0.01640176773071289,11,2,-0.00962|-0.00081|0.00287|0.01169,-0.00081,4,1
10000,91,PKA,PIP2,0.0,0.0,0.0,0.009629249572753906,0.006860971450805664,0.0,0.0,1,1,0.03675409548766038,0.03675409548766038,0.007915973663330078,0.0060350894927978516,11,8,-0.03675,-0.03675,1,1
10000,92,Plcg,Jnk,0.0,0.0,0.0,0.009346485137939453,0.0036966800689697266,0.0,0.0,1,1,0.008050828908272868,0.0006972360698267402,0.007204771041870117,0.002950906753540039,11,2,-0.01554|-0.01332|0.0007|0.00265,0.0007,4,1
10000,93,Mek,PIP2,0.0,0.0,0.0,0.013685226440429688,0.00502324104309082,0.0,0.0,1,1,0.002017167195236426,0.0001357796035281733,0.007520437240600586,0.003732442855834961,11,2,-0.00588|-0.00014|4e-05,-0.00014,3,1
10000,94,PKC,Akt,-1.9398402298395592e-16,0.0,0.0,0.014336347579956055,0.012408018112182617,-0.0,-0.0,1,1,0.041077007940730555,0.041077007940730555,0.010293245315551758,0.009090423583984375,11,8,0.04108,0.04108,1,1
10000,95,Jnk,Raf,0.0,0.0,0.0,0.0136871337890625,0.0038101673126220703,0.0,0.0,1,1,0.005793158901832046,0.005793158901832046,0.008334636688232422,0.0028400421142578125,11,2,-0.00579,-0.00579,1,1
10000,96,Raf,Plcg,0.0,0.0,0.0,0.010066986083984375,0.003784656524658203,0.0,0.0,1,1,0.006669226808679862,0.0010369933675356835,0.0068166255950927734,0.0045642852783203125,11,2,0.00104|0.0123,0.00104,2,1
10000,97,Raf,Jnk,0.0,0.0,0.0,0.010496139526367188,0.0034313201904296875,0.0,0.0,1,1,0.0050994765482429896,0.0008054175168778646,0.015685081481933594,0.0031585693359375,11,2,0.00081|0.00939,0.00081,2,1
10000,98,Akt,Jnk,0.0,0.0,0.0,0.009328603744506836,0.00482940673828125,0.0,0.0,1,1,0.006473999460947512,0.004495969388988224,0.007264852523803711,0.008635759353637695,11,2,0.0045|0.00845,0.0045,2,1
10000,99,Plcg,Raf,0.0,0.0,0.0,0.009245634078979492,0.0034856796264648438,0.0,0.0,1,1,0.003406775426548614,2.27711498439336e-05,0.0077021121978759766,0.003267049789428711,11,2,-0.00137|2e-05|0.00528|0.00696,2e-05,4,1
