Sample_Size,Exp_ID,T,Y,True_Effect,MAE_Full,MAE_Local,Time_Full,Time_Local,Eff_Full,Eff_Local,Set_Size_Full,Set_Size_Local,MAE_Full_n,MAE_Local_n,Time_Full_n,Time_Local_n,Vars_Full,Vars_Local,Eff_Full_n,Eff_Local_n,Set_Size_Full_n,Set_Size_Local_n
500,0,16,15,0.0,0.0,0.0,0.016826391220092773,0.003486156463623047,0.0,0.0,1,1,0.021435158941108413,0.00891854221315886,0.011939764022827148,0.0024187564849853516,19,2,-0.03395|0.00892,0.00892,2,1
500,1,11,4,0.0,0.0,0.0,0.012693405151367188,0.002862691879272461,0.0,0.0,1,1,0.013004885872863572,0.013004885872863572,0.009557008743286133,0.0027124881744384766,19,2,-0.013,-0.013,1,1
500,2,8,2,0.0,0.0,0.0,0.009689569473266602,0.003058195114135742,0.0,0.0,1,1,0.02862814673371185,0.004343930902449535,0.014566898345947266,0.002499818801879883,19,2,-0.0843|-0.02553|-0.00033|0.00434,0.00434,4,1
500,3,3,1,0.0,0.0,0.0,0.009561300277709961,0.004792213439941406,0.0,0.0,1,1,0.021933098054784012,0.016584938231951722,0.012206315994262695,0.0028409957885742188,19,2,-0.04155|-0.01658|-0.00766,-0.01658,3,1
500,4,3,9,1.0,0.3333333333333333,0.5,0.011601924896240234,0.0068857669830322266,0.0|1.0,0.0|1.0,2,2,0.3424748225765142,0.5078292856679666,0.009407520294189453,0.00446319580078125,19,3,0.00852|0.97582|1.01177,0.00852|0.97582,3,2
500,5,17,19,0.0,0.0,0.0,0.03398299217224121,0.012688875198364258,0.0,0.0,1,1,0.04019034140778684,0.04019034140778684,0.01009821891784668,0.008619308471679688,19,11,0.04019,0.04019,1,1
500,6,1,14,0.0,0.0,0.0,0.010430097579956055,0.0032165050506591797,0.0,0.0,1,1,0.11452122559644604,0.051161455058036556,0.013457536697387695,0.0024843215942382812,19,2,-0.17788|-0.05116,-0.05116,2,1
500,7,8,18,0.0,0.375,0.25,0.013126850128173828,0.005764007568359375,0.0|0.5,0.0|0.5,2,2,0.38135784034674963,0.27836800280298885,0.010519027709960938,0.005182027816772461,19,6,0.06571|0.47514|0.49102|0.49356,0.06571|0.49102,4,2
500,8,17,8,0.0,0.0,0.0,0.009514808654785156,0.00931239128112793,0.0,0.0,1,1,0.13120529530903519,0.13120529530903519,0.008870601654052734,0.008673429489135742,19,6,-0.13121,-0.13121,1,1
500,9,20,9,0.0,0.0,0.0,0.009524106979370117,0.00395965576171875,0.0,0.0,1,1,0.007078426790174711,0.007078426790174711,0.012971639633178711,0.0033767223358154297,19,6,-0.00708,-0.00708,1,1
500,10,18,6,0.0,0.0,0.0,0.012470722198486328,0.005201101303100586,0.0,0.0,1,1,0.018310478595328222,0.018310478595328222,0.009292840957641602,0.004805803298950195,19,6,0.01831,0.01831,1,1
500,11,6,11,0.0,0.0,0.0,0.010972976684570312,0.003683328628540039,0.0,0.0,1,1,0.026532471606445413,0.01342127480866881,0.013390541076660156,0.003320932388305664,19,2,-0.03964|-0.01342,-0.01342,2,1
500,12,1,10,0.0,0.0,0.0,0.01137852668762207,0.0033011436462402344,0.0,0.0,1,1,0.06109812254188133,0.0040187634097782875,0.014954566955566406,0.0026144981384277344,19,2,-0.00402|0.11818,-0.00402,2,1
500,13,6,10,0.0,0.0,0.0,0.014861583709716797,0.0032622814178466797,0.0,0.0,1,1,0.026250160624072236,0.0035618268630710054,0.010125398635864258,0.003108501434326172,19,2,-0.04894|0.00356,0.00356,2,1
500,14,13,19,1.0,0.0,0.0,0.0136260986328125,0.005662202835083008,1.0,1.0,1,1,0.10199824037654392,0.03660222632674626,0.009521245956420898,0.003711223602294922,19,7,1.0366|1.16739,1.0366,2,1
500,15,20,6,0.0,0.0,0.0,0.011330842971801758,0.0038442611694335938,0.0,0.0,1,1,0.08489312732256886,0.08489312732256886,0.012275218963623047,0.003440380096435547,19,6,-0.08489,-0.08489,1,1
500,16,8,2,0.0,0.0,0.0,0.009919881820678711,0.003025531768798828,0.0,0.0,1,1,0.028486250928466274,0.0024469221301114587,0.013029813766479492,0.002530336380004883,19,2,-0.03194|0.00245|0.02011|0.05945,0.00245,4,1
500,17,14,19,0.0,0.25,0.25,0.12131500244140625,0.0063648223876953125,0.0|0.5,0.0|0.5,2,2,0.25998392870426174,0.25998392870426174,0.01101064682006836,0.005612611770629883,19,8,-0.02967|0.49029,-0.02967|0.49029,2,2
500,18,4,14,0.0,0.0,0.0,0.009102821350097656,0.0030095577239990234,0.0,0.0,1,1,0.016699161746726296,0.016699161746726296,0.012173175811767578,0.0025238990783691406,19,2,0.0167,0.0167,1,1
500,19,4,16,0.0,0.0,0.0,0.00993037223815918,0.003235340118408203,0.0,0.0,1,1,0.029526723649678763,0.029526723649678763,0.01358938217163086,0.0031249523162841797,19,2,0.02953,0.02953,1,1
500,20,9,16,0.0,0.0,0.0,0.015430450439453125,0.0030717849731445312,0.0,0.0,1,1,0.02304391039909473,0.005063187000186985,0.010735034942626953,0.002454519271850586,19,2,0.00506|0.04102,0.00506,2,1
500,21,12,3,0.0,0.0,0.0,0.015440702438354492,0.002897024154663086,0.0,0.0,1,1,0.07511893357225033,0.07511893357225033,0.009235382080078125,0.0024499893188476562,19,2,0.07512,0.07512,1,1
500,22,13,10,0.0,0.0,0.0,0.009638309478759766,0.0033130645751953125,0.0,0.0,1,1,0.12624123072002177,0.09102995424873216,0.013720035552978516,0.002450704574584961,19,2,0.09103|0.16145,0.09103,2,1
500,23,12,8,0.0,0.0,0.0,0.009223699569702148,0.0029942989349365234,0.0,0.0,1,1,0.018547021009395717,0.018547021009395717,0.014611482620239258,0.003041982650756836,19,2,0.01855,0.01855,1,1
500,24,17,18,0.0,0.0,0.0,0.01453089714050293,0.0076448917388916016,0.0,0.0,1,1,0.04459904175245523,0.04459904175245523,0.01205301284790039,0.006708621978759766,19,9,-0.0446,-0.0446,1,1
500,25,13,12,0.0,0.0,0.0,0.012026548385620117,0.0033609867095947266,0.0,0.0,1,1,0.030361006620006105,0.0024118551106191858,0.010833740234375,0.005801677703857422,19,2,0.00241|0.05831,0.00241,2,1
500,26,6,18,0.0,0.25,0.25,0.01029825210571289,0.006154060363769531,0.0|0.5,0.0|0.5,2,2,0.2779904888387814,0.2779904888387814,0.013223409652709961,0.005189180374145508,19,6,0.04718|0.5088,0.04718|0.5088,2,2
500,27,15,17,0.0,0.0,0.0,0.012608766555786133,0.0059740543365478516,0.0,0.0,1,1,0.01497190162350121,0.01497190162350121,0.010178089141845703,0.0031549930572509766,19,5,-0.01497,-0.01497,1,1
500,28,10,2,0.0,0.0,0.0,0.012776851654052734,0.0028617382049560547,0.0,0.0,1,1,0.006273337759080569,2.652547669550642e-05,0.010731697082519531,0.0024390220642089844,19,2,-0.01252|-3e-05,-3e-05,2,1
500,29,5,12,0.0,0.0,0.0,0.01035928726196289,0.0044324398040771484,0.0,0.0,1,1,0.008566098782925032,0.004019140636599093,0.01766490936279297,0.002990245819091797,19,2,-0.01311|-0.00402,-0.00402,2,1
500,30,8,13,0.0,0.0,0.0,0.013175487518310547,0.0035011768341064453,0.0,0.0,1,1,0.04386864698414865,0.01973029783147211,0.01702880859375,0.002691030502319336,19,2,-0.09861|-0.04814|-0.01973|-0.00899,-0.01973,4,1
500,31,3,17,1.0,0.3333333333333333,0.5,0.014867544174194336,0.006207942962646484,0.0|1.0,0.0|1.0,2,2,0.4739353186564776,0.6001007798399693,0.011094808578491211,0.0056362152099609375,19,5,-0.09991|0.7784|0.89971,-0.09991|0.89971,3,2
500,32,3,2,0.0,0.0,0.0,0.009955167770385742,0.005645275115966797,0.0,0.0,1,1,0.046492938851092014,0.02168238643311663,0.008936166763305664,0.0029134750366210938,19,2,0.02168|0.05032|0.06747,0.02168,3,1
500,33,4,8,0.0,0.0,0.0,0.011429786682128906,0.002994060516357422,0.0,0.0,1,1,0.016084687913863575,0.016084687913863575,0.012491703033447266,0.00485992431640625,19,2,0.01608,0.01608,1,1
500,34,9,5,0.0,0.16666666666666666,0.16666666666666666,0.011258602142333984,0.005265712738037109,0.0|0.33333,0.0|0.33333,2,2,0.17504944656641208,0.17504944656641208,0.015411615371704102,0.004678964614868164,19,4,-0.0204|0.3297,-0.0204|0.3297,2,2
500,35,15,5,0.0,0.0,0.0,0.017683744430541992,0.0034437179565429688,0.0,0.0,1,1,0.0082782573234798,0.0082782573234798,0.013745307922363281,0.006102085113525391,19,2,-0.00828,-0.00828,1,1
500,36,3,15,0.0,0.0,0.0,0.011533498764038086,0.003845691680908203,0.0,0.0,1,1,0.048016504403235044,0.017546533225740946,0.01383066177368164,0.0030443668365478516,19,2,0.01755|0.05458|0.07192,0.01755,3,1
500,37,8,17,0.0,0.375,0.25,0.011064767837524414,0.005454063415527344,0.0|0.5,0.0|0.5,2,2,0.5085244114445143,0.32252629344592515,0.0781559944152832,0.004825115203857422,19,6,-0.09592|0.54913|0.64746|0.74158,-0.09592|0.54913,4,2
500,38,12,2,0.0,0.0,0.0,0.012488603591918945,0.003629446029663086,0.0,0.0,1,1,0.018737180490373064,0.018737180490373064,0.01343226432800293,0.0032074451446533203,19,2,-0.01874,-0.01874,1,1
500,39,15,16,0.0,0.0,0.0,0.01272439956665039,0.00420379638671875,0.0,0.0,1,1,0.03504665102205478,0.03504665102205478,0.015446901321411133,0.005163908004760742,19,2,0.03505,0.03505,1,1
500,40,12,1,0.0,0.0,0.0,0.011101961135864258,0.0034809112548828125,0.0,0.0,1,1,0.011358132040915311,0.011358132040915311,0.010783195495605469,0.002783536911010742,19,2,0.01136,0.01136,1,1
500,41,6,15,0.0,0.0,0.0,0.01114797592163086,0.0031652450561523438,0.0,0.0,1,1,0.003157327535209213,0.003290360665135903,0.010135889053344727,0.002399921417236328,19,2,-0.00302|0.00329,0.00329,2,1
500,42,18,2,0.0,0.0,0.0,0.010951042175292969,0.004044055938720703,0.0,0.0,1,1,0.06363602146860278,0.06363602146860278,0.014708995819091797,0.003316164016723633,19,6,0.06364,0.06364,1,1
500,43,13,5,0.0,0.0,0.0,0.00959467887878418,0.0031418800354003906,0.0,0.0,1,1,0.12241497608504043,0.08452802824641303,0.009094953536987305,0.0023696422576904297,19,2,0.08453|0.1603,0.08453,2,1
500,44,2,19,0.0,0.0,0.0,0.009222030639648438,0.004117727279663086,0.0,0.0,1,1,0.029325022317046805,0.016357255060814407,0.011425256729125977,0.0036346912384033203,19,8,-0.04229|-0.01636,-0.01636,2,1
500,45,20,10,0.0,0.0,0.0,0.00915384292602539,0.0035774707794189453,0.0,0.0,1,1,0.07341574591736534,0.07341574591736534,0.008614540100097656,0.003310680389404297,19,6,0.07342,0.07342,1,1
500,46,17,15,0.0,0.0,0.0,0.010747671127319336,0.004251241683959961,0.0,0.0,1,1,0.03142757241898757,0.03142757241898757,0.010297775268554688,0.003926753997802734,19,5,0.03143,0.03143,1,1
500,47,11,14,0.0,0.0,0.0,0.010948419570922852,0.004285335540771484,0.0,0.0,1,1,0.014360308154089407,0.014360308154089407,0.015731334686279297,0.0030307769775390625,19,2,-0.01436,-0.01436,1,1
500,48,16,10,0.0,0.0,0.0,0.010326385498046875,0.0031647682189941406,0.0,0.0,1,1,0.05566438447790881,0.02121881820303318,0.010096311569213867,0.002494335174560547,19,2,-0.09011|-0.02122,-0.02122,2,1
500,49,12,2,0.0,0.0,0.0,0.00928354263305664,0.003066539764404297,0.0,0.0,1,1,0.019622872305452486,0.019622872305452486,0.009273290634155273,0.0024366378784179688,19,2,-0.01962,-0.01962,1,1
500,50,19,6,-6.661338147750939e-17,0.0,0.0,0.012305498123168945,0.006053924560546875,-0.0,-0.0,1,1,0.019759289887446435,0.019759289887446435,0.01003718376159668,0.0059244632720947266,19,8,-0.01976,-0.01976,1,1
500,51,8,11,0.0,0.0,0.0,0.010380268096923828,0.0032389163970947266,0.0,0.0,1,1,0.018383779973454615,0.002160509724082613,0.009102821350097656,0.002439260482788086,19,2,-0.01077|-0.00216|0.01472|0.04588,-0.00216,4,1
500,52,11,2,0.0,0.0,0.0,0.008890628814697266,0.0027844905853271484,0.0,0.0,1,1,0.01890661845303669,0.01890661845303669,0.012073755264282227,0.0023348331451416016,19,2,0.01891,0.01891,1,1
500,53,16,14,0.0,0.0,0.0,0.008917808532714844,0.0032160282135009766,0.0,0.0,1,1,0.02846469117505541,0.002950323953349203,0.010719537734985352,0.003621339797973633,19,2,-0.05398|0.00295,0.00295,2,1
500,54,4,17,0.0,0.0,0.0,0.010103702545166016,0.004771232604980469,0.0,0.0,1,1,0.017624010533314815,0.017624010533314815,0.013347625732421875,0.0052051544189453125,19,5,0.01762,0.01762,1,1
500,55,10,18,0.0,0.16666666666666666,0.16666666666666666,0.013921499252319336,0.006878852844238281,0.0|0.33333,0.0|0.33333,2,2,0.1710897040514915,0.1710897040514915,0.010284185409545898,0.005781650543212891,19,7,0.01722|0.32496,0.01722|0.32496,2,2
500,56,1,8,0.0,0.0,0.0,0.010162591934204102,0.0030181407928466797,0.0,0.0,1,1,0.018125081870439905,0.012816468652163987,0.009553194046020508,0.0024535655975341797,19,2,0.01282|0.02343,0.01282,2,1
500,57,4,14,0.0,0.0,0.0,0.009133577346801758,0.002889871597290039,0.0,0.0,1,1,0.06508649918320733,0.06508649918320733,0.01226353645324707,0.002445697784423828,19,2,-0.06509,-0.06509,1,1
500,58,5,12,0.0,0.0,0.0,0.008754968643188477,0.0027923583984375,0.0,0.0,1,1,0.04790009628126929,0.00837088913261651,0.00968790054321289,0.00234222412109375,19,2,-0.08743|-0.00837,-0.00837,2,1
500,59,18,20,0.0,0.0,0.0,0.008815765380859375,0.004060983657836914,0.0,0.0,1,1,0.11834834875398526,0.11834834875398526,0.009514570236206055,0.0053217411041259766,19,9,0.11835,0.11835,1,1
500,60,9,4,0.0,0.0,0.0,0.013708829879760742,0.003317117691040039,0.0,0.0,1,1,0.027979289704893093,0.008650818437133735,0.012014150619506836,0.002763986587524414,19,2,-0.04731|-0.00865,-0.00865,2,1
500,61,1,5,0.0,0.0,0.0,0.010150909423828125,0.0032587051391601562,0.0,0.0,1,1,0.018179556919007658,0.008295688826646459,0.012706518173217773,0.003426790237426758,19,2,-0.02806|-0.0083,-0.0083,2,1
500,62,18,5,0.0,0.0,0.0,0.013374090194702148,0.006380558013916016,0.0,0.0,1,1,0.03808989248163123,0.03808989248163123,0.014678239822387695,0.00540471076965332,19,6,-0.03809,-0.03809,1,1
500,63,5,12,0.0,0.0,0.0,0.009177446365356445,0.0027832984924316406,0.0,0.0,1,1,0.023519970742829497,0.0005927632980403008,0.009807109832763672,0.002416849136352539,19,2,-0.04645|0.00059,0.00059,2,1
500,64,11,2,0.0,0.0,0.0,0.008942604064941406,0.002720355987548828,0.0,0.0,1,1,0.07676279443593972,0.07676279443593972,0.008579254150390625,0.002498149871826172,19,2,-0.07676,-0.07676,1,1
500,65,1,3,0.0,0.0,0.0,0.014208078384399414,0.0027518272399902344,0.0,0.0,1,1,0.05121305766994537,0.02537697209058797,0.008696317672729492,0.002410888671875,19,2,-0.07705|-0.02538,-0.02538,2,1
500,66,1,11,0.0,0.0,0.0,0.008975982666015625,0.0025763511657714844,0.0,0.0,1,1,0.08805596952610159,0.0726195338045169,0.008748292922973633,0.002468585968017578,19,2,0.07262|0.10349,0.07262,2,1
500,67,6,2,0.0,0.0,0.0,0.009322643280029297,0.004388570785522461,0.0,0.0,1,1,0.04130521936326576,0.007381184737312651,0.01587653160095215,0.005308866500854492,19,2,-0.07523|-0.00738,-0.00738,2,1
500,68,15,1,0.0,0.0,0.0,0.01244211196899414,0.004063844680786133,0.0,0.0,1,1,0.04836548405965907,0.04836548405965907,0.011209487915039062,0.002761363983154297,19,2,-0.04837,-0.04837,1,1
500,69,4,12,0.0,0.0,0.0,0.010789871215820312,0.0031576156616210938,0.0,0.0,1,1,0.022499513007732463,0.022499513007732463,0.009902000427246094,0.0024890899658203125,19,2,0.0225,0.0225,1,1
500,70,6,18,0.0,0.25,0.25,0.013716697692871094,0.0055141448974609375,0.0|0.5,0.0|0.5,2,2,0.3025225026213567,0.3025225026213567,0.009232759475708008,0.004878044128417969,19,6,-0.0679|0.53715,-0.0679|0.53715,2,2
500,71,14,4,0.0,0.0,0.0,0.009244680404663086,0.002670764923095703,0.0,0.0,1,1,0.02321679373900827,0.011392009648270609,0.00850367546081543,0.0023381710052490234,19,2,0.01139|0.03504,0.01139,2,1
500,72,10,1,0.0,0.0,0.0,0.008903026580810547,0.002825021743774414,0.0,0.0,1,1,0.01026763640844652,0.0018339186499459735,0.012586832046508789,0.0024547576904296875,19,2,-0.0187|0.00183,0.00183,2,1
500,73,19,12,0.0,0.0,0.0,0.010731697082519531,0.004053831100463867,0.0,0.0,1,1,0.02125522452908617,0.02125522452908617,0.009462833404541016,0.0036759376525878906,19,8,-0.02126,-0.02126,1,1
500,74,4,14,0.0,0.0,0.0,0.011037826538085938,0.0036242008209228516,0.0,0.0,1,1,0.003290127893086255,0.003290127893086255,0.010458230972290039,0.002815723419189453,19,2,0.00329,0.00329,1,1
500,75,15,5,0.0,0.0,0.0,0.015062332153320312,0.00321197509765625,0.0,0.0,1,1,0.019599428343241215,0.019599428343241215,0.010281085968017578,0.002635955810546875,19,2,-0.0196,-0.0196,1,1
500,76,20,2,0.0,0.0,0.0,0.011880874633789062,0.004121541976928711,0.0,0.0,1,1,0.03465173801270884,0.03465173801270884,0.010003089904785156,0.004660844802856445,19,6,-0.03465,-0.03465,1,1
500,77,9,19,0.0,0.16666666666666666,0.16666666666666666,0.009924650192260742,0.0066051483154296875,0.0|0.33333,0.0|0.33333,2,2,0.17915260251887896,0.17915260251887896,0.013560295104980469,0.00573420524597168,19,9,-0.0271|0.3312,-0.0271|0.3312,2,2
500,78,19,5,-6.661338147750939e-17,0.0,0.0,0.008768558502197266,0.005407094955444336,-0.0,-0.0,1,1,0.0030580494296511274,0.0030580494296511274,0.00901031494140625,0.005560398101806641,19,8,0.00306,0.00306,1,1
500,79,12,16,0.0,0.0,0.0,0.008840084075927734,0.0027489662170410156,0.0,0.0,1,1,0.03598847284311646,0.03598847284311646,0.009047508239746094,0.002408266067504883,19,2,0.03599,0.03599,1,1
500,80,20,5,0.0,0.0,0.0,0.01090693473815918,0.003855466842651367,0.0,0.0,1,1,0.07546515638726942,0.07546515638726942,0.008914470672607422,0.0034072399139404297,19,6,-0.07547,-0.07547,1,1
500,81,1,19,1.0,0.0,0.0,0.010139226913452148,0.004597663879394531,1.0,1.0,1,1,0.05469684535306851,0.012353567273173383,0.010575056076049805,0.004056453704833984,19,7,1.01235|1.09704,1.01235,2,1
500,82,10,5,0.0,0.16666666666666666,0.16666666666666666,0.014969825744628906,0.006093502044677734,0.0|0.33333,0.0|0.33333,2,2,0.17374369720957755,0.17374369720957755,0.01082158088684082,0.005641460418701172,19,4,-0.00796|0.33952,-0.00796|0.33952,2,2
500,83,2,19,0.0,0.0,0.0,0.012126922607421875,0.0042765140533447266,0.0,0.0,1,1,0.01049848360009434,0.00473320643991116,0.009245634078979492,0.0037124156951904297,19,8,-0.01626|0.00473,0.00473,2,1
500,84,14,16,0.0,0.0,0.0,0.009745121002197266,0.002907991409301758,0.0,0.0,1,1,0.05960528797461828,0.03324858018941618,0.01256251335144043,0.0023686885833740234,19,2,0.03325|0.08596,0.03325,2,1
500,85,12,8,0.0,0.0,0.0,0.00877833366394043,0.003477811813354492,0.0,0.0,1,1,0.03165476618615851,0.03165476618615851,0.009485960006713867,0.002427339553833008,19,2,-0.03165,-0.03165,1,1
500,86,11,10,0.0,0.0,0.0,0.010369062423706055,0.0031752586364746094,0.0,0.0,1,1,0.011546024348353038,0.011546024348353038,0.008829593658447266,0.0023794174194335938,19,2,-0.01155,-0.01155,1,1
500,87,18,9,0.0,0.0,0.0,0.016505718231201172,0.006380558013916016,0.0,0.0,1,1,0.05959790128927956,0.05959790128927956,0.010213136672973633,0.007487058639526367,19,7,0.0596,0.0596,1,1
500,88,15,4,0.0,0.0,0.0,0.009949207305908203,0.0038101673126220703,0.0,0.0,1,1,0.07328592928636801,0.07328592928636801,0.011138439178466797,0.002588510513305664,19,2,0.07329,0.07329,1,1
500,89,14,16,0.0,0.0,0.0,0.009440422058105469,0.0032083988189697266,0.0,0.0,1,1,0.02253394150462548,0.004284567546197931,0.021076202392578125,0.0025281906127929688,19,2,-0.00428|0.04078,-0.00428,2,1
500,90,3,1,0.0,0.0,0.0,0.010253667831420898,0.0036804676055908203,0.0,0.0,1,1,0.012901414640085587,0.0056657057748608335,0.010766267776489258,0.002505064010620117,19,2,-0.02134|-0.00567|0.01169,-0.00567,3,1
500,91,17,14,0.0,0.0,0.0,0.00998377799987793,0.0041027069091796875,0.0,0.0,1,1,0.03787425058208936,0.03787425058208936,0.009865760803222656,0.0034127235412597656,19,5,-0.03787,-0.03787,1,1
500,92,11,13,0.0,0.0,0.0,0.016283512115478516,0.003186941146850586,0.0,0.0,1,1,0.013892803458081915,0.013892803458081915,0.01013326644897461,0.002475738525390625,19,2,-0.01389,-0.01389,1,1
500,93,17,4,0.0,0.0,0.0,0.009932756423950195,0.003950357437133789,0.0,0.0,1,1,0.17664196387293954,0.17664196387293954,0.009404897689819336,0.003264188766479492,19,5,-0.17664,-0.17664,1,1
500,94,5,10,0.0,0.25,0.25,0.009590864181518555,0.008126258850097656,0.0|0.5,0.0|0.5,2,2,0.3213659980519088,0.3213659980519088,0.017008066177368164,0.006783962249755859,19,4,0.11896|0.52377,0.11896|0.52377,2,2
500,95,9,12,0.0,0.0,0.0,0.010922908782958984,0.0034308433532714844,0.0,0.0,1,1,0.046610018083544515,0.018756942381644492,0.011600494384765625,0.003268718719482422,19,2,0.01876|0.07446,0.01876,2,1
500,96,17,15,0.0,0.0,0.0,0.009669780731201172,0.0044863224029541016,0.0,0.0,1,1,0.16030441629759704,0.16030441629759704,0.009598970413208008,0.00406336784362793,19,5,0.1603,0.1603,1,1
500,97,11,10,0.0,0.0,0.0,0.013955116271972656,0.002799510955810547,0.0,0.0,1,1,0.04408192582565623,0.04408192582565623,0.008623600006103516,0.0021944046020507812,19,2,0.04408,0.04408,1,1
500,98,12,19,0.0,0.0,0.0,0.008489370346069336,0.0036568641662597656,0.0,0.0,1,1,0.025913533500751058,0.025913533500751058,0.008433341979980469,0.003278017044067383,19,8,0.02591,0.02591,1,1
500,99,4,15,0.0,0.0,0.0,0.00791621208190918,0.002693653106689453,0.0,0.0,1,1,0.042209031208902424,0.042209031208902424,0.01203465461730957,0.0021359920501708984,19,2,0.04221,0.04221,1,1
1000,0,19,17,-6.661338147750939e-17,0.0,0.0,0.008325338363647461,0.005628824234008789,-0.0,-0.0,1,1,0.05659596027589592,0.05659596027589592,0.008300065994262695,0.0051958560943603516,19,11,0.0566,0.0566,1,1
1000,1,2,18,0.0,0.0,0.0,0.007870197296142578,0.0034716129302978516,0.0,0.0,1,1,0.03494253674424389,0.018313505927329204,0.007964611053466797,0.0030395984649658203,19,6,-0.05157|-0.01831,-0.01831,2,1
1000,2,9,4,0.0,0.0,0.0,0.009423255920410156,0.0029735565185546875,0.0,0.0,1,1,0.0063711819580862025,0.008576934343296974,0.00925445556640625,0.002328157424926758,19,2,-0.00858|0.00417,-0.00858,2,1
1000,3,18,20,0.0,0.0,0.0,0.009000778198242188,0.00416874885559082,0.0,0.0,1,1,0.06469189328323603,0.06469189328323603,0.008469104766845703,0.0036268234252929688,19,9,0.06469,0.06469,1,1
1000,4,12,2,0.0,0.0,0.0,0.008330106735229492,0.0029103755950927734,0.0,0.0,1,1,0.01273643227626377,0.01273643227626377,0.01300191879272461,0.002321481704711914,19,2,0.01274,0.01274,1,1
1000,5,14,16,0.0,0.0,0.0,0.008770942687988281,0.0028100013732910156,0.0,0.0,1,1,0.008926771336843366,0.0006753755081965921,0.008968830108642578,0.0021932125091552734,19,2,-0.01718|-0.00068,-0.00068,2,1
1000,6,19,20,8.881784197001253e-17,0.0,0.0,0.008047342300415039,0.0038535594940185547,0.0,0.0,1,1,0.15379051518034187,0.15379051518034187,0.008138656616210938,0.003533601760864258,19,10,0.15379,0.15379,1,1
1000,7,12,17,0.0,0.0,0.0,0.00841832160949707,0.003317117691040039,0.0,0.0,1,1,0.047940759479944584,0.047940759479944584,0.008015632629394531,0.0028963088989257812,19,5,-0.04794,-0.04794,1,1
1000,8,2,14,0.0,0.0,0.0,0.008258581161499023,0.002391338348388672,0.0,0.0,1,1,0.022399656591277628,0.005363617899498665,0.0077321529388427734,0.002145528793334961,19,2,0.00536|0.03944,0.00536,2,1
1000,9,16,9,0.0,0.0,0.0,0.007993698120117188,0.002935647964477539,0.0,0.0,1,1,0.009260391830966344,0.002100483581170118,0.012445688247680664,0.0023469924926757812,19,2,0.0021|0.01642,0.0021,2,1
1000,10,20,3,0.0,0.0,0.0,0.00916910171508789,0.003684520721435547,0.0,0.0,1,1,0.10608945501399268,0.10608945501399268,0.009614944458007812,0.0030744075775146484,19,6,-0.10609,-0.10609,1,1
1000,11,20,10,0.0,0.0,0.0,0.008377790451049805,0.003660917282104492,0.0,0.0,1,1,0.061985560847074926,0.061985560847074926,0.0084075927734375,0.002959728240966797,19,6,-0.06199,-0.06199,1,1
1000,12,3,11,0.0,0.0,0.0,0.013460636138916016,0.0028226375579833984,0.0,0.0,1,1,0.05250378127968766,0.03184518022899911,0.008721351623535156,0.0022482872009277344,19,2,-0.06734|-0.05833|-0.03185,-0.03185,3,1
1000,13,14,8,0.0,0.0,0.0,0.008739948272705078,0.0025298595428466797,0.0,0.0,1,1,0.028144527388513904,0.026962593902665262,0.007928609848022461,0.00212860107421875,19,2,-0.02933|-0.02696,-0.02696,2,1
1000,14,3,2,0.0,0.0,0.0,0.008476734161376953,0.0029032230377197266,0.0,0.0,1,1,0.003249211814163287,0.0028394888461333403,0.01484370231628418,0.002187013626098633,19,2,-0.00284|0.00223|0.00468,-0.00284,3,1
1000,15,9,12,0.0,0.0,0.0,0.00831747055053711,0.002679586410522461,0.0,0.0,1,1,0.01291823021883995,0.013482358178577097,0.008520126342773438,0.002220630645751953,19,2,-0.01348|-0.01235,-0.01348,2,1
1000,16,18,14,0.0,0.0,0.0,0.007900714874267578,0.004572391510009766,0.0,0.0,1,1,0.012677395039077935,0.012677395039077935,0.007781028747558594,0.004288196563720703,19,6,-0.01268,-0.01268,1,1
1000,17,12,15,0.0,0.0,0.0,0.012585163116455078,0.0029213428497314453,0.0,0.0,1,1,0.005254702037880813,0.005254702037880813,0.008764028549194336,0.0022313594818115234,19,2,0.00525,0.00525,1,1
1000,18,4,6,0.0,0.0,0.0,0.009254217147827148,0.0028159618377685547,0.0,0.0,1,1,0.01617891676942902,0.01617891676942902,0.008223295211791992,0.0021867752075195312,19,2,0.01618,0.01618,1,1
1000,19,20,1,0.0,0.0,0.0,0.008423566818237305,0.0037488937377929688,0.0,0.0,1,1,0.036576337155039475,0.036576337155039475,0.012766599655151367,0.002979755401611328,19,6,0.03658,0.03658,1,1
1000,20,6,9,0.0,0.0,0.0,0.008634805679321289,0.003180980682373047,0.0,0.0,1,1,0.011756940491415454,0.01699217416182989,0.009014129638671875,0.0023119449615478516,19,2,-0.01699|-0.00652,-0.01699,2,1
1000,21,19,12,0.0,0.0,0.0,0.008733749389648438,0.006330728530883789,0.0,0.0,1,1,0.09182897992186273,0.09182897992186273,0.008564233779907227,0.012145519256591797,19,8,-0.09183,-0.09183,1,1
1000,22,4,17,0.0,0.0,0.0,0.01667308807373047,0.004316091537475586,0.0,0.0,1,1,0.027031070879881852,0.027031070879881852,0.01288747787475586,0.0036695003509521484,19,5,-0.02703,-0.02703,1,1
1000,23,1,4,0.0,0.0,0.0,0.010725259780883789,0.003199338912963867,0.0,0.0,1,1,0.007799344647341739,0.005407076784666618,0.010197162628173828,0.0029840469360351562,19,2,-0.01019|-0.00541,-0.00541,2,1
1000,24,20,14,0.0,0.0,0.0,0.00992894172668457,0.004786014556884766,0.0,0.0,1,1,0.022911731599569406,0.022911731599569406,0.015263080596923828,0.004172563552856445,19,6,-0.02291,-0.02291,1,1
1000,25,14,20,0.0,0.0,0.0,0.011782407760620117,0.004689455032348633,0.0,0.0,1,1,0.023403733661253708,0.01864526753338359,0.010920286178588867,0.004263162612915039,19,6,-0.02816|-0.01865,-0.01865,2,1
1000,26,8,11,0.0,0.0,0.0,0.011887073516845703,0.0034961700439453125,0.0,0.0,1,1,0.010960871874985005,0.002725726737584385,0.01017141342163086,0.0027070045471191406,19,2,0.00273|0.005|0.00517|0.03094,0.00273,4,1
1000,27,4,3,0.0,0.0,0.0,0.014374971389770508,0.0033004283905029297,0.0,0.0,1,1,0.006180548357348582,0.006180548357348582,0.010431766510009766,0.002506732940673828,19,2,0.00618,0.00618,1,1
1000,28,9,16,0.0,0.0,0.0,0.009986162185668945,0.002946615219116211,0.0,0.0,1,1,0.009750733760979721,0.006741384697234497,0.008989334106445312,0.002455472946166992,19,2,-0.01276|-0.00674,-0.00674,2,1
1000,29,9,4,0.0,0.0,0.0,0.008973121643066406,0.002973794937133789,0.0,0.0,1,1,0.02945536239101894,0.011756941876617803,0.01307368278503418,0.002881765365600586,19,2,0.01176|0.04715,0.01176,2,1
1000,30,14,20,0.0,0.0,0.0,0.012447834014892578,0.004235982894897461,0.0,0.0,1,1,0.025345826878615713,0.006191422104354025,0.010169029235839844,0.003965139389038086,19,6,-0.0445|-0.00619,-0.00619,2,1
1000,31,16,18,0.0,0.0,0.0,0.009762048721313477,0.0040340423583984375,0.0,0.0,1,1,0.01005454857335289,0.00848358478462524,0.009748220443725586,0.0038225650787353516,19,6,-0.00848|0.01163,-0.00848,2,1
1000,32,8,18,0.0,0.375,0.25,0.014195919036865234,0.006335258483886719,0.0|0.5,0.0|0.5,2,2,0.4495690672723227,0.31576871116559685,0.009848356246948242,0.005595684051513672,19,6,0.11328|0.51826|0.58107|0.58567,0.11328|0.51826,4,2
1000,33,8,17,0.0,0.375,0.25,0.009158134460449219,0.006495952606201172,0.0|0.5,0.0|0.5,2,2,0.3884047268101282,0.28900684989034875,0.010096311569213867,0.004878044128417969,19,6,0.07993|0.48733|0.48827|0.49809,0.07993|0.49809,4,2
1000,34,18,11,0.0,0.0,0.0,0.014493465423583984,0.003705739974975586,0.0,0.0,1,1,0.026885359502661372,0.026885359502661372,0.009029150009155273,0.003427267074584961,19,6,-0.02689,-0.02689,1,1
1000,35,20,3,0.0,0.0,0.0,0.009293556213378906,0.0034804344177246094,0.0,0.0,1,1,0.037084795012060134,0.037084795012060134,0.008979082107543945,0.003203868865966797,19,6,-0.03708,-0.03708,1,1
1000,36,2,4,0.0,0.0,0.0,0.009809017181396484,0.002838134765625,0.0,0.0,1,1,0.03686749187929002,0.024688645448374263,0.013164520263671875,0.0024051666259765625,19,2,-0.04905|-0.02469,-0.02469,2,1
1000,37,14,5,0.0,0.0,0.0,0.01143503189086914,0.0038709640502929688,0.0,0.0,1,1,0.02329840774026174,0.004811788221811925,0.012581825256347656,0.0029039382934570312,19,2,0.00481|0.04179,0.00481,2,1
1000,38,3,12,0.0,0.0,0.0,0.012601852416992188,0.003504514694213867,0.0,0.0,1,1,0.05470709799755622,0.0347068496033244,0.011044979095458984,0.0026781558990478516,19,2,0.03471|0.06151|0.0679,0.03471,3,1
1000,39,17,9,0.0,0.0,0.0,0.014373064041137695,0.0060214996337890625,0.0,0.0,1,1,0.08417539983396258,0.08417539983396258,0.009789228439331055,0.00565791130065918,19,7,-0.08418,-0.08418,1,1
1000,40,8,5,0.0,0.375,0.25,0.009630203247070312,0.004864931106567383,0.0|0.5,0.0|0.5,2,2,0.4117777375745175,0.29317100527036327,0.009076356887817383,0.0045490264892578125,19,3,0.07879|0.50755|0.52974|0.53103,0.07879|0.50755,4,2
1000,41,14,20,0.0,0.0,0.0,0.008809566497802734,0.004290580749511719,0.0,0.0,1,1,0.012013553015862865,0.015742104368644157,0.01820063591003418,0.003659963607788086,19,6,0.00829|0.01574,0.01574,2,1
1000,42,1,2,0.0,0.0,0.0,0.010058879852294922,0.003805875778198242,0.0,0.0,1,1,0.04377901308758431,0.021829941664857352,0.01289057731628418,0.0027379989624023438,19,2,0.02183|0.06573,0.02183,2,1
1000,43,3,9,1.0,0.3333333333333333,0.5,0.011493921279907227,0.005880832672119141,0.0|1.0,0.0|1.0,2,2,0.38649884994393086,0.5782524963419138,0.010524272918701172,0.005074977874755859,19,3,-0.14904|1.00299|1.00747,-0.14904|1.00747,3,2
1000,44,20,2,0.0,0.0,0.0,0.013348579406738281,0.004537105560302734,0.0,0.0,1,1,0.002067196249456012,0.002067196249456012,0.010340690612792969,0.003574371337890625,19,6,-0.00207,-0.00207,1,1
1000,45,19,16,0.0,0.0,0.0,0.009715795516967773,0.004423618316650391,0.0,0.0,1,1,0.00508327602123703,0.00508327602123703,0.010356903076171875,0.003724813461303711,19,8,-0.00508,-0.00508,1,1
1000,46,16,13,0.0,0.0,0.0,0.013396739959716797,0.0029096603393554688,0.0,0.0,1,1,0.022591510853282044,0.008230899046006782,0.011199474334716797,0.0023910999298095703,19,2,0.00823|0.03695,0.00823,2,1
1000,47,3,11,0.0,0.0,0.0,0.00919485092163086,0.002717733383178711,0.0,0.0,1,1,0.01799569677860745,0.002764305170600881,0.009229421615600586,0.004329681396484375,19,2,0.00276|0.00934|0.04188,0.00276,3,1
1000,48,2,19,0.0,0.0,0.0,0.009139299392700195,0.004038810729980469,0.0,0.0,1,1,0.058016394316796754,0.04833606079342899,0.011204957962036133,0.003941535949707031,19,8,-0.0677|-0.04834,-0.04834,2,1
1000,49,1,19,1.0,0.0,0.0,0.012335777282714844,0.004542112350463867,1.0,1.0,1,1,0.02162031718751828,0.017372976104959026,0.010867118835449219,0.0041806697845458984,19,7,0.97413|1.01737,1.01737,2,1
1000,50,2,13,0.0,0.0,0.0,0.011672019958496094,0.003226041793823242,0.0,0.0,1,1,0.021469243189463295,0.013862503376781746,0.01345372200012207,0.0025103092193603516,19,2,-0.02908|0.01386,0.01386,2,1
1000,51,18,8,0.0,0.0,0.0,0.011885881423950195,0.005976200103759766,0.0,0.0,1,1,0.0012079181045397695,0.0012079181045397695,0.01649951934814453,0.005194902420043945,19,6,-0.00121,-0.00121,1,1
1000,52,3,16,0.0,0.0,0.0,0.009238004684448242,0.00273895263671875,0.0,0.0,1,1,0.04608199002222394,0.030607774761436293,0.00914764404296875,0.0023698806762695312,19,2,0.03061|0.04722|0.06042,0.03061,3,1
1000,53,3,1,0.0,0.0,0.0,0.009373188018798828,0.002740621566772461,0.0,0.0,1,1,0.040724488789098005,0.025566074171518342,0.00877237319946289,0.0023996829986572266,19,2,-0.07035|-0.02625|-0.02557,-0.02557,3,1
1000,54,5,11,0.0,0.0,0.0,0.009366035461425781,0.003900289535522461,0.0,0.0,1,1,0.02912074767470125,0.020324406344542516,0.009114980697631836,0.003251791000366211,19,2,0.02032|0.03792,0.02032,2,1
1000,55,15,2,0.0,0.0,0.0,0.010882377624511719,0.0032944679260253906,0.0,0.0,1,1,0.053778375846833176,0.053778375846833176,0.011980056762695312,0.002931356430053711,19,2,-0.05378,-0.05378,1,1
1000,56,14,3,0.0,0.0,0.0,0.012180805206298828,0.003675222396850586,0.0,0.0,1,1,0.024944801265617038,0.007783979570779072,0.01836419105529785,0.0029146671295166016,19,2,0.00778|0.04211,0.00778,2,1
1000,57,1,9,0.0,0.0,0.0,0.012163877487182617,0.003607034683227539,0.0,0.0,1,1,0.048578651949436405,0.033007805771317345,0.013431787490844727,0.0027332305908203125,19,2,0.03301|0.06415,0.03301,2,1
1000,58,19,3,-6.661338147750939e-17,0.0,0.0,0.010480403900146484,0.0041656494140625,-0.0,-0.0,1,1,0.002473305731333513,0.002473305731333513,0.00877237319946289,0.003650188446044922,19,7,0.00247,0.00247,1,1
1000,59,1,3,0.0,0.0,0.0,0.010177850723266602,0.0028247833251953125,0.0,0.0,1,1,0.009325788229788228,0.001637761579860439,0.008856058120727539,0.0025789737701416016,19,2,-0.01701|-0.00164,-0.00164,2,1
1000,60,8,15,0.0,0.0,0.0,0.00964045524597168,0.0047283172607421875,0.0,0.0,1,1,0.012489261357007926,0.0035515470074619286,0.00890350341796875,0.002520322799682617,19,2,-0.02575|-0.0127|-0.00795|-0.00355,-0.00355,4,1
1000,61,16,10,0.0,0.0,0.0,0.01268625259399414,0.003318309783935547,0.0,0.0,1,1,0.027848130321590805,0.03013467688229656,0.020517826080322266,0.0032100677490234375,19,2,0.02556|0.03013,0.03013,2,1
1000,62,12,14,0.0,0.0,0.0,0.010257482528686523,0.0032510757446289062,0.0,0.0,1,1,0.016478898884948426,0.016478898884948426,0.011336088180541992,0.0027811527252197266,19,2,-0.01648,-0.01648,1,1
1000,63,11,9,0.0,0.0,0.0,0.010132312774658203,0.0035071372985839844,0.0,0.0,1,1,0.07392601351826629,0.07392601351826629,0.010411500930786133,0.0025146007537841797,19,2,-0.07393,-0.07393,1,1
1000,64,16,6,0.0,0.0,0.0,0.01554417610168457,0.0028989315032958984,0.0,0.0,1,1,0.005076121087758045,0.00673433847604279,0.009272575378417969,0.0023832321166992188,19,2,-0.00673|-0.00342,-0.00673,2,1
1000,65,5,12,0.0,0.0,0.0,0.010564804077148438,0.0028769969940185547,0.0,0.0,1,1,0.014428644037125533,0.011189702050095228,0.008966445922851562,0.002505064010620117,19,2,-0.01767|-0.01119,-0.01119,2,1
1000,66,20,14,0.0,0.0,0.0,0.008814096450805664,0.00502467155456543,0.0,0.0,1,1,0.03385328645700359,0.03385328645700359,0.012989997863769531,0.0055925846099853516,19,6,-0.03385,-0.03385,1,1
1000,67,4,2,0.0,0.0,0.0,0.013677358627319336,0.003294229507446289,0.0,0.0,1,1,0.029282040945564126,0.029282040945564126,0.01167917251586914,0.003063678741455078,19,2,0.02928,0.02928,1,1
1000,68,1,19,1.0,0.0,0.0,0.009657621383666992,0.00560450553894043,1.0,1.0,1,1,0.014929012894347227,0.01407495116413715,0.012326717376708984,0.005569934844970703,19,7,0.98593|1.01578,0.98593,2,1
1000,69,8,6,0.0,0.0,0.0,0.0164034366607666,0.0031943321228027344,0.0,0.0,1,1,0.008416164778525241,0.0008176070533507714,0.011841535568237305,0.00247955322265625,19,2,-0.01737|-0.00873|0.00082|0.00675,0.00082,4,1
1000,70,18,2,0.0,0.0,0.0,0.01002049446105957,0.003912448883056641,0.0,0.0,1,1,0.008842221009625834,0.008842221009625834,0.010887622833251953,0.003416776657104492,19,6,0.00884,0.00884,1,1
1000,71,1,14,0.0,0.0,0.0,0.008924722671508789,0.005247592926025391,0.0,0.0,1,1,0.00850677960481078,0.0016300431979934472,0.01474905014038086,0.0023987293243408203,19,2,-0.01538|-0.00163,-0.00163,2,1
1000,72,20,2,0.0,0.0,0.0,0.00923013687133789,0.004117488861083984,0.0,0.0,1,1,0.04705296399380739,0.04705296399380739,0.010911226272583008,0.004839181900024414,19,6,-0.04705,-0.04705,1,1
1000,73,12,11,0.0,0.0,0.0,0.010806798934936523,0.003275156021118164,0.0,0.0,1,1,0.01587545496009525,0.01587545496009525,0.010658502578735352,0.0025184154510498047,19,2,-0.01588,-0.01588,1,1
1000,74,11,15,0.0,0.0,0.0,0.01740550994873047,0.003421783447265625,0.0,0.0,1,1,0.047775463294006414,0.047775463294006414,0.010983943939208984,0.002819538116455078,19,2,-0.04778,-0.04778,1,1
1000,75,12,8,0.0,0.0,0.0,0.013146638870239258,0.003150463104248047,0.0,0.0,1,1,0.04365180044574989,0.04365180044574989,0.010186433792114258,0.0024487972259521484,19,2,0.04365,0.04365,1,1
1000,76,11,6,0.0,0.0,0.0,0.010922431945800781,0.007115364074707031,0.0,0.0,1,1,0.00424567556589177,0.00424567556589177,0.008919715881347656,0.004258632659912109,19,2,-0.00425,-0.00425,1,1
1000,77,9,12,0.0,0.0,0.0,0.009276866912841797,0.0027387142181396484,0.0,0.0,1,1,0.005060954015803929,0.0025838004864175454,0.008972883224487305,0.002458810806274414,19,2,-0.00754|0.00258,0.00258,2,1
1000,78,9,3,0.0,0.16666666666666666,0.16666666666666666,0.00903463363647461,0.0048139095306396484,0.0|0.33333,0.0|0.33333,2,2,0.1901944974344412,0.1901944974344412,0.010909795761108398,0.004688739776611328,19,3,0.0494|0.33098,0.0494|0.33098,2,2
1000,79,1,12,0.0,0.0,0.0,0.018899917602539062,0.0033228397369384766,0.0,0.0,1,1,0.03711073855334917,0.017202964200038723,0.013017654418945312,0.004869222640991211,19,2,-0.05702|-0.0172,-0.0172,2,1
1000,80,16,8,0.0,0.0,0.0,0.010819435119628906,0.0032088756561279297,0.0,0.0,1,1,0.02770608585397792,0.010101691873638567,0.010010242462158203,0.0029425621032714844,19,2,0.0101|0.04531,0.0101,2,1
1000,81,2,17,1.0,0.5,0.5,0.011480331420898438,0.011944293975830078,0.0|1.0,0.0|1.0,2,2,0.4960867093084305,0.4960867093084305,0.011422872543334961,0.0056726932525634766,19,5,0.02791|0.97991,0.02791|0.97991,2,2
1000,82,10,5,0.0,0.16666666666666666,0.16666666666666666,0.009045600891113281,0.005379438400268555,0.0|0.33333,0.0|0.33333,2,2,0.18476055285549928,0.18476055285549928,0.009268760681152344,0.004780769348144531,19,4,0.03095|0.33857,0.03095|0.33857,2,2
1000,83,5,8,0.0,0.25,0.25,0.009188652038574219,0.005345582962036133,0.0|0.5,0.0|0.5,2,2,0.2827635650643993,0.2827635650643993,0.00949406623840332,0.004488229751586914,19,3,0.0675|0.49802,0.0675|0.49802,2,2
1000,84,5,6,0.0,0.0,0.0,0.00941157341003418,0.004050254821777344,0.0,0.0,1,1,0.05160528295193076,0.020262473152434325,0.011988401412963867,0.0027284622192382812,19,2,-0.08295|-0.02026,-0.02026,2,1
1000,85,16,13,0.0,0.0,0.0,0.011861085891723633,0.0032193660736083984,0.0,0.0,1,1,0.016292254895968805,0.006494614404910537,0.010767459869384766,0.002773761749267578,19,2,0.00649|0.02609,0.00649,2,1
1000,86,9,16,0.0,0.0,0.0,0.015061378479003906,0.0039288997650146484,0.0,0.0,1,1,0.0036842082867175646,0.001127497159999549,0.01719832420349121,0.003991842269897461,19,2,-0.00624|-0.00113,-0.00113,2,1
1000,87,5,12,0.0,0.0,0.0,0.010607719421386719,0.0029633045196533203,0.0,0.0,1,1,0.009427013847548061,0.005908794299747804,0.009824514389038086,0.004698514938354492,19,2,0.00591|0.01295,0.00591,2,1
1000,88,5,15,0.0,0.0,0.0,0.009110450744628906,0.003144979476928711,0.0,0.0,1,1,0.026732625608214877,0.019530504390514496,0.008914470672607422,0.002407073974609375,19,2,-0.03393|-0.01953,-0.01953,2,1
1000,89,13,20,0.0,0.0,0.0,0.010697603225708008,0.0036897659301757812,0.0,0.0,1,1,0.023780405416309297,0.024120687716072373,0.009166479110717773,0.0034775733947753906,19,6,-0.02412|-0.02344,-0.02412,2,1
1000,90,3,2,0.0,0.0,0.0,0.009314775466918945,0.0029649734497070312,0.0,0.0,1,1,0.007431644364741363,0.0008760852711783913,0.012088537216186523,0.002397298812866211,19,2,-0.01419|0.00088|0.00723,0.00088,3,1
1000,91,6,15,0.0,0.0,0.0,0.009647130966186523,0.004175662994384766,0.0,0.0,1,1,0.038196761397013564,0.011416655002387682,0.01745772361755371,0.003946542739868164,19,2,-0.06498|-0.01142,-0.01142,2,1
1000,92,16,9,0.0,0.0,0.0,0.012660503387451172,0.004060029983520508,0.0,0.0,1,1,0.02181451925347772,0.011812096334050906,0.013515710830688477,0.0026476383209228516,19,2,0.01181|0.03182,0.01181,2,1
1000,93,11,2,0.0,0.0,0.0,0.01043701171875,0.0032949447631835938,0.0,0.0,1,1,0.008888427576256701,0.008888427576256701,0.009920120239257812,0.002704143524169922,19,2,0.00889,0.00889,1,1
1000,94,2,4,0.0,0.0,0.0,0.013202667236328125,0.003054380416870117,0.0,0.0,1,1,0.07114046656709866,0.050103461722815316,0.009167909622192383,0.002544403076171875,19,2,0.0501|0.09218,0.0501,2,1
1000,95,3,17,1.0,0.3333333333333333,0.5,0.011122941970825195,0.0053479671478271484,0.0|1.0,0.0|1.0,2,2,0.335246143870694,0.4796029687493934,0.009706735610961914,0.005144596099853516,19,5,0.05984|1.01905|1.04653,0.05984|1.01905,3,2
1000,96,12,4,0.0,0.0,0.0,0.009448528289794922,0.003669261932373047,0.0,0.0,1,1,0.0012275283900739732,0.0012275283900739732,0.018672704696655273,0.0025482177734375,19,2,0.00123,0.00123,1,1
1000,97,10,13,0.0,0.0,0.0,0.010787487030029297,0.0032639503479003906,0.0,0.0,1,1,0.009035999959322768,0.0043567665239992795,0.011611461639404297,0.0026187896728515625,19,2,0.00436|0.01372,0.00436,2,1
1000,98,18,10,0.0,0.0,0.0,0.010399103164672852,0.006276130676269531,0.0,0.0,1,1,0.00881655694803993,0.00881655694803993,0.009673357009887695,0.005662679672241211,19,7,0.00882,0.00882,1,1
1000,99,13,1,0.0,0.0,0.0,0.010856866836547852,0.0030710697174072266,0.0,0.0,1,1,0.0011524983608668402,9.136615618200338e-05,0.010117053985595703,0.0026013851165771484,19,2,-9e-05|0.00221,-9e-05,2,1
2500,0,14,5,0.0,0.0,0.0,0.012546777725219727,0.002859354019165039,0.0,0.0,1,1,0.008288144034452842,0.006312924662980595,0.009548664093017578,0.0024123191833496094,19,2,0.00631|0.01026,0.00631,2,1
2500,1,10,14,0.0,0.0,0.0,0.00960993766784668,0.002957582473754883,0.0,0.0,1,1,0.005667238703375963,0.0009630175320353785,0.01522374153137207,0.0024149417877197266,19,2,-0.00096|0.01037,-0.00096,2,1
2500,2,11,12,0.0,0.0,0.0,0.01023554801940918,0.00269317626953125,0.0,0.0,1,1,0.02776836244009984,0.02776836244009984,0.009293794631958008,0.0023946762084960938,19,2,-0.02777,-0.02777,1,1
2500,3,12,5,0.0,0.0,0.0,0.009920835494995117,0.003713369369506836,0.0,0.0,1,1,0.01775845864770721,0.01775845864770721,0.010387897491455078,0.0027883052825927734,19,2,0.01776,0.01776,1,1
2500,4,17,3,0.0,0.0,0.0,0.018964290618896484,0.005693912506103516,0.0,0.0,1,1,0.023303802638574584,0.023303802638574584,0.010325193405151367,0.005456686019897461,19,5,-0.0233,-0.0233,1,1
2500,5,11,6,0.0,0.0,0.0,0.010517358779907227,0.003487825393676758,0.0,0.0,1,1,0.008010217559928217,0.008010217559928217,0.00950002670288086,0.002550363540649414,19,2,0.00801,0.00801,1,1
2500,6,5,2,0.0,0.0,0.0,0.00971078872680664,0.0031859874725341797,0.0,0.0,1,1,0.0017722875854013307,0.00040110712373539795,0.015315771102905273,0.0024182796478271484,19,2,-0.0004|0.00314,-0.0004,2,1
2500,7,3,12,0.0,0.0,0.0,0.012198209762573242,0.002959728240966797,0.0,0.0,1,1,0.023134392681332976,0.010997068367974152,0.009424924850463867,0.002422332763671875,19,2,0.011|0.02508|0.03332,0.011,3,1
2500,8,19,8,-6.661338147750939e-17,0.0,0.0,0.008832931518554688,0.0072612762451171875,-0.0,-0.0,1,1,0.00023995496983117933,0.00023995496983117933,0.009072065353393555,0.005340099334716797,19,8,0.00024,0.00024,1,1
2500,9,5,12,0.0,0.0,0.0,0.012983560562133789,0.0032930374145507812,0.0,0.0,1,1,0.005021216739644894,0.0046582329537333085,0.011382341384887695,0.0027060508728027344,19,2,0.00466|0.00538,0.00466,2,1
2500,10,20,17,0.0,0.0,0.0,0.04004836082458496,0.004584312438964844,0.0,0.0,1,1,0.0019603915689276334,0.0019603915689276334,0.010143518447875977,0.00391387939453125,19,8,0.00196,0.00196,1,1
2500,11,16,6,0.0,0.0,0.0,0.009701251983642578,0.003152132034301758,0.0,0.0,1,1,0.008609765976446356,0.0038633466700977405,0.015198945999145508,0.002477884292602539,19,2,0.00386|0.01336,0.00386,2,1
2500,12,8,11,0.0,0.0,0.0,0.009466886520385742,0.002801656723022461,0.0,0.0,1,1,0.0033532016635240895,0.0008548880907807209,0.010007143020629883,0.0024242401123046875,19,2,-0.00164|0.00085|0.00225|0.00867,0.00085,4,1
2500,13,12,14,0.0,0.0,0.0,0.008702993392944336,0.002685546875,0.0,0.0,1,1,0.004454448261821458,0.004454448261821458,0.01121377944946289,0.003952741622924805,19,2,-0.00445,-0.00445,1,1
2500,14,11,6,0.0,0.0,0.0,0.016745805740356445,0.0033392906188964844,0.0,0.0,1,1,0.019259548181603508,0.019259548181603508,0.012346267700195312,0.002607583999633789,19,2,0.01926,0.01926,1,1
2500,15,20,1,0.0,0.0,0.0,0.010907649993896484,0.004143238067626953,0.0,0.0,1,1,0.015883737704028202,0.015883737704028202,0.012507438659667969,0.003490924835205078,19,6,-0.01588,-0.01588,1,1
2500,16,10,1,0.0,0.0,0.0,0.010833263397216797,0.0032532215118408203,0.0,0.0,1,1,0.0026329641890196717,0.004192866817009332,0.0179750919342041,0.0031507015228271484,19,2,-0.00419|-0.00107,-0.00419,2,1
2500,17,20,9,0.0,0.0,0.0,0.013383865356445312,0.004111766815185547,0.0,0.0,1,1,0.00786403138264703,0.00786403138264703,0.00993490219116211,0.003443002700805664,19,6,0.00786,0.00786,1,1
2500,18,14,8,0.0,0.0,0.0,0.009985923767089844,0.003035306930541992,0.0,0.0,1,1,0.011124177345554901,0.005610446257114667,0.009383916854858398,0.002454519271850586,19,2,-0.00561|0.01664,-0.00561,2,1
2500,19,5,8,0.0,0.25,0.25,0.015523195266723633,0.0049474239349365234,0.0|0.5,0.0|0.5,2,2,0.26343623356871737,0.26343623356871737,0.009126663208007812,0.004641532897949219,19,3,-0.02325|0.50362,-0.02325|0.50362,2,2
2500,20,9,17,0.0,0.16666666666666666,0.16666666666666666,0.012029409408569336,0.0052585601806640625,0.0|0.33333,0.0|0.33333,2,2,0.1671574756036552,0.1671574756036552,0.008824825286865234,0.006871461868286133,19,7,0.00028|0.33403,0.00028|0.33403,2,2
2500,21,18,12,0.0,0.0,0.0,0.010980844497680664,0.0042722225189208984,0.0,0.0,1,1,0.02185445411387179,0.02185445411387179,0.016313791275024414,0.003816366195678711,19,6,-0.02185,-0.02185,1,1
2500,22,15,12,0.0,0.0,0.0,0.010521173477172852,0.0032057762145996094,0.0,0.0,1,1,0.007350272671094012,0.007350272671094012,0.011143207550048828,0.0024237632751464844,19,2,-0.00735,-0.00735,1,1
2500,23,12,9,0.0,0.0,0.0,0.00930166244506836,0.0033423900604248047,0.0,0.0,1,1,0.020650232284927537,0.020650232284927537,0.010376453399658203,0.0024530887603759766,19,2,-0.02065,-0.02065,1,1
2500,24,14,8,0.0,0.0,0.0,0.010538578033447266,0.0029535293579101562,0.0,0.0,1,1,0.004855209182462988,0.00013479877626010805,0.00946044921875,0.0024480819702148438,19,2,-0.00958|0.00013,0.00013,2,1
2500,25,9,4,0.0,0.0,0.0,0.010068178176879883,0.002795696258544922,0.0,0.0,1,1,0.001976385073128045,0.0033058837610313425,0.01010751724243164,0.0024280548095703125,19,2,0.00065|0.00331,0.00331,2,1
2500,26,6,10,0.0,0.0,0.0,0.009014368057250977,0.003145456314086914,0.0,0.0,1,1,0.005223391065359339,0.000871046026665079,0.01835036277770996,0.0025360584259033203,19,2,-0.00958|-0.00087,-0.00087,2,1
2500,27,1,14,0.0,0.0,0.0,0.012614011764526367,0.004596233367919922,0.0,0.0,1,1,0.05841051902105391,0.031235244250547353,0.011958122253417969,0.002971649169921875,19,2,-0.08559|-0.03124,-0.03124,2,1
2500,28,11,18,0.0,0.0,0.0,0.01114654541015625,0.004373073577880859,0.0,0.0,1,1,0.009492572028599756,0.009492572028599756,0.011211633682250977,0.004129886627197266,19,6,0.00949,0.00949,1,1
2500,29,12,17,0.0,0.0,0.0,0.019365787506103516,0.0046274662017822266,0.0,0.0,1,1,0.006069309838544868,0.006069309838544868,0.010411500930786133,0.003699779510498047,19,5,-0.00607,-0.00607,1,1
2500,30,10,20,0.0,0.0,0.0,0.010151147842407227,0.003649473190307617,0.0,0.0,1,1,0.00675654263825822,0.0019099138334592752,0.008810281753540039,0.0032150745391845703,19,6,-0.00191|0.0116,-0.00191,2,1
2500,31,19,5,-6.661338147750939e-17,0.0,0.0,0.008753538131713867,0.005941152572631836,-0.0,-0.0,1,1,0.011902820631843433,0.011902820631843433,0.014538049697875977,0.005510807037353516,19,8,-0.0119,-0.0119,1,1
2500,32,15,1,0.0,0.0,0.0,0.010148048400878906,0.002873659133911133,0.0,0.0,1,1,0.001581240631813394,0.001581240631813394,0.009196043014526367,0.00238037109375,19,2,-0.00158,-0.00158,1,1
2500,33,4,3,0.0,0.0,0.0,0.008820295333862305,0.0026214122772216797,0.0,0.0,1,1,0.030254129271136975,0.030254129271136975,0.008713960647583008,0.0023598670959472656,19,2,-0.03025,-0.03025,1,1
2500,34,2,6,0.0,0.0,0.0,0.010455131530761719,0.0032300949096679688,0.0,0.0,1,1,0.012772222837785598,0.011329829814383833,0.009897470474243164,0.0029180049896240234,19,2,0.01133|0.01421,0.01133,2,1
2500,35,5,6,0.0,0.0,0.0,0.010092973709106445,0.0032482147216796875,0.0,0.0,1,1,0.0032496795206196135,0.006267545213664079,0.009473562240600586,0.002416372299194336,19,2,0.00023|0.00627,0.00627,2,1
2500,36,3,16,0.0,0.0,0.0,0.011255025863647461,0.0035834312438964844,0.0,0.0,1,1,0.013968871945152702,0.003346203648684901,0.0169222354888916,0.0026645660400390625,19,2,-0.02483|-0.01373|-0.00335,-0.00335,3,1
2500,37,20,17,0.0,0.0,0.0,0.010129928588867188,0.0040242671966552734,0.0,0.0,1,1,0.01893975654800832,0.01893975654800832,0.009346961975097656,0.003549337387084961,19,8,-0.01894,-0.01894,1,1
2500,38,5,10,0.0,0.25,0.25,0.008797407150268555,0.0048885345458984375,0.0|0.5,0.0|0.5,2,2,0.2552685490218157,0.2552685490218157,0.008625507354736328,0.013035297393798828,19,4,0.01886|0.49168,0.01886|0.49168,2,2
2500,39,16,9,0.0,0.0,0.0,0.010975122451782227,0.0028362274169921875,0.0,0.0,1,1,0.0010741806280903509,0.00033773520948221036,0.009363651275634766,0.002901792526245117,19,2,-0.00181|0.00034,0.00034,2,1
2500,40,5,6,0.0,0.0,0.0,0.01136636734008789,0.003409862518310547,0.0,0.0,1,1,0.021988761041025567,0.008393149866921277,0.011811017990112305,0.0025115013122558594,19,2,0.00839|0.03558,0.00839,2,1
2500,41,5,8,0.0,0.25,0.25,0.0179288387298584,0.006432294845581055,0.0|0.5,0.0|0.5,2,2,0.286785183840204,0.286785183840204,0.010134696960449219,0.005501747131347656,19,3,-0.0814|0.49217,-0.0814|0.49217,2,2
2500,42,9,17,0.0,0.16666666666666666,0.16666666666666666,0.01085805892944336,0.006233930587768555,0.0|0.33333,0.0|0.33333,2,2,0.18945568967614285,0.18945568967614285,0.01244497299194336,0.005154132843017578,19,7,-0.05123|0.32768,-0.05123|0.32768,2,2
2500,43,10,5,0.0,0.16666666666666666,0.16666666666666666,0.00882101058959961,0.005576610565185547,0.0|0.33333,0.0|0.33333,2,2,0.1818723654560921,0.1818723654560921,0.01647162437438965,0.00556635856628418,19,4,0.02182|0.34193,0.02182|0.34193,2,2
2500,44,6,13,0.0,0.0,0.0,0.009301900863647461,0.0029354095458984375,0.0,0.0,1,1,0.007578457049683792,0.009296686667226162,0.009210586547851562,0.002417325973510742,19,2,0.00586|0.0093,0.0093,2,1
2500,45,6,16,0.0,0.0,0.0,0.009225130081176758,0.002711772918701172,0.0,0.0,1,1,0.01846546692988062,0.001972131570001588,0.008639812469482422,0.002759218215942383,19,2,0.00197|0.03496,0.00197,2,1
2500,46,13,15,0.0,0.0,0.0,0.010370969772338867,0.0038297176361083984,0.0,0.0,1,1,0.006552688707810146,0.002884187590718604,0.010080337524414062,0.00299835205078125,19,2,-0.01022|-0.00288,-0.00288,2,1
2500,47,8,11,0.0,0.0,0.0,0.010871410369873047,0.00368499755859375,0.0,0.0,1,1,0.005014008194059686,0.004356485736127826,0.009906291961669922,0.0025293827056884766,19,2,-0.00761|-0.00645|-0.00436|-0.00164,-0.00436,4,1
2500,48,18,12,0.0,0.0,0.0,0.010271072387695312,0.0041806697845458984,0.0,0.0,1,1,0.017947175258165665,0.017947175258165665,0.017645597457885742,0.0034189224243164062,19,6,-0.01795,-0.01795,1,1
2500,49,6,17,0.0,0.0,0.0,0.009369134902954102,0.0035314559936523438,0.0,0.0,1,1,0.006801172997827641,0.0048459393692146255,0.009273529052734375,0.00330352783203125,19,5,-0.00876|-0.00485,-0.00485,2,1
2500,50,2,11,0.0,0.0,0.0,0.009327173233032227,0.002752542495727539,0.0,0.0,1,1,0.007458930056943829,0.003570181815782623,0.008749246597290039,0.0024857521057128906,19,2,-0.01135|-0.00357,-0.00357,2,1
2500,51,14,1,0.0,0.0,0.0,0.014264822006225586,0.0034651756286621094,0.0,0.0,1,1,0.02066836205841304,0.011654032418603652,0.010483264923095703,0.002534627914428711,19,2,0.01165|0.02968,0.01165,2,1
2500,52,17,15,0.0,0.0,0.0,0.011020421981811523,0.0041599273681640625,0.0,0.0,1,1,0.04031408414689238,0.04031408414689238,0.012722492218017578,0.003369569778442383,19,5,-0.04031,-0.04031,1,1
2500,53,10,3,0.0,0.16666666666666666,0.16666666666666666,0.011003732681274414,0.007140159606933594,0.0|0.33333,0.0|0.33333,2,2,0.18553283501292356,0.18553283501292356,0.022005081176757812,0.005885124206542969,19,3,-0.0424|0.32866,-0.0424|0.32866,2,2
2500,54,2,13,0.0,0.0,0.0,0.010504722595214844,0.003257274627685547,0.0,0.0,1,1,0.008102389301841713,0.0011730581972002271,0.010523557662963867,0.0024232864379882812,19,2,-0.01503|0.00117,0.00117,2,1
2500,55,3,11,0.0,0.0,0.0,0.009507417678833008,0.0035822391510009766,0.0,0.0,1,1,0.01980545909851965,0.00827498161430056,0.009138107299804688,0.0024263858795166016,19,2,0.00827|0.01794|0.0332,0.00827,3,1
2500,56,4,2,0.0,0.0,0.0,0.013464927673339844,0.002939462661743164,0.0,0.0,1,1,0.013984914486949362,0.013984914486949362,0.00928044319152832,0.0024747848510742188,19,2,0.01398,0.01398,1,1
2500,57,13,16,0.0,0.0,0.0,0.009395837783813477,0.0027832984924316406,0.0,0.0,1,1,0.010559714680107697,0.006703448704058046,0.010950326919555664,0.0023925304412841797,19,2,-0.01442|-0.0067,-0.0067,2,1
2500,58,8,19,0.0,0.375,0.25,0.009387969970703125,0.009871959686279297,0.0|0.5,0.0|0.5,2,2,0.36645531331286785,0.25752384807491857,0.01623225212097168,0.008878707885742188,19,8,0.01885|0.4641|0.48667|0.4962,0.01885|0.4962,4,2
2500,59,6,9,0.0,0.0,0.0,0.011495351791381836,0.0033364295959472656,0.0,0.0,1,1,0.002731610384961653,0.0018581424992292715,0.010792970657348633,0.002737283706665039,19,2,-0.00361|-0.00186,-0.00186,2,1
2500,60,4,13,0.0,0.0,0.0,0.009767770767211914,0.0030646324157714844,0.0,0.0,1,1,0.008214458720618338,0.008214458720618338,0.009580612182617188,0.0027446746826171875,19,2,0.00821,0.00821,1,1
2500,61,12,3,0.0,0.0,0.0,0.013426065444946289,0.0031280517578125,0.0,0.0,1,1,0.012676410692902642,0.012676410692902642,0.009521961212158203,0.003314971923828125,19,2,-0.01268,-0.01268,1,1
2500,62,10,3,0.0,0.16666666666666666,0.16666666666666666,0.009977102279663086,0.006922245025634766,0.0|0.33333,0.0|0.33333,2,2,0.16550622680793378,0.16550622680793378,0.008927583694458008,0.004646778106689453,19,3,0.00215|0.32886,0.00215|0.32886,2,2
2500,63,10,2,0.0,0.0,0.0,0.009246110916137695,0.0030975341796875,0.0,0.0,1,1,0.007470307094777709,0.005813483684464222,0.016830921173095703,0.0031616687774658203,19,2,-0.00913|-0.00581,-0.00581,2,1
2500,64,20,5,0.0,0.0,0.0,0.009131193161010742,0.003674030303955078,0.0,0.0,1,1,0.001586838456878431,0.001586838456878431,0.009964704513549805,0.003457307815551758,19,6,0.00159,0.00159,1,1
2500,65,6,15,0.0,0.0,0.0,0.011420011520385742,0.003747224807739258,0.0,0.0,1,1,0.0064753788740259865,0.0010376605226099995,0.010315895080566406,0.004705190658569336,19,2,-0.01191|0.00104,0.00104,2,1
2500,66,9,19,0.0,0.16666666666666666,0.16666666666666666,0.014474630355834961,0.007102489471435547,0.0|0.33333,0.0|0.33333,2,2,0.176139215459878,0.176139215459878,0.01098179817199707,0.006938457489013672,19,9,0.02403|0.32825,0.02403|0.32825,2,2
2500,67,15,1,0.0,0.0,0.0,0.010796546936035156,0.0032820701599121094,0.0,0.0,1,1,0.005212582257180685,0.005212582257180685,0.010374784469604492,0.002702951431274414,19,2,-0.00521,-0.00521,1,1
2500,68,3,2,0.0,0.0,0.0,0.016319990158081055,0.0031042098999023438,0.0,0.0,1,1,0.00851434093095965,0.0024259086890011327,0.01355600357055664,0.002460479736328125,19,2,0.00243|0.00448|0.01864,0.00243,3,1
2500,69,9,11,0.0,0.0,0.0,0.010042667388916016,0.0027647018432617188,0.0,0.0,1,1,0.0013759972178999996,0.002406144941901666,0.009251832962036133,0.002385854721069336,19,2,0.00035|0.00241,0.00241,2,1
2500,70,11,6,0.0,0.0,0.0,0.009672403335571289,0.002866029739379883,0.0,0.0,1,1,0.002396127890788501,0.002396127890788501,0.008740663528442383,0.002590179443359375,19,2,-0.0024,-0.0024,1,1
2500,71,2,13,0.0,0.0,0.0,0.015321016311645508,0.003702402114868164,0.0,0.0,1,1,0.02320848477255347,0.013362507716608782,0.011617660522460938,0.002916574478149414,19,2,-0.03305|-0.01336,-0.01336,2,1
2500,72,16,9,0.0,0.0,0.0,0.01102590560913086,0.00368499755859375,0.0,0.0,1,1,0.01363999777859818,0.00499367068331465,0.010096549987792969,0.003263711929321289,19,2,-0.02229|-0.00499,-0.00499,2,1
2500,73,5,10,0.0,0.25,0.25,0.010608434677124023,0.0058133602142333984,0.0|0.5,0.0|0.5,2,2,0.24969943438397063,0.24969943438397063,0.01882648468017578,0.005016803741455078,19,4,-0.00709|0.49231,-0.00709|0.49231,2,2
2500,74,13,8,0.0,0.0,0.0,0.009281396865844727,0.0028066635131835938,0.0,0.0,1,1,0.003935079633837014,0.006040273061077898,0.009533166885375977,0.002402782440185547,19,2,-0.00183|0.00604,0.00604,2,1
2500,75,2,8,0.0,0.0,0.0,0.009027719497680664,0.0027399063110351562,0.0,0.0,1,1,0.020569032596121615,0.011818933750116752,0.011271238327026367,0.002366304397583008,19,2,0.01182|0.02932,0.01182,2,1
2500,76,8,12,0.0,0.0,0.0,0.011869192123413086,0.002981424331665039,0.0,0.0,1,1,0.010236466642441676,0.0009037417187359442,0.009358644485473633,0.0027213096618652344,19,2,-0.01816|-0.01663|-0.00526|-0.0009,-0.0009,4,1
2500,77,20,10,0.0,0.0,0.0,0.013295173645019531,0.004804372787475586,0.0,0.0,1,1,0.02993019291878294,0.02993019291878294,0.010521888732910156,0.0037338733673095703,19,6,0.02993,0.02993,1,1
2500,78,13,19,1.0,0.0,0.0,0.011525869369506836,0.0045146942138671875,1.0,1.0,1,1,0.020189236358345408,0.008226197783482658,0.018744945526123047,0.00594329833984375,19,7,0.96785|0.99177,0.99177,2,1
2500,79,18,2,0.0,0.0,0.0,0.010970115661621094,0.005141258239746094,0.0,0.0,1,1,0.01401966125132825,0.01401966125132825,0.0129241943359375,0.0035409927368164062,19,6,0.01402,0.01402,1,1
2500,80,9,11,0.0,0.0,0.0,0.009611845016479492,0.0030667781829833984,0.0,0.0,1,1,0.00590298859950507,0.00038856187976690955,0.009166955947875977,0.002410411834716797,19,2,-0.00039|0.01142,-0.00039,2,1
2500,81,11,2,0.0,0.0,0.0,0.009474039077758789,0.0029702186584472656,0.0,0.0,1,1,0.029110780678825634,0.029110780678825634,0.009762048721313477,0.0035436153411865234,19,2,-0.02911,-0.02911,1,1
2500,82,16,13,0.0,0.0,0.0,0.009661197662353516,0.002838611602783203,0.0,0.0,1,1,0.015915586005890218,0.0032643903384986374,0.009114503860473633,0.0025634765625,19,2,-0.02857|-0.00326,-0.00326,2,1
2500,83,17,1,0.0,0.0,0.0,0.01202535629272461,0.004534482955932617,0.0,0.0,1,1,0.04569210601403361,0.04569210601403361,0.020086050033569336,0.0034890174865722656,19,5,0.04569,0.04569,1,1
2500,84,5,15,0.0,0.0,0.0,0.011218786239624023,0.0032281875610351562,0.0,0.0,1,1,0.002416747858455037,0.0009228154632674008,0.01067805290222168,0.002577543258666992,19,2,-0.00391|-0.00092,-0.00092,2,1
2500,85,1,4,0.0,0.0,0.0,0.010378360748291016,0.0033800601959228516,0.0,0.0,1,1,0.010358835612534995,0.005881442829994441,0.009629964828491211,0.002408266067504883,19,2,0.00588|0.01484,0.00588,2,1
2500,86,12,14,0.0,0.0,0.0,0.011009931564331055,0.0029044151306152344,0.0,0.0,1,1,0.031024327845295168,0.031024327845295168,0.009248018264770508,0.0025255680084228516,19,2,-0.03102,-0.03102,1,1
2500,87,4,3,0.0,0.0,0.0,0.010044336318969727,0.0033080577850341797,0.0,0.0,1,1,0.005910530651718034,0.005910530651718034,0.008873462677001953,0.0025534629821777344,19,2,-0.00591,-0.00591,1,1
2500,88,3,16,0.0,0.0,0.0,0.010439395904541016,0.003600597381591797,0.0,0.0,1,1,0.0054239891678001745,0.006358762215513835,0.01664280891418457,0.0041961669921875,19,2,-0.0007|0.00636|0.00922,0.00636,3,1
2500,89,16,12,0.0,0.0,0.0,0.01019906997680664,0.003188610076904297,0.0,0.0,1,1,0.005367863601553536,4.0567837717576846e-05,0.010996818542480469,0.002567768096923828,19,2,-4e-05|0.0107,-4e-05,2,1
2500,90,5,6,0.0,0.0,0.0,0.01098012924194336,0.0033249855041503906,0.0,0.0,1,1,0.006109379077877452,0.008892472215182533,0.01103353500366211,0.0028672218322753906,19,2,0.00333|0.00889,0.00889,2,1
2500,91,17,10,0.0,0.0,0.0,0.019313573837280273,0.006552696228027344,0.0,0.0,1,1,0.004880889822183076,0.004880889822183076,0.010411977767944336,0.0054302215576171875,19,7,0.00488,0.00488,1,1
2500,92,17,14,0.0,0.0,0.0,0.009195566177368164,0.0036094188690185547,0.0,0.0,1,1,0.007965675715112464,0.007965675715112464,0.008852481842041016,0.0031473636627197266,19,5,0.00797,0.00797,1,1
2500,93,19,16,0.0,0.0,0.0,0.01432347297668457,0.004092216491699219,0.0,0.0,1,1,0.03696583007362689,0.03696583007362689,0.012565135955810547,0.0035212039947509766,19,8,-0.03697,-0.03697,1,1
2500,94,12,15,0.0,0.0,0.0,0.008718013763427734,0.0025000572204589844,0.0,0.0,1,1,0.008454217205259532,0.008454217205259532,0.008211135864257812,0.002127408981323242,19,2,-0.00845,-0.00845,1,1
2500,95,6,16,0.0,0.0,0.0,0.008774042129516602,0.002844095230102539,0.0,0.0,1,1,0.008014810537029213,0.004764449544931402,0.00852823257446289,0.0071811676025390625,19,2,-0.01127|-0.00476,-0.00476,2,1
2500,96,8,1,0.0,0.0,0.0,0.00920867919921875,0.00296783447265625,0.0,0.0,1,1,0.007741329365133483,0.0008627298386518301,0.00906682014465332,0.0024328231811523438,19,2,-0.02638|-0.00101|-0.00086|0.00271,-0.00086,4,1
2500,97,11,15,0.0,0.0,0.0,0.008765220642089844,0.0028336048126220703,0.0,0.0,1,1,0.006750588775117907,0.006750588775117907,0.008504390716552734,0.0022971630096435547,19,2,-0.00675,-0.00675,1,1
2500,98,11,5,0.0,0.0,0.0,0.021358966827392578,0.002981424331665039,0.0,0.0,1,1,0.016136981843794918,0.016136981843794918,0.011783838272094727,0.002279520034790039,19,2,0.01614,0.01614,1,1
2500,99,3,17,1.0,0.3333333333333333,0.5,0.009228944778442383,0.004949092864990234,0.0|1.0,0.0|1.0,2,2,0.34028500257652056,0.47344681068924577,0.008894681930541992,0.004663705825805664,19,5,0.0777|1.02459|1.07396,0.0777|1.02459,3,2
5000,0,16,19,0.0,0.0,0.0,0.008692741394042969,0.008364439010620117,0.0,0.0,1,1,0.023212921191954523,0.010441669894664279,0.008676767349243164,0.005400657653808594,19,8,0.01044|0.03598,0.01044,2,1
5000,1,4,14,0.0,0.0,0.0,0.008330821990966797,0.002609729766845703,0.0,0.0,1,1,0.007352669879270153,0.007352669879270153,0.008279561996459961,0.004135608673095703,19,2,-0.00735,-0.00735,1,1
5000,2,17,10,0.0,0.0,0.0,0.008054018020629883,0.0056536197662353516,0.0,0.0,1,1,0.03981437306180909,0.03981437306180909,0.008102178573608398,0.005673646926879883,19,7,0.03981,0.03981,1,1
5000,3,8,19,0.0,0.375,0.25,0.01663064956665039,0.006014347076416016,0.0|0.5,0.0|0.5,2,2,0.381528593856269,0.25524306104721056,0.009299755096435547,0.005744218826293945,19,8,0.00883|0.50166|0.50215|0.51348,0.00883|0.50166,4,2
5000,4,20,1,0.0,0.0,0.0,0.00896000862121582,0.003613710403442383,0.0,0.0,1,1,0.020254650042094025,0.020254650042094025,0.00839543342590332,0.0030775070190429688,19,6,-0.02025,-0.02025,1,1
5000,5,14,2,0.0,0.0,0.0,0.009001970291137695,0.0028777122497558594,0.0,0.0,1,1,0.00344475872513328,0.001137560574867365,0.015990495681762695,0.0021941661834716797,19,2,-0.00575|-0.00114,-0.00114,2,1
5000,6,1,4,0.0,0.0,0.0,0.009599685668945312,0.0026404857635498047,0.0,0.0,1,1,0.00882780957429325,0.001728988384409687,0.008860349655151367,0.0021877288818359375,19,2,-0.01593|-0.00173,-0.00173,2,1
5000,7,6,15,0.0,0.0,0.0,0.008029460906982422,0.002488851547241211,0.0,0.0,1,1,0.011079535986429112,0.0013317473748196106,0.008172273635864258,0.002191781997680664,19,2,0.00133|0.02083,0.00133,2,1
5000,8,3,19,1.0,0.0,0.0,0.017816543579101562,0.0037848949432373047,1.0,1.0,1,1,0.005108602483268758,0.003064817944013143,0.008470296859741211,0.003393888473510742,19,7,0.99648|0.99694|1.00874,0.99694,3,1
5000,9,8,13,0.0,0.0,0.0,0.008981466293334961,0.002653837203979492,0.0,0.0,1,1,0.013105373079846888,0.002972383380229941,0.008226394653320312,0.002309560775756836,19,2,-0.02826|-0.01507|-0.00612|-0.00297,-0.00297,4,1
5000,10,2,12,0.0,0.0,0.0,0.008713722229003906,0.003137826919555664,0.0,0.0,1,1,0.016986734146168053,0.00753431396556771,0.01729273796081543,0.002397775650024414,19,2,0.00753|0.02644,0.00753,2,1
5000,11,1,9,0.0,0.0,0.0,0.009075403213500977,0.0031251907348632812,0.0,0.0,1,1,0.032415826240308615,0.018712073428662244,0.00955057144165039,0.002401113510131836,19,2,-0.04612|-0.01871,-0.01871,2,1
5000,12,9,17,0.0,0.16666666666666666,0.16666666666666666,0.008926630020141602,0.0060100555419921875,0.0|0.33333,0.0|0.33333,2,2,0.1740925199506153,0.1740925199506153,0.00844717025756836,0.005544424057006836,19,7,0.01457|0.33362,0.01457|0.33362,2,2
5000,13,19,3,-6.661338147750939e-17,0.0,0.0,0.011145353317260742,0.003914356231689453,-0.0,-0.0,1,1,0.017622069629185624,0.017622069629185624,0.00847625732421875,0.003588438034057617,19,7,-0.01762,-0.01762,1,1
5000,14,17,1,0.0,0.0,0.0,0.008328676223754883,0.0032024383544921875,0.0,0.0,1,1,0.024446447929480242,0.024446447929480242,0.007899284362792969,0.0032515525817871094,19,5,0.02445,0.02445,1,1
5000,15,16,18,0.0,0.0,0.0,0.008080720901489258,0.0036280155181884766,0.0,0.0,1,1,0.003087636232757619,0.001997249842562598,0.014893293380737305,0.0031630992889404297,19,6,-0.00418|0.002,0.002,2,1
5000,16,2,17,1.0,0.5,0.5,0.008325815200805664,0.00518345832824707,0.0|1.0,0.0|1.0,2,2,0.4896545257790409,0.4896545257790409,0.00859379768371582,0.004801511764526367,19,5,0.02646|1.00577,0.02646|1.00577,2,2
5000,17,13,1,0.0,0.0,0.0,0.008326530456542969,0.002808094024658203,0.0,0.0,1,1,0.005526296513997424,0.001836013040960932,0.008260726928710938,0.0021936893463134766,19,2,0.00184|0.00922,0.00184,2,1
5000,18,11,3,0.0,0.0,0.0,0.009038209915161133,0.0029227733612060547,0.0,0.0,1,1,0.0012632195610308421,0.0012632195610308421,0.00869894027709961,0.0027205944061279297,19,2,0.00126,0.00126,1,1
5000,19,5,16,0.0,0.0,0.0,0.008669614791870117,0.002878904342651367,0.0,0.0,1,1,0.00781092056739739,0.004165139539142029,0.008516311645507812,0.002279520034790039,19,2,0.00417|0.01146,0.00417,2,1
5000,20,12,3,0.0,0.0,0.0,0.008637666702270508,0.0028693675994873047,0.0,0.0,1,1,0.0009305894276847808,0.0009305894276847808,0.01806044578552246,0.0022268295288085938,19,2,0.00093,0.00093,1,1
5000,21,18,2,0.0,0.0,0.0,0.008770465850830078,0.0037841796875,0.0,0.0,1,1,0.002405327394899901,0.002405327394899901,0.009420156478881836,0.00347137451171875,19,6,-0.00241,-0.00241,1,1
5000,22,3,20,0.0,0.0,0.0,0.009088516235351562,0.00434112548828125,0.0,0.0,1,1,0.0033400268320869964,0.002138828877783115,0.011560678482055664,0.003295421600341797,19,6,-0.00787|1e-05|0.00214,0.00214,3,1
5000,23,10,16,0.0,0.0,0.0,0.00975179672241211,0.003713846206665039,0.0,0.0,1,1,0.00721565538381445,0.004926773187183978,0.012701749801635742,0.002936124801635742,19,2,-0.0095|-0.00493,-0.00493,2,1
5000,24,20,1,0.0,0.0,0.0,0.010707378387451172,0.004382610321044922,0.0,0.0,1,1,0.015994700195525402,0.015994700195525402,0.009734869003295898,0.0038671493530273438,19,6,-0.01599,-0.01599,1,1
5000,25,5,16,0.0,0.0,0.0,0.012413263320922852,0.003656625747680664,0.0,0.0,1,1,0.002824209306269301,0.0004159407692807652,0.018622636795043945,0.0028684139251708984,19,2,0.00042|0.00523,0.00042,2,1
5000,26,5,9,0.0,0.25,0.25,0.01035451889038086,0.005875587463378906,0.0|0.5,0.0|0.5,2,2,0.27632564165291634,0.27632564165291634,0.009964942932128906,0.004884481430053711,19,4,0.04678|0.50587,0.04678|0.50587,2,2
5000,27,8,11,0.0,0.0,0.0,0.008992671966552734,0.0028531551361083984,0.0,0.0,1,1,0.00650705070061894,0.002086906674546626,0.009219646453857422,0.007188558578491211,19,2,0.00209|0.00488|0.00904|0.01002,0.00209,4,1
5000,28,18,16,0.0,0.0,0.0,0.010397672653198242,0.004037141799926758,0.0,0.0,1,1,0.04401249287693646,0.04401249287693646,0.009499788284301758,0.003609180450439453,19,6,0.04401,0.04401,1,1
5000,29,8,4,0.0,0.0,0.0,0.00946187973022461,0.003324747085571289,0.0,0.0,1,1,0.032176217394562306,0.012829086055646333,0.012051820755004883,0.002541780471801758,19,2,-0.04444|-0.04225|-0.02918|-0.01283,-0.01283,4,1
5000,30,3,13,0.0,0.0,0.0,0.01836419105529785,0.003973484039306641,0.0,0.0,1,1,0.03317074453894967,0.0146331002186599,0.012514829635620117,0.002504587173461914,19,2,-0.0498|-0.03508|-0.01463,-0.01463,3,1
5000,31,10,15,0.0,0.0,0.0,0.013266324996948242,0.0031485557556152344,0.0,0.0,1,1,0.010312588049001451,0.005613444572037672,0.010180950164794922,0.002401113510131836,19,2,0.00561|0.01501,0.00561,2,1
5000,32,10,18,0.0,0.16666666666666666,0.16666666666666666,0.010227441787719727,0.010648727416992188,0.0|0.33333,0.0|0.33333,2,2,0.1769863187738076,0.1769863187738076,0.009401082992553711,0.009014368057250977,19,7,0.01716|0.33681,0.01716|0.33681,2,2
5000,33,9,3,0.0,0.16666666666666666,0.16666666666666666,0.009607791900634766,0.005866289138793945,0.0|0.33333,0.0|0.33333,2,2,0.17317582002240461,0.17317582002240461,0.009588956832885742,0.0048177242279052734,19,3,0.01331|0.33305,0.01331|0.33305,2,2
5000,34,20,14,0.0,0.0,0.0,0.009153127670288086,0.005141019821166992,0.0,0.0,1,1,0.0008658015153627572,0.0008658015153627572,0.009713411331176758,0.0038590431213378906,19,6,-0.00087,-0.00087,1,1
5000,35,16,14,0.0,0.0,0.0,0.016192913055419922,0.003366231918334961,0.0,0.0,1,1,0.002768922014851927,0.0024361481877864565,0.011696338653564453,0.002731800079345703,19,2,-0.0031|0.00244,0.00244,2,1
5000,36,4,16,0.0,0.0,0.0,0.01125192642211914,0.0032873153686523438,0.0,0.0,1,1,0.005612542805852663,0.005612542805852663,0.01066899299621582,0.002549409866333008,19,2,-0.00561,-0.00561,1,1
5000,37,20,5,0.0,0.0,0.0,0.010537385940551758,0.004134654998779297,0.0,0.0,1,1,0.0017263723648609298,0.0017263723648609298,0.017437219619750977,0.0034983158111572266,19,6,-0.00173,-0.00173,1,1
5000,38,19,20,8.881784197001253e-17,0.0,0.0,0.009907960891723633,0.004659891128540039,0.0,0.0,1,1,0.019048473640943392,0.019048473640943392,0.01087331771850586,0.0039768218994140625,19,10,0.01905,0.01905,1,1
5000,39,9,15,0.0,0.0,0.0,0.009168386459350586,0.002765178680419922,0.0,0.0,1,1,0.0069876940856005605,0.0013030083447127402,0.008830547332763672,0.0023560523986816406,19,2,0.0013|0.01267,0.0013,2,1
5000,40,2,19,0.0,0.0,0.0,0.013833999633789062,0.004310131072998047,0.0,0.0,1,1,0.02144332787945353,0.021186383272780454,0.009122848510742188,0.0037393569946289062,19,8,0.02119|0.0217,0.02119,2,1
5000,41,10,17,0.0,0.16666666666666666,0.16666666666666666,0.009231328964233398,0.005278110504150391,0.0|0.33333,0.0|0.33333,2,2,0.16886109329069973,0.16886109329069973,0.008771181106567383,0.005020856857299805,19,7,0.00387|0.33385,0.00387|0.33385,2,2
5000,42,15,13,0.0,0.0,0.0,0.019809484481811523,0.003353595733642578,0.0,0.0,1,1,0.009772633574457916,0.009772633574457916,0.012375116348266602,0.002827882766723633,19,2,0.00977,0.00977,1,1
5000,43,15,1,0.0,0.0,0.0,0.012222528457641602,0.003257274627685547,0.0,0.0,1,1,0.011962826547067948,0.011962826547067948,0.01244664192199707,0.0024764537811279297,19,2,0.01196,0.01196,1,1
5000,44,18,8,0.0,0.0,0.0,0.009677648544311523,0.011739969253540039,0.0,0.0,1,1,0.01811367513054358,0.01811367513054358,0.009204864501953125,0.006667137145996094,19,6,0.01811,0.01811,1,1
5000,45,8,14,0.0,0.0,0.0,0.009300470352172852,0.002926349639892578,0.0,0.0,1,1,0.015100848458982557,0.005395005790891638,0.009433507919311523,0.002427339553833008,19,2,-0.03261|-0.01177|-0.01063|-0.0054,-0.0054,4,1
5000,46,17,3,0.0,0.0,0.0,0.009448766708374023,0.004827976226806641,0.0,0.0,1,1,0.01946449688831438,0.01946449688831438,0.008529424667358398,0.00635838508605957,19,5,-0.01946,-0.01946,1,1
5000,47,19,14,-6.661338147750939e-17,0.0,0.0,0.012799501419067383,0.0071980953216552734,-0.0,-0.0,1,1,0.01813157951687415,0.01813157951687415,0.00928807258605957,0.008278608322143555,19,8,-0.01813,-0.01813,1,1
5000,48,17,20,0.0,0.0,0.0,0.013253927230834961,0.0047473907470703125,0.0,0.0,1,1,0.03867176088052123,0.03867176088052123,0.01243448257446289,0.004334211349487305,19,8,-0.03867,-0.03867,1,1
5000,49,3,19,1.0,0.0,0.0,0.08938717842102051,0.003875732421875,1.0,1.0,1,1,0.04378827216679645,0.02586522088991705,0.009555816650390625,0.0034406185150146484,19,7,1.02587|1.04096|1.06454,1.02587,3,1
5000,50,9,13,0.0,0.0,0.0,0.008807182312011719,0.0026247501373291016,0.0,0.0,1,1,0.011793678095994851,0.005997416338910145,0.008546590805053711,0.002339601516723633,19,2,-0.01759|-0.006,-0.006,2,1
5000,51,17,19,0.0,0.0,0.0,0.009011983871459961,0.011628389358520508,0.0,0.0,1,1,0.004034903349569142,0.004034903349569142,0.008991003036499023,0.0062258243560791016,19,11,-0.00403,-0.00403,1,1
5000,52,4,1,0.0,0.0,0.0,0.012343168258666992,0.0035054683685302734,0.0,0.0,1,1,0.01403377891876563,0.01403377891876563,0.011011600494384766,0.0025377273559570312,19,2,0.01403,0.01403,1,1
5000,53,12,17,0.0,0.0,0.0,0.010915756225585938,0.004496335983276367,0.0,0.0,1,1,0.005860901665775404,0.005860901665775404,0.010074138641357422,0.00471186637878418,19,5,-0.00586,-0.00586,1,1
5000,54,1,3,0.0,0.0,0.0,0.01495051383972168,0.0032095909118652344,0.0,0.0,1,1,0.03823625898846808,0.02253998593743606,0.010678291320800781,0.002436399459838867,19,2,-0.05393|-0.02254,-0.02254,2,1
5000,55,12,1,0.0,0.0,0.0,0.009171009063720703,0.002870321273803711,0.0,0.0,1,1,0.007543313375021654,0.007543313375021654,0.008777141571044922,0.003406047821044922,19,2,0.00754,0.00754,1,1
5000,56,1,4,0.0,0.0,0.0,0.009696006774902344,0.0030028820037841797,0.0,0.0,1,1,0.021146076882015488,0.008042670697299057,0.009117603302001953,0.005997419357299805,19,2,-0.03425|-0.00804,-0.00804,2,1
5000,57,14,3,0.0,0.0,0.0,0.008706331253051758,0.002702951431274414,0.0,0.0,1,1,0.005798643867787631,0.0019534235115891974,0.008593559265136719,0.0027697086334228516,19,2,0.00195|0.00964,0.00195,2,1
5000,58,1,20,0.0,0.0,0.0,0.008634328842163086,0.004571437835693359,0.0,0.0,1,1,0.006635552297849344,0.0017719745638276213,0.01028299331665039,0.0035049915313720703,19,6,-0.00177|0.0115,-0.00177,2,1
5000,59,8,11,0.0,0.0,0.0,0.01400899887084961,0.002982616424560547,0.0,0.0,1,1,0.008535943502505774,0.0009649076809270577,0.010150909423828125,0.002609729766845703,19,2,-0.00939|-0.00798|-0.00096|0.01581,-0.00096,4,1
5000,60,14,9,0.0,0.0,0.0,0.009774208068847656,0.0032072067260742188,0.0,0.0,1,1,0.008570903443934573,0.0022457926320226143,0.010596513748168945,0.0025119781494140625,19,2,-0.0149|0.00225,0.00225,2,1
5000,61,3,17,1.0,0.3333333333333333,0.5,0.009826898574829102,0.006980180740356445,0.0|1.0,0.0|1.0,2,2,0.35007625262323744,0.49143719135830743,0.009482145309448242,0.009135723114013672,19,5,0.04659|1.02946|1.06735,0.04659|1.02946,3,2
5000,62,18,12,0.0,0.0,0.0,0.008732080459594727,0.003627777099609375,0.0,0.0,1,1,0.01687329858923934,0.01687329858923934,0.008527755737304688,0.003368377685546875,19,6,0.01687,0.01687,1,1
5000,63,12,17,0.0,0.0,0.0,0.008867979049682617,0.0032749176025390625,0.0,0.0,1,1,0.007274634708450536,0.007274634708450536,0.008563995361328125,0.0030663013458251953,19,5,-0.00727,-0.00727,1,1
5000,64,18,10,0.0,0.0,0.0,0.012560367584228516,0.0051801204681396484,0.0,0.0,1,1,0.007518393801806861,0.007518393801806861,0.00867605209350586,0.004983186721801758,19,7,-0.00752,-0.00752,1,1
5000,65,13,1,0.0,0.0,0.0,0.01042795181274414,0.0037009716033935547,0.0,0.0,1,1,0.024792370234932706,0.02232629702838593,0.013100385665893555,0.002585887908935547,19,2,-0.02726|-0.02233,-0.02233,2,1
5000,66,8,1,0.0,0.0,0.0,0.011411666870117188,0.006745100021362305,0.0,0.0,1,1,0.0076896761908379924,0.002307137503172185,0.010760784149169922,0.002695798873901367,19,2,0.00221|0.00231|0.0111|0.01514,0.00231,4,1
5000,67,5,11,0.0,0.0,0.0,0.009804010391235352,0.0032546520233154297,0.0,0.0,1,1,0.004363457889251629,0.004755853386614641,0.010083913803100586,0.0025916099548339844,19,2,-0.00476|-0.00397,-0.00476,2,1
5000,68,11,8,0.0,0.0,0.0,0.009730100631713867,0.0031015872955322266,0.0,0.0,1,1,0.0026042489863777048,0.0026042489863777048,0.009175300598144531,0.0024569034576416016,19,2,-0.0026,-0.0026,1,1
5000,69,9,12,0.0,0.0,0.0,0.01587986946105957,0.0033168792724609375,0.0,0.0,1,1,0.01230752748399462,0.00447487913177458,0.00897979736328125,0.0023839473724365234,19,2,0.00447|0.02014,0.00447,2,1
5000,70,18,4,0.0,0.0,0.0,0.009568452835083008,0.004290342330932617,0.0,0.0,1,1,0.009532543967304146,0.009532543967304146,0.008784055709838867,0.003299713134765625,19,6,0.00953,0.00953,1,1
5000,71,16,20,0.0,0.0,0.0,0.009113073348999023,0.00393223762512207,0.0,0.0,1,1,0.007700361861819577,0.007473788433701031,0.008691549301147461,0.003385305404663086,19,6,-0.00793|-0.00747,-0.00747,2,1
5000,72,9,12,0.0,0.0,0.0,0.008904457092285156,0.00319671630859375,0.0,0.0,1,1,0.004853192627439351,0.0003044728284679345,0.009368658065795898,0.0024890899658203125,19,2,0.0003|0.0094,0.0003,2,1
5000,73,8,19,0.0,0.375,0.25,0.010650873184204102,0.006236076354980469,0.0|0.5,0.0|0.5,2,2,0.4117479252200297,0.2680939841220291,0.01057291030883789,0.006088733673095703,19,8,0.01928|0.51691|0.54872|0.56208,0.01928|0.51691,4,2
5000,74,5,14,0.0,0.0,0.0,0.01392674446105957,0.003103971481323242,0.0,0.0,1,1,0.0018747429860656588,0.00013847966977082298,0.009276628494262695,0.002460956573486328,19,2,-0.00014|0.00361,-0.00014,2,1
5000,75,14,16,0.0,0.0,0.0,0.00932621955871582,0.0030434131622314453,0.0,0.0,1,1,0.0009991304674939858,0.0009355220908695987,0.010882139205932617,0.002543926239013672,19,2,-0.00094|0.00106,-0.00094,2,1
5000,76,6,13,0.0,0.0,0.0,0.008904695510864258,0.0028650760650634766,0.0,0.0,1,1,0.01843450432860253,0.004640577562421231,0.009102344512939453,0.005839109420776367,19,2,-0.03223|-0.00464,-0.00464,2,1
5000,77,1,16,0.0,0.0,0.0,0.009090185165405273,0.004637479782104492,0.0,0.0,1,1,0.02094335897078553,0.011302122384460758,0.009076356887817383,0.002826213836669922,19,2,-0.03058|-0.0113,-0.0113,2,1
5000,78,4,5,0.0,0.0,0.0,0.009277105331420898,0.0028192996978759766,0.0,0.0,1,1,0.0006153794719565518,0.0006153794719565518,0.008683204650878906,0.0025300979614257812,19,2,-0.00062,-0.00062,1,1
5000,79,17,8,0.0,0.0,0.0,0.009018898010253906,0.0072269439697265625,0.0,0.0,1,1,0.029203694280312217,0.029203694280312217,0.014595985412597656,0.0060880184173583984,19,6,-0.0292,-0.0292,1,1
5000,80,18,16,0.0,0.0,0.0,0.010081052780151367,0.004251003265380859,0.0,0.0,1,1,0.027971546361471426,0.027971546361471426,0.010241270065307617,0.003443002700805664,19,6,0.02797,0.02797,1,1
5000,81,12,17,0.0,0.0,0.0,0.010138750076293945,0.007859230041503906,0.0,0.0,1,1,0.012417511941904696,0.012417511941904696,0.013413190841674805,0.004284381866455078,19,5,-0.01242,-0.01242,1,1
5000,82,11,5,0.0,0.0,0.0,0.012396574020385742,0.0028786659240722656,0.0,0.0,1,1,0.0006123230989233311,0.0006123230989233311,0.009041309356689453,0.002342700958251953,19,2,0.00061,0.00061,1,1
5000,83,15,8,0.0,0.0,0.0,0.008704900741577148,0.0026209354400634766,0.0,0.0,1,1,0.00689327679608307,0.00689327679608307,0.00863957405090332,0.002396106719970703,19,2,-0.00689,-0.00689,1,1
5000,84,12,11,0.0,0.0,0.0,0.013296365737915039,0.0027260780334472656,0.0,0.0,1,1,0.008631969623992531,0.008631969623992531,0.010007858276367188,0.002346515655517578,19,2,0.00863,0.00863,1,1
5000,85,1,2,0.0,0.0,0.0,0.00853276252746582,0.0027112960815429688,0.0,0.0,1,1,0.014497625497782211,0.010072302570381449,0.014192342758178711,0.003744840621948242,19,2,0.01007|0.01892,0.01007,2,1
5000,86,6,14,0.0,0.0,0.0,0.010294914245605469,0.0052835941314697266,0.0,0.0,1,1,0.00735635701204837,0.010008348116786966,0.010315418243408203,0.003454446792602539,19,2,0.0047|0.01001,0.01001,2,1
5000,87,4,17,0.0,0.0,0.0,0.01159048080444336,0.004273891448974609,0.0,0.0,1,1,0.011219645417487245,0.011219645417487245,0.010306835174560547,0.0034623146057128906,19,5,-0.01122,-0.01122,1,1
5000,88,16,19,0.0,0.0,0.0,0.010093450546264648,0.004508018493652344,0.0,0.0,1,1,0.00926538411737381,0.0024091985180309853,0.009159326553344727,0.0037152767181396484,19,8,0.00241|0.01612,0.00241,2,1
5000,89,6,4,0.0,0.0,0.0,0.014396429061889648,0.0029675960540771484,0.0,0.0,1,1,0.005437749030417504,0.006950551834745773,0.009540557861328125,0.0024156570434570312,19,2,0.00392|0.00695,0.00695,2,1
5000,90,6,19,0.0,0.25,0.25,0.01009511947631836,0.005450725555419922,0.0|0.5,0.0|0.5,2,2,0.2581486361790836,0.2581486361790836,0.008945465087890625,0.005274057388305664,19,8,-0.01281|0.50348,-0.01281|0.50348,2,2
5000,91,4,5,0.0,0.0,0.0,0.008757591247558594,0.002936124801635742,0.0,0.0,1,1,0.012727877489579365,0.012727877489579365,0.012720823287963867,0.0024025440216064453,19,2,-0.01273,-0.01273,1,1
5000,92,6,15,0.0,0.0,0.0,0.009613990783691406,0.0029060840606689453,0.0,0.0,1,1,0.007958009870066708,0.0008917488998912091,0.009423017501831055,0.0023953914642333984,19,2,0.00089|0.01502,0.00089,2,1
5000,93,10,16,0.0,0.0,0.0,0.009883403778076172,0.003372669219970703,0.0,0.0,1,1,0.008064559050986807,0.001539333313984823,0.010802268981933594,0.002668619155883789,19,2,0.00154|0.01459,0.00154,2,1
5000,94,20,16,0.0,0.0,0.0,0.014257192611694336,0.004132986068725586,0.0,0.0,1,1,0.0015707528658347022,0.0015707528658347022,0.010204076766967773,0.0032253265380859375,19,6,0.00157,0.00157,1,1
5000,95,16,10,0.0,0.0,0.0,0.010304927825927734,0.003372669219970703,0.0,0.0,1,1,0.013815483013043226,0.004885300104668708,0.010216236114501953,0.0025970935821533203,19,2,-0.02275|-0.00489,-0.00489,2,1
5000,96,5,9,0.0,0.25,0.25,0.0102691650390625,0.009655952453613281,0.0|0.5,0.0|0.5,2,2,0.2590173323537441,0.2590173323537441,0.010462522506713867,0.005093812942504883,19,4,0.00887|0.50916,0.00887|0.50916,2,2
5000,97,13,17,0.0,0.0,0.0,0.009608268737792969,0.003442525863647461,0.0,0.0,1,1,0.0029993647084140787,0.001005159717233216,0.008567333221435547,0.0030961036682128906,19,5,-0.00101|0.00499,-0.00101,2,1
5000,98,2,20,0.0,0.0,0.0,0.008823394775390625,0.0034329891204833984,0.0,0.0,1,1,0.0036719840252365764,0.0035667769582826193,0.008613824844360352,0.0031528472900390625,19,6,0.00357|0.00378,0.00357,2,1
5000,99,8,17,0.0,0.375,0.25,0.012673139572143555,0.005265474319458008,0.0|0.5,0.0|0.5,2,2,0.3721744675544334,0.2600065746819841,0.0088653564453125,0.004874467849731445,19,6,0.02385|0.48417|0.48451|0.49617,0.02385|0.49617,4,2
7500,0,14,19,0.0,0.25,0.25,0.011598825454711914,0.0072460174560546875,0.0|0.5,0.0|0.5,2,2,0.2639396468568061,0.2639396468568061,0.011711359024047852,0.006829261779785156,19,8,-0.0311|0.49678,-0.0311|0.49678,2,2
7500,1,4,2,0.0,0.0,0.0,0.02286386489868164,0.003358125686645508,0.0,0.0,1,1,0.010219204647890497,0.010219204647890497,0.011696577072143555,0.0028047561645507812,19,2,0.01022,0.01022,1,1
7500,2,2,5,0.0,0.0,0.0,0.011203527450561523,0.003299713134765625,0.0,0.0,1,1,0.0021157729595026346,0.0017902332005913155,0.012824773788452148,0.0026226043701171875,19,2,-0.00244|-0.00179,-0.00179,2,1
7500,3,1,8,0.0,0.0,0.0,0.009974956512451172,0.0027921199798583984,0.0,0.0,1,1,0.019664823625770544,0.011907106455937306,0.009448528289794922,0.0024492740631103516,19,2,0.01191|0.02742,0.01191,2,1
7500,4,13,20,0.0,0.0,0.0,0.009390592575073242,0.0035865306854248047,0.0,0.0,1,1,0.00547033103085361,0.003174553929668493,0.008918046951293945,0.0054700374603271484,19,6,-0.00777|-0.00317,-0.00317,2,1
7500,5,12,1,0.0,0.0,0.0,0.00916147232055664,0.002994537353515625,0.0,0.0,1,1,0.007484445578491659,0.007484445578491659,0.008744478225708008,0.003360271453857422,19,2,0.00748,0.00748,1,1
7500,6,19,20,8.881784197001253e-17,0.0,0.0,0.011548280715942383,0.0051801204681396484,0.0,0.0,1,1,0.01674875442267963,0.01674875442267963,0.017396926879882812,0.004303455352783203,19,10,-0.01675,-0.01675,1,1
7500,7,12,2,0.0,0.0,0.0,0.010573148727416992,0.0032117366790771484,0.0,0.0,1,1,0.003918600069274567,0.003918600069274567,0.011267662048339844,0.002730131149291992,19,2,0.00392,0.00392,1,1
7500,8,2,11,0.0,0.0,0.0,0.010649442672729492,0.003247499465942383,0.0,0.0,1,1,0.005199450439816533,0.0033586614112745884,0.01030111312866211,0.003034830093383789,19,2,-0.00704|-0.00336,-0.00336,2,1
7500,9,2,3,0.0,0.0,0.0,0.009955883026123047,0.0035953521728515625,0.0,0.0,1,1,0.011959282332737901,0.0018001606236333746,0.009011983871459961,0.0028328895568847656,19,2,0.0018|0.02212,0.0018,2,1
7500,10,14,18,0.0,0.25,0.25,0.010236501693725586,0.005518674850463867,0.0|0.5,0.0|0.5,2,2,0.2733385239771081,0.2733385239771081,0.009402990341186523,0.00509190559387207,19,6,0.03699|0.50969,0.03699|0.50969,2,2
7500,11,14,19,0.0,0.25,0.25,0.009413719177246094,0.006282329559326172,0.0|0.5,0.0|0.5,2,2,0.2760530765014091,0.2760530765014091,0.01379537582397461,0.006616115570068359,19,8,0.0419|0.51021,0.0419|0.51021,2,2
7500,12,4,13,0.0,0.0,0.0,0.010843753814697266,0.0032911300659179688,0.0,0.0,1,1,0.0022374280135267328,0.0022374280135267328,0.011151313781738281,0.0034813880920410156,19,2,-0.00224,-0.00224,1,1
7500,13,6,15,0.0,0.0,0.0,0.010951519012451172,0.003236532211303711,0.0,0.0,1,1,0.015034206803210154,0.008602483316406655,0.009765863418579102,0.006829261779785156,19,2,-0.02147|-0.0086,-0.0086,2,1
7500,14,4,16,0.0,0.0,0.0,0.009946107864379883,0.003277301788330078,0.0,0.0,1,1,0.0037598144737534694,0.0037598144737534694,0.013489007949829102,0.002462148666381836,19,2,-0.00376,-0.00376,1,1
7500,15,1,10,0.0,0.0,0.0,0.009501218795776367,0.0028400421142578125,0.0,0.0,1,1,0.008932647803861982,0.003999064745276214,0.008951425552368164,0.0023636817932128906,19,2,0.004|0.01387,0.004,2,1
7500,16,19,6,-6.661338147750939e-17,0.0,0.0,0.009282112121582031,0.006503582000732422,-0.0,-0.0,1,1,0.005935468401535113,0.005935468401535113,0.0156710147857666,0.006394863128662109,19,8,0.00594,0.00594,1,1
7500,17,18,12,0.0,0.0,0.0,0.008937835693359375,0.003843069076538086,0.0,0.0,1,1,0.025255965993462845,0.025255965993462845,0.00926828384399414,0.0032880306243896484,19,6,-0.02526,-0.02526,1,1
7500,18,14,20,0.0,0.0,0.0,0.009731769561767578,0.007861614227294922,0.0,0.0,1,1,0.009297242032415536,0.0015422404819949644,0.01248621940612793,0.004087924957275391,19,6,-0.01705|0.00154,0.00154,2,1
7500,19,2,11,0.0,0.0,0.0,0.009434223175048828,0.005372047424316406,0.0,0.0,1,1,0.0020784709404114217,0.000740902842055605,0.012743949890136719,0.0032591819763183594,19,2,-0.00074|0.00342,-0.00074,2,1
7500,20,8,17,0.0,0.375,0.25,0.011104583740234375,0.00666356086730957,0.0|0.5,0.0|0.5,2,2,0.3798249627933185,0.25128629270859903,0.010915994644165039,0.0058825016021728516,19,6,-0.00021|0.50237|0.50783|0.5089,-0.00021|0.50237,4,2
7500,21,3,6,0.0,0.0,0.0,0.013924598693847656,0.0028960704803466797,0.0,0.0,1,1,0.013253035620438504,0.004433642315162418,0.009099721908569336,0.004931211471557617,19,2,0.00443|0.01373|0.0216,0.00443,3,1
7500,22,8,1,0.0,0.0,0.0,0.009429216384887695,0.0027692317962646484,0.0,0.0,1,1,0.011843371124551628,0.004458069500258149,0.009302854537963867,0.0024924278259277344,19,2,0.00446|0.00748|0.01509|0.02035,0.00446,4,1
7500,23,17,20,0.0,0.0,0.0,0.008691072463989258,0.004653453826904297,0.0,0.0,1,1,0.005468252611608751,0.005468252611608751,0.012572050094604492,0.0036742687225341797,19,8,-0.00547,-0.00547,1,1
7500,24,1,11,0.0,0.0,0.0,0.01130819320678711,0.00550389289855957,0.0,0.0,1,1,0.007128256464249378,0.006161278269247831,0.011077642440795898,0.0030493736267089844,19,2,0.00616|0.0081,0.00616,2,1
7500,25,9,13,0.0,0.0,0.0,0.009815692901611328,0.0037086009979248047,0.0,0.0,1,1,0.001659854125822357,0.0008080074792473182,0.010374784469604492,0.0028374195098876953,19,2,-0.00251|0.00081,0.00081,2,1
7500,26,12,9,0.0,0.0,0.0,0.014740228652954102,0.003197908401489258,0.0,0.0,1,1,0.013248583939413413,0.013248583939413413,0.009549617767333984,0.002586841583251953,19,2,-0.01325,-0.01325,1,1
7500,27,10,16,0.0,0.0,0.0,0.009446859359741211,0.004395723342895508,0.0,0.0,1,1,0.0021272205578542966,0.0019256652690601457,0.009180784225463867,0.002496004104614258,19,2,0.00193|0.00233,0.00193,2,1
7500,28,11,2,0.0,0.0,0.0,0.008826494216918945,0.0026056766510009766,0.0,0.0,1,1,0.0067280489800787486,0.0067280489800787486,0.009090185165405273,0.006367206573486328,19,2,0.00673,0.00673,1,1
7500,29,3,9,1.0,0.3333333333333333,0.5,0.009147167205810547,0.005103111267089844,0.0|1.0,0.0|1.0,2,2,0.34049932101332775,0.49664047602344785,0.00916743278503418,0.004774808883666992,19,3,0.01488|1.00816|1.02822,0.01488|1.00816,3,2
7500,30,19,2,0.0,0.0,0.0,0.008994102478027344,0.0045757293701171875,0.0,0.0,1,1,0.008877036172144036,0.008877036172144036,0.012466669082641602,0.004690885543823242,19,8,0.00888,0.00888,1,1
7500,31,5,15,0.0,0.0,0.0,0.018511295318603516,0.003357410430908203,0.0,0.0,1,1,0.0017414195653120156,0.0018208527206467345,0.010915994644165039,0.0029680728912353516,19,2,-0.00182|0.00166,-0.00182,2,1
7500,32,4,11,0.0,0.0,0.0,0.010780572891235352,0.0032482147216796875,0.0,0.0,1,1,0.009208143700742577,0.009208143700742577,0.010591745376586914,0.002686738967895508,19,2,-0.00921,-0.00921,1,1
7500,33,8,20,0.0,0.0,0.0,0.010480642318725586,0.004593372344970703,0.0,0.0,1,1,0.004259085352761552,0.0009322265067436237,0.013750791549682617,0.003286123275756836,19,6,-0.00888|-0.00361|-0.00093|0.00361,-0.00093,4,1
7500,34,16,19,0.0,0.0,0.0,0.009797811508178711,0.004485130310058594,0.0,0.0,1,1,0.000965528282383267,0.0008352124733030068,0.009723424911499023,0.0037157535552978516,19,8,-0.0011|0.00084,0.00084,2,1
7500,35,6,20,0.0,0.0,0.0,0.009472846984863281,0.0047876834869384766,0.0,0.0,1,1,0.016129240569888917,0.009582546690689631,0.008973836898803711,0.0032389163970947266,19,6,0.00958|0.02268,0.00958,2,1
7500,36,1,3,0.0,0.0,0.0,0.015024662017822266,0.0027549266815185547,0.0,0.0,1,1,0.001837172017294064,0.003463087003331113,0.009637594223022461,0.0023767948150634766,19,2,-0.00346|0.00021,-0.00346,2,1
7500,37,2,4,0.0,0.0,0.0,0.011218070983886719,0.0032608509063720703,0.0,0.0,1,1,0.02223806446728766,0.01550092616926905,0.009763479232788086,0.0026803016662597656,19,2,-0.02898|-0.0155,-0.0155,2,1
7500,38,14,20,0.0,0.0,0.0,0.011227130889892578,0.004686594009399414,0.0,0.0,1,1,0.011097231309234058,0.0020517168815050234,0.015269994735717773,0.0036792755126953125,19,6,-0.02014|-0.00205,-0.00205,2,1
7500,39,18,6,0.0,0.0,0.0,0.010930776596069336,0.006432533264160156,0.0,0.0,1,1,0.004680097066628597,0.004680097066628597,0.012099027633666992,0.007608652114868164,19,6,-0.00468,-0.00468,1,1
7500,40,3,11,0.0,0.0,0.0,0.009981393814086914,0.0029687881469726562,0.0,0.0,1,1,0.011864324387103503,0.004410912839271788,0.009244918823242188,0.0024061203002929688,19,2,-0.01692|-0.01426|-0.00441,-0.00441,3,1
7500,41,3,11,0.0,0.0,0.0,0.013555049896240234,0.0027434825897216797,0.0,0.0,1,1,0.02328027360295745,0.01096651038412996,0.009023666381835938,0.0023479461669921875,19,2,-0.03006|-0.02882|-0.01097,-0.01097,3,1
7500,42,19,17,-6.661338147750939e-17,0.0,0.0,0.00911402702331543,0.0068738460540771484,-0.0,-0.0,1,1,0.017411350026067227,0.017411350026067227,0.01011037826538086,0.005715131759643555,19,11,0.01741,0.01741,1,1
7500,43,4,5,0.0,0.0,0.0,0.0151519775390625,0.003725290298461914,0.0,0.0,1,1,0.010247794359644978,0.010247794359644978,0.010822296142578125,0.002722024917602539,19,2,0.01025,0.01025,1,1
7500,44,13,12,0.0,0.0,0.0,0.012096643447875977,0.003596067428588867,0.0,0.0,1,1,0.017410893874559,0.011215530723626776,0.010460615158081055,0.0029921531677246094,19,2,-0.02361|-0.01122,-0.01122,2,1
7500,45,17,14,0.0,0.0,0.0,0.01244211196899414,0.004132270812988281,0.0,0.0,1,1,0.006610513216168134,0.006610513216168134,0.009675741195678711,0.0034818649291992188,19,5,-0.00661,-0.00661,1,1
7500,46,18,10,0.0,0.0,0.0,0.009739398956298828,0.00550079345703125,0.0,0.0,1,1,0.021801606651091304,0.021801606651091304,0.00946950912475586,0.005110740661621094,19,7,0.0218,0.0218,1,1
7500,47,20,17,0.0,0.0,0.0,0.008650541305541992,0.003802061080932617,0.0,0.0,1,1,0.03312098272739106,0.03312098272739106,0.009020328521728516,0.003452301025390625,19,8,0.03312,0.03312,1,1
7500,48,12,13,0.0,0.0,0.0,0.013758420944213867,0.0028715133666992188,0.0,0.0,1,1,0.008331015820582162,0.008331015820582162,0.008840084075927734,0.0026979446411132812,19,2,-0.00833,-0.00833,1,1
7500,49,6,5,0.0,0.0,0.0,0.01104879379272461,0.003306150436401367,0.0,0.0,1,1,0.010535924049442936,0.0035736306542621175,0.00988316535949707,0.0029020309448242188,19,2,0.00357|0.0175,0.00357,2,1
7500,50,2,8,0.0,0.0,0.0,0.009842634201049805,0.004122495651245117,0.0,0.0,1,1,0.004935420764410913,0.0016087858869107512,0.014947175979614258,0.0031366348266601562,19,2,0.00161|0.00826,0.00161,2,1
7500,51,13,15,0.0,0.0,0.0,0.01010441780090332,0.0036509037017822266,0.0,0.0,1,1,0.013343750446333087,0.004428026526440998,0.009437084197998047,0.0027391910552978516,19,2,-0.02226|-0.00443,-0.00443,2,1
7500,52,15,2,0.0,0.0,0.0,0.009463310241699219,0.002756834030151367,0.0,0.0,1,1,0.00010330542032628781,0.00010330542032628781,0.008922100067138672,0.002424955368041992,19,2,0.0001,0.0001,1,1
7500,53,15,1,0.0,0.0,0.0,0.01995563507080078,0.0030007362365722656,0.0,0.0,1,1,0.00739244540888324,0.00739244540888324,0.009624242782592773,0.0024051666259765625,19,2,-0.00739,-0.00739,1,1
7500,54,8,6,0.0,0.0,0.0,0.009356021881103516,0.004367351531982422,0.0,0.0,1,1,0.0022680894510524116,0.003494877567877801,0.009560108184814453,0.0024306774139404297,19,2,-0.00349|-0.00264|-0.00026|0.00268,-0.00349,4,1
7500,55,3,10,1.0,0.3333333333333333,0.5,0.010657548904418945,0.005796909332275391,0.0|1.0,0.0|1.0,2,2,0.34360857076666124,0.5097970782650258,0.009723663330078125,0.012589693069458008,19,3,-0.01898|0.98877|1.00061,-0.01898|1.00061,3,2
7500,56,6,16,0.0,0.0,0.0,0.010566473007202148,0.003552675247192383,0.0,0.0,1,1,0.0055685191249990225,0.0036443074352687055,0.009906530380249023,0.002650022506713867,19,2,-0.00749|-0.00364,-0.00364,2,1
7500,57,5,11,0.0,0.0,0.0,0.010142803192138672,0.003278017044067383,0.0,0.0,1,1,0.014255402198486838,0.007621326546568945,0.01129603385925293,0.0024924278259277344,19,2,0.00762|0.02089,0.00762,2,1
7500,58,10,12,0.0,0.0,0.0,0.014831304550170898,0.0030295848846435547,0.0,0.0,1,1,0.0028505341366148306,0.0020611341439438304,0.011995077133178711,0.0024366378784179688,19,2,-0.00364|-0.00206,-0.00206,2,1
7500,59,13,8,0.0,0.0,0.0,0.00919342041015625,0.0027523040771484375,0.0,0.0,1,1,0.009999007667189069,0.006029291835092243,0.00927877426147461,0.002389669418334961,19,2,0.00603|0.01397,0.00603,2,1
7500,60,6,11,0.0,0.0,0.0,0.012077808380126953,0.0027322769165039062,0.0,0.0,1,1,0.002804255610454934,0.0014538967182372896,0.009278059005737305,0.0024497509002685547,19,2,-0.00145|0.00415,-0.00145,2,1
7500,61,10,3,0.0,0.16666666666666666,0.16666666666666666,0.012651443481445312,0.005100250244140625,0.0|0.33333,0.0|0.33333,2,2,0.16611183236922197,0.16611183236922197,0.009027719497680664,0.004640102386474609,19,3,-0.0012|0.33102,-0.0012|0.33102,2,2
7500,62,14,18,0.0,0.25,0.25,0.011043071746826172,0.006147146224975586,0.0|0.5,0.0|0.5,2,2,0.25310743165609945,0.25310743165609945,0.011119842529296875,0.010432004928588867,19,6,0.00822|0.498,0.00822|0.498,2,2
7500,63,6,10,0.0,0.0,0.0,0.017643451690673828,0.005294322967529297,0.0,0.0,1,1,0.001375710093902505,0.0017910632672408688,0.013095855712890625,0.0050754547119140625,19,2,-0.00096|0.00179,0.00179,2,1
7500,64,4,13,0.0,0.0,0.0,0.013645648956298828,0.0033888816833496094,0.0,0.0,1,1,0.0024325281002882636,0.0024325281002882636,0.0120391845703125,0.0027060508728027344,19,2,-0.00243,-0.00243,1,1
7500,65,3,19,1.0,0.0,0.0,0.010461807250976562,0.004593372344970703,1.0,1.0,1,1,0.016711779062040206,0.007013121843230774,0.01091313362121582,0.008196830749511719,19,7,0.96971|0.98717|0.99299,0.99299,3,1
7500,66,14,8,0.0,0.0,0.0,0.009393930435180664,0.0028166770935058594,0.0,0.0,1,1,0.0039887255754949705,0.0005239412281652075,0.00896453857421875,0.002454996109008789,19,2,-0.00745|0.00052,0.00052,2,1
7500,67,1,14,0.0,0.0,0.0,0.010680913925170898,0.0028121471405029297,0.0,0.0,1,1,0.004257416181106777,0.0015106024520610316,0.009113311767578125,0.0028433799743652344,19,2,-0.00151|0.007,-0.00151,2,1
7500,68,19,5,-6.661338147750939e-17,0.0,0.0,0.010878324508666992,0.0068206787109375,-0.0,-0.0,1,1,0.016501199564569025,0.016501199564569025,0.018207311630249023,0.00620579719543457,19,8,-0.0165,-0.0165,1,1
7500,69,13,4,0.0,0.0,0.0,0.009377479553222656,0.0030517578125,0.0,0.0,1,1,0.010869799540384428,0.004378118578222852,0.009771585464477539,0.0024137496948242188,19,2,-0.01736|-0.00438,-0.00438,2,1
7500,70,19,12,0.0,0.0,0.0,0.010759115219116211,0.00869894027709961,0.0,0.0,1,1,0.010606972531056785,0.010606972531056785,0.01044464111328125,0.00686192512512207,19,8,-0.01061,-0.01061,1,1
7500,71,5,10,0.0,0.25,0.25,0.010578393936157227,0.00550079345703125,0.0|0.5,0.0|0.5,2,2,0.2480818897457216,0.2480818897457216,0.009494781494140625,0.005331277847290039,19,4,0.00131|0.49485,0.00131|0.49485,2,2
7500,72,6,18,0.0,0.25,0.25,0.00954580307006836,0.005126476287841797,0.0|0.5,0.0|0.5,2,2,0.2518778510834602,0.2518778510834602,0.009641647338867188,0.00487518310546875,19,6,0.0018|0.50196,0.0018|0.50196,2,2
7500,73,4,16,0.0,0.0,0.0,0.014967203140258789,0.00675511360168457,0.0,0.0,1,1,0.004144173323998209,0.004144173323998209,0.008953571319580078,0.0026030540466308594,19,2,-0.00414,-0.00414,1,1
7500,74,11,10,0.0,0.0,0.0,0.011169672012329102,0.0029823780059814453,0.0,0.0,1,1,0.007302727788273011,0.007302727788273011,0.010267496109008789,0.0029833316802978516,19,2,-0.0073,-0.0073,1,1
7500,75,3,13,0.0,0.0,0.0,0.01085042953491211,0.003736257553100586,0.0,0.0,1,1,0.021377750276267832,0.01353820367318158,0.01695394515991211,0.002524852752685547,19,2,0.01354|0.01511|0.03548,0.01354,3,1
7500,76,10,19,0.0,0.16666666666666666,0.16666666666666666,0.010085344314575195,0.007268428802490234,0.0|0.33333,0.0|0.33333,2,2,0.17037321382736306,0.17037321382736306,0.010489225387573242,0.007380008697509766,19,9,-0.01234|0.32841,-0.01234|0.32841,2,2
7500,77,9,18,0.0,0.16666666666666666,0.16666666666666666,0.010284662246704102,0.0059680938720703125,0.0|0.33333,0.0|0.33333,2,2,0.17229930163697474,0.17229930163697474,0.009822368621826172,0.009530067443847656,19,7,-0.01486|0.32974,-0.01486|0.32974,2,2
7500,78,5,14,0.0,0.0,0.0,0.009747028350830078,0.003010988235473633,0.0,0.0,1,1,0.012400517019299265,0.005925975129434514,0.009762048721313477,0.0040242671966552734,19,2,-0.01888|-0.00593,-0.00593,2,1
7500,79,6,5,0.0,0.0,0.0,0.009745597839355469,0.0032351016998291016,0.0,0.0,1,1,0.004984747377652313,0.005435815796087571,0.009192705154418945,0.0024261474609375,19,2,0.00453|0.00544,0.00544,2,1
7500,80,4,12,0.0,0.0,0.0,0.008781194686889648,0.0031807422637939453,0.0,0.0,1,1,0.0017713974008801028,0.0017713974008801028,0.016969919204711914,0.0025627613067626953,19,2,-0.00177,-0.00177,1,1
7500,81,20,16,0.0,0.0,0.0,0.011459589004516602,0.004045724868774414,0.0,0.0,1,1,0.02164601753321034,0.02164601753321034,0.00972604751586914,0.0037384033203125,19,6,0.02165,0.02165,1,1
7500,82,20,2,0.0,0.0,0.0,0.010984420776367188,0.0039637088775634766,0.0,0.0,1,1,6.3535729488027765e-06,6.3535729488027765e-06,0.009823799133300781,0.003371000289916992,19,6,1e-05,1e-05,1,1
7500,83,19,12,0.0,0.0,0.0,0.009933233261108398,0.00487208366394043,0.0,0.0,1,1,0.029955872177832635,0.029955872177832635,0.009652137756347656,0.0041697025299072266,19,8,-0.02996,-0.02996,1,1
7500,84,17,8,0.0,0.0,0.0,0.009571075439453125,0.005357265472412109,0.0,0.0,1,1,0.021058076581553804,0.021058076581553804,0.009051084518432617,0.006543636322021484,19,6,-0.02106,-0.02106,1,1
7500,85,5,16,0.0,0.0,0.0,0.014873743057250977,0.003210783004760742,0.0,0.0,1,1,0.00036006176164511206,0.00017597403156741477,0.009160041809082031,0.0024607181549072266,19,2,-0.00054|0.00018,0.00018,2,1
7500,86,3,9,1.0,0.3333333333333333,0.5,0.009440422058105469,0.005104541778564453,0.0|1.0,0.0|1.0,2,2,0.3417108294328512,0.5070290042027277,0.009743928909301758,0.0046231746673583984,19,3,-0.00874|0.98893|0.99468,-0.00874|0.99468,3,2
7500,87,3,20,0.0,0.0,0.0,0.010547876358032227,0.00452733039855957,0.0,0.0,1,1,0.008059542714884573,0.0021582594992372015,0.018725872039794922,0.0037779808044433594,19,6,0.00107|0.00216|0.02095,0.00216,3,1
7500,88,4,14,0.0,0.0,0.0,0.01067662239074707,0.0036284923553466797,0.0,0.0,1,1,0.005182600689272577,0.005182600689272577,0.010112762451171875,0.0026674270629882812,19,2,0.00518,0.00518,1,1
7500,89,10,2,0.0,0.0,0.0,0.010433673858642578,0.0033245086669921875,0.0,0.0,1,1,0.007426004613759432,0.0027864870170490183,0.009694099426269531,0.0024728775024414062,19,2,-0.01207|0.00279,0.00279,2,1
7500,90,4,15,0.0,0.0,0.0,0.016143321990966797,0.002971649169921875,0.0,0.0,1,1,0.004739896168198182,0.004739896168198182,0.009107112884521484,0.0024290084838867188,19,2,0.00474,0.00474,1,1
7500,91,5,10,0.0,0.25,0.25,0.009093284606933594,0.004895210266113281,0.0|0.5,0.0|0.5,2,2,0.25972676422905505,0.25972676422905505,0.009427309036254883,0.005572080612182617,19,4,0.01449|0.50496,0.01449|0.50496,2,2
7500,92,3,19,1.0,0.0,0.0,0.008910179138183594,0.004415750503540039,1.0,1.0,1,1,0.03431598078343542,0.01755192717645071,0.01816534996032715,0.004510402679443359,19,7,0.95415|0.96046|0.98245,0.98245,3,1
7500,93,2,3,0.0,0.0,0.0,0.01039743423461914,0.0035851001739501953,0.0,0.0,1,1,0.013172098562700789,0.003281887643519683,0.011316776275634766,0.003017902374267578,19,2,0.00328|0.02306,0.00328,2,1
7500,94,11,10,0.0,0.0,0.0,0.010801315307617188,0.003435850143432617,0.0,0.0,1,1,0.005478651535420594,0.005478651535420594,0.011016368865966797,0.002842426300048828,19,2,0.00548,0.00548,1,1
7500,95,6,14,0.0,0.0,0.0,0.013514995574951172,0.003278493881225586,0.0,0.0,1,1,0.0018636049006402118,0.00222999411757649,0.010536909103393555,0.0025131702423095703,19,2,-0.00223|-0.0015,-0.00223,2,1
7500,96,6,13,0.0,0.0,0.0,0.009609460830688477,0.0028085708618164062,0.0,0.0,1,1,0.0013040518128533214,0.00025009969332211976,0.009442329406738281,0.002454042434692383,19,2,-0.00025|0.00236,-0.00025,2,1
7500,97,10,19,0.0,0.16666666666666666,0.16666666666666666,0.009276151657104492,0.0062046051025390625,0.0|0.33333,0.0|0.33333,2,2,0.17370743125259064,0.17370743125259064,0.015341997146606445,0.005509138107299805,19,9,-0.01285|0.33457,-0.01285|0.33457,2,2
7500,98,13,20,0.0,0.0,0.0,0.00871896743774414,0.003477334976196289,0.0,0.0,1,1,0.0026902470278067875,9.561213897804823e-05,0.009447813034057617,0.003134012222290039,19,6,-0.00528|-0.0001,-0.0001,2,1
7500,99,1,8,0.0,0.0,0.0,0.00910186767578125,0.0032346248626708984,0.0,0.0,1,1,0.0018708962657672202,0.00240388510541265,0.010938882827758789,0.0027899742126464844,19,2,-0.0024|0.00134,-0.0024,2,1
10000,0,14,10,0.0,0.0,0.0,0.010528564453125,0.0033109188079833984,0.0,0.0,1,1,0.008608797845344277,0.0015116887917175769,0.009512662887573242,0.0025768280029296875,19,2,-0.01571|0.00151,0.00151,2,1
10000,1,19,5,-6.661338147750939e-17,0.0,0.0,0.010088205337524414,0.006891965866088867,-0.0,-0.0,1,1,0.0026927715095112674,0.0026927715095112674,0.01064300537109375,0.006147623062133789,19,8,0.00269,0.00269,1,1
10000,2,6,12,0.0,0.0,0.0,0.015860795974731445,0.002868175506591797,0.0,0.0,1,1,0.005506151031622775,0.0016106870105149793,0.009222984313964844,0.002490997314453125,19,2,0.00161|0.0094,0.00161,2,1
10000,3,6,19,0.0,0.25,0.25,0.00938868522644043,0.005906105041503906,0.0|0.5,0.0|0.5,2,2,0.2658543309120198,0.2658543309120198,0.009590387344360352,0.0072956085205078125,19,8,-0.03074|0.50096,-0.03074|0.50096,2,2
10000,4,11,19,0.0,0.0,0.0,0.008562326431274414,0.004862546920776367,0.0,0.0,1,1,0.0019199749553503213,0.0019199749553503213,0.02461838722229004,0.00579380989074707,19,8,0.00192,0.00192,1,1
10000,5,16,4,0.0,0.0,0.0,0.012691259384155273,0.003794431686401367,0.0,0.0,1,1,0.004570409205402625,0.00186210947957165,0.010888814926147461,0.0030660629272460938,19,2,-0.00728|-0.00186,-0.00186,2,1
10000,6,18,10,0.0,0.0,0.0,0.011754989624023438,0.006849765777587891,0.0,0.0,1,1,0.002654784029598394,0.002654784029598394,0.010838508605957031,0.006811380386352539,19,7,0.00265,0.00265,1,1
10000,7,2,1,0.0,0.0,0.0,0.010441303253173828,0.0029706954956054688,0.0,0.0,1,1,0.010374916464561996,0.007790541675330867,0.010483026504516602,0.0024013519287109375,19,2,0.00779|0.01296,0.00779,2,1
10000,8,15,9,0.0,0.0,0.0,0.011829853057861328,0.0029087066650390625,0.0,0.0,1,1,0.010028531245423362,0.010028531245423362,0.008901119232177734,0.0024597644805908203,19,2,0.01003,0.01003,1,1
10000,9,5,19,0.0,0.25,0.25,0.009090185165405273,0.006053924560546875,0.0|0.5,0.0|0.5,2,2,0.25609490876050284,0.25609490876050284,0.016687393188476562,0.005648612976074219,19,8,-0.01072|0.50147,-0.01072|0.50147,2,2
10000,10,19,9,-6.661338147750939e-17,0.0,0.0,0.009254932403564453,0.008035898208618164,-0.0,-0.0,1,1,0.012461269407316925,0.012461269407316925,0.009168148040771484,0.007902860641479492,19,9,-0.01246,-0.01246,1,1
10000,11,17,6,0.0,0.0,0.0,0.01144552230834961,0.009746789932250977,0.0,0.0,1,1,0.01779007651873386,0.01779007651873386,0.011540651321411133,0.00454258918762207,19,5,-0.01779,-0.01779,1,1
10000,12,6,18,0.0,0.25,0.25,0.010509967803955078,0.006554126739501953,0.0|0.5,0.0|0.5,2,2,0.25628428201777065,0.25628428201777065,0.010178327560424805,0.006087779998779297,19,6,0.00805|0.50452,0.00805|0.50452,2,2
10000,13,8,6,0.0,0.0,0.0,0.009815692901611328,0.0029265880584716797,0.0,0.0,1,1,0.011938528266690136,0.006795809684815271,0.009865760803222656,0.0025131702423095703,19,2,-0.00265|0.0068|0.01266|0.02565,0.0068,4,1
10000,14,5,9,0.0,0.25,0.25,0.015051126480102539,0.007892847061157227,0.0|0.5,0.0|0.5,2,2,0.25998951524288155,0.25998951524288155,0.009119272232055664,0.0059587955474853516,19,4,0.01557|0.50441,0.01557|0.50441,2,2
10000,15,19,11,0.0,0.0,0.0,0.009512186050415039,0.004034519195556641,0.0,0.0,1,1,0.0026269405718997363,0.0026269405718997363,0.008852481842041016,0.003696441650390625,19,8,0.00263,0.00263,1,1
10000,16,6,16,0.0,0.0,0.0,0.00874471664428711,0.004367351531982422,0.0,0.0,1,1,0.006483833523634543,0.00136755615869274,0.014773368835449219,0.003099203109741211,19,2,0.00137|0.0116,0.00137,2,1
10000,17,8,5,0.0,0.375,0.25,0.01215815544128418,0.007059812545776367,0.0|0.5,0.0|0.5,2,2,0.3751436896365274,0.24968327136543642,0.012647628784179688,0.0055084228515625,19,3,0.00265|0.49672|0.49981|0.5014,0.00265|0.49672,4,2
10000,18,8,16,0.0,0.0,0.0,0.012722253799438477,0.003147602081298828,0.0,0.0,1,1,0.00772945053134582,0.0017564734590402246,0.01000213623046875,0.0028519630432128906,19,2,-0.01931|-0.00854|-0.00176|-0.00131,-0.00176,4,1
10000,19,15,10,0.0,0.0,0.0,0.010756254196166992,0.0032842159271240234,0.0,0.0,1,1,0.00988144259264482,0.00988144259264482,0.00921630859375,0.0033702850341796875,19,2,0.00988,0.00988,1,1
10000,20,18,10,0.0,0.0,0.0,0.010050296783447266,0.00548100471496582,0.0,0.0,1,1,0.0006388406467492799,0.0006388406467492799,0.009068489074707031,0.00505375862121582,19,7,0.00064,0.00064,1,1
10000,21,8,17,0.0,0.375,0.25,0.014839649200439453,0.005568027496337891,0.0|0.5,0.0|0.5,2,2,0.3655258822351889,0.25196174597925464,0.011516571044921875,0.005028724670410156,19,6,-0.00875|0.47774|0.48044|0.49518,-0.00875|0.49518,4,2
10000,22,13,6,0.0,0.0,0.0,0.011023521423339844,0.0038471221923828125,0.0,0.0,1,1,0.0067699084991498315,0.0047171194673944865,0.01101541519165039,0.003225564956665039,19,2,-0.00882|0.00472,0.00472,2,1
10000,23,9,16,0.0,0.0,0.0,0.01108694076538086,0.007296085357666016,0.0,0.0,1,1,0.005208606793960821,0.0027788631704368334,0.011097431182861328,0.00470733642578125,19,2,-0.00764|-0.00278,-0.00278,2,1
10000,24,9,2,0.0,0.0,0.0,0.011043787002563477,0.003412961959838867,0.0,0.0,1,1,0.0029588112851181366,0.00033205363312254805,0.010643482208251953,0.003067493438720703,19,2,-0.00559|-0.00033,-0.00033,2,1
10000,25,19,9,-6.661338147750939e-17,0.0,0.0,0.009773015975952148,0.006537199020385742,-0.0,-0.0,1,1,0.0037552030944075754,0.0037552030944075754,0.010001659393310547,0.005684852600097656,19,9,-0.00376,-0.00376,1,1
10000,26,12,6,0.0,0.0,0.0,0.014838457107543945,0.003320455551147461,0.0,0.0,1,1,0.0023613586115193604,0.0023613586115193604,0.00925135612487793,0.0024008750915527344,19,2,-0.00236,-0.00236,1,1
10000,27,14,2,0.0,0.0,0.0,0.009532451629638672,0.0027687549591064453,0.0,0.0,1,1,0.0017405594383457263,0.0028362127928987626,0.010972738265991211,0.0023779869079589844,19,2,0.00064|0.00284,0.00284,2,1
10000,28,12,2,0.0,0.0,0.0,0.008863687515258789,0.007850170135498047,0.0,0.0,1,1,0.0008460155435263307,0.0008460155435263307,0.008664608001708984,0.002985715866088867,19,2,0.00085,0.00085,1,1
10000,29,13,2,0.0,0.0,0.0,0.010367393493652344,0.0032896995544433594,0.0,0.0,1,1,0.007225848790096866,0.0010338896940766057,0.011328458786010742,0.00452113151550293,19,2,-0.01342|0.00103,0.00103,2,1
10000,30,14,1,0.0,0.0,0.0,0.011470317840576172,0.0041713714599609375,0.0,0.0,1,1,0.003381616794460253,0.001143437788974515,0.010185718536376953,0.0025835037231445312,19,2,-0.00562|0.00114,0.00114,2,1
10000,31,9,2,0.0,0.0,0.0,0.016956329345703125,0.0032775402069091797,0.0,0.0,1,1,0.0013961582989772462,0.001206277290382704,0.011451959609985352,0.0024547576904296875,19,2,0.00121|0.00159,0.00121,2,1
10000,32,4,18,0.0,0.0,0.0,0.010467529296875,0.003913402557373047,0.0,0.0,1,1,0.0020102697513403774,0.0020102697513403774,0.012096166610717773,0.0032896995544433594,19,6,0.00201,0.00201,1,1
10000,33,12,1,0.0,0.0,0.0,0.01062774658203125,0.0030510425567626953,0.0,0.0,1,1,0.001009930090179914,0.001009930090179914,0.008996725082397461,0.002431154251098633,19,2,0.00101,0.00101,1,1
10000,34,14,17,0.0,0.0,0.0,0.011106014251708984,0.00443267822265625,0.0,0.0,1,1,0.005028445509201101,0.005196287666231591,0.009252309799194336,0.0033588409423828125,19,5,0.00486|0.0052,0.0052,2,1
10000,35,20,6,0.0,0.0,0.0,0.010167837142944336,0.0042285919189453125,0.0,0.0,1,1,0.0096119733461192,0.0096119733461192,0.010555744171142578,0.005778074264526367,19,6,0.00961,0.00961,1,1
10000,36,17,4,0.0,0.0,0.0,0.016559600830078125,0.004782199859619141,0.0,0.0,1,1,0.013147213920207452,0.013147213920207452,0.011533975601196289,0.0036220550537109375,19,5,-0.01315,-0.01315,1,1
10000,37,17,8,0.0,0.0,0.0,0.010083675384521484,0.0060176849365234375,0.0,0.0,1,1,0.002720327517616716,0.002720327517616716,0.011381864547729492,0.005407571792602539,19,6,-0.00272,-0.00272,1,1
10000,38,10,4,0.0,0.0,0.0,0.008972644805908203,0.005662441253662109,0.0,0.0,1,1,0.001459398304748824,0.0014215598601855116,0.014460325241088867,0.0025701522827148438,19,2,-0.00142|0.0015,-0.00142,2,1
10000,39,11,1,0.0,0.0,0.0,0.011069774627685547,0.0029554367065429688,0.0,0.0,1,1,0.00048503340302451367,0.00048503340302451367,0.009406328201293945,0.002560853958129883,19,2,0.00049,0.00049,1,1
10000,40,17,3,0.0,0.0,0.0,0.010706901550292969,0.005576133728027344,0.0,0.0,1,1,0.005544690314645048,0.005544690314645048,0.008773326873779297,0.00630640983581543,19,5,0.00554,0.00554,1,1
10000,41,3,14,0.0,0.0,0.0,0.0178983211517334,0.0037260055541992188,0.0,0.0,1,1,0.004533870402517438,0.001075644121396413,0.01038980484008789,0.0027489662170410156,19,2,-0.00973|-0.0028|-0.00108,-0.00108,3,1
10000,42,2,13,0.0,0.0,0.0,0.011815547943115234,0.0034656524658203125,0.0,0.0,1,1,0.007182391368279411,0.006050745808056276,0.010286569595336914,0.0030813217163085938,19,2,-0.00831|-0.00605,-0.00605,2,1
10000,43,13,19,1.0,0.0,0.0,0.012961626052856445,0.004537820816040039,1.0,1.0,1,1,0.016105508282831527,0.007995151032223369,0.01533961296081543,0.003621816635131836,19,7,0.97578|0.992,0.992,2,1
10000,44,13,17,0.0,0.0,0.0,0.009605169296264648,0.0036382675170898438,0.0,0.0,1,1,0.014148853031784044,0.005887972758434248,0.009162664413452148,0.0033266544342041016,19,5,-0.02241|-0.00589,-0.00589,2,1
10000,45,10,13,0.0,0.0,0.0,0.008938074111938477,0.0026772022247314453,0.0,0.0,1,1,0.008109325531447702,0.004979512987132776,0.008703947067260742,0.002371072769165039,19,2,-0.01124|-0.00498,-0.00498,2,1
10000,46,17,12,0.0,0.0,0.0,0.016897201538085938,0.0035932064056396484,0.0,0.0,1,1,0.0024198799634783785,0.0024198799634783785,0.01204681396484375,0.0032918453216552734,19,5,-0.00242,-0.00242,1,1
10000,47,15,9,0.0,0.0,0.0,0.01261281967163086,0.0032546520233154297,0.0,0.0,1,1,0.004474350835005915,0.004474350835005915,0.010910272598266602,0.002663135528564453,19,2,0.00447,0.00447,1,1
10000,48,16,1,0.0,0.0,0.0,0.010907888412475586,0.0032699108123779297,0.0,0.0,1,1,0.0020121027288066903,0.0017599872643769643,0.016989707946777344,0.002424478530883789,19,2,-0.00226|-0.00176,-0.00176,2,1
10000,49,12,18,0.0,0.0,0.0,0.010293006896972656,0.004636287689208984,0.0,0.0,1,1,0.003734661209120364,0.003734661209120364,0.010762691497802734,0.0038907527923583984,19,6,0.00373,0.00373,1,1
10000,50,10,12,0.0,0.0,0.0,0.010029077529907227,0.0028924942016601562,0.0,0.0,1,1,0.003296076128363694,0.0019495663414724974,0.010545969009399414,0.0024824142456054688,19,2,-0.00464|0.00195,0.00195,2,1
10000,51,14,12,0.0,0.0,0.0,0.01658320426940918,0.0037250518798828125,0.0,0.0,1,1,0.004817362685233949,0.00107310292123136,0.00912332534790039,0.0024755001068115234,19,2,-0.00856|-0.00107,-0.00107,2,1
10000,52,19,8,-6.661338147750939e-17,0.0,0.0,0.009412765502929688,0.005511045455932617,-0.0,-0.0,1,1,0.013955692566287722,0.013955692566287722,0.00914621353149414,0.006676673889160156,19,8,-0.01396,-0.01396,1,1
10000,53,1,5,0.0,0.0,0.0,0.009936094284057617,0.0034072399139404297,0.0,0.0,1,1,0.007774369896554879,0.007822997648861296,0.018158435821533203,0.0029430389404296875,19,2,0.00773|0.00782,0.00782,2,1
10000,54,14,6,0.0,0.0,0.0,0.01119685173034668,0.00365447998046875,0.0,0.0,1,1,0.004565041652671659,0.0002466358768011505,0.011141538619995117,0.0033111572265625,19,2,-0.00888|-0.00025,-0.00025,2,1
10000,55,12,1,0.0,0.0,0.0,0.01059865951538086,0.003209829330444336,0.0,0.0,1,1,0.017565151607570648,0.017565151607570648,0.00990438461303711,0.002707958221435547,19,2,-0.01757,-0.01757,1,1
10000,56,10,5,0.0,0.16666666666666666,0.16666666666666666,0.013406753540039062,0.005632638931274414,0.0|0.33333,0.0|0.33333,2,2,0.16957272425662875,0.16957272425662875,0.00974130630493164,0.005095005035400391,19,4,-0.00873|0.33042,-0.00873|0.33042,2,2
10000,57,11,19,0.0,0.0,0.0,0.008949041366577148,0.004083156585693359,0.0,0.0,1,1,0.01233410475504814,0.01233410475504814,0.009358644485473633,0.003686666488647461,19,8,0.01233,0.01233,1,1
10000,58,8,5,0.0,0.375,0.25,0.015413284301757812,0.006516456604003906,0.0|0.5,0.0|0.5,2,2,0.37505562715627355,0.26192882419364133,0.014758586883544922,0.00563359260559082,19,3,0.02739|0.48674|0.48963|0.49647,0.02739|0.49647,4,2
10000,59,2,5,0.0,0.0,0.0,0.012937545776367188,0.003785848617553711,0.0,0.0,1,1,0.0024700201799370135,0.0004009741286138192,0.011269807815551758,0.002923250198364258,19,2,-0.0004|0.00454,-0.0004,2,1
10000,60,6,3,0.0,0.0,0.0,0.010511636734008789,0.0032613277435302734,0.0,0.0,1,1,0.0016227014492363526,0.0010531836187253718,0.01068425178527832,0.0071256160736083984,19,2,0.00105|0.00219,0.00105,2,1
10000,61,15,9,0.0,0.0,0.0,0.01058506965637207,0.003036975860595703,0.0,0.0,1,1,0.007321228627748174,0.007321228627748174,0.009392976760864258,0.0024497509002685547,19,2,-0.00732,-0.00732,1,1
10000,62,10,13,0.0,0.0,0.0,0.009832143783569336,0.0027959346771240234,0.0,0.0,1,1,0.0006077116188314175,0.0006504619965617917,0.009195804595947266,0.002602815628051758,19,2,-0.00056|0.00065,0.00065,2,1
10000,63,14,12,0.0,0.0,0.0,0.008908271789550781,0.004973649978637695,0.0,0.0,1,1,0.009709645491716101,0.0037293731452242972,0.017090797424316406,0.0024566650390625,19,2,0.00373|0.01569,0.00373,2,1
10000,64,5,16,0.0,0.0,0.0,0.00911712646484375,0.0036296844482421875,0.0,0.0,1,1,0.006471068037419545,0.0003488098389660352,0.009478092193603516,0.002592325210571289,19,2,-0.00035|0.01259,-0.00035,2,1
10000,65,11,13,0.0,0.0,0.0,0.009985685348510742,0.003708362579345703,0.0,0.0,1,1,0.005683059465643667,0.005683059465643667,0.011451005935668945,0.0026547908782958984,19,2,-0.00568,-0.00568,1,1
10000,66,6,9,0.0,0.0,0.0,0.020205974578857422,0.003980875015258789,0.0,0.0,1,1,0.004049630331907902,0.004017094699480744,0.013719797134399414,0.0026302337646484375,19,2,-0.00408|-0.00402,-0.00402,2,1
10000,67,6,2,0.0,0.0,0.0,0.011626243591308594,0.003390789031982422,0.0,0.0,1,1,0.0026546841715680064,0.000282627582256576,0.010279655456542969,0.0026717185974121094,19,2,0.00028|0.00503,0.00028,2,1
10000,68,10,6,0.0,0.0,0.0,0.009689569473266602,0.0040547847747802734,0.0,0.0,1,1,0.001533755227545748,0.0011314123897124223,0.015511512756347656,0.0025026798248291016,19,2,0.00113|0.00194,0.00113,2,1
10000,69,18,10,0.0,0.0,0.0,0.009094953536987305,0.0055408477783203125,0.0,0.0,1,1,0.02802400329633602,0.02802400329633602,0.008896589279174805,0.0056455135345458984,19,7,0.02802,0.02802,1,1
10000,70,8,20,0.0,0.0,0.0,0.010648488998413086,0.0037424564361572266,0.0,0.0,1,1,0.006456601336724831,0.004020420009996004,0.009638547897338867,0.003263711929321289,19,6,0.00402|0.00702|0.00725|0.00754,0.00402,4,1
10000,71,3,20,0.0,0.0,0.0,0.012665748596191406,0.0059702396392822266,0.0,0.0,1,1,0.005935498835885441,0.000613823451010572,0.009449243545532227,0.0037717819213867188,19,6,-0.00568|-0.00061|0.01151,-0.00061,3,1
10000,72,12,1,0.0,0.0,0.0,0.013676881790161133,0.003214120864868164,0.0,0.0,1,1,0.0024031717267393544,0.0024031717267393544,0.011934518814086914,0.00289154052734375,19,2,0.0024,0.0024,1,1
10000,73,12,9,0.0,0.0,0.0,0.009948492050170898,0.004837512969970703,0.0,0.0,1,1,0.0031198572179855773,0.0031198572179855773,0.018968582153320312,0.00551915168762207,19,2,0.00312,0.00312,1,1
10000,74,2,11,0.0,0.0,0.0,0.011272192001342773,0.0030870437622070312,0.0,0.0,1,1,0.008512303809887451,0.006490631450323248,0.009936809539794922,0.002572298049926758,19,2,0.00649|0.01053,0.00649,2,1
10000,75,16,9,0.0,0.0,0.0,0.009334802627563477,0.0027544498443603516,0.0,0.0,1,1,0.01284239044597446,0.004295102473745333,0.009059429168701172,0.002430438995361328,19,2,-0.02139|-0.0043,-0.0043,2,1
10000,76,12,10,0.0,0.0,0.0,0.01818060874938965,0.002948760986328125,0.0,0.0,1,1,0.0005395017104677859,0.0005395017104677859,0.010010004043579102,0.0024268627166748047,19,2,-0.00054,-0.00054,1,1
10000,77,4,8,0.0,0.0,0.0,0.011593103408813477,0.0029435157775878906,0.0,0.0,1,1,0.0028470338586567947,0.0028470338586567947,0.009620904922485352,0.0030226707458496094,19,2,0.00285,0.00285,1,1
10000,78,15,16,0.0,0.0,0.0,0.010212182998657227,0.00438237190246582,0.0,0.0,1,1,0.005659542538635144,0.005659542538635144,0.014090299606323242,0.0036134719848632812,19,2,-0.00566,-0.00566,1,1
10000,79,15,13,0.0,0.0,0.0,0.01070094108581543,0.0035529136657714844,0.0,0.0,1,1,0.011787125269993346,0.011787125269993346,0.010259866714477539,0.0028824806213378906,19,2,-0.01179,-0.01179,1,1
10000,80,1,5,0.0,0.0,0.0,0.010687589645385742,0.003357410430908203,0.0,0.0,1,1,0.007707072695759189,0.007335457911424834,0.010750293731689453,0.0031037330627441406,19,2,-0.00808|-0.00734,-0.00734,2,1
10000,81,10,6,0.0,0.0,0.0,0.015750408172607422,0.0036885738372802734,0.0,0.0,1,1,0.0016866048479164176,0.00202668581402586,0.011635303497314453,0.002464771270751953,19,2,-0.00203|-0.00135,-0.00203,2,1
10000,82,6,5,0.0,0.0,0.0,0.009287357330322266,0.0028214454650878906,0.0,0.0,1,1,0.0066958748090691226,0.0012082022715592564,0.009220123291015625,0.002431154251098633,19,2,-0.01218|-0.00121,-0.00121,2,1
10000,83,8,4,0.0,0.0,0.0,0.009253740310668945,0.0031006336212158203,0.0,0.0,1,1,0.0023059864017334164,0.000335425809032279,0.011775493621826172,0.002527952194213867,19,2,-0.00139|-0.00034|-0.00023|0.00727,-0.00034,4,1
10000,84,17,4,0.0,0.0,0.0,0.010648727416992188,0.004079103469848633,0.0,0.0,1,1,0.009650240373280035,0.009650240373280035,0.011079788208007812,0.003787517547607422,19,5,-0.00965,-0.00965,1,1
10000,85,9,3,0.0,0.16666666666666666,0.16666666666666666,0.01140904426574707,0.007016181945800781,0.0|0.33333,0.0|0.33333,2,2,0.1678255797663801,0.1678255797663801,0.01043558120727539,0.006837368011474609,19,3,-4e-05|0.33561,-4e-05|0.33561,2,2
10000,86,11,2,0.0,0.0,0.0,0.018732309341430664,0.003164052963256836,0.0,0.0,1,1,0.0056486503461227,0.0056486503461227,0.011112213134765625,0.002532482147216797,19,2,0.00565,0.00565,1,1
10000,87,12,5,0.0,0.0,0.0,0.009558677673339844,0.003855466842651367,0.0,0.0,1,1,0.0008132938565908776,0.0008132938565908776,0.009334087371826172,0.0025763511657714844,19,2,-0.00081,-0.00081,1,1
10000,88,10,20,0.0,0.0,0.0,0.009479045867919922,0.007245302200317383,0.0,0.0,1,1,0.005123005898679946,0.0004527511435426333,0.008842706680297852,0.006687164306640625,19,6,-0.00979|0.00045,0.00045,2,1
10000,89,13,20,0.0,0.0,0.0,0.009631156921386719,0.00587153434753418,0.0,0.0,1,1,0.014021373511114259,0.00993132839568664,0.01031947135925293,0.004018545150756836,19,6,0.00993|0.01811,0.00993,2,1
10000,90,11,13,0.0,0.0,0.0,0.013323307037353516,0.003390073776245117,0.0,0.0,1,1,0.004100250585605165,0.004100250585605165,0.011039495468139648,0.0028579235076904297,19,2,-0.0041,-0.0041,1,1
10000,91,12,5,0.0,0.0,0.0,0.019055843353271484,0.003313302993774414,0.0,0.0,1,1,0.0014063090578556206,0.0014063090578556206,0.011950016021728516,0.0025634765625,19,2,-0.00141,-0.00141,1,1
10000,92,13,20,0.0,0.0,0.0,0.010795831680297852,0.0039288997650146484,0.0,0.0,1,1,0.00873308737669298,0.004560694011797324,0.010101556777954102,0.0033245086669921875,19,6,0.00456|0.01291,0.00456,2,1
10000,93,5,9,0.0,0.25,0.25,0.009253740310668945,0.01106572151184082,0.0|0.5,0.0|0.5,2,2,0.2512313008776412,0.2512313008776412,0.009211063385009766,0.006317615509033203,19,4,-0.00712|0.49534,-0.00712|0.49534,2,2
10000,94,4,16,0.0,0.0,0.0,0.009015321731567383,0.002839326858520508,0.0,0.0,1,1,0.000232951234564341,0.000232951234564341,0.009032964706420898,0.0024814605712890625,19,2,-0.00023,-0.00023,1,1
10000,95,9,1,0.0,0.0,0.0,0.00906682014465332,0.0027070045471191406,0.0,0.0,1,1,0.0026845146481646424,0.00023493405671260354,0.008668899536132812,0.0024416446685791016,19,2,-0.00023|0.00513,-0.00023,2,1
10000,96,19,16,0.0,0.0,0.0,0.021413803100585938,0.005806446075439453,0.0,0.0,1,1,0.013542366997854152,0.013542366997854152,0.011405229568481445,0.004489898681640625,19,8,0.01354,0.01354,1,1
10000,97,10,17,0.0,0.16666666666666666,0.16666666666666666,0.011097431182861328,0.006167173385620117,0.0|0.33333,0.0|0.33333,2,2,0.17207471605495775,0.17207471605495775,0.009390115737915039,0.005923032760620117,19,7,-0.01797|0.32618,-0.01797|0.32618,2,2
10000,98,2,10,0.0,0.0,0.0,0.009414911270141602,0.0032072067260742188,0.0,0.0,1,1,0.007509390425911153,0.004384997756700887,0.017489194869995117,0.0025742053985595703,19,2,0.00438|0.01063,0.00438,2,1
10000,99,20,8,0.0,0.0,0.0,0.009944438934326172,0.003775358200073242,0.0,0.0,1,1,0.003916997714339043,0.003916997714339043,0.00955653190612793,0.0033447742462158203,19,6,0.00392,0.00392,1,1
