Sample_Size,Exp_ID,T,Y,True_Effect,MAE_Full,MAE_Local,Time_Full,Time_Local,Eff_Full,Eff_Local,Set_Size_Full,Set_Size_Local,MAE_Full_n,MAE_Local_n,Time_Full_n,Time_Local_n,Vars_Full,Vars_Local,Eff_Full_n,Eff_Local_n,Set_Size_Full_n,Set_Size_Local_n
500,0,1,75,3283.000000005059,873.0000000032705,873.0000000032705,0.6394686698913574,0.6314711570739746,724.0|3223.0|3283.0,724.0|3223.0|3283.0,3,3,986.8079342284691,986.8079342284691,0.5827665328979492,0.6337361335754395,80,61,597.72597|3085.38021|3205.47002,597.72597|3085.38021|3205.47002,3,3
500,1,3,12,0.9999999999997906,0.49999999999967115,0.4999999999995566,0.5626726150512695,0.009123802185058594,0.0|1.0,0.0|1.0,2,2,0.4817492639992602,0.5113902255189915,0.5652344226837158,0.008126974105834961,80,4,0.00635|0.19205|0.19811|1.02914|1.08268|1.17519,0.00635|1.02914,6,2
500,2,3,65,26.000000000050054,3.1666666666641388,3.1666666666641388,0.6306931972503662,0.06281161308288574,21.0|22.0|26.0|27.0|30.0,21.0|22.0|26.0|27.0|30.0,5,5,5.010012122355822,5.010012122355822,0.5516304969787598,0.0737302303314209,80,27,17.40368|17.51081|19.22122|24.27818|24.46786|28.94182,17.40368|17.51081|19.22122|24.27818|24.46786|28.94182,6,6
500,3,34,45,1.5664506728742218e-12,0.0,0.0,0.5698943138122559,0.038666725158691406,0.0,0.0,1,1,0.3012394773467035,0.3012394773467035,0.5792398452758789,0.03141498565673828,80,24,0.30124,0.30124,1,1
500,4,66,55,1.1850002740075888e-09,0.0,0.0,0.572878360748291,0.44800829887390137,0.0,0.0,1,1,0.14064627876193236,0.14064627876193236,0.5476627349853516,0.5344245433807373,80,56,0.14065,0.14065,1,1
500,5,66,16,1.5651031301186979e-12,0.0,0.0,0.5409629344940186,0.4114561080932617,0.0,0.0,1,1,0.443961283812902,0.443961283812902,0.5265357494354248,0.41790151596069336,80,55,-0.44396,-0.44396,1,1
500,6,6,40,5.0608406354557395e-12,1.7500000000026998,1.7500000000026998,0.5664775371551514,0.020869970321655273,0.0|3.5,0.0|3.5,2,2,1.7864066777271692,1.7864066777271692,0.5639753341674805,0.02539372444152832,80,16,0.05151|3.5213,0.05151|3.5213,2,2
500,7,15,61,5.000000000004666,0.0,0.0,0.5426945686340332,0.1426539421081543,5.0,5.0,1,1,4.937350303349695,4.937350303349695,0.579573392868042,0.1384577751159668,80,39,9.93735,9.93735,1,1
500,8,34,12,3.921418414843097e-14,0.0,0.0,0.5593774318695068,0.019591331481933594,0.0,0.0,1,1,0.052085967662131236,0.052085967662131236,0.5272879600524902,0.027883529663085938,80,14,0.05209,0.05209,1,1
500,9,26,32,1.101341240426393e-14,0.0,0.0,0.5476157665252686,0.03968238830566406,0.0,0.0,1,1,1.6417593688795622,1.6417593688795622,0.61855149269104,0.0354008674621582,80,20,-1.64176,-1.64176,1,1
500,10,16,79,1670.0000000025846,0.0,0.0,0.542578935623169,0.6999509334564209,1670.0,1670.0,1,1,32.18683989327633,32.18683989327633,0.5525164604187012,0.6961867809295654,80,68,1637.81316,1637.81316,1,1
500,11,69,6,7.386462956750217e-13,0.0,0.0,0.5634949207305908,0.28875041007995605,0.0,0.0,1,1,0.11129551148554373,0.11129551148554373,0.622687578201294,0.29378342628479004,80,50,-0.1113,-0.1113,1,1
500,12,47,18,4.099725568398134e-13,0.0,0.0,0.5655841827392578,0.14836859703063965,0.0,0.0,1,1,0.20175928746343588,0.20175928746343588,0.5585174560546875,0.14419221878051758,80,41,-0.20176,-0.20176,1,1
500,13,44,54,1.0000000000132463,0.0,0.0,0.5608904361724854,0.2566370964050293,1.0,1.0,1,1,0.620513858404478,0.620513858404478,0.5494811534881592,0.24413609504699707,80,48,1.62051,1.62051,1,1
500,14,37,18,-2.1829947448179203e-14,0.0,0.0,0.5474541187286377,0.03743171691894531,-0.0,-0.0,1,1,0.07890871699179589,0.07890871699179589,0.5300986766815186,0.03942704200744629,80,25,-0.07891,-0.07891,1,1
500,15,40,6,8.240322004965496e-15,0.0,0.0,0.6567559242248535,0.02408599853515625,0.0,0.0,1,1,0.029896479552387473,0.029896479552387473,0.5699164867401123,0.026490211486816406,80,16,0.0299,0.0299,1,1
500,16,58,43,2.3039194159216078e-12,0.0,0.0,0.6095454692840576,0.12935829162597656,0.0,0.0,1,1,0.6004435947852867,0.6004435947852867,0.5223770141601562,0.12180709838867188,80,39,-0.60044,-0.60044,1,1
500,17,23,75,15.999999999995897,0.0,0.0,0.5412616729736328,0.6236371994018555,16.0,16.0,1,1,223.0376508364259,223.0376508364259,0.5255012512207031,0.6129119396209717,80,61,239.03765,239.03765,1,1
500,18,4,13,2.682327943788437e-12,0.0,0.0,0.48270654678344727,0.006036281585693359,0.0,0.0,1,1,0.0316373754965219,0.0316373754965219,0.5315907001495361,0.005288600921630859,80,4,0.03164,0.03164,1,1
500,19,68,20,1.92506760505383e-11,0.0,0.0,0.46814990043640137,0.32396697998046875,0.0,0.0,1,1,0.42519464050093836,0.42519464050093836,0.4693567752838135,0.3148462772369385,80,53,-0.42519,-0.42519,1,1
500,20,61,35,1.5486050990347332e-13,0.0,0.0,0.4721693992614746,0.11907815933227539,0.0,0.0,1,1,0.0716455592135095,0.0716455592135095,0.476243257522583,0.11491250991821289,80,39,-0.07165,-0.07165,1,1
500,21,30,55,10.000000000002292,0.0,0.0,0.46837830543518066,0.19742321968078613,10.0,10.0,1,1,13.515923931030237,13.515923931030237,0.4645857810974121,0.18762969970703125,80,46,23.51592,23.51592,1,1
500,22,33,60,2.000000000000451,0.0,0.0,0.47150611877441406,0.14263606071472168,2.0,2.0,1,1,0.7082661368327203,0.7082661368327203,0.4698007106781006,0.14160537719726562,80,42,1.29173,1.29173,1,1
500,23,21,60,10.00000000000018,0.0,0.0,0.5262260437011719,0.14564251899719238,10.0,10.0,1,1,5.447122567609644,5.447122567609644,0.46483349800109863,0.14114832878112793,80,42,4.55288,4.55288,1,1
500,24,52,19,6.206551049752871e-14,0.0,0.0,0.46605443954467773,0.05386018753051758,0.0,0.0,1,1,0.6776277216495524,0.6776277216495524,0.47380995750427246,0.059639692306518555,80,31,-0.67763,-0.67763,1,1
500,25,56,35,-6.622194882909791e-14,0.0,0.0,0.4760615825653076,0.050513505935668945,-0.0,-0.0,1,1,0.13611222509494245,0.13611222509494245,0.5416946411132812,0.05672788619995117,80,29,-0.13611,-0.13611,1,1
500,26,49,72,3.9999999999650586,0.0,0.0,0.46953439712524414,0.4591636657714844,4.0,4.0,1,1,8.290679054399101,8.290679054399101,0.46697092056274414,0.46413731575012207,80,59,-4.29068,-4.29068,1,1
500,27,44,54,1.0000000000132463,0.0,0.0,0.470320463180542,0.21310997009277344,1.0,1.0,1,1,1.5080395248029297,1.5080395248029297,0.4671645164489746,0.2084968090057373,80,48,-0.50804,-0.50804,1,1
500,28,10,35,1.8474111129758273e-13,0.5000000000019349,0.5000000000019349,0.46994519233703613,0.023877620697021484,0.0|1.0,0.0|1.0,2,2,0.5250612323894138,0.5250612323894138,0.4672122001647949,0.02835988998413086,80,18,-0.05162|0.9985,-0.05162|0.9985,2,2
500,29,54,14,1.5234719003707133e-13,0.0,0.0,0.47217631340026855,0.21765947341918945,0.0,0.0,1,1,0.309412973333044,0.309412973333044,0.4616262912750244,0.21377849578857422,80,48,0.30941,0.30941,1,1
500,30,34,15,1.0198508704183473e-13,0.0,0.0,0.5273940563201904,0.01857137680053711,0.0,0.0,1,1,0.03658288642961561,0.03658288642961561,0.4739420413970947,0.017743587493896484,80,16,-0.03658,-0.03658,1,1
500,31,40,30,1.3372524538270474e-12,0.0,0.0,0.46979451179504395,0.025798797607421875,0.0,0.0,1,1,0.26697131001593366,0.26697131001593366,0.46706151962280273,0.025684356689453125,80,20,0.26697,0.26697,1,1
500,32,76,64,-4.373500467290489e-10,0.0,0.0,0.4812352657318115,0.45934343338012695,-0.0,-0.0,1,1,0.008715965408946716,0.008715965408946716,0.5263288021087646,0.45627880096435547,80,59,-0.00872,-0.00872,1,1
500,33,49,20,2.207236140461649e-14,0.0,0.0,0.467470645904541,0.04394841194152832,0.0,0.0,1,1,0.24160925807882838,0.24160925807882838,0.46471476554870605,0.03817582130432129,80,26,0.24161,0.24161,1,1
500,34,77,28,-1.2951670864417075e-10,0.0,0.0,0.4645700454711914,0.5304422378540039,-0.0,-0.0,1,1,0.025379359387927954,0.025379359387927954,0.46987462043762207,0.617478609085083,80,62,-0.02538,-0.02538,1,1
500,35,46,24,-8.079596526135038e-14,0.0,0.0,0.47905850410461426,0.024228572845458984,-0.0,-0.0,1,1,0.13219171593945245,0.13219171593945245,0.46374011039733887,0.03109884262084961,80,21,-0.13219,-0.13219,1,1
500,36,47,57,-1.5947849357142897e-11,0.0,0.0,0.4640614986419678,0.16869497299194336,-0.0,-0.0,1,1,0.8892027820431534,0.8892027820431534,0.4636702537536621,0.16648435592651367,80,45,-0.8892,-0.8892,1,1
500,37,55,25,8.681904126152286e-12,0.0,0.0,0.5241706371307373,0.1892869472503662,0.0,0.0,1,1,0.6383025661205622,0.6383025661205622,0.4678947925567627,0.19032645225524902,80,46,-0.6383,-0.6383,1,1
500,38,43,32,1.4952155844514354e-13,0.0,0.0,0.4770498275756836,0.04335641860961914,0.0,0.0,1,1,0.11066156257090852,0.11066156257090852,0.4602091312408447,0.03796839714050293,80,27,-0.11066,-0.11066,1,1
500,39,19,51,34.99999999998725,0.0,0.0,0.4765605926513672,0.19218802452087402,35.0,35.0,1,1,9.269514162233442,9.269514162233442,0.5254957675933838,0.1892869472503662,80,47,44.26951,44.26951,1,1
500,40,41,67,7.9999999998289075,0.0,0.0,0.465440034866333,0.5739715099334717,8.0,8.0,1,1,1.5304208200201002,1.5304208200201002,0.46590614318847656,0.5728621482849121,80,62,9.53042,9.53042,1,1
500,41,20,3,5.33862516482837e-14,0.0,0.0,0.46927785873413086,0.009513378143310547,0.0,0.0,1,1,0.012627176673864753,0.012627176673864753,0.527625560760498,0.008228540420532227,80,5,-0.01263,-0.01263,1,1
500,42,23,52,1.8784973576618877e-13,0.0,0.0,0.4661219120025635,0.06008195877075195,0.0,0.0,1,1,0.9523942596513141,0.9523942596513141,0.4629700183868408,0.062317848205566406,80,32,0.95239,0.95239,1,1
500,43,45,44,-5.959569145269677e-13,0.0,0.0,0.46631646156311035,0.10081338882446289,-0.0,-0.0,1,1,2.1348310667961203,2.1348310667961203,0.4626634120941162,0.10498213768005371,80,39,-2.13483,-2.13483,1,1
500,44,68,6,-8.884880128637552e-12,0.0,0.0,0.5197453498840332,0.3207082748413086,-0.0,-0.0,1,1,0.1299939908567888,0.1299939908567888,0.46622276306152344,0.3226318359375,80,53,-0.12999,-0.12999,1,1
500,45,40,6,8.240322004965496e-15,0.0,0.0,0.4756205081939697,0.018376588821411133,0.0,0.0,1,1,0.1047789542375511,0.1047789542375511,0.46042561531066895,0.017650127410888672,80,16,0.10478,0.10478,1,1
500,46,1,37,24.0000000000395,6.333333333358767,9.500000000029441,0.519059419631958,0.044470787048339844,5.0|24.0,5.0|24.0,2,2,8.221485913950257,10.58534314402805,0.6278324127197266,0.038488149642944336,80,25,4.51207|25.68276|27.49377,4.51207|25.68276,3,2
500,47,14,24,2.4172117299213223e-13,0.0,0.0,0.5494427680969238,0.01678466796875,0.0,0.0,1,1,0.23646342819015512,0.23646342819015512,0.5489914417266846,0.013766765594482422,80,14,-0.23646,-0.23646,1,1
500,48,51,55,-8.477932285708027e-11,0.0,0.0,0.5577919483184814,0.26897358894348145,-0.0,-0.0,1,1,1.0740422243778576,1.0740422243778576,0.5646014213562012,0.2648136615753174,80,49,-1.07404,-1.07404,1,1
500,49,80,71,8.966147688365448e-09,0.0,0.0,0.5578708648681641,0.7455387115478516,0.0,0.0,1,1,0.09831577435503534,0.09831577435503534,0.5342519283294678,0.7136344909667969,80,68,0.09832,0.09832,1,1
500,50,11,48,6.000000000006108,38.35000000005788,38.35000000005788,0.5414807796478271,0.18615961074829102,6.0|32.5|56.2|82.7,6.0|32.5|56.2|82.7,4,4,39.078207768651055,39.078207768651055,0.5431976318359375,0.18335986137390137,80,44,1.0261|28.99814|57.85371|82.48708,1.0261|28.99814|57.85371|82.48708,4,4
500,51,62,63,3.831108782772568e-10,0.0,0.0,0.46376967430114746,0.4506545066833496,0.0,0.0,1,1,0.11822921595971492,0.11822921595971492,0.4698143005371094,0.4537217617034912,80,58,-0.11823,-0.11823,1,1
500,52,35,57,2.999999999984708,0.0,0.0,0.47873377799987793,0.08304238319396973,3.0,3.0,1,1,2.1876475480160678,2.1876475480160678,0.4642484188079834,0.0803995132446289,80,35,5.18765,5.18765,1,1
500,53,35,54,4.999999999964462,0.0,0.0,0.5342817306518555,0.2137613296508789,5.0,5.0,1,1,2.8562750500758387,2.8562750500758387,0.4742279052734375,0.2123725414276123,80,48,2.14372,2.14372,1,1
500,54,1,80,5622.0000000086975,1496.0000000056177,1496.0000000056177,0.46941566467285156,0.6260607242584229,1235.0|5521.0|5622.0,1235.0|5521.0|5622.0,3,3,1642.2314328470345,1642.2314328470345,0.4702944755554199,0.6328079700469971,80,68,795.14547|5580.70246|5680.54223,795.14547|5580.70246|5680.54223,3,3
500,55,60,55,3.1242840203930276e-11,0.0,0.0,0.5336287021636963,0.2116713523864746,0.0,0.0,1,1,2.695997275059649,2.695997275059649,0.46903514862060547,0.20975947380065918,80,47,2.696,2.696,1,1
500,56,38,66,8.00000000000175,0.0,0.0,0.4640073776245117,0.3619539737701416,8.0,8.0,1,1,5.7366106614307295,5.7366106614307295,0.4708106517791748,0.3564610481262207,80,55,13.73661,13.73661,1,1
500,57,68,66,1.9006100691070476e-09,0.0,0.0,0.47985053062438965,0.3980252742767334,0.0,0.0,1,1,0.1659419591819773,0.1659419591819773,0.5212662220001221,0.38889598846435547,80,56,0.16594,0.16594,1,1
500,58,77,6,4.370919694283429e-11,0.0,0.0,0.46459341049194336,0.5277831554412842,0.0,0.0,1,1,0.0013087196594506187,0.0013087196594506187,0.4752492904663086,0.539787769317627,80,62,-0.00131,-0.00131,1,1
500,59,43,22,5.2847808157804664e-14,0.0,0.0,0.4754939079284668,0.034123897552490234,0.0,0.0,1,1,0.37589934231832944,0.37589934231832944,0.5239014625549316,0.031154394149780273,80,24,-0.3759,-0.3759,1,1
500,60,27,64,4.99999999999916,0.0,0.0,0.4620082378387451,0.10813713073730469,5.0,5.0,1,1,1.4005325040447012,1.4005325040447012,0.4655935764312744,0.1068868637084961,80,40,6.40053,6.40053,1,1
500,61,74,49,1.2553365139328674e-10,0.0,0.0,0.46671366691589355,0.4139537811279297,0.0,0.0,1,1,0.18097314428348243,0.18097314428348243,0.4754626750946045,0.4139571189880371,80,57,-0.18097,-0.18097,1,1
500,62,49,57,-1.4039413726651599e-12,0.0,0.0,0.4715111255645752,0.09203314781188965,-0.0,-0.0,1,1,0.6327421363588679,0.6327421363588679,0.46158623695373535,0.08717799186706543,80,36,-0.63274,-0.63274,1,1
500,63,23,35,1.2406742300160518e-14,0.0,0.0,0.473222017288208,0.023529529571533203,0.0,0.0,1,1,0.3076811944314874,0.3076811944314874,0.4704155921936035,0.02292490005493164,80,18,0.30768,0.30768,1,1
500,64,39,49,-4.843150969858338e-14,0.0,0.0,0.5273878574371338,0.06678414344787598,-0.0,-0.0,1,1,0.2970044527456452,0.2970044527456452,0.4668757915496826,0.0625147819519043,80,32,0.297,0.297,1,1
500,65,71,55,2.7114938332401575e-10,0.0,0.0,0.4722616672515869,0.4115726947784424,0.0,0.0,1,1,0.04362946382431454,0.04362946382431454,0.469710111618042,0.4048280715942383,80,57,-0.04363,-0.04363,1,1
500,66,67,75,1.422116473905385e-08,0.0,0.0,0.47756481170654297,0.6876132488250732,0.0,0.0,1,1,0.7671096628351528,0.7671096628351528,0.5322525501251221,0.7004480361938477,80,67,0.76711,0.76711,1,1
500,67,28,36,-4.333036050311205e-15,0.0,0.0,0.4727442264556885,0.023215055465698242,-0.0,-0.0,1,1,0.009512898408575618,0.009512898408575618,0.4744260311126709,0.027398109436035156,80,18,0.00951,0.00951,1,1
500,68,11,66,28.000000000028848,177.30000000026624,177.30000000026624,0.47870397567749023,0.4200279712677002,28.0|152.0|258.6|382.6,28.0|152.0|258.6|382.6,4,4,185.50291400953833,185.50291400953833,0.4656658172607422,0.35355353355407715,80,55,-16.57309|131.56392|266.81644|383.0582,-16.57309|131.56392|266.81644|383.0582,4,4
500,69,67,68,2.776594498207258e-09,0.0,0.0,0.4694998264312744,0.6290628910064697,0.0,0.0,1,1,0.5308067938085202,0.5308067938085202,0.4685657024383545,0.6248185634613037,80,63,0.53081,0.53081,1,1
500,70,12,19,5.170197603364615e-13,0.0,0.0,0.4765782356262207,0.010192155838012695,0.0,0.0,1,1,0.09160844986811383,0.09160844986811383,0.4664187431335449,0.008793830871582031,80,11,-0.09161,-0.09161,1,1
500,71,63,26,-2.1087888337530995e-11,0.0,0.0,0.47898030281066895,0.34639811515808105,-0.0,-0.0,1,1,0.0021010906265172304,0.0021010906265172304,0.4601328372955322,0.34366798400878906,80,54,0.0021,0.0021,1,1
500,72,43,27,2.9465110440952747e-13,0.0,0.0,0.4670298099517822,0.035555362701416016,0.0,0.0,1,1,0.08669302721914335,0.08669302721914335,0.4658544063568115,0.043030500411987305,80,26,-0.08669,-0.08669,1,1
500,73,2,72,957.0000000031267,302.66666667033036,302.66666667033036,0.527878999710083,0.4549391269683838,116.0|890.0|957.0,116.0|890.0|957.0,3,3,385.60744631909864,385.60744631909864,0.4756124019622803,0.4599132537841797,80,59,-49.91551|833.29311|930.80007,-49.91551|833.29311|930.80007,3,3
500,74,22,77,193.99999999990612,0.0,0.0,0.47901201248168945,0.534276008605957,194.0,194.0,1,1,204.46811627043152,204.46811627043152,0.4629933834075928,0.5309357643127441,80,62,-10.46812,-10.46812,1,1
500,75,48,57,1.854033021554215e-12,0.0,0.0,0.5293135643005371,0.19690608978271484,0.0,0.0,1,1,0.24362781314784432,0.24362781314784432,0.4720125198364258,0.19737982749938965,80,47,0.24363,0.24363,1,1
500,76,27,40,-7.847880695241721e-14,0.0,0.0,0.47333788871765137,0.02379631996154785,-0.0,-0.0,1,1,0.2489878712764824,0.2489878712764824,0.4678037166595459,0.023046493530273438,80,18,0.24899,0.24899,1,1
500,77,30,9,-3.953264730814962e-15,0.0,0.0,0.47333621978759766,0.011931896209716797,-0.0,-0.0,1,1,0.07471657658283984,0.07471657658283984,0.5278530120849609,0.01090383529663086,80,10,-0.07472,-0.07472,1,1
500,78,70,75,4.974546558332949e-09,0.0,0.0,0.481184720993042,0.5499374866485596,0.0,0.0,1,1,6.5456090751894696,6.5456090751894696,0.4612395763397217,0.5479865074157715,80,62,6.54561,6.54561,1,1
500,79,61,42,-1.1267042617101222e-12,0.0,0.0,0.4654381275177002,0.1318042278289795,-0.0,-0.0,1,1,0.09099958705057767,0.09099958705057767,0.47333335876464844,0.13324737548828125,80,42,0.091,0.091,1,1
500,80,35,3,1.2519454072437395e-13,0.0,0.0,0.47489500045776367,0.020296335220336914,0.0,0.0,1,1,0.018570183854888993,0.018570183854888993,0.46344447135925293,0.01943516731262207,80,16,-0.01857,-0.01857,1,1
500,81,62,69,6.051867747578657e-11,0.0,0.0,0.4690713882446289,0.47377991676330566,0.0,0.0,1,1,0.08353545592272131,0.08353545592272131,0.4729940891265869,0.4833695888519287,80,60,0.08354,0.08354,1,1
500,82,63,71,-8.571187783988218e-10,0.0,0.0,0.5239036083221436,0.4479994773864746,-0.0,-0.0,1,1,0.30053406947829225,0.30053406947829225,0.4720458984375,0.4369068145751953,80,58,-0.30053,-0.30053,1,1
500,83,64,65,-9.014599870976612e-13,0.0,0.0,0.47581052780151367,0.12045931816101074,-0.0,-0.0,1,1,0.12765735193931974,0.12765735193931974,0.46151089668273926,0.11758565902709961,80,41,0.12766,0.12766,1,1
500,84,53,4,2.4435198542047242e-12,0.0,0.0,0.5295882225036621,0.14609098434448242,0.0,0.0,1,1,0.30042961813341,0.30042961813341,0.47200822830200195,0.14383912086486816,80,42,-0.30043,-0.30043,1,1
500,85,48,25,-7.106983138047491e-13,0.0,0.0,0.4715454578399658,0.1609477996826172,-0.0,-0.0,1,1,0.11029055341232068,0.11029055341232068,0.466968297958374,0.1537153720855713,80,44,-0.11029,-0.11029,1,1
500,86,21,56,4.000000000000028,0.0,0.0,0.47322702407836914,0.05476784706115723,4.0,4.0,1,1,0.4917616750926479,0.4917616750926479,0.5252621173858643,0.05448579788208008,80,29,3.50824,3.50824,1,1
500,87,41,72,3.999999999925753,0.0,0.0,0.47369956970214844,0.4601867198944092,4.0,4.0,1,1,15.261911976092074,15.261911976092074,0.4697132110595703,0.46691322326660156,80,59,19.26191,19.26191,1,1
500,88,28,70,9.999999999995143,0.0,0.0,0.46552348136901855,0.3304905891418457,10.0,10.0,1,1,12.034858646736257,12.034858646736257,0.4790201187133789,0.33196163177490234,80,54,-2.03486,-2.03486,1,1
500,89,42,34,-4.121530511509123e-12,0.0,0.0,0.47612452507019043,0.02597808837890625,-0.0,-0.0,1,1,0.2998132422531809,0.2998132422531809,0.4631495475769043,0.025285720825195312,80,20,-0.29981,-0.29981,1,1
500,90,1,66,989.0000000015444,263.00000000098873,263.00000000098873,0.46750855445861816,0.365994930267334,217.0|972.0|989.0,217.0|972.0|989.0,3,3,312.02052444037486,312.02052444037486,0.4660475254058838,0.36630725860595703,80,55,94.95928|985.79315|1027.814,94.95928|985.79315|1027.814,3,3
500,91,20,37,2.0000000000025393,0.0,0.0,0.591745138168335,0.03964638710021973,2.0,2.0,1,1,1.8330042569282088,1.8330042569282088,0.5599780082702637,0.040830135345458984,80,25,0.167,0.167,1,1
500,92,79,33,-5.348662941883788e-10,0.0,0.0,0.5549614429473877,0.7130722999572754,-0.0,-0.0,1,1,0.12923958343390612,0.12923958343390612,0.5536372661590576,0.6933186054229736,80,68,0.12924,0.12924,1,1
500,93,55,11,-1.0065354330160884e-12,0.0,0.0,0.6292133331298828,0.22739481925964355,-0.0,-0.0,1,1,0.20531745298320073,0.20531745298320073,0.5605719089508057,0.21727371215820312,80,46,-0.20532,-0.20532,1,1
500,94,58,18,-8.585433635661338e-14,0.0,0.0,0.5298967361450195,0.10518932342529297,-0.0,-0.0,1,1,0.24428693120412312,0.24428693120412312,0.538830041885376,0.09834170341491699,80,35,-0.24429,-0.24429,1,1
500,95,51,69,1.7690377255052156e-11,0.0,0.0,0.5526235103607178,0.3362417221069336,0.0,0.0,1,1,4.914161846414239,4.914161846414239,0.6059916019439697,0.33748412132263184,80,53,-4.91416,-4.91416,1,1
500,96,42,7,-4.6579649240864134e-15,0.0,0.0,0.5611691474914551,0.02082967758178711,-0.0,-0.0,1,1,0.00935290634430835,0.00935290634430835,0.5415129661560059,0.017186880111694336,80,11,-0.00935,-0.00935,1,1
500,97,41,49,-7.466268418019754e-13,0.0,0.0,0.5574235916137695,0.05798649787902832,-0.0,-0.0,1,1,0.14152244528900737,0.14152244528900737,0.5575835704803467,0.05813717842102051,80,29,-0.14152,-0.14152,1,1
500,98,6,18,2.520761377413622e-13,0.24999999999993963,0.24999999999993963,0.5687220096588135,0.00900125503540039,0.0|0.5,0.0|0.5,2,2,0.248813002836892,0.248813002836892,0.5621411800384521,0.00767064094543457,80,4,-0.00151|0.49611,-0.00151|0.49611,2,2
500,99,75,52,-4.5501758832720853e-11,0.0,0.0,0.5629463195800781,0.6180222034454346,-0.0,-0.0,1,1,0.540000704867496,0.540000704867496,0.5573058128356934,0.6141684055328369,80,61,-0.54,-0.54,1,1
1000,0,74,21,2.830370163643512e-12,0.0,0.0,0.6324539184570312,0.48303890228271484,0.0,0.0,1,1,0.013607521370173238,0.013607521370173238,0.5474011898040771,0.4917869567871094,80,57,-0.01361,-0.01361,1,1
1000,1,35,6,3.6739114166273444e-13,0.0,0.0,0.561389684677124,0.03156471252441406,0.0,0.0,1,1,0.03140258095913132,0.03140258095913132,0.5558252334594727,0.02519822120666504,80,17,-0.0314,-0.0314,1,1
1000,2,76,30,-9.968365126154039e-11,0.0,0.0,0.5674645900726318,0.518979549407959,-0.0,-0.0,1,1,0.055580419977420054,0.055580419977420054,0.6157002449035645,0.5072481632232666,80,58,-0.05558,-0.05558,1,1
1000,3,20,53,21.000000000031598,0.0,0.0,0.546483039855957,0.16556191444396973,21.0,21.0,1,1,8.03005901679304,8.03005901679304,0.5283634662628174,0.15944433212280273,80,42,29.03006,29.03006,1,1
1000,4,40,24,1.0464931390550026e-13,0.0,0.0,0.5158698558807373,0.021161556243896484,0.0,0.0,1,1,0.18014013370370613,0.18014013370370613,0.476146936416626,0.019536256790161133,80,17,0.18014,0.18014,1,1
1000,5,51,50,-8.346435991779868e-12,0.0,0.0,0.4684786796569824,0.20523619651794434,-0.0,-0.0,1,1,0.12875103844262076,0.12875103844262076,0.46643614768981934,0.2064964771270752,80,48,-0.12875,-0.12875,1,1
1000,6,70,54,3.5407255772019544e-10,0.0,0.0,0.4737586975097656,0.3333618640899658,0.0,0.0,1,1,0.03753769080964377,0.03753769080964377,0.4644176959991455,0.32364416122436523,80,54,-0.03754,-0.03754,1,1
1000,7,29,11,-1.2582527612376063e-14,0.0,0.0,0.522641658782959,0.008296489715576172,-0.0,-0.0,1,1,0.06421883523814596,0.06421883523814596,0.46659064292907715,0.0069768428802490234,80,5,-0.06422,-0.06422,1,1
1000,8,40,32,1.0557619593341656e-12,0.0,0.0,0.469346284866333,0.032567501068115234,0.0,0.0,1,1,0.04878217716278314,0.04878217716278314,0.4613683223724365,0.03607678413391113,80,21,0.04878,0.04878,1,1
1000,9,50,34,4.3520680993001567e-13,0.0,0.0,0.4767611026763916,0.052718162536621094,0.0,0.0,1,1,0.22480571563658663,0.22480571563658663,0.5243008136749268,0.05648350715637207,80,31,-0.22481,-0.22481,1,1
1000,10,36,29,-1.449707265095487e-13,0.0,0.0,0.4651150703430176,0.013736248016357422,-0.0,-0.0,1,1,0.004141929287599571,0.004141929287599571,0.4627084732055664,0.015031814575195312,80,13,-0.00414,-0.00414,1,1
1000,11,48,75,8.000000000540657,0.0,0.0,0.4649062156677246,0.5243480205535889,8.0,8.0,1,1,3.1853724592238937,3.1853724592238937,0.47468113899230957,0.5258083343505859,80,61,4.81463,4.81463,1,1
1000,12,73,2,-3.390530120675979e-11,0.0,0.0,0.4672837257385254,0.5941669940948486,-0.0,-0.0,1,1,0.02989339855205629,0.02989339855205629,0.4632382392883301,0.6083555221557617,80,66,-0.02989,-0.02989,1,1
1000,13,60,32,2.5016177414259586e-14,0.0,0.0,0.4669337272644043,0.14519405364990234,0.0,0.0,1,1,0.0005396104185199275,0.0005396104185199275,0.4693484306335449,0.13981127738952637,80,42,-0.00054,-0.00054,1,1
1000,14,23,36,6.3837823915814746e-15,0.0,0.0,0.46823859214782715,0.016715526580810547,0.0,0.0,1,1,0.02507872857914173,0.02507872857914173,0.4675157070159912,0.015652894973754883,80,17,0.02508,0.02508,1,1
1000,15,15,72,22.000000000033964,0.0,0.0,0.4668135643005371,0.45279765129089355,22.0,22.0,1,1,66.73573809116355,66.73573809116355,0.46645522117614746,0.4615437984466553,80,59,-44.73574,-44.73574,1,1
1000,16,2,59,261.0000000008578,82.33333333433414,82.33333333433414,0.5270929336547852,0.28037595748901367,31.0|244.0|261.0,31.0|244.0|261.0,3,3,86.87927846502363,86.87927846502363,0.46547865867614746,0.2826972007751465,80,52,39.60972|277.16688|284.08067,39.60972|277.16688|284.08067,3,3
1000,17,17,15,2.606658770290385e-13,0.0,0.0,0.4662652015686035,0.009583711624145508,0.0,0.0,1,1,0.029799408836190675,0.029799408836190675,0.4632072448730469,0.008275508880615234,80,6,0.0298,0.0298,1,1
1000,18,68,60,-1.7634356829597507e-10,0.0,0.0,0.46746373176574707,0.33608317375183105,-0.0,-0.0,1,1,0.014316248831659618,0.014316248831659618,0.5269403457641602,0.3390820026397705,80,54,0.01432,0.01432,1,1
1000,19,17,66,208.0000000003187,0.0,0.0,0.4670712947845459,0.35814571380615234,208.0,208.0,1,1,7.150313371040539,7.150313371040539,0.4749410152435303,0.35691189765930176,80,55,200.84969,200.84969,1,1
1000,20,17,51,50.00000000007924,0.0,0.0,0.4745821952819824,0.18896150588989258,50.0,50.0,1,1,2.6045659554531966,2.6045659554531966,0.46165966987609863,0.25539350509643555,80,47,47.39543,47.39543,1,1
1000,21,20,68,65.00000000009172,0.0,0.0,0.4661142826080322,0.31197381019592285,65.0,65.0,1,1,24.404988524325333,24.404988524325333,0.4639608860015869,0.3164517879486084,80,53,89.40499,89.40499,1,1
1000,22,66,47,1.6054793244056154e-10,0.0,0.0,0.4678995609283447,0.3595097064971924,0.0,0.0,1,1,0.20020827764475557,0.20020827764475557,0.46871089935302734,0.3601815700531006,80,55,-0.20021,-0.20021,1,1
1000,23,23,36,6.3837823915814746e-15,0.0,0.0,0.4653208255767822,0.01640486717224121,0.0,0.0,1,1,0.18882490609216995,0.18882490609216995,0.4677302837371826,0.01575016975402832,80,17,-0.18882,-0.18882,1,1
1000,24,46,53,1.1691349332770577e-12,0.0,0.0,0.46903228759765625,0.16006183624267578,0.0,0.0,1,1,5.647488479242454,5.647488479242454,0.46512889862060547,0.16116690635681152,80,44,-5.64749,-5.64749,1,1
1000,25,26,19,2.9309887850057233e-15,0.0,0.0,0.5372562408447266,0.013457536697387695,0.0,0.0,1,1,0.03402567472484705,0.03402567472484705,0.46012091636657715,0.012021780014038086,80,11,-0.03403,-0.03403,1,1
1000,26,14,42,6.470038180428187e-14,0.0,0.0,0.4658808708190918,0.01885700225830078,0.0,0.0,1,1,0.12779679808444697,0.12779679808444697,0.47391200065612793,0.01507568359375,80,14,0.1278,0.1278,1,1
1000,27,52,6,-3.1201384410285624e-13,0.0,0.0,0.4722099304199219,0.05736947059631348,-0.0,-0.0,1,1,0.06457913839615334,0.06457913839615334,0.4698781967163086,0.05290508270263672,80,31,-0.06458,-0.06458,1,1
1000,28,68,12,1.3812959107706424e-11,0.0,0.0,0.4715447425842285,0.31525421142578125,0.0,0.0,1,1,0.09644733405674896,0.09644733405674896,0.4591512680053711,0.31638360023498535,80,53,-0.09645,-0.09645,1,1
1000,29,43,22,5.2847808157804664e-14,0.0,0.0,0.46189093589782715,0.03461861610412598,0.0,0.0,1,1,0.22264127996019742,0.22264127996019742,0.46097683906555176,0.02841353416442871,80,24,-0.22264,-0.22264,1,1
1000,30,34,49,6.808006010775256e-12,0.0,0.0,0.5312561988830566,0.05203843116760254,0.0,0.0,1,1,0.647589762036633,0.647589762036633,0.4689059257507324,0.047315120697021484,80,29,-0.64759,-0.64759,1,1
1000,31,10,6,-1.3240537039895839e-14,5.6645811923171726e-14,1.1329162384634345e-13,0.47786545753479004,0.004355430603027344,-0.0,-0.0,1,1,0.01539637410028014,0.01225274957223771,0.4723639488220215,0.003669261932373047,80,2,-0.01854|-0.01225,-0.01225,2,1
1000,32,12,46,3.0000000000050444,0.0,0.0,0.4761033058166504,0.023616313934326172,3.0,3.0,1,1,0.7418569424949268,0.7418569424949268,0.5197658538818359,0.02267909049987793,80,21,3.74186,3.74186,1,1
1000,33,55,79,0.9999999961178864,0.0,0.0,0.4699687957763672,0.5856564044952393,1.0,1.0,1,1,6.576828038269354,6.576828038269354,0.4625694751739502,0.5901944637298584,80,68,7.57683,7.57683,1,1
1000,34,22,1,-2.4906003185672962e-14,0.0,0.0,0.4623250961303711,0.008077859878540039,-0.0,-0.0,1,1,0.0435416217393476,0.0435416217393476,0.4726114273071289,0.006978273391723633,80,5,0.04354,0.04354,1,1
1000,35,72,66,-3.935772223584709e-11,0.0,0.0,0.463331937789917,0.4586939811706543,-0.0,-0.0,1,1,0.2639905691944251,0.2639905691944251,0.4587831497192383,0.45620083808898926,80,59,0.26399,0.26399,1,1
1000,36,44,9,-1.9806969243342223e-13,0.0,0.0,0.4621541500091553,0.10019922256469727,-0.0,-0.0,1,1,0.09418729873596543,0.09418729873596543,0.46939563751220703,0.09349632263183594,80,38,-0.09419,-0.09419,1,1
1000,37,36,64,0.9999999999805139,0.0,0.0,0.5250449180603027,0.1089627742767334,1.0,1.0,1,1,0.5298435039921864,0.5298435039921864,0.4658951759338379,0.10848879814147949,80,40,0.47016,0.47016,1,1
1000,38,13,59,167.99999999988046,0.0,0.0,0.4726994037628174,0.28052735328674316,168.0,168.0,1,1,8.265808469026382,8.265808469026382,0.46302199363708496,0.27939915657043457,80,52,176.26581,176.26581,1,1
1000,39,16,76,542.0000000008193,0.0,0.0,0.463944673538208,0.43207335472106934,542.0,542.0,1,1,14.221115063352727,14.221115063352727,0.5118796825408936,0.4342186450958252,80,58,556.22112,556.22112,1,1
1000,40,52,50,-1.710199069556722e-13,0.0,0.0,0.47072482109069824,0.06979084014892578,-0.0,-0.0,1,1,0.010237634764935041,0.010237634764935041,0.4656789302825928,0.06729960441589355,80,33,0.01024,0.01024,1,1
1000,41,58,70,1.9974805960050278e-10,0.0,0.0,0.47109508514404297,0.3831045627593994,0.0,0.0,1,1,1.2157137997271257,1.2157137997271257,0.5340180397033691,0.4162898063659668,80,57,1.21571,1.21571,1,1
1000,42,70,79,6.7391957368400945e-09,0.0,0.0,0.5393450260162354,0.6647994518280029,0.0,0.0,1,1,2.0636750626557614,2.0636750626557614,0.5366160869598389,0.6863017082214355,80,69,-2.06368,-2.06368,1,1
1000,43,66,65,2.9271872057430925e-11,0.0,0.0,0.5521130561828613,0.44839906692504883,0.0,0.0,1,1,0.10190422589173057,0.10190422589173057,0.6147229671478271,0.4317586421966553,80,56,-0.1019,-0.1019,1,1
1000,44,72,29,4.46388929886604e-11,0.0,0.0,0.533055305480957,0.5364665985107422,0.0,0.0,1,1,0.0926988947316151,0.0926988947316151,0.5447344779968262,0.497577428817749,80,59,-0.0927,-0.0927,1,1
1000,45,77,65,-6.811849589123456e-11,0.0,0.0,0.4941864013671875,0.5428133010864258,-0.0,-0.0,1,1,0.05195527096866508,0.05195527096866508,0.5347566604614258,0.5440361499786377,80,63,-0.05196,-0.05196,1,1
1000,46,5,39,13.000000000137533,0.24999999997301803,0.24999999997301803,0.4671175479888916,0.04229140281677246,13.0|13.5,13.0|13.5,2,2,0.44459065123340835,0.44459065123340835,0.47260069847106934,0.036043643951416016,80,26,13.34529|13.54389,13.34529|13.54389,2,2
1000,47,48,17,-4.0115165745666987e-13,0.0,0.0,0.46821022033691406,0.15926861763000488,-0.0,-0.0,1,1,0.08335290108879788,0.08335290108879788,0.47458767890930176,0.15627503395080566,80,44,-0.08335,-0.08335,1,1
1000,48,53,58,3.6410169025111647e-11,0.0,0.0,0.4728841781616211,0.20183944702148438,0.0,0.0,1,1,0.3587901937912413,0.3587901937912413,0.46357154846191406,0.19893956184387207,80,47,-0.35879,-0.35879,1,1
1000,49,61,9,-9.37971350746928e-13,0.0,0.0,0.4629640579223633,0.11926698684692383,-0.0,-0.0,1,1,0.10688752127132888,0.10688752127132888,0.46724772453308105,0.11688780784606934,80,39,0.10689,0.10689,1,1
1000,50,38,41,8.702440477612054e-14,0.0,0.0,0.5325539112091064,0.05196881294250488,0.0,0.0,1,1,0.19097964145329263,0.19097964145329263,0.4631214141845703,0.04730105400085449,80,29,-0.19098,-0.19098,1,1
1000,51,16,1,0.0,0.0,0.0,0.46566247940063477,0.0045549869537353516,0.0,0.0,1,1,0.01726731356717733,0.01726731356717733,0.471362829208374,0.003796815872192383,80,2,-0.01727,-0.01727,1,1
1000,52,15,25,7.81597009336298e-14,0.0,0.0,0.4729619026184082,0.011154413223266602,0.0,0.0,1,1,0.17146300128423514,0.17146300128423514,0.527885913848877,0.010097980499267578,80,13,0.17146,0.17146,1,1
1000,53,22,48,7.999999999996359,0.0,0.0,0.47328972816467285,0.1571800708770752,8.0,8.0,1,1,1.395224289379299,1.395224289379299,0.4645988941192627,0.1583878993988037,80,44,9.39522,9.39522,1,1
1000,54,67,24,1.355180921677272e-10,0.0,0.0,0.4685690402984619,0.5798635482788086,0.0,0.0,1,1,0.058042380701150045,0.058042380701150045,0.4702589511871338,0.5760452747344971,80,62,0.05804,0.05804,1,1
1000,55,76,78,2.5919585808451043e-08,0.0,0.0,0.47110795974731445,0.6745660305023193,0.0,0.0,1,1,1.4893962616655014,1.4893962616655014,0.4682276248931885,0.6707413196563721,80,70,1.4894,1.4894,1,1
1000,56,20,15,-4.946077217839439e-14,0.0,0.0,0.4704244136810303,0.010866880416870117,-0.0,-0.0,1,1,0.07966854772082779,0.07966854772082779,0.4800076484680176,0.009227514266967773,80,8,0.07967,0.07967,1,1
1000,57,33,67,29.00000000000001,0.0,0.0,0.4616429805755615,0.5806505680084229,29.0,29.0,1,1,150.20321842577857,150.20321842577857,0.4674956798553467,0.5855553150177002,80,62,-121.20322,-121.20322,1,1
1000,58,77,1,-2.1484849719408337e-11,0.0,0.0,0.47043704986572266,0.5377299785614014,-0.0,-0.0,1,1,0.046147991002890604,0.046147991002890604,0.4641871452331543,0.5377202033996582,80,62,-0.04615,-0.04615,1,1
1000,59,49,58,1.0000000000002875,0.0,0.0,0.47400879859924316,0.08767104148864746,1.0,1.0,1,1,0.21239978335526843,0.21239978335526843,0.46327972412109375,0.08545494079589844,80,35,1.2124,1.2124,1,1
1000,60,2,20,1.79375147829965e-12,3.270303534990255e-12,0.0,0.47568297386169434,0.007622718811035156,0.0,0.0,1,1,0.021168558576107027,0.0056138233503242535,0.4614529609680176,0.006827116012573242,80,5,-0.0311|-0.02679|-0.00561,-0.00561,3,1
1000,61,76,17,-6.301921538150235e-11,0.0,0.0,0.4668886661529541,0.43637537956237793,-0.0,-0.0,1,1,0.0338131302329813,0.0338131302329813,0.5184934139251709,0.4405343532562256,80,58,0.03381,0.03381,1,1
1000,62,10,25,1.829647544581829e-13,0.5000000000014009,0.5000000000014009,0.4772329330444336,0.011985301971435547,0.0|1.0,0.0|1.0,2,2,0.579450265111261,0.579450265111261,0.47675180435180664,0.01083064079284668,80,12,-0.17053|0.98837,-0.17053|0.98837,2,2
1000,63,76,45,6.270899101321345e-11,0.0,0.0,0.47951698303222656,0.4248635768890381,0.0,0.0,1,1,0.10029525702919005,0.10029525702919005,0.5274384021759033,0.43422555923461914,80,58,-0.1003,-0.1003,1,1
1000,64,4,62,225.00000000189155,0.0,0.0,0.4645669460296631,0.3808023929595947,225.0,225.0,1,1,5.7364702324071,5.7364702324071,0.46529650688171387,0.38556408882141113,80,56,219.26353,219.26353,1,1
1000,65,40,3,-2.4689972288792485e-13,0.0,0.0,0.46676087379455566,0.0175168514251709,-0.0,-0.0,1,1,0.043033038261075934,0.043033038261075934,0.47590041160583496,0.016254901885986328,80,15,-0.04303,-0.04303,1,1
1000,66,30,9,-3.953264730814962e-15,0.0,0.0,0.4654512405395508,0.011947870254516602,-0.0,-0.0,1,1,0.02143537803946585,0.02143537803946585,0.4635007381439209,0.011111736297607422,80,10,-0.02144,-0.02144,1,1
1000,67,26,74,3.9999999999972373,0.0,0.0,0.4706089496612549,0.4052119255065918,4.0,4.0,1,1,30.180717295171014,30.180717295171014,0.47188758850097656,0.41703200340270996,80,57,-26.18072,-26.18072,1,1
1000,68,73,10,-1.1692041412990912e-10,0.0,0.0,0.5248808860778809,0.6039671897888184,-0.0,-0.0,1,1,0.06593877930407667,0.06593877930407667,0.47977161407470703,0.5975451469421387,80,66,0.06594,0.06594,1,1
1000,69,25,75,106.9999999999446,0.0,0.0,0.48100781440734863,0.5395996570587158,107.0,107.0,1,1,48.815718849620204,48.815718849620204,0.4697151184082031,0.5345673561096191,80,61,58.18428,58.18428,1,1
1000,70,70,45,1.640946135008376e-11,0.0,0.0,0.5210995674133301,0.32587504386901855,0.0,0.0,1,1,0.2643325077326161,0.2643325077326161,0.465421199798584,0.33178138732910156,80,54,0.26433,0.26433,1,1
1000,71,49,28,5.741563344588951e-14,0.0,0.0,0.47655463218688965,0.05103254318237305,0.0,0.0,1,1,0.19883182445013828,0.19883182445013828,0.4647493362426758,0.04502725601196289,80,28,-0.19883,-0.19883,1,1
1000,72,13,47,43.99999999996866,0.0,0.0,0.4644021987915039,0.12366986274719238,44.0,44.0,1,1,6.1533567299190395,6.1533567299190395,0.5170817375183105,0.11980891227722168,80,41,37.84664,37.84664,1,1
1000,73,63,78,1.0000000079274882,0.0,0.0,0.47337841987609863,0.6409745216369629,1.0,1.0,1,1,0.8839560205027377,0.8839560205027377,0.46776270866394043,0.6406295299530029,80,67,0.11604,0.11604,1,1
1000,74,9,36,0.999999999995174,1.3333333333390986,1.3333333333390986,0.47113919258117676,0.012542724609375,1.0|3.66667,1.0|3.66667,2,2,1.4160934052157854,1.4160934052157854,0.5268480777740479,0.014586687088012695,80,12,1.21056|3.62163,1.21056|3.62163,2,2
1000,75,47,6,-6.234873078903777e-13,0.0,0.0,0.46532678604125977,0.126234769821167,-0.0,-0.0,1,1,0.09656052698310721,0.09656052698310721,0.4644806385040283,0.12338662147521973,80,41,0.09656,0.09656,1,1
1000,76,70,62,1.785288076614865e-09,0.0,0.0,0.4699385166168213,0.42756223678588867,0.0,0.0,1,1,0.7819795822998417,0.7819795822998417,0.4706594944000244,0.5002946853637695,80,58,-0.78198,-0.78198,1,1
1000,77,14,13,8.188321815462705e-14,0.0,0.0,0.47002363204956055,0.00885629653930664,0.0,0.0,1,1,0.04132512406476323,0.04132512406476323,0.46782946586608887,0.007703304290771484,80,8,0.04133,0.04133,1,1
1000,78,47,50,-1.1367222260535461e-11,0.0,0.0,0.4612264633178711,0.14158892631530762,-0.0,-0.0,1,1,0.06212644275094569,0.06212644275094569,0.4636359214782715,0.14167141914367676,80,43,0.06213,0.06213,1,1
1000,79,64,63,3.774174721451183e-10,0.0,0.0,0.5329873561859131,0.3869352340698242,0.0,0.0,1,1,3.647152435458326,3.647152435458326,0.4669516086578369,0.38080739974975586,80,56,3.64715,3.64715,1,1
1000,80,70,69,9.293540650406021e-10,0.0,0.0,0.4803309440612793,0.42089128494262695,0.0,0.0,1,1,0.51362537572374,0.51362537572374,0.46363282203674316,0.41629576683044434,80,58,0.51363,0.51363,1,1
1000,81,20,70,82.00000000012015,0.0,0.0,0.5359447002410889,0.33484697341918945,82.0,82.0,1,1,26.908182199654163,26.908182199654163,0.4561614990234375,0.3292875289916992,80,54,55.09182,55.09182,1,1
1000,82,17,26,2.2426505097428162e-14,0.0,0.0,0.47600388526916504,0.00641179084777832,0.0,0.0,1,1,0.013405590271812406,0.013405590271812406,0.47568750381469727,0.005384922027587891,80,4,0.01341,0.01341,1,1
1000,83,77,13,-1.081315109205155e-11,0.0,0.0,0.4734954833984375,0.5253539085388184,-0.0,-0.0,1,1,0.08647677198971228,0.08647677198971228,0.5338735580444336,0.5356800556182861,80,62,0.08648,0.08648,1,1
1000,84,13,26,-4.1326941868480195e-13,0.0,0.0,0.46958494186401367,0.01018977165222168,-0.0,-0.0,1,1,0.1084639416410612,0.1084639416410612,0.47020721435546875,0.010886907577514648,80,6,-0.10846,-0.10846,1,1
1000,85,23,47,1.0000000000003195,0.0,0.0,0.46573638916015625,0.12771320343017578,1.0,1.0,1,1,1.0760604055827794,1.0760604055827794,0.4738771915435791,0.12342333793640137,80,41,-0.07606,-0.07606,1,1
1000,86,42,6,-3.916141836093657e-14,0.0,0.0,0.47100067138671875,0.014194726943969727,-0.0,-0.0,1,1,0.15353130465834972,0.15353130465834972,0.4631612300872803,0.018492698669433594,80,12,0.15353,0.15353,1,1
1000,87,50,67,2.9999999999901283,0.0,0.0,0.470409631729126,0.5756919384002686,3.0,3.0,1,1,33.25495740411354,33.25495740411354,0.4684741497039795,0.5853500366210938,80,62,-30.25496,-30.25496,1,1
1000,88,72,13,1.9764887235013956e-11,0.0,0.0,0.5288486480712891,0.46064114570617676,0.0,0.0,1,1,0.02901658994602947,0.02901658994602947,0.46491479873657227,0.46814393997192383,80,59,-0.02902,-0.02902,1,1
1000,89,23,36,6.3837823915814746e-15,0.0,0.0,0.5642600059509277,0.01939225196838379,0.0,0.0,1,1,0.05993792729110764,0.05993792729110764,0.5563688278198242,0.018784761428833008,80,17,0.05994,0.05994,1,1
1000,90,63,69,-3.0519632979869384e-10,0.0,0.0,0.564683198928833,0.5196020603179932,-0.0,-0.0,1,1,1.1436804393296585,1.1436804393296585,0.6309125423431396,0.5312440395355225,80,58,1.14368,1.14368,1,1
1000,91,6,46,1.8602008822215692e-11,6.250000000004354,6.250000000004354,0.6442811489105225,0.0317387580871582,0.0|12.5,0.0|12.5,2,2,6.367060826905379,6.367060826905379,0.5805480480194092,0.03699350357055664,80,22,0.50172|12.2324,0.50172|12.2324,2,2
1000,92,47,10,7.288034995536489e-13,0.0,0.0,0.5708010196685791,0.14493489265441895,0.0,0.0,1,1,0.030055382420932166,0.030055382420932166,0.6493160724639893,0.14524340629577637,80,41,-0.03006,-0.03006,1,1
1000,93,32,10,-5.400782701698449e-13,0.0,0.0,0.5748715400695801,0.025462865829467773,-0.0,-0.0,1,1,0.011086375364797518,0.011086375364797518,0.5659642219543457,0.02328634262084961,80,19,0.01109,0.01109,1,1
1000,94,66,26,2.6472866441025514e-12,0.0,0.0,0.5662615299224854,0.4334132671356201,0.0,0.0,1,1,0.3968746277132096,0.3968746277132096,0.5812084674835205,0.43801450729370117,80,55,0.39687,0.39687,1,1
1000,95,19,48,30.99999999998869,0.0,0.0,0.5746746063232422,0.20044398307800293,31.0,31.0,1,1,0.7264128063797948,0.7264128063797948,0.5659627914428711,0.1904759407043457,80,44,30.27359,30.27359,1,1
1000,96,54,12,9.362028928430549e-13,0.0,0.0,0.5778641700744629,0.2655653953552246,0.0,0.0,1,1,0.02928809457882013,0.02928809457882013,0.5717995166778564,0.25702881813049316,80,48,0.02929,0.02929,1,1
1000,97,42,35,-2.9106791051412617e-12,0.0,0.0,0.6347615718841553,0.03828549385070801,-0.0,-0.0,1,1,0.31137112492928487,0.31137112492928487,0.559943675994873,0.03500509262084961,80,21,0.31137,0.31137,1,1
1000,98,68,25,-3.806153024633825e-11,0.0,0.0,0.5707769393920898,0.3618438243865967,-0.0,-0.0,1,1,0.05509786328982423,0.05509786328982423,0.5667622089385986,0.366696834564209,80,53,-0.0551,-0.0551,1,1
1000,99,10,13,7.394085344001808e-14,0.25000000000074374,0.25000000000074374,0.5690069198608398,0.009504556655883789,0.0|0.5,0.0|0.5,2,2,0.25181500561183673,0.25181500561183673,0.622166633605957,0.016301393508911133,80,5,0.01065|0.49298,0.01065|0.49298,2,2
2500,0,35,23,1.817285452551341e-13,0.0,0.0,0.5694668292999268,0.03378415107727051,0.0,0.0,1,1,0.040550103213360486,0.040550103213360486,0.5691254138946533,0.030033111572265625,80,18,0.04055,0.04055,1,1
2500,1,34,2,-2.526792325116332e-13,0.0,0.0,0.5509567260742188,0.02206707000732422,-0.0,-0.0,1,1,0.050400987254237944,0.050400987254237944,0.551450252532959,0.02082061767578125,80,15,-0.0504,-0.0504,1,1
2500,2,77,78,-2.6360204801208724e-08,0.0,0.0,0.6328535079956055,0.778494119644165,-0.0,-0.0,1,1,0.013355078474529738,0.013355078474529738,0.5761125087738037,0.7768359184265137,80,70,0.01336,0.01336,1,1
2500,3,11,62,28.000000000028393,182.85000000027367,182.85000000027367,0.5631110668182373,0.441084623336792,28.0|154.5|267.2|393.7,28.0|154.5|267.2|393.7,4,4,187.69475419224935,187.69475419224935,0.5487027168273926,0.4483053684234619,80,56,45.84384|156.01471|266.42466|394.49581,45.84384|156.01471|266.42466|394.49581,4,4
2500,4,31,27,9.594727414957238e-14,0.0,0.0,0.6424047946929932,0.01893162727355957,0.0,0.0,1,1,0.021696428251981273,0.021696428251981273,0.5612587928771973,0.01751399040222168,80,16,-0.0217,-0.0217,1,1
2500,5,51,71,2.0000000005218572,0.0,0.0,0.5763251781463623,0.44968581199645996,2.0,2.0,1,1,0.9569135793520616,0.9569135793520616,0.5773117542266846,0.45502519607543945,80,56,2.95691,2.95691,1,1
2500,6,33,3,1.0437432811021303e-14,0.0,0.0,0.5628845691680908,0.04307198524475098,0.0,0.0,1,1,0.000877917410516896,0.000877917410516896,0.623955249786377,0.042314767837524414,80,24,-0.00088,-0.00088,1,1
2500,7,30,5,3.487841823629808e-14,0.0,0.0,0.5607013702392578,0.013979434967041016,0.0,0.0,1,1,0.018926737183773124,0.018926737183773124,0.5630519390106201,0.010172128677368164,80,10,-0.01893,-0.01893,1,1
2500,8,22,54,9.999999999994559,0.0,0.0,0.5818467140197754,0.24786996841430664,10.0,10.0,1,1,3.2291892244629947,3.2291892244629947,0.5794529914855957,0.2670910358428955,80,48,6.77081,6.77081,1,1
2500,9,57,70,-3.1230862861079506e-11,0.0,0.0,0.5742502212524414,0.4386556148529053,-0.0,-0.0,1,1,2.679297230369474,2.679297230369474,0.5563969612121582,0.4307224750518799,80,56,2.6793,2.6793,1,1
2500,10,18,72,332.00000000051455,0.0,0.0,0.5721182823181152,0.5648839473724365,332.0,332.0,1,1,36.121328771662434,36.121328771662434,0.5724077224731445,0.5392282009124756,80,59,295.87867,295.87867,1,1
2500,11,60,33,1.6789942624437557e-12,0.0,0.0,0.5498034954071045,0.16247320175170898,0.0,0.0,1,1,0.029302919219534877,0.029302919219534877,0.5570318698883057,0.16035032272338867,80,42,0.0293,0.0293,1,1
2500,12,28,29,3.881339694077934e-15,0.0,0.0,0.5889534950256348,0.026086091995239258,0.0,0.0,1,1,2.62401159629516e-05,2.62401159629516e-05,0.5561692714691162,0.025619029998779297,80,17,-3e-05,-3e-05,1,1
2500,13,1,68,926.000000001423,246.3333333342566,246.3333333342566,0.5646448135375977,0.3857574462890625,203.0|910.0|926.0,203.0|910.0|926.0,3,3,248.2732529618853,248.2732529618853,0.6138961315155029,0.39205360412597656,80,53,206.41049|934.18398|943.04627,206.41049|934.18398|943.04627,3,3
2500,14,21,36,2.5630291539842662e-14,0.0,0.0,0.5677964687347412,0.01779341697692871,0.0,0.0,1,1,0.03235632641379412,0.03235632641379412,0.5775082111358643,0.016351699829101562,80,14,0.03236,0.03236,1,1
2500,15,22,23,-1.0332475615809644e-13,0.0,0.0,0.5771884918212891,0.014267683029174805,-0.0,-0.0,1,1,0.024019934704310023,0.024019934704310023,0.5745713710784912,0.01382589340209961,80,14,-0.02402,-0.02402,1,1
2500,16,30,20,-3.4133915737433147e-15,0.0,0.0,0.5701682567596436,0.014617204666137695,-0.0,-0.0,1,1,0.08412002383431938,0.08412002383431938,0.5732269287109375,0.013532161712646484,80,11,-0.08412,-0.08412,1,1
2500,17,62,2,3.1691621183359032e-12,0.0,0.0,0.5791552066802979,0.43837714195251465,0.0,0.0,1,1,0.03201108950852528,0.03201108950852528,0.5761568546295166,0.44550108909606934,80,56,0.03201,0.03201,1,1
2500,18,66,35,9.718769183831214e-12,0.0,0.0,0.613677978515625,0.43895530700683594,0.0,0.0,1,1,0.06879715867408148,0.06879715867408148,0.5502774715423584,0.43392181396484375,80,55,0.0688,0.0688,1,1
2500,19,62,12,1.49878781640689e-12,0.0,0.0,0.5909013748168945,0.4630417823791504,0.0,0.0,1,1,0.033340543908918684,0.033340543908918684,0.5521459579467773,0.4489309787750244,80,56,-0.03334,-0.03334,1,1
2500,20,62,80,-3.3232128228463874e-10,0.0,0.0,0.6124777793884277,0.7424716949462891,-0.0,-0.0,1,1,1.0128119471606363,1.0128119471606363,0.5353765487670898,0.7715022563934326,80,69,1.01281,1.01281,1,1
2500,21,61,15,1.878915125568819e-12,0.0,0.0,0.5760288238525391,0.13709545135498047,0.0,0.0,1,1,0.011358716922641185,0.011358716922641185,0.540602445602417,0.14123249053955078,80,39,-0.01136,-0.01136,1,1
2500,22,13,50,13.99999999999171,0.0,0.0,0.6226086616516113,0.05485081672668457,14.0,14.0,1,1,0.8976688646794777,0.8976688646794777,0.5590522289276123,0.051148414611816406,80,28,14.89767,14.89767,1,1
2500,23,80,49,-4.004384556227408e-11,0.0,0.0,0.5623922348022461,0.7530233860015869,-0.0,-0.0,1,1,0.1293622514107482,0.1293622514107482,0.5412940979003906,0.7189483642578125,80,68,0.12936,0.12936,1,1
2500,24,71,12,-4.0510446108739066e-11,0.0,0.0,0.5591926574707031,0.446103572845459,-0.0,-0.0,1,1,0.09871255841701986,0.09871255841701986,0.6412670612335205,0.4466714859008789,80,56,-0.09871,-0.09871,1,1
2500,25,20,16,-3.17732136332091e-27,0.0,0.0,0.5798544883728027,0.008640289306640625,-0.0,-0.0,1,1,0.006088253911449495,0.006088253911449495,0.5726640224456787,0.009389877319335938,80,5,-0.00609,-0.00609,1,1
2500,26,45,78,10.000000000035872,0.0,0.0,0.5819902420043945,0.837172269821167,10.0,10.0,1,1,25.79752007234371,25.79752007234371,0.560657262802124,0.783578634262085,80,67,-15.79752,-15.79752,1,1
2500,27,51,11,-6.488227519164179e-13,0.0,0.0,0.5382418632507324,0.2337031364440918,-0.0,-0.0,1,1,0.009788589353279021,0.009788589353279021,0.5618758201599121,0.22294068336486816,80,47,0.00979,0.00979,1,1
2500,28,15,34,8.892886427249641e-14,0.0,0.0,0.5695786476135254,0.023923158645629883,0.0,0.0,1,1,0.029865640280710967,0.029865640280710967,0.5825152397155762,0.023204565048217773,80,16,0.02987,0.02987,1,1
2500,29,62,49,-1.703262551971306e-11,0.0,0.0,0.5500059127807617,0.4689521789550781,-0.0,-0.0,1,1,0.06904245477792331,0.06904245477792331,0.5669615268707275,0.45389461517333984,80,56,0.06904,0.06904,1,1
2500,30,26,30,-1.776356839397408e-16,0.0,0.0,0.5528714656829834,0.017638444900512695,-0.0,-0.0,1,1,0.16066122513220937,0.16066122513220937,0.5492262840270996,0.017632246017456055,80,13,0.16066,0.16066,1,1
2500,31,3,35,5.000000000006968,0.8333333333322019,0.6666666666650055,0.63034987449646,0.023435115814208984,4.0|5.0|6.0,4.0|5.0|6.0,3,3,0.8555337441164647,0.6816140451088302,0.558704137802124,0.025727510452270508,80,16,3.91098|3.94308|3.96577|4.97158|5.94243|5.98219,3.96577|4.97158|5.98219,6,3
2500,32,25,52,0.9999999999992868,0.0,0.0,0.5660955905914307,0.06676435470581055,1.0,1.0,1,1,0.44114983239664607,0.44114983239664607,0.5595424175262451,0.06587553024291992,80,31,1.44115,1.44115,1,1
2500,33,57,25,-7.564160748761156e-14,0.0,0.0,0.5555408000946045,0.09788727760314941,-0.0,-0.0,1,1,0.008643748348355473,0.008643748348355473,0.6191000938415527,0.09359049797058105,80,35,0.00864,0.00864,1,1
2500,34,11,57,4.0000000000038085,22.90000000003683,22.90000000003683,0.5612010955810547,0.09958457946777344,4.0|18.0|35.8|49.8,4.0|18.0|35.8|49.8,4,4,23.336560117735115,23.336560117735115,0.5541255474090576,0.09589695930480957,80,35,5.4956|17.76564|36.20802|49.87698,5.4956|17.76564|36.20802|49.87698,4,4
2500,35,15,49,6.541434061092993e-13,0.0,0.0,0.5530385971069336,0.05675625801086426,0.0,0.0,1,1,0.23019443067942372,0.23019443067942372,0.562283992767334,0.05392742156982422,80,28,0.23019,0.23019,1,1
2500,36,68,6,-8.884880128637552e-12,0.0,0.0,0.6263659000396729,0.37807345390319824,-0.0,-0.0,1,1,0.04938311824223261,0.04938311824223261,0.5609109401702881,0.37741851806640625,80,53,0.04938,0.04938,1,1
2500,37,59,32,7.510032878758365e-12,0.0,0.0,0.5501375198364258,0.3380768299102783,0.0,0.0,1,1,0.03403038492764433,0.03403038492764433,0.5707364082336426,0.34116315841674805,80,52,-0.03403,-0.03403,1,1
2500,38,52,46,-9.768381189732998e-13,0.0,0.0,0.6487815380096436,0.09032988548278809,-0.0,-0.0,1,1,0.12264090077861207,0.12264090077861207,0.5544483661651611,0.0946965217590332,80,35,0.12264,0.12264,1,1
2500,39,47,17,6.22314033071793e-13,0.0,0.0,0.5600409507751465,0.15134215354919434,0.0,0.0,1,1,0.1348234992583396,0.1348234992583396,0.5822126865386963,0.14673209190368652,80,41,-0.13482,-0.13482,1,1
2500,40,77,76,-1.1579364434681758e-08,0.0,0.0,0.5533363819122314,0.8128409385681152,-0.0,-0.0,1,1,0.33051612742547126,0.33051612742547126,0.5638532638549805,0.6936089992523193,80,65,0.33052,0.33052,1,1
2500,41,80,2,-3.4618771033467256e-11,0.0,0.0,0.5377614498138428,0.7472975254058838,-0.0,-0.0,1,1,0.06519426043081396,0.06519426043081396,0.5538806915283203,0.7058749198913574,80,68,-0.06519,-0.06519,1,1
2500,42,73,72,1.2758514568692964e-08,0.0,0.0,0.5637571811676025,0.7582924365997314,0.0,0.0,1,1,1.3265256082480528,1.3265256082480528,0.6155922412872314,0.7663271427154541,80,67,1.32653,1.32653,1,1
2500,43,6,58,3.0000000000901554,30.50000000002428,30.50000000002428,0.5551156997680664,0.09843301773071289,3.0|64.0,3.0|64.0,2,2,31.92371332445033,31.92371332445033,0.5291988849639893,0.10124683380126953,80,35,5.96355|63.88387,5.96355|63.88387,2,2
2500,44,44,46,-1.923931914016781e-12,0.0,0.0,0.5413873195648193,0.1305241584777832,-0.0,-0.0,1,1,0.08588501496519171,0.08588501496519171,0.6040701866149902,0.1237180233001709,80,40,0.08589,0.08589,1,1
2500,45,61,9,-9.37971350746928e-13,0.0,0.0,0.4746217727661133,0.11972570419311523,-0.0,-0.0,1,1,0.25180134213923044,0.25180134213923044,0.4683074951171875,0.11697101593017578,80,39,0.2518,0.2518,1,1
2500,46,33,28,-3.298595964268283e-14,0.0,0.0,0.46547532081604004,0.0473484992980957,-0.0,-0.0,1,1,0.10086251515876941,0.10086251515876941,0.4819610118865967,0.05248260498046875,80,27,-0.10086,-0.10086,1,1
2500,47,54,9,-2.1513381628830802e-13,0.0,0.0,0.5210771560668945,0.21344280242919922,-0.0,-0.0,1,1,0.050187136310996416,0.050187136310996416,0.47090792655944824,0.21413922309875488,80,48,-0.05019,-0.05019,1,1
2500,48,1,64,140.00000000023732,37.33333333348131,37.33333333348131,0.4711170196533203,0.1106712818145752,29.0|139.0|140.0,29.0|139.0|140.0,3,3,43.592823573068436,43.592823573068436,0.4754810333251953,0.1061549186706543,80,40,19.6826|144.16326|146.29781,19.6826|144.16326|146.29781,3,3
2500,49,19,53,45.99999999998268,0.0,0.0,0.47654032707214355,0.1472632884979248,46.0,46.0,1,1,0.9730569847106807,0.9730569847106807,0.5336811542510986,0.14195823669433594,80,42,46.97306,46.97306,1,1
2500,50,9,68,64.99999999937846,253.16666666741622,253.16666666741622,0.46780872344970703,0.3151521682739258,65.0|571.33333,65.0|571.33333,2,2,263.6390158982074,263.6390158982074,0.4739227294921875,0.3101620674133301,80,53,41.06872|568.34675,41.06872|568.34675,2,2
2500,51,38,12,1.3113304211387182e-14,0.0,0.0,0.46942901611328125,0.014344453811645508,0.0,0.0,1,1,0.021259168209428553,0.021259168209428553,0.5290036201477051,0.01900196075439453,80,15,-0.02126,-0.02126,1,1
2500,52,34,32,2.156378779237702e-12,0.0,0.0,0.4724555015563965,0.029811620712280273,0.0,0.0,1,1,0.19544288903949586,0.19544288903949586,0.4608008861541748,0.024214506149291992,80,22,0.19544,0.19544,1,1
2500,53,12,16,-4.5640336532439e-27,0.0,0.0,0.465456485748291,0.0060672760009765625,-0.0,-0.0,1,1,0.01737076469481175,0.01737076469481175,0.469257116317749,0.005146980285644531,80,4,-0.01737,-0.01737,1,1
2500,54,64,32,-2.0102463501250567e-12,0.0,0.0,0.5280430316925049,0.10793542861938477,-0.0,-0.0,1,1,0.03670855199486652,0.03670855199486652,0.4679832458496094,0.10593461990356445,80,40,0.03671,0.03671,1,1
2500,55,6,31,3.5136338283367683e-12,1.5000000000008205,1.5000000000008205,0.4704127311706543,0.017571687698364258,0.0|3.0,0.0|3.0,2,2,1.5395790986208016,1.5395790986208016,0.4734916687011719,0.01680779457092285,80,15,-0.04674|3.03242,-0.04674|3.03242,2,2
2500,56,73,61,6.073606824728301e-10,0.0,0.0,0.46926188468933105,0.6200928688049316,0.0,0.0,1,1,0.19199438809386174,0.19199438809386174,0.5370686054229736,0.6160681247711182,80,67,0.19199,0.19199,1,1
2500,57,8,35,1.9999999999969333,0.666666666669322,1.333333333338028,0.47762179374694824,0.019993305206298828,2.0|4.66667,2.0|4.66667,2,2,0.7210884903846277,1.3453078430275547,0.4714512825012207,0.01981949806213379,80,16,1.86933|1.94321|2.06306|4.63382,1.94321|4.63382,4,2
2500,58,14,68,22.000000000027093,0.0,0.0,0.47437286376953125,0.31897568702697754,22.0,22.0,1,1,7.476883012014099,7.476883012014099,0.4775848388671875,0.3847196102142334,80,53,29.47688,29.47688,1,1
2500,59,67,60,-2.0827400060888467e-11,0.0,0.0,0.46978259086608887,0.5763554573059082,-0.0,-0.0,1,1,0.023040382171926617,0.023040382171926617,0.47318029403686523,0.5802998542785645,80,62,-0.02304,-0.02304,1,1
2500,60,77,71,-1.6731984830931625e-09,0.0,0.0,0.4710404872894287,0.5368413925170898,-0.0,-0.0,1,1,0.11800024545131566,0.11800024545131566,0.4787619113922119,0.5944738388061523,80,62,-0.118,-0.118,1,1
2500,61,9,71,139.9999999986885,534.5000000015896,534.5000000015896,0.470383882522583,0.3789989948272705,140.0|1209.0,140.0|1209.0,2,2,552.8091256234261,552.8091256234261,0.4668459892272949,0.3802495002746582,80,56,168.28833|1217.32992,168.28833|1217.32992,2,2
2500,62,10,11,9.753507171981622e-15,6.033343258673847e-13,1.2066686517347694e-12,0.46541619300842285,0.004674673080444336,0.0,0.0,1,1,0.006011169009645636,0.002866882725436164,0.48308777809143066,0.003677845001220703,80,2,-0.00916|-0.00287,-0.00287,2,1
2500,63,18,12,9.259260025373806e-14,0.0,0.0,0.45722365379333496,0.008461713790893555,0.0,0.0,1,1,0.030046968924207586,0.030046968924207586,0.4684615135192871,0.012639522552490234,80,7,-0.03005,-0.03005,1,1
2500,64,58,5,8.277756150267803e-13,0.0,0.0,0.47724056243896484,0.09103107452392578,0.0,0.0,1,1,0.041450732794540514,0.041450732794540514,0.4630715847015381,0.08819460868835449,80,35,-0.04145,-0.04145,1,1
2500,65,37,72,17.999999999985718,0.0,0.0,0.4734835624694824,0.46649837493896484,18.0,18.0,1,1,1.802251803323312,1.802251803323312,0.5225756168365479,0.4728405475616455,80,59,19.80225,19.80225,1,1
2500,66,2,34,2.000000000012581,0.6666666666817437,1.0000000000224634,0.4740748405456543,0.018256425857543945,-0.0|2.0,-0.0|2.0,2,2,0.6694319476980608,0.9990133520013893,0.47638750076293945,0.017512083053588867,80,15,0.02525|1.98973|2.02328,0.02525|2.02328,3,2
2500,67,48,31,-8.390797609436301e-13,0.0,0.0,0.4753291606903076,0.22278332710266113,-0.0,-0.0,1,1,0.02211126602319354,0.02211126602319354,0.4705793857574463,0.1559910774230957,80,44,0.02211,0.02211,1,1
2500,68,72,79,6.263433954217411e-09,0.0,0.0,0.46829795837402344,0.6503007411956787,0.0,0.0,1,1,1.3239983997443214,1.3239983997443214,0.4700150489807129,0.6574254035949707,80,70,-1.324,-1.324,1,1
2500,69,3,69,295.0000000004507,49.833333333292416,49.833333333292416,0.4783143997192383,0.31311774253845215,210.0|222.0|295.0|310.0|336.0,210.0|222.0|295.0|310.0|336.0,5,5,50.04528815438848,50.04528815438848,0.4636189937591553,0.2450261116027832,80,50,204.83937|208.25163|219.37899|294.37035|303.34114|333.77092,204.83937|208.25163|219.37899|294.37035|303.34114|333.77092,6,6
2500,70,63,78,1.0000000079274882,0.0,0.0,0.4738576412200928,0.6388440132141113,1.0,1.0,1,1,1.1857759185645669,1.1857759185645669,0.46778082847595215,0.6408839225769043,80,67,2.18578,2.18578,1,1
2500,71,64,12,1.5792826824487767e-13,0.0,0.0,0.47069478034973145,0.1117105484008789,0.0,0.0,1,1,0.01861303209458782,0.01861303209458782,0.4704408645629883,0.10731053352355957,80,40,0.01861,0.01861,1,1
2500,72,2,16,5.66213742558596e-14,1.8756976648215098e-13,0.0,0.48087525367736816,0.0042476654052734375,0.0,0.0,1,1,0.05883700375271794,0.029525837237813,0.4685933589935303,0.0036139488220214844,80,2,-0.07514|-0.07184|-0.02953,-0.02953,3,1
2500,73,10,22,7.394085344001808e-14,0.2500000000007452,0.2500000000007452,0.4732818603515625,0.008360147476196289,0.0|0.5,0.0|0.5,2,2,0.26103187492447444,0.26103187492447444,0.4729502201080322,0.007435798645019531,80,6,0.01544|0.50662,0.01544|0.50662,2,2
2500,74,63,33,-1.2123871519107696e-10,0.0,0.0,0.5257000923156738,0.34512758255004883,-0.0,-0.0,1,1,0.11348845768701848,0.11348845768701848,0.4742546081542969,0.34645891189575195,80,54,0.11349,0.11349,1,1
2500,75,58,31,-1.1665342428916742e-12,0.0,0.0,0.4699532985687256,0.08779740333557129,-0.0,-0.0,1,1,0.037279317112756845,0.037279317112756845,0.4687926769256592,0.08581376075744629,80,35,0.03728,0.03728,1,1
2500,76,32,54,6.000000000001042,0.0,0.0,0.475020170211792,0.21538972854614258,6.0,6.0,1,1,1.0489486364950098,1.0489486364950098,0.5277485847473145,0.21154093742370605,80,48,4.95105,4.95105,1,1
2500,77,24,41,0.9999999999996879,0.0,0.0,0.4651303291320801,0.048401594161987305,1.0,1.0,1,1,1.9909891578402192,1.9909891578402192,0.4638633728027344,0.04373764991760254,80,28,-0.99099,-0.99099,1,1
2500,78,11,64,4.00000000000428,25.00000000004146,25.00000000004146,0.4643075466156006,0.11086440086364746,4.0|19.0|39.0|54.0,4.0|19.0|39.0|54.0,4,4,24.481589678255247,24.481589678255247,0.47062158584594727,0.10678505897521973,80,40,3.98423|19.03764|37.09972|53.77322,3.98423|19.03764|37.09972|53.77322,4,4
2500,79,6,49,3.049294150517136e-11,10.250000000009928,10.250000000009928,0.467609167098999,0.04178977012634277,0.0|20.5,0.0|20.5,2,2,10.838235662007527,10.838235662007527,0.46471142768859863,0.04821348190307617,80,27,1.00994|20.66653,1.00994|20.66653,2,2
2500,80,21,65,2.923375827118688e-13,0.0,0.0,0.47388648986816406,0.0555422306060791,0.0,0.0,1,1,0.3443392221411626,0.3443392221411626,0.4700155258178711,0.05978870391845703,80,28,-0.34434,-0.34434,1,1
2500,81,60,63,3.7794208055886654e-10,0.0,0.0,0.4665713310241699,0.3719038963317871,0.0,0.0,1,1,0.47495262192383436,0.47495262192383436,0.5202245712280273,0.37399744987487793,80,55,0.47495,0.47495,1,1
2500,82,43,25,3.43492572192307e-14,0.0,0.0,0.47380709648132324,0.03210759162902832,0.0,0.0,1,1,0.0961744802691313,0.0961744802691313,0.48216748237609863,0.036858558654785156,80,25,-0.09617,-0.09617,1,1
2500,83,15,57,2.000000000002042,0.0,0.0,0.4864614009857178,0.08219552040100098,2.0,2.0,1,1,3.26358169776622,3.26358169776622,0.4760451316833496,0.14607834815979004,80,35,-1.26358,-1.26358,1,1
2500,84,58,66,1.0086526203524578e-11,0.0,0.0,0.4685933589935303,0.3846616744995117,0.0,0.0,1,1,6.595124938181025,6.595124938181025,0.46533703804016113,0.3854060173034668,80,57,-6.59512,-6.59512,1,1
2500,85,32,41,1.0000000000001898,0.0,0.0,0.4685065746307373,0.04874229431152344,1.0,1.0,1,1,0.13409506991916487,0.13409506991916487,0.47567009925842285,0.04286956787109375,80,28,0.8659,0.8659,1,1
2500,86,27,18,-1.9162316444128437e-14,0.0,0.0,0.5231382846832275,0.01318979263305664,-0.0,-0.0,1,1,0.03499408071046326,0.03499408071046326,0.4653899669647217,0.011710405349731445,80,14,0.03499,0.03499,1,1
2500,87,28,64,1.000000000000342,0.0,0.0,0.4763810634613037,0.10785889625549316,1.0,1.0,1,1,1.7928674124616484,1.7928674124616484,0.46465015411376953,0.11025643348693848,80,40,-0.79287,-0.79287,1,1
2500,88,72,63,8.306356166278339e-09,0.0,0.0,0.47478508949279785,0.5300343036651611,0.0,0.0,1,1,0.014923312591042934,0.014923312591042934,0.528613805770874,0.5416536331176758,80,61,-0.01492,-0.01492,1,1
2500,89,10,61,11.00000000000982,28.000000000101373,28.000000000101373,0.4657561779022217,0.11927509307861328,11.0|67.0,11.0|67.0,2,2,28.149021038107886,28.149021038107886,0.46982574462890625,0.11747884750366211,80,39,10.87002|67.16806,10.87002|67.16806,2,2
2500,90,23,29,1.1456981197065176e-14,0.0,0.0,0.47104358673095703,0.012137651443481445,0.0,0.0,1,1,0.013402747791951754,0.013402747791951754,0.5348641872406006,0.011348485946655273,80,14,0.0134,0.0134,1,1
2500,91,54,16,-3.023013317963327e-13,0.0,0.0,0.4669497013092041,0.20899295806884766,-0.0,-0.0,1,1,0.08241002455372116,0.08241002455372116,0.47055602073669434,0.21158099174499512,80,48,0.08241,0.08241,1,1
2500,92,6,52,2.0000000000309206,10.250000000007114,10.250000000007114,0.47249698638916016,0.05454134941101074,2.0|22.5,2.0|22.5,2,2,10.469206469914422,10.469206469914422,0.47116780281066895,0.058129072189331055,80,31,1.52771|22.46612,1.52771|22.46612,2,2
2500,93,73,6,-8.679434244159332e-11,0.0,0.0,0.5222902297973633,0.6070592403411865,-0.0,-0.0,1,1,0.00805107924776037,0.00805107924776037,0.4654052257537842,0.6048882007598877,80,66,0.00805,0.00805,1,1
2500,94,76,34,2.0831300814367573e-11,0.0,0.0,0.47715258598327637,0.507357120513916,0.0,0.0,1,1,0.004082415911798439,0.004082415911798439,0.5125446319580078,0.5138187408447266,80,58,-0.00408,-0.00408,1,1
2500,95,13,64,38.99999999997609,0.0,0.0,0.6063709259033203,0.13531804084777832,39.0,39.0,1,1,0.07167726760941662,0.07167726760941662,0.5585601329803467,0.12784862518310547,80,40,39.07168,39.07168,1,1
2500,96,13,76,594.9999999995823,0.0,0.0,0.5519180297851562,0.5095171928405762,595.0,595.0,1,1,45.395991190102336,45.395991190102336,0.565481424331665,0.5094926357269287,80,58,549.60401,549.60401,1,1
2500,97,39,26,-4.200675425768402e-14,0.0,0.0,0.6185543537139893,0.04986071586608887,-0.0,-0.0,1,1,0.09319633386372334,0.09319633386372334,0.5529232025146484,0.05317950248718262,80,28,-0.0932,-0.0932,1,1
2500,98,13,57,36.99999999997683,0.0,0.0,0.5680227279663086,0.09744811058044434,37.0,37.0,1,1,0.20209609499784165,0.20209609499784165,0.5710175037384033,0.09559297561645508,80,35,36.7979,36.7979,1,1
2500,99,45,43,2.465980920402839e-13,0.0,0.0,0.5561456680297852,0.0504765510559082,0.0,0.0,1,1,0.17571904946807124,0.17571904946807124,0.5557525157928467,0.04148435592651367,80,27,-0.17572,-0.17572,1,1
5000,0,71,13,3.916096476312121e-12,0.0,0.0,0.5458741188049316,0.43813657760620117,0.0,0.0,1,1,0.1479833588326076,0.1479833588326076,0.5483474731445312,0.44072818756103516,80,56,-0.14798,-0.14798,1,1
5000,1,5,15,6.744366757155259e-12,1.5409933116941582e-12,3.0819866233883165e-12,0.5482602119445801,0.016236066818237305,0.0,0.0,1,1,0.004855250535820397,0.0037722425083109097,0.5529918670654297,0.009664535522460938,80,6,0.00377|0.00594,0.00377,2,1
5000,2,18,67,595.0000000009123,0.0,0.0,0.6072449684143066,0.6828985214233398,595.0,595.0,1,1,19.65130575728972,19.65130575728972,0.5399868488311768,0.6458005905151367,80,62,575.34869,575.34869,1,1
5000,3,46,56,1.372082524222495e-13,0.0,0.0,0.4743521213531494,0.07536649703979492,0.0,0.0,1,1,0.19218230602448272,0.19218230602448272,0.4702153205871582,0.07551789283752441,80,34,0.19218,0.19218,1,1
5000,4,46,23,-1.9316813106283679e-13,0.0,0.0,0.539680004119873,0.028716325759887695,-0.0,-0.0,1,1,0.07436311580540039,0.07436311580540039,0.46576881408691406,0.028416156768798828,80,23,-0.07436,-0.07436,1,1
5000,5,64,59,6.219275991093189e-11,0.0,0.0,0.4694399833679199,0.3217439651489258,0.0,0.0,1,1,0.17471320817754882,0.17471320817754882,0.48094868659973145,0.3194406032562256,80,54,0.17471,0.17471,1,1
5000,6,22,68,31.99999999998415,0.0,0.0,0.47609782218933105,0.31662559509277344,32.0,32.0,1,1,11.177649983185947,11.177649983185947,0.5352463722229004,0.3157198429107666,80,53,43.17765,43.17765,1,1
5000,7,23,29,1.1456981197065176e-14,0.0,0.0,0.4631233215332031,0.01752758026123047,0.0,0.0,1,1,0.014847740898581489,0.014847740898581489,0.46314239501953125,0.011291027069091797,80,14,0.01485,0.01485,1,1
5000,8,72,63,8.306356166278339e-09,0.0,0.0,0.4764835834503174,0.5311548709869385,0.0,0.0,1,1,0.27190002207651326,0.27190002207651326,0.47195005416870117,0.5364747047424316,80,61,0.2719,0.2719,1,1
5000,9,7,33,-1.8277043425560915e-12,0.0,0.0,0.4692692756652832,0.03954768180847168,-0.0,-0.0,1,1,0.0028765782137681987,0.0028765782137681987,0.4684779644012451,0.0377497673034668,80,25,-0.00288,-0.00288,1,1
5000,10,77,20,-1.278698865277245e-10,0.0,0.0,0.47008657455444336,0.5494105815887451,-0.0,-0.0,1,1,0.07587317336000259,0.07587317336000259,0.4670264720916748,0.5373067855834961,80,62,-0.07587,-0.07587,1,1
5000,11,65,76,-2.540539878968886e-12,0.0,0.0,0.46421122550964355,0.44898152351379395,-0.0,-0.0,1,1,1.6125753815748158,1.6125753815748158,0.46709775924682617,0.43819689750671387,80,59,1.61258,1.61258,1,1
5000,12,72,44,1.133925947629563e-10,0.0,0.0,0.47679829597473145,0.4588024616241455,0.0,0.0,1,1,0.03142084510165638,0.03142084510165638,0.46459364891052246,0.46440553665161133,80,59,0.03142,0.03142,1,1
5000,13,38,6,3.3989904907650617e-15,0.0,0.0,0.5206546783447266,0.02340102195739746,0.0,0.0,1,1,0.010880523349661468,0.010880523349661468,0.4671335220336914,0.019852638244628906,80,16,0.01088,0.01088,1,1
5000,14,37,60,0.9999999999981132,0.0,0.0,0.4837319850921631,0.1411914825439453,1.0,1.0,1,1,0.44484845502279446,0.44484845502279446,0.48126769065856934,0.1404585838317871,80,42,0.55515,0.55515,1,1
5000,15,40,4,3.811619230105583e-13,0.0,0.0,0.47896695137023926,0.01703333854675293,0.0,0.0,1,1,0.0011722056981482748,0.0011722056981482748,0.5185685157775879,0.016031265258789062,80,15,0.00117,0.00117,1,1
5000,16,72,70,4.580306874292219e-09,0.0,0.0,0.4657137393951416,0.5159666538238525,0.0,0.0,1,1,0.1251680097512896,0.1251680097512896,0.46437597274780273,0.5062448978424072,80,61,0.12517,0.12517,1,1
5000,17,42,72,1.9999999989898938,0.0,0.0,0.47837138175964355,0.5187771320343018,2.0,2.0,1,1,58.958608236060456,58.958608236060456,0.46842074394226074,0.4634280204772949,80,59,-56.95861,-56.95861,1,1
5000,18,19,50,7.9999999999981455,0.0,0.0,0.4639873504638672,0.04985475540161133,8.0,8.0,1,1,0.000889334624367244,0.000889334624367244,0.46193766593933105,0.04688620567321777,80,28,7.99911,7.99911,1,1
5000,19,18,9,0.0,0.0,0.0,0.4669513702392578,0.013286590576171875,0.0,0.0,1,1,0.03091197323350498,0.03091197323350498,0.4756450653076172,0.007178783416748047,80,5,-0.03091,-0.03091,1,1
5000,20,33,61,1.0000000000036526,0.0,0.0,0.5255167484283447,0.11927127838134766,1.0,1.0,1,1,2.770387315838642,2.770387315838642,0.4706881046295166,0.11812639236450195,80,39,3.77039,3.77039,1,1
5000,21,29,59,4.99999999999775,0.0,0.0,0.47738075256347656,0.28884458541870117,5.0,5.0,1,1,7.458680968084436,7.458680968084436,0.46543455123901367,0.28055667877197266,80,52,12.45868,12.45868,1,1
5000,22,56,57,-8.2240565587441e-12,0.0,0.0,0.5335800647735596,0.10242319107055664,-0.0,-0.0,1,1,0.011424167393655127,0.011424167393655127,0.46428394317626953,0.10312652587890625,80,38,0.01142,0.01142,1,1
5000,23,76,31,-5.6765339909142384e-11,0.0,0.0,0.46505117416381836,0.43140125274658203,-0.0,-0.0,1,1,0.06117017301349755,0.06117017301349755,0.47405385971069336,0.4306163787841797,80,58,0.06117,0.06117,1,1
5000,24,73,75,-7.637985113444615e-09,0.0,0.0,0.4735839366912842,0.6633126735687256,-0.0,-0.0,1,1,0.024040509124065707,0.024040509124065707,0.5267372131347656,0.6767723560333252,80,70,0.02404,0.02404,1,1
5000,25,32,19,1.077985437535986e-13,0.0,0.0,0.47529101371765137,0.017517805099487305,0.0,0.0,1,1,0.023925141367698206,0.023925141367698206,0.4723362922668457,0.016431331634521484,80,17,-0.02393,-0.02393,1,1
5000,26,23,78,29.000000000012296,0.0,0.0,0.46851396560668945,0.6347877979278564,29.0,29.0,1,1,46.92233948294182,46.92233948294182,0.5336484909057617,0.6370267868041992,80,67,-17.92234,-17.92234,1,1
5000,27,51,52,-5.422250792125602e-12,0.0,0.0,0.4662482738494873,0.21262097358703613,-0.0,-0.0,1,1,0.00439887502159582,0.00439887502159582,0.4748847484588623,0.21206068992614746,80,49,-0.0044,-0.0044,1,1
5000,28,52,65,-1.1691802277817086e-12,0.0,0.0,0.4727041721343994,0.08881926536560059,-0.0,-0.0,1,1,0.11953891686288212,0.11953891686288212,0.4639589786529541,0.15688180923461914,80,38,-0.11954,-0.11954,1,1
5000,29,13,11,-4.272138198740377e-13,0.0,0.0,0.4724910259246826,0.007906198501586914,-0.0,-0.0,1,1,0.059481187821618105,0.059481187821618105,0.4716484546661377,0.006837606430053711,80,4,-0.05948,-0.05948,1,1
5000,30,39,33,-1.3862356603067086e-13,0.0,0.0,0.4700286388397217,0.05393552780151367,-0.0,-0.0,1,1,0.004692239127430029,0.004692239127430029,0.46853017807006836,0.05449223518371582,80,31,-0.00469,-0.00469,1,1
5000,31,14,19,8.008978096100255e-14,0.0,0.0,0.5363755226135254,0.010793924331665039,0.0,0.0,1,1,0.0032776988264849455,0.0032776988264849455,0.4629950523376465,0.009836196899414062,80,13,-0.00328,-0.00328,1,1
5000,32,20,19,2.690507749246448e-13,0.0,0.0,0.4732820987701416,0.012709379196166992,0.0,0.0,1,1,0.004396655730331876,0.004396655730331876,0.46925926208496094,0.011828422546386719,80,12,0.0044,0.0044,1,1
5000,33,17,21,1.0000000000009128,0.0,0.0,0.47721195220947266,0.009601116180419922,1.0,1.0,1,1,0.008097625522706986,0.008097625522706986,0.46277475357055664,0.008653402328491211,80,10,1.0081,1.0081,1,1
5000,34,32,68,16.000000000004317,0.0,0.0,0.4696033000946045,0.31949782371520996,16.0,16.0,1,1,0.08435426507393018,0.08435426507393018,0.46424150466918945,0.31601381301879883,80,53,15.91565,15.91565,1,1
5000,35,32,20,1.7460929821303063e-13,0.0,0.0,0.4699549674987793,0.017552614212036133,0.0,0.0,1,1,0.03376088816625669,0.03376088816625669,0.4718360900878906,0.021661996841430664,80,17,0.03376,0.03376,1,1
5000,36,68,22,1.9846723540082882e-11,0.0,0.0,0.5277018547058105,0.32193756103515625,0.0,0.0,1,1,0.007231077527627888,0.007231077527627888,0.4723477363586426,0.32593250274658203,80,53,0.00723,0.00723,1,1
5000,37,14,40,3.1851444558771074e-13,0.0,0.0,0.4711296558380127,0.021956443786621094,0.0,0.0,1,1,0.0543218622319931,0.0543218622319931,0.46904921531677246,0.0212709903717041,80,18,0.05432,0.05432,1,1
5000,38,56,44,-1.521511461936559e-11,0.0,0.0,0.47537851333618164,0.12587690353393555,-0.0,-0.0,1,1,0.28551316807455385,0.28551316807455385,0.5325741767883301,0.1186835765838623,80,41,0.28551,0.28551,1,1
5000,39,55,8,-9.65444237821637e-13,0.0,0.0,0.46764373779296875,0.19016575813293457,-0.0,-0.0,1,1,0.03927241044567812,0.03927241044567812,0.46936702728271484,0.18971729278564453,80,46,-0.03927,-0.03927,1,1
5000,40,57,26,3.055189086304651e-13,0.0,0.0,0.46942806243896484,0.08804106712341309,0.0,0.0,1,1,0.013443534570142192,0.013443534570142192,0.4706590175628662,0.08365440368652344,80,36,0.01344,0.01344,1,1
5000,41,20,29,2.6755836603474353e-13,0.0,0.0,0.4715390205383301,0.010640621185302734,0.0,0.0,1,1,0.023298267723595785,0.023298267723595785,0.4737985134124756,0.009443998336791992,80,8,-0.0233,-0.0233,1,1
5000,42,42,43,-1.047985402160113e-11,0.0,0.0,0.4755375385284424,0.036881208419799805,-0.0,-0.0,1,1,0.1393696241932455,0.1393696241932455,0.4675636291503906,0.03662300109863281,80,28,0.13937,0.13937,1,1
5000,43,73,75,-7.637985113444615e-09,0.0,0.0,0.5334467887878418,0.6728172302246094,-0.0,-0.0,1,1,0.8601841249826732,0.8601841249826732,0.45906972885131836,0.6731195449829102,80,70,0.86018,0.86018,1,1
5000,44,34,45,1.5664506728742218e-12,0.0,0.0,0.47667908668518066,0.027208805084228516,0.0,0.0,1,1,0.14892231505908962,0.14892231505908962,0.4607985019683838,0.03098750114440918,80,24,0.14892,0.14892,1,1
5000,45,43,41,3.029153363630089e-13,0.0,0.0,0.46732187271118164,0.07066845893859863,0.0,0.0,1,1,0.13022079883078722,0.13022079883078722,0.5247576236724854,0.06890535354614258,80,34,-0.13022,-0.13022,1,1
5000,46,68,60,-1.7634356829597507e-10,0.0,0.0,0.4683113098144531,0.34097719192504883,-0.0,-0.0,1,1,0.04908025134508616,0.04908025134508616,0.46958088874816895,0.3391735553741455,80,54,0.04908,0.04908,1,1
5000,47,39,75,13.000000000000075,0.0,0.0,0.4767310619354248,0.5291659832000732,13.0,13.0,1,1,7.084240867842031,7.084240867842031,0.5335433483123779,0.5355441570281982,80,61,5.91576,5.91576,1,1
5000,48,63,57,-1.8715012096856293e-10,0.0,0.0,0.4809248447418213,0.3903796672821045,-0.0,-0.0,1,1,0.20717679064727876,0.20717679064727876,0.4838881492614746,0.38919734954833984,80,56,-0.20718,-0.20718,1,1
5000,49,65,62,-1.476252927710646e-11,0.0,0.0,0.47826266288757324,0.45424485206604004,-0.0,-0.0,1,1,5.673546482670488,5.673546482670488,0.4644808769226074,0.3865358829498291,80,57,-5.67355,-5.67355,1,1
5000,50,61,56,-6.010700157423428e-12,0.0,0.0,0.4687356948852539,0.1434462070465088,-0.0,-0.0,1,1,0.12108620756664086,0.12108620756664086,0.4707658290863037,0.14297246932983398,80,42,-0.12109,-0.12109,1,1
5000,51,27,36,-8.195706256009414e-14,0.0,0.0,0.4706299304962158,0.019029617309570312,-0.0,-0.0,1,1,0.05967757541977067,0.05967757541977067,0.46974802017211914,0.02298140525817871,80,18,0.05968,0.05968,1,1
5000,52,7,9,-1.3898710469135514e-14,0.0,0.0,0.5282595157623291,0.0043947696685791016,-0.0,-0.0,1,1,0.0004280819451297344,0.0004280819451297344,0.46747350692749023,0.008305549621582031,80,2,-0.00043,-0.00043,1,1
5000,53,58,13,-1.9233595910952917e-14,0.0,0.0,0.47936081886291504,0.08990740776062012,-0.0,-0.0,1,1,0.004008500133578563,0.004008500133578563,0.46775364875793457,0.08619451522827148,80,35,0.00401,0.00401,1,1
5000,54,18,50,8.000000000011978,0.0,0.0,0.4754345417022705,0.04914712905883789,8.0,8.0,1,1,0.11443600250392105,0.11443600250392105,0.5219523906707764,0.04367828369140625,80,28,7.88556,7.88556,1,1
5000,55,9,25,-2.8623029872202645e-12,0.8333333333371236,0.8333333333371236,0.46572351455688477,0.010712862014770508,-0.0|1.66667,-0.0|1.66667,2,2,0.8349998895266245,0.8349998895266245,0.46735620498657227,0.00909733772277832,80,11,-0.01029|1.65971,-0.01029|1.65971,2,2
5000,56,47,2,1.6727948786197265e-14,0.0,0.0,0.46502041816711426,0.12521028518676758,0.0,0.0,1,1,0.062118212346262455,0.062118212346262455,0.47495341300964355,0.12114930152893066,80,41,0.06212,0.06212,1,1
5000,57,29,69,1.999999999998759,0.0,0.0,0.46042847633361816,0.24664521217346191,2.0,2.0,1,1,2.0700870866571073,2.0700870866571073,0.4655904769897461,0.2523362636566162,80,50,-0.07009,-0.07009,1,1
5000,58,59,70,0.9999999999586312,0.0,0.0,0.471966028213501,0.330791711807251,1.0,1.0,1,1,0.16160450181410468,0.16160450181410468,0.46512866020202637,0.3235781192779541,80,54,1.1616,1.1616,1,1
5000,59,72,35,-1.5221903601567366e-11,0.0,0.0,0.5307869911193848,0.4571502208709717,-0.0,-0.0,1,1,0.15507781759651276,0.15507781759651276,0.4684414863586426,0.4577453136444092,80,59,0.15508,0.15508,1,1
5000,60,73,19,3.9452090646428325e-11,0.0,0.0,0.47563934326171875,0.6104722023010254,0.0,0.0,1,1,0.0886431136557632,0.0886431136557632,0.46897339820861816,0.610234260559082,80,66,0.08864,0.08864,1,1
5000,61,49,3,6.10310673419824e-14,0.0,0.0,0.5296814441680908,0.044579267501831055,0.0,0.0,1,1,0.013670135740720327,0.013670135740720327,0.4655189514160156,0.03928256034851074,80,26,-0.01367,-0.01367,1,1
5000,62,44,58,4.561658033783328e-12,0.0,0.0,0.47129344940185547,0.18071413040161133,0.0,0.0,1,1,0.14588613579029125,0.14588613579029125,0.5192043781280518,0.18429946899414062,80,44,0.14589,0.14589,1,1
5000,63,60,51,-1.21712557902848e-11,0.0,0.0,0.5559666156768799,0.2513766288757324,-0.0,-0.0,1,1,0.1161407398431912,0.1161407398431912,0.6260683536529541,0.2490527629852295,80,48,0.11614,0.11614,1,1
5000,64,70,22,-5.642840185452293e-12,0.0,0.0,0.5456051826477051,0.3771824836730957,-0.0,-0.0,1,1,0.008788146634280696,0.008788146634280696,0.5555756092071533,0.36995601654052734,80,54,0.00879,0.00879,1,1
5000,65,16,4,1.267554876789732e-13,0.0,0.0,0.5566439628601074,0.0068666934967041016,0.0,0.0,1,1,0.028440223412865315,0.028440223412865315,0.548912525177002,0.0039386749267578125,80,2,0.02844,0.02844,1,1
5000,66,15,12,4.3140094670956636e-15,0.0,0.0,0.5401515960693359,0.010996818542480469,0.0,0.0,1,1,0.026583057384554565,0.026583057384554565,0.5282113552093506,0.010339498519897461,80,7,0.02658,0.02658,1,1
5000,67,9,51,17.9999999998347,66.66666666686669,66.66666666686669,0.5556948184967041,0.23179340362548828,18.0|151.33333,18.0|151.33333,2,2,68.126232251544,68.126232251544,0.5531997680664062,0.22940468788146973,80,47,21.36957|150.8829,21.36957|150.8829,2,2
5000,68,72,42,9.61112874143582e-11,0.0,0.0,0.5354139804840088,0.45415544509887695,0.0,0.0,1,1,0.025766439816449424,0.025766439816449424,0.46838808059692383,0.45722198486328125,80,59,-0.02577,-0.02577,1,1
5000,69,79,23,-1.4855872485652016e-10,0.0,0.0,0.47519540786743164,0.5969371795654297,-0.0,-0.0,1,1,0.01772201978452053,0.01772201978452053,0.46735239028930664,0.5914900302886963,80,68,-0.01772,-0.01772,1,1
5000,70,80,60,-6.48153981327147e-10,0.0,0.0,0.5247647762298584,0.6244685649871826,-0.0,-0.0,1,1,0.07176196552624085,0.07176196552624085,0.46430301666259766,0.6285076141357422,80,68,-0.07176,-0.07176,1,1
5000,71,9,20,-7.585043704239053e-13,0.6666666666672435,0.6666666666672435,0.4752655029296875,0.009731292724609375,-0.0|1.33333,-0.0|1.33333,2,2,0.6835122616562468,0.6835122616562468,0.4699714183807373,0.008633136749267578,80,6,0.03868|1.32834,0.03868|1.32834,2,2
5000,72,29,26,-1.0732155904673701e-14,0.0,0.0,0.531853199005127,0.010229825973510742,-0.0,-0.0,1,1,0.0050084125263216575,0.0050084125263216575,0.4664945602416992,0.008921146392822266,80,7,0.00501,0.00501,1,1
5000,73,21,32,2.141778817784872e-13,0.0,0.0,0.46952223777770996,0.018775224685668945,0.0,0.0,1,1,0.08321940195884114,0.08321940195884114,0.4764211177825928,0.019965648651123047,80,18,0.08322,0.08322,1,1
5000,74,76,63,6.7484647383715946e-09,0.0,0.0,0.4681570529937744,0.5650968551635742,0.0,0.0,1,1,0.014541332319966375,0.014541332319966375,0.467496395111084,0.4998476505279541,80,60,-0.01454,-0.01454,1,1
5000,75,74,73,-4.2301955357275684e-09,0.0,0.0,0.466306209564209,0.6330244541168213,-0.0,-0.0,1,1,0.9111651835389877,0.9111651835389877,0.46578383445739746,0.6222894191741943,80,67,0.91117,0.91117,1,1
5000,76,72,3,1.25995521383527e-11,0.0,0.0,0.47461605072021484,0.4571504592895508,0.0,0.0,1,1,0.018294904140910298,0.018294904140910298,0.5278029441833496,0.46101856231689453,80,59,0.01829,0.01829,1,1
5000,77,76,64,-4.373500467290489e-10,0.0,0.0,0.4669160842895508,0.4661836624145508,-0.0,-0.0,1,1,0.0930188327376839,0.0930188327376839,0.46654748916625977,0.46193385124206543,80,59,0.09302,0.09302,1,1
5000,78,45,72,3.0000000000436216,0.0,0.0,0.4737865924835205,0.5257925987243652,3.0,3.0,1,1,0.5072102371819907,0.5072102371819907,0.47028303146362305,0.45604681968688965,80,59,2.49279,2.49279,1,1
5000,79,29,2,-7.993605777274205e-15,0.0,0.0,0.46602821350097656,0.008150577545166016,-0.0,-0.0,1,1,0.001240369872850529,0.001240369872850529,0.4654116630554199,0.007039546966552734,80,5,0.00124,0.00124,1,1
5000,80,33,36,-2.2536705012417858e-14,0.0,0.0,0.4632294178009033,0.036312103271484375,-0.0,-0.0,1,1,0.1512812168158108,0.1512812168158108,0.473524808883667,0.031527042388916016,80,26,-0.15128,-0.15128,1,1
5000,81,62,17,5.047258530459452e-12,0.0,0.0,0.5267438888549805,0.38304591178894043,0.0,0.0,1,1,0.007598028632485449,0.007598028632485449,0.46741294860839844,0.3916597366333008,80,56,-0.0076,-0.0076,1,1
5000,82,65,10,4.193402649491344e-14,0.0,0.0,0.47747349739074707,0.05257821083068848,0.0,0.0,1,1,0.029041469072757176,0.029041469072757176,0.47148871421813965,0.05666780471801758,80,27,0.02904,0.02904,1,1
5000,83,73,66,-3.2927199602916676e-09,0.0,0.0,0.4661738872528076,0.6025676727294922,-0.0,-0.0,1,1,0.03715579244789064,0.03715579244789064,0.5234994888305664,0.6016879081726074,80,66,0.03716,0.03716,1,1
5000,84,77,34,-2.3088616806362474e-10,0.0,0.0,0.46846532821655273,0.5342702865600586,-0.0,-0.0,1,1,0.06562440412509277,0.06562440412509277,0.46727442741394043,0.5427474975585938,80,62,-0.06562,-0.06562,1,1
5000,85,71,10,-1.4738768302642592e-12,0.0,0.0,0.5314285755157471,0.3777596950531006,-0.0,-0.0,1,1,0.008835801236296549,0.008835801236296549,0.4635787010192871,0.3738882541656494,80,56,-0.00884,-0.00884,1,1
5000,86,59,45,-5.996534843914615e-12,0.0,0.0,0.47459912300109863,0.286679744720459,-0.0,-0.0,1,1,0.055579516574885926,0.055579516574885926,0.463165283203125,0.28241658210754395,80,52,-0.05558,-0.05558,1,1
5000,87,41,34,-1.435591442088653e-12,0.0,0.0,0.4733858108520508,0.05731487274169922,-0.0,-0.0,1,1,0.10140816716283672,0.10140816716283672,0.5214300155639648,0.0538482666015625,80,31,-0.10141,-0.10141,1,1
5000,88,15,68,10.000000000012408,0.0,0.0,0.47418713569641113,0.3205687999725342,10.0,10.0,1,1,3.7085531105281593,3.7085531105281593,0.4691605567932129,0.319427490234375,80,53,13.70855,13.70855,1,1
5000,89,70,67,4.270690120433991e-09,0.0,0.0,0.47116923332214355,0.6886062622070312,0.0,0.0,1,1,0.27155086984545473,0.27155086984545473,0.4687161445617676,0.6237905025482178,80,64,0.27155,0.27155,1,1
5000,90,1,72,2296.0000000035648,611.3333333356326,611.3333333356326,0.4659900665283203,0.4634819030761719,501.0|2257.0|2296.0,501.0|2257.0|2296.0,3,3,645.8256414428354,645.8256414428354,0.4681415557861328,0.45847082138061523,80,59,471.56998|2205.16027|2273.79282,471.56998|2205.16027|2273.79282,3,3
5000,91,35,57,2.999999999984708,0.0,0.0,0.47324657440185547,0.08275103569030762,3.0,3.0,1,1,0.11790721840692031,0.11790721840692031,0.4697086811065674,0.08083677291870117,80,35,2.88209,2.88209,1,1
5000,92,23,68,3.999999999999818,0.0,0.0,0.46921753883361816,0.3211393356323242,4.0,4.0,1,1,9.79560710590938,9.79560710590938,0.465101957321167,0.3180069923400879,80,53,13.79561,13.79561,1,1
5000,93,22,63,59.99999999997069,0.0,0.0,0.47099971771240234,0.34946656227111816,60.0,60.0,1,1,26.095939389145123,26.095939389145123,0.46997594833374023,0.34932613372802734,80,54,33.90406,33.90406,1,1
5000,94,9,40,-6.5760730194597135e-12,1.8333333333415887,1.8333333333415887,0.4556846618652344,0.018468618392944336,-0.0|3.66667,-0.0|3.66667,2,2,1.8513536914055273,1.8513536914055273,0.47191786766052246,0.017630815505981445,80,16,-0.06515|3.63756,-0.06515|3.63756,2,2
5000,95,61,15,1.878915125568819e-12,0.0,0.0,0.4814913272857666,0.11675000190734863,0.0,0.0,1,1,0.02745168347590367,0.02745168347590367,0.4641718864440918,0.11704421043395996,80,39,-0.02745,-0.02745,1,1
5000,96,63,68,1.0574459287357322e-10,0.0,0.0,0.47756314277648926,0.379502534866333,0.0,0.0,1,1,0.03376853566066826,0.03376853566066826,0.5292470455169678,0.38873887062072754,80,55,0.03377,0.03377,1,1
5000,97,76,71,-2.003377780068e-09,0.0,0.0,0.47485971450805664,0.5012328624725342,-0.0,-0.0,1,1,0.39794827319294146,0.39794827319294146,0.4699897766113281,0.5016727447509766,80,61,-0.39795,-0.39795,1,1
5000,98,43,73,25.000000000096847,0.0,0.0,0.46912050247192383,0.6067564487457275,25.0,25.0,1,1,36.196708506430745,36.196708506430745,0.5182909965515137,0.6091563701629639,80,66,-11.19671,-11.19671,1,1
5000,99,60,4,-3.349276423788148e-14,0.0,0.0,0.46552205085754395,0.14365625381469727,-0.0,-0.0,1,1,0.025299425505240468,0.025299425505240468,0.47498345375061035,0.13776183128356934,80,42,-0.0253,-0.0253,1,1
7500,0,67,72,-6.557747157542353e-11,0.0,0.0,0.47562074661254883,0.6802515983581543,-0.0,-0.0,1,1,0.05241897333871292,0.05241897333871292,0.5285978317260742,0.6895370483398438,80,66,0.05242,0.05242,1,1
7500,1,61,59,6.64371726497323e-11,0.0,0.0,0.47078657150268555,0.35544681549072266,0.0,0.0,1,1,0.025602531912570767,0.025602531912570767,0.4706733226776123,0.35958051681518555,80,56,0.0256,0.0256,1,1
7500,2,66,51,3.029003269543197e-10,0.0,0.0,0.4757404327392578,0.3561854362487793,0.0,0.0,1,1,0.03164460499384387,0.03164460499384387,0.5244719982147217,0.35805296897888184,80,55,0.03164,0.03164,1,1
7500,3,5,33,3.0000000000688813,0.24999999998585265,0.24999999998585265,0.46906518936157227,0.03118276596069336,3.0|3.5,3.0|3.5,2,2,0.26898990408884726,0.26898990408884726,0.4682157039642334,0.02610325813293457,80,24,2.92752|3.4655,2.92752|3.4655,2,2
7500,4,22,52,0.9999999999992323,0.0,0.0,0.47014355659484863,0.07469987869262695,1.0,1.0,1,1,0.15267065956267112,0.15267065956267112,0.5169894695281982,0.06441569328308105,80,31,0.84733,0.84733,1,1
7500,5,54,66,1.0000000001654203,0.0,0.0,0.5621492862701416,0.42128634452819824,1.0,1.0,1,1,0.08238311755983974,0.08238311755983974,0.5476851463317871,0.43563270568847656,80,55,1.08238,1.08238,1,1
7500,6,59,8,-2.39722722912137e-12,0.0,0.0,0.5687339305877686,0.332059383392334,-0.0,-0.0,1,1,0.01747065904875775,0.01747065904875775,0.5670466423034668,0.391298770904541,80,52,0.01747,0.01747,1,1
7500,7,33,45,-3.660610909037891e-14,0.0,0.0,0.5940983295440674,0.06953740119934082,-0.0,-0.0,1,1,0.0023156768819461698,0.0023156768819461698,0.5451056957244873,0.06226921081542969,80,28,-0.00232,-0.00232,1,1
7500,8,18,51,35.00000000005542,0.0,0.0,0.5717809200286865,0.22365307807922363,35.0,35.0,1,1,1.770568397940096,1.770568397940096,0.543363094329834,0.2298588752746582,80,47,33.22943,33.22943,1,1
7500,9,28,19,-2.440714297328641e-15,0.0,0.0,0.5625052452087402,0.02255558967590332,-0.0,-0.0,1,1,0.03943587969435469,0.03943587969435469,0.6127421855926514,0.02210092544555664,80,16,0.03944,0.03944,1,1
7500,10,2,6,-2.398237847325363e-13,8.831472732483416e-13,0.0,0.536285400390625,0.005732297897338867,-0.0,-0.0,1,1,0.007730148616749498,0.0018563043071086476,0.531395435333252,0.005930900573730469,80,2,0.00186|0.00868|0.01266,0.00186,3,1
7500,11,47,1,-5.385553458651065e-13,0.0,0.0,0.5279805660247803,0.13898324966430664,-0.0,-0.0,1,1,0.009272231237290894,0.009272231237290894,0.5345733165740967,0.1388399600982666,80,41,0.00927,0.00927,1,1
7500,12,54,1,-3.375322810625745e-13,0.0,0.0,0.5338726043701172,0.2177748680114746,-0.0,-0.0,1,1,2.1343123512938853e-06,2.1343123512938853e-06,0.5526940822601318,0.21766138076782227,80,48,-0.0,-0.0,1,1
7500,13,21,52,1.9999999999999514,0.0,0.0,0.48094749450683594,0.05868983268737793,2.0,2.0,1,1,0.09598482827379384,0.09598482827379384,0.46524810791015625,0.05400204658508301,80,31,2.09598,2.09598,1,1
7500,14,6,27,6.250999717854948e-12,2.000000000002077,2.000000000002077,0.5303120613098145,0.01392817497253418,0.0|4.0,0.0|4.0,2,2,1.9944599944287418,1.9944599944287418,0.4573850631713867,0.012616395950317383,80,15,-0.02801|3.96091,-0.02801|3.96091,2,2
7500,15,3,44,85.00000000013642,13.49999999998883,13.49999999998883,0.47016429901123047,0.09807181358337402,63.0|66.0|85.0|90.0|98.0,63.0|66.0|85.0|90.0|98.0,5,5,13.257418875365879,13.257418875365879,0.47139716148376465,0.09658098220825195,80,38,65.79556|65.84924|67.61535|87.31974|92.64536|98.83956,65.79556|65.84924|67.61535|87.31974|92.64536|98.83956,6,6
7500,16,68,36,-2.317042522129997e-11,0.0,0.0,0.4673807621002197,0.3207886219024658,-0.0,-0.0,1,1,0.046056286752581714,0.046056286752581714,0.4736337661743164,0.3823411464691162,80,53,0.04606,0.04606,1,1
7500,17,31,11,1.2523765808161676e-15,0.0,0.0,0.47293806076049805,0.01725625991821289,0.0,0.0,1,1,0.0393261390732872,0.0393261390732872,0.4599168300628662,0.015962600708007812,80,15,0.03933,0.03933,1,1
7500,18,49,45,-3.695509570787717e-13,0.0,0.0,0.4642207622528076,0.057761430740356445,-0.0,-0.0,1,1,0.13116785983954812,0.13116785983954812,0.4654233455657959,0.05526566505432129,80,31,-0.13117,-0.13117,1,1
7500,19,44,31,-9.980304020519274e-14,0.0,0.0,0.5276069641113281,0.10102486610412598,-0.0,-0.0,1,1,0.035584086282228346,0.035584086282228346,0.4642446041107178,0.09535431861877441,80,38,-0.03558,-0.03558,1,1
7500,20,76,18,-1.390591002990915e-10,0.0,0.0,0.46490049362182617,0.43130993843078613,-0.0,-0.0,1,1,0.025148257341414664,0.025148257341414664,0.47430968284606934,0.43611693382263184,80,58,0.02515,0.02515,1,1
7500,21,52,62,-7.108271558163011e-11,0.0,0.0,0.46666693687438965,0.39220571517944336,-0.0,-0.0,1,1,0.9667962593971149,0.9667962593971149,0.5274899005889893,0.4042086601257324,80,57,0.9668,0.9668,1,1
7500,22,49,5,-9.563888039678786e-14,0.0,0.0,0.4712183475494385,0.039431095123291016,-0.0,-0.0,1,1,0.0010496923872383931,0.0010496923872383931,0.4682142734527588,0.047057390213012695,80,26,0.00105,0.00105,1,1
7500,23,15,1,-3.33066907387627e-15,0.0,0.0,0.4758622646331787,0.009264707565307617,-0.0,-0.0,1,1,0.0015262925419671108,0.0015262925419671108,0.474886417388916,0.008104801177978516,80,5,-0.00153,-0.00153,1,1
7500,24,11,35,1.662670001677153e-13,1.3000000000016048,1.3000000000016048,0.47319507598876953,0.02162623405456543,0.0|1.0|1.6|2.6,0.0|1.0|1.6|2.6,4,4,1.3205530029462245,1.3205530029462245,0.4659130573272705,0.020851850509643555,80,17,0.03135|1.06833|1.58297|2.59957,0.03135|1.06833|1.58297|2.59957,4,4
7500,25,49,9,3.679185130667526e-14,0.0,0.0,0.4707491397857666,0.03927326202392578,0.0,0.0,1,1,0.016348923897351725,0.016348923897351725,0.46924924850463867,0.04322528839111328,80,26,-0.01635,-0.01635,1,1
7500,26,9,60,12.999999999860574,57.500000000170736,57.500000000170736,0.5366294384002686,0.14302968978881836,13.0|128.0,13.0|128.0,2,2,58.532437235548485,58.532437235548485,0.4694395065307617,0.14024782180786133,80,42,11.4985|128.56337,11.4985|128.56337,2,2
7500,27,45,50,-5.03776528467041e-14,0.0,0.0,0.4706110954284668,0.06283926963806152,-0.0,-0.0,1,1,0.33632062196074275,0.33632062196074275,0.4732241630554199,0.05738949775695801,80,32,0.33632,0.33632,1,1
7500,28,39,78,23.999999999876543,0.0,0.0,0.4719574451446533,0.6351470947265625,24.0,24.0,1,1,0.9347992376464198,0.9347992376464198,0.5240945816040039,0.6331973075866699,80,67,23.0652,23.0652,1,1
7500,29,6,14,1.527222792675701e-12,0.4999999999998812,0.4999999999998812,0.46813058853149414,0.00909566879272461,0.0|1.0,0.0|1.0,2,2,0.5048074650341162,0.5048074650341162,0.4745752811431885,0.008208274841308594,80,8,0.00716|1.00246,0.00716|1.00246,2,2
7500,30,35,11,8.395989217857305e-14,0.0,0.0,0.4726288318634033,0.021628379821777344,0.0,0.0,1,1,0.023051296884839752,0.023051296884839752,0.4753453731536865,0.02388167381286621,80,17,0.02305,0.02305,1,1
7500,31,57,59,1.938175396006137e-11,0.0,0.0,0.4734230041503906,0.3198740482330322,0.0,0.0,1,1,0.14902497935344175,0.14902497935344175,0.46765947341918945,0.31481242179870605,80,54,0.14902,0.14902,1,1
7500,32,36,61,-4.200104000845841e-11,0.0,0.0,0.46370363235473633,0.12932777404785156,-0.0,-0.0,1,1,0.08450010868889406,0.08450010868889406,0.46192479133605957,0.12801480293273926,80,40,-0.0845,-0.0845,1,1
7500,33,18,45,1.0000000000027978,0.0,0.0,0.5219793319702148,0.023747920989990234,1.0,1.0,1,1,0.3504478565829072,0.3504478565829072,0.4736299514770508,0.01774001121520996,80,19,0.64955,0.64955,1,1
7500,34,24,18,-2.3191325403198305e-15,0.0,0.0,0.46657776832580566,0.01029515266418457,-0.0,-0.0,1,1,0.05458177170357987,0.05458177170357987,0.48110318183898926,0.008850336074829102,80,10,0.05458,0.05458,1,1
7500,35,18,25,1.0000000000011526,0.0,0.0,0.4703502655029297,0.009767532348632812,1.0,1.0,1,1,0.03273818713403143,0.03273818713403143,0.5284850597381592,0.008561134338378906,80,10,0.96726,0.96726,1,1
7500,36,3,19,1.0000000000039369,0.4166666666665637,0.24999999999932587,0.47323012351989746,0.00874781608581543,1.0|1.5,1.0|1.5,2,2,0.4689160983013885,0.2779095803066657,0.4684152603149414,0.007841348648071289,80,8,1.04136|1.51446|1.54875|1.56627|1.57042|1.57224,1.04136|1.51446,6,2
7500,37,16,65,7.000000000013923,0.0,0.0,0.4666121006011963,0.05245709419250488,7.0,7.0,1,1,0.04387607459265297,0.04387607459265297,0.4696340560913086,0.05182790756225586,80,27,6.95612,6.95612,1,1
7500,38,33,72,15.000000000036266,0.0,0.0,0.5243582725524902,0.4600796699523926,15.0,15.0,1,1,8.453347858274036,8.453347858274036,0.46242380142211914,0.4606344699859619,80,59,23.45335,23.45335,1,1
7500,39,67,2,1.0362969897154656e-11,0.0,0.0,0.4762992858886719,0.5773284435272217,0.0,0.0,1,1,0.0017080320836459018,0.0017080320836459018,0.4636106491088867,0.5784511566162109,80,62,0.00171,0.00171,1,1
7500,40,3,2,2.022104705899045e-12,4.661299395365256e-13,1.202898891605117e-12,0.5243182182312012,0.004846334457397461,0.0,0.0,1,1,0.01426959844098435,0.003524705340156075,0.4631953239440918,0.003717660903930664,80,2,0.00352|0.00998|0.01137|0.01598|0.01599|0.02877,0.00352,6,1
7500,41,40,73,41.00000000071239,0.0,0.0,0.4627823829650879,0.6128592491149902,41.0,41.0,1,1,18.057285101994836,18.057285101994836,0.4678153991699219,0.6013956069946289,80,66,22.94271,22.94271,1,1
7500,42,14,62,24.000000000030923,0.0,0.0,0.5308437347412109,0.3926382064819336,24.0,24.0,1,1,6.91595340940669,6.91595340940669,0.4637918472290039,0.37700915336608887,80,56,17.08405,17.08405,1,1
7500,43,13,68,244.999999999824,0.0,0.0,0.47704148292541504,0.32540321350097656,245.0,245.0,1,1,1.462927235107884,1.462927235107884,0.4881894588470459,0.33184146881103516,80,53,246.46293,246.46293,1,1
7500,44,71,44,-9.983739141645507e-11,0.0,0.0,0.47683238983154297,0.36847424507141113,-0.0,-0.0,1,1,0.0414020845756049,0.0414020845756049,0.5352988243103027,0.38112711906433105,80,56,-0.0414,-0.0414,1,1
7500,45,40,70,9.000000000133564,0.0,0.0,0.46588850021362305,0.32439184188842773,9.0,9.0,1,1,2.264658989224607,2.264658989224607,0.46868014335632324,0.33157896995544434,80,54,11.26466,11.26466,1,1
7500,46,7,38,-9.38972242132629e-13,0.0,0.0,0.48694682121276855,0.0185854434967041,-0.0,-0.0,1,1,0.001962309650848726,0.001962309650848726,0.5257899761199951,0.0178072452545166,80,16,-0.00196,-0.00196,1,1
7500,47,39,35,-8.101762988060172e-15,0.0,0.0,0.4736151695251465,0.05056953430175781,-0.0,-0.0,1,1,0.062342081072679946,0.062342081072679946,0.4676699638366699,0.044524431228637695,80,29,-0.06234,-0.06234,1,1
7500,48,1,22,1.0000000000033564,0.3333333333351742,0.5000000000023506,0.47114038467407227,0.008150100708007812,-0.0|1.0,-0.0|1.0,2,2,0.3828245673761588,0.5439152383858881,0.4656515121459961,0.007068634033203125,80,5,-0.0553|0.93936|0.96747,-0.0553|0.96747,3,2
7500,49,52,39,-9.326528811038761e-13,0.0,0.0,0.525916337966919,0.08059263229370117,-0.0,-0.0,1,1,0.05924095546633899,0.05924095546633899,0.4758899211883545,0.08127069473266602,80,36,-0.05924,-0.05924,1,1
7500,50,37,15,3.4640032511559365e-17,0.0,0.0,0.4696943759918213,0.045851945877075195,0.0,0.0,1,1,0.0001179326720360865,0.0001179326720360865,0.47223401069641113,0.03711891174316406,80,27,-0.00012,-0.00012,1,1
7500,51,6,16,7.92129520300275e-14,1.9803238007489978e-14,3.9606476014979956e-14,0.4838416576385498,0.004594087600708008,0.0,0.0,1,1,0.004612359837989509,0.0028400238936610546,0.5347204208374023,0.003703594207763672,80,2,0.00284|0.00638,0.00284,2,1
7500,52,80,14,-1.8278961800877985e-10,0.0,0.0,0.4682142734527588,0.6228961944580078,-0.0,-0.0,1,1,0.08420308441757121,0.08420308441757121,0.471954345703125,0.6396710872650146,80,68,-0.0842,-0.0842,1,1
7500,53,38,11,1.2845493899301504e-14,0.0,0.0,0.46842479705810547,0.019088029861450195,0.0,0.0,1,1,0.04218802576629342,0.04218802576629342,0.4715607166290283,0.017875194549560547,80,16,-0.04219,-0.04219,1,1
7500,54,16,25,1.0000000000018279,0.0,0.0,0.46928930282592773,0.009654998779296875,1.0,1.0,1,1,0.0028577491169793356,0.0028577491169793356,0.4639241695404053,0.008677244186401367,80,10,0.99714,0.99714,1,1
7500,55,45,65,2.484652116378968e-13,0.0,0.0,0.4885740280151367,0.07685065269470215,0.0,0.0,1,1,0.0877418483403983,0.0877418483403983,0.4624476432800293,0.07054901123046875,80,31,-0.08774,-0.08774,1,1
7500,56,13,79,1865.9999999986762,0.0,0.0,0.5342631340026855,0.6935145854949951,1866.0,1866.0,1,1,23.680378630306677,23.680378630306677,0.515700101852417,0.6931450366973877,80,68,1842.31962,1842.31962,1,1
7500,57,75,2,-1.0021014308648324e-11,0.0,0.0,0.5404322147369385,0.624178409576416,-0.0,-0.0,1,1,0.009141394427919764,0.009141394427919764,0.5377523899078369,0.6295263767242432,80,61,0.00914,0.00914,1,1
7500,58,27,28,-1.651905491964e-14,0.0,0.0,0.6106464862823486,0.017441987991333008,-0.0,-0.0,1,1,0.09958498611070218,0.09958498611070218,0.5183181762695312,0.021749019622802734,80,18,-0.09958,-0.09958,1,1
7500,59,20,17,-3.359074915883759e-27,0.0,0.0,0.4719357490539551,0.012449264526367188,-0.0,-0.0,1,1,0.016295686476298525,0.016295686476298525,0.47190332412719727,0.006827592849731445,80,5,-0.0163,-0.0163,1,1
7500,60,61,69,6.436076916563419e-11,0.0,0.0,0.4744741916656494,0.32057929039001465,0.0,0.0,1,1,1.0536881656166572,1.0536881656166572,0.5371620655059814,0.31789159774780273,80,54,-1.05369,-1.05369,1,1
7500,61,41,33,-3.0425312557020045e-13,0.0,0.0,0.46813082695007324,0.05370736122131348,-0.0,-0.0,1,1,0.03183194256854364,0.03183194256854364,0.46824145317077637,0.05570697784423828,80,31,-0.03183,-0.03183,1,1
7500,62,57,59,1.938175396006137e-11,0.0,0.0,0.46782755851745605,0.3174929618835449,0.0,0.0,1,1,0.4813403959355801,0.4813403959355801,0.4739241600036621,0.3207230567932129,80,54,-0.48134,-0.48134,1,1
7500,63,42,78,8.999999997294333,0.0,0.0,0.4683666229248047,0.6447443962097168,9.0,9.0,1,1,70.64395358225582,70.64395358225582,0.45966219902038574,0.6397147178649902,80,67,-61.64395,-61.64395,1,1
7500,64,66,26,2.6472866441025514e-12,0.0,0.0,0.470989465713501,0.3587520122528076,0.0,0.0,1,1,0.04673522840368429,0.04673522840368429,0.4785289764404297,0.3570725917816162,80,55,0.04674,0.04674,1,1
7500,65,35,50,0.9999999999926664,0.0,0.0,0.46453118324279785,0.04956173896789551,1.0,1.0,1,1,0.010303545241170498,0.010303545241170498,0.4630899429321289,0.04394841194152832,80,28,0.9897,0.9897,1,1
7500,66,30,74,50.000000000017444,0.0,0.0,0.4842054843902588,0.40606188774108887,50.0,50.0,1,1,12.867400953940866,12.867400953940866,0.4640076160430908,0.40662503242492676,80,57,62.8674,62.8674,1,1
7500,67,40,39,2.4715538257887233e-12,0.0,0.0,0.5219171047210693,0.04920172691345215,0.0,0.0,1,1,0.4072947375991922,0.4072947375991922,0.4688398838043213,0.04321002960205078,80,29,0.40729,0.40729,1,1
7500,68,17,77,1164.0000000018076,0.0,0.0,0.46599698066711426,0.5332252979278564,1164.0,1164.0,1,1,2.458799784355733,2.458799784355733,0.47179341316223145,0.5281507968902588,80,62,1166.4588,1166.4588,1,1
7500,69,67,66,1.2516541328566768e-09,0.0,0.0,0.4749629497528076,0.6449880599975586,0.0,0.0,1,1,0.04559200800225026,0.04559200800225026,0.5208775997161865,0.6389138698577881,80,64,0.04559,0.04559,1,1
7500,70,37,45,-3.3849035911779425e-13,0.0,0.0,0.47309279441833496,0.04685091972351074,-0.0,-0.0,1,1,0.03633585227142195,0.03633585227142195,0.46337437629699707,0.05446147918701172,80,30,-0.03634,-0.03634,1,1
7500,71,5,64,56.000000000600366,1.9999999998810054,1.9999999998810054,0.4740326404571533,0.10827469825744629,56.0|60.0,56.0|60.0,2,2,2.975098017259832,2.975098017259832,0.5276305675506592,0.11136770248413086,80,40,57.28359|60.6666,57.28359|60.6666,2,2
7500,72,67,46,5.90421930141389e-10,0.0,0.0,0.5310337543487549,0.6492397785186768,0.0,0.0,1,1,0.0784592542756198,0.0784592542756198,0.5500450134277344,0.6474342346191406,80,62,0.07846,0.07846,1,1
7500,73,16,75,773.0000000011996,0.0,0.0,0.5438075065612793,0.6905462741851807,773.0,773.0,1,1,4.4001736816661605,4.4001736816661605,0.5437788963317871,0.6037869453430176,80,61,777.40017,777.40017,1,1
7500,74,50,54,1.3996843430051763e-11,0.0,0.0,0.4793710708618164,0.23243165016174316,0.0,0.0,1,1,0.16564729621113436,0.16564729621113436,0.47236061096191406,0.22929668426513672,80,49,-0.16565,-0.16565,1,1
7500,75,28,43,9.663381206308447e-14,0.0,0.0,0.4749898910522461,0.032446861267089844,0.0,0.0,1,1,0.10448706316927661,0.10448706316927661,0.4709317684173584,0.03610563278198242,80,25,-0.10449,-0.10449,1,1
7500,76,26,72,3.000000000001202,0.0,0.0,0.47078919410705566,0.46206116676330566,3.0,3.0,1,1,24.151169286242705,24.151169286242705,0.46726250648498535,0.4613771438598633,80,59,27.15117,27.15117,1,1
7500,77,12,37,3.0000000000050155,0.0,0.0,0.4639589786529541,0.034703969955444336,3.0,3.0,1,1,0.04874483275232144,0.04874483275232144,0.4654724597930908,0.03823232650756836,80,25,3.04874,3.04874,1,1
7500,78,43,48,1.000000000005833,0.0,0.0,0.5198559761047363,0.15811848640441895,1.0,1.0,1,1,0.7088719327993301,0.7088719327993301,0.46778297424316406,0.1554102897644043,80,44,0.29113,0.29113,1,1
7500,79,78,63,6.886693309966438e-09,0.0,0.0,0.46781325340270996,0.6416020393371582,0.0,0.0,1,1,0.003992190746703945,0.003992190746703945,0.46981263160705566,0.6354169845581055,80,67,-0.00399,-0.00399,1,1
7500,80,26,44,1.0373923942080864e-13,0.0,0.0,0.5303199291229248,0.09822678565979004,0.0,0.0,1,1,5.206624261917856,5.206624261917856,0.46654438972473145,0.09720969200134277,80,39,-5.20662,-5.20662,1,1
7500,81,74,49,1.2553365139328674e-10,0.0,0.0,0.46657800674438477,0.4056370258331299,0.0,0.0,1,1,0.09488808321723957,0.09488808321723957,0.47086668014526367,0.40503430366516113,80,57,-0.09489,-0.09489,1,1
7500,82,20,75,230.0000000003242,0.0,0.0,0.4736628532409668,0.5281522274017334,230.0,230.0,1,1,20.233597619225094,20.233597619225094,0.5223550796508789,0.5333554744720459,80,61,250.2336,250.2336,1,1
7500,83,67,28,3.2232805856662034e-10,0.0,0.0,0.4621598720550537,0.5808975696563721,0.0,0.0,1,1,0.01651743740418799,0.01651743740418799,0.47343921661376953,0.5772173404693604,80,62,-0.01652,-0.01652,1,1
7500,84,1,5,2.040802309752705e-12,1.0886878212434637e-12,0.0,0.4749293327331543,0.00479888916015625,0.0,0.0,1,1,0.014270382192007462,0.00844576027567588,0.5222005844116211,0.0036542415618896484,80,2,-0.01796|-0.0164|-0.00845,-0.00845,3,1
7500,85,51,70,1.0000000000643443,0.0,0.0,0.4670734405517578,0.33586573600769043,1.0,1.0,1,1,0.04782875256124863,0.04782875256124863,0.4626650810241699,0.3226964473724365,80,54,1.04783,1.04783,1,1
7500,86,56,39,-5.0703807210197394e-12,0.0,0.0,0.46643757820129395,0.08155512809753418,-0.0,-0.0,1,1,0.051076899744283456,0.051076899744283456,0.4717066287994385,0.0774848461151123,80,35,0.05108,0.05108,1,1
7500,87,31,53,7.000000000002789,0.0,0.0,0.46567654609680176,0.14592313766479492,7.0,7.0,1,1,0.6890007451220939,0.6890007451220939,0.462721586227417,0.14185214042663574,80,42,6.311,6.311,1,1
7500,88,6,24,3.651301483390408e-12,1.2500000000016178,1.2500000000016178,0.4753549098968506,0.010778665542602539,0.0|2.5,0.0|2.5,2,2,1.2918000835536083,1.2918000835536083,0.4673645496368408,0.009247303009033203,80,11,0.08785|2.49575,0.08785|2.49575,2,2
7500,89,48,64,1.8093407604552817e-11,0.0,0.0,0.5264768600463867,0.20812201499938965,0.0,0.0,1,1,0.009873636659203351,0.009873636659203351,0.46729087829589844,0.21048498153686523,80,49,0.00987,0.00987,1,1
7500,90,64,14,7.838822113210753e-13,0.0,0.0,0.46934938430786133,0.11178874969482422,0.0,0.0,1,1,0.024342007164591884,0.024342007164591884,0.47030115127563477,0.10939240455627441,80,40,-0.02434,-0.02434,1,1
7500,91,78,39,-6.500163498131257e-10,0.0,0.0,0.476543664932251,0.6315639019012451,-0.0,-0.0,1,1,0.024545550372844213,0.024545550372844213,0.53041672706604,0.635331392288208,80,67,-0.02455,-0.02455,1,1
7500,92,37,77,40.9999999998574,0.0,0.0,0.4634835720062256,0.5381872653961182,41.0,41.0,1,1,23.969371707498794,23.969371707498794,0.47071409225463867,0.5371160507202148,80,62,17.03063,17.03063,1,1
7500,93,11,56,2.000000000001967,11.350000000017067,11.350000000017067,0.47361207008361816,0.05053877830505371,2.0|10.5|16.2|24.7,2.0|10.5|16.2|24.7,4,4,11.406256768339317,11.406256768339317,0.5271375179290771,0.05412626266479492,80,29,0.90453|9.57709|16.27644|24.67603,0.90453|9.57709|16.27644|24.67603,4,4
7500,94,45,50,-5.03776528467041e-14,0.0,0.0,0.4681274890899658,0.06170201301574707,-0.0,-0.0,1,1,0.07973646392139029,0.07973646392139029,0.46147847175598145,0.05724024772644043,80,32,-0.07974,-0.07974,1,1
7500,95,61,55,6.862540610469904e-11,0.0,0.0,0.464402437210083,0.26494336128234863,0.0,0.0,1,1,0.14242620773575435,0.14242620773575435,0.46962809562683105,0.2620849609375,80,51,0.14243,0.14243,1,1
7500,96,25,36,-9.316561858867314e-14,0.0,0.0,0.4780275821685791,0.014139652252197266,-0.0,-0.0,1,1,0.04399545593091995,0.04399545593091995,0.46794724464416504,0.013386964797973633,80,14,0.044,0.044,1,1
7500,97,73,79,1.9260204989300457e-09,0.0,0.0,0.4736635684967041,0.6155619621276855,0.0,0.0,1,1,0.42658931664882505,0.42658931664882505,0.4714522361755371,0.6072039604187012,80,73,0.42659,0.42659,1,1
7500,98,58,11,3.9804061259658443e-13,0.0,0.0,0.4711949825286865,0.08978509902954102,0.0,0.0,1,1,0.008409536139376372,0.008409536139376372,0.4611325263977051,0.08569645881652832,80,35,-0.00841,-0.00841,1,1
7500,99,72,38,4.9590324826768786e-11,0.0,0.0,0.4759547710418701,0.45572447776794434,0.0,0.0,1,1,0.009486057085317887,0.009486057085317887,0.4616107940673828,0.46593189239501953,80,59,0.00949,0.00949,1,1
10000,0,54,12,9.362028928430549e-13,0.0,0.0,0.5250380039215088,0.21039676666259766,0.0,0.0,1,1,0.014389618351184942,0.014389618351184942,0.4694058895111084,0.21505260467529297,80,48,-0.01439,-0.01439,1,1
10000,1,70,66,8.103805569756652e-10,0.0,0.0,0.4737999439239502,0.40990138053894043,0.0,0.0,1,1,0.2879875836217704,0.2879875836217704,0.4665496349334717,0.41658782958984375,80,57,-0.28799,-0.28799,1,1
10000,2,70,21,-4.366037727253647e-12,0.0,0.0,0.5383646488189697,0.3320760726928711,-0.0,-0.0,1,1,0.01142358863443303,0.01142358863443303,0.4621412754058838,0.32294559478759766,80,54,0.01142,0.01142,1,1
10000,3,55,44,5.126250872940465e-11,0.0,0.0,0.47037363052368164,0.19069290161132812,0.0,0.0,1,1,0.011740224849462192,0.011740224849462192,0.4725489616394043,0.19081640243530273,80,46,-0.01174,-0.01174,1,1
10000,4,18,35,1.0000000000014875,0.0,0.0,0.47173261642456055,0.019750356674194336,1.0,1.0,1,1,0.09862351187694629,0.09862351187694629,0.5263774394989014,0.018732547760009766,80,16,0.90138,0.90138,1,1
10000,5,76,61,-8.678190544666101e-10,0.0,0.0,0.4715087413787842,0.4844973087310791,-0.0,-0.0,1,1,0.02373437186014522,0.02373437186014522,0.4670248031616211,0.48081445693969727,80,60,0.02373,0.02373,1,1
10000,6,80,15,-9.822834676245414e-11,0.0,0.0,0.4822733402252197,0.6892938613891602,-0.0,-0.0,1,1,0.05625725583727765,0.05625725583727765,0.4920477867126465,0.6130719184875488,80,68,-0.05626,-0.05626,1,1
10000,7,16,29,8.50617885307236e-13,0.0,0.0,0.46195244789123535,0.007676601409912109,0.0,0.0,1,1,0.001748387747257768,0.001748387747257768,0.46100449562072754,0.006724357604980469,80,5,-0.00175,-0.00175,1,1
10000,8,78,61,1.2780103842207272e-09,0.0,0.0,0.46318531036376953,0.663602352142334,0.0,0.0,1,1,0.18134006473636255,0.18134006473636255,0.48122215270996094,0.7350554466247559,80,69,-0.18134,-0.18134,1,1
10000,9,20,30,2.7379580084611616e-13,0.0,0.0,0.47017812728881836,0.019125699996948242,0.0,0.0,1,1,0.02204465255527837,0.02204465255527837,0.4640958309173584,0.013768196105957031,80,11,0.02204,0.02204,1,1
10000,10,33,24,6.361989124801655e-15,0.0,0.0,0.46434593200683594,0.04072451591491699,0.0,0.0,1,1,0.014843828428276374,0.014843828428276374,0.47695326805114746,0.04253339767456055,80,25,0.01484,0.01484,1,1
10000,11,69,59,1.3459768685287703e-10,0.0,0.0,0.5249624252319336,0.3695549964904785,0.0,0.0,1,1,0.07901668473152519,0.07901668473152519,0.46152424812316895,0.3679168224334717,80,56,-0.07902,-0.07902,1,1
10000,12,4,29,2.6875347748907406e-12,0.0,0.0,0.4801323413848877,0.007704257965087891,0.0,0.0,1,1,0.00021498853850283352,0.00021498853850283352,0.4648396968841553,0.006888389587402344,80,5,-0.00021,-0.00021,1,1
10000,13,25,61,11.999999999996291,0.0,0.0,0.47640538215637207,0.11651492118835449,12.0,12.0,1,1,2.0295651084572217,2.0295651084572217,0.5215110778808594,0.11886143684387207,80,39,14.02957,14.02957,1,1
10000,14,12,71,272.0000000003984,0.0,0.0,0.4622642993927002,0.371884822845459,272.0,272.0,1,1,1.741174166437304,1.741174166437304,0.4708235263824463,0.37883710861206055,80,56,273.74117,273.74117,1,1
10000,15,20,4,2.6645352590993136e-14,0.0,0.0,0.4761805534362793,0.006613731384277344,0.0,0.0,1,1,0.011248653824844,0.011248653824844,0.4632530212402344,0.005339860916137695,80,4,0.01125,0.01125,1,1
10000,16,19,12,-1.1346479311638598e-13,0.0,0.0,0.46863460540771484,0.01001119613647461,-0.0,-0.0,1,1,0.001732266453820875,0.001732266453820875,0.4680328369140625,0.00870060920715332,80,11,-0.00173,-0.00173,1,1
10000,17,29,31,-2.1020222599498836e-14,0.0,0.0,0.4689664840698242,0.017804384231567383,-0.0,-0.0,1,1,0.007153855097407999,0.007153855097407999,0.4724118709564209,0.01858806610107422,80,15,0.00715,0.00715,1,1
10000,18,21,72,110.00000000000867,0.0,0.0,0.5291011333465576,0.4555549621582031,110.0,110.0,1,1,15.221768341431954,15.221768341431954,0.4739508628845215,0.4566478729248047,80,59,94.77823,94.77823,1,1
10000,19,36,4,-1.5483841168432582e-14,0.0,0.0,0.47768592834472656,0.013092756271362305,-0.0,-0.0,1,1,0.005545645111860298,0.005545645111860298,0.4646902084350586,0.011921405792236328,80,13,0.00555,0.00555,1,1
10000,20,24,46,2.9999999999997105,0.0,0.0,0.47284483909606934,0.023902177810668945,3.0,3.0,1,1,0.17240719563897589,0.17240719563897589,0.523564338684082,0.028187274932861328,80,21,2.82759,2.82759,1,1
10000,21,13,77,1496.999999998948,0.0,0.0,0.4625279903411865,0.5407440662384033,1497.0,1497.0,1,1,1.9408542548662808,1.9408542548662808,0.4662203788757324,0.5346522331237793,80,62,1498.94085,1498.94085,1,1
10000,22,2,44,44.00000000014583,14.00000000017568,14.00000000017568,0.47291111946105957,0.09569287300109863,5.0|41.0|44.0,5.0|41.0|44.0,3,3,14.873926244227858,14.873926244227858,0.47359180450439453,0.09510660171508789,80,38,4.98395|39.39395|43.00032,4.98395|39.39395|43.00032,3,3
10000,23,60,64,-1.5355897359048885e-11,0.0,0.0,0.46982836723327637,0.19426560401916504,-0.0,-0.0,1,1,0.14773507063837796,0.14773507063837796,0.4734988212585449,0.20008206367492676,80,48,0.14774,0.14774,1,1
10000,24,42,18,-8.815494630556486e-14,0.0,0.0,0.4634823799133301,0.020444869995117188,-0.0,-0.0,1,1,0.02444681479990624,0.02444681479990624,0.4676659107208252,0.014306306838989258,80,13,-0.02445,-0.02445,1,1
10000,25,24,23,-2.7280646877219706e-14,0.0,0.0,0.5213541984558105,0.018449068069458008,-0.0,-0.0,1,1,0.02641987630549659,0.02641987630549659,0.4667186737060547,0.012460947036743164,80,15,0.02642,0.02642,1,1
10000,26,55,72,-4.691260784395626e-10,0.0,0.0,0.46606898307800293,0.48166608810424805,-0.0,-0.0,1,1,0.4202774928190572,0.4202774928190572,0.4766256809234619,0.48955512046813965,80,60,0.42028,0.42028,1,1
10000,27,33,58,2.2868949532379062e-14,0.0,0.0,0.46915769577026367,0.10381436347961426,0.0,0.0,1,1,0.010981047414289952,0.010981047414289952,0.5283350944519043,0.10045695304870605,80,38,-0.01098,-0.01098,1,1
10000,28,65,36,1.2485202045754393e-13,0.0,0.0,0.46294498443603516,0.03971290588378906,0.0,0.0,1,1,0.011219290575019393,0.011219290575019393,0.47156834602355957,0.043398380279541016,80,28,-0.01122,-0.01122,1,1
10000,29,11,46,6.522782314271907e-13,4.950000000006313,4.950000000006313,0.46390581130981445,0.026059627532958984,0.0|3.5|6.4|9.9,0.0|3.5|6.4|9.9,4,4,4.933104825847977,4.933104825847977,0.47409987449645996,0.024712562561035156,80,22,0.04704|3.34726|6.44801|9.89012,0.04704|3.34726|6.44801|9.89012,4,4
10000,30,10,32,5.275779813017507e-13,1.500000000005471,1.500000000005471,0.467944860458374,0.020783185958862305,0.0|3.0,0.0|3.0,2,2,1.4940809012355638,1.4940809012355638,0.46724867820739746,0.019385576248168945,80,19,0.00032|2.98784,0.00032|2.98784,2,2
10000,31,52,66,-3.8359795490171814e-11,0.0,0.0,0.4754917621612549,0.3801093101501465,-0.0,-0.0,1,1,0.3351049625091962,0.3351049625091962,0.4642140865325928,0.37422609329223633,80,56,0.3351,0.3351,1,1
10000,32,8,77,1579.999999997835,650.6666666689672,650.6666666689672,0.5239315032958984,0.5317308902740479,1424.0|1580.0|3870.66667,1424.0|1580.0|3870.66667,3,3,637.0834840377231,637.0834840377231,0.4679374694824219,0.534559965133667,80,62,1456.62996|1460.37994|1585.44327|3879.90057,1456.62996|1460.37994|1585.44327|3879.90057,4,4
10000,33,54,6,-2.612828845801396e-13,0.0,0.0,0.47469377517700195,0.21648359298706055,-0.0,-0.0,1,1,0.021848115563216374,0.021848115563216374,0.4620077610015869,0.21120882034301758,80,48,-0.02185,-0.02185,1,1
10000,34,77,7,-1.291141125146003e-10,0.0,0.0,0.5342648029327393,0.5384237766265869,-0.0,-0.0,1,1,0.00865407959256965,0.00865407959256965,0.4570651054382324,0.5308206081390381,80,62,0.00865,0.00865,1,1
10000,35,33,53,3.000000000002013,0.0,0.0,0.47277116775512695,0.14272451400756836,3.0,3.0,1,1,1.8538809613381813,1.8538809613381813,0.47303128242492676,0.1456151008605957,80,42,4.85388,4.85388,1,1
10000,36,4,11,2.776969661673609e-12,0.0,0.0,0.4783201217651367,0.004447460174560547,0.0,0.0,1,1,0.00605531931091789,0.00605531931091789,0.5294950008392334,0.003780364990234375,80,2,0.00606,0.00606,1,1
10000,37,27,38,-6.934173794020166e-14,0.0,0.0,0.46657729148864746,0.016733646392822266,-0.0,-0.0,1,1,0.03979644539998377,0.03979644539998377,0.4698832035064697,0.016136884689331055,80,17,-0.0398,-0.0398,1,1
10000,38,2,4,2.8338556923883957e-14,3.8456807899253676e-13,0.0,0.47048234939575195,0.004374027252197266,0.0,0.0,1,1,0.010307442754032886,0.005599597733122697,0.467118501663208,0.0037033557891845703,80,2,0.0056|0.01134|0.01398,0.0056,3,1
10000,39,3,22,1.0000000000033855,2.7792583049783087e-13,6.723510637129948e-13,0.5270140171051025,0.006163597106933594,1.0,1.0,1,1,0.011486246414909584,0.002850809407478172,0.4679713249206543,0.005478382110595703,80,4,0.9795|0.98313|0.98329|0.99317|0.99484|0.99715,0.99715,6,1
10000,40,34,25,8.410753575067807e-13,0.0,0.0,0.4702730178833008,0.018558979034423828,0.0,0.0,1,1,0.01326796779724565,0.01326796779724565,0.4729804992675781,0.017930269241333008,80,19,0.01327,0.01327,1,1
10000,41,7,60,3.999999999975632,0.0,0.0,0.48338794708251953,0.14349651336669922,4.0,4.0,1,1,0.029837306002937325,0.029837306002937325,0.538116455078125,0.13649320602416992,80,42,3.97016,3.97016,1,1
10000,42,33,7,9.557383532181742e-16,0.0,0.0,0.46875476837158203,0.04337263107299805,0.0,0.0,1,1,0.006954987079916829,0.006954987079916829,0.46753692626953125,0.03756904602050781,80,25,0.00695,0.00695,1,1
10000,43,18,5,4.726653850925882e-13,0.0,0.0,0.4698984622955322,0.006005525588989258,0.0,0.0,1,1,0.02049241595052261,0.02049241595052261,0.46755027770996094,0.00523829460144043,80,4,0.02049,0.02049,1,1
10000,44,41,65,5.417999382457632e-13,0.0,0.0,0.46256017684936523,0.08023476600646973,0.0,0.0,1,1,0.023227509370919545,0.023227509370919545,0.47054553031921387,0.0796048641204834,80,36,0.02323,0.02323,1,1
10000,45,27,2,-4.401901331783577e-14,0.0,0.0,0.4778258800506592,0.02052021026611328,-0.0,-0.0,1,1,0.003805341691267689,0.003805341691267689,0.46202659606933594,0.01563429832458496,80,15,0.00381,0.00381,1,1
10000,46,47,20,-6.279270923882473e-13,0.0,0.0,0.47608137130737305,0.11974453926086426,-0.0,-0.0,1,1,0.02182997660585959,0.02182997660585959,0.5291810035705566,0.12299394607543945,80,41,0.02183,0.02183,1,1
10000,47,11,30,1.1741718708425194e-13,0.9000000000007278,0.9000000000007278,0.46820569038391113,0.013238191604614258,0.0|0.8|1.0|1.8,0.0|0.8|1.0|1.8,4,4,0.9154352594876011,0.9154352594876011,0.4790780544281006,0.011878728866577148,80,11,0.04319|0.80288|1.01301|1.80267,0.04319|0.80288|1.01301|1.80267,4,4
10000,48,3,39,26.000000000043492,3.2499999999976024,3.2499999999976024,0.47296786308288574,0.037741899490356445,20.5|21.5|26.0|26.5|29.5,20.5|21.5|26.0|26.5|29.5,5,5,3.646557238390038,3.646557238390038,0.47390103340148926,0.04050755500793457,80,26,19.4132|19.50829|21.05644|25.47663|25.90291|29.2368,19.4132|19.50829|21.05644|25.47663|25.90291|29.2368,6,6
10000,49,12,69,55.000000000072944,0.0,0.0,0.46390366554260254,0.2501358985900879,55.0,55.0,1,1,2.57437843380729,2.57437843380729,0.4670424461364746,0.24764132499694824,80,50,57.57438,57.57438,1,1
10000,50,29,26,-1.0732155904673701e-14,0.0,0.0,0.47915220260620117,0.01018214225769043,-0.0,-0.0,1,1,0.018584973782162704,0.018584973782162704,0.47188591957092285,0.00899195671081543,80,7,0.01858,0.01858,1,1
10000,51,45,44,-5.959569145269677e-13,0.0,0.0,0.5312576293945312,0.0983741283416748,-0.0,-0.0,1,1,0.5520150968682052,0.5520150968682052,0.4615306854248047,0.10558843612670898,80,39,-0.55202,-0.55202,1,1
10000,52,44,28,4.904418882993201e-13,0.0,0.0,0.46950316429138184,0.10046243667602539,0.0,0.0,1,1,0.027109010875157664,0.027109010875157664,0.46920204162597656,0.10048246383666992,80,39,-0.02711,-0.02711,1,1
10000,53,6,76,40.00000000157976,548.7500000004837,548.7500000004837,0.4776313304901123,0.4972109794616699,40.0|1137.5,40.0|1137.5,2,2,548.8852647945288,548.8852647945288,0.47417759895324707,0.4296073913574219,80,58,54.01182|1123.75871,54.01182|1123.75871,2,2
10000,54,76,20,-7.696141977618063e-11,0.0,0.0,0.4644908905029297,0.4410073757171631,-0.0,-0.0,1,1,0.018934719041711966,0.018934719041711966,0.4644598960876465,0.43160319328308105,80,58,0.01893,0.01893,1,1
10000,55,11,73,172.0000000001718,1096.2000000016396,1096.2000000016396,0.47136783599853516,0.667461633682251,172.0|939.0|1597.4|2364.4,172.0|939.0|1597.4|2364.4,4,4,1115.6206405495925,1115.6206405495925,0.4700584411621094,0.6029856204986572,80,66,84.92981|931.96758|1593.53234|2365.91246,84.92981|931.96758|1593.53234|2365.91246,4,4
10000,56,21,70,57.99999999999702,0.0,0.0,0.4675290584564209,0.334688663482666,58.0,58.0,1,1,3.4009519795881005,3.4009519795881005,0.4595069885253906,0.3292045593261719,80,54,54.59905,54.59905,1,1
10000,57,24,18,-2.3191325403198305e-15,0.0,0.0,0.4751284122467041,0.010165929794311523,-0.0,-0.0,1,1,0.050089737707987796,0.050089737707987796,0.4694368839263916,0.008974313735961914,80,10,0.05009,0.05009,1,1
10000,58,64,75,1.646947377526995e-10,0.0,0.0,0.47216200828552246,0.558398962020874,0.0,0.0,1,1,1.304250898382973,1.304250898382973,0.46105432510375977,0.5622832775115967,80,63,-1.30425,-1.30425,1,1
10000,59,28,1,-4.181543999935678e-15,0.0,0.0,0.4726293087005615,0.018404483795166016,-0.0,-0.0,1,1,0.0018716561447763022,0.0018716561447763022,0.46643996238708496,0.017147064208984375,80,16,0.00187,0.00187,1,1
10000,60,14,38,3.1591823174551145e-13,0.0,0.0,0.5199580192565918,0.014645576477050781,0.0,0.0,1,1,0.07358232048408019,0.07358232048408019,0.4654669761657715,0.018376827239990234,80,16,-0.07358,-0.07358,1,1
10000,61,55,44,5.126250872940465e-11,0.0,0.0,0.47132110595703125,0.1942131519317627,0.0,0.0,1,1,0.018066149198718635,0.018066149198718635,0.46584486961364746,0.19014382362365723,80,46,-0.01807,-0.01807,1,1
10000,62,21,5,1.0493193615569247e-13,0.0,0.0,0.47621822357177734,0.00956583023071289,0.0,0.0,1,1,0.020917175341242367,0.020917175341242367,0.5172455310821533,0.008526086807250977,80,10,0.02092,0.02092,1,1
10000,63,42,56,-2.92381230337387e-11,0.0,0.0,0.47258996963500977,0.06304001808166504,-0.0,-0.0,1,1,0.4725077912322255,0.4725077912322255,0.46022605895996094,0.058615922927856445,80,32,0.47251,0.47251,1,1
10000,64,4,32,3.0000000000258717,0.0,0.0,0.4656822681427002,0.017467737197875977,3.0,3.0,1,1,0.022472405159938535,0.022472405159938535,0.47544217109680176,0.021260976791381836,80,17,2.97753,2.97753,1,1
10000,65,53,28,6.519161158845739e-12,0.0,0.0,0.46392321586608887,0.15412545204162598,0.0,0.0,1,1,0.00692438385632958,0.00692438385632958,0.4729957580566406,0.14809799194335938,80,43,0.00692,0.00692,1,1
10000,66,68,29,4.746278407414081e-11,0.0,0.0,0.4796016216278076,0.31830573081970215,0.0,0.0,1,1,0.01979194701243348,0.01979194701243348,0.46202731132507324,0.31842970848083496,80,53,0.01979,0.01979,1,1
10000,67,45,62,1.000000000004087,0.0,0.0,0.5303590297698975,0.37966179847717285,1.0,1.0,1,1,3.711008814227364,3.711008814227364,0.4690403938293457,0.386141300201416,80,56,4.71101,4.71101,1,1
10000,68,37,53,0.999999999993658,0.0,0.0,0.46629881858825684,0.1388096809387207,1.0,1.0,1,1,0.35468006997382817,0.35468006997382817,0.4867551326751709,0.14148306846618652,80,42,1.35468,1.35468,1,1
10000,69,21,39,3.0248819322269753e-13,0.0,0.0,0.47628188133239746,0.04329395294189453,0.0,0.0,1,1,0.1976561979056365,0.1976561979056365,0.526681661605835,0.0376887321472168,80,27,0.19766,0.19766,1,1
10000,70,46,25,1.517300873798516e-13,0.0,0.0,0.4715442657470703,0.02577042579650879,0.0,0.0,1,1,0.03164657526324794,0.03164657526324794,0.4629480838775635,0.030073881149291992,80,22,0.03165,0.03165,1,1
10000,71,22,67,145.99999999993054,0.0,0.0,0.46918797492980957,0.5765705108642578,146.0,146.0,1,1,1.4342609163205111,1.4342609163205111,0.46882128715515137,0.5782113075256348,80,62,144.56574,144.56574,1,1
10000,72,29,54,1.9999999999990052,0.0,0.0,0.472012996673584,0.21274113655090332,2.0,2.0,1,1,3.333724929968036,3.333724929968036,0.46058082580566406,0.21214985847473145,80,48,5.33372,5.33372,1,1
10000,73,7,25,-4.4714668315100455e-13,0.0,0.0,0.46656203269958496,0.010204315185546875,-0.0,-0.0,1,1,0.006560415884967616,0.006560415884967616,0.4749913215637207,0.00906682014465332,80,11,0.00656,0.00656,1,1
10000,74,15,34,8.892886427249641e-14,0.0,0.0,0.5301451683044434,0.018130779266357422,0.0,0.0,1,1,0.009321285575051708,0.009321285575051708,0.4777553081512451,0.017392635345458984,80,16,0.00932,0.00932,1,1
10000,75,26,22,3.863576125689362e-15,0.0,0.0,0.46920084953308105,0.010350704193115234,0.0,0.0,1,1,0.008222097715949324,0.008222097715949324,0.4754633903503418,0.009049654006958008,80,7,-0.00822,-0.00822,1,1
10000,76,61,23,-1.361300691130329e-12,0.0,0.0,0.4878525733947754,0.12011241912841797,-0.0,-0.0,1,1,0.0017363794278576023,0.0017363794278576023,0.5519835948944092,0.12584519386291504,80,40,0.00174,0.00174,1,1
10000,77,58,66,1.0086526203524578e-11,0.0,0.0,0.4682161808013916,0.3880026340484619,0.0,0.0,1,1,0.8162530287777848,0.8162530287777848,0.46851348876953125,0.38463306427001953,80,57,0.81625,0.81625,1,1
10000,78,9,54,20.999999999785732,87.00000000025855,87.00000000025855,0.4681234359741211,0.2131350040435791,21.0|195.0,21.0|195.0,2,2,89.36796044427466,89.36796044427466,0.46919989585876465,0.2130134105682373,80,48,16.63147|195.36739,16.63147|195.36739,2,2
10000,79,67,72,-6.557747157542353e-11,0.0,0.0,0.47508668899536133,0.6808822154998779,-0.0,-0.0,1,1,0.046200027591026635,0.046200027591026635,0.46358656883239746,0.6773464679718018,80,66,-0.0462,-0.0462,1,1
10000,80,28,57,0.9999999999996544,0.0,0.0,0.4687793254852295,0.08131909370422363,1.0,1.0,1,1,0.4138275313584977,0.4138275313584977,0.4697074890136719,0.08195638656616211,80,35,1.41383,1.41383,1,1
10000,81,69,61,1.9202987959047194e-11,0.0,0.0,0.4580681324005127,0.321866512298584,0.0,0.0,1,1,0.2923418535264911,0.2923418535264911,0.47087907791137695,0.31441330909729004,80,54,-0.29234,-0.29234,1,1
10000,82,71,78,1.0000000068467003,0.0,0.0,0.47577810287475586,0.6379063129425049,1.0,1.0,1,1,0.04036899452556686,0.04036899452556686,0.4646732807159424,0.6448361873626709,80,67,0.95963,0.95963,1,1
10000,83,75,53,-5.403149716605474e-10,0.0,0.0,0.46706604957580566,0.5472986698150635,-0.0,-0.0,1,1,0.02057860554223413,0.02057860554223413,0.47399210929870605,0.5484626293182373,80,62,-0.02058,-0.02058,1,1
10000,84,17,2,-1.1746159600534156e-13,0.0,0.0,0.4646613597869873,0.0044672489166259766,-0.0,-0.0,1,1,0.00012397858590834293,0.00012397858590834293,0.4717438220977783,0.003697633743286133,80,2,-0.00012,-0.00012,1,1
10000,85,75,2,-1.0021014308648324e-11,0.0,0.0,0.5283479690551758,0.5254526138305664,-0.0,-0.0,1,1,0.006212383310508711,0.006212383310508711,0.47252368927001953,0.5278856754302979,80,61,-0.00621,-0.00621,1,1
10000,86,66,75,2.6714651972650557e-09,0.0,0.0,0.4744582176208496,0.5595943927764893,0.0,0.0,1,1,0.29898993679333075,0.29898993679333075,0.4816274642944336,0.5659637451171875,80,62,-0.29899,-0.29899,1,1
10000,87,65,50,5.320912667008476e-13,0.0,0.0,0.529008150100708,0.0735926628112793,0.0,0.0,1,1,0.08607469143668713,0.08607469143668713,0.4677920341491699,0.07041406631469727,80,34,-0.08607,-0.08607,1,1
10000,88,56,35,-6.622194882909791e-14,0.0,0.0,0.46544957160949707,0.054734230041503906,-0.0,-0.0,1,1,0.010290838386404638,0.010290838386404638,0.47826147079467773,0.049529075622558594,80,29,0.01029,0.01029,1,1
10000,89,63,50,1.5546941467114287e-11,0.0,0.0,0.4793999195098877,0.3621699810028076,0.0,0.0,1,1,0.009609727315520457,0.009609727315520457,0.5262484550476074,0.361722469329834,80,55,0.00961,0.00961,1,1
10000,90,73,43,2.3462826448266395e-10,0.0,0.0,0.4770474433898926,0.6121129989624023,0.0,0.0,1,1,0.17247943587272893,0.17247943587272893,0.4651157855987549,0.6075615882873535,80,66,0.17248,0.17248,1,1
10000,91,53,68,1.8600595442746224e-10,0.0,0.0,0.4705345630645752,0.33754992485046387,0.0,0.0,1,1,0.3583226569139859,0.3583226569139859,0.5354480743408203,0.3372194766998291,80,54,0.35832,0.35832,1,1
10000,92,77,56,1.0218802608158584e-10,0.0,0.0,0.46723461151123047,0.548729419708252,0.0,0.0,1,1,0.015680743468810644,0.015680743468810644,0.46418118476867676,0.5323443412780762,80,62,0.01568,0.01568,1,1
10000,93,60,35,1.4899196866907667e-12,0.0,0.0,0.47346949577331543,0.14292049407958984,0.0,0.0,1,1,0.013487130614511577,0.013487130614511577,0.47180914878845215,0.20030903816223145,80,42,0.01349,0.01349,1,1
10000,94,60,48,-3.4898251251345636e-11,0.0,0.0,0.4642605781555176,0.17596435546875,-0.0,-0.0,1,1,0.019190261955876475,0.019190261955876475,0.46172642707824707,0.1748213768005371,80,45,-0.01919,-0.01919,1,1
10000,95,30,24,6.844198410617972e-14,0.0,0.0,0.4701657295227051,0.024684667587280273,0.0,0.0,1,1,0.06880120307271168,0.06880120307271168,0.46344900131225586,0.014202594757080078,80,16,0.0688,0.0688,1,1
10000,96,76,75,5.074023219726202e-09,0.0,0.0,0.5239865779876709,0.6173546314239502,0.0,0.0,1,1,0.1401554665908533,0.1401554665908533,0.4664456844329834,0.6156196594238281,80,65,0.14016,0.14016,1,1
10000,97,28,9,-8.824940778114038e-15,0.0,0.0,0.5326077938079834,0.020750045776367188,-0.0,-0.0,1,1,0.011803787021957753,0.011803787021957753,0.573847770690918,0.022612810134887695,80,16,-0.0118,-0.0118,1,1
10000,98,64,31,-2.659104359200495e-13,0.0,0.0,0.6465475559234619,0.1302318572998047,-0.0,-0.0,1,1,0.03306396558480701,0.03306396558480701,0.560213565826416,0.1332850456237793,80,40,-0.03306,-0.03306,1,1
10000,99,79,14,9.432023043971895e-12,0.0,0.0,0.555565357208252,0.7621071338653564,0.0,0.0,1,1,0.05118517661473144,0.05118517661473144,0.5777592658996582,0.7140681743621826,80,68,-0.05119,-0.05119,1,1
