Sample_Size,Exp_ID,T,Y,True_Effect,MAE_Full,MAE_Local,Time_Full,Time_Local,Eff_Full,Eff_Local,Set_Size_Full,Set_Size_Local,MAE_Full_n,MAE_Local_n,Time_Full_n,Time_Local_n,Vars_Full,Vars_Local,Eff_Full_n,Eff_Local_n,Set_Size_Full_n,Set_Size_Local_n
500,0,ggtp,hbsag_anti,0.0,0.0,0.0,0.40880537033081055,0.017566919326782227,0.0,0.0,1,1,0.016172838587290152,0.016172838587290152,0.3378593921661377,0.013014793395996094,70,2,-0.01617,-0.01617,1,1
500,1,hospital,amylase,0.0,0.0,0.0,0.3077988624572754,0.19836020469665527,0.0,0.0,1,1,0.019854845696188846,0.019854845696188846,0.35074591636657715,0.20813608169555664,70,41,-0.01985,-0.01985,1,1
500,2,pain_ruq,alcoholism,1.0,0.0,0.0,0.5173888206481934,0.09507894515991211,1.0,1.0,1,1,0.01974714472683481,0.01974714472683481,0.3018324375152588,0.13620615005493164,70,37,0.98025,0.98025,1,1
500,3,anorexia,amylase,0.0,0.0,0.0,0.30028676986694336,0.011475086212158203,0.0,0.0,1,1,0.03576747393880588,0.03576747393880588,0.32309460639953613,0.009418010711669922,70,2,0.03577,0.03577,1,1
500,4,bilirubin,triglycerides,0.0,0.0,0.0,0.3167271614074707,0.016865968704223633,0.0,0.0,1,1,0.19959748013356715,0.19959748013356715,0.31960010528564453,0.01596379280090332,70,5,-0.1996,-0.1996,1,1
500,5,alcohol,RHepatitis,0.0,0.0,0.0,0.26880884170532227,0.021234750747680664,0.0,0.0,1,1,0.011837232021617298,0.011837232021617298,0.265087366104126,0.017896413803100586,70,11,-0.01184,-0.01184,1,1
500,6,fatigue,Steatosis,0.0,0.0,0.0,0.31264567375183105,0.08293700218200684,0.0,0.0,1,1,0.019275848007742243,0.019275848007742243,0.26479244232177734,0.07596969604492188,70,33,0.01928,0.01928,1,1
500,7,hospital,spleen,-6.774242184153498e-17,0.0,0.0,0.24845099449157715,0.21464014053344727,-0.0,-0.0,1,1,0.07334093018714624,0.07334093018714624,0.2653679847717285,0.20490336418151855,70,40,-0.07334,-0.07334,1,1
500,8,joints,Steatosis,0.0,0.0,0.0,0.31426501274108887,0.06585860252380371,0.0,0.0,1,1,0.024567389606145493,0.01603860604942879,0.31172633171081543,0.08002924919128418,70,33,-0.0331|-0.01604,-0.01604,2,1
500,9,fat,spiders,0.0,0.0,0.0,0.32027196884155273,0.014624595642089844,0.0,0.0,1,1,0.02466809281271869,0.02466809281271869,0.2983243465423584,0.012115955352783203,70,2,-0.02467,-0.02467,1,1
500,10,cholesterol,spleen,0.0,0.0,0.0,0.32584643363952637,0.013448953628540039,0.0,0.0,1,1,0.024656365701086737,0.024656365701086737,0.2970771789550781,0.01474761962890625,70,2,-0.02466,-0.02466,1,1
500,11,flatulence,alt,0.0,0.0,0.0,0.2650899887084961,0.019388675689697266,0.0,0.0,1,1,0.05443634277289856,0.05443634277289856,0.2919352054595947,0.012367725372314453,70,2,0.05444,0.05444,1,1
500,12,fibrosis,age,-5.921189464667501e-16,0.0,0.0,0.3033137321472168,0.09801864624023438,-0.0,-0.0,1,1,0.03324237606916174,0.03324237606916174,0.27555322647094727,0.13988232612609863,70,39,-0.03324,-0.03324,1,1
500,13,fatigue,hospital,2.0,0.0,0.0,0.26085925102233887,0.22596979141235352,2.0,2.0,1,1,0.01296253085773591,0.01296253085773591,0.3224961757659912,0.18337774276733398,70,40,2.01296,2.01296,1,1
500,14,Steatosis,hepatalgia,-3.968917477247933e-17,0.0,0.0,0.31398725509643555,0.09926557540893555,-0.0,-0.0,1,1,0.05056154009597486,0.05056154009597486,0.2993009090423584,0.08651566505432129,70,33,-0.05056,-0.05056,1,1
500,15,hepatomegaly,pressure_ruq,0.0,0.0,0.0,0.276904821395874,0.017569303512573242,0.0,0.0,1,1,0.03301690495867215,0.026127410703745694,0.28417205810546875,0.021648406982421875,70,2,0.02613|0.03991,0.02613,2,1
500,16,alcoholism,ama,0.0,0.0,0.0,0.30057334899902344,0.10788941383361816,0.0,0.0,1,1,0.08031533881278596,0.08031533881278596,0.32192564010620117,0.11388707160949707,70,38,0.08032,0.08032,1,1
500,17,choledocholithotomy,ggtp,-6.774242184153498e-17,0.0,0.0,0.29950928688049316,0.26022863388061523,-0.0,-0.0,1,1,0.10217925441785969,0.10217925441785969,0.2747659683227539,0.24198532104492188,70,40,-0.10218,-0.10218,1,1
500,18,ggtp,pressure_ruq,0.0,0.0,0.0,0.3374173641204834,0.015599727630615234,0.0,0.0,1,1,0.08396979883103539,0.08396979883103539,0.30387258529663086,0.036019325256347656,70,2,-0.08397,-0.08397,1,1
500,19,triglycerides,obesity,1.0,0.0,0.0,0.275188684463501,0.0924065113067627,1.0,1.0,1,1,0.03972646672278879,0.03972646672278879,0.318727970123291,0.12623190879821777,70,33,1.03973,1.03973,1,1
500,20,diabetes,ChHepatitis,0.0,0.0,0.0,0.26341724395751953,0.21099328994750977,0.0,0.0,1,1,0.035751227244942924,0.035751227244942924,0.27422595024108887,0.14690923690795898,70,43,0.03575,0.03575,1,1
500,21,palms,phosphatase,0.0,0.0,0.0,0.3132038116455078,0.015974760055541992,0.0,0.0,1,1,0.048002897076621906,0.048002897076621906,0.28682851791381836,0.01252126693725586,70,2,0.048,0.048,1,1
500,22,edge,le_cells,0.0,0.0,0.0,0.275158166885376,0.016818523406982422,0.0,0.0,1,1,0.0022006380247197774,0.0022006380247197774,0.3168177604675293,0.016403913497924805,70,2,-0.0022,-0.0022,1,1
500,23,spleen,albumin,0.0,0.0,0.0,0.4538865089416504,0.01700139045715332,0.0,0.0,1,1,0.05140540995402298,0.05140540995402298,0.2749359607696533,0.018039464950561523,70,2,0.05141,0.05141,1,1
500,24,fatigue,PBC,0.0,0.0,0.0,0.2966301441192627,0.042494773864746094,0.0,0.0,1,1,0.0073646225325341074,0.0073646225325341074,0.3080439567565918,0.03556990623474121,70,20,-0.00736,-0.00736,1,1
500,25,pain,triglycerides,0.0,0.0,0.0,0.27205562591552734,0.011126279830932617,0.0,0.0,1,1,0.04760347881172341,0.01598384779105558,0.24415850639343262,0.012604236602783203,70,2,-0.07922|-0.01598,-0.01598,2,1
500,26,pain_ruq,hcv_anti,0.0,0.0,0.0,0.23720407485961914,0.012789011001586914,0.0,0.0,1,1,0.022821646155406463,0.022821646155406463,0.2472858428955078,0.014449119567871094,70,2,0.02282,0.02282,1,1
500,27,age,Steatosis,-1.2079226507921704e-15,0.0,0.0,0.32387614250183105,0.10434651374816895,-0.0,-0.0,1,1,0.10110376779842242,0.10110376779842242,0.3047661781311035,0.13235139846801758,70,40,-0.1011,-0.1011,1,1
500,28,ESR,hepatalgia,0.0,0.0,0.0,0.3244974613189697,0.015275239944458008,0.0,0.0,1,1,0.0010019234381145152,0.0010019234381145152,0.27065300941467285,0.01328277587890625,70,2,0.001,0.001,1,1
500,29,ascites,palms,0.0,0.0,0.0,0.2711000442504883,0.010744094848632812,0.0,0.0,1,1,0.07902374310645742,0.05217170990445852,0.19888925552368164,0.007306575775146484,70,2,-0.10588|-0.05217,-0.05217,2,1
500,30,hospital,flatulence,0.0,0.0,0.0,0.1829516887664795,0.13967633247375488,0.0,0.0,1,1,0.002493934343034771,0.002493934343034771,0.19919872283935547,0.13790321350097656,70,41,-0.00249,-0.00249,1,1
500,31,phosphatase,edema,0.0,0.0,0.0,0.17209458351135254,0.011044025421142578,0.0,0.0,1,1,0.05411652791205402,0.05411652791205402,0.18788695335388184,0.007193803787231445,70,2,0.05412,0.05412,1,1
500,32,inr,irregular_liver,0.0,0.0,0.0,0.13802289962768555,0.011247634887695312,0.0,0.0,1,1,0.006058094774202752,0.0035480788195204538,0.1655902862548828,0.007944107055664062,70,2,-0.00355|0.00857,-0.00355,2,1
500,33,proteins,phosphatase,0.0,0.0,0.0,0.14159107208251953,0.005494356155395508,0.0,0.0,1,1,0.007899689197845464,0.010242045701970867,0.1597602367401123,0.0036475658416748047,70,2,0.00556|0.01024,0.01024,2,1
500,34,RHepatitis,vh_amn,7.670631806501082e-16,0.0,0.0,0.1332707405090332,0.07505083084106445,0.0,0.0,1,1,1.40756722046882,1.40756722046882,0.11507701873779297,0.06833529472351074,70,42,-1.40757,-1.40757,1,1
500,35,PBC,urea,0.0,0.0,0.0,0.14344143867492676,0.024013757705688477,0.0,0.0,1,1,0.025383460595100615,0.025383460595100615,0.17058181762695312,0.011822223663330078,70,19,-0.02538,-0.02538,1,1
500,36,ESR,fat,0.0,0.0,0.0,0.13265562057495117,0.007261753082275391,0.0,0.0,1,1,0.03902292258189358,0.03902292258189358,0.19924044609069824,0.007906436920166016,70,2,0.03902,0.03902,1,1
500,37,irregular_liver,ast,0.0,0.0,0.0,0.11548829078674316,0.006758213043212891,0.0,0.0,1,1,0.005052302079672804,0.005052302079672804,0.14531683921813965,0.007985591888427734,70,2,-0.00505,-0.00505,1,1
500,38,fatigue,Hyperbilirubinemia,0.0,0.0,0.0,0.2246861457824707,0.009122610092163086,0.0,0.0,1,1,0.01567988230502151,0.01567988230502151,0.15924501419067383,0.007796764373779297,70,11,-0.01568,-0.01568,1,1
500,39,edema,edge,0.0,0.0,0.0,0.12866497039794922,0.009312152862548828,0.0,0.0,1,1,0.0032491718421586474,0.0032491718421586474,0.14438128471374512,0.008865118026733398,70,2,0.00325,0.00325,1,1
500,40,edema,anorexia,0.0,0.0,0.0,0.17078900337219238,0.009788274765014648,0.0,0.0,1,1,0.02213157305516549,0.02213157305516549,0.12127208709716797,0.024599552154541016,70,2,0.02213,0.02213,1,1
500,41,diabetes,bleeding,0.0,0.0,0.0,0.19423723220825195,0.029971599578857422,0.0,0.0,1,1,0.022805880110786634,0.022805880110786634,0.1718306541442871,0.0494387149810791,70,34,0.02281,0.02281,1,1
500,42,anorexia,alcohol,0.0,0.0,0.0,0.13007831573486328,0.00538945198059082,0.0,0.0,1,1,0.013966588666418598,0.013966588666418598,0.12844181060791016,0.003800630569458008,70,2,0.01397,0.01397,1,1
500,43,fatigue,urea,0.0,0.0,0.0,0.1165008544921875,0.005425930023193359,0.0,0.0,1,1,0.020540717504366163,0.020540717504366163,0.11324143409729004,0.003799915313720703,70,2,-0.02054,-0.02054,1,1
500,44,ascites,consciousness,0.0,0.0,0.0,0.173187255859375,0.0058422088623046875,0.0,0.0,1,1,0.09976406629649726,0.08149013441761814,0.1273651123046875,0.0047609806060791016,70,2,0.08149|0.11804,0.08149,2,1
500,45,spiders,palms,0.0,0.0,0.0,0.10637593269348145,0.00753021240234375,0.0,0.0,1,1,0.00699935375811988,0.00699935375811988,0.11990833282470703,0.00394749641418457,70,2,0.007,0.007,1,1
500,46,platelet,upper_pain,0.0,0.0,0.0,0.11838030815124512,0.005236625671386719,0.0,0.0,1,1,0.010176606292683946,0.007417113505607025,0.12459039688110352,0.0043222904205322266,70,2,-0.01294|-0.00742,-0.00742,2,1
500,47,ChHepatitis,edge,-1.636687341179345e-17,0.0,0.0,0.14281296730041504,0.07316398620605469,-0.0,-0.0,1,1,0.005887260314057999,0.005887260314057999,0.1678025722503662,0.08001708984375,70,37,-0.00589,-0.00589,1,1
500,48,transfusion,irregular_liver,-3.00060276925718e-18,0.0,0.0,0.2045273780822754,0.08660745620727539,-0.0,-0.0,1,1,0.036743273912456645,0.036743273912456645,0.14706873893737793,0.12152767181396484,70,38,0.03674,0.03674,1,1
500,49,injections,pain,0.0,0.0,0.0,0.21210193634033203,0.19209980964660645,0.0,0.0,1,1,0.009064131905341872,0.009064131905341872,0.23165035247802734,0.057344675064086914,70,39,0.00906,0.00906,1,1
500,50,ChHepatitis,consciousness,-1.636687341179345e-17,0.0,0.0,0.13569855690002441,0.07365250587463379,-0.0,-0.0,1,1,0.23381641080299634,0.23381641080299634,0.3225831985473633,0.04389071464538574,70,37,-0.23382,-0.23382,1,1
500,51,flatulence,obesity,0.0,0.0,0.0,0.12366509437561035,0.0448613166809082,0.0,0.0,1,1,0.005741706939105942,0.005741706939105942,0.1584012508392334,0.04406023025512695,70,34,0.00574,0.00574,1,1
500,52,bilirubin,density,0.0,0.0,0.0,0.14663362503051758,0.009273767471313477,0.0,0.0,1,1,0.006607896982040058,0.006607896982040058,0.16984987258911133,0.009186029434204102,70,5,-0.00661,-0.00661,1,1
500,53,ggtp,fatigue,0.0,0.0,0.0,0.18248558044433594,0.011111974716186523,0.0,0.0,1,1,0.0011032752202606779,0.0011032752202606779,0.18274497985839844,0.01012110710144043,70,2,0.0011,0.0011,1,1
500,54,nausea,upper_pain,0.0,0.0,0.0,0.15708565711975098,0.006453990936279297,0.0,0.0,1,1,0.007848039756088781,0.007848039756088781,0.1769716739654541,0.0037620067596435547,70,2,0.00785,0.00785,1,1
500,55,amylase,itching,0.0,0.0,0.0,0.14352965354919434,0.005633354187011719,0.0,0.0,1,1,0.024137470617193867,0.024137470617193867,0.1910233497619629,0.004094123840332031,70,2,-0.02414,-0.02414,1,1
500,56,anorexia,nausea,0.0,0.0,0.0,0.18931865692138672,0.005238533020019531,0.0,0.0,1,1,0.0013625866743884542,0.0013625866743884542,0.15320277214050293,0.0044708251953125,70,2,-0.00136,-0.00136,1,1
500,57,edema,skin,0.0,0.0,0.0,0.11346697807312012,0.007494926452636719,0.0,0.0,1,1,0.0009143163727006897,0.0009143163727006897,0.1303396224975586,0.007221221923828125,70,2,0.00091,0.00091,1,1
500,58,edema,alt,0.0,0.0,0.0,0.1186685562133789,0.005283832550048828,0.0,0.0,1,1,0.027018663189268172,0.027018663189268172,0.14980363845825195,0.0059354305267333984,70,2,-0.02702,-0.02702,1,1
500,59,transfusion,hbc_anti,-3.00060276925718e-18,0.0,0.0,0.18527770042419434,0.059380292892456055,-0.0,-0.0,1,1,0.016810275673016333,0.016810275673016333,0.2412409782409668,0.057796478271484375,70,38,0.01681,0.01681,1,1
500,60,injections,ama,0.0,0.0,0.0,0.12259626388549805,0.09089422225952148,0.0,0.0,1,1,0.0760920869772211,0.0760920869772211,0.11691021919250488,0.06634902954101562,70,39,-0.07609,-0.07609,1,1
500,61,spleen,transfusion,1.0,0.0,0.0,0.10463786125183105,0.1174008846282959,1.0,1.0,1,1,0.07355436112568392,0.07355436112568392,0.11582756042480469,0.07088541984558105,70,38,1.07355,1.07355,1,1
500,62,density,sex,1.0,0.0,0.0,0.1123819351196289,0.021207809448242188,1.0,1.0,1,1,0.1205007468751651,0.1205007468751651,0.24981141090393066,0.020909547805786133,70,25,1.1205,1.1205,1,1
500,63,ascites,pressure_ruq,0.0,0.0,0.0,0.10842752456665039,0.00515437126159668,0.0,0.0,1,1,0.08040786753190525,0.03980451807983202,0.10237860679626465,0.004948616027832031,70,2,0.0398|0.12101,0.0398,2,1
500,64,platelet,inr,0.0,0.25,0.25,0.12839818000793457,0.02916693687438965,0.0|0.5,0.0|0.5,2,2,0.2612132800921819,0.2612132800921819,0.21564173698425293,0.01418757438659668,70,3,0.00672|0.5157,0.00672|0.5157,2,2
500,65,gallstones,density,-2.582877872059217e-16,0.0,0.0,0.12012243270874023,0.12749147415161133,-0.0,-0.0,1,1,0.3902055256594747,0.3902055256594747,0.23459529876708984,0.10736536979675293,70,45,-0.39021,-0.39021,1,1
500,66,ggtp,anorexia,0.0,0.0,0.0,0.10798263549804688,0.007281064987182617,0.0,0.0,1,1,0.028590352336889942,0.028590352336889942,0.12120366096496582,0.005555629730224609,70,2,-0.02859,-0.02859,1,1
500,67,fatigue,Hyperbilirubinemia,0.0,0.0,0.0,0.1292405128479004,0.015232086181640625,0.0,0.0,1,1,0.019834311749758905,0.019834311749758905,0.1508166790008545,0.009157896041870117,70,11,0.01983,0.01983,1,1
500,68,albumin,nausea,0.0,0.0,0.0,0.11325240135192871,0.010144710540771484,0.0,0.0,1,1,0.013602044745500808,0.013602044745500808,0.15662002563476562,0.008023262023925781,70,2,-0.0136,-0.0136,1,1
500,69,hepatomegaly,palms,0.0,0.0,0.0,0.11504507064819336,0.0071294307708740234,0.0,0.0,1,1,0.015440861330046745,0.01566838222286577,0.11010575294494629,0.004893064498901367,70,2,-0.01521|0.01567,0.01567,2,1
500,70,hepatotoxic,pain,0.0,0.0,0.0,0.12079000473022461,0.012864351272583008,0.0,0.0,1,1,0.037608026360924335,0.037608026360924335,0.1288890838623047,0.00889897346496582,70,14,0.03761,0.03761,1,1
500,71,spleen,ESR,0.0,0.0,0.0,0.12371230125427246,0.007609844207763672,0.0,0.0,1,1,0.015534064625759061,0.015534064625759061,0.12871885299682617,0.00852203369140625,70,2,0.01553,0.01553,1,1
500,72,injections,pressure_ruq,-3.00060276925718e-18,0.0,0.0,0.12081527709960938,0.1000070571899414,-0.0,-0.0,1,1,0.002416197655213085,0.002416197655213085,0.13281464576721191,0.09328365325927734,70,38,0.00242,0.00242,1,1
500,73,PBC,palms,0.0,0.0,0.0,0.12814593315124512,0.013887643814086914,0.0,0.0,1,1,0.015409888626643203,0.015409888626643203,0.13460159301757812,0.02342510223388672,70,20,-0.01541,-0.01541,1,1
500,74,hepatalgia,alcoholism,2.0,1.0,1.0,0.1330573558807373,0.04318881034851074,0.0|2.0,0.0|2.0,2,2,1.1281085484287412,1.1281085484287412,0.13834667205810547,0.0632009506225586,70,38,-0.12973|1.87351,-0.12973|1.87351,2,2
500,75,sex,pressure_ruq,1.5543122344752193e-17,0.0,0.0,0.13393187522888184,0.041692495346069336,0.0,0.0,1,1,0.017524510601188627,0.017524510601188627,0.10460186004638672,0.02350592613220215,70,25,-0.01752,-0.01752,1,1
500,76,gallstones,itching,1.1234088082863096e-16,0.0,0.0,0.19696855545043945,0.10166740417480469,0.0,0.0,1,1,0.016246517457752897,0.016246517457752897,0.1518094539642334,0.09805488586425781,70,45,-0.01625,-0.01625,1,1
500,77,albumin,density,0.0,0.0,0.0,0.14655113220214844,0.006388664245605469,0.0,0.0,1,1,0.023041031503387464,0.023041031503387464,0.13361620903015137,0.0042307376861572266,70,2,0.02304,0.02304,1,1
500,78,Cirrhosis,cholesterol,0.0,0.0,0.0,0.12754392623901367,0.036292314529418945,0.0,0.0,1,1,0.19037690864329088,0.19037690864329088,0.15862774848937988,0.03411221504211426,70,26,-0.19038,-0.19038,1,1
500,79,Steatosis,nausea,0.0,0.0,0.0,0.2022101879119873,0.04482603073120117,0.0,0.0,1,1,0.1751731735169639,0.1751731735169639,0.1716921329498291,0.04244065284729004,70,33,-0.17517,-0.17517,1,1
500,80,sex,upper_pain,0.0,0.0,0.0,0.13364052772521973,0.024237394332885742,0.0,0.0,1,1,0.03190166982961849,0.03190166982961849,0.1494922637939453,0.031790733337402344,70,26,0.0319,0.0319,1,1
500,81,amylase,bilirubin,0.0,0.0,0.0,0.15024614334106445,0.009115934371948242,0.0,0.0,1,1,0.013353349528214386,0.013353349528214386,0.15943002700805664,0.005918264389038086,70,5,-0.01335,-0.01335,1,1
500,82,proteins,diabetes,1.0,0.0,0.0,0.1422891616821289,0.03577899932861328,1.0,1.0,1,1,0.009712200953907235,0.004077618262128047,0.12181234359741211,0.036617279052734375,70,34,1.00408|1.01535,1.00408,2,1
500,83,proteins,platelet,0.0,0.0,0.0,0.12804508209228516,0.005407810211181641,0.0,0.0,1,1,0.026996802145603516,0.0038332517024667603,0.15038490295410156,0.003835439682006836,70,2,0.00383|0.05016,0.00383,2,1
500,84,choledocholithotomy,encephalopathy,-2.709696873661399e-16,0.0,0.0,0.1471552848815918,0.14079713821411133,-0.0,-0.0,1,1,0.050981357331395256,0.050981357331395256,0.14861536026000977,0.15155744552612305,70,40,0.05098,0.05098,1,1
500,85,hepatotoxic,alcohol,0.0,0.0,0.0,0.18959426879882812,0.01703786849975586,0.0,0.0,1,1,0.14501173769628645,0.14501173769628645,0.19681525230407715,0.010952234268188477,70,14,-0.14501,-0.14501,1,1
500,86,edema,platelet,0.0,0.0,0.0,0.14086580276489258,0.006338596343994141,0.0,0.0,1,1,0.003437203677982833,0.003437203677982833,0.18893051147460938,0.0038530826568603516,70,2,0.00344,0.00344,1,1
500,87,fibrosis,joints,0.0,0.0,0.0,0.2851436138153076,0.0365142822265625,0.0,0.0,1,1,0.023476958017744225,0.023476958017744225,0.12685036659240723,0.039130449295043945,70,27,-0.02348,-0.02348,1,1
500,88,platelet,hepatalgia,0.0,0.0,0.0,0.18981528282165527,0.0061550140380859375,0.0,0.0,1,1,0.035128916968550805,0.0040288193300690636,0.35932254791259766,0.004958391189575195,70,2,-0.06623|-0.00403,-0.00403,2,1
500,89,upper_pain,ama,0.0,0.0,0.0,0.17951011657714844,0.010988712310791016,0.0,0.0,1,1,0.019233338416037252,0.019233338416037252,0.14265179634094238,0.010410785675048828,70,2,0.01923,0.01923,1,1
500,90,surgery,ggtp,-6.774242184153498e-17,0.0,0.0,0.1451418399810791,0.08329224586486816,-0.0,-0.0,1,1,0.03876711086458097,0.03876711086458097,0.1335010528564453,0.0958094596862793,70,40,0.03877,0.03877,1,1
500,91,le_cells,fibrosis,0.0,0.0,0.0,0.13934636116027832,0.059783220291137695,0.0,0.0,1,1,0.0319884609687216,0.0319884609687216,0.10437750816345215,0.048108816146850586,70,27,-0.03199,-0.03199,1,1
500,92,ESR,THepatitis,0.0,0.0,0.0,0.12680983543395996,0.01852583885192871,0.0,0.0,1,1,0.005690158462391456,0.005690158462391456,0.13904118537902832,0.013630390167236328,70,12,0.00569,0.00569,1,1
500,93,cholesterol,bilirubin,0.0,0.0,0.0,0.18543481826782227,0.011338472366333008,0.0,0.0,1,1,0.014407054482141227,0.014407054482141227,0.1606142520904541,0.008854150772094727,70,5,-0.01441,-0.01441,1,1
500,94,alt,bleeding,0.0,0.0,0.0,0.12317562103271484,0.005421876907348633,0.0,0.0,1,1,0.02164683585842044,0.02164683585842044,0.13387393951416016,0.005315542221069336,70,2,-0.02165,-0.02165,1,1
500,95,albumin,ascites,0.0,0.0,0.0,0.19770598411560059,0.007433891296386719,0.0,0.0,1,1,0.0014799031280841467,0.0014799031280841467,0.11680269241333008,0.01919078826904297,70,2,0.00148,0.00148,1,1
500,96,vh_amn,obesity,-2.7551657100901843e-15,0.0,0.0,0.13243412971496582,0.08913660049438477,-0.0,-0.0,1,1,0.07846070999142463,0.07846070999142463,0.13639235496520996,0.0656590461730957,70,43,-0.07846,-0.07846,1,1
500,97,phosphatase,obesity,1.0,0.0,0.0,0.8248741626739502,0.07111477851867676,1.0,1.0,1,1,0.09296075332812692,0.09296075332812692,0.1902141571044922,0.07872557640075684,70,33,1.09296,1.09296,1,1
500,98,le_cells,alt,0.0,0.0,0.0,0.29720115661621094,0.0143890380859375,0.0,0.0,1,1,0.052460528362271525,0.052460528362271525,0.2874002456665039,0.012559890747070312,70,2,-0.05246,-0.05246,1,1
500,99,Cirrhosis,vh_amn,1.0000000000000013,0.0,0.0,0.24998259544372559,0.10154509544372559,1.0,1.0,1,1,0.4555373628967079,0.4555373628967079,0.2737712860107422,0.09123706817626953,70,38,1.45554,1.45554,1,1
1000,0,hepatalgia,pain,0.0,0.0,0.0,0.2593810558319092,0.01473093032836914,0.0,0.0,1,1,0.008819768833425232,0.009972467826557089,0.25053977966308594,0.009475946426391602,70,2,0.00767|0.00997,0.00997,2,1
1000,1,density,fibrosis,1.0,0.0,0.0,0.21554946899414062,0.05520343780517578,1.0,1.0,1,1,0.017343664096456157,0.017343664096456157,0.32387304306030273,0.05198478698730469,70,26,1.01734,1.01734,1,1
1000,2,proteins,edema,0.0,0.0,0.0,0.28925418853759766,0.012561559677124023,0.0,0.0,1,1,0.03777806275578074,0.012574654346270557,0.25751757621765137,0.027490615844726562,70,2,-0.06298|-0.01257,-0.01257,2,1
1000,3,age,alcoholism,-2.1316282072803005e-15,0.0,0.0,0.2448256015777588,0.07229852676391602,-0.0,-0.0,1,1,0.05253886715885705,0.05253886715885705,0.22154617309570312,0.1150965690612793,70,45,-0.05254,-0.05254,1,1
1000,4,hbsag,ggtp,0.0,0.0,0.0,0.220350980758667,0.011648416519165039,0.0,0.0,1,1,0.012614415798529862,0.007467931417029418,0.17597651481628418,0.008550882339477539,70,2,-0.01776|-0.00747,-0.00747,2,1
1000,5,alcoholism,Cirrhosis,-3.157967714489334e-15,0.0,0.0,0.14715886116027832,0.06128954887390137,-0.0,-0.0,1,1,0.048756726723399015,0.048756726723399015,0.15114235877990723,0.04214191436767578,70,37,0.04876,0.04876,1,1
1000,6,Cirrhosis,RHepatitis,2.728639953812699e-16,0.0,0.0,0.1405048370361328,0.025828123092651367,0.0,0.0,1,1,0.08742413918023395,0.08742413918023395,0.1600050926208496,0.02922511100769043,70,31,-0.08742,-0.08742,1,1
1000,7,upper_pain,sex,0.0,0.0,0.0,0.18018364906311035,0.024689435958862305,0.0,0.0,1,1,0.016925109284589616,0.016925109284589616,0.1572895050048828,0.02585744857788086,70,26,0.01693,0.01693,1,1
1000,8,amylase,PBC,0.0,0.0,0.0,0.3022727966308594,0.03667020797729492,0.0,0.0,1,1,0.01396077357537161,0.01396077357537161,0.18549370765686035,0.03967785835266113,70,20,-0.01396,-0.01396,1,1
1000,9,spiders,hbsag_anti,0.0,0.0,0.0,0.2598543167114258,0.01649618148803711,0.0,0.0,1,1,0.03639909767377051,0.03639909767377051,0.25428009033203125,0.014999866485595703,70,2,0.0364,0.0364,1,1
1000,10,hbsag_anti,surgery,4.0,1.0,1.0,0.260967493057251,0.18220734596252441,2.0|4.0,2.0|4.0,2,2,1.029304894416093,1.029304894416093,0.26723623275756836,0.10801029205322266,70,40,1.99496|3.94643,1.99496|3.94643,2,2
1000,11,THepatitis,flatulence,0.0,0.0,0.0,0.21349596977233887,0.017737388610839844,0.0,0.0,1,1,0.019987405339356026,0.019987405339356026,0.20609784126281738,0.011775970458984375,70,12,-0.01999,-0.01999,1,1
1000,12,amylase,edema,0.0,0.0,0.0,0.1845250129699707,0.005287885665893555,0.0,0.0,1,1,0.027398740898643657,0.027398740898643657,0.1322340965270996,0.0068242549896240234,70,2,-0.0274,-0.0274,1,1
1000,13,jaundice,irregular_liver,0.0,0.0,0.0,0.12370014190673828,0.010834693908691406,0.0,0.0,1,1,0.022836072567377737,0.022836072567377737,0.1607968807220459,0.009283065795898438,70,2,-0.02284,-0.02284,1,1
1000,14,edema,anorexia,0.0,0.0,0.0,0.14261174201965332,0.006419181823730469,0.0,0.0,1,1,0.012422610584085546,0.012422610584085546,0.1610424518585205,0.006287336349487305,70,2,-0.01242,-0.01242,1,1
1000,15,spleen,PBC,0.0,0.0,0.0,0.15173745155334473,0.025592803955078125,0.0,0.0,1,1,0.05131825791906495,0.05131825791906495,0.11792755126953125,0.016030550003051758,70,20,-0.05132,-0.05132,1,1
1000,16,proteins,edge,0.0,0.0,0.0,0.15256619453430176,0.013039588928222656,0.0,0.0,1,1,0.011449452085458377,0.008480244020498769,0.2806534767150879,0.011728286743164062,70,2,0.00848|0.01442,0.00848,2,1
1000,17,fat,transfusion,0.0,0.0,0.0,0.2591989040374756,0.1378474235534668,0.0,0.0,1,1,0.0051577007456946955,0.0051577007456946955,0.24458670616149902,0.16068005561828613,70,39,0.00516,0.00516,1,1
1000,18,surgery,density,-6.774242184153498e-17,0.0,0.0,0.260800838470459,0.20205116271972656,-0.0,-0.0,1,1,0.05623522438906296,0.05623522438906296,0.23465538024902344,0.19729208946228027,70,40,0.05624,0.05624,1,1
1000,19,obesity,pressure_ruq,0.0,0.0,0.0,0.14952659606933594,0.07822918891906738,0.0,0.0,1,1,0.017379777514763526,0.017379777514763526,0.173048734664917,0.07640767097473145,70,34,0.01738,0.01738,1,1
1000,20,bleeding,alcohol,0.0,0.0,0.0,0.16596364974975586,0.0053479671478271484,0.0,0.0,1,1,0.02961241843665775,0.024255058586645405,0.14195036888122559,0.006366729736328125,70,2,-0.04941|-0.02426|-0.01517,-0.02426,3,1
1000,21,upper_pain,hcv_anti,0.0,0.0,0.0,0.16307282447814941,0.005432844161987305,0.0,0.0,1,1,0.03466948591084779,0.03466948591084779,0.14481353759765625,0.0035369396209716797,70,2,0.03467,0.03467,1,1
1000,22,hbc_anti,pressure_ruq,0.0,0.0,0.0,0.14786458015441895,0.00982356071472168,0.0,0.0,1,1,0.049143295666378185,0.049143295666378185,0.18660306930541992,0.009329795837402344,70,2,-0.04914,-0.04914,1,1
1000,23,gallstones,alcoholism,-1.2789977518227134e-14,0.0,0.0,0.1560816764831543,0.12393474578857422,-0.0,-0.0,1,1,0.004173259191661677,0.004173259191661677,0.12202000617980957,0.1521139144897461,70,53,0.00417,0.00417,1,1
1000,24,transfusion,hepatotoxic,-4.320867987730339e-16,0.0,0.0,0.1636486053466797,0.08558773994445801,-0.0,-0.0,1,1,0.0350427037843926,0.0350427037843926,0.1926414966583252,0.10341095924377441,70,44,-0.03504,-0.03504,1,1
1000,25,gallstones,pain_ruq,0.0,0.0,0.0,0.18916845321655273,0.08684158325195312,0.0,0.0,1,1,0.026958432733739015,0.026958432733739015,0.14166975021362305,0.13431429862976074,70,46,-0.02696,-0.02696,1,1
1000,26,ast,ggtp,0.0,0.0,0.0,0.2337205410003662,0.014714956283569336,0.0,0.0,1,1,0.013029596856179855,0.013029596856179855,0.2868366241455078,0.013449430465698242,70,2,-0.01303,-0.01303,1,1
1000,27,density,vh_amn,1.0,0.0,0.0,0.22952938079833984,0.11768722534179688,1.0,1.0,1,1,0.032475663641085006,0.032475663641085006,0.23883605003356934,0.09208989143371582,70,38,1.03248,1.03248,1,1
1000,28,hbc_anti,Cirrhosis,0.0,0.0,0.0,0.2669799327850342,0.04745078086853027,0.0,0.0,1,1,0.006976520127752207,0.006976520127752207,0.26926398277282715,0.04314899444580078,70,26,-0.00698,-0.00698,1,1
1000,29,inr,irregular_liver,0.0,0.0,0.0,0.47174644470214844,0.01697540283203125,0.0,0.0,1,1,0.007898378356174905,0.011359533276871215,0.20482993125915527,0.013209342956542969,70,2,-0.01136|0.00444,-0.01136,2,1
1000,30,bilirubin,proteins,0.0,0.0,0.0,0.1616806983947754,0.012012243270874023,0.0,0.0,1,1,0.013293197170125847,0.013293197170125847,0.1887800693511963,0.013893365859985352,70,5,0.01329,0.01329,1,1
1000,31,palms,carcinoma,0.0,0.0,0.0,0.1702747344970703,0.0075380802154541016,0.0,0.0,1,1,0.0013831395636634733,0.0013831395636634733,0.20422816276550293,0.006407499313354492,70,2,-0.00138,-0.00138,1,1
1000,32,hbsag_anti,anorexia,0.0,0.0,0.0,0.20508718490600586,0.009709358215332031,0.0,0.0,1,1,0.04635911394368035,0.016713346712729206,0.17216968536376953,0.01161956787109375,70,2,-0.076|-0.01671,-0.01671,2,1
1000,33,hbsag,ast,0.0,0.0,0.0,0.12543463706970215,0.01032876968383789,0.0,0.0,1,1,0.010642374282460888,0.004427393539032613,0.13396549224853516,0.007354736328125,70,2,0.00443|0.01686,0.00443,2,1
1000,34,obesity,hbsag_anti,0.0,0.0,0.0,0.11693978309631348,0.03687858581542969,0.0,0.0,1,1,0.03685195467243937,0.03685195467243937,0.13250231742858887,0.03852033615112305,70,34,-0.03685,-0.03685,1,1
1000,35,bilirubin,joints,0.0,0.0,0.0,0.12410497665405273,0.006631612777709961,0.0,0.0,1,1,0.08353248306004558,0.08353248306004558,0.12230539321899414,0.008776187896728516,70,5,-0.08353,-0.08353,1,1
1000,36,skin,hbc_anti,0.0,0.0,0.0,0.12845993041992188,0.004929065704345703,0.0,0.0,1,1,0.024186371541065826,0.024186371541065826,0.12554645538330078,0.005290508270263672,70,2,-0.02419,-0.02419,1,1
1000,37,Cirrhosis,hepatotoxic,1.7042789365494833e-15,0.0,0.0,0.15784001350402832,0.029677391052246094,0.0,0.0,1,1,0.31249536563762925,0.31249536563762925,0.16082167625427246,0.02527308464050293,70,33,-0.3125,-0.3125,1,1
1000,38,ascites,hbc_anti,0.0,0.0,0.0,0.1294567584991455,0.006406545639038086,0.0,0.0,1,1,0.07911938891540046,0.05377122313290322,0.13185548782348633,0.005749702453613281,70,2,0.05377|0.10447,0.05377,2,1
1000,39,THepatitis,hcv_anti,0.0,0.0,0.0,0.15380048751831055,0.0162198543548584,0.0,0.0,1,1,0.0669633388878816,0.0669633388878816,0.20650386810302734,0.013255119323730469,70,12,-0.06696,-0.06696,1,1
1000,40,alcoholism,ama,0.0,0.0,0.0,0.24454784393310547,0.06146550178527832,0.0,0.0,1,1,0.00485202179564528,0.00485202179564528,0.13048434257507324,0.07207560539245605,70,38,0.00485,0.00485,1,1
1000,41,anorexia,phosphatase,0.0,0.0,0.0,0.15983176231384277,0.00669550895690918,0.0,0.0,1,1,0.019519458041036768,0.019519458041036768,0.17936944961547852,0.009320735931396484,70,2,0.01952,0.01952,1,1
1000,42,jaundice,vh_amn,2.0,0.0,0.0,0.14299893379211426,0.04313373565673828,2.0,2.0,1,1,0.03617776869790146,0.03617776869790146,0.12727594375610352,0.06983828544616699,70,38,1.96382,1.96382,1,1
1000,43,palms,RHepatitis,0.0,0.0,0.0,0.25582242012023926,0.01928997039794922,0.0,0.0,1,1,0.018145825701007232,0.018145825701007232,0.29703450202941895,0.01954030990600586,70,11,-0.01815,-0.01815,1,1
1000,44,hbsag_anti,pain,0.0,0.0,0.0,0.253537654876709,0.013843536376953125,0.0,0.0,1,1,0.029211472484582203,0.01673950087732654,0.2806274890899658,0.011358261108398438,70,2,-0.04168|-0.01674,-0.01674,2,1
1000,45,pain_ruq,hbeag,0.0,0.0,0.0,0.30086278915405273,0.015378713607788086,0.0,0.0,1,1,0.014301639564845679,0.014301639564845679,0.2502408027648926,0.014724969863891602,70,2,-0.0143,-0.0143,1,1
1000,46,platelet,proteins,0.0,0.0,0.0,0.16478347778320312,0.01161813735961914,0.0,0.0,1,1,0.003373733994519829,0.0009953088086066316,0.1608424186706543,0.010061025619506836,70,2,-0.00575|-0.001,-0.001,2,1
1000,47,itching,ascites,0.0,0.0,0.0,0.21222925186157227,0.009640216827392578,0.0,0.0,1,1,0.015952853657263434,0.015952853657263434,0.20437836647033691,0.008474588394165039,70,2,0.01595,0.01595,1,1
1000,48,Hyperbilirubinemia,obesity,5.643633708511212e-16,0.0,0.0,0.16515469551086426,0.06361246109008789,0.0,0.0,1,1,0.16235614331074213,0.16235614331074213,0.20612239837646484,0.05205273628234863,70,34,-0.16236,-0.16236,1,1
1000,49,Steatosis,gallstones,3.304849933767908e-16,0.0,0.0,0.17970848083496094,0.11306500434875488,0.0,0.0,1,1,1.0793478005328554,1.0793478005328554,0.14333105087280273,0.11943960189819336,70,49,-1.07935,-1.07935,1,1
1000,50,ggtp,ascites,0.0,0.0,0.0,0.17673110961914062,0.00639653205871582,0.0,0.0,1,1,0.007402139440461563,0.007402139440461563,0.340543270111084,0.0036466121673583984,70,2,0.0074,0.0074,1,1
1000,51,platelet,hbsag_anti,0.0,0.0,0.0,0.18437576293945312,0.0050547122955322266,0.0,0.0,1,1,0.0559744904372215,0.025833521312914325,0.134751558303833,0.003449678421020508,70,2,-0.08612|-0.02583,-0.02583,2,1
1000,52,flatulence,edge,0.0,0.0,0.0,0.10105609893798828,0.0073621273040771484,0.0,0.0,1,1,0.0034964621579969615,0.0034964621579969615,0.12164044380187988,0.0035135746002197266,70,2,-0.0035,-0.0035,1,1
1000,53,le_cells,hepatomegaly,0.0,0.0,0.0,0.1204373836517334,0.008685827255249023,0.0,0.0,1,1,0.006782902258734319,0.006782902258734319,0.1273059844970703,0.003673076629638672,70,2,0.00678,0.00678,1,1
1000,54,density,bleeding,0.0,0.0,0.0,0.1159060001373291,0.011670827865600586,0.0,0.0,1,1,0.005660332422352119,0.005660332422352119,0.1383223533630371,0.00756382942199707,70,2,-0.00566,-0.00566,1,1
1000,55,skin,edema,0.0,0.0,0.0,0.11995863914489746,0.005412101745605469,0.0,0.0,1,1,0.01691720270225162,0.01691720270225162,0.12977313995361328,0.0037689208984375,70,2,0.01692,0.01692,1,1
1000,56,hbsag,PBC,0.0,0.0,0.0,0.11853957176208496,0.02036118507385254,0.0,0.0,1,1,0.01669643687809869,0.012621793126803197,0.1267991065979004,0.013956069946289062,70,20,0.01262|0.02077,0.01262,2,1
1000,57,pressure_ruq,RHepatitis,0.0,0.0,0.0,0.14284324645996094,0.01122283935546875,0.0,0.0,1,1,0.04511544816812831,0.04511544816812831,0.13318681716918945,0.008015632629394531,70,11,0.04512,0.04512,1,1
1000,58,ast,flatulence,0.0,0.0,0.0,0.15203166007995605,0.009233474731445312,0.0,0.0,1,1,0.054560650605893324,0.054560650605893324,0.14693021774291992,0.0045850276947021484,70,2,-0.05456,-0.05456,1,1
1000,59,hbeag,edema,0.0,0.0,0.0,0.16237926483154297,0.011179685592651367,0.0,0.0,1,1,0.0003752114045115447,0.0003752114045115447,0.1186058521270752,0.005724668502807617,70,2,-0.00038,-0.00038,1,1
1000,60,ascites,ESR,0.0,0.0,0.0,0.13704490661621094,0.00624537467956543,0.0,0.0,1,1,0.008866574952175086,0.004327789016644987,0.1280360221862793,0.00841212272644043,70,2,-0.01341|-0.00433,-0.00433,2,1
1000,61,jaundice,urea,0.0,0.0,0.0,0.17871570587158203,0.013043880462646484,0.0,0.0,1,1,0.023218595063003476,0.023218595063003476,0.21784734725952148,0.009007930755615234,70,2,-0.02322,-0.02322,1,1
1000,62,bleeding,flatulence,0.0,0.0,0.0,0.19524645805358887,0.006824016571044922,0.0,0.0,1,1,0.041747832916694816,0.01961732543337157,0.14149832725524902,0.006388664245605469,70,2,-0.05483|-0.05079|-0.01962,-0.01962,3,1
1000,63,sex,Steatosis,-1.2079226507921704e-15,0.0,0.0,0.13214492797851562,0.10905218124389648,-0.0,-0.0,1,1,0.030719340952254415,0.030719340952254415,0.18093347549438477,0.0762033462524414,70,40,0.03072,0.03072,1,1
1000,64,RHepatitis,joints,0.0,0.0,0.0,0.1630246639251709,0.0189816951751709,0.0,0.0,1,1,0.05204780844906735,0.05204780844906735,0.17560029029846191,0.02928781509399414,70,11,0.05205,0.05205,1,1
1000,65,ascites,amylase,0.0,0.0,0.0,0.2278153896331787,0.01196432113647461,0.0,0.0,1,1,0.08232388559317347,0.04568420169794492,0.1678464412689209,0.008553266525268555,70,2,-0.11896|-0.04568,-0.04568,2,1
1000,66,Hyperbilirubinemia,amylase,0.0,0.0,0.0,0.13654780387878418,0.021724939346313477,0.0,0.0,1,1,0.02127734544205783,0.02127734544205783,0.15535283088684082,0.018422842025756836,70,11,-0.02128,-0.02128,1,1
1000,67,joints,amylase,0.0,0.0,0.0,0.18600702285766602,0.010059595108032227,0.0,0.0,1,1,0.025120092300675058,0.017240875958330716,0.1407778263092041,0.005723476409912109,70,2,-0.033|-0.01724,-0.01724,2,1
1000,68,palms,gallstones,2.0,0.0,0.0,0.18663811683654785,0.11435365676879883,2.0,2.0,1,1,0.11019134891511495,0.11019134891511495,0.2083137035369873,0.12597250938415527,70,45,1.88981,1.88981,1,1
1000,69,hbc_anti,pain,0.0,0.0,0.0,0.19754409790039062,0.012329339981079102,0.0,0.0,1,1,0.004331736656969951,0.004331736656969951,0.1806049346923828,0.010065555572509766,70,2,-0.00433,-0.00433,1,1
1000,70,phosphatase,sex,0.0,0.0,0.0,0.17013835906982422,0.0223538875579834,0.0,0.0,1,1,0.03660826437318257,0.03660826437318257,0.12188243865966797,0.030521869659423828,70,26,-0.03661,-0.03661,1,1
1000,71,anorexia,proteins,0.0,0.0,0.0,0.15546703338623047,0.006665706634521484,0.0,0.0,1,1,0.011446340326186327,0.011446340326186327,0.18015170097351074,0.005445957183837891,70,2,0.01145,0.01145,1,1
1000,72,urea,age,1.0,0.0,0.0,0.32518935203552246,0.033382415771484375,1.0,1.0,1,1,0.012549522698815707,0.012549522698815707,0.10417413711547852,0.0228574275970459,70,25,1.01255,1.01255,1,1
1000,73,alcohol,ChHepatitis,1.0,0.0,0.0,0.12623095512390137,0.0697011947631836,1.0,1.0,1,1,0.009331807741670306,0.009331807741670306,0.13022375106811523,0.057439327239990234,70,37,0.99067,0.99067,1,1
1000,74,alt,hbsag_anti,0.0,0.0,0.0,0.1660003662109375,0.005325794219970703,0.0,0.0,1,1,0.04188528165146543,0.04188528165146543,0.13324809074401855,0.00442194938659668,70,2,0.04189,0.04189,1,1
1000,75,hbc_anti,alcohol,0.0,0.0,0.0,0.10708427429199219,0.007307529449462891,0.0,0.0,1,1,0.016504674737977797,0.016504674737977797,0.11746978759765625,0.004399538040161133,70,2,-0.0165,-0.0165,1,1
1000,76,hbsag_anti,hepatalgia,0.0,0.0,0.0,0.12702369689941406,0.00530695915222168,0.0,0.0,1,1,0.03669323775817902,0.026074188816285534,0.12109518051147461,0.003749847412109375,70,2,-0.04731|-0.02607,-0.02607,2,1
1000,77,hepatalgia,palms,0.0,0.0,0.0,0.12617945671081543,0.00528264045715332,0.0,0.0,1,1,0.009579641468201013,0.003870531814211639,0.11245059967041016,0.0064885616302490234,70,2,0.00387|0.01529,0.00387,2,1
1000,78,hepatalgia,spiders,0.0,0.0,0.0,0.10462737083435059,0.006203174591064453,0.0,0.0,1,1,0.00235311131266278,0.0041800154639679635,0.11235713958740234,0.004143714904785156,70,2,0.00053|0.00418,0.00418,2,1
1000,79,hepatomegaly,itching,0.0,0.0,0.0,0.11585021018981934,0.005884885787963867,0.0,0.0,1,1,0.03677307895265909,0.010954575208829169,0.11624288558959961,0.0073778629302978516,70,2,-0.06259|-0.01095,-0.01095,2,1
1000,80,Hyperbilirubinemia,diabetes,5.643633708511212e-16,0.0,0.0,0.11916160583496094,0.03470611572265625,0.0,0.0,1,1,0.19292228065088102,0.19292228065088102,0.12722325325012207,0.030820608139038086,70,35,0.19292,0.19292,1,1
1000,81,ESR,proteins,0.0,0.0,0.0,0.1208958625793457,0.008313655853271484,0.0,0.0,1,1,0.02044892530767625,0.02044892530767625,0.12146449089050293,0.004984855651855469,70,2,-0.02045,-0.02045,1,1
1000,82,jaundice,hbsag_anti,0.0,0.0,0.0,0.1290738582611084,0.005181312561035156,0.0,0.0,1,1,0.008552166796019691,0.008552166796019691,0.12035417556762695,0.003683328628540039,70,2,0.00855,0.00855,1,1
1000,83,injections,age,1.1522314633947571e-15,0.0,0.0,0.11313438415527344,0.09519577026367188,0.0,0.0,1,1,0.1001891897660111,0.1001891897660111,0.12546777725219727,0.07917094230651855,70,47,0.10019,0.10019,1,1
1000,84,ESR,ama,0.0,0.0,0.0,0.12299132347106934,0.005448579788208008,0.0,0.0,1,1,0.0023591162596304322,0.0023591162596304322,0.11987781524658203,0.005362987518310547,70,2,-0.00236,-0.00236,1,1
1000,85,choledocholithotomy,alcohol,-6.774242184153498e-17,0.0,0.0,0.11997604370117188,0.09954524040222168,-0.0,-0.0,1,1,0.004485751950634777,0.004485751950634777,0.11207079887390137,0.10009121894836426,70,40,-0.00449,-0.00449,1,1
1000,86,amylase,phosphatase,0.0,0.0,0.0,0.1030874252319336,0.005387544631958008,0.0,0.0,1,1,0.01157666815758504,0.01157666815758504,0.12340378761291504,0.003740549087524414,70,2,0.01158,0.01158,1,1
1000,87,proteins,alcohol,0.0,0.0,0.0,0.12291693687438965,0.004728794097900391,0.0,0.0,1,1,0.008054225814719113,0.011685095650509441,0.10632038116455078,0.003484487533569336,70,2,-0.00442|0.01169,0.01169,2,1
1000,88,platelet,amylase,0.0,0.0,0.0,0.09750890731811523,0.004830360412597656,0.0,0.0,1,1,0.004926669871564679,0.001464930162058451,0.09551215171813965,0.003891468048095703,70,2,0.00146|0.00839,0.00146,2,1
1000,89,ascites,Hyperbilirubinemia,0.0,0.0,0.0,0.09200906753540039,0.007043600082397461,0.0,0.0,1,1,0.06084670191876763,0.03025938030997066,0.10203051567077637,0.005776882171630859,70,11,-0.09143|-0.03026,-0.03026,2,1
1000,90,ggtp,hbsag_anti,0.0,0.0,0.0,0.11391472816467285,0.004650592803955078,0.0,0.0,1,1,0.0059297554127019075,0.0059297554127019075,0.12063193321228027,0.0032536983489990234,70,2,-0.00593,-0.00593,1,1
1000,91,hbeag,joints,0.0,0.0,0.0,0.11607933044433594,0.004868745803833008,0.0,0.0,1,1,0.012410543821405834,0.012410543821405834,0.09666800498962402,0.003319978713989258,70,2,-0.01241,-0.01241,1,1
1000,92,albumin,hepatalgia,0.0,0.0,0.0,0.09501957893371582,0.009584426879882812,0.0,0.0,1,1,0.02083003947493667,0.02083003947493667,0.10833072662353516,0.003795623779296875,70,2,-0.02083,-0.02083,1,1
1000,93,triglycerides,Cirrhosis,0.0,0.0,0.0,0.09528589248657227,0.014678955078125,0.0,0.0,1,1,0.019204993389029493,0.019204993389029493,0.1076803207397461,0.013873100280761719,70,26,0.0192,0.0192,1,1
1000,94,triglycerides,PBC,0.0,0.0,0.0,0.09298825263977051,0.015528678894042969,0.0,0.0,1,1,0.004179098020020721,0.004179098020020721,0.09372425079345703,0.009686470031738281,70,20,-0.00418,-0.00418,1,1
1000,95,choledocholithotomy,ESR,-6.774242184153498e-17,0.0,0.0,0.09380269050598145,0.07089114189147949,-0.0,-0.0,1,1,0.056666050411362065,0.056666050411362065,0.09456038475036621,0.08800864219665527,70,40,-0.05667,-0.05667,1,1
1000,96,edge,pain,0.0,0.0,0.0,0.0961148738861084,0.008552312850952148,0.0,0.0,1,1,0.012435230281331427,0.012435230281331427,0.09424638748168945,0.003801584243774414,70,2,-0.01244,-0.01244,1,1
1000,97,palms,spleen,0.0,0.0,0.0,0.0933992862701416,0.004620075225830078,0.0,0.0,1,1,0.032165712495028816,0.032165712495028816,0.12275934219360352,0.0031609535217285156,70,2,0.03217,0.03217,1,1
1000,98,hcv_anti,jaundice,0.0,0.0,0.0,0.0903937816619873,0.005013465881347656,0.0,0.0,1,1,0.025303416405755903,0.025303416405755903,0.09363222122192383,0.003955364227294922,70,2,-0.0253,-0.0253,1,1
1000,99,urea,hospital,2.0,0.0,0.0,0.1204080581665039,0.09884953498840332,2.0,2.0,1,1,0.054427714235638636,0.054427714235638636,0.14269709587097168,0.07729434967041016,70,40,2.05443,2.05443,1,1
2500,0,ama,transfusion,0.0,0.0,0.0,0.10429763793945312,0.05449414253234863,0.0,0.0,1,1,0.01032162681963877,0.01032162681963877,0.10575652122497559,0.07079362869262695,70,39,-0.01032,-0.01032,1,1
2500,1,sex,amylase,0.0,0.0,0.0,0.1143641471862793,0.044306278228759766,0.0,0.0,1,1,0.005155542398105604,0.005155542398105604,0.09227132797241211,0.029190778732299805,70,26,0.00516,0.00516,1,1
2500,2,density,hepatalgia,0.0,0.0,0.0,0.11867403984069824,0.005321502685546875,0.0,0.0,1,1,0.010892745859226614,0.010892745859226614,0.10413169860839844,0.004248857498168945,70,2,-0.01089,-0.01089,1,1
2500,3,platelet,alt,0.0,0.0,0.0,0.10351848602294922,0.0063517093658447266,0.0,0.0,1,1,0.007778445595990153,0.00547284434871592,0.11861371994018555,0.0036656856536865234,70,2,-0.01008|-0.00547,-0.00547,2,1
2500,4,consciousness,pressure_ruq,0.0,0.0,0.0,0.12357044219970703,0.006780385971069336,0.0,0.0,1,1,0.031350767687466245,0.031350767687466245,0.11887216567993164,0.005293846130371094,70,2,-0.03135,-0.03135,1,1
2500,5,hepatalgia,pain,0.0,0.0,0.0,0.10384583473205566,0.017824649810791016,0.0,0.0,1,1,0.031972291157678245,0.020922958643159406,0.09981465339660645,0.0053539276123046875,70,2,-0.04302|-0.02092,-0.02092,2,1
2500,6,hcv_anti,amylase,0.0,0.0,0.0,0.11783909797668457,0.01006770133972168,0.0,0.0,1,1,0.006598471009463932,0.006598471009463932,0.11359477043151855,0.0043485164642333984,70,2,0.0066,0.0066,1,1
2500,7,ESR,spleen,0.0,0.0,0.0,0.11408758163452148,0.005690336227416992,0.0,0.0,1,1,0.004239391787608132,0.004239391787608132,0.11321163177490234,0.006490468978881836,70,2,0.00424,0.00424,1,1
2500,8,Cirrhosis,age,2.228283153672139e-15,0.0,0.0,0.11925506591796875,0.03587913513183594,0.0,0.0,1,1,0.9933662412573603,0.9933662412573603,0.11472773551940918,0.03478264808654785,70,38,-0.99337,-0.99337,1,1
2500,9,diabetes,le_cells,0.0,0.0,0.0,0.10307073593139648,0.034081220626831055,0.0,0.0,1,1,0.0064004499141143275,0.0064004499141143275,0.10189080238342285,0.0331883430480957,70,35,-0.0064,-0.0064,1,1
2500,10,fat,pain_ruq,0.0,0.0,0.0,0.10805273056030273,0.006508350372314453,0.0,0.0,1,1,0.01155966627990712,0.01155966627990712,0.12057948112487793,0.004708766937255859,70,2,0.01156,0.01156,1,1
2500,11,albumin,urea,0.0,0.0,0.0,0.13389849662780762,0.005797386169433594,0.0,0.0,1,1,0.019023727499574074,0.019023727499574074,0.13271570205688477,0.0035810470581054688,70,2,0.01902,0.01902,1,1
2500,12,phosphatase,Hyperbilirubinemia,0.0,0.0,0.0,0.09637331962585449,0.007706880569458008,0.0,0.0,1,1,0.0030959028543955888,0.0030959028543955888,0.11221551895141602,0.009282588958740234,70,11,0.0031,0.0031,1,1
2500,13,urea,cholesterol,0.0,0.0,0.0,0.12034440040588379,0.006439208984375,0.0,0.0,1,1,0.019732074211475416,0.019732074211475416,0.1321713924407959,0.0035779476165771484,70,2,0.01973,0.01973,1,1
2500,14,alcoholism,surgery,-5.438722174953853e-15,0.0,0.0,0.1182715892791748,0.08968138694763184,-0.0,-0.0,1,1,0.037163903750454065,0.037163903750454065,0.11347341537475586,0.09672880172729492,70,48,-0.03716,-0.03716,1,1
2500,15,fat,THepatitis,0.0,0.0,0.0,0.19455170631408691,0.0068171024322509766,0.0,0.0,1,1,0.021181925043838173,0.021181925043838173,0.0876314640045166,0.006034135818481445,70,12,-0.02118,-0.02118,1,1
2500,16,sex,pain_ruq,-7.549516567451065e-17,0.0,0.0,0.08137369155883789,0.01651787757873535,-0.0,-0.0,1,1,0.008955407404761041,0.008955407404761041,0.0797276496887207,0.016326189041137695,70,25,-0.00896,-0.00896,1,1
2500,17,platelet,vh_amn,1.0,0.5,0.5,0.0841217041015625,0.032002925872802734,1.0|2.0,1.0|2.0,2,2,0.5303224126020412,0.5303224126020412,0.09655141830444336,0.03200078010559082,70,38,1.07926|1.98139,1.07926|1.98139,2,2
2500,18,encephalopathy,flatulence,0.0,0.0,0.0,0.09455347061157227,0.005961894989013672,0.0,0.0,1,1,0.008531950434026605,0.008531950434026605,0.09680914878845215,0.004309892654418945,70,5,0.00853,0.00853,1,1
2500,19,inr,amylase,0.0,0.0,0.0,0.10839176177978516,0.004615306854248047,0.0,0.0,1,1,0.03183939311507488,0.010290586912311873,0.11018681526184082,0.0031349658966064453,70,2,-0.05339|-0.01029,-0.01029,2,1
2500,20,RHepatitis,spiders,0.0,0.0,0.0,0.09803390502929688,0.013325214385986328,0.0,0.0,1,1,0.1388985456717703,0.1388985456717703,0.09978270530700684,0.005905628204345703,70,11,-0.1389,-0.1389,1,1
2500,21,alcoholism,gallstones,-8.421247238638224e-15,0.0,0.0,0.10859036445617676,0.09071040153503418,-0.0,-0.0,1,1,0.09983577058698531,0.09983577058698531,0.08657693862915039,0.09942984580993652,70,53,0.09984,0.09984,1,1
2500,22,ascites,hbc_anti,0.0,0.0,0.0,0.10066866874694824,0.004689693450927734,0.0,0.0,1,1,0.01796329706155384,0.014416361298432559,0.10464119911193848,0.003149271011352539,70,2,0.01442|0.02151,0.01442,2,1
2500,23,palms,density,0.0,0.0,0.0,0.10286712646484375,0.006366252899169922,0.0,0.0,1,1,0.015969452896322615,0.015969452896322615,0.11192679405212402,0.007331371307373047,70,2,0.01597,0.01597,1,1
2500,24,diabetes,ChHepatitis,0.0,0.0,0.0,0.12973237037658691,0.07390236854553223,0.0,0.0,1,1,0.030955248978988683,0.030955248978988683,0.16631412506103516,0.08857464790344238,70,43,0.03096,0.03096,1,1
2500,25,hepatalgia,joints,0.0,0.0,0.0,0.11233139038085938,0.009282827377319336,0.0,0.0,1,1,0.012383773659707085,0.006258896456007503,0.12737464904785156,0.005605459213256836,70,2,-0.01851|-0.00626,-0.00626,2,1
2500,26,spiders,proteins,0.0,0.0,0.0,0.11692690849304199,0.005604743957519531,0.0,0.0,1,1,0.010656403613646923,0.010656403613646923,0.12626409530639648,0.003924369812011719,70,2,-0.01066,-0.01066,1,1
2500,27,skin,gallstones,5.0,0.0,0.0,0.1219782829284668,0.08507776260375977,5.0,5.0,1,1,0.00022547094595015693,0.00022547094595015693,0.11263918876647949,0.08620953559875488,70,45,4.99977,4.99977,1,1
2500,28,Hyperbilirubinemia,edema,0.0,0.0,0.0,0.10099935531616211,0.010380029678344727,0.0,0.0,1,1,0.033594308142398825,0.033594308142398825,0.1137847900390625,0.006168365478515625,70,11,-0.03359,-0.03359,1,1
2500,29,albumin,hepatalgia,0.0,0.0,0.0,0.10823988914489746,0.0056574344635009766,0.0,0.0,1,1,0.009264869463026027,0.009264869463026027,0.11608076095581055,0.0050427913665771484,70,2,0.00926,0.00926,1,1
2500,30,fatigue,cholesterol,0.0,0.0,0.0,0.1157069206237793,0.005106210708618164,0.0,0.0,1,1,0.018684219533282077,0.018684219533282077,0.11244773864746094,0.003548145294189453,70,2,0.01868,0.01868,1,1
2500,31,ggtp,hbeag,0.0,0.0,0.0,0.12006258964538574,0.0060307979583740234,0.0,0.0,1,1,0.018590199514519973,0.018590199514519973,0.11824297904968262,0.0035483837127685547,70,2,0.01859,0.01859,1,1
2500,32,ascites,inr,0.0,0.0,0.0,0.10907554626464844,0.005326509475708008,0.0,0.0,1,1,0.020127766279907304,0.02095435187488122,0.12065386772155762,0.003653287887573242,70,2,0.0193|0.02095,0.02095,2,1
2500,33,alcohol,ama,0.0,0.0,0.0,0.12814712524414062,0.005376577377319336,0.0,0.0,1,1,0.0006744458413504345,0.0006744458413504345,0.11336851119995117,0.003694772720336914,70,2,0.00067,0.00067,1,1
2500,34,hepatalgia,obesity,1.0,0.5,0.5,0.11047911643981934,0.03465580940246582,0.0|1.0,0.0|1.0,2,2,0.5292561592411883,0.5292561592411883,0.12271571159362793,0.03556370735168457,70,34,-0.05478|1.00373,-0.05478|1.00373,2,2
2500,35,hepatalgia,palms,0.0,0.0,0.0,0.11211585998535156,0.005249977111816406,0.0,0.0,1,1,0.006691013840473246,0.005120227297776721,0.1068265438079834,0.003965616226196289,70,2,0.00512|0.00826,0.00512,2,1
2500,36,triglycerides,hepatomegaly,0.0,0.0,0.0,0.2401893138885498,0.005413055419921875,0.0,0.0,1,1,0.011220182776564804,0.011220182776564804,0.09395074844360352,0.005217075347900391,70,2,-0.01122,-0.01122,1,1
2500,37,alt,itching,0.0,0.0,0.0,0.10280370712280273,0.005281686782836914,0.0,0.0,1,1,0.011549502944235719,0.011549502944235719,0.10130882263183594,0.0035729408264160156,70,2,0.01155,0.01155,1,1
2500,38,gallstones,fibrosis,-1.2439653665788426e-14,0.0,0.0,0.11055445671081543,0.08132672309875488,-0.0,-0.0,1,1,0.008576073756875744,0.008576073756875744,0.11543703079223633,0.0853128433227539,70,45,0.00858,0.00858,1,1
2500,39,hepatalgia,fibrosis,0.0,0.0,0.0,0.12657546997070312,0.03526902198791504,0.0,0.0,1,1,0.04596402779298105,0.02373982086696133,0.13548779487609863,0.029008865356445312,70,27,0.02374|0.06819,0.02374,2,1
2500,40,irregular_liver,transfusion,1.0,0.0,0.0,0.08842158317565918,0.04547929763793945,1.0,1.0,1,1,0.03875987442039541,0.03875987442039541,0.09301066398620605,0.04603385925292969,70,38,0.96124,0.96124,1,1
2500,41,fatigue,hbeag,0.0,0.0,0.0,0.09561777114868164,0.004979848861694336,0.0,0.0,1,1,0.03865252439588944,0.03865252439588944,0.12473082542419434,0.0032384395599365234,70,2,-0.03865,-0.03865,1,1
2500,42,bleeding,urea,0.0,0.0,0.0,0.10723638534545898,0.00458526611328125,0.0,0.0,1,1,0.030096900219437017,0.014475106603613437,0.10693216323852539,0.003181934356689453,70,2,-0.05209|-0.02373|-0.01448,-0.01448,3,1
2500,43,obesity,pain,0.0,0.0,0.0,0.10647773742675781,0.030993223190307617,0.0,0.0,1,1,0.030412888973309703,0.030412888973309703,0.10461854934692383,0.039458274841308594,70,34,-0.03041,-0.03041,1,1
2500,44,le_cells,phosphatase,0.0,0.0,0.0,0.08430099487304688,0.005650043487548828,0.0,0.0,1,1,0.007055442479916905,0.007055442479916905,0.10544419288635254,0.0033240318298339844,70,2,-0.00706,-0.00706,1,1
2500,45,age,pain,3.1086244689504386e-17,0.0,0.0,0.09076952934265137,0.023462295532226562,0.0,0.0,1,1,0.06466876390822932,0.06466876390822932,0.10695552825927734,0.017368316650390625,70,25,0.06467,0.06467,1,1
2500,46,Cirrhosis,transfusion,1.0000000000000013,0.0,0.0,0.1291823387145996,0.06817770004272461,1.0,1.0,1,1,0.09523530094740917,0.09523530094740917,0.19832110404968262,0.07465028762817383,70,38,1.09524,1.09524,1,1
2500,47,Steatosis,fibrosis,0.0,0.0,0.0,0.1387922763824463,0.060621023178100586,0.0,0.0,1,1,0.013093875207984931,0.013093875207984931,0.1689596176147461,0.03139138221740723,70,33,0.01309,0.01309,1,1
2500,48,bilirubin,inr,0.0,0.0,0.0,0.12728428840637207,0.009610891342163086,0.0,0.0,1,1,0.019998646745274302,0.019998646745274302,0.18097949028015137,0.007810354232788086,70,5,-0.02,-0.02,1,1
2500,49,hbeag,jaundice,0.0,0.0,0.0,0.12011528015136719,0.010596036911010742,0.0,0.0,1,1,0.00834614224691507,0.00834614224691507,0.12604093551635742,0.00838780403137207,70,2,0.00835,0.00835,1,1
2500,50,hepatotoxic,anorexia,4.934324553889585e-18,0.0,0.0,0.12078571319580078,0.021018266677856445,0.0,0.0,1,1,0.01593583764706006,0.01593583764706006,0.17876076698303223,0.015773773193359375,70,13,-0.01594,-0.01594,1,1
2500,51,ggtp,consciousness,0.0,0.0,0.0,0.11423754692077637,0.009439229965209961,0.0,0.0,1,1,0.002881964030804688,0.002881964030804688,0.13827943801879883,0.006701231002807617,70,2,-0.00288,-0.00288,1,1
2500,52,obesity,sex,-8.074349270001139e-17,0.0,0.0,0.14353513717651367,0.055802345275878906,-0.0,-0.0,1,1,0.009412143944627456,0.009412143944627456,0.1351006031036377,0.04562973976135254,70,41,-0.00941,-0.00941,1,1
2500,53,albumin,pain,0.0,0.0,0.0,0.15018916130065918,0.005391597747802734,0.0,0.0,1,1,0.007817056252181594,0.007817056252181594,0.12832164764404297,0.005321025848388672,70,2,-0.00782,-0.00782,1,1
2500,54,amylase,edge,0.0,0.0,0.0,0.15894532203674316,0.005137920379638672,0.0,0.0,1,1,0.019149406843182837,0.019149406843182837,0.14429402351379395,0.006606578826904297,70,2,-0.01915,-0.01915,1,1
2500,55,triglycerides,skin,0.0,0.0,0.0,0.12843656539916992,0.005316734313964844,0.0,0.0,1,1,0.002372047186571811,0.002372047186571811,0.13682246208190918,0.00507044792175293,70,2,-0.00237,-0.00237,1,1
2500,56,hepatalgia,hbc_anti,0.0,0.0,0.0,0.11298513412475586,0.005429506301879883,0.0,0.0,1,1,0.020667082854360287,0.012510704085639044,0.112579345703125,0.003548145294189453,70,2,-0.02882|-0.01251,-0.01251,2,1
2500,57,skin,PBC,1.0,0.0,0.0,0.12114310264587402,0.16970586776733398,1.0,1.0,1,1,0.030783489320944435,0.030783489320944435,0.1176595687866211,0.012042045593261719,70,19,1.03078,1.03078,1,1
2500,58,spleen,transfusion,1.0,0.0,0.0,0.12296366691589355,0.06844520568847656,1.0,1.0,1,1,0.034259504948401465,0.034259504948401465,0.10767149925231934,0.051671743392944336,70,38,0.96574,0.96574,1,1
2500,59,vh_amn,urea,-5.437827059388522e-17,0.0,0.0,0.10284137725830078,0.038625478744506836,-0.0,-0.0,1,1,0.07266858037243085,0.07266858037243085,0.10350847244262695,0.03821611404418945,70,38,0.07267,0.07267,1,1
2500,60,choledocholithotomy,encephalopathy,-2.709696873661399e-16,0.0,0.0,0.12998247146606445,0.15880823135375977,-0.0,-0.0,1,1,0.012646110626488962,0.012646110626488962,0.14504623413085938,0.17250847816467285,70,40,0.01265,0.01265,1,1
2500,61,Cirrhosis,gallstones,2.0,0.0,0.0,0.18321490287780762,0.1059720516204834,2.0,2.0,1,1,0.3991452109295177,0.3991452109295177,0.15452957153320312,0.0923147201538086,70,45,2.39915,2.39915,1,1
2500,62,proteins,fatigue,0.0,0.0,0.0,0.1337292194366455,0.011432409286499023,0.0,0.0,1,1,0.0038548962393987213,0.0008475685929775139,0.17196130752563477,0.007945775985717773,70,2,-0.00085|0.00686,-0.00085,2,1
2500,63,edema,alt,0.0,0.0,0.0,0.21342039108276367,0.006095409393310547,0.0,0.0,1,1,0.002896192741959805,0.002896192741959805,0.19560599327087402,0.005483150482177734,70,2,-0.0029,-0.0029,1,1
2500,64,anorexia,hepatomegaly,0.0,0.0,0.0,0.13694238662719727,0.005941629409790039,0.0,0.0,1,1,0.010073863797545178,0.010073863797545178,0.13502192497253418,0.004594564437866211,70,2,0.01007,0.01007,1,1
2500,65,Hyperbilirubinemia,carcinoma,0.0,0.0,0.0,0.09897851943969727,0.009415388107299805,0.0,0.0,1,1,0.09043503269794742,0.09043503269794742,0.12265181541442871,0.006551504135131836,70,11,-0.09044,-0.09044,1,1
2500,66,alcohol,upper_pain,0.0,0.0,0.0,0.17757916450500488,0.005197286605834961,0.0,0.0,1,1,0.008145434300467306,0.008145434300467306,0.13330078125,0.003810405731201172,70,2,0.00815,0.00815,1,1
2500,67,ChHepatitis,platelet,-1.216043301960844e-16,0.0,0.0,0.13257765769958496,0.053169965744018555,-0.0,-0.0,1,1,0.08126911859388918,0.08126911859388918,0.13205814361572266,0.04642772674560547,70,37,-0.08127,-0.08127,1,1
2500,68,ESR,hbeag,0.0,0.0,0.0,0.13535428047180176,0.005723237991333008,0.0,0.0,1,1,0.006222307104857213,0.006222307104857213,0.14634394645690918,0.0038166046142578125,70,2,0.00622,0.00622,1,1
2500,69,Hyperbilirubinemia,flatulence,0.0,0.0,0.0,0.12137007713317871,0.012068510055541992,0.0,0.0,1,1,0.05874467955226879,0.05874467955226879,0.12544703483581543,0.009742975234985352,70,11,-0.05874,-0.05874,1,1
2500,70,density,platelet,0.0,0.0,0.0,0.13736534118652344,0.005223274230957031,0.0,0.0,1,1,0.012461343711873381,0.012461343711873381,0.13664889335632324,0.0034856796264648438,70,2,0.01246,0.01246,1,1
2500,71,pressure_ruq,albumin,0.0,0.0,0.0,0.13576316833496094,0.005604267120361328,0.0,0.0,1,1,0.014111807180162058,0.014111807180162058,0.12163710594177246,0.003517627716064453,70,2,0.01411,0.01411,1,1
2500,72,density,hbeag,0.0,0.0,0.0,0.15648555755615234,0.005273103713989258,0.0,0.0,1,1,0.04051433119100233,0.04051433119100233,0.16385316848754883,0.003617525100708008,70,2,-0.04051,-0.04051,1,1
2500,73,proteins,flatulence,0.0,0.0,0.0,0.1262812614440918,0.0052721500396728516,0.0,0.0,1,1,0.005267197412256875,0.00772163175419864,0.12105965614318848,0.016091108322143555,70,2,0.00281|0.00772,0.00772,2,1
2500,74,le_cells,injections,0.0,0.0,0.0,0.12509393692016602,0.08204078674316406,0.0,0.0,1,1,0.0026845391010797983,0.0026845391010797983,0.11392855644226074,0.06625986099243164,70,39,-0.00268,-0.00268,1,1
2500,75,ggtp,anorexia,0.0,0.0,0.0,0.12625741958618164,0.01623058319091797,0.0,0.0,1,1,0.027245845363954593,0.027245845363954593,0.10716795921325684,0.003735780715942383,70,2,0.02725,0.02725,1,1
2500,76,anorexia,platelet,0.0,0.0,0.0,0.11785101890563965,0.008728504180908203,0.0,0.0,1,1,0.021854178952685703,0.021854178952685703,0.13933539390563965,0.0039408206939697266,70,2,-0.02185,-0.02185,1,1
2500,77,transfusion,encephalopathy,-1.200241107702872e-17,0.0,0.0,0.1199345588684082,0.05762219429016113,-0.0,-0.0,1,1,0.03751258795598891,0.03751258795598891,0.13917946815490723,0.08066010475158691,70,38,-0.03751,-0.03751,1,1
2500,78,proteins,le_cells,0.0,0.0,0.0,0.1776280403137207,0.005963325500488281,0.0,0.0,1,1,0.009581825921608842,0.0035212625016368794,0.11838412284851074,0.00682377815246582,70,2,-0.01564|0.00352,0.00352,2,1
2500,79,diabetes,albumin,0.0,0.0,0.0,0.1248939037322998,0.03147459030151367,0.0,0.0,1,1,0.015592193147522582,0.015592193147522582,0.12040925025939941,0.04195117950439453,70,34,0.01559,0.01559,1,1
2500,80,fat,PBC,0.0,0.0,0.0,0.10898852348327637,0.015047073364257812,0.0,0.0,1,1,0.000655473561724788,0.000655473561724788,0.1343386173248291,0.013142585754394531,70,20,-0.00066,-0.00066,1,1
2500,81,pressure_ruq,bilirubin,0.0,0.0,0.0,0.10340261459350586,0.00627899169921875,0.0,0.0,1,1,0.01254981447270748,0.01254981447270748,0.10991239547729492,0.005011558532714844,70,5,0.01255,0.01255,1,1
2500,82,irregular_liver,hbc_anti,0.0,0.0,0.0,0.11935806274414062,0.009601593017578125,0.0,0.0,1,1,0.011722935286892422,0.011722935286892422,0.14036345481872559,0.0037736892700195312,70,2,-0.01172,-0.01172,1,1
2500,83,RHepatitis,hbeag,0.0,0.0,0.0,0.12996196746826172,0.008296012878417969,0.0,0.0,1,1,0.02170248550515604,0.02170248550515604,0.11730194091796875,0.011331319808959961,70,11,-0.0217,-0.0217,1,1
2500,84,proteins,RHepatitis,0.0,0.0,0.0,0.1256704330444336,0.008880376815795898,0.0,0.0,1,1,0.004708318350892696,0.0019617909443965164,0.13436627388000488,0.006905555725097656,70,11,-0.00745|0.00196,0.00196,2,1
2500,85,hepatomegaly,hbc_anti,0.0,0.0,0.0,0.18353271484375,0.0057811737060546875,0.0,0.0,1,1,0.0043995659725976225,0.005511287875013294,0.13520336151123047,0.0063588619232177734,70,2,-0.00551|-0.00329,-0.00551,2,1
2500,86,carcinoma,hbc_anti,0.0,0.0,0.0,0.1329038143157959,0.0072519779205322266,0.0,0.0,1,1,0.01210064231949991,0.01210064231949991,0.12774920463562012,0.007430076599121094,70,2,-0.0121,-0.0121,1,1
2500,87,diabetes,pain_ruq,0.0,0.0,0.0,0.1782550811767578,0.03724074363708496,0.0,0.0,1,1,0.016854253421025204,0.016854253421025204,0.1153712272644043,0.04907059669494629,70,34,0.01685,0.01685,1,1
2500,88,irregular_liver,ESR,0.0,0.0,0.0,0.17773938179016113,0.005712270736694336,0.0,0.0,1,1,0.015190544606425747,0.015190544606425747,0.14299941062927246,0.00429534912109375,70,2,-0.01519,-0.01519,1,1
2500,89,spiders,cholesterol,0.0,0.0,0.0,0.11667847633361816,0.005728006362915039,0.0,0.0,1,1,0.007608233019146901,0.007608233019146901,0.1107642650604248,0.003684520721435547,70,2,0.00761,0.00761,1,1
2500,90,albumin,hbeag,0.0,0.0,0.0,0.18532896041870117,0.011143922805786133,0.0,0.0,1,1,0.009977716029141551,0.009977716029141551,0.16131210327148438,0.008413553237915039,70,2,-0.00998,-0.00998,1,1
2500,91,palms,encephalopathy,0.0,0.0,0.0,0.11508512496948242,0.007165431976318359,0.0,0.0,1,1,0.0027183572364384984,0.0027183572364384984,0.11678314208984375,0.004952192306518555,70,5,-0.00272,-0.00272,1,1
2500,92,ama,transfusion,0.0,0.0,0.0,0.12187671661376953,0.0917959213256836,0.0,0.0,1,1,0.0247550903450825,0.0247550903450825,0.17381620407104492,0.0983133316040039,70,39,0.02476,0.02476,1,1
2500,93,hcv_anti,inr,0.0,0.0,0.0,0.10318684577941895,0.005357980728149414,0.0,0.0,1,1,0.001930679317849062,0.001930679317849062,0.12245917320251465,0.003656625747680664,70,2,-0.00193,-0.00193,1,1
2500,94,THepatitis,hbsag_anti,0.0,0.0,0.0,0.16554617881774902,0.015708208084106445,0.0,0.0,1,1,0.059136233213823594,0.059136233213823594,0.12985873222351074,0.015914440155029297,70,12,-0.05914,-0.05914,1,1
2500,95,fatigue,encephalopathy,0.0,0.0,0.0,0.1141510009765625,0.006468772888183594,0.0,0.0,1,1,0.012932842705433559,0.012932842705433559,0.13454842567443848,0.007454395294189453,70,5,-0.01293,-0.01293,1,1
2500,96,fatigue,PBC,0.0,0.0,0.0,0.12451958656311035,0.030216217041015625,0.0,0.0,1,1,0.005066825449081711,0.005066825449081711,0.1293032169342041,0.026325225830078125,70,20,0.00507,0.00507,1,1
2500,97,urea,alcoholism,1.0,0.0,0.0,0.1351320743560791,0.05293583869934082,1.0,1.0,1,1,0.018571955648237548,0.018571955648237548,0.13408923149108887,0.045920610427856445,70,37,1.01857,1.01857,1,1
2500,98,ast,hepatomegaly,0.0,0.0,0.0,0.14667129516601562,0.0058023929595947266,0.0,0.0,1,1,0.02080132965971088,0.02080132965971088,0.12019014358520508,0.0037817955017089844,70,2,-0.0208,-0.0208,1,1
2500,99,transfusion,le_cells,0.0,0.0,0.0,0.11559844017028809,0.07198739051818848,0.0,0.0,1,1,0.020941453155498144,0.020941453155498144,0.1168522834777832,0.05186343193054199,70,39,0.02094,0.02094,1,1
5000,0,platelet,spiders,0.0,0.0,0.0,0.11064791679382324,0.011015892028808594,0.0,0.0,1,1,0.005944596015282138,0.009313618940754848,0.2959890365600586,0.007023334503173828,70,2,0.00258|0.00931,0.00931,2,1
5000,1,joints,ESR,0.0,0.0,0.0,0.11685681343078613,0.0057604312896728516,0.0,0.0,1,1,0.010427463117259398,0.0022954696278044175,0.12970566749572754,0.0039632320404052734,70,2,0.0023|0.01856,0.0023,2,1
5000,2,PBC,hcv_anti,0.0,0.0,0.0,0.1237173080444336,0.017520904541015625,0.0,0.0,1,1,0.0034764875793157823,0.0034764875793157823,0.1250150203704834,0.011139631271362305,70,20,-0.00348,-0.00348,1,1
5000,3,fatigue,hcv_anti,0.0,0.0,0.0,0.12621068954467773,0.0053746700286865234,0.0,0.0,1,1,0.0045025248217656685,0.0045025248217656685,0.12466239929199219,0.003935337066650391,70,2,0.0045,0.0045,1,1
5000,4,carcinoma,density,0.0,0.0,0.0,0.1287076473236084,0.005677223205566406,0.0,0.0,1,1,0.007487711243056515,0.007487711243056515,0.09701323509216309,0.0034782886505126953,70,2,0.00749,0.00749,1,1
5000,5,urea,fibrosis,1.0,0.0,0.0,0.10382580757141113,0.022981882095336914,1.0,1.0,1,1,0.0313919588274616,0.0313919588274616,0.10773992538452148,0.022970914840698242,70,26,0.96861,0.96861,1,1
5000,6,cholesterol,pressure_ruq,0.0,0.0,0.0,0.12468314170837402,0.005816459655761719,0.0,0.0,1,1,0.007093459683564625,0.007093459683564625,0.12038373947143555,0.004427671432495117,70,2,0.00709,0.00709,1,1
5000,7,obesity,platelet,-2.0185873175002846e-16,0.0,0.0,0.12703585624694824,0.049942731857299805,-0.0,-0.0,1,1,0.00863381818535006,0.00863381818535006,0.1155099868774414,0.0425257682800293,70,33,-0.00863,-0.00863,1,1
5000,8,flatulence,spleen,0.0,0.0,0.0,0.18020033836364746,0.005105495452880859,0.0,0.0,1,1,0.012371118848728394,0.012371118848728394,0.13021540641784668,0.004217863082885742,70,2,-0.01237,-0.01237,1,1
5000,9,edge,PBC,0.0,0.0,0.0,0.1244661808013916,0.018931865692138672,0.0,0.0,1,1,0.001100929717465635,0.001100929717465635,0.12262201309204102,0.02862548828125,70,20,-0.0011,-0.0011,1,1
5000,10,cholesterol,ggtp,0.0,0.0,0.0,0.14584136009216309,0.007233858108520508,0.0,0.0,1,1,0.006900389091463054,0.006900389091463054,0.12912511825561523,0.00461268424987793,70,2,-0.0069,-0.0069,1,1
5000,11,vh_amn,Cirrhosis,-2.9726787924657254e-15,0.0,0.0,0.18918275833129883,0.044544219970703125,-0.0,-0.0,1,1,0.003233015867426385,0.003233015867426385,0.15593171119689941,0.0878901481628418,70,38,-0.00323,-0.00323,1,1
5000,12,pain,encephalopathy,0.0,0.0,0.0,0.14054560661315918,0.007051229476928711,0.0,0.0,1,1,0.007945753761183701,0.0034835982830990057,0.1466503143310547,0.005370378494262695,70,5,-0.01241|0.00348,0.00348,2,1
5000,13,diabetes,alcohol,0.0,0.0,0.0,0.13317179679870605,0.03834724426269531,0.0,0.0,1,1,0.003640438080906816,0.003640438080906816,0.12434053421020508,0.06023836135864258,70,34,0.00364,0.00364,1,1
5000,14,fat,hbsag_anti,0.0,0.0,0.0,0.14488458633422852,0.0057871341705322266,0.0,0.0,1,1,0.01659008771681705,0.01659008771681705,0.13268494606018066,0.004255056381225586,70,2,-0.01659,-0.01659,1,1
5000,15,consciousness,triglycerides,0.0,0.0,0.0,0.19261789321899414,0.012276649475097656,0.0,0.0,1,1,0.007121308225284374,0.007121308225284374,0.17405176162719727,0.01142740249633789,70,2,-0.00712,-0.00712,1,1
5000,16,hbeag,itching,0.0,0.0,0.0,0.21742558479309082,0.011694669723510742,0.0,0.0,1,1,0.006277425796607982,0.006277425796607982,0.20134735107421875,0.006737709045410156,70,2,0.00628,0.00628,1,1
5000,17,ama,hbsag_anti,0.0,0.0,0.0,0.16135454177856445,0.009394645690917969,0.0,0.0,1,1,0.003645664398822046,0.003645664398822046,0.17767786979675293,0.006860256195068359,70,2,-0.00365,-0.00365,1,1
5000,18,Cirrhosis,pressure_ruq,0.0,0.0,0.0,0.18465828895568848,0.038970947265625,0.0,0.0,1,1,0.04260036736308555,0.04260036736308555,0.24345684051513672,0.03825831413269043,70,26,0.0426,0.0426,1,1
5000,19,sex,albumin,0.0,0.0,0.0,0.16455721855163574,0.022968769073486328,0.0,0.0,1,1,0.025006531908257666,0.025006531908257666,0.13021278381347656,0.022662639617919922,70,26,0.02501,0.02501,1,1
5000,20,hepatotoxic,skin,0.0,0.0,0.0,0.15411949157714844,0.020696163177490234,0.0,0.0,1,1,0.043330368664196935,0.043330368664196935,0.13537812232971191,0.010268211364746094,70,14,0.04333,0.04333,1,1
5000,21,fat,jaundice,0.0,0.0,0.0,0.11360883712768555,0.005491495132446289,0.0,0.0,1,1,0.004046006535633721,0.004046006535633721,0.13242888450622559,0.0044782161712646484,70,2,0.00405,0.00405,1,1
5000,22,platelet,ESR,0.0,0.0,0.0,0.3160381317138672,0.011247873306274414,0.0,0.0,1,1,0.005000756922099929,0.0038985227963093737,0.1482071876525879,0.02315235137939453,70,2,-0.0061|-0.0039,-0.0039,2,1
5000,23,RHepatitis,Cirrhosis,-2.7250928786253843e-16,0.0,0.0,0.11413455009460449,0.024519681930541992,-0.0,-0.0,1,1,0.008306932266796475,0.008306932266796475,0.1234428882598877,0.027805328369140625,70,31,-0.00831,-0.00831,1,1
5000,24,upper_pain,hepatotoxic,0.0,0.0,0.0,0.254178524017334,0.01476287841796875,0.0,0.0,1,1,0.0187808122761592,0.0187808122761592,0.43120360374450684,0.025868654251098633,70,14,-0.01878,-0.01878,1,1
5000,25,hepatalgia,flatulence,0.0,0.0,0.0,0.132523775100708,0.005535125732421875,0.0,0.0,1,1,0.0013225656182196018,0.0025163123990862733,0.1788768768310547,0.0064699649810791016,70,2,-0.00252|-0.00013,-0.00252,2,1
5000,26,diabetes,hospital,0.0,0.0,0.0,0.15234851837158203,0.09326577186584473,0.0,0.0,1,1,0.020803436512502056,0.020803436512502056,0.13764286041259766,0.16423773765563965,70,46,0.0208,0.0208,1,1
5000,27,cholesterol,vh_amn,1.0,0.0,0.0,0.14409232139587402,0.08306527137756348,1.0,1.0,1,1,0.0016537809255572355,0.0016537809255572355,0.17605924606323242,0.07545948028564453,70,38,0.99835,0.99835,1,1
5000,28,phosphatase,age,0.0,0.0,0.0,0.15140509605407715,0.023288726806640625,0.0,0.0,1,1,0.007167760842986168,0.007167760842986168,0.12095999717712402,0.02448558807373047,70,26,0.00717,0.00717,1,1
5000,29,Hyperbilirubinemia,joints,0.0,0.0,0.0,0.14157938957214355,0.009787559509277344,0.0,0.0,1,1,0.01705558698150572,0.01705558698150572,0.14684462547302246,0.009216070175170898,70,11,-0.01706,-0.01706,1,1
5000,30,itching,Cirrhosis,1.0,0.0,0.0,0.15894865989685059,0.03560829162597656,1.0,1.0,1,1,0.002322962088009195,0.002322962088009195,0.17716550827026367,0.0347294807434082,70,25,1.00232,1.00232,1,1
5000,31,platelet,hcv_anti,0.0,0.0,0.0,0.21268701553344727,0.02505040168762207,0.0,0.0,1,1,0.0051295409767112676,0.003276058758668681,0.18322157859802246,0.010033369064331055,70,2,-0.00698|-0.00328,-0.00328,2,1
5000,32,spiders,irregular_liver,0.0,0.0,0.0,0.1856365203857422,0.008641242980957031,0.0,0.0,1,1,0.004054525920041202,0.004054525920041202,0.20148849487304688,0.0036966800689697266,70,2,0.00405,0.00405,1,1
5000,33,Steatosis,consciousness,-1.0327656043024712e-17,0.0,0.0,0.1559007167816162,0.030098438262939453,-0.0,-0.0,1,1,0.006584883430576235,0.006584883430576235,0.1474463939666748,0.03393435478210449,70,32,0.00658,0.00658,1,1
5000,34,RHepatitis,hbeag,0.0,0.0,0.0,0.21544766426086426,0.0077419281005859375,0.0,0.0,1,1,0.02809864440301561,0.02809864440301561,0.19356966018676758,0.012819290161132812,70,11,0.0281,0.0281,1,1
5000,35,jaundice,le_cells,0.0,0.0,0.0,0.13733983039855957,0.005826234817504883,0.0,0.0,1,1,0.01055711277126879,0.01055711277126879,0.11372065544128418,0.00577998161315918,70,2,0.01056,0.01056,1,1
5000,36,edge,PBC,0.0,0.0,0.0,0.18810296058654785,0.023260831832885742,0.0,0.0,1,1,0.011178120443620756,0.011178120443620756,0.21696949005126953,0.037746429443359375,70,20,-0.01118,-0.01118,1,1
5000,37,joints,itching,0.0,0.0,0.0,0.1377098560333252,0.006439685821533203,0.0,0.0,1,1,0.009922828146760888,0.000633083335767176,0.13480496406555176,0.005216360092163086,70,2,0.00063|0.01921,0.00063,2,1
5000,38,skin,THepatitis,0.0,0.0,0.0,0.1333603858947754,0.013958930969238281,0.0,0.0,1,1,0.00701406912152954,0.00701406912152954,0.16344022750854492,0.008838415145874023,70,12,-0.00701,-0.00701,1,1
5000,39,age,alt,0.0,0.0,0.0,0.1701970100402832,0.02154707908630371,0.0,0.0,1,1,0.023548935833876163,0.023548935833876163,0.16572856903076172,0.020504236221313477,70,26,-0.02355,-0.02355,1,1
5000,40,vh_amn,nausea,0.0,0.0,0.0,0.12633943557739258,0.06641650199890137,0.0,0.0,1,1,0.020673184418638572,0.020673184418638572,0.13323760032653809,0.05635833740234375,70,39,-0.02067,-0.02067,1,1
5000,41,skin,flatulence,0.0,0.0,0.0,0.15255141258239746,0.005307912826538086,0.0,0.0,1,1,0.0032435456874784605,0.0032435456874784605,0.16550207138061523,0.003569364547729492,70,2,-0.00324,-0.00324,1,1
5000,42,choledocholithotomy,skin,-1.3548484368306996e-16,0.0,0.0,0.12414288520812988,0.10143399238586426,-0.0,-0.0,1,1,0.024365861680561242,0.024365861680561242,0.13151335716247559,0.10761094093322754,70,40,-0.02437,-0.02437,1,1
5000,43,flatulence,hbc_anti,0.0,0.0,0.0,0.1286160945892334,0.0064182281494140625,0.0,0.0,1,1,0.010904870789398079,0.010904870789398079,0.28713226318359375,0.004881143569946289,70,2,0.0109,0.0109,1,1
5000,44,bleeding,urea,0.0,0.0,0.0,0.11040639877319336,0.006012916564941406,0.0,0.0,1,1,0.01807385502955498,0.011331150711364903,0.1123650074005127,0.005672931671142578,70,2,-0.02506|-0.01783|-0.01133,-0.01133,3,1
5000,45,pain,spiders,0.0,0.0,0.0,0.1458888053894043,0.007203578948974609,0.0,0.0,1,1,0.012079794272265543,0.006329142868860272,0.15912866592407227,0.007591962814331055,70,2,-0.01783|-0.00633,-0.00633,2,1
5000,46,diabetes,ama,0.0,0.0,0.0,0.13126540184020996,0.047174930572509766,0.0,0.0,1,1,0.005430739556444431,0.005430739556444431,0.12160229682922363,0.03604316711425781,70,35,-0.00543,-0.00543,1,1
5000,47,diabetes,injections,0.0,0.0,0.0,0.14681696891784668,0.0888967514038086,0.0,0.0,1,1,0.03309648981830279,0.03309648981830279,0.17010831832885742,0.09424877166748047,70,44,-0.0331,-0.0331,1,1
5000,48,hospital,bilirubin,-5.419393747322798e-16,0.0,0.0,0.1231546401977539,0.0956580638885498,-0.0,-0.0,1,1,0.012349565724588655,0.012349565724588655,0.1283094882965088,0.08062911033630371,70,40,0.01235,0.01235,1,1
5000,49,RHepatitis,Cirrhosis,-2.7250928786253843e-16,0.0,0.0,0.13617825508117676,0.04861569404602051,-0.0,-0.0,1,1,0.07834948041897043,0.07834948041897043,0.186553955078125,0.04145956039428711,70,31,-0.07835,-0.07835,1,1
5000,50,irregular_liver,flatulence,0.0,0.0,0.0,0.11314654350280762,0.005143404006958008,0.0,0.0,1,1,0.02209931938833619,0.02209931938833619,0.11073565483093262,0.004124164581298828,70,2,-0.0221,-0.0221,1,1
5000,51,le_cells,bleeding,0.0,0.0,0.0,0.13086843490600586,0.006046772003173828,0.0,0.0,1,1,0.004435524946479637,0.004435524946479637,0.11240649223327637,0.0037415027618408203,70,2,-0.00444,-0.00444,1,1
5000,52,alcoholism,jaundice,-6.030841121420603e-17,0.0,0.0,0.12038254737854004,0.051100730895996094,-0.0,-0.0,1,1,0.002445950628703021,0.002445950628703021,0.12835025787353516,0.08193230628967285,70,37,-0.00245,-0.00245,1,1
5000,53,Steatosis,upper_pain,0.0,0.0,0.0,0.1899726390838623,0.042765140533447266,0.0,0.0,1,1,0.05812343836138582,0.05812343836138582,0.17362546920776367,0.0599210262298584,70,33,0.05812,0.05812,1,1
5000,54,surgery,hcv_anti,-6.774242184153498e-17,0.0,0.0,0.12924504280090332,0.11665773391723633,-0.0,-0.0,1,1,0.007607586772856263,0.007607586772856263,0.13596081733703613,0.1425013542175293,70,40,0.00761,0.00761,1,1
5000,55,Steatosis,upper_pain,0.0,0.0,0.0,0.15529298782348633,0.05693936347961426,0.0,0.0,1,1,0.008051860843571462,0.008051860843571462,0.17215180397033691,0.04275870323181152,70,33,0.00805,0.00805,1,1
5000,56,edge,inr,0.0,0.0,0.0,0.12339544296264648,0.005898952484130859,0.0,0.0,1,1,0.004729146354452989,0.004729146354452989,0.12959718704223633,0.004148960113525391,70,2,0.00473,0.00473,1,1
5000,57,hbsag_anti,Cirrhosis,0.0,0.0,0.0,0.12471175193786621,0.021037817001342773,0.0,0.0,1,1,0.006309276075896248,0.00010434941867752153,0.11046171188354492,0.016752004623413086,70,26,-0.0001|0.01251,-0.0001,2,1
5000,58,edema,upper_pain,0.0,0.0,0.0,0.19858837127685547,0.009778261184692383,0.0,0.0,1,1,0.008219430987222793,0.008219430987222793,0.12919139862060547,0.015744447708129883,70,2,-0.00822,-0.00822,1,1
5000,59,bilirubin,palms,0.0,0.0,0.0,0.12326622009277344,0.01255345344543457,0.0,0.0,1,1,0.003371810113305634,0.003371810113305634,0.1262526512145996,0.01112222671508789,70,5,0.00337,0.00337,1,1
5000,60,fat,RHepatitis,0.0,0.0,0.0,0.1349492073059082,0.011366128921508789,0.0,0.0,1,1,0.0141756179042957,0.0141756179042957,0.2031559944152832,0.006095170974731445,70,11,0.01418,0.01418,1,1
5000,61,cholesterol,urea,0.0,0.0,0.0,0.14558625221252441,0.0066986083984375,0.0,0.0,1,1,0.002243534644174811,0.002243534644174811,0.12295031547546387,0.0052874088287353516,70,2,-0.00224,-0.00224,1,1
5000,62,amylase,ggtp,0.0,0.0,0.0,0.12544918060302734,0.006589651107788086,0.0,0.0,1,1,0.00017528904100872118,0.00017528904100872118,0.12444424629211426,0.0047457218170166016,70,2,0.00018,0.00018,1,1
5000,63,spiders,PBC,0.0,0.0,0.0,0.13199377059936523,0.017081260681152344,0.0,0.0,1,1,0.02520501622766096,0.02520501622766096,0.1180882453918457,0.015445232391357422,70,20,0.02521,0.02521,1,1
5000,64,itching,PBC,1.0,0.0,0.0,0.11414837837219238,0.014936208724975586,1.0,1.0,1,1,0.011830786789842174,0.011830786789842174,0.27614426612854004,0.01604294776916504,70,19,1.01183,1.01183,1,1
5000,65,hepatomegaly,fat,0.0,0.0,0.0,0.10609245300292969,0.005950450897216797,0.0,0.0,1,1,0.00655183686156859,0.0005299221767155967,0.11544919013977051,0.007722377777099609,70,2,0.00053|0.01257,0.00053,2,1
5000,66,pain,pressure_ruq,0.0,0.0,0.0,0.10018754005432129,0.006314754486083984,0.0,0.0,1,1,0.010552474484310665,0.009848640078026018,0.10962891578674316,0.005038022994995117,70,2,0.00985|0.01126,0.00985,2,1
5000,67,fat,phosphatase,0.0,0.0,0.0,0.10909724235534668,0.005492448806762695,0.0,0.0,1,1,0.008017775229572435,0.008017775229572435,0.12041878700256348,0.0037288665771484375,70,2,0.00802,0.00802,1,1
5000,68,alcohol,encephalopathy,0.0,0.0,0.0,0.11368751525878906,0.0076313018798828125,0.0,0.0,1,1,0.025194933379488967,0.025194933379488967,0.1373600959777832,0.006277799606323242,70,5,-0.02519,-0.02519,1,1
5000,69,density,edema,0.0,0.0,0.0,0.16840696334838867,0.012423276901245117,0.0,0.0,1,1,0.011972960900851854,0.011972960900851854,0.1608421802520752,0.012264728546142578,70,2,0.01197,0.01197,1,1
5000,70,alcoholism,bilirubin,-2.412336448568241e-16,0.0,0.0,0.13502931594848633,0.061728715896606445,-0.0,-0.0,1,1,0.009337449034795645,0.009337449034795645,0.14699125289916992,0.06013011932373047,70,37,0.00934,0.00934,1,1
5000,71,amylase,proteins,0.0,0.0,0.0,0.18327808380126953,0.005872011184692383,0.0,0.0,1,1,0.0019050756367349512,0.0019050756367349512,0.1877901554107666,0.005390167236328125,70,2,-0.00191,-0.00191,1,1
5000,72,jaundice,inr,0.0,0.0,0.0,0.10701537132263184,0.005852937698364258,0.0,0.0,1,1,0.001825397208829393,0.001825397208829393,0.12394118309020996,0.0037267208099365234,70,2,0.00183,0.00183,1,1
5000,73,itching,PBC,1.0,0.0,0.0,0.12523746490478516,0.01558828353881836,1.0,1.0,1,1,0.026312036049979226,0.026312036049979226,0.14215707778930664,0.011464357376098633,70,19,0.97369,0.97369,1,1
5000,74,hbsag_anti,Cirrhosis,0.0,0.0,0.0,0.09981107711791992,0.0239565372467041,0.0,0.0,1,1,0.02368421900912207,0.014707937464638018,0.11433553695678711,0.017471790313720703,70,26,-0.03266|-0.01471,-0.01471,2,1
5000,75,skin,ast,0.0,0.0,0.0,0.1375293731689453,0.011902809143066406,0.0,0.0,1,1,0.009898555563616115,0.009898555563616115,0.1821122169494629,0.011440515518188477,70,2,-0.0099,-0.0099,1,1
5000,76,itching,THepatitis,0.0,0.0,0.0,0.11203455924987793,0.010006427764892578,0.0,0.0,1,1,0.0037740083967382544,0.0037740083967382544,0.12177848815917969,0.007657766342163086,70,12,0.00377,0.00377,1,1
5000,77,fat,sex,0.0,0.0,0.0,0.19279766082763672,0.0223388671875,0.0,0.0,1,1,0.0043313889151821204,0.0043313889151821204,0.1394345760345459,0.02574014663696289,70,26,-0.00433,-0.00433,1,1
5000,78,hepatotoxic,sex,3.947459643111668e-17,0.0,0.0,0.1287224292755127,0.03389716148376465,0.0,0.0,1,1,0.03368490247904203,0.03368490247904203,0.11733365058898926,0.030344486236572266,70,35,-0.03368,-0.03368,1,1
5000,79,sex,irregular_liver,0.0,0.0,0.0,0.23587989807128906,0.026367664337158203,0.0,0.0,1,1,0.023159991577210198,0.023159991577210198,0.17499446868896484,0.02799248695373535,70,26,0.02316,0.02316,1,1
5000,80,hbsag_anti,Steatosis,0.0,0.0,0.0,0.17359519004821777,0.05595588684082031,0.0,0.0,1,1,0.006030900283099374,0.007516411822069092,0.23460888862609863,0.04880094528198242,70,33,-0.00752|-0.00455,-0.00752,2,1
5000,81,bilirubin,surgery,4.0,0.0,0.0,0.11955904960632324,0.09261751174926758,4.0,4.0,1,1,0.03415591281133601,0.03415591281133601,0.14144015312194824,0.08984661102294922,70,40,4.03416,4.03416,1,1
5000,82,cholesterol,albumin,0.0,0.0,0.0,0.13992905616760254,0.007645130157470703,0.0,0.0,1,1,0.0034369446486208614,0.0034369446486208614,0.14684844017028809,0.008582592010498047,70,2,-0.00344,-0.00344,1,1
5000,83,ama,alcoholism,0.0,0.0,0.0,0.12212657928466797,0.0697319507598877,0.0,0.0,1,1,0.0032295355305601006,0.0032295355305601006,0.14661955833435059,0.04924201965332031,70,38,0.00323,0.00323,1,1
5000,84,ESR,choledocholithotomy,2.0,0.0,0.0,0.16644740104675293,0.1462388038635254,2.0,2.0,1,1,0.022800618628496583,0.022800618628496583,0.1474764347076416,0.12552571296691895,70,40,2.0228,2.0228,1,1
5000,85,triglycerides,fibrosis,0.0,0.0,0.0,0.12680768966674805,0.026798725128173828,0.0,0.0,1,1,0.02193706546424681,0.02193706546424681,0.14383244514465332,0.03513908386230469,70,27,0.02194,0.02194,1,1
5000,86,albumin,ggtp,0.0,0.0,0.0,0.16275811195373535,0.010896921157836914,0.0,0.0,1,1,0.007878566054154199,0.007878566054154199,0.17044687271118164,0.007955312728881836,70,2,0.00788,0.00788,1,1
5000,87,age,triglycerides,0.0,0.0,0.0,0.17808079719543457,0.057485103607177734,0.0,0.0,1,1,0.006709606331082464,0.006709606331082464,0.17286944389343262,0.028068065643310547,70,26,0.00671,0.00671,1,1
5000,88,ESR,ama,0.0,0.0,0.0,0.26778173446655273,0.01048588752746582,0.0,0.0,1,1,0.0024766097513781804,0.0024766097513781804,0.24829483032226562,0.013377666473388672,70,2,-0.00248,-0.00248,1,1
5000,89,hepatotoxic,consciousness,0.0,0.0,0.0,0.2699885368347168,0.037143707275390625,0.0,0.0,1,1,0.01306407703394344,0.01306407703394344,0.2823939323425293,0.02714061737060547,70,14,-0.01306,-0.01306,1,1
5000,90,spiders,anorexia,0.0,0.0,0.0,0.2394404411315918,0.012334823608398438,0.0,0.0,1,1,0.015972290318451713,0.015972290318451713,0.25873303413391113,0.00921177864074707,70,2,-0.01597,-0.01597,1,1
5000,91,ESR,hbsag_anti,0.0,0.0,0.0,0.2592325210571289,0.012869834899902344,0.0,0.0,1,1,0.014914689031634537,0.014914689031634537,0.2409663200378418,0.01080322265625,70,2,0.01491,0.01491,1,1
5000,92,nausea,hbeag,0.0,0.0,0.0,0.25205087661743164,0.014819622039794922,0.0,0.0,1,1,0.008032217589088056,0.008032217589088056,0.23239922523498535,0.01320195198059082,70,2,-0.00803,-0.00803,1,1
5000,93,cholesterol,RHepatitis,0.0,0.0,0.0,0.24389958381652832,0.019822359085083008,0.0,0.0,1,1,0.003315879211442065,0.003315879211442065,0.2535991668701172,0.023312807083129883,70,11,-0.00332,-0.00332,1,1
5000,94,sex,anorexia,0.0,0.0,0.0,0.8666605949401855,0.05524492263793945,0.0,0.0,1,1,0.001492364307770166,0.001492364307770166,0.22859716415405273,0.053235769271850586,70,26,-0.00149,-0.00149,1,1
5000,95,diabetes,jaundice,0.0,0.0,0.0,0.24120020866394043,0.05440974235534668,0.0,0.0,1,1,0.0010810362199436413,0.0010810362199436413,0.2389380931854248,0.08754491806030273,70,34,-0.00108,-0.00108,1,1
5000,96,ascites,platelet,0.0,0.0,0.0,0.26876330375671387,0.01733684539794922,0.0,0.0,1,1,0.02911449497352495,0.015656088708638535,0.27904510498046875,0.014573335647583008,70,2,0.01566|0.04257,0.01566,2,1
5000,97,fatigue,consciousness,0.0,0.0,0.0,0.31180620193481445,0.013364553451538086,0.0,0.0,1,1,0.003264404854804575,0.003264404854804575,0.3143794536590576,0.011768102645874023,70,2,0.00326,0.00326,1,1
5000,98,spiders,skin,0.0,0.0,0.0,0.29780030250549316,0.0134735107421875,0.0,0.0,1,1,0.005830185768452852,0.005830185768452852,0.28779125213623047,0.011421680450439453,70,2,-0.00583,-0.00583,1,1
5000,99,triglycerides,ast,0.0,0.0,0.0,0.26132702827453613,0.015961170196533203,0.0,0.0,1,1,0.0034864846546244083,0.0034864846546244083,0.2675478458404541,0.013715505599975586,70,2,-0.00349,-0.00349,1,1
7500,0,hbc_anti,hospital,2.0,0.0,0.0,0.27820491790771484,0.19704198837280273,2.0,2.0,1,1,0.033516795227670926,0.033516795227670926,0.27721261978149414,0.21373844146728516,70,40,2.03352,2.03352,1,1
7500,1,hcv_anti,fatigue,0.0,0.0,0.0,0.27314090728759766,0.01331782341003418,0.0,0.0,1,1,0.0054612670639395235,0.0054612670639395235,0.2745535373687744,0.012525558471679688,70,2,0.00546,0.00546,1,1
7500,2,choledocholithotomy,skin,-1.3548484368306996e-16,0.0,0.0,0.25926685333251953,0.2498939037322998,-0.0,-0.0,1,1,6.728554066217271e-05,6.728554066217271e-05,0.2596244812011719,0.20080041885375977,70,40,-7e-05,-7e-05,1,1
7500,3,phosphatase,carcinoma,0.0,0.0,0.0,0.3318970203399658,0.015243291854858398,0.0,0.0,1,1,0.011746184879009044,0.011746184879009044,0.3352668285369873,0.013635635375976562,70,2,-0.01175,-0.01175,1,1
7500,4,le_cells,spiders,0.0,0.0,0.0,0.29181504249572754,0.02988719940185547,0.0,0.0,1,1,0.00783736836225299,0.00783736836225299,0.26920080184936523,0.013844490051269531,70,2,-0.00784,-0.00784,1,1
7500,5,age,ast,0.0,0.0,0.0,0.26691389083862305,0.05173182487487793,0.0,0.0,1,1,0.02708033525516632,0.02708033525516632,0.22345590591430664,0.0686190128326416,70,26,-0.02708,-0.02708,1,1
7500,6,albumin,hcv_anti,0.0,0.0,0.0,0.2677421569824219,0.013643026351928711,0.0,0.0,1,1,0.0040626687167708,0.0040626687167708,0.26551270484924316,0.011403799057006836,70,2,0.00406,0.00406,1,1
7500,7,sex,jaundice,-6.217248937900877e-17,0.0,0.0,0.25140857696533203,0.04266023635864258,-0.0,-0.0,1,1,0.018022496194235644,0.018022496194235644,0.4696788787841797,0.05394172668457031,70,25,0.01802,0.01802,1,1
7500,8,encephalopathy,surgery,2.0,0.0,0.0,0.2564527988433838,0.18639326095581055,2.0,2.0,1,1,0.03658504410470753,0.03658504410470753,0.2460646629333496,0.19711637496948242,70,40,2.03659,2.03659,1,1
7500,9,ast,anorexia,0.0,0.0,0.0,0.2794923782348633,0.014762163162231445,0.0,0.0,1,1,0.005996502716326025,0.005996502716326025,0.2721271514892578,0.014741659164428711,70,2,0.006,0.006,1,1
7500,10,Steatosis,consciousness,-1.0327656043024712e-17,0.0,0.0,0.2807798385620117,0.06360507011413574,-0.0,-0.0,1,1,0.014010684103488252,0.014010684103488252,0.27624082565307617,0.06972765922546387,70,32,0.01401,0.01401,1,1
7500,11,edge,bilirubin,0.0,0.0,0.0,0.2500488758087158,0.017447471618652344,0.0,0.0,1,1,0.01004248889101702,0.01004248889101702,0.2819967269897461,0.01859593391418457,70,5,0.01004,0.01004,1,1
7500,12,urea,hbeag,0.0,0.0,0.0,0.27227330207824707,0.013941526412963867,0.0,0.0,1,1,0.0067392130817872055,0.0067392130817872055,0.2927722930908203,0.01377558708190918,70,2,-0.00674,-0.00674,1,1
7500,13,albumin,diabetes,1.0,0.0,0.0,0.2667832374572754,0.07276558876037598,1.0,1.0,1,1,0.0008133396890508404,0.0008133396890508404,0.2619812488555908,0.07672309875488281,70,34,1.00081,1.00081,1,1
7500,14,proteins,RHepatitis,0.0,0.0,0.0,0.29790639877319336,0.0208282470703125,0.0,0.0,1,1,0.0055485786856021985,0.005249491385568187,0.26241374015808105,0.01891326904296875,70,11,-0.00585|-0.00525,-0.00525,2,1
7500,15,pressure_ruq,obesity,0.0,0.0,0.0,0.2575490474700928,0.1078636646270752,0.0,0.0,1,1,0.006695557701556243,0.006695557701556243,0.23147225379943848,0.08759212493896484,70,34,0.0067,0.0067,1,1
7500,16,hcv_anti,fibrosis,0.0,0.0,0.0,0.26140570640563965,0.05682778358459473,0.0,0.0,1,1,0.0024389473758985925,0.0024389473758985925,0.26231837272644043,0.058477163314819336,70,27,-0.00244,-0.00244,1,1
7500,17,pressure_ruq,proteins,0.0,0.0,0.0,0.2521395683288574,0.013196468353271484,0.0,0.0,1,1,0.006227774115594734,0.006227774115594734,0.23836994171142578,0.007655620574951172,70,2,0.00623,0.00623,1,1
7500,18,platelet,itching,0.0,0.0,0.0,0.27631521224975586,0.011245489120483398,0.0,0.0,1,1,0.01251273847282267,0.008023718379329341,0.2267289161682129,0.011155843734741211,70,2,-0.017|-0.00802,-0.00802,2,1
7500,19,pain,alt,0.0,0.0,0.0,0.2707631587982178,0.016331195831298828,0.0,0.0,1,1,0.009200413100016252,0.005296133077287949,0.28580498695373535,0.014705657958984375,70,2,0.0053|0.0131,0.0053,2,1
7500,20,diabetes,ast,0.0,0.0,0.0,0.2965400218963623,0.08868765830993652,0.0,0.0,1,1,0.0012725441010473285,0.0012725441010473285,0.326751708984375,0.08148884773254395,70,34,-0.00127,-0.00127,1,1
7500,21,anorexia,le_cells,0.0,0.0,0.0,0.316270112991333,0.014915227890014648,0.0,0.0,1,1,0.009618239583452311,0.009618239583452311,0.3089313507080078,0.014182090759277344,70,2,0.00962,0.00962,1,1
7500,22,density,consciousness,0.0,0.0,0.0,0.301332950592041,0.013314008712768555,0.0,0.0,1,1,0.017084673344497023,0.017084673344497023,0.24082350730895996,0.010840177536010742,70,2,-0.01708,-0.01708,1,1
7500,23,encephalopathy,inr,0.0,0.0,0.0,0.2808499336242676,0.01753377914428711,0.0,0.0,1,1,0.02248684878488755,0.02248684878488755,0.25355982780456543,0.015087366104125977,70,5,-0.02249,-0.02249,1,1
7500,24,sex,upper_pain,0.0,0.0,0.0,0.2718024253845215,0.057308197021484375,0.0,0.0,1,1,0.03317230760420441,0.03317230760420441,0.275331974029541,0.055870771408081055,70,26,-0.03317,-0.03317,1,1
7500,25,fibrosis,jaundice,-4.4408920985006264e-17,0.0,0.0,0.27648448944091797,0.050247907638549805,-0.0,-0.0,1,1,0.0010959912233747947,0.0010959912233747947,0.26540708541870117,0.05162358283996582,70,26,0.0011,0.0011,1,1
7500,26,irregular_liver,pain_ruq,0.0,0.0,0.0,0.25841355323791504,0.011539697647094727,0.0,0.0,1,1,0.004665641820339275,0.004665641820339275,0.2649216651916504,0.010335445404052734,70,2,0.00467,0.00467,1,1
7500,27,fatigue,carcinoma,0.0,0.0,0.0,0.2583613395690918,0.012125015258789062,0.0,0.0,1,1,0.004304945199484237,0.004304945199484237,0.27559471130371094,0.009306192398071289,70,2,0.0043,0.0043,1,1
7500,28,hbsag_anti,fatigue,0.0,0.0,0.0,0.25537776947021484,0.012697219848632812,0.0,0.0,1,1,0.024120276897101486,0.014222659224606889,0.24624156951904297,0.010332584381103516,70,2,-0.03402|-0.01422,-0.01422,2,1
7500,29,albumin,encephalopathy,0.0,0.0,0.0,0.24802136421203613,0.016669511795043945,0.0,0.0,1,1,0.0013239415335801696,0.0013239415335801696,0.22985529899597168,0.013836860656738281,70,5,-0.00132,-0.00132,1,1
7500,30,flatulence,joints,0.0,0.0,0.0,0.2517869472503662,0.013384342193603516,0.0,0.0,1,1,0.010791515437753117,0.010791515437753117,0.23697757720947266,0.010098457336425781,70,2,0.01079,0.01079,1,1
7500,31,anorexia,phosphatase,0.0,0.0,0.0,0.25704002380371094,0.011226177215576172,0.0,0.0,1,1,0.006151510051234308,0.006151510051234308,0.24602460861206055,0.006054401397705078,70,2,0.00615,0.00615,1,1
7500,32,density,jaundice,0.0,0.0,0.0,0.2549600601196289,0.012784957885742188,0.0,0.0,1,1,0.003213757633759959,0.003213757633759959,0.25707268714904785,0.01227569580078125,70,2,0.00321,0.00321,1,1
7500,33,ast,spiders,0.0,0.0,0.0,0.26121950149536133,0.013221502304077148,0.0,0.0,1,1,0.00895350783709002,0.00895350783709002,0.2552831172943115,0.011650323867797852,70,2,-0.00895,-0.00895,1,1
7500,34,phosphatase,density,0.0,0.0,0.0,0.25618982315063477,0.012911319732666016,0.0,0.0,1,1,0.005835104575956735,0.005835104575956735,0.25669002532958984,0.01003122329711914,70,2,-0.00584,-0.00584,1,1
7500,35,Steatosis,upper_pain,0.0,0.0,0.0,0.24561738967895508,0.07195091247558594,0.0,0.0,1,1,0.005409591781321561,0.005409591781321561,0.2500288486480713,0.0638132095336914,70,33,-0.00541,-0.00541,1,1
7500,36,PBC,Cirrhosis,8.239952836162523e-17,0.0,0.0,0.2406301498413086,0.05640912055969238,0.0,0.0,1,1,0.1346663680375807,0.1346663680375807,0.237015962600708,0.06930661201477051,70,34,0.13467,0.13467,1,1
7500,37,edge,amylase,0.0,0.0,0.0,0.2546403408050537,0.014899492263793945,0.0,0.0,1,1,0.0029073498175202815,0.0029073498175202815,0.27057838439941406,0.016022920608520508,70,2,0.00291,0.00291,1,1
7500,38,hepatotoxic,ast,4.934324553889585e-18,0.0,0.0,0.2547314167022705,0.022493362426757812,0.0,0.0,1,1,0.003511014032480675,0.003511014032480675,0.254148006439209,0.022992372512817383,70,13,-0.00351,-0.00351,1,1
7500,39,injections,spiders,-3.00060276925718e-18,0.0,0.0,0.2558584213256836,0.14414548873901367,-0.0,-0.0,1,1,0.014242454967966948,0.014242454967966948,0.27687501907348633,0.13966965675354004,70,38,-0.01424,-0.01424,1,1
7500,40,pressure_ruq,ggtp,0.0,0.0,0.0,0.2643759250640869,0.0125885009765625,0.0,0.0,1,1,0.0015608841351968117,0.0015608841351968117,0.25635600090026855,0.010978221893310547,70,2,-0.00156,-0.00156,1,1
7500,41,edge,carcinoma,0.0,0.0,0.0,0.2395937442779541,0.01217341423034668,0.0,0.0,1,1,0.016692678190223464,0.016692678190223464,0.2629415988922119,0.010748147964477539,70,2,0.01669,0.01669,1,1
7500,42,density,urea,0.0,0.0,0.0,0.2600858211517334,0.01663804054260254,0.0,0.0,1,1,0.000772232940301698,0.000772232940301698,0.24353933334350586,0.01677560806274414,70,2,-0.00077,-0.00077,1,1
7500,43,skin,le_cells,0.0,0.0,0.0,0.25222158432006836,0.013108015060424805,0.0,0.0,1,1,0.0019195358249058446,0.0019195358249058446,0.27976536750793457,0.011880874633789062,70,2,-0.00192,-0.00192,1,1
7500,44,fatigue,pain,0.0,0.0,0.0,0.2584068775177002,0.014594554901123047,0.0,0.0,1,1,0.008230699262195385,0.008230699262195385,0.265761137008667,0.01189732551574707,70,2,0.00823,0.00823,1,1
7500,45,ESR,hbeag,0.0,0.0,0.0,0.2685823440551758,0.012122154235839844,0.0,0.0,1,1,0.001394764325776732,0.001394764325776732,0.26146554946899414,0.011284112930297852,70,2,0.00139,0.00139,1,1
7500,46,Cirrhosis,bleeding,2.032801045181721e-16,0.0,0.0,0.27198123931884766,0.03458285331726074,0.0,0.0,1,1,0.016311598064939238,0.016311598064939238,0.2566108703613281,0.036661624908447266,70,25,-0.01631,-0.01631,1,1
7500,47,upper_pain,spiders,0.0,0.0,0.0,0.2897982597351074,0.01260828971862793,0.0,0.0,1,1,0.0018236828012646953,0.0018236828012646953,0.24190425872802734,0.0106658935546875,70,2,0.00182,0.00182,1,1
7500,48,ama,gallstones,0.0,0.0,0.0,0.26943445205688477,0.2226884365081787,0.0,0.0,1,1,0.016739650195441047,0.016739650195441047,0.2696712017059326,0.2273545265197754,70,46,0.01674,0.01674,1,1
7500,49,carcinoma,hbsag,0.0,0.0,0.0,0.2775137424468994,0.004326343536376953,0.0,0.0,1,1,0.0028397471872784255,0.0028397471872784255,0.15908598899841309,0.0036497116088867188,70,2,0.00284,0.00284,1,1
7500,50,alcohol,albumin,0.0,0.0,0.0,0.192732572555542,0.011924505233764648,0.0,0.0,1,1,0.006480074066634122,0.006480074066634122,0.3969430923461914,0.00885152816772461,70,2,0.00648,0.00648,1,1
7500,51,phosphatase,vh_amn,2.0,0.0,0.0,0.1682734489440918,0.056946516036987305,2.0,2.0,1,1,0.017114451502577177,0.017114451502577177,0.16701793670654297,0.07811403274536133,70,38,1.98289,1.98289,1,1
7500,52,RHepatitis,upper_pain,0.0,0.0,0.0,0.18581056594848633,0.014054536819458008,0.0,0.0,1,1,0.03473547491062378,0.03473547491062378,0.18108153343200684,0.010696887969970703,70,11,0.03474,0.03474,1,1
7500,53,spiders,le_cells,0.0,0.0,0.0,0.13556575775146484,0.006414175033569336,0.0,0.0,1,1,0.002343320540347845,0.002343320540347845,0.14799737930297852,0.003657817840576172,70,2,0.00234,0.00234,1,1
7500,54,inr,consciousness,0.0,0.0,0.0,0.17287611961364746,0.009362459182739258,0.0,0.0,1,1,0.00970861447769969,0.0044648156616803655,0.15268564224243164,0.005268096923828125,70,2,0.00446|0.01495,0.00446,2,1
7500,55,age,THepatitis,0.0,0.0,0.0,0.1572093963623047,0.06339097023010254,0.0,0.0,1,1,0.02660588200290738,0.02660588200290738,0.19128775596618652,0.07324671745300293,70,33,-0.02661,-0.02661,1,1
7500,56,fibrosis,pain_ruq,0.0,0.0,0.0,0.11232733726501465,0.026239633560180664,0.0,0.0,1,1,0.008471316436540461,0.008471316436540461,0.1230173110961914,0.046661376953125,70,27,-0.00847,-0.00847,1,1
7500,57,sex,ama,1.5543122344752193e-17,0.0,0.0,0.2001628875732422,0.037416934967041016,0.0,0.0,1,1,0.02027762973187832,0.02027762973187832,0.20644927024841309,0.06447696685791016,70,25,-0.02028,-0.02028,1,1
7500,58,jaundice,choledocholithotomy,4.0,0.0,0.0,0.12704038619995117,0.09495711326599121,4.0,4.0,1,1,0.048272585730304574,0.048272585730304574,0.1225285530090332,0.09846925735473633,70,40,3.95173,3.95173,1,1
7500,59,hbsag_anti,anorexia,0.0,0.0,0.0,0.14215493202209473,0.011207818984985352,0.0,0.0,1,1,0.007695204023740632,0.0070988566061514205,0.20540452003479004,0.006156206130981445,70,2,0.0071|0.00829,0.0071,2,1
7500,60,hbsag,transfusion,1.0,0.25,0.25,0.1492760181427002,0.07084369659423828,1.0|1.5,1.0|1.5,2,2,0.2712544288438101,0.2712544288438101,0.15142393112182617,0.06697535514831543,70,38,1.02759|1.51492,1.02759|1.51492,2,2
7500,61,injections,hbsag_anti,-6.00120553851436e-18,0.0,0.0,0.15314054489135742,0.06225872039794922,-0.0,-0.0,1,1,0.0035516947266508855,0.0035516947266508855,0.12496781349182129,0.07863116264343262,70,38,0.00355,0.00355,1,1
7500,62,pain,ESR,0.0,0.0,0.0,0.22331833839416504,0.008006572723388672,0.0,0.0,1,1,0.002932685006938735,0.005224702922606654,0.21666908264160156,0.004950761795043945,70,2,-0.00522|-0.00064,-0.00522,2,1
7500,63,age,alt,0.0,0.0,0.0,0.19715166091918945,0.022576570510864258,0.0,0.0,1,1,0.03523154361066115,0.03523154361066115,0.1262812614440918,0.026768922805786133,70,26,0.03523,0.03523,1,1
7500,64,itching,density,0.0,0.0,0.0,0.13537907600402832,0.012318134307861328,0.0,0.0,1,1,0.0035624754971167556,0.0035624754971167556,0.15277385711669922,0.0077974796295166016,70,2,0.00356,0.00356,1,1
7500,65,edema,Steatosis,1.0,0.0,0.0,0.11523771286010742,0.07122588157653809,1.0,1.0,1,1,0.007506520759574142,0.007506520759574142,0.12838244438171387,0.04976511001586914,70,32,1.00751,1.00751,1,1
7500,66,amylase,spleen,0.0,0.0,0.0,0.1548006534576416,0.0059392452239990234,0.0,0.0,1,1,0.0069703034275968865,0.0069703034275968865,0.15627121925354004,0.005110979080200195,70,2,-0.00697,-0.00697,1,1
7500,67,spiders,joints,0.0,0.0,0.0,0.17973995208740234,0.013222932815551758,0.0,0.0,1,1,0.012657923184513536,0.012657923184513536,0.2859511375427246,0.013788461685180664,70,2,-0.01266,-0.01266,1,1
7500,68,hbc_anti,ggtp,0.0,0.0,0.0,0.29350924491882324,0.014475584030151367,0.0,0.0,1,1,0.0045891102202498665,0.0045891102202498665,0.30838894844055176,0.011699676513671875,70,2,-0.00459,-0.00459,1,1
7500,69,density,surgery,2.0,0.0,0.0,0.25716447830200195,0.18262958526611328,2.0,2.0,1,1,0.0241275877875764,0.0241275877875764,0.285092830657959,0.22913575172424316,70,40,2.02413,2.02413,1,1
7500,70,injections,Hyperbilirubinemia,4.800964430811488e-16,0.0,0.0,0.2645716667175293,0.18853378295898438,0.0,0.0,1,1,0.0051168351950575475,0.0051168351950575475,0.25118517875671387,0.16920161247253418,70,41,-0.00512,-0.00512,1,1
7500,71,bilirubin,platelet,0.0,0.0,0.0,0.27266716957092285,0.017537355422973633,0.0,0.0,1,1,0.023147493719165375,0.023147493719165375,0.4599769115447998,0.014438867568969727,70,5,0.02315,0.02315,1,1
7500,72,triglycerides,hbsag,0.0,0.0,0.0,0.8013930320739746,0.014891862869262695,0.0,0.0,1,1,0.0018248388508774168,0.0018248388508774168,0.2899632453918457,0.012245416641235352,70,2,-0.00182,-0.00182,1,1
7500,73,vh_amn,gallstones,-1.2470750056197676e-14,0.0,0.0,0.2717597484588623,0.17909502983093262,-0.0,-0.0,1,1,0.03928240227465058,0.03928240227465058,0.23237085342407227,0.19870805740356445,70,46,0.03928,0.03928,1,1
7500,74,proteins,hcv_anti,0.0,0.0,0.0,0.41764068603515625,0.01622295379638672,0.0,0.0,1,1,0.008688146447446598,0.002670292287977516,0.27741479873657227,0.013368844985961914,70,2,0.00267|0.01471,0.00267,2,1
7500,75,bleeding,ChHepatitis,3.0,1.0,1.0,0.26574134826660156,0.09633827209472656,1.0|2.0|3.0,1.0|2.0|3.0,3,3,1.006832823911005,1.006832823911005,0.2892584800720215,0.08496427536010742,70,37,1.02673|1.96992|2.98285,1.02673|1.96992|2.98285,3,3
7500,76,anorexia,edge,0.0,0.0,0.0,0.25197410583496094,0.013907194137573242,0.0,0.0,1,1,0.007487355391541734,0.007487355391541734,0.24558353424072266,0.012153387069702148,70,2,0.00749,0.00749,1,1
7500,77,bleeding,proteins,0.0,0.0,0.0,0.28087615966796875,0.02906513214111328,0.0,0.0,1,1,0.01539291316389198,0.0060858819818666275,0.2473316192626953,0.012936115264892578,70,2,-0.02135|-0.01875|-0.00609,-0.00609,3,1
7500,78,sex,proteins,0.0,0.0,0.0,0.2447052001953125,0.05665397644042969,0.0,0.0,1,1,0.009930390940824381,0.009930390940824381,0.25836873054504395,0.07407474517822266,70,26,-0.00993,-0.00993,1,1
7500,79,amylase,edema,0.0,0.0,0.0,0.258192777633667,0.00985407829284668,0.0,0.0,1,1,0.006711479600733756,0.006711479600733756,0.25156331062316895,0.010162353515625,70,2,0.00671,0.00671,1,1
7500,80,hbc_anti,diabetes,0.0,0.0,0.0,0.23017573356628418,0.08784103393554688,0.0,0.0,1,1,0.011937801881131605,0.011937801881131605,0.26521897315979004,0.08192563056945801,70,35,0.01194,0.01194,1,1
7500,81,flatulence,palms,0.0,0.0,0.0,0.2242419719696045,0.013494491577148438,0.0,0.0,1,1,0.006657107401393718,0.006657107401393718,0.25551819801330566,0.012916803359985352,70,2,0.00666,0.00666,1,1
7500,82,ggtp,age,2.0,0.0,0.0,0.24741649627685547,0.04316973686218262,2.0,2.0,1,1,0.024366658536110197,0.024366658536110197,0.2834651470184326,0.03658485412597656,70,25,2.02437,2.02437,1,1
7500,83,fat,proteins,0.0,0.0,0.0,0.28731513023376465,0.020774364471435547,0.0,0.0,1,1,0.010648644372755842,0.010648644372755842,0.2987399101257324,0.02172374725341797,70,2,-0.01065,-0.01065,1,1
7500,84,ascites,skin,0.0,0.0,0.0,0.24837636947631836,0.015387773513793945,0.0,0.0,1,1,0.0014437288626076203,0.0019060756204871655,0.24270033836364746,0.012297391891479492,70,2,-0.00191|-0.00098,-0.00191,2,1
7500,85,diabetes,hbsag_anti,0.0,0.0,0.0,0.2828338146209717,0.07829761505126953,0.0,0.0,1,1,0.0016729950995400778,0.0016729950995400778,0.23954057693481445,0.11010980606079102,70,35,-0.00167,-0.00167,1,1
7500,86,hbc_anti,fatigue,0.0,0.0,0.0,0.23413991928100586,0.00947880744934082,0.0,0.0,1,1,0.0008687190322280468,0.0008687190322280468,0.26068615913391113,0.011462926864624023,70,2,-0.00087,-0.00087,1,1
7500,87,obesity,choledocholithotomy,-4.198661620400592e-15,0.0,0.0,0.25203633308410645,0.2955152988433838,-0.0,-0.0,1,1,0.023595605490280027,0.023595605490280027,0.25199031829833984,0.272733211517334,70,45,0.0236,0.0236,1,1
7500,88,THepatitis,encephalopathy,0.0,0.0,0.0,0.25046634674072266,0.025667428970336914,0.0,0.0,1,1,0.01567149833984061,0.01567149833984061,0.26883721351623535,0.023768186569213867,70,15,-0.01567,-0.01567,1,1
7500,89,pain_ruq,bilirubin,0.0,0.0,0.0,0.2866842746734619,0.016028881072998047,0.0,0.0,1,1,0.014916712644218021,0.014916712644218021,0.2840268611907959,0.015105962753295898,70,5,-0.01492,-0.01492,1,1
7500,90,ChHepatitis,joints,0.0,0.0,0.0,0.27964043617248535,0.13056421279907227,0.0,0.0,1,1,0.038931009765035336,0.038931009765035336,0.26111698150634766,0.10595846176147461,70,38,-0.03893,-0.03893,1,1
7500,91,ama,pain,0.0,0.0,0.0,0.2981860637664795,0.014864444732666016,0.0,0.0,1,1,0.006889998310905288,0.006889998310905288,0.2578911781311035,0.013336896896362305,70,2,-0.00689,-0.00689,1,1
7500,92,cholesterol,sex,1.0,0.0,0.0,0.2208411693572998,0.04517197608947754,1.0,1.0,1,1,0.01296593006001312,0.01296593006001312,0.21819806098937988,0.07732820510864258,70,25,1.01297,1.01297,1,1
7500,93,alt,Hyperbilirubinemia,0.0,0.0,0.0,0.24967169761657715,0.0222775936126709,0.0,0.0,1,1,0.002750510476662967,0.002750510476662967,0.24676513671875,0.01932358741760254,70,11,0.00275,0.00275,1,1
7500,94,upper_pain,pain_ruq,0.0,0.0,0.0,0.25664258003234863,0.013196468353271484,0.0,0.0,1,1,0.0014418436202012978,0.0014418436202012978,0.2702639102935791,0.013450860977172852,70,2,-0.00144,-0.00144,1,1
7500,95,carcinoma,transfusion,1.0,0.0,0.0,0.2592010498046875,0.1475660800933838,1.0,1.0,1,1,0.008527534261432157,0.008527534261432157,0.26540207862854004,0.14061760902404785,70,38,1.00853,1.00853,1,1
7500,96,vh_amn,albumin,-5.437827059388522e-17,0.0,0.0,0.283872127532959,0.124847412109375,-0.0,-0.0,1,1,0.025031058810198473,0.025031058810198473,0.32520580291748047,0.16080975532531738,70,38,0.02503,0.02503,1,1
7500,97,irregular_liver,PBC,0.0,0.0,0.0,0.28546142578125,0.03668570518493652,0.0,0.0,1,1,0.0022027884581790774,0.0022027884581790774,0.30181002616882324,0.037174224853515625,70,20,-0.0022,-0.0022,1,1
7500,98,triglycerides,alcoholism,1.0,0.0,0.0,0.27706050872802734,0.09352827072143555,1.0,1.0,1,1,0.030683232881588696,0.030683232881588696,0.25606584548950195,0.10935163497924805,70,37,1.03068,1.03068,1,1
7500,99,hospital,irregular_liver,-6.774242184153498e-17,0.0,0.0,0.24590110778808594,0.2076718807220459,-0.0,-0.0,1,1,0.002519558383018695,0.002519558383018695,0.26628899574279785,0.17470598220825195,70,40,0.00252,0.00252,1,1
10000,0,pain,hepatalgia,0.0,0.0,0.0,0.2657151222229004,0.014776229858398438,0.0,0.0,1,1,0.0017167866735280847,0.0005114035098520119,0.25637269020080566,0.01089024543762207,70,2,-0.00292|-0.00051,-0.00051,2,1
10000,1,spiders,hospital,2.0,0.0,0.0,0.278470516204834,0.18474674224853516,2.0,2.0,1,1,0.008678006133272742,0.008678006133272742,0.30741000175476074,0.19799089431762695,70,40,2.00868,2.00868,1,1
10000,2,hbc_anti,amylase,0.0,0.0,0.0,0.3005855083465576,0.014848470687866211,0.0,0.0,1,1,0.0023382136943019376,0.0023382136943019376,0.3172481060028076,0.026117801666259766,70,2,-0.00234,-0.00234,1,1
10000,3,skin,choledocholithotomy,4.0,0.0,0.0,0.2867567539215088,0.19494104385375977,4.0,4.0,1,1,0.01110676047749326,0.01110676047749326,0.2983393669128418,0.2593245506286621,70,40,3.98889,3.98889,1,1
10000,4,age,pressure_ruq,1.5543122344752193e-17,0.0,0.0,0.274552583694458,0.08531665802001953,0.0,0.0,1,1,0.02189889837943935,0.02189889837943935,0.24687767028808594,0.07253003120422363,70,25,-0.0219,-0.0219,1,1
10000,5,cholesterol,alt,0.0,0.0,0.0,0.26662278175354004,0.013631820678710938,0.0,0.0,1,1,0.0027157645917858593,0.0027157645917858593,0.24867868423461914,0.011489391326904297,70,2,-0.00272,-0.00272,1,1
10000,6,choledocholithotomy,consciousness,-6.774242184153498e-17,0.0,0.0,0.271348237991333,0.27562785148620605,-0.0,-0.0,1,1,0.005894054576338443,0.005894054576338443,0.30342769622802734,0.2421712875366211,70,40,0.00589,0.00589,1,1
10000,7,amylase,hepatalgia,0.0,0.0,0.0,0.2688868045806885,0.015749692916870117,0.0,0.0,1,1,0.015035531293325653,0.015035531293325653,0.27045607566833496,0.014201164245605469,70,2,-0.01504,-0.01504,1,1
10000,8,age,bilirubin,-2.486899575160351e-16,0.0,0.0,0.3101692199707031,0.08785343170166016,-0.0,-0.0,1,1,0.0011299981220760967,0.0011299981220760967,0.29586219787597656,0.08698248863220215,70,25,0.00113,0.00113,1,1
10000,9,inr,transfusion,2.0,0.25,0.25,0.2695016860961914,0.1660153865814209,2.0|2.5,2.0|2.5,2,2,0.2511826961599537,0.2511826961599537,0.29486751556396484,0.15416955947875977,70,38,1.98599|2.48836,1.98599|2.48836,2,2
10000,10,joints,triglycerides,0.0,0.0,0.0,0.32528042793273926,0.015389204025268555,0.0,0.0,1,1,0.0033534731103035866,2.3577976405394523e-05,0.28187036514282227,0.013247013092041016,70,2,-2e-05|0.00668,-2e-05,2,1
10000,11,skin,vh_amn,2.0,0.0,0.0,0.2702786922454834,0.12912964820861816,2.0,2.0,1,1,0.0026244595235509482,0.0026244595235509482,0.2573888301849365,0.09836006164550781,70,38,1.99738,1.99738,1,1
10000,12,le_cells,pain,0.0,0.0,0.0,0.2586984634399414,0.010802984237670898,0.0,0.0,1,1,0.0022609426924488033,0.0022609426924488033,0.2559070587158203,0.01081991195678711,70,2,0.00226,0.00226,1,1
10000,13,transfusion,hepatomegaly,0.0,0.0,0.0,0.25516366958618164,0.3287358283996582,0.0,0.0,1,1,0.01119222991526655,0.01119222991526655,0.23514652252197266,0.14267301559448242,70,39,0.01119,0.01119,1,1
10000,14,hepatomegaly,albumin,0.0,0.0,0.0,0.2538464069366455,0.012494325637817383,0.0,0.0,1,1,0.0039667007259765515,0.003645831485428208,0.2582435607910156,0.01050257682800293,70,2,0.00365|0.00429,0.00365,2,1
10000,15,carcinoma,pain_ruq,0.0,0.0,0.0,0.2458035945892334,0.012427568435668945,0.0,0.0,1,1,0.004488842011085992,0.004488842011085992,0.23319315910339355,0.013742685317993164,70,2,0.00449,0.00449,1,1
10000,16,triglycerides,proteins,0.0,0.0,0.0,0.2360522747039795,0.01410365104675293,0.0,0.0,1,1,0.011050090707744173,0.011050090707744173,0.22631311416625977,0.011842966079711914,70,2,-0.01105,-0.01105,1,1
10000,17,obesity,proteins,5.046468293750712e-18,0.0,0.0,0.29607415199279785,0.08896899223327637,0.0,0.0,1,1,0.005414263378529297,0.005414263378529297,0.24083423614501953,0.0869455337524414,70,33,-0.00541,-0.00541,1,1
10000,18,ama,edge,0.0,0.0,0.0,0.25547099113464355,0.00991678237915039,0.0,0.0,1,1,0.0035086184110415097,0.0035086184110415097,0.2547028064727783,0.01159214973449707,70,2,-0.00351,-0.00351,1,1
10000,19,le_cells,encephalopathy,0.0,0.0,0.0,0.2471449375152588,0.021742820739746094,0.0,0.0,1,1,0.004281387413475252,0.004281387413475252,0.2442171573638916,0.019305944442749023,70,5,-0.00428,-0.00428,1,1
10000,20,joints,ast,0.0,0.0,0.0,0.2595400810241699,0.016430377960205078,0.0,0.0,1,1,0.004456085460319788,0.0014807985021159141,0.28430747985839844,0.013005256652832031,70,2,-0.00743|-0.00148,-0.00148,2,1
10000,21,surgery,consciousness,-6.774242184153498e-17,0.0,0.0,0.23954272270202637,0.16368889808654785,-0.0,-0.0,1,1,0.0047425232932519394,0.0047425232932519394,0.22257256507873535,0.2130415439605713,70,40,-0.00474,-0.00474,1,1
10000,22,pain,vh_amn,0.0,0.0,0.0,0.24726366996765137,0.13481807708740234,0.0,0.0,1,1,0.0069207904381191265,0.0037788437599081894,0.2601583003997803,0.1144111156463623,70,39,0.00378|0.01006,0.00378,2,1
10000,23,fatigue,pressure_ruq,0.0,0.0,0.0,0.27000904083251953,0.014208078384399414,0.0,0.0,1,1,0.007641306856378301,0.007641306856378301,0.2624819278717041,0.011319637298583984,70,2,0.00764,0.00764,1,1
10000,24,jaundice,alcohol,0.0,0.0,0.0,0.2546086311340332,0.013275861740112305,0.0,0.0,1,1,0.006850553098931961,0.006850553098931961,0.25566840171813965,0.012035131454467773,70,2,0.00685,0.00685,1,1
10000,25,bleeding,ascites,0.0,0.0,0.0,0.2570149898529053,0.012878179550170898,0.0,0.0,1,1,0.0161224848286184,0.008425514985842552,0.2613532543182373,0.011494636535644531,70,2,-0.0257|-0.01424|-0.00843,-0.00843,3,1
10000,26,hbsag_anti,ama,0.0,0.0,0.0,0.2608938217163086,0.01241755485534668,0.0,0.0,1,1,0.009124890305143104,0.0038740159926060197,0.2585439682006836,0.00807952880859375,70,2,0.00387|0.01438,0.00387,2,1
10000,27,diabetes,fatigue,0.0,0.0,0.0,0.25357627868652344,0.08380436897277832,0.0,0.0,1,1,0.00648953642436372,0.00648953642436372,0.25031304359436035,0.08092856407165527,70,35,-0.00649,-0.00649,1,1
10000,28,albumin,Steatosis,1.0,0.0,0.0,0.23802757263183594,0.057091712951660156,1.0,1.0,1,1,0.0056888296978305775,0.0056888296978305775,0.25742578506469727,0.05847787857055664,70,32,1.00569,1.00569,1,1
10000,29,skin,PBC,1.0,0.0,0.0,0.28177905082702637,0.03354477882385254,1.0,1.0,1,1,0.007831958426311125,0.007831958426311125,0.3003981113433838,0.02781820297241211,70,19,0.99217,0.99217,1,1
10000,30,ChHepatitis,ascites,-1.636687341179345e-17,0.0,0.0,0.296123743057251,0.10880851745605469,-0.0,-0.0,1,1,0.02314220086096567,0.02314220086096567,0.2219071388244629,0.10244536399841309,70,38,0.02314,0.02314,1,1
10000,31,proteins,urea,0.0,0.0,0.0,0.24868321418762207,0.01564955711364746,0.0,0.0,1,1,0.0016348560726503472,0.0013065505010131245,0.27190113067626953,0.01606130599975586,70,2,-0.00196|-0.00131,-0.00131,2,1
10000,32,diabetes,irregular_liver,0.0,0.0,0.0,0.28769922256469727,0.07835125923156738,0.0,0.0,1,1,0.0006715620451861136,0.0006715620451861136,0.22743535041809082,0.06777358055114746,70,34,0.00067,0.00067,1,1
10000,33,hepatalgia,ggtp,0.0,0.0,0.0,0.2358531951904297,0.012484550476074219,0.0,0.0,1,1,0.002707992001340994,0.003376490363092473,0.24485516548156738,0.01019906997680664,70,2,0.00204|0.00338,0.00338,2,1
10000,34,encephalopathy,spleen,0.0,0.0,0.0,0.24950861930847168,0.018619537353515625,0.0,0.0,1,1,0.003882825483685224,0.003882825483685224,0.24770641326904297,0.015475273132324219,70,5,0.00388,0.00388,1,1
10000,35,hcv_anti,inr,0.0,0.0,0.0,0.47496819496154785,0.009649276733398438,0.0,0.0,1,1,0.00529055040154566,0.00529055040154566,0.24654197692871094,0.01064300537109375,70,2,-0.00529,-0.00529,1,1
10000,36,proteins,RHepatitis,0.0,0.0,0.0,0.2428426742553711,0.018611907958984375,0.0,0.0,1,1,0.002726007356187171,0.0018316146657305042,0.250380277633667,0.01730203628540039,70,11,-0.00362|-0.00183,-0.00183,2,1
10000,37,triglycerides,hbsag,0.0,0.0,0.0,0.22469782829284668,0.013343572616577148,0.0,0.0,1,1,0.008570996896479704,0.008570996896479704,0.25742459297180176,0.008728981018066406,70,2,-0.00857,-0.00857,1,1
10000,38,amylase,fatigue,0.0,0.0,0.0,0.20819997787475586,0.011625528335571289,0.0,0.0,1,1,0.011853932048635865,0.011853932048635865,0.24451065063476562,0.013825654983520508,70,2,0.01185,0.01185,1,1
10000,39,RHepatitis,edema,0.0,0.0,0.0,0.2543644905090332,0.02027106285095215,0.0,0.0,1,1,0.0052079367361412355,0.0052079367361412355,0.27446866035461426,0.021500587463378906,70,11,0.00521,0.00521,1,1
10000,40,urea,joints,0.0,0.0,0.0,0.33165931701660156,0.01804947853088379,0.0,0.0,1,1,0.007772292380031786,0.007772292380031786,0.3278028964996338,0.015517950057983398,70,2,0.00777,0.00777,1,1
10000,41,RHepatitis,amylase,0.0,0.0,0.0,0.33998894691467285,0.02156543731689453,0.0,0.0,1,1,0.03191113731391479,0.03191113731391479,0.2876713275909424,0.03883624076843262,70,11,0.03191,0.03191,1,1
10000,42,hbsag,THepatitis,0.0,0.0,0.0,0.1891188621520996,0.01377558708190918,0.0,0.0,1,1,0.002881489251800591,0.004363131307955767,0.19363689422607422,0.012613058090209961,70,12,-0.0014|0.00436,0.00436,2,1
10000,43,spiders,ChHepatitis,1.0,0.0,0.0,0.18873977661132812,0.061078786849975586,1.0,1.0,1,1,0.0055293599214856215,0.0055293599214856215,0.20331716537475586,0.06404542922973633,70,37,1.00553,1.00553,1,1
10000,44,RHepatitis,upper_pain,0.0,0.0,0.0,0.16100311279296875,0.013096332550048828,0.0,0.0,1,1,0.0018401478970329853,0.0018401478970329853,0.20064520835876465,0.008909940719604492,70,11,0.00184,0.00184,1,1
10000,45,diabetes,hospital,0.0,0.0,0.0,0.18557047843933105,0.10992884635925293,0.0,0.0,1,1,0.03138651321883992,0.03138651321883992,0.14528870582580566,0.08844399452209473,70,46,-0.03139,-0.03139,1,1
10000,46,spleen,hbsag_anti,0.0,0.0,0.0,0.208787202835083,0.005625009536743164,0.0,0.0,1,1,0.002286988461770775,0.002286988461770775,0.13681817054748535,0.003817319869995117,70,2,0.00229,0.00229,1,1
10000,47,pain,alcohol,0.0,0.0,0.0,0.13140082359313965,0.0061304569244384766,0.0,0.0,1,1,0.008316219426465522,0.0036010685767350076,0.11918020248413086,0.0046842098236083984,70,2,-0.01303|-0.0036,-0.0036,2,1
10000,48,hcv_anti,edema,0.0,0.0,0.0,0.11503839492797852,0.005383968353271484,0.0,0.0,1,1,0.0018439877911227,0.0018439877911227,0.11471271514892578,0.003444194793701172,70,2,-0.00184,-0.00184,1,1
10000,49,diabetes,pain_ruq,0.0,0.0,0.0,0.11770248413085938,0.03442025184631348,0.0,0.0,1,1,0.008174853574108125,0.008174853574108125,0.11589193344116211,0.03060436248779297,70,34,0.00817,0.00817,1,1
10000,50,ama,le_cells,0.0,0.0,0.0,0.11873769760131836,0.005845308303833008,0.0,0.0,1,1,0.0006399943918644145,0.0006399943918644145,0.12212157249450684,0.004208803176879883,70,2,0.00064,0.00064,1,1
10000,51,urea,hcv_anti,0.0,0.0,0.0,0.1168975830078125,0.005928993225097656,0.0,0.0,1,1,0.014218552366682223,0.014218552366682223,0.126359224319458,0.005575895309448242,70,2,-0.01422,-0.01422,1,1
10000,52,skin,pain_ruq,0.0,0.0,0.0,0.13316822052001953,0.008212804794311523,0.0,0.0,1,1,0.012359303373423778,0.012359303373423778,0.12289094924926758,0.004553556442260742,70,2,0.01236,0.01236,1,1
10000,53,edema,pain_ruq,0.0,0.0,0.0,0.18663668632507324,0.005417585372924805,0.0,0.0,1,1,0.002336794859560026,0.002336794859560026,0.1423032283782959,0.004409074783325195,70,2,0.00234,0.00234,1,1
10000,54,le_cells,alcohol,0.0,0.0,0.0,0.1372840404510498,0.007170915603637695,0.0,0.0,1,1,0.013273913018263264,0.013273913018263264,0.13410568237304688,0.0057256221771240234,70,2,0.01327,0.01327,1,1
10000,55,age,spiders,0.0,0.0,0.0,0.19881415367126465,0.06914353370666504,0.0,0.0,1,1,0.007501444488356784,0.007501444488356784,0.15225934982299805,0.02519512176513672,70,26,-0.0075,-0.0075,1,1
10000,56,joints,alcohol,0.0,0.0,0.0,0.12189054489135742,0.012313604354858398,0.0,0.0,1,1,0.0006664299589439684,0.0002913199340178282,0.2532527446746826,0.009715557098388672,70,2,-0.00104|-0.00029,-0.00029,2,1
10000,57,alt,hepatalgia,0.0,0.0,0.0,0.19323253631591797,0.0065996646881103516,0.0,0.0,1,1,0.00960696770480139,0.00960696770480139,0.15638065338134766,0.0036814212799072266,70,2,0.00961,0.00961,1,1
10000,58,albumin,phosphatase,0.0,0.0,0.0,0.18270540237426758,0.00528264045715332,0.0,0.0,1,1,0.004170434837375117,0.004170434837375117,0.14565253257751465,0.005370616912841797,70,2,0.00417,0.00417,1,1
10000,59,RHepatitis,consciousness,0.0,0.0,0.0,0.15513014793395996,0.014133930206298828,0.0,0.0,1,1,0.01994647946529114,0.01994647946529114,0.12803220748901367,0.0072727203369140625,70,11,0.01995,0.01995,1,1
10000,60,carcinoma,hbc_anti,0.0,0.0,0.0,0.1611027717590332,0.005550861358642578,0.0,0.0,1,1,0.010534390141114458,0.010534390141114458,0.14105772972106934,0.007653474807739258,70,2,0.01053,0.01053,1,1
10000,61,bleeding,ggtp,0.0,0.0,0.0,0.2940254211425781,0.01598048210144043,0.0,0.0,1,1,0.012036223239750343,0.004334136838958387,0.284867525100708,0.013623476028442383,70,2,0.00433|0.01443|0.01735,0.00433,3,1
10000,62,hcv_anti,hospital,2.0,0.0,0.0,0.3269021511077881,0.22281217575073242,2.0,2.0,1,1,0.038390444600796325,0.038390444600796325,0.2882997989654541,0.20717668533325195,70,40,1.96161,1.96161,1,1
10000,63,edema,THepatitis,0.0,0.0,0.0,0.14501428604125977,0.013154268264770508,0.0,0.0,1,1,0.007091374099893682,0.007091374099893682,0.1471118927001953,0.007334470748901367,70,12,0.00709,0.00709,1,1
10000,64,density,hbc_anti,0.0,0.0,0.0,0.11388468742370605,0.005886077880859375,0.0,0.0,1,1,0.005544557949994978,0.005544557949994978,0.1306164264678955,0.00392913818359375,70,2,0.00554,0.00554,1,1
10000,65,hbsag,consciousness,0.0,0.0,0.0,0.11751484870910645,0.007317781448364258,0.0,0.0,1,1,0.015369030260638732,0.010621634384039203,0.15511059761047363,0.009099721908569336,70,2,0.01062|0.02012,0.01062,2,1
10000,66,hbeag,cholesterol,0.0,0.0,0.0,0.18523573875427246,0.005881547927856445,0.0,0.0,1,1,0.002389998371199374,0.002389998371199374,0.19477319717407227,0.0044727325439453125,70,2,0.00239,0.00239,1,1
10000,67,le_cells,itching,0.0,0.0,0.0,0.16160249710083008,0.01035761833190918,0.0,0.0,1,1,0.003099526411957505,0.003099526411957505,0.14507412910461426,0.005231618881225586,70,2,0.0031,0.0031,1,1
10000,68,pain,hbsag,0.0,0.0,0.0,0.2036123275756836,0.009216785430908203,0.0,0.0,1,1,0.01648585054852706,0.007320712582932636,0.18201422691345215,0.01024174690246582,70,2,0.00732|0.02565,0.00732,2,1
10000,69,injections,albumin,-3.00060276925718e-18,0.0,0.0,0.184922456741333,0.06928277015686035,-0.0,-0.0,1,1,0.016703733790833057,0.016703733790833057,0.14536786079406738,0.06557297706604004,70,38,-0.0167,-0.0167,1,1
10000,70,hcv_anti,flatulence,0.0,0.0,0.0,0.18056464195251465,0.012032508850097656,0.0,0.0,1,1,0.011003910441525853,0.011003910441525853,0.16189289093017578,0.009259939193725586,70,2,0.011,0.011,1,1
10000,71,edge,itching,0.0,0.0,0.0,0.1793215274810791,0.006341218948364258,0.0,0.0,1,1,0.006935885852786774,0.006935885852786774,0.13297581672668457,0.004759550094604492,70,2,0.00694,0.00694,1,1
10000,72,hepatalgia,hbc_anti,0.0,0.0,0.0,0.1499021053314209,0.004510641098022461,0.0,0.0,1,1,0.01144065584086442,0.008156268506486047,0.1654956340789795,0.0039598941802978516,70,2,-0.01473|-0.00816,-0.00816,2,1
10000,73,hepatalgia,skin,0.0,0.0,0.0,0.11435270309448242,0.00812077522277832,0.0,0.0,1,1,0.012358423145664014,0.003982827409812262,0.12089204788208008,0.004181623458862305,70,2,-0.02073|-0.00398,-0.00398,2,1
10000,74,inr,platelet,0.0,0.25,0.25,0.12448811531066895,0.012221574783325195,0.0|0.5,0.0|0.5,2,2,0.25897170489668814,0.25897170489668814,0.11144590377807617,0.020745277404785156,70,3,-0.01929|0.49865,-0.01929|0.49865,2,2
10000,75,sex,fat,0.0,0.0,0.0,0.1329653263092041,0.024263620376586914,0.0,0.0,1,1,0.008889887124887069,0.008889887124887069,0.10961461067199707,0.029532909393310547,70,26,0.00889,0.00889,1,1
10000,76,hepatalgia,alcoholism,2.0,1.0,1.0,0.12195587158203125,0.0395963191986084,0.0|2.0,0.0|2.0,2,2,1.0020867278431107,1.0020867278431107,0.11288022994995117,0.049085140228271484,70,38,-0.00199|2.00218,-0.00199|2.00218,2,2
10000,77,pressure_ruq,hbsag_anti,0.0,0.0,0.0,0.15578985214233398,0.005273580551147461,0.0,0.0,1,1,0.0005543512802301203,0.0005543512802301203,0.10249495506286621,0.0038499832153320312,70,2,-0.00055,-0.00055,1,1
10000,78,sex,albumin,0.0,0.0,0.0,0.15145158767700195,0.022751331329345703,0.0,0.0,1,1,0.0033005925632409723,0.0033005925632409723,0.27779579162597656,0.02533578872680664,70,26,0.0033,0.0033,1,1
10000,79,phosphatase,proteins,0.0,0.0,0.0,0.14006352424621582,0.00801849365234375,0.0,0.0,1,1,0.0005895858378333271,0.0005895858378333271,0.1385033130645752,0.006552219390869141,70,2,-0.00059,-0.00059,1,1
10000,80,joints,urea,0.0,0.0,0.0,0.10972142219543457,0.010517597198486328,0.0,0.0,1,1,0.004164008260421501,0.0017883482421418365,0.11812877655029297,0.008963346481323242,70,2,-0.00654|0.00179,0.00179,2,1
10000,81,alt,hepatalgia,0.0,0.0,0.0,0.1273479461669922,0.017441511154174805,0.0,0.0,1,1,0.0005268060552719684,0.0005268060552719684,0.11893177032470703,0.0044057369232177734,70,2,-0.00053,-0.00053,1,1
10000,82,edge,inr,0.0,0.0,0.0,0.12082695960998535,0.005908012390136719,0.0,0.0,1,1,0.005539838788870038,0.005539838788870038,0.1079404354095459,0.004174232482910156,70,2,-0.00554,-0.00554,1,1
10000,83,joints,diabetes,0.0,0.0,0.0,0.12047338485717773,0.04965043067932129,0.0,0.0,1,1,0.005540585116798126,0.0045707044925866365,0.1626584529876709,0.062480926513671875,70,35,-0.00651|-0.00457,-0.00457,2,1
10000,84,skin,fatigue,0.0,0.0,0.0,0.10799741744995117,0.004442453384399414,0.0,0.0,1,1,0.005756967636627461,0.005756967636627461,0.1462700366973877,0.003657102584838867,70,2,0.00576,0.00576,1,1
10000,85,anorexia,hbc_anti,0.0,0.0,0.0,0.1126401424407959,0.004979848861694336,0.0,0.0,1,1,0.005567600236766731,0.005567600236766731,0.11279916763305664,0.004550933837890625,70,2,-0.00557,-0.00557,1,1
10000,86,choledocholithotomy,cholesterol,-6.774242184153498e-17,0.0,0.0,0.11432456970214844,0.13723373413085938,-0.0,-0.0,1,1,0.006758876553369777,0.006758876553369777,0.1617908477783203,0.10314226150512695,70,40,-0.00676,-0.00676,1,1
10000,87,age,joints,-1.7763568394002505e-17,0.0,0.0,0.14511418342590332,0.02489948272705078,-0.0,-0.0,1,1,0.003991647172758127,0.003991647172758127,0.20572638511657715,0.0373530387878418,70,25,-0.00399,-0.00399,1,1
10000,88,palms,THepatitis,0.0,0.0,0.0,0.23902440071105957,0.025357961654663086,0.0,0.0,1,1,0.0012881828033966592,0.0012881828033966592,0.29033851623535156,0.027617692947387695,70,12,-0.00129,-0.00129,1,1
10000,89,diabetes,choledocholithotomy,0.0,0.0,0.0,0.33986449241638184,0.2804994583129883,0.0,0.0,1,1,0.005685494290782355,0.005685494290782355,0.2956700325012207,0.3176543712615967,70,46,-0.00569,-0.00569,1,1
10000,90,age,hbsag,0.0,0.0,0.0,0.3096776008605957,0.06542038917541504,0.0,0.0,1,1,0.009350262956576707,0.009350262956576707,0.34048914909362793,0.057991743087768555,70,26,-0.00935,-0.00935,1,1
10000,91,proteins,skin,0.0,0.0,0.0,0.3080480098724365,0.020913124084472656,0.0,0.0,1,1,0.007043646776925684,0.003308602525689565,0.3507208824157715,0.03496193885803223,70,2,0.00331|0.01078,0.00331,2,1
10000,92,fat,hbeag,0.0,0.0,0.0,0.27066707611083984,0.13112831115722656,0.0,0.0,1,1,0.00842023943653667,0.00842023943653667,0.7435894012451172,0.07458209991455078,70,2,0.00842,0.00842,1,1
10000,93,irregular_liver,nausea,0.0,0.0,0.0,0.2348496913909912,0.014682531356811523,0.0,0.0,1,1,0.01355999330323671,0.01355999330323671,0.2575380802154541,0.01163935661315918,70,2,-0.01356,-0.01356,1,1
10000,94,bleeding,palms,0.0,0.0,0.0,0.3180878162384033,0.017918109893798828,0.0,0.0,1,1,0.012352858917267034,0.006576207353796413,0.32769346237182617,0.011902570724487305,70,2,-0.01598|-0.0145|-0.00658,-0.00658,3,1
10000,95,pain,choledocholithotomy,0.0,0.0,0.0,0.3166956901550293,0.23482346534729004,0.0,0.0,1,1,0.013976912496928302,0.012927453154781202,0.24739456176757812,0.20197200775146484,70,41,-0.01503|-0.01293,-0.01293,2,1
10000,96,Steatosis,carcinoma,-1.0327656043024712e-17,0.0,0.0,0.2643606662750244,0.0574946403503418,-0.0,-0.0,1,1,0.01605678501461511,0.01605678501461511,0.2534053325653076,0.06228232383728027,70,32,-0.01606,-0.01606,1,1
10000,97,bleeding,jaundice,0.0,0.0,0.0,0.26409411430358887,0.013428926467895508,0.0,0.0,1,1,0.003655252990739939,0.003314568640436954,0.25473594665527344,0.012609720230102539,70,2,-0.00331|-0.00284|0.00481,-0.00331,3,1
10000,98,vh_amn,RHepatitis,-1.2688263138573217e-16,0.0,0.0,0.2693753242492676,0.09489226341247559,-0.0,-0.0,1,1,0.012320715228827038,0.012320715228827038,0.3150913715362549,0.14920735359191895,70,42,0.01232,0.01232,1,1
10000,99,hbsag,ascites,0.0,0.0,0.0,0.23128366470336914,0.013636589050292969,0.0,0.0,1,1,0.003999203700095492,0.001337320731090451,0.43975090980529785,0.012914657592773438,70,2,-0.00134|0.00666,-0.00134,2,1
