Sample_Size,Exp_ID,T,Y,True_Effect,MAE_Full,MAE_Local,Time_Full,Time_Local,Eff_Full,Eff_Local,Set_Size_Full,Set_Size_Local,MAE_Full_n,MAE_Local_n,Time_Full_n,Time_Local_n,Vars_Full,Vars_Local,Eff_Full_n,Eff_Local_n,Set_Size_Full_n,Set_Size_Local_n
500,0,MakeModel,HomeBase,-3.218037752536688e-18,0.0,0.0,0.10133004188537598,0.05030202865600586,-0.0,-0.0,1,1,0.025550108280815036,0.025550108280815036,0.08918046951293945,0.05238533020019531,27,15,-0.02555,-0.02555,1,1
500,1,PropCost,OtherCar,0.0,0.0,0.0,0.12160801887512207,0.014169692993164062,0.0,0.0,1,1,0.02421613139326535,0.00861810386506897,0.08445477485656738,0.012470006942749023,27,2,-0.04302|-0.02101|-0.00862,-0.00862,3,1
500,2,OtherCar,Antilock,1.9131521763629933e-17,0.0,0.0,0.07219481468200684,0.023552656173706055,0.0,0.0,1,1,0.00377245827303474,0.00377245827303474,0.0828237533569336,0.025359392166137695,27,9,-0.00377,-0.00377,1,1
500,3,GoodStudent,OtherCar,0.0,0.0,0.0,0.08708047866821289,0.012395620346069336,0.0,0.0,1,1,0.009374076384569403,0.009374076384569403,0.08205008506774902,0.01025247573852539,27,2,0.00937,0.00937,1,1
500,4,Age,VehicleYear,-2.5139548132088618e-14,0.0,0.0,0.08930468559265137,0.09457921981811523,-0.0,-0.0,1,1,0.13396025002294407,0.13396025002294407,0.0816493034362793,0.09377574920654297,27,26,-0.13396,-0.13396,1,1
500,5,CarValue,DrivingSkill,-8.881784197001253e-17,0.30000000000000016,0.30000000000000016,0.07223725318908691,0.06558942794799805,-0.0|0.6,-0.0|0.6,2,2,0.2984389234025932,0.3068272586456956,0.18538236618041992,0.03547167778015137,27,11,-0.05475|0.01533|0.52535|0.59833,0.01533|0.59833,4,2
500,6,Theft,Mileage,0.9999999999999991,1.1666666666666667,0.9166666666666664,0.10278105735778809,0.03946852684020996,0.0|1.0|2.66667,0.0|1.0|2.66667,3,3,1.1077996992467725,0.9280354714759728,0.0817556381225586,0.03475332260131836,27,10,-0.10688|0.04827|1.02868|2.39384|2.54082|2.62484,-0.10688|0.04827|1.02868|2.62484,6,4
500,7,AntiTheft,Age,3.000000000000007,11.625,11.625,0.07796239852905273,0.08034634590148926,3.0|26.25,3.0|26.25,2,2,11.910637553344142,11.910637553344142,0.0892331600189209,0.09462285041809082,27,26,1.94347|25.76475,1.94347|25.76475,2,2
500,8,ILiCost,OtherCarCost,0.0,0.0,0.0,0.07831621170043945,0.0164492130279541,0.0,0.0,1,1,0.03126333931027698,0.03126333931027698,0.08800911903381348,0.012170076370239258,27,2,0.03126,0.03126,1,1
500,9,ThisCarDam,CarValue,0.0,0.6666666666666666,0.6666666666666666,0.08221173286437988,0.020653963088989258,0.0|1.33333,0.0|1.33333,2,2,0.6668209413260633,0.6668209413260633,0.09443092346191406,0.02036261558532715,27,3,0.00925|1.3244,0.00925|1.3244,2,2
500,10,OtherCar,ThisCarCost,0.0,0.0,0.0,0.0791921615600586,0.011976480484008789,0.0,0.0,1,1,0.002521306606736278,0.002521306606736278,0.10606551170349121,0.010095834732055664,27,2,-0.00252,-0.00252,1,1
500,11,HomeBase,Cushioning,7.40148683083438e-17,4.625929269271484e-17,9.251858538542968e-17,0.0656893253326416,0.011060476303100586,0.0,0.0,1,1,0.027612091439246294,0.007693472939103457,0.07526612281799316,0.010157585144042969,27,2,-0.04753|-0.00769,-0.00769,2,1
500,12,DrivingSkill,ILiCost,7.410382848659897e-17,0.0,0.0,0.0859978199005127,0.029146909713745117,0.0,0.0,1,1,0.021130366178712345,0.021130366178712345,0.0663919448852539,0.0253598690032959,27,10,0.02113,0.02113,1,1
500,13,SocioEcon,DrivingSkill,-2.4345301833527354e-14,0.0,0.0,0.06668210029602051,0.08181047439575195,-0.0,-0.0,1,1,0.38268980731081725,0.38268980731081725,0.07316446304321289,0.08769631385803223,27,25,0.38269,0.38269,1,1
500,14,DrivingSkill,HomeBase,1.4820765697319795e-16,0.0,0.0,0.06906771659851074,0.04579329490661621,0.0,0.0,1,1,0.11675047717527358,0.11675047717527358,0.06685709953308105,0.031402587890625,27,12,0.11675,0.11675,1,1
500,15,Age,HomeBase,-1.9618544901361713e-15,0.0,0.0,0.06503152847290039,0.08106470108032227,-0.0,-0.0,1,1,0.037910362091190176,0.037910362091190176,0.0788874626159668,0.08505129814147949,27,26,0.03791,0.03791,1,1
500,16,SeniorTrain,CarValue,-1.0785023667787232e-15,0.0,0.0,0.07912755012512207,0.03236031532287598,-0.0,-0.0,1,1,0.01883603118613015,0.01883603118613015,0.06258177757263184,0.031707048416137695,27,12,0.01884,0.01884,1,1
500,17,ThisCarDam,DrivingSkill,0.9999999999999997,0.16666666666666702,0.16666666666666702,0.06899619102478027,0.036749839782714844,1.0|1.33333,1.0|1.33333,2,2,0.1681104974576711,0.1681104974576711,0.06670212745666504,0.02653789520263672,27,10,0.98102|1.31724,0.98102|1.31724,2,2
500,18,DrivHist,HomeBase,0.0,0.0,0.0,0.06944870948791504,0.012347936630249023,0.0,0.0,1,1,0.016379887665249487,0.016379887665249487,0.07070469856262207,0.01135563850402832,27,2,-0.01638,-0.01638,1,1
500,19,CarValue,PropCost,0.0,0.1,0.1,0.07780313491821289,0.02458333969116211,0.0|0.2,0.0|0.2,2,2,0.10456743173888083,0.11133151646171131,0.0637974739074707,0.018740415573120117,27,3,-0.01763|-0.01412|0.18149|0.20503,-0.01763|0.20503,4,2
500,20,MedCost,SocioEcon,14.000000000000014,4.000000000000002,4.000000000000002,0.07398724555969238,0.09292340278625488,6.0|14.0,6.0|14.0,2,2,3.7472764037022483,3.7472764037022483,0.07157731056213379,0.07938933372497559,27,25,6.98228|14.47683,6.98228|14.47683,2,2
500,21,CarValue,RiskAversion,1.9999999999999993,2.300000000000001,2.300000000000001,0.06401777267456055,0.07796311378479004,2.0|3.0|5.6|6.6,2.0|3.0|5.6|6.6,4,4,2.2757070930300327,2.2757070930300327,0.06566667556762695,0.0803220272064209,27,22,1.86865|2.69901|5.63366|6.63881,1.86865|2.69901|5.63366|6.63881,4,4
500,22,SocioEcon,DrivingSkill,-2.4345301833527354e-14,0.0,0.0,0.08010363578796387,0.09259200096130371,-0.0,-0.0,1,1,0.13210129622576666,0.13210129622576666,0.0674130916595459,0.08090925216674805,27,25,-0.1321,-0.1321,1,1
500,23,Mileage,Cushioning,-2.2877322931669887e-16,0.0,0.0,0.10670280456542969,0.038915157318115234,-0.0,-0.0,1,1,0.08451616017837273,0.08451616017837273,0.08116936683654785,0.040572166442871094,27,10,-0.08452,-0.08452,1,1
500,24,PropCost,SocioEcon,32.00000000000001,10.666666666666671,10.666666666666671,0.06683516502380371,0.09495973587036133,10.0|22.0|32.0,10.0|22.0|32.0,3,3,12.793834154325253,12.793834154325253,0.07987833023071289,0.08395838737487793,27,25,8.53657|18.78214|30.29979,8.53657|18.78214|30.29979,3,3
500,25,DrivingSkill,Accident,1.3315559481241456e-15,0.0,0.0,0.07259869575500488,0.0364222526550293,0.0,0.0,1,1,0.04770817378648231,0.04770817378648231,0.08710360527038574,0.042999982833862305,27,10,-0.04771,-0.04771,1,1
500,26,SocioEcon,Mileage,-2.004099040193239e-14,0.0,0.0,0.0917356014251709,0.08915209770202637,-0.0,-0.0,1,1,0.10989658783312907,0.10989658783312907,0.07522249221801758,0.09353184700012207,27,26,-0.1099,-0.1099,1,1
500,27,SeniorTrain,ThisCarDam,1.903239470785982e-16,0.0,0.0,0.07531952857971191,0.028772592544555664,0.0,0.0,1,1,0.028376519071042914,0.028376519071042914,0.055884599685668945,0.026865243911743164,27,11,0.02838,0.02838,1,1
500,28,Theft,ThisCarDam,0.0,0.3333333333333333,0.3333333333333333,0.06544327735900879,0.030062437057495117,0.0|0.66667,0.0|0.66667,2,2,0.35008234990148795,0.37596763770640257,0.05734992027282715,0.01838207244873047,27,3,-0.10559|-0.09712|-0.03886|0.5786|0.62551|0.65481,-0.09712|0.65481,6,2
500,29,Theft,DrivQuality,0.0,0.5000000000000002,0.5000000000000001,0.07404661178588867,0.028125524520874023,0.0|1.0,0.0|1.0,2,2,0.5359644583038398,0.5346218407711122,0.07840776443481445,0.030298709869384766,27,9,-0.21451|-0.10995|-0.10173|0.88657|0.93552|0.96751,-0.10173|0.96751,6,2
500,30,SeniorTrain,DrivHist,2.775557561562891e-16,0.0,0.0,0.0805819034576416,0.03716015815734863,0.0,0.0,1,1,0.024846481283150382,0.024846481283150382,0.06652283668518066,0.023272037506103516,27,11,0.02485,0.02485,1,1
500,31,SocioEcon,DrivingSkill,-2.4345301833527354e-14,0.0,0.0,0.07378029823303223,0.10254216194152832,-0.0,-0.0,1,1,0.10050259345283147,0.10050259345283147,0.08458137512207031,0.09308552742004395,27,25,-0.1005,-0.1005,1,1
500,32,SeniorTrain,ILiCost,-1.903239470785982e-16,0.0,0.0,0.0899496078491211,0.017866849899291992,-0.0,-0.0,1,1,0.004199049554064335,0.004199049554064335,0.06640410423278809,0.015008926391601562,27,11,-0.0042,-0.0042,1,1
500,33,ThisCarCost,Antilock,1.0000000000000009,0.41666666666666646,0.3333333333333333,0.03623318672180176,0.024762630462646484,0.5|1.0|1.5,0.5|1.0|1.5,3,3,0.25007750572070137,0.38570389585699516,0.04777407646179199,0.02073216438293457,27,8,0.37585|0.87832|1.07448|1.07584|1.19304|1.41129,0.37585|0.87832|1.41129,6,3
500,34,ThisCarDam,Cushioning,3.2869204384208823e-32,9.868649107779167e-17,1.9737298215558335e-16,0.06271910667419434,0.0057790279388427734,0.0,0.0,1,1,0.01316525034760697,0.0034641969200583165,0.03450298309326172,0.004743814468383789,27,2,0.00346|0.02287,0.00346,2,1
500,35,SeniorTrain,Mileage,-2.791417890486107e-15,0.0,0.0,0.044655561447143555,0.019801616668701172,-0.0,-0.0,1,1,0.1133222838783921,0.1133222838783921,0.053745269775390625,0.030690908432006836,27,13,-0.11332,-0.11332,1,1
500,36,VehicleYear,DrivQuality,1.846945093435058e-16,0.0,0.0,0.05095791816711426,0.018114328384399414,0.0,0.0,1,1,0.09090555595594645,0.09090555595594645,0.03704118728637695,0.025631189346313477,27,14,0.09091,0.09091,1,1
500,37,OtherCar,RiskAversion,1.3967002158007553e-16,0.0,0.0,0.059122562408447266,0.06045985221862793,0.0,0.0,1,1,0.024917442435797844,0.024917442435797844,0.0677030086517334,0.04813790321350098,27,23,0.02492,0.02492,1,1
500,38,MedCost,RuggedAuto,1.0000000000000004,0.5,0.5,0.041819095611572266,0.025350093841552734,0.0|1.0,0.0|1.0,2,2,0.5300405089924788,0.5300405089924788,0.03602886199951172,0.0201108455657959,27,7,-0.04795|1.01213,-0.04795|1.01213,2,2
500,39,ThisCarCost,Airbag,5.921189464667501e-16,2.467162276944792e-16,2.9605947323337506e-16,0.04291963577270508,0.006665706634521484,0.0,0.0,1,1,0.026695361477396307,0.003371670417927497,0.07081794738769531,0.005654335021972656,27,2,-0.04413|-0.04295|-0.01008|-0.00855|0.00337|0.05109,0.00337,6,1
500,40,OtherCarCost,AntiTheft,0.0,0.25,0.25,0.06039929389953613,0.013460159301757812,0.0|0.5,0.0|0.5,2,2,0.2694331980432423,0.2694331980432423,0.04576396942138672,0.012451171875,27,5,-0.0161|0.52276,-0.0161|0.52276,2,2
500,41,DrivHist,MedCost,0.0,0.0,0.0,0.0317075252532959,0.01512908935546875,0.0,0.0,1,1,0.03393352355824839,0.03393352355824839,0.044054269790649414,0.005576372146606445,27,2,-0.03393,-0.03393,1,1
500,42,Theft,VehicleYear,1.0,1.6666666666666679,1.166666666666667,0.03475642204284668,0.027683734893798828,0.0|1.0|3.66667,0.0|1.0|3.66667,3,3,1.6181257175404935,1.2885964774188992,0.06930398941040039,0.02088642120361328,27,14,-0.21689|-0.01509|0.64127|3.09757|3.4568|3.56368,-0.21689|-0.01509|0.64127|3.56368,6,4
500,43,ThisCarCost,DrivQuality,1.0000000000000009,0.41666666666666646,0.3333333333333333,0.06280231475830078,0.010502815246582031,0.5|1.0|1.5,0.5|1.0|1.5,3,3,0.3611945937636139,0.32020923927187034,0.03255057334899902,0.01050257682800293,27,8,0.58357|0.9299|1.38881|1.38908|1.42866|1.4741,0.58357|0.9299|1.4741,6,3
500,44,Airbag,DrivQuality,0.0,0.16666666666666705,0.16666666666666705,0.0306093692779541,0.02328658103942871,0.0|0.33333,0.0|0.33333,2,2,0.16477814579754185,0.16477814579754185,0.042853593826293945,0.01674938201904297,27,10,-0.00405|0.32551,-0.00405|0.32551,2,2
500,45,MedCost,RiskAversion,8.000000000000009,1.9999999999999996,1.9999999999999996,0.03478527069091797,0.03705430030822754,4.0|8.0,4.0|8.0,2,2,2.242112965375887,2.242112965375887,0.032288551330566406,0.03740429878234863,27,22,3.69266|7.82311,3.69266|7.82311,2,2
500,46,RuggedAuto,PropCost,6.869504964868154e-17,0.0,0.0,0.025462627410888672,0.009459972381591797,0.0,0.0,1,1,0.0452072795906448,0.0452072795906448,0.0442967414855957,0.007864952087402344,27,6,-0.04521,-0.04521,1,1
500,47,MakeModel,DrivQuality,-6.729870433221625e-16,0.0,0.0,0.04417300224304199,0.021320581436157227,-0.0,-0.0,1,1,0.05575417362132207,0.05575417362132207,0.0384366512298584,0.025394439697265625,27,14,-0.05575,-0.05575,1,1
500,48,PropCost,MakeModel,6.0,2.0,2.0,0.023470163345336914,0.020627975463867188,2.0|4.0|6.0,2.0|4.0|6.0,3,3,1.9893380696016134,1.9893380696016134,0.03395366668701172,0.03718686103820801,27,13,2.35991|3.74525|5.92682,2.35991|3.74525|5.92682,3,3
500,49,MedCost,ThisCarDam,5.921189464667493e-16,4.930380657631324e-32,0.0,0.04849076271057129,0.005444049835205078,0.0,0.0,1,1,0.028447709807086025,0.003442991640390693,0.09541702270507812,0.004709482192993164,27,2,0.00344|0.05345,0.00344,2,1
500,50,SeniorTrain,RuggedAuto,5.075305255429286e-16,0.0,0.0,0.07364058494567871,0.016750097274780273,0.0,0.0,1,1,0.05923765962210107,0.05923765962210107,0.07664775848388672,0.0160982608795166,27,13,-0.05924,-0.05924,1,1
500,51,OtherCarCost,ThisCarDam,0.0,0.25,0.25,0.042897701263427734,0.007642984390258789,0.0|0.5,0.0|0.5,2,2,0.2871220322176972,0.2871220322176972,0.026216983795166016,0.00722813606262207,27,4,0.0792|0.49504,0.0792|0.49504,2,2
500,52,GoodStudent,Theft,0.0,0.0,0.0,0.032369375228881836,0.004559993743896484,0.0,0.0,1,1,0.03265247398653821,0.03265247398653821,0.02587103843688965,0.0031054019927978516,27,2,0.03265,0.03265,1,1
500,53,GoodStudent,DrivingSkill,1.9131521763629933e-17,0.0,0.0,0.03379034996032715,0.012917518615722656,0.0,0.0,1,1,0.026282263974229447,0.026282263974229447,0.033200979232788086,0.011666059494018555,27,11,0.02628,0.02628,1,1
500,54,DrivQuality,MakeModel,-2.5837917664003636e-15,0.0,0.0,0.032488346099853516,0.016492366790771484,-0.0,-0.0,1,1,0.19203641357224147,0.19203641357224147,0.026529550552368164,0.03098440170288086,27,14,-0.19204,-0.19204,1,1
500,55,HomeBase,VehicleYear,0.0,1.3750000000000009,1.3750000000000009,0.026445388793945312,0.022444725036621094,0.0|2.75,0.0|2.75,2,2,1.4195299075633856,1.4195299075633856,0.030897855758666992,0.01814723014831543,27,15,-0.07604|2.76302,-0.07604|2.76302,2,2
500,56,DrivQuality,Airbag,2.018587317500284e-17,0.0,0.0,0.02826714515686035,0.011328458786010742,0.0,0.0,1,1,0.059886972481443576,0.059886972481443576,0.023521900177001953,0.011330366134643555,27,10,0.05989,0.05989,1,1
500,57,AntiTheft,PropCost,0.0,0.125,0.125,0.038376569747924805,0.008971691131591797,0.0|0.25,0.0|0.25,2,2,0.1613951419099336,0.1613951419099336,0.03703665733337402,0.00799703598022461,27,4,-0.06528|0.25751,-0.06528|0.25751,2,2
500,58,RiskAversion,PropCost,1.1232471001643925e-15,0.0,0.0,0.030802249908447266,0.02931976318359375,0.0,0.0,1,1,0.014473172749666615,0.014473172749666615,0.033867835998535156,0.035456180572509766,27,22,-0.01447,-0.01447,1,1
500,59,DrivingSkill,Theft,1.4820765697319795e-16,0.0,0.0,0.031374454498291016,0.016431808471679688,0.0,0.0,1,1,0.08693436351410508,0.08693436351410508,0.04121899604797363,0.015694856643676758,27,11,0.08693,0.08693,1,1
500,60,PropCost,Mileage,4.0,1.3333333333333337,1.3333333333333337,0.03991389274597168,0.009527921676635742,1.0|3.0|4.0,1.0|3.0|4.0,3,3,1.2731861653129655,1.2731861653129655,0.031366586685180664,0.009678125381469727,27,9,0.88011|3.69096|4.39063,0.88011|3.69096|4.39063,3,3
500,61,RuggedAuto,AntiTheft,-3.2959746043559325e-16,0.0,0.0,0.031066179275512695,0.017314672470092773,-0.0,-0.0,1,1,0.041898119537433866,0.041898119537433866,0.025812387466430664,0.009929895401000977,27,8,0.0419,0.0419,1,1
500,62,OtherCar,Airbag,1.9131521763629933e-17,0.0,0.0,0.0319974422454834,0.004594087600708008,0.0,0.0,1,1,0.038588962602405685,0.038588962602405685,0.03590893745422363,0.005968809127807617,27,2,0.03859,0.03859,1,1
500,63,MedCost,MakeModel,3.0000000000000036,1.0000000000000004,1.0000000000000004,0.047460317611694336,0.01823568344116211,1.0|3.0,1.0|3.0,2,2,1.2578731736360764,1.2578731736360764,0.029135465621948242,0.020105600357055664,27,13,0.57104|3.08678,0.57104|3.08678,2,2
500,64,SeniorTrain,MakeModel,-2.0301221021717143e-15,0.0,0.0,0.029490232467651367,0.027252197265625,-0.0,-0.0,1,1,0.008465680354870924,0.008465680354870924,0.0373227596282959,0.025011777877807617,27,17,-0.00847,-0.00847,1,1
500,65,Mileage,DrivQuality,0.0,0.0,0.0,0.03654074668884277,0.01361989974975586,0.0,0.0,1,1,0.004490764812835666,0.004490764812835666,0.02694559097290039,0.013873100280761719,27,10,-0.00449,-0.00449,1,1
500,66,DrivHist,Mileage,0.0,0.0,0.0,0.027380704879760742,0.013009309768676758,0.0,0.0,1,1,0.006910118699843345,0.006910118699843345,0.03817248344421387,0.008656501770019531,27,10,-0.00691,-0.00691,1,1
500,67,Cushioning,SocioEcon,7.999999999999998,1.333333333333333,1.333333333333333,0.031006574630737305,0.05593156814575195,7.0|8.0|11.0,7.0|8.0|11.0,3,3,1.3392467394838874,1.3392467394838874,0.04460859298706055,0.03897380828857422,27,25,7.07468|8.09442|10.99799,7.07468|8.09442|10.99799,3,3
500,68,SocioEcon,SeniorTrain,-3.0367781891402993e-14,0.0,0.0,0.03447890281677246,0.044168949127197266,-0.0,-0.0,1,1,0.047741259006049024,0.047741259006049024,0.04421496391296387,0.055387258529663086,27,25,0.04774,0.04774,1,1
500,69,ThisCarCost,SocioEcon,22.000000000000007,4.5,4.5,0.04179644584655762,0.05651259422302246,15.0|17.0|19.0|22.0|27.0,15.0|17.0|19.0|22.0|27.0,5,5,4.2808307229946205,4.2808307229946205,0.05811810493469238,0.039690256118774414,27,25,15.3135|15.37051|17.52632|19.84611|22.52377|27.21765,15.3135|15.37051|17.52632|19.84611|22.52377|27.21765,6,6
500,70,ThisCarDam,Antilock,0.9999999999999997,0.16666666666666702,0.16666666666666702,0.02687811851501465,0.01039266586303711,1.0|1.33333,1.0|1.33333,2,2,0.260523521928437,0.260523521928437,0.03256821632385254,0.01069188117980957,27,8,1.15985|1.3612,1.15985|1.3612,2,2
500,71,VehicleYear,DrivingSkill,1.846945093435058e-16,0.0,0.0,0.04037928581237793,0.022181272506713867,0.0,0.0,1,1,0.14855049348473,0.14855049348473,0.025378942489624023,0.028020143508911133,27,16,0.14855,0.14855,1,1
500,72,SocioEcon,RuggedAuto,1.6902059571982176e-14,0.0,0.0,0.028209924697875977,0.03633570671081543,0.0,0.0,1,1,0.057817792951917246,0.057817792951917246,0.03553462028503418,0.04301738739013672,27,25,0.05782,0.05782,1,1
500,73,GoodStudent,Theft,0.0,0.0,0.0,0.029275894165039062,0.0044193267822265625,0.0,0.0,1,1,0.031166449010213676,0.031166449010213676,0.035265445709228516,0.005395412445068359,27,2,0.03117,0.03117,1,1
500,74,DrivQuality,SeniorTrain,1.0000000000000018,0.0,0.0,0.031562089920043945,0.013513565063476562,1.0,1.0,1,1,0.03045656719058143,0.03045656719058143,0.034427642822265625,0.014323711395263672,27,11,1.03046,1.03046,1,1
500,75,ILiCost,DrivHist,0.0,0.0,0.0,0.03602886199951172,0.00893092155456543,0.0,0.0,1,1,0.03902548859374178,0.03902548859374178,0.044064998626708984,0.0038614273071289062,27,2,0.03903,0.03903,1,1
500,76,CarValue,MedCost,0.0,5.921189464667501e-17,1.1842378929335003e-16,0.03405475616455078,0.00471806526184082,0.0,0.0,1,1,0.026881171821333632,0.005888310793273077,0.04289817810058594,0.005563974380493164,27,2,-0.03933|0.00589|0.00887|0.05343,0.00589,4,1
500,77,DrivingSkill,Antilock,1.3315559481241456e-15,0.0,0.0,0.04324531555175781,0.01599407196044922,0.0,0.0,1,1,0.03405607764805727,0.03405607764805727,0.03161358833312988,0.014071226119995117,27,11,0.03406,0.03406,1,1
500,78,OtherCar,Airbag,1.9131521763629933e-17,0.0,0.0,0.02837514877319336,0.006332874298095703,0.0,0.0,1,1,0.008982945722043327,0.008982945722043327,0.03342437744140625,0.003735065460205078,27,2,0.00898,0.00898,1,1
500,79,RuggedAuto,Antilock,-1.5765166949677218e-15,0.0,0.0,0.03407454490661621,0.021233558654785156,-0.0,-0.0,1,1,0.15166672206974582,0.15166672206974582,0.05908012390136719,0.01801919937133789,27,10,0.15167,0.15167,1,1
500,80,CarValue,DrivingSkill,-8.881784197001253e-17,0.30000000000000016,0.30000000000000016,0.03512835502624512,0.013036966323852539,-0.0|0.6,-0.0|0.6,2,2,0.40803985853087116,0.3711931472031962,0.026295185089111328,0.01137089729309082,27,11,-0.30325|-0.13354|0.58652|0.60885,-0.13354|0.60885,4,2
500,81,HomeBase,Antilock,2.220446049250313e-16,0.375,0.375,0.03128314018249512,0.011073827743530273,0.0|0.75,0.0|0.75,2,2,0.39929210223787126,0.39929210223787126,0.03705024719238281,0.009397745132446289,27,10,-0.05563|0.74295,-0.05563|0.74295,2,2
500,82,SeniorTrain,OtherCarCost,-1.2688263138573214e-16,0.0,0.0,0.04175996780395508,0.015091896057128906,-0.0,-0.0,1,1,0.05097317827334145,0.05097317827334145,0.03226637840270996,0.013708829879760742,27,11,-0.05097,-0.05097,1,1
500,83,Cushioning,AntiTheft,-1.4791141972893958e-31,2.220446049250312e-16,3.330669073875468e-16,0.04180598258972168,0.004817485809326172,0.0,0.0,1,1,0.014075503661677197,0.010769657025993085,0.034063100814819336,0.0030975341796875,27,2,0.00865|0.01077|0.02281,0.01077,3,1
500,84,DrivHist,DrivQuality,0.0,0.0,0.0,0.025304317474365234,0.016179561614990234,0.0,0.0,1,1,0.022189579969359795,0.022189579969359795,0.04284358024597168,0.010679483413696289,27,9,0.02219,0.02219,1,1
500,85,Mileage,Age,6.890111377067637e-15,0.0,0.0,0.03534507751464844,0.04868769645690918,0.0,0.0,1,1,0.3828249794582487,0.3828249794582487,0.03252077102661133,0.0349578857421875,27,27,0.38282,0.38282,1,1
500,86,VehicleYear,OtherCar,-1.2985644305883714e-17,0.0,0.0,0.07042098045349121,0.03696179389953613,-0.0,-0.0,1,1,0.025101499899866916,0.025101499899866916,0.04877018928527832,0.03494858741760254,27,14,0.0251,0.0251,1,1
500,87,AntiTheft,Cushioning,7.40148683083438e-17,4.625929269271484e-17,9.251858538542968e-17,0.03844165802001953,0.011564493179321289,0.0,0.0,1,1,0.002236370772961155,0.0025015236353332364,0.06352066993713379,0.009598016738891602,27,2,-0.0025|-0.00197,-0.0025,2,1
500,88,SocioEcon,DrivHist,-5.5678846428789905e-15,0.0,0.0,0.06455492973327637,0.03725695610046387,-0.0,-0.0,1,1,0.17341357530279988,0.17341357530279988,0.041124820709228516,0.05652308464050293,27,25,-0.17341,-0.17341,1,1
500,89,GoodStudent,Theft,0.0,0.0,0.0,0.05056500434875488,0.005850791931152344,0.0,0.0,1,1,0.046209564268146756,0.046209564268146756,0.04266762733459473,0.007771730422973633,27,2,-0.04621,-0.04621,1,1
500,90,VehicleYear,SeniorTrain,3.726443022468693e-15,0.0,0.0,0.06869029998779297,0.03710150718688965,0.0,0.0,1,1,0.012369337920921692,0.012369337920921692,0.05288076400756836,0.05201148986816406,27,17,0.01237,0.01237,1,1
500,91,DrivQuality,OtherCar,-1.1205410585525733e-33,0.0,0.0,0.053823232650756836,0.02314472198486328,-0.0,-0.0,1,1,0.02872502743738284,0.02872502743738284,0.059918880462646484,0.017472505569458008,27,9,-0.02873,-0.02873,1,1
500,92,AntiTheft,RuggedAuto,2.220446049250313e-16,0.375,0.375,0.06237077713012695,0.01722240447998047,0.0|0.75,0.0|0.75,2,2,0.3800914507706017,0.3800914507706017,0.04440140724182129,0.01919698715209961,27,8,0.01238|0.7478,0.01238|0.7478,2,2
500,93,ILiCost,OtherCarCost,0.0,0.0,0.0,0.0267331600189209,0.00524592399597168,0.0,0.0,1,1,0.03966434204847039,0.03966434204847039,0.1904897689819336,0.004029035568237305,27,2,0.03966,0.03966,1,1
500,94,Cushioning,AntiTheft,-1.4791141972893958e-31,2.220446049250312e-16,3.330669073875468e-16,0.031358957290649414,0.004612922668457031,0.0,0.0,1,1,0.01716238033996945,0.009701039411471657,0.03790783882141113,0.003043651580810547,27,2,-0.00988|0.0097|0.0319,0.0097,3,1
500,95,Cushioning,ThisCarCost,-9.860761315262639e-32,1.9737298215558328e-16,2.960594732333749e-16,0.03989887237548828,0.004244804382324219,0.0,0.0,1,1,0.020790581749917356,0.005828867976060345,0.02329230308532715,0.003935813903808594,27,2,0.00583|0.01809|0.03845,0.00583,3,1
500,96,Mileage,OtherCar,-9.151085311512682e-33,0.0,0.0,0.03918910026550293,0.014891386032104492,-0.0,-0.0,1,1,0.10072979645703443,0.10072979645703443,0.036036014556884766,0.011138200759887695,27,10,-0.10073,-0.10073,1,1
500,97,MakeModel,Age,3.0000000000000036,0.0,0.0,0.026120424270629883,0.04379916191101074,3.0,3.0,1,1,1.1405157922438058,1.1405157922438058,0.042913198471069336,0.04024839401245117,27,26,1.85948,1.85948,1,1
500,98,RuggedAuto,HomeBase,-3.2959746043559325e-16,0.0,0.0,0.03466057777404785,0.011067390441894531,-0.0,-0.0,1,1,0.018209593422972965,0.018209593422972965,0.027557373046875,0.013739585876464844,27,8,0.01821,0.01821,1,1
500,99,PropCost,GoodStudent,0.0,0.0,0.0,0.04158616065979004,0.004467487335205078,0.0,0.0,1,1,0.09924846700216443,0.06829763920452621,0.023517847061157227,0.0044820308685302734,27,2,0.0683|0.10978|0.11967,0.0683,3,1
1000,0,RuggedAuto,Age,6.000000000000001,0.0,0.0,0.0274050235748291,0.03691434860229492,6.0,6.0,1,1,1.012435878750698,1.012435878750698,0.0476071834564209,0.03484010696411133,27,26,7.01244,7.01244,1,1
1000,1,ILiCost,MedCost,2.9605947323337506e-16,0.0,0.0,0.02692437171936035,0.004512786865234375,0.0,0.0,1,1,0.0022793766669528563,0.0022793766669528563,0.03562021255493164,0.0030291080474853516,27,2,0.00228,0.00228,1,1
1000,2,DrivQuality,MakeModel,-2.5837917664003636e-15,0.0,0.0,0.045003652572631836,0.020382165908813477,-0.0,-0.0,1,1,0.10501763034603899,0.10501763034603899,0.025189638137817383,0.01781153678894043,27,14,-0.10502,-0.10502,1,1
1000,3,Mileage,HomeBase,0.0,0.0,0.0,0.028153657913208008,0.017465591430664062,0.0,0.0,1,1,0.031664291631043257,0.031664291631043257,0.034111976623535156,0.01102137565612793,27,11,0.03166,0.03166,1,1
1000,4,OtherCar,MedCost,1.9131521763629933e-17,0.0,0.0,0.03225588798522949,0.005285501480102539,0.0,0.0,1,1,0.0014670104269120284,0.0014670104269120284,0.05287981033325195,0.004606723785400391,27,2,-0.00147,-0.00147,1,1
1000,5,Mileage,SocioEcon,3.014423727467091e-14,0.0,0.0,0.03910565376281738,0.07115435600280762,0.0,0.0,1,1,0.1361512882067148,0.1361512882067148,0.046671390533447266,0.060073137283325195,27,26,-0.13615,-0.13615,1,1
1000,6,DrivingSkill,Antilock,1.3315559481241456e-15,0.0,0.0,0.047265052795410156,0.01596665382385254,0.0,0.0,1,1,0.10077403284288534,0.10077403284288534,0.04115128517150879,0.012987136840820312,27,11,-0.10077,-0.10077,1,1
1000,7,Cushioning,DrivingSkill,0.0,0.333333333333334,0.2500000000000005,0.023755550384521484,0.01959538459777832,0.0|0.5,0.0|0.5,2,2,0.38748544515277145,0.28359027542064036,0.041016340255737305,0.01564335823059082,27,11,0.04524|0.52194|0.59528,0.04524|0.52194,3,2
1000,8,VehicleYear,PropCost,6.181612149456112e-16,0.0,0.0,0.03671574592590332,0.01656198501586914,0.0,0.0,1,1,0.025468692701725287,0.025468692701725287,0.02743387222290039,0.01311635971069336,27,13,-0.02547,-0.02547,1,1
1000,9,ThisCarCost,RuggedAuto,1.0000000000000004,0.4166666666666667,0.3333333333333333,0.030014753341674805,0.009440183639526367,0.5|1.0|1.5,0.5|1.0|1.5,3,3,0.3762440292169784,0.36801901994224934,0.03680777549743652,0.012165546417236328,27,6,0.44144|0.92674|1.37755|1.37846|1.39739|1.47225,0.44144|0.92674|1.47225,6,3
1000,10,DrivHist,ILiCost,0.0,0.0,0.0,0.033074378967285156,0.005284547805786133,0.0,0.0,1,1,0.05111196771178353,0.05111196771178353,0.029811620712280273,0.0030126571655273438,27,2,-0.05111,-0.05111,1,1
1000,11,OtherCar,OtherCarCost,0.0,0.0,0.0,0.03271937370300293,0.004517078399658203,0.0,0.0,1,1,0.021453852831689737,0.021453852831689737,0.026237010955810547,0.003882169723510742,27,2,-0.02145,-0.02145,1,1
1000,12,VehicleYear,OtherCar,-1.2985644305883714e-17,0.0,0.0,0.036607980728149414,0.026047229766845703,-0.0,-0.0,1,1,0.027304565277232,0.027304565277232,0.031453847885131836,0.018386125564575195,27,14,-0.0273,-0.0273,1,1
1000,13,Accident,OtherCar,-7.258615968179446e-33,0.0,0.0,0.04172873497009277,0.008916616439819336,-0.0,-0.0,1,1,0.025112548714625586,0.025112548714625586,0.03235435485839844,0.008103370666503906,27,8,-0.02511,-0.02511,1,1
1000,14,MakeModel,ILiCost,-6.623645390742058e-16,0.0,0.0,0.0342257022857666,0.018346548080444336,-0.0,-0.0,1,1,0.027942938973630007,0.027942938973630007,0.02861642837524414,0.030518531799316406,27,13,-0.02794,-0.02794,1,1
1000,15,Antilock,Age,6.000000000000036,0.0,0.0,0.0259706974029541,0.036222219467163086,6.0,6.0,1,1,0.9271926027742126,0.9271926027742126,0.03637361526489258,0.04386425018310547,27,26,5.07281,5.07281,1,1
1000,16,MakeModel,ThisCarCost,-5.482582837655092e-18,0.0,0.0,0.029896974563598633,0.01952362060546875,-0.0,-0.0,1,1,0.04064476547987485,0.04064476547987485,0.040978193283081055,0.017435073852539062,27,13,-0.04064,-0.04064,1,1
1000,17,AntiTheft,DrivingSkill,2.220446049250313e-16,0.375,0.375,0.03675103187561035,0.021944046020507812,0.0|0.75,0.0|0.75,2,2,0.4100854591480981,0.4100854591480981,0.03817605972290039,0.022275447845458984,27,12,-0.07925|0.74092,-0.07925|0.74092,2,2
1000,18,MakeModel,OtherCar,-1.4912879766909555e-32,0.0,0.0,0.0272061824798584,0.01881885528564453,-0.0,-0.0,1,1,0.002648899781882766,0.002648899781882766,0.042180538177490234,0.017705917358398438,27,14,0.00265,0.00265,1,1
1000,19,ThisCarCost,RuggedAuto,1.0000000000000004,0.4166666666666667,0.3333333333333333,0.03430676460266113,0.013449907302856445,0.5|1.0|1.5,0.5|1.0|1.5,3,3,0.4406408180869817,0.4097900999941655,0.04291892051696777,0.010195255279541016,27,6,0.37906|0.8822|1.41977|1.48377|1.49063|1.51093,0.37906|0.8822|1.49063,6,3
1000,20,HomeBase,Antilock,2.220446049250313e-16,0.375,0.375,0.02774500846862793,0.013068199157714844,0.0|0.75,0.0|0.75,2,2,0.39023871807256044,0.39023871807256044,0.038530588150024414,0.014978408813476562,27,10,0.02882|0.75166,0.02882|0.75166,2,2
1000,21,ILiCost,OtherCarCost,0.0,0.0,0.0,0.03162717819213867,0.004404783248901367,0.0,0.0,1,1,0.0043400945020492104,0.0043400945020492104,0.02639603614807129,0.004133462905883789,27,2,-0.00434,-0.00434,1,1
1000,22,ThisCarDam,PropCost,0.0,0.16666666666666666,0.16666666666666666,0.02766251564025879,0.00714111328125,0.0|0.33333,0.0|0.33333,2,2,0.173062374692747,0.173062374692747,0.03202700614929199,0.0060291290283203125,27,3,-0.01598|0.33014,-0.01598|0.33014,2,2
1000,23,ThisCarCost,Airbag,5.921189464667501e-16,2.467162276944792e-16,2.9605947323337506e-16,0.02872920036315918,0.005156040191650391,0.0,0.0,1,1,0.02271890734648557,0.003826076955497864,0.03662419319152832,0.004244089126586914,27,2,-0.04168|-0.03585|-0.02143|-0.01776|-0.01577|-0.00383,-0.00383,6,1
1000,24,SeniorTrain,CarValue,-1.0785023667787232e-15,0.0,0.0,0.03398537635803223,0.01808452606201172,-0.0,-0.0,1,1,0.03394406067608725,0.03394406067608725,0.030312061309814453,0.013420820236206055,27,12,0.03394,0.03394,1,1
1000,25,SeniorTrain,ILiCost,-1.903239470785982e-16,0.0,0.0,0.03378939628601074,0.020453453063964844,-0.0,-0.0,1,1,0.03531319485967564,0.03531319485967564,0.02785181999206543,0.01366734504699707,27,11,0.03531,0.03531,1,1
1000,26,HomeBase,DrivQuality,2.220446049250313e-16,0.375,0.375,0.03099799156188965,0.010926961898803711,0.0|0.75,0.0|0.75,2,2,0.38903874269064354,0.38903874269064354,0.03742790222167969,0.017876625061035156,27,10,0.01076|0.76731,0.01076|0.76731,2,2
1000,27,AntiTheft,VehicleYear,0.0,1.3750000000000009,1.3750000000000009,0.03192591667175293,0.019064664840698242,0.0|2.75,0.0|2.75,2,2,1.4536203157952021,1.4536203157952021,0.03360724449157715,0.026993513107299805,27,15,0.149|2.75824,0.149|2.75824,2,2
1000,28,ThisCarDam,Age,17.999999999999996,9.000000000000005,9.000000000000005,0.030280351638793945,0.03680133819580078,18.0|36.0,18.0|36.0,2,2,9.436436626660877,9.436436626660877,0.049895286560058594,0.03993844985961914,27,26,17.51569|36.38856,17.51569|36.38856,2,2
1000,29,Antilock,Airbag,2.018587317500284e-17,0.0,0.0,0.03503298759460449,0.01182413101196289,0.0,0.0,1,1,0.034484984084177696,0.034484984084177696,0.03740072250366211,0.01129770278930664,27,10,-0.03448,-0.03448,1,1
1000,30,DrivQuality,Antilock,0.0,0.0,0.0,0.046028852462768555,0.01572585105895996,0.0,0.0,1,1,0.18649851893248817,0.18649851893248817,0.03064274787902832,0.01372528076171875,27,9,-0.1865,-0.1865,1,1
1000,31,DrivingSkill,ILiCost,7.410382848659897e-17,0.0,0.0,0.03260493278503418,0.014492034912109375,0.0,0.0,1,1,0.013884642238668391,0.013884642238668391,0.03884077072143555,0.012064456939697266,27,10,0.01388,0.01388,1,1
1000,32,PropCost,RuggedAuto,2.0000000000000004,0.666666666666667,0.666666666666667,0.03445172309875488,0.01204061508178711,1.0|2.0,1.0|2.0,2,2,0.6347369001427595,0.6347369001427595,0.026863574981689453,0.014543533325195312,27,6,1.09095|1.11747|2.11264,1.09095|1.11747|2.11264,3,3
1000,33,DrivingSkill,Theft,1.4820765697319795e-16,0.0,0.0,0.02864527702331543,0.019700050354003906,0.0,0.0,1,1,0.08177223563999364,0.08177223563999364,0.030463457107543945,0.012084484100341797,27,11,-0.08177,-0.08177,1,1
1000,34,DrivQuality,PropCost,-8.074349270001136e-17,0.0,0.0,0.03354644775390625,0.017646074295043945,-0.0,-0.0,1,1,0.0027796310597759523,0.0027796310597759523,0.04129528999328613,0.011214971542358398,27,8,0.00278,0.00278,1,1
1000,35,DrivQuality,ILiCost,-2.018587317500284e-17,0.0,0.0,0.03905820846557617,0.012406587600708008,-0.0,-0.0,1,1,0.033339776185253696,0.033339776185253696,0.028519153594970703,0.008201837539672852,27,8,0.03334,0.03334,1,1
1000,36,HomeBase,PropCost,0.0,0.125,0.125,0.028089046478271484,0.014480352401733398,0.0|0.25,0.0|0.25,2,2,0.1255526048343429,0.1255526048343429,0.04838275909423828,0.008683204650878906,27,4,-0.00126|0.24984,-0.00126|0.24984,2,2
1000,37,Accident,OtherCar,-7.258615968179446e-33,0.0,0.0,0.03316092491149902,0.011352062225341797,-0.0,-0.0,1,1,0.03958105638864039,0.03958105638864039,0.0385134220123291,0.008469581604003906,27,8,-0.03958,-0.03958,1,1
1000,38,HomeBase,CarValue,0.0,0.625,0.625,0.03643059730529785,0.011884689331054688,0.0|1.25,0.0|1.25,2,2,0.6554100123805333,0.6554100123805333,0.02614760398864746,0.006883859634399414,27,3,0.06047|1.25035,0.06047|1.25035,2,2
1000,39,VehicleYear,Accident,1.846945093435058e-16,0.0,0.0,0.03192496299743652,0.017791748046875,0.0,0.0,1,1,0.07397596051821811,0.07397596051821811,0.040911197662353516,0.01726555824279785,27,13,0.07398,0.07398,1,1
1000,40,ILiCost,MedCost,2.9605947323337506e-16,0.0,0.0,0.03796076774597168,0.006473541259765625,0.0,0.0,1,1,0.015505349491178119,0.015505349491178119,0.03139543533325195,0.003300905227661133,27,2,0.01551,0.01551,1,1
1000,41,RuggedAuto,CarValue,-3.0253577421035507e-16,0.0,0.0,0.036211490631103516,0.010858774185180664,-0.0,-0.0,1,1,0.0677167905433086,0.0677167905433086,0.03545737266540527,0.010602474212646484,27,7,-0.06772,-0.06772,1,1
1000,42,RuggedAuto,AntiTheft,-3.2959746043559325e-16,0.0,0.0,0.03334784507751465,0.01381063461303711,-0.0,-0.0,1,1,0.03475325532660141,0.03475325532660141,0.043108224868774414,0.015425443649291992,27,8,-0.03475,-0.03475,1,1
1000,43,Cushioning,GoodStudent,-4.622231866529362e-33,6.377173921209975e-18,9.565760881814962e-18,0.037567853927612305,0.00861358642578125,0.0,0.0,1,1,0.03179767841826876,0.02432483150747651,0.04057574272155762,0.005347013473510742,27,2,0.02432|0.03023|0.04084,0.02432,3,1
1000,44,AntiTheft,PropCost,0.0,0.125,0.125,0.04722785949707031,0.013174057006835938,0.0|0.25,0.0|0.25,2,2,0.13598144553724362,0.13598144553724362,0.02436375617980957,0.014052152633666992,27,4,0.01508|0.25688,0.01508|0.25688,2,2
1000,45,Cushioning,Mileage,0.0,0.3333333333333344,0.25000000000000083,0.03533220291137695,0.015271663665771484,0.0|0.5,0.0|0.5,2,2,0.32358114624165274,0.26584615410256107,0.05842423439025879,0.014162063598632812,27,10,0.04051|0.43905|0.49118,0.04051|0.49118,3,2
1000,46,VehicleYear,SeniorTrain,3.726443022468693e-15,0.0,0.0,0.037154197692871094,0.025921106338500977,0.0,0.0,1,1,0.03012135823633605,0.03012135823633605,0.030321121215820312,0.02250051498413086,27,17,0.03012,0.03012,1,1
1000,47,GoodStudent,Theft,0.0,0.0,0.0,0.025757312774658203,0.006785869598388672,0.0,0.0,1,1,0.005174141428421427,0.005174141428421427,0.03540301322937012,0.004280805587768555,27,2,0.00517,0.00517,1,1
1000,48,RiskAversion,OtherCarCost,3.5473531599047768e-15,0.0,0.0,0.033306121826171875,0.03423285484313965,0.0,0.0,1,1,0.060468251208071165,0.060468251208071165,0.030213117599487305,0.04039955139160156,27,22,0.06047,0.06047,1,1
1000,49,SeniorTrain,SocioEcon,0.9999999999999998,0.0,0.0,0.028599023818969727,0.03729414939880371,1.0,1.0,1,1,0.10730361377672915,0.10730361377672915,0.033181190490722656,0.03988313674926758,27,25,1.1073,1.1073,1,1
1000,50,ThisCarDam,PropCost,0.0,0.16666666666666666,0.16666666666666666,0.03020477294921875,0.010797262191772461,0.0|0.33333,0.0|0.33333,2,2,0.17409546157089503,0.17409546157089503,0.04242134094238281,0.011883020401000977,27,3,-0.01142|0.33677,-0.01142|0.33677,2,2
1000,51,AntiTheft,MedCost,7.40148683083438e-17,4.625929269271484e-17,9.251858538542968e-17,0.037659406661987305,0.004139900207519531,0.0,0.0,1,1,0.003685615128591468,0.0012031625341492468,0.03850293159484863,0.0034818649291992188,27,2,-0.0012|0.00617,-0.0012,2,1
1000,52,MakeModel,Age,3.0000000000000036,0.0,0.0,0.025806188583374023,0.03618001937866211,3.0,3.0,1,1,0.06163171168829917,0.06163171168829917,0.024122238159179688,0.032063961029052734,27,26,3.06163,3.06163,1,1
1000,53,VehicleYear,ILiCost,-2.0319822642059172e-16,0.0,0.0,0.0278933048248291,0.0175628662109375,-0.0,-0.0,1,1,0.06022747664970757,0.06022747664970757,0.03136610984802246,0.015090227127075195,27,13,0.06023,0.06023,1,1
1000,54,DrivQuality,MakeModel,-2.5837917664003636e-15,0.0,0.0,0.031714439392089844,0.021162748336791992,-0.0,-0.0,1,1,0.07919954164924473,0.07919954164924473,0.028995990753173828,0.019013166427612305,27,14,0.0792,0.0792,1,1
1000,55,HomeBase,Accident,2.220446049250313e-16,0.375,0.375,0.02695441246032715,0.010107278823852539,0.0|0.75,0.0|0.75,2,2,0.3962805856086669,0.3962805856086669,0.03527998924255371,0.00874471664428711,27,9,0.0271|0.76546,0.0271|0.76546,2,2
1000,56,PropCost,AntiTheft,1.0,0.3333333333333333,0.5,0.028909921646118164,0.011192560195922852,0.0|1.0,0.0|1.0,2,2,0.36203530611378093,0.5156307201186613,0.038343191146850586,0.007151126861572266,27,4,-0.02691|0.94516|1.00435,-0.02691|1.00435,3,2
1000,57,SeniorTrain,MedCost,-6.026924990822277e-16,0.0,0.0,0.046549320220947266,0.012465715408325195,-0.0,-0.0,1,1,0.020098988153490684,0.020098988153490684,0.031040191650390625,0.009800195693969727,27,11,-0.0201,-0.0201,1,1
1000,58,PropCost,SeniorTrain,2.0,0.6666666666666669,0.6666666666666669,0.026894330978393555,0.011386394500732422,1.0|2.0,1.0|2.0,2,2,0.659063412382538,0.659063412382538,0.032410383224487305,0.011243104934692383,27,11,0.99881|1.03912|1.98488,0.99881|1.03912|1.98488,3,3
1000,59,HomeBase,RuggedAuto,2.220446049250313e-16,0.375,0.375,0.03354668617248535,0.01282048225402832,0.0|0.75,0.0|0.75,2,2,0.425684091566087,0.425684091566087,0.026674270629882812,0.007860898971557617,27,8,-0.10842|0.74295,-0.10842|0.74295,2,2
1000,60,ILiCost,DrivHist,0.0,0.0,0.0,0.029366254806518555,0.00556182861328125,0.0,0.0,1,1,0.023291008373751223,0.023291008373751223,0.030143022537231445,0.004328012466430664,27,2,-0.02329,-0.02329,1,1
1000,61,DrivHist,DrivQuality,0.0,0.0,0.0,0.027024030685424805,0.012882709503173828,0.0,0.0,1,1,0.025115057331973847,0.025115057331973847,0.035492897033691406,0.009905099868774414,27,9,-0.02512,-0.02512,1,1
1000,62,ThisCarCost,OtherCar,0.0,0.0,0.0,0.02885270118713379,0.004500389099121094,0.0,0.0,1,1,0.03110921734948288,0.010778515846969691,0.024576902389526367,0.0032198429107666016,27,2,-0.04607|-0.04533|-0.03741|-0.03607|-0.011|-0.01078,-0.01078,6,1
1000,63,DrivingSkill,OtherCarCost,3.8786637719276294e-17,0.0,0.0,0.03613400459289551,0.009999513626098633,0.0,0.0,1,1,0.004568105566289525,0.004568105566289525,0.029912233352661133,0.02023148536682129,27,10,-0.00457,-0.00457,1,1
1000,64,HomeBase,ThisCarDam,0.0,0.25,0.25,0.03295469284057617,0.011464118957519531,0.0|0.5,0.0|0.5,2,2,0.2888337025016667,0.2888337025016667,0.04247093200683594,0.006857633590698242,27,4,0.07673|0.50093,0.07673|0.50093,2,2
1000,65,Airbag,ThisCarCost,3.2869204384208807e-32,9.868649107779161e-17,1.9737298215558323e-16,0.03465414047241211,0.005408525466918945,0.0,0.0,1,1,0.013451261801580159,0.004467585555413397,0.028660297393798828,0.0036923885345458984,27,2,-0.02243|-0.00447,-0.00447,2,1
1000,66,PropCost,VehicleYear,6.0000000000000036,2.0000000000000018,2.0000000000000018,0.027327775955200195,0.028339624404907227,2.0|4.0|6.0,2.0|4.0|6.0,3,3,2.1278695950831046,2.1278695950831046,0.0322873592376709,0.01876544952392578,27,13,2.05813|3.71027|5.848,2.05813|3.71027|5.848,3,3
1000,67,DrivQuality,ThisCarDam,-8.074349270001136e-17,0.0,0.0,0.0301668643951416,0.009190082550048828,-0.0,-0.0,1,1,0.01535424696476938,0.01535424696476938,0.036472320556640625,0.01566791534423828,27,8,-0.01535,-0.01535,1,1
1000,68,ILiCost,AntiTheft,0.0,0.0,0.0,0.02982354164123535,0.003937482833862305,0.0,0.0,1,1,0.01663683825984852,0.01663683825984852,0.031113386154174805,0.002999544143676758,27,2,0.01664,0.01664,1,1
1000,69,Cushioning,ILiCost,-4.9303806576313194e-32,9.868649107779164e-17,1.4802973661668746e-16,0.03471684455871582,0.009198904037475586,0.0,0.0,1,1,0.02730415377509868,0.012445076918002656,0.03543996810913086,0.008666276931762695,27,2,0.01245|0.0276|0.04187,0.01245,3,1
1000,70,ILiCost,RuggedAuto,-1.9825411154020653e-17,0.0,0.0,0.045403480529785156,0.015951871871948242,-0.0,-0.0,1,1,0.023359797075557905,0.023359797075557905,0.06517696380615234,0.010140180587768555,27,7,0.02336,0.02336,1,1
1000,71,PropCost,VehicleYear,6.0000000000000036,2.0000000000000018,2.0000000000000018,0.05506277084350586,0.018414974212646484,2.0|4.0|6.0,2.0|4.0|6.0,3,3,2.020203446590029,2.020203446590029,0.03686070442199707,0.017140865325927734,27,13,2.15164|3.88141|5.90633,2.15164|3.88141|5.90633,3,3
1000,72,Mileage,SocioEcon,3.014423727467091e-14,0.0,0.0,0.027843713760375977,0.03558778762817383,0.0,0.0,1,1,1.0097300293228024,1.0097300293228024,0.03220224380493164,0.04142165184020996,27,26,-1.00973,-1.00973,1,1
1000,73,RuggedAuto,Antilock,-1.5765166949677218e-15,0.0,0.0,0.027667522430419922,0.016438007354736328,-0.0,-0.0,1,1,0.15493745394528496,0.15493745394528496,0.0367131233215332,0.015588521957397461,27,10,0.15494,0.15494,1,1
1000,74,DrivingSkill,SocioEcon,1.0000000000000127,0.0,0.0,0.03664875030517578,0.04274797439575195,1.0,1.0,1,1,0.03246337197742588,0.03246337197742588,0.028127193450927734,0.04966998100280762,27,25,1.03246,1.03246,1,1
1000,75,ILiCost,CarValue,0.0,0.0,0.0,0.06978034973144531,0.010350942611694336,0.0,0.0,1,1,0.023714519685660837,0.023714519685660837,0.04375743865966797,0.0062596797943115234,27,2,-0.02371,-0.02371,1,1
1000,76,GoodStudent,ILiCost,0.0,0.0,0.0,0.046247243881225586,0.007618904113769531,0.0,0.0,1,1,0.021718399089338526,0.021718399089338526,0.03589630126953125,0.003873586654663086,27,2,0.02172,0.02172,1,1
1000,77,DrivHist,Cushioning,0.0,0.0,0.0,0.03176069259643555,0.005450248718261719,0.0,0.0,1,1,0.004200606245467795,0.004200606245467795,0.03413534164428711,0.003172636032104492,27,2,-0.0042,-0.0042,1,1
1000,78,CarValue,RiskAversion,1.9999999999999993,2.300000000000001,2.300000000000001,0.03676891326904297,0.029575586318969727,2.0|3.0|5.6|6.6,2.0|3.0|5.6|6.6,4,4,2.311447256319358,2.311447256319358,0.027348756790161133,0.04405379295349121,27,22,1.88179|2.77243|5.74176|6.61339,1.88179|2.77243|5.74176|6.61339,4,4
1000,79,Airbag,AntiTheft,0.0,1.1102230246251559e-16,2.2204460492503118e-16,0.029917478561401367,0.006947040557861328,0.0,0.0,1,1,0.0077638172402656235,0.010254558056178167,0.04630136489868164,0.004133939743041992,27,2,0.00527|0.01025,0.01025,2,1
1000,80,MedCost,Airbag,1.0000000000000002,0.5000000000000001,0.5000000000000001,0.16724848747253418,0.012810707092285156,0.0|1.0,0.0|1.0,2,2,0.5476993128867,0.5476993128867,0.025370359420776367,0.011013507843017578,27,3,-0.0809|0.98551,-0.0809|0.98551,2,2
1000,81,OtherCar,DrivQuality,1.9131521763629933e-17,0.0,0.0,0.030538320541381836,0.01573657989501953,0.0,0.0,1,1,0.0018835645835844272,0.0018835645835844272,0.02954888343811035,0.009204864501953125,27,9,-0.00188,-0.00188,1,1
1000,82,PropCost,Airbag,0.0,1.9737298215558337e-16,0.0,0.02998518943786621,0.005394697189331055,0.0,0.0,1,1,0.11032755557307494,0.06023489601367496,0.04506659507751465,0.0044612884521484375,27,2,-0.14121|-0.12954|-0.06023,-0.06023,3,1
1000,83,Mileage,GoodStudent,-9.151085311512682e-33,0.0,0.0,0.029214143753051758,0.011193037033081055,-0.0,-0.0,1,1,0.045500664658248036,0.045500664658248036,0.02500128746032715,0.011139869689941406,27,10,-0.0455,-0.0455,1,1
1000,84,AntiTheft,GoodStudent,0.0,0.0,0.0,0.025220632553100586,0.004744052886962891,0.0,0.0,1,1,0.013498627067642875,0.005335880285881347,0.033556461334228516,0.003900766372680664,27,2,0.00534|0.02166,0.00534,2,1
1000,85,VehicleYear,HomeBase,-1.7248384387138057e-16,0.0,0.0,0.028666019439697266,0.02000904083251953,-0.0,-0.0,1,1,0.0800450231591014,0.0800450231591014,0.033429622650146484,0.018839597702026367,27,15,0.08005,0.08005,1,1
1000,86,ThisCarCost,MedCost,5.921189464667501e-16,2.467162276944792e-16,2.9605947323337506e-16,0.04102945327758789,0.00459742546081543,0.0,0.0,1,1,0.02927819100592811,0.007289545167302299,0.026794910430908203,0.004751682281494141,27,2,-0.07205|-0.07064|-0.01669|-0.00755|-0.00729|0.00145,-0.00729,6,1
1000,87,ThisCarDam,MakeModel,2.0000000000000004,0.9999999999999998,0.9999999999999998,0.027220726013183594,0.017337322235107422,2.0|4.0,2.0|4.0,2,2,1.0856143281541175,1.0856143281541175,0.03890681266784668,0.013869285583496094,27,13,2.16866|4.00257,2.16866|4.00257,2,2
1000,88,ILiCost,GoodStudent,0.0,0.0,0.0,0.03189349174499512,0.006924867630004883,0.0,0.0,1,1,0.0008974969886667498,0.0008974969886667498,0.027817726135253906,0.003966093063354492,27,2,-0.0009,-0.0009,1,1
1000,89,Accident,ThisCarCost,-2.417048043194355e-17,0.0,0.0,0.05635571479797363,0.021248579025268555,-0.0,-0.0,1,1,0.02295858997988047,0.02295858997988047,0.04362154006958008,0.015895605087280273,27,7,0.02296,0.02296,1,1
1000,90,Mileage,ThisCarDam,-9.150929172667955e-16,0.0,0.0,0.02726125717163086,0.014931440353393555,-0.0,-0.0,1,1,0.021813225128028545,0.021813225128028545,0.05315589904785156,0.008223295211791992,27,9,-0.02181,-0.02181,1,1
1000,91,ThisCarCost,SocioEcon,22.000000000000007,4.5,4.5,0.03218388557434082,0.037105560302734375,15.0|17.0|19.0|22.0|27.0,15.0|17.0|19.0|22.0|27.0,5,5,4.832536783589,4.832536783589,0.0253140926361084,0.03928208351135254,27,25,14.2906|14.64133|16.63994|18.59228|21.66271|26.82208,14.2906|14.64133|16.63994|18.59228|21.66271|26.82208,6,6
1000,92,ILiCost,Theft,0.0,0.0,0.0,0.03449082374572754,0.004538536071777344,0.0,0.0,1,1,0.022558045585113245,0.022558045585113245,0.02977466583251953,0.006257772445678711,27,2,0.02256,0.02256,1,1
1000,93,RuggedAuto,GoodStudent,-2.7755575615628927e-18,0.0,0.0,0.02883601188659668,0.015846729278564453,-0.0,-0.0,1,1,0.025624036744032172,0.025624036744032172,0.028081178665161133,0.01828455924987793,27,7,-0.02562,-0.02562,1,1
1000,94,Mileage,MakeModel,-2.1531598053336365e-16,0.0,0.0,0.02663254737854004,0.01527261734008789,-0.0,-0.0,1,1,0.046807608650403607,0.046807608650403607,0.03494453430175781,0.01800680160522461,27,14,0.04681,0.04681,1,1
1000,95,PropCost,Cushioning,0.0,1.9737298215558337e-16,0.0,0.04523873329162598,0.0051805973052978516,0.0,0.0,1,1,0.03383684393716802,0.017308732259358427,0.03126120567321777,0.0059359073638916016,27,2,0.01731|0.03976|0.04444,0.01731,3,1
1000,96,DrivHist,Antilock,0.0,0.0,0.0,0.03483414649963379,0.0175018310546875,0.0,0.0,1,1,0.013267611425228565,0.013267611425228565,0.03125739097595215,0.008553028106689453,27,9,-0.01327,-0.01327,1,1
1000,97,DrivHist,Theft,0.0,0.0,0.0,0.03206324577331543,0.0068645477294921875,0.0,0.0,1,1,0.007622948564510477,0.007622948564510477,0.04585719108581543,0.007616758346557617,27,2,-0.00762,-0.00762,1,1
1000,98,Theft,SeniorTrain,-1.4802973661668753e-16,0.5000000000000003,0.5000000000000002,0.035587310791015625,0.01578545570373535,-0.0|1.0,-0.0|1.0,2,2,0.5173974421186099,0.5253611555400561,0.031618595123291016,0.01385807991027832,27,12,-0.06183|0.0182|0.0652|0.95658|0.98889|1.01368,-0.06183|0.98889,6,2
1000,99,HomeBase,DrivingSkill,2.220446049250313e-16,0.375,0.375,0.03107309341430664,0.016037464141845703,0.0|0.75,0.0|0.75,2,2,0.3838613837399503,0.3838613837399503,0.03939390182495117,0.016062021255493164,27,12,-0.03646|0.73126,-0.03646|0.73126,2,2
2500,0,Accident,GoodStudent,-7.258615968179446e-33,0.0,0.0,0.03214430809020996,0.015468120574951172,-0.0,-0.0,1,1,0.01974046834683513,0.01974046834683513,0.02808237075805664,0.010051965713500977,27,8,0.01974,0.01974,1,1
2500,1,Airbag,ThisCarDam,3.2869204384208807e-32,9.868649107779161e-17,1.9737298215558323e-16,0.041918277740478516,0.011563301086425781,0.0,0.0,1,1,0.007406865495835913,0.004807812765646101,0.0325009822845459,0.0062868595123291016,27,2,0.00481|0.01001,0.00481,2,1
2500,2,DrivHist,RuggedAuto,3.9650822308041306e-17,0.0,0.0,0.027378320693969727,0.011216878890991211,0.0,0.0,1,1,0.011867073685724523,0.011867073685724523,0.034178733825683594,0.007904052734375,27,7,-0.01187,-0.01187,1,1
2500,3,CarValue,Accident,-8.881784197001253e-17,0.30000000000000016,0.30000000000000016,0.03390240669250488,0.009436607360839844,-0.0|0.6,-0.0|0.6,2,2,0.3029571813935406,0.30748853546456745,0.03474545478820801,0.007660388946533203,27,8,0.01358|0.02932|0.56753|0.6014,0.01358|0.6014,4,2
2500,4,SeniorTrain,Theft,-5.392511833893616e-16,0.0,0.0,0.044257164001464844,0.013469696044921875,-0.0,-0.0,1,1,0.04057232660756993,0.04057232660756993,0.02802443504333496,0.020235300064086914,27,12,-0.04057,-0.04057,1,1
2500,5,Age,OtherCar,3.898528303701855e-14,0.0,0.0,0.029363393783569336,0.029896259307861328,0.0,0.0,1,1,0.017187869613378155,0.017187869613378155,0.028855085372924805,0.03299736976623535,27,26,0.01719,0.01719,1,1
2500,6,ThisCarCost,AntiTheft,1.0,0.5,0.5,0.03055119514465332,0.015532970428466797,0.0|1.0,0.0|1.0,2,2,0.5239376235925429,0.5015988176006385,0.0348358154296875,0.012775182723999023,27,3,-0.03641|-0.03418|-0.00123|0.93403|0.99613|0.99804,-0.00123|0.99804,6,2
2500,7,DrivQuality,Cushioning,2.018587317500284e-17,0.0,0.0,0.05190539360046387,0.016688108444213867,0.0,0.0,1,1,0.023557919474470584,0.023557919474470584,0.0353546142578125,0.016361474990844727,27,9,0.02356,0.02356,1,1
2500,8,RuggedAuto,OtherCar,-2.7755575615628927e-18,0.0,0.0,0.03895139694213867,0.010762214660644531,-0.0,-0.0,1,1,0.005769436401941338,0.005769436401941338,0.03677558898925781,0.007915019989013672,27,7,0.00577,0.00577,1,1
2500,9,SocioEcon,Cushioning,-1.4547053279892854e-16,0.0,0.0,0.032366037368774414,0.04151749610900879,-0.0,-0.0,1,1,0.05433854037821112,0.05433854037821112,0.02548384666442871,0.050670623779296875,27,25,-0.05434,-0.05434,1,1
2500,10,SeniorTrain,MakeModel,-2.0301221021717143e-15,0.0,0.0,0.041741132736206055,0.024164438247680664,-0.0,-0.0,1,1,0.01034822904854348,0.01034822904854348,0.03209972381591797,0.026266813278198242,27,17,-0.01035,-0.01035,1,1
2500,11,MedCost,DrivingSkill,1.0000000000000013,0.0,0.0,0.032282114028930664,0.013128042221069336,1.0,1.0,1,1,0.1289843836291822,0.07879576806866573,0.038495779037475586,0.011901140213012695,27,10,1.0788|1.17917,1.0788,2,1
2500,12,Mileage,SeniorTrain,-1.0227509075334772e-15,0.0,0.0,0.032172203063964844,0.014723062515258789,-0.0,-0.0,1,1,0.030944360568718403,0.030944360568718403,0.0245821475982666,0.012137413024902344,27,13,-0.03094,-0.03094,1,1
2500,13,GoodStudent,MedCost,1.9131521763629933e-17,0.0,0.0,0.03200078010559082,0.006228208541870117,0.0,0.0,1,1,0.0028745734609397396,0.0028745734609397396,0.027908802032470703,0.003760099411010742,27,2,-0.00287,-0.00287,1,1
2500,14,ThisCarDam,DrivQuality,0.9999999999999997,0.16666666666666702,0.16666666666666702,0.026021242141723633,0.011971235275268555,1.0|1.33333,1.0|1.33333,2,2,0.1853420095238295,0.1853420095238295,0.030762195587158203,0.010372161865234375,27,8,0.94952|1.32021,0.94952|1.32021,2,2
2500,15,MakeModel,DrivQuality,-6.729870433221625e-16,0.0,0.0,0.031357765197753906,0.021262645721435547,-0.0,-0.0,1,1,0.07407123455129064,0.07407123455129064,0.0269014835357666,0.018264055252075195,27,14,-0.07407,-0.07407,1,1
2500,16,OtherCarCost,DrivHist,0.0,0.0,0.0,0.026359081268310547,0.006943702697753906,0.0,0.0,1,1,0.021446737889530058,0.00823863139303242,0.03102707862854004,0.006918907165527344,27,2,0.00824|0.03465,0.00824,2,1
2500,17,AntiTheft,HomeBase,0.0,0.375,0.375,0.033601999282836914,0.009392499923706055,0.0|0.75,0.0|0.75,2,2,0.37862870752705274,0.37862870752705274,0.03891587257385254,0.009450674057006836,27,3,-0.00425|0.75301,-0.00425|0.75301,2,2
2500,18,RuggedAuto,DrivingSkill,-1.5765166949677218e-15,0.0,0.0,0.039577484130859375,0.019921541213989258,-0.0,-0.0,1,1,0.06808074210908963,0.06808074210908963,0.0391387939453125,0.0184476375579834,27,12,-0.06808,-0.06808,1,1
2500,19,Cushioning,DrivingSkill,0.0,0.333333333333334,0.2500000000000005,0.028304100036621094,0.01784205436706543,0.0|0.5,0.0|0.5,2,2,0.3303597820893684,0.26005519756574647,0.042705535888671875,0.02012467384338379,27,11,0.02773|0.47097|0.49238,0.02773|0.49238,3,2
2500,20,Cushioning,Antilock,0.0,0.333333333333334,0.2500000000000005,0.06152033805847168,0.021069765090942383,0.0|0.5,0.0|0.5,2,2,0.3614294600240811,0.2756604098663848,0.04361224174499512,0.01694488525390625,27,9,0.03312|0.5182|0.53297,0.03312|0.5182,3,2
2500,21,OtherCar,RuggedAuto,1.635596420206704e-17,0.0,0.0,0.05088686943054199,0.0358281135559082,0.0,0.0,1,1,0.02213834172186059,0.02213834172186059,0.04915976524353027,0.01860189437866211,27,7,-0.02214,-0.02214,1,1
2500,22,Airbag,DrivQuality,0.0,0.16666666666666705,0.16666666666666705,0.05511879920959473,0.016292095184326172,0.0|0.33333,0.0|0.33333,2,2,0.17334065832172124,0.17334065832172124,0.050116539001464844,0.03405356407165527,27,10,-0.01748|0.3292,-0.01748|0.3292,2,2
2500,23,Mileage,Antilock,0.0,0.0,0.0,0.06958937644958496,0.014011859893798828,0.0,0.0,1,1,0.05517929065106813,0.05517929065106813,0.04081249237060547,0.017403364181518555,27,10,-0.05518,-0.05518,1,1
2500,24,DrivHist,AntiTheft,0.0,0.0,0.0,0.03213095664978027,0.00649571418762207,0.0,0.0,1,1,0.004195020735587524,0.004195020735587524,0.04963207244873047,0.00413966178894043,27,2,0.0042,0.0042,1,1
2500,25,CarValue,DrivHist,0.0,0.0,0.0,0.06725406646728516,0.009359598159790039,0.0,0.0,1,1,0.02210166104714542,0.0030189383944289687,0.05583333969116211,0.008148193359375,27,2,-0.04171|-0.0247|-0.01898|-0.00302,-0.00302,4,1
2500,26,Antilock,DrivingSkill,0.0,0.0,0.0,0.06948328018188477,0.027577638626098633,0.0,0.0,1,1,0.0031840093858544805,0.0031840093858544805,0.0409853458404541,0.02242898941040039,27,11,0.00318,0.00318,1,1
2500,27,ILiCost,DrivQuality,1.0000000000000002,0.0,0.0,0.05369257926940918,0.024944305419921875,1.0,1.0,1,1,0.04501595519363788,0.04501595519363788,0.05471014976501465,0.021556615829467773,27,8,0.95498,0.95498,1,1
2500,28,Cushioning,OtherCar,-4.622231866529362e-33,6.377173921209975e-18,9.565760881814962e-18,0.058565616607666016,0.008701801300048828,0.0,0.0,1,1,0.005741708132678369,0.0011598426858930367,0.03616595268249512,0.006209850311279297,27,2,-0.01139|-0.00116|0.00468,-0.00116,3,1
2500,29,Antilock,Mileage,0.0,0.0,0.0,0.047098636627197266,0.020649194717407227,0.0,0.0,1,1,0.014138922610111087,0.014138922610111087,0.03433990478515625,0.02920675277709961,27,10,-0.01414,-0.01414,1,1
2500,30,CarValue,ThisCarDam,0.0,0.2,0.2,0.04675698280334473,0.016693592071533203,0.0|0.4,0.0|0.4,2,2,0.22400173798982012,0.23270846293867947,0.04572701454162598,0.010629415512084961,27,3,-0.06559|-0.05468|0.37591|0.39983,-0.06559|0.39983,4,2
2500,31,MedCost,ILiCost,2.9605947323337467e-16,2.465190328815662e-32,0.0,0.06531071662902832,0.00896453857421875,0.0,0.0,1,1,0.030351372132229344,0.016665033096562837,0.059209346771240234,0.006745815277099609,27,2,-0.04404|-0.01667,-0.01667,2,1
2500,32,ThisCarDam,AntiTheft,0.0,0.3333333333333333,0.3333333333333333,0.0627145767211914,0.013122081756591797,0.0|0.66667,0.0|0.66667,2,2,0.3504017896152038,0.3504017896152038,0.03683757781982422,0.014982223510742188,27,4,0.0216|0.67921,0.0216|0.67921,2,2
2500,33,Airbag,MedCost,0.0,0.16666666666666682,0.16666666666666682,0.03463244438171387,0.008642435073852539,0.0|0.33333,0.0|0.33333,2,2,0.18517395181787416,0.18517395181787416,0.03403973579406738,0.007292032241821289,27,3,0.02968|0.34066,0.02968|0.34066,2,2
2500,34,HomeBase,VehicleYear,0.0,1.3750000000000009,1.3750000000000009,0.04143548011779785,0.02552175521850586,0.0|2.75,0.0|2.75,2,2,1.4745375634685771,1.4745375634685771,0.05380105972290039,0.026098012924194336,27,15,-0.1788|2.77027,-0.1788|2.77027,2,2
2500,35,CarValue,Antilock,-8.881784197001253e-17,0.30000000000000016,0.30000000000000016,0.05147242546081543,0.041524410247802734,-0.0|0.6,-0.0|0.6,2,2,0.3188416117262968,0.32525903613233204,0.051718950271606445,0.026214122772216797,27,9,-0.05263|-0.02989|0.59496|0.59789,-0.05263|0.59789,4,2
2500,36,RiskAversion,OtherCarCost,3.5473531599047768e-15,0.0,0.0,0.04796743392944336,0.05021476745605469,0.0,0.0,1,1,0.06930122275052565,0.06930122275052565,0.060991764068603516,0.05236196517944336,27,22,0.0693,0.0693,1,1
2500,37,RuggedAuto,GoodStudent,-2.7755575615628927e-18,0.0,0.0,0.04657936096191406,0.015196561813354492,-0.0,-0.0,1,1,0.023431733036054534,0.023431733036054534,0.04694080352783203,0.014839410781860352,27,7,0.02343,0.02343,1,1
2500,38,PropCost,Theft,1.0,0.3333333333333333,0.5,0.07050776481628418,0.013453960418701172,0.0|1.0,0.0|1.0,2,2,0.3326277404771938,0.49583317158781637,0.04883718490600586,0.013819456100463867,27,3,0.01927|0.98907|0.99378,0.01927|0.98907,3,2
2500,39,Mileage,MedCost,-3.364312195833807e-16,0.0,0.0,0.05115079879760742,0.024745464324951172,-0.0,-0.0,1,1,0.0031488923371762413,0.0031488923371762413,0.04861569404602051,0.03460812568664551,27,9,0.00315,0.00315,1,1
2500,40,OtherCarCost,ILiCost,0.0,0.0,0.0,0.041517019271850586,0.006234169006347656,0.0,0.0,1,1,0.0017100816441610331,0.0017322947384210963,0.04605460166931152,0.005120992660522461,27,2,-0.00169|0.00173,0.00173,2,1
2500,41,Airbag,SocioEcon,3.9999999999999996,2.3333333333333366,2.3333333333333366,0.05818986892700195,0.04105091094970703,4.0|8.66667,4.0|8.66667,2,2,2.3593013519032864,2.3593013519032864,0.04260110855102539,0.060298919677734375,27,25,3.95772|8.67632,3.95772|8.67632,2,2
2500,42,RiskAversion,OtherCarCost,3.5473531599047768e-15,0.0,0.0,0.04377007484436035,0.03521609306335449,0.0,0.0,1,1,0.024905970315906713,0.024905970315906713,0.04248380661010742,0.06262397766113281,27,22,0.02491,0.02491,1,1
2500,43,PropCost,OtherCar,0.0,0.0,0.0,0.04897046089172363,0.006448507308959961,0.0,0.0,1,1,0.022954789028609923,0.01543689901323008,0.057672739028930664,0.009306192398071289,27,2,-0.03658|-0.01685|-0.01544,-0.01544,3,1
2500,44,ThisCarCost,OtherCarCost,0.0,0.4166666666666667,0.25,0.04665374755859375,0.01170802116394043,0.0|0.5,0.0|0.5,2,2,0.40865488796575417,0.25014630215750844,0.033808231353759766,0.009016752243041992,27,3,-0.00437|0.47313|0.48863|0.49177|0.49592|0.49811,-0.00437|0.49592,6,2
2500,45,DrivHist,PropCost,0.0,0.0,0.0,0.05469703674316406,0.00680232048034668,0.0,0.0,1,1,0.015587394479630604,0.015587394479630604,0.03895711898803711,0.0039784908294677734,27,2,-0.01559,-0.01559,1,1
2500,46,ILiCost,Antilock,1.0000000000000002,0.0,0.0,0.0552668571472168,0.01769709587097168,1.0,1.0,1,1,0.03947939228554509,0.03947939228554509,0.07003426551818848,0.013231992721557617,27,8,0.96052,0.96052,1,1
2500,47,MakeModel,Accident,-6.729870433221625e-16,0.0,0.0,0.05389571189880371,0.02826547622680664,-0.0,-0.0,1,1,0.02553757291208898,0.02553757291208898,0.039630889892578125,0.017035722732543945,27,13,-0.02554,-0.02554,1,1
2500,48,DrivHist,Mileage,0.0,0.0,0.0,0.03395485877990723,0.014044523239135742,0.0,0.0,1,1,0.003498507809720699,0.003498507809720699,0.04445648193359375,0.01166224479675293,27,10,-0.0035,-0.0035,1,1
2500,49,OtherCar,OtherCarCost,0.0,0.0,0.0,0.03187203407287598,0.005498170852661133,0.0,0.0,1,1,0.027972589277363888,0.027972589277363888,0.031150341033935547,0.005049228668212891,27,2,0.02797,0.02797,1,1
2500,50,DrivQuality,VehicleYear,-1.6148698540002272e-15,0.0,0.0,0.0502164363861084,0.0312044620513916,-0.0,-0.0,1,1,0.028634791286109715,0.028634791286109715,0.04231381416320801,0.046547889709472656,27,14,-0.02863,-0.02863,1,1
2500,51,MakeModel,OtherCar,-1.4912879766909555e-32,0.0,0.0,0.03518319129943848,0.03717303276062012,-0.0,-0.0,1,1,0.009232590505740075,0.009232590505740075,0.06795811653137207,0.03675508499145508,27,14,-0.00923,-0.00923,1,1
2500,52,Theft,RuggedAuto,0.0,0.5000000000000002,0.5000000000000001,0.06524777412414551,0.021579504013061523,0.0|1.0,0.0|1.0,2,2,0.49240450070332903,0.5231510755501321,0.05796027183532715,0.017401933670043945,27,7,-0.05674|0.01015|0.01276|0.93887|0.94634|0.98956,-0.05674|0.98956,6,2
2500,53,DrivQuality,AntiTheft,0.0,0.0,0.0,0.05488228797912598,0.012777328491210938,0.0,0.0,1,1,0.009581400770444195,0.009581400770444195,0.06633234024047852,0.011287689208984375,27,10,0.00958,0.00958,1,1
2500,54,DrivHist,OtherCar,0.0,0.0,0.0,0.05307817459106445,0.007942676544189453,0.0,0.0,1,1,0.012007062079709347,0.012007062079709347,0.039861202239990234,0.003366708755493164,27,2,0.01201,0.01201,1,1
2500,55,Mileage,AntiTheft,0.0,0.0,0.0,0.03936195373535156,0.018050432205200195,0.0,0.0,1,1,0.010199183616739814,0.010199183616739814,0.025179386138916016,0.020301342010498047,27,11,0.0102,0.0102,1,1
2500,56,GoodStudent,Airbag,1.9131521763629933e-17,0.0,0.0,0.0360565185546875,0.005643367767333984,0.0,0.0,1,1,0.023161830325062267,0.023161830325062267,0.0458369255065918,0.004313945770263672,27,2,0.02316,0.02316,1,1
2500,57,VehicleYear,DrivingSkill,1.846945093435058e-16,0.0,0.0,0.04003763198852539,0.04644775390625,0.0,0.0,1,1,0.009332053351324502,0.009332053351324502,0.05774736404418945,0.03752470016479492,27,16,-0.00933,-0.00933,1,1
2500,58,Accident,VehicleYear,0.9999999999999976,0.0,0.0,0.039605140686035156,0.03159451484680176,1.0,1.0,1,1,0.10324785776329093,0.10324785776329093,0.06201744079589844,0.0215303897857666,27,13,0.89675,0.89675,1,1
2500,59,AntiTheft,OtherCar,0.0,0.0,0.0,0.07026457786560059,0.012048482894897461,0.0,0.0,1,1,0.02772694510304901,0.009424611740306017,0.05735373497009277,0.012629270553588867,27,2,-0.04603|-0.00942,-0.00942,2,1
2500,60,Theft,SeniorTrain,-1.4802973661668753e-16,0.5000000000000003,0.5000000000000002,0.06664752960205078,0.016251564025878906,-0.0|1.0,-0.0|1.0,2,2,0.5119500837042693,0.5112015372770432,0.04195976257324219,0.026795148849487305,27,12,-0.01742|0.00073|0.01664|1.00291|1.00577|1.02823,0.01664|1.00577,6,2
2500,61,PropCost,SocioEcon,32.00000000000001,10.666666666666671,10.666666666666671,0.04715323448181152,0.05804085731506348,10.0|22.0|32.0,10.0|22.0|32.0,3,3,10.907717665366485,10.907717665366485,0.04859733581542969,0.04075217247009277,27,25,10.06206|21.64348|31.57131,10.06206|21.64348|31.57131,3,3
2500,62,OtherCarCost,MakeModel,2.0,1.0,1.0,0.027289867401123047,0.01778125762939453,2.0|4.0,2.0|4.0,2,2,1.0381551134495672,1.0381551134495672,0.03515815734863281,0.016211986541748047,27,13,2.01789|4.05843,2.01789|4.05843,2,2
2500,63,MakeModel,Accident,-6.729870433221625e-16,0.0,0.0,0.04159212112426758,0.021370887756347656,-0.0,-0.0,1,1,0.03836332174063179,0.03836332174063179,0.04291558265686035,0.02858424186706543,27,13,-0.03836,-0.03836,1,1
2500,64,DrivQuality,Airbag,2.018587317500284e-17,0.0,0.0,0.039748191833496094,0.02746272087097168,0.0,0.0,1,1,0.01174652651206429,0.01174652651206429,0.05129814147949219,0.03463459014892578,27,10,-0.01175,-0.01175,1,1
2500,65,Theft,ILiCost,0.0,0.0,0.0,0.04667305946350098,0.008829832077026367,0.0,0.0,1,1,0.015648983433972048,0.003591023305252356,0.03738689422607422,0.007283926010131836,27,2,-0.02889|-0.0285|-0.02664|-0.00559|-0.00359|0.00068,-0.00359,6,1
2500,66,SocioEcon,Mileage,-2.004099040193239e-14,0.0,0.0,0.05458402633666992,0.0684502124786377,-0.0,-0.0,1,1,0.029156763794252746,0.029156763794252746,0.07174086570739746,0.03694629669189453,27,26,0.02916,0.02916,1,1
2500,67,SeniorTrain,DrivQuality,-5.075305255429286e-16,0.0,0.0,0.026095151901245117,0.01937127113342285,-0.0,-0.0,1,1,0.038105015822193604,0.038105015822193604,0.03360152244567871,0.01649165153503418,27,11,-0.03811,-0.03811,1,1
2500,68,VehicleYear,SeniorTrain,3.726443022468693e-15,0.0,0.0,0.19275593757629395,0.018952608108520508,0.0,0.0,1,1,0.030359450992087533,0.030359450992087533,0.026710033416748047,0.01731705665588379,27,17,-0.03036,-0.03036,1,1
2500,69,Age,RuggedAuto,-1.5466181388564586e-14,0.0,0.0,0.0241239070892334,0.03650975227355957,-0.0,-0.0,1,1,0.08447721475900004,0.08447721475900004,0.031084299087524414,0.03630471229553223,27,26,-0.08448,-0.08448,1,1
2500,70,OtherCarCost,Antilock,1.0,0.25,0.25,0.02706766128540039,0.014649391174316406,1.0|1.5,1.0|1.5,2,2,0.2632347100843201,0.2632347100843201,0.046996355056762695,0.013675928115844727,27,8,0.97958|1.50605,0.97958|1.50605,2,2
2500,71,Theft,OtherCarCost,0.0,0.16666666666666666,0.16666666666666666,0.03166985511779785,0.018819570541381836,0.0|0.33333,0.0|0.33333,2,2,0.17737608375053862,0.17816516993125023,0.04168891906738281,0.017046213150024414,27,4,0.00349|0.01893|0.02031|0.33602|0.3395|0.34599,0.02031|0.33602,6,2
2500,72,ILiCost,DrivingSkill,1.0000000000000002,0.0,0.0,0.06347107887268066,0.018964529037475586,1.0,1.0,1,1,0.0064476662962627,0.0064476662962627,0.0427703857421875,0.020620346069335938,27,10,1.00645,1.00645,1,1
2500,73,CarValue,AntiTheft,0.0,0.25,0.25,0.034941911697387695,0.02159285545349121,0.0|0.5,0.0|0.5,2,2,0.28057939699607787,0.27910369852133643,0.05299091339111328,0.017877817153930664,27,3,-0.08367|-0.05773|0.48044|0.50048,-0.05773|0.50048,4,2
2500,74,Airbag,OtherCarCost,0.0,0.0,0.0,0.05285453796386719,0.00933074951171875,0.0,0.0,1,1,0.008508718508772611,0.0001349499868739156,0.032633066177368164,0.004797458648681641,27,2,0.00013|0.01688,0.00013,2,1
2500,75,AntiTheft,GoodStudent,0.0,0.0,0.0,0.061771392822265625,0.012726783752441406,0.0,0.0,1,1,0.0011647140062218686,0.0005621761828482357,0.05529451370239258,0.009688138961791992,27,2,-0.00177|-0.00056,-0.00056,2,1
2500,76,DrivHist,Airbag,0.0,0.0,0.0,0.05092120170593262,0.010226964950561523,0.0,0.0,1,1,0.008217521512654542,0.008217521512654542,0.0526423454284668,0.008275508880615234,27,2,-0.00822,-0.00822,1,1
2500,77,VehicleYear,MedCost,-1.0362081563168117e-15,0.0,0.0,0.11329531669616699,0.02401423454284668,-0.0,-0.0,1,1,0.022890785623591318,0.022890785623591318,0.03383207321166992,0.017861127853393555,27,13,0.02289,0.02289,1,1
2500,78,OtherCarCost,MakeModel,2.0,1.0,1.0,0.06683492660522461,0.02643442153930664,2.0|4.0,2.0|4.0,2,2,1.0263393833032706,1.0263393833032706,0.04133319854736328,0.03287649154663086,27,13,1.96016|4.01284,1.96016|4.01284,2,2
2500,79,CarValue,OtherCar,0.0,0.0,0.0,0.06352663040161133,0.021168947219848633,0.0,0.0,1,1,0.011564234073710452,0.00023913285540794394,0.08079266548156738,0.018161296844482422,27,2,-0.02325|-0.0151|-0.00766|-0.00024,-0.00024,4,1
2500,80,ILiCost,OtherCarCost,0.0,0.0,0.0,0.07217264175415039,0.011991739273071289,0.0,0.0,1,1,0.014313879297006591,0.014313879297006591,0.07066750526428223,0.010660171508789062,27,2,0.01431,0.01431,1,1
2500,81,Accident,OtherCar,-7.258615968179446e-33,0.0,0.0,0.07153153419494629,0.03840303421020508,-0.0,-0.0,1,1,0.03605307694804784,0.03605307694804784,0.07579398155212402,0.028182268142700195,27,8,-0.03605,-0.03605,1,1
2500,82,RuggedAuto,OtherCar,-2.7755575615628927e-18,0.0,0.0,0.06648921966552734,0.025086164474487305,-0.0,-0.0,1,1,0.023352580964250868,0.023352580964250868,0.07872223854064941,0.02328658103942871,27,7,-0.02335,-0.02335,1,1
2500,83,HomeBase,MedCost,7.40148683083438e-17,4.625929269271484e-17,9.251858538542968e-17,0.0946807861328125,0.012377500534057617,0.0,0.0,1,1,0.010798312497770428,0.00036957835672475126,0.06947612762451172,0.010962247848510742,27,2,0.00037|0.02123,0.00037,2,1
2500,84,SocioEcon,SeniorTrain,-3.0367781891402993e-14,0.0,0.0,0.07346630096435547,0.09964728355407715,-0.0,-0.0,1,1,0.08042146023697777,0.08042146023697777,0.06836938858032227,0.0817115306854248,27,25,-0.08042,-0.08042,1,1
2500,85,ThisCarDam,HomeBase,0.0,0.3333333333333333,0.3333333333333333,0.06291007995605469,0.020268678665161133,0.0|0.66667,0.0|0.66667,2,2,0.343582605285303,0.343582605285303,0.06411242485046387,0.032158851623535156,27,4,-0.02704|0.66013,-0.02704|0.66013,2,2
2500,86,DrivingSkill,Airbag,3.763015540195842e-17,0.0,0.0,0.05141472816467285,0.03495049476623535,0.0,0.0,1,1,0.005267165691633449,0.005267165691633449,0.06837797164916992,0.03487706184387207,27,12,0.00527,0.00527,1,1
2500,87,Antilock,Age,6.000000000000036,0.0,0.0,0.07831072807312012,0.07594752311706543,6.0,6.0,1,1,0.19347166505101754,0.19347166505101754,0.06740093231201172,0.08483672142028809,27,26,5.80653,5.80653,1,1
2500,88,ThisCarDam,Theft,0.0,0.3333333333333333,0.3333333333333333,0.0707244873046875,0.01896953582763672,0.0|0.66667,0.0|0.66667,2,2,0.35288326687514726,0.35288326687514726,0.059044599533081055,0.018112897872924805,27,3,-0.03999|0.66577,-0.03999|0.66577,2,2
2500,89,DrivingSkill,Theft,1.4820765697319795e-16,0.0,0.0,0.054222822189331055,0.032266855239868164,0.0,0.0,1,1,0.0508708344158456,0.0508708344158456,0.07676124572753906,0.03097081184387207,27,11,-0.05087,-0.05087,1,1
2500,90,RuggedAuto,ThisCarCost,-1.5126788710517753e-16,0.0,0.0,0.07761383056640625,0.015623807907104492,-0.0,-0.0,1,1,0.02463554610473474,0.02463554610473474,0.05659985542297363,0.02171802520751953,27,6,-0.02464,-0.02464,1,1
2500,91,Antilock,OtherCar,-1.1205410585525733e-33,0.0,0.0,0.06122088432312012,0.02885890007019043,-0.0,-0.0,1,1,0.010303206649600789,0.010303206649600789,0.06733870506286621,0.036139726638793945,27,9,0.0103,0.0103,1,1
2500,92,ThisCarCost,RuggedAuto,1.0000000000000004,0.4166666666666667,0.3333333333333333,0.07657146453857422,0.02172255516052246,0.5|1.0|1.5,0.5|1.0|1.5,3,3,0.44700243417684,0.34167166657093445,0.0792396068572998,0.023586511611938477,27,6,0.50028|0.98513|1.51043|1.53712|1.54283|1.57705,0.50028|0.98513|1.51043,6,3
2500,93,GoodStudent,ILiCost,0.0,0.0,0.0,0.0771486759185791,0.009926557540893555,0.0,0.0,1,1,0.02258608872258219,0.02258608872258219,0.044376373291015625,0.009545087814331055,27,2,0.02259,0.02259,1,1
2500,94,SeniorTrain,CarValue,-1.0785023667787232e-15,0.0,0.0,0.07344746589660645,0.043148040771484375,-0.0,-0.0,1,1,0.01571060099670573,0.01571060099670573,0.0729227066040039,0.03198385238647461,27,12,0.01571,0.01571,1,1
2500,95,SocioEcon,Antilock,-1.9284543631377962e-14,0.0,0.0,0.061658382415771484,0.0763707160949707,-0.0,-0.0,1,1,0.020186285331803524,0.020186285331803524,0.07658505439758301,0.09571075439453125,27,25,-0.02019,-0.02019,1,1
2500,96,Accident,RiskAversion,3.999999999999993,0.0,0.0,0.06955838203430176,0.060057640075683594,4.0,4.0,1,1,0.2539593175793642,0.2539593175793642,0.07536721229553223,0.06152820587158203,27,22,3.74604,3.74604,1,1
2500,97,OtherCarCost,VehicleYear,2.0000000000000018,1.0000000000000004,1.0000000000000004,0.06321525573730469,0.04707789421081543,2.0|4.0,2.0|4.0,2,2,1.0637706682255943,1.0637706682255943,0.07835721969604492,0.04246640205383301,27,13,1.81818|3.94572,1.81818|3.94572,2,2
2500,98,ThisCarCost,OtherCarCost,0.0,0.4166666666666667,0.25,0.07812070846557617,0.018911123275756836,0.0|0.5,0.0|0.5,2,2,0.4346791426226939,0.2616102747798229,0.06537199020385742,0.01823258399963379,27,3,-0.0151|0.48556|0.50812|0.52988|0.5316|0.53782,-0.0151|0.50812,6,2
2500,99,DrivQuality,Age,6.000000000000006,0.0,0.0,0.06315922737121582,0.07336091995239258,6.0,6.0,1,1,0.03317233271435871,0.03317233271435871,0.08006930351257324,0.08067941665649414,27,26,5.96683,5.96683,1,1
5000,0,ThisCarDam,ILiCost,0.0,0.0,0.0,0.059348344802856445,0.012323617935180664,0.0,0.0,1,1,0.005911730034962628,0.0032670498533951624,0.07851791381835938,0.009780406951904297,27,2,0.00327|0.00856,0.00327,2,1
5000,1,AntiTheft,DrivQuality,2.220446049250313e-16,0.375,0.375,0.05446767807006836,0.0321040153503418,0.0|0.75,0.0|0.75,2,2,0.3826531178980486,0.3826531178980486,0.08113408088684082,0.02874279022216797,27,10,0.021|0.74431,0.021|0.74431,2,2
5000,2,AntiTheft,Cushioning,7.40148683083438e-17,4.625929269271484e-17,9.251858538542968e-17,0.08473014831542969,0.01089167594909668,0.0,0.0,1,1,0.0015068518581074575,0.0025831687155903997,0.06328463554382324,0.008981943130493164,27,2,-0.00258|-0.00043,-0.00258,2,1
5000,3,Airbag,ThisCarDam,3.2869204384208807e-32,9.868649107779161e-17,1.9737298215558323e-16,0.06467986106872559,0.012883901596069336,0.0,0.0,1,1,0.00338303209222418,0.002459119692534093,0.07772302627563477,0.010718584060668945,27,2,-0.00431|-0.00246,-0.00246,2,1
5000,4,MakeModel,ThisCarCost,-5.482582837655092e-18,0.0,0.0,0.07396531105041504,0.042734384536743164,-0.0,-0.0,1,1,0.030767747023117343,0.030767747023117343,0.08530688285827637,0.05218935012817383,27,13,-0.03077,-0.03077,1,1
5000,5,Antilock,DrivingSkill,0.0,0.0,0.0,0.0754554271697998,0.03296041488647461,0.0,0.0,1,1,0.0055233973441597495,0.0055233973441597495,0.05536603927612305,0.044336795806884766,27,11,-0.00552,-0.00552,1,1
5000,6,DrivHist,ILiCost,0.0,0.0,0.0,0.06597471237182617,0.01055908203125,0.0,0.0,1,1,0.005366899249318637,0.005366899249318637,0.07230997085571289,0.009333133697509766,27,2,0.00537,0.00537,1,1
5000,7,HomeBase,MakeModel,0.0,1.375,1.375,0.08782196044921875,0.04582476615905762,0.0|2.75,0.0|2.75,2,2,1.4790693085402975,1.4790693085402975,0.06431007385253906,0.04395723342895508,27,15,-0.20592|2.75222,-0.20592|2.75222,2,2
5000,8,DrivQuality,CarValue,0.0,0.0,0.0,0.05771303176879883,0.03080892562866211,0.0,0.0,1,1,0.003934174049948457,0.003934174049948457,0.07656002044677734,0.027672767639160156,27,9,-0.00393,-0.00393,1,1
5000,9,OtherCarCost,Age,18.000000000000014,9.0,9.0,0.07203245162963867,0.07186484336853027,18.0|36.0,18.0|36.0,2,2,9.108428030894329,9.108428030894329,0.06408381462097168,0.08868527412414551,27,26,18.02714|36.18972,18.02714|36.18972,2,2
5000,10,GoodStudent,MedCost,1.9131521763629933e-17,0.0,0.0,0.06859779357910156,0.011460542678833008,0.0,0.0,1,1,0.014874388907218676,0.014874388907218676,0.06319189071655273,0.009482145309448242,27,2,0.01487,0.01487,1,1
5000,11,CarValue,ThisCarDam,0.0,0.2,0.2,0.07292652130126953,0.016965150833129883,0.0|0.4,0.0|0.4,2,2,0.20480954076918909,0.20439755108181293,0.06597161293029785,0.013646841049194336,27,3,0.00964|0.01457|0.39587|0.39915,0.00964|0.39915,4,2
5000,12,DrivHist,Cushioning,0.0,0.0,0.0,0.0726325511932373,0.010170459747314453,0.0,0.0,1,1,0.002972403275196724,0.002972403275196724,0.07555460929870605,0.006632566452026367,27,2,0.00297,0.00297,1,1
5000,13,ThisCarCost,SeniorTrain,1.0000000000000004,0.4166666666666667,0.3333333333333335,0.08341455459594727,0.03262639045715332,0.5|1.0|1.5,0.5|1.0|1.5,3,3,0.42376295295916266,0.3457684483675186,0.05188298225402832,0.02681279182434082,27,11,0.47433|1.01084|1.49554|1.50079|1.50486|1.50487,0.47433|1.01084|1.50079,6,3
5000,14,OtherCar,Mileage,1.9131521763629933e-17,0.0,0.0,0.06521749496459961,0.028389692306518555,0.0,0.0,1,1,0.008714586731625465,0.008714586731625465,0.06033802032470703,0.04317426681518555,27,10,0.00871,0.00871,1,1
5000,15,Antilock,SeniorTrain,-1.6148698540002272e-16,0.0,0.0,0.05628490447998047,0.034319162368774414,-0.0,-0.0,1,1,0.021541705577138526,0.021541705577138526,0.07797908782958984,0.030011892318725586,27,12,-0.02154,-0.02154,1,1
5000,16,AntiTheft,SeniorTrain,1.1102230246251565e-16,0.375,0.375,0.07980918884277344,0.035004377365112305,0.0|0.75,0.0|0.75,2,2,0.3941988530662059,0.3941988530662059,0.06702756881713867,0.03652000427246094,27,13,-0.0451|0.7433,-0.0451|0.7433,2,2
5000,17,Mileage,Theft,0.0,0.0,0.0,0.06173205375671387,0.027538776397705078,0.0,0.0,1,1,0.014584987941667241,0.014584987941667241,0.07406497001647949,0.024106264114379883,27,10,0.01458,0.01458,1,1
5000,18,Antilock,Cushioning,2.018587317500284e-17,0.0,0.0,0.07232069969177246,0.030303239822387695,0.0,0.0,1,1,0.021480997058327674,0.021480997058327674,0.06510639190673828,0.02910327911376953,27,9,-0.02148,-0.02148,1,1
5000,19,ILiCost,HomeBase,0.0,0.0,0.0,0.05732274055480957,0.012305498123168945,0.0,0.0,1,1,0.0199385600297769,0.0199385600297769,0.06065201759338379,0.013155937194824219,27,2,-0.01994,-0.01994,1,1
5000,20,Mileage,RiskAversion,-1.7225278442669092e-15,0.0,0.0,0.0692138671875,0.06645727157592773,-0.0,-0.0,1,1,0.21485926408683892,0.21485926408683892,0.08568525314331055,0.07475614547729492,27,23,-0.21486,-0.21486,1,1
5000,21,CarValue,DrivQuality,-8.881784197001253e-17,0.30000000000000016,0.30000000000000016,0.05528664588928223,0.027359962463378906,-0.0|0.6,-0.0|0.6,2,2,0.3017981038814506,0.30568307281018375,0.06495928764343262,0.027820825576782227,27,9,-0.00225|0.01013|0.59358|0.60123,0.01013|0.60123,4,2
5000,22,MakeModel,Cushioning,2.3575106201916896e-16,0.0,0.0,0.0930945873260498,0.045944929122924805,0.0,0.0,1,1,0.0751425597317883,0.0751425597317883,0.07418274879455566,0.047917842864990234,27,13,0.07514,0.07514,1,1
5000,23,Age,OtherCarCost,-3.2477477070023782e-15,0.0,0.0,0.06890439987182617,0.10241818428039551,-0.0,-0.0,1,1,0.006104500115191821,0.006104500115191821,0.07580232620239258,0.0845649242401123,27,26,-0.0061,-0.0061,1,1
5000,24,OtherCarCost,Cushioning,0.0,0.0,0.0,0.07156133651733398,0.014187097549438477,0.0,0.0,1,1,0.005046091192883694,0.0034417085998479065,0.09067988395690918,0.011854171752929688,27,2,-0.00665|0.00344,0.00344,2,1
5000,25,ThisCarDam,SeniorTrain,1.0000000000000002,0.16666666666666674,0.16666666666666674,0.08049201965332031,0.04626750946044922,1.0|1.33333,1.0|1.33333,2,2,0.16423039795986194,0.16423039795986194,0.10674142837524414,0.03931307792663574,27,11,0.99852|1.32698,0.99852|1.32698,2,2
5000,26,HomeBase,OtherCar,0.0,0.0,0.0,0.09348940849304199,0.01452183723449707,0.0,0.0,1,1,0.003046373313260486,0.002141970893888088,0.08302474021911621,0.013971567153930664,27,2,-0.00395|-0.00214,-0.00214,2,1
5000,27,PropCost,SeniorTrain,2.0,0.6666666666666669,0.6666666666666669,0.0754551887512207,0.042114973068237305,1.0|2.0,1.0|2.0,2,2,0.6770030562777071,0.6770030562777071,0.08854413032531738,0.039374589920043945,27,11,0.9787|0.99955|1.99074,0.9787|0.99955|1.99074,3,3
5000,28,DrivHist,SocioEcon,2.0000000000000004,0.0,0.0,0.0815114974975586,0.08506321907043457,2.0,2.0,1,1,0.025644767050658324,0.025644767050658324,0.0662238597869873,0.1015620231628418,27,25,1.97436,1.97436,1,1
5000,29,GoodStudent,Accident,1.9131521763629933e-17,0.0,0.0,0.08205580711364746,0.026280879974365234,0.0,0.0,1,1,0.0006820681735562442,0.0006820681735562442,0.07311201095581055,0.030534029006958008,27,8,0.00068,0.00068,1,1
5000,30,DrivQuality,HomeBase,0.0,0.0,0.0,0.0826117992401123,0.02778005599975586,0.0,0.0,1,1,0.010776567981213656,0.010776567981213656,0.06568408012390137,0.029721736907958984,27,10,0.01078,0.01078,1,1
5000,31,DrivQuality,ThisCarDam,-8.074349270001136e-17,0.0,0.0,0.06705689430236816,0.02724933624267578,-0.0,-0.0,1,1,0.020154280039233793,0.020154280039233793,0.0828700065612793,0.0291140079498291,27,8,-0.02015,-0.02015,1,1
5000,32,OtherCarCost,CarValue,0.0,0.5,0.5,0.07606267929077148,0.020244598388671875,0.0|1.0,0.0|1.0,2,2,0.5263740674002292,0.5263740674002292,0.0677487850189209,0.021179914474487305,27,4,0.04605|1.0067,0.04605|1.0067,2,2
5000,33,Theft,Antilock,0.0,0.5000000000000002,0.5000000000000001,0.07401823997497559,0.043465614318847656,0.0|1.0,0.0|1.0,2,2,0.5306455573536096,0.537285556225424,0.06713175773620605,0.03581976890563965,27,9,-0.06524|-0.01829|-0.00744|1.00933|1.04091|1.04267,-0.06524|1.00933,6,2
5000,34,MakeModel,ThisCarDam,-3.0702463890868515e-16,0.0,0.0,0.06508135795593262,0.040970563888549805,-0.0,-0.0,1,1,0.002582975566231,0.002582975566231,0.08068537712097168,0.04926657676696777,27,13,-0.00258,-0.00258,1,1
5000,35,Age,Accident,-4.3561451325761736e-14,0.0,0.0,0.09084510803222656,0.09191679954528809,-0.0,-0.0,1,1,0.004981110106335891,0.004981110106335891,0.06683969497680664,0.07632684707641602,27,26,0.00498,0.00498,1,1
5000,36,Age,DrivHist,-8.215615409064251e-15,0.0,0.0,0.06463456153869629,0.10903525352478027,-0.0,-0.0,1,1,0.04020008274195721,0.04020008274195721,0.06611871719360352,0.07339644432067871,27,26,-0.0402,-0.0402,1,1
5000,37,Mileage,OtherCarCost,-4.575464586333977e-16,0.0,0.0,0.06891798973083496,0.027669668197631836,-0.0,-0.0,1,1,0.005532069128623092,0.005532069128623092,0.08602428436279297,0.028686046600341797,27,9,-0.00553,-0.00553,1,1
5000,38,HomeBase,Cushioning,7.40148683083438e-17,4.625929269271484e-17,9.251858538542968e-17,0.08575797080993652,0.01041102409362793,0.0,0.0,1,1,0.005429591015542291,0.0012179534911375466,0.07123422622680664,0.010542631149291992,27,2,0.00122|0.00964,0.00122,2,1
5000,39,VehicleYear,HomeBase,-1.7248384387138057e-16,0.0,0.0,0.09403181076049805,0.0467524528503418,-0.0,-0.0,1,1,0.0258895085570583,0.0258895085570583,0.07059049606323242,0.06859254837036133,27,15,-0.02589,-0.02589,1,1
5000,40,MakeModel,HomeBase,-3.218037752536688e-18,0.0,0.0,0.07360291481018066,0.043772220611572266,-0.0,-0.0,1,1,0.01131744578561305,0.01131744578561305,0.08242034912109375,0.046746015548706055,27,15,-0.01132,-0.01132,1,1
5000,41,Cushioning,AntiTheft,-1.4791141972893958e-31,2.220446049250312e-16,3.330669073875468e-16,0.08221316337585449,0.01369166374206543,0.0,0.0,1,1,0.007845858295067532,0.00040837316048281087,0.07268714904785156,0.010214090347290039,27,2,-0.01681|-0.00632|-0.00041,-0.00041,3,1
5000,42,SeniorTrain,VehicleYear,2.5376526277146428e-15,0.0,0.0,0.0695803165435791,0.05995750427246094,0.0,0.0,1,1,0.009503537763370758,0.009503537763370758,0.08127093315124512,0.06088972091674805,27,17,0.0095,0.0095,1,1
5000,43,Accident,OtherCar,-7.258615968179446e-33,0.0,0.0,0.08434605598449707,0.028771638870239258,-0.0,-0.0,1,1,0.00659565333066023,0.00659565333066023,0.0684516429901123,0.024198055267333984,27,8,-0.0066,-0.0066,1,1
5000,44,Mileage,ThisCarDam,-9.150929172667955e-16,0.0,0.0,0.06435561180114746,0.0368046760559082,-0.0,-0.0,1,1,0.0003789176054747495,0.0003789176054747495,0.07706809043884277,0.02469182014465332,27,9,-0.00038,-0.00038,1,1
5000,45,PropCost,MakeModel,6.0,2.0,2.0,0.05932474136352539,0.040550947189331055,2.0|4.0|6.0,2.0|4.0|6.0,3,3,2.078682419754841,2.078682419754841,0.07715058326721191,0.03986549377441406,27,13,1.91615|3.90153|5.94627,1.91615|3.90153|5.94627,3,3
5000,46,Cushioning,SocioEcon,7.999999999999998,1.333333333333333,1.333333333333333,0.07956433296203613,0.09528088569641113,7.0|8.0|11.0,7.0|8.0|11.0,3,3,1.3269123565859904,1.3269123565859904,0.062406063079833984,0.09353780746459961,27,25,7.07116|7.98341|11.0353,7.07116|7.98341|11.0353,3,3
5000,47,DrivingSkill,Airbag,3.763015540195842e-17,0.0,0.0,0.09978985786437988,0.06027984619140625,0.0,0.0,1,1,0.031065927212200604,0.031065927212200604,0.0839078426361084,0.04730486869812012,27,12,-0.03107,-0.03107,1,1
5000,48,Theft,Mileage,0.9999999999999991,1.1666666666666667,0.9166666666666664,0.07390594482421875,0.028023958206176758,0.0|1.0|2.66667,0.0|1.0|2.66667,3,3,1.114385377306077,0.9127926868339051,0.0968177318572998,0.041475534439086914,27,10,0.0221|0.02918|0.91852|2.5011|2.53404|2.62096,0.0221|0.02918|0.91852|2.62096,6,4
5000,49,DrivQuality,Age,6.000000000000006,0.0,0.0,0.09131693840026855,0.10279989242553711,6.0,6.0,1,1,0.2969468799651862,0.2969468799651862,0.07408571243286133,0.09263062477111816,27,26,5.70305,5.70305,1,1
5000,50,RiskAversion,GoodStudent,1.930272241372005e-31,0.0,0.0,0.09502363204956055,0.1091451644897461,0.0,0.0,1,1,0.03622442946264505,0.03622442946264505,0.07220840454101562,0.08443212509155273,27,23,-0.03622,-0.03622,1,1
5000,51,ILiCost,Cushioning,2.9605947323337506e-16,0.0,0.0,0.10571837425231934,0.016016483306884766,0.0,0.0,1,1,0.012098365116013261,0.012098365116013261,0.07689476013183594,0.011631488800048828,27,2,0.0121,0.0121,1,1
5000,52,Theft,SeniorTrain,-1.4802973661668753e-16,0.5000000000000003,0.5000000000000002,0.07519173622131348,0.04554176330566406,-0.0|1.0,-0.0|1.0,2,2,0.5137899489010892,0.5098936307730614,0.2777979373931885,0.04026603698730469,27,12,-0.05901|-0.05692|-0.02714|0.97149|0.97553|0.99265,-0.02714|0.99265,6,2
5000,53,HomeBase,AntiTheft,0.0,0.375,0.375,0.07256889343261719,0.023422956466674805,0.0|0.75,0.0|0.75,2,2,0.39363932787030825,0.39363932787030825,0.07695794105529785,0.025176048278808594,27,3,-0.03431|0.75297,-0.03431|0.75297,2,2
5000,54,ILiCost,Mileage,1.0,0.0,0.0,0.08302187919616699,0.02815866470336914,1.0,1.0,1,1,0.013705268096126377,0.013705268096126377,0.06576037406921387,0.023702621459960938,27,9,0.98629,0.98629,1,1
5000,55,AntiTheft,Mileage,0.0,1.0,1.0,0.05949544906616211,0.029961824417114258,0.0|2.0,0.0|2.0,2,2,1.0262622908152224,1.0262622908152224,0.07262802124023438,0.021824359893798828,27,11,-0.05973|1.99279,-0.05973|1.99279,2,2
5000,56,ILiCost,SeniorTrain,1.0,0.0,0.0,0.025356531143188477,0.016914844512939453,1.0,1.0,1,1,0.02589040580805957,0.02589040580805957,0.0368037223815918,0.012806177139282227,27,11,0.97411,0.97411,1,1
5000,57,ILiCost,Mileage,1.0,0.0,0.0,0.05600762367248535,0.019819974899291992,1.0,1.0,1,1,0.004000660882916174,0.004000660882916174,0.04773998260498047,0.025362491607666016,27,9,0.996,0.996,1,1
5000,58,SeniorTrain,Theft,-5.392511833893616e-16,0.0,0.0,0.04988360404968262,0.023036956787109375,-0.0,-0.0,1,1,0.0034465742879947617,0.0034465742879947617,0.051750898361206055,0.015216588973999023,27,12,0.00345,0.00345,1,1
5000,59,DrivHist,SeniorTrain,1.0000000000000002,0.0,0.0,0.03580832481384277,0.014730453491210938,1.0,1.0,1,1,0.015581714584187334,0.015581714584187334,0.027312278747558594,0.013617515563964844,27,11,0.98442,0.98442,1,1
5000,60,DrivHist,ThisCarDam,0.0,0.0,0.0,0.03476262092590332,0.010155439376831055,0.0,0.0,1,1,0.0033244178932840653,0.0033244178932840653,0.03712105751037598,0.011171102523803711,27,2,-0.00332,-0.00332,1,1
5000,61,MedCost,ThisCarCost,5.921189464667493e-16,4.930380657631324e-32,0.0,0.02638387680053711,0.008919477462768555,0.0,0.0,1,1,0.008860002172231738,0.003648812901070781,0.028510570526123047,0.003860950469970703,27,2,0.00365|0.01407,0.00365,2,1
5000,62,AntiTheft,ThisCarCost,0.0,0.25,0.25,0.04258322715759277,0.009824752807617188,0.0|0.5,0.0|0.5,2,2,0.24956999921420392,0.24956999921420392,0.031234264373779297,0.007433891296386719,27,3,-0.00114|0.498,-0.00114|0.498,2,2
5000,63,OtherCarCost,GoodStudent,0.0,0.0,0.0,0.02668476104736328,0.004479885101318359,0.0,0.0,1,1,0.0037456169288401205,0.0005395551286478858,0.03176569938659668,0.004140377044677734,27,2,0.00054|0.00695,0.00054,2,1
5000,64,HomeBase,GoodStudent,0.0,0.0,0.0,0.02545762062072754,0.008898735046386719,0.0,0.0,1,1,0.004993691320304228,0.00039518696392374584,0.03436541557312012,0.004401445388793945,27,2,-0.00959|0.0004,0.0004,2,1
5000,65,GoodStudent,Theft,0.0,0.0,0.0,0.0378570556640625,0.006973743438720703,0.0,0.0,1,1,0.015495616543284862,0.015495616543284862,0.02970147132873535,0.005896806716918945,27,2,-0.0155,-0.0155,1,1
5000,66,DrivQuality,OtherCarCost,-8.074349270001136e-17,0.0,0.0,0.03843212127685547,0.011403560638427734,-0.0,-0.0,1,1,0.0187158148112227,0.0187158148112227,0.030958890914916992,0.009529829025268555,27,8,-0.01872,-0.01872,1,1
5000,67,ThisCarCost,Airbag,5.921189464667501e-16,2.467162276944792e-16,2.9605947323337506e-16,0.04133939743041992,0.008504390716552734,0.0,0.0,1,1,0.005151642529913404,0.0020114645796425416,0.044473886489868164,0.005732297897338867,27,2,-0.00813|-0.00751|-0.00739|-0.00201|0.00155|0.00432,-0.00201,6,1
5000,68,HomeBase,ThisCarDam,0.0,0.25,0.25,0.05495047569274902,0.011644601821899414,0.0|0.5,0.0|0.5,2,2,0.25384973868171806,0.25384973868171806,0.03553891181945801,0.0070247650146484375,27,4,-0.00701|0.50069,-0.00701|0.50069,2,2
5000,69,Airbag,RuggedAuto,0.0,0.3333333333333334,0.3333333333333334,0.04520106315612793,0.016294240951538086,0.0|0.66667,0.0|0.66667,2,2,0.34500658260974043,0.34500658260974043,0.0412137508392334,0.022501468658447266,27,7,0.02125|0.66876,0.02125|0.66876,2,2
5000,70,Cushioning,DrivHist,0.0,0.0,0.0,0.026082277297973633,0.004987001419067383,0.0,0.0,1,1,0.022047335011181845,0.011355614802645941,0.03816962242126465,0.003198385238647461,27,2,-0.03417|-0.02062|-0.01136,-0.01136,3,1
5000,71,Airbag,OtherCarCost,0.0,0.0,0.0,0.04303622245788574,0.0047719478607177734,0.0,0.0,1,1,0.003438955440084995,0.0014926490110794114,0.03203630447387695,0.003279447555541992,27,2,-0.00539|-0.00149,-0.00149,2,1
5000,72,AntiTheft,PropCost,0.0,0.125,0.125,0.03654646873474121,0.010145187377929688,0.0|0.25,0.0|0.25,2,2,0.13285453878353093,0.13285453878353093,0.032938480377197266,0.01384425163269043,27,4,0.01345|0.25226,0.01345|0.25226,2,2
5000,73,HomeBase,MakeModel,0.0,1.375,1.375,0.028377294540405273,0.020557880401611328,0.0|2.75,0.0|2.75,2,2,1.4050560050893632,1.4050560050893632,0.03803706169128418,0.015963077545166016,27,15,-0.03303|2.77708,-0.03303|2.77708,2,2
5000,74,RiskAversion,Accident,2.912945675482884e-16,0.0,0.0,0.03762388229370117,0.03311276435852051,0.0,0.0,1,1,0.012143523169528247,0.012143523169528247,0.02896738052368164,0.037093162536621094,27,22,0.01214,0.01214,1,1
5000,75,Theft,DrivQuality,0.0,0.5000000000000002,0.5000000000000001,0.039200544357299805,0.013307571411132812,0.0|1.0,0.0|1.0,2,2,0.5139584754581548,0.5065805265902877,0.034648895263671875,0.009274005889892578,27,9,0.01469|0.03328|0.07452|0.97485|0.98794|0.99847,0.01469|0.99847,6,2
5000,76,SeniorTrain,RuggedAuto,5.075305255429286e-16,0.0,0.0,0.04252123832702637,0.027605295181274414,0.0,0.0,1,1,0.009182360377046818,0.009182360377046818,0.0338437557220459,0.023992538452148438,27,13,-0.00918,-0.00918,1,1
5000,77,ThisCarCost,RuggedAuto,1.0000000000000004,0.4166666666666667,0.3333333333333333,0.03065347671508789,0.008419513702392578,0.5|1.0|1.5,0.5|1.0|1.5,3,3,0.3996356809824306,0.3327225642134745,0.038500308990478516,0.010040760040283203,27,6,0.50623|0.99017|1.46526|1.46547|1.46892|1.49456,0.50623|0.99017|1.49456,6,3
5000,78,HomeBase,Airbag,7.40148683083438e-17,4.625929269271484e-17,9.251858538542968e-17,0.03528904914855957,0.0048007965087890625,0.0,0.0,1,1,0.00017206512239059855,0.0001298190166451976,0.03560757637023926,0.003141641616821289,27,2,-0.00021|-0.00013,-0.00013,2,1
5000,79,SocioEcon,Accident,-1.5474832011299354e-14,0.0,0.0,0.032060861587524414,0.03520941734313965,-0.0,-0.0,1,1,0.03577639624829503,0.03577639624829503,0.03796863555908203,0.02982926368713379,27,25,-0.03578,-0.03578,1,1
5000,80,Accident,GoodStudent,-7.258615968179446e-33,0.0,0.0,0.02550530433654785,0.012949228286743164,-0.0,-0.0,1,1,0.001998694354842216,0.001998694354842216,0.03572869300842285,0.011594057083129883,27,8,-0.002,-0.002,1,1
5000,81,MedCost,VehicleYear,3.0000000000000036,1.0000000000000013,1.0000000000000013,0.033040761947631836,0.014468669891357422,1.0|3.0,1.0|3.0,2,2,1.0122862104929486,1.0122862104929486,0.03112959861755371,0.014436006546020508,27,13,1.03633|2.9391,1.03633|2.9391,2,2
5000,82,Accident,RuggedAuto,-1.0587210120939336e-15,0.0,0.0,0.04671430587768555,0.01383662223815918,-0.0,-0.0,1,1,0.00479178146869133,0.00479178146869133,0.03349494934082031,0.02425551414489746,27,9,0.00479,0.00479,1,1
5000,83,DrivingSkill,OtherCar,0.0,0.0,0.0,0.027452945709228516,0.012326240539550781,0.0,0.0,1,1,0.013454818084502053,0.013454818084502053,0.037735939025878906,0.010666847229003906,27,11,-0.01345,-0.01345,1,1
5000,84,Mileage,PropCost,-2.6914497566670456e-17,0.0,0.0,0.03125190734863281,0.010635852813720703,-0.0,-0.0,1,1,0.00618028356477784,0.00618028356477784,0.025854110717773438,0.011612892150878906,27,9,-0.00618,-0.00618,1,1
5000,85,Airbag,GoodStudent,0.0,3.188586960604987e-18,6.377173921209974e-18,0.03350424766540527,0.007920265197753906,0.0,0.0,1,1,0.0025738194705642124,0.004779941567539393,0.04474759101867676,0.006936311721801758,27,2,0.00037|0.00478,0.00478,2,1
5000,86,ThisCarDam,AntiTheft,0.0,0.3333333333333333,0.3333333333333333,0.026575803756713867,0.012654781341552734,0.0|0.66667,0.0|0.66667,2,2,0.3523881391976238,0.3523881391976238,0.04188203811645508,0.010351419448852539,27,4,0.03713|0.66765,0.03713|0.66765,2,2
5000,87,SocioEcon,CarValue,1.419145864416214e-15,0.0,0.0,0.037296295166015625,0.043245553970336914,0.0,0.0,1,1,0.010900121086534,0.010900121086534,0.02484726905822754,0.04709935188293457,27,25,0.0109,0.0109,1,1
5000,88,Cushioning,OtherCarCost,0.0,0.0,0.0,0.04221987724304199,0.00571894645690918,0.0,0.0,1,1,0.012661796707796815,0.0056176788496706785,0.029140949249267578,0.003926277160644531,27,2,0.00562|0.01122|0.02115,0.00562,3,1
5000,89,DrivQuality,Airbag,2.018587317500284e-17,0.0,0.0,0.029245376586914062,0.0182647705078125,0.0,0.0,1,1,0.015886188498052577,0.015886188498052577,0.031439781188964844,0.03531336784362793,27,10,0.01589,0.01589,1,1
5000,90,RiskAversion,Theft,7.42054645357472e-16,0.0,0.0,0.03569769859313965,0.030014991760253906,0.0,0.0,1,1,0.02895346324766674,0.02895346324766674,0.03671574592590332,0.030506372451782227,27,22,0.02895,0.02895,1,1
5000,91,ILiCost,VehicleYear,1.0000000000000004,0.0,0.0,0.027989864349365234,0.017826080322265625,1.0,1.0,1,1,0.0266036751852623,0.0266036751852623,0.03603649139404297,0.01473689079284668,27,13,1.0266,1.0266,1,1
5000,92,HomeBase,VehicleYear,0.0,1.3750000000000009,1.3750000000000009,0.03633570671081543,0.01801753044128418,0.0|2.75,0.0|2.75,2,2,1.4250882200673438,1.4250882200673438,0.030783891677856445,0.025019407272338867,27,15,-0.08154|2.76864,-0.08154|2.76864,2,2
5000,93,ThisCarCost,Accident,1.0000000000000009,0.41666666666666646,0.3333333333333333,0.031598567962646484,0.010386943817138672,0.5|1.0|1.5,0.5|1.0|1.5,3,3,0.42931945509549757,0.34026485304325504,0.03801560401916504,0.008207559585571289,27,7,0.49252|0.99216|1.48984|1.50548|1.53114|1.53414,0.49252|0.99216|1.50548,6,3
5000,94,Accident,SeniorTrain,0.9999999999999984,0.0,0.0,0.03582334518432617,0.017787456512451172,1.0,1.0,1,1,0.008725471186706413,0.008725471186706413,0.03202533721923828,0.011966705322265625,27,11,1.00873,1.00873,1,1
5000,95,SocioEcon,PropCost,-3.379159251475111e-16,0.0,0.0,0.026020288467407227,0.0586855411529541,-0.0,-0.0,1,1,0.0046874870342240235,0.0046874870342240235,0.03299593925476074,0.04098248481750488,27,25,0.00469,0.00469,1,1
5000,96,DrivQuality,DrivHist,0.0,0.0,0.0,0.03820371627807617,0.03800702095031738,0.0,0.0,1,1,0.02773670148326653,0.02773670148326653,0.02913379669189453,0.012472391128540039,27,9,-0.02774,-0.02774,1,1
5000,97,RuggedAuto,MedCost,-1.3322676295501873e-16,0.0,0.0,0.034401893615722656,0.01025247573852539,-0.0,-0.0,1,1,0.02856903949286015,0.02856903949286015,0.03243517875671387,0.01314234733581543,27,7,-0.02857,-0.02857,1,1
5000,98,HomeBase,Mileage,0.0,1.0,1.0,0.04267001152038574,0.017223596572875977,0.0|2.0,0.0|2.0,2,2,1.0137052940092572,1.0137052940092572,0.04142928123474121,0.014713287353515625,27,11,-0.02976|1.99765,-0.02976|1.99765,2,2
5000,99,VehicleYear,Mileage,-2.388350148653498e-16,0.0,0.0,0.027845144271850586,0.023424863815307617,-0.0,-0.0,1,1,0.025916446939737752,0.025916446939737752,0.0373384952545166,0.01922607421875,27,14,-0.02592,-0.02592,1,1
7500,0,AntiTheft,VehicleYear,0.0,1.3750000000000009,1.3750000000000009,0.04067564010620117,0.025449752807617188,0.0|2.75,0.0|2.75,2,2,1.3755785657901487,1.3755785657901487,0.027165651321411133,0.023708343505859375,27,15,0.00767|2.74349,0.00767|2.74349,2,2
7500,1,DrivingSkill,Theft,1.4820765697319795e-16,0.0,0.0,0.030471324920654297,0.018726587295532227,0.0,0.0,1,1,0.0084260143859957,0.0084260143859957,0.03189420700073242,0.014017820358276367,27,11,0.00843,0.00843,1,1
7500,2,DrivQuality,Airbag,2.018587317500284e-17,0.0,0.0,0.04392242431640625,0.018719196319580078,0.0,0.0,1,1,0.0007428497078691478,0.0007428497078691478,0.03411555290222168,0.017683029174804688,27,10,0.00074,0.00074,1,1
7500,3,RiskAversion,Theft,7.42054645357472e-16,0.0,0.0,0.0323486328125,0.042057037353515625,0.0,0.0,1,1,0.03653613983580703,0.03653613983580703,0.03039407730102539,0.0352327823638916,27,22,0.03654,0.03654,1,1
7500,4,MedCost,AntiTheft,6.66133814775093e-16,1.4791141972893971e-31,0.0,0.035092830657958984,0.004189968109130859,0.0,0.0,1,1,0.0052136343395331915,0.004917323488623223,0.02215409278869629,0.0028994083404541016,27,2,-0.00551|-0.00492,-0.00492,2,1
7500,5,DrivHist,RuggedAuto,3.9650822308041306e-17,0.0,0.0,0.02939891815185547,0.008307218551635742,0.0,0.0,1,1,0.0020355695819471884,0.0020355695819471884,0.027562379837036133,0.007056474685668945,27,7,0.00204,0.00204,1,1
7500,6,Accident,PropCost,-1.0115365335473645e-16,0.0,0.0,0.0230255126953125,0.0078582763671875,-0.0,-0.0,1,1,0.020432836214365285,0.020432836214365285,0.03260922431945801,0.006614208221435547,27,7,0.02043,0.02043,1,1
7500,7,Accident,Theft,-2.417048043194355e-17,0.0,0.0,0.02791428565979004,0.007774829864501953,-0.0,-0.0,1,1,0.03739540400216142,0.03739540400216142,0.02831125259399414,0.006708860397338867,27,8,-0.0374,-0.0374,1,1
7500,8,Airbag,GoodStudent,0.0,3.188586960604987e-18,6.377173921209974e-18,0.0213320255279541,0.004205942153930664,0.0,0.0,1,1,0.0010733215469115325,0.0018927576110936296,0.02609419822692871,0.0027146339416503906,27,2,-0.00189|-0.00025,-0.00189,2,1
7500,9,PropCost,RiskAversion,18.000000000000004,6.000000000000003,6.000000000000003,0.020748376846313477,0.023151636123657227,6.0|12.0|18.0,6.0|12.0|18.0,3,3,6.020356338453368,6.020356338453368,0.03632950782775879,0.028553485870361328,27,22,5.89254|12.0532|17.99318,5.89254|12.0532|17.99318,3,3
7500,10,Airbag,CarValue,6.573840876841761e-32,1.9737298215558323e-16,3.9474596431116645e-16,0.028245210647583008,0.003509521484375,0.0,0.0,1,1,0.004118836169346351,0.0034787771885462344,0.026114463806152344,0.00266265869140625,27,2,0.00348|0.00476,0.00348,2,1
7500,11,SeniorTrain,ILiCost,-1.903239470785982e-16,0.0,0.0,0.03183293342590332,0.009620428085327148,-0.0,-0.0,1,1,0.0008544870784524703,0.0008544870784524703,0.021060943603515625,0.00891733169555664,27,11,-0.00085,-0.00085,1,1
7500,12,AntiTheft,MakeModel,0.0,1.375,1.375,0.02149224281311035,0.022525310516357422,0.0|2.75,0.0|2.75,2,2,1.4218323700619835,1.4218323700619835,0.020908355712890625,0.013365983963012695,27,15,0.09717|2.7465,0.09717|2.7465,2,2
7500,13,Age,DrivHist,-8.215615409064251e-15,0.0,0.0,0.02831244468688965,0.024684429168701172,-0.0,-0.0,1,1,0.0459760092880638,0.0459760092880638,0.021157264709472656,0.034637451171875,27,26,-0.04598,-0.04598,1,1
7500,14,ThisCarDam,SeniorTrain,1.0000000000000002,0.16666666666666674,0.16666666666666674,0.02945709228515625,0.009684085845947266,1.0|1.33333,1.0|1.33333,2,2,0.16950201248996566,0.16950201248996566,0.02126455307006836,0.008402824401855469,27,11,1.00899|1.33001,1.00899|1.33001,2,2
7500,15,OtherCarCost,CarValue,0.0,0.5,0.5,0.021466493606567383,0.00700831413269043,0.0|1.0,0.0|1.0,2,2,0.5016415806646339,0.5016415806646339,0.035917043685913086,0.006146669387817383,27,4,-0.00119|1.0021,-0.00119|1.0021,2,2
7500,16,Age,RuggedAuto,-1.5466181388564586e-14,0.0,0.0,0.01999950408935547,0.02984762191772461,-0.0,-0.0,1,1,0.006262484155100155,0.006262484155100155,0.03308701515197754,0.03122711181640625,27,26,-0.00626,-0.00626,1,1
7500,17,Cushioning,Theft,-9.860761315262639e-32,1.9737298215558328e-16,2.960594732333749e-16,0.030313730239868164,0.0039060115814208984,0.0,0.0,1,1,0.006832292501455498,0.00320653663163296,0.02257847785949707,0.002961397171020508,27,2,-0.01506|-0.00321|-0.00223,-0.00321,3,1
7500,18,ThisCarCost,DrivQuality,1.0000000000000009,0.41666666666666646,0.3333333333333333,0.029749155044555664,0.009018182754516602,0.5|1.0|1.5,0.5|1.0|1.5,3,3,0.3927662866428689,0.3274993579497272,0.022165536880493164,0.010785102844238281,27,8,0.50666|1.00606|1.45686|1.4574|1.45985|1.4831,0.50666|1.00606|1.4831,6,3
7500,19,VehicleYear,Accident,1.846945093435058e-16,0.0,0.0,0.022813081741333008,0.013224363327026367,0.0,0.0,1,1,0.001473102791387809,0.001473102791387809,0.03592562675476074,0.011821746826171875,27,13,-0.00147,-0.00147,1,1
7500,20,PropCost,Antilock,2.0,0.666666666666667,0.666666666666667,0.026537656784057617,0.008372783660888672,1.0|2.0,1.0|2.0,2,2,0.6473861629742506,0.6473861629742506,0.021407127380371094,0.0069065093994140625,27,8,1.03039|1.04344|2.01599,1.03039|1.04344|2.01599,3,3
7500,21,Cushioning,Antilock,0.0,0.333333333333334,0.2500000000000005,0.02284383773803711,0.017199993133544922,0.0|0.5,0.0|0.5,2,2,0.3366188664040788,0.254740840076319,0.028130769729614258,0.009495973587036133,27,9,0.00857|0.50037|0.50091,0.00857|0.50091,3,2
7500,22,PropCost,SocioEcon,32.00000000000001,10.666666666666671,10.666666666666671,0.02889537811279297,0.02736353874206543,10.0|22.0|32.0,10.0|22.0|32.0,3,3,10.42287702265054,10.42287702265054,0.03029799461364746,0.03870558738708496,27,25,10.26786|23.19547|32.73196,10.26786|23.19547|32.73196,3,3
7500,23,Airbag,ThisCarCost,3.2869204384208807e-32,9.868649107779161e-17,1.9737298215558323e-16,0.029847145080566406,0.0038831233978271484,0.0,0.0,1,1,0.0024642063658033534,0.0004298976042515801,0.022588014602661133,0.0028810501098632812,27,2,0.00043|0.0045,0.00043,2,1
7500,24,Accident,AntiTheft,-3.1109374335850784e-17,0.0,0.0,0.029267549514770508,0.007835865020751953,-0.0,-0.0,1,1,0.021652142497705903,0.021652142497705903,0.0211031436920166,0.012764692306518555,27,9,-0.02165,-0.02165,1,1
7500,25,Accident,Age,11.999999999999963,0.0,0.0,0.023652076721191406,0.024138927459716797,12.0,12.0,1,1,0.34720231225918674,0.34720231225918674,0.03675341606140137,0.03004002571105957,27,26,12.3472,12.3472,1,1
7500,26,Antilock,RuggedAuto,0.0,0.0,0.0,0.021680116653442383,0.010676145553588867,0.0,0.0,1,1,0.016328114165366628,0.016328114165366628,0.028781890869140625,0.009320259094238281,27,10,0.01633,0.01633,1,1
7500,27,HomeBase,ILiCost,0.0,0.0,0.0,0.030295848846435547,0.003812074661254883,0.0,0.0,1,1,0.003260270449525691,0.0016189219449877553,0.02152538299560547,0.002686738967895508,27,2,0.00162|0.0049,0.00162,2,1
7500,28,PropCost,CarValue,2.0,0.6666666666666666,1.0,0.021859407424926758,0.01606011390686035,0.0|2.0,0.0|2.0,2,2,0.7462158056687437,1.0560616907936096,0.02141571044921875,0.009624719619750977,27,3,-0.05596|1.87348|1.94383,-0.05596|1.94383,3,2
7500,29,DrivQuality,HomeBase,0.0,0.0,0.0,0.024703264236450195,0.009536981582641602,0.0,0.0,1,1,0.011780097163322947,0.011780097163322947,0.025649547576904297,0.008018732070922852,27,10,0.01178,0.01178,1,1
7500,30,Mileage,RuggedAuto,-8.612639221334546e-16,0.0,0.0,0.028482437133789062,0.016578197479248047,-0.0,-0.0,1,1,0.001367206954768939,0.001367206954768939,0.02148580551147461,0.009042501449584961,27,11,0.00137,0.00137,1,1
7500,31,Accident,Theft,-2.417048043194355e-17,0.0,0.0,0.022629499435424805,0.014486074447631836,-0.0,-0.0,1,1,0.06851395213171348,0.06851395213171348,0.034243106842041016,0.00909733772277832,27,8,-0.06851,-0.06851,1,1
7500,32,AntiTheft,Antilock,2.220446049250313e-16,0.375,0.375,0.025668859481811523,0.009676694869995117,0.0|0.75,0.0|0.75,2,2,0.389550439928328,0.389550439928328,0.021965503692626953,0.007828712463378906,27,10,0.02975|0.74935,0.02975|0.74935,2,2
7500,33,DrivHist,GoodStudent,0.0,0.0,0.0,0.029744386672973633,0.0037641525268554688,0.0,0.0,1,1,0.010306649987543352,0.010306649987543352,0.02148723602294922,0.002673625946044922,27,2,0.01031,0.01031,1,1
7500,34,OtherCarCost,ILiCost,0.0,0.0,0.0,0.022338390350341797,0.004202842712402344,0.0,0.0,1,1,0.0022631965846209535,0.0022274147761414793,0.02895641326904297,0.0035600662231445312,27,2,-0.00223|0.0023,-0.00223,2,1
7500,35,Accident,RiskAversion,3.999999999999993,0.0,0.0,0.029879331588745117,0.025487422943115234,4.0,4.0,1,1,0.2691210408139142,0.2691210408139142,0.021530628204345703,0.029468297958374023,27,22,4.26912,4.26912,1,1
7500,36,SeniorTrain,MakeModel,-2.0301221021717143e-15,0.0,0.0,0.021431684494018555,0.01670074462890625,-0.0,-0.0,1,1,0.024169236160718414,0.024169236160718414,0.02891993522644043,0.021509647369384766,27,17,-0.02417,-0.02417,1,1
7500,37,Antilock,Airbag,2.018587317500284e-17,0.0,0.0,0.03959536552429199,0.011120796203613281,0.0,0.0,1,1,0.0039299261329664315,0.0039299261329664315,0.02223658561706543,0.03273487091064453,27,10,0.00393,0.00393,1,1
7500,38,ThisCarCost,ILiCost,0.0,0.0,0.0,0.05146431922912598,0.005972623825073242,0.0,0.0,1,1,0.00595588569092161,0.0007927507766045119,0.04909372329711914,0.007158517837524414,27,2,-0.01016|-0.00827|-0.00079|0.00308|0.00671|0.00672,-0.00079,6,1
7500,39,RiskAversion,DrivingSkill,-3.318190831779486e-15,0.0,0.0,0.1890735626220703,0.028264522552490234,-0.0,-0.0,1,1,0.009388329546744923,0.009388329546744923,0.02496027946472168,0.04262065887451172,27,22,0.00939,0.00939,1,1
7500,40,ILiCost,ThisCarDam,0.0,0.0,0.0,0.029145479202270508,0.004325389862060547,0.0,0.0,1,1,0.0024436200176487905,0.0024436200176487905,0.031577348709106445,0.0033545494079589844,27,2,-0.00244,-0.00244,1,1
7500,41,DrivQuality,GoodStudent,-1.1205410585525733e-33,0.0,0.0,0.036553382873535156,0.0137786865234375,-0.0,-0.0,1,1,0.020595647832675444,0.020595647832675444,0.02971172332763672,0.014586687088012695,27,9,-0.0206,-0.0206,1,1
7500,42,OtherCar,Antilock,1.9131521763629933e-17,0.0,0.0,0.02863788604736328,0.010748863220214844,0.0,0.0,1,1,0.0045439823440679315,0.0045439823440679315,0.03100109100341797,0.013473987579345703,27,9,-0.00454,-0.00454,1,1
7500,43,DrivHist,ILiCost,0.0,0.0,0.0,0.026262283325195312,0.004373311996459961,0.0,0.0,1,1,0.0066120802841567825,0.0066120802841567825,0.028667688369750977,0.0029621124267578125,27,2,-0.00661,-0.00661,1,1
7500,44,DrivQuality,Airbag,2.018587317500284e-17,0.0,0.0,0.030273914337158203,0.014505147933959961,0.0,0.0,1,1,0.007855180213911633,0.007855180213911633,0.025758028030395508,0.01796412467956543,27,10,0.00786,0.00786,1,1
7500,45,RuggedAuto,Mileage,-1.1546319456101624e-15,0.0,0.0,0.023596763610839844,0.01547861099243164,-0.0,-0.0,1,1,0.0559017296616109,0.0559017296616109,0.031778573989868164,0.012087821960449219,27,11,0.0559,0.0559,1,1
7500,46,Accident,Theft,-2.417048043194355e-17,0.0,0.0,0.03424263000488281,0.011653900146484375,-0.0,-0.0,1,1,0.02255136343822781,0.02255136343822781,0.026239871978759766,0.01142740249633789,27,8,0.02255,0.02255,1,1
7500,47,SocioEcon,ThisCarCost,1.7238258136673033e-15,0.0,0.0,0.03701376914978027,0.03641939163208008,0.0,0.0,1,1,0.013121284685071804,0.013121284685071804,0.028533458709716797,0.032387495040893555,27,25,0.01312,0.01312,1,1
7500,48,RiskAversion,Antilock,-2.2306111813784965e-15,0.0,0.0,0.036520957946777344,0.03711557388305664,-0.0,-0.0,1,1,0.03901454250712706,0.03901454250712706,0.03967857360839844,0.032800912857055664,27,22,-0.03901,-0.03901,1,1
7500,49,MedCost,ILiCost,2.9605947323337467e-16,2.465190328815662e-32,0.0,0.03236055374145508,0.004582643508911133,0.0,0.0,1,1,0.01762419148935719,0.009915370244165991,0.030223608016967773,0.0036535263061523438,27,2,0.00992|0.02533,0.00992,2,1
7500,50,OtherCar,RuggedAuto,1.635596420206704e-17,0.0,0.0,0.029494047164916992,0.015614032745361328,0.0,0.0,1,1,0.0053793368778796815,0.0053793368778796815,0.024834632873535156,0.008051872253417969,27,7,0.00538,0.00538,1,1
7500,51,SeniorTrain,OtherCarCost,-1.2688263138573214e-16,0.0,0.0,0.025599956512451172,0.012125492095947266,-0.0,-0.0,1,1,0.028527342590629917,0.028527342590629917,0.03171539306640625,0.012297630310058594,27,11,-0.02853,-0.02853,1,1
7500,52,Mileage,ThisCarDam,-9.150929172667955e-16,0.0,0.0,0.029522180557250977,0.010184526443481445,-0.0,-0.0,1,1,0.006287021795237639,0.006287021795237639,0.025316953659057617,0.007903814315795898,27,9,0.00629,0.00629,1,1
7500,53,Airbag,OtherCar,0.0,3.188586960604987e-18,6.377173921209974e-18,0.0460355281829834,0.008774042129516602,0.0,0.0,1,1,0.0013642052418930506,0.0014784547611355358,0.07715225219726562,0.004800081253051758,27,2,0.00125|0.00148,0.00148,2,1
7500,54,Antilock,Mileage,0.0,0.0,0.0,0.035149574279785156,0.0173342227935791,0.0,0.0,1,1,0.013633267478588004,0.013633267478588004,0.04671025276184082,0.026292085647583008,27,10,0.01363,0.01363,1,1
7500,55,ILiCost,OtherCarCost,0.0,0.0,0.0,0.06260800361633301,0.00677037239074707,0.0,0.0,1,1,0.01057974277556061,0.01057974277556061,0.044028282165527344,0.007960319519042969,27,2,0.01058,0.01058,1,1
7500,56,SeniorTrain,Mileage,-2.791417890486107e-15,0.0,0.0,0.049948692321777344,0.021381855010986328,-0.0,-0.0,1,1,0.02920050371773112,0.02920050371773112,0.06284809112548828,0.030463218688964844,27,13,0.0292,0.0292,1,1
7500,57,AntiTheft,CarValue,0.0,0.625,0.625,0.0653524398803711,0.01872706413269043,0.0|1.25,0.0|1.25,2,2,0.6326266613008149,0.6326266613008149,0.05652165412902832,0.018601179122924805,27,3,0.01153|1.25372,0.01153|1.25372,2,2
7500,58,SocioEcon,CarValue,1.419145864416214e-15,0.0,0.0,0.05348515510559082,0.036296844482421875,0.0,0.0,1,1,0.02192170131216446,0.02192170131216446,0.037763357162475586,0.04474663734436035,27,25,0.02192,0.02192,1,1
7500,59,RiskAversion,OtherCar,1.930272241372005e-31,0.0,0.0,0.031021595001220703,0.0375213623046875,0.0,0.0,1,1,0.022799738916979017,0.022799738916979017,0.03006267547607422,0.037531137466430664,27,23,0.0228,0.0228,1,1
7500,60,Theft,ILiCost,0.0,0.0,0.0,0.034073591232299805,0.005494117736816406,0.0,0.0,1,1,0.008649874152456953,0.0012730193096122118,0.03161120414733887,0.00506138801574707,27,2,-0.01368|-0.01351|-0.01206|-0.00735|-0.00127|0.00402,-0.00127,6,1
7500,61,SeniorTrain,ThisCarDam,1.903239470785982e-16,0.0,0.0,0.027603626251220703,0.0234830379486084,0.0,0.0,1,1,0.004378052032906576,0.004378052032906576,0.0345308780670166,0.016222476959228516,27,11,0.00438,0.00438,1,1
7500,62,MakeModel,OtherCar,-1.4912879766909555e-32,0.0,0.0,0.03585028648376465,0.022332429885864258,-0.0,-0.0,1,1,0.01126721023084668,0.01126721023084668,0.039518117904663086,0.02687549591064453,27,14,0.01127,0.01127,1,1
7500,63,Cushioning,HomeBase,-1.4791141972893958e-31,2.220446049250312e-16,3.330669073875468e-16,0.050501346588134766,0.011773109436035156,0.0,0.0,1,1,0.0067156543233881085,0.002061941980551974,0.06011486053466797,0.008172273635864258,27,2,0.0005|0.00206|0.01758,0.00206,3,1
7500,64,RuggedAuto,Accident,-1.5765166949677218e-15,0.0,0.0,0.05483245849609375,0.015877485275268555,-0.0,-0.0,1,1,0.033354645776572454,0.033354645776572454,0.04978489875793457,0.01419830322265625,27,9,0.03335,0.03335,1,1
7500,65,ThisCarCost,DrivQuality,1.0000000000000009,0.41666666666666646,0.3333333333333333,0.06568408012390137,0.023160457611083984,0.5|1.0|1.5,0.5|1.0|1.5,3,3,0.4202227887601226,0.35656226327509916,0.061983346939086914,0.01918816566467285,27,8,0.47375|0.95214|1.48139|1.48887|1.49558,0.47375|0.95214|1.49558,5,3
7500,66,AntiTheft,ILiCost,0.0,0.0,0.0,0.03030228614807129,0.008607149124145508,0.0,0.0,1,1,0.010320779861272228,0.003915853504929814,0.030840396881103516,0.003604412078857422,27,2,0.00392|0.01673,0.00392,2,1
7500,67,VehicleYear,DrivingSkill,1.846945093435058e-16,0.0,0.0,0.04197263717651367,0.04004240036010742,0.0,0.0,1,1,0.008152228848925433,0.008152228848925433,0.07439589500427246,0.05506014823913574,27,16,-0.00815,-0.00815,1,1
7500,68,RiskAversion,GoodStudent,1.930272241372005e-31,0.0,0.0,0.10052824020385742,0.09181690216064453,0.0,0.0,1,1,0.02464290516895381,0.02464290516895381,0.07271003723144531,0.07140374183654785,27,23,0.02464,0.02464,1,1
7500,69,ILiCost,MakeModel,1.0000000000000007,0.0,0.0,0.08281850814819336,0.04975414276123047,1.0,1.0,1,1,0.014588475288374925,0.014588475288374925,0.07500886917114258,0.052781105041503906,27,13,1.01459,1.01459,1,1
7500,70,DrivingSkill,ILiCost,7.410382848659897e-17,0.0,0.0,0.07455754280090332,0.031677961349487305,0.0,0.0,1,1,0.010558408449072767,0.010558408449072767,0.09180116653442383,0.030393600463867188,27,10,-0.01056,-0.01056,1,1
7500,71,Theft,Antilock,0.0,0.5000000000000002,0.5000000000000001,0.08667826652526855,0.03241848945617676,0.0|1.0,0.0|1.0,2,2,0.5039056792545655,0.5016936906615547,0.07706475257873535,0.03185224533081055,27,9,-0.01819|-0.00739|0.02651|0.98375|0.9916|0.99599,-0.00739|0.99599,6,2
7500,72,ThisCarCost,GoodStudent,0.0,0.0,0.0,0.07885313034057617,0.01062774658203125,0.0,0.0,1,1,0.007981804124418491,0.0025372180482000598,0.06472468376159668,0.009396553039550781,27,2,0.00254|0.00634|0.00654|0.00967|0.00968|0.01313,0.00254,6,1
7500,73,MedCost,SeniorTrain,1.0000000000000007,1.1102230246251565e-16,0.0,0.07183361053466797,0.03448891639709473,1.0,1.0,1,1,0.009923746226988828,0.007814992041017432,0.0839381217956543,0.04479718208312988,27,11,0.98797|0.99219,0.99219,2,1
7500,74,CarValue,DrivQuality,-8.881784197001253e-17,0.30000000000000016,0.30000000000000016,0.08357858657836914,0.03179049491882324,-0.0|0.6,-0.0|0.6,2,2,0.300046782325731,0.30613042089906545,0.06729602813720703,0.026363134384155273,27,9,0.00454|0.01286|0.58338|0.5994,0.01286|0.5994,4,2
7500,75,MakeModel,Accident,-6.729870433221625e-16,0.0,0.0,0.07000565528869629,0.05696463584899902,-0.0,-0.0,1,1,0.013745633510114014,0.013745633510114014,0.06810569763183594,0.0472264289855957,27,13,0.01375,0.01375,1,1
7500,76,VehicleYear,MakeModel,-7.324730671107197e-15,0.0,0.0,0.06481432914733887,0.042566776275634766,-0.0,-0.0,1,1,0.028427054827358196,0.028427054827358196,0.08231019973754883,0.04622006416320801,27,14,-0.02843,-0.02843,1,1
7500,77,AntiTheft,DrivingSkill,2.220446049250313e-16,0.375,0.375,0.07076430320739746,0.05282139778137207,0.0|0.75,0.0|0.75,2,2,0.3808436107981247,0.3808436107981247,0.07733011245727539,0.039054155349731445,27,12,0.01034|0.75135,0.01034|0.75135,2,2
7500,78,GoodStudent,ThisCarCost,0.0,0.0,0.0,0.061493873596191406,0.011927604675292969,0.0,0.0,1,1,0.006969087835013614,0.006969087835013614,0.08582949638366699,0.010475397109985352,27,2,0.00697,0.00697,1,1
7500,79,ThisCarCost,DrivingSkill,1.0000000000000009,0.41666666666666646,0.3333333333333333,0.08358502388000488,0.028717517852783203,0.5|1.0|1.5,0.5|1.0|1.5,3,3,0.4208881685097457,0.3378870372451764,0.06914448738098145,0.03264570236206055,27,10,0.50213|0.98879|1.50211|1.50458|1.50471|1.50484,0.50213|0.98879|1.50458,6,3
7500,80,Airbag,CarValue,6.573840876841761e-32,1.9737298215558323e-16,3.9474596431116645e-16,0.07764935493469238,0.011684656143188477,0.0,0.0,1,1,0.006007081241847324,0.0020283240412455337,0.07805156707763672,0.012948036193847656,27,2,0.00203|0.00999,0.00203,2,1
7500,81,PropCost,MedCost,0.0,1.9737298215558337e-16,0.0,0.0652015209197998,0.012861013412475586,0.0,0.0,1,1,0.004286413682272405,0.0010750337643550079,0.0856471061706543,0.010185480117797852,27,2,-0.00428|0.00108|0.0075,0.00108,3,1
7500,82,SocioEcon,Airbag,1.1031515403918748e-16,0.0,0.0,0.07922792434692383,0.10562705993652344,0.0,0.0,1,1,0.04732886701319293,0.04732886701319293,0.06427145004272461,0.0857551097869873,27,25,-0.04733,-0.04733,1,1
7500,83,Theft,PropCost,0.0,0.16666666666666666,0.16666666666666666,0.08530926704406738,0.02534174919128418,0.0|0.33333,0.0|0.33333,2,2,0.16629765893257883,0.1702633699140742,0.0728456974029541,0.023442983627319336,27,3,-0.00729|-0.00431|0.00819|0.32084|0.32392|0.33324,-0.00729|0.33324,6,2
7500,84,CarValue,GoodStudent,0.0,0.0,0.0,0.07862067222595215,0.024704694747924805,0.0,0.0,1,1,0.009029779546866443,0.00010087059503507849,0.07129359245300293,0.01380610466003418,27,2,-0.0179|-0.00997|-0.00815|0.0001,0.0001,4,1
7500,85,RuggedAuto,Airbag,0.0,0.0,0.0,0.061903953552246094,0.0345151424407959,0.0,0.0,1,1,0.01841203967334241,0.01841203967334241,0.08050847053527832,0.030635833740234375,27,7,-0.01841,-0.01841,1,1
7500,86,SeniorTrain,OtherCarCost,-1.2688263138573214e-16,0.0,0.0,0.08901476860046387,0.04195833206176758,-0.0,-0.0,1,1,0.0030029881297451723,0.0030029881297451723,0.07550191879272461,0.03525352478027344,27,11,0.003,0.003,1,1
7500,87,Antilock,Theft,0.0,0.0,0.0,0.08554530143737793,0.03686857223510742,0.0,0.0,1,1,0.0017208036506138058,0.0017208036506138058,0.08874177932739258,0.042653799057006836,27,9,-0.00172,-0.00172,1,1
7500,88,Airbag,SocioEcon,3.9999999999999996,2.3333333333333366,2.3333333333333366,0.07207489013671875,0.10403299331665039,4.0|8.66667,4.0|8.66667,2,2,2.405134296673701,2.405134296673701,0.09618067741394043,0.10748815536499023,27,25,3.82404|8.6343,3.82404|8.6343,2,2
7500,89,MakeModel,Age,3.0000000000000036,0.0,0.0,0.06962299346923828,0.0849146842956543,3.0,3.0,1,1,0.13392746980913062,0.13392746980913062,0.08098196983337402,0.09570980072021484,27,26,2.86607,2.86607,1,1
7500,90,RiskAversion,ILiCost,1.4119209695858832e-15,0.0,0.0,0.07651543617248535,0.07259964942932129,0.0,0.0,1,1,0.052820999119862606,0.052820999119862606,0.07138419151306152,0.09728574752807617,27,22,0.05282,0.05282,1,1
7500,91,SocioEcon,SeniorTrain,-3.0367781891402993e-14,0.0,0.0,0.06345438957214355,0.08454012870788574,-0.0,-0.0,1,1,0.028614500918601703,0.028614500918601703,0.08365368843078613,0.09093117713928223,27,25,0.02861,0.02861,1,1
7500,92,Airbag,HomeBase,0.0,1.1102230246251559e-16,2.2204460492503118e-16,0.06536412239074707,0.011336088180541992,0.0,0.0,1,1,0.0010186364173507992,0.00182677623177012,0.08429861068725586,0.010978460311889648,27,2,0.00021|0.00183,0.00183,2,1
7500,93,AntiTheft,ILiCost,0.0,0.0,0.0,0.07599139213562012,0.012814044952392578,0.0,0.0,1,1,0.0038738948488216997,0.00041553186755340993,0.06974411010742188,0.011642694473266602,27,2,-0.00733|-0.00042,-0.00042,2,1
7500,94,DrivQuality,Antilock,0.0,0.0,0.0,0.06782197952270508,0.04346299171447754,0.0,0.0,1,1,0.004079186430876777,0.004079186430876777,0.07016277313232422,0.031301259994506836,27,9,0.00408,0.00408,1,1
7500,95,RiskAversion,PropCost,1.1232471001643925e-15,0.0,0.0,0.07172203063964844,0.06163954734802246,0.0,0.0,1,1,0.028826928152667602,0.028826928152667602,0.08068966865539551,0.07341432571411133,27,22,-0.02883,-0.02883,1,1
7500,96,SocioEcon,RuggedAuto,1.6902059571982176e-14,0.0,0.0,0.07576751708984375,0.07385420799255371,0.0,0.0,1,1,0.015765558963958017,0.015765558963958017,0.08591222763061523,0.0829169750213623,27,25,0.01577,0.01577,1,1
7500,97,OtherCarCost,DrivingSkill,1.0,0.25,0.25,0.06561422348022461,0.028144121170043945,1.0|1.5,1.0|1.5,2,2,0.2606334946103164,0.2606334946103164,0.08499407768249512,0.03258967399597168,27,10,0.99083|1.51209,0.99083|1.51209,2,2
7500,98,DrivQuality,ThisCarCost,0.0,0.0,0.0,0.0811624526977539,0.029863834381103516,0.0,0.0,1,1,0.014765662405940511,0.014765662405940511,0.06540918350219727,0.025290966033935547,27,8,-0.01477,-0.01477,1,1
7500,99,ThisCarDam,MakeModel,2.0000000000000004,0.9999999999999998,0.9999999999999998,0.07641386985778809,0.053936004638671875,2.0|4.0,2.0|4.0,2,2,0.9951074900093724,0.9951074900093724,0.0679326057434082,0.04791140556335449,27,13,2.00314|3.98708,2.00314|3.98708,2,2
10000,0,DrivQuality,SeniorTrain,1.0000000000000018,0.0,0.0,0.06106233596801758,0.03432488441467285,1.0,1.0,1,1,0.0020445763758853985,0.0020445763758853985,0.08602690696716309,0.035521745681762695,27,11,1.00204,1.00204,1,1
10000,1,Theft,Mileage,0.9999999999999991,1.1666666666666667,0.9166666666666664,0.09637880325317383,0.0372772216796875,0.0|1.0|2.66667,0.0|1.0|2.66667,3,3,1.1456253993878966,0.9079271127207622,0.07939887046813965,0.0442202091217041,27,10,0.0104|0.02268|1.01211|2.62073|2.62131|2.65268,0.0104|0.02268|1.01211|2.65268,6,4
10000,2,RuggedAuto,OtherCar,-2.7755575615628927e-18,0.0,0.0,0.07572221755981445,0.027390003204345703,-0.0,-0.0,1,1,0.016101079653735095,0.016101079653735095,0.10006189346313477,0.033568620681762695,27,7,-0.0161,-0.0161,1,1
10000,3,ThisCarCost,Accident,1.0000000000000009,0.41666666666666646,0.3333333333333333,0.08980774879455566,0.03220844268798828,0.5|1.0|1.5,0.5|1.0|1.5,3,3,0.4105714804562102,0.3279025069682097,0.08311939239501953,0.029979467391967773,27,7,0.51346|0.99534|1.49251|1.49275|1.49348,0.51346|0.99534|1.49251,5,3
10000,4,HomeBase,DrivingSkill,2.220446049250313e-16,0.375,0.375,0.0721890926361084,0.041719675064086914,0.0|0.75,0.0|0.75,2,2,0.38606488183225257,0.38606488183225257,0.06992292404174805,0.04120039939880371,27,12,0.02101|0.75112,0.02101|0.75112,2,2
10000,5,Theft,Airbag,3.2869204384208823e-32,7.401486830834374e-17,1.9737298215558335e-16,0.07045388221740723,0.011556386947631836,0.0,0.0,1,1,0.007287469690719792,0.0018424118337109325,0.08916544914245605,0.012481927871704102,27,2,0.00184|0.00323|0.00662|0.00902|0.0115|0.01152,0.00184,6,1
10000,6,MedCost,Antilock,1.0000000000000013,0.0,0.0,0.08826136589050293,0.04466748237609863,1.0,1.0,1,1,0.008110714653264683,0.005362285533109468,0.08993387222290039,0.03130769729614258,27,8,0.98914|0.99464,0.99464,2,1
10000,7,PropCost,RuggedAuto,2.0000000000000004,0.666666666666667,0.666666666666667,0.07396054267883301,0.0338747501373291,1.0|2.0,1.0|2.0,2,2,0.665599203384106,0.665599203384106,0.0919802188873291,0.03146719932556152,27,6,0.99269|1.01252|1.99799,0.99269|1.01252|1.99799,3,3
10000,8,MakeModel,SeniorTrain,-1.949743521641092e-16,0.0,0.0,0.07715749740600586,0.04698777198791504,-0.0,-0.0,1,1,0.03626452799682283,0.03626452799682283,0.08700275421142578,0.05352067947387695,27,17,0.03626,0.03626,1,1
10000,9,DrivQuality,DrivHist,0.0,0.0,0.0,0.06813812255859375,0.013872385025024414,0.0,0.0,1,1,0.016909670133107655,0.016909670133107655,0.0365900993347168,0.01477956771850586,27,9,-0.01691,-0.01691,1,1
10000,10,DrivingSkill,MakeModel,2.389826228648253e-15,0.0,0.0,0.045896291732788086,0.03460836410522461,0.0,0.0,1,1,0.011222721825685083,0.011222721825685083,0.07005763053894043,0.042294979095458984,27,16,-0.01122,-0.01122,1,1
10000,11,PropCost,DrivHist,0.0,0.0,0.0,0.05038738250732422,0.004641056060791016,0.0,0.0,1,1,0.008543047136037325,0.004599170515305401,0.028432369232177734,0.009262323379516602,27,2,-0.01778|-0.0046|0.00325,-0.0046,3,1
10000,12,ThisCarCost,DrivQuality,1.0000000000000009,0.41666666666666646,0.3333333333333333,0.028670787811279297,0.011934041976928711,0.5|1.0|1.5,0.5|1.0|1.5,3,3,0.4214360764510537,0.32667374408080724,0.04168200492858887,0.012241601943969727,27,8,0.5239|0.9978|1.50173|1.50905|1.51977|1.51978,0.5239|0.9978|1.50173,6,3
10000,13,SocioEcon,ThisCarDam,-2.4529968593219326e-15,0.0,0.0,0.03352808952331543,0.03911590576171875,-0.0,-0.0,1,1,0.0072180544834138894,0.0072180544834138894,0.04136395454406738,0.04917550086975098,27,25,0.00722,0.00722,1,1
10000,14,DrivingSkill,OtherCarCost,3.8786637719276294e-17,0.0,0.0,0.04432845115661621,0.014355897903442383,0.0,0.0,1,1,0.00235517517601269,0.00235517517601269,0.03285527229309082,0.01233363151550293,27,10,0.00236,0.00236,1,1
10000,15,Cushioning,Accident,0.0,0.333333333333334,0.2500000000000005,0.03727078437805176,0.010322809219360352,0.0|0.5,0.0|0.5,2,2,0.33331036293110655,0.2523592475822688,0.026570796966552734,0.022518396377563477,27,8,0.00141|0.49521|0.50331,0.00141|0.50331,3,2
10000,16,GoodStudent,Antilock,1.9131521763629933e-17,0.0,0.0,0.0275270938873291,0.010123014450073242,0.0,0.0,1,1,0.018733864911685518,0.018733864911685518,0.03362441062927246,0.00907444953918457,27,9,-0.01873,-0.01873,1,1
10000,17,ThisCarDam,PropCost,0.0,0.16666666666666666,0.16666666666666666,0.03678536415100098,0.00726318359375,0.0|0.33333,0.0|0.33333,2,2,0.17429284727218786,0.17429284727218786,0.038727760314941406,0.006564140319824219,27,3,-0.01528|0.3333,-0.01528|0.3333,2,2
10000,18,Age,Airbag,1.1589266498919065e-14,0.0,0.0,0.024639129638671875,0.038625240325927734,0.0,0.0,1,1,0.045590419830381715,0.045590419830381715,0.02339768409729004,0.04104280471801758,27,26,-0.04559,-0.04559,1,1
10000,19,GoodStudent,Antilock,1.9131521763629933e-17,0.0,0.0,0.029532670974731445,0.01580190658569336,0.0,0.0,1,1,0.003329159871024071,0.003329159871024071,0.035634517669677734,0.011606216430664062,27,9,0.00333,0.00333,1,1
10000,20,Airbag,ThisCarDam,3.2869204384208807e-32,9.868649107779161e-17,1.9737298215558323e-16,0.03733515739440918,0.004843711853027344,0.0,0.0,1,1,0.00675490865075463,0.0033565973719798785,0.02727055549621582,0.003977537155151367,27,2,0.00336|0.01015,0.00336,2,1
10000,21,PropCost,DrivingSkill,2.0,0.666666666666667,0.666666666666667,0.03822040557861328,0.015480995178222656,1.0|2.0,1.0|2.0,2,2,0.702358602178963,0.702358602178963,0.03374648094177246,0.014297246932983398,27,10,0.95323|0.97593|1.96377,0.95323|0.97593|1.96377,3,3
10000,22,PropCost,AntiTheft,1.0,0.3333333333333333,0.5,0.03177809715270996,0.009241104125976562,0.0|1.0,0.0|1.0,2,2,0.33300081769174494,0.48542859207667804,0.037428855895996094,0.010453939437866211,27,4,0.03856|0.97185|0.99059,0.03856|0.99059,3,2
10000,23,Airbag,AntiTheft,0.0,1.1102230246251559e-16,2.2204460492503118e-16,0.042510271072387695,0.005208730697631836,0.0,0.0,1,1,0.006624976556143225,0.003922859518529886,0.031673431396484375,0.003338336944580078,27,2,0.00392|0.00933,0.00392,2,1
10000,24,MedCost,SocioEcon,14.000000000000014,4.000000000000002,4.000000000000002,0.04056525230407715,0.17634940147399902,6.0|14.0,6.0|14.0,2,2,4.005449566387512,4.005449566387512,0.030976295471191406,0.029668807983398438,27,25,6.09172|14.10261,6.09172|14.10261,2,2
10000,25,MedCost,RiskAversion,8.000000000000009,1.9999999999999996,1.9999999999999996,0.032636404037475586,0.04114556312561035,4.0|8.0,4.0|8.0,2,2,2.043192023036923,2.043192023036923,0.026660680770874023,0.02902388572692871,27,22,3.95381|7.95981,3.95381|7.95981,2,2
10000,26,Mileage,Cushioning,-2.2877322931669887e-16,0.0,0.0,0.03458070755004883,0.016875505447387695,-0.0,-0.0,1,1,0.002776698861726481,0.002776698861726481,0.02774357795715332,0.011677980422973633,27,10,0.00278,0.00278,1,1
10000,27,MakeModel,MedCost,-1.727013593861354e-16,0.0,0.0,0.02839350700378418,0.01480555534362793,-0.0,-0.0,1,1,0.01538145257490046,0.01538145257490046,0.03663015365600586,0.01650261878967285,27,13,-0.01538,-0.01538,1,1
10000,28,ThisCarCost,Cushioning,5.921189464667501e-16,2.467162276944792e-16,2.9605947323337506e-16,0.0354619026184082,0.004514455795288086,0.0,0.0,1,1,0.021703912535949225,0.005926107415464639,0.031191110610961914,0.0031452178955078125,27,2,0.00238|0.00593|0.01603|0.01833|0.04356|0.044,0.00593,6,1
10000,29,HomeBase,MakeModel,0.0,1.375,1.375,0.03453660011291504,0.01727461814880371,0.0|2.75,0.0|2.75,2,2,1.4117100917354333,1.4117100917354333,0.02559375762939453,0.02150106430053711,27,15,-0.07908|2.74434,-0.07908|2.74434,2,2
10000,30,RuggedAuto,ILiCost,-3.158848843873959e-16,0.0,0.0,0.02596759796142578,0.00977468490600586,-0.0,-0.0,1,1,0.03014677638948621,0.03014677638948621,0.03482794761657715,0.008346796035766602,27,7,0.03015,0.03015,1,1
10000,31,Antilock,Mileage,0.0,0.0,0.0,0.03428316116333008,0.011615276336669922,0.0,0.0,1,1,0.010855927824158963,0.010855927824158963,0.03273200988769531,0.013275623321533203,27,10,-0.01086,-0.01086,1,1
10000,32,MakeModel,ThisCarDam,-3.0702463890868515e-16,0.0,0.0,0.024802684783935547,0.013637542724609375,-0.0,-0.0,1,1,0.005069900617081933,0.005069900617081933,0.030299663543701172,0.013419151306152344,27,13,-0.00507,-0.00507,1,1
10000,33,ILiCost,RiskAversion,4.000000000000001,0.0,0.0,0.0327298641204834,0.025947093963623047,4.0,4.0,1,1,0.01898757817908958,0.01898757817908958,0.03495287895202637,0.03551435470581055,27,22,4.01899,4.01899,1,1
10000,34,SeniorTrain,PropCost,6.344131569286607e-17,0.0,0.0,0.026611328125,0.01609945297241211,0.0,0.0,1,1,0.0024358019631901943,0.0024358019631901943,0.035584211349487305,0.01847243309020996,27,11,0.00244,0.00244,1,1
10000,35,ILiCost,Airbag,2.9605947323337506e-16,0.0,0.0,0.032788753509521484,0.0065534114837646484,0.0,0.0,1,1,0.016093866091362322,0.016093866091362322,0.03350472450256348,0.004081010818481445,27,2,-0.01609,-0.01609,1,1
10000,36,GoodStudent,Antilock,1.9131521763629933e-17,0.0,0.0,0.031079769134521484,0.012740135192871094,0.0,0.0,1,1,0.009571004757661017,0.009571004757661017,0.04231858253479004,0.009400129318237305,27,9,-0.00957,-0.00957,1,1
10000,37,Antilock,RuggedAuto,0.0,0.0,0.0,0.03587532043457031,0.012567996978759766,0.0,0.0,1,1,0.012340746572640773,0.012340746572640773,0.029584646224975586,0.013675928115844727,27,10,0.01234,0.01234,1,1
10000,38,Age,DrivHist,-8.215615409064251e-15,0.0,0.0,0.02798748016357422,0.05346488952636719,-0.0,-0.0,1,1,0.007271763134745603,0.007271763134745603,0.024733304977416992,0.03635096549987793,27,26,-0.00727,-0.00727,1,1
10000,39,RiskAversion,Antilock,-2.2306111813784965e-15,0.0,0.0,0.03156280517578125,0.028043270111083984,-0.0,-0.0,1,1,0.025930180247166427,0.025930180247166427,0.03298616409301758,0.034108638763427734,27,22,0.02593,0.02593,1,1
10000,40,RuggedAuto,AntiTheft,-3.2959746043559325e-16,0.0,0.0,0.03517723083496094,0.013519763946533203,-0.0,-0.0,1,1,0.003334336765521732,0.003334336765521732,0.02849602699279785,0.011031150817871094,27,8,0.00333,0.00333,1,1
10000,41,Age,ThisCarDam,-7.825035136926474e-15,0.0,0.0,0.029938697814941406,0.029999256134033203,-0.0,-0.0,1,1,0.014742307884778715,0.014742307884778715,0.03877449035644531,0.044011831283569336,27,26,-0.01474,-0.01474,1,1
10000,42,MedCost,Airbag,1.0000000000000002,0.5000000000000001,0.5000000000000001,0.031098127365112305,0.010147809982299805,0.0|1.0,0.0|1.0,2,2,0.48829035219046046,0.48829035219046046,0.03751659393310547,0.008504867553710938,27,3,0.02728|0.99614,0.02728|0.99614,2,2
10000,43,Cushioning,ThisCarDam,-9.860761315262639e-32,1.9737298215558328e-16,2.960594732333749e-16,0.0380251407623291,0.010031938552856445,0.0,0.0,1,1,0.006834820236105692,0.0038013319200332152,0.037300825119018555,0.005815744400024414,27,2,-0.00997|0.0038|0.00673,0.0038,3,1
10000,44,Cushioning,CarValue,-1.9721522630525278e-31,3.9474596431116655e-16,5.921189464667498e-16,0.02953815460205078,0.005337715148925781,0.0,0.0,1,1,0.014025182640591617,0.005941175814860764,0.028645038604736328,0.013463020324707031,27,2,-0.0246|-0.01153|-0.00594,-0.00594,3,1
10000,45,DrivHist,CarValue,0.0,0.0,0.0,0.03692293167114258,0.005532741546630859,0.0,0.0,1,1,0.0026265446048713103,0.0026265446048713103,0.03662991523742676,0.004752397537231445,27,2,0.00263,0.00263,1,1
10000,46,Cushioning,Age,12.0,2.3333333333333433,2.3333333333333433,0.03655433654785156,0.0362546443939209,12.0|12.5|18.5,12.0|12.5|18.5,3,3,2.2579848010260135,2.2579848010260135,0.02465963363647461,0.04881930351257324,27,26,12.00631|12.36252|18.40513,12.00631|12.36252|18.40513,3,3
10000,47,AntiTheft,PropCost,0.0,0.125,0.125,0.033069610595703125,0.013114452362060547,0.0|0.25,0.0|0.25,2,2,0.12916100760890467,0.12916100760890467,0.026075363159179688,0.007441043853759766,27,4,0.00668|0.25164,0.00668|0.25164,2,2
10000,48,PropCost,RuggedAuto,2.0000000000000004,0.666666666666667,0.666666666666667,0.025188207626342773,0.012600898742675781,1.0|2.0,1.0|2.0,2,2,0.6744271899908112,0.6744271899908112,0.03582334518432617,0.00827932357788086,27,6,0.98612|1.00185|1.98875,0.98612|1.00185|1.98875,3,3
10000,49,Airbag,MedCost,0.0,0.16666666666666682,0.16666666666666682,0.0297849178314209,0.010932683944702148,0.0|0.33333,0.0|0.33333,2,2,0.16826822867395078,0.16826822867395078,0.03357958793640137,0.0070209503173828125,27,3,-0.00233|0.33421,-0.00233|0.33421,2,2
10000,50,Mileage,ILiCost,-6.728624391667614e-16,0.0,0.0,0.030901670455932617,0.009107351303100586,-0.0,-0.0,1,1,0.0006639325430818021,0.0006639325430818021,0.02510690689086914,0.009300470352172852,27,9,0.00066,0.00066,1,1
10000,51,AntiTheft,Antilock,2.220446049250313e-16,0.375,0.375,0.029540538787841797,0.01571369171142578,0.0|0.75,0.0|0.75,2,2,0.37910091657974654,0.37910091657974654,0.0337071418762207,0.01420450210571289,27,10,0.00694|0.75126,0.00694|0.75126,2,2
10000,52,ThisCarDam,VehicleYear,2.0000000000000013,1.0000000000000007,1.0000000000000007,0.046772003173828125,0.017943143844604492,2.0|4.0,2.0|4.0,2,2,1.0198174424049644,1.0198174424049644,0.03285026550292969,0.018110990524291992,27,13,1.95711|3.99675,1.95711|3.99675,2,2
10000,53,VehicleYear,HomeBase,-1.7248384387138057e-16,0.0,0.0,0.02657008171081543,0.03235626220703125,-0.0,-0.0,1,1,0.02260776261815243,0.02260776261815243,0.02749919891357422,0.026735544204711914,27,15,0.02261,0.02261,1,1
10000,54,Cushioning,RiskAversion,4.0,0.6666666666666702,0.6666666666666702,0.041945695877075195,0.035416603088378906,4.0|6.0,4.0|6.0,2,2,0.6793738407597433,0.6793738407597433,0.02869129180908203,0.050257205963134766,27,22,3.95163|3.99093|5.98068,3.95163|3.99093|5.98068,3,3
10000,55,ILiCost,MakeModel,1.0000000000000007,0.0,0.0,0.02472853660583496,0.01828908920288086,1.0,1.0,1,1,0.008480488896571492,0.008480488896571492,0.0413818359375,0.015376091003417969,27,13,0.99152,0.99152,1,1
10000,56,DrivQuality,OtherCar,-1.1205410585525733e-33,0.0,0.0,0.03367114067077637,0.017992258071899414,-0.0,-0.0,1,1,0.00399536274558735,0.00399536274558735,0.03146195411682129,0.009763240814208984,27,9,0.004,0.004,1,1
10000,57,CarValue,HomeBase,0.0,0.25,0.25,0.029382705688476562,0.009379148483276367,0.0|0.5,0.0|0.5,2,2,0.2583352202494137,0.25902170643779276,0.04153132438659668,0.009341239929199219,27,3,-0.01728|-0.01686|0.49802|0.50118,-0.01686|0.50118,4,2
10000,58,Airbag,DrivQuality,0.0,0.16666666666666705,0.16666666666666705,0.03232717514038086,0.012924432754516602,0.0|0.33333,0.0|0.33333,2,2,0.17291503234021188,0.17291503234021188,0.025722742080688477,0.011344194412231445,27,10,0.00756|0.33827,0.00756|0.33827,2,2
10000,59,DrivHist,DrivQuality,0.0,0.0,0.0,0.029592037200927734,0.021140098571777344,0.0,0.0,1,1,0.008275456163770508,0.008275456163770508,0.027643918991088867,0.014179468154907227,27,9,0.00828,0.00828,1,1
10000,60,Cushioning,PropCost,0.0,0.0,0.0,0.030755043029785156,0.0068531036376953125,0.0,0.0,1,1,0.009470085782834776,0.0037546697817400464,0.04114174842834473,0.006269693374633789,27,2,0.00375|0.00478|0.01987,0.00375,3,1
10000,61,DrivHist,RuggedAuto,3.9650822308041306e-17,0.0,0.0,0.045865774154663086,0.008832693099975586,0.0,0.0,1,1,0.01483713677016972,0.01483713677016972,0.0262298583984375,0.011171102523803711,27,7,0.01484,0.01484,1,1
10000,62,Theft,ILiCost,0.0,0.0,0.0,0.03247952461242676,0.012094974517822266,0.0,0.0,1,1,0.013098989101056379,0.0021391732913505104,0.026524782180786133,0.0036478042602539062,27,2,-0.01924|-0.01923|-0.01464|-0.01191|-0.01143|-0.00214,-0.00214,6,1
10000,63,OtherCar,CarValue,0.0,0.0,0.0,0.029924392700195312,0.004762411117553711,0.0,0.0,1,1,0.008811614992087328,0.008811614992087328,0.03648948669433594,0.003116607666015625,27,2,-0.00881,-0.00881,1,1
10000,64,Cushioning,OtherCarCost,0.0,0.0,0.0,0.0441739559173584,0.007191658020019531,0.0,0.0,1,1,0.004430548991056089,0.0006788542445288138,0.038031816482543945,0.003949880599975586,27,2,-0.00412|0.00068|0.0085,0.00068,3,1
10000,65,DrivQuality,CarValue,0.0,0.0,0.0,0.03724265098571777,0.009814977645874023,0.0,0.0,1,1,0.011731371882907486,0.011731371882907486,0.024316072463989258,0.009487390518188477,27,9,-0.01173,-0.01173,1,1
10000,66,MedCost,Antilock,1.0000000000000013,0.0,0.0,0.028966665267944336,0.009465217590332031,1.0,1.0,1,1,0.005285991189586892,0.009688809180206093,0.03603053092956543,0.00947117805480957,27,8,0.99031|0.99912,0.99031,2,1
10000,67,Accident,SocioEcon,5.999999999999991,0.0,0.0,0.04417014122009277,0.04709768295288086,6.0,6.0,1,1,0.2697632831695955,0.2697632831695955,0.030780315399169922,0.03936171531677246,27,25,5.73024,5.73024,1,1
10000,68,MedCost,Airbag,1.0000000000000002,0.5000000000000001,0.5000000000000001,0.03347349166870117,0.008898258209228516,0.0|1.0,0.0|1.0,2,2,0.49365853480578803,0.49365853480578803,0.029120445251464844,0.009569883346557617,27,3,0.02282|1.01014,0.02282|1.01014,2,2
10000,69,MedCost,ThisCarDam,5.921189464667493e-16,4.930380657631324e-32,0.0,0.03624415397644043,0.0041866302490234375,0.0,0.0,1,1,0.007211318086678597,0.0037202699864450194,0.028848648071289062,0.004331827163696289,27,2,0.00372|0.0107,0.00372,2,1
10000,70,CarValue,ThisCarDam,0.0,0.2,0.2,0.031585693359375,0.013249397277832031,0.0|0.4,0.0|0.4,2,2,0.21038712307408833,0.20963058887742392,0.03793907165527344,0.010832071304321289,27,3,0.01839|0.02532|0.39697|0.40088,0.01839|0.40088,4,2
10000,71,RuggedAuto,HomeBase,-3.2959746043559325e-16,0.0,0.0,0.0364680290222168,0.010954618453979492,-0.0,-0.0,1,1,0.0005434628102622509,0.0005434628102622509,0.02617478370666504,0.008633613586425781,27,8,0.00054,0.00054,1,1
10000,72,OtherCarCost,AntiTheft,0.0,0.25,0.25,0.028695106506347656,0.007253170013427734,0.0|0.5,0.0|0.5,2,2,0.2520530220315982,0.2520530220315982,0.024434566497802734,0.013644218444824219,27,5,0.00195|0.50215,0.00195|0.50215,2,2
10000,73,VehicleYear,Cushioning,-1.3158198810372213e-16,0.0,0.0,0.0357356071472168,0.020145654678344727,-0.0,-0.0,1,1,0.026717771824780738,0.026717771824780738,0.03568744659423828,0.020524978637695312,27,13,-0.02672,-0.02672,1,1
10000,74,CarValue,OtherCarCost,0.0,0.1,0.1,0.04311347007751465,0.008763551712036133,0.0|0.2,0.0|0.2,2,2,0.10195701987088007,0.10202872996499134,0.027029037475585938,0.009224176406860352,27,4,-0.00455|-0.00388|0.19922|0.20018,-0.00388|0.20018,4,2
10000,75,Mileage,RiskAversion,-1.7225278442669092e-15,0.0,0.0,0.03458833694458008,0.03554034233093262,-0.0,-0.0,1,1,0.041305598920449674,0.041305598920449674,0.04128766059875488,0.02868199348449707,27,23,-0.04131,-0.04131,1,1
10000,76,RiskAversion,OtherCarCost,3.5473531599047768e-15,0.0,0.0,0.02773737907409668,0.0348663330078125,0.0,0.0,1,1,0.0013872876539028345,0.0013872876539028345,0.02534651756286621,0.030957937240600586,27,22,0.00139,0.00139,1,1
10000,77,MakeModel,ThisCarDam,-3.0702463890868515e-16,0.0,0.0,0.03242897987365723,0.019732952117919922,-0.0,-0.0,1,1,0.004864849072454548,0.004864849072454548,0.025577783584594727,0.028807640075683594,27,13,0.00486,0.00486,1,1
10000,78,GoodStudent,DrivHist,0.0,0.0,0.0,0.0334012508392334,0.0044689178466796875,0.0,0.0,1,1,0.002534145544099416,0.002534145544099416,0.0339655876159668,0.0036423206329345703,27,2,-0.00253,-0.00253,1,1
10000,79,RuggedAuto,RiskAversion,2.0000000000000036,0.0,0.0,0.039246320724487305,0.027010440826416016,2.0,2.0,1,1,0.2930404664196966,0.2930404664196966,0.03190422058105469,0.04683637619018555,27,22,1.70696,1.70696,1,1
10000,80,SeniorTrain,HomeBase,-5.392511833893616e-16,0.0,0.0,0.024866819381713867,0.02238750457763672,-0.0,-0.0,1,1,0.010964637563756515,0.010964637563756515,0.04289889335632324,0.0169985294342041,27,13,0.01096,0.01096,1,1
10000,81,VehicleYear,MedCost,-1.0362081563168117e-15,0.0,0.0,0.04368257522583008,0.023486852645874023,-0.0,-0.0,1,1,0.01152809673091074,0.01152809673091074,0.04406332969665527,0.026418209075927734,27,13,-0.01153,-0.01153,1,1
10000,82,RiskAversion,Antilock,-2.2306111813784965e-15,0.0,0.0,0.03209066390991211,0.02978229522705078,-0.0,-0.0,1,1,0.012285491682581988,0.012285491682581988,0.03425765037536621,0.025048255920410156,27,22,-0.01229,-0.01229,1,1
10000,83,HomeBase,GoodStudent,0.0,0.0,0.0,0.030916213989257812,0.00547027587890625,0.0,0.0,1,1,0.0024521463012149246,4.526075002430065e-05,0.04797959327697754,0.004297733306884766,27,2,-0.00486|5e-05,5e-05,2,1
10000,84,SocioEcon,Cushioning,-1.4547053279892854e-16,0.0,0.0,0.03215789794921875,0.02949070930480957,-0.0,-0.0,1,1,0.0011703108769182007,0.0011703108769182007,0.0399775505065918,0.03825020790100098,27,25,0.00117,0.00117,1,1
10000,85,GoodStudent,RiskAversion,1.3967002158007553e-16,0.0,0.0,0.02546381950378418,0.03481626510620117,0.0,0.0,1,1,0.012943468112036992,0.012943468112036992,0.04492950439453125,0.04046297073364258,27,23,-0.01294,-0.01294,1,1
10000,86,PropCost,HomeBase,1.0,0.3333333333333333,0.5,0.02958989143371582,0.01016545295715332,0.0|1.0,0.0|1.0,2,2,0.3294491090313146,0.4857072674750435,0.03688788414001465,0.00805211067199707,27,4,0.02892|0.98307|0.99967,0.02892|0.99967,3,2
10000,87,ThisCarDam,Airbag,3.2869204384208823e-32,9.868649107779167e-17,1.9737298215558335e-16,0.03275585174560547,0.004505634307861328,0.0,0.0,1,1,0.0008967248500333411,0.0017646990543906753,0.024977684020996094,0.006574392318725586,27,2,3e-05|0.00176,0.00176,2,1
10000,88,DrivHist,VehicleYear,1.6653345369377358e-16,0.0,0.0,0.04203057289123535,0.028536319732666016,0.0,0.0,1,1,2.0409208643743322e-05,2.0409208643743322e-05,0.03202652931213379,0.021177291870117188,27,14,2e-05,2e-05,1,1
10000,89,RiskAversion,ThisCarCost,-1.7788981224322957e-16,0.0,0.0,0.03412604331970215,0.034912824630737305,-0.0,-0.0,1,1,0.015009161157896262,0.015009161157896262,0.05203557014465332,0.037117958068847656,27,22,0.01501,0.01501,1,1
10000,90,HomeBase,Airbag,7.40148683083438e-17,4.625929269271484e-17,9.251858538542968e-17,0.036509037017822266,0.004105091094970703,0.0,0.0,1,1,0.009357956753103417,0.002340557057981264,0.03636050224304199,0.0035500526428222656,27,2,-0.01638|-0.00234,-0.00234,2,1
10000,91,Accident,Age,11.999999999999963,0.0,0.0,0.03282761573791504,0.038153648376464844,12.0,12.0,1,1,0.20983473197281377,0.20983473197281377,0.02695178985595703,0.04458165168762207,27,26,12.20983,12.20983,1,1
10000,92,Mileage,SeniorTrain,-1.0227509075334772e-15,0.0,0.0,0.03321528434753418,0.014453887939453125,-0.0,-0.0,1,1,0.015243842861720437,0.015243842861720437,0.030674219131469727,0.015435218811035156,27,13,0.01524,0.01524,1,1
10000,93,MedCost,Airbag,1.0000000000000002,0.5000000000000001,0.5000000000000001,0.028720855712890625,0.008906126022338867,0.0|1.0,0.0|1.0,2,2,0.5069141712209886,0.5069141712209886,0.03951144218444824,0.00657343864440918,27,3,-0.00078|0.98695,-0.00078|0.98695,2,2
10000,94,ThisCarDam,DrivHist,0.0,0.0,0.0,0.02652287483215332,0.0074689388275146484,0.0,0.0,1,1,0.01168038977913331,0.004876154926013078,0.04910421371459961,0.004139423370361328,27,2,-0.01848|-0.00488,-0.00488,2,1
10000,95,Mileage,GoodStudent,-9.151085311512682e-33,0.0,0.0,0.045003652572631836,0.015606403350830078,-0.0,-0.0,1,1,0.0019240371007565177,0.0019240371007565177,0.02979111671447754,0.014428377151489258,27,10,-0.00192,-0.00192,1,1
10000,96,DrivHist,VehicleYear,1.6653345369377358e-16,0.0,0.0,0.02614116668701172,0.01898813247680664,0.0,0.0,1,1,0.02000476886171172,0.02000476886171172,0.03246879577636719,0.026355504989624023,27,14,-0.02,-0.02,1,1
10000,97,SocioEcon,PropCost,-3.379159251475111e-16,0.0,0.0,0.0389246940612793,0.04864907264709473,-0.0,-0.0,1,1,0.018907320726272884,0.018907320726272884,0.031205415725708008,0.0796363353729248,27,25,0.01891,0.01891,1,1
10000,98,MakeModel,Accident,-6.729870433221625e-16,0.0,0.0,0.049672842025756836,0.019698381423950195,-0.0,-0.0,1,1,0.01996929010614612,0.01996929010614612,0.030683517456054688,0.013531923294067383,27,13,0.01997,0.01997,1,1
10000,99,PropCost,GoodStudent,0.0,0.0,0.0,0.02792191505432129,0.005902290344238281,0.0,0.0,1,1,0.009509020396063621,0.005511963587970432,0.03474116325378418,0.004412412643432617,27,2,0.00385|0.00551|0.01916,0.00551,3,1
