Sample_Size,Exp_ID,T,Y,True_Effect,MAE_Full,MAE_Local,Time_Full,Time_Local,Eff_Full,Eff_Local,Set_Size_Full,Set_Size_Local,MAE_Full_n,MAE_Local_n,Time_Full_n,Time_Local_n,Vars_Full,Vars_Local,Eff_Full_n,Eff_Local_n,Set_Size_Full_n,Set_Size_Local_n
500,0,R_MYDY_APB_MUSIZE,R_LNLT1_APB_DE_REGEN,1.3088945132422897e-15,0.0,0.0,0.9254903793334961,0.055747270584106445,0.0,0.0,1,1,0.018116231296311115,0.018116231296311115,0.8421025276184082,0.077850341796875,186,37,-0.01812,-0.01812,1,1
500,1,R_APB_MUDENS,R_DIFFN_MEDD2_DISP,0.0,0.0,0.0,0.8581666946411133,0.013787031173706055,0.0,0.0,1,1,0.035942150288754235,0.008977569036260484,0.7745380401611328,0.011802434921264648,186,7,-0.01192|0.00898|0.04278|0.08009,0.00898,4,1
500,2,R_LNLT1_LP_BE_APB_MUDENS,R_MEDD2_BLOCK_EW,0.0,0.0,0.0,0.8125710487365723,0.006204366683959961,0.0,0.0,1,1,0.02399881964934831,0.0032410828946206408,0.9764204025268555,0.004958391189575195,186,2,-0.03904|0.00324|0.00396|0.04975,0.00324,4,1
500,3,R_LNLLP_APB_MUSIZE,R_APB_QUAL_MUPDUR,-4.229421046191072e-17,0.0,0.0,0.8575491905212402,0.015595674514770508,-0.0,-0.0,1,1,0.018570290072477798,0.018570290072477798,0.7788639068603516,0.022969961166381836,186,20,0.01857,0.01857,1,1
500,4,R_MEDD2_DISP_EWD,R_MYOP_APB_MUDENS,0.0,0.0,0.0,0.9217689037322998,0.006849050521850586,0.0,0.0,1,1,0.012344738900381125,0.004626009610933027,0.9051287174224854,0.005090951919555664,186,2,-0.00463|0.00021|0.0322,-0.00463,3,1
500,5,R_APB_MUPDUR,R_MEDD2_DSLOW_EW,0.0,0.0,0.0,0.9421422481536865,0.008956193923950195,0.0,0.0,1,1,0.0011141432374191219,0.0011141432374191219,0.9514641761779785,0.008395910263061523,186,4,-0.00111,-0.00111,1,1
500,6,R_MEDD2_CV_EW,R_APB_MUSCLE_VOL,0.0,0.0,0.0,0.795583963394165,0.0064580440521240234,0.0,0.0,1,1,0.09125561151346381,0.04254282187891428,0.7770953178405762,0.004607200622558594,186,2,0.04254|0.13997,0.04254,2,1
500,7,R_LNLBE_MEDD2_RD_EW,R_MEDD2_DISP_WD,0.0,0.0,0.0,0.8419840335845947,0.008287906646728516,0.0,0.0,1,1,0.0037203961624931274,0.0008639617276948548,0.8840019702911377,0.006045103073120117,186,4,-0.00658|-0.00086,-0.00086,2,1
500,8,R_MEDD2_RD_EW,R_APB_FORCE,0.0,0.0,0.0,0.7607626914978027,0.006140947341918945,0.0,0.0,1,1,0.02739952310126723,0.004769403125016522,0.7587430477142334,0.0043544769287109375,186,2,-0.02644|0.00477|0.05099,0.00477,3,1
500,9,R_APB_QUAN_MUPDUR,R_APB_SPONT_NEUR_DISCH,0.0,0.0,0.0,0.7697105407714844,0.006048440933227539,0.0,0.0,1,1,0.0009970496184385023,0.0009970496184385023,0.7772154808044434,0.004419088363647461,186,2,0.001,0.001,1,1
500,10,R_MEDD2_ALLAMP_WD,R_MED_CV_EW,0.0,0.0,0.0,0.7422137260437012,0.005930900573730469,0.0,0.0,1,1,0.05797649159659604,0.03068594614436989,0.7879068851470947,0.004453897476196289,186,2,0.03069|0.04045|0.10279,0.03069,3,1
500,11,R_LNLBE_MED_TIME,R_MYDY_APB_MUSIZE,6.115635305138575e-16,0.0,0.0,0.8044507503509521,0.07216429710388184,0.0,0.0,1,1,0.1382606180088748,0.1382606180088748,0.7618305683135986,0.08250641822814941,186,45,-0.13826,-0.13826,1,1
500,12,R_LNLT1_LP_APB_NEUR_ACT,R_LNLW_MEDD2_BLOCK_WD,0.0,0.0,0.0,0.8991210460662842,0.006032466888427734,0.0,0.0,1,1,0.029511016257977644,0.004429707298173686,0.7363326549530029,0.004272937774658203,186,2,0.00443|0.01447|0.04147|0.05767,0.00443,4,1
500,13,R_LNLBE_MED_DIFSLOW,R_APB_MULOSS,0.0,0.0,0.0,0.7632989883422852,0.008280754089355469,0.0,0.0,1,1,0.005327878820916015,0.004995438291590234,0.8060481548309326,0.006562948226928711,186,7,-0.005|0.00566,-0.005,2,1
500,14,R_MED_DCV_WA,R_LNLT1_LP_APB_MALOSS,1.0,0.0,0.0,0.7773981094360352,0.018428325653076172,1.0,1.0,1,1,0.030326774293257436,0.012944041863530709,0.7900900840759277,0.012809991836547852,186,12,0.99611|1.01294|1.07415,1.01294,3,1
500,15,R_LNLBE_APB_NEUR_ACT,R_DIFFN_LNLW_APB_DE_REGEN,0.0,0.0,0.0,0.8814563751220703,0.03693532943725586,0.0,0.0,1,1,0.030594557237511796,0.009543150269290753,0.8633532524108887,0.040659189224243164,186,32,0.00954|0.05165,0.00954,2,1
500,16,R_LNLLP_APB_MUSIZE,R_LNLW_MEDD2_RD_WD,0.0,0.0,0.0,0.869842529296875,0.021638154983520508,0.0,0.0,1,1,0.03731413923801099,0.03731413923801099,0.888115406036377,0.03801536560058594,186,21,0.03731,0.03731,1,1
500,17,R_MED_ALLDEL_WA,R_MEDD2_CV_EW,0.0,0.0,0.0,0.8632547855377197,0.005884885787963867,0.0,0.0,1,1,0.020526834820737232,0.00033431010311539674,0.7898378372192383,0.004365205764770508,186,2,-0.01976|-0.00033|0.0018|0.06022,-0.00033,4,1
500,18,R_MYDY_APB_MUSIZE,R_APB_SF_DENSITY,0.0,0.0,0.0,0.7493157386779785,0.015394210815429688,0.0,0.0,1,1,0.016538833304443386,0.016538833304443386,0.7891600131988525,0.029445648193359375,186,19,0.01654,0.01654,1,1
500,19,R_MED_LAT_WA,R_LNLT1_LP_APB_NEUR_ACT,0.0,0.0,0.0,0.9189927577972412,0.00657963752746582,0.0,0.0,1,1,0.053096474757719093,0.04056085950167941,0.9721882343292236,0.00499272346496582,186,2,0.04056|0.06563,0.04056,2,1
500,20,R_APB_DE_REGEN,R_LNLBE_MEDD2_BLOCK_EW,0.0,0.0,0.0,0.8528048992156982,0.027894973754882812,0.0,0.0,1,1,0.02623899861458432,0.02623899861458432,0.8523118495941162,0.026686906814575195,186,30,0.02624,0.02624,1,1
500,21,R_LNLBE_APB_NEUR_ACT,R_DIFFN_LNLW_APB_DE_REGEN,0.0,0.0,0.0,0.8423712253570557,0.0306546688079834,0.0,0.0,1,1,0.016538079520078425,0.007098713675901547,0.839331865310669,0.029720783233642578,186,32,-0.02598|0.0071,0.0071,2,1
500,22,R_LNLBE_MED_TIME,R_LNLW_MED_PATHO,-2.295715406852019e-15,0.0,0.0,0.749356746673584,0.3170902729034424,-0.0,-0.0,1,1,0.17264373475739586,0.17264373475739586,0.786710262298584,0.3169279098510742,186,86,-0.17264,-0.17264,1,1
500,23,R_MYOP_APB_DE_REGEN,R_DIFFN_MEDD2_BLOCK,0.0,0.0,0.0,0.7864444255828857,0.03396797180175781,0.0,0.0,1,1,0.008474358057405696,0.008474358057405696,0.7803020477294922,0.03568410873413086,186,34,-0.00847,-0.00847,1,1
500,24,R_LNLW_APB_MALOSS,R_APB_SPONT_DENERV_ACT,0.0,0.0,0.0,0.8687307834625244,0.022836685180664062,0.0,0.0,1,1,0.050402157888289105,0.050402157888289105,0.8104507923126221,0.016256332397460938,186,13,0.0504,0.0504,1,1
500,25,R_MEDD2_LD_WD,R_APB_MALOSS,0.0,0.0,0.0,0.8629577159881592,0.012679576873779297,0.0,0.0,1,1,0.02459382145542474,0.009459574937671255,0.8655626773834229,0.01081705093383789,186,11,-0.0359|-0.00946|0.02842,-0.00946,3,1
500,26,R_MYAS_APB_MUDENS,R_MEDD2_CV_WD,0.0,0.0,0.0,0.8845350742340088,0.009212017059326172,0.0,0.0,1,1,0.018224310525770452,0.008205059316591245,0.8663172721862793,0.0052950382232666016,186,2,-0.02824|0.00821,0.00821,2,1
500,27,DIFFN_SEV,R_LNLBE_APB_NEUR_ACT,1.1256427888560614e-16,0.0,0.0,0.7900667190551758,0.42268800735473633,0.0,0.0,1,1,0.011019246431320498,0.011019246431320498,0.7799766063690186,0.41610026359558105,186,84,-0.01102,-0.01102,1,1
500,28,R_LNLT1_LP_BE_APB_MALOSS,R_LNLBE_MED_PATHO,1.0000000000000004,0.0,0.0,0.761965274810791,0.22417306900024414,1.0,1.0,1,1,0.0560028823921499,0.0560028823921499,0.7711789608001709,0.22263693809509277,186,75,0.944,0.944,1,1
500,29,R_LNLBE_APB_MUDENS,R_MEDD2_DIFSLOW_WD,0.0,0.0,0.0,0.8584775924682617,0.006098508834838867,0.0,0.0,1,1,0.0035367689128083467,0.0005671385947229795,0.7667350769042969,0.004576921463012695,186,2,-0.00651|-0.00057,-0.00057,2,1
500,30,R_LNLT1_LP_BE_APB_DENERV,R_LNLW_APB_MUDENS,0.0,0.0,0.0,0.7864770889282227,0.00994253158569336,0.0,0.0,1,1,0.017864664004434715,0.017864664004434715,0.760307788848877,0.008273124694824219,186,7,-0.01786,-0.01786,1,1
500,31,R_MYOP_APB_DENERV,R_APB_MULOSS,0.0,0.0,0.0,0.7832856178283691,0.011343955993652344,0.0,0.0,1,1,0.007173205573913014,0.007173205573913014,0.8633706569671631,0.009512186050415039,186,13,0.00717,0.00717,1,1
500,32,R_APB_REPSTIM_FACILI,R_MUSCLE_APB_MUDENS,0.0,0.0,0.0,0.7654244899749756,0.006106376647949219,0.0,0.0,1,1,0.04160919248334807,0.04160919248334807,0.7669677734375,0.004354000091552734,186,2,-0.04161,-0.04161,1,1
500,33,R_APB_DENERV,R_LNLBE_MEDD2_BLOCK_EW,0.0,0.0,0.0,0.7707507610321045,0.007681131362915039,0.0,0.0,1,1,0.058463969382828586,0.058463969382828586,0.7911338806152344,0.005848884582519531,186,5,-0.05846,-0.05846,1,1
500,34,DIFFN_DISTR,R_LNLBE_MED_PATHO,-9.937660640001401e-17,0.0,0.0,0.780022382736206,0.507519006729126,-0.0,-0.0,1,1,0.02162835780076877,0.02162835780076877,0.777033805847168,0.502018928527832,186,107,0.02163,0.02163,1,1
500,35,R_LNLBE_MEDD2_RD_EW,DIFFN_TIME,0.0,0.0,0.0,0.9126746654510498,0.07842826843261719,0.0,0.0,1,1,0.002179284253500744,0.001926826306118193,0.8870511054992676,0.0831756591796875,186,44,-0.00243|-0.00193,-0.00193,2,1
500,36,R_MED_DCV_WA,R_APB_DE_REGEN,0.0,0.0,0.0,0.8443236351013184,0.041043996810913086,0.0,0.0,1,1,0.024981562314913223,0.0012342699247997195,0.8542213439941406,0.027243852615356445,186,30,-0.0589|-0.01481|0.00123,0.00123,3,1
500,37,R_LNLLP_APB_MUSIZE,R_APB_SF_DENSITY,0.0,0.0,0.0,0.8278653621673584,0.01870441436767578,0.0,0.0,1,1,0.08353988968921054,0.08353988968921054,0.7711360454559326,0.01664590835571289,186,21,0.08354,0.08354,1,1
500,38,R_LNLT1_LP_APB_MUSIZE,R_APB_MUPINSTAB,0.0,0.0,0.0,0.858464241027832,0.015814781188964844,0.0,0.0,1,1,0.02734994122130452,0.02734994122130452,0.7610421180725098,0.016202926635742188,186,20,0.02735,0.02735,1,1
500,39,R_MYOP_APB_DENERV,R_APB_MUSIZE,0.0,0.0,0.0,0.7686731815338135,0.016018152236938477,0.0,0.0,1,1,0.009874789050684257,0.009874789050684257,0.8767108917236328,0.014790534973144531,186,23,-0.00987,-0.00987,1,1
500,40,R_DIFFN_MED_BLOCK,R_LNLT1_LP_APB_MUSIZE,0.0,0.0,0.0,0.771263837814331,0.018045663833618164,0.0,0.0,1,1,0.03190853408144376,0.03190853408144376,0.8651976585388184,0.016865968704223633,186,24,-0.03191,-0.03191,1,1
500,41,R_MEDD2_DSLOW_WD,R_LNLT1_LP_APB_DENERV,0.0,0.0,0.0,0.776958703994751,0.013547658920288086,0.0,0.0,1,1,0.017758636016337745,0.0017588173972638264,0.7668063640594482,0.008418798446655273,186,8,-0.01726|0.00176|0.03426,0.00176,3,1
500,42,R_LNLT1_APB_DE_REGEN,R_LNLT1_LP_APB_MALOSS,-2.220446049250313e-16,0.0,0.0,0.7626631259918213,0.06883525848388672,-0.0,-0.0,1,1,0.027168936934216334,0.027168936934216334,0.8734679222106934,0.07771182060241699,186,41,0.02717,0.02717,1,1
500,43,R_DIFFN_LNLW_APB_MUDENS,R_LNLT1_APB_MUSIZE,0.0,0.0,0.0,0.7763900756835938,0.017647504806518555,0.0,0.0,1,1,0.03166737141330036,0.006036769305352924,0.7601468563079834,0.016870975494384766,186,21,-0.0502|-0.04159|-0.02884|-0.00604,-0.00604,4,1
500,44,R_APB_SPONT_DENERV_ACT,R_APB_SPONT_HF_DISCH,0.0,0.0,0.0,0.7778184413909912,0.0059926509857177734,0.0,0.0,1,1,0.0172850283595745,0.0172850283595745,0.7521214485168457,0.00422215461730957,186,2,-0.01729,-0.01729,1,1
500,45,R_LNLLP_APB_MALOSS,R_APB_MUPAMP,0.0,0.0,0.0,0.7652192115783691,0.016812801361083984,0.0,0.0,1,1,0.0010055137038002752,0.0010055137038002752,0.7841284275054932,0.015207529067993164,186,16,-0.00101,-0.00101,1,1
500,46,R_APB_MUSIZE,R_LNLT1_LP_BE_APB_MUDENS,0.0,0.0,0.0,0.7564971446990967,0.011049270629882812,0.0,0.0,1,1,0.005807308737846231,0.005807308737846231,0.8744616508483887,0.009247541427612305,186,17,0.00581,0.00581,1,1
500,47,R_APB_SPONT_HF_DISCH,R_MUSCLE_APB_MUDENS,0.0,0.0,0.0,0.8496549129486084,0.0062220096588134766,0.0,0.0,1,1,0.0263040884207377,0.0263040884207377,0.7692680358886719,0.004348278045654297,186,2,0.0263,0.0263,1,1
500,48,R_MEDD2_CV_EW,R_LNLT1_APB_DENERV,0.0,0.0,0.0,0.7731149196624756,0.010535001754760742,0.0,0.0,1,1,0.1026430034260299,0.05264612045500899,0.7611067295074463,0.009337425231933594,186,9,0.05265|0.15264,0.05265,2,1
500,49,R_MYOP_APB_DENERV,R_MED_CV_EW,0.0,0.0,0.0,0.888556718826294,0.011334419250488281,0.0,0.0,1,1,0.07794758463801604,0.07794758463801604,0.8997793197631836,0.011271476745605469,186,8,0.07795,0.07795,1,1
500,50,R_MYOP_MYDY_APB_DENERV,R_MED_BLOCK_EW,0.0,0.0,0.0,0.8739688396453857,0.010669469833374023,0.0,0.0,1,1,0.09343540422052928,0.09343540422052928,0.8933398723602295,0.008379459381103516,186,7,-0.09344,-0.09344,1,1
500,51,R_MEDD2_ALLCV_WD,R_MYDY_APB_MUDENS,0.0,0.0,0.0,0.8557314872741699,0.007869482040405273,0.0,0.0,1,1,0.006436708491323134,0.0032411149825439245,0.941730260848999,0.0060307979583740234,186,2,-0.01756|-0.00079|0.00324|0.00416,0.00324,4,1
500,52,R_MED_LAT_WA,R_DIFFN_MED_DIFSLOW,1.0,0.5,0.5,0.7631216049194336,0.01147770881652832,0.0|1.0,0.0|1.0,2,2,0.4282050697922932,0.4282050697922932,0.790644645690918,0.008671760559082031,186,6,0.1839|1.04031,0.1839|1.04031,2,2
500,53,R_MYDY_APB_DE_REGEN,R_MED_LD_WA,0.0,0.0,0.0,0.7718181610107422,0.04302072525024414,0.0,0.0,1,1,0.01163355532016081,0.01163355532016081,0.9753966331481934,0.039865732192993164,186,32,-0.01163,-0.01163,1,1
500,54,R_APB_SPONT_HF_DISCH,R_MEDD2_RD_EW,0.0,0.0,0.0,0.8982794284820557,0.007006168365478516,0.0,0.0,1,1,0.02021423677343996,0.02021423677343996,0.9074852466583252,0.005393266677856445,186,2,0.02021,0.02021,1,1
500,55,R_MEDD2_DIFSLOW_EW,R_APB_QUAN_MUPAMP,0.0,0.0,0.0,0.8723039627075195,0.006674528121948242,0.0,0.0,1,1,0.054747811221097356,0.017214398345470897,0.8696928024291992,0.0053217411041259766,186,2,-0.09228|-0.01721,-0.01721,2,1
500,56,R_APB_EFFMUS,R_LNLT1_LP_BE_APB_MUSIZE,1.0,0.0,0.0,0.7855961322784424,0.013103008270263672,1.0,1.0,1,1,0.04196050638682769,0.04196050638682769,0.8600101470947266,0.011695384979248047,186,18,0.95804,0.95804,1,1
500,57,R_MED_RDLDDEL,R_MYOP_MYDY_APB_MUDENS,0.0,0.0,0.0,0.88539719581604,0.0064394474029541016,0.0,0.0,1,1,0.0299030825306525,0.0020247727822011096,0.8713009357452393,0.004941701889038086,186,2,-0.04382|-0.04334|-0.03043|-0.00202,-0.00202,4,1
500,58,R_DIFFN_LNLW_APB_MALOSS,R_MED_DIFSLOW_WA,-1.1842378929335003e-16,0.0,0.0,0.9514505863189697,0.017167091369628906,-0.0,-0.0,1,1,0.0164915071235102,0.0164915071235102,0.9038252830505371,0.012932777404785156,186,12,0.01649,0.01649,1,1
500,59,R_LNLBE_MEDD2_DIFSLOW_WD,R_MEDD2_DISP_EW,0.0,0.0,0.0,1.994415283203125,0.016887426376342773,0.0,0.0,1,1,0.007163596233233391,0.010583253705957738,2.0948472023010254,0.014204978942871094,186,2,-0.01058|-0.00374,-0.01058,2,1
500,60,R_APB_MUPINSTAB,R_LNLW_MEDD2_LD_WD,0.0,0.0,0.0,2.046828508377075,0.016388416290283203,0.0,0.0,1,1,0.024789342146058078,0.024789342146058078,1.877063274383545,0.014479875564575195,186,2,-0.02479,-0.02479,1,1
500,61,R_LNLBE_MEDD2_LD_EW,DIFFN_S_SEV_DIST,0.0,0.4,0.4,2.013608694076538,0.15219521522521973,0.0|0.8,0.0|0.8,2,2,0.46358944057534246,0.46358944057534246,1.948042392730713,0.14809250831604004,186,24,-0.13482|0.79236,-0.13482|0.79236,2,2
500,62,R_LNLBE_APB_MUDENS,R_APB_SF_DENSITY,0.0,0.1,0.1,1.8539783954620361,0.02409958839416504,0.0|0.2,0.0|0.2,2,2,0.12238455628932468,0.12238455628932468,2.027416467666626,0.018462657928466797,186,5,0.03658|0.20819,0.03658|0.20819,2,2
500,63,R_MEDD2_DSLOW_EW,R_MED_DCV_EW,0.0,0.0,0.0,1.8919248580932617,0.016592741012573242,0.0,0.0,1,1,0.05344304785606526,0.016749355185647227,1.8878357410430908,0.01314401626586914,186,2,0.01675|0.06425|0.07933,0.01675,3,1
500,64,R_DIFFN_MEDD2_DIFSLOW,R_LNLT1_LP_BE_APB_DENERV,0.0,0.0,0.0,1.8698430061340332,0.03907656669616699,0.0,0.0,1,1,0.03468519325354878,0.03468519325354878,1.8674628734588623,0.03495621681213379,186,9,0.03469,0.03469,1,1
500,65,R_MEDD2_LD_WD,R_MEDD2_ALLAMP_WD,0.0,0.0,0.0,2.023054838180542,0.017992734909057617,0.0,0.0,1,1,0.02088192056233872,0.0025442919751300437,1.788395643234253,0.01492929458618164,186,2,-0.0398|-0.0203|-0.00254,-0.00254,3,1
500,66,R_LNLT1_APB_MUDENS,R_LNLLP_APB_MALOSS,0.0,0.0,0.0,1.8229081630706787,0.050527095794677734,0.0,0.0,1,1,0.019637294096020903,0.008910991401449977,1.9127216339111328,0.032147884368896484,186,14,0.00891|0.03036,0.00891,2,1
500,67,R_APB_QUAL_MUPAMP,DIFFN_M_SEV_DIST,2.0,0.0,0.0,2.0868780612945557,0.18600773811340332,2.0,2.0,1,1,0.2171404273809554,0.2171404273809554,0.8709585666656494,0.17052078247070312,186,56,1.78286,1.78286,1,1
500,68,R_MEDD2_LD_WD,R_MEDD2_DISP_EWD,0.0,0.0,0.0,0.8922271728515625,0.006547212600708008,0.0,0.0,1,1,0.038042370128253816,0.008686501262155769,0.8438458442687988,0.004996538162231445,186,2,0.00869|0.05214|0.0533,0.00869,3,1
500,69,R_LNLBE_APB_NEUR_ACT,R_LNLBE_MEDD2_RD_EW,0.0,0.0,0.0,0.9656848907470703,0.0066070556640625,0.0,0.0,1,1,0.014750147146115352,0.00019650929973936312,0.8697414398193359,0.0049092769622802734,186,2,-0.0293|0.0002,0.0002,2,1
500,70,DIFFN_S_SEV_DIST,R_LNLT1_LP_BE_APB_NEUR_ACT,0.0,0.0,0.0,0.7776525020599365,0.0424044132232666,0.0,0.0,1,1,0.004764912151681456,0.004764912151681456,0.7599389553070068,0.0429079532623291,186,21,-0.00476,-0.00476,1,1
500,71,R_LNLBE_MED_SEV,R_APB_MULOSS,3.686287386450715e-17,0.0,0.0,0.7577657699584961,0.19462847709655762,0.0,0.0,1,1,0.3390562096533009,0.3390562096533009,0.8407845497131348,0.19503521919250488,186,69,-0.33906,-0.33906,1,1
500,72,R_MED_LD_EW,R_APB_MUPSATEL,0.0,0.0,0.0,0.7587246894836426,0.007804393768310547,0.0,0.0,1,1,0.017982639260729367,0.010042163681281168,2.177567481994629,0.0063037872314453125,186,2,-0.02592|-0.01004,-0.01004,2,1
500,73,R_MED_CV_EW,R_APB_SPONT_INS_ACT,0.0,0.0,0.0,0.8537089824676514,0.021866321563720703,0.0,0.0,1,1,0.026212141866944216,0.01228948377188395,0.9985370635986328,0.007105827331542969,186,2,0.01229|0.04013,0.01229,2,1
500,74,R_MEDD2_DISP_EW,R_DIFFN_APB_MUSIZE,0.0,0.0,0.0,0.8083794116973877,0.01902461051940918,0.0,0.0,1,1,0.035099306025941114,0.00783441757619418,0.7959744930267334,0.015218257904052734,186,20,-0.07864|-0.00783|0.01882,-0.00783,3,1
500,75,R_DIFFN_LNLW_APB_MUDENS,R_MEDD2_DISP_WD,0.0,0.0,0.0,0.7112734317779541,0.007753610610961914,0.0,0.0,1,1,0.01387017330532752,0.004735728836750991,0.7157926559448242,0.007795810699462891,186,4,-0.0103|0.00474|0.0063|0.03415,0.00474,4,1
500,76,R_LNLT1_LP_APB_MALOSS,DIFFN_SENS_SEV,0.0,0.0,0.0,0.7455205917358398,0.0976724624633789,0.0,0.0,1,1,0.08343020321943984,0.08343020321943984,0.8255798816680908,0.10254907608032227,186,33,-0.08343,-0.08343,1,1
500,77,R_LNLBE_APB_MALOSS,R_APB_QUAN_MUPAMP,0.0,0.0,0.0,0.7265796661376953,0.014888525009155273,0.0,0.0,1,1,0.05493489864800208,0.05493489864800208,0.68939208984375,0.01624608039855957,186,13,0.05493,0.05493,1,1
500,78,R_MED_ALLCV_EW,R_APB_NMT,0.0,0.0,0.0,0.7462003231048584,0.01607799530029297,0.0,0.0,1,1,0.058450170985200334,0.016790825852846004,0.678851842880249,0.015394210815429688,186,27,0.01679|0.06746|0.07136|0.07818,0.01679,4,1
500,79,R_MYOP_MYDY_APB_DENERV,R_MEDD2_LSLOW_EW,0.0,0.0,0.0,0.6736979484558105,0.008411407470703125,0.0,0.0,1,1,0.03710172954686863,0.03710172954686863,0.6832447052001953,0.00801229476928711,186,7,0.0371,0.0371,1,1
500,80,R_MYDY_APB_MUDENS,R_LNLT1_APB_NEUR_ACT,0.0,0.0,0.0,0.7345485687255859,0.005053997039794922,0.0,0.0,1,1,0.01869587370004931,0.0018657491462306787,0.6608147621154785,0.004598379135131836,186,2,-0.03553|-0.00187,-0.00187,2,1
500,81,DIFFN_SENS_SEV,R_LNLLP_APB_MALOSS,0.0,0.0,0.0,0.6712958812713623,0.08684825897216797,0.0,0.0,1,1,0.060992728734708485,0.060992728734708485,0.6320013999938965,0.08007478713989258,186,34,0.06099,0.06099,1,1
500,82,R_LNLBE_MED_PATHO,R_MED_DCV_EW,5.824969168099025e-16,0.0,0.0,0.6275172233581543,0.19022870063781738,0.0,0.0,1,1,0.12756211658712654,0.12756211658712654,0.668921709060669,0.19249463081359863,186,75,0.12756,0.12756,1,1
500,83,R_DIFFN_LNLW_APB_NEUR_ACT,R_NMT_APB_DENERV,0.0,0.0,0.0,0.7797925472259521,0.008281469345092773,0.0,0.0,1,1,0.03957512391430587,0.0002835393574224443,0.6620986461639404,0.00747990608215332,186,7,-0.0534|-0.0154|0.00028|0.08922,0.00028,4,1
500,84,R_LNLBE_MEDD2_DIFSLOW_WD,R_LNLW_APB_DENERV,0.0,0.0,0.0,0.6722111701965332,0.008771419525146484,0.0,0.0,1,1,0.03071362651287362,0.007198863344500756,0.7276546955108643,0.009318351745605469,186,8,-0.05423|-0.0072,-0.0072,2,1
500,85,R_MYDY_APB_MUSIZE,R_DIFFN_APB_NEUR_ACT,0.0,0.0,0.0,0.6571245193481445,0.013756275177001953,0.0,0.0,1,1,0.018371290537306958,0.018371290537306958,0.6740982532501221,0.01322484016418457,186,19,0.01837,0.01837,1,1
500,86,R_MYOP_MYDY_APB_MUSIZE,R_LNLW_APB_DE_REGEN,0.0,0.0,0.0,0.6226823329925537,0.03906106948852539,0.0,0.0,1,1,0.054913987959480916,0.054913987959480916,0.5920498371124268,0.04046773910522461,186,35,-0.05491,-0.05491,1,1
500,87,R_APB_ALLAMP_WA,R_LNLT1_APB_MUSIZE,1.0,0.0,0.0,0.5857200622558594,0.011604547500610352,1.0,1.0,1,1,0.08487354282743387,0.08487354282743387,0.5981447696685791,0.011551618576049805,186,20,1.08487,1.08487,1,1
500,88,R_APB_MULOSS,R_MED_RD_EW,0.0,0.0,0.0,0.5944359302520752,0.006432056427001953,0.0,0.0,1,1,0.00544446458637663,0.00544446458637663,0.6140272617340088,0.005520343780517578,186,7,0.00544,0.00544,1,1
500,89,R_DIFFN_LNLW_APB_DE_REGEN,R_APB_SPONT_INS_ACT,9.057082569310487e-17,0.0,0.0,0.6588377952575684,0.026299715042114258,0.0,0.0,1,1,0.08755358017392577,0.08755358017392577,0.5951511859893799,0.028586149215698242,186,31,0.08755,0.08755,1,1
500,90,DIFFN_M_SEV_DIST,R_LNLBE_MED_DIFSLOW,-2.0678561548705523e-16,0.0,0.0,0.5976951122283936,0.1232600212097168,-0.0,-0.0,1,1,0.22559424318321408,0.22559424318321408,0.5910136699676514,0.12206768989562988,186,57,-0.22559,-0.22559,1,1
500,91,R_LNLW_MEDD2_SALOSS_WD,R_APB_MUSCLE_VOL,0.0,0.0,0.0,0.6880557537078857,0.009777545928955078,0.0,0.0,1,1,0.029099612278451602,0.029099612278451602,0.599149227142334,0.008875846862792969,186,7,0.0291,0.0291,1,1
500,92,R_MYOP_MYDY_APB_MUSIZE,R_MYOP_MYDY_APB_DENERV,0.0,0.0,0.0,0.6026144027709961,0.013666629791259766,0.0,0.0,1,1,0.10104408658280778,0.10104408658280778,0.6085455417633057,0.013689279556274414,186,23,0.10104,0.10104,1,1
500,93,R_MED_RD_WA,R_LNLW_APB_DENERV,0.0,0.0,0.0,0.5895106792449951,0.008224964141845703,0.0,0.0,1,1,0.02709347104350675,0.004789154752874403,0.6664378643035889,0.0077953338623046875,186,8,0.00479|0.0494,0.00479,2,1
500,94,R_MEDD2_DSLOW_WD,R_APB_QUAL_MUPPOLY,0.0,0.0,0.0,0.5975091457366943,0.004563331604003906,0.0,0.0,1,1,0.03490437187664828,0.01818254488918804,0.5967509746551514,0.004001140594482422,186,2,0.01818|0.02136|0.06517,0.01818,3,1
500,95,R_APB_SPONT_HF_DISCH,R_MEDD2_LSLOW_EW,0.0,0.0,0.0,0.707831621170044,0.006616115570068359,0.0,0.0,1,1,0.08223536152477585,0.08223536152477585,0.7003588676452637,0.0051305294036865234,186,2,0.08224,0.08224,1,1
500,96,DIFFN_S_SEV_DIST,R_LNLT1_APB_MUDENS,0.0,0.0,0.0,0.6965301036834717,0.05022692680358887,0.0,0.0,1,1,0.07890608768974976,0.07890608768974976,0.6787588596343994,0.042719364166259766,186,21,0.07891,0.07891,1,1
500,97,R_APB_MUPINSTAB,R_LNLT1_APB_MUSIZE,0.0,0.0,0.0,0.7029774188995361,0.015170812606811523,0.0,0.0,1,1,0.013356787705232737,0.013356787705232737,0.6564087867736816,0.016896963119506836,186,21,0.01336,0.01336,1,1
500,98,R_APB_QUAL_MUPDUR,R_LNLBE_APB_MALOSS,0.0,0.0,0.0,0.6547744274139404,0.0210878849029541,0.0,0.0,1,1,0.00953763202972263,0.00953763202972263,0.6466183662414551,0.014251470565795898,186,13,-0.00954,-0.00954,1,1
500,99,R_APB_MUPDUR,R_APB_SPONT_INS_ACT,0.0,0.0,0.0,0.6602637767791748,0.005894899368286133,0.0,0.0,1,1,0.12971964011962234,0.12971964011962234,0.6019077301025391,0.005028724670410156,186,4,0.12972,0.12972,1,1
1000,0,R_MED_ALLDEL_WA,R_MYAS_APB_NMT,0.0,0.0,0.0,0.6517562866210938,0.017476320266723633,0.0,0.0,1,1,0.010443997582880166,0.0019823177293638405,0.5894448757171631,0.018739700317382812,186,28,0.00019|0.00198|0.01356|0.02605,0.00198,4,1
1000,1,R_APB_ALLAMP_WA,R_MED_DCV_EW,0.0,0.0,0.0,0.6092791557312012,0.005984306335449219,0.0,0.0,1,1,0.00629140359667327,0.00629140359667327,0.6121768951416016,0.005071878433227539,186,5,-0.00629,-0.00629,1,1
1000,2,R_DIFFN_MEDD2_BLOCK,R_APB_SPONT_INS_ACT,0.0,0.0,0.0,0.6815352439880371,0.0059354305267333984,0.0,0.0,1,1,0.011177003674277566,0.011177003674277566,0.5943465232849121,0.005175590515136719,186,4,0.01118,0.01118,1,1
1000,3,R_LNLBE_MEDD2_LD_EW,R_MEDD2_LD_WD,0.0,0.0,0.0,0.6055245399475098,0.004468679428100586,0.0,0.0,1,1,0.010356967644268895,0.0037979312713018834,0.6073665618896484,0.003684520721435547,186,2,0.0038|0.01692,0.0038,2,1
1000,4,R_MEDD2_DISP_WD,R_LNLW_MEDD2_SALOSS_WD,0.0,0.0,0.0,0.6069424152374268,0.01140594482421875,0.0,0.0,1,1,0.09872558855805492,0.09872558855805492,0.6685950756072998,0.011276721954345703,186,9,-0.09873,-0.09873,1,1
1000,5,R_LNLBE_APB_DE_REGEN,R_APB_QUAN_MUPDUR,7.686159401251084e-17,0.0,0.0,0.5973629951477051,0.034854888916015625,0.0,0.0,1,1,0.04036686424129338,0.04036686424129338,0.7042908668518066,0.035718441009521484,186,32,-0.04037,-0.04037,1,1
1000,6,R_APB_REPSTIM_CMAPAMP,R_APB_MVA_AMP,0.0,0.0,0.0,0.6798675060272217,0.004965543746948242,0.0,0.0,1,1,0.00031781906293952463,0.00031781906293952463,0.6671812534332275,0.004044532775878906,186,2,-0.00032,-0.00032,1,1
1000,7,R_APB_MULOSS,R_APB_MVA_AMP,0.0,0.0,0.0,0.6627273559570312,0.006932497024536133,0.0,0.0,1,1,0.013503600682697662,0.013503600682697662,0.6683917045593262,0.0135650634765625,186,7,-0.0135,-0.0135,1,1
1000,8,R_MED_RDLDDEL,R_DIFFN_LNLW_MEDD2_DISP_WD,0.0,0.0,0.0,0.6749284267425537,0.008460283279418945,0.0,0.0,1,1,0.018770613157615197,0.005139083948598922,0.6555418968200684,0.007541656494140625,186,5,-0.01697|0.00514|0.02056|0.03242,0.00514,4,1
1000,9,R_MED_DIFSLOW_WA,R_MEDD2_DSLOW_EW,0.0,0.0,0.0,0.5971596240997314,0.00457000732421875,0.0,0.0,1,1,0.005945514150144822,0.00514029915921482,0.598747968673706,0.003922700881958008,186,2,-0.01014|-0.00514|0.00256,-0.00514,3,1
1000,10,R_MED_BLOCK_EW,R_MYDY_APB_MUDENS,0.0,0.0,0.0,0.595167875289917,0.004522085189819336,0.0,0.0,1,1,0.034130043986026974,0.018516775721123296,0.5990519523620605,0.003670930862426758,186,2,0.01852|0.03634|0.04753,0.01852,3,1
1000,11,R_DIFFN_MEDD2_DIFSLOW,R_MYOP_MYDY_APB_MUDENS,0.0,0.0,0.0,0.6623032093048096,0.00732874870300293,0.0,0.0,1,1,0.009895361318265981,0.009895361318265981,0.5874004364013672,0.007245779037475586,186,4,-0.0099,-0.0099,1,1
1000,12,R_MEDD2_ALLAMP_WD,R_MYOP_MYDY_APB_MUDENS,0.0,0.0,0.0,0.6005756855010986,0.006536960601806641,0.0,0.0,1,1,0.06155868804716419,0.02892437884046928,0.593663215637207,0.00408625602722168,186,2,-0.08464|-0.07111|-0.02892,-0.02892,3,1
1000,13,R_LNLBE_APB_NEUR_ACT,R_DIFFN_LNLW_APB_DE_REGEN,0.0,0.0,0.0,0.598203182220459,0.0254518985748291,0.0,0.0,1,1,0.014486599427792485,0.00864646397094274,0.7376008033752441,0.026314973831176758,186,32,0.00865|0.02033,0.00865,2,1
1000,14,R_MED_LD_WA,R_MED_AMP_WA,0.0,0.0,0.0,0.5983273983001709,0.004449367523193359,0.0,0.0,1,1,0.004938591783947962,0.00043829737736831583,0.6049747467041016,0.003664731979370117,186,2,0.00044|0.00944,0.00044,2,1
1000,15,R_MEDD2_ALLCV_EW,R_LNLBE_MED_BLOCK,0.0,0.0,0.0,0.6061692237854004,0.004833221435546875,0.0,0.0,1,1,0.020227694963805477,0.0030862191401632246,0.6640870571136475,0.0038862228393554688,186,2,-0.02242|0.00309|0.0149|0.04051,0.00309,4,1
1000,16,R_LNLT1_LP_APB_MUSIZE,R_MEDD2_ALLCV_WD,0.0,0.0,0.0,0.6035425662994385,0.014174222946166992,0.0,0.0,1,1,0.011581341688595235,0.011581341688595235,0.5946834087371826,0.012808561325073242,186,20,-0.01158,-0.01158,1,1
1000,17,R_LNLW_MEDD2_BLOCK_WD,R_MYAS_APB_NMT,0.0,0.0,0.0,0.6011795997619629,0.019446849822998047,0.0,0.0,1,1,0.01621477340445975,0.0011106257771325895,0.5977201461791992,0.01765608787536621,186,28,-0.00111|0.03132,-0.00111,2,1
1000,18,R_DIFFN_APB_MALOSS,R_LNLT1_LP_APB_DENERV,0.0,0.0,0.0,0.5942983627319336,0.017556190490722656,0.0,0.0,1,1,0.06037729382850932,0.06037729382850932,0.5892491340637207,0.018121004104614258,186,19,-0.06038,-0.06038,1,1
1000,19,R_MED_AMPR_EW,R_APB_QUAL_MUPAMP,0.0,0.0,0.0,0.6272881031036377,0.0047948360443115234,0.0,0.0,1,1,0.036070741089778036,0.029807266353212066,0.6734828948974609,0.0040073394775390625,186,2,0.02981|0.04233,0.02981,2,1
1000,20,R_MED_DIFSLOW_WA,R_LNLBE_MEDD2_SALOSS_EW,0.0,0.0,0.0,0.7092869281768799,0.00991964340209961,0.0,0.0,1,1,0.018196889998340154,0.004403776499036349,0.6586906909942627,0.009747743606567383,186,6,-0.0165|-0.0044|0.03369,-0.0044,3,1
1000,21,R_DIFFN_MED_BLOCK,R_MED_ALLDEL_WA,0.0,0.0,0.0,0.6847248077392578,0.010034561157226562,0.0,0.0,1,1,0.04580960063529747,0.04580960063529747,0.6572146415710449,0.009834527969360352,186,10,0.04581,0.04581,1,1
1000,22,R_MED_RD_WA,R_LNLW_MED_SEV,0.0,0.625,0.625,0.7223062515258789,0.20766448974609375,0.0|1.25,0.0|1.25,2,2,0.6477587637197351,0.6477587637197351,0.6661381721496582,0.22663569450378418,186,73,0.0484|1.24712,0.0484|1.24712,2,2
1000,23,R_LNLT1_LP_BE_APB_NEUR_ACT,R_APB_SPONT_NEUR_DISCH,0.0,0.25,0.16666666666666666,0.6722922325134277,0.008296489715576172,0.0|0.33333,0.0|0.33333,2,2,0.24959096439435166,0.17947979155553762,0.6744005680084229,0.007093667984008789,186,3,0.02358|0.31375|0.32565|0.33538,0.02358|0.33538,4,2
1000,24,R_LNLBE_APB_MUSIZE,R_LNLT1_LP_APB_MUDENS,0.0,0.0,0.0,0.6749911308288574,0.018815994262695312,0.0,0.0,1,1,0.09383610573173025,0.09383610573173025,0.7175858020782471,0.01586461067199707,186,20,0.09384,0.09384,1,1
1000,25,R_LNLT1_LP_BE_APB_NEUR_ACT,R_MEDD2_DSLOW_EW,0.0,0.0,0.0,0.6579616069793701,0.005416393280029297,0.0,0.0,1,1,0.0163199152725369,0.006465619923846195,0.6787772178649902,0.00408935546875,186,2,-0.03534|-0.01381|-0.00966|-0.00647,-0.00647,4,1
1000,26,DIFFN_TYPE,R_DIFFN_MEDD2_DISP,-6.937660322768753e-16,0.0,0.0,0.6115272045135498,0.3630690574645996,-0.0,-0.0,1,1,0.07974029080728921,0.07974029080728921,0.6574561595916748,0.36563849449157715,186,80,-0.07974,-0.07974,1,1
1000,27,R_APB_MUPDUR,R_LNLT1_LP_APB_MUSIZE,1.0,0.0,0.0,0.6676890850067139,0.013418912887573242,1.0,1.0,1,1,0.037646531723044996,0.037646531723044996,0.6767375469207764,0.01154017448425293,186,19,0.96235,0.96235,1,1
1000,28,R_LNLBE_APB_DE_REGEN,R_LNLW_MEDD2_SALOSS_WD,0.0,0.0,0.0,0.6731612682342529,0.04865670204162598,0.0,0.0,1,1,0.011924521305094164,0.011924521305094164,0.6738584041595459,0.04931235313415527,186,38,0.01192,0.01192,1,1
1000,29,R_MED_LD_WA,R_MYAS_APB_MUDENS,0.0,0.0,0.0,0.6680724620819092,0.004515647888183594,0.0,0.0,1,1,0.0058052315397948894,0.0027491868589829397,0.6129570007324219,0.003707408905029297,186,2,-0.00886|0.00275,0.00275,2,1
1000,30,R_MEDD2_RD_EW,R_DIFFN_LNLW_APB_DE_REGEN,0.0,0.0,0.0,0.592841386795044,0.025485754013061523,0.0,0.0,1,1,0.038175646311735284,0.007568145998514619,0.6057617664337158,0.02891087532043457,186,32,-0.06274|-0.04422|-0.00757,-0.00757,3,1
1000,31,R_LNLW_MED_BLOCK,R_MED_DIFSLOW_WA,0.0,0.0,0.0,0.583428144454956,0.008462190628051758,0.0,0.0,1,1,0.0023163199129607706,0.0023163199129607706,0.5879049301147461,0.0074977874755859375,186,9,0.00232,0.00232,1,1
1000,32,R_MEDD2_BLOCK_EW,R_MED_RD_WA,0.0,0.0,0.0,0.5890467166900635,0.004422903060913086,0.0,0.0,1,1,0.01434604024461845,0.002840937285024226,0.5960686206817627,0.0037605762481689453,186,2,0.00196|0.00284|0.03824,0.00284,3,1
1000,33,R_MYOP_MYDY_APB_DENERV,R_DIFFN_APB_MALOSS,0.0,0.0,0.0,0.7067177295684814,0.023296833038330078,0.0,0.0,1,1,0.04842202108375223,0.04842202108375223,0.6689658164978027,0.020926952362060547,186,18,0.04842,0.04842,1,1
1000,34,R_APB_MUPSATEL,R_MED_LAT_WA,0.0,0.0,0.0,0.6834478378295898,0.011023521423339844,0.0,0.0,1,1,0.03483683427357786,0.03483683427357786,1.2168455123901367,0.0055768489837646484,186,2,0.03484,0.03484,1,1
1000,35,R_MYOP_MYDY_APB_MUDENS,R_LNLW_APB_MUDENS,0.0,0.375,0.25,1.435185432434082,0.019765377044677734,0.0|0.5,0.0|0.5,2,2,0.36953593468200574,0.25709953241052125,1.3350176811218262,0.01382136344909668,186,6,-0.01814|0.48097|0.48298|0.49606,-0.01814|0.49606,4,2
1000,36,R_APB_REPSTIM_FACILI,R_MEDD2_AMPR_EW,0.0,0.0,0.0,1.4207487106323242,0.006345033645629883,0.0,0.0,1,1,0.010555886765763373,0.010555886765763373,1.3882181644439697,0.005829811096191406,186,2,0.01056,0.01056,1,1
1000,37,R_APB_QUAL_MUPDUR,R_LNLBE_APB_NEUR_ACT,0.0,0.0,0.0,1.268263816833496,0.014080047607421875,0.0,0.0,1,1,0.0003703263766943148,0.0003703263766943148,1.2670252323150635,0.010003805160522461,186,2,-0.00037,-0.00037,1,1
1000,38,R_MEDD2_RD_EW,R_APB_SF_DENSITY,0.0,0.0,0.0,1.2720038890838623,0.013941526412963867,0.0,0.0,1,1,0.012438370648994404,0.001034866972351272,1.3092091083526611,0.010471105575561523,186,2,-0.00917|0.00103|0.02711,0.00103,3,1
1000,39,R_MEDD2_ALLCV_WD,R_MED_AMPR_EW,0.0,0.0,0.0,1.644359827041626,0.013554096221923828,0.0,0.0,1,1,0.02208631066473795,0.005047497529432219,1.7258925437927246,0.012119293212890625,186,2,0.00505|0.01993|0.027|0.03637,0.00505,4,1
1000,40,DIFFN_PATHO,R_APB_MVA_AMP,2.3154516933826628e-17,0.0,0.0,1.6633329391479492,0.619173526763916,0.0,0.0,1,1,0.04597563323104378,0.04597563323104378,1.6995434761047363,0.6597471237182617,186,74,0.04598,0.04598,1,1
1000,41,R_LNLT1_LP_BE_APB_MUSIZE,R_MEDD2_LD_WD,0.0,0.0,0.0,1.6915802955627441,0.031252145767211914,0.0,0.0,1,1,0.03910008710072928,0.03910008710072928,1.7229902744293213,0.04349374771118164,186,19,0.0391,0.0391,1,1
1000,42,R_LNLW_MED_PATHO,R_DIFFN_LNLW_MEDD2_DISP_WD,1.8872228654509526e-16,0.0,0.0,1.689213514328003,0.5928189754486084,0.0,0.0,1,1,0.55543319106573,0.55543319106573,1.7557461261749268,0.5835843086242676,186,74,-0.55543,-0.55543,1,1
1000,43,R_DIFFN_LNLW_APB_MALOSS,R_DIFFN_LNLW_APB_NEUR_ACT,0.0,0.0,0.0,1.7317554950714111,0.021696805953979492,0.0,0.0,1,1,0.05581124959809388,0.05581124959809388,1.5010461807250977,0.025659561157226562,186,12,0.05581,0.05581,1,1
1000,44,R_MED_LD_EW,R_MED_DCV_EW,0.0,0.25,0.25,1.616123914718628,0.01512002944946289,0.0|0.5,0.0|0.5,2,2,0.25136482035711744,0.25136482035711744,1.5093436241149902,0.013250350952148438,186,4,-0.00871|0.49402,-0.00871|0.49402,2,2
1000,45,R_DIFFN_APB_NEUR_ACT,R_LNLBE_MEDD2_BLOCK_EW,0.0,0.0,0.0,1.5501985549926758,0.009630441665649414,0.0,0.0,1,1,0.011772467162521177,0.0017180283754369265,1.4796524047851562,0.013914346694946289,186,2,-0.02183|0.00172,0.00172,2,1
1000,46,R_LNLW_APB_NEUR_ACT,R_MEDD2_CV_WD,0.0,0.0,0.0,1.404022216796875,0.013391494750976562,0.0,0.0,1,1,0.009079411057829978,0.0007023379523460972,1.6148786544799805,0.013831377029418945,186,2,0.0007|0.01746,0.0007,2,1
1000,47,R_MEDD2_CV_EW,R_APB_MUSIZE,0.0,0.0,0.0,1.216219186782837,0.021542787551879883,0.0,0.0,1,1,0.0473642230911929,0.028301682073652565,1.518934965133667,0.03696393966674805,186,17,-0.06643|-0.0283,-0.0283,2,1
1000,48,R_APB_DENERV,R_LNLLP_APB_DE_REGEN,1.0,0.0,0.0,1.629875659942627,0.09936285018920898,1.0,1.0,1,1,0.04112084412189154,0.04112084412189154,1.8135097026824951,0.09969496726989746,186,33,0.95888,0.95888,1,1
1000,49,R_LNLBE_MEDD2_RD_EW,R_LNLW_MEDD2_DISP_WD,0.0,0.0,0.0,1.7243645191192627,0.024412155151367188,0.0,0.0,1,1,0.012733056999497696,0.0017102693686861564,1.754281997680664,0.02380657196044922,186,6,-0.02376|0.00171,0.00171,2,1
1000,50,R_APB_SPONT_INS_ACT,R_MED_CV_EW,0.0,0.0,0.0,1.765988826751709,0.012898445129394531,0.0,0.0,1,1,0.04690665014600409,0.04690665014600409,1.7664217948913574,0.01287078857421875,186,2,0.04691,0.04691,1,1
1000,51,R_APB_TA_CONCL,R_LNLT1_LP_BE_APB_DENERV,0.0,0.0,0.0,1.7497785091400146,0.023031234741210938,0.0,0.0,1,1,0.020980896341892534,0.020980896341892534,1.756279706954956,0.022103309631347656,186,7,0.02098,0.02098,1,1
1000,52,R_MEDD2_AMPR_EW,R_APB_DE_REGEN,0.0,0.0,0.0,1.4974215030670166,0.07209563255310059,0.0,0.0,1,1,0.04601324391002836,0.02130149252145791,1.526149034500122,0.0431218147277832,186,30,-0.07905|-0.03769|-0.0213,-0.0213,3,1
1000,53,R_MUSCLE_APB_DENERV,R_LNLBE_MED_TIME,1.0,0.0,0.0,1.7138614654541016,0.16274094581604004,1.0,1.0,1,1,0.01893933184921659,0.01893933184921659,1.7399816513061523,0.1710069179534912,186,43,1.01894,1.01894,1,1
1000,54,R_LNLBE_APB_DENERV,R_LNLBE_MEDD2_RD_EW,0.0,0.0,0.0,1.7818186283111572,0.024423599243164062,0.0,0.0,1,1,0.03458916206961815,0.03458916206961815,1.716679573059082,0.024627208709716797,186,8,-0.03459,-0.03459,1,1
1000,55,R_LNLW_MEDD2_RD_WD,R_LNLBE_MED_SEV,0.0,0.2,0.2,1.566436767578125,0.358792781829834,0.0|0.4,0.0|0.4,2,2,0.21272267442031928,0.21272267442031928,1.0375561714172363,0.5250828266143799,186,73,0.02064|0.40481,0.02064|0.40481,2,2
1000,56,R_APB_SPONT_NEUR_DISCH,R_APB_QUAN_MUPPOLY,0.0,0.0,0.0,1.428065538406372,0.01386570930480957,0.0,0.0,1,1,0.02871242500738683,0.0025597785314310575,1.1897950172424316,0.006345510482788086,186,2,-0.05487|0.00256,0.00256,2,1
1000,57,R_APB_MUPSATEL,R_DIFFN_LNLW_APB_DENERV,0.0,0.0,0.0,1.4899530410766602,0.022919654846191406,0.0,0.0,1,1,0.012246275463440558,0.012246275463440558,1.4839611053466797,0.02471446990966797,186,7,0.01225,0.01225,1,1
1000,58,DIFFN_M_SEV_PROX,R_APB_TA_CONCL,0.0,0.0,0.0,1.4835844039916992,0.009550094604492188,0.0,0.0,1,1,0.024727902479775368,0.024727902479775368,1.2256829738616943,0.009541749954223633,186,2,0.02473,0.02473,1,1
1000,59,R_LNLT1_APB_NEUR_ACT,R_LNLW_MEDD2_RD_WD,0.0,0.0,0.0,1.3916494846343994,0.007077217102050781,0.0,0.0,1,1,0.008454211668402371,0.0055005858646594435,1.3401567935943604,0.00711369514465332,186,2,-0.01141|0.0055,0.0055,2,1
1000,60,DIFFN_SENS_SEV,R_LNL_DIFFN_APB_MUDENS,0.0,0.0,0.0,1.0568187236785889,0.0963129997253418,0.0,0.0,1,1,0.06079425402990999,0.06079425402990999,1.140974998474121,0.09708046913146973,186,22,0.06079,0.06079,1,1
1000,61,R_APB_NMT,R_MED_BLOCK_WA,-6.579099405186112e-17,0.0,0.0,1.1895291805267334,0.030387401580810547,-0.0,-0.0,1,1,0.05374126084330034,0.05374126084330034,1.248159646987915,0.034433841705322266,186,29,-0.05374,-0.05374,1,1
1000,62,R_DIFFN_LNLW_APB_MUDENS,R_DIFFN_APB_MALOSS,0.0,0.0,0.0,1.1437835693359375,0.03836202621459961,0.0,0.0,1,1,0.007196601753299469,0.0040251100717038826,1.2027230262756348,0.03436756134033203,186,13,0.00204|0.00366|0.00403|0.01907,0.00403,4,1
1000,63,R_APB_REPSTIM_CMAPAMP,R_LNLBE_APB_MALOSS,1.0,0.0,0.0,1.2529106140136719,0.018774986267089844,1.0,1.0,1,1,0.007191016059820754,0.007191016059820754,1.1671102046966553,0.031893014907836914,186,12,1.00719,1.00719,1,1
1000,64,R_LNLBE_APB_DENERV,R_LNLT1_LP_APB_DENERV,0.0,0.0,0.0,1.2063827514648438,0.012806177139282227,0.0,0.0,1,1,0.0005491912128721722,0.0005491912128721722,1.1627228260040283,0.012998580932617188,186,8,-0.00055,-0.00055,1,1
1000,65,R_APB_EFFMUS,R_MYOP_MYDY_APB_DE_REGEN,1.0000000000000004,0.0,0.0,1.298731803894043,0.04365205764770508,1.0,1.0,1,1,0.02579594402203733,0.02579594402203733,1.2314114570617676,0.049471139907836914,186,30,0.9742,0.9742,1,1
1000,66,R_LNLBE_MED_TIME,R_LNLT1_LP_APB_MUDENS,-5.592628196643689e-16,0.0,0.0,1.4262638092041016,0.1384601593017578,-0.0,-0.0,1,1,0.029949954915998278,0.029949954915998278,1.2009730339050293,0.1490311622619629,186,45,0.02995,0.02995,1,1
1000,67,R_MEDD2_ALLCV_EW,R_MED_AMPR_EW,0.0,0.0,0.0,1.1322705745697021,0.006120443344116211,0.0,0.0,1,1,0.024536060365857218,0.01068453013101595,1.0924363136291504,0.008681535720825195,186,2,-0.04181|-0.03922|-0.01068|-0.00643,-0.01068,4,1
1000,68,DIFFN_TIME,R_MED_ALLCV_EW,0.0,0.0,0.0,1.044508934020996,0.06761670112609863,0.0,0.0,1,1,0.03698808404427233,0.03698808404427233,0.8480236530303955,0.06950044631958008,186,44,0.03699,0.03699,1,1
1000,69,R_LNLT1_LP_BE_APB_DE_REGEN,R_LNLBE_MED_TIME,1.000000000000002,0.0,0.0,0.6836814880371094,0.06503415107727051,1.0,1.0,1,1,0.012357758524202955,0.012357758524202955,0.6810505390167236,0.06744146347045898,186,43,1.01236,1.01236,1,1
1000,70,R_APB_MUSIZE,R_MYOP_APB_MUDENS,0.0,0.0,0.0,0.6732251644134521,0.010349512100219727,0.0,0.0,1,1,0.08234636063106648,0.08234636063106648,0.7765507698059082,0.009590387344360352,186,17,0.08235,0.08235,1,1
1000,71,R_APB_REPSTIM_FACILI,R_MYOP_MYDY_APB_MUSIZE,0.0,0.0,0.0,0.709885835647583,0.014056921005249023,0.0,0.0,1,1,0.01802025702074265,0.01802025702074265,0.6854579448699951,0.013418912887573242,186,18,0.01802,0.01802,1,1
1000,72,R_MED_LAT_WA,R_APB_SPONT_INS_ACT,0.0,0.0,0.0,0.6796784400939941,0.005799770355224609,0.0,0.0,1,1,0.008863961984744548,0.0033610090346766915,0.6858775615692139,0.004039287567138672,186,2,-0.01437|0.00336,0.00336,2,1
1000,73,R_LNLLP_APB_DE_REGEN,R_APB_ALLAMP_WA,-2.220446049250313e-16,0.0,0.0,0.8170680999755859,0.060317039489746094,-0.0,-0.0,1,1,0.028558373133558967,0.028558373133558967,0.9815855026245117,0.05536007881164551,186,33,0.02856,0.02856,1,1
1000,74,R_LNL_DIFFN_APB_MUSIZE,DIFFN_TIME,1.0000000000000036,0.0,0.0,0.675163984298706,0.06867265701293945,1.0,1.0,1,1,0.058357077744781494,0.058357077744781494,0.6859934329986572,0.06656813621520996,186,43,1.05836,1.05836,1,1
1000,75,R_APB_MUSCLE_VOL,R_LNLW_APB_MALOSS,1.0,0.0,0.0,1.3639891147613525,0.02286839485168457,1.0,1.0,1,1,0.000843493084218272,0.000843493084218272,1.3123679161071777,0.025045394897460938,186,12,1.00084,1.00084,1,1
1000,76,R_MEDD2_DISP_WD,R_MED_DCV_WA,0.0,0.0,0.0,1.730733871459961,0.016167163848876953,0.0,0.0,1,1,0.014401313774198052,0.014401313774198052,1.2404839992523193,0.014348745346069336,186,4,-0.0144,-0.0144,1,1
1000,77,R_LNLLP_APB_NEUR_ACT,R_MYOP_APB_MUSIZE,0.0,0.0,0.0,1.3420884609222412,0.041236162185668945,0.0,0.0,1,1,0.009891990642454215,0.005331077888045169,1.2424919605255127,0.023033857345581055,186,19,0.00533|0.01445,0.00533,2,1
1000,78,R_LNLBE_MEDD2_LD_EW,R_DIFFN_LNLW_APB_MUDENS,0.0,0.0,0.0,1.2029404640197754,0.007881879806518555,0.0,0.0,1,1,0.04291745996462906,0.010374617036167752,1.2161636352539062,0.006564617156982422,186,2,0.01037|0.07546,0.01037,2,1
1000,79,R_LNLT1_LP_BE_APB_DENERV,R_DIFFN_APB_MUSIZE,0.0,0.0,0.0,1.1800169944763184,0.040754079818725586,0.0,0.0,1,1,0.0029482377966601548,0.0029482377966601548,1.325685977935791,0.047919511795043945,186,25,-0.00295,-0.00295,1,1
1000,80,R_MEDD2_ALLCV_WD,R_MYOP_APB_DENERV,0.0,0.0,0.0,1.4614017009735107,0.0238494873046875,0.0,0.0,1,1,0.04371475318867085,0.022067518324719617,1.5902554988861084,0.022941112518310547,186,8,-0.00123|0.02207|0.04621|0.10535,0.02207,4,1
1000,81,R_DIFFN_LNLW_MEDD2_SALOSS,R_MYAS_APB_MUDENS,0.0,0.0,0.0,1.6671414375305176,0.028618812561035156,0.0,0.0,1,1,0.00789657670057661,0.00789657670057661,1.8760240077972412,0.02774643898010254,186,6,0.0079,0.0079,1,1
1000,82,R_MED_DCV_WA,R_MEDD2_BLOCK_WD,0.0,0.0,0.0,1.779458999633789,0.014582157135009766,0.0,0.0,1,1,0.029281577784595603,0.00911464891242743,1.7780413627624512,0.014101982116699219,186,2,-0.06743|-0.00911|0.0113,-0.00911,3,1
1000,83,R_APB_MUPSATEL,R_LNLLP_APB_MUSIZE,0.0,0.0,0.0,1.7414052486419678,0.037593841552734375,0.0,0.0,1,1,0.028500453500605115,0.028500453500605115,1.7049353122711182,0.04126906394958496,186,21,-0.0285,-0.0285,1,1
1000,84,R_MED_RD_EW,R_LNLBE_APB_DENERV,0.0,0.0,0.0,1.1263279914855957,0.023960351943969727,0.0,0.0,1,1,0.026508401070508406,0.004446388025522038,1.3389875888824463,0.01470184326171875,186,8,0.00445|0.04857,0.00445,2,1
1000,85,R_LNLT1_LP_BE_APB_MALOSS,R_LNLBE_MED_BLOCK,0.0,0.0,0.0,1.3534929752349854,0.03657078742980957,0.0,0.0,1,1,0.02369904122898095,0.02369904122898095,1.5266292095184326,0.0351099967956543,186,12,0.0237,0.0237,1,1
1000,86,R_LNL_DIFFN_APB_MUSIZE,R_LNLLP_APB_DE_REGEN,0.0,0.0,0.0,1.531052589416504,0.127854585647583,0.0,0.0,1,1,0.020370573695152425,0.020370573695152425,1.5846261978149414,0.12214326858520508,186,36,0.02037,0.02037,1,1
1000,87,R_LNLLP_APB_NEUR_ACT,R_MED_RD_EW,0.0,0.0,0.0,1.6492128372192383,0.012168645858764648,0.0,0.0,1,1,0.01964373410054226,0.007950296452224552,1.349364995956421,0.011392593383789062,186,2,0.00795|0.03134,0.00795,2,1
1000,88,R_DIFFN_MEDD2_SALOSS,R_MYAS_APB_MUDENS,0.0,0.0,0.0,1.587862253189087,0.030398845672607422,0.0,0.0,1,1,0.007635460926387985,0.007635460926387985,1.476442813873291,0.027934551239013672,186,7,0.00764,0.00764,1,1
1000,89,DIFFN_S_SEV_DIST,R_LNLT1_LP_BE_APB_DENERV,0.0,0.0,0.0,1.782116174697876,0.13800573348999023,0.0,0.0,1,1,0.13256934320463443,0.13256934320463443,1.7251896858215332,0.1335008144378662,186,26,0.13257,0.13257,1,1
1000,90,DIFFN_TIME,R_MYOP_MYDY_APB_DENERV,6.924780899356909e-16,0.0,0.0,1.700430154800415,0.15140581130981445,0.0,0.0,1,1,0.048040937083603456,0.048040937083603456,1.8695118427276611,0.1701052188873291,186,44,-0.04804,-0.04804,1,1
1000,91,R_MEDD2_DSLOW_EW,R_APB_MALOSS,0.0,0.0,0.0,1.4446020126342773,0.026681900024414062,0.0,0.0,1,1,0.017409736861094028,0.00020603971991474212,1.4261646270751953,0.01729583740234375,186,11,-0.02749|-0.00021|0.02454,-0.00021,3,1
1000,92,R_APB_MUSCLE_VOL,R_APB_FORCE,0.0,0.0,0.0,1.214411973953247,0.01026010513305664,0.0,0.0,1,1,0.004303384361588732,0.004303384361588732,1.4370818138122559,0.009435892105102539,186,2,-0.0043,-0.0043,1,1
1000,93,R_MYOP_APB_MUDENS,R_APB_QUAN_MUPDUR,0.0,0.0,0.0,1.3590974807739258,0.006598711013793945,0.0,0.0,1,1,0.014772377053895582,0.0028902747175972112,1.3399603366851807,0.007876396179199219,186,2,-0.02665|-0.00289,-0.00289,2,1
1000,94,R_MED_LAT_WA,R_APB_MUPINSTAB,0.0,0.0,0.0,1.3618080615997314,0.011264324188232422,0.0,0.0,1,1,0.008095310992621754,0.00034896766494318097,1.4639081954956055,0.01363992691040039,186,2,-0.01584|-0.00035,-0.00035,2,1
1000,95,R_LNLT1_APB_NEUR_ACT,R_APB_QUAL_MUPDUR,0.0,0.0,0.0,1.2787666320800781,0.01140141487121582,0.0,0.0,1,1,0.012115376528351799,0.0011575334268268784,1.2364511489868164,0.007538318634033203,186,2,-0.02307|-0.00116,-0.00116,2,1
1000,96,R_LNLBE_MED_TIME,R_LNLLP_APB_NEUR_ACT,-1.5421634527777894e-16,0.0,0.0,1.1774029731750488,0.14908313751220703,-0.0,-0.0,1,1,0.1308593797575896,0.1308593797575896,1.1892621517181396,0.1281116008758545,186,46,-0.13086,-0.13086,1,1
1000,97,DIFFN_M_SEV_DIST,R_LNLT1_APB_NEUR_ACT,-1.0781768443430007e-16,0.0,0.0,1.2913975715637207,0.31107187271118164,-0.0,-0.0,1,1,0.06380264258549403,0.06380264258549403,1.1633074283599854,0.30993199348449707,186,61,0.0638,0.0638,1,1
1000,98,R_MYAS_APB_MUDENS,R_LNLT1_LP_BE_APB_MUDENS,0.0,0.25,0.25,1.1844062805175781,0.02345442771911621,0.0|0.5,0.0|0.5,2,2,0.2696853526304575,0.2696853526304575,1.2038683891296387,0.02344059944152832,186,5,0.03569|0.50369,0.03569|0.50369,2,2
1000,99,R_MED_AMPR_EW,R_MEDD2_RD_WD,0.0,0.0,0.0,1.4207847118377686,0.010832071304321289,0.0,0.0,1,1,0.061633156447457114,0.02439609057373034,1.2347464561462402,0.007807731628417969,186,2,0.0244|0.09887,0.0244,2,1
2500,0,R_LNLW_APB_MALOSS,R_LNLLP_APB_DENERV,0.0,0.0,0.0,1.1959545612335205,0.04246354103088379,0.0,0.0,1,1,0.011315339443476497,0.011315339443476497,1.1719696521759033,0.04554462432861328,186,20,0.01132,0.01132,1,1
2500,1,R_DIFFN_APB_NEUR_ACT,R_MYOP_APB_MUDENS,0.0,0.0,0.0,1.209998607635498,0.012531757354736328,0.0,0.0,1,1,0.005138260937091861,3.480858942683958e-05,1.4277191162109375,0.012179136276245117,186,2,-0.01024|3e-05,3e-05,2,1
2500,2,R_LNLBE_MEDD2_RD_EW,R_MEDD2_DSLOW_WD,0.0,0.0,0.0,1.215212106704712,0.00794529914855957,0.0,0.0,1,1,0.003619573823645471,0.002003159021258431,1.2558231353759766,0.012585639953613281,186,2,0.002|0.00524,0.002,2,1
2500,3,R_DIFFN_MEDD2_SALOSS,R_APB_ALLAMP_WA,0.0,0.0,0.0,1.5171973705291748,0.03274989128112793,0.0,0.0,1,1,0.014781981562002855,0.014781981562002855,1.6851112842559814,0.03314614295959473,186,10,0.01478,0.01478,1,1
2500,4,R_APB_SPONT_NEUR_DISCH,R_MEDD2_DISP_WD,0.0,0.0,0.0,1.7057559490203857,0.020548105239868164,0.0,0.0,1,1,0.011712963217042831,0.00969137599661719,1.785489797592163,0.01930832862854004,186,4,0.00969|0.01373,0.00969,2,1
2500,5,R_MED_AMP_WA,R_LNLT1_LP_BE_APB_DE_REGEN,1.0,0.0,0.0,1.742926836013794,0.0645594596862793,1.0,1.0,1,1,0.015210866485924956,0.015210866485924956,1.7425363063812256,0.0409543514251709,186,31,1.01521,1.01521,1,1
2500,6,R_APB_SPONT_HF_DISCH,R_DIFFN_APB_DE_REGEN,1.0,0.0,0.0,1.505934715270996,0.07234907150268555,1.0,1.0,1,1,0.01655313578122919,0.01655313578122919,1.5614652633666992,0.0708773136138916,186,32,0.98345,0.98345,1,1
2500,7,R_MED_RD_WA,R_LNLT1_LP_BE_APB_MUSIZE,0.0,0.0,0.0,1.4362552165985107,0.027142763137817383,0.0,0.0,1,1,0.010483561370059284,0.0023588546460300386,1.3631081581115723,0.02226877212524414,186,19,-0.01861|-0.00236,-0.00236,2,1
2500,8,R_APB_MUPINSTAB,R_APB_QUAL_MUPPOLY,0.0,0.0,0.0,1.24580717086792,0.008545637130737305,0.0,0.0,1,1,0.007197493054652589,0.007197493054652589,1.290675401687622,0.005183219909667969,186,2,-0.0072,-0.0072,1,1
2500,9,R_LNLBE_APB_DENERV,R_MED_RDLDCV_EW,0.0,0.0,0.0,1.366565227508545,0.014683961868286133,0.0,0.0,1,1,0.03521782655466044,0.03521782655466044,1.3785898685455322,0.013129711151123047,186,8,-0.03522,-0.03522,1,1
2500,10,R_MYOP_MYDY_APB_MUDENS,R_MED_BLOCK_WA,0.0,0.0,0.0,1.325024127960205,0.013043880462646484,0.0,0.0,1,1,0.005458755193960263,0.0004406471471207406,1.4052903652191162,0.01543426513671875,186,8,-0.00054|0.00044|0.00979|0.01107,0.00044,4,1
2500,11,R_MEDD2_CV_WD,R_LNLT1_LP_BE_APB_DE_REGEN,0.0,0.0,0.0,1.438629150390625,0.08570647239685059,0.0,0.0,1,1,0.01566773842988445,0.009167836949440381,1.4033935070037842,0.06735491752624512,186,32,-0.02217|-0.00917,-0.00917,2,1
2500,12,R_MEDD2_DISP_EWD,R_APB_NEUR_ACT,0.0,0.0,0.0,1.4901645183563232,0.008620023727416992,0.0,0.0,1,1,0.016641928627905787,0.004510725521707712,1.5583291053771973,0.005585432052612305,186,2,-0.03167|-0.01374|-0.00451,-0.00451,3,1
2500,13,R_MEDD2_ALLAMP_WD,R_APB_NEUR_ACT,0.0,0.0,0.0,1.5306384563446045,0.005505800247192383,0.0,0.0,1,1,0.010610236351653113,0.003219784617959215,1.370901346206665,0.005971670150756836,186,2,-0.01556|-0.00322|0.01305,-0.00322,3,1
2500,14,R_DIFFN_MED_BLOCK,R_MYOP_MYDY_APB_DE_REGEN,0.0,0.0,0.0,1.3941857814788818,0.0895223617553711,0.0,0.0,1,1,2.4085565706431837e-05,2.4085565706431837e-05,1.422299861907959,0.0900421142578125,186,35,2e-05,2e-05,1,1
2500,15,R_APB_MALOSS,R_LNLT1_LP_BE_APB_NEUR_ACT,0.0,0.0,0.0,1.4451079368591309,0.012151241302490234,0.0,0.0,1,1,0.0051751486310289046,0.0051751486310289046,1.442427396774292,0.02199840545654297,186,11,-0.00518,-0.00518,1,1
2500,16,R_APB_DE_REGEN,R_LNLBE_APB_NEUR_ACT,0.0,0.0,0.0,1.2376220226287842,0.030979633331298828,0.0,0.0,1,1,0.019528791898381123,0.019528791898381123,1.0067074298858643,0.034848690032958984,186,30,-0.01953,-0.01953,1,1
2500,17,R_APB_REPSTIM_FACILI,DIFFN_MOT_SEV,1.0,0.0,0.0,0.750166654586792,0.19542407989501953,1.0,1.0,1,1,0.0124655556189055,0.0124655556189055,0.7223129272460938,0.19453716278076172,186,58,1.01247,1.01247,1,1
2500,18,R_APB_MUPAMP,R_MED_CV_EW,0.0,0.0,0.0,0.7099428176879883,0.008211374282836914,0.0,0.0,1,1,0.0034535343361878543,0.0034535343361878543,0.7197866439819336,0.006849765777587891,186,4,-0.00345,-0.00345,1,1
2500,19,R_LNLW_APB_MUDENS,R_LNLLP_APB_MUDENS,2.6645352591003756e-16,0.2999999999999999,0.2999999999999999,0.753110408782959,0.009809732437133789,0.0|0.6,0.0|0.6,2,2,0.30722286975637136,0.30722286975637136,0.6964867115020752,0.00903010368347168,186,6,-0.01395|0.6005,-0.01395|0.6005,2,2
2500,20,R_MEDD2_RD_EW,R_APB_DENERV,0.0,0.0,0.0,0.6437082290649414,0.006455183029174805,0.0,0.0,1,1,0.01263045038152614,0.0006736426279212459,0.6937227249145508,0.006433248519897461,186,5,-0.02093|-0.01629|-0.00067,-0.00067,3,1
2500,21,R_LNLBE_APB_MUDENS,R_APB_MUPAMP,0.0,0.0,0.0,0.7552239894866943,0.010827064514160156,0.0,0.0,1,1,0.0011385746486561189,0.0005636704921084178,0.6934692859649658,0.011854171752929688,186,4,0.00056|0.00171,0.00056,2,1
2500,22,R_MYOP_MYDY_APB_MUDENS,R_MED_BLOCK_EW,0.0,0.0,0.0,1.3059678077697754,0.008255958557128906,0.0,0.0,1,1,0.013577351680512731,0.001683837408309606,1.2426130771636963,0.00976872444152832,186,2,-0.02891|-0.01412|-0.00168|0.00959,-0.00168,4,1
2500,23,R_APB_MUSCLE_VOL,R_DIFFN_MED_DIFSLOW,0.0,0.0,0.0,1.7627828121185303,0.015256404876708984,0.0,0.0,1,1,0.015845544226005023,0.015845544226005023,1.291125774383545,0.012122869491577148,186,4,0.01585,0.01585,1,1
2500,24,R_LNLBE_MEDD2_DIFSLOW_WD,R_DIFFN_LNLW_APB_DE_REGEN,0.0,0.0,0.0,1.2623727321624756,0.05048847198486328,0.0,0.0,1,1,0.010184846618898088,0.0022656803907907612,1.2141697406768799,0.06342482566833496,186,32,-0.0181|-0.00227,-0.00227,2,1
2500,25,R_LNLBE_MEDD2_BLOCK_EW,DIFFN_S_SEV_DIST,0.0,0.6666666666666666,0.6666666666666666,1.0892446041107178,0.04749488830566406,0.0|1.33333,0.0|1.33333,2,2,0.6943054282389136,0.6943054282389136,1.149477243423462,0.06120181083679199,186,21,-0.03669|1.35192,-0.03669|1.35192,2,2
2500,26,R_DIFFN_LNLW_MEDD2_SALOSS,R_MED_LAT_WA,0.0,0.0,0.0,1.0206520557403564,0.015627622604370117,0.0,0.0,1,1,0.0008739641457938936,0.0008739641457938936,1.0559136867523193,0.012641191482543945,186,6,0.00087,0.00087,1,1
2500,27,R_MED_DCV_EW,R_MEDD2_RD_WD,0.0,0.0,0.0,1.0631232261657715,0.010431051254272461,0.0,0.0,1,1,0.014342774107799416,0.006583689721917117,1.0580193996429443,0.006621599197387695,186,2,-0.00035|0.00658|0.0361,0.00658,3,1
2500,28,R_DIFFN_APB_MALOSS,R_APB_DE_REGEN,0.0,0.0,0.0,1.105724573135376,0.10157036781311035,0.0,0.0,1,1,0.0032048111978768,0.0032048111978768,1.1379878520965576,0.10639238357543945,186,37,0.0032,0.0032,1,1
2500,29,R_MEDD2_ALLCV_WD,R_LNL_DIFFN_APB_MUSIZE,0.0,0.0,0.0,1.3323371410369873,0.025566577911376953,0.0,0.0,1,1,0.026291792804923463,0.012182585928473157,1.34844970703125,0.02933478355407715,186,18,0.01218|0.02372|0.03409|0.03517,0.01218,4,1
2500,30,R_APB_SF_DENSITY,R_APB_REPSTIM_CMAPAMP,0.0,0.0,0.0,1.4422686100006104,0.01268148422241211,0.0,0.0,1,1,0.019874293973606526,0.016405275647484212,1.3956928253173828,0.01344609260559082,186,2,-0.02334|-0.01641,-0.01641,2,1
2500,31,R_MEDD2_EFFAXLOSS,R_APB_DENERV,0.0,0.0,0.0,1.2134897708892822,0.015320777893066406,0.0,0.0,1,1,0.007961709112964756,0.0027525957949178412,1.2468020915985107,0.014730453491210938,186,5,0.00275|0.00726|0.01387,0.00275,3,1
2500,32,R_MEDD2_CV_WD,R_LNLBE_MEDD2_RD_EW,0.0,0.0,0.0,1.6371188163757324,0.012087106704711914,0.0,0.0,1,1,0.003383060304639539,0.00016873877598095772,1.5389585494995117,0.015124320983886719,186,2,-0.00017|0.0066,-0.00017,2,1
2500,33,R_MED_AMP_WA,R_APB_REPSTIM_FACILI,0.0,0.0,0.0,1.4321811199188232,0.012551069259643555,0.0,0.0,1,1,0.0008407910439552115,0.0008407910439552115,1.545051097869873,0.014528751373291016,186,2,-0.00084,-0.00084,1,1
2500,34,R_APB_EFFMUS,R_APB_VOL_ACT,0.0,0.0,0.0,1.4061813354492188,0.016753196716308594,0.0,0.0,1,1,0.03953136738430847,0.03953136738430847,1.5361692905426025,0.022422313690185547,186,16,0.03953,0.03953,1,1
2500,35,DIFFN_SEV,R_MEDD2_ALLCV_WD,-3.1110916312273823e-16,0.0,0.0,1.339789628982544,0.9110667705535889,-0.0,-0.0,1,1,0.015797460674142984,0.015797460674142984,1.4730803966522217,0.8489129543304443,186,81,0.0158,0.0158,1,1
2500,36,R_DIFFN_APB_DE_REGEN,R_MUSCLE_APB_DENERV,4.554761126667309e-17,0.0,0.0,1.3644449710845947,0.057181358337402344,0.0,0.0,1,1,0.0014832888115324297,0.0014832888115324297,1.4621763229370117,0.06420016288757324,186,32,0.00148,0.00148,1,1
2500,37,R_LNLT1_LP_APB_DENERV,R_DIFFN_APB_DE_REGEN,1.2688263138573217e-16,0.0,0.0,1.2944276332855225,0.04587197303771973,0.0,0.0,1,1,0.0017112787974481528,0.0017112787974481528,1.0769710540771484,0.056134939193725586,186,35,-0.00171,-0.00171,1,1
2500,38,R_DE_REGEN_APB_NMT,R_LNLW_APB_DENERV,-2.220446049250313e-16,0.0,0.0,1.2195451259613037,0.03834247589111328,-0.0,-0.0,1,1,0.0047906760925632876,0.0047906760925632876,1.2621655464172363,0.026773452758789062,186,30,0.00479,0.00479,1,1
2500,39,R_MED_LD_WA,R_MED_RD_EW,0.0,0.0,0.0,1.4429888725280762,0.00852513313293457,0.0,0.0,1,1,0.002882317974998464,0.00426993301158032,1.1736037731170654,0.008814573287963867,186,2,0.00149|0.00427,0.00427,2,1
2500,40,R_DIFFN_MEDD2_DIFSLOW,R_DIFFN_LNLW_APB_MUSIZE,0.0,0.0,0.0,1.0819590091705322,0.01844954490661621,0.0,0.0,1,1,0.016817014095212003,0.016817014095212003,0.7046158313751221,0.01679849624633789,186,21,-0.01682,-0.01682,1,1
2500,41,R_MYOP_APB_DE_REGEN,R_DIFFN_APB_NEUR_ACT,0.0,0.0,0.0,0.7156054973602295,0.030100345611572266,0.0,0.0,1,1,0.009476453314287083,0.009476453314287083,0.7035725116729736,0.030681371688842773,186,32,-0.00948,-0.00948,1,1
2500,42,R_LNLLP_APB_NEUR_ACT,R_MED_ALLDEL_WA,0.0,0.0,0.0,0.6767754554748535,0.005136728286743164,0.0,0.0,1,1,0.005430758227014633,0.002623758363468185,0.6822280883789062,0.004792928695678711,186,2,-0.00824|-0.00262,-0.00262,2,1
2500,43,R_LNLLP_APB_MUSIZE,R_MEDD2_LSLOW_EW,0.0,0.0,0.0,0.7374420166015625,0.01624608039855957,0.0,0.0,1,1,0.010554442338363768,0.010554442338363768,0.6595869064331055,0.0153961181640625,186,21,0.01055,0.01055,1,1
2500,44,R_MEDD2_DIFSLOW_WD,R_MEDD2_DISP_EWD,0.0,0.0,0.0,0.6496973037719727,0.004891872406005859,0.0,0.0,1,1,0.010619016144887876,0.001762661936192068,0.666926383972168,0.004083871841430664,186,2,-0.00442|0.00176|0.02568,0.00176,3,1
2500,45,R_MYOP_APB_MUSIZE,R_DIFFN_MED_BLOCK,2.5710427938687837e-16,0.0,0.0,0.6636016368865967,0.013480424880981445,0.0,0.0,1,1,0.041835321709851055,0.041835321709851055,0.7251269817352295,0.012913942337036133,186,23,-0.04184,-0.04184,1,1
2500,46,R_DIFFN_LNLW_APB_MALOSS,R_LNLBE_MED_DIFSLOW,-1.1842378929335003e-16,0.0,0.0,0.6682791709899902,0.012714862823486328,-0.0,-0.0,1,1,0.006554826702514568,0.006554826702514568,0.6845302581787109,0.012158632278442383,186,13,-0.00655,-0.00655,1,1
2500,47,R_MEDD2_LSLOW_EW,R_APB_QUAN_MUPAMP,0.0,0.0,0.0,0.6547718048095703,0.0049953460693359375,0.0,0.0,1,1,0.014645213952012879,0.006501107049067146,0.7500829696655273,0.004061460494995117,186,2,-0.0335|-0.01173|-0.00685|-0.0065,-0.0065,4,1
2500,48,R_LNLW_MED_SEV,R_MYDY_APB_DENERV,4.495717926877177e-16,0.0,0.0,0.6723802089691162,0.2130751609802246,0.0,0.0,1,1,0.11801451312088582,0.11801451312088582,1.8573801517486572,0.21850848197937012,186,74,0.11801,0.11801,1,1
2500,49,R_MEDD2_RD_WD,R_LNLW_MEDD2_DISP_WD,0.0,0.0,0.0,0.6848700046539307,0.022192955017089844,0.0,0.0,1,1,0.015951177919549222,0.004176658689671099,0.8896403312683105,0.017121553421020508,186,6,0.00418|0.01982|0.02386,0.00418,3,1
2500,50,R_MED_DIFSLOW_EW,R_MEDD2_DISP_EWD,0.0,0.0,0.0,1.1863431930541992,0.00815725326538086,0.0,0.0,1,1,0.02170149920759159,0.008931629681702758,1.1865100860595703,0.011459827423095703,186,2,-0.03447|-0.00893,-0.00893,2,1
2500,51,R_LNLW_APB_DENERV,R_APB_EFFMUS,0.0,0.0,0.0,1.4508183002471924,0.017827272415161133,0.0,0.0,1,1,0.0003867858927325973,0.0003867858927325973,1.4780724048614502,0.016534090042114258,186,21,0.00039,0.00039,1,1
2500,52,R_MED_AMPR_EW,R_LNLW_MED_SEV,0.0,0.0,0.0,1.3072788715362549,0.5086486339569092,0.0,0.0,1,1,0.026060105759467576,0.006079222624797187,1.4257354736328125,0.4998598098754883,186,73,0.00608|0.04604,0.00608,2,1
2500,53,R_LNL_DIFFN_APB_MUSIZE,R_MYOP_MYDY_APB_DENERV,0.0,0.0,0.0,1.774183750152588,0.028947830200195312,0.0,0.0,1,1,0.019775718459043183,0.019775718459043183,1.3681116104125977,0.021893978118896484,186,23,-0.01978,-0.01978,1,1
2500,54,R_APB_SPONT_INS_ACT,R_MEDD2_LD_WD,0.0,0.0,0.0,1.3285984992980957,0.01005101203918457,0.0,0.0,1,1,0.019291313484443424,0.019291313484443424,1.369748592376709,0.010659456253051758,186,2,-0.01929,-0.01929,1,1
2500,55,R_LNLLP_APB_DENERV,R_DIFFN_MEDD2_SALOSS,0.0,0.0,0.0,1.3010945320129395,0.022225379943847656,0.0,0.0,1,1,0.025064456818745685,0.025064456818745685,1.229353904724121,0.024868488311767578,186,14,-0.02506,-0.02506,1,1
2500,56,R_LNLLP_APB_MUSIZE,R_MYOP_MYDY_APB_MUSIZE,-5.075305255429287e-16,0.0,0.0,1.405451774597168,0.024631500244140625,-0.0,-0.0,1,1,0.0023832465522258526,0.0023832465522258526,1.3903121948242188,0.029762744903564453,186,21,-0.00238,-0.00238,1,1
2500,57,DIFFN_SENS_SEV,R_APB_VOL_ACT,0.0,0.0,0.0,1.1861293315887451,0.048098087310791016,0.0,0.0,1,1,0.04097708556569788,0.04097708556569788,0.6774711608886719,0.048290252685546875,186,24,-0.04098,-0.04098,1,1
2500,58,R_LNLW_MED_BLOCK,R_LNLW_MEDD2_BLOCK_WD,0.0,0.0,0.0,1.204904317855835,0.0251924991607666,0.0,0.0,1,1,6.557026493850543e-05,6.557026493850543e-05,1.2831432819366455,0.014072179794311523,186,9,7e-05,7e-05,1,1
2500,59,R_APB_MUPAMP,DIFFN_PATHO,2.0,0.0,0.0,1.4562742710113525,0.3657395839691162,2.0,2.0,1,1,0.05695859628185729,0.05695859628185729,1.3937418460845947,0.3993082046508789,186,74,1.94304,1.94304,1,1
2500,60,R_DIFFN_APB_MALOSS,R_DIFFN_LNLW_APB_NEUR_ACT,0.0,0.0,0.0,1.202221393585205,0.03190326690673828,0.0,0.0,1,1,0.030715281687180112,0.030715281687180112,1.0319924354553223,0.03103160858154297,186,13,0.03072,0.03072,1,1
2500,61,R_MED_DIFSLOW_EW,R_APB_TA_CONCL,0.0,0.0,0.0,1.25242280960083,0.012397289276123047,0.0,0.0,1,1,0.007327843343329532,0.004465483552607147,1.084280014038086,0.008197546005249023,186,2,-0.01019|-0.00447,-0.00447,2,1
2500,62,R_APB_REPSTIM_POST_DECR,R_LNLLP_APB_DE_REGEN,1.0,0.0,0.0,1.3646228313446045,0.10353636741638184,1.0,1.0,1,1,0.001111142721590741,0.001111142721590741,1.4204885959625244,0.09892439842224121,186,33,0.99889,0.99889,1,1
2500,63,R_DIFFN_LNLW_APB_DENERV,DIFFN_M_SEV_PROX,0.0,0.0,0.0,1.1076173782348633,0.011279821395874023,0.0,0.0,1,1,0.004353257317904132,0.004353257317904132,1.151165246963501,0.02249002456665039,186,7,0.00435,0.00435,1,1
2500,64,R_MYOP_APB_MUSIZE,R_LNLT1_APB_MALOSS,1.8698493046318425e-16,0.0,0.0,1.4582347869873047,0.04646468162536621,0.0,0.0,1,1,0.002366469577996156,0.002366469577996156,1.4787817001342773,0.047110557556152344,186,26,0.00237,0.00237,1,1
2500,65,R_MEDD2_LD_EW,R_APB_REPSTIM_CMAPAMP,0.0,0.0,0.0,1.4028363227844238,0.013483524322509766,0.0,0.0,1,1,0.014036877844010953,0.003319257728178361,1.2989311218261719,0.016433238983154297,186,2,-0.00551|0.00332|0.03329,0.00332,3,1
2500,66,R_LNLT1_APB_MUSIZE,R_MED_RDLDCV_EW,0.0,0.0,0.0,7.803725719451904,0.02202463150024414,0.0,0.0,1,1,0.006908297974108139,0.006908297974108139,1.7935538291931152,0.02330780029296875,186,21,-0.00691,-0.00691,1,1
2500,67,R_APB_REPSTIM_DECR,R_APB_MUSCLE_VOL,0.0,0.0,0.0,1.105940818786621,0.009007692337036133,0.0,0.0,1,1,0.03176280534735845,0.03176280534735845,1.0301437377929688,0.01665663719177246,186,2,0.03176,0.03176,1,1
2500,68,R_LNLBE_MED_TIME,R_MYOP_MYDY_APB_MUDENS,-2.7963140983218445e-16,0.0,0.0,0.9941179752349854,0.08827710151672363,-0.0,-0.0,1,1,0.09538186266961769,0.09538186266961769,0.7907326221466064,0.09250378608703613,186,48,-0.09538,-0.09538,1,1
2500,69,R_MYOP_APB_DE_REGEN,R_APB_QUAN_MUPDUR,9.057082569310487e-17,0.0,0.0,0.6911954879760742,0.03925728797912598,0.0,0.0,1,1,0.015445605964377607,0.015445605964377607,0.9599008560180664,0.035488128662109375,186,31,-0.01545,-0.01545,1,1
2500,70,R_LNLBE_MED_PATHO,R_APB_DE_REGEN,8.101376380528339e-16,0.0,0.0,0.6711623668670654,0.21561670303344727,0.0,0.0,1,1,0.04477333594983934,0.04477333594983934,0.6700589656829834,0.22444605827331543,186,75,0.04477,0.04477,1,1
2500,71,R_LNLBE_APB_MUDENS,R_LNLBE_MED_BLOCK,0.0,0.0,0.0,0.6721770763397217,0.005316495895385742,0.0,0.0,1,1,0.007830454053212683,0.00207818821456277,0.77073073387146,0.005217313766479492,186,2,0.00208|0.01358,0.00208,2,1
2500,72,R_MUSCLE_APB_MUDENS,R_MEDD2_DIFSLOW_WD,0.0,0.0,0.0,0.6807770729064941,0.005327701568603516,0.0,0.0,1,1,0.012625966833903839,0.00422913025043418,0.6944916248321533,0.00404810905456543,186,2,-0.01312|0.00423|0.01481|0.01835,0.00423,4,1
2500,73,DIFFN_M_SEV_PROX,R_MEDD2_DIFSLOW_EW,0.0,0.0,0.0,0.6736857891082764,0.004801273345947266,0.0,0.0,1,1,0.0030617281166215185,0.0030617281166215185,0.6609606742858887,0.0039997100830078125,186,2,-0.00306,-0.00306,1,1
2500,74,R_LNLW_MEDD2_BLOCK_WD,R_APB_MULOSS,0.0,0.0,0.0,0.6506297588348389,0.006904125213623047,0.0,0.0,1,1,0.005278952682478159,0.0005070821653796751,0.6641044616699219,0.008051872253417969,186,7,-0.01005|-0.00051,-0.00051,2,1
2500,75,R_LNLBE_APB_DENERV,R_APB_REPSTIM_FACILI,0.0,0.0,0.0,0.661867618560791,0.00840616226196289,0.0,0.0,1,1,0.023397923570841084,0.023397923570841084,0.6893184185028076,0.008926153182983398,186,8,-0.0234,-0.0234,1,1
2500,76,R_MED_CV_EW,R_MYAS_APB_MUDENS,0.0,0.0,0.0,0.7398080825805664,0.005455970764160156,0.0,0.0,1,1,0.012022596942490594,0.0021247835663444894,0.6850605010986328,0.004999876022338867,186,2,0.00212|0.02192,0.00212,2,1
2500,77,R_LNLW_APB_DENERV,DIFFN_TYPE,5.075305255429287e-16,0.0,0.0,0.685166597366333,0.37624192237854004,0.0,0.0,1,1,0.022410738463007607,0.022410738463007607,0.7129359245300293,0.3751997947692871,186,81,0.02241,0.02241,1,1
2500,78,R_LNLT1_LP_BE_APB_DENERV,R_LNL_DIFFN_APB_DE_REGEN,1.4802973661668753e-16,0.0,0.0,0.7214105129241943,0.030267000198364258,0.0,0.0,1,1,0.0363070420203707,0.0363070420203707,0.6636488437652588,0.02686619758605957,186,32,-0.03631,-0.03631,1,1
2500,79,DIFFN_SENS_SEV,R_APB_MUSIZE,0.0,0.0,0.0,0.6702661514282227,0.06659841537475586,0.0,0.0,1,1,0.04106908062205562,0.04106908062205562,0.6501555442810059,0.06789064407348633,186,37,0.04107,0.04107,1,1
2500,80,R_MEDD2_LSLOW_WD,R_LNLBE_MEDD2_DIFSLOW_WD,0.0,0.5,0.3333333333333333,0.8192849159240723,0.014014959335327148,0.0|0.66667,0.0|0.66667,2,2,0.5323768853470503,0.35315690897039853,1.4784343242645264,0.013755083084106445,186,5,-0.03073|0.67559|0.70183|0.72137,-0.03073|0.67559,4,2
2500,81,R_MEDD2_DISP_EWD,R_APB_MUPDUR,0.0,0.0,0.0,1.3595898151397705,0.009769916534423828,0.0,0.0,1,1,0.019353680883929403,0.005515152276946202,2.3090288639068604,0.014517784118652344,186,4,-0.03058|-0.02197|-0.00552,-0.00552,3,1
2500,82,R_MYOP_MYDY_APB_DENERV,R_MYDY_APB_DE_REGEN,0.0,0.0,0.0,1.3110172748565674,0.04315495491027832,0.0,0.0,1,1,0.005222212564039787,0.005222212564039787,1.2465779781341553,0.0540158748626709,186,32,0.00522,0.00522,1,1
2500,83,R_LNLBE_MEDD2_LD_EW,R_LNL_DIFFN_APB_MUSIZE,0.0,0.0,0.0,1.2593252658843994,0.015778303146362305,0.0,0.0,1,1,0.020446638083560804,0.006981257816148696,1.0264275074005127,0.020420074462890625,186,18,-0.03391|-0.00698,-0.00698,2,1
2500,84,R_LNLBE_MEDD2_DISP_EW,R_APB_VOL_ACT,0.0,0.0,0.0,1.1384062767028809,0.012689828872680664,0.0,0.0,1,1,0.010600215366074726,0.0013439464995378965,1.2464051246643066,0.013797283172607422,186,4,-0.01986|-0.00134,-0.00134,2,1
2500,85,R_MEDD2_DISP_EWD,R_MUSCLE_APB_MUDENS,0.0,0.0,0.0,1.2211511135101318,0.019718170166015625,0.0,0.0,1,1,0.012323228891545954,0.007285720794313673,1.2283954620361328,0.008588790893554688,186,2,-0.02261|-0.00729|-0.00707,-0.00729,3,1
2500,86,R_LNLW_APB_MALOSS,R_DIFFN_MED_DIFSLOW,0.0,0.0,0.0,1.0264322757720947,0.016257047653198242,0.0,0.0,1,1,0.011215391997048126,0.011215391997048126,0.6836824417114258,0.01580333709716797,186,15,0.01122,0.01122,1,1
2500,87,R_MUSCLE_APB_DENERV,R_LNLT1_APB_MUDENS,0.0,0.0,0.0,0.7230944633483887,0.008351802825927734,0.0,0.0,1,1,0.01235617980581102,0.01235617980581102,0.6665468215942383,0.007504463195800781,186,6,0.01236,0.01236,1,1
2500,88,R_LNLBE_MED_BLOCK,R_MEDD2_LD_EW,0.0,0.0,0.0,0.6510963439941406,0.00484156608581543,0.0,0.0,1,1,0.004918667720080691,0.005023236582291387,0.6658661365509033,0.004298210144042969,186,2,0.00481|0.00502,0.00502,2,1
2500,89,R_APB_NEUR_ACT,R_LNLW_MED_BLOCK,0.0,0.0,0.0,0.7151443958282471,0.00841522216796875,0.0,0.0,1,1,0.0053633205200045875,0.0012187000521371282,0.5770773887634277,0.00762486457824707,186,9,-0.01442|-0.00122|0.00195|0.00387,-0.00122,4,1
2500,90,R_MYDY_APB_DE_REGEN,R_APB_SPONT_NEUR_DISCH,0.0,0.0,0.0,0.5933854579925537,0.024814367294311523,0.0,0.0,1,1,0.0005105507559759396,0.0005105507559759396,0.5754525661468506,0.024407386779785156,186,32,0.00051,0.00051,1,1
2500,91,R_MEDD2_ALLCV_WD,R_LNLW_MED_BLOCK,0.0,0.0,0.0,0.6570346355438232,0.008327960968017578,0.0,0.0,1,1,0.009618711275334315,0.003225638287202076,0.6369996070861816,0.0075299739837646484,186,9,-0.0154|-0.01189|-0.00796|-0.00323,-0.00323,4,1
2500,92,R_LNL_DIFFN_APB_DE_REGEN,R_LNLT1_LP_APB_DENERV,-2.880578658486893e-16,0.0,0.0,0.5777463912963867,0.028669118881225586,-0.0,-0.0,1,1,0.007576240696574492,0.007576240696574492,0.5916707515716553,0.02571702003479004,186,33,-0.00758,-0.00758,1,1
2500,93,R_LNLT1_LP_APB_NEUR_ACT,R_APB_SPONT_HF_DISCH,0.0,0.0,0.0,0.5702006816864014,0.004508256912231445,0.0,0.0,1,1,0.008198720771318585,0.0011572257889510644,0.5916793346405029,0.0036613941192626953,186,2,-0.00706|-0.00116|0.00897|0.0156,-0.00116,4,1
2500,94,R_LNLW_MEDD2_BLOCK_WD,DIFFN_SENS_SEV,-3.552713678800501e-16,0.9000000000000002,0.9000000000000002,0.5876789093017578,0.039354801177978516,-0.0|1.8,-0.0|1.8,2,2,0.9055211470836705,0.9055211470836705,0.5706980228424072,0.03874635696411133,186,22,0.00276|1.80829,0.00276|1.80829,2,2
2500,95,R_MEDD2_DIFSLOW_WD,R_MYOP_APB_DE_REGEN,0.0,0.0,0.0,0.5721077919006348,0.024155139923095703,0.0,0.0,1,1,0.008925837127306815,0.0021965385476887677,0.5859630107879639,0.023735523223876953,186,32,-0.02023|-0.0022|0.00435,-0.0022,3,1
2500,96,R_LNLW_APB_MUSIZE,R_MEDD2_EFFAXLOSS,0.0,0.0,0.0,0.5775594711303711,0.013355493545532227,0.0,0.0,1,1,0.00967127637703569,0.00967127637703569,0.6046047210693359,0.012636423110961914,186,20,-0.00967,-0.00967,1,1
2500,97,R_MEDD2_CV_WD,DIFFN_PATHO,2.0,1.0,1.0,0.588798999786377,0.20735979080200195,0.0|2.0,0.0|2.0,2,2,0.9634992880132087,0.9634992880132087,0.575467586517334,0.2131350040435791,186,76,0.11645|1.95655,0.11645|1.95655,2,2
2500,98,R_MYOP_APB_DE_REGEN,R_LNL_DIFFN_APB_MUDENS,0.0,0.0,0.0,0.6308820247650146,0.025038719177246094,0.0,0.0,1,1,0.0023567102700666016,0.0023567102700666016,0.5782873630523682,0.024872541427612305,186,32,0.00236,0.00236,1,1
2500,99,R_APB_REPSTIM_DECR,R_DIFFN_MED_DIFSLOW,0.0,0.0,0.0,0.5730314254760742,0.006147146224975586,0.0,0.0,1,1,0.00581049133592189,0.00581049133592189,0.5830357074737549,0.005236387252807617,186,4,-0.00581,-0.00581,1,1
5000,0,R_MEDD2_AMPR_EW,R_APB_SPONT_NEUR_DISCH,0.0,0.0,0.0,0.7364790439605713,0.0050411224365234375,0.0,0.0,1,1,0.018016480048655668,0.008564599240788557,0.6374588012695312,0.0041561126708984375,186,2,0.00856|0.01928|0.02621,0.00856,3,1
5000,1,R_LNLT1_APB_MUSIZE,DIFFN_PATHO,6.767073673905716e-16,0.0,0.0,0.6566390991210938,0.26724934577941895,0.0,0.0,1,1,0.03572639663942748,0.03572639663942748,0.661895751953125,0.26967811584472656,186,77,-0.03573,-0.03573,1,1
5000,2,R_LNLT1_LP_BE_APB_DENERV,R_MEDD2_DIFSLOW_EW,0.0,0.0,0.0,0.6735560894012451,0.008620500564575195,0.0,0.0,1,1,0.005166186721689627,0.005166186721689627,0.7138447761535645,0.007798671722412109,186,7,0.00517,0.00517,1,1
5000,3,R_MED_AMP_WA,R_LNLLP_APB_MALOSS,1.0,0.0,0.0,0.5752925872802734,0.009928226470947266,1.0,1.0,1,1,0.003616920495609799,0.003616920495609799,0.5792982578277588,0.009082317352294922,186,13,0.99638,0.99638,1,1
5000,4,R_DIFFN_LNLW_MEDD2_SALOSS,R_MYDY_APB_MUSIZE,0.0,0.0,0.0,0.5856814384460449,0.017937183380126953,0.0,0.0,1,1,0.02033794773658934,0.02033794773658934,0.6433217525482178,0.024278879165649414,186,23,0.02034,0.02034,1,1
5000,5,R_LNLBE_MED_BLOCK,DIFFN_TYPE,0.0,0.3333333333333333,0.3333333333333333,0.5783007144927979,0.32348203659057617,0.0|0.66667,0.0|0.66667,2,2,0.3464398898006446,0.3464398898006446,0.5813155174255371,0.32439231872558594,186,81,0.01375|0.67913,0.01375|0.67913,2,2
5000,6,R_DIFFN_LNLW_APB_NEUR_ACT,R_APB_REPSTIM_CMAPAMP,0.0,0.0,0.0,0.5781357288360596,0.004383087158203125,0.0,0.0,1,1,0.004028248781369052,0.00020130260442222393,0.5874714851379395,0.0036478042602539062,186,2,-0.00705|-0.00608|-0.00279|-0.0002,-0.0002,4,1
5000,7,R_LNLT1_LP_APB_DE_REGEN,DIFFN_TYPE,5.465713352000771e-15,0.0,0.0,0.5805580615997314,0.35709118843078613,0.0,0.0,1,1,0.005005444209571024,0.005005444209571024,0.580718994140625,0.35666894912719727,186,82,0.00501,0.00501,1,1
5000,8,R_LNLBE_MED_PATHO,R_DIFFN_APB_DE_REGEN,-6.503398470607611e-16,0.0,0.0,0.5749402046203613,0.20636510848999023,-0.0,-0.0,1,1,0.01065663479146798,0.01065663479146798,0.5877170562744141,0.21027874946594238,186,77,-0.01066,-0.01066,1,1
5000,9,R_DIFFN_MEDD2_DIFSLOW,R_DIFFN_MED_BLOCK,0.0,0.0,0.0,0.5714678764343262,0.011623620986938477,0.0,0.0,1,1,0.008859547609904388,0.008859547609904388,0.5836594104766846,0.010725975036621094,186,12,-0.00886,-0.00886,1,1
5000,10,R_APB_SF_DENSITY,DIFFN_TYPE,1.0,0.5,0.5,0.5861432552337646,0.35950207710266113,0.0|1.0,0.0|1.0,2,2,0.49695708555038437,0.49695708555038437,0.5753514766693115,0.3573470115661621,186,84,0.01489|1.0088,0.01489|1.0088,2,2
5000,11,R_MEDD2_BLOCK_EW,R_DIFFN_LNLW_APB_MUDENS,0.0,0.0,0.0,0.6364614963531494,0.004465579986572266,0.0,0.0,1,1,0.016584164944061085,0.004641204792636473,0.5780510902404785,0.0036346912384033203,186,2,0.00464|0.01318|0.03193,0.00464,3,1
5000,12,R_MYOP_MYDY_APB_DE_REGEN,R_LNLT1_LP_BE_APB_DE_REGEN,0.0,0.0,0.0,0.5884008407592773,0.02780604362487793,0.0,0.0,1,1,0.007991687556766186,0.007991687556766186,0.5734097957611084,0.029381513595581055,186,32,0.00799,0.00799,1,1
5000,13,R_LNLT1_LP_BE_APB_MALOSS,R_LNLBE_MED_DIFSLOW,-1.1842378929335003e-16,0.0,0.0,0.6406104564666748,0.01178884506225586,-0.0,-0.0,1,1,0.0025832695399220502,0.0025832695399220502,0.566739559173584,0.010724067687988281,186,13,0.00258,0.00258,1,1
5000,14,R_LNLBE_APB_MUSIZE,R_LNLBE_MEDD2_LD_EW,0.0,0.0,0.0,0.5799703598022461,0.013301610946655273,0.0,0.0,1,1,0.016395316337512195,0.016395316337512195,0.5796294212341309,0.012697935104370117,186,20,-0.0164,-0.0164,1,1
5000,15,DIFFN_M_SEV_DIST,R_APB_MUSIZE,2.3672480510846348e-15,0.0,0.0,0.585768461227417,0.13245368003845215,0.0,0.0,1,1,0.0023311496727169015,0.0023311496727169015,0.6293661594390869,0.13095664978027344,186,56,-0.00233,-0.00233,1,1
5000,16,R_MEDD2_BLOCK_EW,R_MUSCLE_APB_MUDENS,0.0,0.0,0.0,0.5865592956542969,0.006943225860595703,0.0,0.0,1,1,0.005872343859240865,0.0034273517977088976,0.7998967170715332,0.01016092300415039,186,2,-0.0072|-0.00699|-0.00343,-0.00343,3,1
5000,17,R_APB_MUSCLE_VOL,R_MED_LAT_WA,0.0,0.0,0.0,1.2581210136413574,0.015097618103027344,0.0,0.0,1,1,0.0014594508719740532,0.0014594508719740532,1.6093854904174805,0.007012367248535156,186,2,-0.00146,-0.00146,1,1
5000,18,R_DIFFN_APB_MUDENS,R_MEDD2_DISP_EWD,0.0,0.0,0.0,1.2694931030273438,0.01069784164428711,0.0,0.0,1,1,0.006319046543836527,0.001493012300091506,1.4680674076080322,0.008068323135375977,186,2,0.00149|0.01115,0.00149,2,1
5000,19,R_APB_NEUR_ACT,R_MED_RD_WA,0.0,0.0,0.0,1.5466206073760986,0.012727499008178711,0.0,0.0,1,1,0.0084904055212634,0.002322823592922919,1.4882237911224365,0.012079238891601562,186,2,-0.00552|-0.00313|0.00232|0.02299,0.00232,4,1
5000,20,R_MEDD2_ALLCV_WD,R_LNLBE_APB_MALOSS,0.0,0.0,0.0,1.7414696216583252,0.04246330261230469,0.0,0.0,1,1,0.004116410679080784,0.0031518743739022016,1.7073431015014648,0.04122638702392578,186,13,-0.00499|-0.00315|-0.00094|0.00739,-0.00315,4,1
5000,21,R_MYOP_APB_DE_REGEN,R_MED_LD_WA,0.0,0.0,0.0,1.417893886566162,0.07343530654907227,0.0,0.0,1,1,0.0291130997312446,0.0291130997312446,1.6869330406188965,0.08228659629821777,186,32,-0.02911,-0.02911,1,1
5000,22,R_APB_SF_JITTER,R_DIFFN_LNLW_APB_NEUR_ACT,0.0,0.0,0.0,1.7411530017852783,0.008266925811767578,0.0,0.0,1,1,0.000994808166001345,0.000994808166001345,1.367664098739624,0.010983467102050781,186,2,-0.00099,-0.00099,1,1
5000,23,R_LNLT1_LP_APB_NEUR_ACT,R_DIFFN_LNLW_APB_DE_REGEN,0.0,0.0,0.0,1.4817914962768555,0.07417082786560059,0.0,0.0,1,1,0.003359898612980511,0.001164565905913887,1.4635593891143799,0.07781982421875,186,32,-0.00724|-0.00481|-0.00116|0.00022,-0.00116,4,1
5000,24,DIFFN_M_SEV_PROX,R_APB_REPSTIM_CMAPAMP,0.0,0.0,0.0,1.7254016399383545,0.011613130569458008,0.0,0.0,1,1,0.006712286533688631,0.006712286533688631,1.6749894618988037,0.011749505996704102,186,2,0.00671,0.00671,1,1
5000,25,R_MEDD2_DIFSLOW_EW,DIFFN_M_SEV_PROX,0.0,0.0,0.0,1.2835936546325684,0.01287078857421875,0.0,0.0,1,1,0.003993422170874759,0.002047595207478604,1.3941538333892822,0.007704734802246094,186,2,-0.00594|-0.00205,-0.00205,2,1
5000,26,R_LNLW_MEDD2_SALOSS_WD,R_LNLT1_LP_APB_DENERV,0.0,0.0,0.0,1.5156500339508057,0.024465322494506836,0.0,0.0,1,1,0.016745318159027307,0.016745318159027307,1.6018030643463135,0.022320270538330078,186,13,0.01675,0.01675,1,1
5000,27,R_APB_VOL_ACT,R_LNLW_APB_DE_REGEN,0.0,0.0,0.0,1.5850646495819092,0.09615254402160645,0.0,0.0,1,1,0.026705539966560114,0.026705539966560114,1.4007432460784912,0.08738422393798828,186,34,0.02671,0.02671,1,1
5000,28,R_LNLT1_LP_BE_APB_NEUR_ACT,R_LNLBE_APB_DE_REGEN,0.0,0.0,0.0,1.4458723068237305,0.09592604637145996,0.0,0.0,1,1,0.007235530327405195,0.0017619835348312593,1.6652379035949707,0.07024502754211426,186,33,-0.01885|-0.00176|0.0034|0.00493,-0.00176,4,1
5000,29,R_NMT_APB_DENERV,R_MYOP_MYDY_APB_MUDENS,0.0,0.0,0.0,1.4693081378936768,0.016353130340576172,0.0,0.0,1,1,0.015161730124520389,0.015161730124520389,1.4229917526245117,0.01636505126953125,186,7,0.01516,0.01516,1,1
5000,30,R_MED_DIFSLOW_EW,R_MED_LD_EW,0.0,0.25,0.25,1.5103254318237305,0.016651391983032227,0.0|0.5,0.0|0.5,2,2,0.2607149917434597,0.2607149917434597,1.584963083267212,0.016126394271850586,186,5,0.0183|0.50313,0.0183|0.50313,2,2
5000,31,R_APB_MUPDUR,R_DIFFN_LNLW_APB_NEUR_ACT,0.0,0.0,0.0,1.2027497291564941,0.016979217529296875,0.0,0.0,1,1,0.0004231275616493761,0.0004231275616493761,1.1976451873779297,0.014111042022705078,186,4,0.00042,0.00042,1,1
5000,32,DIFFN_PATHO,R_MYDY_APB_MUSIZE,-1.548741222882118e-15,0.0,0.0,1.3105838298797607,0.3450195789337158,-0.0,-0.0,1,1,0.05615051721956548,0.05615051721956548,1.0358023643493652,0.2609519958496094,186,76,0.05615,0.05615,1,1
5000,33,R_APB_VOL_ACT,R_MED_BLOCK_WA,1.1102230246251565e-16,0.0,0.0,0.7218508720397949,0.007033586502075195,0.0,0.0,1,1,0.03581448123447301,0.03581448123447301,0.6604623794555664,0.005961179733276367,186,8,-0.03581,-0.03581,1,1
5000,34,R_APB_QUAL_MUPPOLY,R_MEDD2_DIFSLOW_EW,0.0,0.0,0.0,0.6680195331573486,0.005646228790283203,0.0,0.0,1,1,0.01534421523865069,0.010121772412310468,0.6636233329772949,0.004622697830200195,186,2,0.01012|0.02057,0.01012,2,1
5000,35,R_LNLBE_MED_DIFSLOW,R_MEDD2_CV_EW,0.0,0.0,0.0,0.7382941246032715,0.004507541656494141,0.0,0.0,1,1,0.0024407927204139826,0.0014658742579145723,0.5668637752532959,0.0036690235137939453,186,2,-0.00147|0.00342,-0.00147,2,1
5000,36,R_LNLW_MED_PATHO,DIFFN_TYPE,-4.474033084310332e-15,0.0,0.0,0.5756344795227051,0.443584680557251,-0.0,-0.0,1,1,0.06474307891630852,0.06474307891630852,0.5888664722442627,0.45570874214172363,186,101,0.06474,0.06474,1,1
5000,37,R_MED_DCV_WA,R_APB_TA_CONCL,0.0,0.0,0.0,0.6413393020629883,0.004449129104614258,0.0,0.0,1,1,0.010667831371409678,0.0002795998137043329,0.5677101612091064,0.0036792755126953125,186,2,-0.0272|-0.00452|0.00028,0.00028,3,1
5000,38,R_DIFFN_APB_MALOSS,R_APB_MUPDUR,0.0,0.0,0.0,0.5928831100463867,0.01307535171508789,0.0,0.0,1,1,0.0022046765813154693,0.0022046765813154693,0.5902504920959473,0.012696981430053711,186,15,-0.0022,-0.0022,1,1
5000,39,R_MED_LAT_WA,R_MEDD2_AMP_WD,0.0,0.0,0.0,0.5816493034362793,0.0044138431549072266,0.0,0.0,1,1,0.013393971374464075,0.005793442161516152,0.6379666328430176,0.0037102699279785156,186,2,0.00579|0.02099,0.00579,2,1
5000,40,R_DIFFN_LNLW_APB_MALOSS,R_MED_RDLDDEL,5.921189464667501e-17,0.0,0.0,0.5726404190063477,0.011703729629516602,0.0,0.0,1,1,0.016692921871306946,0.016692921871306946,0.5828635692596436,0.010627269744873047,186,13,-0.01669,-0.01669,1,1
5000,41,R_APB_DE_REGEN,R_APB_NMT,8.775222612048391e-16,0.0,0.0,0.5779457092285156,0.01651144027709961,0.0,0.0,1,1,0.018450208356201047,0.018450208356201047,0.5869970321655273,0.016189098358154297,186,29,0.01845,0.01845,1,1
5000,42,R_MEDD2_DIFSLOW_EW,R_DIFFN_LNLW_APB_MUDENS,0.0,0.0,0.0,0.5877270698547363,0.006055116653442383,0.0,0.0,1,1,0.010060190326889538,0.0035829618196588533,0.575329065322876,0.003781557083129883,186,2,-0.01654|-0.00358,-0.00358,2,1
5000,43,R_LNLT1_LP_APB_DENERV,DIFFN_SENS_SEV,0.0,0.0,0.0,0.5835361480712891,0.05029106140136719,0.0,0.0,1,1,0.0158748728784885,0.0158748728784885,0.5706577301025391,0.04854607582092285,186,28,0.01587,0.01587,1,1
5000,44,DIFFN_SENS_SEV,R_APB_MVA_AMP,0.0,0.0,0.0,0.5641217231750488,0.04113173484802246,0.0,0.0,1,1,0.0023442753253354242,0.0023442753253354242,0.5671577453613281,0.0387880802154541,186,22,-0.00234,-0.00234,1,1
5000,45,R_MEDD2_ALLAMP_WD,R_LNLT1_LP_APB_NEUR_ACT,0.0,0.0,0.0,0.5762104988098145,0.004419565200805664,0.0,0.0,1,1,0.013161492695607522,0.0009649675725670964,0.5745632648468018,0.0036258697509765625,186,2,-0.00815|0.00096|0.03037,0.00096,3,1
5000,46,R_MEDD2_EFFAXLOSS,R_MEDD2_DIFSLOW_EW,0.0,0.0,0.0,0.6363630294799805,0.00446629524230957,0.0,0.0,1,1,0.00792892565764485,0.005728408859207441,0.5721917152404785,0.003638029098510742,186,2,-0.00903|-0.00902|-0.00573,-0.00573,3,1
5000,47,R_MYAS_APB_MUDENS,R_MEDD2_RD_WD,0.0,0.0,0.0,0.5816717147827148,0.0048122406005859375,0.0,0.0,1,1,0.006569364480292542,0.0015177537520269827,0.5727815628051758,0.003712177276611328,186,2,-0.01162|0.00152,0.00152,2,1
5000,48,R_MED_BLOCK_EW,R_APB_SF_DENSITY,0.0,0.0,0.0,0.5856120586395264,0.004442691802978516,0.0,0.0,1,1,0.006450827974482601,0.0011383233598860562,0.6274998188018799,0.0036287307739257812,186,2,-0.00732|0.00114|0.01089,0.00114,3,1
5000,49,R_APB_QUAN_MUPDUR,R_LNLW_MEDD2_RD_WD,0.0,0.0,0.0,0.5844566822052002,0.0045375823974609375,0.0,0.0,1,1,0.0028783260019681354,0.0028783260019681354,0.5839695930480957,0.003670215606689453,186,2,-0.00288,-0.00288,1,1
5000,50,R_LNLT1_LP_BE_APB_MUSIZE,R_DIFFN_APB_MUSIZE,0.0,0.0,0.0,0.5832593441009521,0.014175653457641602,0.0,0.0,1,1,0.0025859733159500353,0.0025859733159500353,0.6456561088562012,0.013397455215454102,186,20,-0.00259,-0.00259,1,1
5000,51,R_MED_DCV_EW,R_MEDD2_DSLOW_EW,0.0,0.0,0.0,0.576162576675415,0.004519224166870117,0.0,0.0,1,1,0.006691720649345335,0.002256064236976301,0.5811820030212402,0.003728151321411133,186,2,0.00202|0.00226|0.01579,0.00226,3,1
5000,52,R_LNL_DIFFN_APB_DE_REGEN,R_MEDD2_CV_WD,0.0,0.0,0.0,0.5728244781494141,0.023416757583618164,0.0,0.0,1,1,0.00980906532498582,0.00980906532498582,0.5908298492431641,0.022965192794799805,186,31,0.00981,0.00981,1,1
5000,53,R_LNLBE_MEDD2_SALOSS_EW,R_LNLBE_APB_DE_REGEN,0.0,0.0,0.0,0.5857491493225098,0.04218912124633789,0.0,0.0,1,1,0.017609019612732306,0.017609019612732306,0.572627067565918,0.04868650436401367,186,37,0.01761,0.01761,1,1
5000,54,R_MED_RD_EW,R_APB_SF_JITTER,0.0,0.0,0.0,0.5707142353057861,0.00456690788269043,0.0,0.0,1,1,0.003694170647612324,0.0019107044495443094,0.5816829204559326,0.0036458969116210938,186,2,-0.00191|0.00548,-0.00191,2,1
5000,55,DIFFN_DISTR,R_APB_QUAL_MUPDUR,-1.1412782141251609e-16,0.0,0.0,0.6299049854278564,0.26320433616638184,-0.0,-0.0,1,1,0.030385058812197097,0.030385058812197097,0.5830738544464111,0.26793694496154785,186,78,0.03039,0.03039,1,1
5000,56,DIFFN_DISTR,R_APB_VOL_ACT,-2.3601944020003327e-16,0.0,0.0,0.5745129585266113,0.2544136047363281,-0.0,-0.0,1,1,0.05505001527663045,0.05505001527663045,0.5775103569030762,0.2576167583465576,186,79,0.05505,0.05505,1,1
5000,57,R_APB_MALOSS,R_LNL_DIFFN_APB_DENERV,0.0,0.0,0.0,0.6395163536071777,0.01215815544128418,0.0,0.0,1,1,0.006165649044574012,0.006165649044574012,0.5711154937744141,0.011380672454833984,186,15,0.00617,0.00617,1,1
5000,58,R_APB_NMT,R_DIFFN_LNLW_APB_MUDENS,0.0,0.0,0.0,0.5839085578918457,0.017523527145385742,0.0,0.0,1,1,0.007415672677380531,0.007415672677380531,0.5783765316009521,0.014886617660522461,186,27,-0.00742,-0.00742,1,1
5000,59,R_MYOP_MYDY_APB_DENERV,R_LNLBE_MED_SEV,0.0,0.0,0.0,0.5815467834472656,0.1592395305633545,0.0,0.0,1,1,0.032494003948202836,0.032494003948202836,0.6366074085235596,0.16028356552124023,186,70,-0.03249,-0.03249,1,1
5000,60,R_LNLT1_APB_DENERV,R_LNLW_MEDD2_LD_WD,0.0,0.0,0.0,0.5747842788696289,0.008341789245605469,0.0,0.0,1,1,0.008627097041276365,0.008627097041276365,0.5783278942108154,0.007352352142333984,186,9,-0.00863,-0.00863,1,1
5000,61,R_MEDD2_DISP_EWD,R_DIFFN_MED_DIFSLOW,0.0,0.0,0.0,0.5896139144897461,0.006024599075317383,0.0,0.0,1,1,0.0051174970099033545,0.00019379804460677494,0.631333589553833,0.005205631256103516,186,4,-0.00273|0.00019|0.01242,0.00019,3,1
5000,62,R_MED_RD_EW,R_APB_MUPSATEL,0.0,0.0,0.0,0.5805041790008545,0.004845619201660156,0.0,0.0,1,1,0.002127485338927945,0.004201728075743327,0.57887864112854,0.0036935806274414062,186,2,-5e-05|0.0042,0.0042,2,1
5000,63,R_LNLT1_LP_APB_DENERV,R_APB_MALOSS,0.0,0.0,0.0,0.5721011161804199,0.013738632202148438,0.0,0.0,1,1,0.01111195628330853,0.01111195628330853,0.5864403247833252,0.0128326416015625,186,17,0.01111,0.01111,1,1
5000,64,R_APB_MUSCLE_VOL,R_LNLT1_LP_APB_MUSIZE,1.0,0.0,0.0,0.5833241939544678,0.01077127456665039,1.0,1.0,1,1,0.005627985421348791,0.005627985421348791,0.5743896961212158,0.01027369499206543,186,19,1.00563,1.00563,1,1
5000,65,R_LNLW_APB_MUDENS,R_MYOP_APB_DE_REGEN,0.0,0.0,0.0,0.5775585174560547,0.026517391204833984,0.0,0.0,1,1,0.0011846847726949697,0.0022995736192419963,0.5790929794311523,0.02579975128173828,186,32,-0.0023|7e-05,-0.0023,2,1
5000,66,R_LNLT1_APB_DE_REGEN,R_LNLT1_LP_BE_APB_DENERV,-2.220446049250313e-16,0.0,0.0,0.5690577030181885,0.022604703903198242,-0.0,-0.0,1,1,0.02297943785288775,0.02297943785288775,0.5789949893951416,0.021934032440185547,186,35,0.02298,0.02298,1,1
5000,67,R_MEDD2_BLOCK_WD,R_APB_REPSTIM_DECR,0.0,0.0,0.0,0.5834550857543945,0.004338741302490234,0.0,0.0,1,1,0.008875625759603663,0.002419732759374046,0.5712196826934814,0.0036330223083496094,186,2,0.00242|0.01061|0.0136,0.00242,3,1
5000,68,R_APB_QUAL_MUPPOLY,R_LNLBE_MEDD2_DISP_EW,0.0,0.0,0.0,0.6376259326934814,0.004353761672973633,0.0,0.0,1,1,0.02595386935578249,0.008875080279929805,0.5797874927520752,0.003683805465698242,186,2,-0.04303|-0.00888,-0.00888,2,1
5000,69,R_APB_SPONT_NEUR_DISCH,R_DIFFN_LNLW_APB_DENERV,0.0,0.0,0.0,0.5807573795318604,0.008041858673095703,0.0,0.0,1,1,0.008277231439866225,0.0059238163549480555,0.5785701274871826,0.006755352020263672,186,7,-0.01063|-0.00592,-0.00592,2,1
5000,70,R_MED_BLOCK_WA,R_DIFFN_MEDD2_DIFSLOW,0.0,0.0,0.0,0.5844347476959229,0.009702682495117188,0.0,0.0,1,1,0.007498940033310338,0.007498940033310338,0.6335580348968506,0.008826971054077148,186,10,-0.0075,-0.0075,1,1
5000,71,R_APB_SPONT_DENERV_ACT,R_APB_ALLAMP_WA,0.0,0.0,0.0,0.6516158580780029,0.00668025016784668,0.0,0.0,1,1,0.004314143510465187,0.004314143510465187,0.6777622699737549,0.005936861038208008,186,5,0.00431,0.00431,1,1
5000,72,R_APB_MALOSS,R_LNLW_MEDD2_LD_WD,0.0,0.0,0.0,0.6721858978271484,0.009533882141113281,0.0,0.0,1,1,0.015156366833733304,0.015156366833733304,0.7532885074615479,0.008105993270874023,186,11,-0.01516,-0.01516,1,1
5000,73,R_MED_DCV_EW,R_MED_LAT_WA,0.0,0.0,0.0,0.656325101852417,0.005062103271484375,0.0,0.0,1,1,0.007513450247902363,7.055489535502617e-05,0.6543154716491699,0.004545450210571289,186,2,-7e-05|0.00888|0.01359,-7e-05,3,1
5000,74,R_LNLBE_MED_TIME,R_APB_MVA_RECRUIT,0.0,0.0,0.0,0.6095550060272217,0.05357861518859863,0.0,0.0,1,1,0.03958764696021904,0.03958764696021904,0.6106760501861572,0.058046817779541016,186,44,-0.03959,-0.03959,1,1
5000,75,R_MED_ALLCV_EW,R_DIFFN_MEDD2_DIFSLOW,0.0,0.0,0.0,0.5866827964782715,0.00638580322265625,0.0,0.0,1,1,0.0060749315924132005,0.0017011187288141227,0.569512128829956,0.0053234100341796875,186,4,0.00104|0.0017|0.00841|0.01314,0.0017,4,1
5000,76,R_LNL_DIFFN_APB_DENERV,R_MYDY_APB_MUDENS,0.0,0.0,0.0,0.5739810466766357,0.007539510726928711,0.0,0.0,1,1,0.005623175452819488,0.005623175452819488,0.5857090950012207,0.006609678268432617,186,6,-0.00562,-0.00562,1,1
5000,77,R_MED_RD_EW,R_LNLT1_APB_DENERV,0.0,0.0,0.0,0.6344106197357178,0.008201360702514648,0.0,0.0,1,1,0.0031263630128136877,0.0038518315779641973,0.5835645198822021,0.00977468490600586,186,9,-0.00385|-0.0024,-0.00385,2,1
5000,78,R_APB_QUAN_MUPAMP,R_APB_SPONT_NEUR_DISCH,0.0,0.0,0.0,0.5843982696533203,0.0045740604400634766,0.0,0.0,1,1,0.009091693053588798,0.009091693053588798,0.5750513076782227,0.003666400909423828,186,2,-0.00909,-0.00909,1,1
5000,79,R_APB_REPSTIM_CMAPAMP,R_APB_VOL_ACT,0.0,0.0,0.0,0.6367895603179932,0.005760908126831055,0.0,0.0,1,1,0.0007623194385942045,0.0007623194385942045,0.5805256366729736,0.006636381149291992,186,4,0.00076,0.00076,1,1
5000,80,R_MED_LAT_WA,R_MYOP_MYDY_APB_MUDENS,0.0,0.0,0.0,0.577826738357544,0.0044667720794677734,0.0,0.0,1,1,0.01891805655174393,0.014984493979917425,0.5771429538726807,0.00366973876953125,186,2,0.01498|0.02285,0.01498,2,1
5000,81,R_LNLT1_APB_MALOSS,R_DIFFN_LNLW_APB_DENERV,0.0,0.0,0.0,0.5885825157165527,0.0168454647064209,0.0,0.0,1,1,0.014635344006331073,0.014635344006331073,0.6348059177398682,0.018832921981811523,186,19,-0.01464,-0.01464,1,1
5000,82,R_MED_RD_EW,R_DE_REGEN_APB_NMT,0.0,0.0,0.0,0.5713369846343994,0.017599821090698242,0.0,0.0,1,1,0.0010106367948428065,0.00038103107846787254,0.579216480255127,0.017160415649414062,186,28,-0.00164|-0.00038,-0.00038,2,1
5000,83,R_APB_SPONT_DENERV_ACT,R_MYOP_MYDY_APB_MUSIZE,0.0,0.0,0.0,0.5804905891418457,0.010543584823608398,0.0,0.0,1,1,0.0006941486640590193,0.0006941486640590193,0.5819065570831299,0.009869098663330078,186,18,0.00069,0.00069,1,1
5000,84,R_MUSCLE_APB_MUDENS,R_MYOP_MYDY_APB_DE_REGEN,0.0,0.0,0.0,0.5784502029418945,0.02439594268798828,0.0,0.0,1,1,0.006060228607966407,0.0013642916139174769,0.571786642074585,0.023726701736450195,186,31,-0.01649|-0.00136|0.00021|0.00617,-0.00136,4,1
5000,85,R_DIFFN_LNLW_MEDD2_SALOSS,R_APB_MVA_AMP,0.0,0.0,0.0,0.5739412307739258,0.00879216194152832,0.0,0.0,1,1,0.0022861480977587442,0.0022861480977587442,0.5876462459564209,0.007883548736572266,186,6,-0.00229,-0.00229,1,1
5000,86,R_APB_SF_JITTER,R_APB_SPONT_NEUR_DISCH,0.0,0.0,0.0,0.5664818286895752,0.0045473575592041016,0.0,0.0,1,1,0.005519436369865164,0.005519436369865164,0.5778787136077881,0.003601551055908203,186,2,0.00552,0.00552,1,1
5000,87,R_MED_LAT_WA,R_MUSCLE_APB_DENERV,0.0,0.0,0.0,0.5832958221435547,0.007345676422119141,0.0,0.0,1,1,0.010713578816377606,0.00581515190996982,0.5730786323547363,0.006633281707763672,186,6,-0.01561|-0.00582,-0.00582,2,1
5000,88,R_APB_VOL_ACT,R_APB_QUAL_MUPAMP,0.0,0.0,0.0,0.6356923580169678,0.005638599395751953,0.0,0.0,1,1,0.001236486501436249,0.001236486501436249,0.5842158794403076,0.004855155944824219,186,4,-0.00124,-0.00124,1,1
5000,89,R_MUSCLE_APB_MUDENS,R_DIFFN_MEDD2_DISP,0.0,0.0,0.0,0.5747838020324707,0.010663747787475586,0.0,0.0,1,1,0.008757763431253687,0.002170304607397096,0.5781557559967041,0.00952601432800293,186,7,-0.02777|-0.00453|-0.00217|0.00057,-0.00217,4,1
5000,90,R_MEDD2_DISP_EW,R_MEDD2_DSLOW_WD,0.0,0.0,0.0,0.6428463459014893,0.004487276077270508,0.0,0.0,1,1,0.0045773592074608935,0.002525825897602774,0.5541958808898926,0.003681182861328125,186,2,-0.00568|-0.00553|-0.00253,-0.00253,3,1
5000,91,R_APB_SF_JITTER,R_APB_NEUR_ACT,0.0,0.0,0.0,0.5800297260284424,0.004550933837890625,0.0,0.0,1,1,0.0020768306395063723,0.0020768306395063723,0.5732464790344238,0.003777742385864258,186,2,-0.00208,-0.00208,1,1
5000,92,R_DIFFN_MED_BLOCK,R_APB_MULOSS,-1.1657341758564144e-16,0.0,0.0,0.5760607719421387,0.007009267807006836,-0.0,-0.0,1,1,0.024845998574997974,0.024845998574997974,0.6273152828216553,0.00606226921081543,186,9,-0.02485,-0.02485,1,1
5000,93,R_APB_QUAL_MUPAMP,R_MED_AMP_WA,0.0,0.0,0.0,0.5692806243896484,0.004681825637817383,0.0,0.0,1,1,0.0030048045685977564,0.0030048045685977564,0.581329345703125,0.0037598609924316406,186,2,-0.003,-0.003,1,1
5000,94,R_APB_VOL_ACT,R_APB_QUAN_MUPPOLY,0.0,0.0,0.0,0.5783555507659912,0.005717754364013672,0.0,0.0,1,1,0.016921314795481642,0.016921314795481642,0.5763401985168457,0.004954814910888672,186,4,-0.01692,-0.01692,1,1
5000,95,R_LNLW_APB_MUDENS,R_LNLW_APB_DE_REGEN,0.0,0.0,0.0,0.5713434219360352,0.028769969940185547,0.0,0.0,1,1,0.002665670783933721,0.0007772660849189873,0.5815284252166748,0.02854299545288086,186,33,0.00078|0.00455,0.00078,2,1
5000,96,R_LNLT1_LP_APB_MALOSS,R_MYOP_APB_MUSIZE,0.0,0.0,0.0,0.5746157169342041,0.015605688095092773,0.0,0.0,1,1,0.00036789938988396017,0.00036789938988396017,0.5788102149963379,0.01975107192993164,186,25,-0.00037,-0.00037,1,1
5000,97,R_MEDD2_BLOCK_EW,R_DIFFN_MEDD2_SALOSS,0.0,0.0,0.0,0.5767872333526611,0.00998687744140625,0.0,0.0,1,1,0.008732200605817515,0.003383121925249067,0.5766429901123047,0.008832216262817383,186,7,-0.0157|-0.00711|-0.00338,-0.00338,3,1
5000,98,R_LNL_DIFFN_APB_DE_REGEN,R_LNLW_MEDD2_RD_WD,0.0,0.0,0.0,0.5713155269622803,0.023870229721069336,0.0,0.0,1,1,0.01224978073829377,0.01224978073829377,0.573430061340332,0.025727272033691406,186,31,0.01225,0.01225,1,1
5000,99,R_APB_REPSTIM_FACILI,R_MEDD2_DISP_WD,0.0,0.0,0.0,0.6252655982971191,0.006450176239013672,0.0,0.0,1,1,0.011208361101040622,0.011208361101040622,0.5884377956390381,0.0070340633392333984,186,4,0.01121,0.01121,1,1
7500,0,R_MYDY_APB_DE_REGEN,R_LNLBE_MED_PATHO,7.47939721852737e-15,0.0,0.0,0.5804860591888428,0.18941736221313477,0.0,0.0,1,1,0.03731732302058608,0.03731732302058608,0.5759069919586182,0.19883370399475098,186,77,0.03732,0.03732,1,1
7500,1,R_LNLBE_MEDD2_LD_EW,R_APB_DENERV,0.0,0.0,0.0,0.6484625339508057,0.0058765411376953125,0.0,0.0,1,1,0.0005218276982884527,0.0006473361916132901,0.5561649799346924,0.00503230094909668,186,5,-0.00065|0.0004,-0.00065,2,1
7500,2,DIFFN_MOT_SEV,R_MED_DCV_EW,-4.169851735681339e-18,0.0,0.0,0.5743899345397949,0.15432167053222656,-0.0,-0.0,1,1,0.0019168656370367962,0.0019168656370367962,0.574948787689209,0.15095305442810059,186,58,0.00192,0.00192,1,1
7500,3,R_LNLW_MEDD2_RD_WD,R_APB_QUAL_MUPPOLY,0.0,0.0,0.0,0.573819637298584,0.004434347152709961,0.0,0.0,1,1,0.002450826584605785,0.0009469453270395478,0.6414835453033447,0.003687620162963867,186,2,-0.00395|-0.00095,-0.00095,2,1
7500,4,R_LNLT1_APB_MALOSS,R_APB_SPONT_INS_ACT,0.0,0.0,0.0,0.7818410396575928,0.027386188507080078,0.0,0.0,1,1,0.01825301642356341,0.01825301642356341,1.1616723537445068,0.021743059158325195,186,14,0.01825,0.01825,1,1
7500,5,R_DIFFN_LNLW_MEDD2_SALOSS,R_LNLT1_APB_MUSIZE,0.0,0.0,0.0,1.2602357864379883,0.0543215274810791,0.0,0.0,1,1,0.014611941030707945,0.014611941030707945,1.7323424816131592,0.05098104476928711,186,25,0.01461,0.01461,1,1
7500,6,R_LNLT1_LP_APB_DENERV,R_MYOP_MYDY_APB_DE_REGEN,1.2688263138573217e-16,0.0,0.0,1.170029640197754,0.053916215896606445,0.0,0.0,1,1,0.00818211523911759,0.00818211523911759,1.160485029220581,0.03961324691772461,186,33,0.00818,0.00818,1,1
7500,7,R_DIFFN_LNLW_APB_MUDENS,R_LNLW_MEDD2_DISP_WD,0.0,0.0,0.0,1.4059906005859375,0.021648406982421875,0.0,0.0,1,1,0.009256586615431113,0.0015504847698826704,1.215947151184082,0.0202639102935791,186,6,-0.01728|-0.01206|-0.00155|0.00613,-0.00155,4,1
7500,8,R_LNLT1_LP_BE_APB_DENERV,DIFFN_TIME,0.0,0.0,0.0,1.4206721782684326,0.11261343955993652,0.0,0.0,1,1,0.009872508244867927,0.009872508244867927,1.45387601852417,0.14330768585205078,186,44,-0.00987,-0.00987,1,1
7500,9,R_APB_MULOSS,R_LNLW_APB_NEUR_ACT,0.0,0.0,0.0,1.2506823539733887,0.022794246673583984,0.0,0.0,1,1,0.0018974088516558773,0.0018974088516558773,1.4600844383239746,0.01520228385925293,186,7,-0.0019,-0.0019,1,1
7500,10,R_MEDD2_CV_EW,R_LNLBE_MED_SEV,2.0,1.0,1.0,1.487849235534668,0.5176146030426025,0.0|2.0,0.0|2.0,2,2,1.022698457349312,1.022698457349312,1.3897793292999268,0.44939494132995605,186,70,-0.04511|2.00029,-0.04511|2.00029,2,2
7500,11,R_LNLLP_APB_NEUR_ACT,R_LNLW_APB_MALOSS,0.0,0.0,0.0,1.4433870315551758,0.039464473724365234,0.0,0.0,1,1,0.0070120021312262484,0.00074690039671486,1.3010437488555908,0.03711676597595215,186,13,-0.00075|0.01328,-0.00075,2,1
7500,12,R_LNLBE_APB_MUDENS,R_DIFFN_LNLW_APB_MUSIZE,0.0,0.0,0.0,1.3006279468536377,0.03327155113220215,0.0,0.0,1,1,0.0012015089287886463,0.0005724160793190857,1.0715394020080566,0.018886089324951172,186,19,-0.00183|-0.00057,-0.00057,2,1
7500,13,DIFFN_SENS_SEV,R_LNLT1_LP_BE_APB_MUDENS,0.0,0.0,0.0,1.2219717502593994,0.13850879669189453,0.0,0.0,1,1,0.013196979504518326,0.013196979504518326,1.5302908420562744,0.10082888603210449,186,22,0.0132,0.0132,1,1
7500,14,R_APB_NMT,R_LNL_DIFFN_APB_MUDENS,0.0,0.0,0.0,1.2570481300354004,0.04544568061828613,0.0,0.0,1,1,0.033276766019400966,0.033276766019400966,1.426558256149292,0.04723358154296875,186,27,0.03328,0.03328,1,1
7500,15,R_APB_QUAL_MUPPOLY,R_DIFFN_LNLW_MEDD2_SALOSS,0.0,0.0,0.0,1.3393182754516602,0.020707368850708008,0.0,0.0,1,1,0.018480658242840474,0.0071203329521216585,1.347484827041626,0.02523040771484375,186,6,0.00712|0.02984,0.00712,2,1
7500,16,R_LNLBE_MED_DIFSLOW,R_APB_MUPDUR,0.0,0.0,0.0,1.4163122177124023,0.01647329330444336,0.0,0.0,1,1,0.004303347397281888,0.001936950715141699,1.4847772121429443,0.015096187591552734,186,4,0.00194|0.00667,0.00194,2,1
7500,17,R_LNLW_APB_DENERV,R_MEDD2_LSLOW_EW,0.0,0.0,0.0,1.441523790359497,0.024741411209106445,0.0,0.0,1,1,0.0021790471332827164,0.0021790471332827164,1.3369193077087402,0.014261484146118164,186,8,-0.00218,-0.00218,1,1
7500,18,R_APB_MULOSS,R_MYDY_APB_DENERV,0.0,0.0,0.0,1.4672200679779053,0.02625441551208496,0.0,0.0,1,1,0.01373262141574516,0.01373262141574516,1.3368892669677734,0.019426822662353516,186,13,0.01373,0.01373,1,1
7500,19,R_LNLT1_LP_APB_MUDENS,DIFFN_TIME,2.6645352591003756e-16,0.44999999999999984,0.2999999999999999,1.335986852645874,0.16314411163330078,0.0|0.6,0.0|0.6,2,2,0.4464142472133999,0.301354319715191,1.343982458114624,0.18314266204833984,186,47,0.0047|0.59038|0.59257|0.59801,0.0047|0.59801,4,2
7500,20,R_APB_VOL_ACT,R_LNLT1_APB_DENERV,0.0,0.0,0.0,1.2582683563232422,0.02886199951171875,0.0,0.0,1,1,0.010803267032837547,0.010803267032837547,1.32877516746521,0.019928932189941406,186,11,0.0108,0.0108,1,1
7500,21,R_MED_CV_EW,R_DIFFN_APB_NEUR_ACT,0.0,0.0,0.0,1.4608981609344482,0.00942373275756836,0.0,0.0,1,1,0.002496964727098828,0.0011770360302589752,1.4818668365478516,0.009905338287353516,186,2,0.00118|0.00382,0.00118,2,1
7500,22,R_LNLW_MEDD2_DISP_WD,R_APB_MUDENS,0.0,0.0,0.0,1.3341453075408936,0.02133464813232422,0.0,0.0,1,1,0.005076827250559473,0.005076827250559473,1.3031742572784424,0.02272629737854004,186,6,0.00508,0.00508,1,1
7500,23,R_LNL_DIFFN_APB_MUSIZE,R_APB_MUPAMP,4.9343245538895844e-17,0.0,0.0,1.3959367275238037,0.01712489128112793,0.0,0.0,1,1,0.011069517746303574,0.011069517746303574,1.1282258033752441,0.01747298240661621,186,17,-0.01107,-0.01107,1,1
7500,24,R_LNLBE_APB_MUSIZE,R_MED_RD_WA,0.0,0.0,0.0,1.1044611930847168,0.03633403778076172,0.0,0.0,1,1,0.0066260971746755016,0.0066260971746755016,1.0558431148529053,0.037949562072753906,186,20,0.00663,0.00663,1,1
7500,25,R_APB_MUSCLE_VOL,R_LNLBE_MED_DIFSLOW,0.0,0.0,0.0,1.1735904216766357,0.00802159309387207,0.0,0.0,1,1,0.0018839835694612513,0.0018839835694612513,1.2813997268676758,0.007465362548828125,186,2,-0.00188,-0.00188,1,1
7500,26,DIFFN_PATHO,R_LNLT1_LP_APB_DENERV,-5.889355112706924e-16,0.0,0.0,1.230217456817627,0.4682936668395996,-0.0,-0.0,1,1,0.025498239532261394,0.025498239532261394,1.2823052406311035,0.5250542163848877,186,76,0.0255,0.0255,1,1
7500,27,R_APB_ALLAMP_WA,R_APB_MALOSS,1.0,0.0,0.0,1.5670866966247559,0.02257537841796875,1.0,1.0,1,1,0.0028344964214901402,0.0028344964214901402,1.7528600692749023,0.021581649780273438,186,10,0.99717,0.99717,1,1
7500,28,R_MEDD2_DSLOW_WD,R_LNLW_MEDD2_RD_WD,0.0,0.4444444444444444,0.3333333333333333,1.6920301914215088,0.024857044219970703,0.0|0.66667,0.0|0.66667,2,2,0.4449110017454112,0.33615005895736916,1.673799991607666,0.02422618865966797,186,5,0.00339|0.66243|0.66891,0.00339|0.66891,3,2
7500,29,R_LNLT1_LP_BE_APB_DE_REGEN,R_DIFFN_LNLW_APB_DENERV,3.622833027724195e-16,0.0,0.0,1.470696210861206,0.06305599212646484,0.0,0.0,1,1,0.0129257733157486,0.0129257733157486,1.4204862117767334,0.07961750030517578,186,33,-0.01293,-0.01293,1,1
7500,30,DIFFN_SENS_SEV,R_MYOP_APB_MUSIZE,0.0,0.0,0.0,1.6710920333862305,0.20902800559997559,0.0,0.0,1,1,0.02529020747121416,0.02529020747121416,1.7135834693908691,0.19943451881408691,186,39,0.02529,0.02529,1,1
7500,31,R_MED_LAT_WA,R_MEDD2_CV_EW,0.0,0.0,0.0,1.0121662616729736,0.015161514282226562,0.0,0.0,1,1,0.01735296977073579,0.009457559128898797,1.3015806674957275,0.011062860488891602,186,2,-0.02525|-0.00946,-0.00946,2,1
7500,32,R_LNLW_APB_MUDENS,R_MED_DIFSLOW_WA,0.0,0.0,0.0,1.4534683227539062,0.009172201156616211,0.0,0.0,1,1,0.00591431187215495,0.0020667636386215247,1.376981258392334,0.008125782012939453,186,2,-0.00976|-0.00207,-0.00207,2,1
7500,33,R_MEDD2_RD_EW,R_LNLW_APB_DENERV,0.0,0.0,0.0,1.3858416080474854,0.03169846534729004,0.0,0.0,1,1,0.002723236841489955,0.00043484482172862193,1.459601640701294,0.02892780303955078,186,8,0.00043|0.00279|0.00494,0.00043,3,1
7500,34,R_APB_MUPDUR,R_MYOP_APB_MUSIZE,1.0,0.0,0.0,1.837660312652588,0.01164388656616211,1.0,1.0,1,1,0.03735534655214834,0.03735534655214834,1.5543394088745117,0.011008501052856445,186,18,1.03736,1.03736,1,1
7500,35,R_APB_MALOSS,R_MED_LD_WA,3.6875264746478406e-16,0.0,0.0,1.46380615234375,0.016209125518798828,0.0,0.0,1,1,0.00928656467636486,0.00928656467636486,1.2411844730377197,0.0196530818939209,186,13,0.00929,0.00929,1,1
7500,36,R_APB_SF_DENSITY,R_MEDD2_LD_WD,0.0,0.0,0.0,1.2356741428375244,0.00907135009765625,0.0,0.0,1,1,0.003095145173984096,0.0037146957177254802,1.4191043376922607,0.008405685424804688,186,2,-0.00371|-0.00248,-0.00371,2,1
7500,37,R_MEDD2_LSLOW_WD,R_APB_DE_REGEN,0.0,0.0,0.0,1.5468864440917969,0.0637521743774414,0.0,0.0,1,1,0.0063606982257898865,0.0001499484080758129,1.596341848373413,0.07703876495361328,186,30,-0.00309|0.00015|0.00988|0.01232,0.00015,4,1
7500,38,R_APB_REPSTIM_POST_DECR,R_MEDD2_DISP_WD,0.0,0.0,0.0,1.6986148357391357,0.017333984375,0.0,0.0,1,1,0.012175612707091174,0.012175612707091174,1.7281124591827393,0.01660609245300293,186,4,-0.01218,-0.01218,1,1
7500,39,DIFFN_TIME,R_MED_DCV_EW,0.0,0.0,0.0,1.7539968490600586,0.12702202796936035,0.0,0.0,1,1,0.009577038622593561,0.009577038622593561,1.3650424480438232,0.1823289394378662,186,44,0.00958,0.00958,1,1
7500,40,R_LNLW_MED_PATHO,R_APB_FORCE,-8.919585633940448e-17,0.0,0.0,1.3141047954559326,0.332599401473999,-0.0,-0.0,1,1,0.017899217386410354,0.017899217386410354,1.1925427913665771,0.32616353034973145,186,74,-0.0179,-0.0179,1,1
7500,41,R_LNLW_APB_MALOSS,R_APB_REPSTIM_POST_DECR,0.0,0.0,0.0,1.3957786560058594,0.038817644119262695,0.0,0.0,1,1,0.009792308823690525,0.009792308823690525,1.312514066696167,0.03910994529724121,186,13,0.00979,0.00979,1,1
7500,42,R_MED_LAT_WA,R_MEDD2_ALLCV_EW,0.0,0.0,0.0,1.4848830699920654,0.009603023529052734,0.0,0.0,1,1,0.006824426058100356,0.004846165396475532,1.4988906383514404,0.011911153793334961,186,2,0.00485|0.0088,0.00485,2,1
7500,43,R_LNLT1_LP_APB_MUDENS,R_MED_ALLCV_EW,0.0,0.0,0.0,1.2336828708648682,0.013486146926879883,0.0,0.0,1,1,0.0033874954803267154,0.00031744779490329905,1.3048231601715088,0.013275384902954102,186,2,-0.00169|0.00032|0.00505|0.0065,0.00032,4,1
7500,44,R_DIFFN_MEDD2_DISP,R_MED_RDLDCV_EW,0.0,0.0,0.0,1.192784070968628,0.016795873641967773,0.0,0.0,1,1,0.0009119579601030869,0.0009119579601030869,1.1466810703277588,0.0175325870513916,186,7,0.00091,0.00091,1,1
7500,45,R_MED_BLOCK_WA,R_LNLBE_APB_MUDENS,0.0,0.0,0.0,1.2770705223083496,0.019489765167236328,0.0,0.0,1,1,0.005769071411471853,0.005769071411471853,1.1478815078735352,0.019051790237426758,186,8,-0.00577,-0.00577,1,1
7500,46,R_APB_REPSTIM_FACILI,R_MED_RD_WA,0.0,0.0,0.0,1.1355822086334229,0.006033182144165039,0.0,0.0,1,1,0.013617294610466422,0.013617294610466422,1.4179532527923584,0.012319326400756836,186,2,-0.01362,-0.01362,1,1
7500,47,R_APB_QUAN_MUPDUR,DIFFN_TYPE,2.0,0.0,0.0,0.931267499923706,0.36881041526794434,2.0,2.0,1,1,0.004340695412973661,0.004340695412973661,0.7446603775024414,0.3762538433074951,186,80,1.99566,1.99566,1,1
7500,48,R_APB_FORCE,DIFFN_TIME,2.0,0.0,0.0,0.8240485191345215,0.06576371192932129,2.0,2.0,1,1,0.014351563019798563,0.014351563019798563,0.6967768669128418,0.0679171085357666,186,43,1.98565,1.98565,1,1
7500,49,R_MYOP_MYDY_APB_DENERV,R_MYAS_APB_NMT,0.0,0.0,0.0,0.6778910160064697,0.01767277717590332,0.0,0.0,1,1,0.0022959056923677066,0.0022959056923677066,0.7594575881958008,0.016353845596313477,186,28,-0.0023,-0.0023,1,1
7500,50,R_APB_QUAN_MUPAMP,R_MEDD2_DISP_EWD,0.0,0.0,0.0,0.6552858352661133,0.005093097686767578,0.0,0.0,1,1,0.002731869540891412,0.002731869540891412,0.6653914451599121,0.0040950775146484375,186,2,0.00273,0.00273,1,1
7500,51,R_DIFFN_MEDD2_DISP,R_DIFFN_LNLW_MEDD2_SALOSS,-6.344131569286608e-17,0.0,0.0,0.6973342895507812,0.014538288116455078,-0.0,-0.0,1,1,0.004470078100494007,0.004470078100494007,0.7676026821136475,0.014056682586669922,186,11,0.00447,0.00447,1,1
7500,52,R_LNLW_MED_BLOCK,R_MED_CV_EW,0.0,0.0,0.0,0.6614406108856201,0.00930023193359375,0.0,0.0,1,1,0.023954924351639435,0.023954924351639435,0.6731481552124023,0.008435249328613281,186,9,0.02395,0.02395,1,1
7500,53,R_MEDD2_DSLOW_WD,R_LNLBE_APB_MUDENS,0.0,0.0,0.0,1.1851799488067627,0.012933969497680664,0.0,0.0,1,1,0.004034893387635783,0.0009717975582843216,1.3965728282928467,0.009762287139892578,186,2,-0.0065|-0.00097|0.00463,-0.00097,3,1
7500,54,R_LNLW_MED_TIME,R_MYOP_MYDY_APB_DENERV,6.924780899356909e-16,0.0,0.0,1.8491573333740234,0.10057282447814941,0.0,0.0,1,1,0.0003479337290391519,0.0003479337290391519,1.4178967475891113,0.10507869720458984,186,44,-0.00035,-0.00035,1,1
7500,55,R_MYDY_APB_DE_REGEN,R_LNLT1_LP_BE_APB_MUDENS,0.0,0.0,0.0,1.3512489795684814,0.050119876861572266,0.0,0.0,1,1,0.0031339497999675623,0.0031339497999675623,1.470522165298462,0.06141829490661621,186,32,-0.00313,-0.00313,1,1
7500,56,R_DIFFN_MEDD2_DIFSLOW,R_DIFFN_APB_DENERV,0.0,0.0,0.0,1.4196698665618896,0.02049422264099121,0.0,0.0,1,1,0.013462577585030633,0.013462577585030633,1.3745365142822266,0.01783609390258789,186,10,0.01346,0.01346,1,1
7500,57,R_MED_AMPR_EW,R_APB_TA_CONCL,0.0,0.0,0.0,1.3307244777679443,0.012946128845214844,0.0,0.0,1,1,0.032017370071534365,0.020244073659078748,1.2975425720214844,0.013231039047241211,186,2,-0.04379|-0.02024,-0.02024,2,1
7500,58,R_MED_LAT_WA,DIFFN_M_SEV_PROX,0.0,0.0,0.0,1.1951642036437988,0.01262211799621582,0.0,0.0,1,1,0.008716555392927431,0.007122813604544824,1.7962353229522705,0.012119531631469727,186,2,-0.01031|0.00712,0.00712,2,1
7500,59,R_MEDD2_DSLOW_WD,R_LNLT1_APB_NEUR_ACT,0.0,0.0,0.0,1.254565715789795,0.005383014678955078,0.0,0.0,1,1,0.002288426695866081,0.0008411264570804559,0.7065999507904053,0.005640268325805664,186,2,-0.00516|-0.00086|0.00084,0.00084,3,1
7500,60,R_MED_LAT_WA,R_MYOP_APB_MUSIZE,0.0,0.0,0.0,0.6817450523376465,0.012826204299926758,0.0,0.0,1,1,0.013397721962033737,0.009898572418098661,0.6770331859588623,0.012837648391723633,186,19,0.0099|0.0169,0.0099,2,1
7500,61,R_MEDD2_EFFAXLOSS,R_MYOP_APB_DE_REGEN,0.0,0.0,0.0,0.677793025970459,0.02672410011291504,0.0,0.0,1,1,0.011916038702832804,0.0034331690258940896,0.6800227165222168,0.03119802474975586,186,32,-0.02396|-0.00836|-0.00343,-0.00343,3,1
7500,62,R_APB_MALOSS,R_MEDD2_DIFSLOW_WD,0.0,0.0,0.0,0.6709418296813965,0.009185314178466797,0.0,0.0,1,1,0.0038685646502981943,0.0038685646502981943,0.687122106552124,0.017460346221923828,186,11,-0.00387,-0.00387,1,1
7500,63,R_APB_DE_REGEN,R_DIFFN_LNLW_APB_DE_REGEN,0.9999999999999964,0.0,0.0,1.209543228149414,0.07388472557067871,1.0,1.0,1,1,0.013086178479841726,0.013086178479841726,1.3477768898010254,0.08501815795898438,186,31,1.01309,1.01309,1,1
7500,64,R_LNLW_MEDD2_DISP_WD,R_APB_ALLAMP_WA,0.0,0.0,0.0,1.4411447048187256,0.03124094009399414,0.0,0.0,1,1,0.01115394111417522,0.01115394111417522,1.6076178550720215,0.014118671417236328,186,9,0.01115,0.01115,1,1
7500,65,R_DIFFN_MEDD2_DISP,DIFFN_M_SEV_DIST,0.0,0.0,0.0,1.7795984745025635,0.49877071380615234,0.0,0.0,1,1,0.016810419522478786,0.016810419522478786,1.782402515411377,0.4992403984069824,186,62,-0.01681,-0.01681,1,1
7500,66,R_MED_DCV_WA,R_MEDD2_DIFSLOW_EW,0.0,0.0,0.0,1.7228600978851318,0.00978708267211914,0.0,0.0,1,1,0.005046109015531414,0.0020446558864353186,1.7825393676757812,0.012032508850097656,186,2,0.00204|0.00545|0.00764,0.00204,3,1
7500,67,R_MEDD2_DIFSLOW_EW,R_APB_QUAL_MUPPOLY,0.0,0.0,0.0,1.9355566501617432,0.005992412567138672,0.0,0.0,1,1,0.010387452851970326,0.002256569566647144,1.3811638355255127,0.006062746047973633,186,2,-0.01852|-0.00226,-0.00226,2,1
7500,68,R_MEDD2_RD_EW,R_LNLW_MED_BLOCK,0.0,0.0,0.0,1.7368216514587402,0.021877288818359375,0.0,0.0,1,1,0.007011268522841535,0.0011114776098834404,1.4156434535980225,0.030223608016967773,186,9,0.00111|0.0018|0.01812,0.00111,3,1
7500,69,R_MEDD2_RD_EW,R_APB_SPONT_DENERV_ACT,0.0,0.0,0.0,1.3752799034118652,0.00592494010925293,0.0,0.0,1,1,0.0015978466184307233,0.0013471085991124516,1.5673179626464844,0.014354705810546875,186,2,-0.00135|0.00153|0.00192,-0.00135,3,1
7500,70,R_DIFFN_LNLW_APB_NEUR_ACT,R_LNL_DIFFN_APB_DENERV,0.0,0.0,0.0,1.2243289947509766,0.013486385345458984,0.0,0.0,1,1,0.008691435591618321,0.0017398925158783015,1.2258286476135254,0.010982751846313477,186,6,-0.01798|-0.01239|-0.00266|-0.00174,-0.00174,4,1
7500,71,R_APB_FORCE,R_MEDD2_LD_EW,0.0,0.0,0.0,1.2713146209716797,0.007032871246337891,0.0,0.0,1,1,0.006392647913214767,0.006392647913214767,1.226158857345581,0.0060155391693115234,186,2,-0.00639,-0.00639,1,1
7500,72,R_APB_SPONT_NEUR_DISCH,R_DIFFN_LNLW_APB_DE_REGEN,0.0,0.0,0.0,1.1688647270202637,0.05727720260620117,0.0,0.0,1,1,0.014049659360346037,0.0030262858213250744,1.210749626159668,0.056852102279663086,186,32,-0.02507|-0.00303,-0.00303,2,1
7500,73,R_APB_TA_CONCL,R_MEDD2_DIFSLOW_EW,0.0,0.0,0.0,1.3352105617523193,0.005812883377075195,0.0,0.0,1,1,0.004500968368934268,0.004500968368934268,1.2810039520263672,0.007731199264526367,186,2,0.0045,0.0045,1,1
7500,74,R_NMT_APB_DENERV,R_LNLT1_LP_BE_APB_DENERV,1.4802973661668753e-16,0.0,0.0,1.2322187423706055,0.015083551406860352,0.0,0.0,1,1,0.0009179843286075516,0.0009179843286075516,1.1722712516784668,0.02428460121154785,186,8,0.00092,0.00092,1,1
7500,75,R_DIFFN_APB_MUSIZE,DIFFN_SENS_SEV,0.0,0.0,0.0,1.2460236549377441,0.20990276336669922,0.0,0.0,1,1,0.008271982057834608,0.008271982057834608,1.3855640888214111,0.22011065483093262,186,40,-0.00827,-0.00827,1,1
7500,76,R_MYOP_APB_DE_REGEN,R_MEDD2_BLOCK_EW,0.0,0.0,0.0,1.8318045139312744,0.08656668663024902,0.0,0.0,1,1,0.009242364525361143,0.009242364525361143,1.7307755947113037,0.08250713348388672,186,32,0.00924,0.00924,1,1
7500,77,R_APB_QUAN_MUPPOLY,R_LNLW_MED_SEV,3.0,0.0,0.0,1.6957976818084717,0.5584783554077148,3.0,3.0,1,1,0.009331910439702273,0.012595742007396993,1.3177428245544434,0.5248832702636719,186,72,2.99393|3.0126,3.0126,2,1
7500,78,R_LNLT1_APB_MUDENS,R_MEDD2_DIFSLOW_WD,0.0,0.0,0.0,1.448169231414795,0.012873172760009766,0.0,0.0,1,1,0.000640766148308347,0.00012840092646723908,1.5076475143432617,0.01225423812866211,186,2,0.00013|0.00115,0.00013,2,1
7500,79,R_LNL_DIFFN_APB_DENERV,R_DIFFN_LNLW_MEDD2_SALOSS,0.0,0.0,0.0,1.7138550281524658,0.03285384178161621,0.0,0.0,1,1,0.026735651564326023,0.026735651564326023,1.7934765815734863,0.036428213119506836,186,10,0.02674,0.02674,1,1
7500,80,R_MED_ALLDEL_WA,R_DIFFN_LNLW_APB_MUSIZE,0.0,0.0,0.0,1.1130483150482178,0.016786813735961914,0.0,0.0,1,1,0.008463108887049956,0.0013783644242807427,1.3965623378753662,0.023905277252197266,186,19,-0.01802|-0.00803|-0.00642|-0.00138,-0.00138,4,1
7500,81,R_DIFFN_LNLW_APB_MUDENS,R_LNLBE_MED_DIFSLOW,0.0,0.0,0.0,1.1897692680358887,0.012794971466064453,0.0,0.0,1,1,0.01324394291918453,0.003357491072806714,1.4012811183929443,0.013348579406738281,186,2,0.00336|0.00655|0.02079|0.02228,0.00336,4,1
7500,82,R_MYOP_MYDY_APB_MUSIZE,R_LNLT1_LP_BE_APB_MUSIZE,0.0,0.0,0.0,1.1196777820587158,0.03420448303222656,0.0,0.0,1,1,0.03222860245649288,0.03222860245649288,1.1776692867279053,0.024248361587524414,186,19,-0.03223,-0.03223,1,1
7500,83,DIFFN_DISTR,R_DIFFN_LNLW_APB_DENERV,0.0,0.0,0.0,1.4366950988769531,0.595660924911499,0.0,0.0,1,1,0.003981350763189274,0.003981350763189274,1.340010404586792,0.6118776798248291,186,78,0.00398,0.00398,1,1
7500,84,R_LNLT1_APB_DENERV,R_LNLW_APB_NEUR_ACT,0.0,0.0,0.0,1.4113187789916992,0.01653289794921875,0.0,0.0,1,1,0.0010776053714911821,0.0010776053714911821,1.477616310119629,0.03311634063720703,186,9,0.00108,0.00108,1,1
7500,85,R_DIFFN_APB_MUDENS,R_DIFFN_LNLW_APB_DENERV,0.0,0.0,0.0,1.3253090381622314,0.020034313201904297,0.0,0.0,1,1,0.0006209139508521243,0.0007611906035488174,1.1696739196777344,0.018278121948242188,186,7,-0.00076|0.00048,-0.00076,2,1
7500,86,R_LNLT1_APB_MALOSS,R_LNLBE_APB_DENERV,0.0,0.0,0.0,1.4314570426940918,0.05325198173522949,0.0,0.0,1,1,0.00489419277378333,0.00489419277378333,1.1848938465118408,0.03896689414978027,186,20,-0.00489,-0.00489,1,1
7500,87,R_LNLT1_LP_BE_APB_DE_REGEN,DIFFN_PATHO,4.487638331116422e-15,0.0,0.0,1.3228626251220703,0.47441720962524414,0.0,0.0,1,1,0.0002715718806926338,0.0002715718806926338,1.2674474716186523,0.46429896354675293,186,75,-0.00027,-0.00027,1,1
7500,88,R_MED_RD_EW,R_LNLT1_LP_BE_APB_DENERV,0.0,0.0,0.0,1.7760462760925293,0.02679610252380371,0.0,0.0,1,1,0.0029911741958440928,0.0013235127676763578,1.7519416809082031,0.03787851333618164,186,7,-0.00466|-0.00132,-0.00132,2,1
7500,89,R_LNLW_APB_MUSIZE,R_MED_ALLDEL_WA,0.0,0.0,0.0,1.7154347896575928,0.03053140640258789,0.0,0.0,1,1,0.026909546977449884,0.026909546977449884,1.1769118309020996,0.03195023536682129,186,20,0.02691,0.02691,1,1
7500,90,R_MED_LAT_WA,R_MED_RD_EW,0.0,0.0,0.0,1.1255438327789307,0.01115274429321289,0.0,0.0,1,1,0.01840428949912875,0.012361912134162496,1.1805846691131592,0.007779121398925781,186,2,-0.02445|-0.01236,-0.01236,2,1
7500,91,R_LNLBE_MED_SEV,R_MEDD2_DIFSLOW_EW,2.357376383828695e-16,0.0,0.0,1.282935619354248,0.29398059844970703,0.0,0.0,1,1,0.02690261536321384,0.02690261536321384,1.2719933986663818,0.2961001396179199,186,70,0.0269,0.0269,1,1
7500,92,R_LNLBE_MEDD2_RD_EW,R_LNL_DIFFN_APB_MUSIZE,0.0,0.0,0.0,1.1167609691619873,0.02879810333251953,0.0,0.0,1,1,0.012140463927703083,0.0038255511621638613,1.1618592739105225,0.022020816802978516,186,18,-0.02046|-0.00383,-0.00383,2,1
7500,93,R_APB_MUSCLE_VOL,R_LNLT1_LP_BE_APB_MUSIZE,1.0,0.0,0.0,1.1267340183258057,0.026454448699951172,1.0,1.0,1,1,0.01938430617005449,0.01938430617005449,1.2211976051330566,0.11119675636291504,186,18,0.98062,0.98062,1,1
7500,94,R_DE_REGEN_APB_NMT,R_DIFFN_MEDD2_BLOCK,0.0,0.0,0.0,1.2147674560546875,0.052123069763183594,0.0,0.0,1,1,0.018911286354841187,0.018911286354841187,1.1922063827514648,0.04480576515197754,186,30,-0.01891,-0.01891,1,1
7500,95,R_MEDD2_AMPR_EW,R_DIFFN_APB_DE_REGEN,0.0,0.0,0.0,1.1171140670776367,0.06098151206970215,0.0,0.0,1,1,0.004372789856103663,0.00458537219825794,1.2311832904815674,0.05858778953552246,186,33,-0.00605|-0.00248|0.00459,0.00459,3,1
7500,96,R_LNLLP_APB_MUDENS,R_DIFFN_APB_NEUR_ACT,0.0,0.0,0.0,1.2037889957427979,0.008465051651000977,0.0,0.0,1,1,0.012670381725203107,0.0020204888604616125,1.1333527565002441,0.0065729618072509766,186,2,-0.02332|-0.00202,-0.00202,2,1
7500,97,R_LNLBE_MED_TIME,R_LNLLP_APB_DE_REGEN,1.3708431753210619e-15,0.0,0.0,1.1961538791656494,0.1426527500152588,0.0,0.0,1,1,0.005847725407203297,0.005847725407203297,1.2341773509979248,0.16109871864318848,186,45,-0.00585,-0.00585,1,1
7500,98,R_DIFFN_APB_MUSIZE,R_APB_MVA_AMP,2.7755575615628914e-17,0.0,0.0,1.442861557006836,0.02888965606689453,0.0,0.0,1,1,0.003229663268572483,0.003229663268572483,1.5287463665008545,0.030807971954345703,186,19,0.00323,0.00323,1,1
7500,99,R_MED_AMP_WA,R_LNLT1_APB_NEUR_ACT,0.0,0.0,0.0,1.7277681827545166,0.007078647613525391,0.0,0.0,1,1,0.008468597777108816,0.008468597777108816,1.680128574371338,0.013664484024047852,186,2,0.00847,0.00847,1,1
10000,0,R_MYOP_MYDY_APB_DE_REGEN,R_LNLBE_APB_NEUR_ACT,0.0,0.0,0.0,1.8051609992980957,0.07383084297180176,0.0,0.0,1,1,0.013411683776761843,0.013411683776761843,1.6896967887878418,0.0742487907409668,186,31,-0.01341,-0.01341,1,1
10000,1,R_MEDD2_DISP_EW,R_LNLBE_APB_NEUR_ACT,0.0,0.0,0.0,1.6983788013458252,0.0126953125,0.0,0.0,1,1,0.0059395440517725885,0.0007558437661131757,1.7414700984954834,0.011809825897216797,186,2,-0.00368|0.00076|0.01338,0.00076,3,1
10000,2,R_MEDD2_CV_EW,R_MEDD2_DIFSLOW_WD,0.0,0.0,0.0,1.731109380722046,0.012779712677001953,0.0,0.0,1,1,0.027605606744945395,0.015039797658655596,1.8487136363983154,0.012158870697021484,186,2,0.01504|0.04017,0.01504,2,1
10000,3,R_APB_REPSTIM_CMAPAMP,R_LNLT1_LP_BE_APB_MALOSS,1.0,0.0,0.0,1.720541000366211,0.02587103843688965,1.0,1.0,1,1,2.4201559527536887e-05,2.4201559527536887e-05,1.7366654872894287,0.02485179901123047,186,11,1.00002,1.00002,1,1
10000,4,R_MED_AMPR_EW,R_APB_MULOSS,0.0,0.0,0.0,1.742419958114624,0.01819586753845215,0.0,0.0,1,1,0.014018243406780803,0.009703190588978543,1.7541401386260986,0.017139673233032227,186,7,0.0097|0.01833,0.0097,2,1
10000,5,R_MYOP_MYDY_APB_MUDENS,R_LNLT1_APB_DENERV,0.0,0.0,0.0,1.7759373188018799,0.0258944034576416,0.0,0.0,1,1,0.005728737914951241,0.0011031607625174844,1.7621312141418457,0.02508401870727539,186,9,-0.01198|-0.00258|-0.0011|0.00725,-0.0011,4,1
10000,6,R_APB_QUAN_MUPDUR,R_MEDD2_DSLOW_EW,0.0,0.0,0.0,1.7229423522949219,0.01267385482788086,0.0,0.0,1,1,0.005191219185755373,0.005191219185755373,1.7271356582641602,0.011799335479736328,186,2,0.00519,0.00519,1,1
10000,7,R_LNLT1_APB_DE_REGEN,R_DIFFN_LNLW_APB_DENERV,-2.220446049250313e-16,0.0,0.0,1.7315871715545654,0.11412215232849121,-0.0,-0.0,1,1,0.00868238124639639,0.00868238124639639,1.7571156024932861,0.12120294570922852,186,35,0.00868,0.00868,1,1
10000,8,R_MYOP_APB_DENERV,R_LNLT1_APB_MALOSS,0.0,0.0,0.0,1.6793396472930908,0.04719400405883789,0.0,0.0,1,1,0.0011408244243682252,0.0011408244243682252,1.6529159545898438,0.042151689529418945,186,20,0.00114,0.00114,1,1
10000,9,R_APB_VOL_ACT,R_DIFFN_APB_MUDENS,0.0,0.0,0.0,1.6497595310211182,0.01423501968383789,0.0,0.0,1,1,0.010758623142770568,0.010758623142770568,1.3704156875610352,0.019518613815307617,186,4,-0.01076,-0.01076,1,1
10000,10,DIFFN_MOT_SEV,R_LNLT1_LP_BE_APB_DE_REGEN,1.8013759498143385e-15,0.0,0.0,1.579007863998413,0.493070125579834,0.0,0.0,1,1,0.002673949181265998,0.002673949181265998,1.5479867458343506,0.4496467113494873,186,59,0.00267,0.00267,1,1
10000,11,R_MED_ALLCV_EW,R_MEDD2_LSLOW_WD,0.0,0.0,0.0,1.7118310928344727,0.012661218643188477,0.0,0.0,1,1,0.014701329752794192,0.0040948980728576995,1.73701810836792,0.012023210525512695,186,2,-0.00342|0.00409|0.02536|0.02593,0.00409,4,1
10000,12,R_MEDD2_DSLOW_WD,R_MED_LD_EW,0.0,0.0,0.0,1.712113380432129,0.01262807846069336,0.0,0.0,1,1,0.00668754225012422,0.002355107453084765,1.7401318550109863,0.01231241226196289,186,2,-0.014|-0.00371|-0.00236,-0.00236,3,1
10000,13,R_DIFFN_LNLW_APB_MUDENS,R_LNLW_APB_NEUR_ACT,0.0,0.0,0.0,1.7592501640319824,0.013743162155151367,0.0,0.0,1,1,0.009110030955649223,0.0012770061522150505,1.8269226551055908,0.012078285217285156,186,2,0.00128|0.00783|0.01293|0.01441,0.00128,4,1
10000,14,R_MEDD2_DISP_WD,R_APB_MUPSATEL,0.0,0.0,0.0,1.7308290004730225,0.01801776885986328,0.0,0.0,1,1,0.008166009733057453,0.008166009733057453,1.7582085132598877,0.016808271408081055,186,4,-0.00817,-0.00817,1,1
10000,15,R_LNLBE_MED_TIME,R_MEDD2_RD_EW,0.0,0.0,0.0,1.739821195602417,0.17251968383789062,0.0,0.0,1,1,0.0060567360780018524,0.0060567360780018524,1.754617691040039,0.3104982376098633,186,44,-0.00606,-0.00606,1,1
10000,16,R_MED_RDLDCV_EW,R_MYDY_APB_DENERV,0.0,0.0,0.0,1.710831642150879,0.024707555770874023,0.0,0.0,1,1,0.006022467258729274,0.002055450255970167,1.7286291122436523,0.032895565032958984,186,8,0.00206|0.00281|0.00829|0.01093,0.00206,4,1
10000,17,R_LNLBE_MEDD2_RD_EW,R_DIFFN_LNLW_APB_DENERV,0.0,0.0,0.0,1.7128558158874512,0.02434253692626953,0.0,0.0,1,1,0.0037499296930674822,0.0001957811447145635,1.739758014678955,0.023321866989135742,186,7,-0.0073|-0.0002,-0.0002,2,1
10000,18,R_LNLT1_APB_DENERV,R_LNLBE_MEDD2_DIFSLOW_WD,0.0,0.0,0.0,1.554067611694336,0.026996135711669922,0.0,0.0,1,1,0.0029103492041101455,0.0029103492041101455,1.2949731349945068,0.024971485137939453,186,9,0.00291,0.00291,1,1
10000,19,R_DIFFN_MEDD2_SALOSS,R_LNLBE_MEDD2_LD_EW,1.4802973661668753e-16,0.0,0.0,1.5857117176055908,0.03422069549560547,0.0,0.0,1,1,0.003035204653828295,0.003035204653828295,1.5467720031738281,0.03426980972290039,186,10,0.00304,0.00304,1,1
10000,20,R_LNLBE_MED_PATHO,R_LNLT1_LP_BE_APB_MUDENS,1.49204588917334e-15,0.0,0.0,1.8485074043273926,0.5871899127960205,0.0,0.0,1,1,0.0309026078082465,0.0309026078082465,1.744246482849121,0.6080493927001953,186,76,0.0309,0.0309,1,1
10000,21,R_LNLW_APB_DE_REGEN,R_DIFFN_APB_MUDENS,0.0,0.0,0.0,1.7369749546051025,0.09547638893127441,0.0,0.0,1,1,0.004647230594283348,0.004647230594283348,1.3378512859344482,0.09247398376464844,186,33,-0.00465,-0.00465,1,1
10000,22,R_LNLBE_MEDD2_LD_EW,R_MED_BLOCK_EW,0.0,0.0,0.0,1.863959550857544,0.009350061416625977,0.0,0.0,1,1,0.0021774309422322364,0.0025310631987939067,1.6621122360229492,0.012386322021484375,186,2,0.00182|0.00253,0.00253,2,1
10000,23,R_APB_QUAN_MUPAMP,R_DIFFN_MEDD2_BLOCK,0.0,0.0,0.0,1.2799062728881836,0.018175125122070312,0.0,0.0,1,1,0.0023500521363298073,0.0023500521363298073,1.2262938022613525,0.014269828796386719,186,4,0.00235,0.00235,1,1
10000,24,R_MEDD2_DISP_EWD,R_LNLW_APB_DE_REGEN,0.0,0.0,0.0,1.5966827869415283,0.0790858268737793,0.0,0.0,1,1,0.006668734310389289,0.0014063288604496342,1.7205030918121338,0.07514786720275879,186,33,-0.0119|-0.0067|-0.00141,-0.00141,3,1
10000,25,R_LNLLP_APB_MALOSS,R_APB_NEUR_ACT,0.0,0.0,0.0,1.7013866901397705,0.04314780235290527,0.0,0.0,1,1,0.015747243460294175,0.015747243460294175,1.740596055984497,0.04253387451171875,186,14,-0.01575,-0.01575,1,1
10000,26,R_APB_MUPINSTAB,R_MEDD2_DSLOW_EW,0.0,0.0,0.0,1.7437715530395508,0.007666587829589844,0.0,0.0,1,1,0.0025214665897932797,0.0025214665897932797,1.5574889183044434,0.007284879684448242,186,2,-0.00252,-0.00252,1,1
10000,27,R_LNLW_APB_MUDENS,R_LNLW_APB_MALOSS,0.0,0.0,0.0,1.5970656871795654,0.04427075386047363,0.0,0.0,1,1,0.0095838590080155,0.001510484360898955,1.6144254207611084,0.04350137710571289,186,13,-0.01766|-0.00151,-0.00151,2,1
10000,28,R_DIFFN_LNLW_APB_DE_REGEN,R_LNLBE_MEDD2_DIFSLOW_WD,0.0,0.0,0.0,1.7405705451965332,0.08256411552429199,0.0,0.0,1,1,0.0005143037956667616,0.0005143037956667616,1.697129726409912,0.08065605163574219,186,32,0.00051,0.00051,1,1
10000,29,R_LNLW_MEDD2_DISP_WD,R_APB_EFFMUS,0.0,0.0,0.0,1.8638544082641602,0.034528255462646484,0.0,0.0,1,1,0.00272560225131731,0.00272560225131731,1.7404284477233887,0.03367328643798828,186,19,-0.00273,-0.00273,1,1
10000,30,DIFFN_PATHO,R_MYDY_APB_MUDENS,2.9451395851669917e-16,0.0,0.0,1.6787617206573486,0.8052384853363037,0.0,0.0,1,1,0.003873284560052701,0.003873284560052701,1.7171645164489746,0.8149080276489258,186,80,-0.00387,-0.00387,1,1
10000,31,R_LNLBE_MED_PATHO,R_MYOP_APB_DE_REGEN,8.101376380528339e-16,0.0,0.0,1.8589534759521484,0.5987808704376221,0.0,0.0,1,1,0.03538941994056402,0.03538941994056402,1.7174739837646484,0.6101667881011963,186,77,0.03539,0.03539,1,1
10000,32,R_LNLW_MED_PATHO,R_LNLT1_LP_BE_APB_MALOSS,-1.8029731936286706e-15,0.0,0.0,1.7193331718444824,0.5966382026672363,-0.0,-0.0,1,1,0.03671930154878606,0.03671930154878606,1.7165310382843018,0.5890200138092041,186,75,-0.03672,-0.03672,1,1
10000,33,R_MEDD2_LD_WD,R_LNLLP_APB_NEUR_ACT,0.0,0.0,0.0,1.261958122253418,0.012662172317504883,0.0,0.0,1,1,0.0023418054197049732,0.0021759125494584006,1.539431095123291,0.009582757949829102,186,2,-0.00349|-0.00218|0.00136,-0.00218,3,1
10000,34,R_APB_FORCE,R_MED_ALLCV_EW,0.0,0.0,0.0,1.534585952758789,0.015891075134277344,0.0,0.0,1,1,0.001689828171046731,0.001689828171046731,1.47391939163208,0.013499021530151367,186,2,-0.00169,-0.00169,1,1
10000,35,R_MYDY_APB_MUDENS,R_MEDD2_AMPR_EW,0.0,0.0,0.0,1.726334571838379,0.013368606567382812,0.0,0.0,1,1,0.00423150368196458,0.0012369792220701273,1.8400816917419434,0.012279748916625977,186,2,0.00124|0.00723,0.00124,2,1
10000,36,R_MED_RD_WA,R_LNLBE_MEDD2_SALOSS_EW,0.0,0.0,0.0,1.7524991035461426,0.027728557586669922,0.0,0.0,1,1,0.004707198994270861,0.0019139470230399183,1.7195708751678467,0.02628469467163086,186,6,0.00191|0.0075,0.00191,2,1
10000,37,R_APB_MVA_AMP,R_APB_TA_CONCL,0.0,0.0,0.0,1.7128076553344727,0.01235198974609375,0.0,0.0,1,1,0.005583134515698195,0.005583134515698195,1.7110214233398438,0.011709213256835938,186,2,0.00558,0.00558,1,1
10000,38,R_MED_LAT_WA,R_APB_TA_CONCL,0.0,0.0,0.0,1.7270948886871338,0.014220714569091797,0.0,0.0,1,1,0.011306729504357422,0.0033417397911872076,1.7851371765136719,0.013409137725830078,186,2,0.00334|0.01927,0.00334,2,1
10000,39,R_MED_BLOCK_EW,R_APB_REPSTIM_POST_DECR,0.0,0.0,0.0,1.7068283557891846,0.012629032135009766,0.0,0.0,1,1,0.001909369970259921,0.0030301982656289403,1.82778000831604,0.011772394180297852,186,2,0.00015|0.00254|0.00303,0.00303,3,1
10000,40,R_APB_DE_REGEN,R_LNLW_APB_MUDENS,0.0,0.0,0.0,1.6688401699066162,0.055676937103271484,0.0,0.0,1,1,0.002013403444222703,0.002013403444222703,1.5856273174285889,0.07524776458740234,186,30,-0.00201,-0.00201,1,1
10000,41,R_MEDD2_LSLOW_WD,R_LNLLP_APB_DE_REGEN,0.0,0.0,0.0,1.5481910705566406,0.09433460235595703,0.0,0.0,1,1,0.0045937918040507885,0.001728409364395885,1.761444091796875,0.0995938777923584,186,34,-0.01232|-0.00368|-0.00173|-0.00064,-0.00173,4,1
10000,42,R_LNLBE_APB_MUDENS,R_LNLLP_APB_MALOSS,0.0,0.0,0.0,1.8598589897155762,0.04511213302612305,0.0,0.0,1,1,0.007507050554921131,0.00011440424854794928,1.7166130542755127,0.044571638107299805,186,14,-0.0149|0.00011,0.00011,2,1
10000,43,R_APB_REPSTIM_DECR,R_LNLLP_APB_DENERV,0.0,0.0,0.0,1.7119855880737305,0.02146625518798828,0.0,0.0,1,1,0.004796558978800587,0.004796558978800587,1.534881830215454,0.01772761344909668,186,9,0.0048,0.0048,1,1
10000,44,R_LNLT1_LP_BE_APB_DE_REGEN,R_LNLT1_LP_APB_MUDENS,0.0,0.0,0.0,1.510615587234497,0.06234550476074219,0.0,0.0,1,1,0.011091308483187718,0.011091308483187718,1.562229871749878,0.08240818977355957,186,32,-0.01109,-0.01109,1,1
10000,45,R_MYOP_APB_DENERV,R_LNLBE_MEDD2_BLOCK_EW,0.0,0.0,0.0,1.7269203662872314,0.024868011474609375,0.0,0.0,1,1,0.0007148692226647431,0.0007148692226647431,1.3051538467407227,0.02287149429321289,186,8,0.00071,0.00071,1,1
10000,46,R_DIFFN_LNLW_APB_MALOSS,R_MEDD2_ALLCV_WD,0.0,0.0,0.0,1.5003182888031006,0.026209592819213867,0.0,0.0,1,1,0.010489069171856517,0.010489069171856517,1.5450775623321533,0.03509688377380371,186,12,0.01049,0.01049,1,1
10000,47,R_DIFFN_MEDD2_BLOCK,R_APB_SPONT_INS_ACT,0.0,0.0,0.0,1.6543834209442139,0.017412185668945312,0.0,0.0,1,1,0.004644557420675822,0.004644557420675822,1.7142090797424316,0.01638197898864746,186,4,0.00464,0.00464,1,1
10000,48,R_DIFFN_APB_DE_REGEN,R_MED_ALLCV_EW,0.0,0.0,0.0,1.7440838813781738,0.09291338920593262,0.0,0.0,1,1,0.02021922301847801,0.02021922301847801,1.788055658340454,0.09086298942565918,186,33,-0.02022,-0.02022,1,1
10000,49,R_MEDD2_AMPR_EW,R_MYOP_MYDY_APB_DENERV,0.0,0.0,0.0,1.7509620189666748,0.02564525604248047,0.0,0.0,1,1,0.015656327800418812,0.006242079982547855,1.7223167419433594,0.025501728057861328,186,7,-0.02421|-0.01652|-0.00624,-0.00624,3,1
10000,50,R_APB_QUAN_MUPDUR,R_LNLW_APB_DE_REGEN,1.0,0.0,0.0,1.6977450847625732,0.11174917221069336,1.0,1.0,1,1,0.012159622847673246,0.012159622847673246,1.733445644378662,0.09733128547668457,186,32,1.01216,1.01216,1,1
10000,51,R_APB_MUPSATEL,R_APB_REPSTIM_DECR,0.0,0.0,0.0,1.8336377143859863,0.013111591339111328,0.0,0.0,1,1,0.007349257034056804,0.007349257034056804,1.3449995517730713,0.011956214904785156,186,2,-0.00735,-0.00735,1,1
10000,52,R_MYOP_MYDY_APB_DE_REGEN,DIFFN_DISTR,-2.3044629267895142e-15,0.0,0.0,1.0624120235443115,0.8260836601257324,-0.0,-0.0,1,1,0.02989356279539294,0.02989356279539294,1.2896645069122314,0.7890064716339111,186,79,0.02989,0.02989,1,1
10000,53,R_APB_QUAN_MUPDUR,R_DIFFN_LNLW_APB_MALOSS,0.0,0.0,0.0,1.7106313705444336,0.03532266616821289,0.0,0.0,1,1,0.006089881442477332,0.006089881442477332,1.677210807800293,0.03452277183532715,186,12,-0.00609,-0.00609,1,1
10000,54,R_LNLT1_APB_DE_REGEN,R_MED_DIFSLOW_WA,0.0,0.0,0.0,1.537797451019287,0.08529901504516602,0.0,0.0,1,1,0.0179759396644095,0.0179759396644095,1.5986111164093018,0.08393025398254395,186,34,0.01798,0.01798,1,1
10000,55,R_APB_MULOSS,R_LNLT1_APB_DE_REGEN,0.0,0.0,0.0,1.4298129081726074,0.11508750915527344,0.0,0.0,1,1,0.007378176464537334,0.007378176464537334,1.787367582321167,0.10895299911499023,186,35,0.00738,0.00738,1,1
10000,56,R_MED_ALLCV_EW,R_LNLW_APB_MUDENS,0.0,0.0,0.0,1.7405598163604736,0.012962818145751953,0.0,0.0,1,1,0.01614308355506964,0.005604567426912121,1.7155702114105225,0.011919498443603516,186,2,-0.02181|-0.01981|-0.01735|-0.0056,-0.0056,4,1
10000,57,R_MEDD2_DSLOW_EW,R_DIFFN_LNLW_APB_DENERV,0.0,0.0,0.0,1.753549337387085,0.023215532302856445,0.0,0.0,1,1,0.005283410607819394,8.081754555961952e-06,1.6940381526947021,0.022032737731933594,186,7,-0.00843|-1e-05|0.00741,-1e-05,3,1
10000,58,R_MUSCLE_APB_DENERV,R_LNLT1_LP_APB_DENERV,0.0,0.0,0.0,1.7116196155548096,0.019870758056640625,0.0,0.0,1,1,0.0012035891645884869,0.0012035891645884869,1.7207870483398438,0.018081188201904297,186,8,-0.0012,-0.0012,1,1
10000,59,R_LNLT1_APB_MUDENS,R_LNLW_APB_MALOSS,0.0,0.0,0.0,1.7515556812286377,0.04339456558227539,0.0,0.0,1,1,0.006574917550342108,0.0006816105562669567,1.7262516021728516,0.043570518493652344,186,13,-0.01247|-0.00068,-0.00068,2,1
10000,60,R_LNLW_APB_MUSIZE,DIFFN_M_SEV_PROX,0.0,0.0,0.0,1.7083699703216553,0.04326748847961426,0.0,0.0,1,1,0.014864899714192565,0.014864899714192565,1.7411582469940186,0.043517112731933594,186,20,-0.01486,-0.01486,1,1
10000,61,R_APB_REPSTIM_DECR,R_LNLW_MED_PATHO,1.0,0.0,0.0,1.6986920833587646,0.5900285243988037,1.0,1.0,1,1,0.017503540734593148,0.017503540734593148,1.7314519882202148,0.61916184425354,186,74,1.0175,1.0175,1,1
10000,62,R_APB_QUAN_MUPAMP,R_MEDD2_AMPR_EW,0.0,0.0,0.0,1.8167054653167725,0.012610673904418945,0.0,0.0,1,1,0.01151162486042081,0.01151162486042081,1.7406806945800781,0.011754751205444336,186,2,0.01151,0.01151,1,1
10000,63,R_MED_DIFSLOW_WA,R_MEDD2_SALOSS,0.0,0.0,0.0,1.7073678970336914,0.020387649536132812,0.0,0.0,1,1,0.011098314261171693,0.0015736487981363255,1.724376916885376,0.018791675567626953,186,5,0.00157|0.0152|0.01652,0.00157,3,1
10000,64,R_APB_MVA_RECRUIT,R_MEDD2_EFFAXLOSS,0.0,0.0,0.0,1.7589635848999023,0.00899052619934082,0.0,0.0,1,1,0.0031279322850114605,0.0031279322850114605,1.6211802959442139,0.009947061538696289,186,2,-0.00313,-0.00313,1,1
10000,65,R_MEDD2_LSLOW_EW,R_LNLT1_LP_BE_APB_MUSIZE,0.0,0.0,0.0,1.5141277313232422,0.03145337104797363,0.0,0.0,1,1,0.016462141844869344,0.006430474148034598,1.5748307704925537,0.02911663055419922,186,19,0.00643|0.01169|0.01899|0.02874,0.00643,4,1
10000,66,R_MED_AMPR_EW,R_LNLW_MED_TIME,0.0,0.0,0.0,1.7444443702697754,0.1738603115081787,0.0,0.0,1,1,0.0035156664409663274,0.0015537527728372966,1.8440823554992676,0.18421292304992676,186,44,-0.00548|-0.00155,-0.00155,2,1
10000,67,R_MED_BLOCK_WA,R_LNLW_APB_DENERV,0.0,0.0,0.0,1.7050120830535889,0.030002832412719727,0.0,0.0,1,1,0.004688661669242644,0.004688661669242644,1.7394814491271973,0.02898263931274414,186,14,0.00469,0.00469,1,1
10000,68,R_MED_BLOCK_WA,R_MEDD2_LSLOW_WD,0.0,0.0,0.0,1.5434048175811768,0.02072763442993164,0.0,0.0,1,1,0.008823357394743532,0.008823357394743532,1.4520304203033447,0.020899295806884766,186,8,-0.00882,-0.00882,1,1
10000,69,R_MED_BLOCK_EW,R_LNLT1_LP_BE_APB_DE_REGEN,0.0,0.0,0.0,1.1517903804779053,0.0863802433013916,0.0,0.0,1,1,0.006606783649573136,0.0025628697462883694,1.3397862911224365,0.06780338287353516,186,32,-0.01549|-0.00256|0.00177,-0.00256,3,1
10000,70,R_MED_DIFSLOW_EW,R_MED_LD_EW,0.0,0.25,0.25,1.5014817714691162,0.0250246524810791,0.0|0.5,0.0|0.5,2,2,0.25359748147643485,0.25359748147643485,1.4702281951904297,0.01942157745361328,186,5,-0.00997|0.49722,-0.00997|0.49722,2,2
10000,71,R_LNLT1_LP_APB_NEUR_ACT,R_APB_NEUR_ACT,0.0,0.375,0.25,1.4073035717010498,0.02127385139465332,0.0|0.5,0.0|0.5,2,2,0.37467205388261643,0.25213083949347,1.4211881160736084,0.016550064086914062,186,3,-0.00298|0.4967|0.49773|0.50128,-0.00298|0.50128,4,2
10000,72,R_LNL_DIFFN_APB_DENERV,R_APB_QUAN_MUPPOLY,0.0,0.0,0.0,1.3079450130462646,0.019661426544189453,0.0,0.0,1,1,0.0009397440036309851,0.0009397440036309851,1.408874273300171,0.009435653686523438,186,6,0.00094,0.00094,1,1
10000,73,R_APB_MUDENS,R_LNLBE_MED_TIME,1.0,0.25,0.5,1.6603569984436035,0.21763062477111816,0.0|1.0,0.0|1.0,2,2,0.26079731049292376,0.5002241639860489,1.5070457458496094,0.21959900856018066,186,46,0.00339|0.97772|0.99616|1.02046,0.00339|0.99616,4,2
10000,74,R_LNLW_APB_MUDENS,R_DIFFN_APB_NEUR_ACT,0.0,0.0,0.0,1.7324304580688477,0.013164043426513672,0.0,0.0,1,1,0.00024929521770244105,0.00011854794984452942,1.7418363094329834,0.01180267333984375,186,2,-0.00038|-0.00012,-0.00012,2,1
10000,75,R_APB_QUAN_MUPAMP,R_LNLLP_APB_DE_REGEN,1.0,0.0,0.0,1.356785535812378,0.07273149490356445,1.0,1.0,1,1,0.026886075530872633,0.026886075530872633,1.3928163051605225,0.08229970932006836,186,33,1.02689,1.02689,1,1
10000,76,R_APB_MVA_AMP,R_APB_FORCE,0.0,0.0,0.0,1.4890620708465576,0.012499332427978516,0.0,0.0,1,1,0.001422236801518423,0.001422236801518423,1.5242540836334229,0.011518478393554688,186,2,0.00142,0.00142,1,1
10000,77,R_MEDD2_RD_WD,R_LNLT1_LP_BE_APB_MUDENS,0.0,0.0,0.0,1.7610089778900146,0.0067293643951416016,0.0,0.0,1,1,0.01622410011238149,0.0035616596373702586,1.797278881072998,0.008639812469482422,186,2,0.00356|0.01787|0.02724,0.00356,3,1
10000,78,R_MYOP_MYDY_APB_DENERV,R_MEDD2_LD_WD,0.0,0.0,0.0,1.5645570755004883,0.022722721099853516,0.0,0.0,1,1,0.00467275355574945,0.00467275355574945,1.6131041049957275,0.022085905075073242,186,7,-0.00467,-0.00467,1,1
10000,79,R_LNLT1_APB_MALOSS,R_LNLT1_LP_APB_NEUR_ACT,0.0,0.0,0.0,1.7360038757324219,0.04516124725341797,0.0,0.0,1,1,0.007395303918029378,0.007395303918029378,1.7983453273773193,0.045981407165527344,186,14,-0.0074,-0.0074,1,1
10000,80,R_APB_DENERV,R_APB_SF_JITTER,0.0,0.0,0.0,1.290816068649292,0.01873779296875,0.0,0.0,1,1,0.0003198270884457324,0.0003198270884457324,1.2107293605804443,0.01446223258972168,186,5,-0.00032,-0.00032,1,1
10000,81,R_DIFFN_MEDD2_SALOSS,R_LNLT1_APB_NEUR_ACT,0.0,0.0,0.0,1.2008168697357178,0.019186019897460938,0.0,0.0,1,1,0.0015211178445026143,0.0015211178445026143,1.1657471656799316,0.028828144073486328,186,7,-0.00152,-0.00152,1,1
10000,82,R_MEDD2_SALOSS,R_LNLT1_APB_MALOSS,0.0,0.0,0.0,1.1110756397247314,0.0553433895111084,0.0,0.0,1,1,0.030505149423711162,0.030505149423711162,1.4547417163848877,0.06076526641845703,186,17,0.03051,0.03051,1,1
10000,83,R_DIFFN_LNLW_APB_MUSIZE,R_LNLT1_LP_BE_APB_MUSIZE,0.0,0.0,0.0,1.6108407974243164,0.03828859329223633,0.0,0.0,1,1,0.003389713418380451,0.003389713418380451,1.68430495262146,0.037659645080566406,186,19,-0.00339,-0.00339,1,1
10000,84,R_LNLT1_LP_APB_MALOSS,R_LNL_DIFFN_APB_DENERV,0.0,0.0,0.0,1.8926293849945068,0.05884981155395508,0.0,0.0,1,1,0.012927118518006488,0.012927118518006488,1.674520492553711,0.047139883041381836,186,17,-0.01293,-0.01293,1,1
10000,85,R_MED_ALLDEL_WA,R_APB_MVA_RECRUIT,0.0,0.0,0.0,1.7436392307281494,0.012557029724121094,0.0,0.0,1,1,0.01086768722082027,0.003726150447840875,1.7629790306091309,0.011921167373657227,186,2,-0.01569|-0.0126|-0.01145|-0.00373,-0.00373,4,1
10000,86,R_LNL_DIFFN_APB_DENERV,R_LNLT1_LP_APB_MALOSS,0.0,0.0,0.0,1.7535827159881592,0.04887676239013672,0.0,0.0,1,1,0.018147444170657456,0.018147444170657456,1.881669521331787,0.04738974571228027,186,17,-0.01815,-0.01815,1,1
10000,87,R_APB_QUAN_MUPAMP,R_LNL_DIFFN_APB_DE_REGEN,1.0,0.0,0.0,1.7226896286010742,0.07983899116516113,1.0,1.0,1,1,0.0022277518414199893,0.0022277518414199893,1.7263076305389404,0.07248044013977051,186,30,1.00223,1.00223,1,1
10000,88,R_MYDY_APB_DENERV,R_MYDY_APB_MUDENS,0.0,0.0,0.0,1.7649040222167969,0.02812051773071289,0.0,0.0,1,1,0.009004146838905155,0.009004146838905155,1.8858506679534912,0.0271146297454834,186,8,-0.009,-0.009,1,1
10000,89,R_MED_LD_WA,R_DIFFN_MED_DIFSLOW,0.0,0.25,0.25,1.7230546474456787,0.02596116065979004,0.0|0.5,0.0|0.5,2,2,0.2594901919297451,0.2594901919297451,1.7446932792663574,0.02491450309753418,186,7,-0.01916|0.49982,-0.01916|0.49982,2,2
10000,90,R_MEDD2_CV_EW,R_APB_REPSTIM_POST_DECR,0.0,0.0,0.0,1.7630865573883057,0.012813091278076172,0.0,0.0,1,1,0.0053846343976425804,0.006388904349583453,1.7580361366271973,0.012091875076293945,186,2,0.00438|0.00639,0.00639,2,1
10000,91,R_MED_CV_EW,DIFFN_DISTR,2.0,1.0,1.0,1.748030185699463,0.8539927005767822,0.0|2.0,0.0|2.0,2,2,0.9606777130240081,0.9606777130240081,1.7610023021697998,0.8981807231903076,186,80,0.09409|2.01545,0.09409|2.01545,2,2
10000,92,R_DIFFN_APB_DE_REGEN,R_LNL_DIFFN_APB_MUDENS,0.0,0.0,0.0,1.7592370510101318,0.1023108959197998,0.0,0.0,1,1,0.0010729068923983238,0.0010729068923983238,1.758188247680664,0.09977984428405762,186,33,-0.00107,-0.00107,1,1
10000,93,DIFFN_M_SEV_DIST,R_DIFFN_MEDD2_DIFSLOW,0.0,0.0,0.0,1.7093546390533447,0.4715847969055176,0.0,0.0,1,1,0.01749716564791447,0.01749716564791447,1.7071235179901123,0.44890308380126953,186,59,0.0175,0.0175,1,1
10000,94,R_MEDD2_DSLOW_WD,R_APB_FORCE,0.0,0.0,0.0,1.7964367866516113,0.012557506561279297,0.0,0.0,1,1,0.010876841565923888,0.0050413273838995215,1.7396392822265625,0.013250350952148438,186,2,0.00504|0.00735|0.02024,0.00504,3,1
10000,95,R_MED_LAT_WA,R_DIFFN_LNLW_MEDD2_DISP_WD,0.0,0.0,0.0,1.302469253540039,0.022625207901000977,0.0,0.0,1,1,0.031260395129597246,0.017742652352098397,1.6510224342346191,0.022954225540161133,186,5,0.01774|0.04478,0.01774,2,1
10000,96,R_APB_MUPINSTAB,R_DIFFN_APB_MUDENS,0.0,0.0,0.0,1.6189217567443848,0.012620210647583008,0.0,0.0,1,1,0.003073504349961798,0.003073504349961798,1.7219634056091309,0.012075185775756836,186,2,-0.00307,-0.00307,1,1
10000,97,R_DIFFN_MEDD2_SALOSS,R_MED_AMPR_EW,0.0,0.0,0.0,1.7444348335266113,0.030864477157592773,0.0,0.0,1,1,2.0997558478317488e-05,2.0997558478317488e-05,1.8479902744293213,0.028714418411254883,186,7,-2e-05,-2e-05,1,1
10000,98,DIFFN_SEV,R_MEDD2_ALLCV_EW,-3.1110916312273823e-16,0.0,0.0,1.7580525875091553,1.050234317779541,-0.0,-0.0,1,1,0.007317837329131309,0.007317837329131309,1.796485424041748,1.0436351299285889,186,81,-0.00732,-0.00732,1,1
10000,99,R_DIFFN_MEDD2_BLOCK,R_MED_LAT_WA,0.0,0.0,0.0,1.776468276977539,0.020965099334716797,0.0,0.0,1,1,0.02859539171044249,0.02859539171044249,1.8437402248382568,0.02003002166748047,186,4,-0.0286,-0.0286,1,1
