Sample_Size,Targets,Global_Nodes,Local_Nodes,Time_Global(s),Time_Local(s),Speedup,Prob_Global,Prob_Local,KL_Divergence
500,upper_pain|vh_amn|bilirubin|spiders|irregular_liver,70,21,0.0012853145599365234,0.0009615421295166016,1.3367220431440614,0.021977|0.003263|0.005392|0.001286|0.239374|0.031514|0.055957|0.009563|0.086457|0.012624|0.020859|0.004939|0.013171|0.001907|0.003184|0.000725|0.003693|0.000571|0.000921|0.000242|0.043228|0.005803|0.010184|0.001850|0.014716|0.002351|0.003682|0.001069|0.002377|0.000370|0.000592|0.000160|0.014908|0.002228|0.003668|0.000888|0.157266|0.020650|0.036717|0.006228|0.056007|0.008170|0.013511|0.003188|0.008500|0.001275|0.002087|0.000515|0.002506|0.000391|0.000627|0.000168|0.028354|0.003796|0.006671|0.001203|0.009570|0.001524|0.002392|0.000689|0.001547|0.000250|0.000392|0.000113,0.021977|0.003263|0.005392|0.001286|0.239374|0.031514|0.055957|0.009563|0.086457|0.012624|0.020859|0.004939|0.013171|0.001907|0.003184|0.000725|0.003693|0.000571|0.000921|0.000242|0.043228|0.005803|0.010184|0.001850|0.014716|0.002351|0.003682|0.001069|0.002377|0.000370|0.000592|0.000160|0.014908|0.002228|0.003668|0.000888|0.157266|0.020650|0.036717|0.006228|0.056007|0.008170|0.013511|0.003188|0.008500|0.001275|0.002087|0.000515|0.002506|0.000391|0.000627|0.000168|0.028354|0.003796|0.006671|0.001203|0.009570|0.001524|0.002392|0.000689|0.001547|0.000250|0.000392|0.000113,-4.9510583011636216e-17
500,ast|triglycerides|RHepatitis|vh_amn|age,70,18,0.0008533000946044922,0.0008759498596191406,0.9741426238432227,0.001819|0.004945|0.006281|0.001165|0.000312|0.000847|0.001076|0.000200|0.000049|0.000134|0.000170|0.000032|0.000007|0.000020|0.000026|0.000005|0.043897|0.119346|0.151583|0.028122|0.007662|0.020832|0.026458|0.004909|0.001663|0.004522|0.005743|0.001065|0.000245|0.000667|0.000847|0.000157|0.001571|0.004272|0.005426|0.001007|0.000271|0.000737|0.000937|0.000174|0.000049|0.000134|0.000170|0.000032|0.000007|0.000020|0.000025|0.000005|0.000615|0.001671|0.002123|0.000394|0.000114|0.000309|0.000392|0.000073|0.000010|0.000026|0.000033|0.000006|0.000002|0.000005|0.000006|0.000001|0.019736|0.053658|0.068152|0.012644|0.003347|0.009101|0.011559|0.002144|0.000075|0.000204|0.000259|0.000048|0.000015|0.000040|0.000051|0.000010|0.000601|0.001633|0.002075|0.000385|0.000107|0.000290|0.000369|0.000068|0.000006|0.000017|0.000021|0.000004|0.000001|0.000003|0.000004|0.000001|0.001278|0.003475|0.004414|0.000819|0.000234|0.000635|0.000807|0.000150|0.000026|0.000070|0.000089|0.000017|0.000006|0.000017|0.000021|0.000004|0.032052|0.087142|0.110680|0.020533|0.006090|0.016557|0.021029|0.003901|0.000614|0.001668|0.002119|0.000393|0.000160|0.000435|0.000553|0.000103|0.001121|0.003049|0.003872|0.000718|0.000208|0.000566|0.000719|0.000133|0.000022|0.000060|0.000076|0.000014|0.000005|0.000015|0.000019|0.000004|0.000129|0.000350|0.000444|0.000082|0.000029|0.000080|0.000102|0.000019|0.000010|0.000026|0.000033|0.000006|0.000002|0.000005|0.000006|0.000001|0.003009|0.008181|0.010391|0.001928|0.000591|0.001607|0.002042|0.000379|0.000075|0.000204|0.000259|0.000048|0.000015|0.000040|0.000051|0.000010|0.000110|0.000298|0.000379|0.000070|0.000024|0.000065|0.000082|0.000015|0.000006|0.000017|0.000021|0.000004|0.000001|0.000003|0.000004|0.000001,0.001819|0.004945|0.006281|0.001165|0.000312|0.000847|0.001076|0.000200|0.000049|0.000134|0.000170|0.000032|0.000007|0.000020|0.000026|0.000005|0.043897|0.119346|0.151583|0.028122|0.007662|0.020832|0.026458|0.004909|0.001663|0.004522|0.005743|0.001065|0.000245|0.000667|0.000847|0.000157|0.001571|0.004272|0.005426|0.001007|0.000271|0.000737|0.000937|0.000174|0.000049|0.000134|0.000170|0.000032|0.000007|0.000020|0.000025|0.000005|0.000615|0.001671|0.002123|0.000394|0.000114|0.000309|0.000392|0.000073|0.000010|0.000026|0.000033|0.000006|0.000002|0.000005|0.000006|0.000001|0.019736|0.053658|0.068152|0.012644|0.003347|0.009101|0.011559|0.002144|0.000075|0.000204|0.000259|0.000048|0.000015|0.000040|0.000051|0.000010|0.000601|0.001633|0.002075|0.000385|0.000107|0.000290|0.000369|0.000068|0.000006|0.000017|0.000021|0.000004|0.000001|0.000003|0.000004|0.000001|0.001278|0.003475|0.004414|0.000819|0.000234|0.000635|0.000807|0.000150|0.000026|0.000070|0.000089|0.000017|0.000006|0.000017|0.000021|0.000004|0.032052|0.087142|0.110680|0.020533|0.006090|0.016557|0.021029|0.003901|0.000614|0.001668|0.002119|0.000393|0.000160|0.000435|0.000553|0.000103|0.001121|0.003049|0.003872|0.000718|0.000208|0.000566|0.000719|0.000133|0.000022|0.000060|0.000076|0.000014|0.000005|0.000015|0.000019|0.000004|0.000129|0.000350|0.000444|0.000082|0.000029|0.000080|0.000102|0.000019|0.000010|0.000026|0.000033|0.000006|0.000002|0.000005|0.000006|0.000001|0.003009|0.008181|0.010391|0.001928|0.000591|0.001607|0.002042|0.000379|0.000075|0.000204|0.000259|0.000048|0.000015|0.000040|0.000051|0.000010|0.000110|0.000298|0.000379|0.000070|0.000024|0.000065|0.000082|0.000015|0.000006|0.000017|0.000021|0.000004|0.000001|0.000003|0.000004|0.000001,8.429599721348186e-17
500,ESR|age|jaundice|hepatalgia|Steatosis,70,25,0.0012767314910888672,0.0012428760528564453,1.0272395933243814,0.058072|0.004115|0.013082|0.000660|0.021031|0.001838|0.004735|0.000277|0.127279|0.009004|0.035987|0.002131|0.048639|0.003962|0.013785|0.000927|0.142417|0.010581|0.041586|0.002632|0.056821|0.004798|0.016611|0.001183|0.022843|0.001828|0.006776|0.000467|0.009704|0.000858|0.002879|0.000219|0.005157|0.000505|0.001386|0.000103|0.002217|0.000249|0.000585|0.000046|0.029171|0.002118|0.008571|0.000527|0.014238|0.001049|0.004180|0.000257|0.046608|0.003159|0.013733|0.000792|0.023664|0.001631|0.006965|0.000401|0.010719|0.000679|0.003180|0.000174|0.005603|0.000355|0.001662|0.000091|0.006614|0.000914|0.001423|0.000208|0.003609|0.000405|0.000685|0.000086|0.021093|0.003092|0.005959|0.000776|0.010648|0.001385|0.002882|0.000343|0.030966|0.003970|0.008877|0.000999|0.016741|0.001867|0.004535|0.000462|0.006435|0.000726|0.001909|0.000185|0.003288|0.000352|0.000975|0.000090,0.058072|0.004115|0.013082|0.000660|0.021031|0.001838|0.004735|0.000277|0.127279|0.009004|0.035987|0.002131|0.048639|0.003962|0.013785|0.000927|0.142417|0.010581|0.041586|0.002632|0.056821|0.004798|0.016611|0.001183|0.022843|0.001828|0.006776|0.000467|0.009704|0.000858|0.002879|0.000219|0.005157|0.000505|0.001386|0.000103|0.002217|0.000249|0.000585|0.000046|0.029171|0.002118|0.008571|0.000527|0.014238|0.001049|0.004180|0.000257|0.046608|0.003159|0.013733|0.000792|0.023664|0.001631|0.006965|0.000401|0.010719|0.000679|0.003180|0.000174|0.005603|0.000355|0.001662|0.000091|0.006614|0.000914|0.001423|0.000208|0.003609|0.000405|0.000685|0.000086|0.021093|0.003092|0.005959|0.000776|0.010648|0.001385|0.002882|0.000343|0.030966|0.003970|0.008877|0.000999|0.016741|0.001867|0.004535|0.000462|0.006435|0.000726|0.001909|0.000185|0.003288|0.000352|0.000975|0.000090,0.0
500,urea|injections|fatigue|spleen|PBC,70,22,0.0010776519775390625,0.0009565353393554688,1.1266201395812563,0.005413|0.004240|0.000907|0.000709|0.006073|0.004758|0.001037|0.000812|0.003714|0.002904|0.000569|0.000446|0.004064|0.003177|0.000646|0.000507|0.138176|0.083830|0.021093|0.012781|0.154897|0.093973|0.024119|0.014614|0.095107|0.057710|0.013566|0.008222|0.104040|0.063131|0.015424|0.009347|0.007382|0.004783|0.001153|0.000749|0.008277|0.005363|0.001318|0.000857|0.005077|0.003288|0.000737|0.000479|0.005555|0.003597|0.000837|0.000544,0.005413|0.004240|0.000907|0.000709|0.006073|0.004758|0.001037|0.000812|0.003714|0.002904|0.000569|0.000446|0.004064|0.003177|0.000646|0.000507|0.138176|0.083830|0.021093|0.012781|0.154897|0.093973|0.024119|0.014614|0.095107|0.057710|0.013566|0.008222|0.104040|0.063131|0.015424|0.009347|0.007382|0.004783|0.001153|0.000749|0.008277|0.005363|0.001318|0.000857|0.005077|0.003288|0.000737|0.000479|0.005555|0.003597|0.000837|0.000544,1.3346095213929158e-16
500,flatulence|inr|platelet|RHepatitis|hbeag,70,24,0.0010943412780761719,0.0010161399841308594,1.0769591740966682,0.071360|0.000288|0.001755|0.000007|0.308883|0.001243|0.007597|0.000031|0.030339|0.000123|0.000746|0.000003|0.029381|0.000111|0.000723|0.000003|0.004592|0.000018|0.000113|0.000000|0.019889|0.000080|0.000488|0.000002|0.001982|0.000008|0.000049|0.000000|0.002282|0.000007|0.000056|0.000000|0.008780|0.000036|0.000216|0.000001|0.038882|0.000159|0.000956|0.000004|0.003551|0.000014|0.000087|0.000000|0.006960|0.000025|0.000171|0.000001|0.060300|0.000243|0.001483|0.000006|0.261013|0.001050|0.006420|0.000026|0.025637|0.000104|0.000631|0.000003|0.024826|0.000094|0.000611|0.000002|0.003880|0.000016|0.000095|0.000000|0.016807|0.000067|0.000412|0.000002|0.001675|0.000007|0.000041|0.000000|0.001928|0.000006|0.000048|0.000000|0.007420|0.000030|0.000182|0.000001|0.032857|0.000134|0.000807|0.000003|0.003000|0.000012|0.000074|0.000000|0.005880|0.000021|0.000144|0.000001,0.071360|0.000288|0.001755|0.000007|0.308883|0.001243|0.007597|0.000031|0.030339|0.000123|0.000746|0.000003|0.029381|0.000111|0.000723|0.000003|0.004592|0.000018|0.000113|0.000000|0.019889|0.000080|0.000488|0.000002|0.001982|0.000008|0.000049|0.000000|0.002282|0.000007|0.000056|0.000000|0.008780|0.000036|0.000216|0.000001|0.038882|0.000159|0.000956|0.000004|0.003551|0.000014|0.000087|0.000000|0.006960|0.000025|0.000171|0.000001|0.060300|0.000243|0.001483|0.000006|0.261013|0.001050|0.006420|0.000026|0.025637|0.000104|0.000631|0.000003|0.024826|0.000094|0.000611|0.000002|0.003880|0.000016|0.000095|0.000000|0.016807|0.000067|0.000412|0.000002|0.001675|0.000007|0.000041|0.000000|0.001928|0.000006|0.000048|0.000000|0.007420|0.000030|0.000182|0.000001|0.032857|0.000134|0.000807|0.000003|0.003000|0.000012|0.000074|0.000000|0.005880|0.000021|0.000144|0.000001,1.4128329133242975e-16
500,edema|phosphatase|nausea|edge|pain,70,23,0.0010352134704589844,0.0009293556213378906,1.1139045664443303,0.176658|0.053805|0.056705|0.017271|0.066885|0.020371|0.021508|0.006551|0.059060|0.017988|0.017012|0.005181|0.023407|0.007129|0.006682|0.002035|0.121299|0.036945|0.039364|0.011989|0.047661|0.014516|0.015483|0.004716|0.030146|0.009182|0.012171|0.003707|0.011430|0.003481|0.004650|0.001416|0.009687|0.002950|0.002867|0.000873|0.003829|0.001166|0.001104|0.000336|0.020297|0.006182|0.007652|0.002330|0.007973|0.002428|0.003005|0.000915,0.176658|0.053805|0.056705|0.017271|0.066885|0.020371|0.021508|0.006551|0.059060|0.017988|0.017012|0.005181|0.023407|0.007129|0.006682|0.002035|0.121299|0.036945|0.039364|0.011989|0.047661|0.014516|0.015483|0.004716|0.030146|0.009182|0.012171|0.003707|0.011430|0.003481|0.004650|0.001416|0.009687|0.002950|0.002867|0.000873|0.003829|0.001166|0.001104|0.000336|0.020297|0.006182|0.007652|0.002330|0.007973|0.002428|0.003005|0.000915,3.995718159532585e-16
500,ChHepatitis|edge|hcv_anti|ascites|bilirubin,70,22,0.0010116100311279297,0.0010476112365722656,0.9656349567592171,0.033368|0.337037|0.127189|0.018377|0.006080|0.061469|0.023199|0.003351|0.000083|0.000843|0.000318|0.000046|0.000015|0.000154|0.000058|0.000008|0.011301|0.102838|0.039026|0.005833|0.002045|0.018701|0.007096|0.001059|0.000028|0.000257|0.000098|0.000015|0.000005|0.000047|0.000018|0.000003|0.004963|0.053756|0.018426|0.002969|0.000902|0.009782|0.003333|0.000539|0.000000|0.000000|0.000000|0.000000|0.000000|0.000000|0.000000|0.000000|0.002028|0.020561|0.011285|0.001461|0.000364|0.003703|0.002003|0.000261|0.000000|0.000000|0.000000|0.000000|0.000000|0.000000|0.000000|0.000000|0.000795|0.032017|0.006055|0.001911|0.000144|0.005840|0.001103|0.000347|0.000000|0.000000|0.000000|0.000000|0.000000|0.000000|0.000000|0.000000|0.000517|0.009606|0.002152|0.000834|0.000092|0.001748|0.000389|0.000149|0.000000|0.000000|0.000000|0.000000|0.000000|0.000000|0.000000|0.000000,0.033368|0.337037|0.127189|0.018377|0.006080|0.061469|0.023199|0.003351|0.000083|0.000843|0.000318|0.000046|0.000015|0.000154|0.000058|0.000008|0.011301|0.102838|0.039026|0.005833|0.002045|0.018701|0.007096|0.001059|0.000028|0.000257|0.000098|0.000015|0.000005|0.000047|0.000018|0.000003|0.004963|0.053756|0.018426|0.002969|0.000902|0.009782|0.003333|0.000539|0.000000|0.000000|0.000000|0.000000|0.000000|0.000000|0.000000|0.000000|0.002028|0.020561|0.011285|0.001461|0.000364|0.003703|0.002003|0.000261|0.000000|0.000000|0.000000|0.000000|0.000000|0.000000|0.000000|0.000000|0.000795|0.032017|0.006055|0.001911|0.000144|0.005840|0.001103|0.000347|0.000000|0.000000|0.000000|0.000000|0.000000|0.000000|0.000000|0.000000|0.000517|0.009606|0.002152|0.000834|0.000092|0.001748|0.000389|0.000149|0.000000|0.000000|0.000000|0.000000|0.000000|0.000000|0.000000|0.000000,0.0
500,ascites|pressure_ruq|Cirrhosis|nausea|hepatomegaly,70,25,0.0011715888977050781,0.0012054443359375,0.9719145569620253,0.113530|0.239433|0.044307|0.092097|0.003235|0.005163|0.001214|0.002012|0.005254|0.009246|0.001997|0.003585|0.071303|0.149760|0.027827|0.057604|0.001935|0.003033|0.000724|0.001183|0.003054|0.005289|0.001158|0.002053|0.020720|0.043698|0.008086|0.016808|0.000565|0.000902|0.000212|0.000351|0.000918|0.001615|0.000349|0.000626|0.013013|0.027332|0.005079|0.010513|0.000338|0.000530|0.000127|0.000207|0.000533|0.000924|0.000202|0.000358,0.113530|0.239433|0.044307|0.092097|0.003235|0.005163|0.001214|0.002012|0.005254|0.009246|0.001997|0.003585|0.071303|0.149760|0.027827|0.057604|0.001935|0.003033|0.000724|0.001183|0.003054|0.005289|0.001158|0.002053|0.020720|0.043698|0.008086|0.016808|0.000565|0.000902|0.000212|0.000351|0.000918|0.001615|0.000349|0.000626|0.013013|0.027332|0.005079|0.010513|0.000338|0.000530|0.000127|0.000207|0.000533|0.000924|0.000202|0.000358,4.973796217145012e-18
500,anorexia|le_cells|THepatitis|proteins|surgery,70,21,0.0008683204650878906,0.0008418560028076172,1.0314358538657604,0.395128|0.252622|0.007254|0.004638|0.019962|0.012763|0.000363|0.000232|0.029982|0.019169|0.000550|0.000352|0.001515|0.000968|0.000028|0.000018|0.135875|0.086871|0.002494|0.001595|0.005796|0.003706|0.000105|0.000067|0.010310|0.006592|0.000189|0.000121|0.000440|0.000281|0.000008|0.000005,0.395128|0.252622|0.007254|0.004638|0.019962|0.012763|0.000363|0.000232|0.029982|0.019169|0.000550|0.000352|0.001515|0.000968|0.000028|0.000018|0.135875|0.086871|0.002494|0.001595|0.005796|0.003706|0.000105|0.000067|0.010310|0.006592|0.000189|0.000121|0.000440|0.000281|0.000008|0.000005,-3.41928884211565e-16
500,amylase|pain|hbc_anti|cholesterol|encephalopathy,70,21,0.0009968280792236328,0.0009071826934814453,1.0988173455978976,0.003933|0.000123|0.001024|0.000049|0.000363|0.000021|0.000440|0.000014|0.000115|0.000006|0.000041|0.000002|0.001297|0.000035|0.000259|0.000011|0.000074|0.000004|0.000145|0.000004|0.000029|0.000001|0.000008|0.000000|0.473063|0.014857|0.123153|0.005916|0.043613|0.002577|0.052861|0.001643|0.013827|0.000664|0.004940|0.000291|0.155970|0.004179|0.031177|0.001310|0.008835|0.000516|0.017449|0.000463|0.003490|0.000147|0.001001|0.000058|0.014751|0.000463|0.003841|0.000185|0.001361|0.000080|0.001649|0.000051|0.000431|0.000021|0.000154|0.000009|0.004864|0.000130|0.000972|0.000041|0.000276|0.000016|0.000544|0.000014|0.000109|0.000005|0.000031|0.000002,0.003933|0.000123|0.001024|0.000049|0.000363|0.000021|0.000440|0.000014|0.000115|0.000006|0.000041|0.000002|0.001297|0.000035|0.000259|0.000011|0.000074|0.000004|0.000145|0.000004|0.000029|0.000001|0.000008|0.000000|0.473063|0.014857|0.123153|0.005916|0.043613|0.002577|0.052861|0.001643|0.013827|0.000664|0.004940|0.000291|0.155970|0.004179|0.031177|0.001310|0.008835|0.000516|0.017449|0.000463|0.003490|0.000147|0.001001|0.000058|0.014751|0.000463|0.003841|0.000185|0.001361|0.000080|0.001649|0.000051|0.000431|0.000021|0.000154|0.000009|0.004864|0.000130|0.000972|0.000041|0.000276|0.000016|0.000544|0.000014|0.000109|0.000005|0.000031|0.000002,1.9707408434279794e-18
500,density|ast|alcoholism|jaundice|skin,70,26,0.001344442367553711,0.001192331314086914,1.1275744851029794,0.102954|0.061369|0.034304|0.036036|0.015182|0.009162|0.005068|0.005502|0.045050|0.026522|0.014995|0.015561|0.005938|0.003517|0.001978|0.002085|0.075981|0.043866|0.025221|0.025466|0.011342|0.006577|0.003769|0.003875|0.007074|0.004187|0.002354|0.002464|0.001158|0.000687|0.000386|0.000411|0.068039|0.041328|0.022718|0.024505|0.010097|0.006218|0.003379|0.003783|0.029646|0.017722|0.009884|0.010493|0.003924|0.002365|0.001310|0.001416|0.050152|0.029432|0.016677|0.017242|0.007514|0.004434|0.002502|0.002644|0.004666|0.002846|0.001557|0.001688|0.000767|0.000470|0.000256|0.000284,0.102954|0.061369|0.034304|0.036036|0.015182|0.009162|0.005068|0.005502|0.045050|0.026522|0.014995|0.015561|0.005938|0.003517|0.001978|0.002085|0.075981|0.043866|0.025221|0.025466|0.011342|0.006577|0.003769|0.003875|0.007074|0.004187|0.002354|0.002464|0.001158|0.000687|0.000386|0.000411|0.068039|0.041328|0.022718|0.024505|0.010097|0.006218|0.003379|0.003783|0.029646|0.017722|0.009884|0.010493|0.003924|0.002365|0.001310|0.001416|0.050152|0.029432|0.016677|0.017242|0.007514|0.004434|0.002502|0.002644|0.004666|0.002846|0.001557|0.001688|0.000767|0.000470|0.000256|0.000284,-1.0583203331744672e-17
500,ChHepatitis|Hyperbilirubinemia|injections|density|vh_amn,70,18,0.0007610321044921875,0.0007636547088623047,0.9965657196378396,0.219686|0.026759|0.146211|0.017809|0.167138|0.029352|0.111238|0.019535|0.018662|0.002273|0.012206|0.001487|0.014198|0.002493|0.009286|0.001631|0.042340|0.015339|0.028753|0.010417|0.014949|0.002251|0.010152|0.001529|0.003600|0.001304|0.002397|0.000869|0.001271|0.000191|0.000846|0.000127|0.018071|0.008040|0.012054|0.005363|0.006859|0.002267|0.004575|0.001512|0.001535|0.000683|0.001006|0.000448|0.000583|0.000193|0.000382|0.000126,0.219686|0.026759|0.146211|0.017809|0.167138|0.029352|0.111238|0.019535|0.018662|0.002273|0.012206|0.001487|0.014198|0.002493|0.009286|0.001631|0.042340|0.015339|0.028753|0.010417|0.014949|0.002251|0.010152|0.001529|0.003600|0.001304|0.002397|0.000869|0.001271|0.000191|0.000846|0.000127|0.018071|0.008040|0.012054|0.005363|0.006859|0.002267|0.004575|0.001512|0.001535|0.000683|0.001006|0.000448|0.000583|0.000193|0.000382|0.000126,-5.1802787830813124e-17
500,encephalopathy|Cirrhosis|alt|hepatomegaly|fibrosis,70,22,0.001127004623413086,0.0010352134704589844,1.0886688162137264,0.059790|0.001110|0.124292|0.002162|0.101528|0.001049|0.210912|0.001994|0.014773|0.000473|0.029781|0.000784|0.114785|0.001473|0.244867|0.002957|0.000897|0.000695|0.001379|0.001471|0.000897|0.000058|0.001379|0.000146|0.000238|0.000058|0.000380|0.000146|0.003475|0.001438|0.004401|0.003016|0.001284|0.001825|0.001764|0.003845|0.002545|0.002401|0.003701|0.005053|0.000230|0.000672|0.000143|0.001429|0.002583|0.000525|0.003999|0.001286|0.001801|0.000033|0.003923|0.000068|0.003057|0.000032|0.006658|0.000063|0.000446|0.000014|0.000940|0.000025|0.003456|0.000044|0.007727|0.000093|0.000068|0.000053|0.000120|0.000126|0.000068|0.000004|0.000120|0.000012|0.000018|0.000004|0.000033|0.000012|0.000267|0.000110|0.000382|0.000257|0.000149|0.000212|0.000206|0.000448|0.000295|0.000278|0.000432|0.000589|0.000027|0.000078|0.000017|0.000167|0.000300|0.000061|0.000466|0.000150,0.059790|0.001110|0.124292|0.002162|0.101528|0.001049|0.210912|0.001994|0.014773|0.000473|0.029781|0.000784|0.114785|0.001473|0.244867|0.002957|0.000897|0.000695|0.001379|0.001471|0.000897|0.000058|0.001379|0.000146|0.000238|0.000058|0.000380|0.000146|0.003475|0.001438|0.004401|0.003016|0.001284|0.001825|0.001764|0.003845|0.002545|0.002401|0.003701|0.005053|0.000230|0.000672|0.000143|0.001429|0.002583|0.000525|0.003999|0.001286|0.001801|0.000033|0.003923|0.000068|0.003057|0.000032|0.006658|0.000063|0.000446|0.000014|0.000940|0.000025|0.003456|0.000044|0.007727|0.000093|0.000068|0.000053|0.000120|0.000126|0.000068|0.000004|0.000120|0.000012|0.000018|0.000004|0.000033|0.000012|0.000267|0.000110|0.000382|0.000257|0.000149|0.000212|0.000206|0.000448|0.000295|0.000278|0.000432|0.000589|0.000027|0.000078|0.000017|0.000167|0.000300|0.000061|0.000466|0.000150,-1.6397639002660464e-16
500,PBC|edema|choledocholithotomy|anorexia|ascites,70,22,0.0009171962738037109,0.0009033679962158203,1.0153074689891792,0.286170|0.052118|0.097671|0.017788|0.045846|0.008350|0.015648|0.002850|0.050470|0.009164|0.017225|0.003128|0.008047|0.001461|0.002746|0.000499|0.176005|0.032054|0.060072|0.010940|0.028197|0.005136|0.009624|0.001753|0.031041|0.005636|0.010594|0.001924|0.004949|0.000899|0.001689|0.000307,0.286170|0.052118|0.097671|0.017788|0.045846|0.008350|0.015648|0.002850|0.050470|0.009164|0.017225|0.003128|0.008047|0.001461|0.002746|0.000499|0.176005|0.032054|0.060072|0.010940|0.028197|0.005136|0.009624|0.001753|0.031041|0.005636|0.010594|0.001924|0.004949|0.000899|0.001689|0.000307,3.3311225980351436e-17
500,consciousness|platelet|hbsag_anti|phosphatase|fat,70,25,0.0012888908386230469,0.0011210441589355469,1.1497235219055721,0.057193|0.018472|0.018878|0.006085|0.039326|0.012687|0.001489|0.000480|0.000538|0.000173|0.001087|0.000351|0.247307|0.079873|0.081531|0.026280|0.171617|0.055367|0.006435|0.002076|0.002324|0.000749|0.004750|0.001532|0.024328|0.007857|0.008068|0.002600|0.016475|0.005315|0.000634|0.000205|0.000230|0.000074|0.000455|0.000147|0.026969|0.008714|0.007134|0.002300|0.018173|0.005866|0.000713|0.000230|0.000203|0.000065|0.000503|0.000162|0.001494|0.000483|0.000481|0.000155|0.001015|0.000327|0.000039|0.000013|0.000014|0.000004|0.000028|0.000009|0.006560|0.002119|0.002103|0.000678|0.004566|0.001473|0.000171|0.000055|0.000060|0.000019|0.000126|0.000041|0.000627|0.000203|0.000202|0.000065|0.000421|0.000136|0.000016|0.000005|0.000006|0.000002|0.000012|0.000004|0.000868|0.000281|0.000208|0.000067|0.000578|0.000187|0.000023|0.000007|0.000006|0.000002|0.000016|0.000005,0.057193|0.018472|0.018878|0.006085|0.039326|0.012687|0.001489|0.000480|0.000538|0.000173|0.001087|0.000351|0.247307|0.079873|0.081531|0.026280|0.171617|0.055367|0.006435|0.002076|0.002324|0.000749|0.004750|0.001532|0.024328|0.007857|0.008068|0.002600|0.016475|0.005315|0.000634|0.000205|0.000230|0.000074|0.000455|0.000147|0.026969|0.008714|0.007134|0.002300|0.018173|0.005866|0.000713|0.000230|0.000203|0.000065|0.000503|0.000162|0.001494|0.000483|0.000481|0.000155|0.001015|0.000327|0.000039|0.000013|0.000014|0.000004|0.000028|0.000009|0.006560|0.002119|0.002103|0.000678|0.004566|0.001473|0.000171|0.000055|0.000060|0.000019|0.000126|0.000041|0.000627|0.000203|0.000202|0.000065|0.000421|0.000136|0.000016|0.000005|0.000006|0.000002|0.000012|0.000004|0.000868|0.000281|0.000208|0.000067|0.000578|0.000187|0.000023|0.000007|0.000006|0.000002|0.000016|0.000005,-5.58315627335207e-17
500,fatigue|hbc_anti|spleen|platelet|skin,70,26,0.0012488365173339844,0.0011801719665527344,1.0581818181818181,0.036046|0.023854|0.153783|0.106075|0.015635|0.009759|0.012144|0.012776|0.004958|0.003562|0.021283|0.015726|0.002125|0.001450|0.002949|0.003227|0.004047|0.002682|0.017262|0.011924|0.001756|0.001097|0.001354|0.001429|0.000552|0.000395|0.002370|0.001745|0.000237|0.000161|0.000320|0.000350|0.040100|0.026385|0.171112|0.117324|0.017386|0.010796|0.013610|0.014204|0.005659|0.004057|0.024304|0.017917|0.002423|0.001651|0.003367|0.003692|0.004488|0.002957|0.019145|0.013148|0.001947|0.001210|0.001511|0.001583|0.000630|0.000450|0.002706|0.001988|0.000270|0.000183|0.000365|0.000400,0.036046|0.023854|0.153783|0.106075|0.015635|0.009759|0.012144|0.012776|0.004958|0.003562|0.021283|0.015726|0.002125|0.001450|0.002949|0.003227|0.004047|0.002682|0.017262|0.011924|0.001756|0.001097|0.001354|0.001429|0.000552|0.000395|0.002370|0.001745|0.000237|0.000161|0.000320|0.000350|0.040100|0.026385|0.171112|0.117324|0.017386|0.010796|0.013610|0.014204|0.005659|0.004057|0.024304|0.017917|0.002423|0.001651|0.003367|0.003692|0.004488|0.002957|0.019145|0.013148|0.001947|0.001210|0.001511|0.001583|0.000630|0.000450|0.002706|0.001988|0.000270|0.000183|0.000365|0.000400,-8.113339262203782e-17
500,ChHepatitis|proteins|gallstones|injections|pressure_ruq,70,18,0.0007288455963134766,0.0007519721984863281,0.9692454026632847,0.227699|0.153868|0.170108|0.114951|0.037833|0.017471|0.043273|0.019983|0.004286|0.002896|0.003202|0.002164|0.000712|0.000329|0.000815|0.000376|0.057772|0.033013|0.016015|0.009151|0.010223|0.002404|0.004592|0.001080|0.000898|0.000513|0.000249|0.000142|0.000159|0.000037|0.000071|0.000017|0.022796|0.017661|0.007673|0.005945|0.004766|0.001121|0.002090|0.000491|0.000421|0.000326|0.000142|0.000110|0.000088|0.000021|0.000039|0.000009,0.227699|0.153868|0.170108|0.114951|0.037833|0.017471|0.043273|0.019983|0.004286|0.002896|0.003202|0.002164|0.000712|0.000329|0.000815|0.000376|0.057772|0.033013|0.016015|0.009151|0.010223|0.002404|0.004592|0.001080|0.000898|0.000513|0.000249|0.000142|0.000159|0.000037|0.000071|0.000017|0.022796|0.017661|0.007673|0.005945|0.004766|0.001121|0.002090|0.000491|0.000421|0.000326|0.000142|0.000110|0.000088|0.000021|0.000039|0.000009,5.370713551691215e-17
500,urea|skin|nausea|ast|ggtp,70,27,0.0015180110931396484,0.0015175342559814453,1.0003142183817753,0.001019|0.001063|0.000761|0.004530|0.000457|0.000475|0.000334|0.001816|0.000765|0.000779|0.000633|0.003225|0.000078|0.000085|0.000067|0.000277|0.000404|0.000411|0.000303|0.001701|0.000183|0.000189|0.000133|0.000727|0.000298|0.000300|0.000248|0.001227|0.000030|0.000031|0.000025|0.000110|0.000759|0.001127|0.000766|0.003075|0.000325|0.000499|0.000328|0.001178|0.000544|0.000810|0.000580|0.002072|0.000057|0.000089|0.000067|0.000194|0.000298|0.000442|0.000303|0.001150|0.000129|0.000199|0.000131|0.000471|0.000209|0.000313|0.000225|0.000789|0.000022|0.000033|0.000026|0.000077|0.023962|0.023210|0.016569|0.108868|0.010988|0.010607|0.007437|0.044410|0.018196|0.016851|0.014002|0.078183|0.001883|0.001865|0.001474|0.006725|0.009523|0.008930|0.006617|0.040859|0.004401|0.004234|0.002975|0.017776|0.007119|0.006520|0.005495|0.029726|0.000725|0.000696|0.000558|0.002683|0.016397|0.023098|0.015530|0.068318|0.007298|0.010491|0.006892|0.027049|0.011982|0.016648|0.012072|0.046921|0.001225|0.001777|0.001281|0.004216|0.006451|0.009042|0.006147|0.025496|0.002910|0.004189|0.002755|0.010832|0.004617|0.006464|0.004693|0.017866|0.000471|0.000667|0.000494|0.001677|0.001306|0.001289|0.000921|0.005900|0.000596|0.000586|0.000411|0.002397|0.000989|0.000938|0.000775|0.004229|0.000102|0.000103|0.000082|0.000364|0.000519|0.000496|0.000368|0.002215|0.000238|0.000234|0.000164|0.000959|0.000387|0.000363|0.000304|0.001608|0.000039|0.000038|0.000031|0.000145|0.000913|0.001305|0.000880|0.003777|0.000402|0.000589|0.000387|0.001483|0.000664|0.000940|0.000679|0.002581|0.000068|0.000101|0.000074|0.000235|0.000359|0.000511|0.000348|0.001410|0.000160|0.000235|0.000154|0.000594|0.000256|0.000364|0.000264|0.000983|0.000026|0.000038|0.000028|0.000093,0.001019|0.001063|0.000761|0.004530|0.000457|0.000475|0.000334|0.001816|0.000765|0.000779|0.000633|0.003225|0.000078|0.000085|0.000067|0.000277|0.000404|0.000411|0.000303|0.001701|0.000183|0.000189|0.000133|0.000727|0.000298|0.000300|0.000248|0.001227|0.000030|0.000031|0.000025|0.000110|0.000759|0.001127|0.000766|0.003075|0.000325|0.000499|0.000328|0.001178|0.000544|0.000810|0.000580|0.002072|0.000057|0.000089|0.000067|0.000194|0.000298|0.000442|0.000303|0.001150|0.000129|0.000199|0.000131|0.000471|0.000209|0.000313|0.000225|0.000789|0.000022|0.000033|0.000026|0.000077|0.023962|0.023210|0.016569|0.108868|0.010988|0.010607|0.007437|0.044410|0.018196|0.016851|0.014002|0.078183|0.001883|0.001865|0.001474|0.006725|0.009523|0.008930|0.006617|0.040859|0.004401|0.004234|0.002975|0.017776|0.007119|0.006520|0.005495|0.029726|0.000725|0.000696|0.000558|0.002683|0.016397|0.023098|0.015530|0.068318|0.007298|0.010491|0.006892|0.027049|0.011982|0.016648|0.012072|0.046921|0.001225|0.001777|0.001281|0.004216|0.006451|0.009042|0.006147|0.025496|0.002910|0.004189|0.002755|0.010832|0.004617|0.006464|0.004693|0.017866|0.000471|0.000667|0.000494|0.001677|0.001306|0.001289|0.000921|0.005900|0.000596|0.000586|0.000411|0.002397|0.000989|0.000938|0.000775|0.004229|0.000102|0.000103|0.000082|0.000364|0.000519|0.000496|0.000368|0.002215|0.000238|0.000234|0.000164|0.000959|0.000387|0.000363|0.000304|0.001608|0.000039|0.000038|0.000031|0.000145|0.000913|0.001305|0.000880|0.003777|0.000402|0.000589|0.000387|0.001483|0.000664|0.000940|0.000679|0.002581|0.000068|0.000101|0.000074|0.000235|0.000359|0.000511|0.000348|0.001410|0.000160|0.000235|0.000154|0.000594|0.000256|0.000364|0.000264|0.000983|0.000026|0.000038|0.000028|0.000093,1.3924344565726743e-16
500,consciousness|ggtp|fibrosis|phosphatase|vh_amn,70,23,0.001161813735961914,0.0011374950408935547,1.0213791657933347,0.054035|0.010349|0.019657|0.002962|0.038247|0.006360|0.002615|0.000795|0.000091|0.000026|0.001533|0.000462|0.060826|0.011149|0.023148|0.003463|0.044739|0.007246|0.002451|0.000740|0.000091|0.000025|0.001430|0.000428|0.045364|0.009927|0.014496|0.002214|0.029591|0.005324|0.002666|0.000825|0.000086|0.000025|0.001544|0.000474|0.225912|0.042106|0.078727|0.011707|0.162354|0.026476|0.010141|0.003072|0.000404|0.000111|0.005848|0.001755|0.001408|0.000267|0.000506|0.000076|0.001001|0.000166|0.000092|0.000028|0.000003|0.000001|0.000055|0.000017|0.001754|0.000322|0.000659|0.000098|0.001288|0.000208|0.000092|0.000028|0.000003|0.000001|0.000057|0.000017|0.001286|0.000280|0.000408|0.000062|0.000841|0.000151|0.000104|0.000032|0.000003|0.000001|0.000067|0.000021|0.005741|0.001068|0.001946|0.000290|0.004117|0.000673|0.000356|0.000108|0.000012|0.000003|0.000203|0.000061,0.054035|0.010349|0.019657|0.002962|0.038247|0.006360|0.002615|0.000795|0.000091|0.000026|0.001533|0.000462|0.060826|0.011149|0.023148|0.003463|0.044739|0.007246|0.002451|0.000740|0.000091|0.000025|0.001430|0.000428|0.045364|0.009927|0.014496|0.002214|0.029591|0.005324|0.002666|0.000825|0.000086|0.000025|0.001544|0.000474|0.225912|0.042106|0.078727|0.011707|0.162354|0.026476|0.010141|0.003072|0.000404|0.000111|0.005848|0.001755|0.001408|0.000267|0.000506|0.000076|0.001001|0.000166|0.000092|0.000028|0.000003|0.000001|0.000055|0.000017|0.001754|0.000322|0.000659|0.000098|0.001288|0.000208|0.000092|0.000028|0.000003|0.000001|0.000057|0.000017|0.001286|0.000280|0.000408|0.000062|0.000841|0.000151|0.000104|0.000032|0.000003|0.000001|0.000067|0.000021|0.005741|0.001068|0.001946|0.000290|0.004117|0.000673|0.000356|0.000108|0.000012|0.000003|0.000203|0.000061,5.9238164031897e-17
500,consciousness|alcoholism|sex|Cirrhosis|fatigue,70,21,0.0009267330169677734,0.0008332729339599609,1.1121602288984263,0.219892|0.243767|0.004065|0.004672|0.007420|0.008644|0.162459|0.180099|0.003057|0.003513|0.005469|0.006371|0.029973|0.033983|0.001514|0.001716|0.002084|0.002363|0.022144|0.025107|0.001138|0.001290|0.001536|0.001742|0.006028|0.006683|0.000186|0.000214|0.000323|0.000376|0.003843|0.004260|0.000073|0.000084|0.000231|0.000269|0.000822|0.000932|0.000069|0.000079|0.000091|0.000103|0.000524|0.000594|0.000027|0.000031|0.000065|0.000074,0.219892|0.243767|0.004065|0.004672|0.007420|0.008644|0.162459|0.180099|0.003057|0.003513|0.005469|0.006371|0.029973|0.033983|0.001514|0.001716|0.002084|0.002363|0.022144|0.025107|0.001138|0.001290|0.001536|0.001742|0.006028|0.006683|0.000186|0.000214|0.000323|0.000376|0.003843|0.004260|0.000073|0.000084|0.000231|0.000269|0.000822|0.000932|0.000069|0.000079|0.000091|0.000103|0.000524|0.000594|0.000027|0.000031|0.000065|0.000074,9.080813774702854e-17
500,pain|bilirubin|fat|ast|hepatalgia,70,26,0.0013468265533447266,0.0012745857238769531,1.0566778900112233,0.014196|0.003724|0.006060|0.001602|0.009621|0.002526|0.000945|0.000240|0.004356|0.001131|0.001885|0.000495|0.002948|0.000766|0.000288|0.000072|0.129802|0.036309|0.056182|0.015655|0.096680|0.026958|0.009081|0.002471|0.041820|0.011710|0.018050|0.005034|0.031226|0.008711|0.002938|0.000800|0.051838|0.014412|0.021719|0.006021|0.036076|0.010025|0.003628|0.000979|0.017013|0.004722|0.007127|0.001972|0.011797|0.003276|0.001188|0.000320|0.008032|0.002270|0.003320|0.000947|0.005776|0.001638|0.000601|0.000162|0.002595|0.000738|0.001101|0.000317|0.001865|0.000533|0.000191|0.000052|0.003329|0.000878|0.001407|0.000375|0.002228|0.000589|0.000226|0.000057|0.001020|0.000267|0.000438|0.000116|0.000682|0.000179|0.000069|0.000017|0.043516|0.012095|0.018845|0.005217|0.032270|0.008938|0.003057|0.000828|0.014002|0.003896|0.006047|0.001675|0.010406|0.002883|0.000988|0.000268|0.013497|0.003662|0.005625|0.001525|0.009335|0.002534|0.000918|0.000242|0.004452|0.001205|0.001859|0.000503|0.003065|0.000831|0.000301|0.000079|0.001870|0.000521|0.000755|0.000213|0.001375|0.000387|0.000148|0.000039|0.000600|0.000168|0.000250|0.000071|0.000444|0.000126|0.000047|0.000013,0.014196|0.003724|0.006060|0.001602|0.009621|0.002526|0.000945|0.000240|0.004356|0.001131|0.001885|0.000495|0.002948|0.000766|0.000288|0.000072|0.129802|0.036309|0.056182|0.015655|0.096680|0.026958|0.009081|0.002471|0.041820|0.011710|0.018050|0.005034|0.031226|0.008711|0.002938|0.000800|0.051838|0.014412|0.021719|0.006021|0.036076|0.010025|0.003628|0.000979|0.017013|0.004722|0.007127|0.001972|0.011797|0.003276|0.001188|0.000320|0.008032|0.002270|0.003320|0.000947|0.005776|0.001638|0.000601|0.000162|0.002595|0.000738|0.001101|0.000317|0.001865|0.000533|0.000191|0.000052|0.003329|0.000878|0.001407|0.000375|0.002228|0.000589|0.000226|0.000057|0.001020|0.000267|0.000438|0.000116|0.000682|0.000179|0.000069|0.000017|0.043516|0.012095|0.018845|0.005217|0.032270|0.008938|0.003057|0.000828|0.014002|0.003896|0.006047|0.001675|0.010406|0.002883|0.000988|0.000268|0.013497|0.003662|0.005625|0.001525|0.009335|0.002534|0.000918|0.000242|0.004452|0.001205|0.001859|0.000503|0.003065|0.000831|0.000301|0.000079|0.001870|0.000521|0.000755|0.000213|0.001375|0.000387|0.000148|0.000039|0.000600|0.000168|0.000250|0.000071|0.000444|0.000126|0.000047|0.000013,1.7758335202858604e-17
500,fatigue|ggtp|RHepatitis|Cirrhosis|obesity,70,21,0.0010082721710205078,0.0010099411010742188,0.9983474976392823,0.060314|0.003207|0.001107|0.000128|0.002044|0.000184|0.000184|0.000014|0.000016|0.000003|0.000020|0.000003|0.068900|0.003611|0.001013|0.000116|0.001912|0.000169|0.000577|0.000033|0.000016|0.000003|0.000022|0.000003|0.049094|0.002553|0.000815|0.000078|0.001701|0.000127|0.000184|0.000014|0.000016|0.000003|0.000020|0.000003|0.240220|0.013300|0.006018|0.000779|0.009934|0.001040|0.003312|0.000169|0.000018|0.000003|0.000031|0.000004|0.065159|0.003467|0.001252|0.000142|0.002330|0.000207|0.000714|0.000054|0.000072|0.000010|0.000109|0.000013|0.073708|0.003897|0.001235|0.000143|0.002275|0.000206|0.002091|0.000122|0.000073|0.000010|0.000114|0.000013|0.054187|0.002824|0.000961|0.000092|0.001999|0.000149|0.000714|0.000054|0.000072|0.000010|0.000109|0.000013|0.259746|0.014339|0.006500|0.000829|0.010872|0.001117|0.013650|0.000702|0.000181|0.000017|0.000387|0.000028,0.060314|0.003207|0.001107|0.000128|0.002044|0.000184|0.000184|0.000014|0.000016|0.000003|0.000020|0.000003|0.068900|0.003611|0.001013|0.000116|0.001912|0.000169|0.000577|0.000033|0.000016|0.000003|0.000022|0.000003|0.049094|0.002553|0.000815|0.000078|0.001701|0.000127|0.000184|0.000014|0.000016|0.000003|0.000020|0.000003|0.240220|0.013300|0.006018|0.000779|0.009934|0.001040|0.003312|0.000169|0.000018|0.000003|0.000031|0.000004|0.065159|0.003467|0.001252|0.000142|0.002330|0.000207|0.000714|0.000054|0.000072|0.000010|0.000109|0.000013|0.073708|0.003897|0.001235|0.000143|0.002275|0.000206|0.002091|0.000122|0.000073|0.000010|0.000114|0.000013|0.054187|0.002824|0.000961|0.000092|0.001999|0.000149|0.000714|0.000054|0.000072|0.000010|0.000109|0.000013|0.259746|0.014339|0.006500|0.000829|0.010872|0.001117|0.013650|0.000702|0.000181|0.000017|0.000387|0.000028,-2.4624232292470014e-16
500,bilirubin|vh_amn|hbeag|upper_pain|sex,70,20,0.0008955001831054688,0.0009965896606445312,0.8985645933014355,0.024562|0.007198|0.016689|0.004896|0.000123|0.000034|0.000084|0.000023|0.004145|0.001282|0.002820|0.000872|0.000000|0.000000|0.000000|0.000000|0.167819|0.167020|0.109987|0.109842|0.000779|0.000791|0.000511|0.000521|0.030890|0.030175|0.020209|0.019815|0.000000|0.000000|0.000000|0.000000|0.086510|0.037771|0.056255|0.024236|0.000414|0.000183|0.000269|0.000117|0.015276|0.006543|0.009951|0.004224|0.000000|0.000000|0.000000|0.000000|0.014743|0.004158|0.009583|0.002738|0.000072|0.000015|0.000047|0.000010|0.002571|0.000927|0.001691|0.000610|0.000000|0.000000|0.000000|0.000000,0.024562|0.007198|0.016689|0.004896|0.000123|0.000034|0.000084|0.000023|0.004145|0.001282|0.002820|0.000872|0.000000|0.000000|0.000000|0.000000|0.167819|0.167020|0.109987|0.109842|0.000779|0.000791|0.000511|0.000521|0.030890|0.030175|0.020209|0.019815|0.000000|0.000000|0.000000|0.000000|0.086510|0.037771|0.056255|0.024236|0.000414|0.000183|0.000269|0.000117|0.015276|0.006543|0.009951|0.004224|0.000000|0.000000|0.000000|0.000000|0.014743|0.004158|0.009583|0.002738|0.000072|0.000015|0.000047|0.000010|0.002571|0.000927|0.001691|0.000610|0.000000|0.000000|0.000000|0.000000,7.821019210836427e-17
500,skin|edge|hbeag|fatigue|spiders,70,26,0.0012722015380859375,0.0012691020965576172,1.0024422318241593,0.169672|0.039598|0.189264|0.044220|0.000697|0.000160|0.000750|0.000173|0.051900|0.014532|0.058004|0.016329|0.000208|0.000054|0.000224|0.000058|0.118199|0.028168|0.130995|0.031309|0.000498|0.000115|0.000535|0.000124|0.037413|0.011628|0.041667|0.013111|0.000150|0.000041|0.000162|0.000044,0.169672|0.039598|0.189264|0.044220|0.000697|0.000160|0.000750|0.000173|0.051900|0.014532|0.058004|0.016329|0.000208|0.000054|0.000224|0.000058|0.118199|0.028168|0.130995|0.031309|0.000498|0.000115|0.000535|0.000124|0.037413|0.011628|0.041667|0.013111|0.000150|0.000041|0.000162|0.000044,0.0
500,spiders|joints|upper_pain|age|alt,70,23,0.0011239051818847656,0.0010120868682861328,1.1104829210836278,0.011423|0.018958|0.002793|0.022057|0.031208|0.051796|0.007631|0.060262|0.039755|0.065982|0.009721|0.076767|0.007400|0.012281|0.001809|0.014289|0.007487|0.012431|0.001831|0.014464|0.020455|0.033962|0.005001|0.039518|0.026058|0.043264|0.006371|0.050341|0.004850|0.008053|0.001186|0.009370|0.001374|0.002280|0.000336|0.002653|0.003583|0.005947|0.000876|0.006919|0.004433|0.007358|0.001084|0.008561|0.000798|0.001325|0.000195|0.001541|0.000901|0.001495|0.000220|0.001740|0.002349|0.003899|0.000574|0.004537|0.002906|0.004825|0.000710|0.005614|0.000523|0.000868|0.000128|0.001011|0.002914|0.004731|0.000719|0.005415|0.007962|0.012925|0.001966|0.014795|0.010143|0.016465|0.002504|0.018847|0.001888|0.003065|0.000466|0.003508|0.001910|0.003101|0.000471|0.003551|0.005217|0.008473|0.001288|0.009702|0.006646|0.010793|0.001640|0.012359|0.001237|0.002009|0.000305|0.002300|0.000351|0.000569|0.000087|0.000651|0.000914|0.001484|0.000226|0.001699|0.001131|0.001836|0.000279|0.002102|0.000204|0.000331|0.000050|0.000378|0.000230|0.000373|0.000057|0.000427|0.000599|0.000973|0.000148|0.001114|0.000741|0.001204|0.000183|0.001378|0.000133|0.000217|0.000033|0.000248,0.011423|0.018958|0.002793|0.022057|0.031208|0.051796|0.007631|0.060262|0.039755|0.065982|0.009721|0.076767|0.007400|0.012281|0.001809|0.014289|0.007487|0.012431|0.001831|0.014464|0.020455|0.033962|0.005001|0.039518|0.026058|0.043264|0.006371|0.050341|0.004850|0.008053|0.001186|0.009370|0.001374|0.002280|0.000336|0.002653|0.003583|0.005947|0.000876|0.006919|0.004433|0.007358|0.001084|0.008561|0.000798|0.001325|0.000195|0.001541|0.000901|0.001495|0.000220|0.001740|0.002349|0.003899|0.000574|0.004537|0.002906|0.004825|0.000710|0.005614|0.000523|0.000868|0.000128|0.001011|0.002914|0.004731|0.000719|0.005415|0.007962|0.012925|0.001966|0.014795|0.010143|0.016465|0.002504|0.018847|0.001888|0.003065|0.000466|0.003508|0.001910|0.003101|0.000471|0.003551|0.005217|0.008473|0.001288|0.009702|0.006646|0.010793|0.001640|0.012359|0.001237|0.002009|0.000305|0.002300|0.000351|0.000569|0.000087|0.000651|0.000914|0.001484|0.000226|0.001699|0.001131|0.001836|0.000279|0.002102|0.000204|0.000331|0.000050|0.000378|0.000230|0.000373|0.000057|0.000427|0.000599|0.000973|0.000148|0.001114|0.000741|0.001204|0.000183|0.001378|0.000133|0.000217|0.000033|0.000248,1.0105157227026682e-17
500,urea|platelet|amylase|edema|injections,70,21,0.0009264945983886719,0.0008471012115478516,1.0937236138474529,0.000025|0.000018|0.000005|0.000003|0.003058|0.002068|0.000557|0.000365|0.000094|0.000065|0.000017|0.000012|0.000111|0.000078|0.000020|0.000014|0.013537|0.009131|0.002402|0.001581|0.000418|0.000289|0.000074|0.000050|0.000010|0.000007|0.000002|0.000001|0.001279|0.000866|0.000237|0.000155|0.000039|0.000027|0.000007|0.000005|0.000013|0.000009|0.000003|0.000002|0.001576|0.001007|0.000402|0.000233|0.000049|0.000032|0.000012|0.000007|0.000584|0.000415|0.000102|0.000071|0.071569|0.048571|0.012504|0.008319|0.002211|0.001536|0.000386|0.000263|0.002538|0.001801|0.000438|0.000306|0.310928|0.210788|0.053647|0.035768|0.009604|0.006667|0.001657|0.001131|0.000247|0.000176|0.000044|0.000030|0.030216|0.020557|0.005370|0.003566|0.000933|0.000650|0.000166|0.000113|0.000257|0.000175|0.000060|0.000037|0.031479|0.020438|0.007345|0.004384|0.000972|0.000646|0.000227|0.000139|0.000032|0.000023|0.000006|0.000004|0.003904|0.002648|0.000690|0.000457|0.000121|0.000084|0.000021|0.000014|0.000139|0.000099|0.000024|0.000017|0.017043|0.011539|0.002962|0.001968|0.000526|0.000365|0.000091|0.000062|0.000013|0.000010|0.000002|0.000002|0.001644|0.001118|0.000295|0.000195|0.000051|0.000035|0.000009|0.000006|0.000015|0.000010|0.000003|0.000002|0.001791|0.001158|0.000429|0.000254|0.000055|0.000037|0.000013|0.000008,0.000025|0.000018|0.000005|0.000003|0.003058|0.002068|0.000557|0.000365|0.000094|0.000065|0.000017|0.000012|0.000111|0.000078|0.000020|0.000014|0.013537|0.009131|0.002402|0.001581|0.000418|0.000289|0.000074|0.000050|0.000010|0.000007|0.000002|0.000001|0.001279|0.000866|0.000237|0.000155|0.000039|0.000027|0.000007|0.000005|0.000013|0.000009|0.000003|0.000002|0.001576|0.001007|0.000402|0.000233|0.000049|0.000032|0.000012|0.000007|0.000584|0.000415|0.000102|0.000071|0.071569|0.048571|0.012504|0.008319|0.002211|0.001536|0.000386|0.000263|0.002538|0.001801|0.000438|0.000306|0.310928|0.210788|0.053647|0.035768|0.009604|0.006667|0.001657|0.001131|0.000247|0.000176|0.000044|0.000030|0.030216|0.020557|0.005370|0.003566|0.000933|0.000650|0.000166|0.000113|0.000257|0.000175|0.000060|0.000037|0.031479|0.020438|0.007345|0.004384|0.000972|0.000646|0.000227|0.000139|0.000032|0.000023|0.000006|0.000004|0.003904|0.002648|0.000690|0.000457|0.000121|0.000084|0.000021|0.000014|0.000139|0.000099|0.000024|0.000017|0.017043|0.011539|0.002962|0.001968|0.000526|0.000365|0.000091|0.000062|0.000013|0.000010|0.000002|0.000002|0.001644|0.001118|0.000295|0.000195|0.000051|0.000035|0.000009|0.000006|0.000015|0.000010|0.000003|0.000002|0.001791|0.001158|0.000429|0.000254|0.000055|0.000037|0.000013|0.000008,0.0
500,le_cells|PBC|anorexia|nausea|hepatotoxic,70,10,0.00041961669921875,0.0003962516784667969,1.058965102286402,0.288996|0.034828|0.110239|0.014248|0.097808|0.012114|0.038132|0.004956|0.157711|0.019006|0.060160|0.007775|0.053376|0.006611|0.020810|0.002704|0.008584|0.001034|0.003274|0.000423|0.002905|0.000360|0.001133|0.000147|0.025312|0.003050|0.009655|0.001248|0.008566|0.001061|0.003340|0.000434,0.288996|0.034828|0.110239|0.014248|0.097808|0.012114|0.038132|0.004956|0.157711|0.019006|0.060160|0.007775|0.053376|0.006611|0.020810|0.002704|0.008584|0.001034|0.003274|0.000423|0.002905|0.000360|0.001133|0.000147|0.025312|0.003050|0.009655|0.001248|0.008566|0.001061|0.003340|0.000434,0.0
500,skin|ChHepatitis|choledocholithotomy|spleen|transfusion,70,23,0.000982522964477539,0.0010533332824707031,0.9327750113173382,0.299970|0.050210|0.041338|0.006919|0.053755|0.005560|0.007093|0.000734|0.045903|0.011328|0.009612|0.002372|0.007316|0.000812|0.001354|0.000150|0.025152|0.007726|0.003408|0.001047|0.002854|0.000737|0.000389|0.000100|0.216134|0.036178|0.030400|0.005089|0.036733|0.003799|0.005484|0.000567|0.032090|0.007919|0.008432|0.002081|0.004818|0.000535|0.001453|0.000161|0.012168|0.003738|0.002130|0.000654|0.002457|0.000635|0.000399|0.000103,0.299970|0.050210|0.041338|0.006919|0.053755|0.005560|0.007093|0.000734|0.045903|0.011328|0.009612|0.002372|0.007316|0.000812|0.001354|0.000150|0.025152|0.007726|0.003408|0.001047|0.002854|0.000737|0.000389|0.000100|0.216134|0.036178|0.030400|0.005089|0.036733|0.003799|0.005484|0.000567|0.032090|0.007919|0.008432|0.002081|0.004818|0.000535|0.001453|0.000161|0.012168|0.003738|0.002130|0.000654|0.002457|0.000635|0.000399|0.000103,0.0
500,vh_amn|ChHepatitis|phosphatase|ascites|hepatotoxic,70,18,0.0008933544158935547,0.00083160400390625,1.0742545871559632,0.233287|0.027686|0.042496|0.005043|0.102183|0.013033|0.018646|0.002379|0.190466|0.024284|0.034699|0.004424|0.053992|0.006627|0.009783|0.001201|0.002483|0.000298|0.000451|0.000054|0.022138|0.002791|0.003989|0.000503|0.026074|0.003303|0.004749|0.000602|0.000603|0.000000|0.000110|0.000000|0.007252|0.000891|0.001319|0.000162|0.033840|0.004016|0.006164|0.000732|0.014822|0.001891|0.002705|0.000345|0.027628|0.003523|0.005033|0.000642|0.016578|0.002035|0.003004|0.000369|0.000762|0.000092|0.000139|0.000017|0.006797|0.000857|0.001225|0.000154|0.010781|0.001366|0.001964|0.000249|0.000249|0.000000|0.000045|0.000000|0.002999|0.000368|0.000545|0.000067,0.233287|0.027686|0.042496|0.005043|0.102183|0.013033|0.018646|0.002379|0.190466|0.024284|0.034699|0.004424|0.053992|0.006627|0.009783|0.001201|0.002483|0.000298|0.000451|0.000054|0.022138|0.002791|0.003989|0.000503|0.026074|0.003303|0.004749|0.000602|0.000603|0.000000|0.000110|0.000000|0.007252|0.000891|0.001319|0.000162|0.033840|0.004016|0.006164|0.000732|0.014822|0.001891|0.002705|0.000345|0.027628|0.003523|0.005033|0.000642|0.016578|0.002035|0.003004|0.000369|0.000762|0.000092|0.000139|0.000017|0.006797|0.000857|0.001225|0.000154|0.010781|0.001366|0.001964|0.000249|0.000249|0.000000|0.000045|0.000000|0.002999|0.000368|0.000545|0.000067,-8.177476680347228e-17
500,itching|triglycerides|Cirrhosis|fatigue|hbc_anti,70,25,0.0012917518615722656,0.0012180805206298828,1.060481503229595,0.007349|0.000825|0.008199|0.000918|0.000716|0.000080|0.000802|0.000089|0.000798|0.000089|0.000896|0.000099|0.218846|0.024602|0.243631|0.027313|0.004049|0.000433|0.004653|0.000496|0.006703|0.000700|0.007777|0.000809|0.006939|0.000779|0.007734|0.000866|0.000430|0.000048|0.000484|0.000054|0.000511|0.000056|0.000577|0.000063|0.005278|0.000593|0.005870|0.000658|0.000525|0.000059|0.000590|0.000066|0.000741|0.000082|0.000839|0.000093|0.157234|0.017695|0.174491|0.019586|0.003108|0.000330|0.003590|0.000380|0.006348|0.000662|0.007416|0.000771|0.004984|0.000560|0.005538|0.000621|0.000317|0.000035|0.000358|0.000040|0.000476|0.000052|0.000542|0.000059,0.007349|0.000825|0.008199|0.000918|0.000716|0.000080|0.000802|0.000089|0.000798|0.000089|0.000896|0.000099|0.218846|0.024602|0.243631|0.027313|0.004049|0.000433|0.004653|0.000496|0.006703|0.000700|0.007777|0.000809|0.006939|0.000779|0.007734|0.000866|0.000430|0.000048|0.000484|0.000054|0.000511|0.000056|0.000577|0.000063|0.005278|0.000593|0.005870|0.000658|0.000525|0.000059|0.000590|0.000066|0.000741|0.000082|0.000839|0.000093|0.157234|0.017695|0.174491|0.019586|0.003108|0.000330|0.003590|0.000380|0.006348|0.000662|0.007416|0.000771|0.004984|0.000560|0.005538|0.000621|0.000317|0.000035|0.000358|0.000040|0.000476|0.000052|0.000542|0.000059,0.0
500,anorexia|fatigue|Steatosis|skin|alcohol,70,25,0.0013246536254882812,0.0011744499206542969,1.1278928136419002,0.165952|0.025452|0.116489|0.018190|0.011869|0.002652|0.009119|0.002163|0.185957|0.028570|0.129788|0.020337|0.013343|0.002974|0.010252|0.002435|0.057142|0.008763|0.040110|0.006263|0.004079|0.000912|0.003134|0.000743|0.062986|0.009678|0.043959|0.006889|0.004508|0.001005|0.003463|0.000823,0.165952|0.025452|0.116489|0.018190|0.011869|0.002652|0.009119|0.002163|0.185957|0.028570|0.129788|0.020337|0.013343|0.002974|0.010252|0.002435|0.057142|0.008763|0.040110|0.006263|0.004079|0.000912|0.003134|0.000743|0.062986|0.009678|0.043959|0.006889|0.004508|0.001005|0.003463|0.000823,2.6562296540616065e-17
500,spleen|jaundice|PBC|fatigue|ast,70,25,0.0013279914855957031,0.0012507438659667969,1.061761341974838,0.083719|0.037697|0.060738|0.005762|0.093427|0.040019|0.068694|0.006351|0.044729|0.020105|0.032653|0.003100|0.049997|0.021386|0.037121|0.003431|0.029885|0.013394|0.021609|0.002067|0.033380|0.014254|0.024488|0.002293|0.025141|0.011317|0.017993|0.001715|0.027994|0.011994|0.020189|0.001885|0.012732|0.004781|0.009050|0.000951|0.014652|0.005252|0.010363|0.001118|0.007018|0.002591|0.004981|0.000523|0.008074|0.002853|0.005698|0.000620|0.004936|0.001776|0.003430|0.000367|0.005679|0.001962|0.003911|0.000445|0.003849|0.001441|0.002695|0.000288|0.004430|0.001584|0.003081|0.000341,0.083719|0.037697|0.060738|0.005762|0.093427|0.040019|0.068694|0.006351|0.044729|0.020105|0.032653|0.003100|0.049997|0.021386|0.037121|0.003431|0.029885|0.013394|0.021609|0.002067|0.033380|0.014254|0.024488|0.002293|0.025141|0.011317|0.017993|0.001715|0.027994|0.011994|0.020189|0.001885|0.012732|0.004781|0.009050|0.000951|0.014652|0.005252|0.010363|0.001118|0.007018|0.002591|0.004981|0.000523|0.008074|0.002853|0.005698|0.000620|0.004936|0.001776|0.003430|0.000367|0.005679|0.001962|0.003911|0.000445|0.003849|0.001441|0.002695|0.000288|0.004430|0.001584|0.003081|0.000341,-6.033053839445956e-17
500,albumin|choledocholithotomy|consciousness|gallstones|bilirubin,70,21,0.0009822845458984375,0.0009126663208007812,1.076280041797283,0.004569|0.056306|0.020671|0.003246|0.000407|0.003026|0.000812|0.000097|0.000134|0.001387|0.000574|0.000095|0.000012|0.000074|0.000024|0.000003|0.000180|0.002197|0.000817|0.000127|0.001048|0.007671|0.002043|0.000237|0.000005|0.000054|0.000023|0.000004|0.000031|0.000187|0.000059|0.000007|0.005122|0.062315|0.023304|0.003601|0.000464|0.003333|0.000910|0.000125|0.000152|0.001547|0.000658|0.000106|0.000014|0.000082|0.000027|0.000004|0.000201|0.002430|0.000918|0.000141|0.001191|0.008445|0.002285|0.000303|0.000006|0.000060|0.000026|0.000004|0.000036|0.000206|0.000067|0.000010|0.034563|0.406205|0.155645|0.023143|0.003314|0.021104|0.006104|0.001211|0.001086|0.010276|0.004603|0.000693|0.000104|0.000523|0.000184|0.000042|0.001358|0.015809|0.006089|0.000902|0.008427|0.053400|0.015267|0.002933|0.000043|0.000400|0.000179|0.000027|0.000263|0.001322|0.000460|0.000102,0.004569|0.056306|0.020671|0.003246|0.000407|0.003026|0.000812|0.000097|0.000134|0.001387|0.000574|0.000095|0.000012|0.000074|0.000024|0.000003|0.000180|0.002197|0.000817|0.000127|0.001048|0.007671|0.002043|0.000237|0.000005|0.000054|0.000023|0.000004|0.000031|0.000187|0.000059|0.000007|0.005122|0.062315|0.023304|0.003601|0.000464|0.003333|0.000910|0.000125|0.000152|0.001547|0.000658|0.000106|0.000014|0.000082|0.000027|0.000004|0.000201|0.002430|0.000918|0.000141|0.001191|0.008445|0.002285|0.000303|0.000006|0.000060|0.000026|0.000004|0.000036|0.000206|0.000067|0.000010|0.034563|0.406205|0.155645|0.023143|0.003314|0.021104|0.006104|0.001211|0.001086|0.010276|0.004603|0.000693|0.000104|0.000523|0.000184|0.000042|0.001358|0.015809|0.006089|0.000902|0.008427|0.053400|0.015267|0.002933|0.000043|0.000400|0.000179|0.000027|0.000263|0.001322|0.000460|0.000102,-3.1744326475809354e-17
500,hospital|pain_ruq|spiders|sex|spleen,70,21,0.0009295940399169922,0.0008778572082519531,1.05893536121673,0.107182|0.015224|0.078987|0.011213|0.025608|0.005163|0.018866|0.003798|0.073330|0.010443|0.053890|0.007681|0.017540|0.003558|0.012895|0.002622|0.132779|0.018502|0.097852|0.013627|0.031450|0.006004|0.023171|0.004416|0.090841|0.012692|0.066758|0.009336|0.021542|0.004141|0.015837|0.003052,0.107182|0.015224|0.078987|0.011213|0.025608|0.005163|0.018866|0.003798|0.073330|0.010443|0.053890|0.007681|0.017540|0.003558|0.012895|0.002622|0.132779|0.018502|0.097852|0.013627|0.031450|0.006004|0.023171|0.004416|0.090841|0.012692|0.066758|0.009336|0.021542|0.004141|0.015837|0.003052,-1.1350223514232319e-17
500,edge|itching|density|hbc_anti|gallstones,70,23,0.0010595321655273438,0.0011086463928222656,0.9556989247311828,0.201867|0.035370|0.022616|0.003978|0.133578|0.023372|0.014963|0.002628|0.145414|0.025013|0.016306|0.002812|0.097069|0.016726|0.010883|0.001880|0.064955|0.011014|0.007231|0.001233|0.043576|0.007360|0.004847|0.000823|0.047547|0.008450|0.005289|0.000943|0.032272|0.005754|0.003586|0.000641,0.201867|0.035370|0.022616|0.003978|0.133578|0.023372|0.014963|0.002628|0.145414|0.025013|0.016306|0.002812|0.097069|0.016726|0.010883|0.001880|0.064955|0.011014|0.007231|0.001233|0.043576|0.007360|0.004847|0.000823|0.047547|0.008450|0.005289|0.000943|0.032272|0.005754|0.003586|0.000641,0.0
500,fat|edema|hbsag|amylase|RHepatitis,70,18,0.0007984638214111328,0.0007717609405517578,1.034599938214396,0.004555|0.000112|0.540130|0.013282|0.016967|0.000417|0.000529|0.000013|0.063188|0.001554|0.001978|0.000049|0.000796|0.000020|0.094385|0.002321|0.002964|0.000073|0.000100|0.000002|0.011892|0.000292|0.000372|0.000009|0.001392|0.000034|0.174479|0.004290|0.005326|0.000131|0.000163|0.000004|0.020487|0.000504|0.000624|0.000015|0.000243|0.000006|0.030494|0.000750|0.000931|0.000023|0.000031|0.000001|0.003857|0.000095|0.000117|0.000003,0.004555|0.000112|0.540130|0.013282|0.016967|0.000417|0.000529|0.000013|0.063188|0.001554|0.001978|0.000049|0.000796|0.000020|0.094385|0.002321|0.002964|0.000073|0.000100|0.000002|0.011892|0.000292|0.000372|0.000009|0.001392|0.000034|0.174479|0.004290|0.005326|0.000131|0.000163|0.000004|0.020487|0.000504|0.000624|0.000015|0.000243|0.000006|0.030494|0.000750|0.000931|0.000023|0.000031|0.000001|0.003857|0.000095|0.000117|0.000003,5.054375287509086e-17
500,spleen|Hyperbilirubinemia|PBC|albumin|pain_ruq,70,22,0.0009639263153076172,0.0008585453033447266,1.1227436823104693,0.030989|0.021249|0.034183|0.023441|0.219435|0.150541|0.020738|0.014221|0.022876|0.015687|0.146852|0.100746|0.003822|0.002485|0.004214|0.002744|0.026967|0.017706|0.000635|0.000413|0.000701|0.000456|0.004483|0.002943|0.003793|0.002601|0.004519|0.003101|0.034740|0.023883|0.002538|0.001740|0.003024|0.002075|0.023249|0.015983|0.000468|0.000304|0.000554|0.000366|0.004196|0.002882|0.000078|0.000051|0.000092|0.000061|0.000698|0.000479,0.030989|0.021249|0.034183|0.023441|0.219435|0.150541|0.020738|0.014221|0.022876|0.015687|0.146852|0.100746|0.003822|0.002485|0.004214|0.002744|0.026967|0.017706|0.000635|0.000413|0.000701|0.000456|0.004483|0.002943|0.003793|0.002601|0.004519|0.003101|0.034740|0.023883|0.002538|0.001740|0.003024|0.002075|0.023249|0.015983|0.000468|0.000304|0.000554|0.000366|0.004196|0.002882|0.000078|0.000051|0.000092|0.000061|0.000698|0.000479,3.546630749334068e-17
500,alcoholism|density|upper_pain|Cirrhosis|ama,70,20,0.0008013248443603516,0.0007307529449462891,1.0965742251223491,0.237015|0.063530|0.004485|0.001091|0.007877|0.002138|0.155411|0.041657|0.002935|0.000714|0.005152|0.001398|0.155320|0.043640|0.003047|0.000966|0.005943|0.001637|0.101844|0.028615|0.001994|0.000632|0.003887|0.001071|0.032694|0.008763|0.001657|0.000403|0.002179|0.000592|0.021437|0.005746|0.001086|0.000264|0.001428|0.000387|0.021425|0.006020|0.001126|0.000357|0.001644|0.000453|0.014048|0.003947|0.000738|0.000234|0.001077|0.000297,0.237015|0.063530|0.004485|0.001091|0.007877|0.002138|0.155411|0.041657|0.002935|0.000714|0.005152|0.001398|0.155320|0.043640|0.003047|0.000966|0.005943|0.001637|0.101844|0.028615|0.001994|0.000632|0.003887|0.001071|0.032694|0.008763|0.001657|0.000403|0.002179|0.000592|0.021437|0.005746|0.001086|0.000264|0.001428|0.000387|0.021425|0.006020|0.001126|0.000357|0.001644|0.000453|0.014048|0.003947|0.000738|0.000234|0.001077|0.000297,-4.667341234722388e-18
500,spleen|ggtp|encephalopathy|obesity|surgery,70,22,0.0010886192321777344,0.0010554790496826172,1.0313982380844815,0.068611|0.043867|0.003746|0.002395|0.002183|0.001396|0.000129|0.000083|0.077451|0.049538|0.004146|0.002652|0.003456|0.002210|0.000192|0.000123|0.055937|0.035718|0.002966|0.001894|0.002457|0.001569|0.000134|0.000085|0.283576|0.181349|0.016266|0.010402|0.008042|0.005142|0.000497|0.000318|0.010076|0.006439|0.000623|0.000398|0.000458|0.000293|0.000034|0.000022|0.011123|0.007111|0.000692|0.000443|0.000641|0.000410|0.000047|0.000030|0.008190|0.005227|0.000482|0.000308|0.000472|0.000301|0.000030|0.000019|0.042617|0.027243|0.002811|0.001797|0.001770|0.001131|0.000143|0.000092,0.068611|0.043867|0.003746|0.002395|0.002183|0.001396|0.000129|0.000083|0.077451|0.049538|0.004146|0.002652|0.003456|0.002210|0.000192|0.000123|0.055937|0.035718|0.002966|0.001894|0.002457|0.001569|0.000134|0.000085|0.283576|0.181349|0.016266|0.010402|0.008042|0.005142|0.000497|0.000318|0.010076|0.006439|0.000623|0.000398|0.000458|0.000293|0.000034|0.000022|0.011123|0.007111|0.000692|0.000443|0.000641|0.000410|0.000047|0.000030|0.008190|0.005227|0.000482|0.000308|0.000472|0.000301|0.000030|0.000019|0.042617|0.027243|0.002811|0.001797|0.001770|0.001131|0.000143|0.000092,-4.583632426510656e-17
500,pain_ruq|amylase|alt|hepatotoxic|hepatalgia,70,24,0.0011157989501953125,0.0011029243469238281,1.0116731517509727,0.000686|0.000190|0.000087|0.000024|0.001134|0.000314|0.000143|0.000039|0.000168|0.000046|0.000021|0.000006|0.001322|0.000368|0.000158|0.000044|0.082508|0.022810|0.010463|0.002888|0.136367|0.037725|0.017208|0.004740|0.020284|0.005526|0.002559|0.000708|0.158951|0.044265|0.019022|0.005253|0.002572|0.000711|0.000326|0.000090|0.004253|0.001177|0.000537|0.000148|0.000632|0.000172|0.000080|0.000022|0.004958|0.001381|0.000593|0.000164|0.000469|0.000130|0.000059|0.000016|0.000776|0.000215|0.000098|0.000027|0.000115|0.000031|0.000015|0.000004|0.000904|0.000252|0.000108|0.000030|0.056417|0.015615|0.007153|0.001977|0.093329|0.025834|0.011779|0.003246|0.013866|0.003783|0.001746|0.000484|0.108608|0.030292|0.012999|0.003595|0.001759|0.000487|0.000223|0.000062|0.002911|0.000806|0.000367|0.000101|0.000432|0.000118|0.000054|0.000015|0.003388|0.000945|0.000405|0.000112,0.000686|0.000190|0.000087|0.000024|0.001134|0.000314|0.000143|0.000039|0.000168|0.000046|0.000021|0.000006|0.001322|0.000368|0.000158|0.000044|0.082508|0.022810|0.010463|0.002888|0.136367|0.037725|0.017208|0.004740|0.020284|0.005526|0.002559|0.000708|0.158951|0.044265|0.019022|0.005253|0.002572|0.000711|0.000326|0.000090|0.004253|0.001177|0.000537|0.000148|0.000632|0.000172|0.000080|0.000022|0.004958|0.001381|0.000593|0.000164|0.000469|0.000130|0.000059|0.000016|0.000776|0.000215|0.000098|0.000027|0.000115|0.000031|0.000015|0.000004|0.000904|0.000252|0.000108|0.000030|0.056417|0.015615|0.007153|0.001977|0.093329|0.025834|0.011779|0.003246|0.013866|0.003783|0.001746|0.000484|0.108608|0.030292|0.012999|0.003595|0.001759|0.000487|0.000223|0.000062|0.002911|0.000806|0.000367|0.000101|0.000432|0.000118|0.000054|0.000015|0.003388|0.000945|0.000405|0.000112,0.0
500,transfusion|ast|amylase|diabetes|age,70,20,0.0008511543273925781,0.0009055137634277344,0.9399684044233807,0.000378|0.001028|0.001306|0.000242|0.000017|0.000045|0.000057|0.000011|0.045243|0.123004|0.156229|0.028984|0.001987|0.005403|0.006862|0.001273|0.001415|0.003846|0.004885|0.000906|0.000062|0.000169|0.000215|0.000040|0.000162|0.000441|0.000560|0.000104|0.000007|0.000019|0.000024|0.000005|0.019403|0.052753|0.067002|0.012430|0.000845|0.002298|0.002919|0.000541|0.000607|0.001650|0.002095|0.000389|0.000026|0.000072|0.000091|0.000017|0.000272|0.000740|0.000940|0.000174|0.000012|0.000032|0.000041|0.000008|0.032601|0.088635|0.112577|0.020885|0.001430|0.003889|0.004939|0.000916|0.001019|0.002770|0.003518|0.000653|0.000045|0.000122|0.000154|0.000029|0.000026|0.000071|0.000090|0.000017|0.000001|0.000003|0.000004|0.000001|0.003110|0.008457|0.010741|0.001993|0.000137|0.000373|0.000474|0.000088|0.000097|0.000264|0.000336|0.000062|0.000004|0.000012|0.000015|0.000003|0.000063|0.000172|0.000218|0.000040|0.000003|0.000008|0.000010|0.000002|0.007795|0.021192|0.026916|0.004993|0.000342|0.000930|0.001182|0.000219|0.000240|0.000652|0.000828|0.000154|0.000011|0.000029|0.000036|0.000007|0.000027|0.000073|0.000092|0.000017|0.000001|0.000003|0.000004|0.000001|0.003300|0.008971|0.011394|0.002114|0.000144|0.000391|0.000497|0.000092|0.000101|0.000276|0.000350|0.000065|0.000004|0.000012|0.000015|0.000003|0.000048|0.000131|0.000166|0.000031|0.000002|0.000006|0.000007|0.000001|0.005936|0.016139|0.020499|0.003803|0.000260|0.000708|0.000899|0.000167|0.000183|0.000496|0.000631|0.000117|0.000008|0.000022|0.000028|0.000005|0.000005|0.000013|0.000016|0.000003|0.000000|0.000001|0.000001|0.000000|0.000576|0.001565|0.001988|0.000369|0.000025|0.000069|0.000088|0.000016|0.000018|0.000048|0.000061|0.000011|0.000001|0.000002|0.000003|0.000001,0.000378|0.001028|0.001306|0.000242|0.000017|0.000045|0.000057|0.000011|0.045243|0.123004|0.156229|0.028984|0.001987|0.005403|0.006862|0.001273|0.001415|0.003846|0.004885|0.000906|0.000062|0.000169|0.000215|0.000040|0.000162|0.000441|0.000560|0.000104|0.000007|0.000019|0.000024|0.000005|0.019403|0.052753|0.067002|0.012430|0.000845|0.002298|0.002919|0.000541|0.000607|0.001650|0.002095|0.000389|0.000026|0.000072|0.000091|0.000017|0.000272|0.000740|0.000940|0.000174|0.000012|0.000032|0.000041|0.000008|0.032601|0.088635|0.112577|0.020885|0.001430|0.003889|0.004939|0.000916|0.001019|0.002770|0.003518|0.000653|0.000045|0.000122|0.000154|0.000029|0.000026|0.000071|0.000090|0.000017|0.000001|0.000003|0.000004|0.000001|0.003110|0.008457|0.010741|0.001993|0.000137|0.000373|0.000474|0.000088|0.000097|0.000264|0.000336|0.000062|0.000004|0.000012|0.000015|0.000003|0.000063|0.000172|0.000218|0.000040|0.000003|0.000008|0.000010|0.000002|0.007795|0.021192|0.026916|0.004993|0.000342|0.000930|0.001182|0.000219|0.000240|0.000652|0.000828|0.000154|0.000011|0.000029|0.000036|0.000007|0.000027|0.000073|0.000092|0.000017|0.000001|0.000003|0.000004|0.000001|0.003300|0.008971|0.011394|0.002114|0.000144|0.000391|0.000497|0.000092|0.000101|0.000276|0.000350|0.000065|0.000004|0.000012|0.000015|0.000003|0.000048|0.000131|0.000166|0.000031|0.000002|0.000006|0.000007|0.000001|0.005936|0.016139|0.020499|0.003803|0.000260|0.000708|0.000899|0.000167|0.000183|0.000496|0.000631|0.000117|0.000008|0.000022|0.000028|0.000005|0.000005|0.000013|0.000016|0.000003|0.000000|0.000001|0.000001|0.000000|0.000576|0.001565|0.001988|0.000369|0.000025|0.000069|0.000088|0.000016|0.000018|0.000048|0.000061|0.000011|0.000001|0.000002|0.000003|0.000001,0.0
500,palms|bilirubin|platelet|ama|hbeag,70,22,0.0010869503021240234,0.0010805130004882812,1.0059576345984114,0.004363|0.000018|0.003260|0.000014|0.020586|0.000086|0.015853|0.000070|0.001809|0.000007|0.001156|0.000005|0.003180|0.000013|0.002856|0.000012|0.084125|0.000340|0.011055|0.000042|0.352013|0.001417|0.051632|0.000197|0.037693|0.000153|0.003940|0.000015|0.020360|0.000076|0.008800|0.000033|0.020955|0.000090|0.010525|0.000043|0.092401|0.000392|0.049014|0.000203|0.008861|0.000038|0.003600|0.000015|0.010541|0.000040|0.008893|0.000036|0.002649|0.000009|0.001978|0.000009|0.012204|0.000043|0.009354|0.000042|0.001064|0.000003|0.000693|0.000003|0.001859|0.000007|0.001682|0.000007|0.000657|0.000003|0.000504|0.000002|0.003763|0.000015|0.002339|0.000010|0.000394|0.000002|0.000155|0.000001|0.001124|0.000004|0.000467|0.000002|0.011863|0.000047|0.001942|0.000007|0.051397|0.000200|0.007753|0.000029|0.005547|0.000022|0.000529|0.000002|0.005535|0.000017|0.001571|0.000006|0.003421|0.000013|0.002115|0.000007|0.015420|0.000057|0.007721|0.000029|0.001577|0.000006|0.000482|0.000002|0.003500|0.000008|0.001739|0.000006|0.000430|0.000001|0.000334|0.000001|0.002184|0.000007|0.001376|0.000006|0.000218|0.000001|0.000093|0.000000|0.000619|0.000002|0.000284|0.000001,0.004363|0.000018|0.003260|0.000014|0.020586|0.000086|0.015853|0.000070|0.001809|0.000007|0.001156|0.000005|0.003180|0.000013|0.002856|0.000012|0.084125|0.000340|0.011055|0.000042|0.352013|0.001417|0.051632|0.000197|0.037693|0.000153|0.003940|0.000015|0.020360|0.000076|0.008800|0.000033|0.020955|0.000090|0.010525|0.000043|0.092401|0.000392|0.049014|0.000203|0.008861|0.000038|0.003600|0.000015|0.010541|0.000040|0.008893|0.000036|0.002649|0.000009|0.001978|0.000009|0.012204|0.000043|0.009354|0.000042|0.001064|0.000003|0.000693|0.000003|0.001859|0.000007|0.001682|0.000007|0.000657|0.000003|0.000504|0.000002|0.003763|0.000015|0.002339|0.000010|0.000394|0.000002|0.000155|0.000001|0.001124|0.000004|0.000467|0.000002|0.011863|0.000047|0.001942|0.000007|0.051397|0.000200|0.007753|0.000029|0.005547|0.000022|0.000529|0.000002|0.005535|0.000017|0.001571|0.000006|0.003421|0.000013|0.002115|0.000007|0.015420|0.000057|0.007721|0.000029|0.001577|0.000006|0.000482|0.000002|0.003500|0.000008|0.001739|0.000006|0.000430|0.000001|0.000334|0.000001|0.002184|0.000007|0.001376|0.000006|0.000218|0.000001|0.000093|0.000000|0.000619|0.000002|0.000284|0.000001,1.9308985967907997e-16
500,ast|hbsag_anti|itching|upper_pain|alcohol,70,26,0.0018689632415771484,0.001195669174194336,1.563110667996012,0.131378|0.021313|0.086157|0.013961|0.095829|0.015776|0.062833|0.010355|0.003606|0.000586|0.002366|0.000384|0.002644|0.000435|0.001734|0.000286|0.056786|0.008667|0.037274|0.005687|0.041206|0.006323|0.026985|0.004143|0.001620|0.000247|0.001064|0.000162|0.001176|0.000180|0.000770|0.000118|0.096768|0.015247|0.063407|0.009984|0.069382|0.011044|0.045493|0.007247|0.002445|0.000388|0.001605|0.000254|0.001785|0.000286|0.001170|0.000188|0.009089|0.001549|0.005951|0.001012|0.006615|0.001153|0.004339|0.000757|0.000235|0.000040|0.000154|0.000026|0.000173|0.000030|0.000113|0.000020,0.131378|0.021313|0.086157|0.013961|0.095829|0.015776|0.062833|0.010355|0.003606|0.000586|0.002366|0.000384|0.002644|0.000435|0.001734|0.000286|0.056786|0.008667|0.037274|0.005687|0.041206|0.006323|0.026985|0.004143|0.001620|0.000247|0.001064|0.000162|0.001176|0.000180|0.000770|0.000118|0.096768|0.015247|0.063407|0.009984|0.069382|0.011044|0.045493|0.007247|0.002445|0.000388|0.001605|0.000254|0.001785|0.000286|0.001170|0.000188|0.009089|0.001549|0.005951|0.001012|0.006615|0.001153|0.004339|0.000757|0.000235|0.000040|0.000154|0.000026|0.000173|0.000030|0.000113|0.000020,-2.1295025886106848e-16
500,edema|transfusion|choledocholithotomy|palms|alcohol,70,15,0.0007245540618896484,0.0006091594696044922,1.1894324853228964,0.464398|0.071954|0.069305|0.012340|0.079410|0.012288|0.011798|0.002089|0.086014|0.013390|0.013048|0.002370|0.008885|0.001376|0.001323|0.000235|0.078085|0.012538|0.014848|0.003272|0.013335|0.002135|0.002504|0.000547|0.014533|0.002358|0.002891|0.000658|0.001493|0.000239|0.000282|0.000062,0.464398|0.071954|0.069305|0.012340|0.079410|0.012288|0.011798|0.002089|0.086014|0.013390|0.013048|0.002370|0.008885|0.001376|0.001323|0.000235|0.078085|0.012538|0.014848|0.003272|0.013335|0.002135|0.002504|0.000547|0.014533|0.002358|0.002891|0.000658|0.001493|0.000239|0.000282|0.000062,-3.259642542393027e-17
500,cholesterol|ggtp|hbsag|itching|pain_ruq,70,26,0.0014519691467285156,0.0016214847564697266,0.8954565505072783,0.033842|0.023158|0.022415|0.015343|0.004269|0.002916|0.002832|0.001934|0.029124|0.019947|0.023215|0.015888|0.003328|0.002285|0.002581|0.001771|0.021467|0.014659|0.016481|0.011266|0.003606|0.002440|0.002694|0.001827|0.152037|0.103789|0.097958|0.066917|0.017547|0.011985|0.011538|0.007883|0.007384|0.005078|0.006190|0.004260|0.000834|0.000578|0.000653|0.000452|0.011929|0.008188|0.011371|0.007793|0.001402|0.000969|0.001198|0.000826|0.007951|0.005465|0.007274|0.005000|0.001254|0.000864|0.001034|0.000713|0.026277|0.017971|0.020920|0.014311|0.002911|0.001997|0.002216|0.001520|0.002338|0.001607|0.002358|0.001621|0.000207|0.000142|0.000203|0.000139|0.004990|0.003417|0.005198|0.003554|0.000382|0.000262|0.000385|0.000263|0.003154|0.002164|0.003189|0.002189|0.000332|0.000228|0.000319|0.000219|0.006959|0.004794|0.006948|0.004776|0.000585|0.000402|0.000566|0.000389,0.033842|0.023158|0.022415|0.015343|0.004269|0.002916|0.002832|0.001934|0.029124|0.019947|0.023215|0.015888|0.003328|0.002285|0.002581|0.001771|0.021467|0.014659|0.016481|0.011266|0.003606|0.002440|0.002694|0.001827|0.152037|0.103789|0.097958|0.066917|0.017547|0.011985|0.011538|0.007883|0.007384|0.005078|0.006190|0.004260|0.000834|0.000578|0.000653|0.000452|0.011929|0.008188|0.011371|0.007793|0.001402|0.000969|0.001198|0.000826|0.007951|0.005465|0.007274|0.005000|0.001254|0.000864|0.001034|0.000713|0.026277|0.017971|0.020920|0.014311|0.002911|0.001997|0.002216|0.001520|0.002338|0.001607|0.002358|0.001621|0.000207|0.000142|0.000203|0.000139|0.004990|0.003417|0.005198|0.003554|0.000382|0.000262|0.000385|0.000263|0.003154|0.002164|0.003189|0.002189|0.000332|0.000228|0.000319|0.000219|0.006959|0.004794|0.006948|0.004776|0.000585|0.000402|0.000566|0.000389,5.565802982997396e-17
500,ascites|platelet|vh_amn|hepatotoxic|pain,70,20,0.0008940696716308594,0.0008873939514160156,1.0075228371843095,0.078387|0.024350|0.009688|0.003009|0.014003|0.004336|0.001731|0.000536|0.341137|0.104615|0.042163|0.012930|0.060932|0.018684|0.007531|0.002309|0.032825|0.010678|0.004057|0.001320|0.005847|0.001905|0.000723|0.000236|0.037066|0.009421|0.004581|0.001164|0.006953|0.001796|0.000859|0.000222|0.014279|0.004437|0.001765|0.000548|0.002549|0.000790|0.000315|0.000098|0.062136|0.019055|0.007680|0.002355|0.011092|0.003401|0.001371|0.000420|0.005983|0.001946|0.000739|0.000240|0.001065|0.000347|0.000132|0.000043|0.006705|0.001700|0.000829|0.000210|0.001255|0.000323|0.000155|0.000040,0.078387|0.024350|0.009688|0.003009|0.014003|0.004336|0.001731|0.000536|0.341137|0.104615|0.042163|0.012930|0.060932|0.018684|0.007531|0.002309|0.032825|0.010678|0.004057|0.001320|0.005847|0.001905|0.000723|0.000236|0.037066|0.009421|0.004581|0.001164|0.006953|0.001796|0.000859|0.000222|0.014279|0.004437|0.001765|0.000548|0.002549|0.000790|0.000315|0.000098|0.062136|0.019055|0.007680|0.002355|0.011092|0.003401|0.001371|0.000420|0.005983|0.001946|0.000739|0.000240|0.001065|0.000347|0.000132|0.000043|0.006705|0.001700|0.000829|0.000210|0.001255|0.000323|0.000155|0.000040,-6.817892295359751e-17
500,transfusion|hbeag|inr|density|hcv_anti,70,23,0.0011112689971923828,0.001068115234375,1.0404017857142858,0.424346|0.000860|0.281823|0.000570|0.027556|0.000055|0.018401|0.000037|0.055568|0.000113|0.037994|0.000077|0.001726|0.000005|0.001144|0.000003|0.000111|0.000000|0.000074|0.000000|0.000226|0.000001|0.000154|0.000000|0.074417|0.000137|0.049459|0.000091|0.004957|0.000009|0.003316|0.000006|0.009605|0.000018|0.006581|0.000012|0.000275|0.000001|0.000182|0.000001|0.000018|0.000000|0.000012|0.000000|0.000036|0.000000|0.000024|0.000000,0.424346|0.000860|0.281823|0.000570|0.027556|0.000055|0.018401|0.000037|0.055568|0.000113|0.037994|0.000077|0.001726|0.000005|0.001144|0.000003|0.000111|0.000000|0.000074|0.000000|0.000226|0.000001|0.000154|0.000000|0.074417|0.000137|0.049459|0.000091|0.004957|0.000009|0.003316|0.000006|0.009605|0.000018|0.006581|0.000012|0.000275|0.000001|0.000182|0.000001|0.000018|0.000000|0.000012|0.000000|0.000036|0.000000|0.000024|0.000000,-1.360530953229979e-18
500,Hyperbilirubinemia|pressure_ruq|consciousness|obesity|alcoholism,70,20,0.0009160041809082031,0.0009112358093261719,1.0052328623757196,0.456678|0.066986|0.026055|0.003817|0.012244|0.001846|0.000713|0.000112|0.284265|0.041697|0.016218|0.002376|0.007549|0.001138|0.000439|0.000069|0.038219|0.005607|0.002181|0.000320|0.000941|0.000141|0.000055|0.000008|0.024420|0.003583|0.001393|0.000204|0.000597|0.000089|0.000035|0.000005,0.456678|0.066986|0.026055|0.003817|0.012244|0.001846|0.000713|0.000112|0.284265|0.041697|0.016218|0.002376|0.007549|0.001138|0.000439|0.000069|0.038219|0.005607|0.002181|0.000320|0.000941|0.000141|0.000055|0.000008|0.024420|0.003583|0.001393|0.000204|0.000597|0.000089|0.000035|0.000005,-2.2258131487156795e-17
500,fatigue|choledocholithotomy|injections|proteins|gallstones,70,18,0.0007891654968261719,0.0006992816925048828,1.1285373337879305,0.234554|0.012014|0.004278|0.000219|0.146202|0.007488|0.002715|0.000139|0.006866|0.022744|0.000125|0.000415|0.008030|0.026600|0.000149|0.000494|0.263674|0.013505|0.004797|0.000246|0.160800|0.008236|0.002981|0.000153|0.007715|0.025554|0.000141|0.000466|0.008811|0.029186|0.000163|0.000541,0.234554|0.012014|0.004278|0.000219|0.146202|0.007488|0.002715|0.000139|0.006866|0.022744|0.000125|0.000415|0.008030|0.026600|0.000149|0.000494|0.263674|0.013505|0.004797|0.000246|0.160800|0.008236|0.002981|0.000153|0.007715|0.025554|0.000141|0.000466|0.008811|0.029186|0.000163|0.000541,1.787190302072737e-18
500,ama|irregular_liver|anorexia|gallstones|ChHepatitis,70,22,0.0008335113525390625,0.0008783340454101562,0.9489685124864278,0.350210|0.055870|0.028151|0.062285|0.008817|0.004409|0.119531|0.019069|0.009608|0.021259|0.003009|0.001505|0.047504|0.013085|0.004100|0.008449|0.002065|0.000642|0.016210|0.004466|0.001399|0.002883|0.000705|0.000219|0.095663|0.015261|0.007690|0.017014|0.002409|0.001204|0.032651|0.005209|0.002625|0.005807|0.000822|0.000411|0.012976|0.003574|0.001120|0.002308|0.000564|0.000175|0.004428|0.001220|0.000382|0.000788|0.000193|0.000060,0.350210|0.055870|0.028151|0.062285|0.008817|0.004409|0.119531|0.019069|0.009608|0.021259|0.003009|0.001505|0.047504|0.013085|0.004100|0.008449|0.002065|0.000642|0.016210|0.004466|0.001399|0.002883|0.000705|0.000219|0.095663|0.015261|0.007690|0.017014|0.002409|0.001204|0.032651|0.005209|0.002625|0.005807|0.000822|0.000411|0.012976|0.003574|0.001120|0.002308|0.000564|0.000175|0.004428|0.001220|0.000382|0.000788|0.000193|0.000060,2.738095044638979e-17
500,choledocholithotomy|edge|ChHepatitis|skin|ama,70,21,0.0009932518005371094,0.0009386539459228516,1.0581661163322327,0.258051|0.046869|0.154032|0.065695|0.040461|0.008644|0.024845|0.009194|0.023320|0.005314|0.009984|0.003784|0.078817|0.014700|0.048104|0.019970|0.016616|0.003495|0.012127|0.004357|0.007093|0.001606|0.003605|0.001317|0.044249|0.007480|0.024044|0.011174|0.005790|0.001225|0.003263|0.001248|0.002676|0.000452|0.001886|0.000794|0.013139|0.002275|0.007895|0.003470|0.002151|0.000465|0.001833|0.000623|0.000810|0.000141|0.000655|0.000259,0.258051|0.046869|0.154032|0.065695|0.040461|0.008644|0.024845|0.009194|0.023320|0.005314|0.009984|0.003784|0.078817|0.014700|0.048104|0.019970|0.016616|0.003495|0.012127|0.004357|0.007093|0.001606|0.003605|0.001317|0.044249|0.007480|0.024044|0.011174|0.005790|0.001225|0.003263|0.001248|0.002676|0.000452|0.001886|0.000794|0.013139|0.002275|0.007895|0.003470|0.002151|0.000465|0.001833|0.000623|0.000810|0.000141|0.000655|0.000259,0.0
500,PBC|encephalopathy|irregular_liver|ascites|hbc_anti,70,20,0.0009343624114990234,0.0009143352508544922,1.0219035202086049,0.402610|0.045135|0.073374|0.008226|0.059230|0.006566|0.010709|0.001188|0.007340|0.000820|0.001335|0.000149|0.001916|0.000207|0.000341|0.000037|0.238169|0.026703|0.043410|0.004867|0.034996|0.003880|0.006328|0.000702|0.013966|0.001561|0.002538|0.000284|0.002611|0.000286|0.000468|0.000051,0.402610|0.045135|0.073374|0.008226|0.059230|0.006566|0.010709|0.001188|0.007340|0.000820|0.001335|0.000149|0.001916|0.000207|0.000341|0.000037|0.238169|0.026703|0.043410|0.004867|0.034996|0.003880|0.006328|0.000702|0.013966|0.001561|0.002538|0.000284|0.002611|0.000286|0.000468|0.000051,-1.2575262531996602e-17
500,anorexia|fibrosis|Hyperbilirubinemia|alt|hbsag_anti,70,21,0.001100301742553711,0.001010894775390625,1.088443396226415,0.130755|0.003516|0.221905|0.005810|0.031349|0.000849|0.259389|0.007152|0.011031|0.000297|0.018720|0.000490|0.002645|0.000072|0.021882|0.000603|0.008030|0.000236|0.007789|0.000225|0.002586|0.000073|0.007663|0.000215|0.000677|0.000020|0.000657|0.000019|0.000218|0.000006|0.000646|0.000018|0.044968|0.001209|0.076085|0.001994|0.010875|0.000295|0.087666|0.002415|0.003794|0.000102|0.006419|0.000168|0.000917|0.000025|0.007396|0.000204|0.002765|0.000081|0.002681|0.000077|0.000879|0.000025|0.002573|0.000072|0.000233|0.000007|0.000226|0.000007|0.000074|0.000002|0.000217|0.000006,0.130755|0.003516|0.221905|0.005810|0.031349|0.000849|0.259389|0.007152|0.011031|0.000297|0.018720|0.000490|0.002645|0.000072|0.021882|0.000603|0.008030|0.000236|0.007789|0.000225|0.002586|0.000073|0.007663|0.000215|0.000677|0.000020|0.000657|0.000019|0.000218|0.000006|0.000646|0.000018|0.044968|0.001209|0.076085|0.001994|0.010875|0.000295|0.087666|0.002415|0.003794|0.000102|0.006419|0.000168|0.000917|0.000025|0.007396|0.000204|0.002765|0.000081|0.002681|0.000077|0.000879|0.000025|0.002573|0.000072|0.000233|0.000007|0.000226|0.000007|0.000074|0.000002|0.000217|0.000006,6.757266028344255e-17
500,joints|gallstones|PBC|hepatomegaly|Steatosis,70,13,0.0006096363067626953,0.0005900859832763672,1.0331313131313131,0.144507|0.015104|0.291010|0.019433|0.080968|0.008486|0.192467|0.013198|0.025102|0.002624|0.050551|0.003376|0.014065|0.001474|0.033433|0.002293|0.017673|0.001847|0.035591|0.002377|0.008049|0.000844|0.019134|0.001312|0.003070|0.000321|0.006183|0.000413|0.001398|0.000147|0.003324|0.000228,0.144507|0.015104|0.291010|0.019433|0.080968|0.008486|0.192467|0.013198|0.025102|0.002624|0.050551|0.003376|0.014065|0.001474|0.033433|0.002293|0.017673|0.001847|0.035591|0.002377|0.008049|0.000844|0.019134|0.001312|0.003070|0.000321|0.006183|0.000413|0.001398|0.000147|0.003324|0.000228,-7.346191567110312e-17
500,hepatalgia|edema|ama|RHepatitis|obesity,70,23,0.0009894371032714844,0.0010623931884765625,0.9313285457809695,0.484028|0.027569|0.011646|0.000654|0.130984|0.007458|0.003132|0.000176|0.085132|0.005080|0.002043|0.000120|0.023036|0.001374|0.000550|0.000032|0.132782|0.007398|0.003521|0.000206|0.037504|0.002093|0.001011|0.000059|0.023258|0.001349|0.000622|0.000038|0.006571|0.000382|0.000179|0.000011,0.484028|0.027569|0.011646|0.000654|0.130984|0.007458|0.003132|0.000176|0.085132|0.005080|0.002043|0.000120|0.023036|0.001374|0.000550|0.000032|0.132782|0.007398|0.003521|0.000206|0.037504|0.002093|0.001011|0.000059|0.023258|0.001349|0.000622|0.000038|0.006571|0.000382|0.000179|0.000011,1.568783630155571e-16
500,urea|alt|consciousness|edge|proteins,70,24,0.0011959075927734375,0.001079559326171875,1.107773851590106,0.005617|0.000105|0.001980|0.000030|0.000427|0.000008|0.000178|0.000002|0.009330|0.000176|0.003163|0.000050|0.000702|0.000013|0.000276|0.000004|0.001374|0.000026|0.000490|0.000007|0.000105|0.000002|0.000045|0.000001|0.010845|0.000203|0.003616|0.000058|0.000817|0.000015|0.000308|0.000004|0.135924|0.002565|0.045321|0.000729|0.003222|0.000060|0.001141|0.000017|0.226445|0.004319|0.073107|0.001227|0.005350|0.000101|0.001821|0.000029|0.033226|0.000627|0.011171|0.000178|0.000788|0.000015|0.000283|0.000004|0.263136|0.004985|0.084375|0.001416|0.006219|0.000117|0.002080|0.000033|0.007355|0.000138|0.002486|0.000039|0.000268|0.000005|0.000103|0.000001|0.012244|0.000233|0.004001|0.000066|0.000443|0.000008|0.000162|0.000002|0.001798|0.000034|0.000614|0.000010|0.000066|0.000001|0.000026|0.000000|0.014229|0.000269|0.004606|0.000076|0.000515|0.000009|0.000183|0.000003,0.005617|0.000105|0.001980|0.000030|0.000427|0.000008|0.000178|0.000002|0.009330|0.000176|0.003163|0.000050|0.000702|0.000013|0.000276|0.000004|0.001374|0.000026|0.000490|0.000007|0.000105|0.000002|0.000045|0.000001|0.010845|0.000203|0.003616|0.000058|0.000817|0.000015|0.000308|0.000004|0.135924|0.002565|0.045321|0.000729|0.003222|0.000060|0.001141|0.000017|0.226445|0.004319|0.073107|0.001227|0.005350|0.000101|0.001821|0.000029|0.033226|0.000627|0.011171|0.000178|0.000788|0.000015|0.000283|0.000004|0.263136|0.004985|0.084375|0.001416|0.006219|0.000117|0.002080|0.000033|0.007355|0.000138|0.002486|0.000039|0.000268|0.000005|0.000103|0.000001|0.012244|0.000233|0.004001|0.000066|0.000443|0.000008|0.000162|0.000002|0.001798|0.000034|0.000614|0.000010|0.000066|0.000001|0.000026|0.000000|0.014229|0.000269|0.004606|0.000076|0.000515|0.000009|0.000183|0.000003,-7.842291306986409e-17
500,alcoholism|carcinoma|palms|gallstones|Hyperbilirubinemia,70,19,0.0008146762847900391,0.0007715225219726562,1.0559332509270705,0.562346|0.048862|0.097814|0.008498|0.084665|0.007424|0.014642|0.001283|0.030031|0.001112|0.005189|0.000191|0.008102|0.000402|0.001370|0.000067|0.080106|0.006989|0.013929|0.001215|0.013566|0.001203|0.002349|0.000208|0.005046|0.000195|0.000874|0.000034|0.001854|0.000098|0.000318|0.000017,0.562346|0.048862|0.097814|0.008498|0.084665|0.007424|0.014642|0.001283|0.030031|0.001112|0.005189|0.000191|0.008102|0.000402|0.001370|0.000067|0.080106|0.006989|0.013929|0.001215|0.013566|0.001203|0.002349|0.000208|0.005046|0.000195|0.000874|0.000034|0.001854|0.000098|0.000318|0.000017,2.047524950348204e-16
500,edge|spiders|proteins|spleen|choledocholithotomy,70,19,0.0009129047393798828,0.0008680820465087891,1.0516341664377917,0.456468|0.073282|0.059826|0.009568|0.008802|0.001414|0.001077|0.000173|0.105292|0.016876|0.016517|0.002613|0.001971|0.000317|0.000241|0.000039|0.136845|0.021905|0.023951|0.003768|0.002501|0.000402|0.000306|0.000049|0.036078|0.005726|0.011496|0.001767|0.000560|0.000090|0.000069|0.000011,0.456468|0.073282|0.059826|0.009568|0.008802|0.001414|0.001077|0.000173|0.105292|0.016876|0.016517|0.002613|0.001971|0.000317|0.000241|0.000039|0.136845|0.021905|0.023951|0.003768|0.002501|0.000402|0.000306|0.000049|0.036078|0.005726|0.011496|0.001767|0.000560|0.000090|0.000069|0.000011,3.0642155482226484e-17
500,sex|hbsag_anti|RHepatitis|hbsag|spiders,70,17,0.0008151531219482422,0.0007617473602294922,1.0701095461658843,0.392991|0.097139|0.045118|0.012149|0.009664|0.002389|0.001109|0.000299|0.010112|0.002412|0.001710|0.000546|0.000249|0.000059|0.000042|0.000013|0.289285|0.071505|0.033212|0.008943|0.007114|0.001758|0.000817|0.000220|0.007443|0.001776|0.001259|0.000402|0.000183|0.000044|0.000031|0.000010,0.392991|0.097139|0.045118|0.012149|0.009664|0.002389|0.001109|0.000299|0.010112|0.002412|0.001710|0.000546|0.000249|0.000059|0.000042|0.000013|0.289285|0.071505|0.033212|0.008943|0.007114|0.001758|0.000817|0.000220|0.007443|0.001776|0.001259|0.000402|0.000183|0.000044|0.000031|0.000010,1.8325805631709543e-16
500,triglycerides|RHepatitis|palms|gallstones|pressure_ruq,70,20,0.0008718967437744141,0.0008547306060791016,1.0200836820083683,0.014902|0.009938|0.003051|0.001266|0.003188|0.002118|0.000652|0.000267|0.000366|0.000244|0.000075|0.000031|0.000078|0.000052|0.000016|0.000007|0.401663|0.268090|0.082238|0.034219|0.063208|0.041731|0.012926|0.005187|0.009877|0.006592|0.002022|0.000841|0.001554|0.001026|0.000318|0.000128|0.013472|0.008988|0.002758|0.001146|0.002559|0.001696|0.000523|0.000213|0.000331|0.000221|0.000068|0.000028|0.000063|0.000042|0.000013|0.000005,0.014902|0.009938|0.003051|0.001266|0.003188|0.002118|0.000652|0.000267|0.000366|0.000244|0.000075|0.000031|0.000078|0.000052|0.000016|0.000007|0.401663|0.268090|0.082238|0.034219|0.063208|0.041731|0.012926|0.005187|0.009877|0.006592|0.002022|0.000841|0.001554|0.001026|0.000318|0.000128|0.013472|0.008988|0.002758|0.001146|0.002559|0.001696|0.000523|0.000213|0.000331|0.000221|0.000068|0.000028|0.000063|0.000042|0.000013|0.000005,0.0
500,hbeag|skin|ama|hepatalgia|age,70,26,0.0012333393096923828,0.0012345314025878906,0.9990343762070297,0.064048|0.141548|0.155425|0.023949|0.014550|0.039737|0.044918|0.007032|0.002463|0.021523|0.038101|0.009457|0.000630|0.006258|0.011105|0.002775|0.034205|0.079571|0.097647|0.017419|0.007217|0.022044|0.027891|0.005111|0.003590|0.027950|0.050678|0.012314|0.000787|0.007980|0.014470|0.003616|0.000258|0.000568|0.000621|0.000095|0.000059|0.000159|0.000180|0.000028|0.000009|0.000083|0.000147|0.000036|0.000002|0.000024|0.000043|0.000011|0.000136|0.000319|0.000393|0.000071|0.000029|0.000088|0.000112|0.000021|0.000015|0.000115|0.000209|0.000051|0.000003|0.000033|0.000060|0.000015,0.064048|0.141548|0.155425|0.023949|0.014550|0.039737|0.044918|0.007032|0.002463|0.021523|0.038101|0.009457|0.000630|0.006258|0.011105|0.002775|0.034205|0.079571|0.097647|0.017419|0.007217|0.022044|0.027891|0.005111|0.003590|0.027950|0.050678|0.012314|0.000787|0.007980|0.014470|0.003616|0.000258|0.000568|0.000621|0.000095|0.000059|0.000159|0.000180|0.000028|0.000009|0.000083|0.000147|0.000036|0.000002|0.000024|0.000043|0.000011|0.000136|0.000319|0.000393|0.000071|0.000029|0.000088|0.000112|0.000021|0.000015|0.000115|0.000209|0.000051|0.000003|0.000033|0.000060|0.000015,0.0
500,THepatitis|fatigue|ast|choledocholithotomy|density,70,22,0.0010297298431396484,0.0009472370147705078,1.0870878429398438,0.105755|0.070653|0.017057|0.011389|0.047129|0.031271|0.007609|0.005049|0.075183|0.050052|0.012001|0.007987|0.007177|0.004794|0.001137|0.000759|0.116258|0.077701|0.018667|0.012468|0.049596|0.032919|0.007971|0.005291|0.084225|0.056081|0.013291|0.008847|0.007983|0.005349|0.001253|0.000839|0.003709|0.002463|0.000590|0.000392|0.001058|0.000708|0.000167|0.000112|0.004108|0.002760|0.000633|0.000425|0.000470|0.000319|0.000070|0.000047|0.006477|0.004297|0.001061|0.000704|0.001820|0.001215|0.000295|0.000197|0.005728|0.003824|0.000929|0.000620|0.000546|0.000371|0.000084|0.000057,0.105755|0.070653|0.017057|0.011389|0.047129|0.031271|0.007609|0.005049|0.075183|0.050052|0.012001|0.007987|0.007177|0.004794|0.001137|0.000759|0.116258|0.077701|0.018667|0.012468|0.049596|0.032919|0.007971|0.005291|0.084225|0.056081|0.013291|0.008847|0.007983|0.005349|0.001253|0.000839|0.003709|0.002463|0.000590|0.000392|0.001058|0.000708|0.000167|0.000112|0.004108|0.002760|0.000633|0.000425|0.000470|0.000319|0.000070|0.000047|0.006477|0.004297|0.001061|0.000704|0.001820|0.001215|0.000295|0.000197|0.005728|0.003824|0.000929|0.000620|0.000546|0.000371|0.000084|0.000057,1.3917331387917966e-17
500,irregular_liver|amylase|platelet|Steatosis|transfusion,70,19,0.0007891654968261719,0.0007927417755126953,0.9954887218045113,0.000908|0.000154|0.000056|0.000009|0.003929|0.000665|0.000256|0.000044|0.000387|0.000065|0.000021|0.000004|0.000356|0.000061|0.000042|0.000007|0.108718|0.018973|0.006648|0.001171|0.470235|0.082105|0.030661|0.005394|0.046338|0.008079|0.002508|0.000443|0.042650|0.007560|0.005043|0.000881|0.003399|0.000584|0.000208|0.000036|0.014701|0.002525|0.000958|0.000166|0.001449|0.000248|0.000078|0.000014|0.001333|0.000232|0.000158|0.000027|0.000119|0.000021|0.000017|0.000003|0.000513|0.000089|0.000075|0.000013|0.000051|0.000009|0.000007|0.000001|0.000071|0.000013|0.000030|0.000005|0.014291|0.002560|0.002001|0.000349|0.061431|0.010993|0.008920|0.001556|0.006118|0.001096|0.000780|0.000136|0.008507|0.001665|0.003571|0.000620|0.000447|0.000079|0.000063|0.000011|0.001920|0.000338|0.000279|0.000048|0.000191|0.000034|0.000024|0.000004|0.000266|0.000051|0.000112|0.000019,0.000908|0.000154|0.000056|0.000009|0.003929|0.000665|0.000256|0.000044|0.000387|0.000065|0.000021|0.000004|0.000356|0.000061|0.000042|0.000007|0.108718|0.018973|0.006648|0.001171|0.470235|0.082105|0.030661|0.005394|0.046338|0.008079|0.002508|0.000443|0.042650|0.007560|0.005043|0.000881|0.003399|0.000584|0.000208|0.000036|0.014701|0.002525|0.000958|0.000166|0.001449|0.000248|0.000078|0.000014|0.001333|0.000232|0.000158|0.000027|0.000119|0.000021|0.000017|0.000003|0.000513|0.000089|0.000075|0.000013|0.000051|0.000009|0.000007|0.000001|0.000071|0.000013|0.000030|0.000005|0.014291|0.002560|0.002001|0.000349|0.061431|0.010993|0.008920|0.001556|0.006118|0.001096|0.000780|0.000136|0.008507|0.001665|0.003571|0.000620|0.000447|0.000079|0.000063|0.000011|0.001920|0.000338|0.000279|0.000048|0.000191|0.000034|0.000024|0.000004|0.000266|0.000051|0.000112|0.000019,-8.822891963429139e-18
500,edema|transfusion|bleeding|skin|spleen,70,27,0.0013740062713623047,0.0013535022735595703,1.0151488462215958,0.315238|0.043120|0.217785|0.031539|0.057321|0.009132|0.042099|0.007348|0.055338|0.007675|0.037748|0.005593|0.010045|0.001642|0.007282|0.001317|0.052513|0.008659|0.036974|0.007236|0.009878|0.002284|0.007543|0.002176|0.009247|0.001580|0.006452|0.001337|0.001744|0.000426|0.001321|0.000408,0.315238|0.043120|0.217785|0.031539|0.057321|0.009132|0.042099|0.007348|0.055338|0.007675|0.037748|0.005593|0.010045|0.001642|0.007282|0.001317|0.052513|0.008659|0.036974|0.007236|0.009878|0.002284|0.007543|0.002176|0.009247|0.001580|0.006452|0.001337|0.001744|0.000426|0.001321|0.000408,3.0376304870030307e-16
500,bilirubin|bleeding|hepatalgia|edema|sex,70,27,0.0013823509216308594,0.0014193058013916016,0.9739627078783807,0.026840|0.007598|0.004656|0.001552|0.007034|0.002041|0.001214|0.000404|0.005818|0.001701|0.001076|0.000456|0.001509|0.000442|0.000276|0.000112|0.184500|0.187016|0.031448|0.031510|0.052428|0.051170|0.008917|0.008609|0.034934|0.033210|0.006302|0.005992|0.009891|0.009034|0.001776|0.001624|0.091937|0.040854|0.016688|0.007595|0.026186|0.010489|0.004739|0.001963|0.018906|0.007911|0.003773|0.001775|0.005380|0.002029|0.001066|0.000459|0.015666|0.004521|0.002768|0.000912|0.004506|0.001250|0.000785|0.000239|0.003264|0.000973|0.000618|0.000247|0.000930|0.000256|0.000171|0.000058,0.026840|0.007598|0.004656|0.001552|0.007034|0.002041|0.001214|0.000404|0.005818|0.001701|0.001076|0.000456|0.001509|0.000442|0.000276|0.000112|0.184500|0.187016|0.031448|0.031510|0.052428|0.051170|0.008917|0.008609|0.034934|0.033210|0.006302|0.005992|0.009891|0.009034|0.001776|0.001624|0.091937|0.040854|0.016688|0.007595|0.026186|0.010489|0.004739|0.001963|0.018906|0.007911|0.003773|0.001775|0.005380|0.002029|0.001066|0.000459|0.015666|0.004521|0.002768|0.000912|0.004506|0.001250|0.000785|0.000239|0.003264|0.000973|0.000618|0.000247|0.000930|0.000256|0.000171|0.000058,-1.615509107301746e-16
500,PBC|spleen|pain_ruq|age|phosphatase,70,22,0.0010116100311279297,0.0009627342224121094,1.0507677067855374,0.029756|0.010002|0.020887|0.059659|0.020034|0.041885|0.059680|0.020037|0.041902|0.007738|0.002598|0.005433|0.020085|0.006727|0.014109|0.040786|0.013681|0.028642|0.040888|0.013719|0.028712|0.005308|0.001781|0.003727|0.004835|0.001274|0.003016|0.009740|0.002554|0.006075|0.009751|0.002555|0.006083|0.001265|0.000331|0.000789|0.003319|0.000860|0.002070|0.006693|0.001746|0.004175|0.006702|0.001751|0.004181|0.000869|0.000227|0.000542|0.002810|0.000944|0.001972|0.028409|0.009538|0.019946|0.052110|0.017495|0.036586|0.012991|0.004361|0.009121|0.001904|0.000638|0.001337|0.019467|0.006532|0.013670|0.035706|0.011980|0.025073|0.008912|0.002991|0.006258|0.000457|0.000120|0.000285|0.004642|0.001216|0.002896|0.008515|0.002231|0.005311|0.002124|0.000556|0.001325|0.000314|0.000082|0.000196|0.003191|0.000834|0.001990|0.005852|0.001529|0.003650|0.001460|0.000382|0.000911,0.029756|0.010002|0.020887|0.059659|0.020034|0.041885|0.059680|0.020037|0.041902|0.007738|0.002598|0.005433|0.020085|0.006727|0.014109|0.040786|0.013681|0.028642|0.040888|0.013719|0.028712|0.005308|0.001781|0.003727|0.004835|0.001274|0.003016|0.009740|0.002554|0.006075|0.009751|0.002555|0.006083|0.001265|0.000331|0.000789|0.003319|0.000860|0.002070|0.006693|0.001746|0.004175|0.006702|0.001751|0.004181|0.000869|0.000227|0.000542|0.002810|0.000944|0.001972|0.028409|0.009538|0.019946|0.052110|0.017495|0.036586|0.012991|0.004361|0.009121|0.001904|0.000638|0.001337|0.019467|0.006532|0.013670|0.035706|0.011980|0.025073|0.008912|0.002991|0.006258|0.000457|0.000120|0.000285|0.004642|0.001216|0.002896|0.008515|0.002231|0.005311|0.002124|0.000556|0.001325|0.000314|0.000082|0.000196|0.003191|0.000834|0.001990|0.005852|0.001529|0.003650|0.001460|0.000382|0.000911,-1.0937639114614005e-16
500,Steatosis|bleeding|spiders|Hyperbilirubinemia|THepatitis,70,22,0.0009894371032714844,0.0008897781372070312,1.1120042872454448,0.556678|0.026316|0.046832|0.002265|0.131185|0.006196|0.011009|0.000536|0.102300|0.004882|0.008760|0.000367|0.025658|0.001229|0.002222|0.000091|0.035640|0.002231|0.003085|0.000196|0.013728|0.000861|0.001200|0.000076|0.009405|0.000622|0.000715|0.000044|0.004951|0.000321|0.000375|0.000024,0.556678|0.026316|0.046832|0.002265|0.131185|0.006196|0.011009|0.000536|0.102300|0.004882|0.008760|0.000367|0.025658|0.001229|0.002222|0.000091|0.035640|0.002231|0.003085|0.000196|0.013728|0.000861|0.001200|0.000076|0.009405|0.000622|0.000715|0.000044|0.004951|0.000321|0.000375|0.000024,1.5678266493661896e-16
500,transfusion|fibrosis|ama|inr|hepatotoxic,70,20,0.0008797645568847656,0.0008699893951416016,1.0112359550561798,0.482912|0.059502|0.030426|0.003858|0.059240|0.007408|0.131934|0.016260|0.008455|0.001073|0.016017|0.001999|0.013826|0.001739|0.001752|0.000196|0.006625|0.000809|0.003824|0.000482|0.000427|0.000047|0.001814|0.000221|0.083874|0.010364|0.005395|0.000675|0.009935|0.001223|0.022914|0.002832|0.001504|0.000188|0.002681|0.000329|0.003185|0.000401|0.000401|0.000045|0.001477|0.000180|0.000882|0.000111|0.000098|0.000011|0.000403|0.000049,0.482912|0.059502|0.030426|0.003858|0.059240|0.007408|0.131934|0.016260|0.008455|0.001073|0.016017|0.001999|0.013826|0.001739|0.001752|0.000196|0.006625|0.000809|0.003824|0.000482|0.000427|0.000047|0.001814|0.000221|0.083874|0.010364|0.005395|0.000675|0.009935|0.001223|0.022914|0.002832|0.001504|0.000188|0.002681|0.000329|0.003185|0.000401|0.000401|0.000045|0.001477|0.000180|0.000882|0.000111|0.000098|0.000011|0.000403|0.000049,2.8669091529125717e-16
500,hcv_anti|choledocholithotomy|hospital|edema|RHepatitis,70,15,0.0006792545318603516,0.0006601810455322266,1.0288912964969303,0.319484|0.007856|0.056699|0.001394|0.394317|0.009696|0.069139|0.001700|0.051182|0.001259|0.009040|0.000222|0.063169|0.001553|0.011022|0.000271|0.000620|0.000015|0.000105|0.000003|0.000810|0.000020|0.000138|0.000003|0.000101|0.000002|0.000017|0.000000|0.000134|0.000003|0.000023|0.000001,0.319484|0.007856|0.056699|0.001394|0.394317|0.009696|0.069139|0.001700|0.051182|0.001259|0.009040|0.000222|0.063169|0.001553|0.011022|0.000271|0.000620|0.000015|0.000105|0.000003|0.000810|0.000020|0.000138|0.000003|0.000101|0.000002|0.000017|0.000000|0.000134|0.000003|0.000023|0.000001,1.191645630648881e-16
500,Hyperbilirubinemia|hbsag|edge|jaundice|pain,70,22,0.0011241436004638672,0.0010771751403808594,1.0436033643204958,0.335242|0.102810|0.144467|0.041484|0.107292|0.032848|0.046888|0.013529|0.038813|0.011839|0.016366|0.004758|0.013877|0.004226|0.006008|0.001755|0.026562|0.009639|0.012401|0.004040|0.008360|0.003026|0.004163|0.001371|0.003094|0.001110|0.001388|0.000464|0.001069|0.000382|0.000546|0.000185,0.335242|0.102810|0.144467|0.041484|0.107292|0.032848|0.046888|0.013529|0.038813|0.011839|0.016366|0.004758|0.013877|0.004226|0.006008|0.001755|0.026562|0.009639|0.012401|0.004040|0.008360|0.003026|0.004163|0.001371|0.003094|0.001110|0.001388|0.000464|0.001069|0.000382|0.000546|0.000185,1.8119521949319364e-16
500,spiders|fibrosis|bleeding|itching|RHepatitis,70,26,0.0012989044189453125,0.0013153553009033203,0.9874932028276238,0.372277|0.009154|0.266777|0.006560|0.068307|0.001680|0.050381|0.001239|0.009988|0.000246|0.008043|0.000198|0.002891|0.000071|0.002465|0.000061|0.087136|0.002143|0.063021|0.001550|0.017158|0.000422|0.012875|0.000317|0.005654|0.000139|0.005026|0.000124|0.002095|0.000052|0.001905|0.000047,0.372277|0.009154|0.266777|0.006560|0.068307|0.001680|0.050381|0.001239|0.009988|0.000246|0.008043|0.000198|0.002891|0.000071|0.002465|0.000061|0.087136|0.002143|0.063021|0.001550|0.017158|0.000422|0.012875|0.000317|0.005654|0.000139|0.005026|0.000124|0.002095|0.000052|0.001905|0.000047,-5.0342001992566186e-18
500,carcinoma|hospital|pain|encephalopathy|inr,70,22,0.0010957717895507812,0.0009467601776123047,1.1573910853689247,0.263075|0.016978|0.032144|0.008600|0.000607|0.001416|0.081878|0.005273|0.010167|0.002247|0.000163|0.000387|0.324797|0.020957|0.039862|0.010539|0.000730|0.001709|0.101063|0.006506|0.012594|0.002750|0.000194|0.000465|0.014068|0.001109|0.003846|0.000983|0.000085|0.000496|0.002985|0.000252|0.000901|0.000208|0.000020|0.000113|0.016908|0.001278|0.004540|0.001132|0.000092|0.000583|0.003570|0.000286|0.001055|0.000238|0.000021|0.000132,0.263075|0.016978|0.032144|0.008600|0.000607|0.001416|0.081878|0.005273|0.010167|0.002247|0.000163|0.000387|0.324797|0.020957|0.039862|0.010539|0.000730|0.001709|0.101063|0.006506|0.012594|0.002750|0.000194|0.000465|0.014068|0.001109|0.003846|0.000983|0.000085|0.000496|0.002985|0.000252|0.000901|0.000208|0.000020|0.000113|0.016908|0.001278|0.004540|0.001132|0.000092|0.000583|0.003570|0.000286|0.001055|0.000238|0.000021|0.000132,5.289957965641715e-17
500,ChHepatitis|Cirrhosis|consciousness|palms|proteins,70,19,0.0008063316345214844,0.0007126331329345703,1.131482101037136,0.651611|0.012721|0.086358|0.001686|0.016823|0.000328|0.002230|0.000044|0.008504|0.000000|0.003189|0.000000|0.000310|0.000000|0.000116|0.000000|0.006477|0.000000|0.008906|0.000000|0.000278|0.000000|0.000383|0.000000|0.092028|0.001797|0.012197|0.000238|0.002376|0.000046|0.000315|0.000006|0.005843|0.000000|0.002191|0.000000|0.000213|0.000000|0.000080|0.000000|0.007673|0.000000|0.010551|0.000000|0.000330|0.000000|0.000454|0.000000|0.050915|0.000994|0.006748|0.000132|0.001314|0.000026|0.000174|0.000003|0.000901|0.000000|0.000338|0.000000|0.000033|0.000000|0.000012|0.000000|0.000851|0.000000|0.001170|0.000000|0.000037|0.000000|0.000050|0.000000,0.651611|0.012721|0.086358|0.001686|0.016823|0.000328|0.002230|0.000044|0.008504|0.000000|0.003189|0.000000|0.000310|0.000000|0.000116|0.000000|0.006477|0.000000|0.008906|0.000000|0.000278|0.000000|0.000383|0.000000|0.092028|0.001797|0.012197|0.000238|0.002376|0.000046|0.000315|0.000006|0.005843|0.000000|0.002191|0.000000|0.000213|0.000000|0.000080|0.000000|0.007673|0.000000|0.010551|0.000000|0.000330|0.000000|0.000454|0.000000|0.050915|0.000994|0.006748|0.000132|0.001314|0.000026|0.000174|0.000003|0.000901|0.000000|0.000338|0.000000|0.000033|0.000000|0.000012|0.000000|0.000851|0.000000|0.001170|0.000000|0.000037|0.000000|0.000050|0.000000,-8.006400492459303e-17
500,injections|skin|hepatomegaly|hbsag_anti|edge,70,25,0.0012655258178710938,0.0012371540069580078,1.0229331277702833,0.083283|0.027071|0.002153|0.000705|0.175110|0.056079|0.004528|0.001460|0.058615|0.020604|0.001555|0.000546|0.120494|0.040831|0.003196|0.001082|0.056305|0.017780|0.001581|0.000502|0.118251|0.036676|0.003321|0.001036|0.040043|0.013415|0.001138|0.000383|0.082556|0.026596|0.002346|0.000759,0.083283|0.027071|0.002153|0.000705|0.175110|0.056079|0.004528|0.001460|0.058615|0.020604|0.001555|0.000546|0.120494|0.040831|0.003196|0.001082|0.056305|0.017780|0.001581|0.000502|0.118251|0.036676|0.003321|0.001036|0.040043|0.013415|0.001138|0.000383|0.082556|0.026596|0.002346|0.000759,-5.71137440705324e-18
500,itching|amylase|upper_pain|hbeag|urea,70,24,0.0011525154113769531,0.0012085437774658203,0.9536397711580193,0.000108|0.002501|0.000137|0.000000|0.000010|0.000001|0.000074|0.001704|0.000093|0.000000|0.000007|0.000000|0.013206|0.305526|0.016716|0.000052|0.001221|0.000067|0.008647|0.200131|0.010949|0.000034|0.000801|0.000044|0.000408|0.009451|0.000517|0.000002|0.000038|0.000002|0.000273|0.006319|0.000346|0.000001|0.000025|0.000001|0.000081|0.001812|0.000100|0.000000|0.000007|0.000000|0.000055|0.001234|0.000068|0.000000|0.000005|0.000000|0.009939|0.221328|0.012228|0.000040|0.000891|0.000049|0.006513|0.144967|0.008010|0.000026|0.000584|0.000032|0.000308|0.006846|0.000378|0.000001|0.000028|0.000002|0.000206|0.004577|0.000253|0.000001|0.000018|0.000001,0.000108|0.002501|0.000137|0.000000|0.000010|0.000001|0.000074|0.001704|0.000093|0.000000|0.000007|0.000000|0.013206|0.305526|0.016716|0.000052|0.001221|0.000067|0.008647|0.200131|0.010949|0.000034|0.000801|0.000044|0.000408|0.009451|0.000517|0.000002|0.000038|0.000002|0.000273|0.006319|0.000346|0.000001|0.000025|0.000001|0.000081|0.001812|0.000100|0.000000|0.000007|0.000000|0.000055|0.001234|0.000068|0.000000|0.000005|0.000000|0.009939|0.221328|0.012228|0.000040|0.000891|0.000049|0.006513|0.144967|0.008010|0.000026|0.000584|0.000032|0.000308|0.006846|0.000378|0.000001|0.000028|0.000002|0.000206|0.004577|0.000253|0.000001|0.000018|0.000001,1.7295074809955517e-17
500,spleen|hbsag_anti|gallstones|proteins|phosphatase,70,20,0.001035928726196289,0.0009899139404296875,1.0464836223506744,0.347936|0.115892|0.243324|0.006535|0.002259|0.004523|0.059827|0.020537|0.042560|0.001125|0.000400|0.000793|0.009014|0.003307|0.006727|0.000169|0.000064|0.000125|0.001573|0.000588|0.001186|0.000030|0.000011|0.000022|0.057168|0.014806|0.035564|0.000832|0.000277|0.000521|0.009780|0.002616|0.006152|0.000143|0.000049|0.000091|0.001517|0.000417|0.000979|0.000022|0.000008|0.000014|0.000263|0.000074|0.000171|0.000004|0.000001|0.000003,0.347936|0.115892|0.243324|0.006535|0.002259|0.004523|0.059827|0.020537|0.042560|0.001125|0.000400|0.000793|0.009014|0.003307|0.006727|0.000169|0.000064|0.000125|0.001573|0.000588|0.001186|0.000030|0.000011|0.000022|0.057168|0.014806|0.035564|0.000832|0.000277|0.000521|0.009780|0.002616|0.006152|0.000143|0.000049|0.000091|0.001517|0.000417|0.000979|0.000022|0.000008|0.000014|0.000263|0.000074|0.000171|0.000004|0.000001|0.000003,-8.488288215144422e-17
500,pain_ruq|itching|fibrosis|Hyperbilirubinemia|ama,70,21,0.000990152359008789,0.0009961128234863281,0.9940162757300144,0.245682|0.060153|0.024145|0.001582|0.009280|0.002394|0.000803|0.000069|0.161554|0.058213|0.016952|0.002400|0.007248|0.002410|0.000865|0.000093|0.168563|0.041273|0.015837|0.001042|0.006368|0.001643|0.000533|0.000045|0.110854|0.039941|0.011226|0.001580|0.004973|0.001653|0.000565|0.000061,0.245682|0.060153|0.024145|0.001582|0.009280|0.002394|0.000803|0.000069|0.161554|0.058213|0.016952|0.002400|0.007248|0.002410|0.000865|0.000093|0.168563|0.041273|0.015837|0.001042|0.006368|0.001643|0.000533|0.000045|0.110854|0.039941|0.011226|0.001580|0.004973|0.001653|0.000565|0.000061,1.1830033512846946e-16
500,obesity|hepatomegaly|inr|pain_ruq|choledocholithotomy,70,21,0.0010149478912353516,0.0008742809295654297,1.1608944641396237,0.130996|0.020975|0.089230|0.014287|0.008497|0.001357|0.005838|0.000932|0.018074|0.002894|0.012377|0.001982|0.274188|0.043901|0.187638|0.030043|0.017943|0.002864|0.012286|0.001961|0.034627|0.005546|0.023758|0.003806|0.007452|0.001192|0.005147|0.000823|0.000500|0.000080|0.000352|0.000056|0.001338|0.000215|0.000935|0.000150|0.014915|0.002385|0.010231|0.001636|0.000964|0.000154|0.000661|0.000106|0.002399|0.000387|0.001656|0.000267,0.130996|0.020975|0.089230|0.014287|0.008497|0.001357|0.005838|0.000932|0.018074|0.002894|0.012377|0.001982|0.274188|0.043901|0.187638|0.030043|0.017943|0.002864|0.012286|0.001961|0.034627|0.005546|0.023758|0.003806|0.007452|0.001192|0.005147|0.000823|0.000500|0.000080|0.000352|0.000056|0.001338|0.000215|0.000935|0.000150|0.014915|0.002385|0.010231|0.001636|0.000964|0.000154|0.000661|0.000106|0.002399|0.000387|0.001656|0.000267,2.3814088062915473e-16
500,age|encephalopathy|joints|sex|bilirubin,70,20,0.0008742809295654297,0.0008885860443115234,0.983901261067883,0.003764|0.046720|0.012334|0.001411|0.000897|0.036718|0.009157|0.000637|0.000400|0.005647|0.001435|0.000157|0.000110|0.004491|0.001120|0.000078|0.000198|0.000993|0.000408|0.000071|0.000039|0.000681|0.000199|0.000029|0.000021|0.000117|0.000045|0.000008|0.000005|0.000083|0.000024|0.000004|0.012995|0.104903|0.047492|0.008019|0.003686|0.103416|0.019685|0.002007|0.001335|0.012007|0.004965|0.000821|0.000428|0.012603|0.002360|0.000236|0.000749|0.003445|0.002528|0.000439|0.000154|0.002008|0.000559|0.000076|0.000076|0.000372|0.000258|0.000044|0.000018|0.000243|0.000065|0.000009|0.021270|0.113597|0.071738|0.012857|0.005708|0.127899|0.026450|0.003301|0.002147|0.012471|0.007315|0.001296|0.000643|0.015473|0.003061|0.000371|0.001270|0.004691|0.004105|0.000732|0.000260|0.002691|0.000947|0.000138|0.000127|0.000488|0.000413|0.000073|0.000028|0.000319|0.000105|0.000015|0.003489|0.021415|0.013423|0.002389|0.001997|0.018725|0.008032|0.001340|0.000353|0.002351|0.001368|0.000241|0.000206|0.002153|0.000842|0.000138|0.000210|0.000884|0.000770|0.000135|0.000114|0.000597|0.000424|0.000072|0.000021|0.000092|0.000077|0.000014|0.000012|0.000065|0.000043|0.000007,0.003764|0.046720|0.012334|0.001411|0.000897|0.036718|0.009157|0.000637|0.000400|0.005647|0.001435|0.000157|0.000110|0.004491|0.001120|0.000078|0.000198|0.000993|0.000408|0.000071|0.000039|0.000681|0.000199|0.000029|0.000021|0.000117|0.000045|0.000008|0.000005|0.000083|0.000024|0.000004|0.012995|0.104903|0.047492|0.008019|0.003686|0.103416|0.019685|0.002007|0.001335|0.012007|0.004965|0.000821|0.000428|0.012603|0.002360|0.000236|0.000749|0.003445|0.002528|0.000439|0.000154|0.002008|0.000559|0.000076|0.000076|0.000372|0.000258|0.000044|0.000018|0.000243|0.000065|0.000009|0.021270|0.113597|0.071738|0.012857|0.005708|0.127899|0.026450|0.003301|0.002147|0.012471|0.007315|0.001296|0.000643|0.015473|0.003061|0.000371|0.001270|0.004691|0.004105|0.000732|0.000260|0.002691|0.000947|0.000138|0.000127|0.000488|0.000413|0.000073|0.000028|0.000319|0.000105|0.000015|0.003489|0.021415|0.013423|0.002389|0.001997|0.018725|0.008032|0.001340|0.000353|0.002351|0.001368|0.000241|0.000206|0.002153|0.000842|0.000138|0.000210|0.000884|0.000770|0.000135|0.000114|0.000597|0.000424|0.000072|0.000021|0.000092|0.000077|0.000014|0.000012|0.000065|0.000043|0.000007,0.0
500,le_cells|hospital|obesity|irregular_liver|spiders,70,18,0.0007541179656982422,0.0007894039154052734,0.9553005134400483,0.276756|0.065743|0.038249|0.013170|0.015357|0.003821|0.002344|0.000964|0.342904|0.080805|0.046419|0.015236|0.019007|0.004700|0.002856|0.001142|0.021000|0.004989|0.002902|0.000999|0.001165|0.000290|0.000178|0.000073|0.026019|0.006131|0.003522|0.001156|0.001442|0.000357|0.000217|0.000087,0.276756|0.065743|0.038249|0.013170|0.015357|0.003821|0.002344|0.000964|0.342904|0.080805|0.046419|0.015236|0.019007|0.004700|0.002856|0.001142|0.021000|0.004989|0.002902|0.000999|0.001165|0.000290|0.000178|0.000073|0.026019|0.006131|0.003522|0.001156|0.001442|0.000357|0.000217|0.000087,8.50167123719154e-18
500,THepatitis|proteins|Hyperbilirubinemia|consciousness|phosphatase,70,23,0.0011436939239501953,0.0010480880737304688,1.0912192902638762,0.407922|0.135575|0.297601|0.011030|0.003528|0.008031|0.034485|0.011460|0.025164|0.000859|0.000275|0.000619|0.007424|0.002639|0.005393|0.000193|0.000069|0.000140|0.000628|0.000223|0.000456|0.000015|0.000005|0.000011|0.029441|0.006644|0.004710|0.000792|0.000180|0.000129|0.002489|0.000562|0.000398|0.000061|0.000014|0.000010|0.000539|0.000121|0.000083|0.000014|0.000003|0.000002|0.000046|0.000010|0.000007|0.000001|0.000000|0.000000,0.407922|0.135575|0.297601|0.011030|0.003528|0.008031|0.034485|0.011460|0.025164|0.000859|0.000275|0.000619|0.007424|0.002639|0.005393|0.000193|0.000069|0.000140|0.000628|0.000223|0.000456|0.000015|0.000005|0.000011|0.029441|0.006644|0.004710|0.000792|0.000180|0.000129|0.002489|0.000562|0.000398|0.000061|0.000014|0.000010|0.000539|0.000121|0.000083|0.000014|0.000003|0.000002|0.000046|0.000010|0.000007|0.000001|0.000000|0.000000,-2.9809369289037396e-17
500,Cirrhosis|hepatalgia|transfusion|nausea|alcohol,70,22,0.0010008811950683594,0.0009739398956298828,1.0276621787025704,0.393474|0.058684|0.152230|0.022704|0.068446|0.010208|0.026480|0.003949|0.109693|0.016360|0.042221|0.006297|0.019079|0.002846|0.007344|0.001095|0.007666|0.002875|0.002934|0.001100|0.001467|0.000550|0.000562|0.000211|0.001914|0.000718|0.000745|0.000279|0.000371|0.000139|0.000144|0.000054|0.013072|0.004668|0.005022|0.001794|0.002617|0.000935|0.001006|0.000359|0.003396|0.001213|0.001316|0.000470|0.000687|0.000245|0.000266|0.000095,0.393474|0.058684|0.152230|0.022704|0.068446|0.010208|0.026480|0.003949|0.109693|0.016360|0.042221|0.006297|0.019079|0.002846|0.007344|0.001095|0.007666|0.002875|0.002934|0.001100|0.001467|0.000550|0.000562|0.000211|0.001914|0.000718|0.000745|0.000279|0.000371|0.000139|0.000144|0.000054|0.013072|0.004668|0.005022|0.001794|0.002617|0.000935|0.001006|0.000359|0.003396|0.001213|0.001316|0.000470|0.000687|0.000245|0.000266|0.000095,1.0592975757110484e-16
500,hepatomegaly|skin|itching|le_cells|triglycerides,70,26,0.0012557506561279297,0.0012891292572021484,0.9741076382467172,0.004511|0.107627|0.003880|0.000267|0.006199|0.000227|0.002453|0.058162|0.002104|0.000157|0.003659|0.000134|0.002442|0.055917|0.002067|0.000198|0.004608|0.000169|0.002703|0.059531|0.002254|0.000257|0.005936|0.000218|0.008275|0.226452|0.007530|0.000522|0.014014|0.000471|0.004456|0.121844|0.004053|0.000306|0.008262|0.000277|0.004270|0.115048|0.003859|0.000375|0.010147|0.000339|0.004585|0.121336|0.004113|0.000476|0.012880|0.000431,0.004511|0.107627|0.003880|0.000267|0.006199|0.000227|0.002453|0.058162|0.002104|0.000157|0.003659|0.000134|0.002442|0.055917|0.002067|0.000198|0.004608|0.000169|0.002703|0.059531|0.002254|0.000257|0.005936|0.000218|0.008275|0.226452|0.007530|0.000522|0.014014|0.000471|0.004456|0.121844|0.004053|0.000306|0.008262|0.000277|0.004270|0.115048|0.003859|0.000375|0.010147|0.000339|0.004585|0.121336|0.004113|0.000476|0.012880|0.000431,0.0
500,Steatosis|urea|ChHepatitis|triglycerides|palms,70,19,0.0008175373077392578,0.0007266998291015625,1.125,0.000604|0.000082|0.024228|0.003291|0.000659|0.000090|0.000100|0.000027|0.003990|0.001090|0.000109|0.000030|0.000048|0.000007|0.001922|0.000289|0.000052|0.000008|0.014110|0.001901|0.565687|0.076195|0.015393|0.002073|0.002208|0.000509|0.088514|0.020387|0.002409|0.000555|0.001113|0.000161|0.044641|0.006444|0.001215|0.000175|0.000770|0.000104|0.030879|0.004168|0.000840|0.000113|0.000122|0.000029|0.004895|0.001182|0.000133|0.000032|0.000061|0.000009|0.002440|0.000356|0.000066|0.000010|0.000374|0.000150|0.001336|0.000535|0.000214|0.000086|0.000065|0.000021|0.000231|0.000076|0.000037|0.000012|0.000030|0.000012|0.000107|0.000042|0.000017|0.000007|0.007723|0.002592|0.027583|0.009258|0.004413|0.001481|0.001380|0.000382|0.004930|0.001364|0.000789|0.000218|0.000618|0.000203|0.002208|0.000726|0.000353|0.000116|0.000435|0.000154|0.001555|0.000549|0.000249|0.000088|0.000077|0.000022|0.000275|0.000080|0.000044|0.000013|0.000035|0.000012|0.000124|0.000043|0.000020|0.000007,0.000604|0.000082|0.024228|0.003291|0.000659|0.000090|0.000100|0.000027|0.003990|0.001090|0.000109|0.000030|0.000048|0.000007|0.001922|0.000289|0.000052|0.000008|0.014110|0.001901|0.565687|0.076195|0.015393|0.002073|0.002208|0.000509|0.088514|0.020387|0.002409|0.000555|0.001113|0.000161|0.044641|0.006444|0.001215|0.000175|0.000770|0.000104|0.030879|0.004168|0.000840|0.000113|0.000122|0.000029|0.004895|0.001182|0.000133|0.000032|0.000061|0.000009|0.002440|0.000356|0.000066|0.000010|0.000374|0.000150|0.001336|0.000535|0.000214|0.000086|0.000065|0.000021|0.000231|0.000076|0.000037|0.000012|0.000030|0.000012|0.000107|0.000042|0.000017|0.000007|0.007723|0.002592|0.027583|0.009258|0.004413|0.001481|0.001380|0.000382|0.004930|0.001364|0.000789|0.000218|0.000618|0.000203|0.002208|0.000726|0.000353|0.000116|0.000435|0.000154|0.001555|0.000549|0.000249|0.000088|0.000077|0.000022|0.000275|0.000080|0.000044|0.000013|0.000035|0.000012|0.000124|0.000043|0.000020|0.000007,3.304566695644618e-16
500,pain|ChHepatitis|hcv_anti|anorexia|hepatomegaly,70,21,0.000965118408203125,0.0008678436279296875,1.1120879120879121,0.147802|0.308224|0.050646|0.104997|0.000370|0.000771|0.000127|0.000263|0.025253|0.052662|0.008653|0.017939|0.000000|0.000000|0.000000|0.000000|0.011798|0.024604|0.004043|0.008381|0.000000|0.000000|0.000000|0.000000|0.045756|0.093138|0.015677|0.031728|0.000114|0.000233|0.000039|0.000079|0.007818|0.015913|0.002678|0.005421|0.000000|0.000000|0.000000|0.000000|0.003652|0.007435|0.001251|0.002533|0.000000|0.000000|0.000000|0.000000,0.147802|0.308224|0.050646|0.104997|0.000370|0.000771|0.000127|0.000263|0.025253|0.052662|0.008653|0.017939|0.000000|0.000000|0.000000|0.000000|0.011798|0.024604|0.004043|0.008381|0.000000|0.000000|0.000000|0.000000|0.045756|0.093138|0.015677|0.031728|0.000114|0.000233|0.000039|0.000079|0.007818|0.015913|0.002678|0.005421|0.000000|0.000000|0.000000|0.000000|0.003652|0.007435|0.001251|0.002533|0.000000|0.000000|0.000000|0.000000,-5.407999054213562e-17
500,upper_pain|Steatosis|itching|phosphatase|density,70,26,0.0012357234954833984,0.0013153553009033203,0.9394598513684974,0.096710|0.064073|0.032358|0.021347|0.066323|0.043903|0.069292|0.046333|0.023463|0.015617|0.048064|0.032138|0.007767|0.005370|0.001594|0.001060|0.005596|0.003862|0.005909|0.004151|0.001169|0.000785|0.004179|0.002936|0.063382|0.041989|0.021259|0.014024|0.043520|0.028806|0.045399|0.030359|0.015374|0.010234|0.031497|0.021062|0.005065|0.003501|0.001046|0.000695|0.003647|0.002517|0.003898|0.002739|0.000767|0.000515|0.002764|0.001942,0.096710|0.064073|0.032358|0.021347|0.066323|0.043903|0.069292|0.046333|0.023463|0.015617|0.048064|0.032138|0.007767|0.005370|0.001594|0.001060|0.005596|0.003862|0.005909|0.004151|0.001169|0.000785|0.004179|0.002936|0.063382|0.041989|0.021259|0.014024|0.043520|0.028806|0.045399|0.030359|0.015374|0.010234|0.031497|0.021062|0.005065|0.003501|0.001046|0.000695|0.003647|0.002517|0.003898|0.002739|0.000767|0.000515|0.002764|0.001942,-5.2734474791412485e-17
500,bilirubin|vh_amn|fibrosis|upper_pain|hepatalgia,70,24,0.0011277198791503906,0.0011401176452636719,0.9891258887494772,0.024444|0.006398|0.016560|0.004363|0.000861|0.000215|0.000614|0.000156|0.004042|0.001066|0.002740|0.000726|0.000255|0.000063|0.000181|0.000046|0.255767|0.071263|0.168007|0.046783|0.007330|0.002049|0.004746|0.001325|0.045550|0.012690|0.029876|0.008322|0.002208|0.000617|0.001427|0.000398|0.092561|0.025514|0.059965|0.016551|0.005303|0.001501|0.003399|0.000962|0.015484|0.004260|0.010073|0.002773|0.001617|0.000458|0.001035|0.000293|0.014098|0.004033|0.009144|0.002601|0.000690|0.000166|0.000507|0.000125|0.002518|0.000715|0.001644|0.000464|0.000213|0.000051|0.000155|0.000038,0.024444|0.006398|0.016560|0.004363|0.000861|0.000215|0.000614|0.000156|0.004042|0.001066|0.002740|0.000726|0.000255|0.000063|0.000181|0.000046|0.255767|0.071263|0.168007|0.046783|0.007330|0.002049|0.004746|0.001325|0.045550|0.012690|0.029876|0.008322|0.002208|0.000617|0.001427|0.000398|0.092561|0.025514|0.059965|0.016551|0.005303|0.001501|0.003399|0.000962|0.015484|0.004260|0.010073|0.002773|0.001617|0.000458|0.001035|0.000293|0.014098|0.004033|0.009144|0.002601|0.000690|0.000166|0.000507|0.000125|0.002518|0.000715|0.001644|0.000464|0.000213|0.000051|0.000155|0.000038,-3.443861439610396e-16
500,bleeding|sex|hcv_anti|skin|PBC,70,25,0.0011909008026123047,0.0011920928955078125,0.999,0.140412|0.116486|0.063045|0.159409|0.000283|0.000223|0.000125|0.000329|0.219595|0.015897|0.099735|0.021779|0.000443|0.000030|0.000198|0.000045|0.025037|0.024694|0.011961|0.033805|0.000050|0.000048|0.000023|0.000069|0.039189|0.003370|0.018970|0.004619|0.000078|0.000006|0.000036|0.000009,0.140412|0.116486|0.063045|0.159409|0.000283|0.000223|0.000125|0.000329|0.219595|0.015897|0.099735|0.021779|0.000443|0.000030|0.000198|0.000045|0.025037|0.024694|0.011961|0.033805|0.000050|0.000048|0.000023|0.000069|0.039189|0.003370|0.018970|0.004619|0.000078|0.000006|0.000036|0.000009,-1.1422391874577156e-18
500,injections|amylase|fatigue|age|spiders,70,20,0.0008821487426757812,0.000812530517578125,1.085680751173709,0.000226|0.000057|0.000614|0.000155|0.000780|0.000197|0.000145|0.000036|0.000254|0.000064|0.000690|0.000175|0.000876|0.000222|0.000163|0.000041|0.027668|0.006975|0.075222|0.018963|0.095541|0.024085|0.017725|0.004468|0.031074|0.007866|0.084482|0.021386|0.107301|0.027163|0.019907|0.005039|0.000855|0.000215|0.002323|0.000586|0.002951|0.000744|0.000547|0.000138|0.000960|0.000243|0.002609|0.000660|0.003314|0.000839|0.000615|0.000156|0.000162|0.000040|0.000441|0.000108|0.000560|0.000137|0.000104|0.000025|0.000178|0.000044|0.000484|0.000119|0.000615|0.000151|0.000114|0.000028|0.018968|0.004637|0.051569|0.012605|0.065498|0.016010|0.012151|0.002970|0.020841|0.005108|0.056661|0.013888|0.071965|0.017640|0.013351|0.003273|0.000600|0.000147|0.001631|0.000399|0.002072|0.000506|0.000384|0.000094|0.000659|0.000162|0.001792|0.000439|0.002276|0.000558|0.000422|0.000104,0.000226|0.000057|0.000614|0.000155|0.000780|0.000197|0.000145|0.000036|0.000254|0.000064|0.000690|0.000175|0.000876|0.000222|0.000163|0.000041|0.027668|0.006975|0.075222|0.018963|0.095541|0.024085|0.017725|0.004468|0.031074|0.007866|0.084482|0.021386|0.107301|0.027163|0.019907|0.005039|0.000855|0.000215|0.002323|0.000586|0.002951|0.000744|0.000547|0.000138|0.000960|0.000243|0.002609|0.000660|0.003314|0.000839|0.000615|0.000156|0.000162|0.000040|0.000441|0.000108|0.000560|0.000137|0.000104|0.000025|0.000178|0.000044|0.000484|0.000119|0.000615|0.000151|0.000114|0.000028|0.018968|0.004637|0.051569|0.012605|0.065498|0.016010|0.012151|0.002970|0.020841|0.005108|0.056661|0.013888|0.071965|0.017640|0.013351|0.003273|0.000600|0.000147|0.001631|0.000399|0.002072|0.000506|0.000384|0.000094|0.000659|0.000162|0.001792|0.000439|0.002276|0.000558|0.000422|0.000104,0.0
500,upper_pain|alt|inr|joints|platelet,70,25,0.0012753009796142578,0.0012493133544921875,1.0208015267175572,0.015249|0.066053|0.006467|0.006530|0.001743|0.007512|0.000749|0.000695|0.000970|0.004199|0.000419|0.000528|0.000110|0.000477|0.000049|0.000058|0.001845|0.008120|0.000749|0.001563|0.000208|0.000924|0.000088|0.000175|0.025222|0.108867|0.010766|0.010433|0.002883|0.012384|0.001248|0.001107|0.001727|0.007475|0.000749|0.000898|0.000196|0.000849|0.000087|0.000097|0.003086|0.013216|0.001303|0.002459|0.000346|0.001504|0.000153|0.000275|0.003715|0.016076|0.001577|0.001629|0.000424|0.001828|0.000183|0.000174|0.000257|0.001110|0.000111|0.000160|0.000029|0.000126|0.000013|0.000018|0.000456|0.001967|0.000192|0.000361|0.000051|0.000224|0.000022|0.000040|0.029224|0.126942|0.012359|0.011855|0.003346|0.014437|0.001431|0.001254|0.001772|0.007689|0.000757|0.000774|0.000202|0.000874|0.000088|0.000083|0.003657|0.016720|0.001400|0.002792|0.000417|0.001899|0.000163|0.000310|0.009995|0.043294|0.004239|0.004278|0.001142|0.004924|0.000491|0.000455|0.000636|0.002752|0.000275|0.000346|0.000072|0.000313|0.000032|0.000038|0.001209|0.005323|0.000491|0.001023|0.000136|0.000606|0.000058|0.000115|0.016538|0.071384|0.007059|0.006839|0.001890|0.008120|0.000818|0.000726|0.001132|0.004900|0.000491|0.000588|0.000129|0.000557|0.000057|0.000064|0.002024|0.008666|0.000854|0.001611|0.000227|0.000986|0.000100|0.000180|0.002435|0.010536|0.001034|0.001067|0.000278|0.001198|0.000120|0.000114|0.000168|0.000727|0.000072|0.000105|0.000019|0.000083|0.000008|0.000012|0.000299|0.001289|0.000126|0.000236|0.000034|0.000147|0.000015|0.000026|0.019163|0.083241|0.008105|0.007773|0.002194|0.009467|0.000939|0.000822|0.001162|0.005043|0.000496|0.000507|0.000133|0.000573|0.000057|0.000054|0.002398|0.010966|0.000918|0.001832|0.000273|0.001246|0.000107|0.000203,0.015249|0.066053|0.006467|0.006530|0.001743|0.007512|0.000749|0.000695|0.000970|0.004199|0.000419|0.000528|0.000110|0.000477|0.000049|0.000058|0.001845|0.008120|0.000749|0.001563|0.000208|0.000924|0.000088|0.000175|0.025222|0.108867|0.010766|0.010433|0.002883|0.012384|0.001248|0.001107|0.001727|0.007475|0.000749|0.000898|0.000196|0.000849|0.000087|0.000097|0.003086|0.013216|0.001303|0.002459|0.000346|0.001504|0.000153|0.000275|0.003715|0.016076|0.001577|0.001629|0.000424|0.001828|0.000183|0.000174|0.000257|0.001110|0.000111|0.000160|0.000029|0.000126|0.000013|0.000018|0.000456|0.001967|0.000192|0.000361|0.000051|0.000224|0.000022|0.000040|0.029224|0.126942|0.012359|0.011855|0.003346|0.014437|0.001431|0.001254|0.001772|0.007689|0.000757|0.000774|0.000202|0.000874|0.000088|0.000083|0.003657|0.016720|0.001400|0.002792|0.000417|0.001899|0.000163|0.000310|0.009995|0.043294|0.004239|0.004278|0.001142|0.004924|0.000491|0.000455|0.000636|0.002752|0.000275|0.000346|0.000072|0.000313|0.000032|0.000038|0.001209|0.005323|0.000491|0.001023|0.000136|0.000606|0.000058|0.000115|0.016538|0.071384|0.007059|0.006839|0.001890|0.008120|0.000818|0.000726|0.001132|0.004900|0.000491|0.000588|0.000129|0.000557|0.000057|0.000064|0.002024|0.008666|0.000854|0.001611|0.000227|0.000986|0.000100|0.000180|0.002435|0.010536|0.001034|0.001067|0.000278|0.001198|0.000120|0.000114|0.000168|0.000727|0.000072|0.000105|0.000019|0.000083|0.000008|0.000012|0.000299|0.001289|0.000126|0.000236|0.000034|0.000147|0.000015|0.000026|0.019163|0.083241|0.008105|0.007773|0.002194|0.009467|0.000939|0.000822|0.001162|0.005043|0.000496|0.000507|0.000133|0.000573|0.000057|0.000054|0.002398|0.010966|0.000918|0.001832|0.000273|0.001246|0.000107|0.000203,3.7541755386015e-17
500,ascites|age|inr|Hyperbilirubinemia|hbeag,70,21,0.0009610652923583984,0.0009348392486572266,1.0280540678398369,0.058326|0.000234|0.031486|0.000128|0.003863|0.000015|0.001725|0.000007|0.007622|0.000031|0.004834|0.000018|0.230404|0.000923|0.014448|0.000059|0.015260|0.000060|0.000791|0.000003|0.030109|0.000122|0.002218|0.000008|0.302766|0.001213|0.008320|0.000034|0.020053|0.000079|0.000456|0.000002|0.039566|0.000160|0.001277|0.000005|0.057727|0.000231|0.000000|0.000000|0.003823|0.000015|0.000000|0.000000|0.007544|0.000031|0.000000|0.000000|0.010632|0.000043|0.005738|0.000023|0.000703|0.000003|0.000310|0.000001|0.001373|0.000006|0.000877|0.000003|0.041998|0.000168|0.002633|0.000011|0.002779|0.000011|0.000142|0.000001|0.005425|0.000022|0.000402|0.000001|0.055188|0.000221|0.001516|0.000006|0.003652|0.000014|0.000082|0.000000|0.007129|0.000029|0.000232|0.000001|0.010523|0.000042|0.000000|0.000000|0.000696|0.000003|0.000000|0.000000|0.001359|0.000006|0.000000|0.000000,0.058326|0.000234|0.031486|0.000128|0.003863|0.000015|0.001725|0.000007|0.007622|0.000031|0.004834|0.000018|0.230404|0.000923|0.014448|0.000059|0.015260|0.000060|0.000791|0.000003|0.030109|0.000122|0.002218|0.000008|0.302766|0.001213|0.008320|0.000034|0.020053|0.000079|0.000456|0.000002|0.039566|0.000160|0.001277|0.000005|0.057727|0.000231|0.000000|0.000000|0.003823|0.000015|0.000000|0.000000|0.007544|0.000031|0.000000|0.000000|0.010632|0.000043|0.005738|0.000023|0.000703|0.000003|0.000310|0.000001|0.001373|0.000006|0.000877|0.000003|0.041998|0.000168|0.002633|0.000011|0.002779|0.000011|0.000142|0.000001|0.005425|0.000022|0.000402|0.000001|0.055188|0.000221|0.001516|0.000006|0.003652|0.000014|0.000082|0.000000|0.007129|0.000029|0.000232|0.000001|0.010523|0.000042|0.000000|0.000000|0.000696|0.000003|0.000000|0.000000|0.001359|0.000006|0.000000|0.000000,2.3868175470368535e-16
500,inr|transfusion|Hyperbilirubinemia|fat|alcoholism,70,20,0.0008344650268554688,0.0008721351623535156,0.9568069983597595,0.434572|0.061471|0.139846|0.019782|0.036209|0.005256|0.011652|0.001691|0.075828|0.010732|0.024886|0.003522|0.006311|0.000913|0.002070|0.000300|0.028755|0.003954|0.009256|0.001273|0.001929|0.000337|0.000621|0.000109|0.005148|0.000721|0.001688|0.000236|0.000335|0.000059|0.000110|0.000019|0.054311|0.010559|0.017475|0.003397|0.005531|0.000817|0.001780|0.000263|0.009331|0.001804|0.003064|0.000592|0.000972|0.000146|0.000320|0.000048,0.434572|0.061471|0.139846|0.019782|0.036209|0.005256|0.011652|0.001691|0.075828|0.010732|0.024886|0.003522|0.006311|0.000913|0.002070|0.000300|0.028755|0.003954|0.009256|0.001273|0.001929|0.000337|0.000621|0.000109|0.005148|0.000721|0.001688|0.000236|0.000335|0.000059|0.000110|0.000019|0.054311|0.010559|0.017475|0.003397|0.005531|0.000817|0.001780|0.000263|0.009331|0.001804|0.003064|0.000592|0.000972|0.000146|0.000320|0.000048,-6.065170143004813e-17
500,density|pain|albumin|hbsag|bilirubin,70,23,0.001178741455078125,0.0011038780212402344,1.067818574514039,0.002822|0.028674|0.010819|0.001662|0.000273|0.003395|0.001070|0.000188|0.003159|0.031673|0.012117|0.001859|0.000312|0.003780|0.001253|0.000217|0.021311|0.204751|0.079761|0.012367|0.002207|0.025085|0.009198|0.001567|0.000640|0.009639|0.002795|0.000370|0.000064|0.001121|0.000271|0.000050|0.000724|0.010641|0.003137|0.000418|0.000074|0.001247|0.000320|0.000058|0.004994|0.068732|0.020731|0.002851|0.000544|0.008300|0.002369|0.000427|0.001924|0.018821|0.007297|0.001135|0.000186|0.002233|0.000723|0.000127|0.002159|0.020819|0.008196|0.001272|0.000213|0.002493|0.000853|0.000147|0.014757|0.135093|0.054406|0.008518|0.001530|0.016612|0.006422|0.001078|0.000433|0.006286|0.001866|0.000251|0.000043|0.000732|0.000181|0.000033|0.000492|0.006949|0.002102|0.000284|0.000051|0.000817|0.000216|0.000039|0.003441|0.045012|0.014004|0.001954|0.000375|0.005455|0.001639|0.000291,0.002822|0.028674|0.010819|0.001662|0.000273|0.003395|0.001070|0.000188|0.003159|0.031673|0.012117|0.001859|0.000312|0.003780|0.001253|0.000217|0.021311|0.204751|0.079761|0.012367|0.002207|0.025085|0.009198|0.001567|0.000640|0.009639|0.002795|0.000370|0.000064|0.001121|0.000271|0.000050|0.000724|0.010641|0.003137|0.000418|0.000074|0.001247|0.000320|0.000058|0.004994|0.068732|0.020731|0.002851|0.000544|0.008300|0.002369|0.000427|0.001924|0.018821|0.007297|0.001135|0.000186|0.002233|0.000723|0.000127|0.002159|0.020819|0.008196|0.001272|0.000213|0.002493|0.000853|0.000147|0.014757|0.135093|0.054406|0.008518|0.001530|0.016612|0.006422|0.001078|0.000433|0.006286|0.001866|0.000251|0.000043|0.000732|0.000181|0.000033|0.000492|0.006949|0.002102|0.000284|0.000051|0.000817|0.000216|0.000039|0.003441|0.045012|0.014004|0.001954|0.000375|0.005455|0.001639|0.000291,-2.8077198107706755e-16
500,density|nausea|fibrosis|bilirubin|platelet,70,25,0.0011630058288574219,0.0011260509490966797,1.032818124073682,0.003665|0.017649|0.001459|0.003010|0.046481|0.196876|0.020389|0.014052|0.015197|0.067603|0.006014|0.008975|0.002219|0.010317|0.000847|0.001698|0.000120|0.000596|0.000053|0.000230|0.001202|0.005354|0.000492|0.001543|0.000791|0.003383|0.000274|0.001520|0.000101|0.000475|0.000043|0.000195|0.001416|0.006817|0.000563|0.001161|0.017960|0.076069|0.007879|0.005424|0.005871|0.026120|0.002324|0.003465|0.000857|0.003986|0.000327|0.000655|0.000046|0.000230|0.000021|0.000089|0.000464|0.002068|0.000190|0.000596|0.000306|0.001307|0.000106|0.000588|0.000039|0.000183|0.000017|0.000075|0.002493|0.012143|0.000995|0.002116|0.030431|0.129275|0.013327|0.009552|0.010237|0.045612|0.004030|0.006204|0.001512|0.007055|0.000576|0.001180|0.000084|0.000430|0.000038|0.000171|0.000811|0.003642|0.000342|0.001114|0.000587|0.002587|0.000200|0.001165|0.000071|0.000342|0.000031|0.000145|0.000963|0.004690|0.000384|0.000816|0.011758|0.049948|0.005150|0.003687|0.003955|0.017623|0.001557|0.002395|0.000584|0.002725|0.000223|0.000456|0.000033|0.000166|0.000015|0.000066|0.000313|0.001407|0.000132|0.000431|0.000227|0.001000|0.000077|0.000450|0.000028|0.000132|0.000012|0.000056,0.003665|0.017649|0.001459|0.003010|0.046481|0.196876|0.020389|0.014052|0.015197|0.067603|0.006014|0.008975|0.002219|0.010317|0.000847|0.001698|0.000120|0.000596|0.000053|0.000230|0.001202|0.005354|0.000492|0.001543|0.000791|0.003383|0.000274|0.001520|0.000101|0.000475|0.000043|0.000195|0.001416|0.006817|0.000563|0.001161|0.017960|0.076069|0.007879|0.005424|0.005871|0.026120|0.002324|0.003465|0.000857|0.003986|0.000327|0.000655|0.000046|0.000230|0.000021|0.000089|0.000464|0.002068|0.000190|0.000596|0.000306|0.001307|0.000106|0.000588|0.000039|0.000183|0.000017|0.000075|0.002493|0.012143|0.000995|0.002116|0.030431|0.129275|0.013327|0.009552|0.010237|0.045612|0.004030|0.006204|0.001512|0.007055|0.000576|0.001180|0.000084|0.000430|0.000038|0.000171|0.000811|0.003642|0.000342|0.001114|0.000587|0.002587|0.000200|0.001165|0.000071|0.000342|0.000031|0.000145|0.000963|0.004690|0.000384|0.000816|0.011758|0.049948|0.005150|0.003687|0.003955|0.017623|0.001557|0.002395|0.000584|0.002725|0.000223|0.000456|0.000033|0.000166|0.000015|0.000066|0.000313|0.001407|0.000132|0.000431|0.000227|0.001000|0.000077|0.000450|0.000028|0.000132|0.000012|0.000056,1.5076592873227188e-16
500,ggtp|vh_amn|cholesterol|edema|bleeding,70,25,0.0013988018035888672,0.0016682147979736328,0.8385022152351007,0.064911|0.011869|0.011160|0.002210|0.015326|0.003092|0.002679|0.000580|0.005199|0.001108|0.000909|0.000202|0.011876|0.002176|0.002083|0.000423|0.002639|0.000536|0.000472|0.000106|0.000836|0.000179|0.000149|0.000034|0.059626|0.011532|0.010230|0.002096|0.026209|0.005403|0.004501|0.000969|0.011273|0.002366|0.001921|0.000413|0.010409|0.002032|0.001827|0.000387|0.004650|0.000956|0.000811|0.000177|0.001743|0.000367|0.000302|0.000066|0.044075|0.008432|0.007648|0.001560|0.017427|0.003552|0.003019|0.000648|0.007115|0.001483|0.001230|0.000265|0.009056|0.001731|0.001606|0.000333|0.003460|0.000703|0.000612|0.000133|0.001192|0.000250|0.000213|0.000047|0.286104|0.052849|0.049637|0.010202|0.053310|0.010510|0.009255|0.001957|0.015287|0.003317|0.002703|0.000632|0.050628|0.009393|0.008958|0.001884|0.009269|0.001829|0.001639|0.000353|0.002418|0.000524|0.000434|0.000102,0.064911|0.011869|0.011160|0.002210|0.015326|0.003092|0.002679|0.000580|0.005199|0.001108|0.000909|0.000202|0.011876|0.002176|0.002083|0.000423|0.002639|0.000536|0.000472|0.000106|0.000836|0.000179|0.000149|0.000034|0.059626|0.011532|0.010230|0.002096|0.026209|0.005403|0.004501|0.000969|0.011273|0.002366|0.001921|0.000413|0.010409|0.002032|0.001827|0.000387|0.004650|0.000956|0.000811|0.000177|0.001743|0.000367|0.000302|0.000066|0.044075|0.008432|0.007648|0.001560|0.017427|0.003552|0.003019|0.000648|0.007115|0.001483|0.001230|0.000265|0.009056|0.001731|0.001606|0.000333|0.003460|0.000703|0.000612|0.000133|0.001192|0.000250|0.000213|0.000047|0.286104|0.052849|0.049637|0.010202|0.053310|0.010510|0.009255|0.001957|0.015287|0.003317|0.002703|0.000632|0.050628|0.009393|0.008958|0.001884|0.009269|0.001829|0.001639|0.000353|0.002418|0.000524|0.000434|0.000102,-1.599274795829563e-17
500,anorexia|edema|obesity|hcv_anti|carcinoma,70,22,0.0009868144989013672,0.0009369850158691406,1.053180661577608,0.567701|0.030965|0.001147|0.000057|0.031876|0.002063|0.000064|0.000004|0.097927|0.007284|0.000192|0.000012|0.005693|0.000548|0.000011|0.000001|0.193761|0.010566|0.000391|0.000019|0.010880|0.000704|0.000022|0.000001|0.033422|0.002485|0.000066|0.000004|0.001943|0.000187|0.000004|0.000000,0.567701|0.030965|0.001147|0.000057|0.031876|0.002063|0.000064|0.000004|0.097927|0.007284|0.000192|0.000012|0.005693|0.000548|0.000011|0.000001|0.193761|0.010566|0.000391|0.000019|0.010880|0.000704|0.000022|0.000001|0.033422|0.002485|0.000066|0.000004|0.001943|0.000187|0.000004|0.000000,-5.311255511725463e-19
500,alcoholism|sex|spleen|Steatosis|hcv_anti,70,18,0.0008146762847900391,0.0007970333099365234,1.0221358061621297,0.417155|0.000844|0.020333|0.000040|0.056916|0.000104|0.006865|0.000014|0.307072|0.000622|0.014968|0.000030|0.041897|0.000076|0.005054|0.000010|0.050829|0.000103|0.010946|0.000022|0.007714|0.000014|0.004092|0.000008|0.037416|0.000076|0.008057|0.000016|0.005678|0.000010|0.003012|0.000006,0.417155|0.000844|0.020333|0.000040|0.056916|0.000104|0.006865|0.000014|0.307072|0.000622|0.014968|0.000030|0.041897|0.000076|0.005054|0.000010|0.050829|0.000103|0.010946|0.000022|0.007714|0.000014|0.004092|0.000008|0.037416|0.000076|0.008057|0.000016|0.005678|0.000010|0.003012|0.000006,5.821202464825876e-17
500,proteins|hcv_anti|pain|pain_ruq|palms,70,21,0.00102996826171875,0.0009319782257080078,1.1051419800460476,0.384619|0.061461|0.262958|0.042180|0.117169|0.018721|0.080066|0.012846|0.000777|0.000115|0.000531|0.000079|0.000237|0.000035|0.000162|0.000024|0.007233|0.000959|0.004940|0.000655|0.002203|0.000292|0.001504|0.000199|0.000015|0.000002|0.000010|0.000001|0.000005|0.000001|0.000003|0.000000,0.384619|0.061461|0.262958|0.042180|0.117169|0.018721|0.080066|0.012846|0.000777|0.000115|0.000531|0.000079|0.000237|0.000035|0.000162|0.000024|0.007233|0.000959|0.004940|0.000655|0.002203|0.000292|0.001504|0.000199|0.000015|0.000002|0.000010|0.000001|0.000005|0.000001|0.000003|0.000000,-5.053533581948089e-17
500,pain_ruq|hbeag|transfusion|le_cells|joints,70,18,0.0008361339569091797,0.0007166862487792969,1.1666666666666667,0.419836|0.047912|0.032099|0.003375|0.073626|0.008402|0.005629|0.000592|0.001706|0.000195|0.000130|0.000014|0.000272|0.000031|0.000021|0.000002|0.287125|0.032762|0.021981|0.002310|0.050353|0.005745|0.003855|0.000405|0.001167|0.000133|0.000089|0.000009|0.000186|0.000021|0.000014|0.000001,0.419836|0.047912|0.032099|0.003375|0.073626|0.008402|0.005629|0.000592|0.001706|0.000195|0.000130|0.000014|0.000272|0.000031|0.000021|0.000002|0.287125|0.032762|0.021981|0.002310|0.050353|0.005745|0.003855|0.000405|0.001167|0.000133|0.000089|0.000009|0.000186|0.000021|0.000014|0.000001,8.795492339161546e-19
500,THepatitis|amylase|hbsag|fat|injections,70,14,0.0005817413330078125,0.0006186962127685547,0.9402697495183044,0.002997|0.002232|0.000933|0.000665|0.000417|0.000198|0.000130|0.000059|0.362675|0.257370|0.118521|0.081778|0.050539|0.022829|0.016538|0.007251|0.011272|0.008205|0.003593|0.002521|0.001569|0.000728|0.000501|0.000224|0.000145|0.000108|0.000045|0.000032|0.000020|0.000010|0.000006|0.000003|0.017590|0.012483|0.005748|0.003966|0.002451|0.001107|0.000802|0.000352|0.000547|0.000398|0.000174|0.000122|0.000076|0.000035|0.000024|0.000011,0.002997|0.002232|0.000933|0.000665|0.000417|0.000198|0.000130|0.000059|0.362675|0.257370|0.118521|0.081778|0.050539|0.022829|0.016538|0.007251|0.011272|0.008205|0.003593|0.002521|0.001569|0.000728|0.000501|0.000224|0.000145|0.000108|0.000045|0.000032|0.000020|0.000010|0.000006|0.000003|0.017590|0.012483|0.005748|0.003966|0.002451|0.001107|0.000802|0.000352|0.000547|0.000398|0.000174|0.000122|0.000076|0.000035|0.000024|0.000011,6.355147923501769e-17
1000,upper_pain|vh_amn|bilirubin|spiders|irregular_liver,70,21,0.0010809898376464844,0.0009303092956542969,1.1619682214249103,0.034450|0.004892|0.008869|0.002604|0.226105|0.030170|0.056189|0.013241|0.089219|0.012884|0.023132|0.007045|0.006983|0.001307|0.001974|0.000840|0.005382|0.000928|0.001552|0.000724|0.041455|0.006142|0.010755|0.003263|0.015261|0.002531|0.004314|0.001887|0.001096|0.000252|0.000349|0.000205|0.021427|0.003063|0.005532|0.001648|0.141583|0.018857|0.035150|0.008226|0.054946|0.007935|0.014250|0.004347|0.004453|0.000844|0.001273|0.000563|0.003340|0.000583|0.000970|0.000462|0.025884|0.003822|0.006702|0.002012|0.009480|0.001572|0.002681|0.001175|0.000698|0.000163|0.000225|0.000135,0.034450|0.004892|0.008869|0.002604|0.226105|0.030170|0.056189|0.013241|0.089219|0.012884|0.023132|0.007045|0.006983|0.001307|0.001974|0.000840|0.005382|0.000928|0.001552|0.000724|0.041455|0.006142|0.010755|0.003263|0.015261|0.002531|0.004314|0.001887|0.001096|0.000252|0.000349|0.000205|0.021427|0.003063|0.005532|0.001648|0.141583|0.018857|0.035150|0.008226|0.054946|0.007935|0.014250|0.004347|0.004453|0.000844|0.001273|0.000563|0.003340|0.000583|0.000970|0.000462|0.025884|0.003822|0.006702|0.002012|0.009480|0.001572|0.002681|0.001175|0.000698|0.000163|0.000225|0.000135,-1.477867252913799e-17
1000,ast|triglycerides|RHepatitis|vh_amn|age,70,18,0.0008647441864013672,0.0008752346038818359,0.9880141650776355,0.001973|0.005918|0.005527|0.001088|0.000357|0.001072|0.001001|0.000197|0.000058|0.000173|0.000162|0.000032|0.000009|0.000027|0.000026|0.000005|0.049209|0.147627|0.137857|0.027137|0.008871|0.026613|0.024851|0.004892|0.001633|0.004898|0.004574|0.000900|0.000262|0.000787|0.000735|0.000145|0.001972|0.005915|0.005524|0.001087|0.000357|0.001071|0.001000|0.000197|0.000059|0.000177|0.000165|0.000032|0.000009|0.000028|0.000026|0.000005|0.000662|0.001987|0.001855|0.000365|0.000121|0.000364|0.000340|0.000067|0.000021|0.000064|0.000060|0.000012|0.000005|0.000014|0.000013|0.000003|0.021371|0.064114|0.059872|0.011786|0.003751|0.011253|0.010508|0.002068|0.000622|0.001867|0.001744|0.000343|0.000136|0.000408|0.000381|0.000075|0.000692|0.002076|0.001939|0.000382|0.000126|0.000377|0.000352|0.000069|0.000022|0.000066|0.000062|0.000012|0.000005|0.000014|0.000013|0.000003|0.001438|0.004314|0.004028|0.000793|0.000260|0.000780|0.000728|0.000143|0.000020|0.000059|0.000055|0.000011|0.000004|0.000012|0.000011|0.000002|0.031723|0.095170|0.088872|0.017495|0.006039|0.018116|0.016917|0.003330|0.000343|0.001028|0.000960|0.000189|0.000065|0.000195|0.000182|0.000036|0.001411|0.004234|0.003954|0.000778|0.000257|0.000771|0.000720|0.000142|0.000019|0.000056|0.000052|0.000010|0.000004|0.000011|0.000010|0.000002|0.000068|0.000203|0.000190|0.000037|0.000027|0.000080|0.000075|0.000015|0.000007|0.000022|0.000020|0.000004|0.000002|0.000006|0.000005|0.000001|0.001329|0.003988|0.003724|0.000733|0.000495|0.001484|0.001386|0.000273|0.000060|0.000179|0.000167|0.000033|0.000028|0.000084|0.000078|0.000015|0.000065|0.000196|0.000183|0.000036|0.000026|0.000077|0.000072|0.000014|0.000007|0.000020|0.000018|0.000004|0.000002|0.000005|0.000005|0.000001,0.001973|0.005918|0.005527|0.001088|0.000357|0.001072|0.001001|0.000197|0.000058|0.000173|0.000162|0.000032|0.000009|0.000027|0.000026|0.000005|0.049209|0.147627|0.137857|0.027137|0.008871|0.026613|0.024851|0.004892|0.001633|0.004898|0.004574|0.000900|0.000262|0.000787|0.000735|0.000145|0.001972|0.005915|0.005524|0.001087|0.000357|0.001071|0.001000|0.000197|0.000059|0.000177|0.000165|0.000032|0.000009|0.000028|0.000026|0.000005|0.000662|0.001987|0.001855|0.000365|0.000121|0.000364|0.000340|0.000067|0.000021|0.000064|0.000060|0.000012|0.000005|0.000014|0.000013|0.000003|0.021371|0.064114|0.059872|0.011786|0.003751|0.011253|0.010508|0.002068|0.000622|0.001867|0.001744|0.000343|0.000136|0.000408|0.000381|0.000075|0.000692|0.002076|0.001939|0.000382|0.000126|0.000377|0.000352|0.000069|0.000022|0.000066|0.000062|0.000012|0.000005|0.000014|0.000013|0.000003|0.001438|0.004314|0.004028|0.000793|0.000260|0.000780|0.000728|0.000143|0.000020|0.000059|0.000055|0.000011|0.000004|0.000012|0.000011|0.000002|0.031723|0.095170|0.088872|0.017495|0.006039|0.018116|0.016917|0.003330|0.000343|0.001028|0.000960|0.000189|0.000065|0.000195|0.000182|0.000036|0.001411|0.004234|0.003954|0.000778|0.000257|0.000771|0.000720|0.000142|0.000019|0.000056|0.000052|0.000010|0.000004|0.000011|0.000010|0.000002|0.000068|0.000203|0.000190|0.000037|0.000027|0.000080|0.000075|0.000015|0.000007|0.000022|0.000020|0.000004|0.000002|0.000006|0.000005|0.000001|0.001329|0.003988|0.003724|0.000733|0.000495|0.001484|0.001386|0.000273|0.000060|0.000179|0.000167|0.000033|0.000028|0.000084|0.000078|0.000015|0.000065|0.000196|0.000183|0.000036|0.000026|0.000077|0.000072|0.000014|0.000007|0.000020|0.000018|0.000004|0.000002|0.000005|0.000005|0.000001,8.013403819974976e-17
1000,ESR|age|jaundice|hepatalgia|Steatosis,70,25,0.0012464523315429688,0.0012302398681640625,1.0131782945736434,0.062985|0.005204|0.014476|0.001579|0.020165|0.002062|0.004450|0.000625|0.145559|0.013826|0.038272|0.003586|0.047377|0.005769|0.012335|0.001498|0.128074|0.012689|0.034497|0.003202|0.042108|0.005340|0.011319|0.001348|0.026816|0.002567|0.007256|0.000645|0.008483|0.001067|0.002295|0.000268|0.006185|0.000567|0.001550|0.000151|0.002839|0.000251|0.000705|0.000068|0.042179|0.003112|0.011191|0.000798|0.022007|0.001410|0.005806|0.000366|0.043682|0.003143|0.011767|0.000793|0.022850|0.001411|0.006146|0.000357|0.007739|0.000581|0.002094|0.000146|0.003976|0.000258|0.001076|0.000065|0.006685|0.000430|0.001575|0.000116|0.002515|0.000182|0.000585|0.000051|0.026818|0.001922|0.007076|0.000499|0.012290|0.000846|0.003233|0.000224|0.026241|0.001855|0.007065|0.000470|0.012321|0.000803|0.003314|0.000205|0.004899|0.000353|0.001325|0.000089|0.002217|0.000149|0.000600|0.000037,0.062985|0.005204|0.014476|0.001579|0.020165|0.002062|0.004450|0.000625|0.145559|0.013826|0.038272|0.003586|0.047377|0.005769|0.012335|0.001498|0.128074|0.012689|0.034497|0.003202|0.042108|0.005340|0.011319|0.001348|0.026816|0.002567|0.007256|0.000645|0.008483|0.001067|0.002295|0.000268|0.006185|0.000567|0.001550|0.000151|0.002839|0.000251|0.000705|0.000068|0.042179|0.003112|0.011191|0.000798|0.022007|0.001410|0.005806|0.000366|0.043682|0.003143|0.011767|0.000793|0.022850|0.001411|0.006146|0.000357|0.007739|0.000581|0.002094|0.000146|0.003976|0.000258|0.001076|0.000065|0.006685|0.000430|0.001575|0.000116|0.002515|0.000182|0.000585|0.000051|0.026818|0.001922|0.007076|0.000499|0.012290|0.000846|0.003233|0.000224|0.026241|0.001855|0.007065|0.000470|0.012321|0.000803|0.003314|0.000205|0.004899|0.000353|0.001325|0.000089|0.002217|0.000149|0.000600|0.000037,-4.534029672799507e-17
1000,urea|injections|fatigue|spleen|PBC,70,22,0.00102996826171875,0.001065969467163086,0.9662267949004697,0.005687|0.004355|0.000831|0.000618|0.006557|0.005017|0.000985|0.000730|0.004285|0.003289|0.000586|0.000440|0.004763|0.003654|0.000665|0.000498|0.124724|0.082505|0.018508|0.012262|0.143867|0.095173|0.021964|0.014555|0.093861|0.062081|0.013000|0.008609|0.104369|0.069033|0.014755|0.009772|0.009518|0.006334|0.001412|0.000940|0.010979|0.007306|0.001675|0.001115|0.007163|0.004767|0.000992|0.000660|0.007965|0.005301|0.001125|0.000749,0.005687|0.004355|0.000831|0.000618|0.006557|0.005017|0.000985|0.000730|0.004285|0.003289|0.000586|0.000440|0.004763|0.003654|0.000665|0.000498|0.124724|0.082505|0.018508|0.012262|0.143867|0.095173|0.021964|0.014555|0.093861|0.062081|0.013000|0.008609|0.104369|0.069033|0.014755|0.009772|0.009518|0.006334|0.001412|0.000940|0.010979|0.007306|0.001675|0.001115|0.007163|0.004767|0.000992|0.000660|0.007965|0.005301|0.001125|0.000749,4.218699894845016e-17
1000,flatulence|inr|platelet|RHepatitis|hbeag,70,24,0.0011148452758789062,0.0011074542999267578,1.0066738428417654,0.068914|0.000621|0.001767|0.000016|0.343380|0.003025|0.008806|0.000078|0.041299|0.000360|0.001059|0.000009|0.027462|0.000250|0.000704|0.000006|0.004118|0.000051|0.000105|0.000001|0.020951|0.000275|0.000536|0.000007|0.002554|0.000035|0.000065|0.000001|0.001621|0.000019|0.000042|0.000000|0.007136|0.000057|0.000183|0.000001|0.028122|0.000275|0.000720|0.000007|0.003176|0.000034|0.000081|0.000001|0.002966|0.000023|0.000076|0.000001|0.051775|0.000466|0.001328|0.000012|0.257993|0.002270|0.006616|0.000058|0.031029|0.000270|0.000796|0.000007|0.020632|0.000188|0.000529|0.000005|0.003094|0.000038|0.000079|0.000001|0.015744|0.000206|0.000403|0.000005|0.001919|0.000026|0.000049|0.000001|0.001218|0.000014|0.000031|0.000000|0.005359|0.000043|0.000137|0.000001|0.021125|0.000207|0.000541|0.000005|0.002386|0.000025|0.000061|0.000001|0.002228|0.000017|0.000057|0.000000,0.068914|0.000621|0.001767|0.000016|0.343380|0.003025|0.008806|0.000078|0.041299|0.000360|0.001059|0.000009|0.027462|0.000250|0.000704|0.000006|0.004118|0.000051|0.000105|0.000001|0.020951|0.000275|0.000536|0.000007|0.002554|0.000035|0.000065|0.000001|0.001621|0.000019|0.000042|0.000000|0.007136|0.000057|0.000183|0.000001|0.028122|0.000275|0.000720|0.000007|0.003176|0.000034|0.000081|0.000001|0.002966|0.000023|0.000076|0.000001|0.051775|0.000466|0.001328|0.000012|0.257993|0.002270|0.006616|0.000058|0.031029|0.000270|0.000796|0.000007|0.020632|0.000188|0.000529|0.000005|0.003094|0.000038|0.000079|0.000001|0.015744|0.000206|0.000403|0.000005|0.001919|0.000026|0.000049|0.000001|0.001218|0.000014|0.000031|0.000000|0.005359|0.000043|0.000137|0.000001|0.021125|0.000207|0.000541|0.000005|0.002386|0.000025|0.000061|0.000001|0.002228|0.000017|0.000057|0.000000,-8.35972259887328e-17
1000,edema|phosphatase|nausea|edge|pain,70,23,0.001062154769897461,0.0009694099426269531,1.0956714215445156,0.171020|0.049107|0.057703|0.016569|0.071464|0.020520|0.024090|0.006917|0.061492|0.017657|0.019686|0.005653|0.025312|0.007268|0.008124|0.002333|0.115531|0.033174|0.040440|0.011612|0.048081|0.013806|0.016828|0.004832|0.027513|0.007900|0.012881|0.003699|0.011493|0.003300|0.005366|0.001541|0.009717|0.002790|0.003843|0.001103|0.004004|0.001150|0.001599|0.000459|0.018861|0.005416|0.009903|0.002844|0.007849|0.002254|0.004118|0.001183,0.171020|0.049107|0.057703|0.016569|0.071464|0.020520|0.024090|0.006917|0.061492|0.017657|0.019686|0.005653|0.025312|0.007268|0.008124|0.002333|0.115531|0.033174|0.040440|0.011612|0.048081|0.013806|0.016828|0.004832|0.027513|0.007900|0.012881|0.003699|0.011493|0.003300|0.005366|0.001541|0.009717|0.002790|0.003843|0.001103|0.004004|0.001150|0.001599|0.000459|0.018861|0.005416|0.009903|0.002844|0.007849|0.002254|0.004118|0.001183,1.492974231701462e-17
1000,ChHepatitis|edge|hcv_anti|ascites|bilirubin,70,22,0.0009756088256835938,0.001035451889038086,0.942205848491826,0.052702|0.327037|0.132964|0.011385|0.009572|0.059458|0.024133|0.002050|0.000191|0.001186|0.000482|0.000041|0.000035|0.000216|0.000088|0.000007|0.017710|0.108464|0.045481|0.004358|0.003184|0.019540|0.008158|0.000770|0.000064|0.000393|0.000165|0.000016|0.000012|0.000071|0.000030|0.000003|0.006111|0.050139|0.014990|0.001038|0.001089|0.008991|0.002668|0.000185|0.000000|0.000000|0.000000|0.000000|0.000000|0.000000|0.000000|0.000000|0.004224|0.021808|0.010669|0.000592|0.000718|0.003806|0.001811|0.000101|0.000000|0.000000|0.000000|0.000000|0.000000|0.000000|0.000000|0.000000|0.000340|0.017284|0.006751|0.000340|0.000057|0.003138|0.001224|0.000057|0.000008|0.000431|0.000168|0.000008|0.000001|0.000078|0.000030|0.000001|0.000342|0.006220|0.002356|0.000342|0.000056|0.001111|0.000421|0.000056|0.000008|0.000155|0.000059|0.000008|0.000001|0.000028|0.000010|0.000001,0.052702|0.327037|0.132964|0.011385|0.009572|0.059458|0.024133|0.002050|0.000191|0.001186|0.000482|0.000041|0.000035|0.000216|0.000088|0.000007|0.017710|0.108464|0.045481|0.004358|0.003184|0.019540|0.008158|0.000770|0.000064|0.000393|0.000165|0.000016|0.000012|0.000071|0.000030|0.000003|0.006111|0.050139|0.014990|0.001038|0.001089|0.008991|0.002668|0.000185|0.000000|0.000000|0.000000|0.000000|0.000000|0.000000|0.000000|0.000000|0.004224|0.021808|0.010669|0.000592|0.000718|0.003806|0.001811|0.000101|0.000000|0.000000|0.000000|0.000000|0.000000|0.000000|0.000000|0.000000|0.000340|0.017284|0.006751|0.000340|0.000057|0.003138|0.001224|0.000057|0.000008|0.000431|0.000168|0.000008|0.000001|0.000078|0.000030|0.000001|0.000342|0.006220|0.002356|0.000342|0.000056|0.001111|0.000421|0.000056|0.000008|0.000155|0.000059|0.000008|0.000001|0.000028|0.000010|0.000001,3.398087139526704e-17
1000,ascites|pressure_ruq|Cirrhosis|nausea|hepatomegaly,70,25,0.0011208057403564453,0.0011401176452636719,0.9830614805520702,0.116763|0.225979|0.048639|0.094011|0.003706|0.007126|0.001539|0.002970|0.006500|0.012493|0.002698|0.005208|0.070309|0.134999|0.029284|0.056166|0.002535|0.004889|0.001053|0.002037|0.004369|0.008431|0.001814|0.003514|0.021267|0.041159|0.008859|0.017123|0.000607|0.001166|0.000252|0.000486|0.001064|0.002045|0.000442|0.000852|0.012806|0.024588|0.005334|0.010230|0.000415|0.000800|0.000172|0.000333|0.000715|0.001380|0.000297|0.000575,0.116763|0.225979|0.048639|0.094011|0.003706|0.007126|0.001539|0.002970|0.006500|0.012493|0.002698|0.005208|0.070309|0.134999|0.029284|0.056166|0.002535|0.004889|0.001053|0.002037|0.004369|0.008431|0.001814|0.003514|0.021267|0.041159|0.008859|0.017123|0.000607|0.001166|0.000252|0.000486|0.001064|0.002045|0.000442|0.000852|0.012806|0.024588|0.005334|0.010230|0.000415|0.000800|0.000172|0.000333|0.000715|0.001380|0.000297|0.000575,1.0620963320115209e-16
1000,anorexia|le_cells|THepatitis|proteins|surgery,70,21,0.000904083251953125,0.0008881092071533203,1.017986577181208,0.351815|0.269732|0.009349|0.007204|0.012425|0.009526|0.000326|0.000251|0.033069|0.025354|0.000879|0.000677|0.001168|0.000895|0.000031|0.000024|0.134029|0.102758|0.003562|0.002744|0.005713|0.004380|0.000150|0.000116|0.012598|0.009659|0.000335|0.000258|0.000537|0.000412|0.000014|0.000011,0.351815|0.269732|0.009349|0.007204|0.012425|0.009526|0.000326|0.000251|0.033069|0.025354|0.000879|0.000677|0.001168|0.000895|0.000031|0.000024|0.134029|0.102758|0.003562|0.002744|0.005713|0.004380|0.000150|0.000116|0.012598|0.009659|0.000335|0.000258|0.000537|0.000412|0.000014|0.000011,-4.533943384749734e-17
1000,amylase|pain|hbc_anti|cholesterol|encephalopathy,70,21,0.0010747909545898438,0.0010287761688232422,1.0447276940903825,0.005655|0.000152|0.001590|0.000068|0.000402|0.000020|0.000470|0.000013|0.000134|0.000006|0.000034|0.000002|0.001702|0.000041|0.000408|0.000016|0.000093|0.000005|0.000142|0.000003|0.000035|0.000001|0.000008|0.000000|0.496788|0.013367|0.139563|0.005984|0.035312|0.001778|0.041221|0.001121|0.011767|0.000509|0.002940|0.000151|0.149552|0.003579|0.035804|0.001399|0.008197|0.000398|0.012415|0.000300|0.003024|0.000119|0.000679|0.000034|0.011819|0.000318|0.003326|0.000143|0.000840|0.000042|0.000985|0.000027|0.000282|0.000012|0.000070|0.000004|0.003558|0.000085|0.000854|0.000033|0.000195|0.000010|0.000297|0.000007|0.000072|0.000003|0.000016|0.000001,0.005655|0.000152|0.001590|0.000068|0.000402|0.000020|0.000470|0.000013|0.000134|0.000006|0.000034|0.000002|0.001702|0.000041|0.000408|0.000016|0.000093|0.000005|0.000142|0.000003|0.000035|0.000001|0.000008|0.000000|0.496788|0.013367|0.139563|0.005984|0.035312|0.001778|0.041221|0.001121|0.011767|0.000509|0.002940|0.000151|0.149552|0.003579|0.035804|0.001399|0.008197|0.000398|0.012415|0.000300|0.003024|0.000119|0.000679|0.000034|0.011819|0.000318|0.003326|0.000143|0.000840|0.000042|0.000985|0.000027|0.000282|0.000012|0.000070|0.000004|0.003558|0.000085|0.000854|0.000033|0.000195|0.000010|0.000297|0.000007|0.000072|0.000003|0.000016|0.000001,4.145767018097967e-17
1000,density|ast|alcoholism|jaundice|skin,70,26,0.0013742446899414062,0.0013196468353271484,1.0413730803974706,0.123748|0.064146|0.032263|0.039105|0.017785|0.009339|0.004650|0.005742|0.053819|0.027224|0.013940|0.016407|0.007051|0.003587|0.001829|0.002168|0.078615|0.041059|0.020515|0.024893|0.011982|0.006407|0.003144|0.003955|0.003829|0.002053|0.001008|0.001269|0.000709|0.000403|0.000190|0.000258|0.074339|0.039026|0.019459|0.024006|0.010662|0.005663|0.002798|0.003509|0.032395|0.016625|0.008428|0.010124|0.004240|0.002187|0.001104|0.001335|0.047206|0.024970|0.012368|0.015263|0.007183|0.003883|0.001892|0.002413|0.002291|0.001236|0.000604|0.000767|0.000422|0.000241|0.000113|0.000154,0.123748|0.064146|0.032263|0.039105|0.017785|0.009339|0.004650|0.005742|0.053819|0.027224|0.013940|0.016407|0.007051|0.003587|0.001829|0.002168|0.078615|0.041059|0.020515|0.024893|0.011982|0.006407|0.003144|0.003955|0.003829|0.002053|0.001008|0.001269|0.000709|0.000403|0.000190|0.000258|0.074339|0.039026|0.019459|0.024006|0.010662|0.005663|0.002798|0.003509|0.032395|0.016625|0.008428|0.010124|0.004240|0.002187|0.001104|0.001335|0.047206|0.024970|0.012368|0.015263|0.007183|0.003883|0.001892|0.002413|0.002291|0.001236|0.000604|0.000767|0.000422|0.000241|0.000113|0.000154,2.299626192640341e-16
1000,ChHepatitis|Hyperbilirubinemia|injections|density|vh_amn,70,18,0.0007863044738769531,0.0006747245788574219,1.1653710247349824,0.234206|0.022637|0.142044|0.013729|0.192328|0.030676|0.116646|0.018605|0.018045|0.001744|0.010798|0.001044|0.014818|0.002364|0.008867|0.001414|0.037319|0.020830|0.022357|0.012479|0.010970|0.005775|0.006572|0.003459|0.002872|0.001603|0.001703|0.000951|0.000844|0.000444|0.000501|0.000264|0.010513|0.008735|0.006358|0.005282|0.002863|0.001674|0.001731|0.001012|0.000810|0.000673|0.000484|0.000402|0.000221|0.000129|0.000132|0.000077,0.234206|0.022637|0.142044|0.013729|0.192328|0.030676|0.116646|0.018605|0.018045|0.001744|0.010798|0.001044|0.014818|0.002364|0.008867|0.001414|0.037319|0.020830|0.022357|0.012479|0.010970|0.005775|0.006572|0.003459|0.002872|0.001603|0.001703|0.000951|0.000844|0.000444|0.000501|0.000264|0.010513|0.008735|0.006358|0.005282|0.002863|0.001674|0.001731|0.001012|0.000810|0.000673|0.000484|0.000402|0.000221|0.000129|0.000132|0.000077,2.8870336903574664e-17
1000,encephalopathy|Cirrhosis|alt|hepatomegaly|fibrosis,70,22,0.0010704994201660156,0.0010993480682373047,0.9737584038169594,0.050905|0.000397|0.097421|0.000780|0.108948|0.000658|0.212398|0.001249|0.014969|0.000330|0.028915|0.000652|0.126038|0.001013|0.241151|0.001941|0.000661|0.001356|0.001236|0.002598|0.001833|0.001360|0.003327|0.002605|0.000082|0.000801|0.000202|0.001573|0.002829|0.001356|0.005646|0.002623|0.001640|0.000751|0.003312|0.001490|0.004326|0.002099|0.008077|0.004022|0.000060|0.000837|0.000464|0.001667|0.004442|0.003744|0.008312|0.007153|0.001676|0.000013|0.003295|0.000026|0.003595|0.000022|0.007174|0.000042|0.000493|0.000011|0.000978|0.000022|0.004160|0.000034|0.008146|0.000065|0.000000|0.000000|0.000000|0.000000|0.000000|0.000000|0.000000|0.000000|0.000000|0.000000|0.000000|0.000000|0.000000|0.000000|0.000000|0.000000|0.000000|0.000000|0.000000|0.000000|0.000000|0.000000|0.000000|0.000000|0.000000|0.000000|0.000000|0.000000|0.000000|0.000000|0.000000|0.000000,0.050905|0.000397|0.097421|0.000780|0.108948|0.000658|0.212398|0.001249|0.014969|0.000330|0.028915|0.000652|0.126038|0.001013|0.241151|0.001941|0.000661|0.001356|0.001236|0.002598|0.001833|0.001360|0.003327|0.002605|0.000082|0.000801|0.000202|0.001573|0.002829|0.001356|0.005646|0.002623|0.001640|0.000751|0.003312|0.001490|0.004326|0.002099|0.008077|0.004022|0.000060|0.000837|0.000464|0.001667|0.004442|0.003744|0.008312|0.007153|0.001676|0.000013|0.003295|0.000026|0.003595|0.000022|0.007174|0.000042|0.000493|0.000011|0.000978|0.000022|0.004160|0.000034|0.008146|0.000065|0.000000|0.000000|0.000000|0.000000|0.000000|0.000000|0.000000|0.000000|0.000000|0.000000|0.000000|0.000000|0.000000|0.000000|0.000000|0.000000|0.000000|0.000000|0.000000|0.000000|0.000000|0.000000|0.000000|0.000000|0.000000|0.000000|0.000000|0.000000|0.000000|0.000000|0.000000|0.000000,1.8826250008088503e-16
1000,PBC|edema|choledocholithotomy|anorexia|ascites,70,22,0.0009410381317138672,0.0009393692016601562,1.0017766497461928,0.269481|0.048756|0.103385|0.018705|0.042473|0.007688|0.016295|0.002950|0.047998|0.008574|0.018417|0.003290|0.007496|0.001341|0.002876|0.000514|0.179477|0.032472|0.068856|0.012458|0.028287|0.005120|0.010852|0.001964|0.031967|0.005710|0.012266|0.002191|0.004992|0.000893|0.001916|0.000343,0.269481|0.048756|0.103385|0.018705|0.042473|0.007688|0.016295|0.002950|0.047998|0.008574|0.018417|0.003290|0.007496|0.001341|0.002876|0.000514|0.179477|0.032472|0.068856|0.012458|0.028287|0.005120|0.010852|0.001964|0.031967|0.005710|0.012266|0.002191|0.004992|0.000893|0.001916|0.000343,1.2646009917201122e-16
1000,consciousness|platelet|hbsag_anti|phosphatase|fat,70,25,0.0012691020965576172,0.0012273788452148438,1.033993783993784,0.049209|0.018582|0.017053|0.006431|0.034352|0.012962|0.001003|0.000379|0.000274|0.000104|0.000615|0.000232|0.241949|0.091352|0.085477|0.032233|0.165753|0.062539|0.004765|0.001802|0.001351|0.000510|0.002894|0.001093|0.029047|0.010967|0.010272|0.003874|0.019811|0.007475|0.000568|0.000215|0.000162|0.000061|0.000346|0.000130|0.019584|0.007396|0.006781|0.002557|0.013718|0.005176|0.000402|0.000152|0.000109|0.000041|0.000246|0.000093|0.001435|0.000542|0.000510|0.000192|0.000984|0.000371|0.000028|0.000011|0.000008|0.000003|0.000017|0.000006|0.006875|0.002596|0.002471|0.000932|0.004663|0.001759|0.000133|0.000050|0.000039|0.000015|0.000079|0.000030|0.000812|0.000307|0.000292|0.000110|0.000549|0.000207|0.000016|0.000006|0.000005|0.000002|0.000009|0.000004|0.000641|0.000242|0.000229|0.000086|0.000439|0.000166|0.000013|0.000005|0.000004|0.000001|0.000008|0.000003,0.049209|0.018582|0.017053|0.006431|0.034352|0.012962|0.001003|0.000379|0.000274|0.000104|0.000615|0.000232|0.241949|0.091352|0.085477|0.032233|0.165753|0.062539|0.004765|0.001802|0.001351|0.000510|0.002894|0.001093|0.029047|0.010967|0.010272|0.003874|0.019811|0.007475|0.000568|0.000215|0.000162|0.000061|0.000346|0.000130|0.019584|0.007396|0.006781|0.002557|0.013718|0.005176|0.000402|0.000152|0.000109|0.000041|0.000246|0.000093|0.001435|0.000542|0.000510|0.000192|0.000984|0.000371|0.000028|0.000011|0.000008|0.000003|0.000017|0.000006|0.006875|0.002596|0.002471|0.000932|0.004663|0.001759|0.000133|0.000050|0.000039|0.000015|0.000079|0.000030|0.000812|0.000307|0.000292|0.000110|0.000549|0.000207|0.000016|0.000006|0.000005|0.000002|0.000009|0.000004|0.000641|0.000242|0.000229|0.000086|0.000439|0.000166|0.000013|0.000005|0.000004|0.000001|0.000008|0.000003,-1.5240966210286524e-17
1000,fatigue|hbc_anti|spleen|platelet|skin,70,26,0.0013234615325927734,0.0012543201446533203,1.0551226002661092,0.031279|0.022264|0.164560|0.104894|0.020195|0.012355|0.010950|0.010323|0.005089|0.003923|0.022223|0.015196|0.002568|0.001669|0.001930|0.001799|0.002618|0.001882|0.013832|0.008885|0.001697|0.001048|0.000916|0.000872|0.000410|0.000318|0.001835|0.001246|0.000212|0.000139|0.000155|0.000145|0.035738|0.025259|0.187402|0.118788|0.023002|0.013981|0.012523|0.011715|0.006011|0.004622|0.025783|0.017744|0.002978|0.001927|0.002286|0.002123|0.002944|0.002106|0.015517|0.009929|0.001904|0.001170|0.001031|0.000976|0.000475|0.000367|0.002095|0.001429|0.000242|0.000158|0.000180|0.000168,0.031279|0.022264|0.164560|0.104894|0.020195|0.012355|0.010950|0.010323|0.005089|0.003923|0.022223|0.015196|0.002568|0.001669|0.001930|0.001799|0.002618|0.001882|0.013832|0.008885|0.001697|0.001048|0.000916|0.000872|0.000410|0.000318|0.001835|0.001246|0.000212|0.000139|0.000155|0.000145|0.035738|0.025259|0.187402|0.118788|0.023002|0.013981|0.012523|0.011715|0.006011|0.004622|0.025783|0.017744|0.002978|0.001927|0.002286|0.002123|0.002944|0.002106|0.015517|0.009929|0.001904|0.001170|0.001031|0.000976|0.000475|0.000367|0.002095|0.001429|0.000242|0.000158|0.000180|0.000168,-1.0283250596009505e-16
1000,ChHepatitis|proteins|gallstones|injections|pressure_ruq,70,18,0.0007419586181640625,0.0006763935089111328,1.096933380331336,0.233726|0.149722|0.187196|0.119915|0.036488|0.012378|0.050959|0.017287|0.006452|0.004133|0.005167|0.003310|0.001007|0.000342|0.001407|0.000477|0.047596|0.039555|0.012633|0.010499|0.005504|0.005441|0.002573|0.002543|0.000978|0.000813|0.000260|0.000216|0.000113|0.000112|0.000053|0.000052|0.021123|0.007580|0.004578|0.001643|0.003155|0.000557|0.001206|0.000213|0.000548|0.000197|0.000119|0.000043|0.000082|0.000014|0.000031|0.000006,0.233726|0.149722|0.187196|0.119915|0.036488|0.012378|0.050959|0.017287|0.006452|0.004133|0.005167|0.003310|0.001007|0.000342|0.001407|0.000477|0.047596|0.039555|0.012633|0.010499|0.005504|0.005441|0.002573|0.002543|0.000978|0.000813|0.000260|0.000216|0.000113|0.000112|0.000053|0.000052|0.021123|0.007580|0.004578|0.001643|0.003155|0.000557|0.001206|0.000213|0.000548|0.000197|0.000119|0.000043|0.000082|0.000014|0.000031|0.000006,2.0756213260604793e-16
1000,urea|skin|nausea|ast|ggtp,70,27,0.0014524459838867188,0.0015232563018798828,0.9535138519330099,0.001133|0.001130|0.001164|0.005100|0.000492|0.000485|0.000519|0.002189|0.000746|0.000741|0.000710|0.003273|0.000035|0.000034|0.000042|0.000159|0.000468|0.000469|0.000481|0.002141|0.000203|0.000201|0.000215|0.000919|0.000308|0.000306|0.000293|0.001355|0.000015|0.000014|0.000017|0.000067|0.000740|0.001081|0.000948|0.003128|0.000313|0.000461|0.000411|0.001305|0.000489|0.000722|0.000599|0.001996|0.000023|0.000032|0.000032|0.000104|0.000307|0.000446|0.000393|0.001315|0.000130|0.000191|0.000171|0.000548|0.000202|0.000297|0.000247|0.000827|0.000010|0.000013|0.000013|0.000044|0.023886|0.022744|0.023889|0.108825|0.010323|0.009676|0.010608|0.046450|0.015745|0.014908|0.014549|0.069945|0.000746|0.000696|0.000867|0.003429|0.009866|0.009440|0.009866|0.045671|0.004271|0.004017|0.004388|0.019499|0.006488|0.006155|0.005998|0.028950|0.000315|0.000295|0.000365|0.001446|0.014953|0.021028|0.018653|0.064769|0.006273|0.008870|0.008016|0.026720|0.009890|0.014061|0.011804|0.041446|0.000489|0.000638|0.000656|0.002207|0.006205|0.008681|0.007726|0.027209|0.002609|0.003671|0.003326|0.011224|0.004081|0.005794|0.004869|0.017167|0.000206|0.000268|0.000275|0.000938|0.001826|0.001742|0.001828|0.008314|0.000789|0.000741|0.000812|0.003549|0.001203|0.001142|0.001113|0.005343|0.000057|0.000053|0.000066|0.000262|0.000754|0.000723|0.000755|0.003489|0.000326|0.000308|0.000336|0.001490|0.000496|0.000471|0.000459|0.002211|0.000024|0.000023|0.000028|0.000110|0.001145|0.001613|0.001430|0.004954|0.000480|0.000681|0.000615|0.002045|0.000757|0.001078|0.000905|0.003170|0.000037|0.000049|0.000050|0.000169|0.000475|0.000666|0.000592|0.002081|0.000200|0.000282|0.000255|0.000859|0.000312|0.000444|0.000373|0.001313|0.000016|0.000020|0.000021|0.000072,0.001133|0.001130|0.001164|0.005100|0.000492|0.000485|0.000519|0.002189|0.000746|0.000741|0.000710|0.003273|0.000035|0.000034|0.000042|0.000159|0.000468|0.000469|0.000481|0.002141|0.000203|0.000201|0.000215|0.000919|0.000308|0.000306|0.000293|0.001355|0.000015|0.000014|0.000017|0.000067|0.000740|0.001081|0.000948|0.003128|0.000313|0.000461|0.000411|0.001305|0.000489|0.000722|0.000599|0.001996|0.000023|0.000032|0.000032|0.000104|0.000307|0.000446|0.000393|0.001315|0.000130|0.000191|0.000171|0.000548|0.000202|0.000297|0.000247|0.000827|0.000010|0.000013|0.000013|0.000044|0.023886|0.022744|0.023889|0.108825|0.010323|0.009676|0.010608|0.046450|0.015745|0.014908|0.014549|0.069945|0.000746|0.000696|0.000867|0.003429|0.009866|0.009440|0.009866|0.045671|0.004271|0.004017|0.004388|0.019499|0.006488|0.006155|0.005998|0.028950|0.000315|0.000295|0.000365|0.001446|0.014953|0.021028|0.018653|0.064769|0.006273|0.008870|0.008016|0.026720|0.009890|0.014061|0.011804|0.041446|0.000489|0.000638|0.000656|0.002207|0.006205|0.008681|0.007726|0.027209|0.002609|0.003671|0.003326|0.011224|0.004081|0.005794|0.004869|0.017167|0.000206|0.000268|0.000275|0.000938|0.001826|0.001742|0.001828|0.008314|0.000789|0.000741|0.000812|0.003549|0.001203|0.001142|0.001113|0.005343|0.000057|0.000053|0.000066|0.000262|0.000754|0.000723|0.000755|0.003489|0.000326|0.000308|0.000336|0.001490|0.000496|0.000471|0.000459|0.002211|0.000024|0.000023|0.000028|0.000110|0.001145|0.001613|0.001430|0.004954|0.000480|0.000681|0.000615|0.002045|0.000757|0.001078|0.000905|0.003170|0.000037|0.000049|0.000050|0.000169|0.000475|0.000666|0.000592|0.002081|0.000200|0.000282|0.000255|0.000859|0.000312|0.000444|0.000373|0.001313|0.000016|0.000020|0.000021|0.000072,4.746114430410389e-17
1000,consciousness|ggtp|fibrosis|phosphatase|vh_amn,70,23,0.0012066364288330078,0.0011444091796875,1.054375,0.048841|0.009903|0.019489|0.002590|0.035942|0.005638|0.001797|0.001008|0.000234|0.000134|0.001066|0.000586|0.055661|0.010596|0.021929|0.002907|0.040113|0.006096|0.002053|0.001136|0.000296|0.000164|0.001208|0.000655|0.052396|0.010747|0.020428|0.002793|0.037300|0.005951|0.002967|0.001630|0.000349|0.000191|0.001715|0.000931|0.220787|0.043575|0.083076|0.011094|0.157013|0.024744|0.009181|0.005093|0.001040|0.000577|0.005484|0.002991|0.001422|0.000282|0.000572|0.000075|0.001032|0.000160|0.000034|0.000019|0.000004|0.000002|0.000019|0.000010|0.001901|0.000368|0.000758|0.000100|0.001345|0.000206|0.000042|0.000023|0.000005|0.000003|0.000023|0.000012|0.001705|0.000346|0.000668|0.000091|0.001198|0.000190|0.000059|0.000032|0.000006|0.000004|0.000031|0.000017|0.006010|0.001193|0.002276|0.000304|0.004231|0.000668|0.000177|0.000098|0.000019|0.000010|0.000099|0.000054,0.048841|0.009903|0.019489|0.002590|0.035942|0.005638|0.001797|0.001008|0.000234|0.000134|0.001066|0.000586|0.055661|0.010596|0.021929|0.002907|0.040113|0.006096|0.002053|0.001136|0.000296|0.000164|0.001208|0.000655|0.052396|0.010747|0.020428|0.002793|0.037300|0.005951|0.002967|0.001630|0.000349|0.000191|0.001715|0.000931|0.220787|0.043575|0.083076|0.011094|0.157013|0.024744|0.009181|0.005093|0.001040|0.000577|0.005484|0.002991|0.001422|0.000282|0.000572|0.000075|0.001032|0.000160|0.000034|0.000019|0.000004|0.000002|0.000019|0.000010|0.001901|0.000368|0.000758|0.000100|0.001345|0.000206|0.000042|0.000023|0.000005|0.000003|0.000023|0.000012|0.001705|0.000346|0.000668|0.000091|0.001198|0.000190|0.000059|0.000032|0.000006|0.000004|0.000031|0.000017|0.006010|0.001193|0.002276|0.000304|0.004231|0.000668|0.000177|0.000098|0.000019|0.000010|0.000099|0.000054,-8.350326906934141e-17
1000,consciousness|alcoholism|sex|Cirrhosis|fatigue,70,21,0.0009207725524902344,0.0008511543273925781,1.0817927170868347,0.225377|0.253921|0.006461|0.008235|0.011264|0.014160|0.142915|0.161015|0.004062|0.005177|0.007081|0.008902|0.030617|0.035316|0.001572|0.001901|0.002829|0.003388|0.019415|0.022394|0.000988|0.001195|0.001779|0.002130|0.007491|0.008440|0.000108|0.000138|0.000189|0.000237|0.003481|0.003922|0.000068|0.000087|0.000119|0.000149|0.001018|0.001174|0.000026|0.000032|0.000047|0.000057|0.000473|0.000545|0.000017|0.000020|0.000030|0.000036,0.225377|0.253921|0.006461|0.008235|0.011264|0.014160|0.142915|0.161015|0.004062|0.005177|0.007081|0.008902|0.030617|0.035316|0.001572|0.001901|0.002829|0.003388|0.019415|0.022394|0.000988|0.001195|0.001779|0.002130|0.007491|0.008440|0.000108|0.000138|0.000189|0.000237|0.003481|0.003922|0.000068|0.000087|0.000119|0.000149|0.001018|0.001174|0.000026|0.000032|0.000047|0.000057|0.000473|0.000545|0.000017|0.000020|0.000030|0.000036,-2.3871808069915416e-18
1000,pain|bilirubin|fat|ast|hepatalgia,70,26,0.001363992691040039,0.0012879371643066406,1.0590522028878193,0.021566|0.005721|0.009023|0.002386|0.013361|0.003561|0.000721|0.000196|0.008142|0.002159|0.003424|0.000905|0.005020|0.001338|0.000271|0.000074|0.131956|0.034864|0.057114|0.014989|0.084173|0.022278|0.004156|0.001126|0.049536|0.013097|0.021419|0.005626|0.031614|0.008372|0.001583|0.000429|0.054610|0.013859|0.022650|0.005674|0.035857|0.009169|0.001852|0.000498|0.020967|0.005310|0.008694|0.002173|0.013768|0.003515|0.000695|0.000187|0.004812|0.001233|0.001881|0.000482|0.003223|0.000834|0.000167|0.000046|0.001719|0.000445|0.000679|0.000176|0.001157|0.000302|0.000061|0.000017|0.005146|0.001364|0.002136|0.000565|0.003186|0.000849|0.000173|0.000047|0.001947|0.000516|0.000812|0.000215|0.001199|0.000320|0.000065|0.000018|0.040248|0.010628|0.017468|0.004579|0.025735|0.006807|0.001265|0.000342|0.015087|0.003987|0.006542|0.001717|0.009654|0.002555|0.000481|0.000130|0.014632|0.003672|0.006017|0.001487|0.009530|0.002412|0.000500|0.000134|0.005644|0.001413|0.002322|0.000573|0.003674|0.000928|0.000188|0.000050|0.001149|0.000294|0.000429|0.000110|0.000795|0.000206|0.000043|0.000012|0.000408|0.000105|0.000154|0.000040|0.000285|0.000074|0.000016|0.000004,0.021566|0.005721|0.009023|0.002386|0.013361|0.003561|0.000721|0.000196|0.008142|0.002159|0.003424|0.000905|0.005020|0.001338|0.000271|0.000074|0.131956|0.034864|0.057114|0.014989|0.084173|0.022278|0.004156|0.001126|0.049536|0.013097|0.021419|0.005626|0.031614|0.008372|0.001583|0.000429|0.054610|0.013859|0.022650|0.005674|0.035857|0.009169|0.001852|0.000498|0.020967|0.005310|0.008694|0.002173|0.013768|0.003515|0.000695|0.000187|0.004812|0.001233|0.001881|0.000482|0.003223|0.000834|0.000167|0.000046|0.001719|0.000445|0.000679|0.000176|0.001157|0.000302|0.000061|0.000017|0.005146|0.001364|0.002136|0.000565|0.003186|0.000849|0.000173|0.000047|0.001947|0.000516|0.000812|0.000215|0.001199|0.000320|0.000065|0.000018|0.040248|0.010628|0.017468|0.004579|0.025735|0.006807|0.001265|0.000342|0.015087|0.003987|0.006542|0.001717|0.009654|0.002555|0.000481|0.000130|0.014632|0.003672|0.006017|0.001487|0.009530|0.002412|0.000500|0.000134|0.005644|0.001413|0.002322|0.000573|0.003674|0.000928|0.000188|0.000050|0.001149|0.000294|0.000429|0.000110|0.000795|0.000206|0.000043|0.000012|0.000408|0.000105|0.000154|0.000040|0.000285|0.000074|0.000016|0.000004,3.1299311530820584e-17
1000,fatigue|ggtp|RHepatitis|Cirrhosis|obesity,70,21,0.0009989738464355469,0.0009937286376953125,1.005278310940499,0.052536|0.004870|0.001323|0.000272|0.002265|0.000482|0.000430|0.000040|0.000013|0.000003|0.000021|0.000004|0.058489|0.005463|0.001576|0.000315|0.002790|0.000587|0.000494|0.000045|0.000014|0.000003|0.000021|0.000004|0.056233|0.005108|0.001506|0.000241|0.002558|0.000430|0.000430|0.000040|0.000013|0.000003|0.000021|0.000004|0.220401|0.020753|0.006486|0.001339|0.011361|0.002444|0.004987|0.000467|0.000165|0.000030|0.000288|0.000055|0.056950|0.005294|0.001631|0.000324|0.002756|0.000564|0.000923|0.000085|0.000024|0.000005|0.000037|0.000008|0.064389|0.006003|0.001869|0.000356|0.003278|0.000657|0.001072|0.000098|0.000024|0.000005|0.000037|0.000008|0.062395|0.005664|0.001941|0.000291|0.003273|0.000513|0.000923|0.000085|0.000024|0.000005|0.000037|0.000008|0.246794|0.023235|0.008255|0.001609|0.014242|0.002885|0.011720|0.001098|0.000355|0.000068|0.000628|0.000126,0.052536|0.004870|0.001323|0.000272|0.002265|0.000482|0.000430|0.000040|0.000013|0.000003|0.000021|0.000004|0.058489|0.005463|0.001576|0.000315|0.002790|0.000587|0.000494|0.000045|0.000014|0.000003|0.000021|0.000004|0.056233|0.005108|0.001506|0.000241|0.002558|0.000430|0.000430|0.000040|0.000013|0.000003|0.000021|0.000004|0.220401|0.020753|0.006486|0.001339|0.011361|0.002444|0.004987|0.000467|0.000165|0.000030|0.000288|0.000055|0.056950|0.005294|0.001631|0.000324|0.002756|0.000564|0.000923|0.000085|0.000024|0.000005|0.000037|0.000008|0.064389|0.006003|0.001869|0.000356|0.003278|0.000657|0.001072|0.000098|0.000024|0.000005|0.000037|0.000008|0.062395|0.005664|0.001941|0.000291|0.003273|0.000513|0.000923|0.000085|0.000024|0.000005|0.000037|0.000008|0.246794|0.023235|0.008255|0.001609|0.014242|0.002885|0.011720|0.001098|0.000355|0.000068|0.000628|0.000126,1.5503615031954304e-17
1000,bilirubin|vh_amn|hbeag|upper_pain|sex,70,20,0.0009109973907470703,0.0009310245513916016,0.9784891165172855,0.043317|0.007190|0.027049|0.004427|0.000255|0.000053|0.000160|0.000034|0.007294|0.001291|0.004555|0.000801|0.000000|0.000000|0.000000|0.000000|0.171963|0.150065|0.107365|0.094165|0.001879|0.001798|0.001165|0.001121|0.032929|0.028686|0.020474|0.017947|0.000000|0.000000|0.000000|0.000000|0.091121|0.039699|0.056431|0.024138|0.001191|0.000268|0.000744|0.000165|0.017216|0.006776|0.010755|0.004152|0.000000|0.000000|0.000000|0.000000|0.009406|0.001583|0.006024|0.001034|0.000089|0.000026|0.000057|0.000017|0.001563|0.000340|0.000998|0.000223|0.000000|0.000000|0.000000|0.000000,0.043317|0.007190|0.027049|0.004427|0.000255|0.000053|0.000160|0.000034|0.007294|0.001291|0.004555|0.000801|0.000000|0.000000|0.000000|0.000000|0.171963|0.150065|0.107365|0.094165|0.001879|0.001798|0.001165|0.001121|0.032929|0.028686|0.020474|0.017947|0.000000|0.000000|0.000000|0.000000|0.091121|0.039699|0.056431|0.024138|0.001191|0.000268|0.000744|0.000165|0.017216|0.006776|0.010755|0.004152|0.000000|0.000000|0.000000|0.000000|0.009406|0.001583|0.006024|0.001034|0.000089|0.000026|0.000057|0.000017|0.001563|0.000340|0.000998|0.000223|0.000000|0.000000|0.000000|0.000000,-1.2440915977004043e-16
1000,skin|edge|hbeag|fatigue|spiders,70,26,0.0012977123260498047,0.0013124942779541016,0.9887375113533151,0.165130|0.041169|0.187474|0.047098|0.001497|0.000370|0.001851|0.000458|0.052700|0.018957|0.060148|0.022277|0.000477|0.000171|0.000590|0.000214|0.108046|0.027725|0.121806|0.031575|0.000884|0.000231|0.001078|0.000284|0.035271|0.014386|0.040107|0.017106|0.000291|0.000121|0.000356|0.000151,0.165130|0.041169|0.187474|0.047098|0.001497|0.000370|0.001851|0.000458|0.052700|0.018957|0.060148|0.022277|0.000477|0.000171|0.000590|0.000214|0.108046|0.027725|0.121806|0.031575|0.000884|0.000231|0.001078|0.000284|0.035271|0.014386|0.040107|0.017106|0.000291|0.000121|0.000356|0.000151,7.976059348068205e-17
1000,spiders|joints|upper_pain|age|alt,70,23,0.0010366439819335938,0.0009622573852539062,1.0773042616451933,0.009966|0.021450|0.003051|0.024706|0.029540|0.063579|0.009045|0.073228|0.027521|0.059233|0.008426|0.068222|0.005431|0.011690|0.001663|0.013464|0.006213|0.013373|0.001901|0.015403|0.018415|0.039639|0.005634|0.045653|0.017156|0.036929|0.005249|0.042532|0.003386|0.007288|0.001036|0.008394|0.001007|0.002167|0.000308|0.002496|0.003379|0.007273|0.001035|0.008377|0.003220|0.006931|0.000986|0.007982|0.000620|0.001334|0.000190|0.001537|0.000628|0.001351|0.000192|0.001556|0.002107|0.004535|0.000645|0.005223|0.002007|0.004321|0.000614|0.004977|0.000386|0.000832|0.000118|0.000958|0.002783|0.006073|0.000911|0.007149|0.008249|0.018000|0.002699|0.021189|0.007685|0.016770|0.002515|0.019740|0.001517|0.003310|0.000496|0.003896|0.001735|0.003785|0.000567|0.004456|0.005141|0.011220|0.001681|0.013206|0.004790|0.010453|0.001566|0.012304|0.000945|0.002063|0.000309|0.002428|0.000281|0.000613|0.000092|0.000722|0.000944|0.002059|0.000309|0.002424|0.000899|0.001962|0.000294|0.002310|0.000173|0.000378|0.000057|0.000445|0.000175|0.000382|0.000057|0.000450|0.000588|0.001283|0.000192|0.001511|0.000560|0.001223|0.000183|0.001440|0.000108|0.000235|0.000035|0.000277,0.009966|0.021450|0.003051|0.024706|0.029540|0.063579|0.009045|0.073228|0.027521|0.059233|0.008426|0.068222|0.005431|0.011690|0.001663|0.013464|0.006213|0.013373|0.001901|0.015403|0.018415|0.039639|0.005634|0.045653|0.017156|0.036929|0.005249|0.042532|0.003386|0.007288|0.001036|0.008394|0.001007|0.002167|0.000308|0.002496|0.003379|0.007273|0.001035|0.008377|0.003220|0.006931|0.000986|0.007982|0.000620|0.001334|0.000190|0.001537|0.000628|0.001351|0.000192|0.001556|0.002107|0.004535|0.000645|0.005223|0.002007|0.004321|0.000614|0.004977|0.000386|0.000832|0.000118|0.000958|0.002783|0.006073|0.000911|0.007149|0.008249|0.018000|0.002699|0.021189|0.007685|0.016770|0.002515|0.019740|0.001517|0.003310|0.000496|0.003896|0.001735|0.003785|0.000567|0.004456|0.005141|0.011220|0.001681|0.013206|0.004790|0.010453|0.001566|0.012304|0.000945|0.002063|0.000309|0.002428|0.000281|0.000613|0.000092|0.000722|0.000944|0.002059|0.000309|0.002424|0.000899|0.001962|0.000294|0.002310|0.000173|0.000378|0.000057|0.000445|0.000175|0.000382|0.000057|0.000450|0.000588|0.001283|0.000192|0.001511|0.000560|0.001223|0.000183|0.001440|0.000108|0.000235|0.000035|0.000277,-3.6057001510734064e-17
1000,urea|platelet|amylase|edema|injections,70,21,0.0009067058563232422,0.0008292198181152344,1.0934445083381255,0.000032|0.000025|0.000006|0.000005|0.002930|0.002137|0.000585|0.000400|0.000065|0.000056|0.000013|0.000010|0.000160|0.000127|0.000028|0.000021|0.014490|0.010658|0.002503|0.001785|0.000320|0.000279|0.000055|0.000047|0.000019|0.000015|0.000003|0.000002|0.001741|0.001281|0.000285|0.000206|0.000038|0.000034|0.000006|0.000005|0.000013|0.000010|0.000003|0.000002|0.001204|0.000879|0.000247|0.000168|0.000027|0.000023|0.000005|0.000004|0.000663|0.000521|0.000137|0.000100|0.060223|0.043752|0.012404|0.008392|0.001331|0.001145|0.000274|0.000220|0.003309|0.002626|0.000579|0.000444|0.300556|0.220506|0.052623|0.037320|0.006642|0.005769|0.001163|0.000976|0.000400|0.000317|0.000066|0.000051|0.036305|0.026646|0.005974|0.004308|0.000802|0.000697|0.000132|0.000113|0.000263|0.000207|0.000056|0.000041|0.023893|0.017353|0.005123|0.003435|0.000528|0.000454|0.000113|0.000090|0.000051|0.000040|0.000010|0.000008|0.004608|0.003348|0.000948|0.000642|0.000102|0.000088|0.000021|0.000017|0.000253|0.000201|0.000044|0.000034|0.022987|0.016866|0.004022|0.002853|0.000508|0.000441|0.000089|0.000075|0.000031|0.000024|0.000005|0.000004|0.002776|0.002038|0.000457|0.000329|0.000061|0.000053|0.000010|0.000009|0.000020|0.000016|0.000004|0.000003|0.001831|0.001330|0.000392|0.000263|0.000040|0.000035|0.000009|0.000007,0.000032|0.000025|0.000006|0.000005|0.002930|0.002137|0.000585|0.000400|0.000065|0.000056|0.000013|0.000010|0.000160|0.000127|0.000028|0.000021|0.014490|0.010658|0.002503|0.001785|0.000320|0.000279|0.000055|0.000047|0.000019|0.000015|0.000003|0.000002|0.001741|0.001281|0.000285|0.000206|0.000038|0.000034|0.000006|0.000005|0.000013|0.000010|0.000003|0.000002|0.001204|0.000879|0.000247|0.000168|0.000027|0.000023|0.000005|0.000004|0.000663|0.000521|0.000137|0.000100|0.060223|0.043752|0.012404|0.008392|0.001331|0.001145|0.000274|0.000220|0.003309|0.002626|0.000579|0.000444|0.300556|0.220506|0.052623|0.037320|0.006642|0.005769|0.001163|0.000976|0.000400|0.000317|0.000066|0.000051|0.036305|0.026646|0.005974|0.004308|0.000802|0.000697|0.000132|0.000113|0.000263|0.000207|0.000056|0.000041|0.023893|0.017353|0.005123|0.003435|0.000528|0.000454|0.000113|0.000090|0.000051|0.000040|0.000010|0.000008|0.004608|0.003348|0.000948|0.000642|0.000102|0.000088|0.000021|0.000017|0.000253|0.000201|0.000044|0.000034|0.022987|0.016866|0.004022|0.002853|0.000508|0.000441|0.000089|0.000075|0.000031|0.000024|0.000005|0.000004|0.002776|0.002038|0.000457|0.000329|0.000061|0.000053|0.000010|0.000009|0.000020|0.000016|0.000004|0.000003|0.001831|0.001330|0.000392|0.000263|0.000040|0.000035|0.000009|0.000007,1.1384497446754683e-16
1000,le_cells|PBC|anorexia|nausea|hepatotoxic,70,10,0.00041484832763671875,0.000377655029296875,1.0984848484848484,0.264696|0.023100|0.110448|0.009491|0.101676|0.008890|0.042210|0.003653|0.164176|0.014328|0.068504|0.005887|0.063064|0.005514|0.026181|0.002265|0.016925|0.001477|0.007062|0.000607|0.006501|0.000568|0.002699|0.000234|0.023387|0.002041|0.009758|0.000839|0.008983|0.000785|0.003729|0.000323,0.264696|0.023100|0.110448|0.009491|0.101676|0.008890|0.042210|0.003653|0.164176|0.014328|0.068504|0.005887|0.063064|0.005514|0.026181|0.002265|0.016925|0.001477|0.007062|0.000607|0.006501|0.000568|0.002699|0.000234|0.023387|0.002041|0.009758|0.000839|0.008983|0.000785|0.003729|0.000323,0.0
1000,skin|ChHepatitis|choledocholithotomy|spleen|transfusion,70,23,0.0009462833404541016,0.0009899139404296875,0.9559248554913294,0.312831|0.058766|0.041265|0.007752|0.053583|0.011745|0.006883|0.001509|0.048481|0.010614|0.010180|0.002229|0.005880|0.001036|0.001074|0.000189|0.018319|0.002445|0.002694|0.000360|0.002017|0.000392|0.000282|0.000055|0.217231|0.040807|0.029381|0.005519|0.030671|0.006723|0.004346|0.000953|0.027496|0.006020|0.007475|0.001637|0.004338|0.000764|0.001300|0.000229|0.009414|0.001256|0.001613|0.000215|0.001445|0.000281|0.000256|0.000050,0.312831|0.058766|0.041265|0.007752|0.053583|0.011745|0.006883|0.001509|0.048481|0.010614|0.010180|0.002229|0.005880|0.001036|0.001074|0.000189|0.018319|0.002445|0.002694|0.000360|0.002017|0.000392|0.000282|0.000055|0.217231|0.040807|0.029381|0.005519|0.030671|0.006723|0.004346|0.000953|0.027496|0.006020|0.007475|0.001637|0.004338|0.000764|0.001300|0.000229|0.009414|0.001256|0.001613|0.000215|0.001445|0.000281|0.000256|0.000050,9.387575739613289e-17
1000,vh_amn|ChHepatitis|phosphatase|ascites|hepatotoxic,70,18,0.0008556842803955078,0.0008034706115722656,1.0649851632047478,0.258373|0.021722|0.046842|0.003937|0.113649|0.010221|0.020654|0.001858|0.202585|0.018022|0.036628|0.003259|0.044763|0.003863|0.007957|0.000686|0.003344|0.000281|0.000584|0.000049|0.016890|0.001507|0.002948|0.000264|0.013151|0.001153|0.002376|0.000208|0.000413|0.000021|0.000070|0.000004|0.004453|0.000392|0.000799|0.000070|0.032295|0.002715|0.005855|0.000492|0.014205|0.001278|0.002582|0.000232|0.025322|0.002253|0.004578|0.000407|0.024662|0.002129|0.004384|0.000378|0.001842|0.000155|0.000322|0.000027|0.009305|0.000831|0.001624|0.000145|0.010233|0.000897|0.001849|0.000162|0.000322|0.000017|0.000055|0.000003|0.003465|0.000305|0.000622|0.000055,0.258373|0.021722|0.046842|0.003937|0.113649|0.010221|0.020654|0.001858|0.202585|0.018022|0.036628|0.003259|0.044763|0.003863|0.007957|0.000686|0.003344|0.000281|0.000584|0.000049|0.016890|0.001507|0.002948|0.000264|0.013151|0.001153|0.002376|0.000208|0.000413|0.000021|0.000070|0.000004|0.004453|0.000392|0.000799|0.000070|0.032295|0.002715|0.005855|0.000492|0.014205|0.001278|0.002582|0.000232|0.025322|0.002253|0.004578|0.000407|0.024662|0.002129|0.004384|0.000378|0.001842|0.000155|0.000322|0.000027|0.009305|0.000831|0.001624|0.000145|0.010233|0.000897|0.001849|0.000162|0.000322|0.000017|0.000055|0.000003|0.003465|0.000305|0.000622|0.000055,5.052293934088255e-17
1000,itching|triglycerides|Cirrhosis|fatigue|hbc_anti,70,25,0.0012161731719970703,0.0011992454528808594,1.0141153081510934,0.006824|0.000578|0.007733|0.000646|0.000726|0.000058|0.000864|0.000067|0.001434|0.000118|0.001665|0.000135|0.213381|0.018074|0.241597|0.020198|0.005243|0.000366|0.006811|0.000462|0.009084|0.000660|0.011513|0.000812|0.007090|0.000600|0.008033|0.000671|0.000645|0.000051|0.000772|0.000060|0.001266|0.000104|0.001477|0.000119|0.005098|0.000433|0.005761|0.000484|0.000687|0.000056|0.000805|0.000064|0.001179|0.000096|0.001376|0.000110|0.159407|0.013555|0.179995|0.015120|0.004491|0.000323|0.005710|0.000399|0.007715|0.000554|0.009846|0.000686|0.005296|0.000450|0.005985|0.000503|0.000607|0.000049|0.000715|0.000056|0.001043|0.000085|0.001223|0.000097,0.006824|0.000578|0.007733|0.000646|0.000726|0.000058|0.000864|0.000067|0.001434|0.000118|0.001665|0.000135|0.213381|0.018074|0.241597|0.020198|0.005243|0.000366|0.006811|0.000462|0.009084|0.000660|0.011513|0.000812|0.007090|0.000600|0.008033|0.000671|0.000645|0.000051|0.000772|0.000060|0.001266|0.000104|0.001477|0.000119|0.005098|0.000433|0.005761|0.000484|0.000687|0.000056|0.000805|0.000064|0.001179|0.000096|0.001376|0.000110|0.159407|0.013555|0.179995|0.015120|0.004491|0.000323|0.005710|0.000399|0.007715|0.000554|0.009846|0.000686|0.005296|0.000450|0.005985|0.000503|0.000607|0.000049|0.000715|0.000056|0.001043|0.000085|0.001223|0.000097,1.5057153844957196e-16
1000,anorexia|fatigue|Steatosis|skin|alcohol,70,25,0.0012214183807373047,0.0012011528015136719,1.016871774513696,0.167620|0.019448|0.109665|0.012903|0.012686|0.002815|0.009946|0.002518|0.191253|0.022479|0.124528|0.014884|0.014514|0.003241|0.011346|0.002880|0.064452|0.007479|0.042163|0.004962|0.004886|0.001085|0.003831|0.000970|0.073210|0.008604|0.047672|0.005697|0.005566|0.001243|0.004351|0.001104,0.167620|0.019448|0.109665|0.012903|0.012686|0.002815|0.009946|0.002518|0.191253|0.022479|0.124528|0.014884|0.014514|0.003241|0.011346|0.002880|0.064452|0.007479|0.042163|0.004962|0.004886|0.001085|0.003831|0.000970|0.073210|0.008604|0.047672|0.005697|0.005566|0.001243|0.004351|0.001104,-1.7344872097613333e-17
1000,spleen|jaundice|PBC|fatigue|ast,70,25,0.001262664794921875,0.0013427734375,0.9403409090909091,0.090666|0.039917|0.058240|0.002497|0.102932|0.045103|0.065951|0.003348|0.049745|0.021758|0.032002|0.001395|0.056556|0.024650|0.036318|0.001875|0.025632|0.011050|0.016510|0.000726|0.029079|0.012463|0.018648|0.000976|0.027711|0.012186|0.017783|0.000751|0.031365|0.013689|0.020026|0.001005|0.013181|0.004735|0.008442|0.000550|0.015297|0.005346|0.009919|0.000774|0.007566|0.002631|0.004798|0.000307|0.008765|0.002987|0.005636|0.000438|0.004195|0.001366|0.002671|0.000190|0.004874|0.001546|0.003141|0.000272|0.004006|0.001432|0.002603|0.000185|0.004669|0.001603|0.003062|0.000259,0.090666|0.039917|0.058240|0.002497|0.102932|0.045103|0.065951|0.003348|0.049745|0.021758|0.032002|0.001395|0.056556|0.024650|0.036318|0.001875|0.025632|0.011050|0.016510|0.000726|0.029079|0.012463|0.018648|0.000976|0.027711|0.012186|0.017783|0.000751|0.031365|0.013689|0.020026|0.001005|0.013181|0.004735|0.008442|0.000550|0.015297|0.005346|0.009919|0.000774|0.007566|0.002631|0.004798|0.000307|0.008765|0.002987|0.005636|0.000438|0.004195|0.001366|0.002671|0.000190|0.004874|0.001546|0.003141|0.000272|0.004006|0.001432|0.002603|0.000185|0.004669|0.001603|0.003062|0.000259,2.93808549520425e-17
1000,albumin|choledocholithotomy|consciousness|gallstones|bilirubin,70,21,0.0010035037994384766,0.0008826255798339844,1.1369529983792546,0.009448|0.062091|0.025775|0.001610|0.000398|0.003456|0.000800|0.000149|0.000351|0.001685|0.000836|0.000064|0.000016|0.000090|0.000031|0.000006|0.000396|0.002565|0.001078|0.000067|0.001046|0.008916|0.001965|0.000390|0.000015|0.000070|0.000035|0.000003|0.000041|0.000233|0.000077|0.000015|0.011012|0.071307|0.030258|0.001855|0.000499|0.003891|0.000960|0.000204|0.000398|0.001908|0.000954|0.000072|0.000018|0.000101|0.000036|0.000007|0.000459|0.002939|0.001259|0.000077|0.001287|0.010041|0.002340|0.000534|0.000017|0.000079|0.000040|0.000003|0.000047|0.000260|0.000088|0.000018|0.056276|0.363503|0.156995|0.010883|0.002803|0.019527|0.004959|0.001238|0.001981|0.009555|0.004803|0.000379|0.000095|0.000499|0.000180|0.000038|0.002335|0.014914|0.006509|0.000452|0.007159|0.050246|0.012042|0.003182|0.000083|0.000393|0.000200|0.000016|0.000245|0.001289|0.000440|0.000099,0.009448|0.062091|0.025775|0.001610|0.000398|0.003456|0.000800|0.000149|0.000351|0.001685|0.000836|0.000064|0.000016|0.000090|0.000031|0.000006|0.000396|0.002565|0.001078|0.000067|0.001046|0.008916|0.001965|0.000390|0.000015|0.000070|0.000035|0.000003|0.000041|0.000233|0.000077|0.000015|0.011012|0.071307|0.030258|0.001855|0.000499|0.003891|0.000960|0.000204|0.000398|0.001908|0.000954|0.000072|0.000018|0.000101|0.000036|0.000007|0.000459|0.002939|0.001259|0.000077|0.001287|0.010041|0.002340|0.000534|0.000017|0.000079|0.000040|0.000003|0.000047|0.000260|0.000088|0.000018|0.056276|0.363503|0.156995|0.010883|0.002803|0.019527|0.004959|0.001238|0.001981|0.009555|0.004803|0.000379|0.000095|0.000499|0.000180|0.000038|0.002335|0.014914|0.006509|0.000452|0.007159|0.050246|0.012042|0.003182|0.000083|0.000393|0.000200|0.000016|0.000245|0.001289|0.000440|0.000099,-1.0809314978619219e-16
1000,hospital|pain_ruq|spiders|sex|spleen,70,21,0.0008885860443115234,0.0009324550628662109,0.9529532088979801,0.107247|0.013648|0.068612|0.008694|0.028396|0.006168|0.018075|0.003859|0.079512|0.010341|0.048797|0.006387|0.021598|0.005092|0.013355|0.003220|0.136027|0.017009|0.087026|0.010834|0.035283|0.007145|0.022457|0.004460|0.100836|0.012892|0.061882|0.007963|0.026848|0.005958|0.016603|0.003777,0.107247|0.013648|0.068612|0.008694|0.028396|0.006168|0.018075|0.003859|0.079512|0.010341|0.048797|0.006387|0.021598|0.005092|0.013355|0.003220|0.136027|0.017009|0.087026|0.010834|0.035283|0.007145|0.022457|0.004460|0.100836|0.012892|0.061882|0.007963|0.026848|0.005958|0.016603|0.003777,-7.563097567791066e-17
1000,edge|itching|density|hbc_anti|gallstones,70,23,0.0011343955993652344,0.0010974407196044922,1.0336736910710407,0.207213|0.034791|0.017283|0.002950|0.125285|0.021018|0.010452|0.001782|0.155868|0.025356|0.013065|0.002145|0.094775|0.015440|0.007947|0.001307|0.074126|0.012013|0.006062|0.001004|0.044498|0.007216|0.003643|0.000603|0.056383|0.009436|0.004620|0.000779|0.033993|0.005689|0.002789|0.000470,0.207213|0.034791|0.017283|0.002950|0.125285|0.021018|0.010452|0.001782|0.155868|0.025356|0.013065|0.002145|0.094775|0.015440|0.007947|0.001307|0.074126|0.012013|0.006062|0.001004|0.044498|0.007216|0.003643|0.000603|0.056383|0.009436|0.004620|0.000779|0.033993|0.005689|0.002789|0.000470,-5.477580403139272e-17
1000,fat|edema|hbsag|amylase|RHepatitis,70,18,0.0008330345153808594,0.0008404254913330078,0.9912056737588653,0.006137|0.000157|0.531003|0.013615|0.013050|0.000335|0.000564|0.000014|0.049185|0.001261|0.001188|0.000030|0.001077|0.000028|0.093267|0.002391|0.002289|0.000059|0.000112|0.000003|0.009746|0.000250|0.000234|0.000006|0.002205|0.000057|0.200981|0.005153|0.004408|0.000113|0.000203|0.000005|0.018660|0.000478|0.000403|0.000010|0.000387|0.000010|0.035308|0.000905|0.000773|0.000020|0.000040|0.000001|0.003699|0.000095|0.000080|0.000002,0.006137|0.000157|0.531003|0.013615|0.013050|0.000335|0.000564|0.000014|0.049185|0.001261|0.001188|0.000030|0.001077|0.000028|0.093267|0.002391|0.002289|0.000059|0.000112|0.000003|0.009746|0.000250|0.000234|0.000006|0.002205|0.000057|0.200981|0.005153|0.004408|0.000113|0.000203|0.000005|0.018660|0.000478|0.000403|0.000010|0.000387|0.000010|0.035308|0.000905|0.000773|0.000020|0.000040|0.000001|0.003699|0.000095|0.000080|0.000002,-1.0500612639423233e-16
1000,spleen|Hyperbilirubinemia|PBC|albumin|pain_ruq,70,22,0.0009903907775878906,0.000850677490234375,1.164237668161435,0.034117|0.025921|0.038597|0.029427|0.195465|0.149874|0.024289|0.018453|0.027478|0.020950|0.139157|0.106699|0.004656|0.001728|0.005202|0.002031|0.025809|0.010911|0.001090|0.000405|0.001218|0.000476|0.006044|0.002555|0.004016|0.003068|0.005351|0.004191|0.029290|0.023229|0.002859|0.002184|0.003810|0.002984|0.020852|0.016538|0.000538|0.000216|0.000651|0.000364|0.003380|0.002205|0.000126|0.000050|0.000152|0.000085|0.000792|0.000516,0.034117|0.025921|0.038597|0.029427|0.195465|0.149874|0.024289|0.018453|0.027478|0.020950|0.139157|0.106699|0.004656|0.001728|0.005202|0.002031|0.025809|0.010911|0.001090|0.000405|0.001218|0.000476|0.006044|0.002555|0.004016|0.003068|0.005351|0.004191|0.029290|0.023229|0.002859|0.002184|0.003810|0.002984|0.020852|0.016538|0.000538|0.000216|0.000651|0.000364|0.003380|0.002205|0.000126|0.000050|0.000152|0.000085|0.000792|0.000516,9.710259989141448e-17
1000,alcoholism|density|upper_pain|Cirrhosis|ama,70,20,0.0008027553558349609,0.000743865966796875,1.0791666666666666,0.233326|0.075750|0.007149|0.002361|0.012367|0.004085|0.145468|0.047226|0.004449|0.001470|0.007699|0.002543|0.140133|0.047610|0.004127|0.001363|0.007139|0.002358|0.087366|0.029683|0.002568|0.000848|0.004444|0.001468|0.032097|0.010420|0.001689|0.000558|0.003024|0.000999|0.020011|0.006497|0.001052|0.000347|0.001883|0.000622|0.019277|0.006549|0.000975|0.000322|0.001745|0.000577|0.012018|0.004083|0.000607|0.000201|0.001087|0.000359,0.233326|0.075750|0.007149|0.002361|0.012367|0.004085|0.145468|0.047226|0.004449|0.001470|0.007699|0.002543|0.140133|0.047610|0.004127|0.001363|0.007139|0.002358|0.087366|0.029683|0.002568|0.000848|0.004444|0.001468|0.032097|0.010420|0.001689|0.000558|0.003024|0.000999|0.020011|0.006497|0.001052|0.000347|0.001883|0.000622|0.019277|0.006549|0.000975|0.000322|0.001745|0.000577|0.012018|0.004083|0.000607|0.000201|0.001087|0.000359,-1.8242946570168074e-17
1000,spleen|ggtp|encephalopathy|obesity|surgery,70,22,0.0010874271392822266,0.0010716915130615234,1.0146829810901001,0.057289|0.043913|0.005624|0.004309|0.001784|0.001377|0.000165|0.000127|0.063419|0.048857|0.006261|0.004831|0.002846|0.002194|0.000259|0.000200|0.061716|0.047303|0.005815|0.004460|0.002433|0.001875|0.000223|0.000172|0.252979|0.194265|0.025350|0.019451|0.006737|0.005188|0.000641|0.000494|0.008075|0.006112|0.000964|0.000731|0.000203|0.000156|0.000019|0.000014|0.009168|0.006991|0.001098|0.000843|0.000327|0.000252|0.000030|0.000023|0.008855|0.006682|0.000954|0.000723|0.000277|0.000214|0.000025|0.000020|0.037059|0.028108|0.004573|0.003474|0.000762|0.000587|0.000073|0.000056,0.057289|0.043913|0.005624|0.004309|0.001784|0.001377|0.000165|0.000127|0.063419|0.048857|0.006261|0.004831|0.002846|0.002194|0.000259|0.000200|0.061716|0.047303|0.005815|0.004460|0.002433|0.001875|0.000223|0.000172|0.252979|0.194265|0.025350|0.019451|0.006737|0.005188|0.000641|0.000494|0.008075|0.006112|0.000964|0.000731|0.000203|0.000156|0.000019|0.000014|0.009168|0.006991|0.001098|0.000843|0.000327|0.000252|0.000030|0.000023|0.008855|0.006682|0.000954|0.000723|0.000277|0.000214|0.000025|0.000020|0.037059|0.028108|0.004573|0.003474|0.000762|0.000587|0.000073|0.000056,1.1761861228396635e-16
1000,pain_ruq|amylase|alt|hepatotoxic|hepatalgia,70,24,0.0010983943939208984,0.0011303424835205078,0.9717359206918371,0.000777|0.000200|0.000069|0.000018|0.001670|0.000433|0.000145|0.000037|0.000242|0.000063|0.000021|0.000005|0.001936|0.000499|0.000167|0.000043|0.068234|0.017584|0.006096|0.001562|0.146558|0.037972|0.012713|0.003258|0.021304|0.005536|0.001881|0.000484|0.169992|0.043782|0.014679|0.003758|0.001624|0.000419|0.000145|0.000037|0.003493|0.000905|0.000303|0.000078|0.000503|0.000131|0.000044|0.000011|0.004049|0.001043|0.000350|0.000090|0.000565|0.000150|0.000050|0.000013|0.001233|0.000329|0.000107|0.000028|0.000174|0.000046|0.000015|0.000004|0.001427|0.000378|0.000123|0.000033|0.049618|0.013173|0.004425|0.001170|0.108199|0.028854|0.009388|0.002485|0.015302|0.004093|0.001342|0.000356|0.125298|0.033222|0.010821|0.002861|0.001181|0.000313|0.000105|0.000028|0.002579|0.000688|0.000224|0.000059|0.000361|0.000097|0.000032|0.000008|0.002985|0.000791|0.000258|0.000068,0.000777|0.000200|0.000069|0.000018|0.001670|0.000433|0.000145|0.000037|0.000242|0.000063|0.000021|0.000005|0.001936|0.000499|0.000167|0.000043|0.068234|0.017584|0.006096|0.001562|0.146558|0.037972|0.012713|0.003258|0.021304|0.005536|0.001881|0.000484|0.169992|0.043782|0.014679|0.003758|0.001624|0.000419|0.000145|0.000037|0.003493|0.000905|0.000303|0.000078|0.000503|0.000131|0.000044|0.000011|0.004049|0.001043|0.000350|0.000090|0.000565|0.000150|0.000050|0.000013|0.001233|0.000329|0.000107|0.000028|0.000174|0.000046|0.000015|0.000004|0.001427|0.000378|0.000123|0.000033|0.049618|0.013173|0.004425|0.001170|0.108199|0.028854|0.009388|0.002485|0.015302|0.004093|0.001342|0.000356|0.125298|0.033222|0.010821|0.002861|0.001181|0.000313|0.000105|0.000028|0.002579|0.000688|0.000224|0.000059|0.000361|0.000097|0.000032|0.000008|0.002985|0.000791|0.000258|0.000068,5.856373676736198e-17
1000,transfusion|ast|amylase|diabetes|age,70,20,0.0008730888366699219,0.0009374618530273438,0.9313326551373347,0.000574|0.001722|0.001608|0.000316|0.000022|0.000066|0.000062|0.000012|0.050478|0.151434|0.141413|0.027837|0.001940|0.005819|0.005434|0.001070|0.001198|0.003593|0.003355|0.000660|0.000046|0.000138|0.000129|0.000025|0.000244|0.000732|0.000684|0.000135|0.000009|0.000028|0.000026|0.000005|0.021468|0.064403|0.060141|0.011839|0.000814|0.002441|0.002280|0.000449|0.000509|0.001528|0.001427|0.000281|0.000019|0.000058|0.000054|0.000011|0.000369|0.001108|0.001035|0.000204|0.000014|0.000043|0.000040|0.000008|0.032502|0.097505|0.091052|0.017924|0.001258|0.003775|0.003525|0.000694|0.000770|0.002311|0.002158|0.000425|0.000030|0.000089|0.000084|0.000016|0.000019|0.000056|0.000052|0.000010|0.000001|0.000002|0.000002|0.000000|0.001642|0.004926|0.004600|0.000906|0.000064|0.000193|0.000180|0.000035|0.000038|0.000115|0.000107|0.000021|0.000002|0.000005|0.000004|0.000001|0.000112|0.000337|0.000315|0.000062|0.000004|0.000013|0.000012|0.000002|0.009773|0.029318|0.027377|0.005389|0.000375|0.001126|0.001052|0.000207|0.000237|0.000712|0.000665|0.000131|0.000009|0.000027|0.000026|0.000005|0.000048|0.000143|0.000134|0.000026|0.000002|0.000005|0.000005|0.000001|0.004159|0.012478|0.011652|0.002294|0.000158|0.000473|0.000442|0.000087|0.000101|0.000303|0.000283|0.000056|0.000004|0.000011|0.000011|0.000002|0.000071|0.000213|0.000199|0.000039|0.000003|0.000008|0.000008|0.000002|0.006169|0.018508|0.017283|0.003402|0.000239|0.000717|0.000670|0.000132|0.000151|0.000452|0.000422|0.000083|0.000006|0.000017|0.000016|0.000003|0.000004|0.000011|0.000010|0.000002|0.000000|0.000000|0.000000|0.000000|0.000325|0.000974|0.000909|0.000179|0.000013|0.000038|0.000036|0.000007|0.000008|0.000023|0.000021|0.000004|0.000000|0.000001|0.000001|0.000000,0.000574|0.001722|0.001608|0.000316|0.000022|0.000066|0.000062|0.000012|0.050478|0.151434|0.141413|0.027837|0.001940|0.005819|0.005434|0.001070|0.001198|0.003593|0.003355|0.000660|0.000046|0.000138|0.000129|0.000025|0.000244|0.000732|0.000684|0.000135|0.000009|0.000028|0.000026|0.000005|0.021468|0.064403|0.060141|0.011839|0.000814|0.002441|0.002280|0.000449|0.000509|0.001528|0.001427|0.000281|0.000019|0.000058|0.000054|0.000011|0.000369|0.001108|0.001035|0.000204|0.000014|0.000043|0.000040|0.000008|0.032502|0.097505|0.091052|0.017924|0.001258|0.003775|0.003525|0.000694|0.000770|0.002311|0.002158|0.000425|0.000030|0.000089|0.000084|0.000016|0.000019|0.000056|0.000052|0.000010|0.000001|0.000002|0.000002|0.000000|0.001642|0.004926|0.004600|0.000906|0.000064|0.000193|0.000180|0.000035|0.000038|0.000115|0.000107|0.000021|0.000002|0.000005|0.000004|0.000001|0.000112|0.000337|0.000315|0.000062|0.000004|0.000013|0.000012|0.000002|0.009773|0.029318|0.027377|0.005389|0.000375|0.001126|0.001052|0.000207|0.000237|0.000712|0.000665|0.000131|0.000009|0.000027|0.000026|0.000005|0.000048|0.000143|0.000134|0.000026|0.000002|0.000005|0.000005|0.000001|0.004159|0.012478|0.011652|0.002294|0.000158|0.000473|0.000442|0.000087|0.000101|0.000303|0.000283|0.000056|0.000004|0.000011|0.000011|0.000002|0.000071|0.000213|0.000199|0.000039|0.000003|0.000008|0.000008|0.000002|0.006169|0.018508|0.017283|0.003402|0.000239|0.000717|0.000670|0.000132|0.000151|0.000452|0.000422|0.000083|0.000006|0.000017|0.000016|0.000003|0.000004|0.000011|0.000010|0.000002|0.000000|0.000000|0.000000|0.000000|0.000325|0.000974|0.000909|0.000179|0.000013|0.000038|0.000036|0.000007|0.000008|0.000023|0.000021|0.000004|0.000000|0.000001|0.000001|0.000000,0.0
1000,palms|bilirubin|platelet|ama|hbeag,70,22,0.001161813735961914,0.0010802745819091797,1.07548002648422,0.006216|0.000032|0.006559|0.000032|0.027239|0.000148|0.027621|0.000133|0.003137|0.000018|0.002852|0.000013|0.003250|0.000016|0.004013|0.000019|0.059242|0.000589|0.013211|0.000108|0.331148|0.003247|0.057126|0.000471|0.042113|0.000413|0.005848|0.000050|0.016191|0.000157|0.007511|0.000061|0.020187|0.000161|0.012087|0.000154|0.095609|0.000736|0.050588|0.000641|0.011810|0.000088|0.005275|0.000068|0.008009|0.000079|0.007265|0.000094|0.001243|0.000010|0.001434|0.000009|0.005685|0.000057|0.006044|0.000042|0.000783|0.000008|0.000633|0.000003|0.000712|0.000005|0.000882|0.000005|0.001389|0.000008|0.001081|0.000006|0.005240|0.000035|0.004964|0.000029|0.000581|0.000004|0.000422|0.000002|0.000691|0.000004|0.000670|0.000004|0.011356|0.000119|0.002376|0.000019|0.053908|0.000523|0.011005|0.000086|0.006853|0.000067|0.000875|0.000007|0.003485|0.000036|0.001345|0.000011|0.005002|0.000033|0.002016|0.000025|0.017422|0.000130|0.008828|0.000105|0.002186|0.000016|0.000786|0.000010|0.002017|0.000015|0.001201|0.000015|0.000363|0.000004|0.000233|0.000003|0.001446|0.000022|0.001066|0.000015|0.000225|0.000003|0.000096|0.000000|0.000181|0.000002|0.000145|0.000002,0.006216|0.000032|0.006559|0.000032|0.027239|0.000148|0.027621|0.000133|0.003137|0.000018|0.002852|0.000013|0.003250|0.000016|0.004013|0.000019|0.059242|0.000589|0.013211|0.000108|0.331148|0.003247|0.057126|0.000471|0.042113|0.000413|0.005848|0.000050|0.016191|0.000157|0.007511|0.000061|0.020187|0.000161|0.012087|0.000154|0.095609|0.000736|0.050588|0.000641|0.011810|0.000088|0.005275|0.000068|0.008009|0.000079|0.007265|0.000094|0.001243|0.000010|0.001434|0.000009|0.005685|0.000057|0.006044|0.000042|0.000783|0.000008|0.000633|0.000003|0.000712|0.000005|0.000882|0.000005|0.001389|0.000008|0.001081|0.000006|0.005240|0.000035|0.004964|0.000029|0.000581|0.000004|0.000422|0.000002|0.000691|0.000004|0.000670|0.000004|0.011356|0.000119|0.002376|0.000019|0.053908|0.000523|0.011005|0.000086|0.006853|0.000067|0.000875|0.000007|0.003485|0.000036|0.001345|0.000011|0.005002|0.000033|0.002016|0.000025|0.017422|0.000130|0.008828|0.000105|0.002186|0.000016|0.000786|0.000010|0.002017|0.000015|0.001201|0.000015|0.000363|0.000004|0.000233|0.000003|0.001446|0.000022|0.001066|0.000015|0.000225|0.000003|0.000096|0.000000|0.000181|0.000002|0.000145|0.000002,-4.3052824555816335e-18
1000,ast|hbsag_anti|itching|upper_pain|alcohol,70,26,0.0013573169708251953,0.0013189315795898438,1.0291033984092552,0.145627|0.018360|0.090808|0.011441|0.109881|0.014058|0.068481|0.008766|0.002730|0.000371|0.001701|0.000231|0.002049|0.000283|0.001277|0.000176|0.062703|0.007283|0.039110|0.004541|0.046955|0.005469|0.029254|0.003408|0.001181|0.000144|0.000736|0.000090|0.000874|0.000106|0.000544|0.000066|0.093389|0.012088|0.058226|0.007531|0.070428|0.009348|0.043897|0.005830|0.001533|0.000220|0.000955|0.000137|0.001164|0.000171|0.000726|0.000107|0.004574|0.000690|0.002844|0.000429|0.003475|0.000557|0.002165|0.000347|0.000141|0.000022|0.000087|0.000014|0.000107|0.000018|0.000066|0.000011,0.145627|0.018360|0.090808|0.011441|0.109881|0.014058|0.068481|0.008766|0.002730|0.000371|0.001701|0.000231|0.002049|0.000283|0.001277|0.000176|0.062703|0.007283|0.039110|0.004541|0.046955|0.005469|0.029254|0.003408|0.001181|0.000144|0.000736|0.000090|0.000874|0.000106|0.000544|0.000066|0.093389|0.012088|0.058226|0.007531|0.070428|0.009348|0.043897|0.005830|0.001533|0.000220|0.000955|0.000137|0.001164|0.000171|0.000726|0.000107|0.004574|0.000690|0.002844|0.000429|0.003475|0.000557|0.002165|0.000347|0.000141|0.000022|0.000087|0.000014|0.000107|0.000018|0.000066|0.000011,2.761596551825723e-17
1000,edema|transfusion|choledocholithotomy|palms|alcohol,70,15,0.0007367134094238281,0.0006630420684814453,1.1111111111111112,0.470976|0.056650|0.077901|0.011305|0.072858|0.008719|0.011977|0.001716|0.089018|0.010758|0.014806|0.002173|0.015597|0.001856|0.002547|0.000360|0.078730|0.010447|0.017174|0.003197|0.012130|0.001595|0.002603|0.000478|0.014936|0.001998|0.003306|0.000623|0.002585|0.000337|0.000545|0.000098,0.470976|0.056650|0.077901|0.011305|0.072858|0.008719|0.011977|0.001716|0.089018|0.010758|0.014806|0.002173|0.015597|0.001856|0.002547|0.000360|0.078730|0.010447|0.017174|0.003197|0.012130|0.001595|0.002603|0.000478|0.014936|0.001998|0.003306|0.000623|0.002585|0.000337|0.000545|0.000098,-2.5571163259085938e-17
1000,cholesterol|ggtp|hbsag|itching|pain_ruq,70,26,0.0014934539794921875,0.0014998912811279297,0.9957081545064378,0.029819|0.022629|0.021041|0.015933|0.002898|0.002213|0.001984|0.001517|0.026663|0.020236|0.021767|0.016443|0.002488|0.001881|0.001988|0.001503|0.028180|0.021439|0.021459|0.016344|0.003130|0.002379|0.002319|0.001767|0.143186|0.102345|0.099636|0.070816|0.013736|0.009714|0.009484|0.006681|0.007445|0.005656|0.006397|0.004806|0.000575|0.000458|0.000479|0.000379|0.011522|0.008676|0.010701|0.007991|0.000956|0.000728|0.000858|0.000652|0.009520|0.007264|0.008599|0.006545|0.000843|0.000655|0.000740|0.000574|0.029246|0.022427|0.023911|0.018297|0.002554|0.001981|0.002097|0.001623|0.001757|0.001358|0.001671|0.001273|0.000168|0.000139|0.000146|0.000120|0.003361|0.002539|0.003228|0.002421|0.000295|0.000226|0.000269|0.000205|0.002643|0.002053|0.002518|0.001948|0.000243|0.000193|0.000219|0.000173|0.005746|0.004673|0.005323|0.004276|0.000609|0.000491|0.000524|0.000419,0.029819|0.022629|0.021041|0.015933|0.002898|0.002213|0.001984|0.001517|0.026663|0.020236|0.021767|0.016443|0.002488|0.001881|0.001988|0.001503|0.028180|0.021439|0.021459|0.016344|0.003130|0.002379|0.002319|0.001767|0.143186|0.102345|0.099636|0.070816|0.013736|0.009714|0.009484|0.006681|0.007445|0.005656|0.006397|0.004806|0.000575|0.000458|0.000479|0.000379|0.011522|0.008676|0.010701|0.007991|0.000956|0.000728|0.000858|0.000652|0.009520|0.007264|0.008599|0.006545|0.000843|0.000655|0.000740|0.000574|0.029246|0.022427|0.023911|0.018297|0.002554|0.001981|0.002097|0.001623|0.001757|0.001358|0.001671|0.001273|0.000168|0.000139|0.000146|0.000120|0.003361|0.002539|0.003228|0.002421|0.000295|0.000226|0.000269|0.000205|0.002643|0.002053|0.002518|0.001948|0.000243|0.000193|0.000219|0.000173|0.005746|0.004673|0.005323|0.004276|0.000609|0.000491|0.000524|0.000419,6.47432078411327e-17
1000,ascites|platelet|vh_amn|hepatotoxic|pain,70,20,0.0009429454803466797,0.0008533000946044922,1.1050572785694328,0.074262|0.020976|0.006458|0.001824|0.014072|0.003995|0.001224|0.000347|0.363091|0.105093|0.031573|0.009139|0.066785|0.019287|0.005807|0.001677|0.043290|0.012853|0.003764|0.001118|0.007905|0.002360|0.000687|0.000205|0.030273|0.007782|0.002632|0.000677|0.005750|0.001497|0.000500|0.000130|0.013373|0.003774|0.001163|0.000328|0.002516|0.000713|0.000219|0.000062|0.065681|0.019017|0.005711|0.001654|0.012022|0.003474|0.001045|0.000302|0.007840|0.002326|0.000682|0.000202|0.001426|0.000425|0.000124|0.000037|0.005449|0.001398|0.000474|0.000122|0.001027|0.000267|0.000089|0.000023,0.074262|0.020976|0.006458|0.001824|0.014072|0.003995|0.001224|0.000347|0.363091|0.105093|0.031573|0.009139|0.066785|0.019287|0.005807|0.001677|0.043290|0.012853|0.003764|0.001118|0.007905|0.002360|0.000687|0.000205|0.030273|0.007782|0.002632|0.000677|0.005750|0.001497|0.000500|0.000130|0.013373|0.003774|0.001163|0.000328|0.002516|0.000713|0.000219|0.000062|0.065681|0.019017|0.005711|0.001654|0.012022|0.003474|0.001045|0.000302|0.007840|0.002326|0.000682|0.000202|0.001426|0.000425|0.000124|0.000037|0.005449|0.001398|0.000474|0.000122|0.001027|0.000267|0.000089|0.000023,1.0578718182251699e-16
1000,transfusion|hbeag|inr|density|hcv_anti,70,23,0.001146554946899414,0.001055002212524414,1.0867796610169491,0.449401|0.001839|0.272117|0.001114|0.027359|0.000140|0.016583|0.000085|0.038851|0.000158|0.023199|0.000095|0.003958|0.000007|0.002397|0.000004|0.000354|0.000000|0.000213|0.000000|0.000363|0.000001|0.000218|0.000000|0.086668|0.000298|0.052472|0.000181|0.005188|0.000021|0.003145|0.000012|0.007523|0.000025|0.004490|0.000015|0.000793|0.000001|0.000480|0.000001|0.000071|0.000000|0.000043|0.000000|0.000073|0.000000|0.000044|0.000000,0.449401|0.001839|0.272117|0.001114|0.027359|0.000140|0.016583|0.000085|0.038851|0.000158|0.023199|0.000095|0.003958|0.000007|0.002397|0.000004|0.000354|0.000000|0.000213|0.000000|0.000363|0.000001|0.000218|0.000000|0.086668|0.000298|0.052472|0.000181|0.005188|0.000021|0.003145|0.000012|0.007523|0.000025|0.004490|0.000015|0.000793|0.000001|0.000480|0.000001|0.000071|0.000000|0.000043|0.000000|0.000073|0.000000|0.000044|0.000000,-1.6758940684440567e-16
1000,Hyperbilirubinemia|pressure_ruq|consciousness|obesity|alcoholism,70,20,0.0008800029754638672,0.0008254051208496094,1.0661467359907568,0.446507|0.064998|0.045283|0.006595|0.013280|0.001890|0.001303|0.000182|0.268908|0.039142|0.027269|0.003971|0.007550|0.001076|0.000743|0.000104|0.033154|0.004825|0.003361|0.000489|0.000866|0.000124|0.000085|0.000012|0.021871|0.003183|0.002217|0.000323|0.000549|0.000079|0.000054|0.000008,0.446507|0.064998|0.045283|0.006595|0.013280|0.001890|0.001303|0.000182|0.268908|0.039142|0.027269|0.003971|0.007550|0.001076|0.000743|0.000104|0.033154|0.004825|0.003361|0.000489|0.000866|0.000124|0.000085|0.000012|0.021871|0.003183|0.002217|0.000323|0.000549|0.000079|0.000054|0.000008,7.32533584299983e-17
1000,fatigue|choledocholithotomy|injections|proteins|gallstones,70,18,0.0007688999176025391,0.0007038116455078125,1.092479674796748,0.225190|0.010932|0.005952|0.000289|0.149730|0.007268|0.004067|0.000197|0.006170|0.018509|0.000163|0.000490|0.009364|0.028091|0.000254|0.000763|0.260803|0.012660|0.006818|0.000331|0.166931|0.008103|0.004511|0.000219|0.007141|0.021422|0.000187|0.000561|0.010440|0.031319|0.000282|0.000846,0.225190|0.010932|0.005952|0.000289|0.149730|0.007268|0.004067|0.000197|0.006170|0.018509|0.000163|0.000490|0.009364|0.028091|0.000254|0.000763|0.260803|0.012660|0.006818|0.000331|0.166931|0.008103|0.004511|0.000219|0.007141|0.021422|0.000187|0.000561|0.010440|0.031319|0.000282|0.000846,3.912599997659678e-17
1000,ama|irregular_liver|anorexia|gallstones|ChHepatitis,70,22,0.0008294582366943359,0.0007932186126708984,1.0456868049293657,0.336167|0.046130|0.016431|0.057011|0.006718|0.002414|0.128966|0.017697|0.006304|0.021871|0.002577|0.000926|0.049351|0.015015|0.003034|0.008369|0.002187|0.000446|0.018939|0.005761|0.001164|0.003212|0.000839|0.000171|0.111042|0.015237|0.005427|0.018832|0.002219|0.000797|0.042599|0.005846|0.002082|0.007224|0.000851|0.000306|0.016301|0.004960|0.001002|0.002765|0.000722|0.000147|0.006256|0.001903|0.000385|0.001061|0.000277|0.000057,0.336167|0.046130|0.016431|0.057011|0.006718|0.002414|0.128966|0.017697|0.006304|0.021871|0.002577|0.000926|0.049351|0.015015|0.003034|0.008369|0.002187|0.000446|0.018939|0.005761|0.001164|0.003212|0.000839|0.000171|0.111042|0.015237|0.005427|0.018832|0.002219|0.000797|0.042599|0.005846|0.002082|0.007224|0.000851|0.000306|0.016301|0.004960|0.001002|0.002765|0.000722|0.000147|0.006256|0.001903|0.000385|0.001061|0.000277|0.000057,-1.0043288041960849e-16
1000,choledocholithotomy|edge|ChHepatitis|skin|ama,70,21,0.0009403228759765625,0.0009558200836181641,0.9837864804190571,0.256514|0.058932|0.145171|0.073751|0.038569|0.010167|0.018127|0.008561|0.014419|0.003081|0.005455|0.003484|0.084408|0.020760|0.050285|0.023731|0.018037|0.004731|0.011059|0.004880|0.005234|0.001084|0.002191|0.001369|0.046104|0.009441|0.019429|0.012206|0.004812|0.000968|0.002545|0.001463|0.001742|0.000297|0.000873|0.000566|0.015021|0.003154|0.006953|0.004104|0.001971|0.000429|0.001805|0.000818|0.000598|0.000109|0.000379|0.000214,0.256514|0.058932|0.145171|0.073751|0.038569|0.010167|0.018127|0.008561|0.014419|0.003081|0.005455|0.003484|0.084408|0.020760|0.050285|0.023731|0.018037|0.004731|0.011059|0.004880|0.005234|0.001084|0.002191|0.001369|0.046104|0.009441|0.019429|0.012206|0.004812|0.000968|0.002545|0.001463|0.001742|0.000297|0.000873|0.000566|0.015021|0.003154|0.006953|0.004104|0.001971|0.000429|0.001805|0.000818|0.000598|0.000109|0.000379|0.000214,5.138440763932423e-17
1000,PBC|encephalopathy|irregular_liver|ascites|hbc_anti,70,20,0.0009303092956542969,0.0009145736694335938,1.0172054223149114,0.394792|0.033086|0.071614|0.006005|0.067479|0.005411|0.011850|0.000954|0.006328|0.000533|0.001153|0.000097|0.000729|0.000061|0.000133|0.000011|0.252664|0.021170|0.045825|0.003842|0.043759|0.003504|0.007677|0.000617|0.014486|0.001221|0.002638|0.000222|0.001668|0.000141|0.000304|0.000026,0.394792|0.033086|0.071614|0.006005|0.067479|0.005411|0.011850|0.000954|0.006328|0.000533|0.001153|0.000097|0.000729|0.000061|0.000133|0.000011|0.252664|0.021170|0.045825|0.003842|0.043759|0.003504|0.007677|0.000617|0.014486|0.001221|0.002638|0.000222|0.001668|0.000141|0.000304|0.000026,1.6543680930228607e-16
1000,anorexia|fibrosis|Hyperbilirubinemia|alt|hbsag_anti,70,21,0.0010879039764404297,0.0010619163513183594,1.0244723843735968,0.105610|0.001831|0.230608|0.003730|0.030223|0.000728|0.264905|0.004570|0.008096|0.000140|0.017678|0.000286|0.002317|0.000056|0.020307|0.000350|0.004760|0.000211|0.007752|0.000341|0.003777|0.000177|0.011522|0.000520|0.000365|0.000016|0.000594|0.000026|0.000290|0.000014|0.000883|0.000040|0.040596|0.000706|0.089004|0.001438|0.011643|0.000282|0.100975|0.001741|0.003112|0.000054|0.006823|0.000110|0.000893|0.000022|0.007741|0.000133|0.001830|0.000081|0.002975|0.000131|0.001453|0.000068|0.004412|0.000199|0.000140|0.000006|0.000228|0.000010|0.000111|0.000005|0.000338|0.000015,0.105610|0.001831|0.230608|0.003730|0.030223|0.000728|0.264905|0.004570|0.008096|0.000140|0.017678|0.000286|0.002317|0.000056|0.020307|0.000350|0.004760|0.000211|0.007752|0.000341|0.003777|0.000177|0.011522|0.000520|0.000365|0.000016|0.000594|0.000026|0.000290|0.000014|0.000883|0.000040|0.040596|0.000706|0.089004|0.001438|0.011643|0.000282|0.100975|0.001741|0.003112|0.000054|0.006823|0.000110|0.000893|0.000022|0.007741|0.000133|0.001830|0.000081|0.002975|0.000131|0.001453|0.000068|0.004412|0.000199|0.000140|0.000006|0.000228|0.000010|0.000111|0.000005|0.000338|0.000015,-2.1606116218072535e-17
1000,joints|gallstones|PBC|hepatomegaly|Steatosis,70,13,0.0006296634674072266,0.0006213188171386719,1.013430544896393,0.150550|0.013003|0.280719|0.026023|0.090822|0.008835|0.184494|0.016079|0.024916|0.002152|0.046459|0.004307|0.015031|0.001462|0.030534|0.002661|0.014312|0.001236|0.026686|0.002474|0.012938|0.001259|0.026281|0.002290|0.002369|0.000205|0.004417|0.000409|0.002141|0.000208|0.004350|0.000379,0.150550|0.013003|0.280719|0.026023|0.090822|0.008835|0.184494|0.016079|0.024916|0.002152|0.046459|0.004307|0.015031|0.001462|0.030534|0.002661|0.014312|0.001236|0.026686|0.002474|0.012938|0.001259|0.026281|0.002290|0.002369|0.000205|0.004417|0.000409|0.002141|0.000208|0.004350|0.000379,5.200788683252855e-18
1000,hepatalgia|edema|ama|RHepatitis|obesity,70,23,0.0010559558868408203,0.0009696483612060547,1.0890090976149496,0.449256|0.044689|0.011501|0.001138|0.147766|0.014717|0.003819|0.000378|0.078876|0.008818|0.002014|0.000223|0.025959|0.002908|0.000669|0.000074|0.116829|0.011625|0.003014|0.000306|0.039222|0.003885|0.000976|0.000099|0.020520|0.002295|0.000534|0.000062|0.006873|0.000763|0.000173|0.000020,0.449256|0.044689|0.011501|0.001138|0.147766|0.014717|0.003819|0.000378|0.078876|0.008818|0.002014|0.000223|0.025959|0.002908|0.000669|0.000074|0.116829|0.011625|0.003014|0.000306|0.039222|0.003885|0.000976|0.000099|0.020520|0.002295|0.000534|0.000062|0.006873|0.000763|0.000173|0.000020,2.410820840174518e-16
1000,urea|alt|consciousness|edge|proteins,70,24,0.0011725425720214844,0.0010907649993896484,1.0749726775956283,0.004843|0.000135|0.001681|0.000041|0.000373|0.000011|0.000116|0.000003|0.010408|0.000292|0.003677|0.000088|0.000805|0.000023|0.000252|0.000007|0.001483|0.000040|0.000541|0.000012|0.000112|0.000003|0.000035|0.000001|0.011988|0.000334|0.004307|0.000101|0.000923|0.000027|0.000290|0.000008|0.104608|0.002902|0.036710|0.000874|0.002824|0.000080|0.000938|0.000024|0.224690|0.006275|0.080378|0.001890|0.006082|0.000173|0.002045|0.000052|0.032090|0.000871|0.011877|0.000262|0.000859|0.000024|0.000296|0.000007|0.258931|0.007185|0.094299|0.002165|0.006991|0.000198|0.002380|0.000060|0.007988|0.000222|0.002802|0.000067|0.000231|0.000007|0.000076|0.000002|0.017157|0.000479|0.006135|0.000144|0.000498|0.000014|0.000166|0.000004|0.002450|0.000067|0.000906|0.000020|0.000070|0.000002|0.000024|0.000001|0.019771|0.000549|0.007197|0.000165|0.000572|0.000016|0.000193|0.000005,0.004843|0.000135|0.001681|0.000041|0.000373|0.000011|0.000116|0.000003|0.010408|0.000292|0.003677|0.000088|0.000805|0.000023|0.000252|0.000007|0.001483|0.000040|0.000541|0.000012|0.000112|0.000003|0.000035|0.000001|0.011988|0.000334|0.004307|0.000101|0.000923|0.000027|0.000290|0.000008|0.104608|0.002902|0.036710|0.000874|0.002824|0.000080|0.000938|0.000024|0.224690|0.006275|0.080378|0.001890|0.006082|0.000173|0.002045|0.000052|0.032090|0.000871|0.011877|0.000262|0.000859|0.000024|0.000296|0.000007|0.258931|0.007185|0.094299|0.002165|0.006991|0.000198|0.002380|0.000060|0.007988|0.000222|0.002802|0.000067|0.000231|0.000007|0.000076|0.000002|0.017157|0.000479|0.006135|0.000144|0.000498|0.000014|0.000166|0.000004|0.002450|0.000067|0.000906|0.000020|0.000070|0.000002|0.000024|0.000001|0.019771|0.000549|0.007197|0.000165|0.000572|0.000016|0.000193|0.000005,1.166986875245972e-16
1000,alcoholism|carcinoma|palms|gallstones|Hyperbilirubinemia,70,19,0.0007865428924560547,0.0007956027984619141,0.9886125262211567,0.556050|0.043412|0.092200|0.007199|0.094104|0.007303|0.015494|0.001203|0.035853|0.001962|0.005885|0.000320|0.009695|0.000654|0.001560|0.000104|0.078953|0.006157|0.013090|0.001021|0.014587|0.001127|0.002403|0.000186|0.005750|0.000337|0.000945|0.000055|0.001917|0.000138|0.000311|0.000022,0.556050|0.043412|0.092200|0.007199|0.094104|0.007303|0.015494|0.001203|0.035853|0.001962|0.005885|0.000320|0.009695|0.000654|0.001560|0.000104|0.078953|0.006157|0.013090|0.001021|0.014587|0.001127|0.002403|0.000186|0.005750|0.000337|0.000945|0.000055|0.001917|0.000138|0.000311|0.000022,1.8493492848324124e-17
1000,edge|spiders|proteins|spleen|choledocholithotomy,70,19,0.0009348392486572266,0.0008833408355712891,1.0582995951417005,0.440641|0.069685|0.052925|0.008335|0.012541|0.001987|0.001426|0.000226|0.108776|0.017121|0.016688|0.002579|0.002904|0.000460|0.000330|0.000052|0.138825|0.021883|0.021092|0.003266|0.003778|0.000599|0.000430|0.000068|0.045340|0.007002|0.017330|0.002583|0.000875|0.000139|0.000099|0.000016,0.440641|0.069685|0.052925|0.008335|0.012541|0.001987|0.001426|0.000226|0.108776|0.017121|0.016688|0.002579|0.002904|0.000460|0.000330|0.000052|0.138825|0.021883|0.021092|0.003266|0.003778|0.000599|0.000430|0.000068|0.045340|0.007002|0.017330|0.002583|0.000875|0.000139|0.000099|0.000016,1.0543042382031256e-16
1000,sex|hbsag_anti|RHepatitis|hbsag|spiders,70,17,0.0008168220520019531,0.0007665157318115234,1.0656298600311043,0.420021|0.117983|0.037359|0.012488|0.010770|0.003025|0.000958|0.000320|0.006943|0.002056|0.001250|0.000549|0.000178|0.000053|0.000032|0.000014|0.264052|0.074172|0.023486|0.007851|0.006771|0.001902|0.000602|0.000201|0.004365|0.001293|0.000786|0.000345|0.000112|0.000033|0.000020|0.000009,0.420021|0.117983|0.037359|0.012488|0.010770|0.003025|0.000958|0.000320|0.006943|0.002056|0.001250|0.000549|0.000178|0.000053|0.000032|0.000014|0.264052|0.074172|0.023486|0.007851|0.006771|0.001902|0.000602|0.000201|0.004365|0.001293|0.000786|0.000345|0.000112|0.000033|0.000020|0.000009,1.4806848828252777e-16
1000,triglycerides|RHepatitis|palms|gallstones|pressure_ruq,70,20,0.0008802413940429688,0.0009107589721679688,0.9664921465968587,0.015052|0.009750|0.002974|0.001135|0.003719|0.002429|0.000726|0.000287|0.000386|0.000250|0.000076|0.000029|0.000095|0.000062|0.000019|0.000007|0.400871|0.259538|0.079258|0.030180|0.068953|0.045287|0.013355|0.005411|0.010279|0.006655|0.002032|0.000774|0.001768|0.001161|0.000342|0.000139|0.015203|0.009847|0.003004|0.001146|0.003568|0.002332|0.000696|0.000276|0.000390|0.000252|0.000077|0.000029|0.000091|0.000060|0.000018|0.000007,0.015052|0.009750|0.002974|0.001135|0.003719|0.002429|0.000726|0.000287|0.000386|0.000250|0.000076|0.000029|0.000095|0.000062|0.000019|0.000007|0.400871|0.259538|0.079258|0.030180|0.068953|0.045287|0.013355|0.005411|0.010279|0.006655|0.002032|0.000774|0.001768|0.001161|0.000342|0.000139|0.015203|0.009847|0.003004|0.001146|0.003568|0.002332|0.000696|0.000276|0.000390|0.000252|0.000077|0.000029|0.000091|0.000060|0.000018|0.000007,-3.599981035341221e-16
1000,hbeag|skin|ama|hepatalgia|age,70,26,0.0013036727905273438,0.0012505054473876953,1.042516682554814,0.063263|0.153850|0.136563|0.028810|0.015253|0.040659|0.036651|0.007754|0.004894|0.037526|0.039325|0.006875|0.001232|0.009922|0.010528|0.001848|0.035491|0.083536|0.074827|0.014794|0.007873|0.021645|0.019976|0.003972|0.005428|0.045286|0.047091|0.008093|0.001339|0.011894|0.012601|0.002178|0.000627|0.001472|0.001295|0.000274|0.000149|0.000388|0.000347|0.000074|0.000047|0.000338|0.000348|0.000061|0.000011|0.000089|0.000093|0.000016|0.000273|0.000689|0.000630|0.000123|0.000062|0.000180|0.000168|0.000033|0.000047|0.000416|0.000439|0.000076|0.000012|0.000110|0.000118|0.000020,0.063263|0.153850|0.136563|0.028810|0.015253|0.040659|0.036651|0.007754|0.004894|0.037526|0.039325|0.006875|0.001232|0.009922|0.010528|0.001848|0.035491|0.083536|0.074827|0.014794|0.007873|0.021645|0.019976|0.003972|0.005428|0.045286|0.047091|0.008093|0.001339|0.011894|0.012601|0.002178|0.000627|0.001472|0.001295|0.000274|0.000149|0.000388|0.000347|0.000074|0.000047|0.000338|0.000348|0.000061|0.000011|0.000089|0.000093|0.000016|0.000273|0.000689|0.000630|0.000123|0.000062|0.000180|0.000168|0.000033|0.000047|0.000416|0.000439|0.000076|0.000012|0.000110|0.000118|0.000020,2.019305538757208e-16
1000,THepatitis|fatigue|ast|choledocholithotomy|density,70,22,0.0010247230529785156,0.0009071826934814453,1.1295663600525625,0.116237|0.070296|0.018422|0.011144|0.050621|0.030712|0.008034|0.004875|0.073770|0.044596|0.011674|0.007059|0.003157|0.001896|0.000446|0.000268|0.131574|0.079537|0.020655|0.012490|0.056751|0.034423|0.008921|0.005412|0.082611|0.049911|0.012938|0.007820|0.004265|0.002558|0.000594|0.000356|0.003569|0.002162|0.000543|0.000329|0.000455|0.000270|0.000068|0.000041|0.003215|0.001944|0.000494|0.000299|0.000455|0.000270|0.000068|0.000041|0.004975|0.003017|0.000803|0.000487|0.001012|0.000609|0.000162|0.000098|0.005059|0.003061|0.000810|0.000490|0.000633|0.000379|0.000101|0.000060,0.116237|0.070296|0.018422|0.011144|0.050621|0.030712|0.008034|0.004875|0.073770|0.044596|0.011674|0.007059|0.003157|0.001896|0.000446|0.000268|0.131574|0.079537|0.020655|0.012490|0.056751|0.034423|0.008921|0.005412|0.082611|0.049911|0.012938|0.007820|0.004265|0.002558|0.000594|0.000356|0.003569|0.002162|0.000543|0.000329|0.000455|0.000270|0.000068|0.000041|0.003215|0.001944|0.000494|0.000299|0.000455|0.000270|0.000068|0.000041|0.004975|0.003017|0.000803|0.000487|0.001012|0.000609|0.000162|0.000098|0.005059|0.003061|0.000810|0.000490|0.000633|0.000379|0.000101|0.000060,3.740427586647807e-17
1000,irregular_liver|amylase|platelet|Steatosis|transfusion,70,19,0.0007815361022949219,0.0007741451263427734,1.009547274407145,0.001038|0.000202|0.000077|0.000015|0.005321|0.001035|0.000321|0.000062|0.000644|0.000125|0.000037|0.000007|0.000412|0.000080|0.000031|0.000006|0.091339|0.017568|0.006760|0.001300|0.468059|0.089958|0.028223|0.005430|0.056626|0.010882|0.003293|0.000634|0.036248|0.006972|0.002746|0.000528|0.002167|0.000428|0.000160|0.000032|0.011106|0.002191|0.000669|0.000132|0.001344|0.000265|0.000078|0.000015|0.000860|0.000170|0.000065|0.000013|0.000158|0.000031|0.000064|0.000013|0.000721|0.000141|0.000187|0.000036|0.000085|0.000017|0.000019|0.000004|0.000064|0.000013|0.000028|0.000005|0.013930|0.002730|0.005652|0.001089|0.063504|0.012349|0.016470|0.003176|0.007484|0.001453|0.001654|0.000319|0.005632|0.001105|0.002420|0.000466|0.000328|0.000065|0.000134|0.000026|0.001501|0.000297|0.000390|0.000077|0.000177|0.000035|0.000039|0.000008|0.000133|0.000026|0.000057|0.000011,0.001038|0.000202|0.000077|0.000015|0.005321|0.001035|0.000321|0.000062|0.000644|0.000125|0.000037|0.000007|0.000412|0.000080|0.000031|0.000006|0.091339|0.017568|0.006760|0.001300|0.468059|0.089958|0.028223|0.005430|0.056626|0.010882|0.003293|0.000634|0.036248|0.006972|0.002746|0.000528|0.002167|0.000428|0.000160|0.000032|0.011106|0.002191|0.000669|0.000132|0.001344|0.000265|0.000078|0.000015|0.000860|0.000170|0.000065|0.000013|0.000158|0.000031|0.000064|0.000013|0.000721|0.000141|0.000187|0.000036|0.000085|0.000017|0.000019|0.000004|0.000064|0.000013|0.000028|0.000005|0.013930|0.002730|0.005652|0.001089|0.063504|0.012349|0.016470|0.003176|0.007484|0.001453|0.001654|0.000319|0.005632|0.001105|0.002420|0.000466|0.000328|0.000065|0.000134|0.000026|0.001501|0.000297|0.000390|0.000077|0.000177|0.000035|0.000039|0.000008|0.000133|0.000026|0.000057|0.000011,2.2039502973713459e-16
1000,edema|transfusion|bleeding|skin|spleen,70,27,0.0014061927795410156,0.001398324966430664,1.005626598465473,0.313557|0.041157|0.204647|0.028342|0.064963|0.009113|0.043731|0.006592|0.060410|0.007965|0.039314|0.005477|0.012509|0.001765|0.008399|0.001277|0.051505|0.009596|0.034497|0.007410|0.011087|0.002512|0.007719|0.002028|0.009938|0.001870|0.006648|0.001450|0.002141|0.000492|0.001490|0.000399,0.313557|0.041157|0.204647|0.028342|0.064963|0.009113|0.043731|0.006592|0.060410|0.007965|0.039314|0.005477|0.012509|0.001765|0.008399|0.001277|0.051505|0.009596|0.034497|0.007410|0.011087|0.002512|0.007719|0.002028|0.009938|0.001870|0.006648|0.001450|0.002141|0.000492|0.001490|0.000399,-6.834412038368102e-17
1000,bilirubin|bleeding|hepatalgia|edema|sex,70,27,0.0014045238494873047,0.0014050006866455078,0.9996606142881385,0.045244|0.007347|0.008073|0.001547|0.012019|0.001960|0.002141|0.000404|0.010058|0.001619|0.001916|0.000389|0.002672|0.000430|0.000508|0.000100|0.186304|0.165478|0.032287|0.027752|0.049531|0.043346|0.008564|0.007287|0.039390|0.033585|0.007295|0.005941|0.010471|0.008822|0.001933|0.001573|0.097791|0.041994|0.017384|0.008204|0.025497|0.009849|0.004532|0.001964|0.021497|0.008746|0.004079|0.001908|0.005614|0.002072|0.001064|0.000463|0.009935|0.001595|0.001796|0.000415|0.002568|0.000411|0.000463|0.000103|0.002246|0.000435|0.000435|0.000124|0.000582|0.000111|0.000113|0.000030,0.045244|0.007347|0.008073|0.001547|0.012019|0.001960|0.002141|0.000404|0.010058|0.001619|0.001916|0.000389|0.002672|0.000430|0.000508|0.000100|0.186304|0.165478|0.032287|0.027752|0.049531|0.043346|0.008564|0.007287|0.039390|0.033585|0.007295|0.005941|0.010471|0.008822|0.001933|0.001573|0.097791|0.041994|0.017384|0.008204|0.025497|0.009849|0.004532|0.001964|0.021497|0.008746|0.004079|0.001908|0.005614|0.002072|0.001064|0.000463|0.009935|0.001595|0.001796|0.000415|0.002568|0.000411|0.000463|0.000103|0.002246|0.000435|0.000435|0.000124|0.000582|0.000111|0.000113|0.000030,-1.2433805638123323e-17
1000,PBC|spleen|pain_ruq|age|phosphatase,70,22,0.0010724067687988281,0.0009467601776123047,1.1327121631830772,0.031175|0.011192|0.021144|0.058464|0.020899|0.039834|0.048727|0.017403|0.033232|0.010680|0.003814|0.007285|0.019410|0.006843|0.013420|0.043068|0.015300|0.029541|0.037069|0.013185|0.025390|0.008167|0.002906|0.005593|0.004403|0.001389|0.002958|0.008502|0.002657|0.005873|0.007129|0.002224|0.004952|0.001564|0.000488|0.001087|0.003085|0.000938|0.002298|0.006527|0.002014|0.004677|0.005570|0.001723|0.003963|0.001226|0.000379|0.000871|0.004465|0.001598|0.003038|0.041898|0.014974|0.028553|0.043870|0.015669|0.029917|0.007500|0.002678|0.005116|0.003125|0.001108|0.002149|0.031098|0.011050|0.021323|0.033313|0.011849|0.022820|0.005736|0.002041|0.003928|0.000643|0.000202|0.000441|0.006101|0.001906|0.004220|0.006416|0.002002|0.004456|0.001098|0.000343|0.000764|0.000480|0.000148|0.000348|0.004703|0.001452|0.003365|0.005008|0.001549|0.003564|0.000861|0.000266|0.000612,0.031175|0.011192|0.021144|0.058464|0.020899|0.039834|0.048727|0.017403|0.033232|0.010680|0.003814|0.007285|0.019410|0.006843|0.013420|0.043068|0.015300|0.029541|0.037069|0.013185|0.025390|0.008167|0.002906|0.005593|0.004403|0.001389|0.002958|0.008502|0.002657|0.005873|0.007129|0.002224|0.004952|0.001564|0.000488|0.001087|0.003085|0.000938|0.002298|0.006527|0.002014|0.004677|0.005570|0.001723|0.003963|0.001226|0.000379|0.000871|0.004465|0.001598|0.003038|0.041898|0.014974|0.028553|0.043870|0.015669|0.029917|0.007500|0.002678|0.005116|0.003125|0.001108|0.002149|0.031098|0.011050|0.021323|0.033313|0.011849|0.022820|0.005736|0.002041|0.003928|0.000643|0.000202|0.000441|0.006101|0.001906|0.004220|0.006416|0.002002|0.004456|0.001098|0.000343|0.000764|0.000480|0.000148|0.000348|0.004703|0.001452|0.003365|0.005008|0.001549|0.003564|0.000861|0.000266|0.000612,-2.1722328267342758e-16
1000,Steatosis|bleeding|spiders|Hyperbilirubinemia|THepatitis,70,22,0.000982522964477539,0.0008854866027832031,1.10958535271944,0.541564|0.019991|0.042036|0.001524|0.137641|0.005054|0.010642|0.000385|0.112880|0.003898|0.008132|0.000307|0.029645|0.001052|0.002182|0.000083|0.033568|0.001626|0.002537|0.000120|0.024118|0.001210|0.001680|0.000085|0.008479|0.000327|0.000687|0.000030|0.007488|0.000258|0.000742|0.000027,0.541564|0.019991|0.042036|0.001524|0.137641|0.005054|0.010642|0.000385|0.112880|0.003898|0.008132|0.000307|0.029645|0.001052|0.002182|0.000083|0.033568|0.001626|0.002537|0.000120|0.024118|0.001210|0.001680|0.000085|0.008479|0.000327|0.000687|0.000030|0.007488|0.000258|0.000742|0.000027,-7.470650051692862e-17
1000,transfusion|fibrosis|ama|inr|hepatotoxic,70,20,0.0008840560913085938,0.0008132457733154297,1.087071240105541,0.485881|0.042139|0.030254|0.002695|0.038927|0.003432|0.160554|0.013923|0.009737|0.000868|0.013055|0.001152|0.019538|0.001719|0.000871|0.000061|0.004376|0.000375|0.006512|0.000573|0.000231|0.000015|0.001444|0.000124|0.093369|0.008098|0.005728|0.000510|0.007467|0.000658|0.030846|0.002675|0.001850|0.000165|0.002504|0.000221|0.004071|0.000358|0.000168|0.000012|0.000914|0.000078|0.001357|0.000119|0.000044|0.000003|0.000302|0.000026,0.485881|0.042139|0.030254|0.002695|0.038927|0.003432|0.160554|0.013923|0.009737|0.000868|0.013055|0.001152|0.019538|0.001719|0.000871|0.000061|0.004376|0.000375|0.006512|0.000573|0.000231|0.000015|0.001444|0.000124|0.093369|0.008098|0.005728|0.000510|0.007467|0.000658|0.030846|0.002675|0.001850|0.000165|0.002504|0.000221|0.004071|0.000358|0.000168|0.000012|0.000914|0.000078|0.001357|0.000119|0.000044|0.000003|0.000302|0.000026,-1.620561510835311e-17
1000,hcv_anti|choledocholithotomy|hospital|edema|RHepatitis,70,15,0.0006771087646484375,0.0006728172302246094,1.0063784549964565,0.315026|0.008078|0.056587|0.001451|0.397336|0.010188|0.070066|0.001797|0.049617|0.001272|0.008878|0.000228|0.062683|0.001607|0.010907|0.000280|0.001338|0.000034|0.000232|0.000006|0.001548|0.000040|0.000266|0.000007|0.000210|0.000005|0.000036|0.000001|0.000229|0.000006|0.000039|0.000001,0.315026|0.008078|0.056587|0.001451|0.397336|0.010188|0.070066|0.001797|0.049617|0.001272|0.008878|0.000228|0.062683|0.001607|0.010907|0.000280|0.001338|0.000034|0.000232|0.000006|0.001548|0.000040|0.000266|0.000007|0.000210|0.000005|0.000036|0.000001|0.000229|0.000006|0.000039|0.000001,-6.84563721746502e-17
1000,Hyperbilirubinemia|hbsag|edge|jaundice|pain,70,22,0.0011446475982666016,0.0012218952178955078,0.9367804878048781,0.353492|0.102794|0.134641|0.036480|0.123799|0.035909|0.048348|0.013208|0.032400|0.009399|0.011805|0.003213|0.013043|0.003782|0.005093|0.001393|0.025510|0.008028|0.011166|0.003392|0.008964|0.002822|0.003970|0.001206|0.002396|0.000754|0.000925|0.000280|0.000941|0.000296|0.000422|0.000129,0.353492|0.102794|0.134641|0.036480|0.123799|0.035909|0.048348|0.013208|0.032400|0.009399|0.011805|0.003213|0.013043|0.003782|0.005093|0.001393|0.025510|0.008028|0.011166|0.003392|0.008964|0.002822|0.003970|0.001206|0.002396|0.000754|0.000925|0.000280|0.000941|0.000296|0.000422|0.000129,9.554888961355767e-17
1000,spiders|fibrosis|bleeding|itching|RHepatitis,70,26,0.0013473033905029297,0.0013508796691894531,0.9973526297211437,0.349197|0.008954|0.261429|0.006703|0.072643|0.001862|0.054960|0.001409|0.009203|0.000236|0.007065|0.000181|0.002098|0.000054|0.001670|0.000043|0.090349|0.002317|0.068559|0.001758|0.020146|0.000516|0.015507|0.000398|0.009479|0.000243|0.007908|0.000203|0.002574|0.000066|0.002214|0.000057,0.349197|0.008954|0.261429|0.006703|0.072643|0.001862|0.054960|0.001409|0.009203|0.000236|0.007065|0.000181|0.002098|0.000054|0.001670|0.000043|0.090349|0.002317|0.068559|0.001758|0.020146|0.000516|0.015507|0.000398|0.009479|0.000243|0.007908|0.000203|0.002574|0.000066|0.002214|0.000057,-1.0826901261539197e-16
1000,carcinoma|hospital|pain|encephalopathy|inr,70,22,0.00115203857421875,0.0010612010955810547,1.0855987418557627,0.272018|0.016550|0.022404|0.008582|0.000529|0.000529|0.078968|0.004828|0.006452|0.002202|0.000136|0.000135|0.343221|0.021199|0.027519|0.010946|0.000687|0.000660|0.099663|0.006179|0.007929|0.002808|0.000177|0.000169|0.018520|0.001008|0.003249|0.000698|0.000043|0.000044|0.004751|0.000256|0.000919|0.000160|0.000010|0.000010|0.022401|0.001235|0.003874|0.000890|0.000056|0.000054|0.005702|0.000310|0.001093|0.000204|0.000013|0.000012,0.272018|0.016550|0.022404|0.008582|0.000529|0.000529|0.078968|0.004828|0.006452|0.002202|0.000136|0.000135|0.343221|0.021199|0.027519|0.010946|0.000687|0.000660|0.099663|0.006179|0.007929|0.002808|0.000177|0.000169|0.018520|0.001008|0.003249|0.000698|0.000043|0.000044|0.004751|0.000256|0.000919|0.000160|0.000010|0.000010|0.022401|0.001235|0.003874|0.000890|0.000056|0.000054|0.005702|0.000310|0.001093|0.000204|0.000013|0.000012,7.236577906450458e-17
1000,ChHepatitis|Cirrhosis|consciousness|palms|proteins,70,19,0.0008373260498046875,0.0007200241088867188,1.1629139072847683,0.648937|0.018873|0.095479|0.002777|0.019333|0.000562|0.002845|0.000083|0.009660|0.000000|0.004140|0.000000|0.000162|0.000000|0.000069|0.000000|0.014364|0.000000|0.012236|0.000000|0.000241|0.000000|0.000205|0.000000|0.075584|0.002198|0.011121|0.000323|0.002252|0.000065|0.000331|0.000010|0.009938|0.000000|0.004259|0.000000|0.000167|0.000000|0.000071|0.000000|0.012014|0.000000|0.010234|0.000000|0.000201|0.000000|0.000172|0.000000|0.030224|0.000879|0.004447|0.000129|0.000900|0.000026|0.000132|0.000004|0.001116|0.000000|0.000478|0.000000|0.000019|0.000000|0.000008|0.000000|0.001451|0.000000|0.001236|0.000000|0.000024|0.000000|0.000021|0.000000,0.648937|0.018873|0.095479|0.002777|0.019333|0.000562|0.002845|0.000083|0.009660|0.000000|0.004140|0.000000|0.000162|0.000000|0.000069|0.000000|0.014364|0.000000|0.012236|0.000000|0.000241|0.000000|0.000205|0.000000|0.075584|0.002198|0.011121|0.000323|0.002252|0.000065|0.000331|0.000010|0.009938|0.000000|0.004259|0.000000|0.000167|0.000000|0.000071|0.000000|0.012014|0.000000|0.010234|0.000000|0.000201|0.000000|0.000172|0.000000|0.030224|0.000879|0.004447|0.000129|0.000900|0.000026|0.000132|0.000004|0.001116|0.000000|0.000478|0.000000|0.000019|0.000000|0.000008|0.000000|0.001451|0.000000|0.001236|0.000000|0.000024|0.000000|0.000021|0.000000,2.7990602893059435e-18
1000,injections|skin|hepatomegaly|hbsag_anti|edge,70,25,0.0012924671173095703,0.0012331008911132812,1.0481438515081207,0.084942|0.030175|0.001632|0.000630|0.166367|0.059132|0.003184|0.001232|0.056822|0.021511|0.001050|0.000458|0.107074|0.040550|0.001990|0.000868|0.062717|0.021345|0.001048|0.000372|0.123103|0.041920|0.002052|0.000729|0.042613|0.015155|0.000700|0.000268|0.080063|0.028474|0.001319|0.000506,0.084942|0.030175|0.001632|0.000630|0.166367|0.059132|0.003184|0.001232|0.056822|0.021511|0.001050|0.000458|0.107074|0.040550|0.001990|0.000868|0.062717|0.021345|0.001048|0.000372|0.123103|0.041920|0.002052|0.000729|0.042613|0.015155|0.000700|0.000268|0.080063|0.028474|0.001319|0.000506,1.520615485171756e-16
1000,itching|amylase|upper_pain|hbeag|urea,70,24,0.001161336898803711,0.001238107681274414,0.9379934527248219,0.000162|0.003367|0.000257|0.000001|0.000031|0.000002|0.000104|0.002162|0.000165|0.000001|0.000020|0.000002|0.014362|0.299000|0.022864|0.000134|0.002779|0.000213|0.008937|0.186071|0.014229|0.000083|0.001726|0.000132|0.000334|0.006949|0.000531|0.000003|0.000063|0.000005|0.000222|0.004626|0.000354|0.000002|0.000042|0.000003|0.000124|0.002536|0.000194|0.000001|0.000023|0.000002|0.000079|0.001627|0.000124|0.000001|0.000014|0.000001|0.010989|0.225634|0.017264|0.000097|0.002001|0.000153|0.006836|0.140356|0.010739|0.000061|0.001245|0.000095|0.000254|0.005220|0.000399|0.000002|0.000046|0.000004|0.000169|0.003472|0.000266|0.000002|0.000031|0.000002,0.000162|0.003367|0.000257|0.000001|0.000031|0.000002|0.000104|0.002162|0.000165|0.000001|0.000020|0.000002|0.014362|0.299000|0.022864|0.000134|0.002779|0.000213|0.008937|0.186071|0.014229|0.000083|0.001726|0.000132|0.000334|0.006949|0.000531|0.000003|0.000063|0.000005|0.000222|0.004626|0.000354|0.000002|0.000042|0.000003|0.000124|0.002536|0.000194|0.000001|0.000023|0.000002|0.000079|0.001627|0.000124|0.000001|0.000014|0.000001|0.010989|0.225634|0.017264|0.000097|0.002001|0.000153|0.006836|0.140356|0.010739|0.000061|0.001245|0.000095|0.000254|0.005220|0.000399|0.000002|0.000046|0.000004|0.000169|0.003472|0.000266|0.000002|0.000031|0.000002,-1.3976759300319139e-16
1000,spleen|hbsag_anti|gallstones|proteins|phosphatase,70,20,0.0010883808135986328,0.0010590553283691406,1.0276902296262944,0.350811|0.124938|0.239810|0.009627|0.003540|0.006454|0.057568|0.021072|0.039984|0.001584|0.000598|0.001080|0.006867|0.001966|0.004149|0.000182|0.000055|0.000106|0.001097|0.000330|0.000680|0.000029|0.000009|0.000018|0.052178|0.016174|0.036710|0.001120|0.000399|0.000712|0.008463|0.002711|0.006056|0.000184|0.000067|0.000119|0.001165|0.000275|0.000723|0.000021|0.000006|0.000012|0.000182|0.000045|0.000116|0.000003|0.000001|0.000002,0.350811|0.124938|0.239810|0.009627|0.003540|0.006454|0.057568|0.021072|0.039984|0.001584|0.000598|0.001080|0.006867|0.001966|0.004149|0.000182|0.000055|0.000106|0.001097|0.000330|0.000680|0.000029|0.000009|0.000018|0.052178|0.016174|0.036710|0.001120|0.000399|0.000712|0.008463|0.002711|0.006056|0.000184|0.000067|0.000119|0.001165|0.000275|0.000723|0.000021|0.000006|0.000012|0.000182|0.000045|0.000116|0.000003|0.000001|0.000002,-5.778674607394931e-17
1000,pain_ruq|itching|fibrosis|Hyperbilirubinemia|ama,70,21,0.0010082721710205078,0.0009713172912597656,1.038046146293569,0.220892|0.066874|0.023119|0.002948|0.009544|0.003104|0.000964|0.000137|0.152283|0.062492|0.018249|0.003193|0.007343|0.002750|0.000908|0.000140|0.169471|0.051418|0.009998|0.001266|0.007331|0.002386|0.000423|0.000061|0.117200|0.047961|0.007947|0.001398|0.005641|0.002111|0.000389|0.000060,0.220892|0.066874|0.023119|0.002948|0.009544|0.003104|0.000964|0.000137|0.152283|0.062492|0.018249|0.003193|0.007343|0.002750|0.000908|0.000140|0.169471|0.051418|0.009998|0.001266|0.007331|0.002386|0.000423|0.000061|0.117200|0.047961|0.007947|0.001398|0.005641|0.002111|0.000389|0.000060,-1.0875146518251829e-16
1000,obesity|hepatomegaly|inr|pain_ruq|choledocholithotomy,70,21,0.0010256767272949219,0.0008988380432128906,1.1411140583554376,0.138258|0.021779|0.095869|0.015096|0.008922|0.001412|0.005860|0.000932|0.010645|0.001652|0.008283|0.001289|0.258246|0.040676|0.193078|0.030401|0.015495|0.002465|0.011630|0.001851|0.020599|0.003191|0.017626|0.002745|0.013432|0.002114|0.009736|0.001532|0.000826|0.000131|0.000563|0.000089|0.001410|0.000221|0.001197|0.000188|0.024899|0.003920|0.019611|0.003085|0.001436|0.000228|0.001186|0.000188|0.002580|0.000403|0.002612|0.000412,0.138258|0.021779|0.095869|0.015096|0.008922|0.001412|0.005860|0.000932|0.010645|0.001652|0.008283|0.001289|0.258246|0.040676|0.193078|0.030401|0.015495|0.002465|0.011630|0.001851|0.020599|0.003191|0.017626|0.002745|0.013432|0.002114|0.009736|0.001532|0.000826|0.000131|0.000563|0.000089|0.001410|0.000221|0.001197|0.000188|0.024899|0.003920|0.019611|0.003085|0.001436|0.000228|0.001186|0.000188|0.002580|0.000403|0.002612|0.000412,-2.130423412248087e-16
1000,age|encephalopathy|joints|sex|bilirubin,70,20,0.0009369850158691406,0.0008783340454101562,1.0667752442996743,0.004428|0.051276|0.016983|0.001186|0.000822|0.029373|0.016601|0.000420|0.000564|0.005131|0.001874|0.000152|0.000078|0.002792|0.001578|0.000040|0.000184|0.001009|0.000471|0.000045|0.000007|0.000454|0.000261|0.000001|0.000025|0.000109|0.000059|0.000006|0.000001|0.000043|0.000025|0.000000|0.029513|0.115573|0.062305|0.006665|0.004781|0.110248|0.024927|0.001103|0.004109|0.013411|0.008278|0.000929|0.000523|0.010607|0.002493|0.000121|0.001552|0.003715|0.002951|0.000348|0.000120|0.001845|0.000452|0.000019|0.000220|0.000481|0.000412|0.000050|0.000015|0.000182|0.000050|0.000003|0.030236|0.101811|0.060254|0.006320|0.004989|0.104643|0.020873|0.001025|0.004236|0.012248|0.008185|0.000886|0.000560|0.010111|0.002140|0.000115|0.001617|0.003611|0.003010|0.000340|0.000140|0.001788|0.000414|0.000021|0.000229|0.000479|0.000424|0.000048|0.000018|0.000179|0.000048|0.000003|0.004779|0.023538|0.010367|0.000972|0.001489|0.019198|0.004662|0.000302|0.000658|0.002623|0.001353|0.000134|0.000186|0.001910|0.000524|0.000038|0.000245|0.000673|0.000467|0.000050|0.000059|0.000371|0.000134|0.000011|0.000035|0.000084|0.000065|0.000007|0.000008|0.000040|0.000017|0.000002,0.004428|0.051276|0.016983|0.001186|0.000822|0.029373|0.016601|0.000420|0.000564|0.005131|0.001874|0.000152|0.000078|0.002792|0.001578|0.000040|0.000184|0.001009|0.000471|0.000045|0.000007|0.000454|0.000261|0.000001|0.000025|0.000109|0.000059|0.000006|0.000001|0.000043|0.000025|0.000000|0.029513|0.115573|0.062305|0.006665|0.004781|0.110248|0.024927|0.001103|0.004109|0.013411|0.008278|0.000929|0.000523|0.010607|0.002493|0.000121|0.001552|0.003715|0.002951|0.000348|0.000120|0.001845|0.000452|0.000019|0.000220|0.000481|0.000412|0.000050|0.000015|0.000182|0.000050|0.000003|0.030236|0.101811|0.060254|0.006320|0.004989|0.104643|0.020873|0.001025|0.004236|0.012248|0.008185|0.000886|0.000560|0.010111|0.002140|0.000115|0.001617|0.003611|0.003010|0.000340|0.000140|0.001788|0.000414|0.000021|0.000229|0.000479|0.000424|0.000048|0.000018|0.000179|0.000048|0.000003|0.004779|0.023538|0.010367|0.000972|0.001489|0.019198|0.004662|0.000302|0.000658|0.002623|0.001353|0.000134|0.000186|0.001910|0.000524|0.000038|0.000245|0.000673|0.000467|0.000050|0.000059|0.000371|0.000134|0.000011|0.000035|0.000084|0.000065|0.000007|0.000008|0.000040|0.000017|0.000002,5.700721355062629e-17
1000,le_cells|hospital|obesity|irregular_liver|spiders,70,18,0.0007548332214355469,0.0007648468017578125,0.9869077306733167,0.250578|0.063949|0.035326|0.017829|0.023876|0.006654|0.003967|0.002758|0.318405|0.080034|0.043508|0.020354|0.030325|0.008334|0.004901|0.003282|0.023553|0.006011|0.003321|0.001676|0.002244|0.000625|0.000373|0.000259|0.029929|0.007523|0.004090|0.001913|0.002850|0.000783|0.000461|0.000308,0.250578|0.063949|0.035326|0.017829|0.023876|0.006654|0.003967|0.002758|0.318405|0.080034|0.043508|0.020354|0.030325|0.008334|0.004901|0.003282|0.023553|0.006011|0.003321|0.001676|0.002244|0.000625|0.000373|0.000259|0.029929|0.007523|0.004090|0.001913|0.002850|0.000783|0.000461|0.000308,1.747556719771046e-16
1000,THepatitis|proteins|Hyperbilirubinemia|consciousness|phosphatase,70,23,0.0011448860168457031,0.0010590553283691406,1.0810445745159838,0.405730|0.146961|0.294951|0.011721|0.004346|0.008448|0.031204|0.011305|0.022683|0.000797|0.000294|0.000575|0.010764|0.004120|0.007666|0.000324|0.000124|0.000230|0.000828|0.000317|0.000590|0.000022|0.000008|0.000016|0.026051|0.004163|0.001435|0.000772|0.000114|0.000025|0.002004|0.000320|0.000110|0.000052|0.000008|0.000002|0.000734|0.000097|0.000001|0.000022|0.000003|0.000000|0.000056|0.000007|0.000000|0.000001|0.000000|0.000000,0.405730|0.146961|0.294951|0.011721|0.004346|0.008448|0.031204|0.011305|0.022683|0.000797|0.000294|0.000575|0.010764|0.004120|0.007666|0.000324|0.000124|0.000230|0.000828|0.000317|0.000590|0.000022|0.000008|0.000016|0.026051|0.004163|0.001435|0.000772|0.000114|0.000025|0.002004|0.000320|0.000110|0.000052|0.000008|0.000002|0.000734|0.000097|0.000001|0.000022|0.000003|0.000000|0.000056|0.000007|0.000000|0.000001|0.000000|0.000000,6.493083533826771e-17
1000,Cirrhosis|hepatalgia|transfusion|nausea|alcohol,70,22,0.0010221004486083984,0.0009768009185791016,1.0463753966316818,0.388231|0.042616|0.161598|0.017739|0.074583|0.008187|0.031045|0.003408|0.101478|0.011139|0.042221|0.004635|0.019495|0.002140|0.008111|0.000890|0.009362|0.004681|0.003896|0.001948|0.001868|0.000934|0.000777|0.000389|0.002445|0.001223|0.001019|0.000509|0.000488|0.000244|0.000203|0.000102|0.019091|0.005385|0.007944|0.002241|0.003791|0.001069|0.001577|0.000445|0.004986|0.001406|0.002078|0.000586|0.000990|0.000279|0.000413|0.000116,0.388231|0.042616|0.161598|0.017739|0.074583|0.008187|0.031045|0.003408|0.101478|0.011139|0.042221|0.004635|0.019495|0.002140|0.008111|0.000890|0.009362|0.004681|0.003896|0.001948|0.001868|0.000934|0.000777|0.000389|0.002445|0.001223|0.001019|0.000509|0.000488|0.000244|0.000203|0.000102|0.019091|0.005385|0.007944|0.002241|0.003791|0.001069|0.001577|0.000445|0.004986|0.001406|0.002078|0.000586|0.000990|0.000279|0.000413|0.000116,-1.2693774067361526e-16
1000,hepatomegaly|skin|itching|le_cells|triglycerides,70,26,0.0013093948364257812,0.0013391971588134766,0.9777461278262418,0.004178|0.107618|0.004197|0.000364|0.009071|0.000364|0.002569|0.065757|0.002578|0.000229|0.005709|0.000229|0.002338|0.057423|0.002331|0.000233|0.005778|0.000232|0.002467|0.058444|0.002446|0.000259|0.006367|0.000258|0.008146|0.211477|0.008194|0.000707|0.017973|0.000709|0.004987|0.128368|0.005009|0.000444|0.011261|0.000445|0.004436|0.107731|0.004416|0.000445|0.011130|0.000445|0.004697|0.109626|0.004647|0.000498|0.012274|0.000497,0.004178|0.107618|0.004197|0.000364|0.009071|0.000364|0.002569|0.065757|0.002578|0.000229|0.005709|0.000229|0.002338|0.057423|0.002331|0.000233|0.005778|0.000232|0.002467|0.058444|0.002446|0.000259|0.006367|0.000258|0.008146|0.211477|0.008194|0.000707|0.017973|0.000709|0.004987|0.128368|0.005009|0.000444|0.011261|0.000445|0.004436|0.107731|0.004416|0.000445|0.011130|0.000445|0.004697|0.109626|0.004647|0.000498|0.012274|0.000497,1.8462931497911952e-16
1000,Steatosis|urea|ChHepatitis|triglycerides|palms,70,19,0.0008711814880371094,0.0007348060607910156,1.1855937702790396,0.000690|0.000102|0.027312|0.004045|0.000753|0.000111|0.000097|0.000023|0.003823|0.000901|0.000105|0.000025|0.000033|0.000006|0.001321|0.000221|0.000036|0.000006|0.014131|0.002095|0.559464|0.082938|0.015416|0.002285|0.002026|0.000498|0.080219|0.019728|0.002210|0.000544|0.000687|0.000117|0.027195|0.004624|0.000749|0.000127|0.001081|0.000160|0.042810|0.006346|0.001180|0.000175|0.000155|0.000038|0.006132|0.001506|0.000169|0.000041|0.000053|0.000009|0.002080|0.000353|0.000057|0.000010|0.000365|0.000139|0.001338|0.000508|0.000316|0.000120|0.000055|0.000023|0.000200|0.000083|0.000047|0.000020|0.000018|0.000007|0.000066|0.000025|0.000016|0.000006|0.007938|0.003158|0.029107|0.011581|0.006880|0.002737|0.001206|0.000519|0.004420|0.001904|0.001045|0.000450|0.000391|0.000159|0.001433|0.000581|0.000339|0.000137|0.000606|0.000241|0.002222|0.000883|0.000525|0.000209|0.000092|0.000040|0.000337|0.000145|0.000080|0.000034|0.000030|0.000012|0.000109|0.000044|0.000026|0.000010,0.000690|0.000102|0.027312|0.004045|0.000753|0.000111|0.000097|0.000023|0.003823|0.000901|0.000105|0.000025|0.000033|0.000006|0.001321|0.000221|0.000036|0.000006|0.014131|0.002095|0.559464|0.082938|0.015416|0.002285|0.002026|0.000498|0.080219|0.019728|0.002210|0.000544|0.000687|0.000117|0.027195|0.004624|0.000749|0.000127|0.001081|0.000160|0.042810|0.006346|0.001180|0.000175|0.000155|0.000038|0.006132|0.001506|0.000169|0.000041|0.000053|0.000009|0.002080|0.000353|0.000057|0.000010|0.000365|0.000139|0.001338|0.000508|0.000316|0.000120|0.000055|0.000023|0.000200|0.000083|0.000047|0.000020|0.000018|0.000007|0.000066|0.000025|0.000016|0.000006|0.007938|0.003158|0.029107|0.011581|0.006880|0.002737|0.001206|0.000519|0.004420|0.001904|0.001045|0.000450|0.000391|0.000159|0.001433|0.000581|0.000339|0.000137|0.000606|0.000241|0.002222|0.000883|0.000525|0.000209|0.000092|0.000040|0.000337|0.000145|0.000080|0.000034|0.000030|0.000012|0.000109|0.000044|0.000026|0.000010,7.825189272200233e-17
1000,pain|ChHepatitis|hcv_anti|anorexia|hepatomegaly,70,21,0.0009605884552001953,0.0008704662322998047,1.1035332785538208,0.158619|0.305719|0.060534|0.117611|0.000575|0.001109|0.000220|0.000427|0.024732|0.047668|0.009438|0.018338|0.000000|0.000000|0.000000|0.000000|0.007691|0.014823|0.002935|0.005702|0.000192|0.000369|0.000073|0.000142|0.045745|0.087585|0.017459|0.033694|0.000166|0.000318|0.000063|0.000122|0.007133|0.013656|0.002722|0.005254|0.000000|0.000000|0.000000|0.000000|0.002218|0.004247|0.000846|0.001634|0.000055|0.000106|0.000021|0.000041,0.158619|0.305719|0.060534|0.117611|0.000575|0.001109|0.000220|0.000427|0.024732|0.047668|0.009438|0.018338|0.000000|0.000000|0.000000|0.000000|0.007691|0.014823|0.002935|0.005702|0.000192|0.000369|0.000073|0.000142|0.045745|0.087585|0.017459|0.033694|0.000166|0.000318|0.000063|0.000122|0.007133|0.013656|0.002722|0.005254|0.000000|0.000000|0.000000|0.000000|0.002218|0.004247|0.000846|0.001634|0.000055|0.000106|0.000021|0.000041,7.26338499473078e-18
1000,upper_pain|Steatosis|itching|phosphatase|density,70,26,0.0013031959533691406,0.0013082027435302734,0.996172772006561,0.099605|0.060220|0.035334|0.021386|0.066246|0.040047|0.074113|0.045074|0.026652|0.016235|0.049726|0.030245|0.008155|0.004818|0.002264|0.001346|0.007333|0.004304|0.006633|0.003922|0.001773|0.001057|0.005992|0.003520|0.062090|0.037538|0.022051|0.013347|0.041319|0.024978|0.046170|0.028081|0.016609|0.010118|0.030986|0.018847|0.005073|0.002997|0.001410|0.000838|0.004560|0.002677|0.004143|0.002450|0.001107|0.000660|0.003747|0.002201,0.099605|0.060220|0.035334|0.021386|0.066246|0.040047|0.074113|0.045074|0.026652|0.016235|0.049726|0.030245|0.008155|0.004818|0.002264|0.001346|0.007333|0.004304|0.006633|0.003922|0.001773|0.001057|0.005992|0.003520|0.062090|0.037538|0.022051|0.013347|0.041319|0.024978|0.046170|0.028081|0.016609|0.010118|0.030986|0.018847|0.005073|0.002997|0.001410|0.000838|0.004560|0.002677|0.004143|0.002450|0.001107|0.000660|0.003747|0.002201,-1.2933145866001316e-16
1000,bilirubin|vh_amn|fibrosis|upper_pain|hepatalgia,70,24,0.0011475086212158203,0.0011723041534423828,0.9788488916005694,0.038519|0.010248|0.023977|0.006380|0.001627|0.000422|0.001042|0.000270|0.005889|0.001560|0.003659|0.000969|0.000902|0.000234|0.000577|0.000150|0.250056|0.066122|0.156588|0.041386|0.007551|0.001976|0.004630|0.001212|0.044621|0.011741|0.027870|0.007331|0.004163|0.001090|0.002552|0.000668|0.101511|0.025584|0.062468|0.015764|0.004101|0.001084|0.002567|0.000679|0.016854|0.004306|0.010458|0.002676|0.002240|0.000592|0.001403|0.000371|0.008451|0.002201|0.005432|0.001405|0.000368|0.000085|0.000241|0.000056|0.001298|0.000338|0.000832|0.000215|0.000217|0.000050|0.000141|0.000033,0.038519|0.010248|0.023977|0.006380|0.001627|0.000422|0.001042|0.000270|0.005889|0.001560|0.003659|0.000969|0.000902|0.000234|0.000577|0.000150|0.250056|0.066122|0.156588|0.041386|0.007551|0.001976|0.004630|0.001212|0.044621|0.011741|0.027870|0.007331|0.004163|0.001090|0.002552|0.000668|0.101511|0.025584|0.062468|0.015764|0.004101|0.001084|0.002567|0.000679|0.016854|0.004306|0.010458|0.002676|0.002240|0.000592|0.001403|0.000371|0.008451|0.002201|0.005432|0.001405|0.000368|0.000085|0.000241|0.000056|0.001298|0.000338|0.000832|0.000215|0.000217|0.000050|0.000141|0.000033,-5.874485574937386e-17
1000,bleeding|sex|hcv_anti|skin|PBC,70,25,0.001211404800415039,0.0011968612670898438,1.0121513944223108,0.140852|0.134567|0.056459|0.170236|0.000580|0.000529|0.000212|0.000695|0.209663|0.008909|0.088563|0.011241|0.000864|0.000035|0.000333|0.000046|0.028804|0.030447|0.011954|0.038226|0.000119|0.000120|0.000045|0.000156|0.042890|0.002016|0.018650|0.002524|0.000177|0.000008|0.000070|0.000010,0.140852|0.134567|0.056459|0.170236|0.000580|0.000529|0.000212|0.000695|0.209663|0.008909|0.088563|0.011241|0.000864|0.000035|0.000333|0.000046|0.028804|0.030447|0.011954|0.038226|0.000119|0.000120|0.000045|0.000156|0.042890|0.002016|0.018650|0.002524|0.000177|0.000008|0.000070|0.000010,-9.470654428106913e-17
1000,injections|amylase|fatigue|age|spiders,70,20,0.0008902549743652344,0.0008618831634521484,1.0329183955739973,0.000301|0.000087|0.000902|0.000262|0.000842|0.000244|0.000166|0.000048|0.000346|0.000103|0.001039|0.000308|0.000970|0.000288|0.000191|0.000057|0.027316|0.007924|0.081947|0.023772|0.076524|0.022199|0.015064|0.004370|0.031467|0.009332|0.094400|0.027996|0.088153|0.026143|0.017353|0.005146|0.000604|0.000175|0.001811|0.000525|0.001691|0.000490|0.000333|0.000097|0.000695|0.000206|0.002086|0.000618|0.001948|0.000578|0.000383|0.000114|0.000245|0.000067|0.000734|0.000201|0.000685|0.000188|0.000135|0.000037|0.000272|0.000075|0.000816|0.000226|0.000762|0.000211|0.000150|0.000042|0.020542|0.005625|0.061626|0.016876|0.057548|0.015760|0.011328|0.003102|0.022846|0.006325|0.068537|0.018974|0.064001|0.017718|0.012599|0.003488|0.000537|0.000147|0.001612|0.000441|0.001506|0.000412|0.000296|0.000081|0.000598|0.000165|0.001793|0.000496|0.001674|0.000464|0.000330|0.000091,0.000301|0.000087|0.000902|0.000262|0.000842|0.000244|0.000166|0.000048|0.000346|0.000103|0.001039|0.000308|0.000970|0.000288|0.000191|0.000057|0.027316|0.007924|0.081947|0.023772|0.076524|0.022199|0.015064|0.004370|0.031467|0.009332|0.094400|0.027996|0.088153|0.026143|0.017353|0.005146|0.000604|0.000175|0.001811|0.000525|0.001691|0.000490|0.000333|0.000097|0.000695|0.000206|0.002086|0.000618|0.001948|0.000578|0.000383|0.000114|0.000245|0.000067|0.000734|0.000201|0.000685|0.000188|0.000135|0.000037|0.000272|0.000075|0.000816|0.000226|0.000762|0.000211|0.000150|0.000042|0.020542|0.005625|0.061626|0.016876|0.057548|0.015760|0.011328|0.003102|0.022846|0.006325|0.068537|0.018974|0.064001|0.017718|0.012599|0.003488|0.000537|0.000147|0.001612|0.000441|0.001506|0.000412|0.000296|0.000081|0.000598|0.000165|0.001793|0.000496|0.001674|0.000464|0.000330|0.000091,2.232366042785956e-16
1000,upper_pain|alt|inr|joints|platelet,70,25,0.0012083053588867188,0.0012149810791015625,0.9945054945054945,0.011477|0.058061|0.007045|0.004507|0.001334|0.006527|0.000771|0.000574|0.000712|0.003645|0.000445|0.000277|0.000083|0.000408|0.000049|0.000035|0.001116|0.004444|0.000504|0.000462|0.000124|0.000509|0.000054|0.000055|0.024937|0.124675|0.015017|0.009847|0.002887|0.014024|0.001648|0.001251|0.001500|0.007695|0.000939|0.000583|0.000174|0.000860|0.000103|0.000074|0.002591|0.010105|0.001143|0.001073|0.000288|0.001159|0.000122|0.000127|0.003622|0.018090|0.002196|0.001423|0.000420|0.002035|0.000239|0.000180|0.000208|0.001017|0.000125|0.000081|0.000024|0.000114|0.000014|0.000010|0.000351|0.001391|0.000156|0.000146|0.000039|0.000160|0.000017|0.000017|0.028918|0.143706|0.017283|0.011432|0.003344|0.016171|0.001895|0.001449|0.001714|0.008767|0.001072|0.000668|0.000199|0.000981|0.000118|0.000085|0.003104|0.012248|0.001406|0.001276|0.000346|0.001404|0.000149|0.000151|0.007155|0.036193|0.004391|0.002809|0.000831|0.004069|0.000481|0.000358|0.000444|0.002272|0.000277|0.000172|0.000051|0.000254|0.000030|0.000022|0.000695|0.002770|0.000314|0.000288|0.000077|0.000317|0.000034|0.000034|0.015546|0.077727|0.009362|0.006139|0.001800|0.008743|0.001027|0.000780|0.000935|0.004798|0.000586|0.000364|0.000108|0.000536|0.000064|0.000046|0.001615|0.006298|0.000713|0.000669|0.000179|0.000722|0.000076|0.000079|0.002256|0.011268|0.001368|0.000886|0.000262|0.001268|0.000149|0.000112|0.000130|0.000634|0.000078|0.000051|0.000015|0.000071|0.000008|0.000006|0.000219|0.000866|0.000097|0.000091|0.000024|0.000099|0.000010|0.000011|0.018027|0.089589|0.010775|0.007126|0.002084|0.010081|0.001182|0.000904|0.001068|0.005466|0.000669|0.000417|0.000124|0.000611|0.000073|0.000053|0.001934|0.007634|0.000876|0.000795|0.000216|0.000875|0.000093|0.000094,0.011477|0.058061|0.007045|0.004507|0.001334|0.006527|0.000771|0.000574|0.000712|0.003645|0.000445|0.000277|0.000083|0.000408|0.000049|0.000035|0.001116|0.004444|0.000504|0.000462|0.000124|0.000509|0.000054|0.000055|0.024937|0.124675|0.015017|0.009847|0.002887|0.014024|0.001648|0.001251|0.001500|0.007695|0.000939|0.000583|0.000174|0.000860|0.000103|0.000074|0.002591|0.010105|0.001143|0.001073|0.000288|0.001159|0.000122|0.000127|0.003622|0.018090|0.002196|0.001423|0.000420|0.002035|0.000239|0.000180|0.000208|0.001017|0.000125|0.000081|0.000024|0.000114|0.000014|0.000010|0.000351|0.001391|0.000156|0.000146|0.000039|0.000160|0.000017|0.000017|0.028918|0.143706|0.017283|0.011432|0.003344|0.016171|0.001895|0.001449|0.001714|0.008767|0.001072|0.000668|0.000199|0.000981|0.000118|0.000085|0.003104|0.012248|0.001406|0.001276|0.000346|0.001404|0.000149|0.000151|0.007155|0.036193|0.004391|0.002809|0.000831|0.004069|0.000481|0.000358|0.000444|0.002272|0.000277|0.000172|0.000051|0.000254|0.000030|0.000022|0.000695|0.002770|0.000314|0.000288|0.000077|0.000317|0.000034|0.000034|0.015546|0.077727|0.009362|0.006139|0.001800|0.008743|0.001027|0.000780|0.000935|0.004798|0.000586|0.000364|0.000108|0.000536|0.000064|0.000046|0.001615|0.006298|0.000713|0.000669|0.000179|0.000722|0.000076|0.000079|0.002256|0.011268|0.001368|0.000886|0.000262|0.001268|0.000149|0.000112|0.000130|0.000634|0.000078|0.000051|0.000015|0.000071|0.000008|0.000006|0.000219|0.000866|0.000097|0.000091|0.000024|0.000099|0.000010|0.000011|0.018027|0.089589|0.010775|0.007126|0.002084|0.010081|0.001182|0.000904|0.001068|0.005466|0.000669|0.000417|0.000124|0.000611|0.000073|0.000053|0.001934|0.007634|0.000876|0.000795|0.000216|0.000875|0.000093|0.000094,-1.4249941753815422e-16
1000,ascites|age|inr|Hyperbilirubinemia|hbeag,70,21,0.0010101795196533203,0.0009701251983642578,1.0412877856967313,0.067774|0.000608|0.031406|0.000225|0.003928|0.000042|0.003075|0.000095|0.005975|0.000057|0.001999|0.000013|0.281386|0.002524|0.017192|0.000123|0.016309|0.000175|0.001683|0.000052|0.024807|0.000237|0.001094|0.000007|0.276143|0.002477|0.002854|0.000020|0.016005|0.000172|0.000279|0.000009|0.024345|0.000233|0.000182|0.000001|0.054928|0.000493|0.000000|0.000000|0.003184|0.000034|0.000000|0.000000|0.004843|0.000046|0.000000|0.000000|0.012262|0.000110|0.005700|0.000041|0.000714|0.000008|0.000551|0.000017|0.001052|0.000010|0.000337|0.000002|0.050909|0.000457|0.003120|0.000022|0.002965|0.000031|0.000302|0.000009|0.004367|0.000042|0.000185|0.000001|0.049961|0.000448|0.000518|0.000004|0.002909|0.000031|0.000050|0.000002|0.004286|0.000041|0.000031|0.000000|0.009938|0.000089|0.000000|0.000000|0.000579|0.000006|0.000000|0.000000|0.000852|0.000008|0.000000|0.000000,0.067774|0.000608|0.031406|0.000225|0.003928|0.000042|0.003075|0.000095|0.005975|0.000057|0.001999|0.000013|0.281386|0.002524|0.017192|0.000123|0.016309|0.000175|0.001683|0.000052|0.024807|0.000237|0.001094|0.000007|0.276143|0.002477|0.002854|0.000020|0.016005|0.000172|0.000279|0.000009|0.024345|0.000233|0.000182|0.000001|0.054928|0.000493|0.000000|0.000000|0.003184|0.000034|0.000000|0.000000|0.004843|0.000046|0.000000|0.000000|0.012262|0.000110|0.005700|0.000041|0.000714|0.000008|0.000551|0.000017|0.001052|0.000010|0.000337|0.000002|0.050909|0.000457|0.003120|0.000022|0.002965|0.000031|0.000302|0.000009|0.004367|0.000042|0.000185|0.000001|0.049961|0.000448|0.000518|0.000004|0.002909|0.000031|0.000050|0.000002|0.004286|0.000041|0.000031|0.000000|0.009938|0.000089|0.000000|0.000000|0.000579|0.000006|0.000000|0.000000|0.000852|0.000008|0.000000|0.000000,3.9808345848196824e-17
1000,inr|transfusion|Hyperbilirubinemia|fat|alcoholism,70,20,0.0008895397186279297,0.0008790493011474609,1.0119338215351235,0.431146|0.062121|0.162816|0.023459|0.032677|0.004559|0.012339|0.001722|0.083179|0.011983|0.031294|0.004509|0.006332|0.000883|0.002382|0.000332|0.025366|0.003349|0.009576|0.001265|0.003272|0.000486|0.001237|0.000184|0.004838|0.000639|0.001818|0.000240|0.000598|0.000089|0.000225|0.000034|0.036982|0.006321|0.013970|0.002387|0.001882|0.000458|0.000711|0.000173|0.007161|0.001224|0.002697|0.000461|0.000367|0.000089|0.000138|0.000033,0.431146|0.062121|0.162816|0.023459|0.032677|0.004559|0.012339|0.001722|0.083179|0.011983|0.031294|0.004509|0.006332|0.000883|0.002382|0.000332|0.025366|0.003349|0.009576|0.001265|0.003272|0.000486|0.001237|0.000184|0.004838|0.000639|0.001818|0.000240|0.000598|0.000089|0.000225|0.000034|0.036982|0.006321|0.013970|0.002387|0.001882|0.000458|0.000711|0.000173|0.007161|0.001224|0.002697|0.000461|0.000367|0.000089|0.000138|0.000033,-8.70056226883498e-19
1000,density|pain|albumin|hbsag|bilirubin,70,23,0.0012154579162597656,0.0011508464813232422,1.056142531593122,0.005431|0.034654|0.013832|0.001078|0.000400|0.003153|0.001150|0.000076|0.006326|0.039611|0.016139|0.001288|0.000518|0.003699|0.001455|0.000099|0.032500|0.200470|0.083270|0.007464|0.002854|0.019882|0.007883|0.000635|0.001279|0.010641|0.003666|0.000241|0.000094|0.000967|0.000297|0.000017|0.001501|0.012134|0.004305|0.000294|0.000122|0.001133|0.000382|0.000023|0.007776|0.061230|0.022316|0.001815|0.000691|0.006045|0.002094|0.000160|0.003399|0.020842|0.008517|0.000679|0.000250|0.001897|0.000710|0.000048|0.003943|0.023792|0.009905|0.000806|0.000320|0.002220|0.000891|0.000062|0.020177|0.120225|0.050930|0.004612|0.001749|0.011887|0.004799|0.000388|0.000798|0.006373|0.002243|0.000152|0.000059|0.000579|0.000182|0.000011|0.000932|0.007259|0.002626|0.000184|0.000075|0.000677|0.000233|0.000014|0.004809|0.036584|0.013566|0.001115|0.000422|0.003602|0.001267|0.000097,0.005431|0.034654|0.013832|0.001078|0.000400|0.003153|0.001150|0.000076|0.006326|0.039611|0.016139|0.001288|0.000518|0.003699|0.001455|0.000099|0.032500|0.200470|0.083270|0.007464|0.002854|0.019882|0.007883|0.000635|0.001279|0.010641|0.003666|0.000241|0.000094|0.000967|0.000297|0.000017|0.001501|0.012134|0.004305|0.000294|0.000122|0.001133|0.000382|0.000023|0.007776|0.061230|0.022316|0.001815|0.000691|0.006045|0.002094|0.000160|0.003399|0.020842|0.008517|0.000679|0.000250|0.001897|0.000710|0.000048|0.003943|0.023792|0.009905|0.000806|0.000320|0.002220|0.000891|0.000062|0.020177|0.120225|0.050930|0.004612|0.001749|0.011887|0.004799|0.000388|0.000798|0.006373|0.002243|0.000152|0.000059|0.000579|0.000182|0.000011|0.000932|0.007259|0.002626|0.000184|0.000075|0.000677|0.000233|0.000014|0.004809|0.036584|0.013566|0.001115|0.000422|0.003602|0.001267|0.000097,-1.9998550421481683e-17
1000,density|nausea|fibrosis|bilirubin|platelet,70,25,0.0012001991271972656,0.0011723041534423828,1.0237949969493594,0.006456|0.026668|0.002937|0.003616|0.036230|0.195234|0.024001|0.011835|0.016021|0.072786|0.008522|0.007561|0.001350|0.005916|0.000716|0.000802|0.000219|0.001838|0.000124|0.000151|0.002169|0.006817|0.000841|0.000811|0.001363|0.003505|0.000354|0.000597|0.000087|0.000355|0.000050|0.000039|0.002687|0.011099|0.001223|0.001505|0.015079|0.081258|0.009989|0.004926|0.006668|0.030294|0.003547|0.003147|0.000562|0.002462|0.000298|0.000334|0.000091|0.000765|0.000052|0.000063|0.000903|0.002837|0.000350|0.000338|0.000567|0.001459|0.000148|0.000248|0.000036|0.000148|0.000021|0.000016|0.004017|0.016612|0.001829|0.002263|0.021786|0.117029|0.014370|0.007216|0.009833|0.044574|0.005207|0.004696|0.000842|0.003674|0.000441|0.000502|0.000128|0.001068|0.000073|0.000088|0.001260|0.003975|0.000490|0.000472|0.000791|0.002041|0.000207|0.000347|0.000051|0.000206|0.000029|0.000023|0.001672|0.006914|0.000761|0.000942|0.009067|0.048708|0.005981|0.003003|0.004093|0.018552|0.002167|0.001954|0.000350|0.001529|0.000184|0.000209|0.000053|0.000445|0.000030|0.000037|0.000525|0.001654|0.000204|0.000196|0.000329|0.000849|0.000086|0.000144|0.000021|0.000086|0.000012|0.000009,0.006456|0.026668|0.002937|0.003616|0.036230|0.195234|0.024001|0.011835|0.016021|0.072786|0.008522|0.007561|0.001350|0.005916|0.000716|0.000802|0.000219|0.001838|0.000124|0.000151|0.002169|0.006817|0.000841|0.000811|0.001363|0.003505|0.000354|0.000597|0.000087|0.000355|0.000050|0.000039|0.002687|0.011099|0.001223|0.001505|0.015079|0.081258|0.009989|0.004926|0.006668|0.030294|0.003547|0.003147|0.000562|0.002462|0.000298|0.000334|0.000091|0.000765|0.000052|0.000063|0.000903|0.002837|0.000350|0.000338|0.000567|0.001459|0.000148|0.000248|0.000036|0.000148|0.000021|0.000016|0.004017|0.016612|0.001829|0.002263|0.021786|0.117029|0.014370|0.007216|0.009833|0.044574|0.005207|0.004696|0.000842|0.003674|0.000441|0.000502|0.000128|0.001068|0.000073|0.000088|0.001260|0.003975|0.000490|0.000472|0.000791|0.002041|0.000207|0.000347|0.000051|0.000206|0.000029|0.000023|0.001672|0.006914|0.000761|0.000942|0.009067|0.048708|0.005981|0.003003|0.004093|0.018552|0.002167|0.001954|0.000350|0.001529|0.000184|0.000209|0.000053|0.000445|0.000030|0.000037|0.000525|0.001654|0.000204|0.000196|0.000329|0.000849|0.000086|0.000144|0.000021|0.000086|0.000012|0.000009,-1.0135003355942672e-16
1000,ggtp|vh_amn|cholesterol|edema|bleeding,70,25,0.001390695571899414,0.0013384819030761719,1.0390096188101177,0.058162|0.012131|0.009892|0.002176|0.015738|0.003409|0.002729|0.000628|0.003855|0.000861|0.000702|0.000170|0.010936|0.002300|0.001988|0.000449|0.002548|0.000557|0.000474|0.000112|0.000709|0.000159|0.000142|0.000035|0.055068|0.011860|0.009570|0.002196|0.025160|0.005526|0.004302|0.000997|0.007423|0.001651|0.001279|0.000302|0.009869|0.002150|0.001827|0.000431|0.004218|0.000936|0.000763|0.000181|0.001304|0.000293|0.000236|0.000057|0.056795|0.012041|0.009752|0.002190|0.020739|0.004528|0.003502|0.000803|0.005878|0.001315|0.001031|0.000248|0.011227|0.002405|0.002114|0.000494|0.003572|0.000788|0.000652|0.000155|0.001041|0.000234|0.000195|0.000048|0.271222|0.056028|0.046580|0.010273|0.060208|0.013067|0.010935|0.002581|0.012536|0.002864|0.002467|0.000629|0.049815|0.010408|0.009185|0.002085|0.010457|0.002295|0.002091|0.000500|0.002389|0.000542|0.000505|0.000129,0.058162|0.012131|0.009892|0.002176|0.015738|0.003409|0.002729|0.000628|0.003855|0.000861|0.000702|0.000170|0.010936|0.002300|0.001988|0.000449|0.002548|0.000557|0.000474|0.000112|0.000709|0.000159|0.000142|0.000035|0.055068|0.011860|0.009570|0.002196|0.025160|0.005526|0.004302|0.000997|0.007423|0.001651|0.001279|0.000302|0.009869|0.002150|0.001827|0.000431|0.004218|0.000936|0.000763|0.000181|0.001304|0.000293|0.000236|0.000057|0.056795|0.012041|0.009752|0.002190|0.020739|0.004528|0.003502|0.000803|0.005878|0.001315|0.001031|0.000248|0.011227|0.002405|0.002114|0.000494|0.003572|0.000788|0.000652|0.000155|0.001041|0.000234|0.000195|0.000048|0.271222|0.056028|0.046580|0.010273|0.060208|0.013067|0.010935|0.002581|0.012536|0.002864|0.002467|0.000629|0.049815|0.010408|0.009185|0.002085|0.010457|0.002295|0.002091|0.000500|0.002389|0.000542|0.000505|0.000129,-1.7706665316589342e-17
1000,anorexia|edema|obesity|hcv_anti|carcinoma,70,22,0.0009922981262207031,0.0009636878967285156,1.0296882731321129,0.522593|0.033388|0.002114|0.000128|0.051355|0.003954|0.000208|0.000015|0.089097|0.008533|0.000352|0.000030|0.009626|0.001291|0.000038|0.000005|0.200488|0.012812|0.000811|0.000049|0.019701|0.001517|0.000080|0.000006|0.034185|0.003275|0.000135|0.000012|0.003693|0.000495|0.000015|0.000002,0.522593|0.033388|0.002114|0.000128|0.051355|0.003954|0.000208|0.000015|0.089097|0.008533|0.000352|0.000030|0.009626|0.001291|0.000038|0.000005|0.200488|0.012812|0.000811|0.000049|0.019701|0.001517|0.000080|0.000006|0.034185|0.003275|0.000135|0.000012|0.003693|0.000495|0.000015|0.000002,-8.947904277662574e-17
1000,alcoholism|sex|spleen|Steatosis|hcv_anti,70,18,0.0008771419525146484,0.0007901191711425781,1.1101388050694025,0.439890|0.001778|0.027269|0.000110|0.056048|0.000213|0.010671|0.000043|0.276543|0.001118|0.017143|0.000069|0.035236|0.000134|0.006709|0.000027|0.057218|0.000231|0.009215|0.000037|0.007642|0.000029|0.003591|0.000014|0.035971|0.000145|0.005793|0.000023|0.004804|0.000018|0.002258|0.000009,0.439890|0.001778|0.027269|0.000110|0.056048|0.000213|0.010671|0.000043|0.276543|0.001118|0.017143|0.000069|0.035236|0.000134|0.006709|0.000027|0.057218|0.000231|0.009215|0.000037|0.007642|0.000029|0.003591|0.000014|0.035971|0.000145|0.005793|0.000023|0.004804|0.000018|0.002258|0.000009,7.672504703307668e-18
1000,proteins|hcv_anti|pain|pain_ruq|palms,70,21,0.001008749008178711,0.0009324550628662109,1.0818205062643824,0.368524|0.064604|0.271082|0.049537|0.105971|0.018565|0.077686|0.014209|0.001488|0.000250|0.001094|0.000192|0.000428|0.000072|0.000314|0.000055|0.010141|0.001492|0.007349|0.001081|0.002917|0.000429|0.002105|0.000310|0.000042|0.000006|0.000030|0.000004|0.000012|0.000002|0.000009|0.000001,0.368524|0.064604|0.271082|0.049537|0.105971|0.018565|0.077686|0.014209|0.001488|0.000250|0.001094|0.000192|0.000428|0.000072|0.000314|0.000055|0.010141|0.001492|0.007349|0.001081|0.002917|0.000429|0.002105|0.000310|0.000042|0.000006|0.000030|0.000004|0.000012|0.000002|0.000009|0.000001,1.0148482495319853e-16
1000,pain_ruq|hbeag|transfusion|le_cells|joints,70,18,0.0007677078247070312,0.0006978511810302734,1.100102494021182,0.392603|0.044197|0.036493|0.004448|0.075614|0.008512|0.007029|0.000857|0.003551|0.000400|0.000330|0.000040|0.000712|0.000080|0.000066|0.000008|0.289993|0.032754|0.027135|0.003318|0.055852|0.006308|0.005226|0.000639|0.002623|0.000296|0.000245|0.000030|0.000526|0.000059|0.000049|0.000006,0.392603|0.044197|0.036493|0.004448|0.075614|0.008512|0.007029|0.000857|0.003551|0.000400|0.000330|0.000040|0.000712|0.000080|0.000066|0.000008|0.289993|0.032754|0.027135|0.003318|0.055852|0.006308|0.005226|0.000639|0.002623|0.000296|0.000245|0.000030|0.000526|0.000059|0.000049|0.000006,-5.5288688344688687e-17
1000,THepatitis|amylase|hbsag|fat|injections,70,14,0.0005831718444824219,0.0005669593811035156,1.0285954583683767,0.003913|0.003220|0.001433|0.001131|0.000431|0.000237|0.000158|0.000083|0.351199|0.266042|0.134307|0.099322|0.038686|0.019581|0.014797|0.007311|0.007970|0.007196|0.002760|0.002363|0.000877|0.000529|0.000304|0.000174|0.000146|0.000120|0.000053|0.000042|0.000016|0.000009|0.000006|0.000003|0.013107|0.009929|0.005012|0.003707|0.001444|0.000731|0.000552|0.000273|0.000297|0.000269|0.000103|0.000088|0.000033|0.000020|0.000011|0.000006,0.003913|0.003220|0.001433|0.001131|0.000431|0.000237|0.000158|0.000083|0.351199|0.266042|0.134307|0.099322|0.038686|0.019581|0.014797|0.007311|0.007970|0.007196|0.002760|0.002363|0.000877|0.000529|0.000304|0.000174|0.000146|0.000120|0.000053|0.000042|0.000016|0.000009|0.000006|0.000003|0.013107|0.009929|0.005012|0.003707|0.001444|0.000731|0.000552|0.000273|0.000297|0.000269|0.000103|0.000088|0.000033|0.000020|0.000011|0.000006,1.0573279906788093e-17
2500,upper_pain|vh_amn|bilirubin|spiders|irregular_liver,70,21,0.0010800361633300781,0.0009014606475830078,1.198095741867231,0.026964|0.004026|0.007193|0.002315|0.238132|0.029830|0.058073|0.011503|0.089626|0.011916|0.022561|0.005569|0.006619|0.000954|0.001707|0.000428|0.005198|0.000847|0.001454|0.000556|0.049400|0.006522|0.012358|0.002883|0.017898|0.002505|0.004612|0.001265|0.001495|0.000250|0.000413|0.000130|0.016412|0.002448|0.004374|0.001400|0.142845|0.017890|0.034835|0.006904|0.053221|0.007078|0.013398|0.003305|0.004149|0.000593|0.001067|0.000266|0.003174|0.000516|0.000886|0.000335|0.029597|0.003904|0.007401|0.001724|0.010653|0.001494|0.002748|0.000757|0.000936|0.000154|0.000257|0.000080,0.026964|0.004026|0.007193|0.002315|0.238132|0.029830|0.058073|0.011503|0.089626|0.011916|0.022561|0.005569|0.006619|0.000954|0.001707|0.000428|0.005198|0.000847|0.001454|0.000556|0.049400|0.006522|0.012358|0.002883|0.017898|0.002505|0.004612|0.001265|0.001495|0.000250|0.000413|0.000130|0.016412|0.002448|0.004374|0.001400|0.142845|0.017890|0.034835|0.006904|0.053221|0.007078|0.013398|0.003305|0.004149|0.000593|0.001067|0.000266|0.003174|0.000516|0.000886|0.000335|0.029597|0.003904|0.007401|0.001724|0.010653|0.001494|0.002748|0.000757|0.000936|0.000154|0.000257|0.000080,1.008935833309259e-16
2500,ast|triglycerides|RHepatitis|vh_amn|age,70,18,0.0008192062377929688,0.0008559226989746094,0.9571030640668524,0.002340|0.006661|0.005791|0.001189|0.000483|0.001375|0.001195|0.000245|0.000050|0.000142|0.000123|0.000025|0.000010|0.000029|0.000025|0.000005|0.048775|0.138863|0.120739|0.024787|0.009937|0.028290|0.024598|0.005050|0.001310|0.003731|0.003244|0.000666|0.000273|0.000778|0.000676|0.000139|0.002183|0.006214|0.005403|0.001109|0.000448|0.001275|0.001109|0.000228|0.000052|0.000147|0.000128|0.000026|0.000011|0.000030|0.000026|0.000005|0.000858|0.002444|0.002125|0.000436|0.000182|0.000518|0.000450|0.000092|0.000014|0.000040|0.000035|0.000007|0.000004|0.000011|0.000009|0.000002|0.024548|0.069887|0.060765|0.012475|0.005058|0.014400|0.012520|0.002570|0.000403|0.001146|0.000997|0.000205|0.000095|0.000271|0.000236|0.000048|0.000927|0.002638|0.002294|0.000471|0.000194|0.000551|0.000479|0.000098|0.000015|0.000043|0.000038|0.000008|0.000004|0.000011|0.000009|0.000002|0.001904|0.005421|0.004713|0.000968|0.000391|0.001113|0.000968|0.000199|0.000055|0.000155|0.000135|0.000028|0.000010|0.000029|0.000025|0.000005|0.033199|0.094518|0.082182|0.016872|0.007007|0.019948|0.017344|0.003561|0.000835|0.002376|0.002066|0.000424|0.000161|0.000458|0.000398|0.000082|0.001653|0.004707|0.004092|0.000840|0.000343|0.000977|0.000849|0.000174|0.000045|0.000129|0.000112|0.000023|0.000009|0.000024|0.000021|0.000004|0.000058|0.000166|0.000145|0.000030|0.000019|0.000055|0.000048|0.000010|0.000006|0.000018|0.000015|0.000003|0.000002|0.000005|0.000005|0.000001|0.001791|0.005098|0.004433|0.000910|0.000562|0.001599|0.001390|0.000285|0.000070|0.000200|0.000174|0.000036|0.000016|0.000046|0.000040|0.000008|0.000065|0.000186|0.000162|0.000033|0.000021|0.000060|0.000052|0.000011|0.000005|0.000013|0.000012|0.000002|0.000001|0.000004|0.000003|0.000001,0.002340|0.006661|0.005791|0.001189|0.000483|0.001375|0.001195|0.000245|0.000050|0.000142|0.000123|0.000025|0.000010|0.000029|0.000025|0.000005|0.048775|0.138863|0.120739|0.024787|0.009937|0.028290|0.024598|0.005050|0.001310|0.003731|0.003244|0.000666|0.000273|0.000778|0.000676|0.000139|0.002183|0.006214|0.005403|0.001109|0.000448|0.001275|0.001109|0.000228|0.000052|0.000147|0.000128|0.000026|0.000011|0.000030|0.000026|0.000005|0.000858|0.002444|0.002125|0.000436|0.000182|0.000518|0.000450|0.000092|0.000014|0.000040|0.000035|0.000007|0.000004|0.000011|0.000009|0.000002|0.024548|0.069887|0.060765|0.012475|0.005058|0.014400|0.012520|0.002570|0.000403|0.001146|0.000997|0.000205|0.000095|0.000271|0.000236|0.000048|0.000927|0.002638|0.002294|0.000471|0.000194|0.000551|0.000479|0.000098|0.000015|0.000043|0.000038|0.000008|0.000004|0.000011|0.000009|0.000002|0.001904|0.005421|0.004713|0.000968|0.000391|0.001113|0.000968|0.000199|0.000055|0.000155|0.000135|0.000028|0.000010|0.000029|0.000025|0.000005|0.033199|0.094518|0.082182|0.016872|0.007007|0.019948|0.017344|0.003561|0.000835|0.002376|0.002066|0.000424|0.000161|0.000458|0.000398|0.000082|0.001653|0.004707|0.004092|0.000840|0.000343|0.000977|0.000849|0.000174|0.000045|0.000129|0.000112|0.000023|0.000009|0.000024|0.000021|0.000004|0.000058|0.000166|0.000145|0.000030|0.000019|0.000055|0.000048|0.000010|0.000006|0.000018|0.000015|0.000003|0.000002|0.000005|0.000005|0.000001|0.001791|0.005098|0.004433|0.000910|0.000562|0.001599|0.001390|0.000285|0.000070|0.000200|0.000174|0.000036|0.000016|0.000046|0.000040|0.000008|0.000065|0.000186|0.000162|0.000033|0.000021|0.000060|0.000052|0.000011|0.000005|0.000013|0.000012|0.000002|0.000001|0.000004|0.000003|0.000001,-3.205253426755576e-16
2500,ESR|age|jaundice|hepatalgia|Steatosis,70,25,0.0012149810791015625,0.0012602806091308594,0.9640559969731366,0.066282|0.007001|0.015543|0.001630|0.022381|0.002660|0.005085|0.000608|0.149314|0.017409|0.040239|0.004639|0.051291|0.006981|0.013736|0.001857|0.123285|0.014896|0.033873|0.004031|0.042875|0.006083|0.011755|0.001645|0.022293|0.002934|0.006187|0.000800|0.008164|0.001259|0.002266|0.000343|0.005604|0.001068|0.001307|0.000262|0.002223|0.000398|0.000511|0.000098|0.036103|0.004050|0.009732|0.001091|0.017056|0.001754|0.004576|0.000473|0.034758|0.003723|0.009549|0.001011|0.016539|0.001648|0.004536|0.000448|0.008711|0.000833|0.002418|0.000227|0.004223|0.000385|0.001172|0.000105|0.007079|0.001065|0.001577|0.000248|0.002640|0.000453|0.000576|0.000101|0.027579|0.003364|0.007372|0.000862|0.012174|0.001530|0.003237|0.000381|0.025285|0.002796|0.006927|0.000743|0.011326|0.001244|0.003097|0.000326|0.005903|0.000562|0.001639|0.000153|0.002740|0.000254|0.000760|0.000069,0.066282|0.007001|0.015543|0.001630|0.022381|0.002660|0.005085|0.000608|0.149314|0.017409|0.040239|0.004639|0.051291|0.006981|0.013736|0.001857|0.123285|0.014896|0.033873|0.004031|0.042875|0.006083|0.011755|0.001645|0.022293|0.002934|0.006187|0.000800|0.008164|0.001259|0.002266|0.000343|0.005604|0.001068|0.001307|0.000262|0.002223|0.000398|0.000511|0.000098|0.036103|0.004050|0.009732|0.001091|0.017056|0.001754|0.004576|0.000473|0.034758|0.003723|0.009549|0.001011|0.016539|0.001648|0.004536|0.000448|0.008711|0.000833|0.002418|0.000227|0.004223|0.000385|0.001172|0.000105|0.007079|0.001065|0.001577|0.000248|0.002640|0.000453|0.000576|0.000101|0.027579|0.003364|0.007372|0.000862|0.012174|0.001530|0.003237|0.000381|0.025285|0.002796|0.006927|0.000743|0.011326|0.001244|0.003097|0.000326|0.005903|0.000562|0.001639|0.000153|0.002740|0.000254|0.000760|0.000069,1.0656993781488124e-16
2500,urea|injections|fatigue|spleen|PBC,70,22,0.0010182857513427734,0.0009815692901611328,1.0374058780665534,0.006285|0.004422|0.000938|0.000657|0.008034|0.005654|0.001269|0.000890|0.004306|0.003029|0.000609|0.000427|0.005268|0.003706|0.000775|0.000544|0.129624|0.075809|0.018182|0.010629|0.165419|0.096741|0.024398|0.014262|0.088969|0.052034|0.011930|0.006975|0.108716|0.063582|0.015092|0.008823|0.008957|0.005325|0.001263|0.000751|0.011433|0.006797|0.001696|0.001008|0.006147|0.003654|0.000828|0.000492|0.007512|0.004466|0.001048|0.000623,0.006285|0.004422|0.000938|0.000657|0.008034|0.005654|0.001269|0.000890|0.004306|0.003029|0.000609|0.000427|0.005268|0.003706|0.000775|0.000544|0.129624|0.075809|0.018182|0.010629|0.165419|0.096741|0.024398|0.014262|0.088969|0.052034|0.011930|0.006975|0.108716|0.063582|0.015092|0.008823|0.008957|0.005325|0.001263|0.000751|0.011433|0.006797|0.001696|0.001008|0.006147|0.003654|0.000828|0.000492|0.007512|0.004466|0.001048|0.000623,1.0589451760968239e-16
2500,flatulence|inr|platelet|RHepatitis|hbeag,70,24,0.001146554946899414,0.0010173320770263672,1.1270213264588704,0.077456|0.000243|0.001872|0.000006|0.348352|0.001114|0.008420|0.000027|0.037783|0.000122|0.000913|0.000003|0.033640|0.000105|0.000813|0.000003|0.004940|0.000017|0.000119|0.000000|0.023326|0.000078|0.000564|0.000002|0.002579|0.000009|0.000062|0.000000|0.002099|0.000007|0.000051|0.000000|0.007971|0.000025|0.000193|0.000001|0.031376|0.000103|0.000759|0.000002|0.003153|0.000011|0.000076|0.000000|0.003511|0.000011|0.000085|0.000000|0.053381|0.000168|0.001290|0.000004|0.240081|0.000768|0.005803|0.000019|0.026040|0.000084|0.000629|0.000002|0.023184|0.000072|0.000560|0.000002|0.003404|0.000011|0.000082|0.000000|0.016077|0.000053|0.000389|0.000001|0.001778|0.000006|0.000043|0.000000|0.001446|0.000005|0.000035|0.000000|0.005494|0.000017|0.000133|0.000000|0.021624|0.000071|0.000523|0.000002|0.002173|0.000007|0.000053|0.000000|0.002419|0.000007|0.000059|0.000000,0.077456|0.000243|0.001872|0.000006|0.348352|0.001114|0.008420|0.000027|0.037783|0.000122|0.000913|0.000003|0.033640|0.000105|0.000813|0.000003|0.004940|0.000017|0.000119|0.000000|0.023326|0.000078|0.000564|0.000002|0.002579|0.000009|0.000062|0.000000|0.002099|0.000007|0.000051|0.000000|0.007971|0.000025|0.000193|0.000001|0.031376|0.000103|0.000759|0.000002|0.003153|0.000011|0.000076|0.000000|0.003511|0.000011|0.000085|0.000000|0.053381|0.000168|0.001290|0.000004|0.240081|0.000768|0.005803|0.000019|0.026040|0.000084|0.000629|0.000002|0.023184|0.000072|0.000560|0.000002|0.003404|0.000011|0.000082|0.000000|0.016077|0.000053|0.000389|0.000001|0.001778|0.000006|0.000043|0.000000|0.001446|0.000005|0.000035|0.000000|0.005494|0.000017|0.000133|0.000000|0.021624|0.000071|0.000523|0.000002|0.002173|0.000007|0.000053|0.000000|0.002419|0.000007|0.000059|0.000000,-7.725432157554018e-17
2500,edema|phosphatase|nausea|edge|pain,70,23,0.0010859966278076172,0.0009462833404541016,1.1476442428823381,0.188267|0.054746|0.065622|0.019082|0.075588|0.021980|0.026346|0.007661|0.059381|0.017268|0.019337|0.005623|0.023305|0.006777|0.007597|0.002209|0.107406|0.031233|0.037414|0.010880|0.042447|0.012343|0.014803|0.004305|0.028242|0.008212|0.012659|0.003681|0.011339|0.003297|0.005083|0.001478|0.008856|0.002575|0.003437|0.000999|0.003475|0.001011|0.001351|0.000393|0.016162|0.004700|0.007312|0.002126|0.006390|0.001858|0.002899|0.000843,0.188267|0.054746|0.065622|0.019082|0.075588|0.021980|0.026346|0.007661|0.059381|0.017268|0.019337|0.005623|0.023305|0.006777|0.007597|0.002209|0.107406|0.031233|0.037414|0.010880|0.042447|0.012343|0.014803|0.004305|0.028242|0.008212|0.012659|0.003681|0.011339|0.003297|0.005083|0.001478|0.008856|0.002575|0.003437|0.000999|0.003475|0.001011|0.001351|0.000393|0.016162|0.004700|0.007312|0.002126|0.006390|0.001858|0.002899|0.000843,-2.1529594541763144e-17
2500,ChHepatitis|edge|hcv_anti|ascites|bilirubin,70,22,0.0009853839874267578,0.0010213851928710938,0.9647525676937442,0.041515|0.341210|0.131271|0.008856|0.006789|0.055835|0.021468|0.001449|0.000143|0.001177|0.000453|0.000030|0.000023|0.000193|0.000074|0.000005|0.015705|0.110151|0.046575|0.002891|0.002549|0.017984|0.007568|0.000471|0.000054|0.000380|0.000161|0.000010|0.000009|0.000062|0.000026|0.000002|0.003173|0.049980|0.016660|0.002473|0.000516|0.008162|0.002725|0.000406|0.000000|0.000000|0.000000|0.000000|0.000000|0.000000|0.000000|0.000000|0.003019|0.025692|0.007676|0.001388|0.000480|0.004135|0.001244|0.000226|0.000000|0.000000|0.000000|0.000000|0.000000|0.000000|0.000000|0.000000|0.002545|0.025417|0.007577|0.000789|0.000416|0.004160|0.001238|0.000129|0.000000|0.000000|0.000000|0.000000|0.000000|0.000000|0.000000|0.000000|0.000997|0.007961|0.003349|0.000321|0.000161|0.001302|0.000541|0.000052|0.000000|0.000000|0.000000|0.000000|0.000000|0.000000|0.000000|0.000000,0.041515|0.341210|0.131271|0.008856|0.006789|0.055835|0.021468|0.001449|0.000143|0.001177|0.000453|0.000030|0.000023|0.000193|0.000074|0.000005|0.015705|0.110151|0.046575|0.002891|0.002549|0.017984|0.007568|0.000471|0.000054|0.000380|0.000161|0.000010|0.000009|0.000062|0.000026|0.000002|0.003173|0.049980|0.016660|0.002473|0.000516|0.008162|0.002725|0.000406|0.000000|0.000000|0.000000|0.000000|0.000000|0.000000|0.000000|0.000000|0.003019|0.025692|0.007676|0.001388|0.000480|0.004135|0.001244|0.000226|0.000000|0.000000|0.000000|0.000000|0.000000|0.000000|0.000000|0.000000|0.002545|0.025417|0.007577|0.000789|0.000416|0.004160|0.001238|0.000129|0.000000|0.000000|0.000000|0.000000|0.000000|0.000000|0.000000|0.000000|0.000997|0.007961|0.003349|0.000321|0.000161|0.001302|0.000541|0.000052|0.000000|0.000000|0.000000|0.000000|0.000000|0.000000|0.000000|0.000000,0.0
2500,ascites|pressure_ruq|Cirrhosis|nausea|hepatomegaly,70,25,0.0011091232299804688,0.001119852066040039,0.9904194166489249,0.113918|0.237604|0.045128|0.094788|0.002547|0.005234|0.001020|0.002091|0.006798|0.013941|0.002726|0.005570|0.071116|0.146396|0.028172|0.058403|0.001554|0.003150|0.000622|0.001258|0.004148|0.008396|0.001664|0.003354|0.018643|0.038885|0.007385|0.015513|0.000423|0.000869|0.000169|0.000347|0.001066|0.002185|0.000427|0.000873|0.011639|0.023959|0.004611|0.009558|0.000258|0.000523|0.000103|0.000209|0.000650|0.001316|0.000261|0.000526,0.113918|0.237604|0.045128|0.094788|0.002547|0.005234|0.001020|0.002091|0.006798|0.013941|0.002726|0.005570|0.071116|0.146396|0.028172|0.058403|0.001554|0.003150|0.000622|0.001258|0.004148|0.008396|0.001664|0.003354|0.018643|0.038885|0.007385|0.015513|0.000423|0.000869|0.000169|0.000347|0.001066|0.002185|0.000427|0.000873|0.011639|0.023959|0.004611|0.009558|0.000258|0.000523|0.000103|0.000209|0.000650|0.001316|0.000261|0.000526,-1.6653217986552825e-17
2500,anorexia|le_cells|THepatitis|proteins|surgery,70,21,0.0008738040924072266,0.000850677490234375,1.0271860986547086,0.363860|0.270924|0.005917|0.004409|0.017699|0.013179|0.000286|0.000213|0.031591|0.023522|0.000514|0.000383|0.001537|0.001144|0.000025|0.000018|0.130754|0.097358|0.002126|0.001584|0.006659|0.004958|0.000108|0.000080|0.011352|0.008453|0.000185|0.000138|0.000578|0.000430|0.000009|0.000007,0.363860|0.270924|0.005917|0.004409|0.017699|0.013179|0.000286|0.000213|0.031591|0.023522|0.000514|0.000383|0.001537|0.001144|0.000025|0.000018|0.130754|0.097358|0.002126|0.001584|0.006659|0.004958|0.000108|0.000080|0.011352|0.008453|0.000185|0.000138|0.000578|0.000430|0.000009|0.000007,-1.5343421696929976e-16
2500,amylase|pain|hbc_anti|cholesterol|encephalopathy,70,21,0.0010066032409667969,0.0009047985076904297,1.1125164690382081,0.006175|0.000187|0.001579|0.000069|0.000414|0.000021|0.000619|0.000019|0.000162|0.000007|0.000042|0.000002|0.001882|0.000052|0.000407|0.000016|0.000094|0.000005|0.000189|0.000005|0.000042|0.000002|0.000010|0.000000|0.496620|0.015018|0.126861|0.005521|0.033298|0.001701|0.049760|0.001489|0.013037|0.000564|0.003405|0.000174|0.151383|0.004173|0.032669|0.001316|0.007534|0.000378|0.015187|0.000414|0.003358|0.000135|0.000767|0.000039|0.011936|0.000361|0.003055|0.000133|0.000801|0.000041|0.001197|0.000036|0.000314|0.000014|0.000082|0.000004|0.003639|0.000100|0.000787|0.000032|0.000181|0.000009|0.000365|0.000010|0.000081|0.000003|0.000018|0.000001,0.006175|0.000187|0.001579|0.000069|0.000414|0.000021|0.000619|0.000019|0.000162|0.000007|0.000042|0.000002|0.001882|0.000052|0.000407|0.000016|0.000094|0.000005|0.000189|0.000005|0.000042|0.000002|0.000010|0.000000|0.496620|0.015018|0.126861|0.005521|0.033298|0.001701|0.049760|0.001489|0.013037|0.000564|0.003405|0.000174|0.151383|0.004173|0.032669|0.001316|0.007534|0.000378|0.015187|0.000414|0.003358|0.000135|0.000767|0.000039|0.011936|0.000361|0.003055|0.000133|0.000801|0.000041|0.001197|0.000036|0.000314|0.000014|0.000082|0.000004|0.003639|0.000100|0.000787|0.000032|0.000181|0.000009|0.000365|0.000010|0.000081|0.000003|0.000018|0.000001,9.324316580687092e-17
2500,density|ast|alcoholism|jaundice|skin,70,26,0.001291513442993164,0.0013010501861572266,0.9926699651823346,0.113503|0.059730|0.032743|0.033163|0.018677|0.010154|0.005424|0.005721|0.057284|0.029665|0.016472|0.016385|0.008100|0.004271|0.002338|0.002390|0.077775|0.040757|0.022418|0.022678|0.013916|0.007478|0.004032|0.004216|0.004618|0.002326|0.001320|0.001301|0.000726|0.000377|0.000209|0.000220|0.069147|0.036680|0.019980|0.020471|0.011410|0.006263|0.003320|0.003549|0.034898|0.018200|0.010049|0.010103|0.004944|0.002628|0.001429|0.001479|0.047380|0.025029|0.013679|0.014002|0.008501|0.004610|0.002468|0.002615|0.002812|0.001425|0.000805|0.000803|0.000442|0.000231|0.000127|0.000136,0.113503|0.059730|0.032743|0.033163|0.018677|0.010154|0.005424|0.005721|0.057284|0.029665|0.016472|0.016385|0.008100|0.004271|0.002338|0.002390|0.077775|0.040757|0.022418|0.022678|0.013916|0.007478|0.004032|0.004216|0.004618|0.002326|0.001320|0.001301|0.000726|0.000377|0.000209|0.000220|0.069147|0.036680|0.019980|0.020471|0.011410|0.006263|0.003320|0.003549|0.034898|0.018200|0.010049|0.010103|0.004944|0.002628|0.001429|0.001479|0.047380|0.025029|0.013679|0.014002|0.008501|0.004610|0.002468|0.002615|0.002812|0.001425|0.000805|0.000803|0.000442|0.000231|0.000127|0.000136,1.2668296322125762e-16
2500,ChHepatitis|Hyperbilirubinemia|injections|density|vh_amn,70,18,0.0008060932159423828,0.0007898807525634766,1.0205252037428312,0.227379|0.033574|0.139049|0.020532|0.172644|0.031491|0.105577|0.019258|0.019955|0.002947|0.012110|0.001788|0.015151|0.002764|0.009195|0.001677|0.038765|0.015057|0.023925|0.009293|0.012672|0.006261|0.007821|0.003864|0.003403|0.001322|0.002083|0.000809|0.001112|0.000550|0.000681|0.000336|0.017260|0.010379|0.010562|0.006351|0.003321|0.001530|0.002032|0.000936|0.001515|0.000911|0.000920|0.000553|0.000291|0.000134|0.000177|0.000082,0.227379|0.033574|0.139049|0.020532|0.172644|0.031491|0.105577|0.019258|0.019955|0.002947|0.012110|0.001788|0.015151|0.002764|0.009195|0.001677|0.038765|0.015057|0.023925|0.009293|0.012672|0.006261|0.007821|0.003864|0.003403|0.001322|0.002083|0.000809|0.001112|0.000550|0.000681|0.000336|0.017260|0.010379|0.010562|0.006351|0.003321|0.001530|0.002032|0.000936|0.001515|0.000911|0.000920|0.000553|0.000291|0.000134|0.000177|0.000082,3.3380729859575144e-18
2500,encephalopathy|Cirrhosis|alt|hepatomegaly|fibrosis,70,22,0.0012822151184082031,0.0010635852813720703,1.205559291638646,0.052112|0.000573|0.107384|0.001178|0.106788|0.000544|0.223089|0.001140|0.015128|0.000337|0.031073|0.000707|0.115451|0.001053|0.239986|0.002185|0.000570|0.000768|0.001115|0.001585|0.001878|0.000846|0.003856|0.001752|0.000108|0.000180|0.000158|0.000383|0.001413|0.000752|0.002882|0.001553|0.001246|0.000734|0.002521|0.001500|0.005193|0.001639|0.010453|0.003370|0.000352|0.000382|0.000652|0.000781|0.003247|0.003480|0.006593|0.007282|0.001539|0.000017|0.003251|0.000036|0.003154|0.000016|0.006753|0.000034|0.000447|0.000010|0.000941|0.000021|0.003412|0.000031|0.007263|0.000066|0.000016|0.000022|0.000033|0.000048|0.000053|0.000024|0.000115|0.000053|0.000003|0.000005|0.000005|0.000011|0.000040|0.000021|0.000086|0.000047|0.000112|0.000066|0.000229|0.000136|0.000468|0.000148|0.000949|0.000306|0.000032|0.000034|0.000059|0.000071|0.000293|0.000314|0.000598|0.000661,0.052112|0.000573|0.107384|0.001178|0.106788|0.000544|0.223089|0.001140|0.015128|0.000337|0.031073|0.000707|0.115451|0.001053|0.239986|0.002185|0.000570|0.000768|0.001115|0.001585|0.001878|0.000846|0.003856|0.001752|0.000108|0.000180|0.000158|0.000383|0.001413|0.000752|0.002882|0.001553|0.001246|0.000734|0.002521|0.001500|0.005193|0.001639|0.010453|0.003370|0.000352|0.000382|0.000652|0.000781|0.003247|0.003480|0.006593|0.007282|0.001539|0.000017|0.003251|0.000036|0.003154|0.000016|0.006753|0.000034|0.000447|0.000010|0.000941|0.000021|0.003412|0.000031|0.007263|0.000066|0.000016|0.000022|0.000033|0.000048|0.000053|0.000024|0.000115|0.000053|0.000003|0.000005|0.000005|0.000011|0.000040|0.000021|0.000086|0.000047|0.000112|0.000066|0.000229|0.000136|0.000468|0.000148|0.000949|0.000306|0.000032|0.000034|0.000059|0.000071|0.000293|0.000314|0.000598|0.000661,9.315283261669272e-18
2500,PBC|edema|choledocholithotomy|anorexia|ascites,70,22,0.0009315013885498047,0.0008883476257324219,1.0485775630703167,0.292321|0.047774|0.105275|0.017205|0.050001|0.008172|0.018007|0.002943|0.047002|0.007648|0.016928|0.002754|0.008009|0.001303|0.002885|0.000469|0.172642|0.028215|0.062174|0.010161|0.029530|0.004826|0.010635|0.001738|0.027759|0.004517|0.009997|0.001627|0.004730|0.000770|0.001704|0.000277,0.292321|0.047774|0.105275|0.017205|0.050001|0.008172|0.018007|0.002943|0.047002|0.007648|0.016928|0.002754|0.008009|0.001303|0.002885|0.000469|0.172642|0.028215|0.062174|0.010161|0.029530|0.004826|0.010635|0.001738|0.027759|0.004517|0.009997|0.001627|0.004730|0.000770|0.001704|0.000277,-4.905127404525308e-17
2500,consciousness|platelet|hbsag_anti|phosphatase|fat,70,25,0.0011837482452392578,0.0010979175567626953,1.0781758957654723,0.058640|0.021925|0.017545|0.006548|0.033273|0.012428|0.001122|0.000420|0.000322|0.000120|0.000626|0.000234|0.260387|0.097346|0.080481|0.030031|0.148043|0.055288|0.004916|0.001838|0.001468|0.000547|0.002760|0.001031|0.028023|0.010476|0.008817|0.003290|0.015979|0.005967|0.000526|0.000197|0.000160|0.000060|0.000296|0.000111|0.025341|0.009476|0.007572|0.002826|0.014483|0.005409|0.000489|0.000183|0.000140|0.000052|0.000272|0.000102|0.001391|0.000520|0.000407|0.000152|0.000791|0.000295|0.000027|0.000010|0.000008|0.000003|0.000015|0.000006|0.005870|0.002195|0.001790|0.000668|0.003342|0.001248|0.000112|0.000042|0.000033|0.000012|0.000062|0.000023|0.000617|0.000231|0.000192|0.000071|0.000352|0.000131|0.000012|0.000004|0.000004|0.000001|0.000007|0.000002|0.000678|0.000254|0.000197|0.000074|0.000389|0.000145|0.000013|0.000005|0.000004|0.000001|0.000007|0.000003,0.058640|0.021925|0.017545|0.006548|0.033273|0.012428|0.001122|0.000420|0.000322|0.000120|0.000626|0.000234|0.260387|0.097346|0.080481|0.030031|0.148043|0.055288|0.004916|0.001838|0.001468|0.000547|0.002760|0.001031|0.028023|0.010476|0.008817|0.003290|0.015979|0.005967|0.000526|0.000197|0.000160|0.000060|0.000296|0.000111|0.025341|0.009476|0.007572|0.002826|0.014483|0.005409|0.000489|0.000183|0.000140|0.000052|0.000272|0.000102|0.001391|0.000520|0.000407|0.000152|0.000791|0.000295|0.000027|0.000010|0.000008|0.000003|0.000015|0.000006|0.005870|0.002195|0.001790|0.000668|0.003342|0.001248|0.000112|0.000042|0.000033|0.000012|0.000062|0.000023|0.000617|0.000231|0.000192|0.000071|0.000352|0.000131|0.000012|0.000004|0.000004|0.000001|0.000007|0.000002|0.000678|0.000254|0.000197|0.000074|0.000389|0.000145|0.000013|0.000005|0.000004|0.000001|0.000007|0.000003,-8.957764127442257e-17
2500,fatigue|hbc_anti|spleen|platelet|skin,70,26,0.0012772083282470703,0.0012836456298828125,0.9949851411589896,0.032674|0.021432|0.153763|0.094527|0.017129|0.009999|0.012563|0.010562|0.004974|0.003628|0.019735|0.013100|0.002026|0.001269|0.002158|0.001899|0.003317|0.002183|0.015644|0.009654|0.001744|0.001023|0.001272|0.001076|0.000495|0.000361|0.001983|0.001318|0.000205|0.000129|0.000213|0.000189|0.041311|0.026989|0.193200|0.118217|0.021460|0.012461|0.015998|0.013249|0.006677|0.004832|0.025834|0.017055|0.002621|0.001626|0.002969|0.002512|0.004128|0.002708|0.019366|0.011907|0.002154|0.001258|0.001593|0.001331|0.000649|0.000470|0.002546|0.001684|0.000260|0.000162|0.000285|0.000245,0.032674|0.021432|0.153763|0.094527|0.017129|0.009999|0.012563|0.010562|0.004974|0.003628|0.019735|0.013100|0.002026|0.001269|0.002158|0.001899|0.003317|0.002183|0.015644|0.009654|0.001744|0.001023|0.001272|0.001076|0.000495|0.000361|0.001983|0.001318|0.000205|0.000129|0.000213|0.000189|0.041311|0.026989|0.193200|0.118217|0.021460|0.012461|0.015998|0.013249|0.006677|0.004832|0.025834|0.017055|0.002621|0.001626|0.002969|0.002512|0.004128|0.002708|0.019366|0.011907|0.002154|0.001258|0.001593|0.001331|0.000649|0.000470|0.002546|0.001684|0.000260|0.000162|0.000285|0.000245,-7.574977154521122e-17
2500,ChHepatitis|proteins|gallstones|injections|pressure_ruq,70,18,0.0007653236389160156,0.0007543563842773438,1.0145385587863465,0.231753|0.162985|0.167998|0.118149|0.041041|0.014169|0.048937|0.016896|0.003804|0.002675|0.002758|0.001939|0.000674|0.000233|0.000803|0.000277|0.051216|0.030794|0.016652|0.010012|0.007454|0.003770|0.004074|0.002061|0.000781|0.000470|0.000254|0.000153|0.000114|0.000058|0.000062|0.000031|0.027849|0.014159|0.004509|0.002293|0.005314|0.000351|0.001468|0.000097|0.000455|0.000231|0.000074|0.000037|0.000087|0.000006|0.000024|0.000002,0.231753|0.162985|0.167998|0.118149|0.041041|0.014169|0.048937|0.016896|0.003804|0.002675|0.002758|0.001939|0.000674|0.000233|0.000803|0.000277|0.051216|0.030794|0.016652|0.010012|0.007454|0.003770|0.004074|0.002061|0.000781|0.000470|0.000254|0.000153|0.000114|0.000058|0.000062|0.000031|0.027849|0.014159|0.004509|0.002293|0.005314|0.000351|0.001468|0.000097|0.000455|0.000231|0.000074|0.000037|0.000087|0.000006|0.000024|0.000002,6.31143739167382e-17
2500,urea|skin|nausea|ast|ggtp,70,27,0.0015501976013183594,0.0015292167663574219,1.013719987527284,0.001223|0.001065|0.001098|0.005628|0.000613|0.000535|0.000564|0.002754|0.000855|0.000720|0.000743|0.003924|0.000050|0.000050|0.000047|0.000214|0.000481|0.000425|0.000436|0.002249|0.000240|0.000211|0.000222|0.001086|0.000337|0.000289|0.000298|0.001577|0.000020|0.000020|0.000019|0.000086|0.000827|0.000928|0.000914|0.003392|0.000399|0.000460|0.000453|0.001615|0.000570|0.000632|0.000631|0.002348|0.000033|0.000039|0.000036|0.000123|0.000327|0.000370|0.000364|0.001353|0.000157|0.000182|0.000178|0.000637|0.000226|0.000253|0.000255|0.000941|0.000014|0.000016|0.000015|0.000049|0.023548|0.019547|0.020485|0.111335|0.011848|0.009778|0.010527|0.054596|0.016518|0.013202|0.013745|0.077651|0.000958|0.000927|0.000873|0.004274|0.009259|0.007809|0.008127|0.044499|0.004639|0.003856|0.004133|0.021516|0.006505|0.005305|0.005503|0.031214|0.000383|0.000378|0.000353|0.001722|0.015106|0.016364|0.016288|0.064051|0.007356|0.008113|0.008109|0.030772|0.010452|0.011124|0.011191|0.044335|0.000615|0.000698|0.000648|0.002362|0.005970|0.006524|0.006488|0.025558|0.002885|0.003201|0.003187|0.012136|0.004136|0.004455|0.004522|0.017779|0.000248|0.000284|0.000264|0.000953|0.001637|0.001364|0.001428|0.007720|0.000823|0.000683|0.000734|0.003785|0.001148|0.000922|0.000959|0.005384|0.000067|0.000065|0.000061|0.000296|0.000644|0.000545|0.000566|0.003086|0.000322|0.000269|0.000288|0.001492|0.000452|0.000370|0.000384|0.002164|0.000027|0.000026|0.000025|0.000119|0.001055|0.001146|0.001140|0.004459|0.000513|0.000568|0.000567|0.002141|0.000730|0.000779|0.000784|0.003087|0.000043|0.000049|0.000045|0.000164|0.000417|0.000457|0.000454|0.001779|0.000201|0.000224|0.000223|0.000844|0.000289|0.000312|0.000317|0.001238|0.000017|0.000020|0.000018|0.000066,0.001223|0.001065|0.001098|0.005628|0.000613|0.000535|0.000564|0.002754|0.000855|0.000720|0.000743|0.003924|0.000050|0.000050|0.000047|0.000214|0.000481|0.000425|0.000436|0.002249|0.000240|0.000211|0.000222|0.001086|0.000337|0.000289|0.000298|0.001577|0.000020|0.000020|0.000019|0.000086|0.000827|0.000928|0.000914|0.003392|0.000399|0.000460|0.000453|0.001615|0.000570|0.000632|0.000631|0.002348|0.000033|0.000039|0.000036|0.000123|0.000327|0.000370|0.000364|0.001353|0.000157|0.000182|0.000178|0.000637|0.000226|0.000253|0.000255|0.000941|0.000014|0.000016|0.000015|0.000049|0.023548|0.019547|0.020485|0.111335|0.011848|0.009778|0.010527|0.054596|0.016518|0.013202|0.013745|0.077651|0.000958|0.000927|0.000873|0.004274|0.009259|0.007809|0.008127|0.044499|0.004639|0.003856|0.004133|0.021516|0.006505|0.005305|0.005503|0.031214|0.000383|0.000378|0.000353|0.001722|0.015106|0.016364|0.016288|0.064051|0.007356|0.008113|0.008109|0.030772|0.010452|0.011124|0.011191|0.044335|0.000615|0.000698|0.000648|0.002362|0.005970|0.006524|0.006488|0.025558|0.002885|0.003201|0.003187|0.012136|0.004136|0.004455|0.004522|0.017779|0.000248|0.000284|0.000264|0.000953|0.001637|0.001364|0.001428|0.007720|0.000823|0.000683|0.000734|0.003785|0.001148|0.000922|0.000959|0.005384|0.000067|0.000065|0.000061|0.000296|0.000644|0.000545|0.000566|0.003086|0.000322|0.000269|0.000288|0.001492|0.000452|0.000370|0.000384|0.002164|0.000027|0.000026|0.000025|0.000119|0.001055|0.001146|0.001140|0.004459|0.000513|0.000568|0.000567|0.002141|0.000730|0.000779|0.000784|0.003087|0.000043|0.000049|0.000045|0.000164|0.000417|0.000457|0.000454|0.001779|0.000201|0.000224|0.000223|0.000844|0.000289|0.000312|0.000317|0.001238|0.000017|0.000020|0.000018|0.000066,8.750848606672436e-17
2500,consciousness|ggtp|fibrosis|phosphatase|vh_amn,70,23,0.0011646747589111328,0.001112222671508789,1.0471596998928188,0.054868|0.013181|0.017674|0.002988|0.031946|0.006335|0.002453|0.001022|0.000306|0.000128|0.000848|0.000351|0.050907|0.011165|0.016277|0.002744|0.029803|0.005736|0.002716|0.001121|0.000342|0.000140|0.001017|0.000417|0.052182|0.011405|0.017599|0.002952|0.030860|0.005843|0.002204|0.000911|0.000284|0.000117|0.000839|0.000344|0.249841|0.053821|0.082876|0.013848|0.148944|0.028034|0.009558|0.003950|0.001206|0.000496|0.003538|0.001447|0.001258|0.000303|0.000398|0.000068|0.000735|0.000146|0.000082|0.000034|0.000011|0.000004|0.000027|0.000011|0.001293|0.000284|0.000415|0.000070|0.000768|0.000148|0.000093|0.000038|0.000013|0.000005|0.000034|0.000014|0.001304|0.000284|0.000434|0.000073|0.000769|0.000145|0.000074|0.000030|0.000010|0.000004|0.000027|0.000011|0.005337|0.001147|0.001759|0.000294|0.003231|0.000607|0.000295|0.000122|0.000040|0.000016|0.000103|0.000042,0.054868|0.013181|0.017674|0.002988|0.031946|0.006335|0.002453|0.001022|0.000306|0.000128|0.000848|0.000351|0.050907|0.011165|0.016277|0.002744|0.029803|0.005736|0.002716|0.001121|0.000342|0.000140|0.001017|0.000417|0.052182|0.011405|0.017599|0.002952|0.030860|0.005843|0.002204|0.000911|0.000284|0.000117|0.000839|0.000344|0.249841|0.053821|0.082876|0.013848|0.148944|0.028034|0.009558|0.003950|0.001206|0.000496|0.003538|0.001447|0.001258|0.000303|0.000398|0.000068|0.000735|0.000146|0.000082|0.000034|0.000011|0.000004|0.000027|0.000011|0.001293|0.000284|0.000415|0.000070|0.000768|0.000148|0.000093|0.000038|0.000013|0.000005|0.000034|0.000014|0.001304|0.000284|0.000434|0.000073|0.000769|0.000145|0.000074|0.000030|0.000010|0.000004|0.000027|0.000011|0.005337|0.001147|0.001759|0.000294|0.003231|0.000607|0.000295|0.000122|0.000040|0.000016|0.000103|0.000042,1.3140825332440167e-16
2500,consciousness|alcoholism|sex|Cirrhosis|fatigue,70,21,0.0009074211120605469,0.0008230209350585938,1.1025492468134415,0.204141|0.252241|0.003509|0.005199|0.008985|0.013316|0.147041|0.181686|0.002546|0.003772|0.006466|0.009582|0.030283|0.039877|0.001171|0.001680|0.003233|0.004609|0.021813|0.028723|0.000849|0.001219|0.002327|0.003317|0.004883|0.006034|0.000094|0.000139|0.000372|0.000552|0.002837|0.003505|0.000038|0.000056|0.000244|0.000361|0.000724|0.000954|0.000031|0.000045|0.000134|0.000191|0.000421|0.000554|0.000013|0.000018|0.000088|0.000125,0.204141|0.252241|0.003509|0.005199|0.008985|0.013316|0.147041|0.181686|0.002546|0.003772|0.006466|0.009582|0.030283|0.039877|0.001171|0.001680|0.003233|0.004609|0.021813|0.028723|0.000849|0.001219|0.002327|0.003317|0.004883|0.006034|0.000094|0.000139|0.000372|0.000552|0.002837|0.003505|0.000038|0.000056|0.000244|0.000361|0.000724|0.000954|0.000031|0.000045|0.000134|0.000191|0.000421|0.000554|0.000013|0.000018|0.000088|0.000125,1.2153322344159376e-16
2500,pain|bilirubin|fat|ast|hepatalgia,70,26,0.0014035701751708984,0.0012669563293457031,1.107828377869778,0.016471|0.004398|0.007882|0.002094|0.011566|0.003092|0.000533|0.000141|0.005908|0.001585|0.002836|0.000758|0.004136|0.001111|0.000187|0.000050|0.128625|0.034502|0.063924|0.017074|0.089308|0.023989|0.005246|0.001398|0.047999|0.012876|0.023888|0.006381|0.033355|0.008960|0.001982|0.000528|0.051189|0.013328|0.024542|0.006352|0.034977|0.009124|0.001932|0.000509|0.019588|0.005086|0.009350|0.002412|0.013388|0.003483|0.000727|0.000191|0.004183|0.001076|0.002048|0.000525|0.002907|0.000747|0.000250|0.000066|0.001393|0.000366|0.000687|0.000180|0.000968|0.000254|0.000089|0.000024|0.004029|0.001073|0.001931|0.000511|0.002819|0.000751|0.000130|0.000034|0.001454|0.000390|0.000699|0.000186|0.001014|0.000272|0.000046|0.000012|0.039603|0.010603|0.019667|0.005242|0.027508|0.007376|0.001600|0.000425|0.014744|0.003948|0.007333|0.001955|0.010251|0.002748|0.000603|0.000160|0.013700|0.003527|0.006547|0.001674|0.009356|0.002413|0.000529|0.000138|0.005271|0.001353|0.002507|0.000639|0.003599|0.000926|0.000199|0.000052|0.001007|0.000254|0.000490|0.000123|0.000697|0.000175|0.000058|0.000015|0.000325|0.000084|0.000159|0.000041|0.000225|0.000058|0.000020|0.000005,0.016471|0.004398|0.007882|0.002094|0.011566|0.003092|0.000533|0.000141|0.005908|0.001585|0.002836|0.000758|0.004136|0.001111|0.000187|0.000050|0.128625|0.034502|0.063924|0.017074|0.089308|0.023989|0.005246|0.001398|0.047999|0.012876|0.023888|0.006381|0.033355|0.008960|0.001982|0.000528|0.051189|0.013328|0.024542|0.006352|0.034977|0.009124|0.001932|0.000509|0.019588|0.005086|0.009350|0.002412|0.013388|0.003483|0.000727|0.000191|0.004183|0.001076|0.002048|0.000525|0.002907|0.000747|0.000250|0.000066|0.001393|0.000366|0.000687|0.000180|0.000968|0.000254|0.000089|0.000024|0.004029|0.001073|0.001931|0.000511|0.002819|0.000751|0.000130|0.000034|0.001454|0.000390|0.000699|0.000186|0.001014|0.000272|0.000046|0.000012|0.039603|0.010603|0.019667|0.005242|0.027508|0.007376|0.001600|0.000425|0.014744|0.003948|0.007333|0.001955|0.010251|0.002748|0.000603|0.000160|0.013700|0.003527|0.006547|0.001674|0.009356|0.002413|0.000529|0.000138|0.005271|0.001353|0.002507|0.000639|0.003599|0.000926|0.000199|0.000052|0.001007|0.000254|0.000490|0.000123|0.000697|0.000175|0.000058|0.000015|0.000325|0.000084|0.000159|0.000041|0.000225|0.000058|0.000020|0.000005,6.689078800336908e-17
2500,fatigue|ggtp|RHepatitis|Cirrhosis|obesity,70,21,0.0010023117065429688,0.0010333061218261719,0.9700046146746655,0.050228|0.004262|0.000999|0.000140|0.002645|0.000388|0.001521|0.000122|0.000072|0.000006|0.000183|0.000016|0.046193|0.003884|0.000958|0.000123|0.002518|0.000337|0.000693|0.000057|0.000015|0.000002|0.000038|0.000005|0.049242|0.004027|0.000680|0.000083|0.001697|0.000219|0.000689|0.000060|0.000015|0.000002|0.000041|0.000007|0.228556|0.019379|0.004462|0.000615|0.011835|0.001706|0.002975|0.000257|0.000069|0.000010|0.000186|0.000028|0.060714|0.005162|0.001453|0.000195|0.003840|0.000534|0.002286|0.000185|0.000058|0.000006|0.000148|0.000015|0.057988|0.004877|0.001490|0.000178|0.003914|0.000485|0.001595|0.000131|0.000020|0.000003|0.000051|0.000007|0.060042|0.004922|0.001085|0.000126|0.002743|0.000333|0.002350|0.000198|0.000035|0.000005|0.000091|0.000014|0.280619|0.023776|0.006477|0.000837|0.017130|0.002306|0.008039|0.000689|0.000141|0.000022|0.000381|0.000061,0.050228|0.004262|0.000999|0.000140|0.002645|0.000388|0.001521|0.000122|0.000072|0.000006|0.000183|0.000016|0.046193|0.003884|0.000958|0.000123|0.002518|0.000337|0.000693|0.000057|0.000015|0.000002|0.000038|0.000005|0.049242|0.004027|0.000680|0.000083|0.001697|0.000219|0.000689|0.000060|0.000015|0.000002|0.000041|0.000007|0.228556|0.019379|0.004462|0.000615|0.011835|0.001706|0.002975|0.000257|0.000069|0.000010|0.000186|0.000028|0.060714|0.005162|0.001453|0.000195|0.003840|0.000534|0.002286|0.000185|0.000058|0.000006|0.000148|0.000015|0.057988|0.004877|0.001490|0.000178|0.003914|0.000485|0.001595|0.000131|0.000020|0.000003|0.000051|0.000007|0.060042|0.004922|0.001085|0.000126|0.002743|0.000333|0.002350|0.000198|0.000035|0.000005|0.000091|0.000014|0.280619|0.023776|0.006477|0.000837|0.017130|0.002306|0.008039|0.000689|0.000141|0.000022|0.000381|0.000061,3.258640202060216e-17
2500,bilirubin|vh_amn|hbeag|upper_pain|sex,70,20,0.0009181499481201172,0.0009326934814453125,0.9844069529652352,0.031207|0.009135|0.019040|0.005498|0.000122|0.000033|0.000075|0.000020|0.006176|0.001878|0.003776|0.001134|0.000000|0.000000|0.000000|0.000000|0.173843|0.162379|0.104066|0.097621|0.000668|0.000648|0.000399|0.000389|0.037042|0.034121|0.022148|0.020478|0.000000|0.000000|0.000000|0.000000|0.087326|0.041859|0.052038|0.024675|0.000342|0.000145|0.000203|0.000085|0.017694|0.008586|0.010563|0.005090|0.000000|0.000000|0.000000|0.000000|0.007804|0.001867|0.004811|0.001240|0.000030|0.000007|0.000019|0.000005|0.001862|0.000426|0.001146|0.000281|0.000000|0.000000|0.000000|0.000000,0.031207|0.009135|0.019040|0.005498|0.000122|0.000033|0.000075|0.000020|0.006176|0.001878|0.003776|0.001134|0.000000|0.000000|0.000000|0.000000|0.173843|0.162379|0.104066|0.097621|0.000668|0.000648|0.000399|0.000389|0.037042|0.034121|0.022148|0.020478|0.000000|0.000000|0.000000|0.000000|0.087326|0.041859|0.052038|0.024675|0.000342|0.000145|0.000203|0.000085|0.017694|0.008586|0.010563|0.005090|0.000000|0.000000|0.000000|0.000000|0.007804|0.001867|0.004811|0.001240|0.000030|0.000007|0.000019|0.000005|0.001862|0.000426|0.001146|0.000281|0.000000|0.000000|0.000000|0.000000,-4.371066278554906e-17
2500,skin|edge|hbeag|fatigue|spiders,70,26,0.0013785362243652344,0.0012655258178710938,1.089299171062547,0.161429|0.038812|0.202211|0.049083|0.000531|0.000125|0.000663|0.000157|0.051934|0.016849|0.066039|0.022629|0.000166|0.000048|0.000208|0.000060|0.101043|0.024790|0.125883|0.031227|0.000324|0.000079|0.000404|0.000098|0.033617|0.012353|0.042554|0.016358|0.000107|0.000038|0.000133|0.000048,0.161429|0.038812|0.202211|0.049083|0.000531|0.000125|0.000663|0.000157|0.051934|0.016849|0.066039|0.022629|0.000166|0.000048|0.000208|0.000060|0.101043|0.024790|0.125883|0.031227|0.000324|0.000079|0.000404|0.000098|0.033617|0.012353|0.042554|0.016358|0.000107|0.000038|0.000133|0.000048,-1.7813312657949337e-16
2500,spiders|joints|upper_pain|age|alt,70,23,0.0010073184967041016,0.0010557174682617188,0.9541553748870822,0.011550|0.024043|0.003381|0.025823|0.032579|0.067820|0.009536|0.072841|0.028276|0.058862|0.008276|0.063221|0.005782|0.012036|0.001692|0.012927|0.006924|0.014414|0.002026|0.015482|0.019531|0.040659|0.005715|0.043670|0.016951|0.035289|0.004960|0.037903|0.003466|0.007216|0.001014|0.007750|0.001294|0.002693|0.000379|0.002893|0.003986|0.008299|0.001167|0.008913|0.003517|0.007321|0.001029|0.007863|0.000745|0.001551|0.000218|0.001666|0.000776|0.001615|0.000227|0.001734|0.002390|0.004975|0.000699|0.005344|0.002108|0.004389|0.000617|0.004714|0.000447|0.000930|0.000131|0.000999|0.003002|0.006627|0.000890|0.006994|0.008468|0.018692|0.002511|0.019727|0.007349|0.016224|0.002179|0.017122|0.001503|0.003317|0.000446|0.003501|0.001799|0.003972|0.000533|0.004192|0.005076|0.011205|0.001505|0.011825|0.004405|0.009725|0.001306|0.010263|0.000901|0.001989|0.000267|0.002099|0.000336|0.000742|0.000100|0.000783|0.001036|0.002287|0.000307|0.002414|0.000914|0.002018|0.000271|0.002130|0.000194|0.000428|0.000057|0.000451|0.000202|0.000445|0.000060|0.000470|0.000621|0.001371|0.000184|0.001447|0.000548|0.001210|0.000162|0.001277|0.000116|0.000256|0.000034|0.000270,0.011550|0.024043|0.003381|0.025823|0.032579|0.067820|0.009536|0.072841|0.028276|0.058862|0.008276|0.063221|0.005782|0.012036|0.001692|0.012927|0.006924|0.014414|0.002026|0.015482|0.019531|0.040659|0.005715|0.043670|0.016951|0.035289|0.004960|0.037903|0.003466|0.007216|0.001014|0.007750|0.001294|0.002693|0.000379|0.002893|0.003986|0.008299|0.001167|0.008913|0.003517|0.007321|0.001029|0.007863|0.000745|0.001551|0.000218|0.001666|0.000776|0.001615|0.000227|0.001734|0.002390|0.004975|0.000699|0.005344|0.002108|0.004389|0.000617|0.004714|0.000447|0.000930|0.000131|0.000999|0.003002|0.006627|0.000890|0.006994|0.008468|0.018692|0.002511|0.019727|0.007349|0.016224|0.002179|0.017122|0.001503|0.003317|0.000446|0.003501|0.001799|0.003972|0.000533|0.004192|0.005076|0.011205|0.001505|0.011825|0.004405|0.009725|0.001306|0.010263|0.000901|0.001989|0.000267|0.002099|0.000336|0.000742|0.000100|0.000783|0.001036|0.002287|0.000307|0.002414|0.000914|0.002018|0.000271|0.002130|0.000194|0.000428|0.000057|0.000451|0.000202|0.000445|0.000060|0.000470|0.000621|0.001371|0.000184|0.001447|0.000548|0.001210|0.000162|0.001277|0.000116|0.000256|0.000034|0.000270,-7.273793736148591e-17
2500,urea|platelet|amylase|edema|injections,70,21,0.0009748935699462891,0.0008449554443359375,1.1537810383747178,0.000045|0.000031|0.000008|0.000005|0.003693|0.002424|0.000647|0.000412|0.000086|0.000061|0.000015|0.000010|0.000197|0.000139|0.000032|0.000022|0.016213|0.010788|0.002635|0.001720|0.000376|0.000273|0.000061|0.000044|0.000021|0.000015|0.000003|0.000002|0.001730|0.001159|0.000280|0.000184|0.000040|0.000029|0.000006|0.000005|0.000020|0.000014|0.000004|0.000003|0.001657|0.001085|0.000333|0.000207|0.000038|0.000027|0.000008|0.000005|0.000844|0.000593|0.000142|0.000097|0.069652|0.045897|0.011682|0.007516|0.001617|0.001161|0.000271|0.000190|0.003782|0.002688|0.000597|0.000418|0.312007|0.208089|0.049242|0.032382|0.007244|0.005264|0.001143|0.000819|0.000408|0.000292|0.000064|0.000045|0.033625|0.022570|0.005298|0.003506|0.000781|0.000571|0.000123|0.000089|0.000359|0.000252|0.000068|0.000046|0.029661|0.019509|0.005633|0.003547|0.000689|0.000494|0.000131|0.000090|0.000059|0.000041|0.000010|0.000007|0.004850|0.003195|0.000817|0.000525|0.000113|0.000081|0.000019|0.000013|0.000263|0.000187|0.000042|0.000029|0.021686|0.014460|0.003431|0.002255|0.000503|0.000366|0.000080|0.000057|0.000028|0.000020|0.000004|0.000003|0.002335|0.001567|0.000369|0.000244|0.000054|0.000040|0.000009|0.000006|0.000025|0.000018|0.000005|0.000003|0.002075|0.001364|0.000396|0.000249|0.000048|0.000035|0.000009|0.000006,0.000045|0.000031|0.000008|0.000005|0.003693|0.002424|0.000647|0.000412|0.000086|0.000061|0.000015|0.000010|0.000197|0.000139|0.000032|0.000022|0.016213|0.010788|0.002635|0.001720|0.000376|0.000273|0.000061|0.000044|0.000021|0.000015|0.000003|0.000002|0.001730|0.001159|0.000280|0.000184|0.000040|0.000029|0.000006|0.000005|0.000020|0.000014|0.000004|0.000003|0.001657|0.001085|0.000333|0.000207|0.000038|0.000027|0.000008|0.000005|0.000844|0.000593|0.000142|0.000097|0.069652|0.045897|0.011682|0.007516|0.001617|0.001161|0.000271|0.000190|0.003782|0.002688|0.000597|0.000418|0.312007|0.208089|0.049242|0.032382|0.007244|0.005264|0.001143|0.000819|0.000408|0.000292|0.000064|0.000045|0.033625|0.022570|0.005298|0.003506|0.000781|0.000571|0.000123|0.000089|0.000359|0.000252|0.000068|0.000046|0.029661|0.019509|0.005633|0.003547|0.000689|0.000494|0.000131|0.000090|0.000059|0.000041|0.000010|0.000007|0.004850|0.003195|0.000817|0.000525|0.000113|0.000081|0.000019|0.000013|0.000263|0.000187|0.000042|0.000029|0.021686|0.014460|0.003431|0.002255|0.000503|0.000366|0.000080|0.000057|0.000028|0.000020|0.000004|0.000003|0.002335|0.001567|0.000369|0.000244|0.000054|0.000040|0.000009|0.000006|0.000025|0.000018|0.000005|0.000003|0.002075|0.001364|0.000396|0.000249|0.000048|0.000035|0.000009|0.000006,0.0
2500,le_cells|PBC|anorexia|nausea|hepatotoxic,70,10,0.00043892860412597656,0.00048804283142089844,0.8993649242794333,0.290171|0.026792|0.115447|0.010672|0.104314|0.009752|0.041614|0.003889|0.152855|0.014113|0.060815|0.005622|0.054950|0.005137|0.021921|0.002049|0.012541|0.001158|0.004989|0.000461|0.004508|0.000421|0.001798|0.000168|0.025924|0.002394|0.010314|0.000953|0.009319|0.000871|0.003718|0.000347,0.290171|0.026792|0.115447|0.010672|0.104314|0.009752|0.041614|0.003889|0.152855|0.014113|0.060815|0.005622|0.054950|0.005137|0.021921|0.002049|0.012541|0.001158|0.004989|0.000461|0.004508|0.000421|0.001798|0.000168|0.025924|0.002394|0.010314|0.000953|0.009319|0.000871|0.003718|0.000347,0.0
2500,skin|ChHepatitis|choledocholithotomy|spleen|transfusion,70,23,0.001325845718383789,0.0010387897491455078,1.276336929079642,0.309100|0.064294|0.038477|0.008003|0.056019|0.010528|0.007075|0.001330|0.047413|0.010450|0.010710|0.002361|0.006891|0.000911|0.001521|0.000201|0.020763|0.007631|0.002590|0.000952|0.002574|0.000740|0.000319|0.000092|0.198834|0.041358|0.026982|0.005612|0.035276|0.006630|0.004691|0.000882|0.026411|0.005821|0.006543|0.001442|0.005138|0.000679|0.001290|0.000171|0.011541|0.004242|0.001805|0.000663|0.002054|0.000590|0.000311|0.000089,0.309100|0.064294|0.038477|0.008003|0.056019|0.010528|0.007075|0.001330|0.047413|0.010450|0.010710|0.002361|0.006891|0.000911|0.001521|0.000201|0.020763|0.007631|0.002590|0.000952|0.002574|0.000740|0.000319|0.000092|0.198834|0.041358|0.026982|0.005612|0.035276|0.006630|0.004691|0.000882|0.026411|0.005821|0.006543|0.001442|0.005138|0.000679|0.001290|0.000171|0.011541|0.004242|0.001805|0.000663|0.002054|0.000590|0.000311|0.000089,7.364408750794256e-17
2500,vh_amn|ChHepatitis|phosphatase|ascites|hepatotoxic,70,18,0.0008800029754638672,0.0008285045623779297,1.0621582733812949,0.268611|0.024640|0.043910|0.004028|0.106175|0.009963|0.017362|0.001629|0.176688|0.016495|0.028864|0.002695|0.051088|0.004715|0.008307|0.000767|0.003086|0.000286|0.000496|0.000046|0.017039|0.001597|0.002775|0.000260|0.022348|0.002064|0.003653|0.000337|0.000472|0.000044|0.000078|0.000007|0.005562|0.000522|0.000907|0.000085|0.043691|0.004008|0.007142|0.000655|0.017270|0.001621|0.002824|0.000265|0.028739|0.002683|0.004695|0.000438|0.021174|0.001954|0.003443|0.000318|0.001279|0.000119|0.000206|0.000019|0.007062|0.000662|0.001150|0.000108|0.012932|0.001194|0.002114|0.000195|0.000273|0.000025|0.000045|0.000004|0.003218|0.000302|0.000525|0.000049,0.268611|0.024640|0.043910|0.004028|0.106175|0.009963|0.017362|0.001629|0.176688|0.016495|0.028864|0.002695|0.051088|0.004715|0.008307|0.000767|0.003086|0.000286|0.000496|0.000046|0.017039|0.001597|0.002775|0.000260|0.022348|0.002064|0.003653|0.000337|0.000472|0.000044|0.000078|0.000007|0.005562|0.000522|0.000907|0.000085|0.043691|0.004008|0.007142|0.000655|0.017270|0.001621|0.002824|0.000265|0.028739|0.002683|0.004695|0.000438|0.021174|0.001954|0.003443|0.000318|0.001279|0.000119|0.000206|0.000019|0.007062|0.000662|0.001150|0.000108|0.012932|0.001194|0.002114|0.000195|0.000273|0.000025|0.000045|0.000004|0.003218|0.000302|0.000525|0.000049,-7.422425418863237e-18
2500,itching|triglycerides|Cirrhosis|fatigue|hbc_anti,70,25,0.0012047290802001953,0.0012645721435546875,0.9526772247360482,0.007487|0.000764|0.009392|0.000946|0.000641|0.000064|0.000839|0.000083|0.001682|0.000168|0.002238|0.000219|0.198692|0.020279|0.248059|0.024973|0.003106|0.000294|0.004612|0.000424|0.007857|0.000731|0.012119|0.001094|0.007791|0.000795|0.009751|0.000982|0.000404|0.000040|0.000539|0.000053|0.001054|0.000104|0.001434|0.000139|0.005598|0.000572|0.007007|0.000707|0.000482|0.000048|0.000651|0.000063|0.001565|0.000157|0.002045|0.000202|0.148562|0.015185|0.185080|0.018668|0.002594|0.000240|0.004036|0.000362|0.006820|0.000642|0.010211|0.000933|0.005826|0.000595|0.007276|0.000734|0.000308|0.000030|0.000427|0.000041|0.000971|0.000097|0.001294|0.000126,0.007487|0.000764|0.009392|0.000946|0.000641|0.000064|0.000839|0.000083|0.001682|0.000168|0.002238|0.000219|0.198692|0.020279|0.248059|0.024973|0.003106|0.000294|0.004612|0.000424|0.007857|0.000731|0.012119|0.001094|0.007791|0.000795|0.009751|0.000982|0.000404|0.000040|0.000539|0.000053|0.001054|0.000104|0.001434|0.000139|0.005598|0.000572|0.007007|0.000707|0.000482|0.000048|0.000651|0.000063|0.001565|0.000157|0.002045|0.000202|0.148562|0.015185|0.185080|0.018668|0.002594|0.000240|0.004036|0.000362|0.006820|0.000642|0.010211|0.000933|0.005826|0.000595|0.007276|0.000734|0.000308|0.000030|0.000427|0.000041|0.000971|0.000097|0.001294|0.000126,1.436745086972927e-17
2500,anorexia|fatigue|Steatosis|skin|alcohol,70,25,0.0011904239654541016,0.0010986328125,1.0835503472222223,0.156752|0.021889|0.097973|0.013754|0.016600|0.002930|0.012615|0.002204|0.198108|0.027823|0.123189|0.017445|0.021312|0.003765|0.016039|0.002822|0.056731|0.007921|0.035461|0.004977|0.006009|0.001061|0.004569|0.000798|0.071056|0.009981|0.044180|0.006258|0.007654|0.001352|0.005758|0.001013,0.156752|0.021889|0.097973|0.013754|0.016600|0.002930|0.012615|0.002204|0.198108|0.027823|0.123189|0.017445|0.021312|0.003765|0.016039|0.002822|0.056731|0.007921|0.035461|0.004977|0.006009|0.001061|0.004569|0.000798|0.071056|0.009981|0.044180|0.006258|0.007654|0.001352|0.005758|0.001013,-7.817519228200552e-17
2500,spleen|jaundice|PBC|fatigue|ast,70,25,0.0012688636779785156,0.001314401626586914,0.9653546163613278,0.083706|0.041851|0.057444|0.002927|0.104784|0.051115|0.072701|0.004505|0.043137|0.021575|0.029534|0.001514|0.054103|0.026433|0.037439|0.002339|0.026336|0.013100|0.018008|0.000915|0.032991|0.016048|0.022823|0.001415|0.021852|0.010879|0.015028|0.000755|0.027265|0.013233|0.018977|0.001158|0.011398|0.005403|0.008030|0.000421|0.014746|0.007065|0.010588|0.000686|0.005960|0.002824|0.004182|0.000215|0.007732|0.003721|0.005527|0.000350|0.003881|0.001773|0.002703|0.000140|0.005034|0.002356|0.003574|0.000229|0.003063|0.001414|0.002157|0.000117|0.003950|0.001843|0.002837|0.000191,0.083706|0.041851|0.057444|0.002927|0.104784|0.051115|0.072701|0.004505|0.043137|0.021575|0.029534|0.001514|0.054103|0.026433|0.037439|0.002339|0.026336|0.013100|0.018008|0.000915|0.032991|0.016048|0.022823|0.001415|0.021852|0.010879|0.015028|0.000755|0.027265|0.013233|0.018977|0.001158|0.011398|0.005403|0.008030|0.000421|0.014746|0.007065|0.010588|0.000686|0.005960|0.002824|0.004182|0.000215|0.007732|0.003721|0.005527|0.000350|0.003881|0.001773|0.002703|0.000140|0.005034|0.002356|0.003574|0.000229|0.003063|0.001414|0.002157|0.000117|0.003950|0.001843|0.002837|0.000191,-9.769366480921358e-17
2500,albumin|choledocholithotomy|consciousness|gallstones|bilirubin,70,21,0.0010006427764892578,0.0010101795196533203,0.9905593580363464,0.006477|0.064332|0.025039|0.001387|0.000524|0.003123|0.000812|0.000219|0.000169|0.001337|0.000597|0.000040|0.000014|0.000062|0.000021|0.000005|0.000300|0.002937|0.001152|0.000063|0.001452|0.008732|0.002235|0.000601|0.000008|0.000061|0.000027|0.000002|0.000039|0.000175|0.000059|0.000014|0.007050|0.068009|0.026822|0.001379|0.000547|0.003325|0.000860|0.000235|0.000187|0.001432|0.000651|0.000039|0.000015|0.000068|0.000023|0.000006|0.000326|0.003103|0.001235|0.000063|0.001520|0.009296|0.002363|0.000643|0.000009|0.000065|0.000030|0.000002|0.000042|0.000189|0.000063|0.000015|0.043143|0.388141|0.155800|0.008953|0.003360|0.018847|0.005122|0.001347|0.001215|0.008431|0.003898|0.000271|0.000096|0.000397|0.000138|0.000033|0.001983|0.017657|0.007151|0.000399|0.009295|0.052594|0.013954|0.003680|0.000056|0.000382|0.000179|0.000012|0.000267|0.001106|0.000376|0.000090,0.006477|0.064332|0.025039|0.001387|0.000524|0.003123|0.000812|0.000219|0.000169|0.001337|0.000597|0.000040|0.000014|0.000062|0.000021|0.000005|0.000300|0.002937|0.001152|0.000063|0.001452|0.008732|0.002235|0.000601|0.000008|0.000061|0.000027|0.000002|0.000039|0.000175|0.000059|0.000014|0.007050|0.068009|0.026822|0.001379|0.000547|0.003325|0.000860|0.000235|0.000187|0.001432|0.000651|0.000039|0.000015|0.000068|0.000023|0.000006|0.000326|0.003103|0.001235|0.000063|0.001520|0.009296|0.002363|0.000643|0.000009|0.000065|0.000030|0.000002|0.000042|0.000189|0.000063|0.000015|0.043143|0.388141|0.155800|0.008953|0.003360|0.018847|0.005122|0.001347|0.001215|0.008431|0.003898|0.000271|0.000096|0.000397|0.000138|0.000033|0.001983|0.017657|0.007151|0.000399|0.009295|0.052594|0.013954|0.003680|0.000056|0.000382|0.000179|0.000012|0.000267|0.001106|0.000376|0.000090,-3.919591328570864e-18
2500,hospital|pain_ruq|spiders|sex|spleen,70,21,0.0009801387786865234,0.0009331703186035156,1.0503321410321922,0.106268|0.013346|0.077051|0.009676|0.026807|0.005441|0.019436|0.003944|0.076321|0.009833|0.053871|0.006944|0.019569|0.004262|0.013817|0.003013|0.130746|0.016166|0.094799|0.011720|0.032663|0.006336|0.023682|0.004593|0.093898|0.011913|0.066278|0.008413|0.023846|0.004985|0.016837|0.003525,0.106268|0.013346|0.077051|0.009676|0.026807|0.005441|0.019436|0.003944|0.076321|0.009833|0.053871|0.006944|0.019569|0.004262|0.013817|0.003013|0.130746|0.016166|0.094799|0.011720|0.032663|0.006336|0.023682|0.004593|0.093898|0.011913|0.066278|0.008413|0.023846|0.004985|0.016837|0.003525,3.122214584737507e-17
2500,edge|itching|density|hbc_anti|gallstones,70,23,0.0011203289031982422,0.001062154769897461,1.0547699214365882,0.203077|0.034502|0.020499|0.003512|0.123795|0.021015|0.012495|0.002139|0.150905|0.027044|0.015268|0.002738|0.092297|0.016555|0.009337|0.001676|0.071658|0.012130|0.007144|0.001221|0.044063|0.007453|0.004390|0.000750|0.054564|0.009702|0.005449|0.000970|0.033693|0.005992|0.003363|0.000599,0.203077|0.034502|0.020499|0.003512|0.123795|0.021015|0.012495|0.002139|0.150905|0.027044|0.015268|0.002738|0.092297|0.016555|0.009337|0.001676|0.071658|0.012130|0.007144|0.001221|0.044063|0.007453|0.004390|0.000750|0.054564|0.009702|0.005449|0.000970|0.033693|0.005992|0.003363|0.000599,0.0
2500,fat|edema|hbsag|amylase|RHepatitis,70,18,0.0008003711700439453,0.0007495880126953125,1.0677480916030535,0.006750|0.000163|0.532584|0.012873|0.013134|0.000317|0.000728|0.000018|0.057851|0.001398|0.001414|0.000034|0.001074|0.000026|0.084789|0.002049|0.002090|0.000051|0.000126|0.000003|0.010034|0.000243|0.000245|0.000006|0.002362|0.000057|0.199495|0.004822|0.004485|0.000108|0.000256|0.000006|0.021742|0.000526|0.000486|0.000012|0.000376|0.000009|0.031764|0.000768|0.000714|0.000017|0.000044|0.000001|0.003772|0.000091|0.000084|0.000002,0.006750|0.000163|0.532584|0.012873|0.013134|0.000317|0.000728|0.000018|0.057851|0.001398|0.001414|0.000034|0.001074|0.000026|0.084789|0.002049|0.002090|0.000051|0.000126|0.000003|0.010034|0.000243|0.000245|0.000006|0.002362|0.000057|0.199495|0.004822|0.004485|0.000108|0.000256|0.000006|0.021742|0.000526|0.000486|0.000012|0.000376|0.000009|0.031764|0.000768|0.000714|0.000017|0.000044|0.000001|0.003772|0.000091|0.000084|0.000002,3.149819159660766e-17
2500,spleen|Hyperbilirubinemia|PBC|albumin|pain_ruq,70,22,0.0009844303131103516,0.0009930133819580078,0.9913565426170469,0.035235|0.026419|0.037278|0.027962|0.208298|0.157382|0.022378|0.016779|0.023675|0.017759|0.132291|0.099954|0.005411|0.001861|0.005725|0.001970|0.031973|0.011156|0.001153|0.000397|0.001220|0.000420|0.006815|0.002378|0.003964|0.002998|0.004342|0.003308|0.030808|0.024376|0.002517|0.001904|0.002758|0.002101|0.019566|0.015481|0.000608|0.000213|0.000666|0.000236|0.004716|0.001793|0.000130|0.000045|0.000142|0.000050|0.001005|0.000382,0.035235|0.026419|0.037278|0.027962|0.208298|0.157382|0.022378|0.016779|0.023675|0.017759|0.132291|0.099954|0.005411|0.001861|0.005725|0.001970|0.031973|0.011156|0.001153|0.000397|0.001220|0.000420|0.006815|0.002378|0.003964|0.002998|0.004342|0.003308|0.030808|0.024376|0.002517|0.001904|0.002758|0.002101|0.019566|0.015481|0.000608|0.000213|0.000666|0.000236|0.004716|0.001793|0.000130|0.000045|0.000142|0.000050|0.001005|0.000382,7.224961470236041e-17
2500,alcoholism|density|upper_pain|Cirrhosis|ama,70,20,0.0008616447448730469,0.0008747577667236328,0.9850095393840284,0.245023|0.066587|0.004708|0.001259|0.011881|0.003236|0.146897|0.039920|0.002820|0.000754|0.007116|0.001938|0.148556|0.041464|0.002826|0.000810|0.007686|0.002136|0.089063|0.024859|0.001693|0.000485|0.004604|0.001280|0.037668|0.010236|0.001541|0.000412|0.004178|0.001138|0.022583|0.006137|0.000923|0.000247|0.002503|0.000682|0.022838|0.006374|0.000925|0.000265|0.002703|0.000751|0.013692|0.003822|0.000554|0.000159|0.001620|0.000450,0.245023|0.066587|0.004708|0.001259|0.011881|0.003236|0.146897|0.039920|0.002820|0.000754|0.007116|0.001938|0.148556|0.041464|0.002826|0.000810|0.007686|0.002136|0.089063|0.024859|0.001693|0.000485|0.004604|0.001280|0.037668|0.010236|0.001541|0.000412|0.004178|0.001138|0.022583|0.006137|0.000923|0.000247|0.002503|0.000682|0.022838|0.006374|0.000925|0.000265|0.002703|0.000751|0.013692|0.003822|0.000554|0.000159|0.001620|0.000450,-1.6260729450392974e-16
2500,spleen|ggtp|encephalopathy|obesity|surgery,70,22,0.0011432170867919922,0.0012345314025878906,0.9260332174584782,0.060333|0.044924|0.005258|0.003913|0.001988|0.001476|0.000178|0.000132|0.055632|0.041332|0.004782|0.003554|0.002313|0.001718|0.000202|0.000150|0.057753|0.043038|0.004809|0.003581|0.002279|0.001698|0.000195|0.000145|0.274016|0.204377|0.023829|0.017776|0.007625|0.005678|0.000690|0.000514|0.008498|0.006284|0.000851|0.000629|0.000371|0.000273|0.000041|0.000030|0.007919|0.005839|0.000762|0.000562|0.000415|0.000305|0.000043|0.000032|0.007646|0.005652|0.000692|0.000511|0.000370|0.000272|0.000037|0.000027|0.038248|0.028361|0.003781|0.002807|0.001476|0.001088|0.000165|0.000122,0.060333|0.044924|0.005258|0.003913|0.001988|0.001476|0.000178|0.000132|0.055632|0.041332|0.004782|0.003554|0.002313|0.001718|0.000202|0.000150|0.057753|0.043038|0.004809|0.003581|0.002279|0.001698|0.000195|0.000145|0.274016|0.204377|0.023829|0.017776|0.007625|0.005678|0.000690|0.000514|0.008498|0.006284|0.000851|0.000629|0.000371|0.000273|0.000041|0.000030|0.007919|0.005839|0.000762|0.000562|0.000415|0.000305|0.000043|0.000032|0.007646|0.005652|0.000692|0.000511|0.000370|0.000272|0.000037|0.000027|0.038248|0.028361|0.003781|0.002807|0.001476|0.001088|0.000165|0.000122,-4.2272459116972407e-17
2500,pain_ruq|amylase|alt|hepatotoxic|hepatalgia,70,24,0.001135110855102539,0.0011184215545654297,1.0149221914303987,0.000900|0.000235|0.000084|0.000022|0.001880|0.000494|0.000175|0.000046|0.000265|0.000069|0.000025|0.000007|0.002024|0.000532|0.000187|0.000049|0.072348|0.018933|0.006729|0.001757|0.151114|0.039742|0.014036|0.003683|0.021307|0.005562|0.002016|0.000526|0.162736|0.042750|0.014996|0.003929|0.001739|0.000455|0.000162|0.000042|0.003634|0.000956|0.000338|0.000089|0.000511|0.000133|0.000048|0.000013|0.003914|0.001028|0.000361|0.000095|0.000635|0.000171|0.000059|0.000016|0.001353|0.000365|0.000126|0.000034|0.000185|0.000050|0.000017|0.000005|0.001437|0.000388|0.000132|0.000036|0.051038|0.013739|0.004749|0.001277|0.108734|0.029382|0.010090|0.002722|0.014863|0.003996|0.001408|0.000378|0.115553|0.031188|0.010650|0.002870|0.001227|0.000330|0.000114|0.000031|0.002615|0.000707|0.000243|0.000065|0.000357|0.000096|0.000034|0.000009|0.002779|0.000750|0.000256|0.000069,0.000900|0.000235|0.000084|0.000022|0.001880|0.000494|0.000175|0.000046|0.000265|0.000069|0.000025|0.000007|0.002024|0.000532|0.000187|0.000049|0.072348|0.018933|0.006729|0.001757|0.151114|0.039742|0.014036|0.003683|0.021307|0.005562|0.002016|0.000526|0.162736|0.042750|0.014996|0.003929|0.001739|0.000455|0.000162|0.000042|0.003634|0.000956|0.000338|0.000089|0.000511|0.000133|0.000048|0.000013|0.003914|0.001028|0.000361|0.000095|0.000635|0.000171|0.000059|0.000016|0.001353|0.000365|0.000126|0.000034|0.000185|0.000050|0.000017|0.000005|0.001437|0.000388|0.000132|0.000036|0.051038|0.013739|0.004749|0.001277|0.108734|0.029382|0.010090|0.002722|0.014863|0.003996|0.001408|0.000378|0.115553|0.031188|0.010650|0.002870|0.001227|0.000330|0.000114|0.000031|0.002615|0.000707|0.000243|0.000065|0.000357|0.000096|0.000034|0.000009|0.002779|0.000750|0.000256|0.000069,-5.536537537382628e-17
2500,transfusion|ast|amylase|diabetes|age,70,20,0.000850677490234375,0.0008206367492675781,1.0366066240557814,0.000631|0.001795|0.001561|0.000320|0.000023|0.000066|0.000058|0.000012|0.050566|0.143961|0.125172|0.025697|0.001867|0.005315|0.004621|0.000949|0.001220|0.003474|0.003020|0.000620|0.000045|0.000128|0.000111|0.000023|0.000310|0.000881|0.000766|0.000157|0.000011|0.000032|0.000028|0.000006|0.024832|0.070696|0.061469|0.012619|0.000905|0.002578|0.002241|0.000460|0.000599|0.001706|0.001483|0.000304|0.000022|0.000062|0.000054|0.000011|0.000435|0.001238|0.001077|0.000221|0.000016|0.000046|0.000040|0.000008|0.034888|0.099326|0.086362|0.017730|0.001300|0.003701|0.003218|0.000661|0.000841|0.002395|0.002083|0.000428|0.000031|0.000089|0.000078|0.000016|0.000025|0.000070|0.000061|0.000013|0.000001|0.000003|0.000002|0.000000|0.001991|0.005669|0.004929|0.001012|0.000073|0.000207|0.000180|0.000037|0.000048|0.000136|0.000118|0.000024|0.000002|0.000005|0.000004|0.000001|0.000132|0.000376|0.000327|0.000067|0.000005|0.000014|0.000012|0.000002|0.010723|0.030527|0.026543|0.005449|0.000396|0.001127|0.000980|0.000201|0.000254|0.000724|0.000629|0.000129|0.000009|0.000027|0.000023|0.000005|0.000064|0.000183|0.000159|0.000033|0.000002|0.000007|0.000006|0.000001|0.005236|0.014905|0.012960|0.002661|0.000191|0.000544|0.000473|0.000097|0.000124|0.000353|0.000307|0.000063|0.000005|0.000013|0.000011|0.000002|0.000093|0.000264|0.000230|0.000047|0.000003|0.000010|0.000009|0.000002|0.007537|0.021459|0.018658|0.003830|0.000281|0.000799|0.000695|0.000143|0.000179|0.000508|0.000442|0.000091|0.000007|0.000019|0.000016|0.000003|0.000005|0.000015|0.000013|0.000003|0.000000|0.000001|0.000000|0.000000|0.000446|0.001269|0.001103|0.000226|0.000016|0.000046|0.000040|0.000008|0.000010|0.000030|0.000026|0.000005|0.000000|0.000001|0.000001|0.000000,0.000631|0.001795|0.001561|0.000320|0.000023|0.000066|0.000058|0.000012|0.050566|0.143961|0.125172|0.025697|0.001867|0.005315|0.004621|0.000949|0.001220|0.003474|0.003020|0.000620|0.000045|0.000128|0.000111|0.000023|0.000310|0.000881|0.000766|0.000157|0.000011|0.000032|0.000028|0.000006|0.024832|0.070696|0.061469|0.012619|0.000905|0.002578|0.002241|0.000460|0.000599|0.001706|0.001483|0.000304|0.000022|0.000062|0.000054|0.000011|0.000435|0.001238|0.001077|0.000221|0.000016|0.000046|0.000040|0.000008|0.034888|0.099326|0.086362|0.017730|0.001300|0.003701|0.003218|0.000661|0.000841|0.002395|0.002083|0.000428|0.000031|0.000089|0.000078|0.000016|0.000025|0.000070|0.000061|0.000013|0.000001|0.000003|0.000002|0.000000|0.001991|0.005669|0.004929|0.001012|0.000073|0.000207|0.000180|0.000037|0.000048|0.000136|0.000118|0.000024|0.000002|0.000005|0.000004|0.000001|0.000132|0.000376|0.000327|0.000067|0.000005|0.000014|0.000012|0.000002|0.010723|0.030527|0.026543|0.005449|0.000396|0.001127|0.000980|0.000201|0.000254|0.000724|0.000629|0.000129|0.000009|0.000027|0.000023|0.000005|0.000064|0.000183|0.000159|0.000033|0.000002|0.000007|0.000006|0.000001|0.005236|0.014905|0.012960|0.002661|0.000191|0.000544|0.000473|0.000097|0.000124|0.000353|0.000307|0.000063|0.000005|0.000013|0.000011|0.000002|0.000093|0.000264|0.000230|0.000047|0.000003|0.000010|0.000009|0.000002|0.007537|0.021459|0.018658|0.003830|0.000281|0.000799|0.000695|0.000143|0.000179|0.000508|0.000442|0.000091|0.000007|0.000019|0.000016|0.000003|0.000005|0.000015|0.000013|0.000003|0.000000|0.000001|0.000000|0.000000|0.000446|0.001269|0.001103|0.000226|0.000016|0.000046|0.000040|0.000008|0.000010|0.000030|0.000026|0.000005|0.000000|0.000001|0.000001|0.000000,0.0
2500,palms|bilirubin|platelet|ama|hbeag,70,22,0.0010895729064941406,0.0011403560638427734,0.9554672799498223,0.005994|0.000019|0.004571|0.000015|0.024421|0.000077|0.018180|0.000062|0.002487|0.000008|0.001725|0.000006|0.003209|0.000010|0.003054|0.000010|0.070146|0.000228|0.012705|0.000038|0.339982|0.001129|0.051593|0.000156|0.038853|0.000130|0.004991|0.000015|0.021800|0.000068|0.008292|0.000025|0.021926|0.000066|0.010795|0.000037|0.097195|0.000287|0.044561|0.000151|0.010416|0.000031|0.004318|0.000015|0.009711|0.000031|0.007517|0.000026|0.001467|0.000004|0.001320|0.000004|0.005867|0.000018|0.004916|0.000016|0.000578|0.000002|0.000443|0.000002|0.000736|0.000003|0.000780|0.000003|0.001664|0.000005|0.000965|0.000003|0.005453|0.000016|0.003658|0.000012|0.000515|0.000002|0.000348|0.000001|0.000946|0.000003|0.000654|0.000002|0.014298|0.000042|0.002614|0.000007|0.061686|0.000195|0.010159|0.000028|0.006716|0.000022|0.000985|0.000003|0.005120|0.000013|0.001757|0.000004|0.005248|0.000016|0.001972|0.000007|0.019366|0.000058|0.008080|0.000029|0.001921|0.000006|0.000796|0.000003|0.002566|0.000008|0.001445|0.000005|0.000352|0.000001|0.000299|0.000001|0.001190|0.000004|0.000987|0.000003|0.000107|0.000000|0.000082|0.000000|0.000165|0.000001|0.000151|0.000000,0.005994|0.000019|0.004571|0.000015|0.024421|0.000077|0.018180|0.000062|0.002487|0.000008|0.001725|0.000006|0.003209|0.000010|0.003054|0.000010|0.070146|0.000228|0.012705|0.000038|0.339982|0.001129|0.051593|0.000156|0.038853|0.000130|0.004991|0.000015|0.021800|0.000068|0.008292|0.000025|0.021926|0.000066|0.010795|0.000037|0.097195|0.000287|0.044561|0.000151|0.010416|0.000031|0.004318|0.000015|0.009711|0.000031|0.007517|0.000026|0.001467|0.000004|0.001320|0.000004|0.005867|0.000018|0.004916|0.000016|0.000578|0.000002|0.000443|0.000002|0.000736|0.000003|0.000780|0.000003|0.001664|0.000005|0.000965|0.000003|0.005453|0.000016|0.003658|0.000012|0.000515|0.000002|0.000348|0.000001|0.000946|0.000003|0.000654|0.000002|0.014298|0.000042|0.002614|0.000007|0.061686|0.000195|0.010159|0.000028|0.006716|0.000022|0.000985|0.000003|0.005120|0.000013|0.001757|0.000004|0.005248|0.000016|0.001972|0.000007|0.019366|0.000058|0.008080|0.000029|0.001921|0.000006|0.000796|0.000003|0.002566|0.000008|0.001445|0.000005|0.000352|0.000001|0.000299|0.000001|0.001190|0.000004|0.000987|0.000003|0.000107|0.000000|0.000082|0.000000|0.000165|0.000001|0.000151|0.000000,2.5984891250739387e-17
2500,ast|hbsag_anti|itching|upper_pain|alcohol,70,26,0.001363992691040039,0.0013284683227539062,1.0267408470926058,0.137566|0.019664|0.082431|0.011782|0.103946|0.014936|0.062362|0.008961|0.002581|0.000371|0.001547|0.000222|0.001947|0.000282|0.001168|0.000169|0.067662|0.009652|0.040540|0.005782|0.050767|0.007265|0.030459|0.004359|0.001296|0.000186|0.000777|0.000112|0.000971|0.000140|0.000583|0.000084|0.095160|0.013833|0.057011|0.008286|0.071807|0.010490|0.043080|0.006294|0.001736|0.000255|0.001040|0.000152|0.001311|0.000194|0.000787|0.000116|0.005418|0.000832|0.003240|0.000498|0.004056|0.000640|0.002433|0.000384|0.000116|0.000018|0.000070|0.000011|0.000087|0.000014|0.000052|0.000008,0.137566|0.019664|0.082431|0.011782|0.103946|0.014936|0.062362|0.008961|0.002581|0.000371|0.001547|0.000222|0.001947|0.000282|0.001168|0.000169|0.067662|0.009652|0.040540|0.005782|0.050767|0.007265|0.030459|0.004359|0.001296|0.000186|0.000777|0.000112|0.000971|0.000140|0.000583|0.000084|0.095160|0.013833|0.057011|0.008286|0.071807|0.010490|0.043080|0.006294|0.001736|0.000255|0.001040|0.000152|0.001311|0.000194|0.000787|0.000116|0.005418|0.000832|0.003240|0.000498|0.004056|0.000640|0.002433|0.000384|0.000116|0.000018|0.000070|0.000011|0.000087|0.000014|0.000052|0.000008,1.1438163266252137e-16
2500,edema|transfusion|choledocholithotomy|palms|alcohol,70,15,0.0008492469787597656,0.0006859302520751953,1.2380952380952381,0.444802|0.063487|0.083160|0.012663|0.078209|0.011151|0.014571|0.002214|0.096910|0.013838|0.018144|0.002766|0.014554|0.002068|0.002681|0.000404|0.068913|0.009779|0.015938|0.002429|0.012099|0.001715|0.002777|0.000422|0.015023|0.002132|0.003486|0.000532|0.002241|0.000317|0.000501|0.000076,0.444802|0.063487|0.083160|0.012663|0.078209|0.011151|0.014571|0.002214|0.096910|0.013838|0.018144|0.002766|0.014554|0.002068|0.002681|0.000404|0.068913|0.009779|0.015938|0.002429|0.012099|0.001715|0.002777|0.000422|0.015023|0.002132|0.003486|0.000532|0.002241|0.000317|0.000501|0.000076,-7.137575056041398e-18
2500,cholesterol|ggtp|hbsag|itching|pain_ruq,70,26,0.0014781951904296875,0.0013959407806396484,1.0589239965841162,0.030458|0.022420|0.021992|0.016138|0.003686|0.002711|0.002710|0.001992|0.023100|0.017084|0.018683|0.013752|0.003168|0.002295|0.002508|0.001817|0.025025|0.018332|0.019662|0.014369|0.003047|0.002219|0.002356|0.001715|0.152924|0.107016|0.107365|0.074335|0.016547|0.011600|0.011656|0.008133|0.007322|0.005482|0.006237|0.004642|0.000771|0.000580|0.000645|0.000485|0.008864|0.006552|0.008153|0.005983|0.000902|0.000664|0.000798|0.000586|0.008727|0.006401|0.007997|0.005844|0.000800|0.000591|0.000708|0.000522|0.029172|0.021454|0.023588|0.017278|0.002701|0.001981|0.002155|0.001577|0.001839|0.001359|0.001752|0.001286|0.000203|0.000153|0.000182|0.000136|0.002869|0.002088|0.002758|0.001995|0.000286|0.000209|0.000258|0.000189|0.002808|0.002046|0.002711|0.001968|0.000259|0.000190|0.000236|0.000173|0.005637|0.004213|0.005275|0.003925|0.000635|0.000457|0.000539|0.000390,0.030458|0.022420|0.021992|0.016138|0.003686|0.002711|0.002710|0.001992|0.023100|0.017084|0.018683|0.013752|0.003168|0.002295|0.002508|0.001817|0.025025|0.018332|0.019662|0.014369|0.003047|0.002219|0.002356|0.001715|0.152924|0.107016|0.107365|0.074335|0.016547|0.011600|0.011656|0.008133|0.007322|0.005482|0.006237|0.004642|0.000771|0.000580|0.000645|0.000485|0.008864|0.006552|0.008153|0.005983|0.000902|0.000664|0.000798|0.000586|0.008727|0.006401|0.007997|0.005844|0.000800|0.000591|0.000708|0.000522|0.029172|0.021454|0.023588|0.017278|0.002701|0.001981|0.002155|0.001577|0.001839|0.001359|0.001752|0.001286|0.000203|0.000153|0.000182|0.000136|0.002869|0.002088|0.002758|0.001995|0.000286|0.000209|0.000258|0.000189|0.002808|0.002046|0.002711|0.001968|0.000259|0.000190|0.000236|0.000173|0.005637|0.004213|0.005275|0.003925|0.000635|0.000457|0.000539|0.000390,4.711204309968234e-17
2500,ascites|platelet|vh_amn|hepatotoxic|pain,70,20,0.0009515285491943359,0.0008499622344970703,1.1194950911640953,0.079044|0.022801|0.007324|0.002113|0.016718|0.004829|0.001549|0.000447|0.352353|0.103396|0.032648|0.009580|0.073097|0.021442|0.006773|0.001987|0.037953|0.011330|0.003517|0.001050|0.007802|0.002326|0.000723|0.000216|0.035044|0.009147|0.003247|0.000848|0.007463|0.001959|0.000691|0.000182|0.012902|0.003721|0.001195|0.000345|0.002727|0.000787|0.000253|0.000073|0.057582|0.016898|0.005335|0.001566|0.011940|0.003503|0.001106|0.000325|0.006203|0.001852|0.000575|0.000172|0.001275|0.000380|0.000118|0.000035|0.005705|0.001488|0.000529|0.000138|0.001213|0.000318|0.000112|0.000029,0.079044|0.022801|0.007324|0.002113|0.016718|0.004829|0.001549|0.000447|0.352353|0.103396|0.032648|0.009580|0.073097|0.021442|0.006773|0.001987|0.037953|0.011330|0.003517|0.001050|0.007802|0.002326|0.000723|0.000216|0.035044|0.009147|0.003247|0.000848|0.007463|0.001959|0.000691|0.000182|0.012902|0.003721|0.001195|0.000345|0.002727|0.000787|0.000253|0.000073|0.057582|0.016898|0.005335|0.001566|0.011940|0.003503|0.001106|0.000325|0.006203|0.001852|0.000575|0.000172|0.001275|0.000380|0.000118|0.000035|0.005705|0.001488|0.000529|0.000138|0.001213|0.000318|0.000112|0.000029,-1.0205381670061064e-16
2500,transfusion|hbeag|inr|density|hcv_anti,70,23,0.0011377334594726562,0.0010838508605957031,1.0497140343158822,0.438806|0.001228|0.268412|0.000750|0.029122|0.000093|0.017766|0.000057|0.040461|0.000104|0.024908|0.000064|0.001360|0.000004|0.000831|0.000002|0.000095|0.000000|0.000058|0.000000|0.000128|0.000000|0.000078|0.000000|0.093438|0.000265|0.057155|0.000162|0.006163|0.000020|0.003760|0.000012|0.008682|0.000022|0.005344|0.000014|0.000337|0.000001|0.000206|0.000000|0.000023|0.000000|0.000014|0.000000|0.000032|0.000000|0.000020|0.000000,0.438806|0.001228|0.268412|0.000750|0.029122|0.000093|0.017766|0.000057|0.040461|0.000104|0.024908|0.000064|0.001360|0.000004|0.000831|0.000002|0.000095|0.000000|0.000058|0.000000|0.000128|0.000000|0.000078|0.000000|0.093438|0.000265|0.057155|0.000162|0.006163|0.000020|0.003760|0.000012|0.008682|0.000022|0.005344|0.000014|0.000337|0.000001|0.000206|0.000000|0.000023|0.000000|0.000014|0.000000|0.000032|0.000000|0.000020|0.000000,1.4469468778039182e-16
2500,Hyperbilirubinemia|pressure_ruq|consciousness|obesity|alcoholism,70,20,0.0009164810180664062,0.0008993148803710938,1.0190880169671261,0.439460|0.072903|0.038609|0.006407|0.010305|0.001779|0.000926|0.000158|0.269168|0.044653|0.023648|0.003924|0.005941|0.001027|0.000534|0.000091|0.036751|0.006097|0.003229|0.000536|0.000777|0.000135|0.000070|0.000012|0.025388|0.004212|0.002231|0.000370|0.000516|0.000089|0.000047|0.000008,0.439460|0.072903|0.038609|0.006407|0.010305|0.001779|0.000926|0.000158|0.269168|0.044653|0.023648|0.003924|0.005941|0.001027|0.000534|0.000091|0.036751|0.006097|0.003229|0.000536|0.000777|0.000135|0.000070|0.000012|0.025388|0.004212|0.002231|0.000370|0.000516|0.000089|0.000047|0.000008,-1.7841137440892913e-17
2500,fatigue|choledocholithotomy|injections|proteins|gallstones,70,18,0.0008783340454101562,0.0007987022399902344,1.0997014925373134,0.219868|0.010578|0.003577|0.000172|0.134426|0.006467|0.002197|0.000106|0.007182|0.021006|0.000117|0.000342|0.009077|0.026548|0.000148|0.000434|0.282501|0.013591|0.004574|0.000220|0.164970|0.007937|0.002688|0.000129|0.009205|0.026924|0.000149|0.000436|0.011139|0.032580|0.000182|0.000531,0.219868|0.010578|0.003577|0.000172|0.134426|0.006467|0.002197|0.000106|0.007182|0.021006|0.000117|0.000342|0.009077|0.026548|0.000148|0.000434|0.282501|0.013591|0.004574|0.000220|0.164970|0.007937|0.002688|0.000129|0.009205|0.026924|0.000149|0.000436|0.011139|0.032580|0.000182|0.000531,-2.0210347283540587e-16
2500,ama|irregular_liver|anorexia|gallstones|ChHepatitis,70,22,0.0008800029754638672,0.0009043216705322266,0.9731083575006592,0.351891|0.050423|0.025034|0.062556|0.008054|0.003708|0.126726|0.018159|0.009016|0.022528|0.002901|0.001335|0.047328|0.013222|0.003582|0.008414|0.002112|0.000530|0.017047|0.004762|0.001290|0.003030|0.000761|0.000191|0.096606|0.013843|0.006873|0.017174|0.002211|0.001018|0.034791|0.004985|0.002475|0.006185|0.000796|0.000367|0.012993|0.003630|0.000983|0.002310|0.000580|0.000146|0.004680|0.001307|0.000354|0.000832|0.000209|0.000052,0.351891|0.050423|0.025034|0.062556|0.008054|0.003708|0.126726|0.018159|0.009016|0.022528|0.002901|0.001335|0.047328|0.013222|0.003582|0.008414|0.002112|0.000530|0.017047|0.004762|0.001290|0.003030|0.000761|0.000191|0.096606|0.013843|0.006873|0.017174|0.002211|0.001018|0.034791|0.004985|0.002475|0.006185|0.000796|0.000367|0.012993|0.003630|0.000983|0.002310|0.000580|0.000146|0.004680|0.001307|0.000354|0.000832|0.000209|0.000052,7.725073410184063e-17
2500,choledocholithotomy|edge|ChHepatitis|skin|ama,70,21,0.0010058879852294922,0.0009012222290039062,1.116137566137566,0.263733|0.052796|0.143314|0.058952|0.038033|0.008896|0.019284|0.006839|0.020334|0.003749|0.008890|0.004274|0.085732|0.017614|0.050684|0.019837|0.019253|0.004753|0.010641|0.003454|0.006607|0.001244|0.003545|0.001543|0.048267|0.008057|0.023679|0.011695|0.005171|0.001166|0.003493|0.001213|0.002437|0.000372|0.001504|0.000710|0.015941|0.002685|0.008170|0.003934|0.002529|0.000658|0.001989|0.000582|0.000788|0.000127|0.000581|0.000249,0.263733|0.052796|0.143314|0.058952|0.038033|0.008896|0.019284|0.006839|0.020334|0.003749|0.008890|0.004274|0.085732|0.017614|0.050684|0.019837|0.019253|0.004753|0.010641|0.003454|0.006607|0.001244|0.003545|0.001543|0.048267|0.008057|0.023679|0.011695|0.005171|0.001166|0.003493|0.001213|0.002437|0.000372|0.001504|0.000710|0.015941|0.002685|0.008170|0.003934|0.002529|0.000658|0.001989|0.000582|0.000788|0.000127|0.000581|0.000249,0.0
2500,PBC|encephalopathy|irregular_liver|ascites|hbc_anti,70,20,0.0009326934814453125,0.0009140968322753906,1.0203442879499218,0.418553|0.042301|0.068444|0.006918|0.062187|0.006156|0.010086|0.000999|0.008230|0.000828|0.001341|0.000135|0.001981|0.000192|0.000316|0.000031|0.239561|0.024212|0.039174|0.003959|0.035545|0.003519|0.005764|0.000571|0.012493|0.001259|0.002041|0.000206|0.002352|0.000230|0.000379|0.000037,0.418553|0.042301|0.068444|0.006918|0.062187|0.006156|0.010086|0.000999|0.008230|0.000828|0.001341|0.000135|0.001981|0.000192|0.000316|0.000031|0.239561|0.024212|0.039174|0.003959|0.035545|0.003519|0.005764|0.000571|0.012493|0.001259|0.002041|0.000206|0.002352|0.000230|0.000379|0.000037,-7.504439923582717e-19
2500,anorexia|fibrosis|Hyperbilirubinemia|alt|hbsag_anti,70,21,0.0011000633239746094,0.0010325908660888672,1.0653428769337336,0.112953|0.002116|0.240480|0.004263|0.032294|0.000665|0.253626|0.004718|0.009884|0.000185|0.021044|0.000373|0.002826|0.000058|0.022194|0.000413|0.004369|0.000123|0.006479|0.000178|0.001921|0.000054|0.011495|0.000326|0.000382|0.000011|0.000567|0.000016|0.000168|0.000005|0.001006|0.000029|0.040609|0.000761|0.087273|0.001546|0.011816|0.000243|0.090555|0.001685|0.003554|0.000067|0.007637|0.000135|0.001034|0.000021|0.007924|0.000147|0.001589|0.000045|0.002355|0.000065|0.000692|0.000019|0.004103|0.000116|0.000139|0.000004|0.000206|0.000006|0.000061|0.000002|0.000359|0.000010,0.112953|0.002116|0.240480|0.004263|0.032294|0.000665|0.253626|0.004718|0.009884|0.000185|0.021044|0.000373|0.002826|0.000058|0.022194|0.000413|0.004369|0.000123|0.006479|0.000178|0.001921|0.000054|0.011495|0.000326|0.000382|0.000011|0.000567|0.000016|0.000168|0.000005|0.001006|0.000029|0.040609|0.000761|0.087273|0.001546|0.011816|0.000243|0.090555|0.001685|0.003554|0.000067|0.007637|0.000135|0.001034|0.000021|0.007924|0.000147|0.001589|0.000045|0.002355|0.000065|0.000692|0.000019|0.004103|0.000116|0.000139|0.000004|0.000206|0.000006|0.000061|0.000002|0.000359|0.000010,1.0880616391481244e-16
2500,joints|gallstones|PBC|hepatomegaly|Steatosis,70,13,0.0006303787231445312,0.0006349086761474609,0.9928651896357491,0.143344|0.017411|0.287978|0.034001|0.076759|0.009421|0.170377|0.020037|0.024900|0.003024|0.050024|0.005906|0.013334|0.001636|0.029596|0.003481|0.015713|0.001909|0.031568|0.003727|0.011033|0.001354|0.024489|0.002880|0.002730|0.000332|0.005484|0.000647|0.001917|0.000235|0.004254|0.000500,0.143344|0.017411|0.287978|0.034001|0.076759|0.009421|0.170377|0.020037|0.024900|0.003024|0.050024|0.005906|0.013334|0.001636|0.029596|0.003481|0.015713|0.001909|0.031568|0.003727|0.011033|0.001354|0.024489|0.002880|0.002730|0.000332|0.005484|0.000647|0.001917|0.000235|0.004254|0.000500,4.5909904179689234e-17
2500,hepatalgia|edema|ama|RHepatitis|obesity,70,23,0.0010232925415039062,0.000982522964477539,1.0414947828197039,0.480389|0.041954|0.011482|0.001007|0.131105|0.011451|0.003159|0.000277|0.076863|0.007032|0.001842|0.000170|0.020978|0.001919|0.000507|0.000047|0.126671|0.011061|0.003191|0.000274|0.035553|0.003104|0.000869|0.000075|0.020262|0.001853|0.000506|0.000045|0.005686|0.000520|0.000138|0.000012,0.480389|0.041954|0.011482|0.001007|0.131105|0.011451|0.003159|0.000277|0.076863|0.007032|0.001842|0.000170|0.020978|0.001919|0.000507|0.000047|0.126671|0.011061|0.003191|0.000274|0.035553|0.003104|0.000869|0.000075|0.020262|0.001853|0.000506|0.000045|0.005686|0.000520|0.000138|0.000012,-2.166917962680963e-16
2500,urea|alt|consciousness|edge|proteins,70,24,0.0012137889862060547,0.001071929931640625,1.1323398576512456,0.005535|0.000092|0.001935|0.000030|0.000451|0.000007|0.000179|0.000003|0.011488|0.000190|0.004341|0.000065|0.000946|0.000015|0.000429|0.000006|0.001619|0.000027|0.000578|0.000009|0.000132|0.000002|0.000055|0.000001|0.012351|0.000204|0.004571|0.000069|0.001015|0.000017|0.000447|0.000006|0.113407|0.001888|0.038686|0.000612|0.002171|0.000036|0.000788|0.000012|0.234960|0.003895|0.085451|0.001303|0.004521|0.000074|0.001807|0.000026|0.033148|0.000551|0.011476|0.000179|0.000636|0.000011|0.000237|0.000004|0.252677|0.004189|0.090200|0.001380|0.004857|0.000080|0.001897|0.000028|0.007841|0.000131|0.002680|0.000042|0.000190|0.000003|0.000071|0.000001|0.016248|0.000269|0.005928|0.000090|0.000396|0.000007|0.000164|0.000002|0.002292|0.000038|0.000795|0.000012|0.000056|0.000001|0.000021|0.000000|0.017472|0.000290|0.006256|0.000096|0.000426|0.000007|0.000172|0.000002,0.005535|0.000092|0.001935|0.000030|0.000451|0.000007|0.000179|0.000003|0.011488|0.000190|0.004341|0.000065|0.000946|0.000015|0.000429|0.000006|0.001619|0.000027|0.000578|0.000009|0.000132|0.000002|0.000055|0.000001|0.012351|0.000204|0.004571|0.000069|0.001015|0.000017|0.000447|0.000006|0.113407|0.001888|0.038686|0.000612|0.002171|0.000036|0.000788|0.000012|0.234960|0.003895|0.085451|0.001303|0.004521|0.000074|0.001807|0.000026|0.033148|0.000551|0.011476|0.000179|0.000636|0.000011|0.000237|0.000004|0.252677|0.004189|0.090200|0.001380|0.004857|0.000080|0.001897|0.000028|0.007841|0.000131|0.002680|0.000042|0.000190|0.000003|0.000071|0.000001|0.016248|0.000269|0.005928|0.000090|0.000396|0.000007|0.000164|0.000002|0.002292|0.000038|0.000795|0.000012|0.000056|0.000001|0.000021|0.000000|0.017472|0.000290|0.006256|0.000096|0.000426|0.000007|0.000172|0.000002,-8.303106490885727e-17
2500,alcoholism|carcinoma|palms|gallstones|Hyperbilirubinemia,70,19,0.0008082389831542969,0.0008318424224853516,0.9716251074806534,0.533587|0.047631|0.092791|0.008283|0.098311|0.008746|0.017029|0.001515|0.030852|0.001762|0.005334|0.000303|0.009130|0.000656|0.001557|0.000111|0.085533|0.007627|0.014874|0.001326|0.017765|0.001574|0.003078|0.000273|0.005879|0.000372|0.001017|0.000064|0.002385|0.000189|0.000410|0.000032,0.533587|0.047631|0.092791|0.008283|0.098311|0.008746|0.017029|0.001515|0.030852|0.001762|0.005334|0.000303|0.009130|0.000656|0.001557|0.000111|0.085533|0.007627|0.014874|0.001326|0.017765|0.001574|0.003078|0.000273|0.005879|0.000372|0.001017|0.000064|0.002385|0.000189|0.000410|0.000032,-1.1874790581163267e-16
2500,edge|spiders|proteins|spleen|choledocholithotomy,70,19,0.0009202957153320312,0.0009818077087402344,0.9373482272948033,0.446307|0.076522|0.051202|0.008750|0.007443|0.001276|0.000843|0.000144|0.105989|0.018140|0.015332|0.002594|0.001747|0.000299|0.000231|0.000039|0.140900|0.024093|0.022847|0.003849|0.002298|0.000393|0.000324|0.000055|0.042558|0.007201|0.015203|0.002513|0.000618|0.000105|0.000159|0.000026,0.446307|0.076522|0.051202|0.008750|0.007443|0.001276|0.000843|0.000144|0.105989|0.018140|0.015332|0.002594|0.001747|0.000299|0.000231|0.000039|0.140900|0.024093|0.022847|0.003849|0.002298|0.000393|0.000324|0.000055|0.042558|0.007201|0.015203|0.002513|0.000618|0.000105|0.000159|0.000026,3.242187812691999e-16
2500,sex|hbsag_anti|RHepatitis|hbsag|spiders,70,17,0.0009272098541259766,0.000774383544921875,1.1973522167487685,0.397494|0.105699|0.041987|0.013008|0.009608|0.002555|0.001015|0.000314|0.007181|0.001914|0.001009|0.000362|0.000174|0.000046|0.000024|0.000009|0.285016|0.075790|0.030106|0.009327|0.006889|0.001832|0.000728|0.000225|0.005149|0.001373|0.000723|0.000260|0.000124|0.000033|0.000017|0.000006,0.397494|0.105699|0.041987|0.013008|0.009608|0.002555|0.001015|0.000314|0.007181|0.001914|0.001009|0.000362|0.000174|0.000046|0.000024|0.000009|0.285016|0.075790|0.030106|0.009327|0.006889|0.001832|0.000728|0.000225|0.005149|0.001373|0.000723|0.000260|0.000124|0.000033|0.000017|0.000006,4.1807856287303414e-17
2500,triglycerides|RHepatitis|palms|gallstones|pressure_ruq,70,20,0.0009577274322509766,0.0008628368377685547,1.109975131251727,0.016939|0.011476|0.003675|0.001264|0.004702|0.003171|0.001012|0.000352|0.000409|0.000277|0.000089|0.000031|0.000114|0.000077|0.000024|0.000009|0.381838|0.258738|0.082875|0.028486|0.072386|0.048693|0.015505|0.005440|0.009229|0.006254|0.002003|0.000689|0.001750|0.001177|0.000375|0.000131|0.016346|0.011075|0.003547|0.001220|0.003901|0.002628|0.000838|0.000293|0.000395|0.000268|0.000086|0.000029|0.000094|0.000064|0.000020|0.000007,0.016939|0.011476|0.003675|0.001264|0.004702|0.003171|0.001012|0.000352|0.000409|0.000277|0.000089|0.000031|0.000114|0.000077|0.000024|0.000009|0.381838|0.258738|0.082875|0.028486|0.072386|0.048693|0.015505|0.005440|0.009229|0.006254|0.002003|0.000689|0.001750|0.001177|0.000375|0.000131|0.016346|0.011075|0.003547|0.001220|0.003901|0.002628|0.000838|0.000293|0.000395|0.000268|0.000086|0.000029|0.000094|0.000064|0.000020|0.000007,0.0
2500,hbeag|skin|ama|hepatalgia|age,70,26,0.0012581348419189453,0.001216888427734375,1.0338949843260188,0.073475|0.166104|0.136736|0.024332|0.017454|0.044803|0.037536|0.006741|0.003008|0.034091|0.033992|0.008937|0.000734|0.009226|0.009339|0.002476|0.038907|0.089276|0.075078|0.014849|0.008541|0.023670|0.020481|0.004113|0.003087|0.038086|0.037744|0.009956|0.000727|0.010214|0.010336|0.002758|0.000239|0.000539|0.000443|0.000078|0.000057|0.000145|0.000122|0.000022|0.000009|0.000105|0.000105|0.000027|0.000002|0.000028|0.000029|0.000008|0.000120|0.000278|0.000235|0.000047|0.000026|0.000074|0.000064|0.000013|0.000010|0.000126|0.000125|0.000033|0.000002|0.000034|0.000034|0.000009,0.073475|0.166104|0.136736|0.024332|0.017454|0.044803|0.037536|0.006741|0.003008|0.034091|0.033992|0.008937|0.000734|0.009226|0.009339|0.002476|0.038907|0.089276|0.075078|0.014849|0.008541|0.023670|0.020481|0.004113|0.003087|0.038086|0.037744|0.009956|0.000727|0.010214|0.010336|0.002758|0.000239|0.000539|0.000443|0.000078|0.000057|0.000145|0.000122|0.000022|0.000009|0.000105|0.000105|0.000027|0.000002|0.000028|0.000029|0.000008|0.000120|0.000278|0.000235|0.000047|0.000026|0.000074|0.000064|0.000013|0.000010|0.000126|0.000125|0.000033|0.000002|0.000034|0.000034|0.000009,9.032903939840242e-17
2500,THepatitis|fatigue|ast|choledocholithotomy|density,70,22,0.0010385513305664062,0.0009856224060058594,1.053701015965167,0.101954|0.062386|0.017586|0.010760|0.051686|0.031590|0.008904|0.005441|0.069883|0.042759|0.011977|0.007328|0.003548|0.002167|0.000569|0.000348|0.124291|0.076079|0.021237|0.012997|0.062900|0.038481|0.010729|0.006562|0.085335|0.052240|0.014482|0.008865|0.005352|0.003270|0.000846|0.000517|0.003530|0.002160|0.000594|0.000363|0.000636|0.000393|0.000105|0.000065|0.002717|0.001662|0.000472|0.000289|0.000198|0.000121|0.000033|0.000020|0.008478|0.005190|0.001446|0.000885|0.001667|0.001028|0.000276|0.000171|0.007160|0.004380|0.001243|0.000760|0.000471|0.000288|0.000080|0.000049,0.101954|0.062386|0.017586|0.010760|0.051686|0.031590|0.008904|0.005441|0.069883|0.042759|0.011977|0.007328|0.003548|0.002167|0.000569|0.000348|0.124291|0.076079|0.021237|0.012997|0.062900|0.038481|0.010729|0.006562|0.085335|0.052240|0.014482|0.008865|0.005352|0.003270|0.000846|0.000517|0.003530|0.002160|0.000594|0.000363|0.000636|0.000393|0.000105|0.000065|0.002717|0.001662|0.000472|0.000289|0.000198|0.000121|0.000033|0.000020|0.008478|0.005190|0.001446|0.000885|0.001667|0.001028|0.000276|0.000171|0.007160|0.004380|0.001243|0.000760|0.000471|0.000288|0.000080|0.000049,-1.0707581812760447e-16
2500,irregular_liver|amylase|platelet|Steatosis|transfusion,70,19,0.0008313655853271484,0.0008609294891357422,0.9656604818609803,0.001188|0.000250|0.000134|0.000028|0.005576|0.001174|0.000499|0.000105|0.000615|0.000130|0.000048|0.000010|0.000502|0.000106|0.000060|0.000013|0.095282|0.020317|0.010747|0.002292|0.447181|0.095358|0.040030|0.008536|0.049338|0.010521|0.003878|0.000827|0.040305|0.008594|0.004807|0.001025|0.002299|0.000481|0.000259|0.000054|0.010789|0.002260|0.000966|0.000202|0.001190|0.000249|0.000094|0.000020|0.000972|0.000204|0.000116|0.000024|0.000160|0.000034|0.000073|0.000015|0.000674|0.000141|0.000187|0.000039|0.000071|0.000015|0.000014|0.000003|0.000072|0.000015|0.000041|0.000009|0.012862|0.002741|0.005827|0.001242|0.054085|0.011530|0.014992|0.003197|0.005695|0.001214|0.001148|0.000245|0.005790|0.001234|0.003265|0.000696|0.000310|0.000064|0.000141|0.000029|0.001304|0.000272|0.000362|0.000076|0.000137|0.000029|0.000028|0.000006|0.000139|0.000029|0.000079|0.000016,0.001188|0.000250|0.000134|0.000028|0.005576|0.001174|0.000499|0.000105|0.000615|0.000130|0.000048|0.000010|0.000502|0.000106|0.000060|0.000013|0.095282|0.020317|0.010747|0.002292|0.447181|0.095358|0.040030|0.008536|0.049338|0.010521|0.003878|0.000827|0.040305|0.008594|0.004807|0.001025|0.002299|0.000481|0.000259|0.000054|0.010789|0.002260|0.000966|0.000202|0.001190|0.000249|0.000094|0.000020|0.000972|0.000204|0.000116|0.000024|0.000160|0.000034|0.000073|0.000015|0.000674|0.000141|0.000187|0.000039|0.000071|0.000015|0.000014|0.000003|0.000072|0.000015|0.000041|0.000009|0.012862|0.002741|0.005827|0.001242|0.054085|0.011530|0.014992|0.003197|0.005695|0.001214|0.001148|0.000245|0.005790|0.001234|0.003265|0.000696|0.000310|0.000064|0.000141|0.000029|0.001304|0.000272|0.000362|0.000076|0.000137|0.000029|0.000028|0.000006|0.000139|0.000029|0.000079|0.000016,1.810460600079671e-19
2500,edema|transfusion|bleeding|skin|spleen,70,27,0.0014388561248779297,0.0014045238494873047,1.0244440672211848,0.325936|0.042524|0.204166|0.028473|0.058080|0.008108|0.037325|0.005645|0.069602|0.009069|0.043357|0.006055|0.012414|0.001730|0.007935|0.001202|0.049748|0.008348|0.031812|0.006168|0.008998|0.001711|0.005951|0.001336|0.010617|0.001775|0.006762|0.001317|0.001921|0.000363|0.001266|0.000285,0.325936|0.042524|0.204166|0.028473|0.058080|0.008108|0.037325|0.005645|0.069602|0.009069|0.043357|0.006055|0.012414|0.001730|0.007935|0.001202|0.049748|0.008348|0.031812|0.006168|0.008998|0.001711|0.005951|0.001336|0.010617|0.001775|0.006762|0.001317|0.001921|0.000363|0.001266|0.000285,-4.298610884868567e-17
2500,bilirubin|bleeding|hepatalgia|edema|sex,70,27,0.001417398452758789,0.0014226436614990234,0.9963130551365845,0.034153|0.009825|0.005773|0.001941|0.009151|0.002593|0.001545|0.000512|0.006550|0.001843|0.001160|0.000394|0.001754|0.000486|0.000310|0.000104|0.194592|0.183488|0.030719|0.028465|0.052444|0.048878|0.008275|0.007574|0.035349|0.032207|0.005721|0.005096|0.009525|0.008573|0.001541|0.001355|0.096331|0.046489|0.015566|0.007918|0.025491|0.011537|0.004119|0.001977|0.018057|0.008492|0.003018|0.001528|0.004783|0.002114|0.000800|0.000384|0.009049|0.002249|0.001358|0.000366|0.002391|0.000520|0.000356|0.000086|0.001730|0.000419|0.000263|0.000072|0.000457|0.000098|0.000069|0.000017,0.034153|0.009825|0.005773|0.001941|0.009151|0.002593|0.001545|0.000512|0.006550|0.001843|0.001160|0.000394|0.001754|0.000486|0.000310|0.000104|0.194592|0.183488|0.030719|0.028465|0.052444|0.048878|0.008275|0.007574|0.035349|0.032207|0.005721|0.005096|0.009525|0.008573|0.001541|0.001355|0.096331|0.046489|0.015566|0.007918|0.025491|0.011537|0.004119|0.001977|0.018057|0.008492|0.003018|0.001528|0.004783|0.002114|0.000800|0.000384|0.009049|0.002249|0.001358|0.000366|0.002391|0.000520|0.000356|0.000086|0.001730|0.000419|0.000263|0.000072|0.000457|0.000098|0.000069|0.000017,-6.60272998350394e-17
2500,PBC|spleen|pain_ruq|age|phosphatase,70,22,0.0010333061218261719,0.0009860992431640625,1.047872340425532,0.039678|0.012373|0.022540|0.069905|0.021797|0.039712|0.054267|0.016921|0.030828|0.008456|0.002637|0.004804|0.023602|0.007325|0.013422|0.050392|0.015650|0.028653|0.040294|0.012515|0.022911|0.006379|0.001981|0.003627|0.005633|0.001561|0.003186|0.009931|0.002751|0.005619|0.007710|0.002136|0.004363|0.001202|0.000333|0.000680|0.003504|0.000956|0.002014|0.007439|0.002033|0.004266|0.005943|0.001625|0.003408|0.000941|0.000257|0.000539|0.003029|0.000944|0.001721|0.042818|0.013351|0.024325|0.042604|0.013284|0.024203|0.011306|0.003525|0.006423|0.001914|0.000594|0.001088|0.031114|0.009663|0.017691|0.031713|0.009850|0.018032|0.008529|0.002649|0.004849|0.000430|0.000119|0.000243|0.006083|0.001685|0.003442|0.006053|0.001677|0.003425|0.001606|0.000445|0.000909|0.000284|0.000077|0.000163|0.004592|0.001255|0.002633|0.004677|0.001279|0.002682|0.001258|0.000344|0.000721,0.039678|0.012373|0.022540|0.069905|0.021797|0.039712|0.054267|0.016921|0.030828|0.008456|0.002637|0.004804|0.023602|0.007325|0.013422|0.050392|0.015650|0.028653|0.040294|0.012515|0.022911|0.006379|0.001981|0.003627|0.005633|0.001561|0.003186|0.009931|0.002751|0.005619|0.007710|0.002136|0.004363|0.001202|0.000333|0.000680|0.003504|0.000956|0.002014|0.007439|0.002033|0.004266|0.005943|0.001625|0.003408|0.000941|0.000257|0.000539|0.003029|0.000944|0.001721|0.042818|0.013351|0.024325|0.042604|0.013284|0.024203|0.011306|0.003525|0.006423|0.001914|0.000594|0.001088|0.031114|0.009663|0.017691|0.031713|0.009850|0.018032|0.008529|0.002649|0.004849|0.000430|0.000119|0.000243|0.006083|0.001685|0.003442|0.006053|0.001677|0.003425|0.001606|0.000445|0.000909|0.000284|0.000077|0.000163|0.004592|0.001255|0.002633|0.004677|0.001279|0.002682|0.001258|0.000344|0.000721,1.1381463941125577e-16
2500,Steatosis|bleeding|spiders|Hyperbilirubinemia|THepatitis,70,22,0.0009853839874267578,0.0008854866027832031,1.1128163704900378,0.534918|0.025353|0.046830|0.002188|0.130368|0.006190|0.011452|0.000531|0.095711|0.004225|0.008355|0.000400|0.023795|0.001040|0.002038|0.000102|0.049474|0.003531|0.004402|0.000296|0.025817|0.001891|0.002338|0.000151|0.010091|0.000596|0.000811|0.000065|0.006206|0.000328|0.000464|0.000043,0.534918|0.025353|0.046830|0.002188|0.130368|0.006190|0.011452|0.000531|0.095711|0.004225|0.008355|0.000400|0.023795|0.001040|0.002038|0.000102|0.049474|0.003531|0.004402|0.000296|0.025817|0.001891|0.002338|0.000151|0.010091|0.000596|0.000811|0.000065|0.006206|0.000328|0.000464|0.000043,-4.962740216899975e-17
2500,transfusion|fibrosis|ama|inr|hepatotoxic,70,20,0.0009131431579589844,0.000896453857421875,1.0186170212765957,0.492802|0.045686|0.033585|0.003118|0.043681|0.004017|0.135211|0.012536|0.009399|0.000872|0.011892|0.001093|0.018095|0.001676|0.000159|0.000015|0.003602|0.000333|0.004930|0.000457|0.000040|0.000004|0.001030|0.000095|0.105007|0.009734|0.007107|0.000660|0.009389|0.000864|0.028820|0.002672|0.001990|0.000185|0.002547|0.000234|0.003834|0.000355|0.000037|0.000004|0.000769|0.000071|0.001045|0.000097|0.000009|0.000001|0.000220|0.000020,0.492802|0.045686|0.033585|0.003118|0.043681|0.004017|0.135211|0.012536|0.009399|0.000872|0.011892|0.001093|0.018095|0.001676|0.000159|0.000015|0.003602|0.000333|0.004930|0.000457|0.000040|0.000004|0.001030|0.000095|0.105007|0.009734|0.007107|0.000660|0.009389|0.000864|0.028820|0.002672|0.001990|0.000185|0.002547|0.000234|0.003834|0.000355|0.000037|0.000004|0.000769|0.000071|0.001045|0.000097|0.000009|0.000001|0.000220|0.000020,5.480629751933628e-17
2500,hcv_anti|choledocholithotomy|hospital|edema|RHepatitis,70,15,0.0007169246673583984,0.0006513595581054688,1.1006588579795022,0.321930|0.007781|0.051954|0.001256|0.394461|0.009534|0.063174|0.001527|0.055046|0.001330|0.008872|0.000214|0.067483|0.001631|0.010745|0.000260|0.000877|0.000021|0.000136|0.000003|0.001137|0.000027|0.000177|0.000004|0.000151|0.000004|0.000023|0.000001|0.000202|0.000005|0.000031|0.000001,0.321930|0.007781|0.051954|0.001256|0.394461|0.009534|0.063174|0.001527|0.055046|0.001330|0.008872|0.000214|0.067483|0.001631|0.010745|0.000260|0.000877|0.000021|0.000136|0.000003|0.001137|0.000027|0.000177|0.000004|0.000151|0.000004|0.000023|0.000001|0.000202|0.000005|0.000031|0.000001,-5.839740534351655e-17
2500,Hyperbilirubinemia|hbsag|edge|jaundice|pain,70,22,0.001119375228881836,0.0010764598846435547,1.0398671096345515,0.345056|0.101039|0.130805|0.036325|0.120063|0.035113|0.046902|0.013083|0.036280|0.010608|0.013648|0.003804|0.014940|0.004358|0.005861|0.001647|0.028581|0.009090|0.012208|0.003783|0.009954|0.003169|0.004357|0.001348|0.003061|0.000973|0.001219|0.000378|0.001267|0.000404|0.000516|0.000159,0.345056|0.101039|0.130805|0.036325|0.120063|0.035113|0.046902|0.013083|0.036280|0.010608|0.013648|0.003804|0.014940|0.004358|0.005861|0.001647|0.028581|0.009090|0.012208|0.003783|0.009954|0.003169|0.004357|0.001348|0.003061|0.000973|0.001219|0.000378|0.001267|0.000404|0.000516|0.000159,1.744013348935511e-16
2500,spiders|fibrosis|bleeding|itching|RHepatitis,70,26,0.0012898445129394531,0.0012583732604980469,1.0250094732853354,0.363376|0.008783|0.272108|0.006577|0.064944|0.001570|0.049130|0.001188|0.008734|0.000211|0.007033|0.000170|0.001844|0.000045|0.001497|0.000036|0.091141|0.002203|0.069554|0.001681|0.016962|0.000410|0.013156|0.000318|0.007679|0.000186|0.006146|0.000149|0.001718|0.000042|0.001377|0.000033,0.363376|0.008783|0.272108|0.006577|0.064944|0.001570|0.049130|0.001188|0.008734|0.000211|0.007033|0.000170|0.001844|0.000045|0.001497|0.000036|0.091141|0.002203|0.069554|0.001681|0.016962|0.000410|0.013156|0.000318|0.007679|0.000186|0.006146|0.000149|0.001718|0.000042|0.001377|0.000033,-1.0443205468439003e-17
2500,carcinoma|hospital|pain|encephalopathy|inr,70,22,0.001115560531616211,0.0009512901306152344,1.1726817042606517,0.273464|0.017984|0.024741|0.008806|0.000546|0.000908|0.080499|0.005284|0.007281|0.002338|0.000144|0.000241|0.335203|0.022951|0.029606|0.010718|0.000695|0.001081|0.098681|0.006743|0.008711|0.002845|0.000184|0.000288|0.017389|0.000906|0.002374|0.000991|0.000043|0.000162|0.004351|0.000213|0.000637|0.000247|0.000010|0.000043|0.020796|0.001147|0.002797|0.001167|0.000054|0.000190|0.005175|0.000269|0.000749|0.000289|0.000012|0.000050,0.273464|0.017984|0.024741|0.008806|0.000546|0.000908|0.080499|0.005284|0.007281|0.002338|0.000144|0.000241|0.335203|0.022951|0.029606|0.010718|0.000695|0.001081|0.098681|0.006743|0.008711|0.002845|0.000184|0.000288|0.017389|0.000906|0.002374|0.000991|0.000043|0.000162|0.004351|0.000213|0.000637|0.000247|0.000010|0.000043|0.020796|0.001147|0.002797|0.001167|0.000054|0.000190|0.005175|0.000269|0.000749|0.000289|0.000012|0.000050,7.848258235005536e-17
2500,ChHepatitis|Cirrhosis|consciousness|palms|proteins,70,19,0.0008497238159179688,0.000720977783203125,1.1785714285714286,0.641735|0.010714|0.105234|0.001757|0.014108|0.000236|0.002313|0.000039|0.006981|0.000140|0.003191|0.000064|0.000152|0.000003|0.000070|0.000001|0.014033|0.000105|0.013030|0.000097|0.000560|0.000004|0.000520|0.000004|0.079537|0.001328|0.013043|0.000218|0.001749|0.000029|0.000287|0.000005|0.005796|0.000116|0.002650|0.000053|0.000126|0.000003|0.000058|0.000001|0.011362|0.000085|0.010551|0.000079|0.000453|0.000003|0.000421|0.000003|0.044142|0.000737|0.007239|0.000121|0.000970|0.000016|0.000159|0.000003|0.000643|0.000013|0.000294|0.000006|0.000014|0.000000|0.000006|0.000000|0.001283|0.000010|0.001191|0.000009|0.000051|0.000000|0.000048|0.000000,0.641735|0.010714|0.105234|0.001757|0.014108|0.000236|0.002313|0.000039|0.006981|0.000140|0.003191|0.000064|0.000152|0.000003|0.000070|0.000001|0.014033|0.000105|0.013030|0.000097|0.000560|0.000004|0.000520|0.000004|0.079537|0.001328|0.013043|0.000218|0.001749|0.000029|0.000287|0.000005|0.005796|0.000116|0.002650|0.000053|0.000126|0.000003|0.000058|0.000001|0.011362|0.000085|0.010551|0.000079|0.000453|0.000003|0.000421|0.000003|0.044142|0.000737|0.007239|0.000121|0.000970|0.000016|0.000159|0.000003|0.000643|0.000013|0.000294|0.000006|0.000014|0.000000|0.000006|0.000000|0.001283|0.000010|0.001191|0.000009|0.000051|0.000000|0.000048|0.000000,2.882633724504164e-16
2500,injections|skin|hepatomegaly|hbsag_anti|edge,70,25,0.0013041496276855469,0.0012314319610595703,1.0590513068731848,0.085822|0.030421|0.001590|0.000587|0.180820|0.063796|0.003346|0.001230|0.054749|0.020603|0.001010|0.000392|0.111314|0.041905|0.002057|0.000800|0.057225|0.019569|0.001074|0.000376|0.120868|0.041164|0.002267|0.000790|0.037214|0.013466|0.000696|0.000257|0.075395|0.027264|0.001412|0.000521,0.085822|0.030421|0.001590|0.000587|0.180820|0.063796|0.003346|0.001230|0.054749|0.020603|0.001010|0.000392|0.111314|0.041905|0.002057|0.000800|0.057225|0.019569|0.001074|0.000376|0.120868|0.041164|0.002267|0.000790|0.037214|0.013466|0.000696|0.000257|0.075395|0.027264|0.001412|0.000521,1.2078341240486997e-16
2500,itching|amylase|upper_pain|hbeag|urea,70,24,0.001171112060546875,0.0011982917785644531,0.9773179466772781,0.000196|0.003756|0.000261|0.000001|0.000012|0.000001|0.000120|0.002306|0.000160|0.000000|0.000007|0.000001|0.015923|0.305710|0.021253|0.000051|0.000982|0.000068|0.009529|0.182963|0.012719|0.000030|0.000587|0.000041|0.000376|0.007230|0.000503|0.000001|0.000023|0.000002|0.000233|0.004478|0.000311|0.000001|0.000014|0.000001|0.000151|0.002847|0.000198|0.000000|0.000009|0.000001|0.000093|0.001751|0.000122|0.000000|0.000006|0.000000|0.012237|0.230354|0.016042|0.000039|0.000735|0.000051|0.007334|0.138044|0.009613|0.000023|0.000441|0.000031|0.000292|0.005493|0.000383|0.000001|0.000018|0.000001|0.000181|0.003410|0.000237|0.000001|0.000011|0.000001,0.000196|0.003756|0.000261|0.000001|0.000012|0.000001|0.000120|0.002306|0.000160|0.000000|0.000007|0.000001|0.015923|0.305710|0.021253|0.000051|0.000982|0.000068|0.009529|0.182963|0.012719|0.000030|0.000587|0.000041|0.000376|0.007230|0.000503|0.000001|0.000023|0.000002|0.000233|0.004478|0.000311|0.000001|0.000014|0.000001|0.000151|0.002847|0.000198|0.000000|0.000009|0.000001|0.000093|0.001751|0.000122|0.000000|0.000006|0.000000|0.012237|0.230354|0.016042|0.000039|0.000735|0.000051|0.007334|0.138044|0.009613|0.000023|0.000441|0.000031|0.000292|0.005493|0.000383|0.000001|0.000018|0.000001|0.000181|0.003410|0.000237|0.000001|0.000011|0.000001,9.648980930383698e-17
2500,spleen|hbsag_anti|gallstones|proteins|phosphatase,70,20,0.0010304450988769531,0.0009987354278564453,1.0317498209596563,0.383878|0.119061|0.217702|0.006312|0.001969|0.003578|0.066120|0.021091|0.038087|0.001088|0.000349|0.000626|0.007219|0.002165|0.004049|0.000118|0.000036|0.000066|0.001245|0.000385|0.000709|0.000020|0.000006|0.000012|0.055513|0.015239|0.031545|0.000826|0.000234|0.000463|0.009493|0.002676|0.005482|0.000142|0.000041|0.000081|0.001104|0.000288|0.000606|0.000016|0.000004|0.000009|0.000188|0.000050|0.000105|0.000003|0.000001|0.000002,0.383878|0.119061|0.217702|0.006312|0.001969|0.003578|0.066120|0.021091|0.038087|0.001088|0.000349|0.000626|0.007219|0.002165|0.004049|0.000118|0.000036|0.000066|0.001245|0.000385|0.000709|0.000020|0.000006|0.000012|0.055513|0.015239|0.031545|0.000826|0.000234|0.000463|0.009493|0.002676|0.005482|0.000142|0.000041|0.000081|0.001104|0.000288|0.000606|0.000016|0.000004|0.000009|0.000188|0.000050|0.000105|0.000003|0.000001|0.000002,-1.2959255672835762e-16
2500,pain_ruq|itching|fibrosis|Hyperbilirubinemia|ama,70,21,0.0010390281677246094,0.0009582042694091797,1.084349340631998,0.230664|0.058219|0.027927|0.003008|0.008383|0.002287|0.001155|0.000107|0.159902|0.055022|0.023227|0.003205|0.006581|0.002052|0.000805|0.000131|0.174614|0.044119|0.009785|0.001052|0.006351|0.001733|0.000405|0.000037|0.121366|0.041697|0.008165|0.001128|0.004988|0.001555|0.000282|0.000046,0.230664|0.058219|0.027927|0.003008|0.008383|0.002287|0.001155|0.000107|0.159902|0.055022|0.023227|0.003205|0.006581|0.002052|0.000805|0.000131|0.174614|0.044119|0.009785|0.001052|0.006351|0.001733|0.000405|0.000037|0.121366|0.041697|0.008165|0.001128|0.004988|0.001555|0.000282|0.000046,-7.187939112592248e-17
2500,obesity|hepatomegaly|inr|pain_ruq|choledocholithotomy,70,21,0.0010120868682861328,0.0009429454803466797,1.0733249051833123,0.131425|0.022467|0.088989|0.015211|0.008372|0.001459|0.005823|0.001014|0.012142|0.002049|0.008384|0.001418|0.264294|0.045174|0.193088|0.033001|0.017720|0.003086|0.012989|0.002262|0.023865|0.004033|0.017905|0.003029|0.011368|0.001943|0.007913|0.001352|0.000706|0.000123|0.000499|0.000087|0.001141|0.000193|0.000831|0.000141|0.022822|0.003900|0.017089|0.002920|0.001485|0.000259|0.001107|0.000193|0.002264|0.000384|0.001778|0.000302,0.131425|0.022467|0.088989|0.015211|0.008372|0.001459|0.005823|0.001014|0.012142|0.002049|0.008384|0.001418|0.264294|0.045174|0.193088|0.033001|0.017720|0.003086|0.012989|0.002262|0.023865|0.004033|0.017905|0.003029|0.011368|0.001943|0.007913|0.001352|0.000706|0.000123|0.000499|0.000087|0.001141|0.000193|0.000831|0.000141|0.022822|0.003900|0.017089|0.002920|0.001485|0.000259|0.001107|0.000193|0.002264|0.000384|0.001778|0.000302,-2.500920920952374e-17
2500,age|encephalopathy|joints|sex|bilirubin,70,20,0.000946044921875,0.001005411148071289,0.9409532843253497,0.003534|0.053267|0.016871|0.001011|0.001648|0.038233|0.013329|0.000743|0.000440|0.005958|0.001965|0.000125|0.000181|0.004191|0.001461|0.000081|0.000148|0.001196|0.000490|0.000037|0.000051|0.000778|0.000299|0.000015|0.000019|0.000138|0.000060|0.000005|0.000006|0.000085|0.000033|0.000002|0.021924|0.119497|0.059473|0.005602|0.005954|0.118473|0.027387|0.001124|0.003064|0.014829|0.008084|0.000793|0.000710|0.013135|0.003137|0.000139|0.001148|0.004155|0.002739|0.000300|0.000231|0.002533|0.000778|0.000043|0.000162|0.000550|0.000382|0.000043|0.000028|0.000286|0.000092|0.000006|0.020663|0.098312|0.054278|0.005338|0.005500|0.103286|0.023069|0.000935|0.002911|0.012510|0.007499|0.000761|0.000668|0.011495|0.002683|0.000120|0.001098|0.003734|0.002602|0.000288|0.000222|0.002250|0.000696|0.000040|0.000156|0.000504|0.000366|0.000041|0.000028|0.000256|0.000084|0.000005|0.004268|0.020072|0.011190|0.001103|0.002073|0.017948|0.006276|0.000477|0.000602|0.002565|0.001551|0.000157|0.000281|0.002114|0.000818|0.000067|0.000227|0.000774|0.000540|0.000059|0.000103|0.000509|0.000261|0.000025|0.000032|0.000105|0.000076|0.000009|0.000014|0.000064|0.000035|0.000004,0.003534|0.053267|0.016871|0.001011|0.001648|0.038233|0.013329|0.000743|0.000440|0.005958|0.001965|0.000125|0.000181|0.004191|0.001461|0.000081|0.000148|0.001196|0.000490|0.000037|0.000051|0.000778|0.000299|0.000015|0.000019|0.000138|0.000060|0.000005|0.000006|0.000085|0.000033|0.000002|0.021924|0.119497|0.059473|0.005602|0.005954|0.118473|0.027387|0.001124|0.003064|0.014829|0.008084|0.000793|0.000710|0.013135|0.003137|0.000139|0.001148|0.004155|0.002739|0.000300|0.000231|0.002533|0.000778|0.000043|0.000162|0.000550|0.000382|0.000043|0.000028|0.000286|0.000092|0.000006|0.020663|0.098312|0.054278|0.005338|0.005500|0.103286|0.023069|0.000935|0.002911|0.012510|0.007499|0.000761|0.000668|0.011495|0.002683|0.000120|0.001098|0.003734|0.002602|0.000288|0.000222|0.002250|0.000696|0.000040|0.000156|0.000504|0.000366|0.000041|0.000028|0.000256|0.000084|0.000005|0.004268|0.020072|0.011190|0.001103|0.002073|0.017948|0.006276|0.000477|0.000602|0.002565|0.001551|0.000157|0.000281|0.002114|0.000818|0.000067|0.000227|0.000774|0.000540|0.000059|0.000103|0.000509|0.000261|0.000025|0.000032|0.000105|0.000076|0.000009|0.000014|0.000064|0.000035|0.000004,0.0
2500,le_cells|hospital|obesity|irregular_liver|spiders,70,18,0.0007944107055664062,0.000762939453125,1.04125,0.264617|0.065936|0.034628|0.015077|0.022599|0.005891|0.003243|0.001693|0.325666|0.080470|0.041867|0.017508|0.027811|0.007191|0.003925|0.001993|0.022975|0.005725|0.003006|0.001309|0.001962|0.000511|0.000282|0.000147|0.028275|0.006987|0.003635|0.001520|0.002415|0.000624|0.000341|0.000173,0.264617|0.065936|0.034628|0.015077|0.022599|0.005891|0.003243|0.001693|0.325666|0.080470|0.041867|0.017508|0.027811|0.007191|0.003925|0.001993|0.022975|0.005725|0.003006|0.001309|0.001962|0.000511|0.000282|0.000147|0.028275|0.006987|0.003635|0.001520|0.002415|0.000624|0.000341|0.000173,7.523559941312365e-17
2500,THepatitis|proteins|Hyperbilirubinemia|consciousness|phosphatase,70,23,0.0011093616485595703,0.0010199546813964844,1.0876577840112203,0.439467|0.143345|0.260072|0.010176|0.003264|0.006028|0.038537|0.012569|0.022805|0.000811|0.000260|0.000480|0.007144|0.002351|0.004222|0.000162|0.000053|0.000096|0.000626|0.000206|0.000370|0.000013|0.000004|0.000008|0.032144|0.001363|0.007993|0.000747|0.000031|0.000190|0.002819|0.000120|0.000701|0.000060|0.000002|0.000015|0.000521|0.000023|0.000127|0.000012|0.000001|0.000003|0.000046|0.000002|0.000011|0.000001|0.000000|0.000000,0.439467|0.143345|0.260072|0.010176|0.003264|0.006028|0.038537|0.012569|0.022805|0.000811|0.000260|0.000480|0.007144|0.002351|0.004222|0.000162|0.000053|0.000096|0.000626|0.000206|0.000370|0.000013|0.000004|0.000008|0.032144|0.001363|0.007993|0.000747|0.000031|0.000190|0.002819|0.000120|0.000701|0.000060|0.000002|0.000015|0.000521|0.000023|0.000127|0.000012|0.000001|0.000003|0.000046|0.000002|0.000011|0.000001|0.000000|0.000000,-2.1141410868934366e-16
2500,Cirrhosis|hepatalgia|transfusion|nausea|alcohol,70,22,0.0009779930114746094,0.0009009838104248047,1.0854723471817942,0.379130|0.052191|0.150823|0.020762|0.080804|0.011124|0.032145|0.004425|0.100651|0.013856|0.040144|0.005526|0.021452|0.002953|0.008556|0.001178|0.006704|0.002793|0.002681|0.001117|0.001427|0.000594|0.000571|0.000238|0.001770|0.000737|0.000707|0.000295|0.000377|0.000157|0.000150|0.000063|0.021397|0.003721|0.008561|0.001489|0.004554|0.000792|0.001822|0.000317|0.005645|0.000982|0.002256|0.000392|0.001201|0.000209|0.000480|0.000083,0.379130|0.052191|0.150823|0.020762|0.080804|0.011124|0.032145|0.004425|0.100651|0.013856|0.040144|0.005526|0.021452|0.002953|0.008556|0.001178|0.006704|0.002793|0.002681|0.001117|0.001427|0.000594|0.000571|0.000238|0.001770|0.000737|0.000707|0.000295|0.000377|0.000157|0.000150|0.000063|0.021397|0.003721|0.008561|0.001489|0.004554|0.000792|0.001822|0.000317|0.005645|0.000982|0.002256|0.000392|0.001201|0.000209|0.000480|0.000083,-7.674276532977428e-18
2500,hepatomegaly|skin|itching|le_cells|triglycerides,70,26,0.0012764930725097656,0.0012128353118896484,1.052486730882642,0.004833|0.104640|0.004582|0.000361|0.007669|0.000339|0.002960|0.063167|0.002789|0.000231|0.004877|0.000217|0.002584|0.051716|0.002370|0.000240|0.004905|0.000222|0.002820|0.054591|0.002551|0.000291|0.005831|0.000267|0.010033|0.220920|0.009583|0.000767|0.016587|0.000727|0.006101|0.132319|0.005789|0.000489|0.010503|0.000462|0.005202|0.105372|0.004795|0.000503|0.010430|0.000468|0.005602|0.109704|0.005092|0.000603|0.012340|0.000558,0.004833|0.104640|0.004582|0.000361|0.007669|0.000339|0.002960|0.063167|0.002789|0.000231|0.004877|0.000217|0.002584|0.051716|0.002370|0.000240|0.004905|0.000222|0.002820|0.054591|0.002551|0.000291|0.005831|0.000267|0.010033|0.220920|0.009583|0.000767|0.016587|0.000727|0.006101|0.132319|0.005789|0.000489|0.010503|0.000462|0.005202|0.105372|0.004795|0.000503|0.010430|0.000468|0.005602|0.109704|0.005092|0.000603|0.012340|0.000558,8.044318586425371e-17
2500,Steatosis|urea|ChHepatitis|triglycerides|palms,70,19,0.0008001327514648438,0.0008285045623779297,0.9657553956834533,0.000644|0.000106|0.027274|0.004492|0.000863|0.000142|0.000097|0.000027|0.004099|0.001130|0.000130|0.000036|0.000045|0.000008|0.001900|0.000328|0.000060|0.000010|0.012485|0.002055|0.528599|0.087012|0.016729|0.002754|0.001816|0.000461|0.076878|0.019508|0.002433|0.000617|0.000868|0.000148|0.036735|0.006273|0.001163|0.000199|0.000867|0.000143|0.036718|0.006044|0.001162|0.000191|0.000126|0.000032|0.005355|0.001369|0.000169|0.000043|0.000060|0.000010|0.002552|0.000436|0.000081|0.000014|0.000695|0.000283|0.002025|0.000824|0.000412|0.000168|0.000106|0.000051|0.000309|0.000149|0.000063|0.000030|0.000048|0.000020|0.000141|0.000058|0.000029|0.000012|0.012500|0.004580|0.036440|0.013351|0.007415|0.002717|0.001867|0.000811|0.005442|0.002363|0.001107|0.000481|0.000870|0.000323|0.002537|0.000942|0.000516|0.000192|0.000874|0.000323|0.002548|0.000943|0.000518|0.000192|0.000131|0.000057|0.000381|0.000167|0.000078|0.000034|0.000061|0.000023|0.000177|0.000067|0.000036|0.000014,0.000644|0.000106|0.027274|0.004492|0.000863|0.000142|0.000097|0.000027|0.004099|0.001130|0.000130|0.000036|0.000045|0.000008|0.001900|0.000328|0.000060|0.000010|0.012485|0.002055|0.528599|0.087012|0.016729|0.002754|0.001816|0.000461|0.076878|0.019508|0.002433|0.000617|0.000868|0.000148|0.036735|0.006273|0.001163|0.000199|0.000867|0.000143|0.036718|0.006044|0.001162|0.000191|0.000126|0.000032|0.005355|0.001369|0.000169|0.000043|0.000060|0.000010|0.002552|0.000436|0.000081|0.000014|0.000695|0.000283|0.002025|0.000824|0.000412|0.000168|0.000106|0.000051|0.000309|0.000149|0.000063|0.000030|0.000048|0.000020|0.000141|0.000058|0.000029|0.000012|0.012500|0.004580|0.036440|0.013351|0.007415|0.002717|0.001867|0.000811|0.005442|0.002363|0.001107|0.000481|0.000870|0.000323|0.002537|0.000942|0.000516|0.000192|0.000874|0.000323|0.002548|0.000943|0.000518|0.000192|0.000131|0.000057|0.000381|0.000167|0.000078|0.000034|0.000061|0.000023|0.000177|0.000067|0.000036|0.000014,9.766108898035049e-17
2500,pain|ChHepatitis|hcv_anti|anorexia|hepatomegaly,70,21,0.0010273456573486328,0.0009472370147705078,1.0845708532595015,0.150152|0.312519|0.054097|0.112528|0.000518|0.001078|0.000187|0.000388|0.023653|0.049229|0.008521|0.017726|0.000000|0.000000|0.000000|0.000000|0.010528|0.021913|0.003793|0.007890|0.000000|0.000000|0.000000|0.000000|0.043949|0.090592|0.015837|0.032616|0.000152|0.000312|0.000055|0.000112|0.006923|0.014270|0.002495|0.005138|0.000000|0.000000|0.000000|0.000000|0.003082|0.006352|0.001110|0.002287|0.000000|0.000000|0.000000|0.000000,0.150152|0.312519|0.054097|0.112528|0.000518|0.001078|0.000187|0.000388|0.023653|0.049229|0.008521|0.017726|0.000000|0.000000|0.000000|0.000000|0.010528|0.021913|0.003793|0.007890|0.000000|0.000000|0.000000|0.000000|0.043949|0.090592|0.015837|0.032616|0.000152|0.000312|0.000055|0.000112|0.006923|0.014270|0.002495|0.005138|0.000000|0.000000|0.000000|0.000000|0.003082|0.006352|0.001110|0.002287|0.000000|0.000000|0.000000|0.000000,1.7906000142212368e-16
2500,upper_pain|Steatosis|itching|phosphatase|density,70,26,0.0013034343719482422,0.001329660415649414,0.980276134122288,0.105882|0.064583|0.033070|0.020154|0.059494|0.036260|0.078961|0.048324|0.024834|0.015186|0.044594|0.027272|0.012270|0.007612|0.003106|0.001921|0.007387|0.004607|0.009734|0.006074|0.002460|0.001530|0.006074|0.003812|0.063412|0.038677|0.019829|0.012084|0.035654|0.021730|0.047371|0.028992|0.014902|0.009113|0.026756|0.016363|0.007350|0.004560|0.001862|0.001152|0.004429|0.002762|0.005839|0.003643|0.001475|0.000917|0.003642|0.002286,0.105882|0.064583|0.033070|0.020154|0.059494|0.036260|0.078961|0.048324|0.024834|0.015186|0.044594|0.027272|0.012270|0.007612|0.003106|0.001921|0.007387|0.004607|0.009734|0.006074|0.002460|0.001530|0.006074|0.003812|0.063412|0.038677|0.019829|0.012084|0.035654|0.021730|0.047371|0.028992|0.014902|0.009113|0.026756|0.016363|0.007350|0.004560|0.001862|0.001152|0.004429|0.002762|0.005839|0.003643|0.001475|0.000917|0.003642|0.002286,6.059809165600934e-17
2500,bilirubin|vh_amn|fibrosis|upper_pain|hepatalgia,70,24,0.001184225082397461,0.0011157989501953125,1.0613247863247863,0.030649|0.008192|0.018656|0.004977|0.001307|0.000349|0.000790|0.000210|0.005823|0.001552|0.003554|0.000946|0.000536|0.000143|0.000324|0.000086|0.257910|0.069165|0.154765|0.041502|0.008279|0.002185|0.004911|0.001296|0.052731|0.014120|0.031607|0.008463|0.003411|0.000900|0.002023|0.000534|0.100318|0.025961|0.059505|0.015417|0.002672|0.000720|0.001638|0.000442|0.019742|0.005130|0.011736|0.003053|0.001109|0.000299|0.000680|0.000183|0.007061|0.001816|0.004450|0.001135|0.000656|0.000175|0.000387|0.000103|0.001544|0.000398|0.000974|0.000250|0.000273|0.000073|0.000161|0.000043,0.030649|0.008192|0.018656|0.004977|0.001307|0.000349|0.000790|0.000210|0.005823|0.001552|0.003554|0.000946|0.000536|0.000143|0.000324|0.000086|0.257910|0.069165|0.154765|0.041502|0.008279|0.002185|0.004911|0.001296|0.052731|0.014120|0.031607|0.008463|0.003411|0.000900|0.002023|0.000534|0.100318|0.025961|0.059505|0.015417|0.002672|0.000720|0.001638|0.000442|0.019742|0.005130|0.011736|0.003053|0.001109|0.000299|0.000680|0.000183|0.007061|0.001816|0.004450|0.001135|0.000656|0.000175|0.000387|0.000103|0.001544|0.000398|0.000974|0.000250|0.000273|0.000073|0.000161|0.000043,-3.919066012719154e-17
2500,bleeding|sex|hcv_anti|skin|PBC,70,25,0.0012035369873046875,0.0012199878692626953,0.986515536447137,0.148120|0.129398|0.064020|0.148396|0.000417|0.000354|0.000179|0.000427|0.223339|0.015320|0.097234|0.017531|0.000629|0.000042|0.000273|0.000050|0.026019|0.024868|0.011502|0.028445|0.000073|0.000067|0.000032|0.000081|0.039235|0.002944|0.017467|0.003360|0.000109|0.000008|0.000048|0.000010,0.148120|0.129398|0.064020|0.148396|0.000417|0.000354|0.000179|0.000427|0.223339|0.015320|0.097234|0.017531|0.000629|0.000042|0.000273|0.000050|0.026019|0.024868|0.011502|0.028445|0.000073|0.000067|0.000032|0.000081|0.039235|0.002944|0.017467|0.003360|0.000109|0.000008|0.000048|0.000010,-7.31692117914152e-17
2500,injections|amylase|fatigue|age|spiders,70,20,0.0008821487426757812,0.0009105205535888672,0.9688400104739461,0.000355|0.000096|0.001010|0.000272|0.000878|0.000237|0.000180|0.000049|0.000453|0.000126|0.001290|0.000358|0.001121|0.000311|0.000230|0.000064|0.029273|0.007894|0.083340|0.022473|0.072463|0.019540|0.014876|0.004011|0.037374|0.010364|0.106404|0.029506|0.092516|0.025655|0.018993|0.005267|0.000680|0.000183|0.001935|0.000522|0.001683|0.000454|0.000345|0.000093|0.000868|0.000241|0.002470|0.000685|0.002148|0.000595|0.000441|0.000122|0.000259|0.000068|0.000737|0.000193|0.000641|0.000168|0.000132|0.000034|0.000317|0.000084|0.000901|0.000240|0.000784|0.000209|0.000161|0.000043|0.020042|0.005256|0.057060|0.014963|0.049613|0.013010|0.010185|0.002671|0.024506|0.006538|0.069769|0.018615|0.060663|0.016185|0.012454|0.003323|0.000507|0.000133|0.001443|0.000379|0.001255|0.000329|0.000258|0.000068|0.000620|0.000165|0.001765|0.000471|0.001535|0.000409|0.000315|0.000084,0.000355|0.000096|0.001010|0.000272|0.000878|0.000237|0.000180|0.000049|0.000453|0.000126|0.001290|0.000358|0.001121|0.000311|0.000230|0.000064|0.029273|0.007894|0.083340|0.022473|0.072463|0.019540|0.014876|0.004011|0.037374|0.010364|0.106404|0.029506|0.092516|0.025655|0.018993|0.005267|0.000680|0.000183|0.001935|0.000522|0.001683|0.000454|0.000345|0.000093|0.000868|0.000241|0.002470|0.000685|0.002148|0.000595|0.000441|0.000122|0.000259|0.000068|0.000737|0.000193|0.000641|0.000168|0.000132|0.000034|0.000317|0.000084|0.000901|0.000240|0.000784|0.000209|0.000161|0.000043|0.020042|0.005256|0.057060|0.014963|0.049613|0.013010|0.010185|0.002671|0.024506|0.006538|0.069769|0.018615|0.060663|0.016185|0.012454|0.003323|0.000507|0.000133|0.001443|0.000379|0.001255|0.000329|0.000258|0.000068|0.000620|0.000165|0.001765|0.000471|0.001535|0.000409|0.000315|0.000084,6.504383631628664e-17
2500,upper_pain|alt|inr|joints|platelet,70,25,0.0012996196746826172,0.0012352466583251953,1.0521134916039374,0.013196|0.059952|0.006510|0.005573|0.001621|0.007271|0.000780|0.000729|0.000832|0.003929|0.000435|0.000350|0.000102|0.000477|0.000052|0.000046|0.001317|0.005329|0.000538|0.000549|0.000161|0.000647|0.000065|0.000071|0.027927|0.124971|0.013531|0.012075|0.003425|0.015162|0.001623|0.001574|0.001830|0.008668|0.000961|0.000772|0.000226|0.001053|0.000115|0.000102|0.002992|0.011442|0.001131|0.001323|0.000365|0.001390|0.000136|0.000168|0.003880|0.017629|0.001923|0.001668|0.000476|0.002138|0.000231|0.000218|0.000216|0.001001|0.000109|0.000090|0.000027|0.000122|0.000013|0.000012|0.000396|0.001651|0.000172|0.000174|0.000048|0.000200|0.000021|0.000022|0.029854|0.134538|0.014643|0.012971|0.003661|0.016322|0.001757|0.001692|0.001895|0.008972|0.000995|0.000800|0.000233|0.001090|0.000119|0.000106|0.003003|0.011941|0.001213|0.001331|0.000367|0.001450|0.000146|0.000170|0.007910|0.035939|0.003903|0.003341|0.000972|0.004359|0.000468|0.000437|0.000499|0.002356|0.000261|0.000210|0.000061|0.000286|0.000031|0.000028|0.000789|0.003194|0.000322|0.000329|0.000097|0.000388|0.000039|0.000042|0.016742|0.074921|0.008112|0.007238|0.002053|0.009090|0.000973|0.000943|0.001097|0.005198|0.000576|0.000463|0.000135|0.000631|0.000069|0.000061|0.001793|0.006858|0.000678|0.000793|0.000219|0.000833|0.000082|0.000101|0.002325|0.010566|0.001152|0.001000|0.000285|0.001282|0.000138|0.000131|0.000129|0.000600|0.000066|0.000054|0.000016|0.000073|0.000008|0.000007|0.000237|0.000989|0.000103|0.000104|0.000029|0.000120|0.000012|0.000013|0.017897|0.080657|0.008779|0.007776|0.002195|0.009785|0.001053|0.001014|0.001136|0.005381|0.000596|0.000480|0.000140|0.000653|0.000071|0.000063|0.001800|0.007158|0.000727|0.000798|0.000220|0.000869|0.000088|0.000102,0.013196|0.059952|0.006510|0.005573|0.001621|0.007271|0.000780|0.000729|0.000832|0.003929|0.000435|0.000350|0.000102|0.000477|0.000052|0.000046|0.001317|0.005329|0.000538|0.000549|0.000161|0.000647|0.000065|0.000071|0.027927|0.124971|0.013531|0.012075|0.003425|0.015162|0.001623|0.001574|0.001830|0.008668|0.000961|0.000772|0.000226|0.001053|0.000115|0.000102|0.002992|0.011442|0.001131|0.001323|0.000365|0.001390|0.000136|0.000168|0.003880|0.017629|0.001923|0.001668|0.000476|0.002138|0.000231|0.000218|0.000216|0.001001|0.000109|0.000090|0.000027|0.000122|0.000013|0.000012|0.000396|0.001651|0.000172|0.000174|0.000048|0.000200|0.000021|0.000022|0.029854|0.134538|0.014643|0.012971|0.003661|0.016322|0.001757|0.001692|0.001895|0.008972|0.000995|0.000800|0.000233|0.001090|0.000119|0.000106|0.003003|0.011941|0.001213|0.001331|0.000367|0.001450|0.000146|0.000170|0.007910|0.035939|0.003903|0.003341|0.000972|0.004359|0.000468|0.000437|0.000499|0.002356|0.000261|0.000210|0.000061|0.000286|0.000031|0.000028|0.000789|0.003194|0.000322|0.000329|0.000097|0.000388|0.000039|0.000042|0.016742|0.074921|0.008112|0.007238|0.002053|0.009090|0.000973|0.000943|0.001097|0.005198|0.000576|0.000463|0.000135|0.000631|0.000069|0.000061|0.001793|0.006858|0.000678|0.000793|0.000219|0.000833|0.000082|0.000101|0.002325|0.010566|0.001152|0.001000|0.000285|0.001282|0.000138|0.000131|0.000129|0.000600|0.000066|0.000054|0.000016|0.000073|0.000008|0.000007|0.000237|0.000989|0.000103|0.000104|0.000029|0.000120|0.000012|0.000013|0.017897|0.080657|0.008779|0.007776|0.002195|0.009785|0.001053|0.001014|0.001136|0.005381|0.000596|0.000480|0.000140|0.000653|0.000071|0.000063|0.001800|0.007158|0.000727|0.000798|0.000220|0.000869|0.000088|0.000102,7.903304421733176e-17
2500,ascites|age|inr|Hyperbilirubinemia|hbeag,70,21,0.0009796619415283203,0.0008826255798339844,1.1099405726634253,0.072896|0.000233|0.035761|0.000108|0.004978|0.000017|0.001545|0.000005|0.006703|0.000021|0.003560|0.000018|0.289244|0.000926|0.018853|0.000057|0.019751|0.000066|0.000815|0.000002|0.026598|0.000082|0.001877|0.000010|0.262003|0.000839|0.005721|0.000017|0.017891|0.000060|0.000247|0.000001|0.024093|0.000074|0.000570|0.000003|0.054945|0.000176|0.000000|0.000000|0.003752|0.000013|0.000000|0.000000|0.005053|0.000015|0.000000|0.000000|0.011908|0.000038|0.005841|0.000018|0.000815|0.000003|0.000252|0.000001|0.001091|0.000003|0.000581|0.000003|0.047251|0.000151|0.003079|0.000009|0.003232|0.000011|0.000133|0.000000|0.004329|0.000013|0.000306|0.000002|0.042801|0.000137|0.000934|0.000003|0.002928|0.000010|0.000040|0.000000|0.003922|0.000012|0.000093|0.000000|0.008976|0.000029|0.000000|0.000000|0.000614|0.000002|0.000000|0.000000|0.000822|0.000003|0.000000|0.000000,0.072896|0.000233|0.035761|0.000108|0.004978|0.000017|0.001545|0.000005|0.006703|0.000021|0.003560|0.000018|0.289244|0.000926|0.018853|0.000057|0.019751|0.000066|0.000815|0.000002|0.026598|0.000082|0.001877|0.000010|0.262003|0.000839|0.005721|0.000017|0.017891|0.000060|0.000247|0.000001|0.024093|0.000074|0.000570|0.000003|0.054945|0.000176|0.000000|0.000000|0.003752|0.000013|0.000000|0.000000|0.005053|0.000015|0.000000|0.000000|0.011908|0.000038|0.005841|0.000018|0.000815|0.000003|0.000252|0.000001|0.001091|0.000003|0.000581|0.000003|0.047251|0.000151|0.003079|0.000009|0.003232|0.000011|0.000133|0.000000|0.004329|0.000013|0.000306|0.000002|0.042801|0.000137|0.000934|0.000003|0.002928|0.000010|0.000040|0.000000|0.003922|0.000012|0.000093|0.000000|0.008976|0.000029|0.000000|0.000000|0.000614|0.000002|0.000000|0.000000|0.000822|0.000003|0.000000|0.000000,-1.7248045067720781e-16
2500,inr|transfusion|Hyperbilirubinemia|fat|alcoholism,70,20,0.0008394718170166016,0.0007534027099609375,1.1142405063291139,0.408447|0.067320|0.152412|0.025121|0.036322|0.005985|0.013553|0.002233|0.086887|0.014324|0.032660|0.005384|0.007681|0.001265|0.002887|0.000476|0.028098|0.004443|0.010479|0.001657|0.001572|0.000261|0.000586|0.000097|0.005945|0.000939|0.002230|0.000352|0.000327|0.000056|0.000123|0.000021|0.036863|0.006843|0.013760|0.002554|0.003534|0.000633|0.001320|0.000236|0.007855|0.001456|0.002956|0.000548|0.000803|0.000142|0.000302|0.000053,0.408447|0.067320|0.152412|0.025121|0.036322|0.005985|0.013553|0.002233|0.086887|0.014324|0.032660|0.005384|0.007681|0.001265|0.002887|0.000476|0.028098|0.004443|0.010479|0.001657|0.001572|0.000261|0.000586|0.000097|0.005945|0.000939|0.002230|0.000352|0.000327|0.000056|0.000123|0.000021|0.036863|0.006843|0.013760|0.002554|0.003534|0.000633|0.001320|0.000236|0.007855|0.001456|0.002956|0.000548|0.000803|0.000142|0.000302|0.000053,-8.035774362981236e-17
2500,density|pain|albumin|hbsag|bilirubin,70,23,0.001163482666015625,0.0010631084442138672,1.0944157882933394,0.004124|0.034730|0.013332|0.001023|0.000345|0.003676|0.001327|0.000140|0.004432|0.036706|0.014276|0.001056|0.000382|0.003937|0.001403|0.000131|0.026741|0.207782|0.082349|0.006354|0.002633|0.023952|0.008639|0.001005|0.000995|0.010728|0.003528|0.000242|0.000083|0.001124|0.000359|0.000033|0.001076|0.011335|0.003781|0.000251|0.000094|0.001202|0.000378|0.000031|0.006548|0.064008|0.022051|0.001513|0.000668|0.007277|0.002371|0.000233|0.002556|0.021088|0.008200|0.000635|0.000214|0.002235|0.000814|0.000087|0.002750|0.022307|0.008794|0.000655|0.000238|0.002399|0.000864|0.000082|0.016679|0.126547|0.050848|0.003961|0.001652|0.014676|0.005330|0.000632|0.000615|0.006497|0.002162|0.000150|0.000051|0.000681|0.000219|0.000020|0.000666|0.006870|0.002320|0.000156|0.000058|0.000730|0.000232|0.000019|0.004075|0.038871|0.013571|0.000941|0.000419|0.004443|0.001458|0.000147,0.004124|0.034730|0.013332|0.001023|0.000345|0.003676|0.001327|0.000140|0.004432|0.036706|0.014276|0.001056|0.000382|0.003937|0.001403|0.000131|0.026741|0.207782|0.082349|0.006354|0.002633|0.023952|0.008639|0.001005|0.000995|0.010728|0.003528|0.000242|0.000083|0.001124|0.000359|0.000033|0.001076|0.011335|0.003781|0.000251|0.000094|0.001202|0.000378|0.000031|0.006548|0.064008|0.022051|0.001513|0.000668|0.007277|0.002371|0.000233|0.002556|0.021088|0.008200|0.000635|0.000214|0.002235|0.000814|0.000087|0.002750|0.022307|0.008794|0.000655|0.000238|0.002399|0.000864|0.000082|0.016679|0.126547|0.050848|0.003961|0.001652|0.014676|0.005330|0.000632|0.000615|0.006497|0.002162|0.000150|0.000051|0.000681|0.000219|0.000020|0.000666|0.006870|0.002320|0.000156|0.000058|0.000730|0.000232|0.000019|0.004075|0.038871|0.013571|0.000941|0.000419|0.004443|0.001458|0.000147,-1.0668487080628098e-16
2500,density|nausea|fibrosis|bilirubin|platelet,70,25,0.0011610984802246094,0.001287698745727539,0.9016848731716349,0.005405|0.021958|0.002184|0.003237|0.042144|0.200573|0.022529|0.015158|0.016938|0.072999|0.007622|0.009017|0.001269|0.005226|0.000517|0.000767|0.000421|0.000917|0.000063|0.000230|0.002315|0.006260|0.000491|0.001244|0.000773|0.002140|0.000132|0.000370|0.000248|0.000505|0.000020|0.000041|0.002154|0.008745|0.000870|0.001290|0.016782|0.079851|0.008968|0.006037|0.006747|0.029067|0.003035|0.003592|0.000505|0.002081|0.000206|0.000305|0.000168|0.000365|0.000025|0.000092|0.000922|0.002493|0.000196|0.000495|0.000308|0.000852|0.000053|0.000147|0.000099|0.000201|0.000008|0.000017|0.003369|0.013638|0.001354|0.002026|0.025651|0.121759|0.013658|0.009317|0.010462|0.044926|0.004682|0.005615|0.000789|0.003242|0.000320|0.000478|0.000271|0.000589|0.000041|0.000148|0.001467|0.003947|0.000312|0.000800|0.000479|0.001325|0.000084|0.000235|0.000160|0.000325|0.000013|0.000027|0.001342|0.005432|0.000539|0.000807|0.010215|0.048474|0.005437|0.003711|0.004167|0.017889|0.001864|0.002237|0.000314|0.001291|0.000127|0.000190|0.000108|0.000235|0.000016|0.000059|0.000584|0.001571|0.000124|0.000318|0.000191|0.000528|0.000033|0.000094|0.000064|0.000129|0.000005|0.000011,0.005405|0.021958|0.002184|0.003237|0.042144|0.200573|0.022529|0.015158|0.016938|0.072999|0.007622|0.009017|0.001269|0.005226|0.000517|0.000767|0.000421|0.000917|0.000063|0.000230|0.002315|0.006260|0.000491|0.001244|0.000773|0.002140|0.000132|0.000370|0.000248|0.000505|0.000020|0.000041|0.002154|0.008745|0.000870|0.001290|0.016782|0.079851|0.008968|0.006037|0.006747|0.029067|0.003035|0.003592|0.000505|0.002081|0.000206|0.000305|0.000168|0.000365|0.000025|0.000092|0.000922|0.002493|0.000196|0.000495|0.000308|0.000852|0.000053|0.000147|0.000099|0.000201|0.000008|0.000017|0.003369|0.013638|0.001354|0.002026|0.025651|0.121759|0.013658|0.009317|0.010462|0.044926|0.004682|0.005615|0.000789|0.003242|0.000320|0.000478|0.000271|0.000589|0.000041|0.000148|0.001467|0.003947|0.000312|0.000800|0.000479|0.001325|0.000084|0.000235|0.000160|0.000325|0.000013|0.000027|0.001342|0.005432|0.000539|0.000807|0.010215|0.048474|0.005437|0.003711|0.004167|0.017889|0.001864|0.002237|0.000314|0.001291|0.000127|0.000190|0.000108|0.000235|0.000016|0.000059|0.000584|0.001571|0.000124|0.000318|0.000191|0.000528|0.000033|0.000094|0.000064|0.000129|0.000005|0.000011,9.113392989445624e-17
2500,ggtp|vh_amn|cholesterol|edema|bleeding,70,25,0.0014770030975341797,0.0013308525085449219,1.1098172697957722,0.060658|0.010982|0.009666|0.001805|0.015753|0.002957|0.002558|0.000499|0.004150|0.000790|0.000658|0.000129|0.013785|0.002526|0.002257|0.000427|0.003163|0.000598|0.000531|0.000104|0.000852|0.000163|0.000139|0.000027|0.049095|0.009043|0.007905|0.001502|0.019735|0.003723|0.003148|0.000610|0.006484|0.001227|0.001012|0.000195|0.010737|0.001999|0.001784|0.000344|0.003813|0.000724|0.000626|0.000123|0.001256|0.000239|0.000201|0.000039|0.052171|0.009495|0.008123|0.001509|0.019352|0.003627|0.003006|0.000575|0.006359|0.001201|0.000980|0.000188|0.011218|0.002060|0.001808|0.000341|0.003646|0.000687|0.000584|0.000113|0.001207|0.000229|0.000191|0.000037|0.296756|0.052799|0.046996|0.008613|0.060786|0.011271|0.009983|0.001933|0.012695|0.002422|0.002064|0.000408|0.061519|0.011054|0.009986|0.001852|0.011487|0.002143|0.001927|0.000375|0.002506|0.000478|0.000415|0.000082,0.060658|0.010982|0.009666|0.001805|0.015753|0.002957|0.002558|0.000499|0.004150|0.000790|0.000658|0.000129|0.013785|0.002526|0.002257|0.000427|0.003163|0.000598|0.000531|0.000104|0.000852|0.000163|0.000139|0.000027|0.049095|0.009043|0.007905|0.001502|0.019735|0.003723|0.003148|0.000610|0.006484|0.001227|0.001012|0.000195|0.010737|0.001999|0.001784|0.000344|0.003813|0.000724|0.000626|0.000123|0.001256|0.000239|0.000201|0.000039|0.052171|0.009495|0.008123|0.001509|0.019352|0.003627|0.003006|0.000575|0.006359|0.001201|0.000980|0.000188|0.011218|0.002060|0.001808|0.000341|0.003646|0.000687|0.000584|0.000113|0.001207|0.000229|0.000191|0.000037|0.296756|0.052799|0.046996|0.008613|0.060786|0.011271|0.009983|0.001933|0.012695|0.002422|0.002064|0.000408|0.061519|0.011054|0.009986|0.001852|0.011487|0.002143|0.001927|0.000375|0.002506|0.000478|0.000415|0.000082,2.1802242204861645e-16
2500,anorexia|edema|obesity|hcv_anti|carcinoma,70,22,0.0010039806365966797,0.0009143352508544922,1.0980443285528032,0.548348|0.032616|0.001554|0.000085|0.047566|0.003169|0.000135|0.000008|0.085528|0.007430|0.000237|0.000017|0.007678|0.000826|0.000021|0.000002|0.197478|0.011747|0.000560|0.000031|0.017130|0.001142|0.000049|0.000003|0.030802|0.002676|0.000085|0.000006|0.002765|0.000297|0.000008|0.000001,0.548348|0.032616|0.001554|0.000085|0.047566|0.003169|0.000135|0.000008|0.085528|0.007430|0.000237|0.000017|0.007678|0.000826|0.000021|0.000002|0.197478|0.011747|0.000560|0.000031|0.017130|0.001142|0.000049|0.000003|0.030802|0.002676|0.000085|0.000006|0.002765|0.000297|0.000008|0.000001,1.9743231816008665e-16
2500,alcoholism|sex|spleen|Steatosis|hcv_anti,70,18,0.0008130073547363281,0.0007543563842773438,1.0777496839443743,0.407782|0.001159|0.030292|0.000086|0.049048|0.000124|0.010946|0.000030|0.292393|0.000831|0.021720|0.000062|0.035169|0.000089|0.007848|0.000022|0.055408|0.000157|0.015192|0.000043|0.006678|0.000017|0.005424|0.000015|0.039729|0.000113|0.010893|0.000031|0.004788|0.000012|0.003889|0.000011,0.407782|0.001159|0.030292|0.000086|0.049048|0.000124|0.010946|0.000030|0.292393|0.000831|0.021720|0.000062|0.035169|0.000089|0.007848|0.000022|0.055408|0.000157|0.015192|0.000043|0.006678|0.000017|0.005424|0.000015|0.039729|0.000113|0.010893|0.000031|0.004788|0.000012|0.003889|0.000011,2.6252836515561844e-16
2500,proteins|hcv_anti|pain|pain_ruq|palms,70,21,0.0009598731994628906,0.0008764266967773438,1.0952121871599565,0.371257|0.071474|0.265071|0.052385|0.108173|0.020825|0.076866|0.015192|0.001052|0.000191|0.000751|0.000140|0.000307|0.000056|0.000218|0.000041|0.006110|0.001102|0.004351|0.000798|0.001780|0.000321|0.001262|0.000231|0.000017|0.000003|0.000012|0.000002|0.000005|0.000001|0.000004|0.000001,0.371257|0.071474|0.265071|0.052385|0.108173|0.020825|0.076866|0.015192|0.001052|0.000191|0.000751|0.000140|0.000307|0.000056|0.000218|0.000041|0.006110|0.001102|0.004351|0.000798|0.001780|0.000321|0.001262|0.000231|0.000017|0.000003|0.000012|0.000002|0.000005|0.000001|0.000004|0.000001,-1.0969668711358308e-16
2500,pain_ruq|hbeag|transfusion|le_cells|joints,70,18,0.0007884502410888672,0.000759124755859375,1.0386306532663316,0.393222|0.047582|0.033582|0.004441|0.083756|0.010135|0.007153|0.000946|0.001223|0.000148|0.000104|0.000014|0.000303|0.000037|0.000026|0.000003|0.281192|0.034128|0.024392|0.003234|0.059894|0.007269|0.005196|0.000689|0.000875|0.000106|0.000076|0.000010|0.000217|0.000026|0.000019|0.000002,0.393222|0.047582|0.033582|0.004441|0.083756|0.010135|0.007153|0.000946|0.001223|0.000148|0.000104|0.000014|0.000303|0.000037|0.000026|0.000003|0.281192|0.034128|0.024392|0.003234|0.059894|0.007269|0.005196|0.000689|0.000875|0.000106|0.000076|0.000010|0.000217|0.000026|0.000019|0.000002,3.886614213517827e-17
2500,THepatitis|amylase|hbsag|fat|injections,70,14,0.0006148815155029297,0.0006620883941650391,0.9287000360100828,0.004388|0.003248|0.001572|0.001101|0.000544|0.000290|0.000195|0.000098|0.356317|0.246303|0.135313|0.090419|0.044269|0.021994|0.016831|0.008074|0.008455|0.006406|0.002963|0.002112|0.001047|0.000572|0.000368|0.000189|0.000216|0.000160|0.000077|0.000054|0.000027|0.000014|0.000010|0.000005|0.017546|0.012128|0.006663|0.004452|0.002180|0.001083|0.000829|0.000398|0.000416|0.000315|0.000146|0.000104|0.000052|0.000028|0.000018|0.000009,0.004388|0.003248|0.001572|0.001101|0.000544|0.000290|0.000195|0.000098|0.356317|0.246303|0.135313|0.090419|0.044269|0.021994|0.016831|0.008074|0.008455|0.006406|0.002963|0.002112|0.001047|0.000572|0.000368|0.000189|0.000216|0.000160|0.000077|0.000054|0.000027|0.000014|0.000010|0.000005|0.017546|0.012128|0.006663|0.004452|0.002180|0.001083|0.000829|0.000398|0.000416|0.000315|0.000146|0.000104|0.000052|0.000028|0.000018|0.000009,1.4682080534172916e-16
5000,upper_pain|vh_amn|bilirubin|spiders|irregular_liver,70,21,0.0010576248168945312,0.0010793209075927734,0.9798983874530595,0.027416|0.004098|0.006965|0.002033|0.227999|0.031482|0.055045|0.011970|0.087245|0.013038|0.022160|0.006460|0.006282|0.000987|0.001663|0.000528|0.005131|0.000834|0.001384|0.000495|0.045777|0.006641|0.011433|0.002957|0.017126|0.002744|0.004568|0.001590|0.001257|0.000212|0.000350|0.000133|0.017731|0.002647|0.004500|0.001309|0.147019|0.020298|0.035490|0.007716|0.056127|0.008392|0.014262|0.004162|0.004100|0.000645|0.001087|0.000347|0.003317|0.000538|0.000894|0.000318|0.029513|0.004280|0.007369|0.001904|0.011026|0.001768|0.002943|0.001026|0.000819|0.000139|0.000228|0.000088,0.027416|0.004098|0.006965|0.002033|0.227999|0.031482|0.055045|0.011970|0.087245|0.013038|0.022160|0.006460|0.006282|0.000987|0.001663|0.000528|0.005131|0.000834|0.001384|0.000495|0.045777|0.006641|0.011433|0.002957|0.017126|0.002744|0.004568|0.001590|0.001257|0.000212|0.000350|0.000133|0.017731|0.002647|0.004500|0.001309|0.147019|0.020298|0.035490|0.007716|0.056127|0.008392|0.014262|0.004162|0.004100|0.000645|0.001087|0.000347|0.003317|0.000538|0.000894|0.000318|0.029513|0.004280|0.007369|0.001904|0.011026|0.001768|0.002943|0.001026|0.000819|0.000139|0.000228|0.000088,3.139074877458252e-16
5000,ast|triglycerides|RHepatitis|vh_amn|age,70,18,0.0008130073547363281,0.0008990764617919922,0.9042694245558207,0.001685|0.005094|0.004909|0.000983|0.000342|0.001032|0.000995|0.000199|0.000049|0.000149|0.000144|0.000029|0.000009|0.000028|0.000027|0.000005|0.045297|0.136912|0.131940|0.026429|0.009186|0.027765|0.026757|0.005360|0.001407|0.004252|0.004097|0.000821|0.000265|0.000800|0.000771|0.000154|0.001984|0.005998|0.005780|0.001158|0.000402|0.001216|0.001172|0.000235|0.000059|0.000179|0.000173|0.000035|0.000011|0.000033|0.000032|0.000006|0.000572|0.001730|0.001667|0.000334|0.000117|0.000352|0.000339|0.000068|0.000008|0.000025|0.000024|0.000005|0.000002|0.000006|0.000005|0.000001|0.021814|0.065934|0.063539|0.012728|0.004220|0.012755|0.012291|0.002462|0.000228|0.000689|0.000664|0.000133|0.000042|0.000128|0.000123|0.000025|0.000774|0.002340|0.002255|0.000452|0.000154|0.000466|0.000449|0.000090|0.000010|0.000030|0.000029|0.000006|0.000002|0.000006|0.000006|0.000001|0.001459|0.004409|0.004249|0.000851|0.000294|0.000888|0.000856|0.000171|0.000039|0.000117|0.000112|0.000023|0.000008|0.000024|0.000023|0.000005|0.030865|0.093290|0.089902|0.018008|0.006381|0.019288|0.018587|0.003723|0.000966|0.002919|0.002813|0.000563|0.000219|0.000662|0.000638|0.000128|0.001587|0.004797|0.004623|0.000926|0.000322|0.000974|0.000939|0.000188|0.000044|0.000134|0.000129|0.000026|0.000009|0.000028|0.000027|0.000005|0.000031|0.000095|0.000091|0.000018|0.000009|0.000028|0.000027|0.000005|0.000003|0.000009|0.000009|0.000002|0.000001|0.000004|0.000004|0.000001|0.001580|0.004777|0.004603|0.000922|0.000431|0.001302|0.001255|0.000251|0.000036|0.000110|0.000106|0.000021|0.000009|0.000029|0.000028|0.000006|0.000048|0.000146|0.000141|0.000028|0.000014|0.000041|0.000040|0.000008|0.000003|0.000008|0.000008|0.000002|0.000001|0.000003|0.000003|0.000001,0.001685|0.005094|0.004909|0.000983|0.000342|0.001032|0.000995|0.000199|0.000049|0.000149|0.000144|0.000029|0.000009|0.000028|0.000027|0.000005|0.045297|0.136912|0.131940|0.026429|0.009186|0.027765|0.026757|0.005360|0.001407|0.004252|0.004097|0.000821|0.000265|0.000800|0.000771|0.000154|0.001984|0.005998|0.005780|0.001158|0.000402|0.001216|0.001172|0.000235|0.000059|0.000179|0.000173|0.000035|0.000011|0.000033|0.000032|0.000006|0.000572|0.001730|0.001667|0.000334|0.000117|0.000352|0.000339|0.000068|0.000008|0.000025|0.000024|0.000005|0.000002|0.000006|0.000005|0.000001|0.021814|0.065934|0.063539|0.012728|0.004220|0.012755|0.012291|0.002462|0.000228|0.000689|0.000664|0.000133|0.000042|0.000128|0.000123|0.000025|0.000774|0.002340|0.002255|0.000452|0.000154|0.000466|0.000449|0.000090|0.000010|0.000030|0.000029|0.000006|0.000002|0.000006|0.000006|0.000001|0.001459|0.004409|0.004249|0.000851|0.000294|0.000888|0.000856|0.000171|0.000039|0.000117|0.000112|0.000023|0.000008|0.000024|0.000023|0.000005|0.030865|0.093290|0.089902|0.018008|0.006381|0.019288|0.018587|0.003723|0.000966|0.002919|0.002813|0.000563|0.000219|0.000662|0.000638|0.000128|0.001587|0.004797|0.004623|0.000926|0.000322|0.000974|0.000939|0.000188|0.000044|0.000134|0.000129|0.000026|0.000009|0.000028|0.000027|0.000005|0.000031|0.000095|0.000091|0.000018|0.000009|0.000028|0.000027|0.000005|0.000003|0.000009|0.000009|0.000002|0.000001|0.000004|0.000004|0.000001|0.001580|0.004777|0.004603|0.000922|0.000431|0.001302|0.001255|0.000251|0.000036|0.000110|0.000106|0.000021|0.000009|0.000029|0.000028|0.000006|0.000048|0.000146|0.000141|0.000028|0.000014|0.000041|0.000040|0.000008|0.000003|0.000008|0.000008|0.000002|0.000001|0.000003|0.000003|0.000001,1.4615502769393922e-17
5000,ESR|age|jaundice|hepatalgia|Steatosis,70,25,0.0012485980987548828,0.001157522201538086,1.0786817713697219,0.062610|0.005579|0.016173|0.001547|0.019599|0.001966|0.004900|0.000542|0.143924|0.013218|0.042657|0.003977|0.047125|0.004955|0.013886|0.001491|0.132349|0.012377|0.040201|0.003768|0.043791|0.004702|0.013281|0.001432|0.024353|0.002319|0.007455|0.000708|0.008413|0.000908|0.002575|0.000278|0.003735|0.001094|0.001025|0.000301|0.001382|0.000422|0.000377|0.000115|0.036017|0.005049|0.010801|0.001504|0.016926|0.002288|0.005086|0.000677|0.037944|0.004956|0.011566|0.001504|0.018062|0.002237|0.005509|0.000678|0.008793|0.001071|0.002694|0.000327|0.004255|0.000492|0.001304|0.000150|0.006514|0.000394|0.001695|0.000113|0.002173|0.000148|0.000555|0.000042|0.026396|0.002075|0.007878|0.000630|0.010965|0.000920|0.003276|0.000279|0.026348|0.002149|0.008021|0.000656|0.011200|0.000964|0.003411|0.000294|0.005628|0.000473|0.001724|0.000144|0.002488|0.000217|0.000762|0.000066,0.062610|0.005579|0.016173|0.001547|0.019599|0.001966|0.004900|0.000542|0.143924|0.013218|0.042657|0.003977|0.047125|0.004955|0.013886|0.001491|0.132349|0.012377|0.040201|0.003768|0.043791|0.004702|0.013281|0.001432|0.024353|0.002319|0.007455|0.000708|0.008413|0.000908|0.002575|0.000278|0.003735|0.001094|0.001025|0.000301|0.001382|0.000422|0.000377|0.000115|0.036017|0.005049|0.010801|0.001504|0.016926|0.002288|0.005086|0.000677|0.037944|0.004956|0.011566|0.001504|0.018062|0.002237|0.005509|0.000678|0.008793|0.001071|0.002694|0.000327|0.004255|0.000492|0.001304|0.000150|0.006514|0.000394|0.001695|0.000113|0.002173|0.000148|0.000555|0.000042|0.026396|0.002075|0.007878|0.000630|0.010965|0.000920|0.003276|0.000279|0.026348|0.002149|0.008021|0.000656|0.011200|0.000964|0.003411|0.000294|0.005628|0.000473|0.001724|0.000144|0.002488|0.000217|0.000762|0.000066,1.6698529415155182e-17
5000,urea|injections|fatigue|spleen|PBC,70,22,0.000990152359008789,0.000919342041015625,1.0770228215767634,0.005337|0.003970|0.000803|0.000578|0.006693|0.004976|0.001038|0.000744|0.003453|0.002571|0.000502|0.000362|0.004293|0.003194|0.000637|0.000459|0.128846|0.081514|0.018960|0.012016|0.161512|0.102184|0.024450|0.015498|0.083409|0.052767|0.011875|0.007524|0.103655|0.065576|0.015058|0.009542|0.009420|0.006102|0.001390|0.000898|0.011809|0.007648|0.001794|0.001158|0.006098|0.003950|0.000871|0.000562|0.007578|0.004909|0.001104|0.000713,0.005337|0.003970|0.000803|0.000578|0.006693|0.004976|0.001038|0.000744|0.003453|0.002571|0.000502|0.000362|0.004293|0.003194|0.000637|0.000459|0.128846|0.081514|0.018960|0.012016|0.161512|0.102184|0.024450|0.015498|0.083409|0.052767|0.011875|0.007524|0.103655|0.065576|0.015058|0.009542|0.009420|0.006102|0.001390|0.000898|0.011809|0.007648|0.001794|0.001158|0.006098|0.003950|0.000871|0.000562|0.007578|0.004909|0.001104|0.000713,1.7234430302025374e-16
5000,flatulence|inr|platelet|RHepatitis|hbeag,70,24,0.00107574462890625,0.0011317729949951172,0.9504950495049505,0.076636|0.000262|0.002030|0.000007|0.347852|0.001181|0.009212|0.000031|0.039769|0.000135|0.001053|0.000004|0.032608|0.000113|0.000864|0.000003|0.004821|0.000020|0.000128|0.000001|0.022270|0.000092|0.000590|0.000002|0.002547|0.000010|0.000067|0.000000|0.002018|0.000009|0.000053|0.000000|0.006834|0.000021|0.000181|0.000001|0.028079|0.000084|0.000744|0.000002|0.003151|0.000009|0.000083|0.000000|0.003324|0.000011|0.000088|0.000000|0.053920|0.000184|0.001428|0.000005|0.244740|0.000831|0.006482|0.000022|0.027981|0.000095|0.000741|0.000003|0.022943|0.000079|0.000608|0.000002|0.003392|0.000014|0.000090|0.000000|0.015669|0.000065|0.000415|0.000002|0.001792|0.000007|0.000047|0.000000|0.001419|0.000006|0.000038|0.000000|0.004808|0.000015|0.000127|0.000000|0.019755|0.000059|0.000523|0.000002|0.002217|0.000007|0.000059|0.000000|0.002339|0.000007|0.000062|0.000000,0.076636|0.000262|0.002030|0.000007|0.347852|0.001181|0.009212|0.000031|0.039769|0.000135|0.001053|0.000004|0.032608|0.000113|0.000864|0.000003|0.004821|0.000020|0.000128|0.000001|0.022270|0.000092|0.000590|0.000002|0.002547|0.000010|0.000067|0.000000|0.002018|0.000009|0.000053|0.000000|0.006834|0.000021|0.000181|0.000001|0.028079|0.000084|0.000744|0.000002|0.003151|0.000009|0.000083|0.000000|0.003324|0.000011|0.000088|0.000000|0.053920|0.000184|0.001428|0.000005|0.244740|0.000831|0.006482|0.000022|0.027981|0.000095|0.000741|0.000003|0.022943|0.000079|0.000608|0.000002|0.003392|0.000014|0.000090|0.000000|0.015669|0.000065|0.000415|0.000002|0.001792|0.000007|0.000047|0.000000|0.001419|0.000006|0.000038|0.000000|0.004808|0.000015|0.000127|0.000000|0.019755|0.000059|0.000523|0.000002|0.002217|0.000007|0.000059|0.000000|0.002339|0.000007|0.000062|0.000000,-2.0497852338948723e-17
5000,edema|phosphatase|nausea|edge|pain,70,23,0.0011434555053710938,0.0010495185852050781,1.089504770558837,0.184525|0.050825|0.066011|0.018182|0.073552|0.020259|0.026307|0.007246|0.060223|0.016588|0.018824|0.005185|0.023676|0.006521|0.007401|0.002039|0.111335|0.030666|0.039813|0.010966|0.043912|0.012095|0.015717|0.004329|0.029440|0.008109|0.013091|0.003606|0.011734|0.003232|0.005214|0.001436|0.009427|0.002597|0.003147|0.000867|0.003706|0.001021|0.001237|0.000341|0.017756|0.004891|0.007877|0.002170|0.007005|0.001929|0.003115|0.000858,0.184525|0.050825|0.066011|0.018182|0.073552|0.020259|0.026307|0.007246|0.060223|0.016588|0.018824|0.005185|0.023676|0.006521|0.007401|0.002039|0.111335|0.030666|0.039813|0.010966|0.043912|0.012095|0.015717|0.004329|0.029440|0.008109|0.013091|0.003606|0.011734|0.003232|0.005214|0.001436|0.009427|0.002597|0.003147|0.000867|0.003706|0.001021|0.001237|0.000341|0.017756|0.004891|0.007877|0.002170|0.007005|0.001929|0.003115|0.000858,-1.2165786465390986e-16
5000,ChHepatitis|edge|hcv_anti|ascites|bilirubin,70,22,0.0010218620300292969,0.0010309219360351562,0.9912118408880666,0.043117|0.343575|0.132277|0.009562|0.006881|0.054870|0.021108|0.001525|0.000084|0.000671|0.000258|0.000019|0.000013|0.000107|0.000041|0.000003|0.015415|0.112645|0.047442|0.003553|0.002429|0.017881|0.007476|0.000559|0.000030|0.000220|0.000093|0.000007|0.000005|0.000035|0.000015|0.000001|0.004502|0.047927|0.020130|0.001628|0.000712|0.007615|0.003191|0.000258|0.000000|0.000000|0.000000|0.000000|0.000000|0.000000|0.000000|0.000000|0.002891|0.023373|0.011333|0.000920|0.000441|0.003614|0.001739|0.000141|0.000000|0.000000|0.000000|0.000000|0.000000|0.000000|0.000000|0.000000|0.001800|0.021835|0.005742|0.000385|0.000286|0.003486|0.000915|0.000061|0.000023|0.000277|0.000073|0.000005|0.000004|0.000044|0.000012|0.000001|0.000833|0.007432|0.002384|0.000202|0.000129|0.001176|0.000372|0.000031|0.000011|0.000094|0.000030|0.000003|0.000002|0.000015|0.000005|0.000000,0.043117|0.343575|0.132277|0.009562|0.006881|0.054870|0.021108|0.001525|0.000084|0.000671|0.000258|0.000019|0.000013|0.000107|0.000041|0.000003|0.015415|0.112645|0.047442|0.003553|0.002429|0.017881|0.007476|0.000559|0.000030|0.000220|0.000093|0.000007|0.000005|0.000035|0.000015|0.000001|0.004502|0.047927|0.020130|0.001628|0.000712|0.007615|0.003191|0.000258|0.000000|0.000000|0.000000|0.000000|0.000000|0.000000|0.000000|0.000000|0.002891|0.023373|0.011333|0.000920|0.000441|0.003614|0.001739|0.000141|0.000000|0.000000|0.000000|0.000000|0.000000|0.000000|0.000000|0.000000|0.001800|0.021835|0.005742|0.000385|0.000286|0.003486|0.000915|0.000061|0.000023|0.000277|0.000073|0.000005|0.000004|0.000044|0.000012|0.000001|0.000833|0.007432|0.002384|0.000202|0.000129|0.001176|0.000372|0.000031|0.000011|0.000094|0.000030|0.000003|0.000002|0.000015|0.000005|0.000000,0.0
5000,ascites|pressure_ruq|Cirrhosis|nausea|hepatomegaly,70,25,0.0011060237884521484,0.0011265277862548828,0.9817989417989418,0.115513|0.242971|0.045661|0.096421|0.002452|0.005285|0.000974|0.002101|0.006440|0.013880|0.002557|0.005518|0.069586|0.144480|0.027506|0.057337|0.001519|0.003236|0.000603|0.001287|0.003996|0.008508|0.001586|0.003382|0.018466|0.038841|0.007299|0.015414|0.000375|0.000807|0.000149|0.000321|0.000945|0.002037|0.000375|0.000810|0.011124|0.023096|0.004397|0.009166|0.000232|0.000494|0.000092|0.000197|0.000586|0.001249|0.000233|0.000496,0.115513|0.242971|0.045661|0.096421|0.002452|0.005285|0.000974|0.002101|0.006440|0.013880|0.002557|0.005518|0.069586|0.144480|0.027506|0.057337|0.001519|0.003236|0.000603|0.001287|0.003996|0.008508|0.001586|0.003382|0.018466|0.038841|0.007299|0.015414|0.000375|0.000807|0.000149|0.000321|0.000945|0.002037|0.000375|0.000810|0.011124|0.023096|0.004397|0.009166|0.000232|0.000494|0.000092|0.000197|0.000586|0.001249|0.000233|0.000496,-2.2305837889846886e-16
5000,anorexia|le_cells|THepatitis|proteins|surgery,70,21,0.00087738037109375,0.0008029937744140625,1.0926365795724466,0.359662|0.270655|0.007417|0.005587|0.017687|0.013310|0.000360|0.000271|0.027088|0.020385|0.000559|0.000421|0.001332|0.001002|0.000027|0.000020|0.138189|0.103991|0.002850|0.002146|0.004382|0.003298|0.000089|0.000067|0.010408|0.007832|0.000215|0.000162|0.000330|0.000248|0.000007|0.000005,0.359662|0.270655|0.007417|0.005587|0.017687|0.013310|0.000360|0.000271|0.027088|0.020385|0.000559|0.000421|0.001332|0.001002|0.000027|0.000020|0.138189|0.103991|0.002850|0.002146|0.004382|0.003298|0.000089|0.000067|0.010408|0.007832|0.000215|0.000162|0.000330|0.000248|0.000007|0.000005,-4.387281444226643e-17
5000,amylase|pain|hbc_anti|cholesterol|encephalopathy,70,21,0.0010104179382324219,0.0010135173797607422,0.9969418960244648,0.005473|0.000152|0.001437|0.000063|0.000402|0.000021|0.000552|0.000015|0.000147|0.000006|0.000039|0.000002|0.001584|0.000039|0.000350|0.000014|0.000088|0.000004|0.000160|0.000004|0.000036|0.000001|0.000009|0.000000|0.501178|0.013955|0.131555|0.005764|0.036819|0.001922|0.050574|0.001402|0.013437|0.000589|0.003608|0.000191|0.145084|0.003553|0.032007|0.001272|0.008058|0.000406|0.014647|0.000357|0.003270|0.000130|0.000782|0.000040|0.009706|0.000270|0.002549|0.000112|0.000713|0.000037|0.000980|0.000027|0.000261|0.000011|0.000070|0.000004|0.002810|0.000069|0.000620|0.000025|0.000156|0.000008|0.000284|0.000007|0.000063|0.000003|0.000015|0.000001,0.005473|0.000152|0.001437|0.000063|0.000402|0.000021|0.000552|0.000015|0.000147|0.000006|0.000039|0.000002|0.001584|0.000039|0.000350|0.000014|0.000088|0.000004|0.000160|0.000004|0.000036|0.000001|0.000009|0.000000|0.501178|0.013955|0.131555|0.005764|0.036819|0.001922|0.050574|0.001402|0.013437|0.000589|0.003608|0.000191|0.145084|0.003553|0.032007|0.001272|0.008058|0.000406|0.014647|0.000357|0.003270|0.000130|0.000782|0.000040|0.009706|0.000270|0.002549|0.000112|0.000713|0.000037|0.000980|0.000027|0.000261|0.000011|0.000070|0.000004|0.002810|0.000069|0.000620|0.000025|0.000156|0.000008|0.000284|0.000007|0.000063|0.000003|0.000015|0.000001,0.0
5000,density|ast|alcoholism|jaundice|skin,70,26,0.0013201236724853516,0.0013318061828613281,0.9912280701754386,0.118068|0.061663|0.031423|0.033965|0.017643|0.009447|0.004723|0.005282|0.055325|0.028770|0.014711|0.015784|0.007346|0.003881|0.001961|0.002145|0.080695|0.042119|0.021474|0.023190|0.013622|0.007313|0.003649|0.004093|0.004326|0.002251|0.001150|0.001231|0.000539|0.000283|0.000144|0.000155|0.072367|0.038294|0.019319|0.021267|0.010823|0.005869|0.002906|0.003306|0.033908|0.017869|0.009044|0.009887|0.004505|0.002412|0.001206|0.001344|0.049473|0.026166|0.013206|0.014526|0.008358|0.004545|0.002246|0.002563|0.002654|0.001398|0.000708|0.000770|0.000331|0.000175|0.000088|0.000097,0.118068|0.061663|0.031423|0.033965|0.017643|0.009447|0.004723|0.005282|0.055325|0.028770|0.014711|0.015784|0.007346|0.003881|0.001961|0.002145|0.080695|0.042119|0.021474|0.023190|0.013622|0.007313|0.003649|0.004093|0.004326|0.002251|0.001150|0.001231|0.000539|0.000283|0.000144|0.000155|0.072367|0.038294|0.019319|0.021267|0.010823|0.005869|0.002906|0.003306|0.033908|0.017869|0.009044|0.009887|0.004505|0.002412|0.001206|0.001344|0.049473|0.026166|0.013206|0.014526|0.008358|0.004545|0.002246|0.002563|0.002654|0.001398|0.000708|0.000770|0.000331|0.000175|0.000088|0.000097,8.481433227915028e-17
5000,ChHepatitis|Hyperbilirubinemia|injections|density|vh_amn,70,18,0.0008194446563720703,0.0007793903350830078,1.051391862955032,0.239234|0.032573|0.147766|0.020119|0.167723|0.028852|0.103597|0.017821|0.020387|0.002776|0.012421|0.001691|0.014293|0.002459|0.008708|0.001498|0.036029|0.016535|0.022289|0.010229|0.014772|0.006939|0.009138|0.004293|0.003068|0.001408|0.001876|0.000861|0.001258|0.000591|0.000769|0.000361|0.013341|0.009495|0.008242|0.005866|0.002542|0.001784|0.001570|0.001102|0.001137|0.000809|0.000693|0.000493|0.000217|0.000152|0.000132|0.000093,0.239234|0.032573|0.147766|0.020119|0.167723|0.028852|0.103597|0.017821|0.020387|0.002776|0.012421|0.001691|0.014293|0.002459|0.008708|0.001498|0.036029|0.016535|0.022289|0.010229|0.014772|0.006939|0.009138|0.004293|0.003068|0.001408|0.001876|0.000861|0.001258|0.000591|0.000769|0.000361|0.013341|0.009495|0.008242|0.005866|0.002542|0.001784|0.001570|0.001102|0.001137|0.000809|0.000693|0.000493|0.000217|0.000152|0.000132|0.000093,1.5037425751259895e-17
5000,encephalopathy|Cirrhosis|alt|hepatomegaly|fibrosis,70,22,0.0011310577392578125,0.0010824203491210938,1.0449339207048458,0.047009|0.000789|0.097682|0.001640|0.105578|0.001047|0.222432|0.002191|0.016006|0.000469|0.032848|0.000965|0.118380|0.001459|0.247829|0.003077|0.000382|0.000576|0.000855|0.001204|0.001565|0.000676|0.003397|0.001442|0.000064|0.000070|0.000142|0.000155|0.001902|0.001040|0.004090|0.002173|0.000945|0.001022|0.002141|0.002140|0.004372|0.001676|0.009428|0.003455|0.000477|0.000718|0.001030|0.001534|0.003952|0.002853|0.008616|0.006032|0.001425|0.000024|0.003060|0.000051|0.003202|0.000032|0.006965|0.000069|0.000485|0.000014|0.001029|0.000030|0.003589|0.000044|0.007761|0.000096|0.000007|0.000011|0.000017|0.000024|0.000030|0.000013|0.000068|0.000029|0.000001|0.000001|0.000003|0.000003|0.000037|0.000020|0.000082|0.000044|0.000041|0.000045|0.000094|0.000094|0.000192|0.000074|0.000413|0.000151|0.000021|0.000032|0.000045|0.000067|0.000174|0.000125|0.000377|0.000264,0.047009|0.000789|0.097682|0.001640|0.105578|0.001047|0.222432|0.002191|0.016006|0.000469|0.032848|0.000965|0.118380|0.001459|0.247829|0.003077|0.000382|0.000576|0.000855|0.001204|0.001565|0.000676|0.003397|0.001442|0.000064|0.000070|0.000142|0.000155|0.001902|0.001040|0.004090|0.002173|0.000945|0.001022|0.002141|0.002140|0.004372|0.001676|0.009428|0.003455|0.000477|0.000718|0.001030|0.001534|0.003952|0.002853|0.008616|0.006032|0.001425|0.000024|0.003060|0.000051|0.003202|0.000032|0.006965|0.000069|0.000485|0.000014|0.001029|0.000030|0.003589|0.000044|0.007761|0.000096|0.000007|0.000011|0.000017|0.000024|0.000030|0.000013|0.000068|0.000029|0.000001|0.000001|0.000003|0.000003|0.000037|0.000020|0.000082|0.000044|0.000041|0.000045|0.000094|0.000094|0.000192|0.000074|0.000413|0.000151|0.000021|0.000032|0.000045|0.000067|0.000174|0.000125|0.000377|0.000264,6.06500420404422e-17
5000,PBC|edema|choledocholithotomy|anorexia|ascites,70,22,0.0009610652923583984,0.0008540153503417969,1.1253489670575099,0.282537|0.044967|0.106753|0.016990|0.044788|0.007129|0.016922|0.002694|0.047509|0.007515|0.017946|0.002839|0.007517|0.001189|0.002839|0.000449|0.180195|0.028679|0.068084|0.010836|0.028565|0.004547|0.010793|0.001718|0.030300|0.004793|0.011446|0.001811|0.004794|0.000759|0.001811|0.000287,0.282537|0.044967|0.106753|0.016990|0.044788|0.007129|0.016922|0.002694|0.047509|0.007515|0.017946|0.002839|0.007517|0.001189|0.002839|0.000449|0.180195|0.028679|0.068084|0.010836|0.028565|0.004547|0.010793|0.001718|0.030300|0.004793|0.011446|0.001811|0.004794|0.000759|0.001811|0.000287,9.25918566192099e-18
5000,consciousness|platelet|hbsag_anti|phosphatase|fat,70,25,0.0012235641479492188,0.0011944770812988281,1.0243512974051896,0.057794|0.020462|0.017634|0.006237|0.034776|0.012305|0.000820|0.000290|0.000241|0.000085|0.000487|0.000172|0.259552|0.091893|0.081652|0.028878|0.156166|0.055253|0.003659|0.001295|0.001114|0.000394|0.002177|0.000770|0.029633|0.010491|0.009367|0.003313|0.017829|0.006308|0.000417|0.000148|0.000128|0.000045|0.000248|0.000088|0.024952|0.008835|0.007270|0.002571|0.015014|0.005313|0.000357|0.000126|0.000099|0.000035|0.000211|0.000075|0.001384|0.000490|0.000420|0.000149|0.000833|0.000295|0.000020|0.000007|0.000006|0.000002|0.000012|0.000004|0.006048|0.002141|0.001895|0.000670|0.003639|0.001287|0.000085|0.000030|0.000026|0.000009|0.000051|0.000018|0.000671|0.000237|0.000211|0.000075|0.000403|0.000143|0.000009|0.000003|0.000003|0.000001|0.000006|0.000002|0.000667|0.000236|0.000196|0.000069|0.000401|0.000142|0.000010|0.000003|0.000003|0.000001|0.000006|0.000002,0.057794|0.020462|0.017634|0.006237|0.034776|0.012305|0.000820|0.000290|0.000241|0.000085|0.000487|0.000172|0.259552|0.091893|0.081652|0.028878|0.156166|0.055253|0.003659|0.001295|0.001114|0.000394|0.002177|0.000770|0.029633|0.010491|0.009367|0.003313|0.017829|0.006308|0.000417|0.000148|0.000128|0.000045|0.000248|0.000088|0.024952|0.008835|0.007270|0.002571|0.015014|0.005313|0.000357|0.000126|0.000099|0.000035|0.000211|0.000075|0.001384|0.000490|0.000420|0.000149|0.000833|0.000295|0.000020|0.000007|0.000006|0.000002|0.000012|0.000004|0.006048|0.002141|0.001895|0.000670|0.003639|0.001287|0.000085|0.000030|0.000026|0.000009|0.000051|0.000018|0.000671|0.000237|0.000211|0.000075|0.000403|0.000143|0.000009|0.000003|0.000003|0.000001|0.000006|0.000002|0.000667|0.000236|0.000196|0.000069|0.000401|0.000142|0.000010|0.000003|0.000003|0.000001|0.000006|0.000002,-1.3351802412736945e-16
5000,fatigue|hbc_anti|spleen|platelet|skin,70,26,0.001329660415649414,0.0013628005981445312,0.9756822953114066,0.032473|0.021446|0.152369|0.094333|0.017921|0.010303|0.011960|0.010700|0.004886|0.003514|0.020814|0.014018|0.002417|0.001513|0.002139|0.001923|0.003315|0.002189|0.015591|0.009642|0.001835|0.001053|0.001214|0.001092|0.000485|0.000349|0.002089|0.001401|0.000243|0.000151|0.000209|0.000190|0.040664|0.026909|0.190268|0.118152|0.022366|0.012905|0.015073|0.013427|0.006313|0.004542|0.026591|0.017998|0.003085|0.001939|0.002812|0.002498|0.004085|0.002703|0.019175|0.011893|0.002256|0.001299|0.001503|0.001349|0.000611|0.000439|0.002611|0.001758|0.000303|0.000190|0.000266|0.000240,0.032473|0.021446|0.152369|0.094333|0.017921|0.010303|0.011960|0.010700|0.004886|0.003514|0.020814|0.014018|0.002417|0.001513|0.002139|0.001923|0.003315|0.002189|0.015591|0.009642|0.001835|0.001053|0.001214|0.001092|0.000485|0.000349|0.002089|0.001401|0.000243|0.000151|0.000209|0.000190|0.040664|0.026909|0.190268|0.118152|0.022366|0.012905|0.015073|0.013427|0.006313|0.004542|0.026591|0.017998|0.003085|0.001939|0.002812|0.002498|0.004085|0.002703|0.019175|0.011893|0.002256|0.001299|0.001503|0.001349|0.000611|0.000439|0.002611|0.001758|0.000303|0.000190|0.000266|0.000240,-5.92189200537429e-17
5000,ChHepatitis|proteins|gallstones|injections|pressure_ruq,70,18,0.0007803440093994141,0.0007536411285400391,1.0354318253717179,0.247039|0.157342|0.168603|0.107385|0.043909|0.018810|0.043284|0.018542|0.005219|0.003324|0.003562|0.002268|0.000928|0.000397|0.000914|0.000392|0.047231|0.031428|0.018379|0.012230|0.007328|0.004724|0.004170|0.002688|0.000825|0.000549|0.000321|0.000214|0.000128|0.000082|0.000073|0.000047|0.023198|0.010786|0.004147|0.001928|0.004514|0.000772|0.001164|0.000199|0.000476|0.000222|0.000085|0.000040|0.000093|0.000016|0.000024|0.000004,0.247039|0.157342|0.168603|0.107385|0.043909|0.018810|0.043284|0.018542|0.005219|0.003324|0.003562|0.002268|0.000928|0.000397|0.000914|0.000392|0.047231|0.031428|0.018379|0.012230|0.007328|0.004724|0.004170|0.002688|0.000825|0.000549|0.000321|0.000214|0.000128|0.000082|0.000073|0.000047|0.023198|0.010786|0.004147|0.001928|0.004514|0.000772|0.001164|0.000199|0.000476|0.000222|0.000085|0.000040|0.000093|0.000016|0.000024|0.000004,9.347758273429625e-17
5000,urea|skin|nausea|ast|ggtp,70,27,0.0015408992767333984,0.0015628337860107422,0.9859649122807017,0.001056|0.000946|0.000949|0.004793|0.000495|0.000442|0.000452|0.002192|0.000715|0.000655|0.000629|0.003373|0.000041|0.000034|0.000036|0.000168|0.000416|0.000375|0.000374|0.001900|0.000194|0.000174|0.000178|0.000863|0.000283|0.000262|0.000250|0.001351|0.000016|0.000013|0.000014|0.000066|0.000665|0.000855|0.000802|0.002882|0.000310|0.000399|0.000377|0.001305|0.000452|0.000596|0.000544|0.002020|0.000025|0.000029|0.000028|0.000102|0.000262|0.000339|0.000317|0.001142|0.000122|0.000157|0.000148|0.000513|0.000179|0.000239|0.000217|0.000808|0.000010|0.000012|0.000011|0.000040|0.024381|0.020692|0.020971|0.111783|0.011433|0.009651|0.010021|0.051134|0.016483|0.014290|0.013849|0.078620|0.000951|0.000745|0.000803|0.003889|0.009609|0.008189|0.008268|0.044297|0.004486|0.003799|0.003935|0.020125|0.006537|0.005728|0.005491|0.031506|0.000374|0.000293|0.000316|0.001526|0.014702|0.018055|0.017052|0.064807|0.006853|0.008410|0.008023|0.029342|0.009975|0.012582|0.011527|0.045381|0.000563|0.000624|0.000608|0.002285|0.005797|0.007148|0.006742|0.025678|0.002690|0.003309|0.003153|0.011548|0.003961|0.005047|0.004589|0.018158|0.000221|0.000245|0.000239|0.000897|0.001793|0.001534|0.001552|0.008211|0.000841|0.000716|0.000742|0.003756|0.001213|0.001060|0.001026|0.005776|0.000070|0.000055|0.000059|0.000286|0.000707|0.000607|0.000612|0.003254|0.000330|0.000282|0.000291|0.001478|0.000481|0.000425|0.000407|0.002315|0.000027|0.000022|0.000023|0.000112|0.001088|0.001346|0.001270|0.004785|0.000507|0.000627|0.000597|0.002167|0.000739|0.000938|0.000859|0.003351|0.000042|0.000046|0.000045|0.000169|0.000429|0.000533|0.000502|0.001896|0.000199|0.000247|0.000235|0.000853|0.000293|0.000376|0.000342|0.001341|0.000016|0.000018|0.000018|0.000066,0.001056|0.000946|0.000949|0.004793|0.000495|0.000442|0.000452|0.002192|0.000715|0.000655|0.000629|0.003373|0.000041|0.000034|0.000036|0.000168|0.000416|0.000375|0.000374|0.001900|0.000194|0.000174|0.000178|0.000863|0.000283|0.000262|0.000250|0.001351|0.000016|0.000013|0.000014|0.000066|0.000665|0.000855|0.000802|0.002882|0.000310|0.000399|0.000377|0.001305|0.000452|0.000596|0.000544|0.002020|0.000025|0.000029|0.000028|0.000102|0.000262|0.000339|0.000317|0.001142|0.000122|0.000157|0.000148|0.000513|0.000179|0.000239|0.000217|0.000808|0.000010|0.000012|0.000011|0.000040|0.024381|0.020692|0.020971|0.111783|0.011433|0.009651|0.010021|0.051134|0.016483|0.014290|0.013849|0.078620|0.000951|0.000745|0.000803|0.003889|0.009609|0.008189|0.008268|0.044297|0.004486|0.003799|0.003935|0.020125|0.006537|0.005728|0.005491|0.031506|0.000374|0.000293|0.000316|0.001526|0.014702|0.018055|0.017052|0.064807|0.006853|0.008410|0.008023|0.029342|0.009975|0.012582|0.011527|0.045381|0.000563|0.000624|0.000608|0.002285|0.005797|0.007148|0.006742|0.025678|0.002690|0.003309|0.003153|0.011548|0.003961|0.005047|0.004589|0.018158|0.000221|0.000245|0.000239|0.000897|0.001793|0.001534|0.001552|0.008211|0.000841|0.000716|0.000742|0.003756|0.001213|0.001060|0.001026|0.005776|0.000070|0.000055|0.000059|0.000286|0.000707|0.000607|0.000612|0.003254|0.000330|0.000282|0.000291|0.001478|0.000481|0.000425|0.000407|0.002315|0.000027|0.000022|0.000023|0.000112|0.001088|0.001346|0.001270|0.004785|0.000507|0.000627|0.000597|0.002167|0.000739|0.000938|0.000859|0.003351|0.000042|0.000046|0.000045|0.000169|0.000429|0.000533|0.000502|0.001896|0.000199|0.000247|0.000235|0.000853|0.000293|0.000376|0.000342|0.001341|0.000016|0.000018|0.000018|0.000066,-1.2877021142931391e-17
5000,consciousness|ggtp|fibrosis|phosphatase|vh_amn,70,23,0.0012543201446533203,0.001074075698852539,1.1678135405105439,0.051924|0.011798|0.018084|0.002892|0.033162|0.006048|0.002995|0.001412|0.000126|0.000060|0.001030|0.000484|0.052595|0.010783|0.018635|0.002932|0.034109|0.005901|0.002319|0.001088|0.000097|0.000046|0.000813|0.000379|0.050596|0.010665|0.018305|0.002881|0.033029|0.005788|0.002410|0.001132|0.000100|0.000048|0.000846|0.000395|0.241801|0.052650|0.081229|0.012915|0.152236|0.027216|0.011237|0.005320|0.000480|0.000232|0.003913|0.001844|0.001202|0.000269|0.000421|0.000067|0.000772|0.000140|0.000072|0.000034|0.000003|0.000001|0.000025|0.000012|0.001408|0.000289|0.000500|0.000079|0.000913|0.000158|0.000060|0.000028|0.000002|0.000001|0.000021|0.000010|0.001326|0.000278|0.000479|0.000075|0.000864|0.000151|0.000061|0.000028|0.000003|0.000001|0.000021|0.000010|0.005402|0.001184|0.001799|0.000286|0.003395|0.000609|0.000272|0.000129|0.000012|0.000006|0.000096|0.000045,0.051924|0.011798|0.018084|0.002892|0.033162|0.006048|0.002995|0.001412|0.000126|0.000060|0.001030|0.000484|0.052595|0.010783|0.018635|0.002932|0.034109|0.005901|0.002319|0.001088|0.000097|0.000046|0.000813|0.000379|0.050596|0.010665|0.018305|0.002881|0.033029|0.005788|0.002410|0.001132|0.000100|0.000048|0.000846|0.000395|0.241801|0.052650|0.081229|0.012915|0.152236|0.027216|0.011237|0.005320|0.000480|0.000232|0.003913|0.001844|0.001202|0.000269|0.000421|0.000067|0.000772|0.000140|0.000072|0.000034|0.000003|0.000001|0.000025|0.000012|0.001408|0.000289|0.000500|0.000079|0.000913|0.000158|0.000060|0.000028|0.000002|0.000001|0.000021|0.000010|0.001326|0.000278|0.000479|0.000075|0.000864|0.000151|0.000061|0.000028|0.000003|0.000001|0.000021|0.000010|0.005402|0.001184|0.001799|0.000286|0.003395|0.000609|0.000272|0.000129|0.000012|0.000006|0.000096|0.000045,6.645564555243537e-17
5000,consciousness|alcoholism|sex|Cirrhosis|fatigue,70,21,0.0008921623229980469,0.0009038448333740234,0.9870746504879979,0.213225|0.264326|0.003740|0.005231|0.009711|0.013689|0.141010|0.174804|0.002477|0.003464|0.006381|0.008995|0.029894|0.037922|0.001229|0.001663|0.003206|0.004309|0.019770|0.025079|0.000814|0.001102|0.002107|0.002831|0.005460|0.006768|0.000087|0.000122|0.000255|0.000360|0.002846|0.003529|0.000041|0.000057|0.000175|0.000247|0.000765|0.000971|0.000029|0.000039|0.000084|0.000113|0.000399|0.000506|0.000013|0.000018|0.000058|0.000078,0.213225|0.264326|0.003740|0.005231|0.009711|0.013689|0.141010|0.174804|0.002477|0.003464|0.006381|0.008995|0.029894|0.037922|0.001229|0.001663|0.003206|0.004309|0.019770|0.025079|0.000814|0.001102|0.002107|0.002831|0.005460|0.006768|0.000087|0.000122|0.000255|0.000360|0.002846|0.003529|0.000041|0.000057|0.000175|0.000247|0.000765|0.000971|0.000029|0.000039|0.000084|0.000113|0.000399|0.000506|0.000013|0.000018|0.000058|0.000078,-1.0673398578125017e-16
5000,pain|bilirubin|fat|ast|hepatalgia,70,26,0.0014328956604003906,0.0013437271118164062,1.066359119943222,0.016879|0.005097|0.007768|0.002338|0.011832|0.003585|0.000555|0.000167|0.005827|0.001764|0.002673|0.000807|0.004079|0.001239|0.000194|0.000059|0.129787|0.038653|0.060057|0.017811|0.090131|0.026949|0.004662|0.001380|0.045937|0.013689|0.021233|0.006301|0.031910|0.009546|0.001654|0.000490|0.053151|0.015281|0.024345|0.006953|0.036843|0.010655|0.001920|0.000550|0.019127|0.005489|0.008788|0.002505|0.013260|0.003828|0.000686|0.000196|0.004178|0.001254|0.001848|0.000553|0.002854|0.000859|0.000156|0.000047|0.001303|0.000393|0.000575|0.000173|0.000889|0.000269|0.000050|0.000015|0.003842|0.001158|0.001752|0.000526|0.002696|0.000816|0.000128|0.000038|0.001330|0.000402|0.000604|0.000182|0.000932|0.000283|0.000045|0.000014|0.038096|0.011331|0.017654|0.005229|0.026453|0.007899|0.001363|0.000403|0.013449|0.004002|0.006225|0.001845|0.009339|0.002790|0.000483|0.000143|0.013354|0.003791|0.006097|0.001718|0.009261|0.002646|0.000484|0.000137|0.004833|0.001369|0.002215|0.000623|0.003354|0.000956|0.000173|0.000049|0.000941|0.000280|0.000414|0.000123|0.000638|0.000191|0.000036|0.000011|0.000290|0.000087|0.000127|0.000038|0.000196|0.000059|0.000011|0.000003,0.016879|0.005097|0.007768|0.002338|0.011832|0.003585|0.000555|0.000167|0.005827|0.001764|0.002673|0.000807|0.004079|0.001239|0.000194|0.000059|0.129787|0.038653|0.060057|0.017811|0.090131|0.026949|0.004662|0.001380|0.045937|0.013689|0.021233|0.006301|0.031910|0.009546|0.001654|0.000490|0.053151|0.015281|0.024345|0.006953|0.036843|0.010655|0.001920|0.000550|0.019127|0.005489|0.008788|0.002505|0.013260|0.003828|0.000686|0.000196|0.004178|0.001254|0.001848|0.000553|0.002854|0.000859|0.000156|0.000047|0.001303|0.000393|0.000575|0.000173|0.000889|0.000269|0.000050|0.000015|0.003842|0.001158|0.001752|0.000526|0.002696|0.000816|0.000128|0.000038|0.001330|0.000402|0.000604|0.000182|0.000932|0.000283|0.000045|0.000014|0.038096|0.011331|0.017654|0.005229|0.026453|0.007899|0.001363|0.000403|0.013449|0.004002|0.006225|0.001845|0.009339|0.002790|0.000483|0.000143|0.013354|0.003791|0.006097|0.001718|0.009261|0.002646|0.000484|0.000137|0.004833|0.001369|0.002215|0.000623|0.003354|0.000956|0.000173|0.000049|0.000941|0.000280|0.000414|0.000123|0.000638|0.000191|0.000036|0.000011|0.000290|0.000087|0.000127|0.000038|0.000196|0.000059|0.000011|0.000003,-3.382523290820663e-17
5000,fatigue|ggtp|RHepatitis|Cirrhosis|obesity,70,21,0.001027822494506836,0.0010099411010742188,1.0177053824362605,0.050982|0.003689|0.000939|0.000131|0.002465|0.000344|0.000598|0.000042|0.000020|0.000002|0.000054|0.000005|0.050524|0.003691|0.000925|0.000139|0.002390|0.000363|0.001005|0.000077|0.000042|0.000006|0.000103|0.000015|0.050347|0.003592|0.000749|0.000099|0.001991|0.000268|0.000540|0.000041|0.000019|0.000003|0.000052|0.000007|0.226448|0.016658|0.004563|0.000687|0.011848|0.001790|0.004791|0.000346|0.000093|0.000012|0.000250|0.000033|0.062563|0.004523|0.001321|0.000174|0.003501|0.000455|0.001056|0.000074|0.000023|0.000003|0.000061|0.000006|0.061865|0.004517|0.001275|0.000183|0.003310|0.000473|0.001891|0.000144|0.000057|0.000009|0.000141|0.000022|0.061561|0.004389|0.001056|0.000131|0.002859|0.000355|0.001210|0.000092|0.000032|0.000005|0.000083|0.000013|0.277581|0.020424|0.006323|0.000910|0.016479|0.002351|0.011205|0.000812|0.000169|0.000026|0.000443|0.000069,0.050982|0.003689|0.000939|0.000131|0.002465|0.000344|0.000598|0.000042|0.000020|0.000002|0.000054|0.000005|0.050524|0.003691|0.000925|0.000139|0.002390|0.000363|0.001005|0.000077|0.000042|0.000006|0.000103|0.000015|0.050347|0.003592|0.000749|0.000099|0.001991|0.000268|0.000540|0.000041|0.000019|0.000003|0.000052|0.000007|0.226448|0.016658|0.004563|0.000687|0.011848|0.001790|0.004791|0.000346|0.000093|0.000012|0.000250|0.000033|0.062563|0.004523|0.001321|0.000174|0.003501|0.000455|0.001056|0.000074|0.000023|0.000003|0.000061|0.000006|0.061865|0.004517|0.001275|0.000183|0.003310|0.000473|0.001891|0.000144|0.000057|0.000009|0.000141|0.000022|0.061561|0.004389|0.001056|0.000131|0.002859|0.000355|0.001210|0.000092|0.000032|0.000005|0.000083|0.000013|0.277581|0.020424|0.006323|0.000910|0.016479|0.002351|0.011205|0.000812|0.000169|0.000026|0.000443|0.000069,1.783635992770154e-17
5000,bilirubin|vh_amn|hbeag|upper_pain|sex,70,20,0.0008988380432128906,0.0008537769317626953,1.0527785534766825,0.032942|0.007444|0.021302|0.004804|0.000102|0.000024|0.000066|0.000016|0.006307|0.001508|0.004075|0.000974|0.000023|0.000006|0.000015|0.000004|0.171838|0.153515|0.110728|0.099059|0.000609|0.000534|0.000392|0.000344|0.035405|0.031168|0.022814|0.020102|0.000125|0.000110|0.000080|0.000071|0.091159|0.037338|0.058715|0.023966|0.000293|0.000113|0.000189|0.000073|0.018378|0.007553|0.011843|0.004857|0.000067|0.000028|0.000043|0.000018|0.007873|0.001557|0.005134|0.001024|0.000025|0.000005|0.000016|0.000003|0.001596|0.000349|0.001039|0.000230|0.000006|0.000001|0.000004|0.000001,0.032942|0.007444|0.021302|0.004804|0.000102|0.000024|0.000066|0.000016|0.006307|0.001508|0.004075|0.000974|0.000023|0.000006|0.000015|0.000004|0.171838|0.153515|0.110728|0.099059|0.000609|0.000534|0.000392|0.000344|0.035405|0.031168|0.022814|0.020102|0.000125|0.000110|0.000080|0.000071|0.091159|0.037338|0.058715|0.023966|0.000293|0.000113|0.000189|0.000073|0.018378|0.007553|0.011843|0.004857|0.000067|0.000028|0.000043|0.000018|0.007873|0.001557|0.005134|0.001024|0.000025|0.000005|0.000016|0.000003|0.001596|0.000349|0.001039|0.000230|0.000006|0.000001|0.000004|0.000001,3.494900364896769e-17
5000,skin|edge|hbeag|fatigue|spiders,70,26,0.0012710094451904297,0.0013196468353271484,0.9631436314363143,0.161098|0.038430|0.200497|0.048202|0.000566|0.000137|0.000678|0.000165|0.052059|0.017418|0.065385|0.022745|0.000186|0.000066|0.000225|0.000084|0.101635|0.024781|0.126727|0.031177|0.000336|0.000084|0.000407|0.000103|0.033880|0.012938|0.042691|0.016934|0.000115|0.000049|0.000141|0.000062,0.161098|0.038430|0.200497|0.048202|0.000566|0.000137|0.000678|0.000165|0.052059|0.017418|0.065385|0.022745|0.000186|0.000066|0.000225|0.000084|0.101635|0.024781|0.126727|0.031177|0.000336|0.000084|0.000407|0.000103|0.033880|0.012938|0.042691|0.016934|0.000115|0.000049|0.000141|0.000062,-2.09731642609178e-16
5000,spiders|joints|upper_pain|age|alt,70,23,0.0010645389556884766,0.0010576248168945312,1.0065374211000901,0.009174|0.020799|0.003159|0.023331|0.027477|0.062294|0.009463|0.069877|0.026446|0.059958|0.009108|0.067256|0.005285|0.011981|0.001820|0.013440|0.005915|0.013410|0.002037|0.015043|0.017715|0.040163|0.006101|0.045053|0.017051|0.038657|0.005872|0.043363|0.003407|0.007725|0.001173|0.008665|0.001161|0.002632|0.000400|0.002953|0.003762|0.008529|0.001296|0.009567|0.003658|0.008293|0.001260|0.009302|0.000745|0.001690|0.000257|0.001895|0.000749|0.001697|0.000258|0.001904|0.002425|0.005499|0.000835|0.006168|0.002358|0.005347|0.000812|0.005998|0.000481|0.001089|0.000165|0.001222|0.002402|0.005651|0.000875|0.006387|0.007195|0.016926|0.002622|0.019129|0.006925|0.016291|0.002523|0.018412|0.001384|0.003256|0.000504|0.003679|0.001549|0.003644|0.000564|0.004118|0.004639|0.010913|0.001690|0.012333|0.004465|0.010503|0.001627|0.011871|0.000892|0.002099|0.000325|0.002372|0.000304|0.000715|0.000111|0.000808|0.000985|0.002317|0.000359|0.002619|0.000958|0.002253|0.000349|0.002547|0.000195|0.000459|0.000071|0.000519|0.000196|0.000461|0.000071|0.000521|0.000635|0.001494|0.000231|0.001689|0.000618|0.001453|0.000225|0.001642|0.000126|0.000296|0.000046|0.000335,0.009174|0.020799|0.003159|0.023331|0.027477|0.062294|0.009463|0.069877|0.026446|0.059958|0.009108|0.067256|0.005285|0.011981|0.001820|0.013440|0.005915|0.013410|0.002037|0.015043|0.017715|0.040163|0.006101|0.045053|0.017051|0.038657|0.005872|0.043363|0.003407|0.007725|0.001173|0.008665|0.001161|0.002632|0.000400|0.002953|0.003762|0.008529|0.001296|0.009567|0.003658|0.008293|0.001260|0.009302|0.000745|0.001690|0.000257|0.001895|0.000749|0.001697|0.000258|0.001904|0.002425|0.005499|0.000835|0.006168|0.002358|0.005347|0.000812|0.005998|0.000481|0.001089|0.000165|0.001222|0.002402|0.005651|0.000875|0.006387|0.007195|0.016926|0.002622|0.019129|0.006925|0.016291|0.002523|0.018412|0.001384|0.003256|0.000504|0.003679|0.001549|0.003644|0.000564|0.004118|0.004639|0.010913|0.001690|0.012333|0.004465|0.010503|0.001627|0.011871|0.000892|0.002099|0.000325|0.002372|0.000304|0.000715|0.000111|0.000808|0.000985|0.002317|0.000359|0.002619|0.000958|0.002253|0.000349|0.002547|0.000195|0.000459|0.000071|0.000519|0.000196|0.000461|0.000071|0.000521|0.000635|0.001494|0.000231|0.001689|0.000618|0.001453|0.000225|0.001642|0.000126|0.000296|0.000046|0.000335,-9.808291975108612e-17
5000,urea|platelet|amylase|edema|injections,70,21,0.00099945068359375,0.0009198188781738281,1.086573354069466,0.000034|0.000022|0.000006|0.000004|0.003117|0.001992|0.000541|0.000340|0.000059|0.000040|0.000010|0.000007|0.000151|0.000099|0.000025|0.000016|0.013963|0.008964|0.002339|0.001485|0.000263|0.000181|0.000044|0.000030|0.000017|0.000011|0.000003|0.000002|0.001578|0.001014|0.000264|0.000168|0.000030|0.000021|0.000005|0.000003|0.000015|0.000010|0.000003|0.000002|0.001389|0.000882|0.000254|0.000158|0.000026|0.000018|0.000005|0.000003|0.000758|0.000495|0.000131|0.000084|0.070020|0.044750|0.012075|0.007605|0.001318|0.000905|0.000227|0.000154|0.003430|0.002252|0.000572|0.000372|0.316800|0.203426|0.052854|0.033588|0.005963|0.004114|0.000995|0.000679|0.000392|0.000257|0.000065|0.000042|0.036194|0.023259|0.006022|0.003831|0.000681|0.000470|0.000113|0.000077|0.000323|0.000210|0.000059|0.000037|0.029871|0.018959|0.005450|0.003386|0.000562|0.000383|0.000103|0.000068|0.000056|0.000037|0.000010|0.000006|0.005171|0.003305|0.000892|0.000562|0.000097|0.000067|0.000017|0.000011|0.000253|0.000166|0.000042|0.000027|0.023362|0.015001|0.003900|0.002478|0.000440|0.000303|0.000073|0.000050|0.000029|0.000019|0.000005|0.000003|0.002665|0.001713|0.000444|0.000282|0.000050|0.000035|0.000008|0.000006|0.000024|0.000016|0.000004|0.000003|0.002220|0.001409|0.000405|0.000252|0.000042|0.000028|0.000008|0.000005,0.000034|0.000022|0.000006|0.000004|0.003117|0.001992|0.000541|0.000340|0.000059|0.000040|0.000010|0.000007|0.000151|0.000099|0.000025|0.000016|0.013963|0.008964|0.002339|0.001485|0.000263|0.000181|0.000044|0.000030|0.000017|0.000011|0.000003|0.000002|0.001578|0.001014|0.000264|0.000168|0.000030|0.000021|0.000005|0.000003|0.000015|0.000010|0.000003|0.000002|0.001389|0.000882|0.000254|0.000158|0.000026|0.000018|0.000005|0.000003|0.000758|0.000495|0.000131|0.000084|0.070020|0.044750|0.012075|0.007605|0.001318|0.000905|0.000227|0.000154|0.003430|0.002252|0.000572|0.000372|0.316800|0.203426|0.052854|0.033588|0.005963|0.004114|0.000995|0.000679|0.000392|0.000257|0.000065|0.000042|0.036194|0.023259|0.006022|0.003831|0.000681|0.000470|0.000113|0.000077|0.000323|0.000210|0.000059|0.000037|0.029871|0.018959|0.005450|0.003386|0.000562|0.000383|0.000103|0.000068|0.000056|0.000037|0.000010|0.000006|0.005171|0.003305|0.000892|0.000562|0.000097|0.000067|0.000017|0.000011|0.000253|0.000166|0.000042|0.000027|0.023362|0.015001|0.003900|0.002478|0.000440|0.000303|0.000073|0.000050|0.000029|0.000019|0.000005|0.000003|0.002665|0.001713|0.000444|0.000282|0.000050|0.000035|0.000008|0.000006|0.000024|0.000016|0.000004|0.000003|0.002220|0.001409|0.000405|0.000252|0.000042|0.000028|0.000008|0.000005,0.0
5000,le_cells|PBC|anorexia|nausea|hepatotoxic,70,10,0.00045990943908691406,0.0004296302795410156,1.0704772475027746,0.279029|0.024066|0.110807|0.009528|0.105483|0.009214|0.041653|0.003631|0.165744|0.014295|0.065820|0.005660|0.062657|0.005473|0.024742|0.002157|0.012996|0.001121|0.005161|0.000444|0.004913|0.000429|0.001940|0.000169|0.020502|0.001768|0.008142|0.000700|0.007751|0.000677|0.003061|0.000267,0.279029|0.024066|0.110807|0.009528|0.105483|0.009214|0.041653|0.003631|0.165744|0.014295|0.065820|0.005660|0.062657|0.005473|0.024742|0.002157|0.012996|0.001121|0.005161|0.000444|0.004913|0.000429|0.001940|0.000169|0.020502|0.001768|0.008142|0.000700|0.007751|0.000677|0.003061|0.000267,0.0
5000,skin|ChHepatitis|choledocholithotomy|spleen|transfusion,70,23,0.0010461807250976562,0.0009500980377197266,1.101129234629862,0.318678|0.061110|0.041785|0.008013|0.051895|0.008835|0.006876|0.001171|0.045520|0.010596|0.010178|0.002369|0.006949|0.001269|0.001410|0.000258|0.020226|0.003980|0.002833|0.000557|0.002564|0.000444|0.000361|0.000063|0.204493|0.039214|0.028902|0.005542|0.034060|0.005799|0.004738|0.000807|0.029314|0.006823|0.007139|0.001662|0.004598|0.000840|0.001262|0.000230|0.010206|0.002008|0.001714|0.000337|0.001740|0.000301|0.000282|0.000049,0.318678|0.061110|0.041785|0.008013|0.051895|0.008835|0.006876|0.001171|0.045520|0.010596|0.010178|0.002369|0.006949|0.001269|0.001410|0.000258|0.020226|0.003980|0.002833|0.000557|0.002564|0.000444|0.000361|0.000063|0.204493|0.039214|0.028902|0.005542|0.034060|0.005799|0.004738|0.000807|0.029314|0.006823|0.007139|0.001662|0.004598|0.000840|0.001262|0.000230|0.010206|0.002008|0.001714|0.000337|0.001740|0.000301|0.000282|0.000049,1.0964701128048151e-17
5000,vh_amn|ChHepatitis|phosphatase|ascites|hepatotoxic,70,18,0.0007958412170410156,0.00075531005859375,1.0536616161616161,0.268217|0.022950|0.042720|0.003655|0.108382|0.009530|0.017310|0.001522|0.190360|0.016553|0.030296|0.002635|0.052740|0.004561|0.008297|0.000718|0.002013|0.000168|0.000316|0.000026|0.016195|0.001407|0.002537|0.000220|0.017322|0.001505|0.002756|0.000239|0.000802|0.000070|0.000127|0.000011|0.004012|0.000340|0.000637|0.000054|0.040484|0.003464|0.006448|0.000552|0.016359|0.001438|0.002613|0.000230|0.028732|0.002499|0.004573|0.000398|0.024371|0.002108|0.003834|0.000332|0.000930|0.000078|0.000146|0.000012|0.007484|0.000650|0.001172|0.000102|0.012301|0.001068|0.001957|0.000170|0.000569|0.000050|0.000090|0.000008|0.002849|0.000241|0.000452|0.000038,0.268217|0.022950|0.042720|0.003655|0.108382|0.009530|0.017310|0.001522|0.190360|0.016553|0.030296|0.002635|0.052740|0.004561|0.008297|0.000718|0.002013|0.000168|0.000316|0.000026|0.016195|0.001407|0.002537|0.000220|0.017322|0.001505|0.002756|0.000239|0.000802|0.000070|0.000127|0.000011|0.004012|0.000340|0.000637|0.000054|0.040484|0.003464|0.006448|0.000552|0.016359|0.001438|0.002613|0.000230|0.028732|0.002499|0.004573|0.000398|0.024371|0.002108|0.003834|0.000332|0.000930|0.000078|0.000146|0.000012|0.007484|0.000650|0.001172|0.000102|0.012301|0.001068|0.001957|0.000170|0.000569|0.000050|0.000090|0.000008|0.002849|0.000241|0.000452|0.000038,3.2987252320664245e-18
5000,itching|triglycerides|Cirrhosis|fatigue|hbc_anti,70,25,0.001163482666015625,0.00118255615234375,0.9838709677419355,0.005781|0.000594|0.007202|0.000730|0.000645|0.000064|0.000839|0.000081|0.001534|0.000153|0.001973|0.000193|0.204880|0.021035|0.254958|0.025814|0.003233|0.000290|0.004598|0.000395|0.007826|0.000687|0.011326|0.000953|0.007578|0.000778|0.009436|0.000956|0.000540|0.000053|0.000708|0.000068|0.001285|0.000127|0.001673|0.000161|0.004149|0.000426|0.005172|0.000524|0.000479|0.000047|0.000623|0.000060|0.001410|0.000142|0.001799|0.000178|0.147050|0.015101|0.183105|0.018546|0.002422|0.000217|0.003451|0.000296|0.006904|0.000616|0.009858|0.000842|0.005439|0.000559|0.006777|0.000687|0.000401|0.000039|0.000526|0.000050|0.001177|0.000117|0.001518|0.000148,0.005781|0.000594|0.007202|0.000730|0.000645|0.000064|0.000839|0.000081|0.001534|0.000153|0.001973|0.000193|0.204880|0.021035|0.254958|0.025814|0.003233|0.000290|0.004598|0.000395|0.007826|0.000687|0.011326|0.000953|0.007578|0.000778|0.009436|0.000956|0.000540|0.000053|0.000708|0.000068|0.001285|0.000127|0.001673|0.000161|0.004149|0.000426|0.005172|0.000524|0.000479|0.000047|0.000623|0.000060|0.001410|0.000142|0.001799|0.000178|0.147050|0.015101|0.183105|0.018546|0.002422|0.000217|0.003451|0.000296|0.006904|0.000616|0.009858|0.000842|0.005439|0.000559|0.006777|0.000687|0.000401|0.000039|0.000526|0.000050|0.001177|0.000117|0.001518|0.000148,1.0997642579264037e-17
5000,anorexia|fatigue|Steatosis|skin|alcohol,70,25,0.001157522201538086,0.0011832714080810547,0.9782389683659077,0.157752|0.020898|0.099720|0.013271|0.014124|0.002634|0.010752|0.002076|0.198193|0.026406|0.125684|0.016842|0.017873|0.003348|0.013579|0.002630|0.060215|0.007975|0.038063|0.005064|0.005362|0.001000|0.004083|0.000788|0.074345|0.009908|0.047148|0.006320|0.006660|0.001248|0.005059|0.000980,0.157752|0.020898|0.099720|0.013271|0.014124|0.002634|0.010752|0.002076|0.198193|0.026406|0.125684|0.016842|0.017873|0.003348|0.013579|0.002630|0.060215|0.007975|0.038063|0.005064|0.005362|0.001000|0.004083|0.000788|0.074345|0.009908|0.047148|0.006320|0.006660|0.001248|0.005059|0.000980,0.0
5000,spleen|jaundice|PBC|fatigue|ast,70,25,0.0013051033020019531,0.0013089179992675781,0.9970856102003643,0.083449|0.039391|0.058010|0.002824|0.104720|0.048533|0.072173|0.003829|0.045702|0.021511|0.031764|0.001564|0.057471|0.026564|0.039570|0.002132|0.024079|0.011290|0.016696|0.000824|0.030345|0.013966|0.020846|0.001127|0.022877|0.010811|0.015882|0.000762|0.028670|0.013296|0.019755|0.001029|0.012021|0.005118|0.008702|0.000424|0.015485|0.006489|0.011046|0.000605|0.006689|0.002822|0.004856|0.000238|0.008634|0.003588|0.006169|0.000341|0.003727|0.001536|0.002743|0.000131|0.004822|0.001961|0.003484|0.000189|0.003354|0.001422|0.002443|0.000116|0.004318|0.001801|0.003098|0.000166,0.083449|0.039391|0.058010|0.002824|0.104720|0.048533|0.072173|0.003829|0.045702|0.021511|0.031764|0.001564|0.057471|0.026564|0.039570|0.002132|0.024079|0.011290|0.016696|0.000824|0.030345|0.013966|0.020846|0.001127|0.022877|0.010811|0.015882|0.000762|0.028670|0.013296|0.019755|0.001029|0.012021|0.005118|0.008702|0.000424|0.015485|0.006489|0.011046|0.000605|0.006689|0.002822|0.004856|0.000238|0.008634|0.003588|0.006169|0.000341|0.003727|0.001536|0.002743|0.000131|0.004822|0.001961|0.003484|0.000189|0.003354|0.001422|0.002443|0.000116|0.004318|0.001801|0.003098|0.000166,0.0
5000,albumin|choledocholithotomy|consciousness|gallstones|bilirubin,70,21,0.0009870529174804688,0.0009424686431884766,1.0473058436630407,0.006379|0.058048|0.022884|0.001197|0.000534|0.003395|0.000956|0.000212|0.000179|0.001275|0.000585|0.000035|0.000015|0.000071|0.000027|0.000006|0.000240|0.002178|0.000861|0.000045|0.001216|0.007688|0.002149|0.000483|0.000007|0.000048|0.000022|0.000001|0.000035|0.000162|0.000061|0.000013|0.008216|0.072042|0.029244|0.001491|0.000661|0.004235|0.001216|0.000279|0.000230|0.001592|0.000750|0.000043|0.000019|0.000090|0.000035|0.000008|0.000309|0.002701|0.001099|0.000056|0.001505|0.009587|0.002729|0.000636|0.000009|0.000060|0.000028|0.000002|0.000043|0.000203|0.000078|0.000017|0.045307|0.385965|0.158316|0.008322|0.003477|0.022281|0.007045|0.001628|0.001258|0.008538|0.004065|0.000238|0.000099|0.000475|0.000194|0.000044|0.001702|0.014451|0.005943|0.000311|0.007899|0.050416|0.015760|0.003689|0.000047|0.000320|0.000153|0.000009|0.000224|0.001073|0.000436|0.000100,0.006379|0.058048|0.022884|0.001197|0.000534|0.003395|0.000956|0.000212|0.000179|0.001275|0.000585|0.000035|0.000015|0.000071|0.000027|0.000006|0.000240|0.002178|0.000861|0.000045|0.001216|0.007688|0.002149|0.000483|0.000007|0.000048|0.000022|0.000001|0.000035|0.000162|0.000061|0.000013|0.008216|0.072042|0.029244|0.001491|0.000661|0.004235|0.001216|0.000279|0.000230|0.001592|0.000750|0.000043|0.000019|0.000090|0.000035|0.000008|0.000309|0.002701|0.001099|0.000056|0.001505|0.009587|0.002729|0.000636|0.000009|0.000060|0.000028|0.000002|0.000043|0.000203|0.000078|0.000017|0.045307|0.385965|0.158316|0.008322|0.003477|0.022281|0.007045|0.001628|0.001258|0.008538|0.004065|0.000238|0.000099|0.000475|0.000194|0.000044|0.001702|0.014451|0.005943|0.000311|0.007899|0.050416|0.015760|0.003689|0.000047|0.000320|0.000153|0.000009|0.000224|0.001073|0.000436|0.000100,-1.1067267677377952e-16
5000,hospital|pain_ruq|spiders|sex|spleen,70,21,0.0009260177612304688,0.0008304119110107422,1.1151306345104794,0.117435|0.015245|0.077855|0.010106|0.029550|0.006428|0.019589|0.004260|0.081796|0.010758|0.053204|0.006999|0.020823|0.004727|0.013548|0.003078|0.130110|0.016723|0.086258|0.011086|0.032457|0.006823|0.021516|0.004521|0.090624|0.011802|0.058946|0.007679|0.022872|0.005028|0.014881|0.003275,0.117435|0.015245|0.077855|0.010106|0.029550|0.006428|0.019589|0.004260|0.081796|0.010758|0.053204|0.006999|0.020823|0.004727|0.013548|0.003078|0.130110|0.016723|0.086258|0.011086|0.032457|0.006823|0.021516|0.004521|0.090624|0.011802|0.058946|0.007679|0.022872|0.005028|0.014881|0.003275,-2.4859797756101884e-16
5000,edge|itching|density|hbc_anti|gallstones,70,23,0.0010790824890136719,0.0011370182037353516,0.9490459215768505,0.204039|0.036076|0.020708|0.003671|0.125484|0.022141|0.012735|0.002253|0.145422|0.027174|0.014754|0.002770|0.090065|0.016873|0.009138|0.001720|0.072790|0.012759|0.007239|0.001278|0.044872|0.007852|0.004461|0.000786|0.053379|0.010010|0.005306|0.000996|0.033116|0.006222|0.003291|0.000619,0.204039|0.036076|0.020708|0.003671|0.125484|0.022141|0.012735|0.002253|0.145422|0.027174|0.014754|0.002770|0.090065|0.016873|0.009138|0.001720|0.072790|0.012759|0.007239|0.001278|0.044872|0.007852|0.004461|0.000786|0.053379|0.010010|0.005306|0.000996|0.033116|0.006222|0.003291|0.000619,0.0
5000,fat|edema|hbsag|amylase|RHepatitis,70,18,0.0008134841918945312,0.0008122920989990234,1.0014675667742883,0.005959|0.000158|0.540991|0.014327|0.010774|0.000285|0.000623|0.000016|0.056605|0.001499|0.001122|0.000030|0.000995|0.000026|0.090328|0.002392|0.001799|0.000048|0.000110|0.000003|0.010040|0.000266|0.000199|0.000005|0.002046|0.000054|0.191876|0.005082|0.003428|0.000091|0.000214|0.000006|0.020112|0.000533|0.000358|0.000009|0.000342|0.000009|0.032039|0.000849|0.000572|0.000015|0.000038|0.000001|0.003568|0.000094|0.000063|0.000002,0.005959|0.000158|0.540991|0.014327|0.010774|0.000285|0.000623|0.000016|0.056605|0.001499|0.001122|0.000030|0.000995|0.000026|0.090328|0.002392|0.001799|0.000048|0.000110|0.000003|0.010040|0.000266|0.000199|0.000005|0.002046|0.000054|0.191876|0.005082|0.003428|0.000091|0.000214|0.000006|0.020112|0.000533|0.000358|0.000009|0.000342|0.000009|0.032039|0.000849|0.000572|0.000015|0.000038|0.000001|0.003568|0.000094|0.000063|0.000002,-1.5226435904574658e-16
5000,spleen|Hyperbilirubinemia|PBC|albumin|pain_ruq,70,22,0.0010178089141845703,0.0009889602661132812,1.0291706846673097,0.031588|0.022759|0.039016|0.028152|0.205672|0.148939|0.021710|0.015642|0.026815|0.019349|0.141354|0.102363|0.004572|0.001817|0.005645|0.002251|0.029739|0.011950|0.000991|0.000394|0.001223|0.000488|0.006445|0.002590|0.003659|0.002642|0.005134|0.003757|0.031578|0.023457|0.002515|0.001816|0.003528|0.002582|0.021703|0.016121|0.000529|0.000211|0.000741|0.000304|0.004544|0.001926|0.000115|0.000046|0.000161|0.000066|0.000985|0.000417,0.031588|0.022759|0.039016|0.028152|0.205672|0.148939|0.021710|0.015642|0.026815|0.019349|0.141354|0.102363|0.004572|0.001817|0.005645|0.002251|0.029739|0.011950|0.000991|0.000394|0.001223|0.000488|0.006445|0.002590|0.003659|0.002642|0.005134|0.003757|0.031578|0.023457|0.002515|0.001816|0.003528|0.002582|0.021703|0.016121|0.000529|0.000211|0.000741|0.000304|0.004544|0.001926|0.000115|0.000046|0.000161|0.000066|0.000985|0.000417,1.305005759347987e-16
5000,alcoholism|density|upper_pain|Cirrhosis|ama,70,20,0.0008575916290283203,0.00077056884765625,1.1129331683168318,0.235810|0.069541|0.004453|0.001307|0.011422|0.003443|0.152037|0.044836|0.002871|0.000842|0.007363|0.002220|0.143851|0.044474|0.002663|0.000830|0.007195|0.002148|0.092747|0.028674|0.001717|0.000535|0.004638|0.001384|0.033487|0.009875|0.001436|0.000421|0.003668|0.001106|0.021591|0.006367|0.000926|0.000272|0.002365|0.000713|0.020428|0.006316|0.000859|0.000268|0.002311|0.000690|0.013171|0.004072|0.000554|0.000173|0.001490|0.000445,0.235810|0.069541|0.004453|0.001307|0.011422|0.003443|0.152037|0.044836|0.002871|0.000842|0.007363|0.002220|0.143851|0.044474|0.002663|0.000830|0.007195|0.002148|0.092747|0.028674|0.001717|0.000535|0.004638|0.001384|0.033487|0.009875|0.001436|0.000421|0.003668|0.001106|0.021591|0.006367|0.000926|0.000272|0.002365|0.000713|0.020428|0.006316|0.000859|0.000268|0.002311|0.000690|0.013171|0.004072|0.000554|0.000173|0.001490|0.000445,-4.553864214287858e-17
5000,spleen|ggtp|encephalopathy|obesity|surgery,70,22,0.0010862350463867188,0.0010170936584472656,1.0679793717768402,0.059827|0.044954|0.004473|0.003361|0.001779|0.001340|0.000134|0.000101|0.058892|0.044488|0.004484|0.003387|0.002596|0.001960|0.000196|0.000148|0.057890|0.043674|0.004246|0.003204|0.002402|0.001812|0.000178|0.000135|0.271493|0.204244|0.020822|0.015664|0.007194|0.005406|0.000558|0.000419|0.008692|0.006506|0.000764|0.000572|0.000278|0.000208|0.000025|0.000019|0.008525|0.006420|0.000780|0.000587|0.000368|0.000277|0.000033|0.000025|0.008068|0.006067|0.000675|0.000508|0.000334|0.000251|0.000028|0.000021|0.039892|0.029912|0.003686|0.002765|0.001173|0.000878|0.000115|0.000086,0.059827|0.044954|0.004473|0.003361|0.001779|0.001340|0.000134|0.000101|0.058892|0.044488|0.004484|0.003387|0.002596|0.001960|0.000196|0.000148|0.057890|0.043674|0.004246|0.003204|0.002402|0.001812|0.000178|0.000135|0.271493|0.204244|0.020822|0.015664|0.007194|0.005406|0.000558|0.000419|0.008692|0.006506|0.000764|0.000572|0.000278|0.000208|0.000025|0.000019|0.008525|0.006420|0.000780|0.000587|0.000368|0.000277|0.000033|0.000025|0.008068|0.006067|0.000675|0.000508|0.000334|0.000251|0.000028|0.000021|0.039892|0.029912|0.003686|0.002765|0.001173|0.000878|0.000115|0.000086,-1.8958918104172625e-17
5000,pain_ruq|amylase|alt|hepatotoxic|hepatalgia,70,24,0.001092672348022461,0.001130819320678711,0.9662660763230023,0.000720|0.000210|0.000062|0.000018|0.001637|0.000481|0.000141|0.000041|0.000251|0.000073|0.000022|0.000006|0.001843|0.000540|0.000159|0.000047|0.065914|0.019273|0.005706|0.001665|0.149897|0.044026|0.012951|0.003795|0.022989|0.006695|0.002022|0.000588|0.168771|0.049471|0.014588|0.004266|0.001277|0.000373|0.000111|0.000032|0.002903|0.000853|0.000251|0.000073|0.000445|0.000130|0.000039|0.000011|0.003270|0.000958|0.000283|0.000083|0.000495|0.000148|0.000043|0.000013|0.001137|0.000340|0.000098|0.000029|0.000172|0.000051|0.000015|0.000004|0.001275|0.000381|0.000110|0.000033|0.045358|0.013529|0.003925|0.001168|0.104139|0.031169|0.008999|0.002687|0.015777|0.004688|0.001387|0.000412|0.116753|0.034893|0.010092|0.003009|0.000879|0.000262|0.000076|0.000023|0.002017|0.000604|0.000174|0.000052|0.000305|0.000091|0.000027|0.000008|0.002262|0.000676|0.000196|0.000058,0.000720|0.000210|0.000062|0.000018|0.001637|0.000481|0.000141|0.000041|0.000251|0.000073|0.000022|0.000006|0.001843|0.000540|0.000159|0.000047|0.065914|0.019273|0.005706|0.001665|0.149897|0.044026|0.012951|0.003795|0.022989|0.006695|0.002022|0.000588|0.168771|0.049471|0.014588|0.004266|0.001277|0.000373|0.000111|0.000032|0.002903|0.000853|0.000251|0.000073|0.000445|0.000130|0.000039|0.000011|0.003270|0.000958|0.000283|0.000083|0.000495|0.000148|0.000043|0.000013|0.001137|0.000340|0.000098|0.000029|0.000172|0.000051|0.000015|0.000004|0.001275|0.000381|0.000110|0.000033|0.045358|0.013529|0.003925|0.001168|0.104139|0.031169|0.008999|0.002687|0.015777|0.004688|0.001387|0.000412|0.116753|0.034893|0.010092|0.003009|0.000879|0.000262|0.000076|0.000023|0.002017|0.000604|0.000174|0.000052|0.000305|0.000091|0.000027|0.000008|0.002262|0.000676|0.000196|0.000058,2.0552931044748494e-18
5000,transfusion|ast|amylase|diabetes|age,70,20,0.0008816719055175781,0.0009334087371826172,0.9445721583652618,0.000519|0.001569|0.001512|0.000303|0.000020|0.000061|0.000058|0.000012|0.047501|0.143574|0.138360|0.027715|0.001834|0.005544|0.005343|0.001070|0.000923|0.002789|0.002687|0.000538|0.000036|0.000108|0.000104|0.000021|0.000239|0.000723|0.000697|0.000140|0.000009|0.000028|0.000027|0.000005|0.021887|0.066154|0.063751|0.012770|0.000836|0.002526|0.002435|0.000488|0.000425|0.001285|0.001239|0.000248|0.000016|0.000049|0.000047|0.000009|0.000361|0.001091|0.001052|0.000211|0.000014|0.000043|0.000041|0.000008|0.033040|0.099865|0.096238|0.019277|0.001288|0.003895|0.003753|0.000752|0.000642|0.001939|0.001869|0.000374|0.000025|0.000076|0.000073|0.000015|0.000018|0.000056|0.000054|0.000011|0.000001|0.000002|0.000002|0.000000|0.001685|0.005092|0.004907|0.000983|0.000064|0.000193|0.000186|0.000037|0.000033|0.000099|0.000095|0.000019|0.000001|0.000004|0.000004|0.000001|0.000100|0.000303|0.000292|0.000059|0.000004|0.000012|0.000011|0.000002|0.009221|0.027870|0.026858|0.005380|0.000356|0.001076|0.001037|0.000208|0.000176|0.000532|0.000513|0.000103|0.000007|0.000021|0.000020|0.000004|0.000046|0.000139|0.000134|0.000027|0.000002|0.000005|0.000005|0.000001|0.004237|0.012807|0.012342|0.002472|0.000162|0.000489|0.000471|0.000094|0.000081|0.000245|0.000236|0.000047|0.000003|0.000009|0.000009|0.000002|0.000069|0.000210|0.000202|0.000040|0.000003|0.000008|0.000008|0.000002|0.006375|0.019269|0.018569|0.003720|0.000249|0.000751|0.000724|0.000145|0.000122|0.000368|0.000355|0.000071|0.000005|0.000014|0.000014|0.000003|0.000004|0.000011|0.000011|0.000002|0.000000|0.000000|0.000000|0.000000|0.000343|0.001035|0.000998|0.000200|0.000013|0.000039|0.000038|0.000008|0.000007|0.000020|0.000019|0.000004|0.000000|0.000001|0.000001|0.000000,0.000519|0.001569|0.001512|0.000303|0.000020|0.000061|0.000058|0.000012|0.047501|0.143574|0.138360|0.027715|0.001834|0.005544|0.005343|0.001070|0.000923|0.002789|0.002687|0.000538|0.000036|0.000108|0.000104|0.000021|0.000239|0.000723|0.000697|0.000140|0.000009|0.000028|0.000027|0.000005|0.021887|0.066154|0.063751|0.012770|0.000836|0.002526|0.002435|0.000488|0.000425|0.001285|0.001239|0.000248|0.000016|0.000049|0.000047|0.000009|0.000361|0.001091|0.001052|0.000211|0.000014|0.000043|0.000041|0.000008|0.033040|0.099865|0.096238|0.019277|0.001288|0.003895|0.003753|0.000752|0.000642|0.001939|0.001869|0.000374|0.000025|0.000076|0.000073|0.000015|0.000018|0.000056|0.000054|0.000011|0.000001|0.000002|0.000002|0.000000|0.001685|0.005092|0.004907|0.000983|0.000064|0.000193|0.000186|0.000037|0.000033|0.000099|0.000095|0.000019|0.000001|0.000004|0.000004|0.000001|0.000100|0.000303|0.000292|0.000059|0.000004|0.000012|0.000011|0.000002|0.009221|0.027870|0.026858|0.005380|0.000356|0.001076|0.001037|0.000208|0.000176|0.000532|0.000513|0.000103|0.000007|0.000021|0.000020|0.000004|0.000046|0.000139|0.000134|0.000027|0.000002|0.000005|0.000005|0.000001|0.004237|0.012807|0.012342|0.002472|0.000162|0.000489|0.000471|0.000094|0.000081|0.000245|0.000236|0.000047|0.000003|0.000009|0.000009|0.000002|0.000069|0.000210|0.000202|0.000040|0.000003|0.000008|0.000008|0.000002|0.006375|0.019269|0.018569|0.003720|0.000249|0.000751|0.000724|0.000145|0.000122|0.000368|0.000355|0.000071|0.000005|0.000014|0.000014|0.000003|0.000004|0.000011|0.000011|0.000002|0.000000|0.000000|0.000000|0.000000|0.000343|0.001035|0.000998|0.000200|0.000013|0.000039|0.000038|0.000008|0.000007|0.000020|0.000019|0.000004|0.000000|0.000001|0.000001|0.000000,0.0
5000,palms|bilirubin|platelet|ama|hbeag,70,22,0.0011212825775146484,0.0010800361633300781,1.0381898454746137,0.005627|0.000018|0.005141|0.000016|0.023725|0.000075|0.020719|0.000064|0.002502|0.000008|0.001923|0.000006|0.003161|0.000010|0.003601|0.000011|0.069396|0.000242|0.013163|0.000047|0.338018|0.001174|0.053322|0.000192|0.041602|0.000144|0.005027|0.000018|0.019448|0.000070|0.008907|0.000032|0.021407|0.000069|0.012347|0.000041|0.095426|0.000301|0.049718|0.000165|0.010916|0.000034|0.004628|0.000015|0.009381|0.000031|0.008586|0.000028|0.001294|0.000004|0.001268|0.000004|0.005364|0.000017|0.005076|0.000016|0.000553|0.000002|0.000468|0.000002|0.000755|0.000002|0.000877|0.000003|0.001240|0.000004|0.000930|0.000003|0.004747|0.000016|0.003804|0.000013|0.000505|0.000002|0.000337|0.000001|0.000735|0.000003|0.000660|0.000002|0.012688|0.000046|0.002392|0.000009|0.057052|0.000202|0.009744|0.000036|0.007017|0.000025|0.000879|0.000003|0.004342|0.000016|0.001632|0.000006|0.004762|0.000016|0.002209|0.000008|0.018557|0.000062|0.008981|0.000031|0.002152|0.000007|0.000802|0.000003|0.002388|0.000009|0.001548|0.000005|0.000287|0.000001|0.000242|0.000001|0.001100|0.000004|0.000978|0.000003|0.000113|0.000000|0.000085|0.000000|0.000174|0.000001|0.000168|0.000001,0.005627|0.000018|0.005141|0.000016|0.023725|0.000075|0.020719|0.000064|0.002502|0.000008|0.001923|0.000006|0.003161|0.000010|0.003601|0.000011|0.069396|0.000242|0.013163|0.000047|0.338018|0.001174|0.053322|0.000192|0.041602|0.000144|0.005027|0.000018|0.019448|0.000070|0.008907|0.000032|0.021407|0.000069|0.012347|0.000041|0.095426|0.000301|0.049718|0.000165|0.010916|0.000034|0.004628|0.000015|0.009381|0.000031|0.008586|0.000028|0.001294|0.000004|0.001268|0.000004|0.005364|0.000017|0.005076|0.000016|0.000553|0.000002|0.000468|0.000002|0.000755|0.000002|0.000877|0.000003|0.001240|0.000004|0.000930|0.000003|0.004747|0.000016|0.003804|0.000013|0.000505|0.000002|0.000337|0.000001|0.000735|0.000003|0.000660|0.000002|0.012688|0.000046|0.002392|0.000009|0.057052|0.000202|0.009744|0.000036|0.007017|0.000025|0.000879|0.000003|0.004342|0.000016|0.001632|0.000006|0.004762|0.000016|0.002209|0.000008|0.018557|0.000062|0.008981|0.000031|0.002152|0.000007|0.000802|0.000003|0.002388|0.000009|0.001548|0.000005|0.000287|0.000001|0.000242|0.000001|0.001100|0.000004|0.000978|0.000003|0.000113|0.000000|0.000085|0.000000|0.000174|0.000001|0.000168|0.000001,-1.85279067764137e-18
5000,ast|hbsag_anti|itching|upper_pain|alcohol,70,26,0.0014119148254394531,0.0012586116790771484,1.1218033718507292,0.139113|0.019298|0.089675|0.012439|0.101065|0.014124|0.065177|0.009109|0.001963|0.000274|0.001266|0.000177|0.001430|0.000201|0.000922|0.000130|0.064421|0.008619|0.041529|0.005556|0.046645|0.006268|0.030081|0.004043|0.000912|0.000123|0.000588|0.000079|0.000662|0.000090|0.000427|0.000058|0.096759|0.013421|0.062371|0.008651|0.070280|0.009839|0.045323|0.006346|0.001308|0.000183|0.000843|0.000118|0.000955|0.000135|0.000616|0.000087|0.004961|0.000701|0.003198|0.000452|0.003586|0.000510|0.002312|0.000329|0.000078|0.000011|0.000050|0.000007|0.000057|0.000008|0.000036|0.000005,0.139113|0.019298|0.089675|0.012439|0.101065|0.014124|0.065177|0.009109|0.001963|0.000274|0.001266|0.000177|0.001430|0.000201|0.000922|0.000130|0.064421|0.008619|0.041529|0.005556|0.046645|0.006268|0.030081|0.004043|0.000912|0.000123|0.000588|0.000079|0.000662|0.000090|0.000427|0.000058|0.096759|0.013421|0.062371|0.008651|0.070280|0.009839|0.045323|0.006346|0.001308|0.000183|0.000843|0.000118|0.000955|0.000135|0.000616|0.000087|0.004961|0.000701|0.003198|0.000452|0.003586|0.000510|0.002312|0.000329|0.000078|0.000011|0.000050|0.000007|0.000057|0.000008|0.000036|0.000005,-1.2308318527526097e-16
5000,edema|transfusion|choledocholithotomy|palms|alcohol,70,15,0.0007371902465820312,0.0006842613220214844,1.0773519163763066,0.462369|0.062577|0.080421|0.011984|0.074912|0.010131|0.012998|0.001933|0.090998|0.012346|0.015954|0.002394|0.012867|0.001742|0.002239|0.000334|0.074912|0.010351|0.015795|0.002579|0.012128|0.001674|0.002544|0.000414|0.014780|0.002050|0.003169|0.000522|0.002085|0.000288|0.000440|0.000072,0.462369|0.062577|0.080421|0.011984|0.074912|0.010131|0.012998|0.001933|0.090998|0.012346|0.015954|0.002394|0.012867|0.001742|0.002239|0.000334|0.074912|0.010351|0.015795|0.002579|0.012128|0.001674|0.002544|0.000414|0.014780|0.002050|0.003169|0.000522|0.002085|0.000288|0.000440|0.000072,2.9376323034974802e-18
5000,cholesterol|ggtp|hbsag|itching|pain_ruq,70,26,0.001481771469116211,0.0015292167663574219,0.9689741191144372,0.032068|0.022745|0.021352|0.015125|0.003781|0.002654|0.002514|0.001761|0.025282|0.017941|0.020210|0.014336|0.002625|0.001843|0.002084|0.001463|0.025754|0.018400|0.019777|0.014142|0.002796|0.001980|0.002107|0.001491|0.155383|0.105914|0.102397|0.069153|0.016320|0.011184|0.010882|0.007416|0.007068|0.005070|0.005888|0.004220|0.000681|0.000486|0.000557|0.000397|0.009876|0.007010|0.009242|0.006559|0.000907|0.000643|0.000830|0.000588|0.008991|0.006439|0.008342|0.005979|0.000831|0.000591|0.000749|0.000533|0.030235|0.021205|0.024041|0.016838|0.002909|0.002051|0.002326|0.001639|0.001768|0.001269|0.001671|0.001198|0.000239|0.000169|0.000205|0.000145|0.003138|0.002221|0.003072|0.002176|0.000341|0.000240|0.000317|0.000223|0.002808|0.002014|0.002754|0.001976|0.000317|0.000225|0.000290|0.000206|0.006479|0.004644|0.006012|0.004301|0.000941|0.000667|0.000802|0.000569,0.032068|0.022745|0.021352|0.015125|0.003781|0.002654|0.002514|0.001761|0.025282|0.017941|0.020210|0.014336|0.002625|0.001843|0.002084|0.001463|0.025754|0.018400|0.019777|0.014142|0.002796|0.001980|0.002107|0.001491|0.155383|0.105914|0.102397|0.069153|0.016320|0.011184|0.010882|0.007416|0.007068|0.005070|0.005888|0.004220|0.000681|0.000486|0.000557|0.000397|0.009876|0.007010|0.009242|0.006559|0.000907|0.000643|0.000830|0.000588|0.008991|0.006439|0.008342|0.005979|0.000831|0.000591|0.000749|0.000533|0.030235|0.021205|0.024041|0.016838|0.002909|0.002051|0.002326|0.001639|0.001768|0.001269|0.001671|0.001198|0.000239|0.000169|0.000205|0.000145|0.003138|0.002221|0.003072|0.002176|0.000341|0.000240|0.000317|0.000223|0.002808|0.002014|0.002754|0.001976|0.000317|0.000225|0.000290|0.000206|0.006479|0.004644|0.006012|0.004301|0.000941|0.000667|0.000802|0.000569,-1.5418784796133768e-16
5000,ascites|platelet|vh_amn|hepatotoxic|pain,70,20,0.0009512901306152344,0.0008747577667236328,1.0874897792313982,0.080244|0.021875|0.006940|0.001892|0.016445|0.004490|0.001422|0.000388|0.361058|0.100389|0.031226|0.008682|0.073056|0.020297|0.006318|0.001755|0.040961|0.011744|0.003542|0.001016|0.008270|0.002371|0.000715|0.000205|0.035239|0.008532|0.003048|0.000738|0.007352|0.001797|0.000636|0.000155|0.012747|0.003474|0.001102|0.000300|0.002606|0.000711|0.000225|0.000061|0.057471|0.015981|0.004970|0.001382|0.011608|0.003226|0.001004|0.000279|0.006522|0.001870|0.000564|0.000162|0.001315|0.000377|0.000114|0.000033|0.005580|0.001349|0.000483|0.000117|0.001160|0.000283|0.000100|0.000024,0.080244|0.021875|0.006940|0.001892|0.016445|0.004490|0.001422|0.000388|0.361058|0.100389|0.031226|0.008682|0.073056|0.020297|0.006318|0.001755|0.040961|0.011744|0.003542|0.001016|0.008270|0.002371|0.000715|0.000205|0.035239|0.008532|0.003048|0.000738|0.007352|0.001797|0.000636|0.000155|0.012747|0.003474|0.001102|0.000300|0.002606|0.000711|0.000225|0.000061|0.057471|0.015981|0.004970|0.001382|0.011608|0.003226|0.001004|0.000279|0.006522|0.001870|0.000564|0.000162|0.001315|0.000377|0.000114|0.000033|0.005580|0.001349|0.000483|0.000117|0.001160|0.000283|0.000100|0.000024,2.743500688418363e-17
5000,transfusion|hbeag|inr|density|hcv_anti,70,23,0.0011322498321533203,0.001039266586303711,1.0894700619408122,0.449093|0.000979|0.277114|0.000604|0.028678|0.000084|0.017703|0.000052|0.037362|0.000070|0.023096|0.000043|0.001520|0.000008|0.000938|0.000005|0.000117|0.000001|0.000072|0.000001|0.000112|0.000000|0.000069|0.000000|0.087055|0.000187|0.053719|0.000115|0.005449|0.000016|0.003364|0.000010|0.007281|0.000013|0.004501|0.000008|0.000299|0.000002|0.000185|0.000001|0.000023|0.000000|0.000014|0.000000|0.000022|0.000000|0.000014|0.000000,0.449093|0.000979|0.277114|0.000604|0.028678|0.000084|0.017703|0.000052|0.037362|0.000070|0.023096|0.000043|0.001520|0.000008|0.000938|0.000005|0.000117|0.000001|0.000072|0.000001|0.000112|0.000000|0.000069|0.000000|0.087055|0.000187|0.053719|0.000115|0.005449|0.000016|0.003364|0.000010|0.007281|0.000013|0.004501|0.000008|0.000299|0.000002|0.000185|0.000001|0.000023|0.000000|0.000014|0.000000|0.000022|0.000000|0.000014|0.000000,2.209748382803805e-16
5000,Hyperbilirubinemia|pressure_ruq|consciousness|obesity|alcoholism,70,20,0.0009095668792724609,0.0008389949798583984,1.0841148053424268,0.454600|0.069732|0.035374|0.005426|0.011011|0.001694|0.000859|0.000132|0.269754|0.041375|0.020989|0.003219|0.006174|0.000953|0.000483|0.000075|0.036833|0.005649|0.002866|0.000440|0.000799|0.000124|0.000063|0.000010|0.024714|0.003790|0.001923|0.000295|0.000517|0.000080|0.000041|0.000006,0.454600|0.069732|0.035374|0.005426|0.011011|0.001694|0.000859|0.000132|0.269754|0.041375|0.020989|0.003219|0.006174|0.000953|0.000483|0.000075|0.036833|0.005649|0.002866|0.000440|0.000799|0.000124|0.000063|0.000010|0.024714|0.003790|0.001923|0.000295|0.000517|0.000080|0.000041|0.000006,0.0
5000,fatigue|choledocholithotomy|injections|proteins|gallstones,70,18,0.0008015632629394531,0.0007672309875488281,1.0447482908638905,0.222396|0.012806|0.004586|0.000264|0.132420|0.007625|0.002757|0.000159|0.006527|0.022652|0.000135|0.000467|0.006789|0.023561|0.000141|0.000491|0.279896|0.016117|0.005725|0.000330|0.165004|0.009502|0.003416|0.000197|0.008206|0.028480|0.000168|0.000583|0.008459|0.029359|0.000175|0.000608,0.222396|0.012806|0.004586|0.000264|0.132420|0.007625|0.002757|0.000159|0.006527|0.022652|0.000135|0.000467|0.006789|0.023561|0.000141|0.000491|0.279896|0.016117|0.005725|0.000330|0.165004|0.009502|0.003416|0.000197|0.008206|0.028480|0.000168|0.000583|0.008459|0.029359|0.000175|0.000608,2.3058221137002167e-16
5000,ama|irregular_liver|anorexia|gallstones|ChHepatitis,70,22,0.0008897781372070312,0.0008828639984130859,1.0078314879827168,0.337194|0.048853|0.019543|0.061724|0.008454|0.003244|0.127416|0.018460|0.007385|0.023324|0.003195|0.001226|0.050585|0.013201|0.003276|0.009260|0.002285|0.000544|0.019096|0.004986|0.001237|0.003496|0.000863|0.000205|0.101262|0.014671|0.005869|0.018536|0.002539|0.000974|0.038264|0.005544|0.002218|0.007004|0.000959|0.000368|0.015191|0.003964|0.000984|0.002781|0.000686|0.000163|0.005735|0.001497|0.000371|0.001050|0.000259|0.000062,0.337194|0.048853|0.019543|0.061724|0.008454|0.003244|0.127416|0.018460|0.007385|0.023324|0.003195|0.001226|0.050585|0.013201|0.003276|0.009260|0.002285|0.000544|0.019096|0.004986|0.001237|0.003496|0.000863|0.000205|0.101262|0.014671|0.005869|0.018536|0.002539|0.000974|0.038264|0.005544|0.002218|0.007004|0.000959|0.000368|0.015191|0.003964|0.000984|0.002781|0.000686|0.000163|0.005735|0.001497|0.000371|0.001050|0.000259|0.000062,-4.3845273628499977e-17
5000,choledocholithotomy|edge|ChHepatitis|skin|ama,70,21,0.0009772777557373047,0.0009675025939941406,1.0101034992607196,0.265682|0.057018|0.140991|0.065109|0.037127|0.008589|0.020458|0.008705|0.016763|0.003723|0.006840|0.003366|0.087467|0.019419|0.050144|0.021907|0.018678|0.004269|0.011101|0.004674|0.005817|0.001294|0.002774|0.001286|0.044151|0.007417|0.021458|0.012286|0.005359|0.001399|0.003165|0.001161|0.002109|0.000436|0.001164|0.000546|0.014732|0.002477|0.007469|0.004190|0.002415|0.000712|0.001993|0.000612|0.000717|0.000170|0.000474|0.000187,0.265682|0.057018|0.140991|0.065109|0.037127|0.008589|0.020458|0.008705|0.016763|0.003723|0.006840|0.003366|0.087467|0.019419|0.050144|0.021907|0.018678|0.004269|0.011101|0.004674|0.005817|0.001294|0.002774|0.001286|0.044151|0.007417|0.021458|0.012286|0.005359|0.001399|0.003165|0.001161|0.002109|0.000436|0.001164|0.000546|0.014732|0.002477|0.007469|0.004190|0.002415|0.000712|0.001993|0.000612|0.000717|0.000170|0.000474|0.000187,0.0
5000,PBC|encephalopathy|irregular_liver|ascites|hbc_anti,70,20,0.0009515285491943359,0.0009586811065673828,0.9925391693608555,0.404044|0.040980|0.064420|0.006536|0.066737|0.006567|0.010447|0.001030|0.006300|0.000636|0.001001|0.000101|0.001412|0.000135|0.000217|0.000021|0.247699|0.025120|0.039489|0.004006|0.041293|0.004060|0.006460|0.000636|0.014008|0.001422|0.002235|0.000227|0.002171|0.000215|0.000341|0.000034,0.404044|0.040980|0.064420|0.006536|0.066737|0.006567|0.010447|0.001030|0.006300|0.000636|0.001001|0.000101|0.001412|0.000135|0.000217|0.000021|0.247699|0.025120|0.039489|0.004006|0.041293|0.004060|0.006460|0.000636|0.014008|0.001422|0.002235|0.000227|0.002171|0.000215|0.000341|0.000034,3.708674211247924e-17
5000,anorexia|fibrosis|Hyperbilirubinemia|alt|hbsag_anti,70,21,0.0011065006256103516,0.0009584426879882812,1.1544776119402984,0.101284|0.001434|0.236461|0.003152|0.034073|0.000507|0.261910|0.003638|0.008586|0.000122|0.020046|0.000267|0.002889|0.000043|0.022203|0.000308|0.005000|0.000100|0.007102|0.000130|0.002664|0.000053|0.011335|0.000219|0.000424|0.000008|0.000602|0.000011|0.000226|0.000004|0.000961|0.000019|0.038388|0.000544|0.088894|0.001184|0.013298|0.000198|0.098857|0.001373|0.003254|0.000046|0.007536|0.000100|0.001127|0.000017|0.008381|0.000116|0.001888|0.000038|0.002724|0.000050|0.001004|0.000020|0.004246|0.000082|0.000160|0.000003|0.000231|0.000004|0.000085|0.000002|0.000360|0.000007,0.101284|0.001434|0.236461|0.003152|0.034073|0.000507|0.261910|0.003638|0.008586|0.000122|0.020046|0.000267|0.002889|0.000043|0.022203|0.000308|0.005000|0.000100|0.007102|0.000130|0.002664|0.000053|0.011335|0.000219|0.000424|0.000008|0.000602|0.000011|0.000226|0.000004|0.000961|0.000019|0.038388|0.000544|0.088894|0.001184|0.013298|0.000198|0.098857|0.001373|0.003254|0.000046|0.007536|0.000100|0.001127|0.000017|0.008381|0.000116|0.001888|0.000038|0.002724|0.000050|0.001004|0.000020|0.004246|0.000082|0.000160|0.000003|0.000231|0.000004|0.000085|0.000002|0.000360|0.000007,-1.1009214965726852e-16
5000,joints|gallstones|PBC|hepatomegaly|Steatosis,70,13,0.0006020069122314453,0.0005464553833007812,1.1016579406631763,0.138655|0.013550|0.278651|0.028831|0.080265|0.008072|0.178899|0.018249|0.025085|0.002451|0.050413|0.005216|0.014521|0.001460|0.032366|0.003301|0.017300|0.001691|0.034767|0.003597|0.012448|0.001252|0.027744|0.002830|0.003130|0.000306|0.006290|0.000651|0.002252|0.000226|0.005019|0.000512,0.138655|0.013550|0.278651|0.028831|0.080265|0.008072|0.178899|0.018249|0.025085|0.002451|0.050413|0.005216|0.014521|0.001460|0.032366|0.003301|0.017300|0.001691|0.034767|0.003597|0.012448|0.001252|0.027744|0.002830|0.003130|0.000306|0.006290|0.000651|0.002252|0.000226|0.005019|0.000512,-2.269816377327537e-16
5000,hepatalgia|edema|ama|RHepatitis|obesity,70,23,0.0010077953338623047,0.0010120868682861328,0.9957597173144876,0.460654|0.035532|0.011894|0.000916|0.137535|0.010611|0.003550|0.000274|0.077032|0.006294|0.001988|0.000162|0.023001|0.001880|0.000594|0.000048|0.134864|0.010419|0.003878|0.000301|0.041304|0.003188|0.001186|0.000092|0.022565|0.001848|0.000650|0.000054|0.006909|0.000565|0.000199|0.000016,0.460654|0.035532|0.011894|0.000916|0.137535|0.010611|0.003550|0.000274|0.077032|0.006294|0.001988|0.000162|0.023001|0.001880|0.000594|0.000048|0.134864|0.010419|0.003878|0.000301|0.041304|0.003188|0.001186|0.000092|0.022565|0.001848|0.000650|0.000054|0.006909|0.000565|0.000199|0.000016,-1.1716376383260261e-16
5000,urea|alt|consciousness|edge|proteins,70,24,0.001220703125,0.0011601448059082031,1.0521989313604603,0.004380|0.000095|0.001533|0.000029|0.000251|0.000005|0.000090|0.000002|0.009913|0.000213|0.003608|0.000065|0.000570|0.000012|0.000214|0.000004|0.001502|0.000032|0.000563|0.000010|0.000087|0.000002|0.000034|0.000001|0.011120|0.000239|0.004071|0.000073|0.000639|0.000014|0.000241|0.000004|0.102524|0.002216|0.035754|0.000675|0.002231|0.000048|0.000786|0.000015|0.231984|0.004990|0.084032|0.001521|0.005052|0.000109|0.001856|0.000033|0.035133|0.000755|0.013075|0.000228|0.000766|0.000016|0.000291|0.000005|0.260241|0.005591|0.094834|0.001709|0.005666|0.000122|0.002093|0.000037|0.007527|0.000163|0.002626|0.000050|0.000201|0.000004|0.000071|0.000001|0.017033|0.000366|0.006174|0.000112|0.000455|0.000010|0.000168|0.000003|0.002580|0.000055|0.000961|0.000017|0.000069|0.000001|0.000026|0.000000|0.019108|0.000410|0.006967|0.000125|0.000511|0.000011|0.000190|0.000003,0.004380|0.000095|0.001533|0.000029|0.000251|0.000005|0.000090|0.000002|0.009913|0.000213|0.003608|0.000065|0.000570|0.000012|0.000214|0.000004|0.001502|0.000032|0.000563|0.000010|0.000087|0.000002|0.000034|0.000001|0.011120|0.000239|0.004071|0.000073|0.000639|0.000014|0.000241|0.000004|0.102524|0.002216|0.035754|0.000675|0.002231|0.000048|0.000786|0.000015|0.231984|0.004990|0.084032|0.001521|0.005052|0.000109|0.001856|0.000033|0.035133|0.000755|0.013075|0.000228|0.000766|0.000016|0.000291|0.000005|0.260241|0.005591|0.094834|0.001709|0.005666|0.000122|0.002093|0.000037|0.007527|0.000163|0.002626|0.000050|0.000201|0.000004|0.000071|0.000001|0.017033|0.000366|0.006174|0.000112|0.000455|0.000010|0.000168|0.000003|0.002580|0.000055|0.000961|0.000017|0.000069|0.000001|0.000026|0.000000|0.019108|0.000410|0.006967|0.000125|0.000511|0.000011|0.000190|0.000003,6.783898658958154e-17
5000,alcoholism|carcinoma|palms|gallstones|Hyperbilirubinemia,70,19,0.0008523464202880859,0.0008380413055419922,1.0170697012802277,0.543566|0.046926|0.098405|0.008496|0.092745|0.007976|0.016753|0.001441|0.031021|0.001785|0.005592|0.000321|0.009468|0.000689|0.001693|0.000123|0.080178|0.006913|0.014515|0.001251|0.015480|0.001325|0.002797|0.000239|0.005762|0.000373|0.001040|0.000067|0.002402|0.000191|0.000432|0.000034,0.543566|0.046926|0.098405|0.008496|0.092745|0.007976|0.016753|0.001441|0.031021|0.001785|0.005592|0.000321|0.009468|0.000689|0.001693|0.000123|0.080178|0.006913|0.014515|0.001251|0.015480|0.001325|0.002797|0.000239|0.005762|0.000373|0.001040|0.000067|0.002402|0.000191|0.000432|0.000034,8.658861778759085e-18
5000,edge|spiders|proteins|spleen|choledocholithotomy,70,19,0.0009377002716064453,0.0008597373962402344,1.0906821963394342,0.446504|0.070881|0.053465|0.008476|0.009771|0.001551|0.001119|0.000178|0.104907|0.016632|0.016137|0.002542|0.002207|0.000350|0.000262|0.000041|0.141646|0.022454|0.023122|0.003637|0.002953|0.000469|0.000346|0.000055|0.043496|0.006848|0.016491|0.002563|0.000685|0.000109|0.000090|0.000014,0.446504|0.070881|0.053465|0.008476|0.009771|0.001551|0.001119|0.000178|0.104907|0.016632|0.016137|0.002542|0.002207|0.000350|0.000262|0.000041|0.141646|0.022454|0.023122|0.003637|0.002953|0.000469|0.000346|0.000055|0.043496|0.006848|0.016491|0.002563|0.000685|0.000109|0.000090|0.000014,5.690384485578132e-19
5000,sex|hbsag_anti|RHepatitis|hbsag|spiders,70,17,0.0008285045623779297,0.0007150173187255859,1.1587195731910638,0.413888|0.110685|0.042017|0.012939|0.010961|0.002931|0.001113|0.000343|0.005476|0.001461|0.000871|0.000302|0.000145|0.000039|0.000023|0.000008|0.272266|0.072811|0.027640|0.008512|0.007210|0.001928|0.000732|0.000225|0.003602|0.000961|0.000573|0.000199|0.000095|0.000025|0.000015|0.000005,0.413888|0.110685|0.042017|0.012939|0.010961|0.002931|0.001113|0.000343|0.005476|0.001461|0.000871|0.000302|0.000145|0.000039|0.000023|0.000008|0.272266|0.072811|0.027640|0.008512|0.007210|0.001928|0.000732|0.000225|0.003602|0.000961|0.000573|0.000199|0.000095|0.000025|0.000015|0.000005,1.0651181347441592e-16
5000,triglycerides|RHepatitis|palms|gallstones|pressure_ruq,70,20,0.0008547306060791016,0.0007696151733398438,1.1105947955390334,0.013705|0.008651|0.002815|0.001230|0.003892|0.002459|0.000796|0.000352|0.000363|0.000229|0.000075|0.000033|0.000103|0.000065|0.000021|0.000009|0.397649|0.250968|0.081711|0.035686|0.069814|0.044156|0.014223|0.006345|0.010531|0.006646|0.002164|0.000945|0.001849|0.001169|0.000377|0.000168|0.016592|0.010472|0.003409|0.001489|0.004040|0.002553|0.000825|0.000366|0.000439|0.000277|0.000090|0.000039|0.000107|0.000068|0.000022|0.000010,0.013705|0.008651|0.002815|0.001230|0.003892|0.002459|0.000796|0.000352|0.000363|0.000229|0.000075|0.000033|0.000103|0.000065|0.000021|0.000009|0.397649|0.250968|0.081711|0.035686|0.069814|0.044156|0.014223|0.006345|0.010531|0.006646|0.002164|0.000945|0.001849|0.001169|0.000377|0.000168|0.016592|0.010472|0.003409|0.001489|0.004040|0.002553|0.000825|0.000366|0.000439|0.000277|0.000090|0.000039|0.000107|0.000068|0.000022|0.000010,0.0
5000,hbeag|skin|ama|hepatalgia|age,70,26,0.001216888427734375,0.001287221908569336,0.9453602518984997,0.066158|0.152842|0.140887|0.025488|0.017603|0.045631|0.042876|0.007803|0.002262|0.034402|0.036545|0.008683|0.000601|0.010269|0.011124|0.002659|0.034559|0.081633|0.076027|0.014854|0.008486|0.024000|0.023040|0.004545|0.002276|0.039927|0.042609|0.010184|0.000602|0.011929|0.012973|0.003119|0.000230|0.000529|0.000488|0.000088|0.000061|0.000158|0.000148|0.000027|0.000008|0.000121|0.000129|0.000031|0.000002|0.000036|0.000039|0.000009|0.000114|0.000272|0.000253|0.000049|0.000028|0.000080|0.000077|0.000015|0.000008|0.000133|0.000141|0.000034|0.000002|0.000040|0.000043|0.000010,0.066158|0.152842|0.140887|0.025488|0.017603|0.045631|0.042876|0.007803|0.002262|0.034402|0.036545|0.008683|0.000601|0.010269|0.011124|0.002659|0.034559|0.081633|0.076027|0.014854|0.008486|0.024000|0.023040|0.004545|0.002276|0.039927|0.042609|0.010184|0.000602|0.011929|0.012973|0.003119|0.000230|0.000529|0.000488|0.000088|0.000061|0.000158|0.000148|0.000027|0.000008|0.000121|0.000129|0.000031|0.000002|0.000036|0.000039|0.000009|0.000114|0.000272|0.000253|0.000049|0.000028|0.000080|0.000077|0.000015|0.000008|0.000133|0.000141|0.000034|0.000002|0.000040|0.000043|0.000010,1.256623047417793e-17
5000,THepatitis|fatigue|ast|choledocholithotomy|density,70,22,0.0010623931884765625,0.0010371208190917969,1.024367816091954,0.104408|0.064423|0.016577|0.010229|0.049381|0.030471|0.007865|0.004853|0.070945|0.043795|0.011223|0.006928|0.003669|0.002264|0.000571|0.000353|0.130325|0.080421|0.020644|0.012739|0.060693|0.037455|0.009642|0.005950|0.086697|0.053521|0.013706|0.008461|0.005009|0.003092|0.000776|0.000479|0.003344|0.002066|0.000526|0.000325|0.000711|0.000439|0.000111|0.000069|0.004376|0.002699|0.000698|0.000430|0.000014|0.000009|0.000002|0.000001|0.005517|0.003409|0.000872|0.000539|0.001315|0.000812|0.000205|0.000127|0.007340|0.004526|0.001170|0.000722|0.000033|0.000020|0.000005|0.000003,0.104408|0.064423|0.016577|0.010229|0.049381|0.030471|0.007865|0.004853|0.070945|0.043795|0.011223|0.006928|0.003669|0.002264|0.000571|0.000353|0.130325|0.080421|0.020644|0.012739|0.060693|0.037455|0.009642|0.005950|0.086697|0.053521|0.013706|0.008461|0.005009|0.003092|0.000776|0.000479|0.003344|0.002066|0.000526|0.000325|0.000711|0.000439|0.000111|0.000069|0.004376|0.002699|0.000698|0.000430|0.000014|0.000009|0.000002|0.000001|0.005517|0.003409|0.000872|0.000539|0.001315|0.000812|0.000205|0.000127|0.007340|0.004526|0.001170|0.000722|0.000033|0.000020|0.000005|0.000003,3.654270751444527e-18
5000,irregular_liver|amylase|platelet|Steatosis|transfusion,70,19,0.0008409023284912109,0.0008175373077392578,1.0285797608632254,0.001076|0.000207|0.000092|0.000018|0.004990|0.000960|0.000368|0.000071|0.000572|0.000110|0.000041|0.000008|0.000443|0.000086|0.000046|0.000009|0.098470|0.019056|0.008453|0.001637|0.456491|0.088250|0.033694|0.006518|0.052337|0.010116|0.003760|0.000727|0.040571|0.007863|0.004228|0.000820|0.001913|0.000364|0.000164|0.000031|0.008867|0.001686|0.000654|0.000125|0.001017|0.000193|0.000073|0.000014|0.000788|0.000150|0.000082|0.000016|0.000155|0.000031|0.000052|0.000010|0.000683|0.000133|0.000168|0.000033|0.000078|0.000015|0.000018|0.000004|0.000069|0.000014|0.000032|0.000006|0.014219|0.002811|0.004792|0.000932|0.062530|0.012269|0.015415|0.002995|0.007117|0.001395|0.001659|0.000322|0.006352|0.001270|0.002958|0.000575|0.000276|0.000054|0.000093|0.000018|0.001214|0.000234|0.000299|0.000057|0.000138|0.000027|0.000032|0.000006|0.000123|0.000024|0.000057|0.000011,0.001076|0.000207|0.000092|0.000018|0.004990|0.000960|0.000368|0.000071|0.000572|0.000110|0.000041|0.000008|0.000443|0.000086|0.000046|0.000009|0.098470|0.019056|0.008453|0.001637|0.456491|0.088250|0.033694|0.006518|0.052337|0.010116|0.003760|0.000727|0.040571|0.007863|0.004228|0.000820|0.001913|0.000364|0.000164|0.000031|0.008867|0.001686|0.000654|0.000125|0.001017|0.000193|0.000073|0.000014|0.000788|0.000150|0.000082|0.000016|0.000155|0.000031|0.000052|0.000010|0.000683|0.000133|0.000168|0.000033|0.000078|0.000015|0.000018|0.000004|0.000069|0.000014|0.000032|0.000006|0.014219|0.002811|0.004792|0.000932|0.062530|0.012269|0.015415|0.002995|0.007117|0.001395|0.001659|0.000322|0.006352|0.001270|0.002958|0.000575|0.000276|0.000054|0.000093|0.000018|0.001214|0.000234|0.000299|0.000057|0.000138|0.000027|0.000032|0.000006|0.000123|0.000024|0.000057|0.000011,1.0335180279932072e-17
5000,edema|transfusion|bleeding|skin|spleen,70,27,0.0014722347259521484,0.001352548599243164,1.0884893354486163,0.326843|0.044509|0.207032|0.030137|0.057244|0.008345|0.037299|0.005915|0.063192|0.008701|0.040008|0.005892|0.011078|0.001634|0.007211|0.001157|0.052441|0.008821|0.033853|0.006581|0.009304|0.001769|0.006227|0.001403|0.010161|0.001746|0.006559|0.001302|0.001805|0.000350|0.001207|0.000277,0.326843|0.044509|0.207032|0.030137|0.057244|0.008345|0.037299|0.005915|0.063192|0.008701|0.040008|0.005892|0.011078|0.001634|0.007211|0.001157|0.052441|0.008821|0.033853|0.006581|0.009304|0.001769|0.006227|0.001403|0.010161|0.001746|0.006559|0.001302|0.001805|0.000350|0.001207|0.000277,-3.9618169302190456e-17
5000,bilirubin|bleeding|hepatalgia|edema|sex,70,27,0.001422882080078125,0.0013904571533203125,1.0233196159122084,0.035764|0.008066|0.006124|0.001491|0.010824|0.002420|0.001854|0.000448|0.006693|0.001510|0.001186|0.000299|0.002026|0.000454|0.000359|0.000090|0.191795|0.172412|0.031551|0.028090|0.057279|0.051190|0.009426|0.008339|0.034236|0.029676|0.005752|0.004920|0.010231|0.008813|0.001720|0.001462|0.100663|0.041633|0.017177|0.007528|0.029416|0.011342|0.005025|0.002072|0.018671|0.007487|0.003296|0.001435|0.005470|0.002052|0.000968|0.000399|0.008635|0.001752|0.001480|0.000318|0.002615|0.000507|0.000446|0.000091|0.001642|0.000329|0.000290|0.000061|0.000497|0.000095|0.000087|0.000017,0.035764|0.008066|0.006124|0.001491|0.010824|0.002420|0.001854|0.000448|0.006693|0.001510|0.001186|0.000299|0.002026|0.000454|0.000359|0.000090|0.191795|0.172412|0.031551|0.028090|0.057279|0.051190|0.009426|0.008339|0.034236|0.029676|0.005752|0.004920|0.010231|0.008813|0.001720|0.001462|0.100663|0.041633|0.017177|0.007528|0.029416|0.011342|0.005025|0.002072|0.018671|0.007487|0.003296|0.001435|0.005470|0.002052|0.000968|0.000399|0.008635|0.001752|0.001480|0.000318|0.002615|0.000507|0.000446|0.000091|0.001642|0.000329|0.000290|0.000061|0.000497|0.000095|0.000087|0.000017,-1.0978680087080037e-16
5000,PBC|spleen|pain_ruq|age|phosphatase,70,22,0.0010297298431396484,0.0010166168212890625,1.0128986866791745,0.035479|0.011375|0.021344|0.063740|0.020432|0.038349|0.055963|0.017939|0.033671|0.009333|0.002992|0.005615|0.021180|0.006759|0.012761|0.044362|0.014167|0.026721|0.040052|0.012792|0.024124|0.006739|0.002152|0.004059|0.005368|0.001380|0.003201|0.009657|0.002479|0.005761|0.008481|0.002177|0.005060|0.001414|0.000363|0.000844|0.003298|0.000829|0.001986|0.006878|0.001735|0.004135|0.006205|0.001566|0.003730|0.001044|0.000264|0.000627|0.002255|0.000723|0.001356|0.043577|0.013969|0.026218|0.046360|0.014860|0.027893|0.011094|0.003556|0.006675|0.001391|0.000444|0.000838|0.030594|0.009770|0.018428|0.033278|0.010629|0.020044|0.008019|0.002561|0.004830|0.000341|0.000088|0.000204|0.006602|0.001695|0.003939|0.007026|0.001803|0.004192|0.001681|0.000432|0.001003|0.000216|0.000054|0.000130|0.004742|0.001197|0.002851|0.005155|0.001301|0.003099|0.001242|0.000314|0.000746,0.035479|0.011375|0.021344|0.063740|0.020432|0.038349|0.055963|0.017939|0.033671|0.009333|0.002992|0.005615|0.021180|0.006759|0.012761|0.044362|0.014167|0.026721|0.040052|0.012792|0.024124|0.006739|0.002152|0.004059|0.005368|0.001380|0.003201|0.009657|0.002479|0.005761|0.008481|0.002177|0.005060|0.001414|0.000363|0.000844|0.003298|0.000829|0.001986|0.006878|0.001735|0.004135|0.006205|0.001566|0.003730|0.001044|0.000264|0.000627|0.002255|0.000723|0.001356|0.043577|0.013969|0.026218|0.046360|0.014860|0.027893|0.011094|0.003556|0.006675|0.001391|0.000444|0.000838|0.030594|0.009770|0.018428|0.033278|0.010629|0.020044|0.008019|0.002561|0.004830|0.000341|0.000088|0.000204|0.006602|0.001695|0.003939|0.007026|0.001803|0.004192|0.001681|0.000432|0.001003|0.000216|0.000054|0.000130|0.004742|0.001197|0.002851|0.005155|0.001301|0.003099|0.001242|0.000314|0.000746,9.528255693930307e-17
5000,Steatosis|bleeding|spiders|Hyperbilirubinemia|THepatitis,70,22,0.0010156631469726562,0.0009806156158447266,1.0357403355215171,0.549752|0.023650|0.046769|0.001966|0.132734|0.005703|0.011301|0.000474|0.096360|0.003987|0.008005|0.000377|0.023687|0.000988|0.001959|0.000093|0.040245|0.002346|0.003479|0.000202|0.025358|0.001417|0.002254|0.000128|0.008261|0.000553|0.000633|0.000044|0.006334|0.000477|0.000433|0.000033,0.549752|0.023650|0.046769|0.001966|0.132734|0.005703|0.011301|0.000474|0.096360|0.003987|0.008005|0.000377|0.023687|0.000988|0.001959|0.000093|0.040245|0.002346|0.003479|0.000202|0.025358|0.001417|0.002254|0.000128|0.008261|0.000553|0.000633|0.000044|0.006334|0.000477|0.000433|0.000033,4.2133593465844185e-17
5000,transfusion|fibrosis|ama|inr|hepatotoxic,70,20,0.0009293556213378906,0.0008952617645263672,1.0380825565912117,0.497586|0.043011|0.032451|0.002816|0.039938|0.003467|0.149058|0.012884|0.010053|0.000872|0.012057|0.001047|0.019635|0.001699|0.000368|0.000031|0.002989|0.000258|0.005878|0.000509|0.000109|0.000009|0.000918|0.000079|0.095858|0.008286|0.006157|0.000534|0.007699|0.000668|0.028715|0.002482|0.001908|0.000165|0.002326|0.000202|0.004407|0.000381|0.000079|0.000007|0.000665|0.000058|0.001319|0.000114|0.000024|0.000002|0.000205|0.000018,0.497586|0.043011|0.032451|0.002816|0.039938|0.003467|0.149058|0.012884|0.010053|0.000872|0.012057|0.001047|0.019635|0.001699|0.000368|0.000031|0.002989|0.000258|0.005878|0.000509|0.000109|0.000009|0.000918|0.000079|0.095858|0.008286|0.006157|0.000534|0.007699|0.000668|0.028715|0.002482|0.001908|0.000165|0.002326|0.000202|0.004407|0.000381|0.000079|0.000007|0.000665|0.000058|0.001319|0.000114|0.000024|0.000002|0.000205|0.000018,1.806013394078658e-18
5000,hcv_anti|choledocholithotomy|hospital|edema|RHepatitis,70,15,0.0007305145263671875,0.0006453990936279297,1.1318803103066124,0.341346|0.009040|0.057511|0.001523|0.377036|0.009985|0.063182|0.001673|0.054105|0.001433|0.009106|0.000241|0.059780|0.001583|0.009992|0.000265|0.000790|0.000021|0.000131|0.000003|0.000802|0.000021|0.000132|0.000003|0.000125|0.000003|0.000021|0.000001|0.000122|0.000003|0.000020|0.000001,0.341346|0.009040|0.057511|0.001523|0.377036|0.009985|0.063182|0.001673|0.054105|0.001433|0.009106|0.000241|0.059780|0.001583|0.009992|0.000265|0.000790|0.000021|0.000131|0.000003|0.000802|0.000021|0.000132|0.000003|0.000125|0.000003|0.000021|0.000001|0.000122|0.000003|0.000020|0.000001,2.1021489350483058e-16
5000,Hyperbilirubinemia|hbsag|edge|jaundice|pain,70,22,0.0010991096496582031,0.0010750293731689453,1.0223996451541362,0.353533|0.098257|0.129529|0.033756|0.124760|0.034627|0.047018|0.012317|0.036033|0.009993|0.013056|0.003422|0.014575|0.004038|0.005489|0.001445|0.029056|0.008787|0.011011|0.003289|0.010240|0.003101|0.004008|0.001193|0.002976|0.000902|0.001095|0.000325|0.001194|0.000362|0.000470|0.000139,0.353533|0.098257|0.129529|0.033756|0.124760|0.034627|0.047018|0.012317|0.036033|0.009993|0.013056|0.003422|0.014575|0.004038|0.005489|0.001445|0.029056|0.008787|0.011011|0.003289|0.010240|0.003101|0.004008|0.001193|0.002976|0.000902|0.001095|0.000325|0.001194|0.000362|0.000470|0.000139,-1.111120961158162e-16
5000,spiders|fibrosis|bleeding|itching|RHepatitis,70,26,0.0012903213500976562,0.0013005733489990234,0.9921173235563703,0.368840|0.009768|0.265431|0.007029|0.064652|0.001712|0.047180|0.001249|0.009613|0.000255|0.007279|0.000193|0.001892|0.000050|0.001445|0.000038|0.091851|0.002433|0.067596|0.001790|0.017065|0.000452|0.012851|0.000340|0.008506|0.000225|0.006789|0.000180|0.001784|0.000047|0.001428|0.000038,0.368840|0.009768|0.265431|0.007029|0.064652|0.001712|0.047180|0.001249|0.009613|0.000255|0.007279|0.000193|0.001892|0.000050|0.001445|0.000038|0.091851|0.002433|0.067596|0.001790|0.017065|0.000452|0.012851|0.000340|0.008506|0.000225|0.006789|0.000180|0.001784|0.000047|0.001428|0.000038,3.9008428697006492e-16
5000,carcinoma|hospital|pain|encephalopathy|inr,70,22,0.0011510848999023438,0.0010633468627929688,1.0825112107623318,0.296324|0.019125|0.023034|0.009285|0.000605|0.000745|0.082630|0.005313|0.006395|0.002254|0.000146|0.000184|0.327376|0.021113|0.025611|0.010250|0.000667|0.000828|0.091295|0.005865|0.007112|0.002486|0.000161|0.000204|0.018523|0.000965|0.003091|0.000865|0.000049|0.000125|0.004467|0.000221|0.000817|0.000197|0.000011|0.000031|0.019939|0.001043|0.003358|0.000937|0.000053|0.000136|0.004785|0.000237|0.000886|0.000212|0.000011|0.000034,0.296324|0.019125|0.023034|0.009285|0.000605|0.000745|0.082630|0.005313|0.006395|0.002254|0.000146|0.000184|0.327376|0.021113|0.025611|0.010250|0.000667|0.000828|0.091295|0.005865|0.007112|0.002486|0.000161|0.000204|0.018523|0.000965|0.003091|0.000865|0.000049|0.000125|0.004467|0.000221|0.000817|0.000197|0.000011|0.000031|0.019939|0.001043|0.003358|0.000937|0.000053|0.000136|0.004785|0.000237|0.000886|0.000212|0.000011|0.000034,-7.03468605275391e-17
5000,ChHepatitis|Cirrhosis|consciousness|palms|proteins,70,19,0.0009019374847412109,0.0008404254913330078,1.073191489361702,0.650315|0.014337|0.098533|0.002172|0.015249|0.000336|0.002310|0.000051|0.007717|0.000077|0.002816|0.000028|0.000159|0.000002|0.000058|0.000001|0.013466|0.000000|0.013569|0.000000|0.000360|0.000000|0.000363|0.000000|0.082990|0.001830|0.012574|0.000277|0.001946|0.000043|0.000295|0.000007|0.005870|0.000059|0.002142|0.000021|0.000121|0.000001|0.000044|0.000000|0.010768|0.000000|0.010850|0.000000|0.000288|0.000000|0.000290|0.000000|0.036539|0.000806|0.005536|0.000122|0.000857|0.000019|0.000130|0.000003|0.000718|0.000007|0.000262|0.000003|0.000015|0.000000|0.000005|0.000000|0.001283|0.000000|0.001293|0.000000|0.000034|0.000000|0.000035|0.000000,0.650315|0.014337|0.098533|0.002172|0.015249|0.000336|0.002310|0.000051|0.007717|0.000077|0.002816|0.000028|0.000159|0.000002|0.000058|0.000001|0.013466|0.000000|0.013569|0.000000|0.000360|0.000000|0.000363|0.000000|0.082990|0.001830|0.012574|0.000277|0.001946|0.000043|0.000295|0.000007|0.005870|0.000059|0.002142|0.000021|0.000121|0.000001|0.000044|0.000000|0.010768|0.000000|0.010850|0.000000|0.000288|0.000000|0.000290|0.000000|0.036539|0.000806|0.005536|0.000122|0.000857|0.000019|0.000130|0.000003|0.000718|0.000007|0.000262|0.000003|0.000015|0.000000|0.000005|0.000000|0.001283|0.000000|0.001293|0.000000|0.000034|0.000000|0.000035|0.000000,-6.223138719706044e-17
5000,injections|skin|hepatomegaly|hbsag_anti|edge,70,25,0.0013935565948486328,0.001219034194946289,1.1431644826911793,0.086505|0.030656|0.001182|0.000431|0.183575|0.065230|0.002509|0.000916|0.055743|0.021027|0.000769|0.000298|0.114726|0.043569|0.001583|0.000618|0.055576|0.019206|0.000789|0.000277|0.117963|0.040863|0.001674|0.000589|0.036251|0.013247|0.000515|0.000192|0.074601|0.027460|0.001061|0.000398,0.086505|0.030656|0.001182|0.000431|0.183575|0.065230|0.002509|0.000916|0.055743|0.021027|0.000769|0.000298|0.114726|0.043569|0.001583|0.000618|0.055576|0.019206|0.000789|0.000277|0.117963|0.040863|0.001674|0.000589|0.036251|0.013247|0.000515|0.000192|0.074601|0.027460|0.001061|0.000398,-2.887635998926008e-17
5000,itching|amylase|upper_pain|hbeag|urea,70,24,0.0011470317840576172,0.0011146068572998047,1.029090909090909,0.000146|0.003320|0.000245|0.000001|0.000011|0.000001|0.000094|0.002147|0.000158|0.000000|0.000007|0.000001|0.013385|0.304834|0.022468|0.000046|0.001051|0.000077|0.008626|0.196456|0.014480|0.000030|0.000677|0.000050|0.000257|0.005852|0.000431|0.000001|0.000020|0.000001|0.000167|0.003812|0.000281|0.000001|0.000013|0.000001|0.000108|0.002418|0.000179|0.000000|0.000008|0.000001|0.000070|0.001564|0.000116|0.000000|0.000005|0.000000|0.009914|0.221218|0.016353|0.000033|0.000746|0.000055|0.006392|0.142629|0.010543|0.000022|0.000481|0.000036|0.000193|0.004295|0.000318|0.000001|0.000014|0.000001|0.000126|0.002800|0.000207|0.000000|0.000009|0.000001,0.000146|0.003320|0.000245|0.000001|0.000011|0.000001|0.000094|0.002147|0.000158|0.000000|0.000007|0.000001|0.013385|0.304834|0.022468|0.000046|0.001051|0.000077|0.008626|0.196456|0.014480|0.000030|0.000677|0.000050|0.000257|0.005852|0.000431|0.000001|0.000020|0.000001|0.000167|0.003812|0.000281|0.000001|0.000013|0.000001|0.000108|0.002418|0.000179|0.000000|0.000008|0.000001|0.000070|0.001564|0.000116|0.000000|0.000005|0.000000|0.009914|0.221218|0.016353|0.000033|0.000746|0.000055|0.006392|0.142629|0.010543|0.000022|0.000481|0.000036|0.000193|0.004295|0.000318|0.000001|0.000014|0.000001|0.000126|0.002800|0.000207|0.000000|0.000009|0.000001,1.7681558108491186e-16
5000,spleen|hbsag_anti|gallstones|proteins|phosphatase,70,20,0.0009980201721191406,0.0009512901306152344,1.0491228070175438,0.371089|0.118469|0.223090|0.007822|0.002587|0.004703|0.066813|0.021640|0.040535|0.001409|0.000473|0.000855|0.005212|0.001615|0.003102|0.000109|0.000035|0.000065|0.000941|0.000296|0.000565|0.000020|0.000006|0.000012|0.057044|0.014455|0.034102|0.000917|0.000293|0.000547|0.010227|0.002636|0.006175|0.000165|0.000054|0.000099|0.000834|0.000198|0.000487|0.000013|0.000004|0.000008|0.000150|0.000036|0.000088|0.000002|0.000001|0.000001,0.371089|0.118469|0.223090|0.007822|0.002587|0.004703|0.066813|0.021640|0.040535|0.001409|0.000473|0.000855|0.005212|0.001615|0.003102|0.000109|0.000035|0.000065|0.000941|0.000296|0.000565|0.000020|0.000006|0.000012|0.057044|0.014455|0.034102|0.000917|0.000293|0.000547|0.010227|0.002636|0.006175|0.000165|0.000054|0.000099|0.000834|0.000198|0.000487|0.000013|0.000004|0.000008|0.000150|0.000036|0.000088|0.000002|0.000001|0.000001,1.8758023258464526e-16
5000,pain_ruq|itching|fibrosis|Hyperbilirubinemia|ama,70,21,0.0009875297546386719,0.000993967056274414,0.9935236267690094,0.235935|0.062498|0.026826|0.003091|0.009372|0.002632|0.001075|0.000108|0.153367|0.061228|0.020744|0.002814|0.006747|0.002491|0.000894|0.000137|0.171022|0.045343|0.010815|0.001242|0.006799|0.001909|0.000433|0.000043|0.111391|0.044412|0.008370|0.001140|0.004895|0.001807|0.000361|0.000055,0.235935|0.062498|0.026826|0.003091|0.009372|0.002632|0.001075|0.000108|0.153367|0.061228|0.020744|0.002814|0.006747|0.002491|0.000894|0.000137|0.171022|0.045343|0.010815|0.001242|0.006799|0.001909|0.000433|0.000043|0.111391|0.044412|0.008370|0.001140|0.004895|0.001807|0.000361|0.000055,3.91555821383363e-17
5000,obesity|hepatomegaly|inr|pain_ruq|choledocholithotomy,70,21,0.001033782958984375,0.0010113716125488281,1.0221593587930222,0.136033|0.021554|0.090284|0.014306|0.008185|0.001300|0.005671|0.000900|0.010825|0.001717|0.007477|0.001186|0.277252|0.043933|0.195465|0.030973|0.017991|0.002856|0.012819|0.002035|0.022507|0.003568|0.016368|0.002595|0.010304|0.001632|0.006988|0.001107|0.000602|0.000096|0.000423|0.000067|0.001003|0.000159|0.000729|0.000116|0.021098|0.003343|0.015151|0.002400|0.001323|0.000210|0.000955|0.000152|0.002131|0.000338|0.001617|0.000257,0.136033|0.021554|0.090284|0.014306|0.008185|0.001300|0.005671|0.000900|0.010825|0.001717|0.007477|0.001186|0.277252|0.043933|0.195465|0.030973|0.017991|0.002856|0.012819|0.002035|0.022507|0.003568|0.016368|0.002595|0.010304|0.001632|0.006988|0.001107|0.000602|0.000096|0.000423|0.000067|0.001003|0.000159|0.000729|0.000116|0.021098|0.003343|0.015151|0.002400|0.001323|0.000210|0.000955|0.000152|0.002131|0.000338|0.001617|0.000257,-1.0427004224267494e-16
5000,age|encephalopathy|joints|sex|bilirubin,70,20,0.000982522964477539,0.0009028911590576172,1.0881964615790864,0.002438|0.049935|0.016772|0.000604|0.001003|0.032434|0.012395|0.000322|0.000334|0.006308|0.002174|0.000082|0.000126|0.004049|0.001549|0.000040|0.000083|0.000893|0.000400|0.000020|0.000020|0.000517|0.000217|0.000007|0.000012|0.000116|0.000054|0.000003|0.000003|0.000065|0.000027|0.000001|0.022767|0.113905|0.061470|0.005464|0.004543|0.109740|0.023864|0.000916|0.003470|0.015765|0.009182|0.000837|0.000602|0.013779|0.003062|0.000123|0.001201|0.003858|0.003016|0.000290|0.000131|0.001847|0.000550|0.000027|0.000185|0.000568|0.000461|0.000045|0.000018|0.000235|0.000073|0.000004|0.023740|0.105483|0.060487|0.005768|0.005014|0.106169|0.021587|0.000987|0.003632|0.014795|0.009119|0.000886|0.000679|0.013377|0.002819|0.000136|0.001269|0.003831|0.003074|0.000311|0.000162|0.001847|0.000565|0.000034|0.000196|0.000569|0.000472|0.000048|0.000023|0.000238|0.000078|0.000005|0.004536|0.022041|0.011598|0.001099|0.002039|0.017775|0.006009|0.000470|0.000692|0.003056|0.001740|0.000169|0.000303|0.002335|0.000863|0.000071|0.000240|0.000753|0.000580|0.000059|0.000098|0.000436|0.000253|0.000023|0.000037|0.000111|0.000089|0.000009|0.000015|0.000061|0.000038|0.000004,0.002438|0.049935|0.016772|0.000604|0.001003|0.032434|0.012395|0.000322|0.000334|0.006308|0.002174|0.000082|0.000126|0.004049|0.001549|0.000040|0.000083|0.000893|0.000400|0.000020|0.000020|0.000517|0.000217|0.000007|0.000012|0.000116|0.000054|0.000003|0.000003|0.000065|0.000027|0.000001|0.022767|0.113905|0.061470|0.005464|0.004543|0.109740|0.023864|0.000916|0.003470|0.015765|0.009182|0.000837|0.000602|0.013779|0.003062|0.000123|0.001201|0.003858|0.003016|0.000290|0.000131|0.001847|0.000550|0.000027|0.000185|0.000568|0.000461|0.000045|0.000018|0.000235|0.000073|0.000004|0.023740|0.105483|0.060487|0.005768|0.005014|0.106169|0.021587|0.000987|0.003632|0.014795|0.009119|0.000886|0.000679|0.013377|0.002819|0.000136|0.001269|0.003831|0.003074|0.000311|0.000162|0.001847|0.000565|0.000034|0.000196|0.000569|0.000472|0.000048|0.000023|0.000238|0.000078|0.000005|0.004536|0.022041|0.011598|0.001099|0.002039|0.017775|0.006009|0.000470|0.000692|0.003056|0.001740|0.000169|0.000303|0.002335|0.000863|0.000071|0.000240|0.000753|0.000580|0.000059|0.000098|0.000436|0.000253|0.000023|0.000037|0.000111|0.000089|0.000009|0.000015|0.000061|0.000038|0.000004,0.0
5000,le_cells|hospital|obesity|irregular_liver|spiders,70,18,0.0007810592651367188,0.0006761550903320312,1.155148095909732,0.282451|0.069812|0.040435|0.017484|0.020985|0.005626|0.003373|0.001936|0.313014|0.076781|0.044318|0.018520|0.023255|0.006189|0.003699|0.002080|0.021273|0.005258|0.003045|0.001317|0.001580|0.000424|0.000254|0.000146|0.023575|0.005783|0.003338|0.001395|0.001751|0.000466|0.000279|0.000157,0.282451|0.069812|0.040435|0.017484|0.020985|0.005626|0.003373|0.001936|0.313014|0.076781|0.044318|0.018520|0.023255|0.006189|0.003699|0.002080|0.021273|0.005258|0.003045|0.001317|0.001580|0.000424|0.000254|0.000146|0.023575|0.005783|0.003338|0.001395|0.001751|0.000466|0.000279|0.000157,-2.0133242113164707e-16
5000,THepatitis|proteins|Hyperbilirubinemia|consciousness|phosphatase,70,23,0.0010488033294677734,0.0010151863098144531,1.0331141380930013,0.433895|0.141038|0.269894|0.010311|0.003339|0.006411|0.036866|0.011985|0.022932|0.000792|0.000255|0.000492|0.008856|0.003056|0.005519|0.000209|0.000072|0.000130|0.000753|0.000260|0.000469|0.000016|0.000006|0.000010|0.027418|0.002457|0.007575|0.000651|0.000058|0.000182|0.002330|0.000209|0.000644|0.000050|0.000004|0.000014|0.000562|0.000053|0.000146|0.000013|0.000001|0.000003|0.000048|0.000005|0.000012|0.000001|0.000000|0.000000,0.433895|0.141038|0.269894|0.010311|0.003339|0.006411|0.036866|0.011985|0.022932|0.000792|0.000255|0.000492|0.008856|0.003056|0.005519|0.000209|0.000072|0.000130|0.000753|0.000260|0.000469|0.000016|0.000006|0.000010|0.027418|0.002457|0.007575|0.000651|0.000058|0.000182|0.002330|0.000209|0.000644|0.000050|0.000004|0.000014|0.000562|0.000053|0.000146|0.000013|0.000001|0.000003|0.000048|0.000005|0.000012|0.000001|0.000000|0.000000,-1.0899537414048473e-16
5000,Cirrhosis|hepatalgia|transfusion|nausea|alcohol,70,22,0.0009913444519042969,0.0009801387786865234,1.011432741425444,0.380424|0.049419|0.150732|0.019581|0.073379|0.009532|0.029074|0.003777|0.112269|0.014584|0.044542|0.005786|0.021655|0.002813|0.008592|0.001116|0.006845|0.002373|0.002720|0.000943|0.001397|0.000484|0.000555|0.000192|0.002037|0.000706|0.000810|0.000281|0.000416|0.000144|0.000165|0.000057|0.019689|0.004396|0.007824|0.001747|0.004026|0.000899|0.001600|0.000357|0.005859|0.001308|0.002329|0.000520|0.001198|0.000267|0.000476|0.000106,0.380424|0.049419|0.150732|0.019581|0.073379|0.009532|0.029074|0.003777|0.112269|0.014584|0.044542|0.005786|0.021655|0.002813|0.008592|0.001116|0.006845|0.002373|0.002720|0.000943|0.001397|0.000484|0.000555|0.000192|0.002037|0.000706|0.000810|0.000281|0.000416|0.000144|0.000165|0.000057|0.019689|0.004396|0.007824|0.001747|0.004026|0.000899|0.001600|0.000357|0.005859|0.001308|0.002329|0.000520|0.001198|0.000267|0.000476|0.000106,2.105498180030032e-16
5000,hepatomegaly|skin|itching|le_cells|triglycerides,70,26,0.0013117790222167969,0.001293182373046875,1.0143805309734513,0.003886|0.109095|0.004648|0.000262|0.007213|0.000311|0.002173|0.059961|0.002582|0.000152|0.004159|0.000180|0.001989|0.052157|0.002322|0.000156|0.004149|0.000183|0.002270|0.056716|0.002606|0.000197|0.005071|0.000228|0.008387|0.232164|0.009980|0.000572|0.015564|0.000677|0.004656|0.126181|0.005498|0.000332|0.008917|0.000391|0.004197|0.106849|0.004849|0.000338|0.008803|0.000394|0.004803|0.116535|0.005459|0.000428|0.010869|0.000494,0.003886|0.109095|0.004648|0.000262|0.007213|0.000311|0.002173|0.059961|0.002582|0.000152|0.004159|0.000180|0.001989|0.052157|0.002322|0.000156|0.004149|0.000183|0.002270|0.056716|0.002606|0.000197|0.005071|0.000228|0.008387|0.232164|0.009980|0.000572|0.015564|0.000677|0.004656|0.126181|0.005498|0.000332|0.008917|0.000391|0.004197|0.106849|0.004849|0.000338|0.008803|0.000394|0.004803|0.116535|0.005459|0.000428|0.010869|0.000494,1.0065558490805245e-17
5000,Steatosis|urea|ChHepatitis|triglycerides|palms,70,19,0.0008318424224853516,0.0008008480072021484,1.0387019946412623,0.000434|0.000066|0.024463|0.003723|0.000711|0.000108|0.000064|0.000016|0.003620|0.000875|0.000105|0.000025|0.000025|0.000004|0.001404|0.000232|0.000041|0.000007|0.009826|0.001495|0.553346|0.084202|0.016080|0.002447|0.001450|0.000346|0.081665|0.019470|0.002373|0.000566|0.000564|0.000093|0.031734|0.005239|0.000922|0.000152|0.000725|0.000110|0.040824|0.006212|0.001186|0.000181|0.000107|0.000026|0.006027|0.001440|0.000175|0.000042|0.000042|0.000007|0.002341|0.000387|0.000068|0.000011|0.000456|0.000182|0.001344|0.000538|0.000366|0.000147|0.000070|0.000031|0.000205|0.000093|0.000056|0.000025|0.000026|0.000011|0.000077|0.000032|0.000021|0.000009|0.010239|0.004014|0.030189|0.011835|0.008233|0.003228|0.001567|0.000695|0.004620|0.002048|0.001260|0.000559|0.000590|0.000236|0.001741|0.000696|0.000475|0.000190|0.000756|0.000297|0.002229|0.000877|0.000608|0.000239|0.000116|0.000051|0.000341|0.000152|0.000093|0.000041|0.000044|0.000017|0.000129|0.000052|0.000035|0.000014,0.000434|0.000066|0.024463|0.003723|0.000711|0.000108|0.000064|0.000016|0.003620|0.000875|0.000105|0.000025|0.000025|0.000004|0.001404|0.000232|0.000041|0.000007|0.009826|0.001495|0.553346|0.084202|0.016080|0.002447|0.001450|0.000346|0.081665|0.019470|0.002373|0.000566|0.000564|0.000093|0.031734|0.005239|0.000922|0.000152|0.000725|0.000110|0.040824|0.006212|0.001186|0.000181|0.000107|0.000026|0.006027|0.001440|0.000175|0.000042|0.000042|0.000007|0.002341|0.000387|0.000068|0.000011|0.000456|0.000182|0.001344|0.000538|0.000366|0.000147|0.000070|0.000031|0.000205|0.000093|0.000056|0.000025|0.000026|0.000011|0.000077|0.000032|0.000021|0.000009|0.010239|0.004014|0.030189|0.011835|0.008233|0.003228|0.001567|0.000695|0.004620|0.002048|0.001260|0.000559|0.000590|0.000236|0.001741|0.000696|0.000475|0.000190|0.000756|0.000297|0.002229|0.000877|0.000608|0.000239|0.000116|0.000051|0.000341|0.000152|0.000093|0.000041|0.000044|0.000017|0.000129|0.000052|0.000035|0.000014,1.5977724199367319e-16
5000,pain|ChHepatitis|hcv_anti|anorexia|hepatomegaly,70,21,0.0009922981262207031,0.0009722709655761719,1.0205983325159391,0.150035|0.316762|0.057179|0.119188|0.000293|0.000619|0.000112|0.000233|0.023853|0.050360|0.009090|0.018949|0.000000|0.000000|0.000000|0.000000|0.008609|0.018176|0.003281|0.006839|0.000109|0.000231|0.000042|0.000087|0.041614|0.086959|0.015859|0.032719|0.000081|0.000170|0.000031|0.000064|0.006616|0.013825|0.002521|0.005202|0.000000|0.000000|0.000000|0.000000|0.002388|0.004990|0.000910|0.001877|0.000030|0.000063|0.000012|0.000024,0.150035|0.316762|0.057179|0.119188|0.000293|0.000619|0.000112|0.000233|0.023853|0.050360|0.009090|0.018949|0.000000|0.000000|0.000000|0.000000|0.008609|0.018176|0.003281|0.006839|0.000109|0.000231|0.000042|0.000087|0.041614|0.086959|0.015859|0.032719|0.000081|0.000170|0.000031|0.000064|0.006616|0.013825|0.002521|0.005202|0.000000|0.000000|0.000000|0.000000|0.002388|0.004990|0.000910|0.001877|0.000030|0.000063|0.000012|0.000024,4.85888257541898e-17
5000,upper_pain|Steatosis|itching|phosphatase|density,70,26,0.0012912750244140625,0.0013027191162109375,0.9912152269399708,0.103743|0.063804|0.033399|0.020530|0.061522|0.037829|0.074358|0.046076|0.024048|0.014902|0.044289|0.027446|0.010314|0.006376|0.002148|0.001324|0.006895|0.004263|0.008127|0.005051|0.001622|0.001007|0.005506|0.003422|0.066872|0.041127|0.021531|0.013235|0.039660|0.024386|0.047951|0.029714|0.015509|0.009611|0.028563|0.017701|0.006648|0.004109|0.001385|0.000854|0.004445|0.002748|0.005241|0.003257|0.001046|0.000650|0.003551|0.002207,0.103743|0.063804|0.033399|0.020530|0.061522|0.037829|0.074358|0.046076|0.024048|0.014902|0.044289|0.027446|0.010314|0.006376|0.002148|0.001324|0.006895|0.004263|0.008127|0.005051|0.001622|0.001007|0.005506|0.003422|0.066872|0.041127|0.021531|0.013235|0.039660|0.024386|0.047951|0.029714|0.015509|0.009611|0.028563|0.017701|0.006648|0.004109|0.001385|0.000854|0.004445|0.002748|0.005241|0.003257|0.001046|0.000650|0.003551|0.002207,-7.487659302865271e-17
5000,bilirubin|vh_amn|fibrosis|upper_pain|hepatalgia,70,24,0.001127004623413086,0.001148223876953125,0.9815199335548173,0.030035|0.009078|0.019420|0.005868|0.001075|0.000324|0.000691|0.000208|0.005509|0.001666|0.003561|0.001077|0.000513|0.000155|0.000330|0.000099|0.244133|0.072728|0.157431|0.046896|0.007422|0.002212|0.004774|0.001423|0.047982|0.014280|0.030937|0.009207|0.003502|0.001044|0.002252|0.000671|0.096317|0.027596|0.061960|0.017756|0.003871|0.001119|0.002503|0.000724|0.018398|0.005283|0.011844|0.003401|0.001820|0.000526|0.001177|0.000340|0.006961|0.002095|0.004545|0.001367|0.000313|0.000090|0.000206|0.000059|0.001354|0.000408|0.000882|0.000265|0.000148|0.000043|0.000097|0.000028,0.030035|0.009078|0.019420|0.005868|0.001075|0.000324|0.000691|0.000208|0.005509|0.001666|0.003561|0.001077|0.000513|0.000155|0.000330|0.000099|0.244133|0.072728|0.157431|0.046896|0.007422|0.002212|0.004774|0.001423|0.047982|0.014280|0.030937|0.009207|0.003502|0.001044|0.002252|0.000671|0.096317|0.027596|0.061960|0.017756|0.003871|0.001119|0.002503|0.000724|0.018398|0.005283|0.011844|0.003401|0.001820|0.000526|0.001177|0.000340|0.006961|0.002095|0.004545|0.001367|0.000313|0.000090|0.000206|0.000059|0.001354|0.000408|0.000882|0.000265|0.000148|0.000043|0.000097|0.000028,1.148931963596282e-16
5000,bleeding|sex|hcv_anti|skin|PBC,70,25,0.0012099742889404297,0.0012199878692626953,0.9917920656634747,0.148159|0.136546|0.062073|0.162172|0.000334|0.000306|0.000131|0.000354|0.217688|0.012860|0.091133|0.015275|0.000490|0.000029|0.000193|0.000033|0.025549|0.025807|0.010979|0.030587|0.000056|0.000057|0.000023|0.000066|0.037540|0.002431|0.016120|0.002881|0.000083|0.000005|0.000034|0.000006,0.148159|0.136546|0.062073|0.162172|0.000334|0.000306|0.000131|0.000354|0.217688|0.012860|0.091133|0.015275|0.000490|0.000029|0.000193|0.000033|0.025549|0.025807|0.010979|0.030587|0.000056|0.000057|0.000023|0.000066|0.037540|0.002431|0.016120|0.002881|0.000083|0.000005|0.000034|0.000006,-4.1423905853871015e-17
5000,injections|amylase|fatigue|age|spiders,70,20,0.0008893013000488281,0.0008454322814941406,1.0518894529046814,0.000297|0.000080|0.000897|0.000243|0.000865|0.000234|0.000173|0.000047|0.000372|0.000103|0.001124|0.000311|0.001083|0.000300|0.000217|0.000060|0.027422|0.007433|0.082884|0.022465|0.079874|0.021649|0.016000|0.004337|0.034344|0.009510|0.103805|0.028745|0.100035|0.027701|0.020038|0.005549|0.000516|0.000140|0.001560|0.000423|0.001504|0.000408|0.000301|0.000082|0.000646|0.000179|0.001954|0.000541|0.001883|0.000521|0.000377|0.000104|0.000196|0.000052|0.000594|0.000157|0.000572|0.000151|0.000115|0.000030|0.000244|0.000065|0.000737|0.000198|0.000710|0.000191|0.000142|0.000038|0.017743|0.004689|0.053630|0.014174|0.051682|0.013659|0.010352|0.002736|0.022037|0.005913|0.066607|0.017871|0.064188|0.017222|0.012857|0.003450|0.000359|0.000095|0.001085|0.000287|0.001045|0.000276|0.000209|0.000055|0.000446|0.000120|0.001347|0.000361|0.001298|0.000348|0.000260|0.000070,0.000297|0.000080|0.000897|0.000243|0.000865|0.000234|0.000173|0.000047|0.000372|0.000103|0.001124|0.000311|0.001083|0.000300|0.000217|0.000060|0.027422|0.007433|0.082884|0.022465|0.079874|0.021649|0.016000|0.004337|0.034344|0.009510|0.103805|0.028745|0.100035|0.027701|0.020038|0.005549|0.000516|0.000140|0.001560|0.000423|0.001504|0.000408|0.000301|0.000082|0.000646|0.000179|0.001954|0.000541|0.001883|0.000521|0.000377|0.000104|0.000196|0.000052|0.000594|0.000157|0.000572|0.000151|0.000115|0.000030|0.000244|0.000065|0.000737|0.000198|0.000710|0.000191|0.000142|0.000038|0.017743|0.004689|0.053630|0.014174|0.051682|0.013659|0.010352|0.002736|0.022037|0.005913|0.066607|0.017871|0.064188|0.017222|0.012857|0.003450|0.000359|0.000095|0.001085|0.000287|0.001045|0.000276|0.000209|0.000055|0.000446|0.000120|0.001347|0.000361|0.001298|0.000348|0.000260|0.000070,0.0
5000,upper_pain|alt|inr|joints|platelet,70,25,0.0012824535369873047,0.0011515617370605469,1.1136645962732918,0.011641|0.053090|0.006083|0.004888|0.001596|0.007203|0.000813|0.000711|0.000704|0.003274|0.000375|0.000290|0.000097|0.000445|0.000050|0.000043|0.000959|0.004080|0.000461|0.000444|0.000131|0.000555|0.000062|0.000063|0.026358|0.119947|0.013742|0.011114|0.003614|0.016275|0.001836|0.001615|0.001744|0.008074|0.000925|0.000724|0.000240|0.001097|0.000124|0.000106|0.002428|0.009799|0.001099|0.001202|0.000331|0.001335|0.000147|0.000169|0.004079|0.018478|0.002118|0.001738|0.000559|0.002508|0.000283|0.000252|0.000228|0.001035|0.000118|0.000098|0.000031|0.000141|0.000016|0.000014|0.000354|0.001491|0.000169|0.000168|0.000048|0.000203|0.000023|0.000024|0.029824|0.135241|0.015484|0.012638|0.004089|0.018352|0.002068|0.001834|0.001848|0.008546|0.000979|0.000768|0.000254|0.001162|0.000131|0.000112|0.002673|0.010983|0.001235|0.001293|0.000365|0.001496|0.000165|0.000183|0.007505|0.034229|0.003922|0.003151|0.001029|0.004644|0.000524|0.000458|0.000454|0.002111|0.000242|0.000187|0.000063|0.000287|0.000032|0.000027|0.000618|0.002630|0.000298|0.000286|0.000085|0.000358|0.000040|0.000041|0.016994|0.077334|0.008860|0.007166|0.002330|0.010493|0.001183|0.001041|0.001125|0.005206|0.000597|0.000466|0.000155|0.000708|0.000080|0.000068|0.001565|0.006318|0.000709|0.000775|0.000213|0.000861|0.000095|0.000109|0.002630|0.011913|0.001365|0.001120|0.000360|0.001617|0.000182|0.000163|0.000147|0.000668|0.000076|0.000063|0.000020|0.000091|0.000010|0.000009|0.000228|0.000961|0.000109|0.000108|0.000031|0.000131|0.000015|0.000015|0.019229|0.087196|0.009983|0.008148|0.002636|0.011832|0.001334|0.001182|0.001191|0.005510|0.000631|0.000495|0.000164|0.000749|0.000085|0.000072|0.001723|0.007081|0.000796|0.000833|0.000235|0.000964|0.000106|0.000118,0.011641|0.053090|0.006083|0.004888|0.001596|0.007203|0.000813|0.000711|0.000704|0.003274|0.000375|0.000290|0.000097|0.000445|0.000050|0.000043|0.000959|0.004080|0.000461|0.000444|0.000131|0.000555|0.000062|0.000063|0.026358|0.119947|0.013742|0.011114|0.003614|0.016275|0.001836|0.001615|0.001744|0.008074|0.000925|0.000724|0.000240|0.001097|0.000124|0.000106|0.002428|0.009799|0.001099|0.001202|0.000331|0.001335|0.000147|0.000169|0.004079|0.018478|0.002118|0.001738|0.000559|0.002508|0.000283|0.000252|0.000228|0.001035|0.000118|0.000098|0.000031|0.000141|0.000016|0.000014|0.000354|0.001491|0.000169|0.000168|0.000048|0.000203|0.000023|0.000024|0.029824|0.135241|0.015484|0.012638|0.004089|0.018352|0.002068|0.001834|0.001848|0.008546|0.000979|0.000768|0.000254|0.001162|0.000131|0.000112|0.002673|0.010983|0.001235|0.001293|0.000365|0.001496|0.000165|0.000183|0.007505|0.034229|0.003922|0.003151|0.001029|0.004644|0.000524|0.000458|0.000454|0.002111|0.000242|0.000187|0.000063|0.000287|0.000032|0.000027|0.000618|0.002630|0.000298|0.000286|0.000085|0.000358|0.000040|0.000041|0.016994|0.077334|0.008860|0.007166|0.002330|0.010493|0.001183|0.001041|0.001125|0.005206|0.000597|0.000466|0.000155|0.000708|0.000080|0.000068|0.001565|0.006318|0.000709|0.000775|0.000213|0.000861|0.000095|0.000109|0.002630|0.011913|0.001365|0.001120|0.000360|0.001617|0.000182|0.000163|0.000147|0.000668|0.000076|0.000063|0.000020|0.000091|0.000010|0.000009|0.000228|0.000961|0.000109|0.000108|0.000031|0.000131|0.000015|0.000015|0.019229|0.087196|0.009983|0.008148|0.002636|0.011832|0.001334|0.001182|0.001191|0.005510|0.000631|0.000495|0.000164|0.000749|0.000085|0.000072|0.001723|0.007081|0.000796|0.000833|0.000235|0.000964|0.000106|0.000118,1.9961998412418794e-16
5000,ascites|age|inr|Hyperbilirubinemia|hbeag,70,21,0.0009551048278808594,0.0009779930114746094,0.9765967820575329,0.065463|0.000223|0.035476|0.000121|0.004375|0.000018|0.001004|0.000005|0.005540|0.000017|0.002504|0.000008|0.280919|0.000956|0.020203|0.000069|0.018773|0.000077|0.000572|0.000003|0.023772|0.000072|0.001426|0.000005|0.284237|0.000967|0.005302|0.000018|0.018995|0.000078|0.000150|0.000001|0.024053|0.000072|0.000374|0.000001|0.057787|0.000197|0.000170|0.000001|0.003862|0.000016|0.000005|0.000000|0.004890|0.000015|0.000012|0.000000|0.010421|0.000035|0.005643|0.000019|0.000699|0.000003|0.000159|0.000001|0.000867|0.000003|0.000397|0.000001|0.044718|0.000152|0.003214|0.000011|0.002998|0.000012|0.000091|0.000000|0.003721|0.000011|0.000226|0.000001|0.045246|0.000154|0.000843|0.000003|0.003033|0.000012|0.000024|0.000000|0.003765|0.000011|0.000059|0.000000|0.009199|0.000031|0.000027|0.000000|0.000617|0.000003|0.000001|0.000000|0.000766|0.000002|0.000002|0.000000,0.065463|0.000223|0.035476|0.000121|0.004375|0.000018|0.001004|0.000005|0.005540|0.000017|0.002504|0.000008|0.280919|0.000956|0.020203|0.000069|0.018773|0.000077|0.000572|0.000003|0.023772|0.000072|0.001426|0.000005|0.284237|0.000967|0.005302|0.000018|0.018995|0.000078|0.000150|0.000001|0.024053|0.000072|0.000374|0.000001|0.057787|0.000197|0.000170|0.000001|0.003862|0.000016|0.000005|0.000000|0.004890|0.000015|0.000012|0.000000|0.010421|0.000035|0.005643|0.000019|0.000699|0.000003|0.000159|0.000001|0.000867|0.000003|0.000397|0.000001|0.044718|0.000152|0.003214|0.000011|0.002998|0.000012|0.000091|0.000000|0.003721|0.000011|0.000226|0.000001|0.045246|0.000154|0.000843|0.000003|0.003033|0.000012|0.000024|0.000000|0.003765|0.000011|0.000059|0.000000|0.009199|0.000031|0.000027|0.000000|0.000617|0.000003|0.000001|0.000000|0.000766|0.000002|0.000002|0.000000,8.18627321153528e-17
5000,inr|transfusion|Hyperbilirubinemia|fat|alcoholism,70,20,0.0008692741394042969,0.0008816719055175781,0.9859383450513791,0.430766|0.064741|0.152299|0.022890|0.038225|0.005781|0.013515|0.002044|0.083359|0.012533|0.029657|0.004459|0.007402|0.001120|0.002634|0.000398|0.029159|0.004098|0.010309|0.001449|0.001072|0.000179|0.000379|0.000063|0.005532|0.000779|0.001967|0.000277|0.000203|0.000034|0.000072|0.000012|0.034732|0.007042|0.012279|0.002489|0.002638|0.000473|0.000932|0.000167|0.006774|0.001363|0.002411|0.000485|0.000505|0.000090|0.000179|0.000032,0.430766|0.064741|0.152299|0.022890|0.038225|0.005781|0.013515|0.002044|0.083359|0.012533|0.029657|0.004459|0.007402|0.001120|0.002634|0.000398|0.029159|0.004098|0.010309|0.001449|0.001072|0.000179|0.000379|0.000063|0.005532|0.000779|0.001967|0.000277|0.000203|0.000034|0.000072|0.000012|0.034732|0.007042|0.012279|0.002489|0.002638|0.000473|0.000932|0.000167|0.006774|0.001363|0.002411|0.000485|0.000505|0.000090|0.000179|0.000032,8.399241695853997e-18
5000,density|pain|albumin|hbsag|bilirubin,70,23,0.0012161731719970703,0.0011782646179199219,1.0321732092270335,0.003949|0.031746|0.012334|0.000904|0.000351|0.003198|0.001230|0.000093|0.005024|0.039348|0.015686|0.001144|0.000463|0.004053|0.001616|0.000123|0.027232|0.209448|0.085047|0.006449|0.002693|0.022474|0.009260|0.000722|0.000887|0.009350|0.003074|0.000200|0.000081|0.000937|0.000307|0.000021|0.001135|0.011579|0.003929|0.000253|0.000107|0.001185|0.000407|0.000028|0.006209|0.061543|0.021405|0.001442|0.000624|0.006565|0.002346|0.000167|0.002505|0.019415|0.007726|0.000575|0.000222|0.001958|0.000770|0.000059|0.003185|0.024081|0.009828|0.000726|0.000293|0.002485|0.001013|0.000078|0.017246|0.128204|0.053268|0.004088|0.001700|0.013780|0.005797|0.000456|0.000561|0.005691|0.001912|0.000127|0.000051|0.000570|0.000191|0.000013|0.000717|0.007054|0.002446|0.000160|0.000067|0.000723|0.000253|0.000018|0.003916|0.037498|0.013327|0.000911|0.000392|0.004007|0.001461|0.000105,0.003949|0.031746|0.012334|0.000904|0.000351|0.003198|0.001230|0.000093|0.005024|0.039348|0.015686|0.001144|0.000463|0.004053|0.001616|0.000123|0.027232|0.209448|0.085047|0.006449|0.002693|0.022474|0.009260|0.000722|0.000887|0.009350|0.003074|0.000200|0.000081|0.000937|0.000307|0.000021|0.001135|0.011579|0.003929|0.000253|0.000107|0.001185|0.000407|0.000028|0.006209|0.061543|0.021405|0.001442|0.000624|0.006565|0.002346|0.000167|0.002505|0.019415|0.007726|0.000575|0.000222|0.001958|0.000770|0.000059|0.003185|0.024081|0.009828|0.000726|0.000293|0.002485|0.001013|0.000078|0.017246|0.128204|0.053268|0.004088|0.001700|0.013780|0.005797|0.000456|0.000561|0.005691|0.001912|0.000127|0.000051|0.000570|0.000191|0.000013|0.000717|0.007054|0.002446|0.000160|0.000067|0.000723|0.000253|0.000018|0.003916|0.037498|0.013327|0.000911|0.000392|0.004007|0.001461|0.000105,1.7467417697714242e-16
5000,density|nausea|fibrosis|bilirubin|platelet,70,25,0.0012476444244384766,0.0011181831359863281,1.1157782515991472,0.005428|0.022339|0.002235|0.003416|0.041588|0.197852|0.023605|0.014113|0.016981|0.073005|0.007842|0.009020|0.001277|0.005233|0.000509|0.000816|0.000263|0.000984|0.000086|0.000164|0.001924|0.006552|0.000748|0.001089|0.001005|0.003357|0.000351|0.000612|0.000082|0.000273|0.000028|0.000050|0.002152|0.008856|0.000886|0.001354|0.016486|0.078427|0.009357|0.005596|0.006733|0.028942|0.003109|0.003576|0.000506|0.002075|0.000202|0.000324|0.000104|0.000390|0.000034|0.000065|0.000763|0.002597|0.000297|0.000432|0.000398|0.001331|0.000139|0.000243|0.000033|0.000108|0.000011|0.000020|0.003440|0.014132|0.001410|0.002177|0.025464|0.120788|0.014369|0.008792|0.010644|0.045602|0.004878|0.005723|0.000810|0.003315|0.000322|0.000520|0.000165|0.000616|0.000053|0.000103|0.001192|0.004043|0.000461|0.000676|0.000628|0.002095|0.000219|0.000383|0.000052|0.000172|0.000017|0.000032|0.001364|0.005603|0.000559|0.000863|0.010095|0.047879|0.005696|0.003486|0.004220|0.018078|0.001934|0.002269|0.000321|0.001314|0.000128|0.000206|0.000065|0.000244|0.000021|0.000041|0.000472|0.001603|0.000183|0.000268|0.000249|0.000831|0.000087|0.000152|0.000020|0.000068|0.000007|0.000013,0.005428|0.022339|0.002235|0.003416|0.041588|0.197852|0.023605|0.014113|0.016981|0.073005|0.007842|0.009020|0.001277|0.005233|0.000509|0.000816|0.000263|0.000984|0.000086|0.000164|0.001924|0.006552|0.000748|0.001089|0.001005|0.003357|0.000351|0.000612|0.000082|0.000273|0.000028|0.000050|0.002152|0.008856|0.000886|0.001354|0.016486|0.078427|0.009357|0.005596|0.006733|0.028942|0.003109|0.003576|0.000506|0.002075|0.000202|0.000324|0.000104|0.000390|0.000034|0.000065|0.000763|0.002597|0.000297|0.000432|0.000398|0.001331|0.000139|0.000243|0.000033|0.000108|0.000011|0.000020|0.003440|0.014132|0.001410|0.002177|0.025464|0.120788|0.014369|0.008792|0.010644|0.045602|0.004878|0.005723|0.000810|0.003315|0.000322|0.000520|0.000165|0.000616|0.000053|0.000103|0.001192|0.004043|0.000461|0.000676|0.000628|0.002095|0.000219|0.000383|0.000052|0.000172|0.000017|0.000032|0.001364|0.005603|0.000559|0.000863|0.010095|0.047879|0.005696|0.003486|0.004220|0.018078|0.001934|0.002269|0.000321|0.001314|0.000128|0.000206|0.000065|0.000244|0.000021|0.000041|0.000472|0.001603|0.000183|0.000268|0.000249|0.000831|0.000087|0.000152|0.000020|0.000068|0.000007|0.000013,3.2071463105294003e-18
5000,ggtp|vh_amn|cholesterol|edema|bleeding,70,25,0.0014379024505615234,0.0011844635009765625,1.2139694041867954,0.061157|0.010754|0.010122|0.001822|0.014813|0.002721|0.002481|0.000470|0.003930|0.000741|0.000674|0.000131|0.013170|0.002317|0.002252|0.000407|0.002794|0.000515|0.000482|0.000092|0.000848|0.000160|0.000151|0.000029|0.051959|0.009434|0.008628|0.001608|0.021717|0.004045|0.003601|0.000688|0.007054|0.001327|0.001182|0.000228|0.010215|0.001861|0.001750|0.000328|0.004035|0.000752|0.000686|0.000131|0.001389|0.000261|0.000240|0.000046|0.052315|0.009415|0.008581|0.001579|0.019779|0.003679|0.003254|0.000622|0.006347|0.001199|0.001063|0.000207|0.010546|0.001902|0.001781|0.000329|0.003695|0.000687|0.000621|0.000119|0.001272|0.000240|0.000219|0.000042|0.289679|0.050763|0.048002|0.008638|0.061231|0.011246|0.010447|0.001994|0.014172|0.002699|0.002504|0.000496|0.059243|0.010396|0.010104|0.001825|0.011724|0.002159|0.002051|0.000392|0.003228|0.000612|0.000588|0.000115,0.061157|0.010754|0.010122|0.001822|0.014813|0.002721|0.002481|0.000470|0.003930|0.000741|0.000674|0.000131|0.013170|0.002317|0.002252|0.000407|0.002794|0.000515|0.000482|0.000092|0.000848|0.000160|0.000151|0.000029|0.051959|0.009434|0.008628|0.001608|0.021717|0.004045|0.003601|0.000688|0.007054|0.001327|0.001182|0.000228|0.010215|0.001861|0.001750|0.000328|0.004035|0.000752|0.000686|0.000131|0.001389|0.000261|0.000240|0.000046|0.052315|0.009415|0.008581|0.001579|0.019779|0.003679|0.003254|0.000622|0.006347|0.001199|0.001063|0.000207|0.010546|0.001902|0.001781|0.000329|0.003695|0.000687|0.000621|0.000119|0.001272|0.000240|0.000219|0.000042|0.289679|0.050763|0.048002|0.008638|0.061231|0.011246|0.010447|0.001994|0.014172|0.002699|0.002504|0.000496|0.059243|0.010396|0.010104|0.001825|0.011724|0.002159|0.002051|0.000392|0.003228|0.000612|0.000588|0.000115,-3.117012673139455e-16
5000,anorexia|edema|obesity|hcv_anti|carcinoma,70,22,0.0009191036224365234,0.0009529590606689453,0.9644733550162622,0.542651|0.032970|0.001205|0.000068|0.041263|0.003153|0.000092|0.000007|0.089008|0.007272|0.000195|0.000014|0.007075|0.000796|0.000016|0.000002|0.205046|0.012445|0.000455|0.000025|0.015592|0.001190|0.000035|0.000002|0.033626|0.002743|0.000074|0.000005|0.002673|0.000300|0.000006|0.000001,0.542651|0.032970|0.001205|0.000068|0.041263|0.003153|0.000092|0.000007|0.089008|0.007272|0.000195|0.000014|0.007075|0.000796|0.000016|0.000002|0.205046|0.012445|0.000455|0.000025|0.015592|0.001190|0.000035|0.000002|0.033626|0.002743|0.000074|0.000005|0.002673|0.000300|0.000006|0.000001,-5.762919292453863e-17
5000,alcoholism|sex|spleen|Steatosis|hcv_anti,70,18,0.0008189678192138672,0.0008158683776855469,1.0037989479836353,0.429548|0.000954|0.027024|0.000060|0.054330|0.000112|0.010923|0.000024|0.282568|0.000628|0.017777|0.000039|0.035739|0.000074|0.007185|0.000016|0.055342|0.000123|0.012588|0.000028|0.007163|0.000015|0.004956|0.000011|0.036405|0.000081|0.008281|0.000018|0.004712|0.000010|0.003260|0.000007,0.429548|0.000954|0.027024|0.000060|0.054330|0.000112|0.010923|0.000024|0.282568|0.000628|0.017777|0.000039|0.035739|0.000074|0.007185|0.000016|0.055342|0.000123|0.012588|0.000028|0.007163|0.000015|0.004956|0.000011|0.036405|0.000081|0.008281|0.000018|0.004712|0.000010|0.003260|0.000007,4.573181197809354e-18
5000,proteins|hcv_anti|pain|pain_ruq|palms,70,21,0.0009846687316894531,0.0009713172912597656,1.013745704467354,0.382730|0.069301|0.265567|0.048921|0.105590|0.019119|0.072975|0.013444|0.000849|0.000147|0.000589|0.000104|0.000234|0.000041|0.000162|0.000029|0.008104|0.001242|0.005599|0.000859|0.002236|0.000343|0.001538|0.000236|0.000018|0.000003|0.000013|0.000002|0.000005|0.000001|0.000003|0.000001,0.382730|0.069301|0.265567|0.048921|0.105590|0.019119|0.072975|0.013444|0.000849|0.000147|0.000589|0.000104|0.000234|0.000041|0.000162|0.000029|0.008104|0.001242|0.005599|0.000859|0.002236|0.000343|0.001538|0.000236|0.000018|0.000003|0.000013|0.000002|0.000005|0.000001|0.000003|0.000001,-1.7006813727996873e-16
5000,pain_ruq|hbeag|transfusion|le_cells|joints,70,18,0.000762939453125,0.0007939338684082031,0.960960960960961,0.403399|0.054768|0.030076|0.004301|0.078140|0.010609|0.005826|0.000833|0.001374|0.000187|0.000102|0.000015|0.000270|0.000037|0.000020|0.000003|0.280128|0.038107|0.021077|0.003020|0.054262|0.007382|0.004083|0.000585|0.000954|0.000130|0.000072|0.000010|0.000188|0.000026|0.000014|0.000002,0.403399|0.054768|0.030076|0.004301|0.078140|0.010609|0.005826|0.000833|0.001374|0.000187|0.000102|0.000015|0.000270|0.000037|0.000020|0.000003|0.280128|0.038107|0.021077|0.003020|0.054262|0.007382|0.004083|0.000585|0.000954|0.000130|0.000072|0.000010|0.000188|0.000026|0.000014|0.000002,-2.7584610876092502e-17
5000,THepatitis|amylase|hbsag|fat|injections,70,14,0.0006077289581298828,0.0005693435668945312,1.0674204355108878,0.004082|0.002753|0.001421|0.000926|0.000469|0.000252|0.000163|0.000085|0.374178|0.246360|0.134100|0.085991|0.042985|0.022522|0.015414|0.007861|0.007224|0.005134|0.002345|0.001587|0.000829|0.000469|0.000269|0.000145|0.000181|0.000122|0.000063|0.000041|0.000021|0.000011|0.000007|0.000004|0.016582|0.010918|0.005943|0.003811|0.001905|0.000998|0.000683|0.000348|0.000320|0.000228|0.000104|0.000070|0.000037|0.000021|0.000012|0.000006,0.004082|0.002753|0.001421|0.000926|0.000469|0.000252|0.000163|0.000085|0.374178|0.246360|0.134100|0.085991|0.042985|0.022522|0.015414|0.007861|0.007224|0.005134|0.002345|0.001587|0.000829|0.000469|0.000269|0.000145|0.000181|0.000122|0.000063|0.000041|0.000021|0.000011|0.000007|0.000004|0.016582|0.010918|0.005943|0.003811|0.001905|0.000998|0.000683|0.000348|0.000320|0.000228|0.000104|0.000070|0.000037|0.000021|0.000012|0.000006,-4.103938725392923e-18
7500,upper_pain|vh_amn|bilirubin|spiders|irregular_liver,70,21,0.0011572837829589844,0.0010504722595214844,1.1016795279164775,0.027556|0.004132|0.006885|0.001856|0.233542|0.031925|0.055563|0.011575|0.085698|0.012778|0.021242|0.005722|0.006230|0.000860|0.001495|0.000317|0.005449|0.000883|0.001425|0.000453|0.048577|0.007046|0.011954|0.002938|0.016887|0.002735|0.004375|0.001422|0.001327|0.000198|0.000333|0.000086|0.017449|0.002625|0.004367|0.001187|0.147193|0.020116|0.035010|0.007290|0.053700|0.008009|0.013316|0.003587|0.004097|0.000561|0.000979|0.000203|0.003457|0.000562|0.000907|0.000290|0.030596|0.004434|0.007524|0.001846|0.010599|0.001719|0.002749|0.000895|0.000867|0.000128|0.000217|0.000055,0.027556|0.004132|0.006885|0.001856|0.233542|0.031925|0.055563|0.011575|0.085698|0.012778|0.021242|0.005722|0.006230|0.000860|0.001495|0.000317|0.005449|0.000883|0.001425|0.000453|0.048577|0.007046|0.011954|0.002938|0.016887|0.002735|0.004375|0.001422|0.001327|0.000198|0.000333|0.000086|0.017449|0.002625|0.004367|0.001187|0.147193|0.020116|0.035010|0.007290|0.053700|0.008009|0.013316|0.003587|0.004097|0.000561|0.000979|0.000203|0.003457|0.000562|0.000907|0.000290|0.030596|0.004434|0.007524|0.001846|0.010599|0.001719|0.002749|0.000895|0.000867|0.000128|0.000217|0.000055,9.30300614444857e-18
7500,ast|triglycerides|RHepatitis|vh_amn|age,70,18,0.0009307861328125,0.0008738040924072266,1.0652114597544338,0.001880|0.005586|0.005737|0.001129|0.000395|0.001173|0.001205|0.000237|0.000059|0.000175|0.000180|0.000035|0.000012|0.000035|0.000036|0.000007|0.044792|0.133055|0.136651|0.026902|0.009212|0.027363|0.028103|0.005533|0.001708|0.005073|0.005210|0.001026|0.000340|0.001009|0.001036|0.000204|0.002136|0.006344|0.006515|0.001283|0.000448|0.001330|0.001366|0.000269|0.000068|0.000202|0.000208|0.000041|0.000014|0.000040|0.000041|0.000008|0.000686|0.002036|0.002092|0.000412|0.000137|0.000407|0.000418|0.000082|0.000009|0.000027|0.000027|0.000005|0.000002|0.000007|0.000007|0.000001|0.020614|0.061233|0.062888|0.012381|0.004051|0.012033|0.012358|0.002433|0.000300|0.000890|0.000914|0.000180|0.000068|0.000203|0.000208|0.000041|0.000793|0.002355|0.002419|0.000476|0.000158|0.000470|0.000483|0.000095|0.000010|0.000031|0.000032|0.000006|0.000003|0.000008|0.000008|0.000002|0.001404|0.004171|0.004284|0.000843|0.000294|0.000874|0.000898|0.000177|0.000039|0.000114|0.000118|0.000023|0.000008|0.000024|0.000024|0.000005|0.030448|0.090448|0.092892|0.018288|0.006651|0.019758|0.020292|0.003995|0.000589|0.001751|0.001798|0.000354|0.000133|0.000396|0.000406|0.000080|0.001585|0.004707|0.004835|0.000952|0.000333|0.000989|0.001016|0.000200|0.000043|0.000127|0.000130|0.000026|0.000009|0.000026|0.000027|0.000005|0.000042|0.000125|0.000128|0.000025|0.000013|0.000038|0.000039|0.000008|0.000001|0.000003|0.000003|0.000001|0.000000|0.000001|0.000001|0.000000|0.001248|0.003707|0.003807|0.000750|0.000389|0.001157|0.001188|0.000234|0.000009|0.000027|0.000027|0.000005|0.000004|0.000011|0.000011|0.000002|0.000049|0.000144|0.000148|0.000029|0.000015|0.000044|0.000045|0.000009|0.000001|0.000004|0.000004|0.000001|0.000001|0.000002|0.000002|0.000000,0.001880|0.005586|0.005737|0.001129|0.000395|0.001173|0.001205|0.000237|0.000059|0.000175|0.000180|0.000035|0.000012|0.000035|0.000036|0.000007|0.044792|0.133055|0.136651|0.026902|0.009212|0.027363|0.028103|0.005533|0.001708|0.005073|0.005210|0.001026|0.000340|0.001009|0.001036|0.000204|0.002136|0.006344|0.006515|0.001283|0.000448|0.001330|0.001366|0.000269|0.000068|0.000202|0.000208|0.000041|0.000014|0.000040|0.000041|0.000008|0.000686|0.002036|0.002092|0.000412|0.000137|0.000407|0.000418|0.000082|0.000009|0.000027|0.000027|0.000005|0.000002|0.000007|0.000007|0.000001|0.020614|0.061233|0.062888|0.012381|0.004051|0.012033|0.012358|0.002433|0.000300|0.000890|0.000914|0.000180|0.000068|0.000203|0.000208|0.000041|0.000793|0.002355|0.002419|0.000476|0.000158|0.000470|0.000483|0.000095|0.000010|0.000031|0.000032|0.000006|0.000003|0.000008|0.000008|0.000002|0.001404|0.004171|0.004284|0.000843|0.000294|0.000874|0.000898|0.000177|0.000039|0.000114|0.000118|0.000023|0.000008|0.000024|0.000024|0.000005|0.030448|0.090448|0.092892|0.018288|0.006651|0.019758|0.020292|0.003995|0.000589|0.001751|0.001798|0.000354|0.000133|0.000396|0.000406|0.000080|0.001585|0.004707|0.004835|0.000952|0.000333|0.000989|0.001016|0.000200|0.000043|0.000127|0.000130|0.000026|0.000009|0.000026|0.000027|0.000005|0.000042|0.000125|0.000128|0.000025|0.000013|0.000038|0.000039|0.000008|0.000001|0.000003|0.000003|0.000001|0.000000|0.000001|0.000001|0.000000|0.001248|0.003707|0.003807|0.000750|0.000389|0.001157|0.001188|0.000234|0.000009|0.000027|0.000027|0.000005|0.000004|0.000011|0.000011|0.000002|0.000049|0.000144|0.000148|0.000029|0.000015|0.000044|0.000045|0.000009|0.000001|0.000004|0.000004|0.000001|0.000001|0.000002|0.000002|0.000000,-1.0993102015283134e-16
7500,ESR|age|jaundice|hepatalgia|Steatosis,70,25,0.0012285709381103516,0.0012586116790771484,0.9761318431521121,0.061454|0.005501|0.015554|0.001541|0.019669|0.001912|0.004810|0.000533|0.141610|0.013839|0.040797|0.004132|0.046913|0.005142|0.013422|0.001533|0.137435|0.013633|0.040482|0.004122|0.046247|0.005145|0.013601|0.001555|0.024831|0.002528|0.007352|0.000766|0.008707|0.000984|0.002577|0.000298|0.003801|0.001258|0.001039|0.000348|0.001440|0.000450|0.000389|0.000124|0.034596|0.004556|0.010009|0.001365|0.015965|0.001884|0.004611|0.000565|0.039987|0.004919|0.011811|0.001489|0.018643|0.002080|0.005505|0.000630|0.009154|0.001030|0.002710|0.000312|0.004329|0.000448|0.001282|0.000136|0.006048|0.000696|0.001511|0.000191|0.002097|0.000253|0.000512|0.000069|0.023913|0.002833|0.006858|0.000844|0.009947|0.001201|0.002841|0.000358|0.025630|0.003064|0.007551|0.000926|0.010884|0.001323|0.003205|0.000400|0.005429|0.000655|0.001607|0.000199|0.002385|0.000290|0.000705|0.000088,0.061454|0.005501|0.015554|0.001541|0.019669|0.001912|0.004810|0.000533|0.141610|0.013839|0.040797|0.004132|0.046913|0.005142|0.013422|0.001533|0.137435|0.013633|0.040482|0.004122|0.046247|0.005145|0.013601|0.001555|0.024831|0.002528|0.007352|0.000766|0.008707|0.000984|0.002577|0.000298|0.003801|0.001258|0.001039|0.000348|0.001440|0.000450|0.000389|0.000124|0.034596|0.004556|0.010009|0.001365|0.015965|0.001884|0.004611|0.000565|0.039987|0.004919|0.011811|0.001489|0.018643|0.002080|0.005505|0.000630|0.009154|0.001030|0.002710|0.000312|0.004329|0.000448|0.001282|0.000136|0.006048|0.000696|0.001511|0.000191|0.002097|0.000253|0.000512|0.000069|0.023913|0.002833|0.006858|0.000844|0.009947|0.001201|0.002841|0.000358|0.025630|0.003064|0.007551|0.000926|0.010884|0.001323|0.003205|0.000400|0.005429|0.000655|0.001607|0.000199|0.002385|0.000290|0.000705|0.000088,0.0
7500,urea|injections|fatigue|spleen|PBC,70,22,0.0010504722595214844,0.0010063648223876953,1.0438284766642976,0.005593|0.004150|0.000787|0.000566|0.006948|0.005152|0.001010|0.000724|0.003759|0.002792|0.000506|0.000366|0.004541|0.003372|0.000626|0.000452|0.129203|0.081297|0.017606|0.011097|0.160414|0.100940|0.022517|0.014195|0.086907|0.054680|0.011381|0.007171|0.104957|0.066038|0.014057|0.008858|0.009631|0.006264|0.001321|0.000855|0.011959|0.007778|0.001690|0.001094|0.006477|0.004214|0.000853|0.000553|0.007823|0.005089|0.001054|0.000683,0.005593|0.004150|0.000787|0.000566|0.006948|0.005152|0.001010|0.000724|0.003759|0.002792|0.000506|0.000366|0.004541|0.003372|0.000626|0.000452|0.129203|0.081297|0.017606|0.011097|0.160414|0.100940|0.022517|0.014195|0.086907|0.054680|0.011381|0.007171|0.104957|0.066038|0.014057|0.008858|0.009631|0.006264|0.001321|0.000855|0.011959|0.007778|0.001690|0.001094|0.006477|0.004214|0.000853|0.000553|0.007823|0.005089|0.001054|0.000683,-9.062616657619239e-17
7500,flatulence|inr|platelet|RHepatitis|hbeag,70,24,0.0011191368103027344,0.0011453628540039062,0.9771024146544546,0.072697|0.000383|0.001951|0.000010|0.325392|0.001715|0.008732|0.000046|0.041278|0.000218|0.001108|0.000006|0.030501|0.000161|0.000819|0.000004|0.004785|0.000028|0.000128|0.000001|0.022264|0.000127|0.000597|0.000003|0.002856|0.000016|0.000077|0.000000|0.001897|0.000012|0.000051|0.000000|0.007109|0.000030|0.000191|0.000001|0.027676|0.000117|0.000743|0.000003|0.003347|0.000014|0.000090|0.000000|0.003637|0.000015|0.000098|0.000000|0.056904|0.000300|0.001527|0.000008|0.254698|0.001344|0.006835|0.000036|0.032310|0.000170|0.000867|0.000005|0.023876|0.000126|0.000641|0.000003|0.003745|0.000022|0.000100|0.000001|0.017425|0.000100|0.000468|0.000003|0.002235|0.000013|0.000060|0.000000|0.001485|0.000009|0.000040|0.000000|0.005565|0.000023|0.000149|0.000001|0.021663|0.000091|0.000581|0.000002|0.002619|0.000011|0.000070|0.000000|0.002847|0.000012|0.000076|0.000000,0.072697|0.000383|0.001951|0.000010|0.325392|0.001715|0.008732|0.000046|0.041278|0.000218|0.001108|0.000006|0.030501|0.000161|0.000819|0.000004|0.004785|0.000028|0.000128|0.000001|0.022264|0.000127|0.000597|0.000003|0.002856|0.000016|0.000077|0.000000|0.001897|0.000012|0.000051|0.000000|0.007109|0.000030|0.000191|0.000001|0.027676|0.000117|0.000743|0.000003|0.003347|0.000014|0.000090|0.000000|0.003637|0.000015|0.000098|0.000000|0.056904|0.000300|0.001527|0.000008|0.254698|0.001344|0.006835|0.000036|0.032310|0.000170|0.000867|0.000005|0.023876|0.000126|0.000641|0.000003|0.003745|0.000022|0.000100|0.000001|0.017425|0.000100|0.000468|0.000003|0.002235|0.000013|0.000060|0.000000|0.001485|0.000009|0.000040|0.000000|0.005565|0.000023|0.000149|0.000001|0.021663|0.000091|0.000581|0.000002|0.002619|0.000011|0.000070|0.000000|0.002847|0.000012|0.000076|0.000000,-1.4823502132635188e-16
7500,edema|phosphatase|nausea|edge|pain,70,23,0.0011701583862304688,0.0010433197021484375,1.1215722120658136,0.177598|0.052290|0.063363|0.018656|0.072020|0.021205|0.025649|0.007552|0.060367|0.017774|0.019925|0.005866|0.023646|0.006962|0.007841|0.002309|0.110713|0.032597|0.041006|0.012073|0.043722|0.012873|0.016222|0.004776|0.027451|0.008082|0.012587|0.003706|0.011132|0.003278|0.005089|0.001498|0.009227|0.002717|0.003496|0.001029|0.003615|0.001064|0.001383|0.000407|0.017310|0.005096|0.008840|0.002603|0.006837|0.002013|0.003503|0.001031,0.177598|0.052290|0.063363|0.018656|0.072020|0.021205|0.025649|0.007552|0.060367|0.017774|0.019925|0.005866|0.023646|0.006962|0.007841|0.002309|0.110713|0.032597|0.041006|0.012073|0.043722|0.012873|0.016222|0.004776|0.027451|0.008082|0.012587|0.003706|0.011132|0.003278|0.005089|0.001498|0.009227|0.002717|0.003496|0.001029|0.003615|0.001064|0.001383|0.000407|0.017310|0.005096|0.008840|0.002603|0.006837|0.002013|0.003503|0.001031,7.150703546014607e-17
7500,ChHepatitis|edge|hcv_anti|ascites|bilirubin,70,22,0.0010590553283691406,0.001054525375366211,1.0042957268822066,0.041435|0.342771|0.128828|0.009038|0.006765|0.056005|0.021037|0.001477|0.000061|0.000503|0.000189|0.000013|0.000010|0.000082|0.000031|0.000002|0.015376|0.115709|0.047248|0.003011|0.002485|0.018800|0.007640|0.000490|0.000023|0.000170|0.000069|0.000004|0.000004|0.000028|0.000011|0.000001|0.005813|0.047283|0.016038|0.002013|0.000942|0.007685|0.002603|0.000327|0.000000|0.000000|0.000000|0.000000|0.000000|0.000000|0.000000|0.000000|0.003363|0.024321|0.010296|0.000974|0.000532|0.003867|0.001625|0.000155|0.000000|0.000000|0.000000|0.000000|0.000000|0.000000|0.000000|0.000000|0.001575|0.025212|0.005898|0.000279|0.000257|0.004117|0.000962|0.000045|0.000012|0.000191|0.000045|0.000002|0.000002|0.000031|0.000007|0.000000|0.000710|0.008843|0.002483|0.000104|0.000114|0.001433|0.000399|0.000017|0.000005|0.000067|0.000019|0.000001|0.000001|0.000011|0.000003|0.000000,0.041435|0.342771|0.128828|0.009038|0.006765|0.056005|0.021037|0.001477|0.000061|0.000503|0.000189|0.000013|0.000010|0.000082|0.000031|0.000002|0.015376|0.115709|0.047248|0.003011|0.002485|0.018800|0.007640|0.000490|0.000023|0.000170|0.000069|0.000004|0.000004|0.000028|0.000011|0.000001|0.005813|0.047283|0.016038|0.002013|0.000942|0.007685|0.002603|0.000327|0.000000|0.000000|0.000000|0.000000|0.000000|0.000000|0.000000|0.000000|0.003363|0.024321|0.010296|0.000974|0.000532|0.003867|0.001625|0.000155|0.000000|0.000000|0.000000|0.000000|0.000000|0.000000|0.000000|0.000000|0.001575|0.025212|0.005898|0.000279|0.000257|0.004117|0.000962|0.000045|0.000012|0.000191|0.000045|0.000002|0.000002|0.000031|0.000007|0.000000|0.000710|0.008843|0.002483|0.000104|0.000114|0.001433|0.000399|0.000017|0.000005|0.000067|0.000019|0.000001|0.000001|0.000011|0.000003|0.000000,0.0
7500,ascites|pressure_ruq|Cirrhosis|nausea|hepatomegaly,70,25,0.0011188983917236328,0.0011973381042480469,0.9344882516925528,0.113194|0.242477|0.045266|0.096905|0.002716|0.006217|0.001090|0.002492|0.006102|0.013997|0.002450|0.005612|0.067560|0.143230|0.027016|0.057242|0.001773|0.004003|0.000711|0.001604|0.004012|0.009076|0.001610|0.003638|0.018514|0.039659|0.007404|0.015849|0.000418|0.000958|0.000168|0.000384|0.000938|0.002152|0.000377|0.000863|0.011050|0.023426|0.004419|0.009362|0.000273|0.000617|0.000110|0.000247|0.000617|0.001395|0.000248|0.000559,0.113194|0.242477|0.045266|0.096905|0.002716|0.006217|0.001090|0.002492|0.006102|0.013997|0.002450|0.005612|0.067560|0.143230|0.027016|0.057242|0.001773|0.004003|0.000711|0.001604|0.004012|0.009076|0.001610|0.003638|0.018514|0.039659|0.007404|0.015849|0.000418|0.000958|0.000168|0.000384|0.000938|0.002152|0.000377|0.000863|0.011050|0.023426|0.004419|0.009362|0.000273|0.000617|0.000110|0.000247|0.000617|0.001395|0.000248|0.000559,-1.4920141905428986e-16
7500,anorexia|le_cells|THepatitis|proteins|surgery,70,21,0.0008859634399414062,0.0008997917175292969,0.9846316905140434,0.363328|0.265110|0.007819|0.005718|0.015783|0.011516|0.000336|0.000246|0.027575|0.020121|0.000593|0.000434|0.001198|0.000874|0.000025|0.000019|0.142562|0.104023|0.003068|0.002243|0.004363|0.003184|0.000093|0.000068|0.010820|0.007895|0.000233|0.000170|0.000331|0.000242|0.000007|0.000005,0.363328|0.265110|0.007819|0.005718|0.015783|0.011516|0.000336|0.000246|0.027575|0.020121|0.000593|0.000434|0.001198|0.000874|0.000025|0.000019|0.142562|0.104023|0.003068|0.002243|0.004363|0.003184|0.000093|0.000068|0.010820|0.007895|0.000233|0.000170|0.000331|0.000242|0.000007|0.000005,4.576282991070967e-17
7500,amylase|pain|hbc_anti|cholesterol|encephalopathy,70,21,0.0010573863983154297,0.0010008811950683594,1.0564554549785612,0.005997|0.000184|0.001612|0.000070|0.000415|0.000021|0.000626|0.000019|0.000172|0.000008|0.000043|0.000002|0.001857|0.000052|0.000417|0.000017|0.000096|0.000005|0.000194|0.000005|0.000045|0.000002|0.000010|0.000000|0.488599|0.014981|0.131269|0.005734|0.033794|0.001710|0.050973|0.001553|0.014012|0.000611|0.003479|0.000178|0.151265|0.004228|0.033974|0.001374|0.007833|0.000386|0.015793|0.000438|0.003631|0.000146|0.000799|0.000040|0.010778|0.000330|0.002898|0.000127|0.000745|0.000038|0.001126|0.000034|0.000310|0.000013|0.000077|0.000004|0.003337|0.000093|0.000750|0.000030|0.000173|0.000009|0.000349|0.000010|0.000080|0.000003|0.000018|0.000001,0.005997|0.000184|0.001612|0.000070|0.000415|0.000021|0.000626|0.000019|0.000172|0.000008|0.000043|0.000002|0.001857|0.000052|0.000417|0.000017|0.000096|0.000005|0.000194|0.000005|0.000045|0.000002|0.000010|0.000000|0.488599|0.014981|0.131269|0.005734|0.033794|0.001710|0.050973|0.001553|0.014012|0.000611|0.003479|0.000178|0.151265|0.004228|0.033974|0.001374|0.007833|0.000386|0.015793|0.000438|0.003631|0.000146|0.000799|0.000040|0.010778|0.000330|0.002898|0.000127|0.000745|0.000038|0.001126|0.000034|0.000310|0.000013|0.000077|0.000004|0.003337|0.000093|0.000750|0.000030|0.000173|0.000009|0.000349|0.000010|0.000080|0.000003|0.000018|0.000001,3.471502979768735e-17
7500,density|ast|alcoholism|jaundice|skin,70,26,0.0013399124145507812,0.0012888908386230469,1.0395856455789863,0.118955|0.061138|0.032906|0.032967|0.018966|0.009990|0.005277|0.005434|0.053318|0.027262|0.014730|0.014687|0.007480|0.003880|0.002074|0.002102|0.080252|0.040923|0.022163|0.021925|0.013872|0.007308|0.003861|0.003961|0.003555|0.001774|0.000976|0.000951|0.000502|0.000253|0.000138|0.000136|0.074525|0.038649|0.020657|0.020954|0.011895|0.006322|0.003317|0.003456|0.033387|0.017227|0.009243|0.009333|0.004687|0.002453|0.001302|0.001336|0.050298|0.025883|0.013919|0.013943|0.008707|0.004629|0.002428|0.002521|0.002230|0.001122|0.000613|0.000604|0.000315|0.000160|0.000087|0.000086,0.118955|0.061138|0.032906|0.032967|0.018966|0.009990|0.005277|0.005434|0.053318|0.027262|0.014730|0.014687|0.007480|0.003880|0.002074|0.002102|0.080252|0.040923|0.022163|0.021925|0.013872|0.007308|0.003861|0.003961|0.003555|0.001774|0.000976|0.000951|0.000502|0.000253|0.000138|0.000136|0.074525|0.038649|0.020657|0.020954|0.011895|0.006322|0.003317|0.003456|0.033387|0.017227|0.009243|0.009333|0.004687|0.002453|0.001302|0.001336|0.050298|0.025883|0.013919|0.013943|0.008707|0.004629|0.002428|0.002521|0.002230|0.001122|0.000613|0.000604|0.000315|0.000160|0.000087|0.000086,0.0
7500,ChHepatitis|Hyperbilirubinemia|injections|density|vh_amn,70,18,0.0008208751678466797,0.0007724761962890625,1.0626543209876542,0.234633|0.031667|0.147714|0.019936|0.172156|0.031446|0.108381|0.019797|0.016476|0.002224|0.010280|0.001388|0.012089|0.002208|0.007543|0.001378|0.036051|0.017279|0.022757|0.010907|0.013468|0.006445|0.008502|0.004068|0.002530|0.001213|0.001585|0.000760|0.000945|0.000452|0.000592|0.000283|0.015209|0.010821|0.009578|0.006814|0.002777|0.001498|0.001749|0.000943|0.001068|0.000760|0.000667|0.000474|0.000195|0.000105|0.000122|0.000066,0.234633|0.031667|0.147714|0.019936|0.172156|0.031446|0.108381|0.019797|0.016476|0.002224|0.010280|0.001388|0.012089|0.002208|0.007543|0.001378|0.036051|0.017279|0.022757|0.010907|0.013468|0.006445|0.008502|0.004068|0.002530|0.001213|0.001585|0.000760|0.000945|0.000452|0.000592|0.000283|0.015209|0.010821|0.009578|0.006814|0.002777|0.001498|0.001749|0.000943|0.001068|0.000760|0.000667|0.000474|0.000195|0.000105|0.000122|0.000066,2.6114000175325176e-17
7500,encephalopathy|Cirrhosis|alt|hepatomegaly|fibrosis,70,22,0.0011260509490966797,0.0010848045349121094,1.038021978021978,0.047297|0.000847|0.099783|0.001795|0.101576|0.001072|0.217861|0.002304|0.013227|0.000395|0.028121|0.000853|0.119077|0.001710|0.253699|0.003667|0.000470|0.000633|0.001108|0.001366|0.001982|0.000777|0.004703|0.001672|0.000165|0.000229|0.000382|0.000489|0.001869|0.001096|0.004389|0.002324|0.000740|0.001065|0.001819|0.002262|0.004139|0.002160|0.009809|0.004670|0.000205|0.000270|0.000488|0.000585|0.004046|0.002800|0.009548|0.005997|0.001529|0.000027|0.003293|0.000059|0.003284|0.000035|0.007189|0.000076|0.000427|0.000013|0.000928|0.000028|0.003850|0.000055|0.008372|0.000121|0.000002|0.000003|0.000006|0.000008|0.000011|0.000004|0.000026|0.000009|0.000001|0.000001|0.000002|0.000003|0.000010|0.000006|0.000024|0.000013|0.000044|0.000064|0.000109|0.000136|0.000249|0.000130|0.000590|0.000281|0.000012|0.000016|0.000029|0.000035|0.000243|0.000168|0.000574|0.000361,0.047297|0.000847|0.099783|0.001795|0.101576|0.001072|0.217861|0.002304|0.013227|0.000395|0.028121|0.000853|0.119077|0.001710|0.253699|0.003667|0.000470|0.000633|0.001108|0.001366|0.001982|0.000777|0.004703|0.001672|0.000165|0.000229|0.000382|0.000489|0.001869|0.001096|0.004389|0.002324|0.000740|0.001065|0.001819|0.002262|0.004139|0.002160|0.009809|0.004670|0.000205|0.000270|0.000488|0.000585|0.004046|0.002800|0.009548|0.005997|0.001529|0.000027|0.003293|0.000059|0.003284|0.000035|0.007189|0.000076|0.000427|0.000013|0.000928|0.000028|0.003850|0.000055|0.008372|0.000121|0.000002|0.000003|0.000006|0.000008|0.000011|0.000004|0.000026|0.000009|0.000001|0.000001|0.000002|0.000003|0.000010|0.000006|0.000024|0.000013|0.000044|0.000064|0.000109|0.000136|0.000249|0.000130|0.000590|0.000281|0.000012|0.000016|0.000029|0.000035|0.000243|0.000168|0.000574|0.000361,1.4173245737506658e-16
7500,PBC|edema|choledocholithotomy|anorexia|ascites,70,22,0.0009572505950927734,0.0009253025054931641,1.0345271837155372,0.280643|0.045722|0.108767|0.017720|0.044192|0.007200|0.017127|0.002791|0.046881|0.007597|0.018166|0.002944|0.007362|0.001193|0.002853|0.000462|0.178209|0.029033|0.069067|0.011252|0.028062|0.004572|0.010876|0.001772|0.029770|0.004824|0.011535|0.001869|0.004675|0.000758|0.001811|0.000294,0.280643|0.045722|0.108767|0.017720|0.044192|0.007200|0.017127|0.002791|0.046881|0.007597|0.018166|0.002944|0.007362|0.001193|0.002853|0.000462|0.178209|0.029033|0.069067|0.011252|0.028062|0.004572|0.010876|0.001772|0.029770|0.004824|0.011535|0.001869|0.004675|0.000758|0.001811|0.000294,0.0
7500,consciousness|platelet|hbsag_anti|phosphatase|fat,70,25,0.0012378692626953125,0.0012340545654296875,1.0030911901081916,0.056261|0.019777|0.018088|0.006350|0.035627|0.012515|0.001233|0.000433|0.000406|0.000142|0.000791|0.000278|0.249617|0.087742|0.082516|0.028968|0.156182|0.054859|0.005465|0.001920|0.001851|0.000650|0.003465|0.001216|0.031587|0.011103|0.010531|0.003697|0.019695|0.006918|0.000691|0.000243|0.000236|0.000083|0.000437|0.000153|0.023864|0.008390|0.007349|0.002580|0.015498|0.005445|0.000524|0.000184|0.000165|0.000058|0.000345|0.000121|0.001388|0.000488|0.000444|0.000156|0.000888|0.000312|0.000030|0.000011|0.000010|0.000003|0.000020|0.000007|0.005991|0.002106|0.001973|0.000693|0.003771|0.001325|0.000131|0.000046|0.000044|0.000016|0.000084|0.000029|0.000738|0.000259|0.000245|0.000086|0.000462|0.000162|0.000016|0.000006|0.000005|0.000002|0.000010|0.000004|0.000660|0.000232|0.000202|0.000071|0.000433|0.000152|0.000014|0.000005|0.000005|0.000002|0.000010|0.000003,0.056261|0.019777|0.018088|0.006350|0.035627|0.012515|0.001233|0.000433|0.000406|0.000142|0.000791|0.000278|0.249617|0.087742|0.082516|0.028968|0.156182|0.054859|0.005465|0.001920|0.001851|0.000650|0.003465|0.001216|0.031587|0.011103|0.010531|0.003697|0.019695|0.006918|0.000691|0.000243|0.000236|0.000083|0.000437|0.000153|0.023864|0.008390|0.007349|0.002580|0.015498|0.005445|0.000524|0.000184|0.000165|0.000058|0.000345|0.000121|0.001388|0.000488|0.000444|0.000156|0.000888|0.000312|0.000030|0.000011|0.000010|0.000003|0.000020|0.000007|0.005991|0.002106|0.001973|0.000693|0.003771|0.001325|0.000131|0.000046|0.000044|0.000016|0.000084|0.000029|0.000738|0.000259|0.000245|0.000086|0.000462|0.000162|0.000016|0.000006|0.000005|0.000002|0.000010|0.000004|0.000660|0.000232|0.000202|0.000071|0.000433|0.000152|0.000014|0.000005|0.000005|0.000002|0.000010|0.000003,-2.5475948962934857e-17
7500,fatigue|hbc_anti|spleen|platelet|skin,70,26,0.0013468265533447266,0.0013082027435302734,1.0295243302351011,0.033416|0.021405|0.154954|0.093172|0.020202|0.011376|0.012257|0.010315|0.004849|0.003302|0.019493|0.012417|0.002425|0.001448|0.002270|0.001889|0.003526|0.002271|0.016426|0.009920|0.002145|0.001212|0.001280|0.001091|0.000495|0.000338|0.002024|0.001291|0.000253|0.000151|0.000226|0.000191|0.041234|0.026374|0.190418|0.114422|0.024787|0.013962|0.015253|0.012743|0.006181|0.004208|0.024533|0.015652|0.003037|0.001819|0.002951|0.002433|0.004276|0.002751|0.019861|0.011989|0.002591|0.001464|0.001562|0.001324|0.000615|0.000420|0.002496|0.001593|0.000311|0.000186|0.000285|0.000239,0.033416|0.021405|0.154954|0.093172|0.020202|0.011376|0.012257|0.010315|0.004849|0.003302|0.019493|0.012417|0.002425|0.001448|0.002270|0.001889|0.003526|0.002271|0.016426|0.009920|0.002145|0.001212|0.001280|0.001091|0.000495|0.000338|0.002024|0.001291|0.000253|0.000151|0.000226|0.000191|0.041234|0.026374|0.190418|0.114422|0.024787|0.013962|0.015253|0.012743|0.006181|0.004208|0.024533|0.015652|0.003037|0.001819|0.002951|0.002433|0.004276|0.002751|0.019861|0.011989|0.002591|0.001464|0.001562|0.001324|0.000615|0.000420|0.002496|0.001593|0.000311|0.000186|0.000285|0.000239,2.1541904646074149e-16
7500,ChHepatitis|proteins|gallstones|injections|pressure_ruq,70,18,0.0007710456848144531,0.0007407665252685547,1.0408754425490827,0.244363|0.149171|0.175671|0.107238|0.042945|0.017836|0.045533|0.018911|0.005380|0.003284|0.003868|0.002361|0.000945|0.000393|0.001002|0.000416|0.044448|0.034745|0.015600|0.012195|0.007122|0.005084|0.003695|0.002637|0.000818|0.000640|0.000287|0.000224|0.000131|0.000094|0.000068|0.000049|0.023870|0.014670|0.003679|0.002261|0.004918|0.000973|0.001133|0.000224|0.000515|0.000317|0.000079|0.000049|0.000106|0.000021|0.000024|0.000005,0.244363|0.149171|0.175671|0.107238|0.042945|0.017836|0.045533|0.018911|0.005380|0.003284|0.003868|0.002361|0.000945|0.000393|0.001002|0.000416|0.044448|0.034745|0.015600|0.012195|0.007122|0.005084|0.003695|0.002637|0.000818|0.000640|0.000287|0.000224|0.000131|0.000094|0.000068|0.000049|0.023870|0.014670|0.003679|0.002261|0.004918|0.000973|0.001133|0.000224|0.000515|0.000317|0.000079|0.000049|0.000106|0.000021|0.000024|0.000005,-7.648873265553151e-17
7500,urea|skin|nausea|ast|ggtp,70,27,0.0015399456024169922,0.0015544891357421875,0.9906441717791411,0.001086|0.001050|0.001042|0.005147|0.000488|0.000465|0.000476|0.002247|0.000739|0.000707|0.000704|0.003535|0.000034|0.000030|0.000034|0.000149|0.000429|0.000421|0.000411|0.002076|0.000191|0.000184|0.000186|0.000890|0.000292|0.000285|0.000280|0.001431|0.000013|0.000012|0.000013|0.000058|0.000703|0.000886|0.000818|0.003003|0.000311|0.000393|0.000370|0.001300|0.000470|0.000597|0.000552|0.002044|0.000021|0.000024|0.000025|0.000085|0.000279|0.000355|0.000324|0.001209|0.000122|0.000155|0.000145|0.000514|0.000186|0.000241|0.000221|0.000827|0.000008|0.000009|0.000010|0.000033|0.023758|0.021963|0.022101|0.114649|0.010699|0.009741|0.010125|0.050195|0.016155|0.014728|0.014874|0.078593|0.000754|0.000622|0.000728|0.003296|0.009377|0.008803|0.008694|0.046244|0.004187|0.003845|0.003956|0.019869|0.006385|0.005939|0.005898|0.031818|0.000294|0.000243|0.000285|0.001285|0.014695|0.017881|0.016647|0.064474|0.006509|0.007925|0.007539|0.027993|0.009819|0.012015|0.011214|0.043786|0.000439|0.000490|0.000512|0.001815|0.005835|0.007168|0.006584|0.025958|0.002554|0.003129|0.002956|0.011076|0.003895|0.004850|0.004477|0.017711|0.000171|0.000191|0.000200|0.000708|0.001790|0.001669|0.001675|0.008606|0.000806|0.000740|0.000767|0.003766|0.001217|0.001120|0.001128|0.005902|0.000057|0.000047|0.000055|0.000248|0.000706|0.000669|0.000659|0.003471|0.000315|0.000292|0.000300|0.001491|0.000481|0.000452|0.000448|0.002389|0.000022|0.000018|0.000022|0.000097|0.001117|0.001369|0.001272|0.004875|0.000495|0.000607|0.000576|0.002115|0.000746|0.000920|0.000858|0.003312|0.000033|0.000038|0.000039|0.000137|0.000444|0.000549|0.000503|0.001963|0.000194|0.000240|0.000226|0.000837|0.000296|0.000372|0.000342|0.001340|0.000013|0.000015|0.000015|0.000054,0.001086|0.001050|0.001042|0.005147|0.000488|0.000465|0.000476|0.002247|0.000739|0.000707|0.000704|0.003535|0.000034|0.000030|0.000034|0.000149|0.000429|0.000421|0.000411|0.002076|0.000191|0.000184|0.000186|0.000890|0.000292|0.000285|0.000280|0.001431|0.000013|0.000012|0.000013|0.000058|0.000703|0.000886|0.000818|0.003003|0.000311|0.000393|0.000370|0.001300|0.000470|0.000597|0.000552|0.002044|0.000021|0.000024|0.000025|0.000085|0.000279|0.000355|0.000324|0.001209|0.000122|0.000155|0.000145|0.000514|0.000186|0.000241|0.000221|0.000827|0.000008|0.000009|0.000010|0.000033|0.023758|0.021963|0.022101|0.114649|0.010699|0.009741|0.010125|0.050195|0.016155|0.014728|0.014874|0.078593|0.000754|0.000622|0.000728|0.003296|0.009377|0.008803|0.008694|0.046244|0.004187|0.003845|0.003956|0.019869|0.006385|0.005939|0.005898|0.031818|0.000294|0.000243|0.000285|0.001285|0.014695|0.017881|0.016647|0.064474|0.006509|0.007925|0.007539|0.027993|0.009819|0.012015|0.011214|0.043786|0.000439|0.000490|0.000512|0.001815|0.005835|0.007168|0.006584|0.025958|0.002554|0.003129|0.002956|0.011076|0.003895|0.004850|0.004477|0.017711|0.000171|0.000191|0.000200|0.000708|0.001790|0.001669|0.001675|0.008606|0.000806|0.000740|0.000767|0.003766|0.001217|0.001120|0.001128|0.005902|0.000057|0.000047|0.000055|0.000248|0.000706|0.000669|0.000659|0.003471|0.000315|0.000292|0.000300|0.001491|0.000481|0.000452|0.000448|0.002389|0.000022|0.000018|0.000022|0.000097|0.001117|0.001369|0.001272|0.004875|0.000495|0.000607|0.000576|0.002115|0.000746|0.000920|0.000858|0.003312|0.000033|0.000038|0.000039|0.000137|0.000444|0.000549|0.000503|0.001963|0.000194|0.000240|0.000226|0.000837|0.000296|0.000372|0.000342|0.001340|0.000013|0.000015|0.000015|0.000054,1.1969680006346552e-16
7500,consciousness|ggtp|fibrosis|phosphatase|vh_amn,70,23,0.0012116432189941406,0.0011677742004394531,1.0375663536137198,0.049497|0.011270|0.017895|0.002919|0.032968|0.006186|0.002479|0.001196|0.000272|0.000129|0.001167|0.000556|0.052065|0.011026|0.018912|0.003054|0.034403|0.006204|0.002214|0.001062|0.000261|0.000123|0.001069|0.000506|0.049700|0.011378|0.018196|0.002968|0.032940|0.006201|0.002773|0.001335|0.000318|0.000151|0.001315|0.000627|0.235918|0.052115|0.083168|0.013511|0.153666|0.028495|0.010121|0.004886|0.001217|0.000577|0.004903|0.002336|0.001206|0.000272|0.000436|0.000071|0.000810|0.000151|0.000064|0.000031|0.000007|0.000003|0.000032|0.000015|0.001416|0.000302|0.000513|0.000083|0.000937|0.000170|0.000060|0.000029|0.000007|0.000003|0.000030|0.000014|0.001313|0.000298|0.000481|0.000078|0.000873|0.000164|0.000074|0.000035|0.000009|0.000004|0.000037|0.000017|0.005433|0.001204|0.001905|0.000310|0.003564|0.000661|0.000259|0.000125|0.000031|0.000015|0.000132|0.000063,0.049497|0.011270|0.017895|0.002919|0.032968|0.006186|0.002479|0.001196|0.000272|0.000129|0.001167|0.000556|0.052065|0.011026|0.018912|0.003054|0.034403|0.006204|0.002214|0.001062|0.000261|0.000123|0.001069|0.000506|0.049700|0.011378|0.018196|0.002968|0.032940|0.006201|0.002773|0.001335|0.000318|0.000151|0.001315|0.000627|0.235918|0.052115|0.083168|0.013511|0.153666|0.028495|0.010121|0.004886|0.001217|0.000577|0.004903|0.002336|0.001206|0.000272|0.000436|0.000071|0.000810|0.000151|0.000064|0.000031|0.000007|0.000003|0.000032|0.000015|0.001416|0.000302|0.000513|0.000083|0.000937|0.000170|0.000060|0.000029|0.000007|0.000003|0.000030|0.000014|0.001313|0.000298|0.000481|0.000078|0.000873|0.000164|0.000074|0.000035|0.000009|0.000004|0.000037|0.000017|0.005433|0.001204|0.001905|0.000310|0.003564|0.000661|0.000259|0.000125|0.000031|0.000015|0.000132|0.000063,-9.554944456756183e-17
7500,consciousness|alcoholism|sex|Cirrhosis|fatigue,70,21,0.0009462833404541016,0.0009114742279052734,1.0381899032173685,0.211345|0.257344|0.004338|0.005898|0.009527|0.013069|0.142947|0.174059|0.002926|0.003978|0.006415|0.008799|0.030462|0.038241|0.001624|0.002126|0.003652|0.004805|0.020604|0.025865|0.001096|0.001434|0.002459|0.003235|0.005530|0.006733|0.000071|0.000096|0.000311|0.000426|0.003007|0.003661|0.000041|0.000056|0.000206|0.000283|0.000797|0.001001|0.000027|0.000035|0.000119|0.000157|0.000433|0.000544|0.000015|0.000020|0.000079|0.000104,0.211345|0.257344|0.004338|0.005898|0.009527|0.013069|0.142947|0.174059|0.002926|0.003978|0.006415|0.008799|0.030462|0.038241|0.001624|0.002126|0.003652|0.004805|0.020604|0.025865|0.001096|0.001434|0.002459|0.003235|0.005530|0.006733|0.000071|0.000096|0.000311|0.000426|0.003007|0.003661|0.000041|0.000056|0.000206|0.000283|0.000797|0.001001|0.000027|0.000035|0.000119|0.000157|0.000433|0.000544|0.000015|0.000020|0.000079|0.000104,0.0
7500,pain|bilirubin|fat|ast|hepatalgia,70,26,0.0013606548309326172,0.0013561248779296875,1.0033403656821378,0.017271|0.005064|0.007519|0.002202|0.011563|0.003400|0.000472|0.000138|0.005911|0.001735|0.002582|0.000757|0.003953|0.001163|0.000161|0.000047|0.133241|0.038646|0.058833|0.017044|0.090968|0.026488|0.003954|0.001145|0.046824|0.013591|0.020656|0.005989|0.031977|0.009317|0.001396|0.000405|0.052124|0.014535|0.022705|0.006296|0.035247|0.009890|0.001442|0.000403|0.018669|0.005195|0.008142|0.002253|0.012629|0.003537|0.000513|0.000143|0.004041|0.001147|0.001807|0.000512|0.002664|0.000760|0.000125|0.000036|0.001207|0.000345|0.000536|0.000153|0.000795|0.000228|0.000039|0.000011|0.004209|0.001234|0.001816|0.000532|0.002817|0.000828|0.000116|0.000034|0.001437|0.000422|0.000623|0.000182|0.000961|0.000283|0.000039|0.000011|0.041733|0.012092|0.018451|0.005340|0.028490|0.008286|0.001229|0.000356|0.014634|0.004244|0.006464|0.001873|0.009994|0.002909|0.000434|0.000126|0.013952|0.003838|0.006059|0.001655|0.009410|0.002605|0.000389|0.000107|0.005027|0.001380|0.002187|0.000596|0.003392|0.000937|0.000139|0.000038|0.000999|0.000282|0.000445|0.000125|0.000661|0.000188|0.000032|0.000009|0.000294|0.000084|0.000130|0.000037|0.000194|0.000056|0.000010|0.000003,0.017271|0.005064|0.007519|0.002202|0.011563|0.003400|0.000472|0.000138|0.005911|0.001735|0.002582|0.000757|0.003953|0.001163|0.000161|0.000047|0.133241|0.038646|0.058833|0.017044|0.090968|0.026488|0.003954|0.001145|0.046824|0.013591|0.020656|0.005989|0.031977|0.009317|0.001396|0.000405|0.052124|0.014535|0.022705|0.006296|0.035247|0.009890|0.001442|0.000403|0.018669|0.005195|0.008142|0.002253|0.012629|0.003537|0.000513|0.000143|0.004041|0.001147|0.001807|0.000512|0.002664|0.000760|0.000125|0.000036|0.001207|0.000345|0.000536|0.000153|0.000795|0.000228|0.000039|0.000011|0.004209|0.001234|0.001816|0.000532|0.002817|0.000828|0.000116|0.000034|0.001437|0.000422|0.000623|0.000182|0.000961|0.000283|0.000039|0.000011|0.041733|0.012092|0.018451|0.005340|0.028490|0.008286|0.001229|0.000356|0.014634|0.004244|0.006464|0.001873|0.009994|0.002909|0.000434|0.000126|0.013952|0.003838|0.006059|0.001655|0.009410|0.002605|0.000389|0.000107|0.005027|0.001380|0.002187|0.000596|0.003392|0.000937|0.000139|0.000038|0.000999|0.000282|0.000445|0.000125|0.000661|0.000188|0.000032|0.000009|0.000294|0.000084|0.000130|0.000037|0.000194|0.000056|0.000010|0.000003,-6.566569162367237e-17
7500,fatigue|ggtp|RHepatitis|Cirrhosis|obesity,70,21,0.0010476112365722656,0.0010297298431396484,1.0173651308173188,0.049969|0.003364|0.001168|0.000152|0.002615|0.000345|0.000713|0.000045|0.000007|0.000001|0.000014|0.000002|0.051441|0.003468|0.001146|0.000154|0.002562|0.000351|0.001023|0.000069|0.000026|0.000003|0.000059|0.000007|0.051424|0.003386|0.001030|0.000124|0.002313|0.000283|0.000380|0.000029|0.000020|0.000003|0.000047|0.000007|0.228662|0.015537|0.005400|0.000740|0.012103|0.001685|0.005261|0.000356|0.000148|0.000018|0.000335|0.000041|0.059755|0.004027|0.001583|0.000195|0.003576|0.000445|0.001521|0.000096|0.000011|0.000001|0.000023|0.000003|0.061910|0.004181|0.001551|0.000198|0.003496|0.000453|0.002063|0.000139|0.000046|0.000006|0.000101|0.000013|0.061945|0.004087|0.001448|0.000165|0.003288|0.000380|0.000749|0.000056|0.000032|0.000005|0.000076|0.000012|0.276524|0.018784|0.007175|0.000933|0.016211|0.002138|0.010875|0.000736|0.000261|0.000034|0.000584|0.000078,0.049969|0.003364|0.001168|0.000152|0.002615|0.000345|0.000713|0.000045|0.000007|0.000001|0.000014|0.000002|0.051441|0.003468|0.001146|0.000154|0.002562|0.000351|0.001023|0.000069|0.000026|0.000003|0.000059|0.000007|0.051424|0.003386|0.001030|0.000124|0.002313|0.000283|0.000380|0.000029|0.000020|0.000003|0.000047|0.000007|0.228662|0.015537|0.005400|0.000740|0.012103|0.001685|0.005261|0.000356|0.000148|0.000018|0.000335|0.000041|0.059755|0.004027|0.001583|0.000195|0.003576|0.000445|0.001521|0.000096|0.000011|0.000001|0.000023|0.000003|0.061910|0.004181|0.001551|0.000198|0.003496|0.000453|0.002063|0.000139|0.000046|0.000006|0.000101|0.000013|0.061945|0.004087|0.001448|0.000165|0.003288|0.000380|0.000749|0.000056|0.000032|0.000005|0.000076|0.000012|0.276524|0.018784|0.007175|0.000933|0.016211|0.002138|0.010875|0.000736|0.000261|0.000034|0.000584|0.000078,4.2511077623180175e-16
7500,bilirubin|vh_amn|hbeag|upper_pain|sex,70,20,0.0009477138519287109,0.0009186267852783203,1.0316636387230729,0.032384|0.007845|0.020519|0.004982|0.000162|0.000038|0.000103|0.000025|0.006513|0.001682|0.004132|0.001075|0.000012|0.000003|0.000007|0.000002|0.174211|0.156350|0.109655|0.098668|0.001087|0.000958|0.000683|0.000603|0.037507|0.032832|0.023596|0.020694|0.000096|0.000080|0.000060|0.000050|0.087891|0.036893|0.055214|0.022985|0.000478|0.000178|0.000301|0.000112|0.017735|0.007636|0.011155|0.004775|0.000036|0.000014|0.000023|0.000009|0.007032|0.001830|0.004594|0.001220|0.000032|0.000009|0.000021|0.000006|0.001512|0.000428|0.000981|0.000284|0.000003|0.000001|0.000002|0.000001,0.032384|0.007845|0.020519|0.004982|0.000162|0.000038|0.000103|0.000025|0.006513|0.001682|0.004132|0.001075|0.000012|0.000003|0.000007|0.000002|0.174211|0.156350|0.109655|0.098668|0.001087|0.000958|0.000683|0.000603|0.037507|0.032832|0.023596|0.020694|0.000096|0.000080|0.000060|0.000050|0.087891|0.036893|0.055214|0.022985|0.000478|0.000178|0.000301|0.000112|0.017735|0.007636|0.011155|0.004775|0.000036|0.000014|0.000023|0.000009|0.007032|0.001830|0.004594|0.001220|0.000032|0.000009|0.000021|0.000006|0.001512|0.000428|0.000981|0.000284|0.000003|0.000001|0.000002|0.000001,4.060912847707824e-17
7500,skin|edge|hbeag|fatigue|spiders,70,26,0.0012714862823486328,0.0012509822845458984,1.0163903182771108,0.163731|0.038319|0.200584|0.047242|0.000869|0.000203|0.001109|0.000261|0.054996|0.017739|0.068053|0.022648|0.000291|0.000093|0.000374|0.000122|0.100223|0.023788|0.122605|0.029307|0.000480|0.000114|0.000609|0.000145|0.034691|0.012264|0.042938|0.015680|0.000167|0.000060|0.000214|0.000079,0.163731|0.038319|0.200584|0.047242|0.000869|0.000203|0.001109|0.000261|0.054996|0.017739|0.068053|0.022648|0.000291|0.000093|0.000374|0.000122|0.100223|0.023788|0.122605|0.029307|0.000480|0.000114|0.000609|0.000145|0.034691|0.012264|0.042938|0.015680|0.000167|0.000060|0.000214|0.000079,0.0
7500,spiders|joints|upper_pain|age|alt,70,23,0.0009961128234863281,0.0009720325469970703,1.0247731174883492,0.009476|0.020756|0.002701|0.024210|0.027878|0.061062|0.007947|0.071222|0.028578|0.062594|0.008146|0.073009|0.005610|0.012288|0.001599|0.014333|0.005971|0.013078|0.001702|0.015255|0.017566|0.038473|0.005007|0.044878|0.018006|0.039438|0.005132|0.046004|0.003535|0.007742|0.001008|0.009031|0.001094|0.002396|0.000312|0.002795|0.003521|0.007712|0.001004|0.008995|0.003670|0.008039|0.001046|0.009377|0.000738|0.001617|0.000210|0.001886|0.000689|0.001510|0.000196|0.001761|0.002219|0.004859|0.000632|0.005668|0.002313|0.005065|0.000659|0.005908|0.000465|0.001019|0.000133|0.001189|0.002391|0.005553|0.000683|0.006386|0.007035|0.016337|0.002011|0.018786|0.007211|0.016747|0.002061|0.019257|0.001416|0.003288|0.000405|0.003781|0.001507|0.003499|0.000431|0.004023|0.004432|0.010293|0.001267|0.011837|0.004543|0.010551|0.001298|0.012134|0.000892|0.002071|0.000255|0.002382|0.000276|0.000641|0.000079|0.000737|0.000888|0.002063|0.000254|0.002373|0.000926|0.002151|0.000265|0.002473|0.000186|0.000433|0.000053|0.000498|0.000174|0.000404|0.000050|0.000464|0.000560|0.001300|0.000160|0.001495|0.000584|0.001355|0.000167|0.001558|0.000117|0.000273|0.000034|0.000313,0.009476|0.020756|0.002701|0.024210|0.027878|0.061062|0.007947|0.071222|0.028578|0.062594|0.008146|0.073009|0.005610|0.012288|0.001599|0.014333|0.005971|0.013078|0.001702|0.015255|0.017566|0.038473|0.005007|0.044878|0.018006|0.039438|0.005132|0.046004|0.003535|0.007742|0.001008|0.009031|0.001094|0.002396|0.000312|0.002795|0.003521|0.007712|0.001004|0.008995|0.003670|0.008039|0.001046|0.009377|0.000738|0.001617|0.000210|0.001886|0.000689|0.001510|0.000196|0.001761|0.002219|0.004859|0.000632|0.005668|0.002313|0.005065|0.000659|0.005908|0.000465|0.001019|0.000133|0.001189|0.002391|0.005553|0.000683|0.006386|0.007035|0.016337|0.002011|0.018786|0.007211|0.016747|0.002061|0.019257|0.001416|0.003288|0.000405|0.003781|0.001507|0.003499|0.000431|0.004023|0.004432|0.010293|0.001267|0.011837|0.004543|0.010551|0.001298|0.012134|0.000892|0.002071|0.000255|0.002382|0.000276|0.000641|0.000079|0.000737|0.000888|0.002063|0.000254|0.002373|0.000926|0.002151|0.000265|0.002473|0.000186|0.000433|0.000053|0.000498|0.000174|0.000404|0.000050|0.000464|0.000560|0.001300|0.000160|0.001495|0.000584|0.001355|0.000167|0.001558|0.000117|0.000273|0.000034|0.000313,-2.0547907900717702e-17
7500,urea|platelet|amylase|edema|injections,70,21,0.0009236335754394531,0.0009415149688720703,0.98100785008863,0.000039|0.000026|0.000007|0.000005|0.003214|0.002105|0.000576|0.000367|0.000069|0.000049|0.000012|0.000008|0.000173|0.000117|0.000029|0.000019|0.014198|0.009383|0.002362|0.001535|0.000303|0.000217|0.000050|0.000036|0.000022|0.000015|0.000004|0.000002|0.001781|0.001180|0.000290|0.000190|0.000038|0.000027|0.000006|0.000004|0.000017|0.000011|0.000004|0.000002|0.001412|0.000913|0.000289|0.000179|0.000030|0.000021|0.000006|0.000004|0.000839|0.000564|0.000147|0.000096|0.069021|0.045223|0.012106|0.007737|0.001475|0.001046|0.000259|0.000179|0.003744|0.002539|0.000614|0.000411|0.308115|0.203687|0.050573|0.032945|0.006583|0.004711|0.001081|0.000762|0.000475|0.000323|0.000076|0.000051|0.039057|0.025892|0.006285|0.004120|0.000835|0.000599|0.000134|0.000095|0.000351|0.000233|0.000070|0.000045|0.028905|0.018692|0.005781|0.003586|0.000618|0.000432|0.000124|0.000083|0.000063|0.000043|0.000011|0.000007|0.005218|0.003419|0.000919|0.000587|0.000112|0.000079|0.000020|0.000014|0.000282|0.000192|0.000046|0.000031|0.023247|0.015367|0.003826|0.002491|0.000497|0.000355|0.000082|0.000058|0.000036|0.000024|0.000006|0.000004|0.002941|0.001949|0.000474|0.000311|0.000063|0.000045|0.000010|0.000007|0.000027|0.000018|0.000005|0.000003|0.002207|0.001427|0.000443|0.000275|0.000047|0.000033|0.000009|0.000006,0.000039|0.000026|0.000007|0.000005|0.003214|0.002105|0.000576|0.000367|0.000069|0.000049|0.000012|0.000008|0.000173|0.000117|0.000029|0.000019|0.014198|0.009383|0.002362|0.001535|0.000303|0.000217|0.000050|0.000036|0.000022|0.000015|0.000004|0.000002|0.001781|0.001180|0.000290|0.000190|0.000038|0.000027|0.000006|0.000004|0.000017|0.000011|0.000004|0.000002|0.001412|0.000913|0.000289|0.000179|0.000030|0.000021|0.000006|0.000004|0.000839|0.000564|0.000147|0.000096|0.069021|0.045223|0.012106|0.007737|0.001475|0.001046|0.000259|0.000179|0.003744|0.002539|0.000614|0.000411|0.308115|0.203687|0.050573|0.032945|0.006583|0.004711|0.001081|0.000762|0.000475|0.000323|0.000076|0.000051|0.039057|0.025892|0.006285|0.004120|0.000835|0.000599|0.000134|0.000095|0.000351|0.000233|0.000070|0.000045|0.028905|0.018692|0.005781|0.003586|0.000618|0.000432|0.000124|0.000083|0.000063|0.000043|0.000011|0.000007|0.005218|0.003419|0.000919|0.000587|0.000112|0.000079|0.000020|0.000014|0.000282|0.000192|0.000046|0.000031|0.023247|0.015367|0.003826|0.002491|0.000497|0.000355|0.000082|0.000058|0.000036|0.000024|0.000006|0.000004|0.002941|0.001949|0.000474|0.000311|0.000063|0.000045|0.000010|0.000007|0.000027|0.000018|0.000005|0.000003|0.002207|0.001427|0.000443|0.000275|0.000047|0.000033|0.000009|0.000006,0.0
7500,le_cells|PBC|anorexia|nausea|hepatotoxic,70,10,0.00045228004455566406,0.0005013942718505859,0.9020446980504042,0.277550|0.023889|0.111670|0.009427|0.107961|0.009431|0.042676|0.003688|0.162455|0.013982|0.065363|0.005518|0.063192|0.005520|0.024979|0.002159|0.011991|0.001032|0.004824|0.000407|0.004664|0.000407|0.001844|0.000159|0.021404|0.001842|0.008612|0.000727|0.008326|0.000727|0.003291|0.000284,0.277550|0.023889|0.111670|0.009427|0.107961|0.009431|0.042676|0.003688|0.162455|0.013982|0.065363|0.005518|0.063192|0.005520|0.024979|0.002159|0.011991|0.001032|0.004824|0.000407|0.004664|0.000407|0.001844|0.000159|0.021404|0.001842|0.008612|0.000727|0.008326|0.000727|0.003291|0.000284,0.0
7500,skin|ChHepatitis|choledocholithotomy|spleen|transfusion,70,23,0.0010764598846435547,0.001050710678100586,1.0245064669843431,0.322915|0.063286|0.039686|0.007778|0.052297|0.009460|0.006456|0.001168|0.047730|0.009219|0.009834|0.001899|0.006656|0.001080|0.001304|0.000212|0.021646|0.006593|0.002829|0.000862|0.002568|0.000739|0.000325|0.000094|0.201314|0.039454|0.026131|0.005121|0.033195|0.006005|0.004278|0.000774|0.029472|0.005692|0.006516|0.001258|0.004859|0.000788|0.001135|0.000184|0.009887|0.003012|0.001431|0.000436|0.001640|0.000472|0.000243|0.000070,0.322915|0.063286|0.039686|0.007778|0.052297|0.009460|0.006456|0.001168|0.047730|0.009219|0.009834|0.001899|0.006656|0.001080|0.001304|0.000212|0.021646|0.006593|0.002829|0.000862|0.002568|0.000739|0.000325|0.000094|0.201314|0.039454|0.026131|0.005121|0.033195|0.006005|0.004278|0.000774|0.029472|0.005692|0.006516|0.001258|0.004859|0.000788|0.001135|0.000184|0.009887|0.003012|0.001431|0.000436|0.001640|0.000472|0.000243|0.000070,0.0
7500,vh_amn|ChHepatitis|phosphatase|ascites|hepatotoxic,70,18,0.0008554458618164062,0.0008449554443359375,1.012415349887133,0.261591|0.021993|0.042654|0.003586|0.109663|0.009658|0.017913|0.001578|0.190280|0.016648|0.030997|0.002712|0.048767|0.004214|0.007880|0.000681|0.003232|0.000267|0.000513|0.000042|0.016544|0.001415|0.002649|0.000226|0.018383|0.001589|0.002996|0.000259|0.000603|0.000052|0.000097|0.000008|0.005850|0.000495|0.000951|0.000081|0.040586|0.003412|0.006618|0.000556|0.017014|0.001499|0.002779|0.000245|0.029522|0.002583|0.004809|0.000421|0.023364|0.002019|0.003775|0.000326|0.001548|0.000128|0.000246|0.000020|0.007926|0.000678|0.001269|0.000109|0.012591|0.001088|0.002052|0.000177|0.000413|0.000036|0.000066|0.000006|0.004006|0.000339|0.000652|0.000055,0.261591|0.021993|0.042654|0.003586|0.109663|0.009658|0.017913|0.001578|0.190280|0.016648|0.030997|0.002712|0.048767|0.004214|0.007880|0.000681|0.003232|0.000267|0.000513|0.000042|0.016544|0.001415|0.002649|0.000226|0.018383|0.001589|0.002996|0.000259|0.000603|0.000052|0.000097|0.000008|0.005850|0.000495|0.000951|0.000081|0.040586|0.003412|0.006618|0.000556|0.017014|0.001499|0.002779|0.000245|0.029522|0.002583|0.004809|0.000421|0.023364|0.002019|0.003775|0.000326|0.001548|0.000128|0.000246|0.000020|0.007926|0.000678|0.001269|0.000109|0.012591|0.001088|0.002052|0.000177|0.000413|0.000036|0.000066|0.000006|0.004006|0.000339|0.000652|0.000055,8.331982608164515e-17
7500,itching|triglycerides|Cirrhosis|fatigue|hbc_anti,70,25,0.0012156963348388672,0.0011508464813232422,1.0563496996063808,0.007030|0.000749|0.008626|0.000905|0.000568|0.000058|0.000722|0.000072|0.001229|0.000125|0.001571|0.000156|0.203196|0.021659|0.248771|0.026127|0.004115|0.000377|0.005657|0.000499|0.008706|0.000785|0.012093|0.001051|0.008104|0.000863|0.009941|0.001043|0.000613|0.000063|0.000781|0.000078|0.001327|0.000135|0.001699|0.000168|0.005048|0.000539|0.006190|0.000651|0.000429|0.000044|0.000544|0.000055|0.001061|0.000109|0.001350|0.000135|0.145904|0.015593|0.178509|0.018800|0.003075|0.000284|0.004215|0.000375|0.007357|0.000670|0.010156|0.000892|0.005819|0.000621|0.007134|0.000751|0.000463|0.000048|0.000588|0.000059|0.001145|0.000117|0.001460|0.000146,0.007030|0.000749|0.008626|0.000905|0.000568|0.000058|0.000722|0.000072|0.001229|0.000125|0.001571|0.000156|0.203196|0.021659|0.248771|0.026127|0.004115|0.000377|0.005657|0.000499|0.008706|0.000785|0.012093|0.001051|0.008104|0.000863|0.009941|0.001043|0.000613|0.000063|0.000781|0.000078|0.001327|0.000135|0.001699|0.000168|0.005048|0.000539|0.006190|0.000651|0.000429|0.000044|0.000544|0.000055|0.001061|0.000109|0.001350|0.000135|0.145904|0.015593|0.178509|0.018800|0.003075|0.000284|0.004215|0.000375|0.007357|0.000670|0.010156|0.000892|0.005819|0.000621|0.007134|0.000751|0.000463|0.000048|0.000588|0.000059|0.001145|0.000117|0.001460|0.000146,5.189584583956951e-17
7500,anorexia|fatigue|Steatosis|skin|alcohol,70,25,0.0011518001556396484,0.0012135505676269531,0.9491159135559921,0.160752|0.019352|0.098470|0.011906|0.015710|0.002713|0.011079|0.002006|0.198785|0.024083|0.121716|0.014826|0.019613|0.003393|0.013789|0.002500|0.062944|0.007576|0.038557|0.004661|0.006135|0.001059|0.004327|0.000784|0.076448|0.009264|0.046809|0.005703|0.007507|0.001299|0.005277|0.000957,0.160752|0.019352|0.098470|0.011906|0.015710|0.002713|0.011079|0.002006|0.198785|0.024083|0.121716|0.014826|0.019613|0.003393|0.013789|0.002500|0.062944|0.007576|0.038557|0.004661|0.006135|0.001059|0.004327|0.000784|0.076448|0.009264|0.046809|0.005703|0.007507|0.001299|0.005277|0.000957,7.270099430865354e-17
7500,spleen|jaundice|PBC|fatigue|ast,70,25,0.0012993812561035156,0.0013072490692138672,0.9939813970454131,0.086296|0.039081|0.058481|0.002439|0.106038|0.046897|0.072513|0.003161|0.047728|0.021552|0.032390|0.001365|0.058750|0.025911|0.040235|0.001776|0.025662|0.011554|0.017329|0.000728|0.031626|0.013913|0.021543|0.000950|0.023366|0.010602|0.015750|0.000646|0.028667|0.012704|0.019491|0.000835|0.011750|0.004681|0.007953|0.000317|0.014860|0.005748|0.010098|0.000428|0.006622|0.002610|0.004489|0.000180|0.008395|0.003215|0.005713|0.000244|0.003709|0.001432|0.002513|0.000099|0.004711|0.001770|0.003203|0.000136|0.003194|0.001272|0.002157|0.000084|0.004032|0.001560|0.002734|0.000113,0.086296|0.039081|0.058481|0.002439|0.106038|0.046897|0.072513|0.003161|0.047728|0.021552|0.032390|0.001365|0.058750|0.025911|0.040235|0.001776|0.025662|0.011554|0.017329|0.000728|0.031626|0.013913|0.021543|0.000950|0.023366|0.010602|0.015750|0.000646|0.028667|0.012704|0.019491|0.000835|0.011750|0.004681|0.007953|0.000317|0.014860|0.005748|0.010098|0.000428|0.006622|0.002610|0.004489|0.000180|0.008395|0.003215|0.005713|0.000244|0.003709|0.001432|0.002513|0.000099|0.004711|0.001770|0.003203|0.000136|0.003194|0.001272|0.002157|0.000084|0.004032|0.001560|0.002734|0.000113,5.520557744600037e-17
7500,albumin|choledocholithotomy|consciousness|gallstones|bilirubin,70,21,0.0010042190551757812,0.000988006591796875,1.0164092664092663,0.006230|0.056301|0.021135|0.000964|0.000478|0.003397|0.000903|0.000273|0.000179|0.001275|0.000553|0.000028|0.000013|0.000075|0.000026|0.000007|0.000234|0.002099|0.000793|0.000036|0.001037|0.007397|0.001953|0.000598|0.000007|0.000048|0.000021|0.000001|0.000029|0.000163|0.000056|0.000016|0.008089|0.072102|0.027780|0.001253|0.000639|0.004370|0.001168|0.000343|0.000235|0.001653|0.000737|0.000037|0.000018|0.000097|0.000034|0.000009|0.000303|0.002687|0.001041|0.000046|0.001385|0.009509|0.002522|0.000750|0.000009|0.000062|0.000028|0.000001|0.000040|0.000212|0.000073|0.000020|0.045165|0.395242|0.154529|0.007177|0.003807|0.023520|0.006805|0.001808|0.001295|0.009059|0.004108|0.000207|0.000107|0.000528|0.000192|0.000048|0.001691|0.014699|0.005783|0.000265|0.008212|0.051150|0.014627|0.003953|0.000048|0.000337|0.000154|0.000008|0.000232|0.001147|0.000414|0.000106,0.006230|0.056301|0.021135|0.000964|0.000478|0.003397|0.000903|0.000273|0.000179|0.001275|0.000553|0.000028|0.000013|0.000075|0.000026|0.000007|0.000234|0.002099|0.000793|0.000036|0.001037|0.007397|0.001953|0.000598|0.000007|0.000048|0.000021|0.000001|0.000029|0.000163|0.000056|0.000016|0.008089|0.072102|0.027780|0.001253|0.000639|0.004370|0.001168|0.000343|0.000235|0.001653|0.000737|0.000037|0.000018|0.000097|0.000034|0.000009|0.000303|0.002687|0.001041|0.000046|0.001385|0.009509|0.002522|0.000750|0.000009|0.000062|0.000028|0.000001|0.000040|0.000212|0.000073|0.000020|0.045165|0.395242|0.154529|0.007177|0.003807|0.023520|0.006805|0.001808|0.001295|0.009059|0.004108|0.000207|0.000107|0.000528|0.000192|0.000048|0.001691|0.014699|0.005783|0.000265|0.008212|0.051150|0.014627|0.003953|0.000048|0.000337|0.000154|0.000008|0.000232|0.001147|0.000414|0.000106,1.0194829609992944e-16
7500,hospital|pain_ruq|spiders|sex|spleen,70,21,0.0009627342224121094,0.0009219646453857422,1.0442203258339797,0.112715|0.013874|0.076435|0.009403|0.027939|0.005279|0.018938|0.003573|0.081121|0.010179|0.054014|0.006784|0.020422|0.004066|0.013608|0.002717|0.132351|0.016078|0.089752|0.010897|0.032463|0.005904|0.022004|0.003995|0.095250|0.011798|0.063421|0.007863|0.023732|0.004563|0.015814|0.003049,0.112715|0.013874|0.076435|0.009403|0.027939|0.005279|0.018938|0.003573|0.081121|0.010179|0.054014|0.006784|0.020422|0.004066|0.013608|0.002717|0.132351|0.016078|0.089752|0.010897|0.032463|0.005904|0.022004|0.003995|0.095250|0.011798|0.063421|0.007863|0.023732|0.004563|0.015814|0.003049,8.293519314432463e-17
7500,edge|itching|density|hbc_anti|gallstones,70,23,0.0011074542999267578,0.0011706352233886719,0.9460285132382892,0.200187|0.035614|0.021050|0.003778|0.125601|0.022322|0.013207|0.002368|0.142517|0.026920|0.015038|0.002846|0.089867|0.016995|0.009483|0.001797|0.073533|0.012988|0.007554|0.001351|0.046326|0.008177|0.004757|0.000850|0.053636|0.010135|0.005524|0.001044|0.033958|0.006420|0.003496|0.000661,0.200187|0.035614|0.021050|0.003778|0.125601|0.022322|0.013207|0.002368|0.142517|0.026920|0.015038|0.002846|0.089867|0.016995|0.009483|0.001797|0.073533|0.012988|0.007554|0.001351|0.046326|0.008177|0.004757|0.000850|0.053636|0.010135|0.005524|0.001044|0.033958|0.006420|0.003496|0.000661,0.0
7500,fat|edema|hbsag|amylase|RHepatitis,70,18,0.0008513927459716797,0.0008175373077392578,1.041411490230388,0.006706|0.000180|0.541263|0.014525|0.012296|0.000330|0.000685|0.000018|0.055414|0.001487|0.001251|0.000034|0.001111|0.000030|0.089645|0.002406|0.002036|0.000055|0.000122|0.000003|0.009909|0.000266|0.000223|0.000006|0.002279|0.000061|0.190662|0.005116|0.003865|0.000104|0.000234|0.000006|0.019561|0.000525|0.000395|0.000011|0.000378|0.000010|0.031581|0.000847|0.000640|0.000017|0.000042|0.000001|0.003499|0.000094|0.000071|0.000002,0.006706|0.000180|0.541263|0.014525|0.012296|0.000330|0.000685|0.000018|0.055414|0.001487|0.001251|0.000034|0.001111|0.000030|0.089645|0.002406|0.002036|0.000055|0.000122|0.000003|0.009909|0.000266|0.000223|0.000006|0.002279|0.000061|0.190662|0.005116|0.003865|0.000104|0.000234|0.000006|0.019561|0.000525|0.000395|0.000011|0.000378|0.000010|0.031581|0.000847|0.000640|0.000017|0.000042|0.000001|0.003499|0.000094|0.000071|0.000002,1.8381263504371612e-17
7500,spleen|Hyperbilirubinemia|PBC|albumin|pain_ruq,70,22,0.0010726451873779297,0.0009810924530029297,1.0933171324422843,0.030792|0.022804|0.039266|0.029132|0.211642|0.157885|0.020730|0.015352|0.026435|0.019612|0.142483|0.106292|0.003677|0.001415|0.004681|0.001816|0.025106|0.009997|0.000855|0.000329|0.001089|0.000423|0.005840|0.002326|0.003325|0.002468|0.004715|0.003551|0.029953|0.023027|0.002238|0.001662|0.003174|0.002390|0.020165|0.015502|0.000396|0.000154|0.000555|0.000231|0.003455|0.001578|0.000092|0.000036|0.000129|0.000054|0.000804|0.000367,0.030792|0.022804|0.039266|0.029132|0.211642|0.157885|0.020730|0.015352|0.026435|0.019612|0.142483|0.106292|0.003677|0.001415|0.004681|0.001816|0.025106|0.009997|0.000855|0.000329|0.001089|0.000423|0.005840|0.002326|0.003325|0.002468|0.004715|0.003551|0.029953|0.023027|0.002238|0.001662|0.003174|0.002390|0.020165|0.015502|0.000396|0.000154|0.000555|0.000231|0.003455|0.001578|0.000092|0.000036|0.000129|0.000054|0.000804|0.000367,0.0
7500,alcoholism|density|upper_pain|Cirrhosis|ama,70,20,0.0008754730224609375,0.0008947849273681641,0.9784172661870504,0.234205|0.068843|0.005130|0.001519|0.011183|0.003325|0.147572|0.043378|0.003231|0.000957|0.007044|0.002094|0.146169|0.044388|0.003099|0.000931|0.007273|0.002169|0.092101|0.027969|0.001952|0.000586|0.004581|0.001366|0.034331|0.010092|0.001879|0.000556|0.004185|0.001244|0.021632|0.006359|0.001184|0.000351|0.002636|0.000784|0.021426|0.006507|0.001135|0.000341|0.002722|0.000812|0.013501|0.004100|0.000715|0.000215|0.001715|0.000511,0.234205|0.068843|0.005130|0.001519|0.011183|0.003325|0.147572|0.043378|0.003231|0.000957|0.007044|0.002094|0.146169|0.044388|0.003099|0.000931|0.007273|0.002169|0.092101|0.027969|0.001952|0.000586|0.004581|0.001366|0.034331|0.010092|0.001879|0.000556|0.004185|0.001244|0.021632|0.006359|0.001184|0.000351|0.002636|0.000784|0.021426|0.006507|0.001135|0.000341|0.002722|0.000812|0.013501|0.004100|0.000715|0.000215|0.001715|0.000511,1.0677199104294398e-17
7500,spleen|ggtp|encephalopathy|obesity|surgery,70,22,0.0011515617370605469,0.001129150390625,1.019847972972973,0.059649|0.043496|0.004189|0.003056|0.002003|0.001462|0.000142|0.000104|0.061232|0.044831|0.004323|0.003164|0.002622|0.001919|0.000184|0.000134|0.060347|0.043963|0.004124|0.003003|0.002422|0.001766|0.000167|0.000122|0.278533|0.203520|0.019839|0.014496|0.008176|0.005967|0.000591|0.000431|0.008027|0.005806|0.000661|0.000479|0.000297|0.000215|0.000026|0.000019|0.008218|0.005971|0.000685|0.000498|0.000365|0.000265|0.000031|0.000022|0.007945|0.005730|0.000623|0.000449|0.000336|0.000242|0.000027|0.000020|0.037768|0.027395|0.003199|0.002324|0.001265|0.000914|0.000116|0.000084,0.059649|0.043496|0.004189|0.003056|0.002003|0.001462|0.000142|0.000104|0.061232|0.044831|0.004323|0.003164|0.002622|0.001919|0.000184|0.000134|0.060347|0.043963|0.004124|0.003003|0.002422|0.001766|0.000167|0.000122|0.278533|0.203520|0.019839|0.014496|0.008176|0.005967|0.000591|0.000431|0.008027|0.005806|0.000661|0.000479|0.000297|0.000215|0.000026|0.000019|0.008218|0.005971|0.000685|0.000498|0.000365|0.000265|0.000031|0.000022|0.007945|0.005730|0.000623|0.000449|0.000336|0.000242|0.000027|0.000020|0.037768|0.027395|0.003199|0.002324|0.001265|0.000914|0.000116|0.000084,1.2945115944244638e-16
7500,pain_ruq|amylase|alt|hepatotoxic|hepatalgia,70,24,0.0011479854583740234,0.0011899471282958984,0.9647365257463434,0.000818|0.000232|0.000071|0.000020|0.001798|0.000514|0.000153|0.000044|0.000233|0.000066|0.000021|0.000006|0.002096|0.000597|0.000181|0.000051|0.066656|0.018909|0.005775|0.001639|0.146516|0.041868|0.012503|0.003566|0.018991|0.005402|0.001675|0.000476|0.170765|0.048650|0.014711|0.004188|0.001471|0.000417|0.000127|0.000036|0.003232|0.000924|0.000276|0.000079|0.000419|0.000119|0.000037|0.000010|0.003770|0.001074|0.000325|0.000092|0.000578|0.000168|0.000050|0.000015|0.001296|0.000378|0.000111|0.000032|0.000164|0.000048|0.000014|0.000004|0.001503|0.000437|0.000129|0.000038|0.047109|0.013655|0.004081|0.001184|0.105620|0.030792|0.009016|0.002624|0.013391|0.003892|0.001181|0.000343|0.122413|0.035601|0.010544|0.003065|0.001039|0.000301|0.000090|0.000026|0.002330|0.000679|0.000199|0.000058|0.000295|0.000086|0.000026|0.000008|0.002702|0.000786|0.000233|0.000068,0.000818|0.000232|0.000071|0.000020|0.001798|0.000514|0.000153|0.000044|0.000233|0.000066|0.000021|0.000006|0.002096|0.000597|0.000181|0.000051|0.066656|0.018909|0.005775|0.001639|0.146516|0.041868|0.012503|0.003566|0.018991|0.005402|0.001675|0.000476|0.170765|0.048650|0.014711|0.004188|0.001471|0.000417|0.000127|0.000036|0.003232|0.000924|0.000276|0.000079|0.000419|0.000119|0.000037|0.000010|0.003770|0.001074|0.000325|0.000092|0.000578|0.000168|0.000050|0.000015|0.001296|0.000378|0.000111|0.000032|0.000164|0.000048|0.000014|0.000004|0.001503|0.000437|0.000129|0.000038|0.047109|0.013655|0.004081|0.001184|0.105620|0.030792|0.009016|0.002624|0.013391|0.003892|0.001181|0.000343|0.122413|0.035601|0.010544|0.003065|0.001039|0.000301|0.000090|0.000026|0.002330|0.000679|0.000199|0.000058|0.000295|0.000086|0.000026|0.000008|0.002702|0.000786|0.000233|0.000068,-2.878279801472445e-19
7500,transfusion|ast|amylase|diabetes|age,70,20,0.0008854866027832031,0.0009877681732177734,0.8964518464880521,0.000584|0.001734|0.001781|0.000351|0.000022|0.000065|0.000067|0.000013|0.047517|0.141152|0.144967|0.028539|0.001776|0.005276|0.005419|0.001067|0.001051|0.003121|0.003206|0.000631|0.000039|0.000117|0.000120|0.000024|0.000257|0.000763|0.000784|0.000154|0.000009|0.000028|0.000029|0.000006|0.020918|0.062139|0.063818|0.012564|0.000771|0.002290|0.002352|0.000463|0.000463|0.001375|0.001412|0.000278|0.000017|0.000051|0.000052|0.000010|0.000396|0.001175|0.001207|0.000238|0.000015|0.000044|0.000045|0.000009|0.032212|0.095685|0.098272|0.019347|0.001212|0.003600|0.003698|0.000728|0.000712|0.002114|0.002172|0.000428|0.000027|0.000080|0.000082|0.000016|0.000017|0.000050|0.000051|0.000010|0.000001|0.000002|0.000002|0.000000|0.001369|0.004067|0.004177|0.000822|0.000051|0.000150|0.000154|0.000030|0.000030|0.000090|0.000092|0.000018|0.000001|0.000003|0.000003|0.000001|0.000115|0.000341|0.000350|0.000069|0.000004|0.000013|0.000013|0.000003|0.009389|0.027891|0.028644|0.005639|0.000351|0.001043|0.001071|0.000211|0.000205|0.000609|0.000626|0.000123|0.000008|0.000023|0.000023|0.000005|0.000050|0.000149|0.000153|0.000030|0.000002|0.000005|0.000006|0.000001|0.004099|0.012175|0.012504|0.002462|0.000151|0.000449|0.000461|0.000091|0.000090|0.000266|0.000273|0.000054|0.000003|0.000010|0.000010|0.000002|0.000079|0.000236|0.000242|0.000048|0.000003|0.000009|0.000009|0.000002|0.006491|0.019281|0.019802|0.003898|0.000244|0.000725|0.000745|0.000147|0.000142|0.000421|0.000432|0.000085|0.000005|0.000016|0.000016|0.000003|0.000003|0.000010|0.000011|0.000002|0.000000|0.000000|0.000000|0.000000|0.000282|0.000839|0.000862|0.000170|0.000010|0.000031|0.000032|0.000006|0.000006|0.000018|0.000019|0.000004|0.000000|0.000001|0.000001|0.000000,0.000584|0.001734|0.001781|0.000351|0.000022|0.000065|0.000067|0.000013|0.047517|0.141152|0.144967|0.028539|0.001776|0.005276|0.005419|0.001067|0.001051|0.003121|0.003206|0.000631|0.000039|0.000117|0.000120|0.000024|0.000257|0.000763|0.000784|0.000154|0.000009|0.000028|0.000029|0.000006|0.020918|0.062139|0.063818|0.012564|0.000771|0.002290|0.002352|0.000463|0.000463|0.001375|0.001412|0.000278|0.000017|0.000051|0.000052|0.000010|0.000396|0.001175|0.001207|0.000238|0.000015|0.000044|0.000045|0.000009|0.032212|0.095685|0.098272|0.019347|0.001212|0.003600|0.003698|0.000728|0.000712|0.002114|0.002172|0.000428|0.000027|0.000080|0.000082|0.000016|0.000017|0.000050|0.000051|0.000010|0.000001|0.000002|0.000002|0.000000|0.001369|0.004067|0.004177|0.000822|0.000051|0.000150|0.000154|0.000030|0.000030|0.000090|0.000092|0.000018|0.000001|0.000003|0.000003|0.000001|0.000115|0.000341|0.000350|0.000069|0.000004|0.000013|0.000013|0.000003|0.009389|0.027891|0.028644|0.005639|0.000351|0.001043|0.001071|0.000211|0.000205|0.000609|0.000626|0.000123|0.000008|0.000023|0.000023|0.000005|0.000050|0.000149|0.000153|0.000030|0.000002|0.000005|0.000006|0.000001|0.004099|0.012175|0.012504|0.002462|0.000151|0.000449|0.000461|0.000091|0.000090|0.000266|0.000273|0.000054|0.000003|0.000010|0.000010|0.000002|0.000079|0.000236|0.000242|0.000048|0.000003|0.000009|0.000009|0.000002|0.006491|0.019281|0.019802|0.003898|0.000244|0.000725|0.000745|0.000147|0.000142|0.000421|0.000432|0.000085|0.000005|0.000016|0.000016|0.000003|0.000003|0.000010|0.000011|0.000002|0.000000|0.000000|0.000000|0.000000|0.000282|0.000839|0.000862|0.000170|0.000010|0.000031|0.000032|0.000006|0.000006|0.000018|0.000019|0.000004|0.000000|0.000001|0.000001|0.000000,0.0
7500,palms|bilirubin|platelet|ama|hbeag,70,22,0.0011668205261230469,0.0011188983917236328,1.0428297464308545,0.005713|0.000025|0.005007|0.000022|0.023406|0.000104|0.020073|0.000089|0.002719|0.000012|0.002150|0.000009|0.003119|0.000014|0.003315|0.000015|0.069173|0.000381|0.013464|0.000077|0.334265|0.001843|0.054419|0.000311|0.045389|0.000250|0.005947|0.000034|0.019460|0.000107|0.008610|0.000049|0.020413|0.000093|0.011715|0.000060|0.090046|0.000396|0.047006|0.000241|0.011326|0.000049|0.005050|0.000026|0.008849|0.000044|0.007739|0.000039|0.001322|0.000006|0.001097|0.000004|0.005698|0.000024|0.004398|0.000017|0.000683|0.000003|0.000471|0.000002|0.000661|0.000003|0.000724|0.000003|0.001457|0.000006|0.000952|0.000005|0.004962|0.000022|0.003730|0.000018|0.000546|0.000002|0.000399|0.000002|0.000911|0.000004|0.000672|0.000003|0.014063|0.000076|0.002666|0.000015|0.059537|0.000325|0.010425|0.000060|0.007768|0.000043|0.001135|0.000007|0.005348|0.000028|0.001844|0.000011|0.005032|0.000025|0.002309|0.000011|0.018224|0.000085|0.009027|0.000044|0.002156|0.000010|0.000969|0.000005|0.002776|0.000015|0.001649|0.000008|0.000263|0.000001|0.000206|0.000001|0.001048|0.000005|0.000808|0.000003|0.000122|0.000001|0.000087|0.000000|0.000146|0.000001|0.000144|0.000001,0.005713|0.000025|0.005007|0.000022|0.023406|0.000104|0.020073|0.000089|0.002719|0.000012|0.002150|0.000009|0.003119|0.000014|0.003315|0.000015|0.069173|0.000381|0.013464|0.000077|0.334265|0.001843|0.054419|0.000311|0.045389|0.000250|0.005947|0.000034|0.019460|0.000107|0.008610|0.000049|0.020413|0.000093|0.011715|0.000060|0.090046|0.000396|0.047006|0.000241|0.011326|0.000049|0.005050|0.000026|0.008849|0.000044|0.007739|0.000039|0.001322|0.000006|0.001097|0.000004|0.005698|0.000024|0.004398|0.000017|0.000683|0.000003|0.000471|0.000002|0.000661|0.000003|0.000724|0.000003|0.001457|0.000006|0.000952|0.000005|0.004962|0.000022|0.003730|0.000018|0.000546|0.000002|0.000399|0.000002|0.000911|0.000004|0.000672|0.000003|0.014063|0.000076|0.002666|0.000015|0.059537|0.000325|0.010425|0.000060|0.007768|0.000043|0.001135|0.000007|0.005348|0.000028|0.001844|0.000011|0.005032|0.000025|0.002309|0.000011|0.018224|0.000085|0.009027|0.000044|0.002156|0.000010|0.000969|0.000005|0.002776|0.000015|0.001649|0.000008|0.000263|0.000001|0.000206|0.000001|0.001048|0.000005|0.000808|0.000003|0.000122|0.000001|0.000087|0.000000|0.000146|0.000001|0.000144|0.000001,-4.9556241913373754e-17
7500,ast|hbsag_anti|itching|upper_pain|alcohol,70,26,0.001348733901977539,0.001310110092163086,1.0294813466787989,0.143567|0.018222|0.090419|0.011475|0.104194|0.013331|0.065694|0.008406|0.003181|0.000404|0.002004|0.000254|0.002314|0.000296|0.001459|0.000187|0.063405|0.007767|0.039936|0.004892|0.045892|0.005646|0.028934|0.003560|0.001415|0.000173|0.000892|0.000109|0.001026|0.000126|0.000647|0.000080|0.097931|0.012374|0.061672|0.007792|0.070752|0.009024|0.044606|0.005689|0.002129|0.000270|0.001341|0.000170|0.001546|0.000198|0.000975|0.000125|0.004200|0.000528|0.002644|0.000332|0.003001|0.000380|0.001892|0.000240|0.000090|0.000011|0.000057|0.000007|0.000065|0.000008|0.000041|0.000005,0.143567|0.018222|0.090419|0.011475|0.104194|0.013331|0.065694|0.008406|0.003181|0.000404|0.002004|0.000254|0.002314|0.000296|0.001459|0.000187|0.063405|0.007767|0.039936|0.004892|0.045892|0.005646|0.028934|0.003560|0.001415|0.000173|0.000892|0.000109|0.001026|0.000126|0.000647|0.000080|0.097931|0.012374|0.061672|0.007792|0.070752|0.009024|0.044606|0.005689|0.002129|0.000270|0.001341|0.000170|0.001546|0.000198|0.000975|0.000125|0.004200|0.000528|0.002644|0.000332|0.003001|0.000380|0.001892|0.000240|0.000090|0.000011|0.000057|0.000007|0.000065|0.000008|0.000041|0.000005,1.6582540514362144e-16
7500,edema|transfusion|choledocholithotomy|palms|alcohol,70,15,0.000728607177734375,0.0006785392761230469,1.0737877723120168,0.463124|0.056758|0.084852|0.011748|0.074084|0.009070|0.013524|0.001866|0.093117|0.011409|0.017047|0.002358|0.013580|0.001661|0.002469|0.000339|0.073388|0.009332|0.017373|0.002817|0.011725|0.001488|0.002752|0.000444|0.014752|0.001875|0.003486|0.000565|0.002146|0.000272|0.000499|0.000080,0.463124|0.056758|0.084852|0.011748|0.074084|0.009070|0.013524|0.001866|0.093117|0.011409|0.017047|0.002358|0.013580|0.001661|0.002469|0.000339|0.073388|0.009332|0.017373|0.002817|0.011725|0.001488|0.002752|0.000444|0.014752|0.001875|0.003486|0.000565|0.002146|0.000272|0.000499|0.000080,1.3929598644755759e-18
7500,cholesterol|ggtp|hbsag|itching|pain_ruq,70,26,0.0014789104461669922,0.0015368461608886719,0.9623022029165373,0.029992|0.022025|0.020346|0.014916|0.003339|0.002435|0.002267|0.001651|0.025468|0.018819|0.020013|0.014757|0.002603|0.001921|0.002039|0.001500|0.026363|0.019329|0.019771|0.014499|0.003101|0.002261|0.002293|0.001672|0.153549|0.108692|0.101392|0.070841|0.015808|0.011207|0.010542|0.007410|0.007395|0.005455|0.006285|0.004617|0.000686|0.000506|0.000567|0.000417|0.009976|0.007340|0.009263|0.006793|0.000910|0.000669|0.000817|0.000599|0.008887|0.006529|0.008137|0.005969|0.000858|0.000631|0.000756|0.000554|0.030295|0.022112|0.024133|0.017510|0.002790|0.002039|0.002208|0.001604|0.001785|0.001309|0.001703|0.001244|0.000214|0.000157|0.000186|0.000136|0.002911|0.002130|0.002839|0.002073|0.000310|0.000226|0.000284|0.000207|0.002547|0.001868|0.002475|0.001812|0.000296|0.000217|0.000267|0.000195|0.005949|0.004409|0.005542|0.004084|0.000780|0.000570|0.000666|0.000485,0.029992|0.022025|0.020346|0.014916|0.003339|0.002435|0.002267|0.001651|0.025468|0.018819|0.020013|0.014757|0.002603|0.001921|0.002039|0.001500|0.026363|0.019329|0.019771|0.014499|0.003101|0.002261|0.002293|0.001672|0.153549|0.108692|0.101392|0.070841|0.015808|0.011207|0.010542|0.007410|0.007395|0.005455|0.006285|0.004617|0.000686|0.000506|0.000567|0.000417|0.009976|0.007340|0.009263|0.006793|0.000910|0.000669|0.000817|0.000599|0.008887|0.006529|0.008137|0.005969|0.000858|0.000631|0.000756|0.000554|0.030295|0.022112|0.024133|0.017510|0.002790|0.002039|0.002208|0.001604|0.001785|0.001309|0.001703|0.001244|0.000214|0.000157|0.000186|0.000136|0.002911|0.002130|0.002839|0.002073|0.000310|0.000226|0.000284|0.000207|0.002547|0.001868|0.002475|0.001812|0.000296|0.000217|0.000267|0.000195|0.005949|0.004409|0.005542|0.004084|0.000780|0.000570|0.000666|0.000485,-6.735362163241067e-17
7500,ascites|platelet|vh_amn|hepatotoxic|pain,70,20,0.0009589195251464844,0.0008752346038818359,1.0956142740397712,0.078758|0.022957|0.006774|0.001975|0.016707|0.004880|0.001437|0.000420|0.349054|0.103697|0.030023|0.008919|0.072559|0.021543|0.006241|0.001853|0.043946|0.013385|0.003780|0.001151|0.009077|0.002761|0.000781|0.000237|0.034190|0.008926|0.002941|0.000768|0.007472|0.001971|0.000643|0.000170|0.012800|0.003730|0.001101|0.000321|0.002709|0.000791|0.000233|0.000068|0.056889|0.016902|0.004893|0.001454|0.011809|0.003506|0.001016|0.000302|0.007169|0.002184|0.000617|0.000188|0.001479|0.000450|0.000127|0.000039|0.005533|0.001442|0.000476|0.000124|0.001205|0.000317|0.000104|0.000027,0.078758|0.022957|0.006774|0.001975|0.016707|0.004880|0.001437|0.000420|0.349054|0.103697|0.030023|0.008919|0.072559|0.021543|0.006241|0.001853|0.043946|0.013385|0.003780|0.001151|0.009077|0.002761|0.000781|0.000237|0.034190|0.008926|0.002941|0.000768|0.007472|0.001971|0.000643|0.000170|0.012800|0.003730|0.001101|0.000321|0.002709|0.000791|0.000233|0.000068|0.056889|0.016902|0.004893|0.001454|0.011809|0.003506|0.001016|0.000302|0.007169|0.002184|0.000617|0.000188|0.001479|0.000450|0.000127|0.000039|0.005533|0.001442|0.000476|0.000124|0.001205|0.000317|0.000104|0.000027,-3.8390385146408016e-17
7500,transfusion|hbeag|inr|density|hcv_anti,70,23,0.0012829303741455078,0.0010533332824707031,1.217971933001358,0.439845|0.000690|0.276774|0.000434|0.029725|0.000053|0.018698|0.000033|0.039137|0.000054|0.024720|0.000034|0.002214|0.000007|0.001393|0.000004|0.000163|0.000001|0.000102|0.000000|0.000160|0.000000|0.000101|0.000000|0.087245|0.000151|0.054899|0.000095|0.005945|0.000012|0.003740|0.000007|0.007659|0.000011|0.004838|0.000007|0.000561|0.000002|0.000353|0.000001|0.000042|0.000000|0.000027|0.000000|0.000037|0.000000|0.000024|0.000000,0.439845|0.000690|0.276774|0.000434|0.029725|0.000053|0.018698|0.000033|0.039137|0.000054|0.024720|0.000034|0.002214|0.000007|0.001393|0.000004|0.000163|0.000001|0.000102|0.000000|0.000160|0.000000|0.000101|0.000000|0.087245|0.000151|0.054899|0.000095|0.005945|0.000012|0.003740|0.000007|0.007659|0.000011|0.004838|0.000007|0.000561|0.000002|0.000353|0.000001|0.000042|0.000000|0.000027|0.000000|0.000037|0.000000|0.000024|0.000000,1.2030549613914253e-16
7500,Hyperbilirubinemia|pressure_ruq|consciousness|obesity|alcoholism,70,20,0.0008826255798339844,0.0008873939514160156,0.9946265448683503,0.459845|0.074179|0.033192|0.005355|0.011435|0.001862|0.000831|0.000135|0.272830|0.044007|0.019692|0.003177|0.006453|0.001055|0.000471|0.000076|0.030917|0.004986|0.002231|0.000360|0.000699|0.000115|0.000051|0.000008|0.020462|0.003300|0.001477|0.000238|0.000447|0.000074|0.000033|0.000005,0.459845|0.074179|0.033192|0.005355|0.011435|0.001862|0.000831|0.000135|0.272830|0.044007|0.019692|0.003177|0.006453|0.001055|0.000471|0.000076|0.030917|0.004986|0.002231|0.000360|0.000699|0.000115|0.000051|0.000008|0.020462|0.003300|0.001477|0.000238|0.000447|0.000074|0.000033|0.000005,-1.6283961257325066e-18
7500,fatigue|choledocholithotomy|injections|proteins|gallstones,70,18,0.00079345703125,0.0008263587951660156,0.9601846508944027,0.221296|0.013209|0.004760|0.000284|0.136160|0.008127|0.002961|0.000177|0.006307|0.021909|0.000136|0.000471|0.007052|0.024497|0.000153|0.000533|0.275806|0.016463|0.005891|0.000352|0.164891|0.009842|0.003569|0.000213|0.007859|0.027299|0.000168|0.000583|0.008540|0.029666|0.000185|0.000642,0.221296|0.013209|0.004760|0.000284|0.136160|0.008127|0.002961|0.000177|0.006307|0.021909|0.000136|0.000471|0.007052|0.024497|0.000153|0.000533|0.275806|0.016463|0.005891|0.000352|0.164891|0.009842|0.003569|0.000213|0.007859|0.027299|0.000168|0.000583|0.008540|0.029666|0.000185|0.000642,1.9538249054607873e-16
7500,ama|irregular_liver|anorexia|gallstones|ChHepatitis,70,22,0.0008985996246337891,0.0008995532989501953,0.9989398356745296,0.335129|0.047713|0.021776|0.062040|0.008268|0.003549|0.129891|0.018493|0.008440|0.024046|0.003204|0.001375|0.048817|0.012799|0.003460|0.009037|0.002218|0.000564|0.018909|0.004959|0.001340|0.003500|0.000859|0.000218|0.099763|0.014204|0.006482|0.018468|0.002461|0.001056|0.038666|0.005505|0.002512|0.007158|0.000954|0.000409|0.014532|0.003810|0.001030|0.002690|0.000660|0.000168|0.005629|0.001476|0.000399|0.001042|0.000256|0.000065,0.335129|0.047713|0.021776|0.062040|0.008268|0.003549|0.129891|0.018493|0.008440|0.024046|0.003204|0.001375|0.048817|0.012799|0.003460|0.009037|0.002218|0.000564|0.018909|0.004959|0.001340|0.003500|0.000859|0.000218|0.099763|0.014204|0.006482|0.018468|0.002461|0.001056|0.038666|0.005505|0.002512|0.007158|0.000954|0.000409|0.014532|0.003810|0.001030|0.002690|0.000660|0.000168|0.005629|0.001476|0.000399|0.001042|0.000256|0.000065,-1.2879386823538497e-17
7500,choledocholithotomy|edge|ChHepatitis|skin|ama,70,21,0.000997781753540039,0.0009870529174804688,1.0108695652173914,0.265849|0.057508|0.137862|0.062671|0.036032|0.008839|0.019616|0.007726|0.019161|0.004359|0.007148|0.003473|0.090305|0.020003|0.049787|0.021701|0.019005|0.004805|0.011362|0.004235|0.006799|0.001611|0.002876|0.001269|0.043656|0.008024|0.021351|0.011328|0.004877|0.001253|0.003208|0.001154|0.002232|0.000529|0.001233|0.000502|0.014945|0.002756|0.007614|0.003959|0.002466|0.000655|0.001947|0.000658|0.000770|0.000195|0.000505|0.000184,0.265849|0.057508|0.137862|0.062671|0.036032|0.008839|0.019616|0.007726|0.019161|0.004359|0.007148|0.003473|0.090305|0.020003|0.049787|0.021701|0.019005|0.004805|0.011362|0.004235|0.006799|0.001611|0.002876|0.001269|0.043656|0.008024|0.021351|0.011328|0.004877|0.001253|0.003208|0.001154|0.002232|0.000529|0.001233|0.000502|0.014945|0.002756|0.007614|0.003959|0.002466|0.000655|0.001947|0.000658|0.000770|0.000195|0.000505|0.000184,0.0
7500,PBC|encephalopathy|irregular_liver|ascites|hbc_anti,70,20,0.000949859619140625,0.0008852481842041016,1.0729868031241583,0.401652|0.042268|0.065525|0.006898|0.064457|0.006554|0.010359|0.001055|0.008256|0.000865|0.001344|0.000141|0.001764|0.000174|0.000280|0.000028|0.247148|0.026005|0.040317|0.004244|0.039935|0.004057|0.006416|0.000653|0.013144|0.001385|0.002145|0.000226|0.002115|0.000215|0.000340|0.000035,0.401652|0.042268|0.065525|0.006898|0.064457|0.006554|0.010359|0.001055|0.008256|0.000865|0.001344|0.000141|0.001764|0.000174|0.000280|0.000028|0.247148|0.026005|0.040317|0.004244|0.039935|0.004057|0.006416|0.000653|0.013144|0.001385|0.002145|0.000226|0.002115|0.000215|0.000340|0.000035,-2.913546416404685e-17
7500,anorexia|fibrosis|Hyperbilirubinemia|alt|hbsag_anti,70,21,0.0011544227600097656,0.0010085105895996094,1.1446808510638298,0.102904|0.002287|0.231907|0.005030|0.028752|0.000645|0.267334|0.005943|0.007201|0.000160|0.016229|0.000352|0.002012|0.000045|0.018708|0.000416|0.005424|0.000124|0.008670|0.000199|0.001928|0.000045|0.012087|0.000278|0.000380|0.000009|0.000607|0.000014|0.000135|0.000003|0.000846|0.000019|0.039907|0.000887|0.089555|0.001942|0.011457|0.000257|0.103587|0.002303|0.002793|0.000062|0.006267|0.000136|0.000802|0.000018|0.007249|0.000161|0.002128|0.000049|0.003380|0.000078|0.000737|0.000017|0.004648|0.000107|0.000149|0.000003|0.000237|0.000005|0.000052|0.000001|0.000325|0.000007,0.102904|0.002287|0.231907|0.005030|0.028752|0.000645|0.267334|0.005943|0.007201|0.000160|0.016229|0.000352|0.002012|0.000045|0.018708|0.000416|0.005424|0.000124|0.008670|0.000199|0.001928|0.000045|0.012087|0.000278|0.000380|0.000009|0.000607|0.000014|0.000135|0.000003|0.000846|0.000019|0.039907|0.000887|0.089555|0.001942|0.011457|0.000257|0.103587|0.002303|0.002793|0.000062|0.006267|0.000136|0.000802|0.000018|0.007249|0.000161|0.002128|0.000049|0.003380|0.000078|0.000737|0.000017|0.004648|0.000107|0.000149|0.000003|0.000237|0.000005|0.000052|0.000001|0.000325|0.000007,2.0960913169857523e-16
7500,joints|gallstones|PBC|hepatomegaly|Steatosis,70,13,0.0006334781646728516,0.0005929470062255859,1.068355448331323,0.137317|0.013676|0.281698|0.031925|0.079801|0.008146|0.178482|0.019963|0.025047|0.002495|0.051383|0.005823|0.014556|0.001486|0.032556|0.003641|0.015561|0.001550|0.031923|0.003618|0.011723|0.001197|0.026221|0.002933|0.002838|0.000283|0.005823|0.000660|0.002138|0.000218|0.004783|0.000535,0.137317|0.013676|0.281698|0.031925|0.079801|0.008146|0.178482|0.019963|0.025047|0.002495|0.051383|0.005823|0.014556|0.001486|0.032556|0.003641|0.015561|0.001550|0.031923|0.003618|0.011723|0.001197|0.026221|0.002933|0.002838|0.000283|0.005823|0.000660|0.002138|0.000218|0.004783|0.000535,0.0
7500,hepatalgia|edema|ama|RHepatitis|obesity,70,23,0.001046895980834961,0.0010230541229248047,1.0233045910044278,0.466654|0.033301|0.012721|0.000900|0.138231|0.009867|0.003768|0.000267|0.077448|0.005938|0.002105|0.000159|0.022944|0.001760|0.000623|0.000047|0.133620|0.009578|0.003387|0.000250|0.040461|0.002897|0.001027|0.000076|0.022212|0.001714|0.000570|0.000046|0.006723|0.000518|0.000173|0.000014,0.466654|0.033301|0.012721|0.000900|0.138231|0.009867|0.003768|0.000267|0.077448|0.005938|0.002105|0.000159|0.022944|0.001760|0.000623|0.000047|0.133620|0.009578|0.003387|0.000250|0.040461|0.002897|0.001027|0.000076|0.022212|0.001714|0.000570|0.000046|0.006723|0.000518|0.000173|0.000014,-1.8536474202684478e-16
7500,urea|alt|consciousness|edge|proteins,70,24,0.001230478286743164,0.0011949539184570312,1.0297286512370312,0.004529|0.000102|0.001615|0.000032|0.000364|0.000008|0.000136|0.000003|0.009860|0.000220|0.003789|0.000071|0.000793|0.000018|0.000328|0.000006|0.001292|0.000029|0.000459|0.000009|0.000103|0.000002|0.000038|0.000001|0.011515|0.000258|0.004353|0.000083|0.000927|0.000021|0.000376|0.000007|0.103800|0.002333|0.036707|0.000738|0.002178|0.000049|0.000788|0.000016|0.225903|0.005040|0.085650|0.001624|0.004744|0.000106|0.001866|0.000034|0.029623|0.000664|0.010457|0.000210|0.000621|0.000014|0.000223|0.000004|0.263813|0.005900|0.098474|0.001893|0.005541|0.000124|0.002141|0.000040|0.007749|0.000174|0.002745|0.000055|0.000250|0.000006|0.000092|0.000002|0.016866|0.000376|0.006411|0.000121|0.000544|0.000012|0.000219|0.000004|0.002211|0.000050|0.000782|0.000016|0.000071|0.000002|0.000026|0.000001|0.019696|0.000441|0.007370|0.000141|0.000635|0.000014|0.000251|0.000005,0.004529|0.000102|0.001615|0.000032|0.000364|0.000008|0.000136|0.000003|0.009860|0.000220|0.003789|0.000071|0.000793|0.000018|0.000328|0.000006|0.001292|0.000029|0.000459|0.000009|0.000103|0.000002|0.000038|0.000001|0.011515|0.000258|0.004353|0.000083|0.000927|0.000021|0.000376|0.000007|0.103800|0.002333|0.036707|0.000738|0.002178|0.000049|0.000788|0.000016|0.225903|0.005040|0.085650|0.001624|0.004744|0.000106|0.001866|0.000034|0.029623|0.000664|0.010457|0.000210|0.000621|0.000014|0.000223|0.000004|0.263813|0.005900|0.098474|0.001893|0.005541|0.000124|0.002141|0.000040|0.007749|0.000174|0.002745|0.000055|0.000250|0.000006|0.000092|0.000002|0.016866|0.000376|0.006411|0.000121|0.000544|0.000012|0.000219|0.000004|0.002211|0.000050|0.000782|0.000016|0.000071|0.000002|0.000026|0.000001|0.019696|0.000441|0.007370|0.000141|0.000635|0.000014|0.000251|0.000005,-8.341822510441587e-18
7500,alcoholism|carcinoma|palms|gallstones|Hyperbilirubinemia,70,19,0.0008897781372070312,0.0008308887481689453,1.0708751793400286,0.541138|0.038633|0.098789|0.007053|0.096964|0.006900|0.017653|0.001256|0.031721|0.001455|0.005765|0.000264|0.010781|0.000640|0.001939|0.000115|0.083045|0.005924|0.015160|0.001081|0.017400|0.001233|0.003169|0.000225|0.006235|0.000324|0.001134|0.000059|0.003136|0.000204|0.000568|0.000037,0.541138|0.038633|0.098789|0.007053|0.096964|0.006900|0.017653|0.001256|0.031721|0.001455|0.005765|0.000264|0.010781|0.000640|0.001939|0.000115|0.083045|0.005924|0.015160|0.001081|0.017400|0.001233|0.003169|0.000225|0.006235|0.000324|0.001134|0.000059|0.003136|0.000204|0.000568|0.000037,0.0
7500,edge|spiders|proteins|spleen|choledocholithotomy,70,19,0.0009796619415283203,0.0008757114410400391,1.1187040566294582,0.448219|0.070693|0.050332|0.007925|0.010170|0.001605|0.001093|0.000172|0.103742|0.016339|0.014162|0.002216|0.002266|0.000357|0.000257|0.000040|0.147500|0.023213|0.023290|0.003631|0.003161|0.000498|0.000374|0.000059|0.044405|0.006935|0.014144|0.002178|0.000757|0.000119|0.000128|0.000020,0.448219|0.070693|0.050332|0.007925|0.010170|0.001605|0.001093|0.000172|0.103742|0.016339|0.014162|0.002216|0.002266|0.000357|0.000257|0.000040|0.147500|0.023213|0.023290|0.003631|0.003161|0.000498|0.000374|0.000059|0.044405|0.006935|0.014144|0.002178|0.000757|0.000119|0.000128|0.000020,0.0
7500,sex|hbsag_anti|RHepatitis|hbsag|spiders,70,17,0.0008215904235839844,0.000782012939453125,1.050609756097561,0.409929|0.106369|0.041112|0.012127|0.011000|0.002854|0.001103|0.000325|0.008903|0.002276|0.001052|0.000345|0.000239|0.000061|0.000028|0.000009|0.275877|0.071585|0.027668|0.008161|0.007403|0.001921|0.000742|0.000219|0.005991|0.001532|0.000708|0.000232|0.000161|0.000041|0.000019|0.000006,0.409929|0.106369|0.041112|0.012127|0.011000|0.002854|0.001103|0.000325|0.008903|0.002276|0.001052|0.000345|0.000239|0.000061|0.000028|0.000009|0.275877|0.071585|0.027668|0.008161|0.007403|0.001921|0.000742|0.000219|0.005991|0.001532|0.000708|0.000232|0.000161|0.000041|0.000019|0.000006,5.796405597200943e-17
7500,triglycerides|RHepatitis|palms|gallstones|pressure_ruq,70,20,0.0009391307830810547,0.0009036064147949219,1.0393139841688654,0.015178|0.009557|0.003153|0.001361|0.003997|0.002540|0.000826|0.000364|0.000407|0.000256|0.000085|0.000037|0.000107|0.000068|0.000022|0.000010|0.390922|0.246054|0.081231|0.035025|0.073129|0.046701|0.015076|0.006714|0.010490|0.006603|0.002180|0.000940|0.001962|0.001253|0.000405|0.000180|0.017335|0.010915|0.003601|0.001554|0.004465|0.002838|0.000923|0.000407|0.000465|0.000293|0.000097|0.000042|0.000120|0.000076|0.000025|0.000011,0.015178|0.009557|0.003153|0.001361|0.003997|0.002540|0.000826|0.000364|0.000407|0.000256|0.000085|0.000037|0.000107|0.000068|0.000022|0.000010|0.390922|0.246054|0.081231|0.035025|0.073129|0.046701|0.015076|0.006714|0.010490|0.006603|0.002180|0.000940|0.001962|0.001253|0.000405|0.000180|0.017335|0.010915|0.003601|0.001554|0.004465|0.002838|0.000923|0.000407|0.000465|0.000293|0.000097|0.000042|0.000120|0.000076|0.000025|0.000011,6.2298355139606765e-18
7500,hbeag|skin|ama|hepatalgia|age,70,26,0.0013041496276855469,0.0012810230255126953,1.0180532291085056,0.065506|0.152152|0.147075|0.026087|0.017144|0.044194|0.043479|0.007744|0.002598|0.033601|0.039563|0.009284|0.000689|0.009729|0.011710|0.002755|0.033503|0.078818|0.077995|0.014979|0.008018|0.022497|0.022969|0.004442|0.002428|0.036257|0.042752|0.010102|0.000632|0.010462|0.012646|0.002997|0.000358|0.000819|0.000792|0.000141|0.000093|0.000238|0.000234|0.000042|0.000014|0.000185|0.000219|0.000052|0.000004|0.000054|0.000065|0.000015|0.000159|0.000387|0.000383|0.000074|0.000039|0.000111|0.000113|0.000022|0.000012|0.000180|0.000210|0.000050|0.000003|0.000052|0.000062|0.000015,0.065506|0.152152|0.147075|0.026087|0.017144|0.044194|0.043479|0.007744|0.002598|0.033601|0.039563|0.009284|0.000689|0.009729|0.011710|0.002755|0.033503|0.078818|0.077995|0.014979|0.008018|0.022497|0.022969|0.004442|0.002428|0.036257|0.042752|0.010102|0.000632|0.010462|0.012646|0.002997|0.000358|0.000819|0.000792|0.000141|0.000093|0.000238|0.000234|0.000042|0.000014|0.000185|0.000219|0.000052|0.000004|0.000054|0.000065|0.000015|0.000159|0.000387|0.000383|0.000074|0.000039|0.000111|0.000113|0.000022|0.000012|0.000180|0.000210|0.000050|0.000003|0.000052|0.000062|0.000015,0.0
7500,THepatitis|fatigue|ast|choledocholithotomy|density,70,22,0.0010933876037597656,0.0010416507720947266,1.049668116273747,0.107942|0.067934|0.017060|0.010737|0.048418|0.030457|0.007682|0.004833|0.071950|0.045302|0.011302|0.007116|0.003082|0.001941|0.000469|0.000295|0.130616|0.082213|0.020554|0.012937|0.057502|0.036172|0.009087|0.005716|0.086435|0.054430|0.013511|0.008508|0.004003|0.002522|0.000605|0.000381|0.002469|0.001553|0.000388|0.000244|0.000739|0.000465|0.000116|0.000073|0.002858|0.001801|0.000450|0.000283|0.000038|0.000024|0.000005|0.000003|0.005704|0.003589|0.000900|0.000566|0.001719|0.001082|0.000270|0.000170|0.006703|0.004222|0.001056|0.000665|0.000071|0.000044|0.000010|0.000006,0.107942|0.067934|0.017060|0.010737|0.048418|0.030457|0.007682|0.004833|0.071950|0.045302|0.011302|0.007116|0.003082|0.001941|0.000469|0.000295|0.130616|0.082213|0.020554|0.012937|0.057502|0.036172|0.009087|0.005716|0.086435|0.054430|0.013511|0.008508|0.004003|0.002522|0.000605|0.000381|0.002469|0.001553|0.000388|0.000244|0.000739|0.000465|0.000116|0.000073|0.002858|0.001801|0.000450|0.000283|0.000038|0.000024|0.000005|0.000003|0.005704|0.003589|0.000900|0.000566|0.001719|0.001082|0.000270|0.000170|0.006703|0.004222|0.001056|0.000665|0.000071|0.000044|0.000010|0.000006,-1.4688633552223105e-16
7500,irregular_liver|amylase|platelet|Steatosis|transfusion,70,19,0.0008530616760253906,0.0007894039154052734,1.0806402899426155,0.001188|0.000235|0.000118|0.000023|0.005505|0.001090|0.000435|0.000086|0.000706|0.000140|0.000051|0.000010|0.000471|0.000093|0.000062|0.000012|0.096709|0.019209|0.009600|0.001907|0.448177|0.089045|0.035416|0.007035|0.057444|0.011414|0.004191|0.000832|0.038352|0.007615|0.005014|0.000996|0.002138|0.000420|0.000212|0.000042|0.009911|0.001946|0.000783|0.000154|0.001270|0.000249|0.000093|0.000018|0.000848|0.000166|0.000111|0.000022|0.000171|0.000034|0.000066|0.000013|0.000726|0.000143|0.000177|0.000035|0.000091|0.000018|0.000018|0.000004|0.000078|0.000015|0.000046|0.000009|0.013910|0.002753|0.005344|0.001061|0.059099|0.011717|0.014385|0.002856|0.007376|0.001463|0.001459|0.000290|0.006370|0.001257|0.003759|0.000746|0.000307|0.000060|0.000118|0.000023|0.001306|0.000256|0.000318|0.000062|0.000163|0.000032|0.000032|0.000006|0.000140|0.000027|0.000083|0.000016,0.001188|0.000235|0.000118|0.000023|0.005505|0.001090|0.000435|0.000086|0.000706|0.000140|0.000051|0.000010|0.000471|0.000093|0.000062|0.000012|0.096709|0.019209|0.009600|0.001907|0.448177|0.089045|0.035416|0.007035|0.057444|0.011414|0.004191|0.000832|0.038352|0.007615|0.005014|0.000996|0.002138|0.000420|0.000212|0.000042|0.009911|0.001946|0.000783|0.000154|0.001270|0.000249|0.000093|0.000018|0.000848|0.000166|0.000111|0.000022|0.000171|0.000034|0.000066|0.000013|0.000726|0.000143|0.000177|0.000035|0.000091|0.000018|0.000018|0.000004|0.000078|0.000015|0.000046|0.000009|0.013910|0.002753|0.005344|0.001061|0.059099|0.011717|0.014385|0.002856|0.007376|0.001463|0.001459|0.000290|0.006370|0.001257|0.003759|0.000746|0.000307|0.000060|0.000118|0.000023|0.001306|0.000256|0.000318|0.000062|0.000163|0.000032|0.000032|0.000006|0.000140|0.000027|0.000083|0.000016,1.3227898165562705e-17
7500,edema|transfusion|bleeding|skin|spleen,70,27,0.0013911724090576172,0.0014269351959228516,0.974937343358396,0.329129|0.041555|0.201911|0.026710|0.062347|0.008473|0.039234|0.005667|0.065569|0.008267|0.039923|0.005275|0.012401|0.001682|0.007748|0.001117|0.052195|0.008482|0.032658|0.005938|0.010140|0.001923|0.006565|0.001418|0.010392|0.001683|0.006456|0.001172|0.002015|0.000380|0.001296|0.000279,0.329129|0.041555|0.201911|0.026710|0.062347|0.008473|0.039234|0.005667|0.065569|0.008267|0.039923|0.005275|0.012401|0.001682|0.007748|0.001117|0.052195|0.008482|0.032658|0.005938|0.010140|0.001923|0.006565|0.001418|0.010392|0.001683|0.006456|0.001172|0.002015|0.000380|0.001296|0.000279,-2.7130707367168173e-17
7500,bilirubin|bleeding|hepatalgia|edema|sex,70,27,0.0014493465423583984,0.0013892650604248047,1.0432469538355928,0.035091|0.008446|0.005878|0.001586|0.010297|0.002474|0.001726|0.000465|0.007125|0.001716|0.001253|0.000355|0.002093|0.000504|0.000369|0.000104|0.193501|0.174529|0.031539|0.028136|0.056322|0.050485|0.009189|0.008144|0.037322|0.032519|0.006303|0.005430|0.010877|0.009418|0.001840|0.001575|0.095672|0.040774|0.016314|0.007316|0.027161|0.010699|0.004652|0.001950|0.019145|0.007842|0.003438|0.001524|0.005464|0.002083|0.000987|0.000413|0.007900|0.002135|0.001281|0.000341|0.002260|0.000591|0.000366|0.000095|0.001578|0.000414|0.000262|0.000068|0.000453|0.000115|0.000075|0.000019,0.035091|0.008446|0.005878|0.001586|0.010297|0.002474|0.001726|0.000465|0.007125|0.001716|0.001253|0.000355|0.002093|0.000504|0.000369|0.000104|0.193501|0.174529|0.031539|0.028136|0.056322|0.050485|0.009189|0.008144|0.037322|0.032519|0.006303|0.005430|0.010877|0.009418|0.001840|0.001575|0.095672|0.040774|0.016314|0.007316|0.027161|0.010699|0.004652|0.001950|0.019145|0.007842|0.003438|0.001524|0.005464|0.002083|0.000987|0.000413|0.007900|0.002135|0.001281|0.000341|0.002260|0.000591|0.000366|0.000095|0.001578|0.000414|0.000262|0.000068|0.000453|0.000115|0.000075|0.000019,0.0
7500,PBC|spleen|pain_ruq|age|phosphatase,70,22,0.0010442733764648438,0.0011208057403564453,0.9317166560306318,0.033912|0.011335|0.021152|0.061759|0.020627|0.038540|0.056181|0.018761|0.035063|0.009108|0.003042|0.005685|0.021227|0.007052|0.013292|0.044466|0.014795|0.027816|0.041441|0.013792|0.025920|0.006764|0.002251|0.004230|0.004578|0.001330|0.002975|0.008387|0.002429|0.005466|0.007638|0.002211|0.004981|0.001239|0.000358|0.000808|0.003000|0.000850|0.001993|0.006212|0.001772|0.004104|0.005778|0.001650|0.003815|0.000943|0.000269|0.000622|0.002306|0.000770|0.001438|0.040045|0.013374|0.024990|0.047267|0.015784|0.029500|0.011214|0.003745|0.006999|0.001516|0.000504|0.000949|0.028874|0.009607|0.018062|0.034988|0.011645|0.021883|0.008326|0.002771|0.005207|0.000312|0.000091|0.000203|0.005439|0.001575|0.003545|0.006427|0.001860|0.004191|0.001525|0.000441|0.000995|0.000213|0.000061|0.000141|0.004033|0.001150|0.002665|0.004877|0.001393|0.003219|0.001160|0.000331|0.000766,0.033912|0.011335|0.021152|0.061759|0.020627|0.038540|0.056181|0.018761|0.035063|0.009108|0.003042|0.005685|0.021227|0.007052|0.013292|0.044466|0.014795|0.027816|0.041441|0.013792|0.025920|0.006764|0.002251|0.004230|0.004578|0.001330|0.002975|0.008387|0.002429|0.005466|0.007638|0.002211|0.004981|0.001239|0.000358|0.000808|0.003000|0.000850|0.001993|0.006212|0.001772|0.004104|0.005778|0.001650|0.003815|0.000943|0.000269|0.000622|0.002306|0.000770|0.001438|0.040045|0.013374|0.024990|0.047267|0.015784|0.029500|0.011214|0.003745|0.006999|0.001516|0.000504|0.000949|0.028874|0.009607|0.018062|0.034988|0.011645|0.021883|0.008326|0.002771|0.005207|0.000312|0.000091|0.000203|0.005439|0.001575|0.003545|0.006427|0.001860|0.004191|0.001525|0.000441|0.000995|0.000213|0.000061|0.000141|0.004033|0.001150|0.002665|0.004877|0.001393|0.003219|0.001160|0.000331|0.000766,-2.5960493372009055e-16
7500,Steatosis|bleeding|spiders|Hyperbilirubinemia|THepatitis,70,22,0.0010306835174560547,0.0009400844573974609,1.0963733198072534,0.551417|0.021410|0.039000|0.001449|0.130362|0.005073|0.009189|0.000342|0.104599|0.003887|0.006908|0.000321|0.025194|0.000926|0.001697|0.000078|0.045559|0.002393|0.003264|0.000162|0.024514|0.001308|0.001785|0.000088|0.010388|0.000485|0.000651|0.000040|0.006780|0.000302|0.000405|0.000025,0.551417|0.021410|0.039000|0.001449|0.130362|0.005073|0.009189|0.000342|0.104599|0.003887|0.006908|0.000321|0.025194|0.000926|0.001697|0.000078|0.045559|0.002393|0.003264|0.000162|0.024514|0.001308|0.001785|0.000088|0.010388|0.000485|0.000651|0.000040|0.006780|0.000302|0.000405|0.000025,8.871570876988509e-20
7500,transfusion|fibrosis|ama|inr|hepatotoxic,70,20,0.0009305477142333984,0.0008881092071533203,1.0477852348993288,0.490439|0.042160|0.034236|0.002958|0.041983|0.003621|0.145695|0.012522|0.010264|0.000887|0.012726|0.001100|0.021645|0.001860|0.000310|0.000026|0.003414|0.000297|0.006484|0.000557|0.000087|0.000007|0.000981|0.000085|0.097536|0.008384|0.006853|0.000592|0.008231|0.000710|0.028975|0.002490|0.002056|0.000178|0.002495|0.000216|0.004195|0.000360|0.000068|0.000006|0.000660|0.000057|0.001257|0.000108|0.000019|0.000002|0.000190|0.000016,0.490439|0.042160|0.034236|0.002958|0.041983|0.003621|0.145695|0.012522|0.010264|0.000887|0.012726|0.001100|0.021645|0.001860|0.000310|0.000026|0.003414|0.000297|0.006484|0.000557|0.000087|0.000007|0.000981|0.000085|0.097536|0.008384|0.006853|0.000592|0.008231|0.000710|0.028975|0.002490|0.002056|0.000178|0.002495|0.000216|0.004195|0.000360|0.000068|0.000006|0.000660|0.000057|0.001257|0.000108|0.000019|0.000002|0.000190|0.000016,1.1981721875788003e-16
7500,hcv_anti|choledocholithotomy|hospital|edema|RHepatitis,70,15,0.0007066726684570312,0.0006623268127441406,1.0669546436285098,0.331695|0.008901|0.055607|0.001492|0.388207|0.010417|0.064561|0.001732|0.052215|0.001401|0.008750|0.000235|0.061154|0.001641|0.010121|0.000272|0.000558|0.000015|0.000091|0.000002|0.000604|0.000016|0.000098|0.000003|0.000087|0.000002|0.000014|0.000000|0.000090|0.000002|0.000015|0.000000,0.331695|0.008901|0.055607|0.001492|0.388207|0.010417|0.064561|0.001732|0.052215|0.001401|0.008750|0.000235|0.061154|0.001641|0.010121|0.000272|0.000558|0.000015|0.000091|0.000002|0.000604|0.000016|0.000098|0.000003|0.000087|0.000002|0.000014|0.000000|0.000090|0.000002|0.000015|0.000000,1.1614513018980845e-16
7500,Hyperbilirubinemia|hbsag|edge|jaundice|pain,70,22,0.001123189926147461,0.0010962486267089844,1.0245759025663332,0.351130|0.104324|0.128699|0.036080|0.127576|0.037846|0.047763|0.013460|0.034947|0.010362|0.012739|0.003592|0.014677|0.004343|0.005499|0.001561|0.023408|0.007554|0.009450|0.002992|0.008566|0.002765|0.003441|0.001089|0.002350|0.000760|0.000916|0.000288|0.000988|0.000320|0.000394|0.000124,0.351130|0.104324|0.128699|0.036080|0.127576|0.037846|0.047763|0.013460|0.034947|0.010362|0.012739|0.003592|0.014677|0.004343|0.005499|0.001561|0.023408|0.007554|0.009450|0.002992|0.008566|0.002765|0.003441|0.001089|0.002350|0.000760|0.000916|0.000288|0.000988|0.000320|0.000394|0.000124,1.9320109417254383e-17
7500,spiders|fibrosis|bleeding|itching|RHepatitis,70,26,0.0014414787292480469,0.001322031021118164,1.090351668169522,0.365116|0.009798|0.262667|0.007049|0.069229|0.001858|0.050476|0.001354|0.011114|0.000298|0.008388|0.000225|0.002416|0.000065|0.001832|0.000049|0.088815|0.002383|0.064886|0.001741|0.017815|0.000478|0.013287|0.000357|0.008112|0.000218|0.006333|0.000170|0.001898|0.000051|0.001482|0.000040,0.365116|0.009798|0.262667|0.007049|0.069229|0.001858|0.050476|0.001354|0.011114|0.000298|0.008388|0.000225|0.002416|0.000065|0.001832|0.000049|0.088815|0.002383|0.064886|0.001741|0.017815|0.000478|0.013287|0.000357|0.008112|0.000218|0.006333|0.000170|0.001898|0.000051|0.001482|0.000040,1.0449118546035085e-17
7500,carcinoma|hospital|pain|encephalopathy|inr,70,22,0.0011556148529052734,0.001010894775390625,1.1431603773584906,0.279291|0.018958|0.023242|0.009251|0.000627|0.000816|0.083310|0.005651|0.006902|0.002486|0.000168|0.000222|0.326539|0.022682|0.027322|0.010799|0.000749|0.000960|0.097411|0.006762|0.008113|0.002900|0.000200|0.000261|0.018810|0.000974|0.003094|0.000926|0.000050|0.000155|0.004763|0.000232|0.000858|0.000229|0.000011|0.000042|0.021292|0.001143|0.003577|0.001049|0.000058|0.000180|0.005357|0.000270|0.000990|0.000257|0.000013|0.000049,0.279291|0.018958|0.023242|0.009251|0.000627|0.000816|0.083310|0.005651|0.006902|0.002486|0.000168|0.000222|0.326539|0.022682|0.027322|0.010799|0.000749|0.000960|0.097411|0.006762|0.008113|0.002900|0.000200|0.000261|0.018810|0.000974|0.003094|0.000926|0.000050|0.000155|0.004763|0.000232|0.000858|0.000229|0.000011|0.000042|0.021292|0.001143|0.003577|0.001049|0.000058|0.000180|0.005357|0.000270|0.000990|0.000257|0.000013|0.000049,-7.246938198651726e-17
7500,ChHepatitis|Cirrhosis|consciousness|palms|proteins,70,19,0.0008337497711181641,0.0007588863372802734,1.0986490732013823,0.641305|0.014704|0.101264|0.002322|0.015451|0.000354|0.002440|0.000056|0.009204|0.000051|0.003639|0.000020|0.000142|0.000001|0.000056|0.000000|0.012192|0.000061|0.015089|0.000075|0.000395|0.000002|0.000489|0.000002|0.078940|0.001810|0.012465|0.000286|0.001902|0.000044|0.000300|0.000007|0.006639|0.000037|0.002625|0.000015|0.000103|0.000001|0.000041|0.000000|0.009746|0.000048|0.012061|0.000060|0.000316|0.000002|0.000391|0.000002|0.040333|0.000925|0.006369|0.000146|0.000972|0.000022|0.000153|0.000004|0.000847|0.000005|0.000335|0.000002|0.000013|0.000000|0.000005|0.000000|0.001169|0.000006|0.001447|0.000007|0.000038|0.000000|0.000047|0.000000,0.641305|0.014704|0.101264|0.002322|0.015451|0.000354|0.002440|0.000056|0.009204|0.000051|0.003639|0.000020|0.000142|0.000001|0.000056|0.000000|0.012192|0.000061|0.015089|0.000075|0.000395|0.000002|0.000489|0.000002|0.078940|0.001810|0.012465|0.000286|0.001902|0.000044|0.000300|0.000007|0.006639|0.000037|0.002625|0.000015|0.000103|0.000001|0.000041|0.000000|0.009746|0.000048|0.012061|0.000060|0.000316|0.000002|0.000391|0.000002|0.040333|0.000925|0.006369|0.000146|0.000972|0.000022|0.000153|0.000004|0.000847|0.000005|0.000335|0.000002|0.000013|0.000000|0.000005|0.000000|0.001169|0.000006|0.001447|0.000007|0.000038|0.000000|0.000047|0.000000,-3.291770359874381e-17
7500,injections|skin|hepatomegaly|hbsag_anti|edge,70,25,0.0012717247009277344,0.0012214183807373047,1.0411868046066757,0.084141|0.030815|0.001808|0.000665|0.182495|0.067329|0.003922|0.001454|0.052531|0.020169|0.001139|0.000439|0.109695|0.042877|0.002377|0.000933|0.055500|0.019650|0.001266|0.000449|0.120439|0.042972|0.002747|0.000981|0.035320|0.013036|0.000807|0.000298|0.073717|0.027709|0.001685|0.000634,0.084141|0.030815|0.001808|0.000665|0.182495|0.067329|0.003922|0.001454|0.052531|0.020169|0.001139|0.000439|0.109695|0.042877|0.002377|0.000933|0.055500|0.019650|0.001266|0.000449|0.120439|0.042972|0.002747|0.000981|0.035320|0.013036|0.000807|0.000298|0.073717|0.027709|0.001685|0.000634,1.0923231991970813e-16
7500,itching|amylase|upper_pain|hbeag|urea,70,24,0.0011401176452636719,0.0011906623840332031,0.9575490588706448,0.000171|0.003727|0.000281|0.000001|0.000020|0.000001|0.000109|0.002366|0.000178|0.000001|0.000013|0.000001|0.014028|0.305131|0.023011|0.000075|0.001628|0.000123|0.008828|0.192039|0.014482|0.000047|0.001023|0.000077|0.000305|0.006628|0.000500|0.000002|0.000035|0.000003|0.000197|0.004286|0.000323|0.000001|0.000023|0.000002|0.000127|0.002708|0.000205|0.000001|0.000014|0.000001|0.000081|0.001722|0.000130|0.000000|0.000009|0.000001|0.010373|0.220904|0.016729|0.000053|0.001119|0.000085|0.006536|0.139177|0.010540|0.000033|0.000705|0.000053|0.000228|0.004856|0.000368|0.000001|0.000025|0.000002|0.000148|0.003146|0.000238|0.000001|0.000016|0.000001,0.000171|0.003727|0.000281|0.000001|0.000020|0.000001|0.000109|0.002366|0.000178|0.000001|0.000013|0.000001|0.014028|0.305131|0.023011|0.000075|0.001628|0.000123|0.008828|0.192039|0.014482|0.000047|0.001023|0.000077|0.000305|0.006628|0.000500|0.000002|0.000035|0.000003|0.000197|0.004286|0.000323|0.000001|0.000023|0.000002|0.000127|0.002708|0.000205|0.000001|0.000014|0.000001|0.000081|0.001722|0.000130|0.000000|0.000009|0.000001|0.010373|0.220904|0.016729|0.000053|0.001119|0.000085|0.006536|0.139177|0.010540|0.000033|0.000705|0.000053|0.000228|0.004856|0.000368|0.000001|0.000025|0.000002|0.000148|0.003146|0.000238|0.000001|0.000016|0.000001,4.6474553746129404e-17
7500,spleen|hbsag_anti|gallstones|proteins|phosphatase,70,20,0.0010042190551757812,0.0009679794311523438,1.0374384236453202,0.364265|0.121016|0.227168|0.008002|0.002714|0.004948|0.066051|0.022336|0.041614|0.001452|0.000501|0.000907|0.007964|0.002712|0.005033|0.000175|0.000061|0.000110|0.001454|0.000503|0.000928|0.000032|0.000011|0.000020|0.050271|0.014390|0.032932|0.000914|0.000293|0.000567|0.009081|0.002646|0.006004|0.000166|0.000054|0.000104|0.001105|0.000322|0.000732|0.000020|0.000007|0.000013|0.000201|0.000060|0.000134|0.000004|0.000001|0.000002,0.364265|0.121016|0.227168|0.008002|0.002714|0.004948|0.066051|0.022336|0.041614|0.001452|0.000501|0.000907|0.007964|0.002712|0.005033|0.000175|0.000061|0.000110|0.001454|0.000503|0.000928|0.000032|0.000011|0.000020|0.050271|0.014390|0.032932|0.000914|0.000293|0.000567|0.009081|0.002646|0.006004|0.000166|0.000054|0.000104|0.001105|0.000322|0.000732|0.000020|0.000007|0.000013|0.000201|0.000060|0.000134|0.000004|0.000001|0.000002,-8.201848993861797e-17
7500,pain_ruq|itching|fibrosis|Hyperbilirubinemia|ama,70,21,0.0010046958923339844,0.0010538101196289062,0.9533936651583711,0.237050|0.061749|0.021351|0.002603|0.010056|0.002885|0.000999|0.000116|0.153567|0.059718|0.018068|0.002664|0.007364|0.002531|0.000759|0.000119|0.176963|0.046143|0.008584|0.001048|0.007513|0.002156|0.000401|0.000046|0.114894|0.044614|0.007228|0.001065|0.005502|0.001891|0.000305|0.000048,0.237050|0.061749|0.021351|0.002603|0.010056|0.002885|0.000999|0.000116|0.153567|0.059718|0.018068|0.002664|0.007364|0.002531|0.000759|0.000119|0.176963|0.046143|0.008584|0.001048|0.007513|0.002156|0.000401|0.000046|0.114894|0.044614|0.007228|0.001065|0.005502|0.001891|0.000305|0.000048,-2.278632591147282e-16
7500,obesity|hepatomegaly|inr|pain_ruq|choledocholithotomy,70,21,0.0010485649108886719,0.0009911060333251953,1.0579745008419534,0.132082|0.020780|0.090624|0.014257|0.008830|0.001400|0.006115|0.000969|0.010875|0.001712|0.007936|0.001251|0.274584|0.043196|0.200225|0.031497|0.018739|0.002970|0.013631|0.002160|0.023987|0.003781|0.018195|0.002870|0.009181|0.001444|0.006511|0.001024|0.000593|0.000094|0.000420|0.000066|0.000909|0.000143|0.000704|0.000111|0.019385|0.003049|0.014542|0.002287|0.001268|0.000201|0.000941|0.000149|0.002068|0.000327|0.001653|0.000261,0.132082|0.020780|0.090624|0.014257|0.008830|0.001400|0.006115|0.000969|0.010875|0.001712|0.007936|0.001251|0.274584|0.043196|0.200225|0.031497|0.018739|0.002970|0.013631|0.002160|0.023987|0.003781|0.018195|0.002870|0.009181|0.001444|0.006511|0.001024|0.000593|0.000094|0.000420|0.000066|0.000909|0.000143|0.000704|0.000111|0.019385|0.003049|0.014542|0.002287|0.001268|0.000201|0.000941|0.000149|0.002068|0.000327|0.001653|0.000261,7.627207408526929e-17
7500,age|encephalopathy|joints|sex|bilirubin,70,20,0.0009744167327880859,0.0009801387786865234,0.9941620043784967,0.002581|0.049965|0.015219|0.000757|0.000972|0.032449|0.012573|0.000415|0.000330|0.005759|0.001817|0.000096|0.000110|0.003677|0.001425|0.000047|0.000097|0.001139|0.000434|0.000025|0.000025|0.000681|0.000282|0.000008|0.000013|0.000134|0.000054|0.000003|0.000003|0.000077|0.000032|0.000001|0.021310|0.114503|0.056886|0.004813|0.004847|0.108816|0.022484|0.001160|0.003060|0.014633|0.007965|0.000690|0.000598|0.012456|0.002662|0.000142|0.001077|0.003974|0.002692|0.000239|0.000163|0.002394|0.000637|0.000034|0.000156|0.000538|0.000386|0.000035|0.000021|0.000278|0.000078|0.000004|0.024563|0.110793|0.061133|0.005252|0.005521|0.112067|0.021987|0.001238|0.003551|0.014518|0.008706|0.000759|0.000694|0.012875|0.002651|0.000155|0.001261|0.004187|0.003024|0.000266|0.000197|0.002510|0.000671|0.000039|0.000184|0.000578|0.000438|0.000039|0.000026|0.000294|0.000085|0.000005|0.004696|0.022335|0.011752|0.001000|0.002074|0.018804|0.005950|0.000445|0.000678|0.002903|0.001668|0.000144|0.000289|0.002268|0.000798|0.000062|0.000240|0.000821|0.000577|0.000050|0.000097|0.000523|0.000252|0.000020|0.000035|0.000113|0.000083|0.000007|0.000014|0.000067|0.000035|0.000003,0.002581|0.049965|0.015219|0.000757|0.000972|0.032449|0.012573|0.000415|0.000330|0.005759|0.001817|0.000096|0.000110|0.003677|0.001425|0.000047|0.000097|0.001139|0.000434|0.000025|0.000025|0.000681|0.000282|0.000008|0.000013|0.000134|0.000054|0.000003|0.000003|0.000077|0.000032|0.000001|0.021310|0.114503|0.056886|0.004813|0.004847|0.108816|0.022484|0.001160|0.003060|0.014633|0.007965|0.000690|0.000598|0.012456|0.002662|0.000142|0.001077|0.003974|0.002692|0.000239|0.000163|0.002394|0.000637|0.000034|0.000156|0.000538|0.000386|0.000035|0.000021|0.000278|0.000078|0.000004|0.024563|0.110793|0.061133|0.005252|0.005521|0.112067|0.021987|0.001238|0.003551|0.014518|0.008706|0.000759|0.000694|0.012875|0.002651|0.000155|0.001261|0.004187|0.003024|0.000266|0.000197|0.002510|0.000671|0.000039|0.000184|0.000578|0.000438|0.000039|0.000026|0.000294|0.000085|0.000005|0.004696|0.022335|0.011752|0.001000|0.002074|0.018804|0.005950|0.000445|0.000678|0.002903|0.001668|0.000144|0.000289|0.002268|0.000798|0.000062|0.000240|0.000821|0.000577|0.000050|0.000097|0.000523|0.000252|0.000020|0.000035|0.000113|0.000083|0.000007|0.000014|0.000067|0.000035|0.000003,0.0
7500,le_cells|hospital|obesity|irregular_liver|spiders,70,18,0.0008075237274169922,0.0007562637329101562,1.0677805800756621,0.277134|0.067271|0.039436|0.015846|0.019133|0.005012|0.003108|0.001602|0.325581|0.078344|0.045604|0.017658|0.022473|0.005839|0.003601|0.001816|0.021033|0.005106|0.002993|0.001203|0.001452|0.000380|0.000236|0.000122|0.024710|0.005946|0.003461|0.001340|0.001706|0.000443|0.000273|0.000138,0.277134|0.067271|0.039436|0.015846|0.019133|0.005012|0.003108|0.001602|0.325581|0.078344|0.045604|0.017658|0.022473|0.005839|0.003601|0.001816|0.021033|0.005106|0.002993|0.001203|0.001452|0.000380|0.000236|0.000122|0.024710|0.005946|0.003461|0.001340|0.001706|0.000443|0.000273|0.000138,9.379912765979544e-17
7500,THepatitis|proteins|Hyperbilirubinemia|consciousness|phosphatase,70,23,0.0011169910430908203,0.0010216236114501953,1.0933488914819136,0.431531|0.145899|0.281417|0.010539|0.003551|0.006924|0.030260|0.010231|0.019733|0.000676|0.000227|0.000445|0.009278|0.003252|0.005972|0.000225|0.000079|0.000145|0.000651|0.000228|0.000419|0.000014|0.000005|0.000009|0.024982|0.003722|0.005496|0.000614|0.000088|0.000136|0.001752|0.000261|0.000385|0.000039|0.000006|0.000009|0.000544|0.000071|0.000114|0.000013|0.000002|0.000003|0.000038|0.000005|0.000008|0.000001|0.000000|0.000000,0.431531|0.145899|0.281417|0.010539|0.003551|0.006924|0.030260|0.010231|0.019733|0.000676|0.000227|0.000445|0.009278|0.003252|0.005972|0.000225|0.000079|0.000145|0.000651|0.000228|0.000419|0.000014|0.000005|0.000009|0.024982|0.003722|0.005496|0.000614|0.000088|0.000136|0.001752|0.000261|0.000385|0.000039|0.000006|0.000009|0.000544|0.000071|0.000114|0.000013|0.000002|0.000003|0.000038|0.000005|0.000008|0.000001|0.000000|0.000000,-6.021543242980869e-17
7500,Cirrhosis|hepatalgia|transfusion|nausea|alcohol,70,22,0.0009903907775878906,0.0009517669677734375,1.0405811623246493,0.382343|0.044920|0.152840|0.017956|0.075964|0.008925|0.030366|0.003568|0.109711|0.012889|0.043847|0.005151|0.021797|0.002561|0.008712|0.001023|0.008648|0.002314|0.003469|0.000928|0.001704|0.000456|0.000683|0.000183|0.002538|0.000679|0.001018|0.000272|0.000500|0.000134|0.000201|0.000054|0.020087|0.004640|0.008057|0.001861|0.003955|0.000914|0.001587|0.000366|0.005900|0.001363|0.002365|0.000546|0.001162|0.000268|0.000466|0.000108,0.382343|0.044920|0.152840|0.017956|0.075964|0.008925|0.030366|0.003568|0.109711|0.012889|0.043847|0.005151|0.021797|0.002561|0.008712|0.001023|0.008648|0.002314|0.003469|0.000928|0.001704|0.000456|0.000683|0.000183|0.002538|0.000679|0.001018|0.000272|0.000500|0.000134|0.000201|0.000054|0.020087|0.004640|0.008057|0.001861|0.003955|0.000914|0.001587|0.000366|0.005900|0.001363|0.002365|0.000546|0.001162|0.000268|0.000466|0.000108,-2.3763675733354724e-16
7500,hepatomegaly|skin|itching|le_cells|triglycerides,70,26,0.001272439956665039,0.001316070556640625,0.9668478260869565,0.004267|0.107963|0.004867|0.000284|0.007123|0.000324|0.002388|0.059807|0.002722|0.000168|0.004187|0.000192|0.002041|0.049893|0.002322|0.000164|0.004026|0.000187|0.002281|0.054775|0.002592|0.000205|0.005021|0.000233|0.009577|0.235058|0.010899|0.000646|0.015710|0.000735|0.005306|0.128400|0.006032|0.000381|0.009163|0.000433|0.004464|0.104537|0.005064|0.000368|0.008724|0.000418|0.004966|0.113614|0.005624|0.000461|0.010863|0.000523,0.004267|0.107963|0.004867|0.000284|0.007123|0.000324|0.002388|0.059807|0.002722|0.000168|0.004187|0.000192|0.002041|0.049893|0.002322|0.000164|0.004026|0.000187|0.002281|0.054775|0.002592|0.000205|0.005021|0.000233|0.009577|0.235058|0.010899|0.000646|0.015710|0.000735|0.005306|0.128400|0.006032|0.000381|0.009163|0.000433|0.004464|0.104537|0.005064|0.000368|0.008724|0.000418|0.004966|0.113614|0.005624|0.000461|0.010863|0.000523,0.0
7500,Steatosis|urea|ChHepatitis|triglycerides|palms,70,19,0.0008869171142578125,0.0008153915405273438,1.087719298245614,0.000668|0.000106|0.024805|0.003942|0.000788|0.000125|0.000096|0.000026|0.003557|0.000978|0.000113|0.000031|0.000043|0.000007|0.001585|0.000272|0.000050|0.000009|0.014459|0.002297|0.536904|0.085304|0.017065|0.002711|0.002066|0.000546|0.076736|0.020286|0.002439|0.000645|0.000923|0.000157|0.034286|0.005842|0.001090|0.000186|0.001091|0.000173|0.040529|0.006440|0.001288|0.000205|0.000156|0.000042|0.005796|0.001544|0.000184|0.000049|0.000070|0.000012|0.002588|0.000442|0.000082|0.000014|0.000357|0.000162|0.001594|0.000722|0.000383|0.000173|0.000054|0.000028|0.000240|0.000124|0.000058|0.000030|0.000023|0.000011|0.000102|0.000047|0.000025|0.000011|0.007677|0.003285|0.034242|0.014649|0.008221|0.003517|0.001152|0.000558|0.005136|0.002489|0.001233|0.000598|0.000493|0.000214|0.002199|0.000955|0.000528|0.000229|0.000580|0.000251|0.002589|0.001120|0.000622|0.000269|0.000087|0.000043|0.000389|0.000191|0.000093|0.000046|0.000037|0.000016|0.000166|0.000073|0.000040|0.000018,0.000668|0.000106|0.024805|0.003942|0.000788|0.000125|0.000096|0.000026|0.003557|0.000978|0.000113|0.000031|0.000043|0.000007|0.001585|0.000272|0.000050|0.000009|0.014459|0.002297|0.536904|0.085304|0.017065|0.002711|0.002066|0.000546|0.076736|0.020286|0.002439|0.000645|0.000923|0.000157|0.034286|0.005842|0.001090|0.000186|0.001091|0.000173|0.040529|0.006440|0.001288|0.000205|0.000156|0.000042|0.005796|0.001544|0.000184|0.000049|0.000070|0.000012|0.002588|0.000442|0.000082|0.000014|0.000357|0.000162|0.001594|0.000722|0.000383|0.000173|0.000054|0.000028|0.000240|0.000124|0.000058|0.000030|0.000023|0.000011|0.000102|0.000047|0.000025|0.000011|0.007677|0.003285|0.034242|0.014649|0.008221|0.003517|0.001152|0.000558|0.005136|0.002489|0.001233|0.000598|0.000493|0.000214|0.002199|0.000955|0.000528|0.000229|0.000580|0.000251|0.002589|0.001120|0.000622|0.000269|0.000087|0.000043|0.000389|0.000191|0.000093|0.000046|0.000037|0.000016|0.000166|0.000073|0.000040|0.000018,-2.3419814985147394e-16
7500,pain|ChHepatitis|hcv_anti|anorexia|hepatomegaly,70,21,0.0010080337524414062,0.0009486675262451172,1.0625785373209349,0.144762|0.310737|0.055974|0.120556|0.000212|0.000456|0.000082|0.000177|0.022620|0.048555|0.008746|0.018838|0.000000|0.000000|0.000000|0.000000|0.009280|0.019920|0.003588|0.007728|0.000070|0.000151|0.000027|0.000059|0.042874|0.091238|0.016578|0.035397|0.000063|0.000134|0.000024|0.000052|0.006699|0.014257|0.002591|0.005531|0.000000|0.000000|0.000000|0.000000|0.002748|0.005849|0.001063|0.002269|0.000021|0.000044|0.000008|0.000017,0.144762|0.310737|0.055974|0.120556|0.000212|0.000456|0.000082|0.000177|0.022620|0.048555|0.008746|0.018838|0.000000|0.000000|0.000000|0.000000|0.009280|0.019920|0.003588|0.007728|0.000070|0.000151|0.000027|0.000059|0.042874|0.091238|0.016578|0.035397|0.000063|0.000134|0.000024|0.000052|0.006699|0.014257|0.002591|0.005531|0.000000|0.000000|0.000000|0.000000|0.002748|0.005849|0.001063|0.002269|0.000021|0.000044|0.000008|0.000017,-7.546495265403695e-17
7500,upper_pain|Steatosis|itching|phosphatase|density,70,26,0.001374959945678711,0.001209259033203125,1.1370268138801263,0.101331|0.063602|0.033915|0.021279|0.062405|0.039171|0.072567|0.045787|0.024478|0.015444|0.044924|0.028352|0.010515|0.006633|0.002695|0.001696|0.007606|0.004820|0.008054|0.005102|0.002032|0.001286|0.005971|0.003800|0.063807|0.040049|0.021367|0.013405|0.039306|0.024672|0.045751|0.028867|0.015434|0.009738|0.028324|0.017877|0.006621|0.004176|0.001697|0.001069|0.004791|0.003036|0.005078|0.003217|0.001281|0.000811|0.003764|0.002396,0.101331|0.063602|0.033915|0.021279|0.062405|0.039171|0.072567|0.045787|0.024478|0.015444|0.044924|0.028352|0.010515|0.006633|0.002695|0.001696|0.007606|0.004820|0.008054|0.005102|0.002032|0.001286|0.005971|0.003800|0.063807|0.040049|0.021367|0.013405|0.039306|0.024672|0.045751|0.028867|0.015434|0.009738|0.028324|0.017877|0.006621|0.004176|0.001697|0.001069|0.004791|0.003036|0.005078|0.003217|0.001281|0.000811|0.003764|0.002396,4.236793775095191e-17
7500,bilirubin|vh_amn|fibrosis|upper_pain|hepatalgia,70,24,0.0011091232299804688,0.001092672348022461,1.0150556404102116,0.030007|0.008819|0.019008|0.005585|0.001244|0.000359|0.000803|0.000232|0.005760|0.001686|0.003654|0.001070|0.000593|0.000171|0.000382|0.000110|0.249285|0.072418|0.157140|0.045641|0.008465|0.002437|0.005301|0.001526|0.050591|0.014676|0.031872|0.009244|0.004074|0.001173|0.002550|0.000734|0.094443|0.026212|0.059160|0.016428|0.003721|0.001064|0.002351|0.000673|0.018096|0.005038|0.011354|0.003163|0.001777|0.000508|0.001123|0.000322|0.006611|0.001878|0.004348|0.001233|0.000322|0.000092|0.000202|0.000058|0.001357|0.000388|0.000889|0.000254|0.000154|0.000044|0.000097|0.000028,0.030007|0.008819|0.019008|0.005585|0.001244|0.000359|0.000803|0.000232|0.005760|0.001686|0.003654|0.001070|0.000593|0.000171|0.000382|0.000110|0.249285|0.072418|0.157140|0.045641|0.008465|0.002437|0.005301|0.001526|0.050591|0.014676|0.031872|0.009244|0.004074|0.001173|0.002550|0.000734|0.094443|0.026212|0.059160|0.016428|0.003721|0.001064|0.002351|0.000673|0.018096|0.005038|0.011354|0.003163|0.001777|0.000508|0.001123|0.000322|0.006611|0.001878|0.004348|0.001233|0.000322|0.000092|0.000202|0.000058|0.001357|0.000388|0.000889|0.000254|0.000154|0.000044|0.000097|0.000028,1.1827888079700336e-16
7500,bleeding|sex|hcv_anti|skin|PBC,70,25,0.0012054443359375,0.0012619495391845703,0.9552238805970149,0.146942|0.137931|0.060460|0.153014|0.000241|0.000225|0.000092|0.000242|0.216824|0.014729|0.089743|0.016329|0.000356|0.000024|0.000137|0.000026|0.027477|0.028178|0.011541|0.031234|0.000044|0.000045|0.000017|0.000049|0.040537|0.003010|0.017118|0.003334|0.000065|0.000005|0.000026|0.000005,0.146942|0.137931|0.060460|0.153014|0.000241|0.000225|0.000092|0.000242|0.216824|0.014729|0.089743|0.016329|0.000356|0.000024|0.000137|0.000026|0.027477|0.028178|0.011541|0.031234|0.000044|0.000045|0.000017|0.000049|0.040537|0.003010|0.017118|0.003334|0.000065|0.000005|0.000026|0.000005,-1.25103132160173e-16
7500,injections|amylase|fatigue|age|spiders,70,20,0.0008935928344726562,0.0009131431579589844,0.9785900783289817,0.000328|0.000086|0.000973|0.000256|0.000999|0.000263|0.000197|0.000052|0.000407|0.000109|0.001208|0.000324|0.001241|0.000333|0.000244|0.000066|0.026965|0.007104|0.080099|0.021102|0.082264|0.021672|0.016195|0.004267|0.033475|0.008978|0.099438|0.026670|0.102126|0.027391|0.020105|0.005392|0.000576|0.000152|0.001711|0.000451|0.001758|0.000463|0.000346|0.000091|0.000715|0.000192|0.002125|0.000570|0.002182|0.000585|0.000430|0.000115|0.000226|0.000058|0.000671|0.000172|0.000689|0.000176|0.000136|0.000035|0.000273|0.000071|0.000810|0.000210|0.000832|0.000216|0.000164|0.000042|0.018121|0.004640|0.053830|0.013782|0.055285|0.014155|0.010884|0.002787|0.021891|0.005671|0.065028|0.016845|0.066785|0.017300|0.013148|0.003406|0.000419|0.000107|0.001245|0.000319|0.001279|0.000327|0.000252|0.000064|0.000506|0.000131|0.001504|0.000390|0.001545|0.000400|0.000304|0.000079,0.000328|0.000086|0.000973|0.000256|0.000999|0.000263|0.000197|0.000052|0.000407|0.000109|0.001208|0.000324|0.001241|0.000333|0.000244|0.000066|0.026965|0.007104|0.080099|0.021102|0.082264|0.021672|0.016195|0.004267|0.033475|0.008978|0.099438|0.026670|0.102126|0.027391|0.020105|0.005392|0.000576|0.000152|0.001711|0.000451|0.001758|0.000463|0.000346|0.000091|0.000715|0.000192|0.002125|0.000570|0.002182|0.000585|0.000430|0.000115|0.000226|0.000058|0.000671|0.000172|0.000689|0.000176|0.000136|0.000035|0.000273|0.000071|0.000810|0.000210|0.000832|0.000216|0.000164|0.000042|0.018121|0.004640|0.053830|0.013782|0.055285|0.014155|0.010884|0.002787|0.021891|0.005671|0.065028|0.016845|0.066785|0.017300|0.013148|0.003406|0.000419|0.000107|0.001245|0.000319|0.001279|0.000327|0.000252|0.000064|0.000506|0.000131|0.001504|0.000390|0.001545|0.000400|0.000304|0.000079,0.0
7500,upper_pain|alt|inr|joints|platelet,70,25,0.001314401626586914,0.0011873245239257812,1.1070281124497992,0.011968|0.054146|0.006900|0.004899|0.001520|0.006790|0.000852|0.000664|0.000784|0.003655|0.000470|0.000308|0.000100|0.000459|0.000058|0.000042|0.001063|0.004364|0.000538|0.000501|0.000134|0.000549|0.000067|0.000066|0.026567|0.118579|0.015049|0.011143|0.003371|0.014873|0.001859|0.001504|0.001780|0.008291|0.001065|0.000700|0.000227|0.001040|0.000131|0.000096|0.002678|0.010143|0.001216|0.001413|0.000337|0.001278|0.000152|0.000184|0.003430|0.015489|0.001972|0.001401|0.000436|0.001942|0.000244|0.000190|0.000206|0.000960|0.000123|0.000081|0.000026|0.000120|0.000015|0.000011|0.000310|0.001280|0.000158|0.000144|0.000039|0.000161|0.000020|0.000019|0.030863|0.138190|0.017556|0.012891|0.003917|0.017332|0.002168|0.001742|0.002025|0.009435|0.001213|0.000796|0.000258|0.001183|0.000150|0.000109|0.003069|0.011933|0.001444|0.001569|0.000387|0.001503|0.000180|0.000206|0.007540|0.034116|0.004347|0.003087|0.000958|0.004278|0.000537|0.000418|0.000494|0.002303|0.000296|0.000194|0.000063|0.000289|0.000037|0.000027|0.000670|0.002750|0.000339|0.000315|0.000085|0.000346|0.000042|0.000042|0.016739|0.074712|0.009482|0.007021|0.002124|0.009371|0.001171|0.000948|0.001121|0.005224|0.000671|0.000441|0.000143|0.000655|0.000083|0.000060|0.001687|0.006391|0.000766|0.000890|0.000212|0.000805|0.000096|0.000116|0.002161|0.009758|0.001243|0.000883|0.000274|0.001224|0.000153|0.000120|0.000130|0.000605|0.000078|0.000051|0.000017|0.000076|0.000010|0.000007|0.000195|0.000806|0.000100|0.000091|0.000025|0.000101|0.000012|0.000012|0.019447|0.087075|0.011062|0.008122|0.002468|0.010921|0.001366|0.001097|0.001276|0.005945|0.000764|0.000502|0.000162|0.000746|0.000094|0.000069|0.001934|0.007519|0.000910|0.000989|0.000244|0.000947|0.000113|0.000130,0.011968|0.054146|0.006900|0.004899|0.001520|0.006790|0.000852|0.000664|0.000784|0.003655|0.000470|0.000308|0.000100|0.000459|0.000058|0.000042|0.001063|0.004364|0.000538|0.000501|0.000134|0.000549|0.000067|0.000066|0.026567|0.118579|0.015049|0.011143|0.003371|0.014873|0.001859|0.001504|0.001780|0.008291|0.001065|0.000700|0.000227|0.001040|0.000131|0.000096|0.002678|0.010143|0.001216|0.001413|0.000337|0.001278|0.000152|0.000184|0.003430|0.015489|0.001972|0.001401|0.000436|0.001942|0.000244|0.000190|0.000206|0.000960|0.000123|0.000081|0.000026|0.000120|0.000015|0.000011|0.000310|0.001280|0.000158|0.000144|0.000039|0.000161|0.000020|0.000019|0.030863|0.138190|0.017556|0.012891|0.003917|0.017332|0.002168|0.001742|0.002025|0.009435|0.001213|0.000796|0.000258|0.001183|0.000150|0.000109|0.003069|0.011933|0.001444|0.001569|0.000387|0.001503|0.000180|0.000206|0.007540|0.034116|0.004347|0.003087|0.000958|0.004278|0.000537|0.000418|0.000494|0.002303|0.000296|0.000194|0.000063|0.000289|0.000037|0.000027|0.000670|0.002750|0.000339|0.000315|0.000085|0.000346|0.000042|0.000042|0.016739|0.074712|0.009482|0.007021|0.002124|0.009371|0.001171|0.000948|0.001121|0.005224|0.000671|0.000441|0.000143|0.000655|0.000083|0.000060|0.001687|0.006391|0.000766|0.000890|0.000212|0.000805|0.000096|0.000116|0.002161|0.009758|0.001243|0.000883|0.000274|0.001224|0.000153|0.000120|0.000130|0.000605|0.000078|0.000051|0.000017|0.000076|0.000010|0.000007|0.000195|0.000806|0.000100|0.000091|0.000025|0.000101|0.000012|0.000012|0.019447|0.087075|0.011062|0.008122|0.002468|0.010921|0.001366|0.001097|0.001276|0.005945|0.000764|0.000502|0.000162|0.000746|0.000094|0.000069|0.001934|0.007519|0.000910|0.000989|0.000244|0.000947|0.000113|0.000130,-1.1668762741283064e-16
7500,ascites|age|inr|Hyperbilirubinemia|hbeag,70,21,0.000993967056274414,0.0009441375732421875,1.0527777777777778,0.069076|0.000364|0.028860|0.000153|0.004735|0.000027|0.001598|0.000008|0.006308|0.000027|0.001669|0.000007|0.271241|0.001429|0.016912|0.000090|0.018592|0.000108|0.000936|0.000005|0.024770|0.000105|0.000978|0.000004|0.291224|0.001535|0.004186|0.000022|0.019962|0.000116|0.000232|0.000001|0.026594|0.000112|0.000242|0.000001|0.057830|0.000305|0.000306|0.000002|0.003964|0.000023|0.000017|0.000000|0.005281|0.000022|0.000018|0.000000|0.011253|0.000059|0.004702|0.000025|0.000774|0.000004|0.000261|0.000001|0.001016|0.000004|0.000267|0.000001|0.044189|0.000233|0.002755|0.000015|0.003039|0.000018|0.000153|0.000001|0.003988|0.000017|0.000157|0.000001|0.047444|0.000250|0.000682|0.000004|0.003263|0.000019|0.000038|0.000000|0.004282|0.000018|0.000039|0.000000|0.009421|0.000050|0.000050|0.000000|0.000648|0.000004|0.000003|0.000000|0.000850|0.000004|0.000003|0.000000,0.069076|0.000364|0.028860|0.000153|0.004735|0.000027|0.001598|0.000008|0.006308|0.000027|0.001669|0.000007|0.271241|0.001429|0.016912|0.000090|0.018592|0.000108|0.000936|0.000005|0.024770|0.000105|0.000978|0.000004|0.291224|0.001535|0.004186|0.000022|0.019962|0.000116|0.000232|0.000001|0.026594|0.000112|0.000242|0.000001|0.057830|0.000305|0.000306|0.000002|0.003964|0.000023|0.000017|0.000000|0.005281|0.000022|0.000018|0.000000|0.011253|0.000059|0.004702|0.000025|0.000774|0.000004|0.000261|0.000001|0.001016|0.000004|0.000267|0.000001|0.044189|0.000233|0.002755|0.000015|0.003039|0.000018|0.000153|0.000001|0.003988|0.000017|0.000157|0.000001|0.047444|0.000250|0.000682|0.000004|0.003263|0.000019|0.000038|0.000000|0.004282|0.000018|0.000039|0.000000|0.009421|0.000050|0.000050|0.000000|0.000648|0.000004|0.000003|0.000000|0.000850|0.000004|0.000003|0.000000,4.6056240548735376e-17
7500,inr|transfusion|Hyperbilirubinemia|fat|alcoholism,70,20,0.0008323192596435547,0.0007948875427246094,1.0470905818836234,0.429600|0.068021|0.150838|0.023883|0.031329|0.004952|0.011000|0.001739|0.085242|0.013501|0.030058|0.004761|0.006223|0.000982|0.002194|0.000346|0.029746|0.004348|0.010441|0.001526|0.001722|0.000287|0.000604|0.000101|0.005956|0.000872|0.002099|0.000307|0.000340|0.000058|0.000120|0.000020|0.037610|0.007815|0.013204|0.002743|0.001725|0.000372|0.000606|0.000131|0.007361|0.001530|0.002595|0.000539|0.000334|0.000073|0.000118|0.000026,0.429600|0.068021|0.150838|0.023883|0.031329|0.004952|0.011000|0.001739|0.085242|0.013501|0.030058|0.004761|0.006223|0.000982|0.002194|0.000346|0.029746|0.004348|0.010441|0.001526|0.001722|0.000287|0.000604|0.000101|0.005956|0.000872|0.002099|0.000307|0.000340|0.000058|0.000120|0.000020|0.037610|0.007815|0.013204|0.002743|0.001725|0.000372|0.000606|0.000131|0.007361|0.001530|0.002595|0.000539|0.000334|0.000073|0.000118|0.000026,0.0
7500,density|pain|albumin|hbsag|bilirubin,70,23,0.0011754035949707031,0.0011718273162841797,1.0030518819938963,0.003690|0.030146|0.011260|0.000849|0.000346|0.002995|0.001035|0.000093|0.004801|0.038564|0.014706|0.001083|0.000461|0.003903|0.001406|0.000121|0.026896|0.209843|0.081699|0.005935|0.002766|0.022360|0.008279|0.000706|0.000882|0.009475|0.002985|0.000208|0.000084|0.000932|0.000278|0.000024|0.001155|0.012114|0.003913|0.000265|0.000112|0.001214|0.000381|0.000031|0.006557|0.065800|0.021841|0.001463|0.000692|0.006934|0.002254|0.000177|0.002366|0.018847|0.007158|0.000543|0.000222|0.001874|0.000657|0.000059|0.003082|0.024136|0.009361|0.000694|0.000296|0.002448|0.000895|0.000077|0.017243|0.131339|0.051997|0.003796|0.001770|0.014021|0.005270|0.000450|0.000564|0.005904|0.001889|0.000133|0.000053|0.000581|0.000176|0.000015|0.000739|0.007556|0.002480|0.000169|0.000072|0.000759|0.000241|0.000019|0.004192|0.041050|0.013843|0.000932|0.000442|0.004334|0.001429|0.000113,0.003690|0.030146|0.011260|0.000849|0.000346|0.002995|0.001035|0.000093|0.004801|0.038564|0.014706|0.001083|0.000461|0.003903|0.001406|0.000121|0.026896|0.209843|0.081699|0.005935|0.002766|0.022360|0.008279|0.000706|0.000882|0.009475|0.002985|0.000208|0.000084|0.000932|0.000278|0.000024|0.001155|0.012114|0.003913|0.000265|0.000112|0.001214|0.000381|0.000031|0.006557|0.065800|0.021841|0.001463|0.000692|0.006934|0.002254|0.000177|0.002366|0.018847|0.007158|0.000543|0.000222|0.001874|0.000657|0.000059|0.003082|0.024136|0.009361|0.000694|0.000296|0.002448|0.000895|0.000077|0.017243|0.131339|0.051997|0.003796|0.001770|0.014021|0.005270|0.000450|0.000564|0.005904|0.001889|0.000133|0.000053|0.000581|0.000176|0.000015|0.000739|0.007556|0.002480|0.000169|0.000072|0.000759|0.000241|0.000019|0.004192|0.041050|0.013843|0.000932|0.000442|0.004334|0.001429|0.000113,-7.838478165714377e-17
7500,density|nausea|fibrosis|bilirubin|platelet,70,25,0.001224517822265625,0.0012488365173339844,0.9805269186712485,0.005382|0.021819|0.002445|0.003257|0.041543|0.195807|0.025902|0.014065|0.016281|0.069158|0.008256|0.008460|0.001187|0.004958|0.000566|0.000679|0.000358|0.001001|0.000100|0.000242|0.002343|0.006969|0.000752|0.001430|0.001027|0.002962|0.000312|0.000725|0.000076|0.000274|0.000031|0.000053|0.002153|0.008725|0.000978|0.001303|0.016611|0.078282|0.010355|0.005626|0.006511|0.027652|0.003301|0.003384|0.000475|0.001982|0.000226|0.000271|0.000143|0.000400|0.000040|0.000097|0.000937|0.002786|0.000301|0.000572|0.000410|0.001184|0.000125|0.000290|0.000030|0.000110|0.000013|0.000021|0.003452|0.013979|0.001564|0.002098|0.026007|0.122294|0.016145|0.008918|0.010363|0.043906|0.005227|0.005433|0.000759|0.003167|0.000361|0.000436|0.000228|0.000636|0.000063|0.000155|0.001483|0.004397|0.000474|0.000914|0.000658|0.001894|0.000199|0.000468|0.000048|0.000174|0.000020|0.000034|0.001381|0.005589|0.000625|0.000839|0.010399|0.048892|0.006454|0.003567|0.004144|0.017556|0.002090|0.002173|0.000304|0.001266|0.000144|0.000175|0.000091|0.000254|0.000025|0.000062|0.000593|0.001758|0.000189|0.000365|0.000263|0.000757|0.000080|0.000187|0.000019|0.000070|0.000008|0.000014,0.005382|0.021819|0.002445|0.003257|0.041543|0.195807|0.025902|0.014065|0.016281|0.069158|0.008256|0.008460|0.001187|0.004958|0.000566|0.000679|0.000358|0.001001|0.000100|0.000242|0.002343|0.006969|0.000752|0.001430|0.001027|0.002962|0.000312|0.000725|0.000076|0.000274|0.000031|0.000053|0.002153|0.008725|0.000978|0.001303|0.016611|0.078282|0.010355|0.005626|0.006511|0.027652|0.003301|0.003384|0.000475|0.001982|0.000226|0.000271|0.000143|0.000400|0.000040|0.000097|0.000937|0.002786|0.000301|0.000572|0.000410|0.001184|0.000125|0.000290|0.000030|0.000110|0.000013|0.000021|0.003452|0.013979|0.001564|0.002098|0.026007|0.122294|0.016145|0.008918|0.010363|0.043906|0.005227|0.005433|0.000759|0.003167|0.000361|0.000436|0.000228|0.000636|0.000063|0.000155|0.001483|0.004397|0.000474|0.000914|0.000658|0.001894|0.000199|0.000468|0.000048|0.000174|0.000020|0.000034|0.001381|0.005589|0.000625|0.000839|0.010399|0.048892|0.006454|0.003567|0.004144|0.017556|0.002090|0.002173|0.000304|0.001266|0.000144|0.000175|0.000091|0.000254|0.000025|0.000062|0.000593|0.001758|0.000189|0.000365|0.000263|0.000757|0.000080|0.000187|0.000019|0.000070|0.000008|0.000014,0.0
7500,ggtp|vh_amn|cholesterol|edema|bleeding,70,25,0.0014324188232421875,0.0013647079467773438,1.0496156533892382,0.057320|0.010982|0.009414|0.001881|0.015502|0.003092|0.002568|0.000537|0.003935|0.000800|0.000661|0.000140|0.012443|0.002384|0.002122|0.000425|0.003006|0.000600|0.000515|0.000108|0.000846|0.000171|0.000149|0.000031|0.051841|0.010193|0.008549|0.001755|0.021778|0.004382|0.003552|0.000743|0.006496|0.001315|0.001062|0.000222|0.010525|0.002078|0.001806|0.000372|0.004210|0.000847|0.000707|0.000148|0.001339|0.000271|0.000227|0.000047|0.052585|0.010199|0.008596|0.001723|0.019317|0.003864|0.003135|0.000648|0.005684|0.001149|0.000934|0.000195|0.011561|0.002248|0.001978|0.000399|0.003819|0.000764|0.000642|0.000133|0.001216|0.000246|0.000209|0.000044|0.285949|0.054047|0.046893|0.009274|0.061305|0.012113|0.010286|0.002154|0.012956|0.002640|0.002223|0.000478|0.059791|0.011323|0.010150|0.002014|0.011964|0.002365|0.002070|0.000433|0.002950|0.000598|0.000528|0.000112,0.057320|0.010982|0.009414|0.001881|0.015502|0.003092|0.002568|0.000537|0.003935|0.000800|0.000661|0.000140|0.012443|0.002384|0.002122|0.000425|0.003006|0.000600|0.000515|0.000108|0.000846|0.000171|0.000149|0.000031|0.051841|0.010193|0.008549|0.001755|0.021778|0.004382|0.003552|0.000743|0.006496|0.001315|0.001062|0.000222|0.010525|0.002078|0.001806|0.000372|0.004210|0.000847|0.000707|0.000148|0.001339|0.000271|0.000227|0.000047|0.052585|0.010199|0.008596|0.001723|0.019317|0.003864|0.003135|0.000648|0.005684|0.001149|0.000934|0.000195|0.011561|0.002248|0.001978|0.000399|0.003819|0.000764|0.000642|0.000133|0.001216|0.000246|0.000209|0.000044|0.285949|0.054047|0.046893|0.009274|0.061305|0.012113|0.010286|0.002154|0.012956|0.002640|0.002223|0.000478|0.059791|0.011323|0.010150|0.002014|0.011964|0.002365|0.002070|0.000433|0.002950|0.000598|0.000528|0.000112,4.4317019730631166e-17
7500,anorexia|edema|obesity|hcv_anti|carcinoma,70,22,0.001001596450805664,0.0009160041809082031,1.0934409161894847,0.541306|0.034224|0.000874|0.000051|0.038123|0.002989|0.000062|0.000005|0.087296|0.008266|0.000138|0.000011|0.006478|0.000859|0.000010|0.000001|0.209799|0.013256|0.000339|0.000020|0.014775|0.001158|0.000024|0.000002|0.033829|0.003199|0.000054|0.000004|0.002510|0.000333|0.000004|0.000000,0.541306|0.034224|0.000874|0.000051|0.038123|0.002989|0.000062|0.000005|0.087296|0.008266|0.000138|0.000011|0.006478|0.000859|0.000010|0.000001|0.209799|0.013256|0.000339|0.000020|0.014775|0.001158|0.000024|0.000002|0.033829|0.003199|0.000054|0.000004|0.002510|0.000333|0.000004|0.000000,-3.811243176944256e-17
7500,alcoholism|sex|spleen|Steatosis|hcv_anti,70,18,0.0008535385131835938,0.0007877349853515625,1.0835351089588379,0.426148|0.000688|0.027945|0.000045|0.050326|0.000075|0.009447|0.000015|0.286792|0.000463|0.018806|0.000030|0.033868|0.000051|0.006358|0.000010|0.055183|0.000089|0.015870|0.000025|0.006549|0.000010|0.005310|0.000008|0.037137|0.000060|0.010681|0.000017|0.004407|0.000007|0.003574|0.000006,0.426148|0.000688|0.027945|0.000045|0.050326|0.000075|0.009447|0.000015|0.286792|0.000463|0.018806|0.000030|0.033868|0.000051|0.006358|0.000010|0.055183|0.000089|0.015870|0.000025|0.006549|0.000010|0.005310|0.000008|0.037137|0.000060|0.010681|0.000017|0.004407|0.000007|0.003574|0.000006,-4.769363064215329e-17
7500,proteins|hcv_anti|pain|pain_ruq|palms,70,21,0.0009658336639404297,0.0009567737579345703,1.0094692250186892,0.368221|0.070742|0.264017|0.052071|0.108569|0.020855|0.077579|0.015305|0.000594|0.000108|0.000426|0.000080|0.000175|0.000032|0.000125|0.000023|0.008137|0.001348|0.005802|0.000969|0.002399|0.000398|0.001705|0.000285|0.000013|0.000002|0.000009|0.000002|0.000004|0.000001|0.000003|0.000000,0.368221|0.070742|0.264017|0.052071|0.108569|0.020855|0.077579|0.015305|0.000594|0.000108|0.000426|0.000080|0.000175|0.000032|0.000125|0.000023|0.008137|0.001348|0.005802|0.000969|0.002399|0.000398|0.001705|0.000285|0.000013|0.000002|0.000009|0.000002|0.000004|0.000001|0.000003|0.000000,-1.0198630663701234e-16
7500,pain_ruq|hbeag|transfusion|le_cells|joints,70,18,0.0007777214050292969,0.00079345703125,0.9801682692307693,0.398883|0.050015|0.029921|0.004025|0.079089|0.009917|0.005933|0.000798|0.001992|0.000250|0.000149|0.000020|0.000503|0.000063|0.000038|0.000005|0.286716|0.036022|0.021694|0.002924|0.056849|0.007142|0.004301|0.000580|0.001432|0.000180|0.000108|0.000015|0.000362|0.000045|0.000027|0.000004,0.398883|0.050015|0.029921|0.004025|0.079089|0.009917|0.005933|0.000798|0.001992|0.000250|0.000149|0.000020|0.000503|0.000063|0.000038|0.000005|0.286716|0.036022|0.021694|0.002924|0.056849|0.007142|0.004301|0.000580|0.001432|0.000180|0.000108|0.000015|0.000362|0.000045|0.000027|0.000004,8.490532525088164e-17
7500,THepatitis|amylase|hbsag|fat|injections,70,14,0.0006396770477294922,0.0006155967712402344,1.039116963594113,0.004542|0.003177|0.001567|0.001056|0.000524|0.000273|0.000181|0.000091|0.370754|0.252280|0.132068|0.087401|0.042828|0.021680|0.015261|0.007511|0.008132|0.006020|0.002613|0.001836|0.000938|0.000517|0.000302|0.000158|0.000181|0.000126|0.000062|0.000042|0.000021|0.000011|0.000007|0.000004|0.014761|0.010044|0.005258|0.003480|0.001705|0.000863|0.000608|0.000299|0.000324|0.000240|0.000104|0.000073|0.000037|0.000021|0.000012|0.000006,0.004542|0.003177|0.001567|0.001056|0.000524|0.000273|0.000181|0.000091|0.370754|0.252280|0.132068|0.087401|0.042828|0.021680|0.015261|0.007511|0.008132|0.006020|0.002613|0.001836|0.000938|0.000517|0.000302|0.000158|0.000181|0.000126|0.000062|0.000042|0.000021|0.000011|0.000007|0.000004|0.014761|0.010044|0.005258|0.003480|0.001705|0.000863|0.000608|0.000299|0.000324|0.000240|0.000104|0.000073|0.000037|0.000021|0.000012|0.000006,9.01078299758138e-17
10000,upper_pain|vh_amn|bilirubin|spiders|irregular_liver,70,21,0.0012035369873046875,0.0009784698486328125,1.230019493177388,0.028293|0.004352|0.007417|0.002287|0.233392|0.032375|0.058085|0.013017|0.081411|0.012043|0.020899|0.005829|0.006397|0.000997|0.001696|0.000522|0.005531|0.000915|0.001510|0.000546|0.048008|0.006996|0.012272|0.003174|0.016231|0.002599|0.004352|0.001467|0.001493|0.000245|0.000407|0.000140|0.017799|0.002737|0.004665|0.001438|0.146239|0.020282|0.036391|0.008153|0.050747|0.007512|0.013033|0.003639|0.004098|0.000637|0.001084|0.000332|0.003478|0.000575|0.000949|0.000343|0.030072|0.004380|0.007685|0.001986|0.010128|0.001624|0.002717|0.000917|0.000954|0.000156|0.000260|0.000089,0.028293|0.004352|0.007417|0.002287|0.233392|0.032375|0.058085|0.013017|0.081411|0.012043|0.020899|0.005829|0.006397|0.000997|0.001696|0.000522|0.005531|0.000915|0.001510|0.000546|0.048008|0.006996|0.012272|0.003174|0.016231|0.002599|0.004352|0.001467|0.001493|0.000245|0.000407|0.000140|0.017799|0.002737|0.004665|0.001438|0.146239|0.020282|0.036391|0.008153|0.050747|0.007512|0.013033|0.003639|0.004098|0.000637|0.001084|0.000332|0.003478|0.000575|0.000949|0.000343|0.030072|0.004380|0.007685|0.001986|0.010128|0.001624|0.002717|0.000917|0.000954|0.000156|0.000260|0.000089,-2.3208308577727466e-16
10000,ast|triglycerides|RHepatitis|vh_amn|age,70,18,0.0008776187896728516,0.0008194446563720703,1.0709921443119,0.002039|0.005914|0.005693|0.001073|0.000418|0.001213|0.001168|0.000220|0.000065|0.000190|0.000183|0.000034|0.000013|0.000039|0.000037|0.000007|0.048063|0.139435|0.134230|0.025298|0.009849|0.028572|0.027505|0.005184|0.001514|0.004392|0.004228|0.000797|0.000301|0.000872|0.000840|0.000158|0.002282|0.006620|0.006373|0.001201|0.000468|0.001357|0.001307|0.000246|0.000073|0.000211|0.000204|0.000038|0.000015|0.000043|0.000041|0.000008|0.000661|0.001917|0.001846|0.000348|0.000139|0.000404|0.000389|0.000073|0.000013|0.000037|0.000036|0.000007|0.000002|0.000007|0.000007|0.000001|0.020522|0.059535|0.057312|0.010802|0.004145|0.012025|0.011576|0.002182|0.000222|0.000645|0.000621|0.000117|0.000043|0.000125|0.000120|0.000023|0.000809|0.002346|0.002258|0.000426|0.000168|0.000487|0.000469|0.000088|0.000013|0.000038|0.000037|0.000007|0.000003|0.000007|0.000007|0.000001|0.001634|0.004741|0.004564|0.000860|0.000341|0.000988|0.000951|0.000179|0.000026|0.000075|0.000072|0.000014|0.000006|0.000017|0.000016|0.000003|0.032615|0.094619|0.091087|0.017167|0.006959|0.020189|0.019435|0.003663|0.000705|0.002047|0.001970|0.000371|0.000164|0.000476|0.000458|0.000086|0.001747|0.005068|0.004878|0.000919|0.000366|0.001063|0.001023|0.000193|0.000030|0.000088|0.000084|0.000016|0.000007|0.000020|0.000019|0.000004|0.000044|0.000127|0.000122|0.000023|0.000013|0.000037|0.000036|0.000007|0.000001|0.000004|0.000004|0.000001|0.000000|0.000001|0.000001|0.000000|0.001486|0.004312|0.004151|0.000782|0.000408|0.001184|0.001139|0.000215|0.000029|0.000085|0.000082|0.000015|0.000006|0.000018|0.000018|0.000003|0.000055|0.000160|0.000154|0.000029|0.000016|0.000046|0.000044|0.000008|0.000002|0.000004|0.000004|0.000001|0.000000|0.000001|0.000001|0.000000,0.002039|0.005914|0.005693|0.001073|0.000418|0.001213|0.001168|0.000220|0.000065|0.000190|0.000183|0.000034|0.000013|0.000039|0.000037|0.000007|0.048063|0.139435|0.134230|0.025298|0.009849|0.028572|0.027505|0.005184|0.001514|0.004392|0.004228|0.000797|0.000301|0.000872|0.000840|0.000158|0.002282|0.006620|0.006373|0.001201|0.000468|0.001357|0.001307|0.000246|0.000073|0.000211|0.000204|0.000038|0.000015|0.000043|0.000041|0.000008|0.000661|0.001917|0.001846|0.000348|0.000139|0.000404|0.000389|0.000073|0.000013|0.000037|0.000036|0.000007|0.000002|0.000007|0.000007|0.000001|0.020522|0.059535|0.057312|0.010802|0.004145|0.012025|0.011576|0.002182|0.000222|0.000645|0.000621|0.000117|0.000043|0.000125|0.000120|0.000023|0.000809|0.002346|0.002258|0.000426|0.000168|0.000487|0.000469|0.000088|0.000013|0.000038|0.000037|0.000007|0.000003|0.000007|0.000007|0.000001|0.001634|0.004741|0.004564|0.000860|0.000341|0.000988|0.000951|0.000179|0.000026|0.000075|0.000072|0.000014|0.000006|0.000017|0.000016|0.000003|0.032615|0.094619|0.091087|0.017167|0.006959|0.020189|0.019435|0.003663|0.000705|0.002047|0.001970|0.000371|0.000164|0.000476|0.000458|0.000086|0.001747|0.005068|0.004878|0.000919|0.000366|0.001063|0.001023|0.000193|0.000030|0.000088|0.000084|0.000016|0.000007|0.000020|0.000019|0.000004|0.000044|0.000127|0.000122|0.000023|0.000013|0.000037|0.000036|0.000007|0.000001|0.000004|0.000004|0.000001|0.000000|0.000001|0.000001|0.000000|0.001486|0.004312|0.004151|0.000782|0.000408|0.001184|0.001139|0.000215|0.000029|0.000085|0.000082|0.000015|0.000006|0.000018|0.000018|0.000003|0.000055|0.000160|0.000154|0.000029|0.000016|0.000046|0.000044|0.000008|0.000002|0.000004|0.000004|0.000001|0.000000|0.000001|0.000001|0.000000,-7.411922989017922e-17
10000,ESR|age|jaundice|hepatalgia|Steatosis,70,25,0.0012316703796386719,0.0011909008026123047,1.0342342342342343,0.063704|0.006013|0.016129|0.001667|0.020657|0.002193|0.005047|0.000606|0.143135|0.014350|0.040874|0.004171|0.048290|0.005581|0.013684|0.001621|0.132008|0.013454|0.038564|0.003943|0.044787|0.005276|0.013062|0.001546|0.021906|0.002321|0.006421|0.000681|0.007978|0.000951|0.002336|0.000279|0.004497|0.001123|0.001207|0.000310|0.001729|0.000436|0.000460|0.000120|0.036806|0.004900|0.010630|0.001422|0.017940|0.002220|0.005174|0.000642|0.038643|0.004880|0.011320|0.001430|0.018987|0.002205|0.005560|0.000645|0.008925|0.001045|0.002617|0.000306|0.004498|0.000487|0.001319|0.000143|0.006951|0.000533|0.001710|0.000150|0.002419|0.000199|0.000583|0.000056|0.025174|0.002156|0.007195|0.000630|0.010892|0.000929|0.003110|0.000272|0.024927|0.002187|0.007286|0.000642|0.010999|0.000955|0.003214|0.000280|0.005188|0.000449|0.001520|0.000132|0.002424|0.000204|0.000710|0.000060,0.063704|0.006013|0.016129|0.001667|0.020657|0.002193|0.005047|0.000606|0.143135|0.014350|0.040874|0.004171|0.048290|0.005581|0.013684|0.001621|0.132008|0.013454|0.038564|0.003943|0.044787|0.005276|0.013062|0.001546|0.021906|0.002321|0.006421|0.000681|0.007978|0.000951|0.002336|0.000279|0.004497|0.001123|0.001207|0.000310|0.001729|0.000436|0.000460|0.000120|0.036806|0.004900|0.010630|0.001422|0.017940|0.002220|0.005174|0.000642|0.038643|0.004880|0.011320|0.001430|0.018987|0.002205|0.005560|0.000645|0.008925|0.001045|0.002617|0.000306|0.004498|0.000487|0.001319|0.000143|0.006951|0.000533|0.001710|0.000150|0.002419|0.000199|0.000583|0.000056|0.025174|0.002156|0.007195|0.000630|0.010892|0.000929|0.003110|0.000272|0.024927|0.002187|0.007286|0.000642|0.010999|0.000955|0.003214|0.000280|0.005188|0.000449|0.001520|0.000132|0.002424|0.000204|0.000710|0.000060,4.9287816940216783e-17
10000,urea|injections|fatigue|spleen|PBC,70,22,0.0010020732879638672,0.0009725093841552734,1.0303996077469968,0.006216|0.004438|0.000886|0.000612|0.007604|0.005425|0.001109|0.000765|0.003967|0.002836|0.000540|0.000376|0.004791|0.003423|0.000663|0.000460|0.133405|0.082782|0.018452|0.011472|0.163113|0.101220|0.023063|0.014341|0.085192|0.052860|0.011305|0.007027|0.102868|0.063830|0.013849|0.008608|0.009218|0.005901|0.001283|0.000817|0.011271|0.007215|0.001604|0.001021|0.005886|0.003768|0.000785|0.000501|0.007107|0.004550|0.000962|0.000613,0.006216|0.004438|0.000886|0.000612|0.007604|0.005425|0.001109|0.000765|0.003967|0.002836|0.000540|0.000376|0.004791|0.003423|0.000663|0.000460|0.133405|0.082782|0.018452|0.011472|0.163113|0.101220|0.023063|0.014341|0.085192|0.052860|0.011305|0.007027|0.102868|0.063830|0.013849|0.008608|0.009218|0.005901|0.001283|0.000817|0.011271|0.007215|0.001604|0.001021|0.005886|0.003768|0.000785|0.000501|0.007107|0.004550|0.000962|0.000613,3.197135606470777e-17
10000,flatulence|inr|platelet|RHepatitis|hbeag,70,24,0.001081705093383789,0.0011742115020751953,0.9212182741116751,0.074549|0.000211|0.001794|0.000005|0.335944|0.000950|0.008085|0.000023|0.039109|0.000111|0.000941|0.000003|0.030926|0.000089|0.000744|0.000002|0.004398|0.000015|0.000106|0.000000|0.020531|0.000068|0.000494|0.000002|0.002365|0.000008|0.000057|0.000000|0.001682|0.000006|0.000040|0.000000|0.006814|0.000015|0.000164|0.000000|0.026939|0.000057|0.000648|0.000001|0.003233|0.000007|0.000078|0.000000|0.003589|0.000009|0.000086|0.000000|0.057421|0.000163|0.001382|0.000004|0.258751|0.000733|0.006227|0.000018|0.030123|0.000085|0.000725|0.000002|0.023821|0.000068|0.000573|0.000002|0.003387|0.000011|0.000081|0.000000|0.015812|0.000052|0.000380|0.000001|0.001822|0.000006|0.000044|0.000000|0.001296|0.000004|0.000031|0.000000|0.005248|0.000012|0.000126|0.000000|0.020749|0.000044|0.000499|0.000001|0.002490|0.000005|0.000060|0.000000|0.002764|0.000007|0.000067|0.000000,0.074549|0.000211|0.001794|0.000005|0.335944|0.000950|0.008085|0.000023|0.039109|0.000111|0.000941|0.000003|0.030926|0.000089|0.000744|0.000002|0.004398|0.000015|0.000106|0.000000|0.020531|0.000068|0.000494|0.000002|0.002365|0.000008|0.000057|0.000000|0.001682|0.000006|0.000040|0.000000|0.006814|0.000015|0.000164|0.000000|0.026939|0.000057|0.000648|0.000001|0.003233|0.000007|0.000078|0.000000|0.003589|0.000009|0.000086|0.000000|0.057421|0.000163|0.001382|0.000004|0.258751|0.000733|0.006227|0.000018|0.030123|0.000085|0.000725|0.000002|0.023821|0.000068|0.000573|0.000002|0.003387|0.000011|0.000081|0.000000|0.015812|0.000052|0.000380|0.000001|0.001822|0.000006|0.000044|0.000000|0.001296|0.000004|0.000031|0.000000|0.005248|0.000012|0.000126|0.000000|0.020749|0.000044|0.000499|0.000001|0.002490|0.000005|0.000060|0.000000|0.002764|0.000007|0.000067|0.000000,2.1026907177538874e-16
10000,edema|phosphatase|nausea|edge|pain,70,23,0.0011093616485595703,0.0010211467742919922,1.086388045762316,0.184203|0.050596|0.067163|0.018448|0.074110|0.020356|0.026994|0.007415|0.058769|0.016143|0.019288|0.005298|0.023003|0.006318|0.007551|0.002074|0.111259|0.030560|0.041225|0.011323|0.043882|0.012053|0.016293|0.004475|0.028288|0.007770|0.013102|0.003599|0.011378|0.003125|0.005257|0.001444|0.008927|0.002452|0.003236|0.000889|0.003494|0.000960|0.001268|0.000348|0.017240|0.004736|0.008434|0.002317|0.006803|0.001869|0.003345|0.000919,0.184203|0.050596|0.067163|0.018448|0.074110|0.020356|0.026994|0.007415|0.058769|0.016143|0.019288|0.005298|0.023003|0.006318|0.007551|0.002074|0.111259|0.030560|0.041225|0.011323|0.043882|0.012053|0.016293|0.004475|0.028288|0.007770|0.013102|0.003599|0.011378|0.003125|0.005257|0.001444|0.008927|0.002452|0.003236|0.000889|0.003494|0.000960|0.001268|0.000348|0.017240|0.004736|0.008434|0.002317|0.006803|0.001869|0.003345|0.000919,2.4553335233471397e-17
10000,ChHepatitis|edge|hcv_anti|ascites|bilirubin,70,22,0.0010268688201904297,0.0009851455688476562,1.0423523717328171,0.042951|0.341236|0.120885|0.008661|0.007337|0.058339|0.020663|0.001479|0.000106|0.000840|0.000297|0.000021|0.000018|0.000144|0.000051|0.000004|0.016292|0.117525|0.043639|0.003284|0.002752|0.019967|0.007394|0.000554|0.000040|0.000289|0.000107|0.000008|0.000007|0.000049|0.000018|0.000001|0.005335|0.049032|0.016501|0.002076|0.000902|0.008326|0.002791|0.000352|0.000012|0.000113|0.000038|0.000005|0.000002|0.000019|0.000006|0.000001|0.003246|0.023873|0.010096|0.001079|0.000534|0.003967|0.001662|0.000179|0.000007|0.000055|0.000023|0.000002|0.000001|0.000009|0.000004|0.000000|0.001921|0.024284|0.006653|0.001099|0.000328|0.004147|0.001135|0.000188|0.000000|0.000000|0.000000|0.000000|0.000000|0.000000|0.000000|0.000000|0.000894|0.008807|0.002726|0.000441|0.000150|0.001490|0.000458|0.000074|0.000000|0.000000|0.000000|0.000000|0.000000|0.000000|0.000000|0.000000,0.042951|0.341236|0.120885|0.008661|0.007337|0.058339|0.020663|0.001479|0.000106|0.000840|0.000297|0.000021|0.000018|0.000144|0.000051|0.000004|0.016292|0.117525|0.043639|0.003284|0.002752|0.019967|0.007394|0.000554|0.000040|0.000289|0.000107|0.000008|0.000007|0.000049|0.000018|0.000001|0.005335|0.049032|0.016501|0.002076|0.000902|0.008326|0.002791|0.000352|0.000012|0.000113|0.000038|0.000005|0.000002|0.000019|0.000006|0.000001|0.003246|0.023873|0.010096|0.001079|0.000534|0.003967|0.001662|0.000179|0.000007|0.000055|0.000023|0.000002|0.000001|0.000009|0.000004|0.000000|0.001921|0.024284|0.006653|0.001099|0.000328|0.004147|0.001135|0.000188|0.000000|0.000000|0.000000|0.000000|0.000000|0.000000|0.000000|0.000000|0.000894|0.008807|0.002726|0.000441|0.000150|0.001490|0.000458|0.000074|0.000000|0.000000|0.000000|0.000000|0.000000|0.000000|0.000000|0.000000,-7.977289701172192e-17
10000,ascites|pressure_ruq|Cirrhosis|nausea|hepatomegaly,70,25,0.0011136531829833984,0.0011296272277832031,0.9858590122414521,0.113057|0.235088|0.044886|0.093672|0.003085|0.006612|0.001228|0.002641|0.006451|0.013866|0.002569|0.005541|0.070157|0.144112|0.027853|0.057425|0.001939|0.004128|0.000772|0.001649|0.004050|0.008649|0.001613|0.003456|0.019359|0.040256|0.007686|0.016040|0.000484|0.001036|0.000193|0.000414|0.001035|0.002224|0.000412|0.000889|0.012013|0.024677|0.004769|0.009833|0.000304|0.000647|0.000121|0.000258|0.000650|0.001387|0.000259|0.000554,0.113057|0.235088|0.044886|0.093672|0.003085|0.006612|0.001228|0.002641|0.006451|0.013866|0.002569|0.005541|0.070157|0.144112|0.027853|0.057425|0.001939|0.004128|0.000772|0.001649|0.004050|0.008649|0.001613|0.003456|0.019359|0.040256|0.007686|0.016040|0.000484|0.001036|0.000193|0.000414|0.001035|0.002224|0.000412|0.000889|0.012013|0.024677|0.004769|0.009833|0.000304|0.000647|0.000121|0.000258|0.000650|0.001387|0.000259|0.000554,1.9922225397657663e-18
10000,anorexia|le_cells|THepatitis|proteins|surgery,70,21,0.0008993148803710938,0.0008680820465087891,1.0359791266135676,0.373156|0.266788|0.007848|0.005619|0.014934|0.010677|0.000310|0.000222|0.025946|0.018550|0.000546|0.000391|0.001038|0.000742|0.000022|0.000015|0.141201|0.100952|0.002970|0.002126|0.004677|0.003344|0.000097|0.000069|0.009818|0.007019|0.000206|0.000148|0.000325|0.000233|0.000007|0.000005,0.373156|0.266788|0.007848|0.005619|0.014934|0.010677|0.000310|0.000222|0.025946|0.018550|0.000546|0.000391|0.001038|0.000742|0.000022|0.000015|0.141201|0.100952|0.002970|0.002126|0.004677|0.003344|0.000097|0.000069|0.009818|0.007019|0.000206|0.000148|0.000325|0.000233|0.000007|0.000005,1.755483199581133e-16
10000,amylase|pain|hbc_anti|cholesterol|encephalopathy,70,21,0.0010161399841308594,0.0009806156158447266,1.0362265985898371,0.005267|0.000132|0.001460|0.000056|0.000381|0.000018|0.000551|0.000014|0.000155|0.000006|0.000039|0.000002|0.001528|0.000034|0.000350|0.000012|0.000081|0.000004|0.000160|0.000003|0.000037|0.000001|0.000008|0.000000|0.496259|0.012404|0.137468|0.005308|0.035918|0.001663|0.051856|0.001285|0.014608|0.000563|0.003706|0.000175|0.144002|0.003174|0.032960|0.001151|0.007628|0.000342|0.015062|0.000328|0.003506|0.000122|0.000775|0.000036|0.009920|0.000248|0.002750|0.000106|0.000718|0.000033|0.001038|0.000026|0.000292|0.000011|0.000074|0.000003|0.002879|0.000063|0.000659|0.000023|0.000152|0.000007|0.000301|0.000007|0.000070|0.000002|0.000016|0.000001,0.005267|0.000132|0.001460|0.000056|0.000381|0.000018|0.000551|0.000014|0.000155|0.000006|0.000039|0.000002|0.001528|0.000034|0.000350|0.000012|0.000081|0.000004|0.000160|0.000003|0.000037|0.000001|0.000008|0.000000|0.496259|0.012404|0.137468|0.005308|0.035918|0.001663|0.051856|0.001285|0.014608|0.000563|0.003706|0.000175|0.144002|0.003174|0.032960|0.001151|0.007628|0.000342|0.015062|0.000328|0.003506|0.000122|0.000775|0.000036|0.009920|0.000248|0.002750|0.000106|0.000718|0.000033|0.001038|0.000026|0.000292|0.000011|0.000074|0.000003|0.002879|0.000063|0.000659|0.000023|0.000152|0.000007|0.000301|0.000007|0.000070|0.000002|0.000016|0.000001,7.871341369322909e-17
10000,density|ast|alcoholism|jaundice|skin,70,26,0.0013659000396728516,0.0013363361358642578,1.0221231043710972,0.120097|0.057926|0.033065|0.033714|0.018974|0.009303|0.005248|0.005496|0.050240|0.024203|0.013829|0.014040|0.006948|0.003396|0.001920|0.001993|0.080966|0.039077|0.022293|0.022805|0.014160|0.007002|0.003925|0.004169|0.003883|0.001848|0.001064|0.001080|0.000545|0.000263|0.000150|0.000155|0.078354|0.038192|0.021636|0.022404|0.012393|0.006139|0.003438|0.003653|0.032781|0.015961|0.009050|0.009334|0.004540|0.002243|0.001258|0.001326|0.052855|0.025780|0.014596|0.015163|0.009259|0.004625|0.002574|0.002774|0.002533|0.001218|0.000696|0.000717|0.000356|0.000173|0.000098|0.000103,0.120097|0.057926|0.033065|0.033714|0.018974|0.009303|0.005248|0.005496|0.050240|0.024203|0.013829|0.014040|0.006948|0.003396|0.001920|0.001993|0.080966|0.039077|0.022293|0.022805|0.014160|0.007002|0.003925|0.004169|0.003883|0.001848|0.001064|0.001080|0.000545|0.000263|0.000150|0.000155|0.078354|0.038192|0.021636|0.022404|0.012393|0.006139|0.003438|0.003653|0.032781|0.015961|0.009050|0.009334|0.004540|0.002243|0.001258|0.001326|0.052855|0.025780|0.014596|0.015163|0.009259|0.004625|0.002574|0.002774|0.002533|0.001218|0.000696|0.000717|0.000356|0.000173|0.000098|0.000103,2.2223787126191354e-17
10000,ChHepatitis|Hyperbilirubinemia|injections|density|vh_amn,70,18,0.0008063316345214844,0.0007307529449462891,1.1034257748776508,0.230960|0.032483|0.151650|0.021329|0.162480|0.030019|0.106686|0.019711|0.018326|0.002577|0.011885|0.001671|0.012892|0.002382|0.008361|0.001545|0.037238|0.016336|0.024508|0.010751|0.013618|0.005611|0.008963|0.003693|0.002952|0.001295|0.001924|0.000844|0.001079|0.000445|0.000703|0.000290|0.015770|0.010244|0.010359|0.006729|0.003012|0.001626|0.001978|0.001068|0.001251|0.000813|0.000812|0.000527|0.000239|0.000129|0.000155|0.000084,0.230960|0.032483|0.151650|0.021329|0.162480|0.030019|0.106686|0.019711|0.018326|0.002577|0.011885|0.001671|0.012892|0.002382|0.008361|0.001545|0.037238|0.016336|0.024508|0.010751|0.013618|0.005611|0.008963|0.003693|0.002952|0.001295|0.001924|0.000844|0.001079|0.000445|0.000703|0.000290|0.015770|0.010244|0.010359|0.006729|0.003012|0.001626|0.001978|0.001068|0.001251|0.000813|0.000812|0.000527|0.000239|0.000129|0.000155|0.000084,-5.458950249713533e-17
10000,encephalopathy|Cirrhosis|alt|hepatomegaly|fibrosis,70,22,0.001081705093383789,0.0011649131774902344,0.9285714285714286,0.049072|0.000828|0.100566|0.001708|0.104887|0.001078|0.218914|0.002239|0.013704|0.000457|0.027987|0.000928|0.120304|0.001604|0.248711|0.003334|0.000318|0.000829|0.000698|0.001701|0.001919|0.000890|0.004196|0.001864|0.000072|0.000386|0.000152|0.000793|0.002468|0.001180|0.005379|0.002466|0.001021|0.001198|0.002223|0.002460|0.004914|0.002049|0.010728|0.004317|0.000252|0.000579|0.000550|0.001179|0.003801|0.002396|0.008342|0.004995|0.001319|0.000022|0.002782|0.000047|0.002821|0.000029|0.006053|0.000062|0.000368|0.000012|0.000774|0.000026|0.003234|0.000043|0.006879|0.000092|0.000003|0.000007|0.000006|0.000014|0.000015|0.000007|0.000033|0.000015|0.000001|0.000003|0.000001|0.000006|0.000020|0.000009|0.000043|0.000020|0.000052|0.000061|0.000113|0.000125|0.000250|0.000104|0.000547|0.000220|0.000013|0.000030|0.000028|0.000060|0.000194|0.000122|0.000425|0.000255,0.049072|0.000828|0.100566|0.001708|0.104887|0.001078|0.218914|0.002239|0.013704|0.000457|0.027987|0.000928|0.120304|0.001604|0.248711|0.003334|0.000318|0.000829|0.000698|0.001701|0.001919|0.000890|0.004196|0.001864|0.000072|0.000386|0.000152|0.000793|0.002468|0.001180|0.005379|0.002466|0.001021|0.001198|0.002223|0.002460|0.004914|0.002049|0.010728|0.004317|0.000252|0.000579|0.000550|0.001179|0.003801|0.002396|0.008342|0.004995|0.001319|0.000022|0.002782|0.000047|0.002821|0.000029|0.006053|0.000062|0.000368|0.000012|0.000774|0.000026|0.003234|0.000043|0.006879|0.000092|0.000003|0.000007|0.000006|0.000014|0.000015|0.000007|0.000033|0.000015|0.000001|0.000003|0.000001|0.000006|0.000020|0.000009|0.000043|0.000020|0.000052|0.000061|0.000113|0.000125|0.000250|0.000104|0.000547|0.000220|0.000013|0.000030|0.000028|0.000060|0.000194|0.000122|0.000425|0.000255,-2.5978644745931783e-16
10000,PBC|edema|choledocholithotomy|anorexia|ascites,70,22,0.0010178089141845703,0.0009701251983642578,1.049152125829442,0.283399|0.048286|0.106528|0.018150|0.044661|0.007610|0.016788|0.002861|0.046642|0.007911|0.017531|0.002973|0.007333|0.001244|0.002756|0.000468|0.177307|0.030210|0.066649|0.011356|0.027942|0.004761|0.010503|0.001790|0.029181|0.004949|0.010968|0.001860|0.004588|0.000778|0.001724|0.000293,0.283399|0.048286|0.106528|0.018150|0.044661|0.007610|0.016788|0.002861|0.046642|0.007911|0.017531|0.002973|0.007333|0.001244|0.002756|0.000468|0.177307|0.030210|0.066649|0.011356|0.027942|0.004761|0.010503|0.001790|0.029181|0.004949|0.010968|0.001860|0.004588|0.000778|0.001724|0.000293,0.0
10000,consciousness|platelet|hbsag_anti|phosphatase|fat,70,25,0.0012309551239013672,0.0012984275817871094,0.9480352552331986,0.057273|0.020978|0.017166|0.006280|0.034875|0.012765|0.000905|0.000332|0.000268|0.000098|0.000550|0.000201|0.255609|0.093621|0.079288|0.029005|0.154335|0.056487|0.004030|0.001476|0.001239|0.000453|0.002428|0.000888|0.029851|0.010934|0.009176|0.003357|0.018048|0.006606|0.000471|0.000172|0.000143|0.000052|0.000284|0.000104|0.024333|0.008914|0.006693|0.002449|0.014964|0.005478|0.000387|0.000142|0.000105|0.000038|0.000237|0.000087|0.001591|0.000583|0.000473|0.000173|0.000974|0.000356|0.000025|0.000009|0.000007|0.000003|0.000015|0.000006|0.006830|0.002502|0.002112|0.000773|0.004137|0.001514|0.000108|0.000039|0.000033|0.000012|0.000065|0.000024|0.000782|0.000286|0.000239|0.000087|0.000475|0.000174|0.000012|0.000005|0.000004|0.000001|0.000007|0.000003|0.000753|0.000276|0.000208|0.000076|0.000466|0.000171|0.000012|0.000004|0.000003|0.000001|0.000007|0.000003,0.057273|0.020978|0.017166|0.006280|0.034875|0.012765|0.000905|0.000332|0.000268|0.000098|0.000550|0.000201|0.255609|0.093621|0.079288|0.029005|0.154335|0.056487|0.004030|0.001476|0.001239|0.000453|0.002428|0.000888|0.029851|0.010934|0.009176|0.003357|0.018048|0.006606|0.000471|0.000172|0.000143|0.000052|0.000284|0.000104|0.024333|0.008914|0.006693|0.002449|0.014964|0.005478|0.000387|0.000142|0.000105|0.000038|0.000237|0.000087|0.001591|0.000583|0.000473|0.000173|0.000974|0.000356|0.000025|0.000009|0.000007|0.000003|0.000015|0.000006|0.006830|0.002502|0.002112|0.000773|0.004137|0.001514|0.000108|0.000039|0.000033|0.000012|0.000065|0.000024|0.000782|0.000286|0.000239|0.000087|0.000475|0.000174|0.000012|0.000005|0.000004|0.000001|0.000007|0.000003|0.000753|0.000276|0.000208|0.000076|0.000466|0.000171|0.000012|0.000004|0.000003|0.000001|0.000007|0.000003,6.359244442333644e-20
10000,fatigue|hbc_anti|spleen|platelet|skin,70,26,0.0013489723205566406,0.0013339519500732422,1.011260053619303,0.033910|0.021217|0.159339|0.092372|0.018862|0.010351|0.012180|0.010139|0.004978|0.003360|0.020026|0.012376|0.002453|0.001451|0.002415|0.001971|0.003594|0.002251|0.016969|0.009837|0.002006|0.001101|0.001272|0.001067|0.000504|0.000339|0.002078|0.001273|0.000253|0.000149|0.000235|0.000194|0.041386|0.025906|0.193940|0.112540|0.022974|0.012620|0.014986|0.012437|0.006226|0.004205|0.024753|0.015368|0.003042|0.001806|0.003076|0.002493|0.004308|0.002699|0.020307|0.011780|0.002402|0.001319|0.001531|0.001283|0.000612|0.000413|0.002510|0.001542|0.000306|0.000180|0.000289|0.000238,0.033910|0.021217|0.159339|0.092372|0.018862|0.010351|0.012180|0.010139|0.004978|0.003360|0.020026|0.012376|0.002453|0.001451|0.002415|0.001971|0.003594|0.002251|0.016969|0.009837|0.002006|0.001101|0.001272|0.001067|0.000504|0.000339|0.002078|0.001273|0.000253|0.000149|0.000235|0.000194|0.041386|0.025906|0.193940|0.112540|0.022974|0.012620|0.014986|0.012437|0.006226|0.004205|0.024753|0.015368|0.003042|0.001806|0.003076|0.002493|0.004308|0.002699|0.020307|0.011780|0.002402|0.001319|0.001531|0.001283|0.000612|0.000413|0.002510|0.001542|0.000306|0.000180|0.000289|0.000238,-1.2767171671583824e-16
10000,ChHepatitis|proteins|gallstones|injections|pressure_ruq,70,18,0.0007805824279785156,0.0007607936859130859,1.0260106549670949,0.241584|0.157241|0.166534|0.108393|0.043108|0.019011|0.042947|0.018940|0.005208|0.003390|0.003590|0.002337|0.000929|0.000410|0.000926|0.000408|0.048642|0.032946|0.016448|0.011141|0.008410|0.004172|0.004151|0.002059|0.000867|0.000587|0.000293|0.000198|0.000150|0.000074|0.000074|0.000037|0.024109|0.015384|0.004056|0.002588|0.004811|0.001248|0.001173|0.000304|0.000504|0.000322|0.000085|0.000054|0.000101|0.000026|0.000025|0.000006,0.241584|0.157241|0.166534|0.108393|0.043108|0.019011|0.042947|0.018940|0.005208|0.003390|0.003590|0.002337|0.000929|0.000410|0.000926|0.000408|0.048642|0.032946|0.016448|0.011141|0.008410|0.004172|0.004151|0.002059|0.000867|0.000587|0.000293|0.000198|0.000150|0.000074|0.000074|0.000037|0.024109|0.015384|0.004056|0.002588|0.004811|0.001248|0.001173|0.000304|0.000504|0.000322|0.000085|0.000054|0.000101|0.000026|0.000025|0.000006,1.0355453739956351e-16
10000,urea|skin|nausea|ast|ggtp,70,27,0.001506805419921875,0.0015213489532470703,0.9904403698479862,0.001235|0.001119|0.001162|0.005611|0.000520|0.000466|0.000501|0.002283|0.000837|0.000749|0.000763|0.003895|0.000041|0.000035|0.000040|0.000175|0.000486|0.000445|0.000459|0.002245|0.000203|0.000183|0.000196|0.000898|0.000331|0.000300|0.000303|0.001571|0.000016|0.000014|0.000016|0.000070|0.000751|0.000895|0.000898|0.003147|0.000313|0.000373|0.000382|0.001277|0.000513|0.000604|0.000596|0.002193|0.000024|0.000028|0.000029|0.000098|0.000297|0.000357|0.000357|0.001257|0.000123|0.000146|0.000150|0.000502|0.000204|0.000242|0.000238|0.000883|0.000009|0.000011|0.000012|0.000039|0.025371|0.022114|0.023107|0.116883|0.010684|0.009207|0.009971|0.047554|0.017165|0.014768|0.015123|0.080961|0.000842|0.000693|0.000803|0.003630|0.009989|0.008803|0.009130|0.046761|0.004174|0.003613|0.003901|0.018695|0.006780|0.005909|0.006000|0.032657|0.000331|0.000275|0.000317|0.001448|0.014872|0.017144|0.017257|0.063561|0.006197|0.007129|0.007348|0.025773|0.010136|0.011544|0.011433|0.044189|0.000479|0.000528|0.000566|0.001976|0.005874|0.006828|0.006854|0.025389|0.002424|0.002799|0.002880|0.010132|0.004024|0.004622|0.004565|0.017794|0.000188|0.000210|0.000224|0.000788|0.001769|0.001555|0.001623|0.008127|0.000745|0.000648|0.000700|0.003307|0.001198|0.001039|0.001063|0.005632|0.000059|0.000049|0.000056|0.000252|0.000697|0.000619|0.000641|0.003251|0.000291|0.000254|0.000274|0.001300|0.000473|0.000416|0.000422|0.002272|0.000023|0.000019|0.000022|0.000101|0.001046|0.001215|0.001222|0.004449|0.000436|0.000505|0.000520|0.001804|0.000713|0.000818|0.000810|0.003095|0.000034|0.000037|0.000040|0.000138|0.000413|0.000484|0.000485|0.001777|0.000170|0.000198|0.000204|0.000709|0.000283|0.000328|0.000323|0.001246|0.000013|0.000015|0.000016|0.000055,0.001235|0.001119|0.001162|0.005611|0.000520|0.000466|0.000501|0.002283|0.000837|0.000749|0.000763|0.003895|0.000041|0.000035|0.000040|0.000175|0.000486|0.000445|0.000459|0.002245|0.000203|0.000183|0.000196|0.000898|0.000331|0.000300|0.000303|0.001571|0.000016|0.000014|0.000016|0.000070|0.000751|0.000895|0.000898|0.003147|0.000313|0.000373|0.000382|0.001277|0.000513|0.000604|0.000596|0.002193|0.000024|0.000028|0.000029|0.000098|0.000297|0.000357|0.000357|0.001257|0.000123|0.000146|0.000150|0.000502|0.000204|0.000242|0.000238|0.000883|0.000009|0.000011|0.000012|0.000039|0.025371|0.022114|0.023107|0.116883|0.010684|0.009207|0.009971|0.047554|0.017165|0.014768|0.015123|0.080961|0.000842|0.000693|0.000803|0.003630|0.009989|0.008803|0.009130|0.046761|0.004174|0.003613|0.003901|0.018695|0.006780|0.005909|0.006000|0.032657|0.000331|0.000275|0.000317|0.001448|0.014872|0.017144|0.017257|0.063561|0.006197|0.007129|0.007348|0.025773|0.010136|0.011544|0.011433|0.044189|0.000479|0.000528|0.000566|0.001976|0.005874|0.006828|0.006854|0.025389|0.002424|0.002799|0.002880|0.010132|0.004024|0.004622|0.004565|0.017794|0.000188|0.000210|0.000224|0.000788|0.001769|0.001555|0.001623|0.008127|0.000745|0.000648|0.000700|0.003307|0.001198|0.001039|0.001063|0.005632|0.000059|0.000049|0.000056|0.000252|0.000697|0.000619|0.000641|0.003251|0.000291|0.000254|0.000274|0.001300|0.000473|0.000416|0.000422|0.002272|0.000023|0.000019|0.000022|0.000101|0.001046|0.001215|0.001222|0.004449|0.000436|0.000505|0.000520|0.001804|0.000713|0.000818|0.000810|0.003095|0.000034|0.000037|0.000040|0.000138|0.000413|0.000484|0.000485|0.001777|0.000170|0.000198|0.000204|0.000709|0.000283|0.000328|0.000323|0.001246|0.000013|0.000015|0.000016|0.000055,-7.775782278301123e-18
10000,consciousness|ggtp|fibrosis|phosphatase|vh_amn,70,23,0.0011801719665527344,0.001192331314086914,0.9898020395920816,0.051982|0.011734|0.017735|0.002957|0.033499|0.006287|0.002836|0.001244|0.000170|0.000073|0.001214|0.000527|0.051016|0.010666|0.017674|0.002914|0.033014|0.005972|0.002460|0.001067|0.000145|0.000061|0.001073|0.000460|0.052042|0.011319|0.017994|0.002988|0.033298|0.006161|0.002957|0.001285|0.000177|0.000075|0.001273|0.000548|0.239833|0.052931|0.078768|0.013114|0.150091|0.027944|0.011149|0.004906|0.000676|0.000290|0.004861|0.002114|0.001408|0.000315|0.000480|0.000080|0.000912|0.000170|0.000081|0.000035|0.000005|0.000002|0.000035|0.000015|0.001544|0.000325|0.000534|0.000088|0.001000|0.000181|0.000073|0.000032|0.000004|0.000002|0.000032|0.000014|0.001555|0.000336|0.000538|0.000089|0.000995|0.000183|0.000086|0.000038|0.000005|0.000002|0.000037|0.000016|0.006166|0.001367|0.002012|0.000335|0.003880|0.000724|0.000318|0.000140|0.000020|0.000009|0.000140|0.000061,0.051982|0.011734|0.017735|0.002957|0.033499|0.006287|0.002836|0.001244|0.000170|0.000073|0.001214|0.000527|0.051016|0.010666|0.017674|0.002914|0.033014|0.005972|0.002460|0.001067|0.000145|0.000061|0.001073|0.000460|0.052042|0.011319|0.017994|0.002988|0.033298|0.006161|0.002957|0.001285|0.000177|0.000075|0.001273|0.000548|0.239833|0.052931|0.078768|0.013114|0.150091|0.027944|0.011149|0.004906|0.000676|0.000290|0.004861|0.002114|0.001408|0.000315|0.000480|0.000080|0.000912|0.000170|0.000081|0.000035|0.000005|0.000002|0.000035|0.000015|0.001544|0.000325|0.000534|0.000088|0.001000|0.000181|0.000073|0.000032|0.000004|0.000002|0.000032|0.000014|0.001555|0.000336|0.000538|0.000089|0.000995|0.000183|0.000086|0.000038|0.000005|0.000002|0.000037|0.000016|0.006166|0.001367|0.002012|0.000335|0.003880|0.000724|0.000318|0.000140|0.000020|0.000009|0.000140|0.000061,1.1188717009470364e-16
10000,consciousness|alcoholism|sex|Cirrhosis|fatigue,70,21,0.00093841552734375,0.0008568763732910156,1.0951585976627713,0.210521|0.254754|0.004729|0.006330|0.009664|0.012867|0.143450|0.173591|0.003206|0.004292|0.006548|0.008719|0.030634|0.037432|0.001687|0.002153|0.003675|0.004679|0.020874|0.025507|0.001144|0.001460|0.002490|0.003170|0.006157|0.007451|0.000098|0.000131|0.000334|0.000445|0.003364|0.004071|0.000064|0.000086|0.000226|0.000301|0.000896|0.001095|0.000035|0.000045|0.000127|0.000162|0.000490|0.000598|0.000023|0.000029|0.000086|0.000109,0.210521|0.254754|0.004729|0.006330|0.009664|0.012867|0.143450|0.173591|0.003206|0.004292|0.006548|0.008719|0.030634|0.037432|0.001687|0.002153|0.003675|0.004679|0.020874|0.025507|0.001144|0.001460|0.002490|0.003170|0.006157|0.007451|0.000098|0.000131|0.000334|0.000445|0.003364|0.004071|0.000064|0.000086|0.000226|0.000301|0.000896|0.001095|0.000035|0.000045|0.000127|0.000162|0.000490|0.000598|0.000023|0.000029|0.000086|0.000109,-4.434728896259067e-18
10000,pain|bilirubin|fat|ast|hepatalgia,70,26,0.0013704299926757812,0.0013403892517089844,1.0224119530416222,0.018261|0.005284|0.007451|0.002153|0.012545|0.003645|0.000547|0.000158|0.006503|0.001884|0.002654|0.000768|0.004461|0.001297|0.000198|0.000057|0.137159|0.039312|0.056432|0.016140|0.093715|0.026975|0.004384|0.001254|0.050102|0.014368|0.020598|0.005895|0.034269|0.009869|0.001604|0.000459|0.050344|0.013931|0.020722|0.005709|0.034472|0.009602|0.001563|0.000435|0.018933|0.005232|0.007801|0.002146|0.012956|0.003604|0.000584|0.000162|0.004391|0.001245|0.001767|0.000500|0.003085|0.000879|0.000158|0.000045|0.001399|0.000398|0.000565|0.000160|0.000975|0.000279|0.000053|0.000015|0.004027|0.001163|0.001631|0.000470|0.002782|0.000807|0.000120|0.000035|0.001436|0.000415|0.000582|0.000168|0.000990|0.000288|0.000043|0.000013|0.040168|0.011495|0.016548|0.004726|0.027424|0.007882|0.001280|0.000366|0.014646|0.004194|0.006029|0.001723|0.010009|0.002878|0.000468|0.000134|0.012581|0.003434|0.005169|0.001403|0.008621|0.002371|0.000392|0.000108|0.004754|0.001296|0.001956|0.000530|0.003256|0.000894|0.000147|0.000040|0.000994|0.000280|0.000396|0.000111|0.000706|0.000200|0.000036|0.000010|0.000313|0.000089|0.000125|0.000035|0.000220|0.000063|0.000012|0.000003,0.018261|0.005284|0.007451|0.002153|0.012545|0.003645|0.000547|0.000158|0.006503|0.001884|0.002654|0.000768|0.004461|0.001297|0.000198|0.000057|0.137159|0.039312|0.056432|0.016140|0.093715|0.026975|0.004384|0.001254|0.050102|0.014368|0.020598|0.005895|0.034269|0.009869|0.001604|0.000459|0.050344|0.013931|0.020722|0.005709|0.034472|0.009602|0.001563|0.000435|0.018933|0.005232|0.007801|0.002146|0.012956|0.003604|0.000584|0.000162|0.004391|0.001245|0.001767|0.000500|0.003085|0.000879|0.000158|0.000045|0.001399|0.000398|0.000565|0.000160|0.000975|0.000279|0.000053|0.000015|0.004027|0.001163|0.001631|0.000470|0.002782|0.000807|0.000120|0.000035|0.001436|0.000415|0.000582|0.000168|0.000990|0.000288|0.000043|0.000013|0.040168|0.011495|0.016548|0.004726|0.027424|0.007882|0.001280|0.000366|0.014646|0.004194|0.006029|0.001723|0.010009|0.002878|0.000468|0.000134|0.012581|0.003434|0.005169|0.001403|0.008621|0.002371|0.000392|0.000108|0.004754|0.001296|0.001956|0.000530|0.003256|0.000894|0.000147|0.000040|0.000994|0.000280|0.000396|0.000111|0.000706|0.000200|0.000036|0.000010|0.000313|0.000089|0.000125|0.000035|0.000220|0.000063|0.000012|0.000003,-1.0237342966842428e-16
10000,fatigue|ggtp|RHepatitis|Cirrhosis|obesity,70,21,0.0010297298431396484,0.0010037422180175781,1.0258907363420429,0.051832|0.003374|0.001338|0.000150|0.002788|0.000327|0.000547|0.000038|0.000020|0.000003|0.000044|0.000006|0.050331|0.003267|0.001194|0.000137|0.002501|0.000300|0.000770|0.000052|0.000027|0.000003|0.000059|0.000008|0.052613|0.003336|0.001069|0.000108|0.002176|0.000232|0.000665|0.000042|0.000009|0.000001|0.000019|0.000002|0.229861|0.015098|0.006104|0.000723|0.012893|0.001587|0.004284|0.000277|0.000089|0.000010|0.000185|0.000022|0.061962|0.004033|0.001757|0.000190|0.003643|0.000412|0.001088|0.000076|0.000048|0.000006|0.000102|0.000013|0.060105|0.003903|0.001568|0.000174|0.003271|0.000380|0.001875|0.000127|0.000085|0.000010|0.000183|0.000022|0.063155|0.004006|0.001461|0.000142|0.002965|0.000304|0.001521|0.000096|0.000023|0.000003|0.000048|0.000005|0.274351|0.018017|0.007893|0.000903|0.016588|0.001978|0.009566|0.000617|0.000237|0.000025|0.000487|0.000054,0.051832|0.003374|0.001338|0.000150|0.002788|0.000327|0.000547|0.000038|0.000020|0.000003|0.000044|0.000006|0.050331|0.003267|0.001194|0.000137|0.002501|0.000300|0.000770|0.000052|0.000027|0.000003|0.000059|0.000008|0.052613|0.003336|0.001069|0.000108|0.002176|0.000232|0.000665|0.000042|0.000009|0.000001|0.000019|0.000002|0.229861|0.015098|0.006104|0.000723|0.012893|0.001587|0.004284|0.000277|0.000089|0.000010|0.000185|0.000022|0.061962|0.004033|0.001757|0.000190|0.003643|0.000412|0.001088|0.000076|0.000048|0.000006|0.000102|0.000013|0.060105|0.003903|0.001568|0.000174|0.003271|0.000380|0.001875|0.000127|0.000085|0.000010|0.000183|0.000022|0.063155|0.004006|0.001461|0.000142|0.002965|0.000304|0.001521|0.000096|0.000023|0.000003|0.000048|0.000005|0.274351|0.018017|0.007893|0.000903|0.016588|0.001978|0.009566|0.000617|0.000237|0.000025|0.000487|0.000054,6.940551060816467e-17
10000,bilirubin|vh_amn|hbeag|upper_pain|sex,70,20,0.0009045600891113281,0.0008788108825683594,1.0293000542593598,0.034499|0.007741|0.021705|0.004864|0.000090|0.000020|0.000057|0.000013|0.006923|0.001570|0.004353|0.000986|0.000007|0.000002|0.000005|0.000001|0.177657|0.158110|0.111241|0.099135|0.000592|0.000511|0.000370|0.000319|0.037413|0.032952|0.023419|0.020652|0.000045|0.000039|0.000028|0.000024|0.082699|0.037140|0.051623|0.023093|0.000240|0.000104|0.000150|0.000065|0.016924|0.007700|0.010574|0.004796|0.000019|0.000008|0.000012|0.000005|0.007615|0.001953|0.004863|0.001260|0.000032|0.000012|0.000021|0.000008|0.001786|0.000496|0.001138|0.000319|0.000002|0.000001|0.000001|0.000001,0.034499|0.007741|0.021705|0.004864|0.000090|0.000020|0.000057|0.000013|0.006923|0.001570|0.004353|0.000986|0.000007|0.000002|0.000005|0.000001|0.177657|0.158110|0.111241|0.099135|0.000592|0.000511|0.000370|0.000319|0.037413|0.032952|0.023419|0.020652|0.000045|0.000039|0.000028|0.000024|0.082699|0.037140|0.051623|0.023093|0.000240|0.000104|0.000150|0.000065|0.016924|0.007700|0.010574|0.004796|0.000019|0.000008|0.000012|0.000005|0.007615|0.001953|0.004863|0.001260|0.000032|0.000012|0.000021|0.000008|0.001786|0.000496|0.001138|0.000319|0.000002|0.000001|0.000001|0.000001,3.6634728005778646e-17
10000,skin|edge|hbeag|fatigue|spiders,70,26,0.0013155937194824219,0.0012981891632080078,1.013406795224977,0.164763|0.040762|0.200013|0.049773|0.000488|0.000122|0.000555|0.000139|0.055766|0.018951|0.068158|0.023754|0.000166|0.000058|0.000190|0.000067|0.097694|0.024586|0.118606|0.030066|0.000272|0.000069|0.000310|0.000079|0.033945|0.012747|0.041564|0.016049|0.000096|0.000038|0.000110|0.000045,0.164763|0.040762|0.200013|0.049773|0.000488|0.000122|0.000555|0.000139|0.055766|0.018951|0.068158|0.023754|0.000166|0.000058|0.000190|0.000067|0.097694|0.024586|0.118606|0.030066|0.000272|0.000069|0.000310|0.000079|0.033945|0.012747|0.041564|0.016049|0.000096|0.000038|0.000110|0.000045,3.7663904157010346e-20
10000,spiders|joints|upper_pain|age|alt,70,23,0.0010645389556884766,0.0010478496551513672,1.0159271899886235,0.010123|0.022035|0.002901|0.025070|0.029043|0.063221|0.008323|0.071929|0.027917|0.060770|0.008000|0.069140|0.005238|0.011402|0.001501|0.012973|0.006340|0.013800|0.001817|0.015701|0.018189|0.039594|0.005212|0.045049|0.017484|0.038059|0.005010|0.043302|0.003281|0.007141|0.000940|0.008125|0.001099|0.002392|0.000315|0.002722|0.003512|0.007645|0.001006|0.008698|0.003423|0.007451|0.000981|0.008477|0.000668|0.001455|0.000192|0.001656|0.000688|0.001498|0.000197|0.001705|0.002200|0.004788|0.000630|0.005448|0.002144|0.004666|0.000614|0.005309|0.000419|0.000911|0.000120|0.001037|0.002720|0.006248|0.000814|0.006912|0.007804|0.017925|0.002337|0.019832|0.007501|0.017230|0.002246|0.019063|0.001408|0.003233|0.000421|0.003577|0.001703|0.003913|0.000510|0.004329|0.004887|0.011226|0.001463|0.012420|0.004698|0.010790|0.001407|0.011939|0.000881|0.002025|0.000264|0.002240|0.000295|0.000678|0.000088|0.000750|0.000944|0.002168|0.000283|0.002398|0.000920|0.002112|0.000275|0.002337|0.000180|0.000413|0.000054|0.000456|0.000185|0.000425|0.000055|0.000470|0.000591|0.001357|0.000177|0.001502|0.000576|0.001323|0.000172|0.001464|0.000112|0.000258|0.000034|0.000286,0.010123|0.022035|0.002901|0.025070|0.029043|0.063221|0.008323|0.071929|0.027917|0.060770|0.008000|0.069140|0.005238|0.011402|0.001501|0.012973|0.006340|0.013800|0.001817|0.015701|0.018189|0.039594|0.005212|0.045049|0.017484|0.038059|0.005010|0.043302|0.003281|0.007141|0.000940|0.008125|0.001099|0.002392|0.000315|0.002722|0.003512|0.007645|0.001006|0.008698|0.003423|0.007451|0.000981|0.008477|0.000668|0.001455|0.000192|0.001656|0.000688|0.001498|0.000197|0.001705|0.002200|0.004788|0.000630|0.005448|0.002144|0.004666|0.000614|0.005309|0.000419|0.000911|0.000120|0.001037|0.002720|0.006248|0.000814|0.006912|0.007804|0.017925|0.002337|0.019832|0.007501|0.017230|0.002246|0.019063|0.001408|0.003233|0.000421|0.003577|0.001703|0.003913|0.000510|0.004329|0.004887|0.011226|0.001463|0.012420|0.004698|0.010790|0.001407|0.011939|0.000881|0.002025|0.000264|0.002240|0.000295|0.000678|0.000088|0.000750|0.000944|0.002168|0.000283|0.002398|0.000920|0.002112|0.000275|0.002337|0.000180|0.000413|0.000054|0.000456|0.000185|0.000425|0.000055|0.000470|0.000591|0.001357|0.000177|0.001502|0.000576|0.001323|0.000172|0.001464|0.000112|0.000258|0.000034|0.000286,-9.49912322084368e-17
10000,urea|platelet|amylase|edema|injections,70,21,0.0009441375732421875,0.0009503364562988281,0.9934771700953337,0.000036|0.000024|0.000006|0.000004|0.003514|0.002206|0.000624|0.000382|0.000068|0.000046|0.000012|0.000008|0.000162|0.000109|0.000026|0.000017|0.015658|0.009905|0.002539|0.001586|0.000305|0.000207|0.000049|0.000033|0.000019|0.000013|0.000003|0.000002|0.001811|0.001143|0.000299|0.000186|0.000035|0.000024|0.000006|0.000004|0.000016|0.000010|0.000003|0.000002|0.001524|0.000941|0.000303|0.000180|0.000030|0.000020|0.000006|0.000004|0.000734|0.000488|0.000128|0.000083|0.070713|0.044420|0.012367|0.007585|0.001375|0.000927|0.000240|0.000158|0.003312|0.002219|0.000532|0.000353|0.319130|0.201910|0.051261|0.032082|0.006206|0.004212|0.000997|0.000669|0.000386|0.000258|0.000063|0.000042|0.037179|0.023477|0.006066|0.003780|0.000723|0.000490|0.000118|0.000079|0.000306|0.000200|0.000060|0.000038|0.029501|0.018190|0.005763|0.003428|0.000574|0.000379|0.000112|0.000072|0.000051|0.000034|0.000009|0.000006|0.004954|0.003112|0.000869|0.000533|0.000096|0.000065|0.000017|0.000011|0.000231|0.000155|0.000037|0.000025|0.022296|0.014106|0.003589|0.002245|0.000434|0.000294|0.000070|0.000047|0.000027|0.000018|0.000004|0.000003|0.002594|0.001638|0.000424|0.000264|0.000050|0.000034|0.000008|0.000006|0.000022|0.000014|0.000004|0.000003|0.002085|0.001286|0.000409|0.000243|0.000041|0.000027|0.000008|0.000005,0.000036|0.000024|0.000006|0.000004|0.003514|0.002206|0.000624|0.000382|0.000068|0.000046|0.000012|0.000008|0.000162|0.000109|0.000026|0.000017|0.015658|0.009905|0.002539|0.001586|0.000305|0.000207|0.000049|0.000033|0.000019|0.000013|0.000003|0.000002|0.001811|0.001143|0.000299|0.000186|0.000035|0.000024|0.000006|0.000004|0.000016|0.000010|0.000003|0.000002|0.001524|0.000941|0.000303|0.000180|0.000030|0.000020|0.000006|0.000004|0.000734|0.000488|0.000128|0.000083|0.070713|0.044420|0.012367|0.007585|0.001375|0.000927|0.000240|0.000158|0.003312|0.002219|0.000532|0.000353|0.319130|0.201910|0.051261|0.032082|0.006206|0.004212|0.000997|0.000669|0.000386|0.000258|0.000063|0.000042|0.037179|0.023477|0.006066|0.003780|0.000723|0.000490|0.000118|0.000079|0.000306|0.000200|0.000060|0.000038|0.029501|0.018190|0.005763|0.003428|0.000574|0.000379|0.000112|0.000072|0.000051|0.000034|0.000009|0.000006|0.004954|0.003112|0.000869|0.000533|0.000096|0.000065|0.000017|0.000011|0.000231|0.000155|0.000037|0.000025|0.022296|0.014106|0.003589|0.002245|0.000434|0.000294|0.000070|0.000047|0.000027|0.000018|0.000004|0.000003|0.002594|0.001638|0.000424|0.000264|0.000050|0.000034|0.000008|0.000006|0.000022|0.000014|0.000004|0.000003|0.002085|0.001286|0.000409|0.000243|0.000041|0.000027|0.000008|0.000005,9.025849063380612e-17
10000,le_cells|PBC|anorexia|nausea|hepatotoxic,70,10,0.00045037269592285156,0.0004153251647949219,1.0843857634902412,0.282603|0.024127|0.112858|0.009550|0.106455|0.009140|0.042121|0.003592|0.164907|0.014079|0.065856|0.005573|0.062120|0.005334|0.024579|0.002096|0.011819|0.001009|0.004720|0.000399|0.004452|0.000382|0.001762|0.000150|0.019297|0.001647|0.007706|0.000652|0.007269|0.000624|0.002876|0.000245,0.282603|0.024127|0.112858|0.009550|0.106455|0.009140|0.042121|0.003592|0.164907|0.014079|0.065856|0.005573|0.062120|0.005334|0.024579|0.002096|0.011819|0.001009|0.004720|0.000399|0.004452|0.000382|0.001762|0.000150|0.019297|0.001647|0.007706|0.000652|0.007269|0.000624|0.002876|0.000245,0.0
10000,skin|ChHepatitis|choledocholithotomy|spleen|transfusion,70,23,0.0010294914245605469,0.0009648799896240234,1.0669631826043984,0.328825|0.060347|0.040724|0.007474|0.053813|0.008788|0.006689|0.001092|0.048153|0.010186|0.009808|0.002075|0.007455|0.001215|0.001448|0.000236|0.021476|0.006604|0.002914|0.000896|0.002448|0.000658|0.000316|0.000085|0.197645|0.036273|0.025848|0.004744|0.032479|0.005304|0.004222|0.000690|0.029213|0.006179|0.006678|0.001413|0.004272|0.000696|0.001051|0.000171|0.010924|0.003359|0.001640|0.000504|0.002029|0.000545|0.000313|0.000084,0.328825|0.060347|0.040724|0.007474|0.053813|0.008788|0.006689|0.001092|0.048153|0.010186|0.009808|0.002075|0.007455|0.001215|0.001448|0.000236|0.021476|0.006604|0.002914|0.000896|0.002448|0.000658|0.000316|0.000085|0.197645|0.036273|0.025848|0.004744|0.032479|0.005304|0.004222|0.000690|0.029213|0.006179|0.006678|0.001413|0.004272|0.000696|0.001051|0.000171|0.010924|0.003359|0.001640|0.000504|0.002029|0.000545|0.000313|0.000084,2.6385676596522277e-18
10000,vh_amn|ChHepatitis|phosphatase|ascites|hepatotoxic,70,18,0.0008690357208251953,0.000804901123046875,1.0796800947867298,0.263400|0.022124|0.044924|0.003773|0.104337|0.009045|0.017844|0.001547|0.185791|0.016050|0.031670|0.002736|0.051319|0.004384|0.008647|0.000739|0.002536|0.000214|0.000426|0.000036|0.017906|0.001523|0.002998|0.000255|0.020622|0.001760|0.003514|0.000300|0.000751|0.000065|0.000127|0.000011|0.005064|0.000430|0.000858|0.000073|0.041844|0.003515|0.007137|0.000599|0.016575|0.001437|0.002835|0.000246|0.029515|0.002550|0.005031|0.000435|0.022146|0.001892|0.003732|0.000319|0.001094|0.000092|0.000184|0.000016|0.007727|0.000657|0.001294|0.000110|0.013033|0.001112|0.002221|0.000190|0.000474|0.000041|0.000080|0.000007|0.003200|0.000272|0.000542|0.000046,0.263400|0.022124|0.044924|0.003773|0.104337|0.009045|0.017844|0.001547|0.185791|0.016050|0.031670|0.002736|0.051319|0.004384|0.008647|0.000739|0.002536|0.000214|0.000426|0.000036|0.017906|0.001523|0.002998|0.000255|0.020622|0.001760|0.003514|0.000300|0.000751|0.000065|0.000127|0.000011|0.005064|0.000430|0.000858|0.000073|0.041844|0.003515|0.007137|0.000599|0.016575|0.001437|0.002835|0.000246|0.029515|0.002550|0.005031|0.000435|0.022146|0.001892|0.003732|0.000319|0.001094|0.000092|0.000184|0.000016|0.007727|0.000657|0.001294|0.000110|0.013033|0.001112|0.002221|0.000190|0.000474|0.000041|0.000080|0.000007|0.003200|0.000272|0.000542|0.000046,2.819191549578104e-17
10000,itching|triglycerides|Cirrhosis|fatigue|hbc_anti,70,25,0.0012390613555908203,0.0011889934539794922,1.0421094846601162,0.006807|0.000730|0.008264|0.000872|0.000727|0.000074|0.000905|0.000090|0.001527|0.000155|0.001908|0.000189|0.202041|0.021653|0.245150|0.025873|0.004390|0.000375|0.005914|0.000480|0.008535|0.000733|0.011485|0.000938|0.008199|0.000879|0.009952|0.001050|0.000636|0.000064|0.000798|0.000078|0.001326|0.000133|0.001668|0.000162|0.004987|0.000535|0.006055|0.000640|0.000542|0.000055|0.000678|0.000067|0.001332|0.000136|0.001661|0.000165|0.148031|0.015874|0.179612|0.018969|0.003320|0.000281|0.004498|0.000361|0.007363|0.000638|0.009871|0.000814|0.006007|0.000644|0.007291|0.000770|0.000475|0.000047|0.000598|0.000058|0.001156|0.000116|0.001450|0.000142,0.006807|0.000730|0.008264|0.000872|0.000727|0.000074|0.000905|0.000090|0.001527|0.000155|0.001908|0.000189|0.202041|0.021653|0.245150|0.025873|0.004390|0.000375|0.005914|0.000480|0.008535|0.000733|0.011485|0.000938|0.008199|0.000879|0.009952|0.001050|0.000636|0.000064|0.000798|0.000078|0.001326|0.000133|0.001668|0.000162|0.004987|0.000535|0.006055|0.000640|0.000542|0.000055|0.000678|0.000067|0.001332|0.000136|0.001661|0.000165|0.148031|0.015874|0.179612|0.018969|0.003320|0.000281|0.004498|0.000361|0.007363|0.000638|0.009871|0.000814|0.006007|0.000644|0.007291|0.000770|0.000475|0.000047|0.000598|0.000058|0.001156|0.000116|0.001450|0.000142,1.3331662234202213e-17
10000,anorexia|fatigue|Steatosis|skin|alcohol,70,25,0.0011739730834960938,0.0011849403381347656,0.9907444668008049,0.163733|0.021347|0.097353|0.012770|0.015767|0.003053|0.010664|0.002134|0.200106|0.026240|0.119120|0.015738|0.019327|0.003751|0.013077|0.002623|0.061985|0.008082|0.036857|0.004835|0.005956|0.001153|0.004028|0.000806|0.074809|0.009810|0.044532|0.005883|0.007207|0.001399|0.004877|0.000978,0.163733|0.021347|0.097353|0.012770|0.015767|0.003053|0.010664|0.002134|0.200106|0.026240|0.119120|0.015738|0.019327|0.003751|0.013077|0.002623|0.061985|0.008082|0.036857|0.004835|0.005956|0.001153|0.004028|0.000806|0.074809|0.009810|0.044532|0.005883|0.007207|0.001399|0.004877|0.000978,5.0929229405005064e-17
10000,spleen|jaundice|PBC|fatigue|ast,70,25,0.001313924789428711,0.0013577938079833984,0.9676909569798069,0.088272|0.036865|0.060334|0.002712|0.107903|0.044537|0.072960|0.003508|0.046977|0.019567|0.032168|0.001447|0.057446|0.023652|0.038909|0.001873|0.026125|0.010849|0.017923|0.000803|0.031974|0.013130|0.021701|0.001041|0.024595|0.010286|0.016793|0.000752|0.030068|0.012426|0.020315|0.000973|0.011765|0.004555|0.008487|0.000356|0.014631|0.005640|0.010459|0.000473|0.006413|0.002455|0.004663|0.000193|0.007973|0.003042|0.005743|0.000257|0.003771|0.001419|0.002787|0.000112|0.004695|0.001766|0.003437|0.000150|0.003307|0.001283|0.002391|0.000100|0.004118|0.001591|0.002951|0.000133,0.088272|0.036865|0.060334|0.002712|0.107903|0.044537|0.072960|0.003508|0.046977|0.019567|0.032168|0.001447|0.057446|0.023652|0.038909|0.001873|0.026125|0.010849|0.017923|0.000803|0.031974|0.013130|0.021701|0.001041|0.024595|0.010286|0.016793|0.000752|0.030068|0.012426|0.020315|0.000973|0.011765|0.004555|0.008487|0.000356|0.014631|0.005640|0.010459|0.000473|0.006413|0.002455|0.004663|0.000193|0.007973|0.003042|0.005743|0.000257|0.003771|0.001419|0.002787|0.000112|0.004695|0.001766|0.003437|0.000150|0.003307|0.001283|0.002391|0.000100|0.004118|0.001591|0.002951|0.000133,3.370327752377337e-17
10000,albumin|choledocholithotomy|consciousness|gallstones|bilirubin,70,21,0.0010273456573486328,0.001003265380859375,1.0240019011406845,0.006781|0.060780|0.022414|0.001139|0.000556|0.003602|0.000751|0.000274|0.000220|0.001538|0.000653|0.000038|0.000018|0.000089|0.000024|0.000008|0.000243|0.002166|0.000802|0.000040|0.001290|0.008322|0.001716|0.000626|0.000008|0.000055|0.000023|0.000001|0.000042|0.000205|0.000055|0.000019|0.008257|0.072526|0.027152|0.001388|0.000678|0.004304|0.000908|0.000329|0.000269|0.001850|0.000797|0.000046|0.000022|0.000107|0.000029|0.000010|0.000295|0.002583|0.000971|0.000049|0.001573|0.009939|0.002071|0.000751|0.000010|0.000066|0.000029|0.000002|0.000052|0.000247|0.000067|0.000023|0.046481|0.391920|0.148853|0.008114|0.003750|0.022979|0.005335|0.001805|0.001498|0.010046|0.004379|0.000264|0.000122|0.000576|0.000167|0.000055|0.001658|0.013930|0.005310|0.000284|0.008678|0.052992|0.012106|0.004109|0.000053|0.000357|0.000156|0.000009|0.000283|0.001329|0.000380|0.000125,0.006781|0.060780|0.022414|0.001139|0.000556|0.003602|0.000751|0.000274|0.000220|0.001538|0.000653|0.000038|0.000018|0.000089|0.000024|0.000008|0.000243|0.002166|0.000802|0.000040|0.001290|0.008322|0.001716|0.000626|0.000008|0.000055|0.000023|0.000001|0.000042|0.000205|0.000055|0.000019|0.008257|0.072526|0.027152|0.001388|0.000678|0.004304|0.000908|0.000329|0.000269|0.001850|0.000797|0.000046|0.000022|0.000107|0.000029|0.000010|0.000295|0.002583|0.000971|0.000049|0.001573|0.009939|0.002071|0.000751|0.000010|0.000066|0.000029|0.000002|0.000052|0.000247|0.000067|0.000023|0.046481|0.391920|0.148853|0.008114|0.003750|0.022979|0.005335|0.001805|0.001498|0.010046|0.004379|0.000264|0.000122|0.000576|0.000167|0.000055|0.001658|0.013930|0.005310|0.000284|0.008678|0.052992|0.012106|0.004109|0.000053|0.000357|0.000156|0.000009|0.000283|0.001329|0.000380|0.000125,4.214807372199374e-17
10000,hospital|pain_ruq|spiders|sex|spleen,70,21,0.0009496212005615234,0.0009260177612304688,1.0254891864057674,0.113072|0.013851|0.077391|0.009478|0.029477|0.005888|0.020171|0.004026|0.080325|0.009928|0.053650|0.006634|0.021094|0.004327|0.014094|0.002895|0.130020|0.015729|0.088991|0.010763|0.033545|0.006451|0.022954|0.004411|0.092364|0.011275|0.061691|0.007534|0.024007|0.004748|0.016041|0.003177,0.113072|0.013851|0.077391|0.009478|0.029477|0.005888|0.020171|0.004026|0.080325|0.009928|0.053650|0.006634|0.021094|0.004327|0.014094|0.002895|0.130020|0.015729|0.088991|0.010763|0.033545|0.006451|0.022954|0.004411|0.092364|0.011275|0.061691|0.007534|0.024007|0.004748|0.016041|0.003177,1.8265786512029674e-16
10000,edge|itching|density|hbc_anti|gallstones,70,23,0.0011267662048339844,0.0011248588562011719,1.0016956337431115,0.194833|0.034698|0.020564|0.003675|0.127427|0.022665|0.013449|0.002400|0.141967|0.026398|0.014973|0.002806|0.093359|0.017386|0.009846|0.001848|0.072112|0.012764|0.007401|0.001318|0.047357|0.008373|0.004857|0.000864|0.053745|0.009991|0.005500|0.001030|0.035480|0.006603|0.003629|0.000681,0.194833|0.034698|0.020564|0.003675|0.127427|0.022665|0.013449|0.002400|0.141967|0.026398|0.014973|0.002806|0.093359|0.017386|0.009846|0.001848|0.072112|0.012764|0.007401|0.001318|0.047357|0.008373|0.004857|0.000864|0.053745|0.009991|0.005500|0.001030|0.035480|0.006603|0.003629|0.000681,-1.438607981837761e-16
10000,fat|edema|hbsag|amylase|RHepatitis,70,18,0.0008037090301513672,0.0007562637329101562,1.0627364438839848,0.005854|0.000141|0.539712|0.012988|0.011079|0.000267|0.000599|0.000014|0.055495|0.001336|0.001132|0.000027|0.000957|0.000023|0.088205|0.002123|0.001810|0.000044|0.000104|0.000003|0.009654|0.000232|0.000197|0.000005|0.001982|0.000048|0.198092|0.004767|0.003682|0.000089|0.000203|0.000005|0.020411|0.000491|0.000378|0.000009|0.000324|0.000008|0.032377|0.000779|0.000602|0.000014|0.000035|0.000001|0.003551|0.000085|0.000066|0.000002,0.005854|0.000141|0.539712|0.012988|0.011079|0.000267|0.000599|0.000014|0.055495|0.001336|0.001132|0.000027|0.000957|0.000023|0.088205|0.002123|0.001810|0.000044|0.000104|0.000003|0.009654|0.000232|0.000197|0.000005|0.001982|0.000048|0.198092|0.004767|0.003682|0.000089|0.000203|0.000005|0.020411|0.000491|0.000378|0.000009|0.000324|0.000008|0.032377|0.000779|0.000602|0.000014|0.000035|0.000001|0.003551|0.000085|0.000066|0.000002,4.156279245815561e-17
10000,spleen|Hyperbilirubinemia|PBC|albumin|pain_ruq,70,22,0.0010287761688232422,0.0009393692016601562,1.0951776649746192,0.033172|0.024071|0.039401|0.028610|0.209028|0.152255|0.022365|0.016229|0.026565|0.019289|0.140930|0.102653|0.004381|0.001984|0.005203|0.002360|0.027561|0.012612|0.000827|0.000375|0.000982|0.000446|0.005204|0.002382|0.003557|0.002584|0.004651|0.003400|0.030369|0.022486|0.002398|0.001742|0.003135|0.002292|0.020476|0.015160|0.000470|0.000213|0.000612|0.000283|0.003973|0.001904|0.000089|0.000040|0.000116|0.000053|0.000750|0.000360,0.033172|0.024071|0.039401|0.028610|0.209028|0.152255|0.022365|0.016229|0.026565|0.019289|0.140930|0.102653|0.004381|0.001984|0.005203|0.002360|0.027561|0.012612|0.000827|0.000375|0.000982|0.000446|0.005204|0.002382|0.003557|0.002584|0.004651|0.003400|0.030369|0.022486|0.002398|0.001742|0.003135|0.002292|0.020476|0.015160|0.000470|0.000213|0.000612|0.000283|0.003973|0.001904|0.000089|0.000040|0.000116|0.000053|0.000750|0.000360,1.3652274232877699e-17
10000,alcoholism|density|upper_pain|Cirrhosis|ama,70,20,0.0008645057678222656,0.0008533000946044922,1.013132159821179,0.231433|0.066951|0.005502|0.001614|0.011072|0.003255|0.144944|0.041931|0.003445|0.001011|0.006933|0.002038|0.150322|0.045277|0.003497|0.001031|0.007512|0.002209|0.094145|0.028356|0.002189|0.000646|0.004704|0.001383|0.033857|0.009794|0.001911|0.000561|0.004105|0.001207|0.021204|0.006134|0.001197|0.000351|0.002570|0.000756|0.021991|0.006624|0.001214|0.000358|0.002785|0.000819|0.013773|0.004148|0.000760|0.000224|0.001744|0.000513,0.231433|0.066951|0.005502|0.001614|0.011072|0.003255|0.144944|0.041931|0.003445|0.001011|0.006933|0.002038|0.150322|0.045277|0.003497|0.001031|0.007512|0.002209|0.094145|0.028356|0.002189|0.000646|0.004704|0.001383|0.033857|0.009794|0.001911|0.000561|0.004105|0.001207|0.021204|0.006134|0.001197|0.000351|0.002570|0.000756|0.021991|0.006624|0.001214|0.000358|0.002785|0.000819|0.013773|0.004148|0.000760|0.000224|0.001744|0.000513,-2.3022410145697592e-17
10000,spleen|ggtp|encephalopathy|obesity|surgery,70,22,0.0011327266693115234,0.0011417865753173828,0.9920651493004803,0.062466|0.044636|0.004222|0.003018|0.001730|0.001238|0.000118|0.000084|0.060355|0.043232|0.004070|0.002915|0.002266|0.001623|0.000152|0.000109|0.062600|0.044764|0.004068|0.002908|0.002260|0.001618|0.000148|0.000106|0.281522|0.201409|0.019250|0.013772|0.006666|0.004764|0.000464|0.000332|0.008554|0.006084|0.000670|0.000477|0.000269|0.000191|0.000022|0.000016|0.008145|0.005806|0.000638|0.000455|0.000317|0.000226|0.000025|0.000018|0.008158|0.005798|0.000591|0.000420|0.000307|0.000218|0.000023|0.000016|0.038722|0.027583|0.003111|0.002217|0.001095|0.000778|0.000096|0.000068,0.062466|0.044636|0.004222|0.003018|0.001730|0.001238|0.000118|0.000084|0.060355|0.043232|0.004070|0.002915|0.002266|0.001623|0.000152|0.000109|0.062600|0.044764|0.004068|0.002908|0.002260|0.001618|0.000148|0.000106|0.281522|0.201409|0.019250|0.013772|0.006666|0.004764|0.000464|0.000332|0.008554|0.006084|0.000670|0.000477|0.000269|0.000191|0.000022|0.000016|0.008145|0.005806|0.000638|0.000455|0.000317|0.000226|0.000025|0.000018|0.008158|0.005798|0.000591|0.000420|0.000307|0.000218|0.000023|0.000016|0.038722|0.027583|0.003111|0.002217|0.001095|0.000778|0.000096|0.000068,-2.396351090245852e-16
10000,pain_ruq|amylase|alt|hepatotoxic|hepatalgia,70,24,0.0011374950408935547,0.0013608932495117188,0.8358444288717589,0.000727|0.000205|0.000063|0.000018|0.001594|0.000452|0.000135|0.000038|0.000210|0.000059|0.000018|0.000005|0.001806|0.000511|0.000154|0.000043|0.068461|0.019285|0.005897|0.001659|0.150145|0.042611|0.012731|0.003601|0.019828|0.005576|0.001721|0.000484|0.170091|0.048100|0.014519|0.004096|0.001369|0.000386|0.000118|0.000033|0.003001|0.000852|0.000254|0.000072|0.000396|0.000111|0.000034|0.000010|0.003402|0.000962|0.000290|0.000082|0.000508|0.000145|0.000044|0.000013|0.001126|0.000324|0.000095|0.000027|0.000147|0.000042|0.000013|0.000004|0.001271|0.000364|0.000108|0.000031|0.047906|0.013694|0.004126|0.001178|0.106050|0.030509|0.008993|0.002579|0.013829|0.003948|0.001200|0.000342|0.119677|0.034324|0.010215|0.002923|0.000958|0.000274|0.000082|0.000024|0.002120|0.000610|0.000180|0.000052|0.000276|0.000079|0.000024|0.000007|0.002394|0.000687|0.000204|0.000058,0.000727|0.000205|0.000063|0.000018|0.001594|0.000452|0.000135|0.000038|0.000210|0.000059|0.000018|0.000005|0.001806|0.000511|0.000154|0.000043|0.068461|0.019285|0.005897|0.001659|0.150145|0.042611|0.012731|0.003601|0.019828|0.005576|0.001721|0.000484|0.170091|0.048100|0.014519|0.004096|0.001369|0.000386|0.000118|0.000033|0.003001|0.000852|0.000254|0.000072|0.000396|0.000111|0.000034|0.000010|0.003402|0.000962|0.000290|0.000082|0.000508|0.000145|0.000044|0.000013|0.001126|0.000324|0.000095|0.000027|0.000147|0.000042|0.000013|0.000004|0.001271|0.000364|0.000108|0.000031|0.047906|0.013694|0.004126|0.001178|0.106050|0.030509|0.008993|0.002579|0.013829|0.003948|0.001200|0.000342|0.119677|0.034324|0.010215|0.002923|0.000958|0.000274|0.000082|0.000024|0.002120|0.000610|0.000180|0.000052|0.000276|0.000079|0.000024|0.000007|0.002394|0.000687|0.000204|0.000058,1.595886462370856e-16
10000,transfusion|ast|amylase|diabetes|age,70,20,0.0008876323699951172,0.0009031295776367188,0.9828405491024287,0.000547|0.001586|0.001527|0.000288|0.000019|0.000054|0.000052|0.000010|0.051378|0.149052|0.143488|0.027043|0.001748|0.005070|0.004881|0.000920|0.001030|0.002989|0.002877|0.000542|0.000035|0.000102|0.000098|0.000018|0.000225|0.000652|0.000628|0.000118|0.000008|0.000022|0.000021|0.000004|0.021133|0.061309|0.059021|0.011124|0.000713|0.002067|0.001990|0.000375|0.000424|0.001230|0.001184|0.000223|0.000014|0.000041|0.000040|0.000008|0.000373|0.001083|0.001042|0.000196|0.000013|0.000037|0.000036|0.000007|0.035085|0.101784|0.097984|0.018467|0.001201|0.003483|0.003353|0.000632|0.000703|0.002040|0.001964|0.000370|0.000024|0.000070|0.000067|0.000013|0.000017|0.000050|0.000048|0.000009|0.000001|0.000002|0.000002|0.000000|0.001616|0.004689|0.004514|0.000851|0.000054|0.000158|0.000152|0.000029|0.000032|0.000094|0.000090|0.000017|0.000001|0.000003|0.000003|0.000001|0.000102|0.000296|0.000285|0.000054|0.000003|0.000010|0.000010|0.000002|0.009710|0.028169|0.027117|0.005111|0.000330|0.000958|0.000922|0.000174|0.000191|0.000555|0.000535|0.000101|0.000007|0.000019|0.000018|0.000003|0.000042|0.000121|0.000116|0.000022|0.000001|0.000004|0.000004|0.000001|0.003965|0.011504|0.011074|0.002087|0.000134|0.000388|0.000373|0.000070|0.000078|0.000227|0.000218|0.000041|0.000003|0.000008|0.000007|0.000001|0.000071|0.000206|0.000198|0.000037|0.000002|0.000007|0.000007|0.000001|0.006759|0.019609|0.018877|0.003558|0.000231|0.000671|0.000646|0.000122|0.000133|0.000386|0.000372|0.000070|0.000005|0.000013|0.000013|0.000002|0.000003|0.000010|0.000009|0.000002|0.000000|0.000000|0.000000|0.000000|0.000319|0.000925|0.000891|0.000168|0.000011|0.000031|0.000030|0.000006|0.000006|0.000018|0.000017|0.000003|0.000000|0.000001|0.000001|0.000000,0.000547|0.001586|0.001527|0.000288|0.000019|0.000054|0.000052|0.000010|0.051378|0.149052|0.143488|0.027043|0.001748|0.005070|0.004881|0.000920|0.001030|0.002989|0.002877|0.000542|0.000035|0.000102|0.000098|0.000018|0.000225|0.000652|0.000628|0.000118|0.000008|0.000022|0.000021|0.000004|0.021133|0.061309|0.059021|0.011124|0.000713|0.002067|0.001990|0.000375|0.000424|0.001230|0.001184|0.000223|0.000014|0.000041|0.000040|0.000008|0.000373|0.001083|0.001042|0.000196|0.000013|0.000037|0.000036|0.000007|0.035085|0.101784|0.097984|0.018467|0.001201|0.003483|0.003353|0.000632|0.000703|0.002040|0.001964|0.000370|0.000024|0.000070|0.000067|0.000013|0.000017|0.000050|0.000048|0.000009|0.000001|0.000002|0.000002|0.000000|0.001616|0.004689|0.004514|0.000851|0.000054|0.000158|0.000152|0.000029|0.000032|0.000094|0.000090|0.000017|0.000001|0.000003|0.000003|0.000001|0.000102|0.000296|0.000285|0.000054|0.000003|0.000010|0.000010|0.000002|0.009710|0.028169|0.027117|0.005111|0.000330|0.000958|0.000922|0.000174|0.000191|0.000555|0.000535|0.000101|0.000007|0.000019|0.000018|0.000003|0.000042|0.000121|0.000116|0.000022|0.000001|0.000004|0.000004|0.000001|0.003965|0.011504|0.011074|0.002087|0.000134|0.000388|0.000373|0.000070|0.000078|0.000227|0.000218|0.000041|0.000003|0.000008|0.000007|0.000001|0.000071|0.000206|0.000198|0.000037|0.000002|0.000007|0.000007|0.000001|0.006759|0.019609|0.018877|0.003558|0.000231|0.000671|0.000646|0.000122|0.000133|0.000386|0.000372|0.000070|0.000005|0.000013|0.000013|0.000002|0.000003|0.000010|0.000009|0.000002|0.000000|0.000000|0.000000|0.000000|0.000319|0.000925|0.000891|0.000168|0.000011|0.000031|0.000030|0.000006|0.000006|0.000018|0.000017|0.000003|0.000000|0.000001|0.000001|0.000000,0.0
10000,palms|bilirubin|platelet|ama|hbeag,70,22,0.001127481460571289,0.0010366439819335938,1.0876264949402024,0.005896|0.000014|0.005466|0.000013|0.023518|0.000053|0.021500|0.000051|0.002567|0.000006|0.002090|0.000005|0.003379|0.000008|0.003602|0.000009|0.069291|0.000200|0.013710|0.000042|0.340735|0.000984|0.054714|0.000168|0.041965|0.000121|0.005382|0.000016|0.019071|0.000056|0.008777|0.000027|0.020067|0.000051|0.011116|0.000029|0.088730|0.000221|0.043825|0.000115|0.010388|0.000026|0.004271|0.000011|0.008525|0.000023|0.007281|0.000019|0.001423|0.000006|0.001214|0.000004|0.005878|0.000027|0.004777|0.000016|0.000658|0.000003|0.000465|0.000002|0.000784|0.000003|0.000801|0.000003|0.001537|0.000004|0.001069|0.000003|0.005076|0.000012|0.004206|0.000010|0.000601|0.000002|0.000401|0.000001|0.000998|0.000003|0.000735|0.000002|0.014318|0.000041|0.002767|0.000009|0.062628|0.000181|0.011001|0.000035|0.007948|0.000023|0.001057|0.000003|0.005342|0.000016|0.001874|0.000006|0.004837|0.000013|0.002166|0.000006|0.017732|0.000046|0.008534|0.000022|0.002198|0.000006|0.000817|0.000002|0.002580|0.000008|0.001481|0.000004|0.000351|0.000002|0.000242|0.000001|0.001253|0.000006|0.000953|0.000003|0.000150|0.000001|0.000091|0.000000|0.000223|0.000001|0.000168|0.000001,0.005896|0.000014|0.005466|0.000013|0.023518|0.000053|0.021500|0.000051|0.002567|0.000006|0.002090|0.000005|0.003379|0.000008|0.003602|0.000009|0.069291|0.000200|0.013710|0.000042|0.340735|0.000984|0.054714|0.000168|0.041965|0.000121|0.005382|0.000016|0.019071|0.000056|0.008777|0.000027|0.020067|0.000051|0.011116|0.000029|0.088730|0.000221|0.043825|0.000115|0.010388|0.000026|0.004271|0.000011|0.008525|0.000023|0.007281|0.000019|0.001423|0.000006|0.001214|0.000004|0.005878|0.000027|0.004777|0.000016|0.000658|0.000003|0.000465|0.000002|0.000784|0.000003|0.000801|0.000003|0.001537|0.000004|0.001069|0.000003|0.005076|0.000012|0.004206|0.000010|0.000601|0.000002|0.000401|0.000001|0.000998|0.000003|0.000735|0.000002|0.014318|0.000041|0.002767|0.000009|0.062628|0.000181|0.011001|0.000035|0.007948|0.000023|0.001057|0.000003|0.005342|0.000016|0.001874|0.000006|0.004837|0.000013|0.002166|0.000006|0.017732|0.000046|0.008534|0.000022|0.002198|0.000006|0.000817|0.000002|0.002580|0.000008|0.001481|0.000004|0.000351|0.000002|0.000242|0.000001|0.001253|0.000006|0.000953|0.000003|0.000150|0.000001|0.000091|0.000000|0.000223|0.000001|0.000168|0.000001,1.4915272684636797e-16
10000,ast|hbsag_anti|itching|upper_pain|alcohol,70,26,0.0013430118560791016,0.0013263225555419922,1.0125831385942836,0.143831|0.019734|0.090062|0.012356|0.106287|0.014682|0.066584|0.009198|0.002267|0.000312|0.001420|0.000195|0.001676|0.000232|0.001050|0.000145|0.059335|0.007889|0.037155|0.004940|0.043784|0.005854|0.027428|0.003667|0.000939|0.000125|0.000588|0.000078|0.000693|0.000093|0.000434|0.000058|0.098395|0.013602|0.061606|0.008516|0.072815|0.010156|0.045617|0.006362|0.001536|0.000213|0.000962|0.000133|0.001138|0.000159|0.000713|0.000100|0.004560|0.000625|0.002855|0.000391|0.003357|0.000464|0.002102|0.000290|0.000074|0.000010|0.000046|0.000006|0.000055|0.000008|0.000034|0.000005,0.143831|0.019734|0.090062|0.012356|0.106287|0.014682|0.066584|0.009198|0.002267|0.000312|0.001420|0.000195|0.001676|0.000232|0.001050|0.000145|0.059335|0.007889|0.037155|0.004940|0.043784|0.005854|0.027428|0.003667|0.000939|0.000125|0.000588|0.000078|0.000693|0.000093|0.000434|0.000058|0.098395|0.013602|0.061606|0.008516|0.072815|0.010156|0.045617|0.006362|0.001536|0.000213|0.000962|0.000133|0.001138|0.000159|0.000713|0.000100|0.004560|0.000625|0.002855|0.000391|0.003357|0.000464|0.002102|0.000290|0.000074|0.000010|0.000046|0.000006|0.000055|0.000008|0.000034|0.000005,-1.3884001965630893e-16
10000,edema|transfusion|choledocholithotomy|palms|alcohol,70,15,0.0007381439208984375,0.0006656646728515625,1.1088825214899714,0.459866|0.061503|0.087305|0.012988|0.074099|0.009898|0.014031|0.002081|0.088828|0.011908|0.016951|0.002536|0.012439|0.001662|0.002356|0.000350|0.072544|0.009967|0.016852|0.002822|0.011678|0.001602|0.002697|0.000450|0.014039|0.001935|0.003299|0.000556|0.001961|0.000269|0.000453|0.000076,0.459866|0.061503|0.087305|0.012988|0.074099|0.009898|0.014031|0.002081|0.088828|0.011908|0.016951|0.002536|0.012439|0.001662|0.002356|0.000350|0.072544|0.009967|0.016852|0.002822|0.011678|0.001602|0.002697|0.000450|0.014039|0.001935|0.003299|0.000556|0.001961|0.000269|0.000453|0.000076,1.6172344963380624e-16
10000,cholesterol|ggtp|hbsag|itching|pain_ruq,70,26,0.001482248306274414,0.001485586166381836,0.9977531696356925,0.030914|0.022214|0.021434|0.015377|0.003461|0.002475|0.002401|0.001715|0.024684|0.017850|0.019399|0.014024|0.002525|0.001813|0.002001|0.001437|0.026085|0.018747|0.020106|0.014437|0.002981|0.002127|0.002266|0.001616|0.151221|0.105178|0.102744|0.070847|0.015550|0.010824|0.010684|0.007405|0.007723|0.005587|0.006501|0.004695|0.000727|0.000525|0.000610|0.000440|0.009859|0.007141|0.009027|0.006531|0.000932|0.000673|0.000846|0.000611|0.009669|0.006956|0.008836|0.006347|0.000916|0.000658|0.000825|0.000592|0.030992|0.021958|0.024796|0.017509|0.002965|0.002113|0.002406|0.001712|0.001886|0.001363|0.001775|0.001280|0.000214|0.000155|0.000188|0.000136|0.002959|0.002135|0.002856|0.002059|0.000298|0.000215|0.000278|0.000200|0.002919|0.002094|0.002819|0.002020|0.000298|0.000214|0.000275|0.000197|0.006173|0.004433|0.005714|0.004091|0.000792|0.000569|0.000684|0.000491,0.030914|0.022214|0.021434|0.015377|0.003461|0.002475|0.002401|0.001715|0.024684|0.017850|0.019399|0.014024|0.002525|0.001813|0.002001|0.001437|0.026085|0.018747|0.020106|0.014437|0.002981|0.002127|0.002266|0.001616|0.151221|0.105178|0.102744|0.070847|0.015550|0.010824|0.010684|0.007405|0.007723|0.005587|0.006501|0.004695|0.000727|0.000525|0.000610|0.000440|0.009859|0.007141|0.009027|0.006531|0.000932|0.000673|0.000846|0.000611|0.009669|0.006956|0.008836|0.006347|0.000916|0.000658|0.000825|0.000592|0.030992|0.021958|0.024796|0.017509|0.002965|0.002113|0.002406|0.001712|0.001886|0.001363|0.001775|0.001280|0.000214|0.000155|0.000188|0.000136|0.002959|0.002135|0.002856|0.002059|0.000298|0.000215|0.000278|0.000200|0.002919|0.002094|0.002819|0.002020|0.000298|0.000214|0.000275|0.000197|0.006173|0.004433|0.005714|0.004091|0.000792|0.000569|0.000684|0.000491,-1.9909001805678127e-16
10000,ascites|platelet|vh_amn|hepatotoxic|pain,70,20,0.0009038448333740234,0.0008890628814697266,1.0166264414052024,0.079830|0.021635|0.006810|0.001846|0.016766|0.004553|0.001430|0.000388|0.355906|0.098765|0.030361|0.008425|0.073610|0.020406|0.006279|0.001741|0.041213|0.011772|0.003516|0.001004|0.008556|0.002445|0.000730|0.000209|0.034338|0.008267|0.002929|0.000705|0.007456|0.001818|0.000636|0.000155|0.013576|0.003678|0.001158|0.000314|0.002844|0.000772|0.000243|0.000066|0.060687|0.016844|0.005177|0.001437|0.012532|0.003475|0.001069|0.000296|0.007023|0.002006|0.000599|0.000171|0.001455|0.000416|0.000124|0.000035|0.005802|0.001393|0.000495|0.000119|0.001255|0.000305|0.000107|0.000026,0.079830|0.021635|0.006810|0.001846|0.016766|0.004553|0.001430|0.000388|0.355906|0.098765|0.030361|0.008425|0.073610|0.020406|0.006279|0.001741|0.041213|0.011772|0.003516|0.001004|0.008556|0.002445|0.000730|0.000209|0.034338|0.008267|0.002929|0.000705|0.007456|0.001818|0.000636|0.000155|0.013576|0.003678|0.001158|0.000314|0.002844|0.000772|0.000243|0.000066|0.060687|0.016844|0.005177|0.001437|0.012532|0.003475|0.001069|0.000296|0.007023|0.002006|0.000599|0.000171|0.001455|0.000416|0.000124|0.000035|0.005802|0.001393|0.000495|0.000119|0.001255|0.000305|0.000107|0.000026,-9.142056441448859e-17
10000,transfusion|hbeag|inr|density|hcv_anti,70,23,0.0011296272277832031,0.0011048316955566406,1.0224428139835995,0.441035|0.001017|0.289358|0.000667|0.026608|0.000061|0.017447|0.000040|0.037236|0.000087|0.024517|0.000057|0.001196|0.000001|0.000785|0.000001|0.000084|0.000000|0.000055|0.000000|0.000078|0.000000|0.000052|0.000000|0.083761|0.000194|0.054956|0.000127|0.005044|0.000011|0.003308|0.000007|0.007012|0.000017|0.004617|0.000011|0.000293|0.000000|0.000192|0.000000|0.000021|0.000000|0.000014|0.000000|0.000018|0.000000|0.000012|0.000000,0.441035|0.001017|0.289358|0.000667|0.026608|0.000061|0.017447|0.000040|0.037236|0.000087|0.024517|0.000057|0.001196|0.000001|0.000785|0.000001|0.000084|0.000000|0.000055|0.000000|0.000078|0.000000|0.000052|0.000000|0.083761|0.000194|0.054956|0.000127|0.005044|0.000011|0.003308|0.000007|0.007012|0.000017|0.004617|0.000011|0.000293|0.000000|0.000192|0.000000|0.000021|0.000000|0.000014|0.000000|0.000018|0.000000|0.000012|0.000000,-1.846222261319285e-16
10000,Hyperbilirubinemia|pressure_ruq|consciousness|obesity|alcoholism,70,20,0.0009186267852783203,0.0009136199951171875,1.0054801670146138,0.451233|0.072588|0.031159|0.005012|0.012566|0.002037|0.000872|0.000141|0.275721|0.044349|0.019038|0.003062|0.007269|0.001184|0.000506|0.000082|0.033895|0.005451|0.002340|0.000376|0.000845|0.000138|0.000059|0.000010|0.023655|0.003804|0.001633|0.000263|0.000571|0.000094|0.000040|0.000007,0.451233|0.072588|0.031159|0.005012|0.012566|0.002037|0.000872|0.000141|0.275721|0.044349|0.019038|0.003062|0.007269|0.001184|0.000506|0.000082|0.033895|0.005451|0.002340|0.000376|0.000845|0.000138|0.000059|0.000010|0.023655|0.003804|0.001633|0.000263|0.000571|0.000094|0.000040|0.000007,2.3244128505876252e-18
10000,fatigue|choledocholithotomy|injections|proteins|gallstones,70,18,0.0008082389831542969,0.0008914470672607422,0.9066595346349291,0.227183|0.012924|0.004770|0.000271|0.133414|0.007590|0.002836|0.000161|0.006352|0.023357|0.000133|0.000491|0.006499|0.023896|0.000138|0.000508|0.278585|0.015848|0.005811|0.000331|0.161385|0.009181|0.003417|0.000194|0.007787|0.028631|0.000162|0.000597|0.007862|0.028908|0.000166|0.000612,0.227183|0.012924|0.004770|0.000271|0.133414|0.007590|0.002836|0.000161|0.006352|0.023357|0.000133|0.000491|0.006499|0.023896|0.000138|0.000508|0.278585|0.015848|0.005811|0.000331|0.161385|0.009181|0.003417|0.000194|0.007787|0.028631|0.000162|0.000597|0.007862|0.028908|0.000166|0.000612,-8.218895032217851e-17
10000,ama|irregular_liver|anorexia|gallstones|ChHepatitis,70,22,0.0009732246398925781,0.000881195068359375,1.1044372294372293,0.336288|0.048845|0.022614|0.061895|0.008408|0.003694|0.126414|0.018361|0.008501|0.023267|0.003161|0.001388|0.050304|0.013570|0.003842|0.009259|0.002336|0.000628|0.018902|0.005100|0.001444|0.003479|0.000878|0.000236|0.098862|0.014359|0.006648|0.018196|0.002472|0.001086|0.037163|0.005398|0.002499|0.006840|0.000929|0.000408|0.014788|0.003989|0.001130|0.002722|0.000687|0.000184|0.005557|0.001499|0.000424|0.001023|0.000258|0.000069,0.336288|0.048845|0.022614|0.061895|0.008408|0.003694|0.126414|0.018361|0.008501|0.023267|0.003161|0.001388|0.050304|0.013570|0.003842|0.009259|0.002336|0.000628|0.018902|0.005100|0.001444|0.003479|0.000878|0.000236|0.098862|0.014359|0.006648|0.018196|0.002472|0.001086|0.037163|0.005398|0.002499|0.006840|0.000929|0.000408|0.014788|0.003989|0.001130|0.002722|0.000687|0.000184|0.005557|0.001499|0.000424|0.001023|0.000258|0.000069,4.8445017699596256e-17
10000,choledocholithotomy|edge|ChHepatitis|skin|ama,70,21,0.0010075569152832031,0.0009806156158447266,1.0274738633600777,0.266999|0.057825|0.134366|0.060168|0.038121|0.008577|0.019568|0.008383|0.018979|0.004316|0.008112|0.003648|0.091936|0.020610|0.049117|0.020857|0.019126|0.004397|0.011056|0.004476|0.006916|0.001678|0.003333|0.001335|0.044044|0.008193|0.020619|0.010816|0.005688|0.001288|0.002706|0.001180|0.002136|0.000449|0.001496|0.000619|0.015266|0.002879|0.007459|0.003801|0.002745|0.000634|0.001647|0.000657|0.000761|0.000161|0.000613|0.000243,0.266999|0.057825|0.134366|0.060168|0.038121|0.008577|0.019568|0.008383|0.018979|0.004316|0.008112|0.003648|0.091936|0.020610|0.049117|0.020857|0.019126|0.004397|0.011056|0.004476|0.006916|0.001678|0.003333|0.001335|0.044044|0.008193|0.020619|0.010816|0.005688|0.001288|0.002706|0.001180|0.002136|0.000449|0.001496|0.000619|0.015266|0.002879|0.007459|0.003801|0.002745|0.000634|0.001647|0.000657|0.000761|0.000161|0.000613|0.000243,-1.0570412793359798e-16
10000,PBC|encephalopathy|irregular_liver|ascites|hbc_anti,70,20,0.0009622573852539062,0.0009064674377441406,1.0615465544450289,0.401782|0.042393|0.068591|0.007241|0.066667|0.006698|0.011174|0.001126|0.005875|0.000615|0.001000|0.000105|0.001467|0.000141|0.000242|0.000023|0.243131|0.025647|0.041503|0.004380|0.040710|0.004085|0.006820|0.000686|0.011918|0.001260|0.002037|0.000215|0.001917|0.000194|0.000322|0.000033,0.401782|0.042393|0.068591|0.007241|0.066667|0.006698|0.011174|0.001126|0.005875|0.000615|0.001000|0.000105|0.001467|0.000141|0.000242|0.000023|0.243131|0.025647|0.041503|0.004380|0.040710|0.004085|0.006820|0.000686|0.011918|0.001260|0.002037|0.000215|0.001917|0.000194|0.000322|0.000033,1.733789728513881e-17
10000,anorexia|fibrosis|Hyperbilirubinemia|alt|hbsag_anti,70,21,0.001081228256225586,0.0010044574737548828,1.0764300973178258,0.104984|0.001656|0.235408|0.003653|0.029049|0.000467|0.265366|0.004167|0.008289|0.000131|0.018587|0.000288|0.002294|0.000037|0.020953|0.000329|0.005967|0.000105|0.008519|0.000148|0.002961|0.000053|0.010921|0.000191|0.000471|0.000008|0.000673|0.000012|0.000234|0.000004|0.000862|0.000015|0.039335|0.000621|0.088838|0.001378|0.010997|0.000177|0.099447|0.001562|0.003106|0.000049|0.007015|0.000109|0.000868|0.000014|0.007852|0.000123|0.002230|0.000039|0.003210|0.000056|0.001100|0.000020|0.004124|0.000072|0.000176|0.000003|0.000253|0.000004|0.000087|0.000002|0.000326|0.000006,0.104984|0.001656|0.235408|0.003653|0.029049|0.000467|0.265366|0.004167|0.008289|0.000131|0.018587|0.000288|0.002294|0.000037|0.020953|0.000329|0.005967|0.000105|0.008519|0.000148|0.002961|0.000053|0.010921|0.000191|0.000471|0.000008|0.000673|0.000012|0.000234|0.000004|0.000862|0.000015|0.039335|0.000621|0.088838|0.001378|0.010997|0.000177|0.099447|0.001562|0.003106|0.000049|0.007015|0.000109|0.000868|0.000014|0.007852|0.000123|0.002230|0.000039|0.003210|0.000056|0.001100|0.000020|0.004124|0.000072|0.000176|0.000003|0.000253|0.000004|0.000087|0.000002|0.000326|0.000006,1.954885982608465e-17
10000,joints|gallstones|PBC|hepatomegaly|Steatosis,70,13,0.0006148815155029297,0.0005648136138916016,1.0886449978894048,0.142081|0.014416|0.283055|0.031149|0.080636|0.008505|0.176668|0.019072|0.025764|0.002614|0.051328|0.005648|0.014622|0.001542|0.032036|0.003458|0.015097|0.001532|0.030077|0.003310|0.011578|0.001221|0.025366|0.002738|0.002738|0.000278|0.005454|0.000600|0.002099|0.000221|0.004600|0.000497,0.142081|0.014416|0.283055|0.031149|0.080636|0.008505|0.176668|0.019072|0.025764|0.002614|0.051328|0.005648|0.014622|0.001542|0.032036|0.003458|0.015097|0.001532|0.030077|0.003310|0.011578|0.001221|0.025366|0.002738|0.002738|0.000278|0.005454|0.000600|0.002099|0.000221|0.004600|0.000497,-2.979190686477516e-16
10000,hepatalgia|edema|ama|RHepatitis|obesity,70,23,0.001016378402709961,0.0009605884552001953,1.058078927773641,0.472665|0.032357|0.011522|0.000789|0.138208|0.009465|0.003371|0.000231|0.077402|0.005610|0.001887|0.000137|0.022636|0.001641|0.000552|0.000040|0.133884|0.009187|0.003075|0.000211|0.040105|0.002749|0.000920|0.000063|0.021949|0.001596|0.000504|0.000037|0.006571|0.000477|0.000151|0.000011,0.472665|0.032357|0.011522|0.000789|0.138208|0.009465|0.003371|0.000231|0.077402|0.005610|0.001887|0.000137|0.022636|0.001641|0.000552|0.000040|0.133884|0.009187|0.003075|0.000211|0.040105|0.002749|0.000920|0.000063|0.021949|0.001596|0.000504|0.000037|0.006571|0.000477|0.000151|0.000011,2.699966103843414e-16
10000,urea|alt|consciousness|edge|proteins,70,24,0.0012557506561279297,0.0011639595031738281,1.0788611224907825,0.004957|0.000109|0.001805|0.000035|0.000329|0.000007|0.000126|0.000002|0.010758|0.000234|0.004153|0.000077|0.000715|0.000016|0.000297|0.000005|0.001418|0.000031|0.000539|0.000010|0.000094|0.000002|0.000038|0.000001|0.012268|0.000267|0.004575|0.000087|0.000812|0.000018|0.000320|0.000006|0.104801|0.002299|0.037908|0.000741|0.002576|0.000057|0.000952|0.000018|0.227384|0.004951|0.086961|0.001622|0.005595|0.000122|0.002208|0.000040|0.029986|0.000652|0.011312|0.000212|0.000737|0.000016|0.000286|0.000005|0.259421|0.005653|0.096062|0.001832|0.006373|0.000139|0.002417|0.000045|0.007264|0.000159|0.002631|0.000051|0.000243|0.000005|0.000091|0.000002|0.015762|0.000343|0.006040|0.000112|0.000528|0.000012|0.000213|0.000004|0.002078|0.000045|0.000785|0.000015|0.000069|0.000002|0.000027|0.000001|0.017981|0.000392|0.006668|0.000127|0.000601|0.000013|0.000232|0.000004,0.004957|0.000109|0.001805|0.000035|0.000329|0.000007|0.000126|0.000002|0.010758|0.000234|0.004153|0.000077|0.000715|0.000016|0.000297|0.000005|0.001418|0.000031|0.000539|0.000010|0.000094|0.000002|0.000038|0.000001|0.012268|0.000267|0.004575|0.000087|0.000812|0.000018|0.000320|0.000006|0.104801|0.002299|0.037908|0.000741|0.002576|0.000057|0.000952|0.000018|0.227384|0.004951|0.086961|0.001622|0.005595|0.000122|0.002208|0.000040|0.029986|0.000652|0.011312|0.000212|0.000737|0.000016|0.000286|0.000005|0.259421|0.005653|0.096062|0.001832|0.006373|0.000139|0.002417|0.000045|0.007264|0.000159|0.002631|0.000051|0.000243|0.000005|0.000091|0.000002|0.015762|0.000343|0.006040|0.000112|0.000528|0.000012|0.000213|0.000004|0.002078|0.000045|0.000785|0.000015|0.000069|0.000002|0.000027|0.000001|0.017981|0.000392|0.006668|0.000127|0.000601|0.000013|0.000232|0.000004,3.1117576157166035e-17
10000,alcoholism|carcinoma|palms|gallstones|Hyperbilirubinemia,70,19,0.0008478164672851562,0.0008325576782226562,1.0183276059564719,0.533958|0.043150|0.096902|0.007831|0.099761|0.008046|0.018062|0.001457|0.032016|0.001538|0.005780|0.000277|0.010079|0.000627|0.001804|0.000112|0.082044|0.006628|0.014889|0.001203|0.017490|0.001407|0.003167|0.000255|0.006404|0.000356|0.001158|0.000064|0.002801|0.000195|0.000504|0.000035,0.533958|0.043150|0.096902|0.007831|0.099761|0.008046|0.018062|0.001457|0.032016|0.001538|0.005780|0.000277|0.010079|0.000627|0.001804|0.000112|0.082044|0.006628|0.014889|0.001203|0.017490|0.001407|0.003167|0.000255|0.006404|0.000356|0.001158|0.000064|0.002801|0.000195|0.000504|0.000035,2.938471166435904e-17
10000,edge|spiders|proteins|spleen|choledocholithotomy,70,19,0.0009372234344482422,0.0008864402770996094,1.0572888649811727,0.442724|0.069884|0.049664|0.007825|0.009837|0.001553|0.001047|0.000165|0.107925|0.017008|0.015325|0.002397|0.002283|0.000361|0.000257|0.000040|0.146784|0.023128|0.022551|0.003522|0.003103|0.000490|0.000361|0.000057|0.045760|0.007157|0.015376|0.002370|0.000768|0.000121|0.000135|0.000021,0.442724|0.069884|0.049664|0.007825|0.009837|0.001553|0.001047|0.000165|0.107925|0.017008|0.015325|0.002397|0.002283|0.000361|0.000257|0.000040|0.146784|0.023128|0.022551|0.003522|0.003103|0.000490|0.000361|0.000057|0.045760|0.007157|0.015376|0.002370|0.000768|0.000121|0.000135|0.000021,3.246782952286688e-17
10000,sex|hbsag_anti|RHepatitis|hbsag|spiders,70,17,0.0008282661437988281,0.0007410049438476562,1.1177606177606179,0.407380|0.111650|0.041169|0.012870|0.009804|0.002687|0.000991|0.000310|0.006535|0.001790|0.000517|0.000181|0.000157|0.000043|0.000012|0.000004|0.276029|0.075651|0.027895|0.008720|0.006643|0.001821|0.000671|0.000210|0.004428|0.001213|0.000350|0.000123|0.000107|0.000029|0.000008|0.000003,0.407380|0.111650|0.041169|0.012870|0.009804|0.002687|0.000991|0.000310|0.006535|0.001790|0.000517|0.000181|0.000157|0.000043|0.000012|0.000004|0.276029|0.075651|0.027895|0.008720|0.006643|0.001821|0.000671|0.000210|0.004428|0.001213|0.000350|0.000123|0.000107|0.000029|0.000008|0.000003,8.950624645360396e-17
10000,triglycerides|RHepatitis|palms|gallstones|pressure_ruq,70,20,0.0008730888366699219,0.0008242130279541016,1.0592999710731847,0.015294|0.009993|0.003193|0.001395|0.004252|0.002782|0.000885|0.000388|0.000368|0.000240|0.000077|0.000034|0.000102|0.000067|0.000021|0.000009|0.384280|0.251084|0.080224|0.035047|0.074219|0.048582|0.015434|0.006776|0.009248|0.006042|0.001931|0.000843|0.001786|0.001169|0.000371|0.000163|0.017449|0.011401|0.003643|0.001591|0.004396|0.002876|0.000915|0.000401|0.000420|0.000274|0.000088|0.000038|0.000106|0.000069|0.000022|0.000010,0.015294|0.009993|0.003193|0.001395|0.004252|0.002782|0.000885|0.000388|0.000368|0.000240|0.000077|0.000034|0.000102|0.000067|0.000021|0.000009|0.384280|0.251084|0.080224|0.035047|0.074219|0.048582|0.015434|0.006776|0.009248|0.006042|0.001931|0.000843|0.001786|0.001169|0.000371|0.000163|0.017449|0.011401|0.003643|0.001591|0.004396|0.002876|0.000915|0.000401|0.000420|0.000274|0.000088|0.000038|0.000106|0.000069|0.000022|0.000010,-8.499516872987866e-17
10000,hbeag|skin|ama|hepatalgia|age,70,26,0.0012404918670654297,0.0012979507446289062,0.9557310800881704,0.070221|0.157993|0.146071|0.023695|0.018220|0.045383|0.042727|0.006950|0.002669|0.035821|0.038103|0.009201|0.000711|0.010323|0.011156|0.002697|0.034779|0.080004|0.074333|0.013584|0.008387|0.022646|0.021672|0.003978|0.002476|0.037681|0.039962|0.009738|0.000649|0.010823|0.011692|0.002852|0.000204|0.000449|0.000415|0.000068|0.000052|0.000129|0.000121|0.000020|0.000008|0.000106|0.000113|0.000027|0.000002|0.000030|0.000033|0.000008|0.000092|0.000220|0.000205|0.000037|0.000023|0.000062|0.000060|0.000011|0.000007|0.000101|0.000107|0.000026|0.000002|0.000029|0.000031|0.000008,0.070221|0.157993|0.146071|0.023695|0.018220|0.045383|0.042727|0.006950|0.002669|0.035821|0.038103|0.009201|0.000711|0.010323|0.011156|0.002697|0.034779|0.080004|0.074333|0.013584|0.008387|0.022646|0.021672|0.003978|0.002476|0.037681|0.039962|0.009738|0.000649|0.010823|0.011692|0.002852|0.000204|0.000449|0.000415|0.000068|0.000052|0.000129|0.000121|0.000020|0.000008|0.000106|0.000113|0.000027|0.000002|0.000030|0.000033|0.000008|0.000092|0.000220|0.000205|0.000037|0.000023|0.000062|0.000060|0.000011|0.000007|0.000101|0.000107|0.000026|0.000002|0.000029|0.000031|0.000008,0.0
10000,THepatitis|fatigue|ast|choledocholithotomy|density,70,22,0.001081705093383789,0.0010673999786376953,1.0134018315836497,0.106937|0.070157|0.016896|0.011084|0.045018|0.029538|0.007125|0.004675|0.071904|0.047206|0.011296|0.007416|0.003276|0.002149|0.000504|0.000331|0.130338|0.085514|0.020551|0.013483|0.054460|0.035738|0.008597|0.005641|0.086299|0.056661|0.013544|0.008892|0.004219|0.002768|0.000646|0.000424|0.003208|0.002105|0.000505|0.000332|0.000482|0.000318|0.000075|0.000049|0.004024|0.002641|0.000640|0.000420|0.000113|0.000074|0.000017|0.000011|0.004658|0.003057|0.000730|0.000479|0.000704|0.000464|0.000109|0.000072|0.005777|0.003791|0.000913|0.000599|0.000184|0.000120|0.000028|0.000018,0.106937|0.070157|0.016896|0.011084|0.045018|0.029538|0.007125|0.004675|0.071904|0.047206|0.011296|0.007416|0.003276|0.002149|0.000504|0.000331|0.130338|0.085514|0.020551|0.013483|0.054460|0.035738|0.008597|0.005641|0.086299|0.056661|0.013544|0.008892|0.004219|0.002768|0.000646|0.000424|0.003208|0.002105|0.000505|0.000332|0.000482|0.000318|0.000075|0.000049|0.004024|0.002641|0.000640|0.000420|0.000113|0.000074|0.000017|0.000011|0.004658|0.003057|0.000730|0.000479|0.000704|0.000464|0.000109|0.000072|0.005777|0.003791|0.000913|0.000599|0.000184|0.000120|0.000028|0.000018,1.126829980797642e-17
10000,irregular_liver|amylase|platelet|Steatosis|transfusion,70,19,0.0008323192596435547,0.0008745193481445312,0.9517448200654307,0.001047|0.000196|0.000094|0.000018|0.004876|0.000912|0.000364|0.000068|0.000563|0.000105|0.000044|0.000008|0.000402|0.000076|0.000053|0.000010|0.098394|0.018677|0.008802|0.001671|0.458286|0.086915|0.034176|0.006484|0.052914|0.010038|0.004154|0.000788|0.037827|0.007199|0.004952|0.000942|0.001973|0.000368|0.000176|0.000033|0.009189|0.001714|0.000685|0.000128|0.001061|0.000198|0.000083|0.000016|0.000758|0.000142|0.000099|0.000019|0.000152|0.000029|0.000060|0.000011|0.000648|0.000122|0.000159|0.000030|0.000076|0.000014|0.000021|0.000004|0.000070|0.000013|0.000045|0.000009|0.014291|0.002762|0.005613|0.001069|0.060970|0.011683|0.014948|0.002846|0.007187|0.001380|0.002016|0.000384|0.006565|0.001288|0.004267|0.000813|0.000286|0.000054|0.000112|0.000021|0.001222|0.000230|0.000300|0.000056|0.000144|0.000027|0.000040|0.000008|0.000131|0.000025|0.000086|0.000016,0.001047|0.000196|0.000094|0.000018|0.004876|0.000912|0.000364|0.000068|0.000563|0.000105|0.000044|0.000008|0.000402|0.000076|0.000053|0.000010|0.098394|0.018677|0.008802|0.001671|0.458286|0.086915|0.034176|0.006484|0.052914|0.010038|0.004154|0.000788|0.037827|0.007199|0.004952|0.000942|0.001973|0.000368|0.000176|0.000033|0.009189|0.001714|0.000685|0.000128|0.001061|0.000198|0.000083|0.000016|0.000758|0.000142|0.000099|0.000019|0.000152|0.000029|0.000060|0.000011|0.000648|0.000122|0.000159|0.000030|0.000076|0.000014|0.000021|0.000004|0.000070|0.000013|0.000045|0.000009|0.014291|0.002762|0.005613|0.001069|0.060970|0.011683|0.014948|0.002846|0.007187|0.001380|0.002016|0.000384|0.006565|0.001288|0.004267|0.000813|0.000286|0.000054|0.000112|0.000021|0.001222|0.000230|0.000300|0.000056|0.000144|0.000027|0.000040|0.000008|0.000131|0.000025|0.000086|0.000016,-7.916881007384306e-17
10000,edema|transfusion|bleeding|skin|spleen,70,27,0.0014257431030273438,0.001459360122680664,0.9769645482764254,0.335470|0.042510|0.199386|0.026645|0.064183|0.008774|0.039086|0.005716|0.063728|0.008133|0.037739|0.005088|0.012180|0.001677|0.007392|0.001091|0.052326|0.008647|0.031712|0.005966|0.010190|0.001967|0.006377|0.001425|0.009952|0.001668|0.006016|0.001152|0.001937|0.000379|0.001210|0.000275,0.335470|0.042510|0.199386|0.026645|0.064183|0.008774|0.039086|0.005716|0.063728|0.008133|0.037739|0.005088|0.012180|0.001677|0.007392|0.001091|0.052326|0.008647|0.031712|0.005966|0.010190|0.001967|0.006377|0.001425|0.009952|0.001668|0.006016|0.001152|0.001937|0.000379|0.001210|0.000275,1.9569695474707085e-17
10000,bilirubin|bleeding|hepatalgia|edema|sex,70,27,0.0014197826385498047,0.001506805419921875,0.942246835443038,0.037210|0.008168|0.006243|0.001587|0.010804|0.002338|0.001813|0.000456|0.007632|0.001694|0.001334|0.000364|0.002217|0.000486|0.000387|0.000105|0.195985|0.176093|0.031570|0.028007|0.056573|0.050134|0.009114|0.007971|0.038267|0.033139|0.006363|0.005413|0.011054|0.009444|0.001838|0.001542|0.090144|0.041195|0.014990|0.007201|0.025518|0.010703|0.004254|0.001897|0.018148|0.007951|0.003139|0.001484|0.005153|0.002084|0.000894|0.000396|0.008536|0.002242|0.001430|0.000391|0.002443|0.000615|0.000409|0.000108|0.001748|0.000458|0.000304|0.000086|0.000501|0.000127|0.000087|0.000024,0.037210|0.008168|0.006243|0.001587|0.010804|0.002338|0.001813|0.000456|0.007632|0.001694|0.001334|0.000364|0.002217|0.000486|0.000387|0.000105|0.195985|0.176093|0.031570|0.028007|0.056573|0.050134|0.009114|0.007971|0.038267|0.033139|0.006363|0.005413|0.011054|0.009444|0.001838|0.001542|0.090144|0.041195|0.014990|0.007201|0.025518|0.010703|0.004254|0.001897|0.018148|0.007951|0.003139|0.001484|0.005153|0.002084|0.000894|0.000396|0.008536|0.002242|0.001430|0.000391|0.002443|0.000615|0.000409|0.000108|0.001748|0.000458|0.000304|0.000086|0.000501|0.000127|0.000087|0.000024,-2.1708659254778157e-16
10000,PBC|spleen|pain_ruq|age|phosphatase,70,22,0.0010499954223632812,0.0010340213775634766,1.0154484666820383,0.036488|0.011421|0.022012|0.064695|0.020244|0.039031|0.057025|0.017843|0.034404|0.008131|0.002544|0.004906|0.022977|0.007168|0.013875|0.045710|0.014269|0.027597|0.041226|0.012871|0.024889|0.005903|0.001843|0.003564|0.005095|0.001319|0.003141|0.009050|0.002341|0.005583|0.007980|0.002063|0.004924|0.001138|0.000294|0.000702|0.003275|0.000837|0.002034|0.006490|0.001662|0.004026|0.005849|0.001499|0.003627|0.000837|0.000215|0.000519|0.002441|0.000764|0.001473|0.043149|0.013502|0.026032|0.045904|0.014364|0.027695|0.011246|0.003519|0.006785|0.001621|0.000506|0.000979|0.030746|0.009598|0.018562|0.033264|0.010385|0.020082|0.008158|0.002547|0.004925|0.000341|0.000088|0.000210|0.006037|0.001561|0.003725|0.006424|0.001661|0.003964|0.001574|0.000407|0.000971|0.000231|0.000059|0.000143|0.004364|0.001118|0.002707|0.004719|0.001209|0.002927|0.001157|0.000297|0.000718,0.036488|0.011421|0.022012|0.064695|0.020244|0.039031|0.057025|0.017843|0.034404|0.008131|0.002544|0.004906|0.022977|0.007168|0.013875|0.045710|0.014269|0.027597|0.041226|0.012871|0.024889|0.005903|0.001843|0.003564|0.005095|0.001319|0.003141|0.009050|0.002341|0.005583|0.007980|0.002063|0.004924|0.001138|0.000294|0.000702|0.003275|0.000837|0.002034|0.006490|0.001662|0.004026|0.005849|0.001499|0.003627|0.000837|0.000215|0.000519|0.002441|0.000764|0.001473|0.043149|0.013502|0.026032|0.045904|0.014364|0.027695|0.011246|0.003519|0.006785|0.001621|0.000506|0.000979|0.030746|0.009598|0.018562|0.033264|0.010385|0.020082|0.008158|0.002547|0.004925|0.000341|0.000088|0.000210|0.006037|0.001561|0.003725|0.006424|0.001661|0.003964|0.001574|0.000407|0.000971|0.000231|0.000059|0.000143|0.004364|0.001118|0.002707|0.004719|0.001209|0.002927|0.001157|0.000297|0.000718,-6.646011172044029e-17
10000,Steatosis|bleeding|spiders|Hyperbilirubinemia|THepatitis,70,22,0.0010340213775634766,0.0009584426879882812,1.0788557213930348,0.542599|0.020137|0.043214|0.001591|0.134699|0.004997|0.010735|0.000393|0.103818|0.003623|0.007826|0.000285|0.026308|0.000922|0.001978|0.000074|0.042727|0.002223|0.003455|0.000172|0.025643|0.001349|0.002103|0.000102|0.009833|0.000457|0.000696|0.000039|0.007161|0.000324|0.000487|0.000030,0.542599|0.020137|0.043214|0.001591|0.134699|0.004997|0.010735|0.000393|0.103818|0.003623|0.007826|0.000285|0.026308|0.000922|0.001978|0.000074|0.042727|0.002223|0.003455|0.000172|0.025643|0.001349|0.002103|0.000102|0.009833|0.000457|0.000696|0.000039|0.007161|0.000324|0.000487|0.000030,-1.0408879065986234e-17
10000,transfusion|fibrosis|ama|inr|hepatotoxic,70,20,0.0009336471557617188,0.0008382797241210938,1.1137656427758817,0.501344|0.042720|0.031062|0.002669|0.040802|0.003509|0.147045|0.012529|0.009284|0.000797|0.012182|0.001048|0.021672|0.001851|0.000346|0.000028|0.003182|0.000271|0.006356|0.000542|0.000100|0.000008|0.000952|0.000081|0.094848|0.008082|0.005883|0.000506|0.007616|0.000655|0.027820|0.002371|0.001759|0.000151|0.002272|0.000195|0.004562|0.000390|0.000076|0.000006|0.000672|0.000057|0.001338|0.000114|0.000022|0.000002|0.000201|0.000017,0.501344|0.042720|0.031062|0.002669|0.040802|0.003509|0.147045|0.012529|0.009284|0.000797|0.012182|0.001048|0.021672|0.001851|0.000346|0.000028|0.003182|0.000271|0.006356|0.000542|0.000100|0.000008|0.000952|0.000081|0.094848|0.008082|0.005883|0.000506|0.007616|0.000655|0.027820|0.002371|0.001759|0.000151|0.002272|0.000195|0.004562|0.000390|0.000076|0.000006|0.000672|0.000057|0.001338|0.000114|0.000022|0.000002|0.000201|0.000017,7.28486527008849e-17
10000,hcv_anti|choledocholithotomy|hospital|edema|RHepatitis,70,15,0.0007004737854003906,0.0006108283996582031,1.146760343481655,0.336879|0.008107|0.055601|0.001338|0.385906|0.009287|0.063274|0.001523|0.053076|0.001277|0.008756|0.000211|0.060827|0.001464|0.009935|0.000239|0.000764|0.000018|0.000126|0.000003|0.000900|0.000022|0.000147|0.000004|0.000120|0.000003|0.000020|0.000000|0.000144|0.000003|0.000024|0.000001,0.336879|0.008107|0.055601|0.001338|0.385906|0.009287|0.063274|0.001523|0.053076|0.001277|0.008756|0.000211|0.060827|0.001464|0.009935|0.000239|0.000764|0.000018|0.000126|0.000003|0.000900|0.000022|0.000147|0.000004|0.000120|0.000003|0.000020|0.000000|0.000144|0.000003|0.000024|0.000001,5.941154985297562e-17
10000,Hyperbilirubinemia|hbsag|edge|jaundice|pain,70,22,0.0011546611785888672,0.0010938644409179688,1.0555797733217087,0.350340|0.097249|0.131908|0.034105|0.128102|0.035484|0.049568|0.012909|0.035025|0.009713|0.013228|0.003430|0.014526|0.004019|0.005717|0.001494|0.026195|0.008030|0.010944|0.003280|0.009640|0.002959|0.004043|0.001208|0.002669|0.000818|0.001047|0.000313|0.001119|0.000344|0.000440|0.000131,0.350340|0.097249|0.131908|0.034105|0.128102|0.035484|0.049568|0.012909|0.035025|0.009713|0.013228|0.003430|0.014526|0.004019|0.005717|0.001494|0.026195|0.008030|0.010944|0.003280|0.009640|0.002959|0.004043|0.001208|0.002669|0.000818|0.001047|0.000313|0.001119|0.000344|0.000440|0.000131,-5.3264182132534626e-17
10000,spiders|fibrosis|bleeding|itching|RHepatitis,70,26,0.0013055801391601562,0.0013341903686523438,0.9785561115082202,0.358726|0.008633|0.263243|0.006335|0.068592|0.001651|0.050907|0.001225|0.010559|0.000254|0.008171|0.000197|0.002302|0.000055|0.001802|0.000043|0.091927|0.002212|0.068465|0.001648|0.018655|0.000449|0.014141|0.000340|0.008502|0.000205|0.006896|0.000166|0.001988|0.000048|0.001623|0.000039,0.358726|0.008633|0.263243|0.006335|0.068592|0.001651|0.050907|0.001225|0.010559|0.000254|0.008171|0.000197|0.002302|0.000055|0.001802|0.000043|0.091927|0.002212|0.068465|0.001648|0.018655|0.000449|0.014141|0.000340|0.008502|0.000205|0.006896|0.000166|0.001988|0.000048|0.001623|0.000039,2.0341836600144745e-17
10000,carcinoma|hospital|pain|encephalopathy|inr,70,22,0.0011456012725830078,0.0010306835174560547,1.1114966458477908,0.291287|0.017692|0.023113|0.008105|0.000489|0.000686|0.081168|0.004919|0.006416|0.001963|0.000117|0.000170|0.333692|0.020637|0.026511|0.009271|0.000570|0.000784|0.092989|0.005738|0.007359|0.002243|0.000136|0.000195|0.019499|0.000880|0.003053|0.000847|0.000040|0.000127|0.004533|0.000190|0.000776|0.000191|0.000008|0.000032|0.021641|0.001012|0.003441|0.000945|0.000046|0.000143|0.005000|0.000218|0.000873|0.000211|0.000010|0.000036,0.291287|0.017692|0.023113|0.008105|0.000489|0.000686|0.081168|0.004919|0.006416|0.001963|0.000117|0.000170|0.333692|0.020637|0.026511|0.009271|0.000570|0.000784|0.092989|0.005738|0.007359|0.002243|0.000136|0.000195|0.019499|0.000880|0.003053|0.000847|0.000040|0.000127|0.004533|0.000190|0.000776|0.000191|0.000008|0.000032|0.021641|0.001012|0.003441|0.000945|0.000046|0.000143|0.005000|0.000218|0.000873|0.000211|0.000010|0.000036,1.3985653073754772e-16
10000,ChHepatitis|Cirrhosis|consciousness|palms|proteins,70,19,0.0009222030639648438,0.0007457733154296875,1.2365728900255755,0.630265|0.014207|0.105737|0.002383|0.016953|0.000382|0.002844|0.000064|0.009316|0.000000|0.003665|0.000000|0.000190|0.000000|0.000075|0.000000|0.014136|0.000080|0.013618|0.000077|0.000489|0.000003|0.000471|0.000003|0.079880|0.001801|0.013401|0.000302|0.002149|0.000048|0.000360|0.000008|0.007558|0.000000|0.002974|0.000000|0.000154|0.000000|0.000061|0.000000|0.010552|0.000059|0.010165|0.000057|0.000365|0.000002|0.000351|0.000002|0.040858|0.000921|0.006855|0.000155|0.001099|0.000025|0.000184|0.000004|0.001068|0.000000|0.000420|0.000000|0.000022|0.000000|0.000009|0.000000|0.001554|0.000009|0.001497|0.000008|0.000054|0.000000|0.000052|0.000000,0.630265|0.014207|0.105737|0.002383|0.016953|0.000382|0.002844|0.000064|0.009316|0.000000|0.003665|0.000000|0.000190|0.000000|0.000075|0.000000|0.014136|0.000080|0.013618|0.000077|0.000489|0.000003|0.000471|0.000003|0.079880|0.001801|0.013401|0.000302|0.002149|0.000048|0.000360|0.000008|0.007558|0.000000|0.002974|0.000000|0.000154|0.000000|0.000061|0.000000|0.010552|0.000059|0.010165|0.000057|0.000365|0.000002|0.000351|0.000002|0.040858|0.000921|0.006855|0.000155|0.001099|0.000025|0.000184|0.000004|0.001068|0.000000|0.000420|0.000000|0.000022|0.000000|0.000009|0.000000|0.001554|0.000009|0.001497|0.000008|0.000054|0.000000|0.000052|0.000000,6.83657656995455e-17
10000,injections|skin|hepatomegaly|hbsag_anti|edge,70,25,0.0012784004211425781,0.0012373924255371094,1.033140655105973,0.088802|0.032815|0.001376|0.000513|0.186296|0.069001|0.002885|0.001078|0.053766|0.020836|0.000833|0.000326|0.109441|0.042896|0.001697|0.000672|0.056274|0.020183|0.000904|0.000325|0.118180|0.042511|0.001898|0.000685|0.034387|0.012845|0.000552|0.000207|0.069882|0.026385|0.001123|0.000425,0.088802|0.032815|0.001376|0.000513|0.186296|0.069001|0.002885|0.001078|0.053766|0.020836|0.000833|0.000326|0.109441|0.042896|0.001697|0.000672|0.056274|0.020183|0.000904|0.000325|0.118180|0.042511|0.001898|0.000685|0.034387|0.012845|0.000552|0.000207|0.069882|0.026385|0.001123|0.000425,-2.068296189847994e-17
10000,itching|amylase|upper_pain|hbeag|urea,70,24,0.001203775405883789,0.0012090206146240234,0.9956616052060737,0.000158|0.003221|0.000225|0.000000|0.000009|0.000001|0.000100|0.002041|0.000143|0.000000|0.000006|0.000000|0.014991|0.305722|0.021356|0.000043|0.000867|0.000061|0.009383|0.191350|0.013367|0.000027|0.000542|0.000038|0.000297|0.006056|0.000423|0.000001|0.000017|0.000001|0.000189|0.003847|0.000269|0.000001|0.000011|0.000001|0.000119|0.002396|0.000168|0.000000|0.000007|0.000000|0.000076|0.001519|0.000107|0.000000|0.000004|0.000000|0.011258|0.225897|0.015837|0.000031|0.000628|0.000044|0.007050|0.141453|0.009917|0.000020|0.000393|0.000028|0.000225|0.004512|0.000316|0.000001|0.000013|0.000001|0.000143|0.002869|0.000201|0.000000|0.000008|0.000001,0.000158|0.003221|0.000225|0.000000|0.000009|0.000001|0.000100|0.002041|0.000143|0.000000|0.000006|0.000000|0.014991|0.305722|0.021356|0.000043|0.000867|0.000061|0.009383|0.191350|0.013367|0.000027|0.000542|0.000038|0.000297|0.006056|0.000423|0.000001|0.000017|0.000001|0.000189|0.003847|0.000269|0.000001|0.000011|0.000001|0.000119|0.002396|0.000168|0.000000|0.000007|0.000000|0.000076|0.001519|0.000107|0.000000|0.000004|0.000000|0.011258|0.225897|0.015837|0.000031|0.000628|0.000044|0.007050|0.141453|0.009917|0.000020|0.000393|0.000028|0.000225|0.004512|0.000316|0.000001|0.000013|0.000001|0.000143|0.002869|0.000201|0.000000|0.000008|0.000001,-1.0160111993223901e-16
10000,spleen|hbsag_anti|gallstones|proteins|phosphatase,70,20,0.0010492801666259766,0.001085519790649414,0.966615418405447,0.374577|0.116698|0.225700|0.008015|0.002592|0.004821|0.067530|0.021418|0.041126|0.001446|0.000476|0.000879|0.005901|0.001822|0.003546|0.000126|0.000040|0.000076|0.001067|0.000336|0.000649|0.000023|0.000007|0.000014|0.052967|0.013562|0.032717|0.000910|0.000278|0.000549|0.009507|0.002483|0.005933|0.000164|0.000051|0.000100|0.000844|0.000212|0.000519|0.000014|0.000004|0.000009|0.000152|0.000039|0.000094|0.000003|0.000001|0.000002,0.374577|0.116698|0.225700|0.008015|0.002592|0.004821|0.067530|0.021418|0.041126|0.001446|0.000476|0.000879|0.005901|0.001822|0.003546|0.000126|0.000040|0.000076|0.001067|0.000336|0.000649|0.000023|0.000007|0.000014|0.052967|0.013562|0.032717|0.000910|0.000278|0.000549|0.009507|0.002483|0.005933|0.000164|0.000051|0.000100|0.000844|0.000212|0.000519|0.000014|0.000004|0.000009|0.000152|0.000039|0.000094|0.000003|0.000001|0.000002,7.791224167294174e-17
10000,pain_ruq|itching|fibrosis|Hyperbilirubinemia|ama,70,21,0.0010113716125488281,0.0009529590606689453,1.0612959719789843,0.234407|0.062148|0.023789|0.002375|0.009983|0.002803|0.001131|0.000109|0.156966|0.059557|0.019412|0.002444|0.007538|0.002646|0.000803|0.000107|0.170811|0.045315|0.010914|0.001088|0.007276|0.002043|0.000519|0.000050|0.114496|0.043406|0.008901|0.001123|0.005496|0.001929|0.000368|0.000049,0.234407|0.062148|0.023789|0.002375|0.009983|0.002803|0.001131|0.000109|0.156966|0.059557|0.019412|0.002444|0.007538|0.002646|0.000803|0.000107|0.170811|0.045315|0.010914|0.001088|0.007276|0.002043|0.000519|0.000050|0.114496|0.043406|0.008901|0.001123|0.005496|0.001929|0.000368|0.000049,-1.6949090034875805e-16
10000,obesity|hepatomegaly|inr|pain_ruq|choledocholithotomy,70,21,0.0010492801666259766,0.0010068416595458984,1.0421501302391665,0.136645|0.021520|0.093497|0.014724|0.008077|0.001280|0.005608|0.000889|0.011016|0.001735|0.007811|0.001230|0.278068|0.043792|0.198310|0.031230|0.016912|0.002680|0.012101|0.001918|0.023160|0.003648|0.016888|0.002661|0.009239|0.001455|0.006406|0.001009|0.000526|0.000083|0.000368|0.000058|0.000884|0.000139|0.000644|0.000102|0.018922|0.002979|0.013639|0.002148|0.001104|0.000175|0.000795|0.000126|0.001880|0.000297|0.001401|0.000221,0.136645|0.021520|0.093497|0.014724|0.008077|0.001280|0.005608|0.000889|0.011016|0.001735|0.007811|0.001230|0.278068|0.043792|0.198310|0.031230|0.016912|0.002680|0.012101|0.001918|0.023160|0.003648|0.016888|0.002661|0.009239|0.001455|0.006406|0.001009|0.000526|0.000083|0.000368|0.000058|0.000884|0.000139|0.000644|0.000102|0.018922|0.002979|0.013639|0.002148|0.001104|0.000175|0.000795|0.000126|0.001880|0.000297|0.001401|0.000221,-2.220816090357466e-16
10000,age|encephalopathy|joints|sex|bilirubin,70,20,0.0009253025054931641,0.0010008811950683594,0.9244878513577894,0.002790|0.054045|0.015319|0.000828|0.001067|0.034468|0.013800|0.000454|0.000344|0.005857|0.001729|0.000100|0.000113|0.003662|0.001466|0.000048|0.000096|0.000919|0.000345|0.000025|0.000023|0.000529|0.000219|0.000007|0.000013|0.000103|0.000042|0.000003|0.000002|0.000056|0.000023|0.000001|0.023839|0.119689|0.055798|0.005487|0.005007|0.113306|0.024083|0.001345|0.003350|0.014687|0.007584|0.000768|0.000600|0.012203|0.002698|0.000159|0.001116|0.003565|0.002375|0.000253|0.000161|0.001850|0.000542|0.000038|0.000159|0.000474|0.000333|0.000036|0.000020|0.000205|0.000064|0.000005|0.025228|0.109769|0.055618|0.005593|0.004941|0.111439|0.020725|0.001244|0.003565|0.013799|0.007681|0.000788|0.000594|0.012007|0.002340|0.000147|0.001195|0.003564|0.002471|0.000262|0.000160|0.001819|0.000492|0.000036|0.000170|0.000482|0.000349|0.000037|0.000020|0.000201|0.000059|0.000005|0.004829|0.020458|0.010589|0.001070|0.002095|0.017530|0.005459|0.000475|0.000683|0.002584|0.001465|0.000151|0.000286|0.002016|0.000707|0.000064|0.000229|0.000675|0.000473|0.000050|0.000092|0.000401|0.000205|0.000020|0.000033|0.000092|0.000067|0.000007|0.000013|0.000050|0.000028|0.000003,0.002790|0.054045|0.015319|0.000828|0.001067|0.034468|0.013800|0.000454|0.000344|0.005857|0.001729|0.000100|0.000113|0.003662|0.001466|0.000048|0.000096|0.000919|0.000345|0.000025|0.000023|0.000529|0.000219|0.000007|0.000013|0.000103|0.000042|0.000003|0.000002|0.000056|0.000023|0.000001|0.023839|0.119689|0.055798|0.005487|0.005007|0.113306|0.024083|0.001345|0.003350|0.014687|0.007584|0.000768|0.000600|0.012203|0.002698|0.000159|0.001116|0.003565|0.002375|0.000253|0.000161|0.001850|0.000542|0.000038|0.000159|0.000474|0.000333|0.000036|0.000020|0.000205|0.000064|0.000005|0.025228|0.109769|0.055618|0.005593|0.004941|0.111439|0.020725|0.001244|0.003565|0.013799|0.007681|0.000788|0.000594|0.012007|0.002340|0.000147|0.001195|0.003564|0.002471|0.000262|0.000160|0.001819|0.000492|0.000036|0.000170|0.000482|0.000349|0.000037|0.000020|0.000201|0.000059|0.000005|0.004829|0.020458|0.010589|0.001070|0.002095|0.017530|0.005459|0.000475|0.000683|0.002584|0.001465|0.000151|0.000286|0.002016|0.000707|0.000064|0.000229|0.000675|0.000473|0.000050|0.000092|0.000401|0.000205|0.000020|0.000033|0.000092|0.000067|0.000007|0.000013|0.000050|0.000028|0.000003,1.3930958152625824e-16
10000,le_cells|hospital|obesity|irregular_liver|spiders,70,18,0.0007956027984619141,0.0008149147033691406,0.9763019309537742,0.279000|0.070739|0.040158|0.017925|0.018498|0.004996|0.002987|0.001683|0.321006|0.080713|0.045493|0.019557|0.021282|0.005702|0.003388|0.001863|0.019399|0.004919|0.002792|0.001246|0.001286|0.000347|0.000208|0.000117|0.022320|0.005612|0.003163|0.001360|0.001480|0.000396|0.000236|0.000130,0.279000|0.070739|0.040158|0.017925|0.018498|0.004996|0.002987|0.001683|0.321006|0.080713|0.045493|0.019557|0.021282|0.005702|0.003388|0.001863|0.019399|0.004919|0.002792|0.001246|0.001286|0.000347|0.000208|0.000117|0.022320|0.005612|0.003163|0.001360|0.001480|0.000396|0.000236|0.000130,9.971073720331089e-18
10000,THepatitis|proteins|Hyperbilirubinemia|consciousness|phosphatase,70,23,0.0011429786682128906,0.0010528564453125,1.0855978260869565,0.437241|0.139260|0.274624|0.011948|0.003788|0.007528|0.034612|0.011026|0.021739|0.000855|0.000269|0.000539|0.009124|0.003069|0.005720|0.000248|0.000083|0.000156|0.000722|0.000243|0.000453|0.000018|0.000006|0.000011|0.025164|0.002009|0.005277|0.000685|0.000055|0.000149|0.001992|0.000159|0.000418|0.000049|0.000004|0.000011|0.000531|0.000044|0.000099|0.000014|0.000001|0.000003|0.000042|0.000003|0.000008|0.000001|0.000000|0.000000,0.437241|0.139260|0.274624|0.011948|0.003788|0.007528|0.034612|0.011026|0.021739|0.000855|0.000269|0.000539|0.009124|0.003069|0.005720|0.000248|0.000083|0.000156|0.000722|0.000243|0.000453|0.000018|0.000006|0.000011|0.025164|0.002009|0.005277|0.000685|0.000055|0.000149|0.001992|0.000159|0.000418|0.000049|0.000004|0.000011|0.000531|0.000044|0.000099|0.000014|0.000001|0.000003|0.000042|0.000003|0.000008|0.000001|0.000000|0.000000,-2.779636114382495e-17
10000,Cirrhosis|hepatalgia|transfusion|nausea|alcohol,70,22,0.001003265380859375,0.0009846687316894531,1.0188861985472155,0.382749|0.048570|0.152288|0.019325|0.072458|0.009195|0.028830|0.003658|0.108748|0.013800|0.043324|0.005498|0.020587|0.002612|0.008202|0.001041|0.008859|0.002968|0.003534|0.001184|0.001751|0.000587|0.000698|0.000234|0.002546|0.000853|0.001017|0.000341|0.000503|0.000169|0.000201|0.000067|0.019984|0.004868|0.007975|0.001943|0.003939|0.000960|0.001572|0.000383|0.005750|0.001401|0.002297|0.000560|0.001133|0.000276|0.000453|0.000110,0.382749|0.048570|0.152288|0.019325|0.072458|0.009195|0.028830|0.003658|0.108748|0.013800|0.043324|0.005498|0.020587|0.002612|0.008202|0.001041|0.008859|0.002968|0.003534|0.001184|0.001751|0.000587|0.000698|0.000234|0.002546|0.000853|0.001017|0.000341|0.000503|0.000169|0.000201|0.000067|0.019984|0.004868|0.007975|0.001943|0.003939|0.000960|0.001572|0.000383|0.005750|0.001401|0.002297|0.000560|0.001133|0.000276|0.000453|0.000110,2.282523552105075e-16
10000,hepatomegaly|skin|itching|le_cells|triglycerides,70,26,0.0013248920440673828,0.0013451576232910156,0.9849344204182914,0.004511|0.109887|0.005098|0.000281|0.006728|0.000316|0.002657|0.064226|0.002996|0.000173|0.004123|0.000194|0.002157|0.050698|0.002412|0.000158|0.003752|0.000178|0.002386|0.054445|0.002645|0.000192|0.004514|0.000215|0.009661|0.231069|0.010860|0.000611|0.014361|0.000683|0.005655|0.133753|0.006336|0.000373|0.008753|0.000417|0.004528|0.103180|0.005018|0.000340|0.007891|0.000379|0.005003|0.110313|0.005493|0.000413|0.009505|0.000459,0.004511|0.109887|0.005098|0.000281|0.006728|0.000316|0.002657|0.064226|0.002996|0.000173|0.004123|0.000194|0.002157|0.050698|0.002412|0.000158|0.003752|0.000178|0.002386|0.054445|0.002645|0.000192|0.004514|0.000215|0.009661|0.231069|0.010860|0.000611|0.014361|0.000683|0.005655|0.133753|0.006336|0.000373|0.008753|0.000417|0.004528|0.103180|0.005018|0.000340|0.007891|0.000379|0.005003|0.110313|0.005493|0.000413|0.009505|0.000459,2.778870099744978e-17
10000,Steatosis|urea|ChHepatitis|triglycerides|palms,70,19,0.0008640289306640625,0.0008063316345214844,1.0715552927261975,0.000632|0.000107|0.026199|0.004429|0.000865|0.000146|0.000095|0.000024|0.003921|0.001007|0.000129|0.000033|0.000042|0.000008|0.001742|0.000320|0.000058|0.000011|0.012832|0.002169|0.532224|0.089946|0.017566|0.002969|0.001915|0.000482|0.079413|0.019983|0.002621|0.000660|0.000853|0.000156|0.035374|0.006456|0.001168|0.000213|0.000897|0.000152|0.037210|0.006289|0.001228|0.000208|0.000134|0.000034|0.005556|0.001404|0.000183|0.000046|0.000060|0.000011|0.002473|0.000452|0.000082|0.000015|0.000479|0.000197|0.001625|0.000670|0.000401|0.000165|0.000073|0.000035|0.000249|0.000120|0.000061|0.000030|0.000032|0.000014|0.000108|0.000046|0.000027|0.000011|0.009619|0.003836|0.032654|0.013022|0.008060|0.003214|0.001467|0.000682|0.004981|0.002317|0.001229|0.000572|0.000642|0.000263|0.002178|0.000893|0.000538|0.000220|0.000674|0.000271|0.002289|0.000919|0.000565|0.000227|0.000103|0.000048|0.000349|0.000164|0.000086|0.000040|0.000045|0.000019|0.000153|0.000063|0.000038|0.000016,0.000632|0.000107|0.026199|0.004429|0.000865|0.000146|0.000095|0.000024|0.003921|0.001007|0.000129|0.000033|0.000042|0.000008|0.001742|0.000320|0.000058|0.000011|0.012832|0.002169|0.532224|0.089946|0.017566|0.002969|0.001915|0.000482|0.079413|0.019983|0.002621|0.000660|0.000853|0.000156|0.035374|0.006456|0.001168|0.000213|0.000897|0.000152|0.037210|0.006289|0.001228|0.000208|0.000134|0.000034|0.005556|0.001404|0.000183|0.000046|0.000060|0.000011|0.002473|0.000452|0.000082|0.000015|0.000479|0.000197|0.001625|0.000670|0.000401|0.000165|0.000073|0.000035|0.000249|0.000120|0.000061|0.000030|0.000032|0.000014|0.000108|0.000046|0.000027|0.000011|0.009619|0.003836|0.032654|0.013022|0.008060|0.003214|0.001467|0.000682|0.004981|0.002317|0.001229|0.000572|0.000642|0.000263|0.002178|0.000893|0.000538|0.000220|0.000674|0.000271|0.002289|0.000919|0.000565|0.000227|0.000103|0.000048|0.000349|0.000164|0.000086|0.000040|0.000045|0.000019|0.000153|0.000063|0.000038|0.000016,2.2954705473471583e-16
10000,pain|ChHepatitis|hcv_anti|anorexia|hepatomegaly,70,21,0.000993490219116211,0.0009357929229736328,1.061656050955414,0.150428|0.313108|0.056514|0.117724|0.000370|0.000771|0.000139|0.000290|0.024046|0.050050|0.009034|0.018818|0.000055|0.000115|0.000021|0.000043|0.010139|0.021104|0.003809|0.007935|0.000000|0.000000|0.000000|0.000000|0.041596|0.085727|0.015628|0.032231|0.000102|0.000211|0.000038|0.000079|0.006649|0.013703|0.002498|0.005152|0.000015|0.000032|0.000006|0.000012|0.002804|0.005778|0.001053|0.002172|0.000000|0.000000|0.000000|0.000000,0.150428|0.313108|0.056514|0.117724|0.000370|0.000771|0.000139|0.000290|0.024046|0.050050|0.009034|0.018818|0.000055|0.000115|0.000021|0.000043|0.010139|0.021104|0.003809|0.007935|0.000000|0.000000|0.000000|0.000000|0.041596|0.085727|0.015628|0.032231|0.000102|0.000211|0.000038|0.000079|0.006649|0.013703|0.002498|0.005152|0.000015|0.000032|0.000006|0.000012|0.002804|0.005778|0.001053|0.002172|0.000000|0.000000|0.000000|0.000000,3.0567819502543864e-16
10000,upper_pain|Steatosis|itching|phosphatase|density,70,26,0.0013408660888671875,0.0013611316680908203,0.9851112278857943,0.101153|0.066174|0.031938|0.020886|0.060398|0.039508|0.074140|0.048786|0.023430|0.015415|0.044360|0.029190|0.010673|0.007028|0.002303|0.001513|0.007148|0.004727|0.008306|0.005494|0.001751|0.001156|0.005664|0.003762|0.063332|0.041431|0.020002|0.013080|0.037821|0.024740|0.046443|0.030561|0.014679|0.009658|0.027790|0.018287|0.006681|0.004399|0.001442|0.000947|0.004476|0.002960|0.005204|0.003442|0.001097|0.000724|0.003548|0.002357,0.101153|0.066174|0.031938|0.020886|0.060398|0.039508|0.074140|0.048786|0.023430|0.015415|0.044360|0.029190|0.010673|0.007028|0.002303|0.001513|0.007148|0.004727|0.008306|0.005494|0.001751|0.001156|0.005664|0.003762|0.063332|0.041431|0.020002|0.013080|0.037821|0.024740|0.046443|0.030561|0.014679|0.009658|0.027790|0.018287|0.006681|0.004399|0.001442|0.000947|0.004476|0.002960|0.005204|0.003442|0.001097|0.000724|0.003548|0.002357,3.1639287180877494e-17
10000,bilirubin|vh_amn|fibrosis|upper_pain|hepatalgia,70,24,0.0011889934539794922,0.0011858940124511719,1.0026135906714917,0.031526|0.009143|0.019834|0.005751|0.001308|0.000373|0.000819|0.000233|0.006027|0.001745|0.003791|0.001097|0.000568|0.000162|0.000356|0.000101|0.253152|0.072669|0.158627|0.045531|0.008609|0.002440|0.005383|0.001525|0.051001|0.014617|0.031949|0.009156|0.003764|0.001066|0.002353|0.000666|0.090240|0.024861|0.056245|0.015498|0.003950|0.001132|0.002478|0.000710|0.017578|0.004862|0.010966|0.003034|0.001718|0.000493|0.001078|0.000309|0.007073|0.002004|0.004531|0.001283|0.000416|0.000119|0.000262|0.000075|0.001594|0.000455|0.001020|0.000291|0.000183|0.000052|0.000115|0.000033,0.031526|0.009143|0.019834|0.005751|0.001308|0.000373|0.000819|0.000233|0.006027|0.001745|0.003791|0.001097|0.000568|0.000162|0.000356|0.000101|0.253152|0.072669|0.158627|0.045531|0.008609|0.002440|0.005383|0.001525|0.051001|0.014617|0.031949|0.009156|0.003764|0.001066|0.002353|0.000666|0.090240|0.024861|0.056245|0.015498|0.003950|0.001132|0.002478|0.000710|0.017578|0.004862|0.010966|0.003034|0.001718|0.000493|0.001078|0.000309|0.007073|0.002004|0.004531|0.001283|0.000416|0.000119|0.000262|0.000075|0.001594|0.000455|0.001020|0.000291|0.000183|0.000052|0.000115|0.000033,-9.992757273749013e-17
10000,bleeding|sex|hcv_anti|skin|PBC,70,25,0.0012717247009277344,0.0012426376342773438,1.0234075211051419,0.148747|0.138755|0.058903|0.149487|0.000343|0.000318|0.000136|0.000346|0.219244|0.014491|0.088966|0.015624|0.000505|0.000033|0.000205|0.000036|0.028058|0.028682|0.011367|0.030730|0.000065|0.000066|0.000026|0.000071|0.041321|0.002995|0.017118|0.003211|0.000095|0.000007|0.000040|0.000007,0.148747|0.138755|0.058903|0.149487|0.000343|0.000318|0.000136|0.000346|0.219244|0.014491|0.088966|0.015624|0.000505|0.000033|0.000205|0.000036|0.028058|0.028682|0.011367|0.030730|0.000065|0.000066|0.000026|0.000071|0.041321|0.002995|0.017118|0.003211|0.000095|0.000007|0.000040|0.000007,-3.570119664854007e-17
10000,injections|amylase|fatigue|age|spiders,70,20,0.0008881092071533203,0.0008873939514160156,1.0008060182697474,0.000301|0.000084|0.000872|0.000243|0.000840|0.000234|0.000158|0.000044|0.000367|0.000104|0.001066|0.000302|0.001026|0.000291|0.000193|0.000055|0.028971|0.008078|0.084048|0.023435|0.080910|0.022560|0.015249|0.004252|0.035399|0.010025|0.102695|0.029084|0.098861|0.027998|0.018632|0.005277|0.000563|0.000157|0.001635|0.000456|0.001574|0.000439|0.000297|0.000083|0.000688|0.000195|0.001997|0.000566|0.001923|0.000544|0.000362|0.000103|0.000203|0.000055|0.000590|0.000160|0.000568|0.000154|0.000107|0.000029|0.000245|0.000067|0.000712|0.000194|0.000685|0.000187|0.000129|0.000035|0.018492|0.005002|0.053648|0.014512|0.051645|0.013971|0.009734|0.002633|0.022321|0.006098|0.064754|0.017690|0.062337|0.017030|0.011749|0.003210|0.000386|0.000104|0.001119|0.000303|0.001077|0.000291|0.000203|0.000055|0.000466|0.000127|0.001351|0.000369|0.001301|0.000355|0.000245|0.000067,0.000301|0.000084|0.000872|0.000243|0.000840|0.000234|0.000158|0.000044|0.000367|0.000104|0.001066|0.000302|0.001026|0.000291|0.000193|0.000055|0.028971|0.008078|0.084048|0.023435|0.080910|0.022560|0.015249|0.004252|0.035399|0.010025|0.102695|0.029084|0.098861|0.027998|0.018632|0.005277|0.000563|0.000157|0.001635|0.000456|0.001574|0.000439|0.000297|0.000083|0.000688|0.000195|0.001997|0.000566|0.001923|0.000544|0.000362|0.000103|0.000203|0.000055|0.000590|0.000160|0.000568|0.000154|0.000107|0.000029|0.000245|0.000067|0.000712|0.000194|0.000685|0.000187|0.000129|0.000035|0.018492|0.005002|0.053648|0.014512|0.051645|0.013971|0.009734|0.002633|0.022321|0.006098|0.064754|0.017690|0.062337|0.017030|0.011749|0.003210|0.000386|0.000104|0.001119|0.000303|0.001077|0.000291|0.000203|0.000055|0.000466|0.000127|0.001351|0.000369|0.001301|0.000355|0.000245|0.000067,1.0279173397459216e-17
10000,upper_pain|alt|inr|joints|platelet,70,25,0.0012359619140625,0.0012047290802001953,1.0259251929546804,0.012437|0.056494|0.006580|0.005048|0.001511|0.006748|0.000771|0.000662|0.000729|0.003416|0.000394|0.000276|0.000089|0.000408|0.000046|0.000037|0.001043|0.004318|0.000513|0.000505|0.000126|0.000519|0.000060|0.000064|0.027380|0.122908|0.014351|0.011350|0.003323|0.014686|0.001682|0.001481|0.001646|0.007699|0.000889|0.000624|0.000201|0.000920|0.000104|0.000083|0.002612|0.009964|0.001210|0.001431|0.000313|0.001201|0.000142|0.000178|0.003633|0.016306|0.001905|0.001518|0.000441|0.001949|0.000223|0.000198|0.000186|0.000869|0.000100|0.000071|0.000023|0.000104|0.000012|0.000009|0.000320|0.001320|0.000157|0.000158|0.000039|0.000159|0.000018|0.000020|0.030865|0.139753|0.016296|0.012660|0.003749|0.016695|0.001910|0.001656|0.001822|0.008526|0.000984|0.000689|0.000222|0.001019|0.000116|0.000092|0.002820|0.011257|0.001353|0.001470|0.000340|0.001355|0.000158|0.000184|0.007789|0.035381|0.004121|0.003162|0.000946|0.004226|0.000483|0.000414|0.000457|0.002140|0.000247|0.000173|0.000056|0.000256|0.000029|0.000023|0.000653|0.002704|0.000321|0.000316|0.000079|0.000325|0.000038|0.000040|0.017147|0.076974|0.008988|0.007108|0.002081|0.009197|0.001054|0.000927|0.001031|0.004822|0.000556|0.000391|0.000126|0.000576|0.000065|0.000052|0.001636|0.006241|0.000758|0.000896|0.000196|0.000752|0.000089|0.000111|0.002275|0.010211|0.001193|0.000950|0.000276|0.001220|0.000140|0.000124|0.000116|0.000544|0.000063|0.000045|0.000014|0.000065|0.000007|0.000006|0.000201|0.000827|0.000099|0.000099|0.000024|0.000099|0.000012|0.000013|0.019330|0.087527|0.010206|0.007929|0.002348|0.010456|0.001196|0.001037|0.001141|0.005340|0.000616|0.000432|0.000139|0.000638|0.000072|0.000058|0.001766|0.007050|0.000847|0.000921|0.000213|0.000848|0.000099|0.000115,0.012437|0.056494|0.006580|0.005048|0.001511|0.006748|0.000771|0.000662|0.000729|0.003416|0.000394|0.000276|0.000089|0.000408|0.000046|0.000037|0.001043|0.004318|0.000513|0.000505|0.000126|0.000519|0.000060|0.000064|0.027380|0.122908|0.014351|0.011350|0.003323|0.014686|0.001682|0.001481|0.001646|0.007699|0.000889|0.000624|0.000201|0.000920|0.000104|0.000083|0.002612|0.009964|0.001210|0.001431|0.000313|0.001201|0.000142|0.000178|0.003633|0.016306|0.001905|0.001518|0.000441|0.001949|0.000223|0.000198|0.000186|0.000869|0.000100|0.000071|0.000023|0.000104|0.000012|0.000009|0.000320|0.001320|0.000157|0.000158|0.000039|0.000159|0.000018|0.000020|0.030865|0.139753|0.016296|0.012660|0.003749|0.016695|0.001910|0.001656|0.001822|0.008526|0.000984|0.000689|0.000222|0.001019|0.000116|0.000092|0.002820|0.011257|0.001353|0.001470|0.000340|0.001355|0.000158|0.000184|0.007789|0.035381|0.004121|0.003162|0.000946|0.004226|0.000483|0.000414|0.000457|0.002140|0.000247|0.000173|0.000056|0.000256|0.000029|0.000023|0.000653|0.002704|0.000321|0.000316|0.000079|0.000325|0.000038|0.000040|0.017147|0.076974|0.008988|0.007108|0.002081|0.009197|0.001054|0.000927|0.001031|0.004822|0.000556|0.000391|0.000126|0.000576|0.000065|0.000052|0.001636|0.006241|0.000758|0.000896|0.000196|0.000752|0.000089|0.000111|0.002275|0.010211|0.001193|0.000950|0.000276|0.001220|0.000140|0.000124|0.000116|0.000544|0.000063|0.000045|0.000014|0.000065|0.000007|0.000006|0.000201|0.000827|0.000099|0.000099|0.000024|0.000099|0.000012|0.000013|0.019330|0.087527|0.010206|0.007929|0.002348|0.010456|0.001196|0.001037|0.001141|0.005340|0.000616|0.000432|0.000139|0.000638|0.000072|0.000058|0.001766|0.007050|0.000847|0.000921|0.000213|0.000848|0.000099|0.000115,3.2181244019184705e-17
10000,ascites|age|inr|Hyperbilirubinemia|hbeag,70,21,0.0009894371032714844,0.0009436607360839844,1.0485093481556342,0.070284|0.000199|0.033894|0.000095|0.004345|0.000015|0.001402|0.000003|0.006096|0.000013|0.001995|0.000006|0.280373|0.000795|0.018498|0.000052|0.017332|0.000059|0.000765|0.000002|0.024318|0.000052|0.001089|0.000003|0.283236|0.000803|0.003892|0.000011|0.017509|0.000059|0.000161|0.000000|0.024566|0.000052|0.000229|0.000001|0.053709|0.000152|0.000392|0.000001|0.003320|0.000011|0.000016|0.000000|0.004658|0.000010|0.000023|0.000000|0.011978|0.000034|0.005774|0.000016|0.000744|0.000003|0.000240|0.000001|0.001024|0.000002|0.000337|0.000001|0.047782|0.000135|0.003151|0.000009|0.002966|0.000010|0.000131|0.000000|0.004084|0.000009|0.000184|0.000001|0.048270|0.000137|0.000663|0.000002|0.002997|0.000010|0.000028|0.000000|0.004126|0.000009|0.000039|0.000000|0.009153|0.000026|0.000067|0.000000|0.000568|0.000002|0.000003|0.000000|0.000782|0.000002|0.000004|0.000000,0.070284|0.000199|0.033894|0.000095|0.004345|0.000015|0.001402|0.000003|0.006096|0.000013|0.001995|0.000006|0.280373|0.000795|0.018498|0.000052|0.017332|0.000059|0.000765|0.000002|0.024318|0.000052|0.001089|0.000003|0.283236|0.000803|0.003892|0.000011|0.017509|0.000059|0.000161|0.000000|0.024566|0.000052|0.000229|0.000001|0.053709|0.000152|0.000392|0.000001|0.003320|0.000011|0.000016|0.000000|0.004658|0.000010|0.000023|0.000000|0.011978|0.000034|0.005774|0.000016|0.000744|0.000003|0.000240|0.000001|0.001024|0.000002|0.000337|0.000001|0.047782|0.000135|0.003151|0.000009|0.002966|0.000010|0.000131|0.000000|0.004084|0.000009|0.000184|0.000001|0.048270|0.000137|0.000663|0.000002|0.002997|0.000010|0.000028|0.000000|0.004126|0.000009|0.000039|0.000000|0.009153|0.000026|0.000067|0.000000|0.000568|0.000002|0.000003|0.000000|0.000782|0.000002|0.000004|0.000000,-2.0284764759367236e-16
10000,inr|transfusion|Hyperbilirubinemia|fat|alcoholism,70,20,0.0008423328399658203,0.0009698867797851562,0.8684857423795477,0.428729|0.067813|0.156815|0.024804|0.035311|0.005617|0.012915|0.002055|0.081354|0.012874|0.029940|0.004738|0.006696|0.001066|0.002464|0.000392|0.026861|0.003877|0.009823|0.001418|0.001471|0.000226|0.000538|0.000083|0.005093|0.000736|0.001873|0.000271|0.000275|0.000042|0.000101|0.000016|0.035660|0.007353|0.013043|0.002689|0.002006|0.000398|0.000734|0.000145|0.006706|0.001378|0.002468|0.000507|0.000384|0.000075|0.000141|0.000028,0.428729|0.067813|0.156815|0.024804|0.035311|0.005617|0.012915|0.002055|0.081354|0.012874|0.029940|0.004738|0.006696|0.001066|0.002464|0.000392|0.026861|0.003877|0.009823|0.001418|0.001471|0.000226|0.000538|0.000083|0.005093|0.000736|0.001873|0.000271|0.000275|0.000042|0.000101|0.000016|0.035660|0.007353|0.013043|0.002689|0.002006|0.000398|0.000734|0.000145|0.006706|0.001378|0.002468|0.000507|0.000384|0.000075|0.000141|0.000028,2.588414052805939e-17
10000,density|pain|albumin|hbsag|bilirubin,70,23,0.0012354850769042969,0.0011248588562011719,1.0983467571004664,0.004127|0.032708|0.011643|0.000937|0.000374|0.003235|0.001095|0.000113|0.005010|0.038992|0.014055|0.001132|0.000465|0.003904|0.001357|0.000139|0.027814|0.209289|0.076855|0.006375|0.002792|0.022135|0.008070|0.000831|0.000894|0.009616|0.002887|0.000208|0.000081|0.000947|0.000273|0.000026|0.001093|0.011454|0.003496|0.000252|0.000101|0.001141|0.000340|0.000031|0.006171|0.061326|0.019234|0.001446|0.000623|0.006452|0.002044|0.000192|0.002776|0.021297|0.007730|0.000629|0.000252|0.002107|0.000727|0.000076|0.003371|0.025410|0.009339|0.000761|0.000313|0.002547|0.000902|0.000093|0.018696|0.136458|0.051063|0.004273|0.001875|0.014455|0.005361|0.000556|0.000599|0.006233|0.001905|0.000139|0.000054|0.000614|0.000180|0.000017|0.000733|0.007432|0.002309|0.000169|0.000068|0.000742|0.000225|0.000021|0.004136|0.039818|0.012709|0.000966|0.000417|0.004196|0.001351|0.000128,0.004127|0.032708|0.011643|0.000937|0.000374|0.003235|0.001095|0.000113|0.005010|0.038992|0.014055|0.001132|0.000465|0.003904|0.001357|0.000139|0.027814|0.209289|0.076855|0.006375|0.002792|0.022135|0.008070|0.000831|0.000894|0.009616|0.002887|0.000208|0.000081|0.000947|0.000273|0.000026|0.001093|0.011454|0.003496|0.000252|0.000101|0.001141|0.000340|0.000031|0.006171|0.061326|0.019234|0.001446|0.000623|0.006452|0.002044|0.000192|0.002776|0.021297|0.007730|0.000629|0.000252|0.002107|0.000727|0.000076|0.003371|0.025410|0.009339|0.000761|0.000313|0.002547|0.000902|0.000093|0.018696|0.136458|0.051063|0.004273|0.001875|0.014455|0.005361|0.000556|0.000599|0.006233|0.001905|0.000139|0.000054|0.000614|0.000180|0.000017|0.000733|0.007432|0.002309|0.000169|0.000068|0.000742|0.000225|0.000021|0.004136|0.039818|0.012709|0.000966|0.000417|0.004196|0.001351|0.000128,-4.625817852268681e-17
10000,density|nausea|fibrosis|bilirubin|platelet,70,25,0.0011849403381347656,0.0011975765228271484,0.9894485367310373,0.005677|0.022276|0.002316|0.003486|0.041313|0.197259|0.023608|0.013657|0.015421|0.065562|0.007263|0.007759|0.001296|0.005197|0.000548|0.000774|0.000310|0.001016|0.000112|0.000244|0.002119|0.006642|0.000903|0.001463|0.001021|0.002946|0.000368|0.000761|0.000092|0.000336|0.000039|0.000073|0.002261|0.008868|0.000922|0.001388|0.016447|0.078519|0.009398|0.005439|0.006140|0.026099|0.002891|0.003090|0.000516|0.002069|0.000218|0.000308|0.000123|0.000404|0.000045|0.000097|0.000844|0.002644|0.000360|0.000583|0.000407|0.001173|0.000147|0.000303|0.000036|0.000134|0.000016|0.000029|0.003820|0.014960|0.001553|0.002355|0.026959|0.128241|0.015319|0.009057|0.010258|0.043425|0.004797|0.005218|0.000870|0.003480|0.000366|0.000522|0.000207|0.000678|0.000075|0.000163|0.001405|0.004358|0.000593|0.000973|0.000683|0.001955|0.000245|0.000509|0.000061|0.000223|0.000026|0.000049|0.001521|0.005955|0.000618|0.000938|0.010732|0.051047|0.006098|0.003607|0.004084|0.017287|0.001910|0.002078|0.000347|0.001386|0.000146|0.000208|0.000083|0.000270|0.000030|0.000065|0.000559|0.001735|0.000236|0.000387|0.000272|0.000778|0.000097|0.000203|0.000024|0.000089|0.000010|0.000019,0.005677|0.022276|0.002316|0.003486|0.041313|0.197259|0.023608|0.013657|0.015421|0.065562|0.007263|0.007759|0.001296|0.005197|0.000548|0.000774|0.000310|0.001016|0.000112|0.000244|0.002119|0.006642|0.000903|0.001463|0.001021|0.002946|0.000368|0.000761|0.000092|0.000336|0.000039|0.000073|0.002261|0.008868|0.000922|0.001388|0.016447|0.078519|0.009398|0.005439|0.006140|0.026099|0.002891|0.003090|0.000516|0.002069|0.000218|0.000308|0.000123|0.000404|0.000045|0.000097|0.000844|0.002644|0.000360|0.000583|0.000407|0.001173|0.000147|0.000303|0.000036|0.000134|0.000016|0.000029|0.003820|0.014960|0.001553|0.002355|0.026959|0.128241|0.015319|0.009057|0.010258|0.043425|0.004797|0.005218|0.000870|0.003480|0.000366|0.000522|0.000207|0.000678|0.000075|0.000163|0.001405|0.004358|0.000593|0.000973|0.000683|0.001955|0.000245|0.000509|0.000061|0.000223|0.000026|0.000049|0.001521|0.005955|0.000618|0.000938|0.010732|0.051047|0.006098|0.003607|0.004084|0.017287|0.001910|0.002078|0.000347|0.001386|0.000146|0.000208|0.000083|0.000270|0.000030|0.000065|0.000559|0.001735|0.000236|0.000387|0.000272|0.000778|0.000097|0.000203|0.000024|0.000089|0.000010|0.000019,6.638882276065576e-18
10000,ggtp|vh_amn|cholesterol|edema|bleeding,70,25,0.0014157295227050781,0.0013396739959716797,1.0567716675565046,0.059175|0.011452|0.009622|0.001932|0.016004|0.003221|0.002627|0.000551|0.004115|0.000841|0.000675|0.000143|0.012781|0.002473|0.002128|0.000428|0.003137|0.000632|0.000527|0.000111|0.000868|0.000177|0.000147|0.000031|0.049986|0.009894|0.008112|0.001660|0.021256|0.004323|0.003454|0.000727|0.006549|0.001335|0.001053|0.000220|0.010055|0.002000|0.001679|0.000346|0.004170|0.000849|0.000694|0.000146|0.001312|0.000268|0.000218|0.000046|0.052493|0.010278|0.008409|0.001686|0.020857|0.004203|0.003332|0.000688|0.006464|0.001310|0.001029|0.000213|0.011102|0.002184|0.001842|0.000373|0.004084|0.000825|0.000671|0.000139|0.001299|0.000264|0.000214|0.000045|0.283048|0.054059|0.045955|0.009121|0.062155|0.012384|0.010337|0.002158|0.013256|0.002720|0.002240|0.000480|0.059153|0.011322|0.009832|0.001962|0.012383|0.002475|0.002115|0.000443|0.002999|0.000613|0.000526|0.000113,0.059175|0.011452|0.009622|0.001932|0.016004|0.003221|0.002627|0.000551|0.004115|0.000841|0.000675|0.000143|0.012781|0.002473|0.002128|0.000428|0.003137|0.000632|0.000527|0.000111|0.000868|0.000177|0.000147|0.000031|0.049986|0.009894|0.008112|0.001660|0.021256|0.004323|0.003454|0.000727|0.006549|0.001335|0.001053|0.000220|0.010055|0.002000|0.001679|0.000346|0.004170|0.000849|0.000694|0.000146|0.001312|0.000268|0.000218|0.000046|0.052493|0.010278|0.008409|0.001686|0.020857|0.004203|0.003332|0.000688|0.006464|0.001310|0.001029|0.000213|0.011102|0.002184|0.001842|0.000373|0.004084|0.000825|0.000671|0.000139|0.001299|0.000264|0.000214|0.000045|0.283048|0.054059|0.045955|0.009121|0.062155|0.012384|0.010337|0.002158|0.013256|0.002720|0.002240|0.000480|0.059153|0.011322|0.009832|0.001962|0.012383|0.002475|0.002115|0.000443|0.002999|0.000613|0.000526|0.000113,1.1136427657231273e-16
10000,anorexia|edema|obesity|hcv_anti|carcinoma,70,22,0.0009818077087402344,0.0009441375732421875,1.0398989898989899,0.548004|0.034817|0.001264|0.000080|0.037067|0.002853|0.000085|0.000007|0.087639|0.007828|0.000202|0.000018|0.006188|0.000736|0.000014|0.000002|0.205997|0.013082|0.000475|0.000030|0.013934|0.001072|0.000032|0.000002|0.032941|0.002940|0.000076|0.000007|0.002326|0.000277|0.000005|0.000001,0.548004|0.034817|0.001264|0.000080|0.037067|0.002853|0.000085|0.000007|0.087639|0.007828|0.000202|0.000018|0.006188|0.000736|0.000014|0.000002|0.205997|0.013082|0.000475|0.000030|0.013934|0.001072|0.000032|0.000002|0.032941|0.002940|0.000076|0.000007|0.002326|0.000277|0.000005|0.000001,-1.767455017682797e-17
10000,alcoholism|sex|spleen|Steatosis|hcv_anti,70,18,0.0008232593536376953,0.0007872581481933594,1.0457298606904906,0.425014|0.000980|0.027268|0.000063|0.050125|0.000115|0.009893|0.000023|0.287977|0.000664|0.018476|0.000043|0.033963|0.000078|0.006703|0.000015|0.055415|0.000128|0.015000|0.000035|0.006605|0.000015|0.005409|0.000012|0.037548|0.000087|0.010164|0.000023|0.004475|0.000010|0.003665|0.000008,0.425014|0.000980|0.027268|0.000063|0.050125|0.000115|0.009893|0.000023|0.287977|0.000664|0.018476|0.000043|0.033963|0.000078|0.006703|0.000015|0.055415|0.000128|0.015000|0.000035|0.006605|0.000015|0.005409|0.000012|0.037548|0.000087|0.010164|0.000023|0.004475|0.000010|0.003665|0.000008,1.207611286999901e-16
10000,proteins|hcv_anti|pain|pain_ruq|palms,70,21,0.0009908676147460938,0.0009305477142333984,1.064821931847297,0.374853|0.074377|0.264354|0.053002|0.103110|0.020458|0.072465|0.014530|0.000865|0.000171|0.000610|0.000122|0.000238|0.000047|0.000167|0.000033|0.008060|0.001406|0.005666|0.000991|0.002217|0.000387|0.001553|0.000272|0.000019|0.000003|0.000013|0.000002|0.000005|0.000001|0.000004|0.000001,0.374853|0.074377|0.264354|0.053002|0.103110|0.020458|0.072465|0.014530|0.000865|0.000171|0.000610|0.000122|0.000238|0.000047|0.000167|0.000033|0.008060|0.001406|0.005666|0.000991|0.002217|0.000387|0.001553|0.000272|0.000019|0.000003|0.000013|0.000002|0.000005|0.000001|0.000004|0.000001,-3.7641403823439856e-17
10000,pain_ruq|hbeag|transfusion|le_cells|joints,70,18,0.00078582763671875,0.0007669925689697266,1.0245570407211688,0.410392|0.049088|0.028207|0.003639|0.077887|0.009316|0.005353|0.000691|0.001103|0.000132|0.000076|0.000010|0.000270|0.000032|0.000019|0.000002|0.289462|0.034700|0.020050|0.002592|0.054936|0.006586|0.003805|0.000492|0.000778|0.000093|0.000054|0.000007|0.000190|0.000023|0.000013|0.000002,0.410392|0.049088|0.028207|0.003639|0.077887|0.009316|0.005353|0.000691|0.001103|0.000132|0.000076|0.000010|0.000270|0.000032|0.000019|0.000002|0.289462|0.034700|0.020050|0.002592|0.054936|0.006586|0.003805|0.000492|0.000778|0.000093|0.000054|0.000007|0.000190|0.000023|0.000013|0.000002,-1.4026668751851571e-16
10000,THepatitis|amylase|hbsag|fat|injections,70,14,0.0006082057952880859,0.0006477832794189453,0.9389032020610968,0.003971|0.002748|0.001367|0.000907|0.000457|0.000236|0.000158|0.000078|0.375220|0.244199|0.139063|0.088286|0.043277|0.020990|0.016049|0.007589|0.007473|0.005241|0.002530|0.001696|0.000860|0.000450|0.000292|0.000146|0.000151|0.000105|0.000052|0.000035|0.000017|0.000009|0.000006|0.000003|0.014302|0.009308|0.005301|0.003365|0.001650|0.000800|0.000612|0.000289|0.000285|0.000200|0.000096|0.000065|0.000033|0.000017|0.000011|0.000006,0.003971|0.002748|0.001367|0.000907|0.000457|0.000236|0.000158|0.000078|0.375220|0.244199|0.139063|0.088286|0.043277|0.020990|0.016049|0.007589|0.007473|0.005241|0.002530|0.001696|0.000860|0.000450|0.000292|0.000146|0.000151|0.000105|0.000052|0.000035|0.000017|0.000009|0.000006|0.000003|0.014302|0.009308|0.005301|0.003365|0.001650|0.000800|0.000612|0.000289|0.000285|0.000200|0.000096|0.000065|0.000033|0.000017|0.000011|0.000006,4.6559609313311713e-17
