Sample_Size,Targets,Global_Nodes,Local_Nodes,Time_Global(s),Time_Local(s),Speedup,Prob_Global,Prob_Local,KL_Divergence
500,EQUAL71|NORMAL50|IDENTIFY59|IDENTIFY22|SNode_55,220,25,0.0011832714080810547,0.0009226799011230469,1.2824289405684755,0.039065|0.012471|0.033546|0.010709|0.038754|0.012372|0.033279|0.010624|0.044052|0.014063|0.037829|0.012077|0.043701|0.013951|0.037527|0.011980|0.057154|0.018246|0.049080|0.015668|0.056699|0.018100|0.048689|0.015544|0.064450|0.020575|0.055346|0.017669|0.063937|0.020411|0.054905|0.017528,0.039065|0.012471|0.033546|0.010709|0.038754|0.012372|0.033279|0.010624|0.044052|0.014063|0.037829|0.012077|0.043701|0.013951|0.037527|0.011980|0.057154|0.018246|0.049080|0.015668|0.056699|0.018100|0.048689|0.015544|0.064450|0.020575|0.055346|0.017669|0.063937|0.020411|0.054905|0.017528,-2.468755273425599e-17
500,SNode_51|CHOOSE35|GIVEN21|APPLY61|GOAL65,220,16,0.0007078647613525391,0.0005781650543212891,1.2243298969072165,0.007391|0.007817|0.007332|0.007754|0.082742|0.087509|0.082082|0.086811|0.007216|0.007631|0.007158|0.007570|0.080779|0.085433|0.080136|0.084753|0.002732|0.002889|0.002710|0.002866|0.030585|0.032347|0.030342|0.032090|0.002667|0.002821|0.002646|0.002798|0.029860|0.031580|0.029622|0.031329,0.007391|0.007817|0.007332|0.007754|0.082742|0.087509|0.082082|0.086811|0.007216|0.007631|0.007158|0.007570|0.080779|0.085433|0.080136|0.084753|0.002732|0.002889|0.002710|0.002866|0.030585|0.032347|0.030342|0.032090|0.002667|0.002821|0.002646|0.002798|0.029860|0.031580|0.029622|0.031329,-9.214609393529988e-17
500,CHOOSE47|GOAL_79|WRITE30|RApp10|SNode_125,220,125,0.007398366928100586,0.006322145462036133,1.1702304182222725,0.146777|0.032530|0.020121|0.006492|0.144218|0.031961|0.019729|0.006365|0.043385|0.009640|0.006176|0.002000|0.042925|0.009540|0.006150|0.001991|0.130154|0.028851|0.017844|0.005759|0.127886|0.028346|0.017496|0.005647|0.038471|0.008550|0.005477|0.001774|0.038063|0.008461|0.005454|0.001767,0.146777|0.032530|0.020121|0.006492|0.144218|0.031961|0.019729|0.006365|0.043385|0.009640|0.006176|0.002000|0.042925|0.009540|0.006150|0.001991|0.130154|0.028851|0.017844|0.005759|0.127886|0.028346|0.017496|0.005647|0.038471|0.008550|0.005477|0.001774|0.038063|0.008461|0.005454|0.001767,0.0
500,SNode_131|GRAV78|SNode_125|GOAL_62|SNode_7,220,129,0.007336854934692383,0.0063440799713134766,1.1564884061783607,0.002876|0.202212|0.001155|0.081679|0.000655|0.046071|0.000263|0.018622|0.002720|0.191196|0.001092|0.077229|0.000620|0.043562|0.000249|0.017607|0.001285|0.090307|0.000516|0.036479|0.000318|0.022384|0.000128|0.009050|0.001215|0.085387|0.000488|0.034492|0.000301|0.021165|0.000121|0.008557,0.002876|0.202212|0.001155|0.081679|0.000655|0.046071|0.000263|0.018622|0.002720|0.191196|0.001092|0.077229|0.000620|0.043562|0.000249|0.017607|0.001285|0.090307|0.000516|0.036479|0.000318|0.022384|0.000128|0.009050|0.001215|0.085387|0.000488|0.034492|0.000301|0.021165|0.000121|0.008557,0.0
500,SNode_136|WRITE64|SNode_34|VAR20|HORIZ53,220,132,0.007659196853637695,0.006835460662841797,1.1205092431112662,0.028683|0.023850|0.073756|0.061328|0.044378|0.036900|0.114114|0.094886|0.025181|0.020938|0.064752|0.053841|0.038960|0.032395|0.100182|0.083301|0.003127|0.002600|0.008042|0.006687|0.004839|0.004023|0.012442|0.010345|0.003028|0.002518|0.007786|0.006474|0.004685|0.003896|0.012047|0.010017,0.028683|0.023850|0.073756|0.061328|0.044378|0.036900|0.114114|0.094886|0.025181|0.020938|0.064752|0.053841|0.038960|0.032395|0.100182|0.083301|0.003127|0.002600|0.008042|0.006687|0.004839|0.004023|0.012442|0.010345|0.003028|0.002518|0.007786|0.006474|0.004685|0.003896|0.012047|0.010017,-1.9237435621887168e-16
500,SYSTEM46|SNode_26|SNode_54|GRAV2|GOAL_56,220,25,0.0010728836059570312,0.0009887218475341797,1.0851217747769473,0.050139|0.016812|0.054755|0.018360|0.020890|0.008378|0.022813|0.009149|0.079881|0.026785|0.087234|0.029251|0.033282|0.013348|0.036345|0.014577|0.045913|0.015395|0.050139|0.016812|0.019129|0.007672|0.020890|0.008378|0.073148|0.024527|0.079881|0.026785|0.030476|0.012223|0.033282|0.013348,0.050139|0.016812|0.054755|0.018360|0.020890|0.008378|0.022813|0.009149|0.079881|0.026785|0.087234|0.029251|0.033282|0.013348|0.036345|0.014577|0.045913|0.015395|0.050139|0.016812|0.019129|0.007672|0.020890|0.008378|0.073148|0.024527|0.079881|0.026785|0.030476|0.012223|0.033282|0.013348,5.603121658556829e-17
500,GOAL_81|SNode_24|GOAL_114|SNode_27|RApp11,220,141,0.008816719055175781,0.0077745914459228516,1.1340427489343432,0.090762|0.009044|0.199047|0.019833|0.036407|0.003683|0.079843|0.008078|0.036763|0.003663|0.080623|0.008033|0.014747|0.001492|0.032340|0.003272|0.051500|0.007660|0.112956|0.016800|0.020700|0.003133|0.045402|0.006871|0.020860|0.003102|0.045752|0.006805|0.008385|0.001269|0.018390|0.002783,0.090762|0.009044|0.199047|0.019833|0.036407|0.003683|0.079843|0.008078|0.036763|0.003663|0.080623|0.008033|0.014747|0.001492|0.032340|0.003272|0.051500|0.007660|0.112956|0.016800|0.020700|0.003133|0.045402|0.006871|0.020860|0.003102|0.045752|0.006805|0.008385|0.001269|0.018390|0.002783,0.0
500,SNode_59|IDENTIFY39|IDENTIFY55|SNode_42|VECTOR27,220,34,0.0012888908386230469,0.0011472702026367188,1.1234413965087282,0.050628|0.042438|0.040260|0.033747|0.050628|0.042438|0.040260|0.033747|0.051858|0.043469|0.041238|0.034567|0.051858|0.043469|0.041238|0.034567|0.024220|0.020302|0.019260|0.016145|0.024220|0.020302|0.019260|0.016145|0.024809|0.020795|0.019728|0.016537|0.024809|0.020795|0.019728|0.016537,0.050628|0.042438|0.040260|0.033747|0.050628|0.042438|0.040260|0.033747|0.051858|0.043469|0.041238|0.034567|0.051858|0.043469|0.041238|0.034567|0.024220|0.020302|0.019260|0.016145|0.024220|0.020302|0.019260|0.016145|0.024809|0.020795|0.019728|0.016537|0.024809|0.020795|0.019728|0.016537,1.1654307835417706e-16
500,GOAL_126|SNode_13|SNode_41|HORIZ53|GOAL_108,220,118,0.006810903549194336,0.005887746810913086,1.156792873051225,0.003844|0.000710|0.003196|0.000590|0.005696|0.001052|0.004736|0.000874|0.124288|0.022946|0.103346|0.019079|0.184176|0.034002|0.153143|0.028273|0.001024|0.001023|0.000851|0.000850|0.001517|0.001516|0.001261|0.001260|0.033093|0.033070|0.027517|0.027498|0.049039|0.049005|0.040776|0.040748,0.003844|0.000710|0.003196|0.000590|0.005696|0.001052|0.004736|0.000874|0.124288|0.022946|0.103346|0.019079|0.184176|0.034002|0.153143|0.028273|0.001024|0.001023|0.000851|0.000850|0.001517|0.001516|0.001261|0.001260|0.033093|0.033070|0.027517|0.027498|0.049039|0.049005|0.040776|0.040748,-1.1732000653575007e-16
500,VECTOR44|GOAL_72|SNode_115|SNode_52|NEWTONS74,220,120,0.006806612014770508,0.00589752197265625,1.1541478007761967,0.099831|0.098246|0.043454|0.042764|0.042339|0.041667|0.018429|0.018136|0.028082|0.027637|0.012664|0.012463|0.011910|0.011721|0.005371|0.005286|0.092151|0.090689|0.040111|0.039474|0.039082|0.038462|0.017011|0.016741|0.025921|0.025510|0.011690|0.011504|0.010995|0.010820|0.004959|0.004880,0.099831|0.098246|0.043454|0.042764|0.042339|0.041667|0.018429|0.018136|0.028082|0.027637|0.012664|0.012463|0.011910|0.011721|0.005371|0.005286|0.092151|0.090689|0.040111|0.039474|0.039082|0.038462|0.017011|0.016741|0.025921|0.025510|0.011690|0.011504|0.010995|0.010820|0.004959|0.004880,0.0
500,SNode_47|SNode_128|SNode_65|SNode_54|KINEMATI17,220,124,0.007492542266845703,0.006560802459716797,1.1420161348935243,0.076298|0.079421|0.031479|0.036319|0.011901|0.012435|0.005048|0.005866|0.045449|0.047298|0.018716|0.021583|0.007621|0.007973|0.003263|0.003800|0.107780|0.112186|0.044449|0.051278|0.016820|0.017581|0.007154|0.008317|0.064201|0.066807|0.026420|0.030464|0.010772|0.011276|0.004630|0.005396,0.076298|0.079421|0.031479|0.036319|0.011901|0.012435|0.005048|0.005866|0.045449|0.047298|0.018716|0.021583|0.007621|0.007973|0.003263|0.003800|0.107780|0.112186|0.044449|0.051278|0.016820|0.017581|0.007154|0.008317|0.064201|0.066807|0.026420|0.030464|0.010772|0.011276|0.004630|0.005396,1.8156238587320665e-17
500,WRITE30|SNode_125|SYSTEM18|IDENTIFY39|SNode_60,220,122,0.0076601505279541016,0.006115913391113281,1.2524949321690317,0.059763|0.043130|0.061215|0.044178|0.057170|0.041688|0.058559|0.042701|0.013948|0.010136|0.014287|0.010383|0.013341|0.009799|0.013665|0.010037|0.058814|0.042446|0.060243|0.043477|0.056263|0.041026|0.057630|0.042023|0.013727|0.009975|0.014060|0.010218|0.013129|0.009643|0.013448|0.009877,0.059763|0.043130|0.061215|0.044178|0.057170|0.041688|0.058559|0.042701|0.013948|0.010136|0.014287|0.010383|0.013341|0.009799|0.013665|0.010037|0.058814|0.042446|0.060243|0.043477|0.056263|0.041026|0.057630|0.042023|0.013727|0.009975|0.014060|0.010218|0.013129|0.009643|0.013448|0.009877,0.0
500,SNode_21|CHOOSE47|RApp4|SNode_25|NULL48,220,13,0.0005934238433837891,0.00045371055603027344,1.3079348397267472,0.006218|0.007069|0.057787|0.065690|0.006875|0.007816|0.063893|0.072630|0.005514|0.006269|0.051245|0.058253|0.006097|0.006931|0.056660|0.064408|0.005226|0.005941|0.048565|0.055207|0.005778|0.006568|0.053696|0.061040|0.004634|0.005268|0.043067|0.048957|0.005124|0.005825|0.047618|0.054129,0.006218|0.007069|0.057787|0.065690|0.006875|0.007816|0.063893|0.072630|0.005514|0.006269|0.051245|0.058253|0.006097|0.006931|0.056660|0.064408|0.005226|0.005941|0.048565|0.055207|0.005778|0.006568|0.053696|0.061040|0.004634|0.005268|0.043067|0.048957|0.005124|0.005825|0.047618|0.054129,0.0
500,GOAL_61|WRITE64|GRAV2|SNode_47|IDENTIFY9,220,31,0.0011854171752929688,0.0011227130889892578,1.055850499044383,0.036668|0.043044|0.051801|0.060810|0.040043|0.047007|0.056569|0.066407|0.032516|0.038172|0.045937|0.053926|0.035510|0.041685|0.050165|0.058890|0.011633|0.013656|0.016435|0.019293|0.012704|0.014914|0.017947|0.021069|0.010316|0.012110|0.014574|0.017109|0.011266|0.013225|0.015916|0.018684,0.036668|0.043044|0.051801|0.060810|0.040043|0.047007|0.056569|0.066407|0.032516|0.038172|0.045937|0.053926|0.035510|0.041685|0.050165|0.058890|0.011633|0.013656|0.016435|0.019293|0.012704|0.014914|0.017947|0.021069|0.010316|0.012110|0.014574|0.017109|0.011266|0.013225|0.015916|0.018684,-1.2099537696607403e-16
500,WEIGHT56|GIVEN21|IDENTIFY59|RESOLVE38|SYSTEM18,220,5,0.0003695487976074219,0.0002224445343017578,1.6613076098606645,0.002897|0.002784|0.002897|0.002784|0.002874|0.002761|0.002874|0.002761|0.032434|0.031162|0.032434|0.031162|0.032175|0.030913|0.032175|0.030913|0.007600|0.007302|0.007600|0.007302|0.007539|0.007243|0.007539|0.007243|0.085080|0.081743|0.085080|0.081743|0.084402|0.081092|0.084402|0.081092,0.002897|0.002784|0.002897|0.002784|0.002874|0.002761|0.002874|0.002761|0.032434|0.031162|0.032434|0.031162|0.032175|0.030913|0.032175|0.030913|0.007600|0.007302|0.007600|0.007302|0.007539|0.007243|0.007539|0.007243|0.085080|0.081743|0.085080|0.081743|0.084402|0.081092|0.084402|0.081092,6.564807365062354e-18
500,SNode_21|SNode_115|WEIGHT57|SNode_73|SNode_59,220,124,0.0072519779205322266,0.006142139434814453,1.1806924928188804,0.059745|0.028516|0.018201|0.008763|0.138087|0.065908|0.042067|0.020253|0.023411|0.011162|0.009637|0.004658|0.054108|0.025798|0.022274|0.010767|0.050211|0.023965|0.015296|0.007364|0.116050|0.055390|0.035353|0.017021|0.019675|0.009381|0.008099|0.003915|0.045473|0.021681|0.018720|0.009049,0.059745|0.028516|0.018201|0.008763|0.138087|0.065908|0.042067|0.020253|0.023411|0.011162|0.009637|0.004658|0.054108|0.025798|0.022274|0.010767|0.050211|0.023965|0.015296|0.007364|0.116050|0.055390|0.035353|0.017021|0.019675|0.009381|0.008099|0.003915|0.045473|0.021681|0.018720|0.009049,0.0
500,SNode_11|SNode_17|SNode_54|TRY76|VELOCITY7,220,21,0.0009162425994873047,0.0008416175842285156,1.0886685552407933,0.000066|0.000059|0.000076|0.000068|0.000028|0.000025|0.000033|0.000029|0.004043|0.003614|0.004633|0.004141|0.001768|0.001580|0.002026|0.001811|0.002685|0.002400|0.003077|0.002750|0.001157|0.001035|0.001326|0.001186|0.164411|0.146973|0.188402|0.168420|0.071890|0.064265|0.082380|0.073643,0.000066|0.000059|0.000076|0.000068|0.000028|0.000025|0.000033|0.000029|0.004043|0.003614|0.004633|0.004141|0.001768|0.001580|0.002026|0.001811|0.002685|0.002400|0.003077|0.002750|0.001157|0.001035|0.001326|0.001186|0.164411|0.146973|0.188402|0.168420|0.071890|0.064265|0.082380|0.073643,6.323528882181013e-17
500,RApp7|WRITE30|SNode_65|SNode_54|GOAL_150,220,164,0.01097416877746582,0.010050535202026367,1.0918989443719607,0.199175|0.061594|0.086744|0.026833|0.031468|0.009732|0.014076|0.004354|0.195064|0.060323|0.084705|0.026203|0.031917|0.009871|0.014513|0.004490|0.032123|0.009953|0.013991|0.004336|0.005075|0.001573|0.002270|0.000704|0.031460|0.009748|0.013662|0.004234|0.005148|0.001595|0.002341|0.000726,0.199175|0.061594|0.086744|0.026833|0.031468|0.009732|0.014076|0.004354|0.195064|0.060323|0.084705|0.026203|0.031917|0.009871|0.014513|0.004490|0.032123|0.009953|0.013991|0.004336|0.005075|0.001573|0.002270|0.000704|0.031460|0.009748|0.013662|0.004234|0.005148|0.001595|0.002341|0.000726,0.0
500,SNode_94|SNode_12|GOAL65|SNode_154|RApp7,220,121,0.007046699523925781,0.006086826324462891,1.1576968272620447,0.004730|0.000607|0.002180|0.000502|0.005002|0.000642|0.002305|0.000531|0.192338|0.024684|0.088634|0.020417|0.203419|0.026106|0.093740|0.021593|0.002144|0.000280|0.000990|0.000232|0.002267|0.000296|0.001048|0.000245|0.087181|0.011382|0.040280|0.009421|0.092204|0.012038|0.042601|0.009964,0.004730|0.000607|0.002180|0.000502|0.005002|0.000642|0.002305|0.000531|0.192338|0.024684|0.088634|0.020417|0.203419|0.026106|0.093740|0.021593|0.002144|0.000280|0.000990|0.000232|0.002267|0.000296|0.001048|0.000245|0.087181|0.011382|0.040280|0.009421|0.092204|0.012038|0.042601|0.009964,1.3070769895028262e-16
500,SNode_11|SNode_60|RApp1|GOAL68|TRY14,220,30,0.0011546611785888672,0.0011036396026611328,1.0462302873190754,0.002209|0.001485|0.001990|0.001338|0.002164|0.001455|0.001950|0.001311|0.001591|0.001091|0.001434|0.000983|0.001560|0.001069|0.001405|0.000964|0.089817|0.060381|0.080938|0.054412|0.088013|0.059168|0.079312|0.053319|0.064721|0.044373|0.058323|0.039986|0.063421|0.043482|0.057151|0.039183,0.002209|0.001485|0.001990|0.001338|0.002164|0.001455|0.001950|0.001311|0.001591|0.001091|0.001434|0.000983|0.001560|0.001069|0.001405|0.000964|0.089817|0.060381|0.080938|0.054412|0.088013|0.059168|0.079312|0.053319|0.064721|0.044373|0.058323|0.039986|0.063421|0.043482|0.057151|0.039183,0.0
500,SNode_33|SNode_152|BUGGY54|SNode_47|SNode_93,220,113,0.0066983699798583984,0.0055620670318603516,1.2042950833726263,0.007357|0.002760|0.010393|0.003900|0.008229|0.003088|0.011626|0.004362|0.005225|0.001963|0.007382|0.002773|0.005845|0.002196|0.008258|0.003102|0.075690|0.028303|0.106929|0.039984|0.084670|0.031661|0.119616|0.044728|0.053962|0.020370|0.076233|0.028777|0.060364|0.022787|0.085277|0.032191,0.007357|0.002760|0.010393|0.003900|0.008229|0.003088|0.011626|0.004362|0.005225|0.001963|0.007382|0.002773|0.005845|0.002196|0.008258|0.003102|0.075690|0.028303|0.106929|0.039984|0.084670|0.031661|0.119616|0.044728|0.053962|0.020370|0.076233|0.028777|0.060364|0.022787|0.085277|0.032191,1.2194151785581802e-17
500,SNode_16|SNode_44|SNode_132|GOAL_48|WEIGHT56,220,127,0.0076482295989990234,0.0065882205963134766,1.1608945825643253,0.001330|0.003490|0.001899|0.004982|0.000153|0.000402|0.000219|0.000574|0.000700|0.001836|0.001020|0.002676|0.000081|0.000211|0.000118|0.000308|0.065165|0.170590|0.093023|0.243504|0.007538|0.020123|0.010763|0.028745|0.034286|0.089755|0.049959|0.130777|0.003966|0.010588|0.005780|0.015438,0.001330|0.003490|0.001899|0.004982|0.000153|0.000402|0.000219|0.000574|0.000700|0.001836|0.001020|0.002676|0.000081|0.000211|0.000118|0.000308|0.065165|0.170590|0.093023|0.243504|0.007538|0.020123|0.010763|0.028745|0.034286|0.089755|0.049959|0.130777|0.003966|0.010588|0.005780|0.015438,0.0
500,GIVEN_1|SNode_115|SNode_123|APPLY77|SNode_9,220,130,0.007646083831787109,0.006941318511962891,1.1015319090471938,0.000098|0.006027|0.000102|0.006273|0.000012|0.000745|0.000013|0.000775|0.000041|0.002497|0.000042|0.002599|0.000006|0.000375|0.000006|0.000390|0.004802|0.295302|0.004998|0.307355|0.000593|0.036495|0.000618|0.037985|0.001989|0.122348|0.002071|0.127342|0.000299|0.018372|0.000311|0.019122,0.000098|0.006027|0.000102|0.006273|0.000012|0.000745|0.000013|0.000775|0.000041|0.002497|0.000042|0.002599|0.000006|0.000375|0.000006|0.000390|0.004802|0.295302|0.004998|0.307355|0.000593|0.036495|0.000618|0.037985|0.001989|0.122348|0.002071|0.127342|0.000299|0.018372|0.000311|0.019122,0.0
500,NEWTONS74|GOAL65|SNode_55|GOAL_99|IDENTIFY41,220,96,0.004182577133178711,0.004427194595336914,0.9447466207119393,0.070103|0.065755|0.025703|0.024109|0.022376|0.020989|0.008209|0.007700|0.074142|0.069544|0.027184|0.025498|0.023666|0.022198|0.008682|0.008143|0.068990|0.064712|0.025295|0.023727|0.022021|0.020656|0.008078|0.007578|0.072965|0.068440|0.026752|0.025093|0.023290|0.021846|0.008544|0.008014,0.070103|0.065755|0.025703|0.024109|0.022376|0.020989|0.008209|0.007700|0.074142|0.069544|0.027184|0.025498|0.023666|0.022198|0.008682|0.008143|0.068990|0.064712|0.025295|0.023727|0.022021|0.020656|0.008078|0.007578|0.072965|0.068440|0.026752|0.025093|0.023290|0.021846|0.008544|0.008014,-1.535480192050306e-17
500,WRITE31|SNode_20|SNode_24|SLIDING4|APPLY32,220,10,0.0005261898040771484,0.0003743171691894531,1.4057324840764331,0.007197|0.008116|0.067776|0.076428|0.001744|0.001967|0.016422|0.018518|0.009373|0.010569|0.088260|0.099527|0.004968|0.005602|0.046780|0.052752|0.006751|0.007613|0.063573|0.071689|0.001636|0.001845|0.015403|0.017370|0.008791|0.009914|0.082786|0.093355|0.004660|0.005255|0.043879|0.049481,0.007197|0.008116|0.067776|0.076428|0.001744|0.001967|0.016422|0.018518|0.009373|0.010569|0.088260|0.099527|0.004968|0.005602|0.046780|0.052752|0.006751|0.007613|0.063573|0.071689|0.001636|0.001845|0.015403|0.017370|0.008791|0.009914|0.082786|0.093355|0.004660|0.005255|0.043879|0.049481,0.0
500,GOAL_113|DEFINE23|GOAL66|RApp3|WEIGHT57,220,121,0.006858348846435547,0.005803585052490234,1.1817434886204914,0.050448|0.116599|0.011499|0.026577|0.031448|0.072685|0.007168|0.016567|0.051262|0.118480|0.011684|0.027005|0.031956|0.073858|0.007284|0.016835|0.024696|0.057078|0.005629|0.013010|0.015395|0.035581|0.003509|0.008110|0.025094|0.057999|0.005720|0.013220|0.015643|0.036155|0.003566|0.008241,0.050448|0.116599|0.011499|0.026577|0.031448|0.072685|0.007168|0.016567|0.051262|0.118480|0.011684|0.027005|0.031956|0.073858|0.007284|0.016835|0.024696|0.057078|0.005629|0.013010|0.015395|0.035581|0.003509|0.008110|0.025094|0.057999|0.005720|0.013220|0.015643|0.036155|0.003566|0.008241,-2.3881360001979565e-16
500,IDENTIFY10|SNode_41|SNode_21|GOAL_130|SNode_75,220,122,0.007029533386230469,0.006067514419555664,1.158552398915478,0.066278|0.011643|0.028321|0.004976|0.055700|0.009785|0.023802|0.004182|0.098091|0.017374|0.041915|0.007426|0.082437|0.014602|0.035227|0.006241|0.064169|0.011297|0.027420|0.004828|0.053929|0.009494|0.023045|0.004058|0.094912|0.016916|0.040557|0.007230|0.079765|0.014217|0.034085|0.006077,0.066278|0.011643|0.028321|0.004976|0.055700|0.009785|0.023802|0.004182|0.098091|0.017374|0.041915|0.007426|0.082437|0.014602|0.035227|0.006241|0.064169|0.011297|0.027420|0.004828|0.053929|0.009494|0.023045|0.004058|0.094912|0.016916|0.040557|0.007230|0.079765|0.014217|0.034085|0.006077,0.0
500,IDENTIFY55|GOAL_108|GOAL_111|SNode_74|NORMAL52,220,119,0.006737232208251953,0.00583648681640625,1.154330065359477,0.158209|0.076522|0.019938|0.009644|0.062513|0.030236|0.007878|0.003811|0.047913|0.023174|0.006039|0.002921|0.030647|0.014823|0.003863|0.001868|0.158209|0.076522|0.019938|0.009644|0.062513|0.030236|0.007878|0.003811|0.047913|0.023174|0.006039|0.002921|0.030647|0.014823|0.003863|0.001868,0.158209|0.076522|0.019938|0.009644|0.062513|0.030236|0.007878|0.003811|0.047913|0.023174|0.006039|0.002921|0.030647|0.014823|0.003863|0.001868|0.158209|0.076522|0.019938|0.009644|0.062513|0.030236|0.007878|0.003811|0.047913|0.023174|0.006039|0.002921|0.030647|0.014823|0.003863|0.001868,0.0
500,SNode_8|CHOOSE19|GOAL_56|SNode_24|SNode_7,220,29,0.0011510848999023438,0.0010731220245361328,1.0726505221061986,0.000021|0.001503|0.000009|0.000609|0.000007|0.000504|0.000003|0.000204|0.000023|0.001636|0.000009|0.000663|0.000009|0.000609|0.000004|0.000247|0.003500|0.246525|0.001418|0.099854|0.001174|0.082696|0.000476|0.033496|0.003811|0.268371|0.001543|0.108703|0.001419|0.099911|0.000575|0.040469,0.000021|0.001503|0.000009|0.000609|0.000007|0.000504|0.000003|0.000204|0.000023|0.001636|0.000009|0.000663|0.000009|0.000609|0.000004|0.000247|0.003500|0.246525|0.001418|0.099854|0.001174|0.082696|0.000476|0.033496|0.003811|0.268371|0.001543|0.108703|0.001419|0.099911|0.000575|0.040469,3.651017568848577e-17
500,SNode_64|SNode_97|SNode_25|SNode_94|SNode_95,220,104,0.0048978328704833984,0.0051653385162353516,0.9482114008769905,0.030898|0.007722|0.002608|0.008363|0.287139|0.071761|0.024240|0.077718|0.008387|0.002096|0.002699|0.008654|0.077944|0.019479|0.025083|0.080421|0.011126|0.002781|0.000940|0.003013|0.103398|0.025841|0.008732|0.027997|0.003020|0.000755|0.000972|0.003118|0.028066|0.007014|0.009037|0.028976,0.030898|0.007722|0.002608|0.008363|0.287139|0.071761|0.024240|0.077718|0.008387|0.002096|0.002699|0.008654|0.077944|0.019479|0.025083|0.080421|0.011126|0.002781|0.000940|0.003013|0.103398|0.025841|0.008732|0.027997|0.003020|0.000755|0.000972|0.003118|0.028066|0.007014|0.009037|0.028976,-1.6930512292814587e-17
500,GOAL_143|SNode_136|VECTOR44|SNode_33|RApp12,220,147,0.009551048278808594,0.00849151611328125,1.1247753818508535,0.034173|0.000000|0.351920|0.000000|0.031543|0.000000|0.324834|0.000000|0.003902|0.000000|0.040208|0.000000|0.003603|0.000000|0.037128|0.000000|0.003627|0.003484|0.037478|0.035998|0.003348|0.003216|0.034595|0.033228|0.000414|0.000398|0.004276|0.004121|0.000382|0.000368|0.003948|0.003807,0.034173|0.000000|0.351920|0.000000|0.031543|0.000000|0.324834|0.000000|0.003902|0.000000|0.040208|0.000000|0.003603|0.000000|0.037128|0.000000|0.003627|0.003484|0.037478|0.035998|0.003348|0.003216|0.034595|0.033228|0.000414|0.000398|0.004276|0.004121|0.000382|0.000368|0.003948|0.003807,0.0
500,RApp7|TRY26|NEED36|GOAL_113|EQUATION28,220,122,0.006888151168823242,0.006011009216308594,1.1459225765508487,0.016319|0.011435|0.007362|0.005158|0.015805|0.011075|0.007130|0.004996|0.160890|0.112734|0.072633|0.050892|0.155823|0.109176|0.070345|0.049289|0.002136|0.001497|0.001664|0.001166|0.002069|0.001449|0.001611|0.001129|0.021192|0.014848|0.016508|0.011567|0.020524|0.014385|0.015988|0.011206,0.016319|0.011435|0.007362|0.005158|0.015805|0.011075|0.007130|0.004996|0.160890|0.112734|0.072633|0.050892|0.155823|0.109176|0.070345|0.049289|0.002136|0.001497|0.001664|0.001166|0.002069|0.001449|0.001611|0.001129|0.021192|0.014848|0.016508|0.011567|0.020524|0.014385|0.015988|0.011206,0.0
500,RESOLVE38|INCLINE51|SNode_132|SNode_116|SNode_3,220,131,0.007953643798828125,0.006948232650756836,1.1447002710771026,0.004804|0.262078|0.000625|0.034106|0.000553|0.030173|0.000084|0.004578|0.002324|0.126762|0.000302|0.016496|0.000268|0.014594|0.000041|0.002214|0.004804|0.262078|0.000625|0.034106|0.000553|0.030173|0.000084|0.004578|0.002324|0.126762|0.000302|0.016496|0.000268|0.014594|0.000041|0.002214,0.004804|0.262078|0.000625|0.034106|0.000553|0.030173|0.000084|0.004578|0.002324|0.126762|0.000302|0.016496|0.000268|0.014594|0.000041|0.002214|0.004804|0.262078|0.000625|0.034106|0.000553|0.030173|0.000084|0.004578|0.002324|0.126762|0.000302|0.016496|0.000268|0.014594|0.000041|0.002214,1.3649757075785025e-17
500,FORCE60|SNode_71|WRITE63|RApp7|INCLINE51,220,118,0.0067119598388671875,0.005834102630615234,1.1504699632202697,0.045567|0.022040|0.007007|0.003389|0.046879|0.022674|0.007841|0.003792|0.008247|0.003989|0.001268|0.000613|0.008484|0.004104|0.001419|0.000687|0.196795|0.095186|0.030277|0.014644|0.202174|0.097787|0.034167|0.016526|0.035618|0.017228|0.005480|0.002651|0.036590|0.017698|0.006186|0.002992,0.045567|0.022040|0.007007|0.003389|0.046879|0.022674|0.007841|0.003792|0.008247|0.003989|0.001268|0.000613|0.008484|0.004104|0.001419|0.000687|0.196795|0.095186|0.030277|0.014644|0.202174|0.097787|0.034167|0.016526|0.035618|0.017228|0.005480|0.002651|0.036590|0.017698|0.006186|0.002992,0.0
500,GOAL_114|SNode_95|APPLY32|TRY24|SNode_65,220,124,0.007228374481201172,0.0061953067779541016,1.1667500481046758,0.018575|0.003018|0.161481|0.026236|0.020943|0.003407|0.182062|0.029618|0.010848|0.001763|0.097451|0.015835|0.012231|0.001990|0.109872|0.017876|0.007458|0.001212|0.064894|0.010544|0.008409|0.001368|0.073165|0.011903|0.004358|0.000708|0.039243|0.006377|0.004914|0.000799|0.044245|0.007199,0.018575|0.003018|0.161481|0.026236|0.020943|0.003407|0.182062|0.029618|0.010848|0.001763|0.097451|0.015835|0.012231|0.001990|0.109872|0.017876|0.007458|0.001212|0.064894|0.010544|0.008409|0.001368|0.073165|0.011903|0.004358|0.000708|0.039243|0.006377|0.004914|0.000799|0.044245|0.007199,0.0
500,SNode_100|SNode_115|SNode_70|GOAL_56|SNode_119,220,136,0.008242368698120117,0.007274627685546875,1.1330296276874672,0.238160|0.028074|0.083988|0.009899|0.096038|0.011441|0.034467|0.004107|0.089387|0.011769|0.031364|0.004127|0.050446|0.006864|0.018199|0.002477|0.092185|0.010846|0.032575|0.003832|0.037189|0.004424|0.013375|0.001591|0.034604|0.004567|0.012167|0.001605|0.019536|0.002668|0.007063|0.000965,0.238160|0.028074|0.083988|0.009899|0.096038|0.011441|0.034467|0.004107|0.089387|0.011769|0.031364|0.004127|0.050446|0.006864|0.018199|0.002477|0.092185|0.010846|0.032575|0.003832|0.037189|0.004424|0.013375|0.001591|0.034604|0.004567|0.012167|0.001605|0.019536|0.002668|0.007063|0.000965,0.0
500,SNode_64|GOAL_49|SLIDING4|SNode_40|SNode_43,220,99,0.004347324371337891,0.004663944244384766,0.9321132808506287,0.024057|0.007619|0.008664|0.002744|0.226539|0.071747|0.081583|0.025838|0.014868|0.005339|0.005364|0.001926|0.140005|0.050275|0.050508|0.018137|0.008584|0.002765|0.003091|0.000996|0.080828|0.026039|0.029111|0.009378|0.005366|0.001971|0.001936|0.000711|0.050528|0.018556|0.018231|0.006695,0.024057|0.007619|0.008664|0.002744|0.226539|0.071747|0.081583|0.025838|0.014868|0.005339|0.005364|0.001926|0.140005|0.050275|0.050508|0.018137|0.008584|0.002765|0.003091|0.000996|0.080828|0.026039|0.029111|0.009378|0.005366|0.001971|0.001936|0.000711|0.050528|0.018556|0.018231|0.006695,2.1803384596227727e-16
500,IDENTIFY39|SNode_5|SNode_120|SNode_40|GOAL_130,220,138,0.00835418701171875,0.007393360137939453,1.1299580780393421,0.003659|0.001558|0.001319|0.000561|0.000412|0.000182|0.000148|0.000066|0.225030|0.095787|0.081098|0.034522|0.025315|0.011191|0.009120|0.004033|0.003748|0.001595|0.001351|0.000575|0.000422|0.000186|0.000152|0.000067|0.230496|0.098113|0.083068|0.035360|0.025930|0.011463|0.009342|0.004131,0.003659|0.001558|0.001319|0.000561|0.000412|0.000182|0.000148|0.000066|0.225030|0.095787|0.081098|0.034522|0.025315|0.011191|0.009120|0.004033|0.003748|0.001595|0.001351|0.000575|0.000422|0.000186|0.000152|0.000067|0.230496|0.098113|0.083068|0.035360|0.025930|0.011463|0.009342|0.004131,-1.3033187378517166e-16
500,SNode_151|CONSTANT5|EQUATION28|VAR20|CHOOSE47,220,163,0.010813713073730469,0.010097265243530273,1.0709546409766004,0.033900|0.030058|0.087172|0.077291|0.023752|0.021059|0.061076|0.054153|0.036142|0.032045|0.092936|0.082402|0.025322|0.022452|0.065114|0.057733|0.008333|0.007395|0.021428|0.019015|0.005841|0.005183|0.015019|0.013327|0.008884|0.007883|0.022845|0.020272|0.006227|0.005525|0.016012|0.014208,0.033900|0.030058|0.087172|0.077291|0.023752|0.021059|0.061076|0.054153|0.036142|0.032045|0.092936|0.082402|0.025322|0.022452|0.065114|0.057733|0.008333|0.007395|0.021428|0.019015|0.005841|0.005183|0.015019|0.013327|0.008884|0.007883|0.022845|0.020272|0.006227|0.005525|0.016012|0.014208,1.1568303198511974e-16
500,CHOOSE35|RApp13|DISPLACEM0|SNode_12|GOAL_114,220,139,0.008440017700195312,0.007659435272216797,1.1019112245533214,0.003960|0.001590|0.161023|0.064649|0.004023|0.001615|0.163620|0.065691|0.000336|0.000138|0.013678|0.005602|0.000342|0.000140|0.013899|0.005693|0.003866|0.001552|0.157205|0.063115|0.003928|0.001577|0.159740|0.064133|0.000328|0.000134|0.013354|0.005470|0.000334|0.000137|0.013569|0.005558,0.003960|0.001590|0.161023|0.064649|0.004023|0.001615|0.163620|0.065691|0.000336|0.000138|0.013678|0.005602|0.000342|0.000140|0.013899|0.005693|0.003866|0.001552|0.157205|0.063115|0.003928|0.001577|0.159740|0.064133|0.000328|0.000134|0.013354|0.005470|0.000334|0.000137|0.013569|0.005558,-1.4324815010202318e-16
500,TRY15|WRITE30|GOAL_80|TRY25|SNode_134,220,131,0.0077016353607177734,0.00683283805847168,1.1271502843783803,0.021092|0.003427|0.177892|0.028895|0.006574|0.001069|0.055451|0.009009|0.020712|0.003365|0.174688|0.028374|0.006515|0.001059|0.054951|0.008928|0.013944|0.002265|0.117604|0.019103|0.004347|0.000707|0.036666|0.005957|0.013691|0.002224|0.115469|0.018756|0.004310|0.000701|0.036352|0.005906,0.021092|0.003427|0.177892|0.028895|0.006574|0.001069|0.055451|0.009009|0.020712|0.003365|0.174688|0.028374|0.006515|0.001059|0.054951|0.008928|0.013944|0.002265|0.117604|0.019103|0.004347|0.000707|0.036666|0.005957|0.013691|0.002224|0.115469|0.018756|0.004310|0.000701|0.036352|0.005906,0.0
500,GOAL_79|GOAL_57|SNode_5|TRY14|NEED67,220,80,0.00353240966796875,0.003642559051513672,0.9697604398481476,0.002735|0.002525|0.001884|0.001739|0.165966|0.153200|0.108293|0.099962|0.001084|0.001001|0.000705|0.000651|0.068918|0.063616|0.050906|0.046990|0.000816|0.000753|0.000562|0.000519|0.049495|0.045687|0.032305|0.029820|0.000324|0.000299|0.000210|0.000194|0.020583|0.018999|0.015214|0.014044,0.002735|0.002525|0.001884|0.001739|0.165966|0.153200|0.108293|0.099962|0.001084|0.001001|0.000705|0.000651|0.068918|0.063616|0.050906|0.046990|0.000816|0.000753|0.000562|0.000519|0.049495|0.045687|0.032305|0.029820|0.000324|0.000299|0.000210|0.000194|0.020583|0.018999|0.015214|0.014044,8.786075633286608e-17
500,TRY11|TRY25|SNode_11|IDENTIFY59|SYSTEM18,220,5,0.0004248619079589844,0.0002079010009765625,2.043577981651376,0.000348|0.000334|0.000345|0.000332|0.014144|0.013589|0.014031|0.013481|0.002933|0.002818|0.002910|0.002796|0.119290|0.114612|0.118339|0.113698|0.000304|0.000292|0.000301|0.000289|0.012343|0.011859|0.012245|0.011764|0.002560|0.002459|0.002539|0.002440|0.104099|0.100017|0.103270|0.099220,0.000348|0.000334|0.000345|0.000332|0.014144|0.013589|0.014031|0.013481|0.002933|0.002818|0.002910|0.002796|0.119290|0.114612|0.118339|0.113698|0.000304|0.000292|0.000301|0.000289|0.012343|0.011859|0.012245|0.011764|0.002560|0.002459|0.002539|0.002440|0.104099|0.100017|0.103270|0.099220,2.5131534343087604e-16
500,SNode_71|SNode_24|SNode_94|GOAL_110|IDENTIFY55,220,124,0.007123231887817383,0.006223440170288086,1.14458108263418,0.145025|0.145025|0.062325|0.062325|0.065561|0.065561|0.028412|0.028412|0.058545|0.058545|0.025160|0.025160|0.026752|0.026752|0.011594|0.011594|0.026239|0.026239|0.011277|0.011277|0.011875|0.011875|0.005147|0.005147|0.010592|0.010592|0.004552|0.004552|0.004845|0.004845|0.002100|0.002100,0.145025|0.145025|0.062325|0.062325|0.065561|0.065561|0.028412|0.028412|0.058545|0.058545|0.025160|0.025160|0.026752|0.026752|0.011594|0.011594|0.026239|0.026239|0.011277|0.011277|0.011875|0.011875|0.005147|0.005147|0.010592|0.010592|0.004552|0.004552|0.004845|0.004845|0.002100|0.002100,0.0
500,SNode_7|RApp6|GOAL_142|COMPO16|SNode_42,220,134,0.008068084716796875,0.007124900817871094,1.1323785303172267,0.003057|0.002431|0.002235|0.001777|0.000920|0.000732|0.000675|0.000537|0.000000|0.000000|0.000702|0.000558|0.000000|0.000000|0.000209|0.000167|0.215298|0.171207|0.157410|0.125152|0.064815|0.051541|0.047534|0.037793|0.000000|0.000000|0.049440|0.039336|0.000000|0.000000|0.014744|0.011731,0.003057|0.002431|0.002235|0.001777|0.000920|0.000732|0.000675|0.000537|0.000000|0.000000|0.000702|0.000558|0.000000|0.000000|0.000209|0.000167|0.215298|0.171207|0.157410|0.125152|0.064815|0.051541|0.047534|0.037793|0.000000|0.000000|0.049440|0.039336|0.000000|0.000000|0.014744|0.011731,5.309779459812251e-18
500,GOAL65|TRY12|WRITE64|GOAL_143|SNode_91,220,137,0.008409976959228516,0.007456779479980469,1.1278296457347488,0.106958|0.036202|0.022360|0.007574|0.094848|0.032103|0.019830|0.006717|0.052205|0.017670|0.010914|0.003697|0.046295|0.015669|0.009679|0.003279|0.113158|0.038300|0.023611|0.007998|0.100403|0.033983|0.020883|0.007074|0.055232|0.018694|0.011524|0.003904|0.049006|0.016587|0.010193|0.003453,0.106958|0.036202|0.022360|0.007574|0.094848|0.032103|0.019830|0.006717|0.052205|0.017670|0.010914|0.003697|0.046295|0.015669|0.009679|0.003279|0.113158|0.038300|0.023611|0.007998|0.100403|0.033983|0.020883|0.007074|0.055232|0.018694|0.011524|0.003904|0.049006|0.016587|0.010193|0.003453,0.0
500,FIND49|RApp7|VECTOR73|CONSTANT5|SNode_33,220,117,0.006532192230224609,0.005597591400146484,1.1669648181276089,0.009001|0.092706|0.009596|0.098835|0.009443|0.097265|0.010068|0.103696|0.001446|0.014943|0.001542|0.015931|0.001517|0.015678|0.001617|0.016715|0.009001|0.092668|0.009596|0.098795|0.009443|0.097226|0.010068|0.103654|0.001446|0.014981|0.001541|0.015972|0.001517|0.015718|0.001617|0.016757,0.009001|0.092706|0.009596|0.098835|0.009443|0.097265|0.010068|0.103696|0.001446|0.014943|0.001542|0.015931|0.001517|0.015678|0.001617|0.016715|0.009001|0.092668|0.009596|0.098795|0.009443|0.097226|0.010068|0.103654|0.001446|0.014981|0.001541|0.015972|0.001517|0.015718|0.001617|0.016757,0.0
500,GOAL68|SNode_27|GOAL_150|SNode_124|SNode_131,220,165,0.011545419692993164,0.01096200942993164,1.0532211057462264,0.084318|0.028123|0.009974|0.003394|0.026067|0.008692|0.003100|0.001059|0.184922|0.061677|0.021876|0.007443|0.057170|0.019063|0.006799|0.002323|0.063032|0.038291|0.007190|0.004856|0.019494|0.011831|0.002225|0.001523|0.138238|0.083979|0.015769|0.010651|0.042753|0.025947|0.004881|0.003340,0.084318|0.028123|0.009974|0.003394|0.026067|0.008692|0.003100|0.001059|0.184922|0.061677|0.021876|0.007443|0.057170|0.019063|0.006799|0.002323|0.063032|0.038291|0.007190|0.004856|0.019494|0.011831|0.002225|0.001523|0.138238|0.083979|0.015769|0.010651|0.042753|0.025947|0.004881|0.003340,0.0
500,TRY12|GOAL_84|SNode_154|KINEMATI17|SNode_12,220,119,0.006738424301147461,0.0058133602142333984,1.1591272607964564,0.003224|0.131100|0.003464|0.140889|0.001619|0.065832|0.001740|0.070746|0.001948|0.079227|0.002094|0.085147|0.000983|0.039971|0.001056|0.042959|0.001573|0.063989|0.001691|0.068764|0.000790|0.032132|0.000849|0.034529|0.000951|0.038671|0.001022|0.041563|0.000480|0.019511|0.000516|0.020970,0.003224|0.131100|0.003464|0.140889|0.001619|0.065832|0.001740|0.070746|0.001948|0.079227|0.002094|0.085147|0.000983|0.039971|0.001056|0.042959|0.001573|0.063989|0.001691|0.068764|0.000790|0.032132|0.000849|0.034529|0.000951|0.038671|0.001022|0.041563|0.000480|0.019511|0.000516|0.020970,-2.1423715247254836e-16
500,VECTOR27|CHOOSE62|SNode_55|TRY11|GOAL_121,220,116,0.006472110748291016,0.005594968795776367,1.1567733412877659,0.077061|0.036853|0.066321|0.031717|0.023948|0.011453|0.021825|0.010438|0.072533|0.035175|0.062425|0.030273|0.022541|0.010932|0.020543|0.009963|0.064581|0.030906|0.055581|0.026598|0.020070|0.009605|0.018291|0.008753|0.060779|0.029507|0.052308|0.025394|0.018888|0.009170|0.017213|0.008357,0.077061|0.036853|0.066321|0.031717|0.023948|0.011453|0.021825|0.010438|0.072533|0.035175|0.062425|0.030273|0.022541|0.010932|0.020543|0.009963|0.064581|0.030906|0.055581|0.026598|0.020070|0.009605|0.018291|0.008753|0.060779|0.029507|0.052308|0.025394|0.018888|0.009170|0.017213|0.008357,2.0726614387365946e-16
500,SNode_68|GOAL_81|SNode_100|COMPO16|SNode_106,220,114,0.006545543670654297,0.005664825439453125,1.1554713804713805,0.161876|0.063667|0.119282|0.046912|0.058961|0.023251|0.043447|0.017132|0.062621|0.025388|0.094449|0.038292|0.026741|0.010890|0.040332|0.016426|0.028390|0.011172|0.020573|0.008096|0.010341|0.004080|0.007494|0.002957|0.011273|0.004574|0.017244|0.006997|0.004814|0.001962|0.007364|0.003002,0.161876|0.063667|0.119282|0.046912|0.058961|0.023251|0.043447|0.017132|0.062621|0.025388|0.094449|0.038292|0.026741|0.010890|0.040332|0.016426|0.028390|0.011172|0.020573|0.008096|0.010341|0.004080|0.007494|0.002957|0.011273|0.004574|0.017244|0.006997|0.004814|0.001962|0.007364|0.003002,0.0
500,GOAL_142|GOAL_87|SYSTEM46|EQUATION28|NEED36,220,134,0.007726430892944336,0.0067310333251953125,1.147881836214225,0.076564|0.073967|0.055410|0.053391|0.066041|0.063806|0.047810|0.045959|0.041916|0.040520|0.030297|0.029151|0.042453|0.041034|0.030670|0.029612|0.024203|0.023629|0.015203|0.014943|0.020877|0.020383|0.013118|0.012863|0.013240|0.012896|0.008342|0.008327|0.013410|0.013061|0.008445|0.008459,0.076564|0.073967|0.055410|0.053391|0.066041|0.063806|0.047810|0.045959|0.041916|0.040520|0.030297|0.029151|0.042453|0.041034|0.030670|0.029612|0.024203|0.023629|0.015203|0.014943|0.020877|0.020383|0.013118|0.012863|0.013240|0.012896|0.008342|0.008327|0.013410|0.013061|0.008445|0.008459,0.0
500,WRITE63|SNode_134|GOAL_84|AXIS33|SNode_42,220,128,0.0076944828033447266,0.0066297054290771484,1.1606070413924552,0.031300|0.024889|0.114957|0.091412|0.018946|0.015067|0.069592|0.055343|0.005088|0.004046|0.018686|0.014859|0.003077|0.002447|0.011302|0.008988|0.032578|0.025906|0.119663|0.095153|0.019720|0.015682|0.072438|0.057607|0.005295|0.004210|0.019436|0.015455|0.003202|0.002547|0.011758|0.009350,0.031300|0.024889|0.114957|0.091412|0.018946|0.015067|0.069592|0.055343|0.005088|0.004046|0.018686|0.014859|0.003077|0.002447|0.011302|0.008988|0.032578|0.025906|0.119663|0.095153|0.019720|0.015682|0.072438|0.057607|0.005295|0.004210|0.019436|0.015455|0.003202|0.002547|0.011758|0.009350,0.0
500,SNode_156|NULL48|RApp6|SNode_102|SNode_65,220,108,0.0061206817626953125,0.0053250789642333984,1.1494067606895009,0.218348|0.023363|0.050255|0.005377|0.027986|0.002994|0.006182|0.000661|0.226014|0.048752|0.052020|0.011220|0.028841|0.006375|0.006371|0.001408|0.080705|0.008636|0.024040|0.002572|0.011245|0.001203|0.004005|0.000428|0.083537|0.018021|0.024883|0.005369|0.011589|0.002561|0.004127|0.000912,0.218348|0.023363|0.050255|0.005377|0.027986|0.002994|0.006182|0.000661|0.226014|0.048752|0.052020|0.011220|0.028841|0.006375|0.006371|0.001408|0.080705|0.008636|0.024040|0.002572|0.011245|0.001203|0.004005|0.000428|0.083537|0.018021|0.024883|0.005369|0.011589|0.002561|0.004127|0.000912,-4.35601322903918e-17
500,SNode_133|SNode_151|APPLY77|GOAL_129|SNode_73,220,164,0.011048316955566406,0.010158777236938477,1.0875636602595695,0.160501|0.054360|0.046422|0.009388|0.161987|0.054855|0.046851|0.009474|0.036379|0.012318|0.010522|0.002128|0.042929|0.014544|0.012417|0.002511|0.035133|0.011355|0.056964|0.025342|0.035459|0.011458|0.057485|0.025570|0.007963|0.002573|0.012910|0.005742|0.009397|0.003038|0.015241|0.006783,0.160501|0.054360|0.046422|0.009388|0.161987|0.054855|0.046851|0.009474|0.036379|0.012318|0.010522|0.002128|0.042929|0.014544|0.012417|0.002511|0.035133|0.011355|0.056964|0.025342|0.035459|0.011458|0.057485|0.025570|0.007963|0.002573|0.012910|0.005742|0.009397|0.003038|0.015241|0.006783,0.0
500,SNode_102|GOAL_80|VELOCITY7|RApp3|CHOOSE62,220,105,0.0047550201416015625,0.004878997802734375,0.9745895230648944,0.153698|0.145325|0.011845|0.011200|0.101643|0.096106|0.046343|0.043818|0.047920|0.045310|0.003696|0.003495|0.031682|0.029956|0.014460|0.013672|0.038179|0.036099|0.002942|0.002782|0.025248|0.023873|0.011512|0.010885|0.012172|0.011509|0.000939|0.000888|0.008047|0.007609|0.003673|0.003473,0.153698|0.145325|0.011845|0.011200|0.101643|0.096106|0.046343|0.043818|0.047920|0.045310|0.003696|0.003495|0.031682|0.029956|0.014460|0.013672|0.038179|0.036099|0.002942|0.002782|0.025248|0.023873|0.011512|0.010885|0.012172|0.011509|0.000939|0.000888|0.008047|0.007609|0.003673|0.003473,-6.530152655218593e-17
500,SNode_54|SNode_117|KINEMATI17|APPLY61|INCLINE51,220,120,0.006860017776489258,0.005938053131103516,1.1552637918573838,0.076365|0.036936|0.075693|0.036611|0.079532|0.038468|0.078832|0.038129|0.038958|0.018843|0.038711|0.018724|0.040574|0.019625|0.040317|0.019500|0.031626|0.015297|0.031348|0.015162|0.036525|0.017666|0.036204|0.017511|0.016134|0.007804|0.016032|0.007754|0.018634|0.009013|0.018516|0.008956,0.076365|0.036936|0.075693|0.036611|0.079532|0.038468|0.078832|0.038129|0.038958|0.018843|0.038711|0.018724|0.040574|0.019625|0.040317|0.019500|0.031626|0.015297|0.031348|0.015162|0.036525|0.017666|0.036204|0.017511|0.016134|0.007804|0.016032|0.007754|0.018634|0.009013|0.018516|0.008956,0.0
500,SNode_40|GOAL66|SNode_65|GOAL_48|GOAL72,220,103,0.004617929458618164,0.004857301712036133,0.9507190889903303,0.082564|0.077443|0.118472|0.111125|0.013353|0.012525|0.019263|0.018068|0.051468|0.048276|0.073853|0.069273|0.008324|0.007808|0.012008|0.011263|0.029642|0.027803|0.042725|0.040076|0.004831|0.004531|0.007006|0.006572|0.018478|0.017332|0.026634|0.024982|0.003012|0.002825|0.004367|0.004097,0.082564|0.077443|0.118472|0.111125|0.013353|0.012525|0.019263|0.018068|0.051468|0.048276|0.073853|0.069273|0.008324|0.007808|0.012008|0.011263|0.029642|0.027803|0.042725|0.040076|0.004831|0.004531|0.007006|0.006572|0.018478|0.017332|0.026634|0.024982|0.003012|0.002825|0.004367|0.004097,1.2024819799999894e-16
500,RApp3|SNode_92|WRITE63|SNode_44|GOAL_63,220,60,0.002458810806274414,0.0023763179779052734,1.0347145580415371,0.124081|0.037650|0.064412|0.019854|0.129146|0.039186|0.067041|0.020665|0.077197|0.023424|0.040074|0.012352|0.080348|0.024380|0.041710|0.012857|0.027137|0.008232|0.015682|0.005020|0.028244|0.008568|0.016322|0.005225|0.016883|0.005122|0.009757|0.003123|0.017572|0.005331|0.010155|0.003250,0.124081|0.037650|0.064412|0.019854|0.129146|0.039186|0.067041|0.020665|0.077197|0.023424|0.040074|0.012352|0.080348|0.024380|0.041710|0.012857|0.027137|0.008232|0.015682|0.005020|0.028244|0.008568|0.016322|0.005225|0.016883|0.005122|0.009757|0.003123|0.017572|0.005331|0.010155|0.003250,5.71830517672269e-17
500,SNode_119|SNode_155|RApp6|CHOOSE62|SNode_33,220,140,0.00951528549194336,0.007673740386962891,1.2399801155782018,0.031868|0.328366|0.030123|0.310376|0.004202|0.043310|0.003972|0.040931|0.003902|0.040213|0.003697|0.038107|0.000530|0.005463|0.000502|0.005182|0.003904|0.040230|0.003692|0.038043|0.000516|0.005318|0.000488|0.005029|0.000481|0.004956|0.000456|0.004700|0.000066|0.000677|0.000062|0.000642,0.031868|0.328366|0.030123|0.310376|0.004202|0.043310|0.003972|0.040931|0.003902|0.040213|0.003697|0.038107|0.000530|0.005463|0.000502|0.005182|0.003904|0.040230|0.003692|0.038043|0.000516|0.005318|0.000488|0.005029|0.000481|0.004956|0.000456|0.004700|0.000066|0.000677|0.000062|0.000642,0.0
500,RESOLVE38|GOAL_79|SNode_75|SNode_5|GOAL_69,220,77,0.003483295440673828,0.003616809844970703,0.9630850362557679,0.004163|0.001218|0.255450|0.075389|0.000603|0.000180|0.037048|0.011182|0.001097|0.000321|0.067320|0.019868|0.000318|0.000100|0.019527|0.006216|0.004164|0.001219|0.255483|0.075412|0.000600|0.000177|0.036898|0.010989|0.001097|0.000321|0.067287|0.019846|0.000320|0.000103|0.019676|0.006409,0.004163|0.001218|0.255450|0.075389|0.000603|0.000180|0.037048|0.011182|0.001097|0.000321|0.067320|0.019868|0.000318|0.000100|0.019527|0.006216|0.004164|0.001219|0.255483|0.075412|0.000600|0.000177|0.036898|0.010989|0.001097|0.000321|0.067287|0.019846|0.000320|0.000103|0.019676|0.006409,4.0538644270913383e-17
500,IDENTIFY39|IDENTIFY59|RESOLVE38|GOAL_98|GIVEN_1,220,94,0.0041429996490478516,0.004420042037963867,0.9373213226171854,0.001811|0.088745|0.000669|0.032769|0.001811|0.088744|0.000669|0.032770|0.001797|0.088038|0.000663|0.032508|0.001797|0.088037|0.000663|0.032509|0.001855|0.090901|0.000685|0.033565|0.001855|0.090900|0.000685|0.033566|0.001840|0.090177|0.000680|0.033297|0.001840|0.090176|0.000680|0.033299,0.001811|0.088745|0.000669|0.032769|0.001811|0.088744|0.000669|0.032770|0.001797|0.088038|0.000663|0.032508|0.001797|0.088037|0.000663|0.032509|0.001855|0.090901|0.000685|0.033565|0.001855|0.090900|0.000685|0.033566|0.001840|0.090177|0.000680|0.033297|0.001840|0.090176|0.000680|0.033299,-1.5249655022607348e-16
500,IDENTIFY22|GOAL_127|SNode_119|NULL48|SNode_64,220,135,0.008115053176879883,0.007082223892211914,1.1458340346742972,0.121373|0.043558|0.137971|0.049515|0.014739|0.005462|0.016755|0.006209|0.043673|0.015670|0.049646|0.017813|0.005330|0.001979|0.006058|0.002250|0.104227|0.037405|0.118481|0.042520|0.012657|0.004690|0.014388|0.005332|0.037504|0.013456|0.042633|0.015296|0.004577|0.001699|0.005203|0.001932,0.121373|0.043558|0.137971|0.049515|0.014739|0.005462|0.016755|0.006209|0.043673|0.015670|0.049646|0.017813|0.005330|0.001979|0.006058|0.002250|0.104227|0.037405|0.118481|0.042520|0.012657|0.004690|0.014388|0.005332|0.037504|0.013456|0.042633|0.015296|0.004577|0.001699|0.005203|0.001932,0.0
500,NEED1|SNode_154|SNode_3|SNode_92|SNode_68,220,123,0.007188320159912109,0.0062291622161865234,1.1539786427833276,0.003039|0.000505|0.001891|0.000314|0.165786|0.027540|0.103144|0.017134|0.001487|0.000296|0.000925|0.000184|0.081108|0.016143|0.050461|0.010043|0.003292|0.000547|0.002048|0.000340|0.179602|0.029835|0.111739|0.018562|0.001611|0.000321|0.001002|0.000199|0.087867|0.017488|0.054667|0.010880,0.003039|0.000505|0.001891|0.000314|0.165786|0.027540|0.103144|0.017134|0.001487|0.000296|0.000925|0.000184|0.081108|0.016143|0.050461|0.010043|0.003292|0.000547|0.002048|0.000340|0.179602|0.029835|0.111739|0.018562|0.001611|0.000321|0.001002|0.000199|0.087867|0.017488|0.054667|0.010880,1.0321943873590066e-16
500,IDENTIFY43|TRY11|IDENTIFY55|SNode_97|SNode_131,220,121,0.007043600082397461,0.006089210510253906,1.156734534064213,0.085703|0.038901|0.023382|0.010612|0.065776|0.029843|0.043309|0.019670|0.074790|0.033947|0.020404|0.009261|0.057400|0.026043|0.037794|0.017165|0.058578|0.026589|0.015981|0.007253|0.044957|0.020397|0.029603|0.013445|0.051119|0.023203|0.013946|0.006330|0.039232|0.017799|0.025834|0.011733,0.085703|0.038901|0.023382|0.010612|0.065776|0.029843|0.043309|0.019670|0.074790|0.033947|0.020404|0.009261|0.057400|0.026043|0.037794|0.017165|0.058578|0.026589|0.015981|0.007253|0.044957|0.020397|0.029603|0.013445|0.051119|0.023203|0.013946|0.006330|0.039232|0.017799|0.025834|0.011733,0.0
500,MAXIMIZE34|GOAL_114|APPLY61|SNode_3|SNode_10,220,118,0.006588459014892578,0.005539655685424805,1.1893264471702174,0.000061|0.003349|0.003349|0.182700|0.000061|0.003318|0.003319|0.181025|0.000024|0.001336|0.001336|0.072900|0.000024|0.001330|0.001328|0.072538|0.000055|0.002986|0.002986|0.162884|0.000054|0.002954|0.002956|0.161148|0.000022|0.001203|0.001203|0.065607|0.000022|0.001201|0.001199|0.065522,0.000061|0.003349|0.003349|0.182700|0.000061|0.003318|0.003319|0.181025|0.000024|0.001336|0.001336|0.072900|0.000024|0.001330|0.001328|0.072538|0.000055|0.002986|0.002986|0.162884|0.000054|0.002954|0.002956|0.161148|0.000022|0.001203|0.001203|0.065607|0.000022|0.001201|0.001199|0.065522,9.421627554211718e-17
500,SNode_152|SNode_100|CHOOSE35|SNode_93|SNode_5,220,116,0.006655216217041016,0.005826711654663086,1.142190760669422,0.002487|0.152962|0.000918|0.056437|0.002428|0.149334|0.000896|0.055098|0.000950|0.058404|0.000368|0.022623|0.000927|0.057019|0.000359|0.022086|0.001772|0.108967|0.000659|0.040528|0.001730|0.106382|0.000643|0.039567|0.000678|0.041672|0.000265|0.016313|0.000662|0.040684|0.000259|0.015926,0.002487|0.152962|0.000918|0.056437|0.002428|0.149334|0.000896|0.055098|0.000950|0.058404|0.000368|0.022623|0.000927|0.057019|0.000359|0.022086|0.001772|0.108967|0.000659|0.040528|0.001730|0.106382|0.000643|0.039567|0.000678|0.041672|0.000265|0.016313|0.000662|0.040684|0.000259|0.015926,0.0
500,SNode_133|GOAL72|SNode_74|SNode_29|DISPLACEM0,220,122,0.007048130035400391,0.006229877471923828,1.1313432835820896,0.095322|0.096859|0.059285|0.060241|0.011574|0.011760|0.007239|0.007356|0.089410|0.090852|0.055608|0.056505|0.010856|0.011031|0.006790|0.006900|0.044821|0.045544|0.027863|0.028313|0.006042|0.006140|0.003790|0.003852|0.042042|0.042720|0.026135|0.026557|0.005668|0.005759|0.003555|0.003613,0.095322|0.096859|0.059285|0.060241|0.011574|0.011760|0.007239|0.007356|0.089410|0.090852|0.055608|0.056505|0.010856|0.011031|0.006790|0.006900|0.044821|0.045544|0.027863|0.028313|0.006042|0.006140|0.003790|0.003852|0.042042|0.042720|0.026135|0.026557|0.005668|0.005759|0.003555|0.003613,1.1527366690959568e-17
500,SNode_120|WRITE30|SNode_38|SNode_34|TRY25,220,134,0.007873773574829102,0.00693058967590332,1.1360899927758092,0.012206|0.101610|0.018885|0.157207|0.006624|0.057212|0.010249|0.088518|0.012012|0.099994|0.018585|0.154707|0.006519|0.056307|0.010086|0.087118|0.001389|0.011563|0.002150|0.017890|0.000754|0.006507|0.001166|0.010068|0.001367|0.011379|0.002116|0.017606|0.000742|0.006404|0.001148|0.009909,0.012206|0.101610|0.018885|0.157207|0.006624|0.057212|0.010249|0.088518|0.012012|0.099994|0.018585|0.154707|0.006519|0.056307|0.010086|0.087118|0.001389|0.011563|0.002150|0.017890|0.000754|0.006507|0.001166|0.010068|0.001367|0.011379|0.002116|0.017606|0.000742|0.006404|0.001148|0.009909,1.3970086323970127e-17
500,CHOOSE35|SNode_91|RApp12|NEED36|FIND58,220,138,0.008413314819335938,0.0075016021728515625,1.121535723366387,0.121711|0.054172|0.117762|0.052414|0.011184|0.004978|0.010941|0.004870|0.041191|0.018333|0.039859|0.017741|0.003792|0.001688|0.003713|0.001652|0.118824|0.052887|0.114969|0.051171|0.010919|0.004860|0.010682|0.004754|0.040214|0.017899|0.038913|0.017320|0.003702|0.001648|0.003625|0.001613,0.121711|0.054172|0.117762|0.052414|0.011184|0.004978|0.010941|0.004870|0.041191|0.018333|0.039859|0.017741|0.003792|0.001688|0.003713|0.001652|0.118824|0.052887|0.114969|0.051171|0.010919|0.004860|0.010682|0.004754|0.040214|0.017899|0.038913|0.017320|0.003702|0.001648|0.003625|0.001613,0.0
500,TRY24|TRY26|RApp11|TRY15|WEIGHT57,220,139,0.008173465728759766,0.007381916046142578,1.1072282152315742,0.014397|0.033275|0.009518|0.021999|0.001698|0.003925|0.001122|0.002595|0.002191|0.005064|0.001448|0.003348|0.000258|0.000597|0.000171|0.000395|0.000565|0.001305|0.000373|0.000863|0.000067|0.000154|0.000044|0.000102|0.145471|0.336210|0.096175|0.222278|0.017158|0.039667|0.011344|0.026225,0.014397|0.033275|0.009518|0.021999|0.001698|0.003925|0.001122|0.002595|0.002191|0.005064|0.001448|0.003348|0.000258|0.000597|0.000171|0.000395|0.000565|0.001305|0.000373|0.000863|0.000067|0.000154|0.000044|0.000102|0.145471|0.336210|0.096175|0.222278|0.017158|0.039667|0.011344|0.026225,0.0
500,GOAL65|GOAL_48|SNode_15|SNode_34|SNode_41,220,10,0.0005457401275634766,0.0004444122314453125,1.2280042918454936,0.000501|0.000125|0.000142|0.000827|0.062097|0.015546|0.017590|0.102537|0.000720|0.000180|0.000204|0.001189|0.089279|0.022351|0.025290|0.147422|0.000530|0.000133|0.000150|0.000875|0.065674|0.016442|0.018603|0.108445|0.000761|0.000191|0.000216|0.001257|0.094423|0.023639|0.026747|0.155916,0.000501|0.000125|0.000142|0.000827|0.062097|0.015546|0.017590|0.102537|0.000720|0.000180|0.000204|0.001189|0.089279|0.022351|0.025290|0.147422|0.000530|0.000133|0.000150|0.000875|0.065674|0.016442|0.018603|0.108445|0.000761|0.000191|0.000216|0.001257|0.094423|0.023639|0.026747|0.155916,2.245260665849783e-18
500,NEED36|CHOOSE19|GOAL_150|SNode_52|SNode_137,220,160,0.010831594467163086,0.009565114974975586,1.132406091876667,0.110844|0.021295|0.042776|0.008218|0.034267|0.006603|0.013224|0.002548|0.115384|0.022167|0.056463|0.010848|0.035660|0.006872|0.017465|0.003365|0.104901|0.023064|0.040482|0.008901|0.032438|0.007157|0.012519|0.002762|0.109197|0.024008|0.053435|0.011749|0.033758|0.007448|0.016533|0.003648,0.110844|0.021295|0.042776|0.008218|0.034267|0.006603|0.013224|0.002548|0.115384|0.022167|0.056463|0.010848|0.035660|0.006872|0.017465|0.003365|0.104901|0.023064|0.040482|0.008901|0.032438|0.007157|0.012519|0.002762|0.109197|0.024008|0.053435|0.011749|0.033758|0.007448|0.016533|0.003648,0.0
500,GOAL_142|SNode_122|SNode_11|COMPO16|NEWTONS45,220,137,0.008461236953735352,0.0074481964111328125,1.13601152368758,0.003255|0.003028|0.003127|0.002909|0.132353|0.123146|0.127148|0.118300|0.001619|0.001506|0.001556|0.001447|0.065829|0.061256|0.063259|0.058864|0.000971|0.000904|0.000933|0.000868|0.039499|0.036754|0.037947|0.035311|0.000496|0.000461|0.000476|0.000443|0.020159|0.018764|0.019374|0.018035,0.003255|0.003028|0.003127|0.002909|0.132353|0.123146|0.127148|0.118300|0.001619|0.001506|0.001556|0.001447|0.065829|0.061256|0.063259|0.058864|0.000971|0.000904|0.000933|0.000868|0.039499|0.036754|0.037947|0.035311|0.000496|0.000461|0.000476|0.000443|0.020159|0.018764|0.019374|0.018035,0.0
500,GOAL_50|GIVEN21|SNode_151|GOAL_57|GRAV78,220,162,0.010762691497802734,0.010233640670776367,1.0516972252638446,0.016697|0.012480|0.006647|0.004968|0.001986|0.005186|0.000791|0.002065|0.186930|0.139709|0.074417|0.055614|0.022234|0.058060|0.008851|0.023118|0.009529|0.007118|0.004794|0.003580|0.001133|0.002964|0.000570|0.001492|0.106684|0.079686|0.053670|0.040082|0.012686|0.033181|0.006381|0.016698,0.016697|0.012480|0.006647|0.004968|0.001986|0.005186|0.000791|0.002065|0.186930|0.139709|0.074417|0.055614|0.022234|0.058060|0.008851|0.023118|0.009529|0.007118|0.004794|0.003580|0.001133|0.002964|0.000570|0.001492|0.106684|0.079686|0.053670|0.040082|0.012686|0.033181|0.006381|0.016698,0.0
500,VECTOR44|VALUE3|SNode_117|TRY25|NEED67,220,122,0.006808280944824219,0.005881071090698242,1.1576600316211942,0.010360|0.009563|0.087363|0.080643|0.005289|0.004883|0.044626|0.041193|0.008615|0.007952|0.072642|0.067055|0.004398|0.004060|0.037106|0.034252|0.009563|0.008828|0.080642|0.074439|0.004883|0.004507|0.041194|0.038025|0.007952|0.007340|0.067054|0.061896|0.004060|0.003748|0.034253|0.031618,0.010360|0.009563|0.087363|0.080643|0.005289|0.004883|0.044626|0.041193|0.008615|0.007952|0.072642|0.067055|0.004398|0.004060|0.037106|0.034252|0.009563|0.008828|0.080642|0.074439|0.004883|0.004507|0.041194|0.038025|0.007952|0.007340|0.067054|0.061896|0.004060|0.003748|0.034253|0.031618,2.798116180193097e-16
500,GOAL_103|TRY24|SNode_29|SNode_59|RESOLVE37,220,108,0.0060350894927978516,0.0052127838134765625,1.1577478960848884,0.017609|0.015491|0.008388|0.007379|0.010919|0.009605|0.005260|0.004627|0.150360|0.132271|0.071610|0.062995|0.093219|0.082005|0.044904|0.039502|0.005047|0.004440|0.002404|0.002115|0.003129|0.002753|0.001508|0.001326|0.049108|0.043200|0.023399|0.020584|0.030457|0.026793|0.014679|0.012913,0.017609|0.015491|0.008388|0.007379|0.010919|0.009605|0.005260|0.004627|0.150360|0.132271|0.071610|0.062995|0.093219|0.082005|0.044904|0.039502|0.005047|0.004440|0.002404|0.002115|0.003129|0.002753|0.001508|0.001326|0.049108|0.043200|0.023399|0.020584|0.030457|0.026793|0.014679|0.012913,-5.078848379727071e-17
500,WRITE31|RApp2|DISPLACEM0|VECTOR70|SNode_118,220,125,0.007202625274658203,0.006266117095947266,1.1494559013773686,0.000477|0.000168|0.003412|0.001061|0.000485|0.000171|0.003467|0.001079|0.023367|0.008236|0.167201|0.052013|0.023744|0.008369|0.169898|0.052852|0.000447|0.000158|0.003201|0.000996|0.000455|0.000160|0.003252|0.001012|0.021918|0.007725|0.156832|0.048787|0.022271|0.007850|0.159362|0.049574,0.000477|0.000168|0.003412|0.001061|0.000485|0.000171|0.003467|0.001079|0.023367|0.008236|0.167201|0.052013|0.023744|0.008369|0.169898|0.052852|0.000447|0.000158|0.003201|0.000996|0.000455|0.000160|0.003252|0.001012|0.021918|0.007725|0.156832|0.048787|0.022271|0.007850|0.159362|0.049574,1.1146295315151214e-16
500,SNode_33|SNode_112|SNode_75|SNode_55|IDENTIFY22,220,121,0.0068454742431640625,0.0060024261474609375,1.140451223387353,0.018556|0.015934|0.005505|0.004727|0.002952|0.002535|0.001103|0.000947|0.012668|0.010878|0.003718|0.003193|0.002231|0.001916|0.000859|0.000737|0.189152|0.162431|0.058526|0.050259|0.030084|0.025835|0.011720|0.010065|0.129378|0.111102|0.039611|0.034015|0.022789|0.019570|0.009148|0.007856,0.018556|0.015934|0.005505|0.004727|0.002952|0.002535|0.001103|0.000947|0.012668|0.010878|0.003718|0.003193|0.002231|0.001916|0.000859|0.000737|0.189152|0.162431|0.058526|0.050259|0.030084|0.025835|0.011720|0.010065|0.129378|0.111102|0.039611|0.034015|0.022789|0.019570|0.009148|0.007856,0.0
500,GOAL_107|SNode_152|SNode_20|GOAL_150|IDENTIFY55,220,160,0.010602235794067383,0.009885787963867188,1.0724725062704996,0.068685|0.068686|0.019747|0.019746|0.107177|0.107169|0.034641|0.034648|0.041429|0.041430|0.011915|0.011914|0.064635|0.064631|0.020883|0.020887|0.018319|0.018319|0.005265|0.005265|0.028569|0.028567|0.009244|0.009247|0.020719|0.020720|0.005945|0.005944|0.032341|0.032338|0.010486|0.010489,0.068685|0.068686|0.019747|0.019746|0.107177|0.107169|0.034641|0.034648|0.041429|0.041430|0.011915|0.011914|0.064635|0.064631|0.020883|0.020887|0.018319|0.018319|0.005265|0.005265|0.028569|0.028567|0.009244|0.009247|0.020719|0.020720|0.005945|0.005944|0.032341|0.032338|0.010486|0.010489,0.0
500,WRITE64|WRITE30|RApp4|SNode_94|GOAL_108,220,114,0.006426572799682617,0.0057201385498046875,1.1234994998332777,0.072847|0.014361|0.033138|0.006513|0.080543|0.015878|0.036639|0.007201|0.071688|0.014133|0.032615|0.006410|0.079262|0.015626|0.036061|0.007087|0.048700|0.028635|0.021841|0.013321|0.053845|0.031661|0.024149|0.014728|0.047925|0.028180|0.021496|0.013111|0.052988|0.031157|0.023767|0.014496,0.072847|0.014361|0.033138|0.006513|0.080543|0.015878|0.036639|0.007201|0.071688|0.014133|0.032615|0.006410|0.079262|0.015626|0.036061|0.007087|0.048700|0.028635|0.021841|0.013321|0.053845|0.031661|0.024149|0.014728|0.047925|0.028180|0.021496|0.013111|0.052988|0.031157|0.023767|0.014496,0.0
500,NEED1|SLIDING4|RESOLVE37|SNode_75|GOAL_121,220,117,0.006902456283569336,0.005568981170654297,1.2394468704512374,0.014066|0.006762|0.002489|0.001197|0.012374|0.005949|0.002189|0.001053|0.132372|0.063767|0.023417|0.011290|0.116447|0.056096|0.020600|0.009932|0.015239|0.007326|0.002696|0.001297|0.013405|0.006445|0.002372|0.001141|0.143403|0.069081|0.025368|0.012231|0.126151|0.060770|0.022316|0.010759,0.014066|0.006762|0.002489|0.001197|0.012374|0.005949|0.002189|0.001053|0.132372|0.063767|0.023417|0.011290|0.116447|0.056096|0.020600|0.009932|0.015239|0.007326|0.002696|0.001297|0.013405|0.006445|0.002372|0.001141|0.143403|0.069081|0.025368|0.012231|0.126151|0.060770|0.022316|0.010759,-6.496092607102965e-17
500,SNode_122|TRY76|SNode_51|SNode_116|SNode_24,220,135,0.008030891418457031,0.0071258544921875,1.127007494646681,0.142983|0.057911|0.018400|0.007456|0.052852|0.021406|0.006802|0.002756|0.163847|0.066362|0.021085|0.008544|0.060565|0.024530|0.007795|0.003159|0.070868|0.028702|0.009900|0.004013|0.026196|0.010610|0.003660|0.001483|0.081209|0.032891|0.011345|0.004598|0.030019|0.012158|0.004194|0.001700,0.142983|0.057911|0.018400|0.007456|0.052852|0.021406|0.006802|0.002756|0.163847|0.066362|0.021085|0.008544|0.060565|0.024530|0.007795|0.003159|0.070868|0.028702|0.009900|0.004013|0.026196|0.010610|0.003660|0.001483|0.081209|0.032891|0.011345|0.004598|0.030019|0.012158|0.004194|0.001700,0.0
500,SNode_67|RApp3|VECTOR27|GOAL_146|GOAL_98,220,136,0.008365631103515625,0.007744312286376953,1.0802290499353489,0.189581|0.067941|0.039455|0.014161|0.156205|0.059655|0.032519|0.012428|0.043091|0.015443|0.008967|0.003219|0.035504|0.013559|0.007391|0.002825|0.080253|0.028782|0.016806|0.006041|0.066096|0.025298|0.013846|0.005308|0.018413|0.006604|0.003856|0.001386|0.015165|0.005805|0.003177|0.001218,0.189581|0.067941|0.039455|0.014161|0.156205|0.059655|0.032519|0.012428|0.043091|0.015443|0.008967|0.003219|0.035504|0.013559|0.007391|0.002825|0.080253|0.028782|0.016806|0.006041|0.066096|0.025298|0.013846|0.005308|0.018413|0.006604|0.003856|0.001386|0.015165|0.005805|0.003177|0.001218,1.0766668315764241e-16
500,GOAL_61|SNode_128|CHOOSE47|SNode_154|WEIGHT56,220,124,0.007313728332519531,0.006249189376831055,1.1703483270382664,0.047977|0.125718|0.021415|0.056142|0.042546|0.111471|0.018991|0.049783|0.025933|0.068086|0.015723|0.041355|0.022997|0.060385|0.013943|0.036685|0.015210|0.039851|0.006791|0.017803|0.013488|0.035335|0.006023|0.015787|0.008233|0.021616|0.004998|0.013148|0.007301|0.019171|0.004432|0.011664,0.047977|0.125718|0.021415|0.056142|0.042546|0.111471|0.018991|0.049783|0.025933|0.068086|0.015723|0.041355|0.022997|0.060385|0.013943|0.036685|0.015210|0.039851|0.006791|0.017803|0.013488|0.035335|0.006023|0.015787|0.008233|0.021616|0.004998|0.013148|0.007301|0.019171|0.004432|0.011664,0.0
500,RApp11|APPLY77|GOAL_84|FORCE60|GIVEN21,220,136,0.008262395858764648,0.0073587894439697266,1.122792807387008,0.004227|0.047317|0.018256|0.204364|0.002531|0.028327|0.010930|0.122343|0.004399|0.049248|0.019001|0.212706|0.002634|0.029483|0.011376|0.127337|0.000479|0.005362|0.002068|0.023164|0.000318|0.003560|0.001373|0.015382|0.000498|0.005581|0.002152|0.024109|0.000331|0.003706|0.001429|0.016010,0.004227|0.047317|0.018256|0.204364|0.002531|0.028327|0.010930|0.122343|0.004399|0.049248|0.019001|0.212706|0.002634|0.029483|0.011376|0.127337|0.000479|0.005362|0.002068|0.023164|0.000318|0.003560|0.001373|0.015382|0.000498|0.005581|0.002152|0.024109|0.000331|0.003706|0.001429|0.016010,0.0
500,GOAL_129|SNode_71|SNode_132|RApp6|SNode_74,220,127,0.007704973220825195,0.006758689880371094,1.140009877240017,0.394588|0.048656|0.051472|0.006475|0.041507|0.005174|0.005421|0.000690|0.069826|0.009536|0.009683|0.001498|0.007484|0.001034|0.001042|0.000164|0.202400|0.024903|0.026391|0.003312|0.028029|0.003540|0.003708|0.000479|0.035684|0.004862|0.004944|0.000763|0.005166|0.000723|0.000731|0.000117,0.394588|0.048656|0.051472|0.006475|0.041507|0.005174|0.005421|0.000690|0.069826|0.009536|0.009683|0.001498|0.007484|0.001034|0.001042|0.000164|0.202400|0.024903|0.026391|0.003312|0.028029|0.003540|0.003708|0.000479|0.035684|0.004862|0.004944|0.000763|0.005166|0.000723|0.000731|0.000117,0.0
500,GOAL_114|SNode_4|SNode_64|GOAL_49|GOAL_79,220,118,0.006704092025756836,0.0057525634765625,1.1654094827586208,0.004407|0.001355|0.002812|0.000865|0.001574|0.000490|0.001018|0.000317|0.242600|0.071724|0.154789|0.045807|0.086337|0.026279|0.055792|0.017039|0.001772|0.000545|0.001131|0.000348|0.000633|0.000197|0.000409|0.000128|0.097527|0.028862|0.062235|0.018435|0.034708|0.010575|0.022433|0.006857,0.004407|0.001355|0.002812|0.000865|0.001574|0.000490|0.001018|0.000317|0.242600|0.071724|0.154789|0.045807|0.086337|0.026279|0.055792|0.017039|0.001772|0.000545|0.001131|0.000348|0.000633|0.000197|0.000409|0.000128|0.097527|0.028862|0.062235|0.018435|0.034708|0.010575|0.022433|0.006857,0.0
500,GOAL_80|GOAL_143|GOAL_110|VECTOR27|WEIGHT57,220,131,0.007994890213012695,0.007145881652832031,1.1188108901641531,0.072289|0.167250|0.060573|0.140146|0.031211|0.072132|0.026183|0.060512|0.015171|0.034893|0.012714|0.029239|0.006434|0.014875|0.005398|0.012479|0.022585|0.052239|0.018927|0.043779|0.009776|0.022578|0.008198|0.018934|0.004786|0.011024|0.004011|0.009239|0.002036|0.004722|0.001707|0.003960,0.072289|0.167250|0.060573|0.140146|0.031211|0.072132|0.026183|0.060512|0.015171|0.034893|0.012714|0.029239|0.006434|0.014875|0.005398|0.012479|0.022585|0.052239|0.018927|0.043779|0.009776|0.022578|0.008198|0.018934|0.004786|0.011024|0.004011|0.009239|0.002036|0.004722|0.001707|0.003960,0.0
500,GOAL_79|KNOWN6|SNode_34|IDENTIFY41|GRAV2,220,78,0.003460407257080078,0.003640413284301758,0.9505534088676403,0.036112|0.039437|0.033863|0.036980|0.055849|0.060989|0.052365|0.057185|0.038499|0.042043|0.036101|0.039424|0.059536|0.065016|0.055820|0.060958|0.010754|0.011744|0.010098|0.011027|0.016662|0.018196|0.015649|0.017090|0.011466|0.012521|0.010766|0.011757|0.017770|0.019405|0.016691|0.018228,0.036112|0.039437|0.033863|0.036980|0.055849|0.060989|0.052365|0.057185|0.038499|0.042043|0.036101|0.039424|0.059536|0.065016|0.055820|0.060958|0.010754|0.011744|0.010098|0.011027|0.016662|0.018196|0.015649|0.017090|0.011466|0.012521|0.010766|0.011757|0.017770|0.019405|0.016691|0.018228,-7.877543033281325e-17
500,NORMAL52|GRAV78|GOAL_66|RApp9|NEED67,220,118,0.0066907405853271484,0.0057909488677978516,1.155378978138252,0.137260|0.093444|0.000000|0.033257|0.042887|0.029195|0.000000|0.010393|0.129782|0.088353|0.000000|0.031446|0.040551|0.027605|0.000000|0.009827|0.066390|0.045197|0.000000|0.016086|0.020744|0.014121|0.000000|0.005027|0.062773|0.042735|0.000000|0.015210|0.019614|0.013352|0.000000|0.004753,0.137260|0.093444|0.000000|0.033257|0.042887|0.029195|0.000000|0.010393|0.129782|0.088353|0.000000|0.031446|0.040551|0.027605|0.000000|0.009827|0.066390|0.045197|0.000000|0.016086|0.020744|0.014121|0.000000|0.005027|0.062773|0.042735|0.000000|0.015210|0.019614|0.013352|0.000000|0.004753,-3.4879636978148256e-17
500,GRAV2|SNode_116|SNode_118|GOAL72|SUM75,220,136,0.008031845092773438,0.007225751876831055,1.1115583858514535,0.084662|0.080693|0.079411|0.075689|0.026861|0.025602|0.025195|0.024014|0.011287|0.010758|0.010587|0.010091|0.003474|0.003311|0.003259|0.003106|0.092455|0.088121|0.086721|0.082656|0.029333|0.027958|0.027514|0.026224|0.012326|0.011748|0.011562|0.011020|0.003794|0.003616|0.003559|0.003392,0.084662|0.080693|0.079411|0.075689|0.026861|0.025602|0.025195|0.024014|0.011287|0.010758|0.010587|0.010091|0.003474|0.003311|0.003259|0.003106|0.092455|0.088121|0.086721|0.082656|0.029333|0.027958|0.027514|0.026224|0.012326|0.011748|0.011562|0.011020|0.003794|0.003616|0.003559|0.003392,0.0
500,IDENTIFY10|INCLINE51|GOAL_72|SNode_37|RApp9,220,121,0.0069348812103271484,0.005980968475341797,1.1594913497568364,0.160769|0.023162|0.072557|0.010470|0.045355|0.006538|0.020570|0.002970|0.077761|0.011203|0.035094|0.005064|0.021937|0.003163|0.009949|0.001437|0.155259|0.022368|0.070070|0.010111|0.044371|0.006397|0.020125|0.002906|0.075096|0.010819|0.033892|0.004891|0.021462|0.003094|0.009734|0.001406,0.160769|0.023162|0.072557|0.010470|0.045355|0.006538|0.020570|0.002970|0.077761|0.011203|0.035094|0.005064|0.021937|0.003163|0.009949|0.001437|0.155259|0.022368|0.070070|0.010111|0.044371|0.006397|0.020125|0.002906|0.075096|0.010819|0.033892|0.004891|0.021462|0.003094|0.009734|0.001406,0.0
500,MAXIMIZE34|SNode_119|KINEMATI17|TRY25|RESOLVE38,220,131,0.007637977600097656,0.006862163543701172,1.113056771593357,0.012015|0.012015|0.101335|0.101335|0.012912|0.012912|0.108903|0.108903|0.001473|0.001473|0.012425|0.012425|0.001583|0.001583|0.013353|0.013353|0.010740|0.010740|0.090579|0.090579|0.011542|0.011542|0.097345|0.097345|0.001318|0.001318|0.011115|0.011115|0.001416|0.001416|0.011945|0.011945,0.012015|0.012015|0.101335|0.101335|0.012912|0.012912|0.108903|0.108903|0.001473|0.001473|0.012425|0.012425|0.001583|0.001583|0.013353|0.013353|0.010740|0.010740|0.090579|0.090579|0.011542|0.011542|0.097345|0.097345|0.001318|0.001318|0.011115|0.011115|0.001416|0.001416|0.011945|0.011945,0.0
500,SNode_128|APPLY32|SNode_91|GOAL_143|GOAL_114,220,142,0.008975028991699219,0.008512735366821289,1.0543061195910937,0.130771|0.050636|0.027530|0.010314|0.044238|0.017133|0.009317|0.003495|0.147466|0.057100|0.031045|0.011631|0.049886|0.019321|0.010507|0.003942|0.076124|0.032977|0.016019|0.006764|0.025780|0.011177|0.005427|0.002297|0.085842|0.037187|0.018064|0.007627|0.029071|0.012603|0.006120|0.002590,0.130771|0.050636|0.027530|0.010314|0.044238|0.017133|0.009317|0.003495|0.147466|0.057100|0.031045|0.011631|0.049886|0.019321|0.010507|0.003942|0.076124|0.032977|0.016019|0.006764|0.025780|0.011177|0.005427|0.002297|0.085842|0.037187|0.018064|0.007627|0.029071|0.012603|0.006120|0.002590,0.0
500,GOAL_130|GRAV2|SNode_70|GOAL_149|SNode_3,220,153,0.010756492614746094,0.009625673294067383,1.1174795036286627,0.002337|0.127518|0.001817|0.099117|0.001054|0.057500|0.000820|0.044728|0.002553|0.139256|0.001984|0.108241|0.001151|0.062792|0.000895|0.048845|0.000997|0.054389|0.000778|0.042459|0.000449|0.024515|0.000351|0.019171|0.001089|0.059395|0.000850|0.046367|0.000491|0.026771|0.000384|0.020935,0.002337|0.127518|0.001817|0.099117|0.001054|0.057500|0.000820|0.044728|0.002553|0.139256|0.001984|0.108241|0.001151|0.062792|0.000895|0.048845|0.000997|0.054389|0.000778|0.042459|0.000449|0.024515|0.000351|0.019171|0.001089|0.059395|0.000850|0.046367|0.000491|0.026771|0.000384|0.020935,-1.9680518411796778e-16
500,CHOOSE62|SNode_124|GOAL_103|SNode_60|SNode_38,220,131,0.007805824279785156,0.006929874420166016,1.1264019816968278,0.129688|0.071874|0.094187|0.052203|0.041424|0.023211|0.030081|0.016843|0.014778|0.008800|0.010733|0.006393|0.004865|0.003101|0.003545|0.002272|0.122623|0.067959|0.089056|0.049359|0.039105|0.021837|0.028362|0.015782|0.013973|0.008321|0.010149|0.006045|0.004662|0.003041|0.003433|0.002292,0.129688|0.071874|0.094187|0.052203|0.041424|0.023211|0.030081|0.016843|0.014778|0.008800|0.010733|0.006393|0.004865|0.003101|0.003545|0.002272|0.122623|0.067959|0.089056|0.049359|0.039105|0.021837|0.028362|0.015782|0.013973|0.008321|0.010149|0.006045|0.004662|0.003041|0.003433|0.002292,0.0
500,GRAV78|CHOOSE62|NORMAL50|SNode_95|SNode_135,220,130,0.0076141357421875,0.006739377975463867,1.1297979976651218,0.069960|0.007560|0.042112|0.004540|0.078916|0.008500|0.047525|0.005083|0.066147|0.007150|0.039817|0.004295|0.074614|0.008040|0.044933|0.004810|0.066149|0.007148|0.039818|0.004293|0.074617|0.008037|0.044936|0.004806|0.062543|0.006761|0.037648|0.004061|0.070549|0.007602|0.042485|0.004548,0.069960|0.007560|0.042112|0.004540|0.078916|0.008500|0.047525|0.005083|0.066147|0.007150|0.039817|0.004295|0.074614|0.008040|0.044933|0.004810|0.066149|0.007148|0.039818|0.004293|0.074617|0.008037|0.044936|0.004806|0.062543|0.006761|0.037648|0.004061|0.070549|0.007602|0.042485|0.004548,-6.339169355251626e-17
500,GOAL_146|FORCE60|GOAL_66|SNode_34|GOAL_127,220,134,0.008524894714355469,0.00723719596862793,1.1779278537308515,0.034362|0.012246|0.053020|0.018895|0.010662|0.003800|0.016640|0.005930|0.148341|0.052958|0.228883|0.081716|0.046029|0.016433|0.071833|0.025648|0.007072|0.002649|0.010912|0.004088|0.002194|0.000822|0.003425|0.001283|0.030533|0.011459|0.047114|0.017685|0.009474|0.003556|0.014786|0.005551,0.034362|0.012246|0.053020|0.018895|0.010662|0.003800|0.016640|0.005930|0.148341|0.052958|0.228883|0.081716|0.046029|0.016433|0.071833|0.025648|0.007072|0.002649|0.010912|0.004088|0.002194|0.000822|0.003425|0.001283|0.030533|0.011459|0.047114|0.017685|0.009474|0.003556|0.014786|0.005551,0.0
500,SNode_102|GOAL_50|SNode_155|CHOOSE47|WRITE63,220,124,0.007363080978393555,0.006478071212768555,1.136616245261492,0.115062|0.119685|0.101398|0.105469|0.014129|0.014779|0.012431|0.013006|0.070584|0.073421|0.062189|0.064686|0.008667|0.009065|0.007623|0.007976|0.028289|0.029400|0.025748|0.026755|0.003470|0.003655|0.003152|0.003325|0.017368|0.018050|0.015822|0.016440|0.002130|0.002245|0.001937|0.002043,0.115062|0.119685|0.101398|0.105469|0.014129|0.014779|0.012431|0.013006|0.070584|0.073421|0.062189|0.064686|0.008667|0.009065|0.007623|0.007976|0.028289|0.029400|0.025748|0.026755|0.003470|0.003655|0.003152|0.003325|0.017368|0.018050|0.015822|0.016440|0.002130|0.002245|0.001937|0.002043,0.0
1000,EQUAL71|NORMAL50|IDENTIFY59|IDENTIFY22|SNode_55,220,25,0.0010330677032470703,0.0008716583251953125,1.1851750547045952,0.035115|0.012029|0.035256|0.012078|0.037587|0.012876|0.037738|0.012928|0.035256|0.012078|0.035397|0.012126|0.037738|0.012928|0.037889|0.012980|0.054465|0.018658|0.054683|0.018733|0.058299|0.019971|0.058532|0.020051|0.054683|0.018733|0.054902|0.018808|0.058532|0.020051|0.058767|0.020132,0.035115|0.012029|0.035256|0.012078|0.037587|0.012876|0.037738|0.012928|0.035256|0.012078|0.035397|0.012126|0.037738|0.012928|0.037889|0.012980|0.054465|0.018658|0.054683|0.018733|0.058299|0.019971|0.058532|0.020051|0.054683|0.018733|0.054902|0.018808|0.058532|0.020051|0.058767|0.020132,1.2541163469113665e-16
1000,SNode_51|CHOOSE35|GIVEN21|APPLY61|GOAL65,220,16,0.0007026195526123047,0.0005483627319335938,1.281304347826087,0.009654|0.009888|0.009654|0.009888|0.082289|0.084288|0.082289|0.084288|0.009693|0.009928|0.009693|0.009928|0.082618|0.084625|0.082618|0.084625|0.003288|0.003367|0.003288|0.003367|0.028023|0.028703|0.028023|0.028703|0.003301|0.003381|0.003301|0.003381|0.028135|0.028819|0.028135|0.028819,0.009654|0.009888|0.009654|0.009888|0.082289|0.084288|0.082289|0.084288|0.009693|0.009928|0.009693|0.009928|0.082618|0.084625|0.082618|0.084625|0.003288|0.003367|0.003288|0.003367|0.028023|0.028703|0.028023|0.028703|0.003301|0.003381|0.003301|0.003381|0.028135|0.028819|0.028135|0.028819,2.0197480127731318e-16
1000,CHOOSE47|GOAL_79|WRITE30|RApp10|SNode_125,220,125,0.0074651241302490234,0.006427764892578125,1.161387240356083,0.129730|0.030291|0.019352|0.006897|0.139873|0.032658|0.020853|0.007432|0.033370|0.007812|0.005002|0.001793|0.036111|0.008455|0.005426|0.001945|0.136645|0.031914|0.020386|0.007270|0.147329|0.034408|0.021967|0.007834|0.035146|0.008232|0.005270|0.001891|0.038034|0.008909|0.005716|0.002051,0.129730|0.030291|0.019352|0.006897|0.139873|0.032658|0.020853|0.007432|0.033370|0.007812|0.005002|0.001793|0.036111|0.008455|0.005426|0.001945|0.136645|0.031914|0.020386|0.007270|0.147329|0.034408|0.021967|0.007834|0.035146|0.008232|0.005270|0.001891|0.038034|0.008909|0.005716|0.002051,4.298888938398361e-17
1000,SNode_131|GRAV78|SNode_125|GOAL_62|SNode_7,220,129,0.007323741912841797,0.006465435028076172,1.132753152887381,0.003006|0.181241|0.001215|0.078399|0.000724|0.043612|0.000293|0.018879|0.003218|0.193999|0.001301|0.083918|0.000775|0.046682|0.000313|0.020208|0.001397|0.084236|0.000565|0.036440|0.000376|0.022655|0.000152|0.009810|0.001496|0.090165|0.000605|0.039005|0.000402|0.024250|0.000163|0.010500,0.003006|0.181241|0.001215|0.078399|0.000724|0.043612|0.000293|0.018879|0.003218|0.193999|0.001301|0.083918|0.000775|0.046682|0.000313|0.020208|0.001397|0.084236|0.000565|0.036440|0.000376|0.022655|0.000152|0.009810|0.001496|0.090165|0.000605|0.039005|0.000402|0.024250|0.000163|0.010500,5.255241075718393e-17
1000,SNode_136|WRITE64|SNode_34|VAR20|HORIZ53,220,132,0.007695913314819336,0.00671696662902832,1.1457423774535904,0.027918|0.027365|0.067690|0.066350|0.039934|0.039143|0.096825|0.094908|0.026080|0.025563|0.063234|0.061982|0.037305|0.036566|0.090451|0.088660|0.003268|0.003204|0.007925|0.007768|0.004675|0.004583|0.011335|0.011111|0.003407|0.003340|0.008261|0.008098|0.004874|0.004777|0.011818|0.011584,0.027918|0.027365|0.067690|0.066350|0.039934|0.039143|0.096825|0.094908|0.026080|0.025563|0.063234|0.061982|0.037305|0.036566|0.090451|0.088660|0.003268|0.003204|0.007925|0.007768|0.004675|0.004583|0.011335|0.011111|0.003407|0.003340|0.008261|0.008098|0.004874|0.004777|0.011818|0.011584,-1.0008216661121041e-16
1000,SYSTEM46|SNode_26|SNode_54|GRAV2|GOAL_56,220,25,0.0010690689086914062,0.000980377197265625,1.0904669260700388,0.056504|0.017689|0.056958|0.017831|0.023559|0.008935|0.023748|0.009006|0.079856|0.025000|0.080498|0.025201|0.033296|0.012627|0.033563|0.012728|0.052788|0.016526|0.053212|0.016659|0.022010|0.008347|0.022187|0.008414|0.074605|0.023356|0.075204|0.023544|0.031106|0.011797|0.031356|0.011891,0.056504|0.017689|0.056958|0.017831|0.023559|0.008935|0.023748|0.009006|0.079856|0.025000|0.080498|0.025201|0.033296|0.012627|0.033563|0.012728|0.052788|0.016526|0.053212|0.016659|0.022010|0.008347|0.022187|0.008414|0.074605|0.023356|0.075204|0.023544|0.031106|0.011797|0.031356|0.011891,-1.3367104033960839e-16
1000,GOAL_81|SNode_24|GOAL_114|SNode_27|RApp11,220,141,0.008912086486816406,0.0076007843017578125,1.1725219573400252,0.093907|0.008035|0.189916|0.016251|0.045296|0.003936|0.091607|0.007961|0.035323|0.003022|0.071436|0.006113|0.017038|0.001481|0.034457|0.002995|0.053788|0.006337|0.108797|0.012818|0.025986|0.003133|0.052562|0.006337|0.020232|0.002384|0.040924|0.004821|0.009775|0.001179|0.019771|0.002384,0.093907|0.008035|0.189916|0.016251|0.045296|0.003936|0.091607|0.007961|0.035323|0.003022|0.071436|0.006113|0.017038|0.001481|0.034457|0.002995|0.053788|0.006337|0.108797|0.012818|0.025986|0.003133|0.052562|0.006337|0.020232|0.002384|0.040924|0.004821|0.009775|0.001179|0.019771|0.002384,1.1602233578746897e-16
1000,SNode_59|IDENTIFY39|IDENTIFY55|SNode_42|VECTOR27,220,34,0.0012769699096679688,0.0012102127075195312,1.0551615445232467,0.047345|0.046038|0.036881|0.035863|0.047345|0.046038|0.036881|0.035863|0.048109|0.046780|0.037476|0.036441|0.048109|0.046780|0.037476|0.036441|0.023333|0.022689|0.018176|0.017674|0.023333|0.022689|0.018176|0.017674|0.023710|0.023055|0.018469|0.017959|0.023710|0.023055|0.018469|0.017959,0.047345|0.046038|0.036881|0.035863|0.047345|0.046038|0.036881|0.035863|0.048109|0.046780|0.037476|0.036441|0.048109|0.046780|0.037476|0.036441|0.023333|0.022689|0.018176|0.017674|0.023333|0.022689|0.018176|0.017674|0.023710|0.023055|0.018469|0.017959|0.023710|0.023055|0.018469|0.017959,-2.700132043750352e-16
1000,GOAL_126|SNode_13|SNode_41|HORIZ53|GOAL_108,220,118,0.006875276565551758,0.0057299137115478516,1.1998918154204636,0.001900|0.000382|0.001862|0.000375|0.002852|0.000574|0.002795|0.000563|0.116839|0.023522|0.114525|0.023056|0.175378|0.035307|0.171906|0.034608|0.000382|0.000566|0.000374|0.000555|0.000573|0.000850|0.000562|0.000833|0.023492|0.034833|0.023027|0.034144|0.035262|0.052286|0.034564|0.051251,0.001900|0.000382|0.001862|0.000375|0.002852|0.000574|0.002795|0.000563|0.116839|0.023522|0.114525|0.023056|0.175378|0.035307|0.171906|0.034608|0.000382|0.000566|0.000374|0.000555|0.000573|0.000850|0.000562|0.000833|0.023492|0.034833|0.023027|0.034144|0.035262|0.052286|0.034564|0.051251,-3.481885249330591e-18
1000,VECTOR44|GOAL_72|SNode_115|SNode_52|NEWTONS74,220,120,0.006838083267211914,0.005808830261230469,1.1771876539156132,0.094182|0.090489|0.041172|0.039558|0.048953|0.047033|0.021400|0.020561|0.028643|0.027520|0.012852|0.012348|0.014888|0.014304|0.006680|0.006418|0.084532|0.081217|0.036953|0.035504|0.043937|0.042214|0.019207|0.018454|0.025708|0.024699|0.011534|0.011082|0.013363|0.012839|0.005996|0.005761,0.094182|0.090489|0.041172|0.039558|0.048953|0.047033|0.021400|0.020561|0.028643|0.027520|0.012852|0.012348|0.014888|0.014304|0.006680|0.006418|0.084532|0.081217|0.036953|0.035504|0.043937|0.042214|0.019207|0.018454|0.025708|0.024699|0.011534|0.011082|0.013363|0.012839|0.005996|0.005761,1.0480154486568528e-16
1000,SNode_47|SNode_128|SNode_65|SNode_54|KINEMATI17,220,124,0.007420063018798828,0.0065305233001708984,1.1362126245847175,0.077418|0.071889|0.032351|0.032648|0.010723|0.010001|0.004690|0.004777|0.050618|0.046997|0.021126|0.021314|0.007431|0.006935|0.003270|0.003335|0.113460|0.105346|0.047354|0.047777|0.015750|0.014700|0.006946|0.007085|0.074180|0.068864|0.030913|0.031179|0.010918|0.010198|0.004850|0.004954,0.077418|0.071889|0.032351|0.032648|0.010723|0.010001|0.004690|0.004777|0.050618|0.046997|0.021126|0.021314|0.007431|0.006935|0.003270|0.003335|0.113460|0.105346|0.047354|0.047777|0.015750|0.014700|0.006946|0.007085|0.074180|0.068864|0.030913|0.031179|0.010918|0.010198|0.004850|0.004954,2.421927059918515e-16
1000,WRITE30|SNode_125|SYSTEM18|IDENTIFY39|SNode_60,220,122,0.007107973098754883,0.006054401397705078,1.1740174844451445,0.053419|0.036882|0.054280|0.037477|0.059229|0.041381|0.060184|0.042048|0.013296|0.009249|0.013511|0.009399|0.014741|0.010379|0.014979|0.010546|0.057639|0.039795|0.058569|0.040437|0.063908|0.044650|0.064939|0.045370|0.014347|0.009980|0.014578|0.010141|0.015906|0.011199|0.016162|0.011379,0.053419|0.036882|0.054280|0.037477|0.059229|0.041381|0.060184|0.042048|0.013296|0.009249|0.013511|0.009399|0.014741|0.010379|0.014979|0.010546|0.057639|0.039795|0.058569|0.040437|0.063908|0.044650|0.064939|0.045370|0.014347|0.009980|0.014578|0.010141|0.015906|0.011199|0.016162|0.011379,1.6466521787182258e-16
1000,SNode_21|CHOOSE47|RApp4|SNode_25|NULL48,220,13,0.0005614757537841797,0.0004448890686035156,1.2620578778135048,0.007300|0.008037|0.061410|0.067602|0.006918|0.007616|0.058195|0.064064|0.007690|0.008466|0.064688|0.071211|0.007288|0.008022|0.061302|0.067484|0.005345|0.005884|0.044965|0.049500|0.005066|0.005576|0.042612|0.046909|0.005631|0.006199|0.047366|0.052142|0.005336|0.005874|0.044887|0.049413,0.007300|0.008037|0.061410|0.067602|0.006918|0.007616|0.058195|0.064064|0.007690|0.008466|0.064688|0.071211|0.007288|0.008022|0.061302|0.067484|0.005345|0.005884|0.044965|0.049500|0.005066|0.005576|0.042612|0.046909|0.005631|0.006199|0.047366|0.052142|0.005336|0.005874|0.044887|0.049413,0.0
1000,GOAL_61|WRITE64|GRAV2|SNode_47|IDENTIFY9,220,31,0.0011653900146484375,0.0011365413665771484,1.0253828403608138,0.038396|0.041264|0.056286|0.060490|0.038705|0.041595|0.056739|0.060976|0.036305|0.039016|0.053220|0.057195|0.036596|0.039330|0.053648|0.057655|0.011637|0.012506|0.017059|0.018333|0.011730|0.012607|0.017196|0.018480|0.011003|0.011825|0.016130|0.017334|0.011091|0.011920|0.016259|0.017474,0.038396|0.041264|0.056286|0.060490|0.038705|0.041595|0.056739|0.060976|0.036305|0.039016|0.053220|0.057195|0.036596|0.039330|0.053648|0.057655|0.011637|0.012506|0.017059|0.018333|0.011730|0.012607|0.017196|0.018480|0.011003|0.011825|0.016130|0.017334|0.011091|0.011920|0.016259|0.017474,1.6031932232772331e-16
1000,WEIGHT56|GIVEN21|IDENTIFY59|RESOLVE38|SYSTEM18,220,5,0.00036716461181640625,0.0002353191375732422,1.5602836879432624,0.003670|0.004089|0.003334|0.003715|0.003929|0.004377|0.003569|0.003976|0.031286|0.034857|0.028420|0.031664|0.033488|0.037311|0.030420|0.033893|0.008899|0.009915|0.008084|0.009007|0.009526|0.010613|0.008653|0.009641|0.075857|0.084517|0.068908|0.076775|0.081197|0.090467|0.073759|0.082180,0.003670|0.004089|0.003334|0.003715|0.003929|0.004377|0.003569|0.003976|0.031286|0.034857|0.028420|0.031664|0.033488|0.037311|0.030420|0.033893|0.008899|0.009915|0.008084|0.009007|0.009526|0.010613|0.008653|0.009641|0.075857|0.084517|0.068908|0.076775|0.081197|0.090467|0.073759|0.082180,-1.6751892778136448e-17
1000,SNode_21|SNode_115|WEIGHT57|SNode_73|SNode_59,220,124,0.007360219955444336,0.006115436553955078,1.2035477582846004,0.054576|0.026838|0.020237|0.010026|0.131057|0.064448|0.048597|0.024077|0.026034|0.012786|0.012846|0.006382|0.062516|0.030703|0.030848|0.015324|0.039961|0.019651|0.014818|0.007341|0.095962|0.047190|0.035584|0.017629|0.019062|0.009362|0.009406|0.004673|0.045776|0.022481|0.022587|0.011221,0.054576|0.026838|0.020237|0.010026|0.131057|0.064448|0.048597|0.024077|0.026034|0.012786|0.012846|0.006382|0.062516|0.030703|0.030848|0.015324|0.039961|0.019651|0.014818|0.007341|0.095962|0.047190|0.035584|0.017629|0.019062|0.009362|0.009406|0.004673|0.045776|0.022481|0.022587|0.011221,-8.285544762675159e-17
1000,SNode_11|SNode_17|SNode_54|TRY76|VELOCITY7,220,21,0.0009646415710449219,0.0007994174957275391,1.2066805845511481,0.000100|0.000102|0.000088|0.000090|0.000043|0.000044|0.000038|0.000039|0.003731|0.003822|0.003295|0.003375|0.001634|0.001674|0.001444|0.001479|0.004659|0.004772|0.004115|0.004215|0.002018|0.002067|0.001783|0.001826|0.173932|0.178157|0.153623|0.157355|0.076197|0.078048|0.067300|0.068935,0.000100|0.000102|0.000088|0.000090|0.000043|0.000044|0.000038|0.000039|0.003731|0.003822|0.003295|0.003375|0.001634|0.001674|0.001444|0.001479|0.004659|0.004772|0.004115|0.004215|0.002018|0.002067|0.001783|0.001826|0.173932|0.178157|0.153623|0.157355|0.076197|0.078048|0.067300|0.068935,-5.8902033507717714e-18
1000,RApp7|WRITE30|SNode_65|SNode_54|GOAL_150,220,164,0.010901927947998047,0.010072946548461914,1.0822978058652275,0.189848|0.058911|0.082626|0.025652|0.026479|0.008217|0.012104|0.003758|0.203853|0.063258|0.088512|0.027480|0.029562|0.009174|0.013701|0.004254|0.034175|0.010624|0.014875|0.004626|0.004767|0.001482|0.002179|0.000678|0.036696|0.011408|0.015934|0.004956|0.005322|0.001655|0.002467|0.000767,0.189848|0.058911|0.082626|0.025652|0.026479|0.008217|0.012104|0.003758|0.203853|0.063258|0.088512|0.027480|0.029562|0.009174|0.013701|0.004254|0.034175|0.010624|0.014875|0.004626|0.004767|0.001482|0.002179|0.000678|0.036696|0.011408|0.015934|0.004956|0.005322|0.001655|0.002467|0.000767,2.0965956864798025e-17
1000,SNode_94|SNode_12|GOAL65|SNode_154|RApp7,220,121,0.006937503814697266,0.0059354305267333984,1.1688290821450091,0.005800|0.000868|0.002496|0.000615|0.005941|0.000889|0.002556|0.000630|0.194189|0.029073|0.083562|0.020584|0.198907|0.029779|0.085592|0.021084|0.002685|0.000412|0.001159|0.000292|0.002750|0.000422|0.001187|0.000299|0.089907|0.013780|0.038812|0.009767|0.092091|0.014115|0.039755|0.010005,0.005800|0.000868|0.002496|0.000615|0.005941|0.000889|0.002556|0.000630|0.194189|0.029073|0.083562|0.020584|0.198907|0.029779|0.085592|0.021084|0.002685|0.000412|0.001159|0.000292|0.002750|0.000422|0.001187|0.000299|0.089907|0.013780|0.038812|0.009767|0.092091|0.014115|0.039755|0.010005,2.306103666747711e-16
1000,SNode_11|SNode_60|RApp1|GOAL68|TRY14,220,30,0.001146554946899414,0.0011210441589355469,1.022756273925989,0.002134|0.001231|0.002075|0.001197|0.001848|0.001066|0.001797|0.001037|0.001473|0.000869|0.001432|0.000845|0.001275|0.000752|0.001240|0.000731|0.099470|0.057391|0.096724|0.055807|0.086135|0.049697|0.083756|0.048325|0.068647|0.040499|0.066751|0.039381|0.059443|0.035070|0.057802|0.034101,0.002134|0.001231|0.002075|0.001197|0.001848|0.001066|0.001797|0.001037|0.001473|0.000869|0.001432|0.000845|0.001275|0.000752|0.001240|0.000731|0.099470|0.057391|0.096724|0.055807|0.086135|0.049697|0.083756|0.048325|0.068647|0.040499|0.066751|0.039381|0.059443|0.035070|0.057802|0.034101,0.0
1000,SNode_33|SNode_152|BUGGY54|SNode_47|SNode_93,220,113,0.0067365169525146484,0.005594491958618164,1.204133816322182,0.010350|0.004107|0.015173|0.006020|0.010105|0.004009|0.014813|0.005877|0.006367|0.002534|0.009334|0.003715|0.006216|0.002474|0.009113|0.003627|0.080413|0.031727|0.117881|0.046509|0.078506|0.030974|0.115085|0.045406|0.049729|0.019969|0.072900|0.029273|0.048550|0.019495|0.071171|0.028578,0.010350|0.004107|0.015173|0.006020|0.010105|0.004009|0.014813|0.005877|0.006367|0.002534|0.009334|0.003715|0.006216|0.002474|0.009113|0.003627|0.080413|0.031727|0.117881|0.046509|0.078506|0.030974|0.115085|0.045406|0.049729|0.019969|0.072900|0.029273|0.048550|0.019495|0.071171|0.028578,-3.50640574352184e-17
1000,SNode_16|SNode_44|SNode_132|GOAL_48|WEIGHT56,220,127,0.0075588226318359375,0.006583690643310547,1.1481132758745565,0.001847|0.004475|0.002629|0.006371|0.000197|0.000481|0.000281|0.000686|0.000857|0.002075|0.001262|0.003059|0.000092|0.000223|0.000135|0.000329|0.071965|0.173520|0.102454|0.246972|0.007761|0.019787|0.011049|0.028233|0.033375|0.080472|0.049193|0.118583|0.003599|0.009176|0.005305|0.013556,0.001847|0.004475|0.002629|0.006371|0.000197|0.000481|0.000281|0.000686|0.000857|0.002075|0.001262|0.003059|0.000092|0.000223|0.000135|0.000329|0.071965|0.173520|0.102454|0.246972|0.007761|0.019787|0.011049|0.028233|0.033375|0.080472|0.049193|0.118583|0.003599|0.009176|0.005305|0.013556,7.152213488195102e-17
1000,GIVEN_1|SNode_115|SNode_123|APPLY77|SNode_9,220,130,0.007812976837158203,0.0068438053131103516,1.1416129594147362,0.000146|0.007941|0.000136|0.007419|0.000020|0.001079|0.000018|0.001008|0.000075|0.004081|0.000070|0.003813|0.000011|0.000607|0.000010|0.000567|0.005245|0.286163|0.004900|0.267344|0.000713|0.038877|0.000666|0.036320|0.002696|0.147078|0.002519|0.137406|0.000401|0.021868|0.000374|0.020430,0.000146|0.007941|0.000136|0.007419|0.000020|0.001079|0.000018|0.001008|0.000075|0.004081|0.000070|0.003813|0.000011|0.000607|0.000010|0.000567|0.005245|0.286163|0.004900|0.267344|0.000713|0.038877|0.000666|0.036320|0.002696|0.147078|0.002519|0.137406|0.000401|0.021868|0.000374|0.020430,-1.7849899475551472e-16
1000,NEWTONS74|GOAL65|SNode_55|GOAL_99|IDENTIFY41,220,96,0.004249095916748047,0.0044023990631103516,0.96517736257785,0.070220|0.070220|0.023608|0.023608|0.024051|0.024051|0.008092|0.008092|0.071926|0.071926|0.024181|0.024181|0.024635|0.024635|0.008288|0.008288|0.067466|0.067466|0.022682|0.022682|0.023108|0.023108|0.007774|0.007774|0.069105|0.069105|0.023233|0.023233|0.023669|0.023669|0.007963|0.007963,0.070220|0.070220|0.023608|0.023608|0.024051|0.024051|0.008092|0.008092|0.071926|0.071926|0.024181|0.024181|0.024635|0.024635|0.008288|0.008288|0.067466|0.067466|0.022682|0.022682|0.023108|0.023108|0.007774|0.007774|0.069105|0.069105|0.023233|0.023233|0.023669|0.023669|0.007963|0.007963,-8.307320395118574e-17
1000,WRITE31|SNode_20|SNode_24|SLIDING4|APPLY32,220,10,0.0005331039428710938,0.0004210472106933594,1.2661381653454133,0.009051|0.008836|0.081458|0.079526|0.001926|0.001880|0.017334|0.016923|0.009628|0.009400|0.086651|0.084596|0.005100|0.004979|0.045900|0.044812|0.008766|0.008558|0.078892|0.077021|0.001865|0.001821|0.016788|0.016390|0.009325|0.009104|0.083922|0.081932|0.004939|0.004822|0.044454|0.043400,0.009051|0.008836|0.081458|0.079526|0.001926|0.001880|0.017334|0.016923|0.009628|0.009400|0.086651|0.084596|0.005100|0.004979|0.045900|0.044812|0.008766|0.008558|0.078892|0.077021|0.001865|0.001821|0.016788|0.016390|0.009325|0.009104|0.083922|0.081932|0.004939|0.004822|0.044454|0.043400,0.0
1000,GOAL_113|DEFINE23|GOAL66|RApp3|WEIGHT57,220,121,0.006849527359008789,0.005758762359619141,1.189409621594767,0.046668|0.112068|0.010219|0.024540|0.028847|0.069272|0.006317|0.015169|0.051169|0.122875|0.011205|0.026907|0.031629|0.075952|0.006926|0.016632|0.024430|0.058665|0.005350|0.012846|0.015101|0.036262|0.003307|0.007941|0.026786|0.064322|0.005865|0.014085|0.016557|0.039759|0.003626|0.008706,0.046668|0.112068|0.010219|0.024540|0.028847|0.069272|0.006317|0.015169|0.051169|0.122875|0.011205|0.026907|0.031629|0.075952|0.006926|0.016632|0.024430|0.058665|0.005350|0.012846|0.015101|0.036262|0.003307|0.007941|0.026786|0.064322|0.005865|0.014085|0.016557|0.039759|0.003626|0.008706,-1.2984638529879047e-16
1000,IDENTIFY10|SNode_41|SNode_21|GOAL_130|SNode_75,220,122,0.00697636604309082,0.0060520172119140625,1.1527340056728648,0.065005|0.013112|0.030264|0.006107|0.047598|0.009601|0.022160|0.004472|0.097379|0.019877|0.045337|0.009258|0.071302|0.014554|0.033197|0.006779|0.066018|0.013358|0.030736|0.006222|0.048340|0.009781|0.022506|0.004556|0.098809|0.020338|0.046002|0.009473|0.072349|0.014892|0.033684|0.006936,0.065005|0.013112|0.030264|0.006107|0.047598|0.009601|0.022160|0.004472|0.097379|0.019877|0.045337|0.009258|0.071302|0.014554|0.033197|0.006779|0.066018|0.013358|0.030736|0.006222|0.048340|0.009781|0.022506|0.004556|0.098809|0.020338|0.046002|0.009473|0.072349|0.014892|0.033684|0.006936,1.7593635824918206e-16
1000,IDENTIFY55|GOAL_108|GOAL_111|SNode_74|NORMAL52,220,119,0.0067462921142578125,0.005758762359619141,1.171482984184814,0.146306|0.086665|0.019363|0.011470|0.049550|0.029351|0.006558|0.003884|0.051965|0.030782|0.006876|0.004073|0.029482|0.017464|0.003901|0.002311|0.146306|0.086665|0.019363|0.011470|0.049550|0.029351|0.006558|0.003884|0.051965|0.030782|0.006876|0.004073|0.029482|0.017464|0.003901|0.002311,0.146306|0.086665|0.019363|0.011470|0.049550|0.029351|0.006558|0.003884|0.051965|0.030782|0.006876|0.004073|0.029482|0.017464|0.003901|0.002311|0.146306|0.086665|0.019363|0.011470|0.049550|0.029351|0.006558|0.003884|0.051965|0.030782|0.006876|0.004073|0.029482|0.017464|0.003901|0.002311,-7.399170477015747e-17
1000,SNode_8|CHOOSE19|GOAL_56|SNode_24|SNode_7,220,29,0.001138925552368164,0.0010693073272705078,1.0651059085841694,0.000063|0.003872|0.000024|0.001456|0.000020|0.001221|0.000007|0.000459|0.000056|0.003436|0.000021|0.001292|0.000020|0.001209|0.000007|0.000455|0.004560|0.280421|0.001715|0.105479|0.001438|0.088452|0.000541|0.033271|0.004047|0.248873|0.001522|0.093613|0.001424|0.087556|0.000536|0.032934,0.000063|0.003872|0.000024|0.001456|0.000020|0.001221|0.000007|0.000459|0.000056|0.003436|0.000021|0.001292|0.000020|0.001209|0.000007|0.000455|0.004560|0.280421|0.001715|0.105479|0.001438|0.088452|0.000541|0.033271|0.004047|0.248873|0.001522|0.093613|0.001424|0.087556|0.000536|0.032934,4.7503449470243975e-17
1000,SNode_64|SNode_97|SNode_25|SNode_94|SNode_95,220,104,0.004931211471557617,0.004961729049682617,0.9938494065638365,0.033933|0.007128|0.002711|0.008104|0.285436|0.059959|0.022806|0.068173|0.006320|0.001328|0.002966|0.008866|0.053161|0.011167|0.024950|0.074581|0.016590|0.003485|0.001326|0.003964|0.139554|0.029315|0.011155|0.033346|0.003090|0.000649|0.001451|0.004338|0.025991|0.005460|0.012207|0.036491,0.033933|0.007128|0.002711|0.008104|0.285436|0.059959|0.022806|0.068173|0.006320|0.001328|0.002966|0.008866|0.053161|0.011167|0.024950|0.074581|0.016590|0.003485|0.001326|0.003964|0.139554|0.029315|0.011155|0.033346|0.003090|0.000649|0.001451|0.004338|0.025991|0.005460|0.012207|0.036491,-5.319800180737087e-17
1000,GOAL_143|SNode_136|VECTOR44|SNode_33|RApp12,220,147,0.009875774383544922,0.008784294128417969,1.1242536098143523,0.042740|0.000000|0.332414|0.000000|0.038360|0.000000|0.298336|0.000000|0.005278|0.000000|0.041086|0.000000|0.004738|0.000000|0.036887|0.000000|0.005361|0.005295|0.041862|0.041353|0.004811|0.004752|0.037572|0.037117|0.000661|0.000655|0.005169|0.005127|0.000593|0.000588|0.004639|0.004605,0.042740|0.000000|0.332414|0.000000|0.038360|0.000000|0.298336|0.000000|0.005278|0.000000|0.041086|0.000000|0.004738|0.000000|0.036887|0.000000|0.005361|0.005295|0.041862|0.041353|0.004811|0.004752|0.037572|0.037117|0.000661|0.000655|0.005169|0.005127|0.000593|0.000588|0.004639|0.004605,1.1658026911894217e-16
1000,RApp7|TRY26|NEED36|GOAL_113|EQUATION28,220,122,0.007102251052856445,0.005934238433837891,1.196826034552029,0.015314|0.011365|0.007350|0.005455|0.014951|0.011096|0.007175|0.005325|0.150964|0.112023|0.072505|0.053807|0.147385|0.109357|0.070786|0.052530|0.002231|0.001656|0.001826|0.001355|0.002178|0.001617|0.001782|0.001323|0.022140|0.016442|0.018114|0.013452|0.021614|0.016058|0.017684|0.013138,0.015314|0.011365|0.007350|0.005455|0.014951|0.011096|0.007175|0.005325|0.150964|0.112023|0.072505|0.053807|0.147385|0.109357|0.070786|0.052530|0.002231|0.001656|0.001826|0.001355|0.002178|0.001617|0.001782|0.001323|0.022140|0.016442|0.018114|0.013452|0.021614|0.016058|0.017684|0.013138,5.201817721264082e-17
1000,RESOLVE38|INCLINE51|SNode_132|SNode_116|SNode_3,220,131,0.008020401000976562,0.006956338882446289,1.1529629502690475,0.006076|0.258078|0.000730|0.030988|0.000664|0.028187|0.000100|0.004250|0.003599|0.152874|0.000432|0.018356|0.000393|0.016696|0.000059|0.002517|0.005519|0.234438|0.000663|0.028150|0.000603|0.025605|0.000091|0.003861|0.003269|0.138871|0.000393|0.016675|0.000357|0.015167|0.000054|0.002287,0.006076|0.258078|0.000730|0.030988|0.000664|0.028187|0.000100|0.004250|0.003599|0.152874|0.000432|0.018356|0.000393|0.016696|0.000059|0.002517|0.005519|0.234438|0.000663|0.028150|0.000603|0.025605|0.000091|0.003861|0.003269|0.138871|0.000393|0.016675|0.000357|0.015167|0.000054|0.002287,1.6065192590335914e-16
1000,FORCE60|SNode_71|WRITE63|RApp7|INCLINE51,220,118,0.006954193115234375,0.005826473236083984,1.1935510270889598,0.039748|0.023545|0.006525|0.003865|0.037362|0.022131|0.007274|0.004309|0.006656|0.003943|0.001093|0.000647|0.006256|0.003706|0.001218|0.000722|0.195398|0.115745|0.032131|0.019033|0.183322|0.108592|0.036161|0.021420|0.032721|0.019383|0.005381|0.003187|0.030697|0.018184|0.006058|0.003588,0.039748|0.023545|0.006525|0.003865|0.037362|0.022131|0.007274|0.004309|0.006656|0.003943|0.001093|0.000647|0.006256|0.003706|0.001218|0.000722|0.195398|0.115745|0.032131|0.019033|0.183322|0.108592|0.036161|0.021420|0.032721|0.019383|0.005381|0.003187|0.030697|0.018184|0.006058|0.003588,-2.45573950216201e-17
1000,GOAL_114|SNode_95|APPLY32|TRY24|SNode_65,220,124,0.007208585739135742,0.006251096725463867,1.1531713642778139,0.018958|0.002744|0.172874|0.025023|0.018504|0.002684|0.168731|0.024473|0.009954|0.001441|0.096177|0.013924|0.009716|0.001409|0.093872|0.013618|0.009152|0.001325|0.083520|0.012089|0.008932|0.001296|0.081518|0.011824|0.004811|0.000697|0.046568|0.006742|0.004696|0.000681|0.045452|0.006594,0.018958|0.002744|0.172874|0.025023|0.018504|0.002684|0.168731|0.024473|0.009954|0.001441|0.096177|0.013924|0.009716|0.001409|0.093872|0.013618|0.009152|0.001325|0.083520|0.012089|0.008932|0.001296|0.081518|0.011824|0.004811|0.000697|0.046568|0.006742|0.004696|0.000681|0.045452|0.006594,5.968356568081247e-17
1000,SNode_100|SNode_115|SNode_70|GOAL_56|SNode_119,220,136,0.008226394653320312,0.00735783576965332,1.1180454295064968,0.212966|0.028314|0.070309|0.009347|0.087524|0.011755|0.029528|0.003967|0.100921|0.014200|0.033129|0.004660|0.054067|0.007791|0.018364|0.002649|0.095759|0.012786|0.031699|0.004232|0.039373|0.005314|0.013321|0.001799|0.045383|0.006436|0.014939|0.002118|0.024322|0.003538|0.008285|0.001206,0.212966|0.028314|0.070309|0.009347|0.087524|0.011755|0.029528|0.003967|0.100921|0.014200|0.033129|0.004660|0.054067|0.007791|0.018364|0.002649|0.095759|0.012786|0.031699|0.004232|0.039373|0.005314|0.013321|0.001799|0.045383|0.006436|0.014939|0.002118|0.024322|0.003538|0.008285|0.001206,1.6592855527283457e-16
1000,SNode_64|GOAL_49|SLIDING4|SNode_40|SNode_43,220,99,0.004372835159301758,0.004538059234619141,0.9635914678995482,0.023923|0.006671|0.008107|0.002261|0.215305|0.060040|0.072964|0.020347|0.014598|0.004953|0.004962|0.001684|0.131384|0.044579|0.044656|0.015152|0.011630|0.003273|0.003942|0.001109|0.104669|0.029459|0.035474|0.009984|0.007155|0.002463|0.002432|0.000837|0.064396|0.022164|0.021891|0.007535,0.023923|0.006671|0.008107|0.002261|0.215305|0.060040|0.072964|0.020347|0.014598|0.004953|0.004962|0.001684|0.131384|0.044579|0.044656|0.015152|0.011630|0.003273|0.003942|0.001109|0.104669|0.029459|0.035474|0.009984|0.007155|0.002463|0.002432|0.000837|0.064396|0.022164|0.021891|0.007535,6.134963108958693e-17
1000,IDENTIFY39|SNode_5|SNode_120|SNode_40|GOAL_130,220,138,0.008368492126464844,0.007407665252685547,1.1297071129707112,0.005821|0.002703|0.001974|0.000917|0.000750|0.000356|0.000255|0.000121|0.218046|0.101247|0.073967|0.034350|0.028078|0.013345|0.009537|0.004534|0.005914|0.002746|0.002006|0.000932|0.000762|0.000362|0.000259|0.000123|0.221563|0.102880|0.075160|0.034904|0.028530|0.013560|0.009691|0.004607,0.005821|0.002703|0.001974|0.000917|0.000750|0.000356|0.000255|0.000121|0.218046|0.101247|0.073967|0.034350|0.028078|0.013345|0.009537|0.004534|0.005914|0.002746|0.002006|0.000932|0.000762|0.000362|0.000259|0.000123|0.221563|0.102880|0.075160|0.034904|0.028530|0.013560|0.009691|0.004607,-1.1250617638075005e-16
1000,SNode_151|CONSTANT5|EQUATION28|VAR20|CHOOSE47,220,163,0.01095271110534668,0.01028299331665039,1.0651286807326688,0.031208|0.032857|0.075669|0.079666|0.023156|0.024378|0.056145|0.059108|0.031838|0.033520|0.077197|0.081276|0.023624|0.024870|0.057279|0.060302|0.009196|0.009705|0.022298|0.023531|0.006831|0.007210|0.016562|0.017481|0.009382|0.009901|0.022749|0.024006|0.006969|0.007355|0.016897|0.017834,0.031208|0.032857|0.075669|0.079666|0.023156|0.024378|0.056145|0.059108|0.031838|0.033520|0.077197|0.081276|0.023624|0.024870|0.057279|0.060302|0.009196|0.009705|0.022298|0.023531|0.006831|0.007210|0.016562|0.017481|0.009382|0.009901|0.022749|0.024006|0.006969|0.007355|0.016897|0.017834,-1.899198601795979e-17
1000,CHOOSE35|RApp13|DISPLACEM0|SNode_12|GOAL_114,220,139,0.008530139923095703,0.007683277130126953,1.1102215602308694,0.004643|0.002243|0.155475|0.075102|0.004201|0.002029|0.140668|0.067949|0.000478|0.000233|0.016002|0.007799|0.000432|0.000211|0.014478|0.007056|0.004662|0.002252|0.156098|0.075403|0.004218|0.002038|0.141232|0.068222|0.000480|0.000234|0.016066|0.007830|0.000434|0.000212|0.014536|0.007084,0.004643|0.002243|0.155475|0.075102|0.004201|0.002029|0.140668|0.067949|0.000478|0.000233|0.016002|0.007799|0.000432|0.000211|0.014478|0.007056|0.004662|0.002252|0.156098|0.075403|0.004218|0.002038|0.141232|0.068222|0.000480|0.000234|0.016066|0.007830|0.000434|0.000212|0.014536|0.007084,5.683279995842574e-17
1000,TRY15|WRITE30|GOAL_80|TRY25|SNode_134,220,131,0.00773310661315918,0.006892204284667969,1.1220077487200775,0.020740|0.002452|0.186668|0.022068|0.007223|0.000850|0.065006|0.007644|0.022334|0.002641|0.201013|0.023766|0.007838|0.000922|0.070543|0.008293|0.011167|0.001320|0.100507|0.011882|0.003890|0.000458|0.035010|0.004117|0.012023|0.001422|0.108212|0.012794|0.004223|0.000497|0.038010|0.004468,0.020740|0.002452|0.186668|0.022068|0.007223|0.000850|0.065006|0.007644|0.022334|0.002641|0.201013|0.023766|0.007838|0.000922|0.070543|0.008293|0.011167|0.001320|0.100507|0.011882|0.003890|0.000458|0.035010|0.004117|0.012023|0.001422|0.108212|0.012794|0.004223|0.000497|0.038010|0.004468,0.0
1000,GOAL_79|GOAL_57|SNode_5|TRY14|NEED67,220,80,0.003582000732421875,0.003730297088623047,0.9602454301418893,0.004697|0.004869|0.002695|0.002794|0.171509|0.177796|0.096845|0.100395|0.001716|0.001779|0.001039|0.001077|0.068729|0.071249|0.043036|0.044613|0.001212|0.001256|0.000696|0.000721|0.044257|0.045879|0.024993|0.025909|0.000443|0.000459|0.000268|0.000278|0.017749|0.018400|0.011117|0.011524,0.004697|0.004869|0.002695|0.002794|0.171509|0.177796|0.096845|0.100395|0.001716|0.001779|0.001039|0.001077|0.068729|0.071249|0.043036|0.044613|0.001212|0.001256|0.000696|0.000721|0.044257|0.045879|0.024993|0.025909|0.000443|0.000459|0.000268|0.000278|0.017749|0.018400|0.011117|0.011524,1.3828879924507684e-17
1000,TRY11|TRY25|SNode_11|IDENTIFY59|SYSTEM18,220,5,0.00044918060302734375,0.00020432472229003906,2.1983663943990663,0.000265|0.000296|0.000284|0.000316|0.012368|0.013781|0.013239|0.014751|0.002388|0.002660|0.002556|0.002848|0.111316|0.124025|0.119152|0.132755|0.000214|0.000239|0.000230|0.000256|0.009998|0.011139|0.010701|0.011923|0.001930|0.002150|0.002066|0.002302|0.089979|0.100251|0.096313|0.107308,0.000265|0.000296|0.000284|0.000316|0.012368|0.013781|0.013239|0.014751|0.002388|0.002660|0.002556|0.002848|0.111316|0.124025|0.119152|0.132755|0.000214|0.000239|0.000230|0.000256|0.009998|0.011139|0.010701|0.011923|0.001930|0.002150|0.002066|0.002302|0.089979|0.100251|0.096313|0.107308,-4.1814058261307764e-18
1000,SNode_71|SNode_24|SNode_94|GOAL_110|IDENTIFY55,220,124,0.00718998908996582,0.0062558650970458984,1.1493197149281604,0.142660|0.142660|0.069953|0.069953|0.065929|0.065929|0.032675|0.032675|0.053505|0.053505|0.026236|0.026236|0.024955|0.024955|0.012368|0.012368|0.023875|0.023875|0.011708|0.011708|0.011054|0.011054|0.005479|0.005479|0.008954|0.008954|0.004391|0.004391|0.004184|0.004184|0.002074|0.002074,0.142660|0.142660|0.069953|0.069953|0.065929|0.065929|0.032675|0.032675|0.053505|0.053505|0.026236|0.026236|0.024955|0.024955|0.012368|0.012368|0.023875|0.023875|0.011708|0.011708|0.011054|0.011054|0.005479|0.005479|0.008954|0.008954|0.004391|0.004391|0.004184|0.004184|0.002074|0.002074,4.743845072060296e-17
1000,SNode_7|RApp6|GOAL_142|COMPO16|SNode_42,220,134,0.00810098648071289,0.007450580596923828,1.087296,0.003706|0.002887|0.002710|0.002111|0.000818|0.000637|0.000603|0.000469|0.000000|0.000000|0.000951|0.000742|0.000000|0.000000|0.000206|0.000161|0.227901|0.177531|0.166660|0.129778|0.050321|0.039199|0.037062|0.028861|0.000000|0.000000|0.058510|0.045626|0.000000|0.000000|0.012671|0.009880,0.003706|0.002887|0.002710|0.002111|0.000818|0.000637|0.000603|0.000469|0.000000|0.000000|0.000951|0.000742|0.000000|0.000000|0.000206|0.000161|0.227901|0.177531|0.166660|0.129778|0.050321|0.039199|0.037062|0.028861|0.000000|0.000000|0.058510|0.045626|0.000000|0.000000|0.012671|0.009880,1.3897685692782296e-16
1000,GOAL65|TRY12|WRITE64|GOAL_143|SNode_91,220,137,0.00863790512084961,0.00748443603515625,1.1541156982670744,0.111346|0.031690|0.027805|0.007916|0.105280|0.029963|0.026291|0.007485|0.046816|0.013324|0.011691|0.003328|0.044265|0.012598|0.011054|0.003147|0.114004|0.032445|0.028527|0.008123|0.107708|0.030650|0.027059|0.007708|0.047934|0.013642|0.011994|0.003415|0.045286|0.012887|0.011377|0.003241,0.111346|0.031690|0.027805|0.007916|0.105280|0.029963|0.026291|0.007485|0.046816|0.013324|0.011691|0.003328|0.044265|0.012598|0.011054|0.003147|0.114004|0.032445|0.028527|0.008123|0.107708|0.030650|0.027059|0.007708|0.047934|0.013642|0.011994|0.003415|0.045286|0.012887|0.011377|0.003241,0.0
1000,FIND49|RApp7|VECTOR73|CONSTANT5|SNode_33,220,117,0.006548166275024414,0.005530595779418945,1.1839893089623659,0.012260|0.095365|0.012507|0.097292|0.012162|0.094605|0.012408|0.096517|0.002195|0.017159|0.002239|0.017505|0.002177|0.017022|0.002221|0.017366|0.011731|0.091212|0.011968|0.093054|0.011637|0.090485|0.011872|0.092313|0.002101|0.016468|0.002144|0.016801|0.002084|0.016337|0.002127|0.016667,0.012260|0.095365|0.012507|0.097292|0.012162|0.094605|0.012408|0.096517|0.002195|0.017159|0.002239|0.017505|0.002177|0.017022|0.002221|0.017366|0.011731|0.091212|0.011968|0.093054|0.011637|0.090485|0.011872|0.092313|0.002101|0.016468|0.002144|0.016801|0.002084|0.016337|0.002127|0.016667,4.981780735202021e-17
1000,GOAL68|SNode_27|GOAL_150|SNode_124|SNode_131,220,165,0.011691093444824219,0.010982513427734375,1.0645189301840916,0.084054|0.031291|0.009163|0.003496|0.025998|0.009664|0.002940|0.001136|0.170001|0.063286|0.018532|0.007070|0.052580|0.019546|0.005945|0.002297|0.070384|0.041775|0.007524|0.004785|0.021790|0.012888|0.002392|0.001571|0.142353|0.084490|0.015218|0.009677|0.044071|0.026067|0.004838|0.003177,0.084054|0.031291|0.009163|0.003496|0.025998|0.009664|0.002940|0.001136|0.170001|0.063286|0.018532|0.007070|0.052580|0.019546|0.005945|0.002297|0.070384|0.041775|0.007524|0.004785|0.021790|0.012888|0.002392|0.001571|0.142353|0.084490|0.015218|0.009677|0.044071|0.026067|0.004838|0.003177,3.2519311261675243e-17
1000,TRY12|GOAL_84|SNode_154|KINEMATI17|SNode_12,220,119,0.006768465042114258,0.0058934688568115234,1.1484687891905012,0.004258|0.142574|0.004058|0.135889|0.001985|0.066468|0.001892|0.063351|0.002867|0.095985|0.002732|0.091488|0.001343|0.044968|0.001280|0.042862|0.001790|0.059945|0.001706|0.057132|0.000835|0.027946|0.000795|0.026634|0.001205|0.040359|0.001149|0.038469|0.000565|0.018908|0.000538|0.018023,0.004258|0.142574|0.004058|0.135889|0.001985|0.066468|0.001892|0.063351|0.002867|0.095985|0.002732|0.091488|0.001343|0.044968|0.001280|0.042862|0.001790|0.059945|0.001706|0.057132|0.000835|0.027946|0.000795|0.026634|0.001205|0.040359|0.001149|0.038469|0.000565|0.018908|0.000538|0.018023,-3.437423386724996e-17
1000,VECTOR27|CHOOSE62|SNode_55|TRY11|GOAL_121,220,116,0.006651401519775391,0.00582122802734375,1.1426114023591087,0.072943|0.032881|0.057987|0.026139|0.024265|0.010938|0.020587|0.009281|0.071859|0.032702|0.057126|0.025997|0.023904|0.010879|0.020281|0.009230|0.070910|0.031991|0.056372|0.025432|0.023589|0.010642|0.020014|0.009029|0.069850|0.031824|0.055529|0.025299|0.023236|0.010587|0.019714|0.008982,0.072943|0.032881|0.057987|0.026139|0.024265|0.010938|0.020587|0.009281|0.071859|0.032702|0.057126|0.025997|0.023904|0.010879|0.020281|0.009230|0.070910|0.031991|0.056372|0.025432|0.023589|0.010642|0.020014|0.009029|0.069850|0.031824|0.055529|0.025299|0.023236|0.010587|0.019714|0.008982,-9.115212798744699e-17
1000,SNode_68|GOAL_81|SNode_100|COMPO16|SNode_106,220,114,0.006826877593994141,0.005668163299560547,1.204425002103138,0.152264|0.063718|0.112048|0.046887|0.063665|0.026743|0.046850|0.019679|0.054738|0.023889|0.089686|0.039142|0.027735|0.012170|0.045442|0.019939|0.027940|0.011698|0.020218|0.008465|0.011683|0.004910|0.008454|0.003553|0.010088|0.004405|0.016916|0.007388|0.005111|0.002244|0.008571|0.003764,0.152264|0.063718|0.112048|0.046887|0.063665|0.026743|0.046850|0.019679|0.054738|0.023889|0.089686|0.039142|0.027735|0.012170|0.045442|0.019939|0.027940|0.011698|0.020218|0.008465|0.011683|0.004910|0.008454|0.003553|0.010088|0.004405|0.016916|0.007388|0.005111|0.002244|0.008571|0.003764,-8.848307639103116e-17
1000,GOAL_142|GOAL_87|SYSTEM46|EQUATION28|NEED36,220,134,0.007817983627319336,0.0068972110748291016,1.1334992568011337,0.078153|0.076415|0.059596|0.057830|0.068561|0.067050|0.052051|0.050380|0.043235|0.042229|0.033404|0.032632|0.044842|0.043787|0.034826|0.034121|0.018504|0.017974|0.011773|0.011645|0.016233|0.015771|0.010282|0.010144|0.010267|0.009982|0.006669|0.006693|0.010649|0.010350|0.006954|0.007000,0.078153|0.076415|0.059596|0.057830|0.068561|0.067050|0.052051|0.050380|0.043235|0.042229|0.033404|0.032632|0.044842|0.043787|0.034826|0.034121|0.018504|0.017974|0.011773|0.011645|0.016233|0.015771|0.010282|0.010144|0.010267|0.009982|0.006669|0.006693|0.010649|0.010350|0.006954|0.007000,1.7281549283498137e-17
1000,WRITE63|SNode_134|GOAL_84|AXIS33|SNode_42,220,128,0.007730960845947266,0.006819248199462891,1.1336969442696314,0.029962|0.023339|0.122903|0.095734|0.020204|0.015740|0.082883|0.064569|0.003533|0.002752|0.014493|0.011289|0.002380|0.001854|0.009761|0.007604|0.028897|0.022509|0.118512|0.092314|0.019486|0.015180|0.079916|0.062258|0.003414|0.002659|0.014025|0.010925|0.002299|0.001791|0.009451|0.007363,0.029962|0.023339|0.122903|0.095734|0.020204|0.015740|0.082883|0.064569|0.003533|0.002752|0.014493|0.011289|0.002380|0.001854|0.009761|0.007604|0.028897|0.022509|0.118512|0.092314|0.019486|0.015180|0.079916|0.062258|0.003414|0.002659|0.014025|0.010925|0.002299|0.001791|0.009451|0.007363,-8.738495124924254e-17
1000,SNode_156|NULL48|RApp6|SNode_102|SNode_65,220,108,0.00626373291015625,0.005411624908447266,1.1574588069433431,0.213762|0.021725|0.042708|0.004340|0.029699|0.003031|0.006066|0.000619|0.218468|0.040765|0.043648|0.008145|0.030243|0.005788|0.006177|0.001182|0.094346|0.009589|0.025641|0.002606|0.014769|0.001507|0.005073|0.000518|0.096423|0.017992|0.026205|0.004890|0.015040|0.002878|0.005166|0.000989,0.213762|0.021725|0.042708|0.004340|0.029699|0.003031|0.006066|0.000619|0.218468|0.040765|0.043648|0.008145|0.030243|0.005788|0.006177|0.001182|0.094346|0.009589|0.025641|0.002606|0.014769|0.001507|0.005073|0.000518|0.096423|0.017992|0.026205|0.004890|0.015040|0.002878|0.005166|0.000989,7.403017188403625e-17
1000,SNode_133|SNode_151|APPLY77|GOAL_129|SNode_73,220,164,0.01105499267578125,0.010276556015014648,1.075748787787393,0.165377|0.069230|0.039733|0.008830|0.146864|0.061475|0.035284|0.007841|0.043696|0.018294|0.010499|0.002333|0.048460|0.020293|0.011644|0.002588|0.038353|0.014627|0.046235|0.026558|0.034060|0.012988|0.041057|0.023582|0.010134|0.003865|0.012218|0.007019|0.011238|0.004287|0.013551|0.007787,0.165377|0.069230|0.039733|0.008830|0.146864|0.061475|0.035284|0.007841|0.043696|0.018294|0.010499|0.002333|0.048460|0.020293|0.011644|0.002588|0.038353|0.014627|0.046235|0.026558|0.034060|0.012988|0.041057|0.023582|0.010134|0.003865|0.012218|0.007019|0.011238|0.004287|0.013551|0.007787,9.042210948511232e-17
1000,SNode_102|GOAL_80|VELOCITY7|RApp3|CHOOSE62,220,105,0.004757881164550781,0.005017995834350586,0.948163633772034,0.141585|0.139896|0.009118|0.009010|0.108700|0.107403|0.045664|0.045119|0.048910|0.048327|0.003155|0.003117|0.037532|0.037084|0.015798|0.015610|0.031402|0.031028|0.002022|0.001998|0.024109|0.023821|0.010128|0.010007|0.011545|0.011407|0.000745|0.000736|0.008859|0.008753|0.003729|0.003685,0.141585|0.139896|0.009118|0.009010|0.108700|0.107403|0.045664|0.045119|0.048910|0.048327|0.003155|0.003117|0.037532|0.037084|0.015798|0.015610|0.031402|0.031028|0.002022|0.001998|0.024109|0.023821|0.010128|0.010007|0.011545|0.011407|0.000745|0.000736|0.008859|0.008753|0.003729|0.003685,-2.5018956866921695e-16
1000,SNode_54|SNode_117|KINEMATI17|APPLY61|INCLINE51,220,120,0.006930351257324219,0.005846500396728516,1.1853845526466031,0.075502|0.044724|0.075440|0.044687|0.070147|0.041552|0.070090|0.041518|0.037695|0.022329|0.037757|0.022365|0.035021|0.020745|0.035079|0.020779|0.031730|0.018795|0.031704|0.018780|0.032058|0.018990|0.032032|0.018974|0.015841|0.009384|0.015867|0.009399|0.016005|0.009481|0.016032|0.009496,0.075502|0.044724|0.075440|0.044687|0.070147|0.041552|0.070090|0.041518|0.037695|0.022329|0.037757|0.022365|0.035021|0.020745|0.035079|0.020779|0.031730|0.018795|0.031704|0.018780|0.032058|0.018990|0.032032|0.018974|0.015841|0.009384|0.015867|0.009399|0.016005|0.009481|0.016032|0.009496,-9.632070639491057e-17
1000,SNode_40|GOAL66|SNode_65|GOAL_48|GOAL72,220,103,0.004606485366821289,0.005001544952392578,0.921012489274478,0.082836|0.082836|0.118859|0.118859|0.011846|0.011846|0.017179|0.017179|0.051203|0.051203|0.073469|0.073469|0.007322|0.007322|0.010618|0.010618|0.027886|0.027886|0.040311|0.040311|0.004093|0.004093|0.005992|0.005992|0.017237|0.017237|0.024917|0.024917|0.002530|0.002530|0.003704|0.003704,0.082836|0.082836|0.118859|0.118859|0.011846|0.011846|0.017179|0.017179|0.051203|0.051203|0.073469|0.073469|0.007322|0.007322|0.010618|0.010618|0.027886|0.027886|0.040311|0.040311|0.004093|0.004093|0.005992|0.005992|0.017237|0.017237|0.024917|0.024917|0.002530|0.002530|0.003704|0.003704,-1.3309949523945261e-16
1000,RApp3|SNode_92|WRITE63|SNode_44|GOAL_63,220,60,0.0024437904357910156,0.0023956298828125,1.0201035031847134,0.129891|0.039586|0.060772|0.018754|0.125297|0.038187|0.058622|0.018091|0.087929|0.026798|0.041139|0.012695|0.084819|0.025850|0.039684|0.012246|0.027936|0.008594|0.013615|0.004381|0.026948|0.008290|0.013134|0.004226|0.018911|0.005817|0.009217|0.002966|0.018242|0.005612|0.008891|0.002861,0.129891|0.039586|0.060772|0.018754|0.125297|0.038187|0.058622|0.018091|0.087929|0.026798|0.041139|0.012695|0.084819|0.025850|0.039684|0.012246|0.027936|0.008594|0.013615|0.004381|0.026948|0.008290|0.013134|0.004226|0.018911|0.005817|0.009217|0.002966|0.018242|0.005612|0.008891|0.002861,1.4220403767984366e-16
1000,SNode_119|SNode_155|RApp6|CHOOSE62|SNode_33,220,140,0.008928775787353516,0.007686138153076172,1.1616725603325269,0.038849|0.302400|0.038374|0.298698|0.005715|0.044488|0.005645|0.043937|0.005056|0.039380|0.005006|0.038998|0.000762|0.005939|0.000755|0.005887|0.005292|0.041194|0.005228|0.040696|0.000788|0.006138|0.000779|0.006064|0.000690|0.005380|0.000684|0.005329|0.000106|0.000824|0.000105|0.000817,0.038849|0.302400|0.038374|0.298698|0.005715|0.044488|0.005645|0.043937|0.005056|0.039380|0.005006|0.038998|0.000762|0.005939|0.000755|0.005887|0.005292|0.041194|0.005228|0.040696|0.000788|0.006138|0.000779|0.006064|0.000690|0.005380|0.000684|0.005329|0.000106|0.000824|0.000105|0.000817,1.5838492932585288e-16
1000,RESOLVE38|GOAL_79|SNode_75|SNode_5|GOAL_69,220,77,0.0035686492919921875,0.0036962032318115234,0.9654905502160872,0.006975|0.002047|0.260215|0.077611|0.001388|0.000420|0.051883|0.015985|0.001776|0.000524|0.066253|0.019878|0.000379|0.000115|0.014174|0.004376|0.006337|0.001860|0.236395|0.070510|0.001260|0.000380|0.047097|0.014474|0.001613|0.000476|0.060168|0.018048|0.000345|0.000105|0.012909|0.004022,0.006975|0.002047|0.260215|0.077611|0.001388|0.000420|0.051883|0.015985|0.001776|0.000524|0.066253|0.019878|0.000379|0.000115|0.014174|0.004376|0.006337|0.001860|0.236395|0.070510|0.001260|0.000380|0.047097|0.014474|0.001613|0.000476|0.060168|0.018048|0.000345|0.000105|0.012909|0.004022,3.5314684572449134e-16
1000,IDENTIFY39|IDENTIFY59|RESOLVE38|GOAL_98|GIVEN_1,220,94,0.00419306755065918,0.004302024841308594,0.9746730215029927,0.002533|0.091288|0.000856|0.030856|0.002301|0.082926|0.000778|0.028030|0.002711|0.097714|0.000917|0.033028|0.002463|0.088763|0.000833|0.030003|0.002574|0.092760|0.000870|0.031354|0.002338|0.084263|0.000790|0.028482|0.002755|0.099290|0.000931|0.033561|0.002503|0.090194|0.000846|0.030487,0.002533|0.091288|0.000856|0.030856|0.002301|0.082926|0.000778|0.028030|0.002711|0.097714|0.000917|0.033028|0.002463|0.088763|0.000833|0.030003|0.002574|0.092760|0.000870|0.031354|0.002338|0.084263|0.000790|0.028482|0.002755|0.099290|0.000931|0.033561|0.002503|0.090194|0.000846|0.030487,1.2444548378949213e-16
1000,IDENTIFY22|GOAL_127|SNode_119|NULL48|SNode_64,220,135,0.00795888900756836,0.007081270217895508,1.1239352210363287,0.100352|0.048977|0.110471|0.053916|0.013610|0.006751|0.014982|0.007431|0.040097|0.019568|0.044141|0.021541|0.005459|0.002710|0.006009|0.002983|0.100754|0.049174|0.110914|0.054132|0.013665|0.006778|0.015042|0.007461|0.040258|0.019646|0.044318|0.021628|0.005481|0.002721|0.006033|0.002995,0.100352|0.048977|0.110471|0.053916|0.013610|0.006751|0.014982|0.007431|0.040097|0.019568|0.044141|0.021541|0.005459|0.002710|0.006009|0.002983|0.100754|0.049174|0.110914|0.054132|0.013665|0.006778|0.015042|0.007461|0.040258|0.019646|0.044318|0.021628|0.005481|0.002721|0.006033|0.002995,-1.0489136680470539e-17
1000,NEED1|SNode_154|SNode_3|SNode_92|SNode_68,220,123,0.007140159606933594,0.00619816780090332,1.1519790745085972,0.004120|0.000723|0.002789|0.000489|0.174992|0.030711|0.118460|0.020789|0.001881|0.000381|0.001273|0.000258|0.079898|0.016190|0.054087|0.010960|0.003833|0.000673|0.002595|0.000455|0.162830|0.028576|0.110227|0.019345|0.001750|0.000355|0.001185|0.000240|0.074346|0.015065|0.050328|0.010198,0.004120|0.000723|0.002789|0.000489|0.174992|0.030711|0.118460|0.020789|0.001881|0.000381|0.001273|0.000258|0.079898|0.016190|0.054087|0.010960|0.003833|0.000673|0.002595|0.000455|0.162830|0.028576|0.110227|0.019345|0.001750|0.000355|0.001185|0.000240|0.074346|0.015065|0.050328|0.010198,4.102549533992422e-17
1000,IDENTIFY43|TRY11|IDENTIFY55|SNode_97|SNode_131,220,121,0.0069463253021240234,0.006033897399902344,1.1512170064801643,0.094464|0.044905|0.018729|0.008907|0.070139|0.033315|0.043054|0.020497|0.076357|0.036298|0.015139|0.007200|0.056695|0.026929|0.034802|0.016569|0.061933|0.029441|0.012280|0.005840|0.045984|0.021841|0.028229|0.013440|0.050062|0.023798|0.009926|0.004720|0.037169|0.017654|0.022819|0.010864,0.094464|0.044905|0.018729|0.008907|0.070139|0.033315|0.043054|0.020497|0.076357|0.036298|0.015139|0.007200|0.056695|0.026929|0.034802|0.016569|0.061933|0.029441|0.012280|0.005840|0.045984|0.021841|0.028229|0.013440|0.050062|0.023798|0.009926|0.004720|0.037169|0.017654|0.022819|0.010864,8.445717073797288e-17
1000,MAXIMIZE34|GOAL_114|APPLY61|SNode_3|SNode_10,220,118,0.006665706634521484,0.005657672882080078,1.1781710914454278,0.000083|0.003869|0.003526|0.164363|0.000083|0.003864|0.003522|0.164133|0.000040|0.001861|0.001696|0.079062|0.000040|0.001867|0.001699|0.079292|0.000080|0.003727|0.003396|0.158314|0.000080|0.003718|0.003391|0.157955|0.000039|0.001801|0.001641|0.076503|0.000039|0.001809|0.001646|0.076861,0.000083|0.003869|0.003526|0.164363|0.000083|0.003864|0.003522|0.164133|0.000040|0.001861|0.001696|0.079062|0.000040|0.001867|0.001699|0.079292|0.000080|0.003727|0.003396|0.158314|0.000080|0.003718|0.003391|0.157955|0.000039|0.001801|0.001641|0.076503|0.000039|0.001809|0.001646|0.076861,-1.3825896271925077e-18
1000,SNode_152|SNode_100|CHOOSE35|SNode_93|SNode_5,220,116,0.006682395935058594,0.005784749984741211,1.1551745456044182,0.003972|0.148802|0.001549|0.058033|0.003988|0.149398|0.001555|0.058266|0.001767|0.066180|0.000716|0.026841|0.001774|0.066445|0.000719|0.026949|0.002453|0.091897|0.000971|0.036378|0.002463|0.092265|0.000975|0.036524|0.001094|0.040974|0.000452|0.016921|0.001098|0.041138|0.000453|0.016989,0.003972|0.148802|0.001549|0.058033|0.003988|0.149398|0.001555|0.058266|0.001767|0.066180|0.000716|0.026841|0.001774|0.066445|0.000719|0.026949|0.002453|0.091897|0.000971|0.036378|0.002463|0.092265|0.000975|0.036524|0.001094|0.040974|0.000452|0.016921|0.001098|0.041138|0.000453|0.016989,2.602531378022337e-16
1000,SNode_133|GOAL72|SNode_74|SNode_29|DISPLACEM0,220,122,0.0070343017578125,0.006088972091674805,1.1552527506950154,0.105988|0.095894|0.054467|0.049279|0.014080|0.012739|0.007231|0.006542|0.105988|0.095894|0.054467|0.049279|0.014080|0.012739|0.007231|0.006542|0.047140|0.042651|0.024227|0.021919|0.006190|0.005600|0.003177|0.002875|0.047140|0.042651|0.024227|0.021919|0.006190|0.005600|0.003177|0.002875,0.105988|0.095894|0.054467|0.049279|0.014080|0.012739|0.007231|0.006542|0.105988|0.095894|0.054467|0.049279|0.014080|0.012739|0.007231|0.006542|0.047140|0.042651|0.024227|0.021919|0.006190|0.005600|0.003177|0.002875|0.047140|0.042651|0.024227|0.021919|0.006190|0.005600|0.003177|0.002875,1.2967332281244292e-16
1000,SNode_120|WRITE30|SNode_38|SNode_34|TRY25,220,134,0.007923603057861328,0.006896018981933594,1.1490112017701564,0.011147|0.098887|0.015945|0.141448|0.006380|0.058762|0.009126|0.084054|0.012027|0.106697|0.017204|0.152617|0.006884|0.063406|0.009847|0.090699|0.001439|0.012827|0.002059|0.018348|0.000825|0.007642|0.001180|0.010932|0.001553|0.013841|0.002221|0.019798|0.000890|0.008246|0.001273|0.011796,0.011147|0.098887|0.015945|0.141448|0.006380|0.058762|0.009126|0.084054|0.012027|0.106697|0.017204|0.152617|0.006884|0.063406|0.009847|0.090699|0.001439|0.012827|0.002059|0.018348|0.000825|0.007642|0.001180|0.010932|0.001553|0.013841|0.002221|0.019798|0.000890|0.008246|0.001273|0.011796,1.3609016471136428e-16
1000,CHOOSE35|SNode_91|RApp12|NEED36|FIND58,220,138,0.008545875549316406,0.007555723190307617,1.1310466694014074,0.126065|0.050992|0.123003|0.049754|0.013883|0.005615|0.013619|0.005509|0.035870|0.014509|0.035002|0.014158|0.003959|0.001601|0.003888|0.001573|0.126570|0.051197|0.123496|0.049953|0.013938|0.005638|0.013674|0.005531|0.036013|0.014567|0.035142|0.014215|0.003975|0.001608|0.003903|0.001579,0.126065|0.050992|0.123003|0.049754|0.013883|0.005615|0.013619|0.005509|0.035870|0.014509|0.035002|0.014158|0.003959|0.001601|0.003888|0.001573|0.126570|0.051197|0.123496|0.049953|0.013938|0.005638|0.013674|0.005531|0.036013|0.014567|0.035142|0.014215|0.003975|0.001608|0.003903|0.001579,-7.990895552205167e-18
1000,TRY24|TRY26|RApp11|TRY15|WEIGHT57,220,139,0.008257389068603516,0.007402181625366211,1.115534512191194,0.015537|0.037298|0.008366|0.020084|0.001516|0.003654|0.000817|0.001968|0.001351|0.003243|0.000728|0.001746|0.000132|0.000318|0.000071|0.000171|0.000481|0.001153|0.000259|0.000621|0.000047|0.000113|0.000025|0.000061|0.156735|0.376231|0.084395|0.202586|0.015301|0.036889|0.008239|0.019863,0.015537|0.037298|0.008366|0.020084|0.001516|0.003654|0.000817|0.001968|0.001351|0.003243|0.000728|0.001746|0.000132|0.000318|0.000071|0.000171|0.000481|0.001153|0.000259|0.000621|0.000047|0.000113|0.000025|0.000061|0.156735|0.376231|0.084395|0.202586|0.015301|0.036889|0.008239|0.019863,0.0
1000,GOAL65|GOAL_48|SNode_15|SNode_34|SNode_41,220,10,0.0005459785461425781,0.00037360191345214844,1.4613911933631143,0.001293|0.000373|0.000326|0.002058|0.063370|0.018279|0.015973|0.100819|0.001862|0.000537|0.000469|0.002962|0.091229|0.026314|0.022996|0.145140|0.001325|0.000382|0.000334|0.002108|0.064910|0.018723|0.016361|0.103268|0.001907|0.000550|0.000481|0.003034|0.093445|0.026954|0.023554|0.148665,0.001293|0.000373|0.000326|0.002058|0.063370|0.018279|0.015973|0.100819|0.001862|0.000537|0.000469|0.002962|0.091229|0.026314|0.022996|0.145140|0.001325|0.000382|0.000334|0.002108|0.064910|0.018723|0.016361|0.103268|0.001907|0.000550|0.000481|0.003034|0.093445|0.026954|0.023554|0.148665,-1.3851358440296414e-16
1000,NEED36|CHOOSE19|GOAL_150|SNode_52|SNode_137,220,160,0.010402917861938477,0.009607791900634766,1.0827584495508462,0.119239|0.026354|0.046159|0.010202|0.036982|0.008208|0.014317|0.003178|0.100412|0.022192|0.050439|0.011148|0.031132|0.006910|0.015655|0.003475|0.112415|0.029713|0.043517|0.011502|0.034873|0.009257|0.013501|0.003584|0.094665|0.025021|0.047552|0.012570|0.029356|0.007793|0.014762|0.003919,0.119239|0.026354|0.046159|0.010202|0.036982|0.008208|0.014317|0.003178|0.100412|0.022192|0.050439|0.011148|0.031132|0.006910|0.015655|0.003475|0.112415|0.029713|0.043517|0.011502|0.034873|0.009257|0.013501|0.003584|0.094665|0.025021|0.047552|0.012570|0.029356|0.007793|0.014762|0.003919,1.1212710684817867e-16
1000,GOAL_142|SNode_122|SNode_11|COMPO16|NEWTONS45,220,137,0.008385419845581055,0.007461071014404297,1.1238895634945996,0.002830|0.003016|0.002795|0.002980|0.131910|0.140614|0.130313|0.138906|0.001358|0.001448|0.001343|0.001431|0.063329|0.067518|0.062589|0.066731|0.000621|0.000662|0.000613|0.000654|0.028942|0.030862|0.028597|0.030497|0.000304|0.000324|0.000300|0.000320|0.014158|0.015103|0.013997|0.014934,0.002830|0.003016|0.002795|0.002980|0.131910|0.140614|0.130313|0.138906|0.001358|0.001448|0.001343|0.001431|0.063329|0.067518|0.062589|0.066731|0.000621|0.000662|0.000613|0.000654|0.028942|0.030862|0.028597|0.030497|0.000304|0.000324|0.000300|0.000320|0.014158|0.015103|0.013997|0.014934,-2.083942464623697e-16
1000,GOAL_50|GIVEN21|SNode_151|GOAL_57|GRAV78,220,162,0.010660886764526367,0.00995635986328125,1.0707614942528736,0.020834|0.017658|0.008032|0.006807|0.003243|0.008113|0.001250|0.003129|0.177583|0.150510|0.068464|0.058021|0.027639|0.069158|0.010655|0.026668|0.010172|0.008615|0.004847|0.004105|0.001583|0.003967|0.000754|0.001891|0.086706|0.073434|0.041318|0.034988|0.013491|0.033817|0.006429|0.016120,0.020834|0.017658|0.008032|0.006807|0.003243|0.008113|0.001250|0.003129|0.177583|0.150510|0.068464|0.058021|0.027639|0.069158|0.010655|0.026668|0.010172|0.008615|0.004847|0.004105|0.001583|0.003967|0.000754|0.001891|0.086706|0.073434|0.041318|0.034988|0.013491|0.033817|0.006429|0.016120,5.833005124794691e-17
1000,VECTOR44|VALUE3|SNode_117|TRY25|NEED67,220,122,0.0070879459381103516,0.005916118621826172,1.1980736680905941,0.008783|0.009105|0.079030|0.081927|0.004388|0.004549|0.039506|0.040955|0.008472|0.008783|0.076235|0.079030|0.004233|0.004388|0.038109|0.039506|0.007883|0.008172|0.070932|0.073532|0.003939|0.004083|0.035459|0.036759|0.007604|0.007883|0.068423|0.070932|0.003799|0.003939|0.034205|0.035459,0.008783|0.009105|0.079030|0.081927|0.004388|0.004549|0.039506|0.040955|0.008472|0.008783|0.076235|0.079030|0.004233|0.004388|0.038109|0.039506|0.007883|0.008172|0.070932|0.073532|0.003939|0.004083|0.035459|0.036759|0.007604|0.007883|0.068423|0.070932|0.003799|0.003939|0.034205|0.035459,-3.6748142577808643e-17
1000,GOAL_103|TRY24|SNode_29|SNode_59|RESOLVE37,220,108,0.00608515739440918,0.005196332931518555,1.171048405597614,0.016927|0.016658|0.008315|0.008183|0.008671|0.008533|0.004300|0.004232|0.153037|0.150608|0.075170|0.073977|0.078386|0.077142|0.038865|0.038248|0.004728|0.004653|0.002323|0.002286|0.002422|0.002384|0.001201|0.001182|0.048557|0.047787|0.023866|0.023487|0.024884|0.024489|0.012346|0.012151,0.016927|0.016658|0.008315|0.008183|0.008671|0.008533|0.004300|0.004232|0.153037|0.150608|0.075170|0.073977|0.078386|0.077142|0.038865|0.038248|0.004728|0.004653|0.002323|0.002286|0.002422|0.002384|0.001201|0.001182|0.048557|0.047787|0.023866|0.023487|0.024884|0.024489|0.012346|0.012151,5.4489406185141743e-17
1000,WRITE31|RApp2|DISPLACEM0|VECTOR70|SNode_118,220,125,0.0071985721588134766,0.006258487701416016,1.1502095238095238,0.000499|0.000121|0.004862|0.001720|0.000451|0.000109|0.004399|0.001556|0.017972|0.004345|0.175199|0.061983|0.016260|0.003931|0.158514|0.056080|0.000483|0.000117|0.004709|0.001666|0.000437|0.000106|0.004260|0.001507|0.017406|0.004208|0.169681|0.060031|0.015748|0.003807|0.153521|0.054313,0.000499|0.000121|0.004862|0.001720|0.000451|0.000109|0.004399|0.001556|0.017972|0.004345|0.175199|0.061983|0.016260|0.003931|0.158514|0.056080|0.000483|0.000117|0.004709|0.001666|0.000437|0.000106|0.004260|0.001507|0.017406|0.004208|0.169681|0.060031|0.015748|0.003807|0.153521|0.054313,1.42787267029653e-16
1000,SNode_33|SNode_112|SNode_75|SNode_55|IDENTIFY22,220,121,0.006998300552368164,0.005876302719116211,1.1909360165537388,0.021465|0.021551|0.006982|0.007010|0.003973|0.003989|0.001591|0.001598|0.014177|0.014234|0.004566|0.004585|0.002869|0.002880|0.001178|0.001183|0.166130|0.166796|0.055041|0.055262|0.030744|0.030867|0.012541|0.012592|0.110046|0.110487|0.036105|0.036250|0.022271|0.022361|0.009319|0.009356,0.021465|0.021551|0.006982|0.007010|0.003973|0.003989|0.001591|0.001598|0.014177|0.014234|0.004566|0.004585|0.002869|0.002880|0.001178|0.001183|0.166130|0.166796|0.055041|0.055262|0.030744|0.030867|0.012541|0.012592|0.110046|0.110487|0.036105|0.036250|0.022271|0.022361|0.009319|0.009356,-1.6301404456969777e-16
1000,GOAL_107|SNode_152|SNode_20|GOAL_150|IDENTIFY55,220,160,0.01046442985534668,0.009872198104858398,1.0599898567874997,0.082918|0.082918|0.021108|0.021109|0.102978|0.102976|0.036576|0.036578|0.044441|0.044441|0.011313|0.011313|0.055189|0.055188|0.019598|0.019599|0.022087|0.022087|0.005626|0.005626|0.027429|0.027428|0.009756|0.009756|0.020739|0.020739|0.005286|0.005286|0.025771|0.025770|0.009185|0.009186,0.082918|0.082918|0.021108|0.021109|0.102978|0.102976|0.036576|0.036578|0.044441|0.044441|0.011313|0.011313|0.055189|0.055188|0.019598|0.019599|0.022087|0.022087|0.005626|0.005626|0.027429|0.027428|0.009756|0.009756|0.020739|0.020739|0.005286|0.005286|0.025771|0.025770|0.009185|0.009186,2.3347627481775383e-16
1000,WRITE64|WRITE30|RApp4|SNode_94|GOAL_108,220,114,0.0065021514892578125,0.005643129348754883,1.152224428577464,0.069981|0.016666|0.032550|0.007743|0.066318|0.015793|0.030846|0.007337|0.075505|0.017981|0.035126|0.008355|0.071553|0.017040|0.033287|0.007918|0.049418|0.032509|0.022480|0.015617|0.046831|0.030807|0.021304|0.014800|0.053319|0.035075|0.024259|0.016854|0.050528|0.033239|0.022989|0.015971,0.069981|0.016666|0.032550|0.007743|0.066318|0.015793|0.030846|0.007337|0.075505|0.017981|0.035126|0.008355|0.071553|0.017040|0.033287|0.007918|0.049418|0.032509|0.022480|0.015617|0.046831|0.030807|0.021304|0.014800|0.053319|0.035075|0.024259|0.016854|0.050528|0.033239|0.022989|0.015971,6.08787875031749e-17
1000,NEED1|SLIDING4|RESOLVE37|SNode_75|GOAL_121,220,117,0.006699085235595703,0.005661964416503906,1.1831733198585144,0.014935|0.006752|0.003044|0.001377|0.014698|0.006645|0.002995|0.001355|0.134313|0.060869|0.027369|0.012413|0.132181|0.059903|0.026935|0.012216|0.013897|0.006283|0.002832|0.001281|0.013676|0.006183|0.002787|0.001261|0.124978|0.056639|0.025467|0.011551|0.122995|0.055740|0.025063|0.011367,0.014935|0.006752|0.003044|0.001377|0.014698|0.006645|0.002995|0.001355|0.134313|0.060869|0.027369|0.012413|0.132181|0.059903|0.026935|0.012216|0.013897|0.006283|0.002832|0.001281|0.013676|0.006183|0.002787|0.001261|0.124978|0.056639|0.025467|0.011551|0.122995|0.055740|0.025063|0.011367,-8.899392278151581e-17
1000,SNode_122|TRY76|SNode_51|SNode_116|SNode_24,220,135,0.008037567138671875,0.00713038444519043,1.1272277393252417,0.172794|0.064994|0.021444|0.008068|0.058842|0.022133|0.007303|0.002748|0.152619|0.057405|0.018940|0.007126|0.051972|0.019548|0.006450|0.002427|0.083499|0.031407|0.010102|0.003801|0.028435|0.010695|0.003441|0.001295|0.073750|0.027740|0.008922|0.003357|0.025115|0.009447|0.003039|0.001143,0.172794|0.064994|0.021444|0.008068|0.058842|0.022133|0.007303|0.002748|0.152619|0.057405|0.018940|0.007126|0.051972|0.019548|0.006450|0.002427|0.083499|0.031407|0.010102|0.003801|0.028435|0.010695|0.003441|0.001295|0.073750|0.027740|0.008922|0.003357|0.025115|0.009447|0.003039|0.001143,-4.577927521730586e-17
1000,SNode_67|RApp3|VECTOR27|GOAL_146|GOAL_98,220,136,0.00841522216796875,0.007617950439453125,1.1046569854782173,0.185062|0.060156|0.043259|0.014110|0.176506|0.061932|0.041264|0.014529|0.040478|0.013158|0.009462|0.003086|0.038607|0.013547|0.009025|0.003178|0.069242|0.022537|0.016246|0.005309|0.066043|0.023199|0.015498|0.005466|0.015208|0.004951|0.003568|0.001166|0.014505|0.005096|0.003404|0.001201,0.185062|0.060156|0.043259|0.014110|0.176506|0.061932|0.041264|0.014529|0.040478|0.013158|0.009462|0.003086|0.038607|0.013547|0.009025|0.003178|0.069242|0.022537|0.016246|0.005309|0.066043|0.023199|0.015498|0.005466|0.015208|0.004951|0.003568|0.001166|0.014505|0.005096|0.003404|0.001201,1.5292225387310206e-16
1000,GOAL_61|SNode_128|CHOOSE47|SNode_154|WEIGHT56,220,124,0.007223844528198242,0.006203413009643555,1.1644951766017142,0.046487|0.112539|0.019397|0.046964|0.048967|0.118525|0.020432|0.049464|0.027922|0.067807|0.015324|0.037292|0.029413|0.071440|0.016143|0.039300|0.014078|0.034078|0.005875|0.014223|0.014829|0.035891|0.006188|0.014980|0.008469|0.020568|0.004653|0.011325|0.008921|0.021670|0.004901|0.011935,0.046487|0.112539|0.019397|0.046964|0.048967|0.118525|0.020432|0.049464|0.027922|0.067807|0.015324|0.037292|0.029413|0.071440|0.016143|0.039300|0.014078|0.034078|0.005875|0.014223|0.014829|0.035891|0.006188|0.014980|0.008469|0.020568|0.004653|0.011325|0.008921|0.021670|0.004901|0.011935,2.535357072080439e-16
1000,RApp11|APPLY77|GOAL_84|FORCE60|GIVEN21,220,136,0.008218765258789062,0.007311820983886719,1.124038085300639,0.005009|0.042689|0.024631|0.209906|0.003349|0.028535|0.016466|0.140307|0.004680|0.039882|0.023011|0.196102|0.003128|0.026659|0.015383|0.131080|0.000470|0.004016|0.002312|0.019750|0.000346|0.002958|0.001702|0.014553|0.000439|0.003752|0.002160|0.018452|0.000323|0.002764|0.001590|0.013596,0.005009|0.042689|0.024631|0.209906|0.003349|0.028535|0.016466|0.140307|0.004680|0.039882|0.023011|0.196102|0.003128|0.026659|0.015383|0.131080|0.000470|0.004016|0.002312|0.019750|0.000346|0.002958|0.001702|0.014553|0.000439|0.003752|0.002160|0.018452|0.000323|0.002764|0.001590|0.013596,-1.260983786372392e-16
1000,GOAL_129|SNode_71|SNode_132|RApp6|SNode_74,220,127,0.007729291915893555,0.006719112396240234,1.1503441913277979,0.416383|0.055894|0.060652|0.008214|0.047091|0.006319|0.006884|0.000932|0.069853|0.008327|0.010982|0.001394|0.007950|0.000947|0.001258|0.000160|0.176269|0.023662|0.025696|0.003480|0.019245|0.002580|0.002871|0.000388|0.029545|0.003522|0.004646|0.000590|0.003276|0.000390|0.000531|0.000067,0.416383|0.055894|0.060652|0.008214|0.047091|0.006319|0.006884|0.000932|0.069853|0.008327|0.010982|0.001394|0.007950|0.000947|0.001258|0.000160|0.176269|0.023662|0.025696|0.003480|0.019245|0.002580|0.002871|0.000388|0.029545|0.003522|0.004646|0.000590|0.003276|0.000390|0.000531|0.000067,5.855161619515323e-17
1000,GOAL_114|SNode_4|SNode_64|GOAL_49|GOAL_79,220,118,0.006700754165649414,0.005705118179321289,1.1745162773204063,0.003079|0.000787|0.001969|0.000503|0.001498|0.000385|0.000967|0.000249|0.216426|0.055840|0.138396|0.035720|0.105432|0.027198|0.068072|0.017582|0.001488|0.000381|0.000952|0.000244|0.000724|0.000186|0.000468|0.000120|0.104603|0.027016|0.066901|0.017284|0.050958|0.013159|0.032907|0.008507,0.003079|0.000787|0.001969|0.000503|0.001498|0.000385|0.000967|0.000249|0.216426|0.055840|0.138396|0.035720|0.105432|0.027198|0.068072|0.017582|0.001488|0.000381|0.000952|0.000244|0.000724|0.000186|0.000468|0.000120|0.104603|0.027016|0.066901|0.017284|0.050958|0.013159|0.032907|0.008507,1.7274803631609804e-16
1000,GOAL_80|GOAL_143|GOAL_110|VECTOR27|WEIGHT57,220,131,0.008193016052246094,0.007091045379638672,1.1554031336157622,0.059291|0.142311|0.057630|0.138323|0.029120|0.069788|0.028339|0.067910|0.014771|0.035539|0.014357|0.034546|0.007271|0.017601|0.007077|0.017137|0.020716|0.049696|0.020139|0.048313|0.010202|0.024401|0.009925|0.023735|0.005144|0.012400|0.005000|0.012056|0.002543|0.006205|0.002474|0.006039,0.059291|0.142311|0.057630|0.138323|0.029120|0.069788|0.028339|0.067910|0.014771|0.035539|0.014357|0.034546|0.007271|0.017601|0.007077|0.017137|0.020716|0.049696|0.020139|0.048313|0.010202|0.024401|0.009925|0.023735|0.005144|0.012400|0.005000|0.012056|0.002543|0.006205|0.002474|0.006039,1.9706642039811022e-17
1000,GOAL_79|KNOWN6|SNode_34|IDENTIFY41|GRAV2,220,78,0.003441333770751953,0.003609180450439453,0.9534945171092615,0.039418|0.039735|0.039416|0.039732|0.056377|0.056829|0.056373|0.056825|0.042024|0.042362|0.042021|0.042359|0.060103|0.060586|0.060098|0.060581|0.010169|0.010250|0.010171|0.010253|0.014553|0.014670|0.014557|0.014674|0.010841|0.010928|0.010844|0.010931|0.015516|0.015640|0.015521|0.015645,0.039418|0.039735|0.039416|0.039732|0.056377|0.056829|0.056373|0.056825|0.042024|0.042362|0.042021|0.042359|0.060103|0.060586|0.060098|0.060581|0.010169|0.010250|0.010171|0.010253|0.014553|0.014670|0.014557|0.014674|0.010841|0.010928|0.010844|0.010931|0.015516|0.015640|0.015521|0.015645,1.1320375382547797e-16
1000,NORMAL52|GRAV78|GOAL_66|RApp9|NEED67,220,118,0.006670713424682617,0.005726337432861328,1.1649179781830294,0.115425|0.084514|0.000000|0.035142|0.033507|0.024532|0.000000|0.010203|0.123550|0.090463|0.000000|0.037616|0.035866|0.026259|0.000000|0.010922|0.068373|0.050062|0.000000|0.020817|0.019848|0.014532|0.000000|0.006044|0.073186|0.053586|0.000000|0.022282|0.021245|0.015555|0.000000|0.006470,0.115425|0.084514|0.000000|0.035142|0.033507|0.024532|0.000000|0.010203|0.123550|0.090463|0.000000|0.037616|0.035866|0.026259|0.000000|0.010922|0.068373|0.050062|0.000000|0.020817|0.019848|0.014532|0.000000|0.006044|0.073186|0.053586|0.000000|0.022282|0.021245|0.015555|0.000000|0.006470,-1.1854844364617908e-16
1000,GRAV2|SNode_116|SNode_118|GOAL72|SUM75,220,136,0.008084535598754883,0.007013559341430664,1.1527008192541728,0.079068|0.086001|0.079068|0.086001|0.027131|0.029509|0.027131|0.029509|0.009718|0.010570|0.009718|0.010570|0.003355|0.003649|0.003355|0.003649|0.079703|0.086691|0.079703|0.086691|0.027348|0.029746|0.027348|0.029746|0.009796|0.010655|0.009796|0.010655|0.003382|0.003679|0.003382|0.003679,0.079068|0.086001|0.079068|0.086001|0.027131|0.029509|0.027131|0.029509|0.009718|0.010570|0.009718|0.010570|0.003355|0.003649|0.003355|0.003649|0.079703|0.086691|0.079703|0.086691|0.027348|0.029746|0.027348|0.029746|0.009796|0.010655|0.009796|0.010655|0.003382|0.003679|0.003382|0.003679,6.131315167764673e-17
1000,IDENTIFY10|INCLINE51|GOAL_72|SNode_37|RApp9,220,121,0.00699615478515625,0.005918025970458984,1.1821771009588269,0.141625|0.024871|0.061606|0.010846|0.042922|0.007542|0.018770|0.003307|0.083892|0.014732|0.036492|0.006425|0.025425|0.004468|0.011118|0.001959|0.143258|0.025157|0.062315|0.010971|0.044264|0.007778|0.019358|0.003411|0.084860|0.014902|0.036913|0.006499|0.026220|0.004608|0.011467|0.002020,0.141625|0.024871|0.061606|0.010846|0.042922|0.007542|0.018770|0.003307|0.083892|0.014732|0.036492|0.006425|0.025425|0.004468|0.011118|0.001959|0.143258|0.025157|0.062315|0.010971|0.044264|0.007778|0.019358|0.003411|0.084860|0.014902|0.036913|0.006499|0.026220|0.004608|0.011467|0.002020,1.9088351070610547e-16
1000,MAXIMIZE34|SNode_119|KINEMATI17|TRY25|RESOLVE38,220,131,0.007714748382568359,0.00677490234375,1.138724662162162,0.012024|0.010922|0.108135|0.098229|0.011460|0.010410|0.103066|0.093625|0.001632|0.001483|0.014768|0.013415|0.001556|0.001413|0.014076|0.012786|0.011598|0.010536|0.104307|0.094752|0.011054|0.010042|0.099418|0.090311|0.001575|0.001431|0.014249|0.012944|0.001501|0.001364|0.013582|0.012337,0.012024|0.010922|0.108135|0.098229|0.011460|0.010410|0.103066|0.093625|0.001632|0.001483|0.014768|0.013415|0.001556|0.001413|0.014076|0.012786|0.011598|0.010536|0.104307|0.094752|0.011054|0.010042|0.099418|0.090311|0.001575|0.001431|0.014249|0.012944|0.001501|0.001364|0.013582|0.012337,2.259551832874652e-16
1000,SNode_128|APPLY32|SNode_91|GOAL_143|GOAL_114,220,142,0.00898599624633789,0.008057594299316406,1.1152207361817967,0.129623|0.060403|0.032254|0.015234|0.036871|0.017179|0.009172|0.004340|0.126549|0.058971|0.031489|0.014872|0.035997|0.016771|0.008955|0.004237|0.083009|0.042021|0.020646|0.010700|0.023643|0.011970|0.005879|0.003057|0.081040|0.041024|0.020156|0.010446|0.023082|0.011686|0.005739|0.002984,0.129623|0.060403|0.032254|0.015234|0.036871|0.017179|0.009172|0.004340|0.126549|0.058971|0.031489|0.014872|0.035997|0.016771|0.008955|0.004237|0.083009|0.042021|0.020646|0.010700|0.023643|0.011970|0.005879|0.003057|0.081040|0.041024|0.020156|0.010446|0.023082|0.011686|0.005739|0.002984,-3.197054599012018e-16
1000,GOAL_130|GRAV2|SNode_70|GOAL_149|SNode_3,220,153,0.010530233383178711,0.009670019149780273,1.0889568283241697,0.002934|0.124642|0.002436|0.103491|0.001335|0.056724|0.001109|0.047119|0.002958|0.125644|0.002456|0.104323|0.001346|0.057179|0.001118|0.047497|0.001364|0.057955|0.001136|0.048264|0.000621|0.026370|0.000517|0.021980|0.001375|0.058421|0.001145|0.048652|0.000626|0.026582|0.000522|0.022157,0.002934|0.124642|0.002436|0.103491|0.001335|0.056724|0.001109|0.047119|0.002958|0.125644|0.002456|0.104323|0.001346|0.057179|0.001118|0.047497|0.001364|0.057955|0.001136|0.048264|0.000621|0.026370|0.000517|0.021980|0.001375|0.058421|0.001145|0.048652|0.000626|0.026582|0.000522|0.022157,1.93765998049719e-17
1000,CHOOSE62|SNode_124|GOAL_103|SNode_60|SNode_38,220,131,0.007725715637207031,0.006807804107666016,1.1348322476710793,0.128863|0.074625|0.089651|0.051923|0.040045|0.023540|0.027869|0.016373|0.013233|0.009086|0.009206|0.006323|0.004153|0.003068|0.002893|0.002148|0.127326|0.073735|0.088582|0.051304|0.039558|0.023208|0.027524|0.016114|0.013075|0.008978|0.009097|0.006247|0.004113|0.003083|0.002870|0.002187,0.128863|0.074625|0.089651|0.051923|0.040045|0.023540|0.027869|0.016373|0.013233|0.009086|0.009206|0.006323|0.004153|0.003068|0.002893|0.002148|0.127326|0.073735|0.088582|0.051304|0.039558|0.023208|0.027524|0.016114|0.013075|0.008978|0.009097|0.006247|0.004113|0.003083|0.002870|0.002187,3.3451087233353965e-17
1000,GRAV78|CHOOSE62|NORMAL50|SNode_95|SNode_135,220,130,0.007764101028442383,0.006669521331787109,1.1641166797740758,0.070299|0.007731|0.038925|0.004276|0.070637|0.007706|0.039148|0.004227|0.069458|0.007641|0.038459|0.004226|0.069792|0.007617|0.038678|0.004179|0.075247|0.008276|0.041665|0.004577|0.075610|0.008248|0.041904|0.004524|0.074348|0.008179|0.041167|0.004524|0.074704|0.008153|0.041400|0.004474,0.070299|0.007731|0.038925|0.004276|0.070637|0.007706|0.039148|0.004227|0.069458|0.007641|0.038459|0.004226|0.069792|0.007617|0.038678|0.004179|0.075247|0.008276|0.041665|0.004577|0.075610|0.008248|0.041904|0.004524|0.074348|0.008179|0.041167|0.004524|0.074704|0.008153|0.041400|0.004474,-1.4824235205053837e-17
1000,GOAL_146|FORCE60|GOAL_66|SNode_34|GOAL_127,220,134,0.008234500885009766,0.007170438766479492,1.1483956774729842,0.031412|0.012290|0.044872|0.017556|0.009086|0.003555|0.013058|0.005109|0.154292|0.060580|0.220398|0.086540|0.044631|0.017525|0.064137|0.025186|0.007152|0.003079|0.010217|0.004399|0.002069|0.000891|0.002973|0.001280|0.035142|0.015189|0.050199|0.021699|0.010165|0.004394|0.014608|0.006315,0.031412|0.012290|0.044872|0.017556|0.009086|0.003555|0.013058|0.005109|0.154292|0.060580|0.220398|0.086540|0.044631|0.017525|0.064137|0.025186|0.007152|0.003079|0.010217|0.004399|0.002069|0.000891|0.002973|0.001280|0.035142|0.015189|0.050199|0.021699|0.010165|0.004394|0.014608|0.006315,1.132540624092245e-16
1000,SNode_102|GOAL_50|SNode_155|CHOOSE47|WRITE63,220,124,0.007454395294189453,0.00641632080078125,1.1617865636147444,0.118279|0.113866|0.123692|0.119069|0.015287|0.014977|0.016023|0.015705|0.061500|0.059205|0.064296|0.061892|0.007950|0.007789|0.008331|0.008167|0.026094|0.025079|0.028345|0.027235|0.003389|0.003362|0.003693|0.003670|0.013616|0.013085|0.014806|0.014226|0.001769|0.001756|0.001930|0.001919,0.118279|0.113866|0.123692|0.119069|0.015287|0.014977|0.016023|0.015705|0.061500|0.059205|0.064296|0.061892|0.007950|0.007789|0.008331|0.008167|0.026094|0.025079|0.028345|0.027235|0.003389|0.003362|0.003693|0.003670|0.013616|0.013085|0.014806|0.014226|0.001769|0.001756|0.001930|0.001919,1.5160424703537728e-16
2500,EQUAL71|NORMAL50|IDENTIFY59|IDENTIFY22|SNode_55,220,25,0.0011963844299316406,0.0008687973022460938,1.3770581778265643,0.035617|0.012432|0.034940|0.012195|0.035390|0.012352|0.034717|0.012118|0.036308|0.012673|0.035617|0.012432|0.036076|0.012592|0.035390|0.012352|0.057329|0.020010|0.056239|0.019630|0.056964|0.019883|0.055880|0.019504|0.058441|0.020398|0.057329|0.020010|0.058068|0.020268|0.056964|0.019883,0.035617|0.012432|0.034940|0.012195|0.035390|0.012352|0.034717|0.012118|0.036308|0.012673|0.035617|0.012432|0.036076|0.012592|0.035390|0.012352|0.057329|0.020010|0.056239|0.019630|0.056964|0.019883|0.055880|0.019504|0.058441|0.020398|0.057329|0.020010|0.058068|0.020268|0.056964|0.019883,-3.2607410758758746e-16
2500,SNode_51|CHOOSE35|GIVEN21|APPLY61|GOAL65,220,16,0.0007076263427734375,0.0005471706390380859,1.2932461873638343,0.009364|0.009142|0.009171|0.008953|0.085028|0.083011|0.083277|0.081302|0.009515|0.009289|0.009319|0.009098|0.086399|0.084350|0.084620|0.082614|0.003214|0.003138|0.003148|0.003073|0.029188|0.028495|0.028587|0.027909|0.003266|0.003189|0.003199|0.003123|0.029658|0.028955|0.029048|0.028359,0.009364|0.009142|0.009171|0.008953|0.085028|0.083011|0.083277|0.081302|0.009515|0.009289|0.009319|0.009098|0.086399|0.084350|0.084620|0.082614|0.003214|0.003138|0.003148|0.003073|0.029188|0.028495|0.028587|0.027909|0.003266|0.003189|0.003199|0.003123|0.029658|0.028955|0.029048|0.028359,1.609851907272253e-17
2500,CHOOSE47|GOAL_79|WRITE30|RApp10|SNode_125,220,125,0.007390022277832031,0.006352901458740234,1.163251519927944,0.138142|0.031104|0.020704|0.006774|0.147664|0.033247|0.022112|0.007235|0.036150|0.008170|0.005505|0.001815|0.038747|0.008758|0.005920|0.001952|0.130605|0.029416|0.019577|0.006409|0.139608|0.031443|0.020909|0.006846|0.034176|0.007728|0.005206|0.001718|0.036631|0.008283|0.005598|0.001847,0.138142|0.031104|0.020704|0.006774|0.147664|0.033247|0.022112|0.007235|0.036150|0.008170|0.005505|0.001815|0.038747|0.008758|0.005920|0.001952|0.130605|0.029416|0.019577|0.006409|0.139608|0.031443|0.020909|0.006846|0.034176|0.007728|0.005206|0.001718|0.036631|0.008283|0.005598|0.001847,8.072090100878356e-17
2500,SNode_131|GRAV78|SNode_125|GOAL_62|SNode_7,220,129,0.007353544235229492,0.0064122676849365234,1.1467930842163971,0.003985|0.186626|0.001684|0.080265|0.000920|0.043095|0.000389|0.018546|0.003998|0.187224|0.001690|0.080522|0.000923|0.043233|0.000390|0.018605|0.001907|0.089301|0.000806|0.038409|0.000486|0.022773|0.000206|0.009803|0.001913|0.089587|0.000808|0.038532|0.000488|0.022846|0.000206|0.009834,0.003985|0.186626|0.001684|0.080265|0.000920|0.043095|0.000389|0.018546|0.003998|0.187224|0.001690|0.080522|0.000923|0.043233|0.000390|0.018605|0.001907|0.089301|0.000806|0.038409|0.000486|0.022773|0.000206|0.009803|0.001913|0.089587|0.000808|0.038532|0.000488|0.022846|0.000206|0.009834,1.1393413710438103e-16
2500,SNode_136|WRITE64|SNode_34|VAR20|HORIZ53,220,132,0.007776737213134766,0.006735324859619141,1.1546194690265488,0.027226|0.026075|0.067837|0.064968|0.039974|0.038284|0.099601|0.095389|0.025861|0.024767|0.064435|0.061710|0.037969|0.036364|0.094605|0.090605|0.002954|0.002829|0.007361|0.007050|0.004338|0.004154|0.010808|0.010351|0.003229|0.003093|0.008046|0.007706|0.004742|0.004541|0.011814|0.011315,0.027226|0.026075|0.067837|0.064968|0.039974|0.038284|0.099601|0.095389|0.025861|0.024767|0.064435|0.061710|0.037969|0.036364|0.094605|0.090605|0.002954|0.002829|0.007361|0.007050|0.004338|0.004154|0.010808|0.010351|0.003229|0.003093|0.008046|0.007706|0.004742|0.004541|0.011814|0.011315,-8.727592587950503e-17
2500,SYSTEM46|SNode_26|SNode_54|GRAV2|GOAL_56,220,25,0.0011060237884521484,0.0009899139404296875,1.1172928709055876,0.050954|0.016025|0.050872|0.016000|0.021529|0.008136|0.021495|0.008123|0.077688|0.024434|0.077564|0.024395|0.032825|0.012404|0.032773|0.012385|0.053545|0.016841|0.053460|0.016814|0.022624|0.008549|0.022588|0.008536|0.081640|0.025677|0.081509|0.025636|0.034495|0.013035|0.034439|0.013014,0.050954|0.016025|0.050872|0.016000|0.021529|0.008136|0.021495|0.008123|0.077688|0.024434|0.077564|0.024395|0.032825|0.012404|0.032773|0.012385|0.053545|0.016841|0.053460|0.016814|0.022624|0.008549|0.022588|0.008536|0.081640|0.025677|0.081509|0.025636|0.034495|0.013035|0.034439|0.013014,3.7962093690873043e-16
2500,GOAL_81|SNode_24|GOAL_114|SNode_27|RApp11,220,141,0.008990764617919922,0.007704257965087891,1.1669864455034968,0.086177|0.008364|0.180657|0.017532|0.040513|0.004031|0.084930|0.008450|0.038378|0.003725|0.080453|0.007808|0.018042|0.001795|0.037823|0.003763|0.050371|0.006880|0.105611|0.014426|0.023761|0.003345|0.049819|0.007013|0.022432|0.003064|0.047033|0.006424|0.010582|0.001490|0.022186|0.003123,0.086177|0.008364|0.180657|0.017532|0.040513|0.004031|0.084930|0.008450|0.038378|0.003725|0.080453|0.007808|0.018042|0.001795|0.037823|0.003763|0.050371|0.006880|0.105611|0.014426|0.023761|0.003345|0.049819|0.007013|0.022432|0.003064|0.047033|0.006424|0.010582|0.001490|0.022186|0.003123,8.398983257854379e-17
2500,SNode_59|IDENTIFY39|IDENTIFY55|SNode_42|VECTOR27,220,34,0.0013232231140136719,0.0013022422790527344,1.0161113145367997,0.051349|0.048474|0.039039|0.036853|0.049021|0.046276|0.037268|0.035182|0.049573|0.046798|0.037688|0.035578|0.047325|0.044676|0.035979|0.033965|0.024719|0.023335|0.018793|0.017740|0.023598|0.022277|0.017940|0.016936|0.023864|0.022528|0.018142|0.017127|0.022782|0.021506|0.017320|0.016350,0.051349|0.048474|0.039039|0.036853|0.049021|0.046276|0.037268|0.035182|0.049573|0.046798|0.037688|0.035578|0.047325|0.044676|0.035979|0.033965|0.024719|0.023335|0.018793|0.017740|0.023598|0.022277|0.017940|0.016936|0.023864|0.022528|0.018142|0.017127|0.022782|0.021506|0.017320|0.016350,1.0448714995917812e-16
2500,GOAL_126|SNode_13|SNode_41|HORIZ53|GOAL_108,220,118,0.00685882568359375,0.0059967041015625,1.143765903307888,0.002164|0.000445|0.002073|0.000426|0.003146|0.000647|0.003013|0.000620|0.115453|0.023748|0.110571|0.022744|0.167859|0.034528|0.160760|0.033068|0.000548|0.000673|0.000525|0.000644|0.000797|0.000978|0.000763|0.000937|0.029229|0.035896|0.027993|0.034378|0.042497|0.052191|0.040700|0.049984,0.002164|0.000445|0.002073|0.000426|0.003146|0.000647|0.003013|0.000620|0.115453|0.023748|0.110571|0.022744|0.167859|0.034528|0.160760|0.033068|0.000548|0.000673|0.000525|0.000644|0.000797|0.000978|0.000763|0.000937|0.029229|0.035896|0.027993|0.034378|0.042497|0.052191|0.040700|0.049984,1.1299655713218274e-17
2500,VECTOR44|GOAL_72|SNode_115|SNode_52|NEWTONS74,220,120,0.006929874420166016,0.005932331085205078,1.1681536853950647,0.090503|0.094197|0.038661|0.040239|0.043437|0.045210|0.018555|0.019313|0.029027|0.030212|0.012785|0.013307|0.013932|0.014501|0.006136|0.006387|0.084754|0.088213|0.036205|0.037683|0.040678|0.042339|0.017377|0.018086|0.027182|0.028291|0.011972|0.012461|0.013049|0.013581|0.005747|0.005982,0.090503|0.094197|0.038661|0.040239|0.043437|0.045210|0.018555|0.019313|0.029027|0.030212|0.012785|0.013307|0.013932|0.014501|0.006136|0.006387|0.084754|0.088213|0.036205|0.037683|0.040678|0.042339|0.017377|0.018086|0.027182|0.028291|0.011972|0.012461|0.013049|0.013581|0.005747|0.005982,8.219579227616097e-17
2500,SNode_47|SNode_128|SNode_65|SNode_54|KINEMATI17,220,124,0.007506847381591797,0.006655693054199219,1.1278836509528585,0.076241|0.073241|0.031986|0.033854|0.009885|0.009547|0.004335|0.004634|0.050295|0.048307|0.021071|0.022294|0.006931|0.006701|0.003063|0.003281|0.111642|0.107237|0.046793|0.049515|0.014540|0.014054|0.006421|0.006875|0.073637|0.070717|0.030812|0.032591|0.010203|0.009874|0.004547|0.004878,0.076241|0.073241|0.031986|0.033854|0.009885|0.009547|0.004335|0.004634|0.050295|0.048307|0.021071|0.022294|0.006931|0.006701|0.003063|0.003281|0.111642|0.107237|0.046793|0.049515|0.014540|0.014054|0.006421|0.006875|0.073637|0.070717|0.030812|0.032591|0.010203|0.009874|0.004547|0.004878,-1.370591020564288e-16
2500,WRITE30|SNode_125|SYSTEM18|IDENTIFY39|SNode_60,220,122,0.007090568542480469,0.006084918975830078,1.1652691795313848,0.060717|0.039310|0.058616|0.037950|0.059430|0.039009|0.057374|0.037660|0.014450|0.009433|0.013950|0.009106|0.014142|0.009361|0.013653|0.009038|0.064939|0.042043|0.062692|0.040589|0.063562|0.041722|0.061364|0.040278|0.015455|0.010089|0.014920|0.009740|0.015126|0.010013|0.014602|0.009666,0.060717|0.039310|0.058616|0.037950|0.059430|0.039009|0.057374|0.037660|0.014450|0.009433|0.013950|0.009106|0.014142|0.009361|0.013653|0.009038|0.064939|0.042043|0.062692|0.040589|0.063562|0.041722|0.061364|0.040278|0.015455|0.010089|0.014920|0.009740|0.015126|0.010013|0.014602|0.009666,-1.571509440188807e-16
2500,SNode_21|CHOOSE47|RApp4|SNode_25|NULL48,220,13,0.0006146430969238281,0.00043511390686035156,1.4126027397260275,0.008261|0.008287|0.064500|0.064707|0.008037|0.008062|0.062750|0.062951|0.007811|0.007836|0.060986|0.061182|0.007599|0.007623|0.059332|0.059522|0.006505|0.006526|0.050793|0.050956|0.006329|0.006349|0.049415|0.049573|0.006151|0.006170|0.048026|0.048180|0.005984|0.006003|0.046723|0.046873,0.008261|0.008287|0.064500|0.064707|0.008037|0.008062|0.062750|0.062951|0.007811|0.007836|0.060986|0.061182|0.007599|0.007623|0.059332|0.059522|0.006505|0.006526|0.050793|0.050956|0.006329|0.006349|0.049415|0.049573|0.006151|0.006170|0.048026|0.048180|0.005984|0.006003|0.046723|0.046873,2.9974531340488356e-17
2500,GOAL_61|WRITE64|GRAV2|SNode_47|IDENTIFY9,220,31,0.001165151596069336,0.0011250972747802734,1.0356007628734902,0.039282|0.038289|0.057552|0.056097|0.039219|0.038228|0.057460|0.056007|0.037862|0.036905|0.055472|0.054070|0.037802|0.036846|0.055383|0.053983|0.013062|0.012732|0.019137|0.018653|0.013041|0.012711|0.019106|0.018623|0.012590|0.012272|0.018445|0.017979|0.012570|0.012252|0.018416|0.017951,0.039282|0.038289|0.057552|0.056097|0.039219|0.038228|0.057460|0.056007|0.037862|0.036905|0.055472|0.054070|0.037802|0.036846|0.055383|0.053983|0.013062|0.012732|0.019137|0.018653|0.013041|0.012711|0.019106|0.018623|0.012590|0.012272|0.018445|0.017979|0.012570|0.012252|0.018416|0.017951,-4.5913883376162496e-17
2500,WEIGHT56|GIVEN21|IDENTIFY59|RESOLVE38|SYSTEM18,220,5,0.0003743171691894531,0.00022172927856445312,1.6881720430107527,0.003957|0.003894|0.004008|0.003944|0.003932|0.003869|0.003982|0.003919|0.035932|0.035361|0.036395|0.035817|0.035703|0.035136|0.036162|0.035588|0.008502|0.008367|0.008612|0.008475|0.008448|0.008314|0.008557|0.008421|0.077204|0.075978|0.078198|0.076957|0.076711|0.075493|0.077699|0.076466,0.003957|0.003894|0.004008|0.003944|0.003932|0.003869|0.003982|0.003919|0.035932|0.035361|0.036395|0.035817|0.035703|0.035136|0.036162|0.035588|0.008502|0.008367|0.008612|0.008475|0.008448|0.008314|0.008557|0.008421|0.077204|0.075978|0.078198|0.076957|0.076711|0.075493|0.077699|0.076466,-5.020134062955543e-17
2500,SNode_21|SNode_115|WEIGHT57|SNode_73|SNode_59,220,124,0.0072116851806640625,0.006196022033691406,1.1639218100661843,0.056941|0.027350|0.021455|0.010379|0.128413|0.061680|0.048385|0.023407|0.025201|0.012090|0.012418|0.006028|0.056833|0.027265|0.028005|0.013594|0.044840|0.021538|0.016895|0.008174|0.101124|0.048573|0.038103|0.018433|0.019845|0.009521|0.009779|0.004747|0.044755|0.021471|0.022054|0.010705,0.056941|0.027350|0.021455|0.010379|0.128413|0.061680|0.048385|0.023407|0.025201|0.012090|0.012418|0.006028|0.056833|0.027265|0.028005|0.013594|0.044840|0.021538|0.016895|0.008174|0.101124|0.048573|0.038103|0.018433|0.019845|0.009521|0.009779|0.004747|0.044755|0.021471|0.022054|0.010705,9.813651511393943e-18
2500,SNode_11|SNode_17|SNode_54|TRY76|VELOCITY7,220,21,0.0009236335754394531,0.0007762908935546875,1.1898034398034398,0.000052|0.000054|0.000056|0.000058|0.000022|0.000023|0.000024|0.000025|0.003352|0.003478|0.003614|0.003750|0.001485|0.001541|0.001601|0.001661|0.002457|0.002549|0.002649|0.002748|0.001058|0.001098|0.001141|0.001184|0.157818|0.163735|0.170150|0.176529|0.069927|0.072549|0.075391|0.078217,0.000052|0.000054|0.000056|0.000058|0.000022|0.000023|0.000024|0.000025|0.003352|0.003478|0.003614|0.003750|0.001485|0.001541|0.001601|0.001661|0.002457|0.002549|0.002649|0.002748|0.001058|0.001098|0.001141|0.001184|0.157818|0.163735|0.170150|0.176529|0.069927|0.072549|0.075391|0.078217,-1.481881737450559e-17
2500,RApp7|WRITE30|SNode_65|SNode_54|GOAL_150,220,164,0.011050701141357422,0.010234594345092773,1.079740023761269,0.201645|0.053618|0.088785|0.023620|0.026389|0.007017|0.012198|0.003245|0.214623|0.057070|0.094309|0.025090|0.029266|0.007783|0.013695|0.003644|0.032271|0.008594|0.014210|0.003786|0.004223|0.001125|0.001952|0.000520|0.034348|0.009148|0.015094|0.004022|0.004684|0.001248|0.002192|0.000584,0.201645|0.053618|0.088785|0.023620|0.026389|0.007017|0.012198|0.003245|0.214623|0.057070|0.094309|0.025090|0.029266|0.007783|0.013695|0.003644|0.032271|0.008594|0.014210|0.003786|0.004223|0.001125|0.001952|0.000520|0.034348|0.009148|0.015094|0.004022|0.004684|0.001248|0.002192|0.000584,4.551756902696793e-17
2500,SNode_94|SNode_12|GOAL65|SNode_154|RApp7,220,121,0.0070323944091796875,0.006108522415161133,1.1512431208774052,0.004894|0.000642|0.002242|0.000493|0.004778|0.000627|0.002189|0.000481|0.209754|0.027504|0.096101|0.021127|0.204780|0.026852|0.093822|0.020626|0.001924|0.000259|0.000885|0.000199|0.001878|0.000252|0.000864|0.000194|0.082460|0.011083|0.037910|0.008524|0.080505|0.010820|0.037011|0.008322,0.004894|0.000642|0.002242|0.000493|0.004778|0.000627|0.002189|0.000481|0.209754|0.027504|0.096101|0.021127|0.204780|0.026852|0.093822|0.020626|0.001924|0.000259|0.000885|0.000199|0.001878|0.000252|0.000864|0.000194|0.082460|0.011083|0.037910|0.008524|0.080505|0.010820|0.037011|0.008322,-5.50384046201652e-18
2500,SNode_11|SNode_60|RApp1|GOAL68|TRY14,220,30,0.0012288093566894531,0.0010912418365478516,1.1260651081494428,0.001957|0.001129|0.002018|0.001164|0.001973|0.001138|0.002034|0.001173|0.001271|0.000744|0.001310|0.000767|0.001281|0.000750|0.001320|0.000773|0.092139|0.053134|0.094983|0.054774|0.092872|0.053557|0.095739|0.055210|0.059811|0.035039|0.061658|0.036121|0.060287|0.035318|0.062149|0.036408,0.001957|0.001129|0.002018|0.001164|0.001973|0.001138|0.002034|0.001173|0.001271|0.000744|0.001310|0.000767|0.001281|0.000750|0.001320|0.000773|0.092139|0.053134|0.094983|0.054774|0.092872|0.053557|0.095739|0.055210|0.059811|0.035039|0.061658|0.036121|0.060287|0.035318|0.062149|0.036408,0.0
2500,SNode_33|SNode_152|BUGGY54|SNode_47|SNode_93,220,113,0.006640911102294922,0.005519390106201172,1.2031965442764578,0.009512|0.003609|0.013936|0.005287|0.009635|0.003655|0.014116|0.005355|0.006212|0.002364|0.009101|0.003463|0.006292|0.002394|0.009218|0.003508|0.078698|0.029703|0.115300|0.043518|0.079712|0.030086|0.116785|0.044079|0.051633|0.019803|0.075647|0.029013|0.052298|0.020058|0.076621|0.029387,0.009512|0.003609|0.013936|0.005287|0.009635|0.003655|0.014116|0.005355|0.006212|0.002364|0.009101|0.003463|0.006292|0.002394|0.009218|0.003508|0.078698|0.029703|0.115300|0.043518|0.079712|0.030086|0.116785|0.044079|0.051633|0.019803|0.075647|0.029013|0.052298|0.020058|0.076621|0.029387,8.346527656764885e-17
2500,SNode_16|SNode_44|SNode_132|GOAL_48|WEIGHT56,220,127,0.007729530334472656,0.006605863571166992,1.1701014184141192,0.001555|0.003348|0.002208|0.004753|0.000187|0.000396|0.000266|0.000562|0.000779|0.001678|0.001127|0.002427|0.000094|0.000198|0.000136|0.000287|0.076291|0.162717|0.108318|0.230964|0.009075|0.020702|0.012887|0.029459|0.038236|0.081551|0.055312|0.117941|0.004548|0.010375|0.006581|0.015043,0.001555|0.003348|0.002208|0.004753|0.000187|0.000396|0.000266|0.000562|0.000779|0.001678|0.001127|0.002427|0.000094|0.000198|0.000136|0.000287|0.076291|0.162717|0.108318|0.230964|0.009075|0.020702|0.012887|0.029459|0.038236|0.081551|0.055312|0.117941|0.004548|0.010375|0.006581|0.015043,2.175794032747747e-16
2500,GIVEN_1|SNode_115|SNode_123|APPLY77|SNode_9,220,130,0.0077381134033203125,0.006929636001586914,1.1166695338035437,0.000150|0.005999|0.000156|0.006254|0.000021|0.000843|0.000022|0.000879|0.000071|0.002829|0.000074|0.002949|0.000011|0.000455|0.000012|0.000475|0.006928|0.276992|0.007222|0.288760|0.000973|0.038912|0.001015|0.040565|0.003266|0.130598|0.003405|0.136146|0.000526|0.021026|0.000548|0.021919,0.000150|0.005999|0.000156|0.006254|0.000021|0.000843|0.000022|0.000879|0.000071|0.002829|0.000074|0.002949|0.000011|0.000455|0.000012|0.000475|0.006928|0.276992|0.007222|0.288760|0.000973|0.038912|0.001015|0.040565|0.003266|0.130598|0.003405|0.136146|0.000526|0.021026|0.000548|0.021919,-6.638165981035403e-17
2500,NEWTONS74|GOAL65|SNode_55|GOAL_99|IDENTIFY41,220,96,0.004220485687255859,0.0045299530029296875,0.9316842105263158,0.070592|0.064641|0.025347|0.023210|0.024635|0.022558|0.008851|0.008105|0.068918|0.063108|0.024746|0.022660|0.024051|0.022024|0.008641|0.007913|0.073473|0.067280|0.026381|0.024158|0.025641|0.023479|0.009212|0.008436|0.071731|0.065684|0.025756|0.023585|0.025032|0.022922|0.008994|0.008236,0.070592|0.064641|0.025347|0.023210|0.024635|0.022558|0.008851|0.008105|0.068918|0.063108|0.024746|0.022660|0.024051|0.022024|0.008641|0.007913|0.073473|0.067280|0.026381|0.024158|0.025641|0.023479|0.009212|0.008436|0.071731|0.065684|0.025756|0.023585|0.025032|0.022922|0.008994|0.008236,5.5446817148686903e-17
2500,WRITE31|SNode_20|SNode_24|SLIDING4|APPLY32,220,10,0.0005362033843994141,0.0003685951232910156,1.4547218628719276,0.008593|0.008944|0.073400|0.076395|0.002185|0.002275|0.018668|0.019430|0.009556|0.009946|0.081624|0.084956|0.005897|0.006137|0.050370|0.052426|0.008229|0.008565|0.070296|0.073165|0.002093|0.002178|0.017879|0.018608|0.009152|0.009525|0.078172|0.081363|0.005647|0.005878|0.048240|0.050209,0.008593|0.008944|0.073400|0.076395|0.002185|0.002275|0.018668|0.019430|0.009556|0.009946|0.081624|0.084956|0.005897|0.006137|0.050370|0.052426|0.008229|0.008565|0.070296|0.073165|0.002093|0.002178|0.017879|0.018608|0.009152|0.009525|0.078172|0.081363|0.005647|0.005878|0.048240|0.050209,0.0
2500,GOAL_113|DEFINE23|GOAL66|RApp3|WEIGHT57,220,121,0.006778717041015625,0.005859851837158203,1.1568069004801043,0.053456|0.120553|0.012128|0.027350|0.033098|0.074643|0.007509|0.016934|0.053370|0.120361|0.012108|0.027306|0.033045|0.074524|0.007497|0.016907|0.023928|0.053962|0.005428|0.012242|0.014815|0.033412|0.003361|0.007580|0.023889|0.053876|0.005420|0.012223|0.014792|0.033358|0.003356|0.007568,0.053456|0.120553|0.012128|0.027350|0.033098|0.074643|0.007509|0.016934|0.053370|0.120361|0.012108|0.027306|0.033045|0.074524|0.007497|0.016907|0.023928|0.053962|0.005428|0.012242|0.014815|0.033412|0.003361|0.007580|0.023889|0.053876|0.005420|0.012223|0.014792|0.033358|0.003356|0.007568,2.9905405004613895e-16
2500,IDENTIFY10|SNode_41|SNode_21|GOAL_130|SNode_75,220,122,0.007124423980712891,0.00616002082824707,1.1565584239656306,0.062600|0.011806|0.030154|0.005690|0.049297|0.009297|0.023746|0.004481|0.090924|0.017257|0.043797|0.008318|0.071601|0.013590|0.034490|0.006550|0.066833|0.012620|0.032193|0.006083|0.052630|0.009938|0.025352|0.004790|0.096993|0.018525|0.046721|0.008929|0.076381|0.014588|0.036792|0.007032,0.062600|0.011806|0.030154|0.005690|0.049297|0.009297|0.023746|0.004481|0.090924|0.017257|0.043797|0.008318|0.071601|0.013590|0.034490|0.006550|0.066833|0.012620|0.032193|0.006083|0.052630|0.009938|0.025352|0.004790|0.096993|0.018525|0.046721|0.008929|0.076381|0.014588|0.036792|0.007032,-6.108499561544e-17
2500,IDENTIFY55|GOAL_108|GOAL_111|SNode_74|NORMAL52,220,119,0.006844520568847656,0.00587010383605957,1.1659965070468299,0.153959|0.087356|0.017849|0.010128|0.053151|0.030158|0.006162|0.003496|0.055245|0.031346|0.006407|0.003635|0.030132|0.017097|0.003495|0.001983|0.146978|0.083395|0.017040|0.009668|0.050741|0.028790|0.005882|0.003338|0.052740|0.029924|0.006116|0.003470|0.028766|0.016322|0.003337|0.001893,0.153959|0.087356|0.017849|0.010128|0.053151|0.030158|0.006162|0.003496|0.055245|0.031346|0.006407|0.003635|0.030132|0.017097|0.003495|0.001983|0.146978|0.083395|0.017040|0.009668|0.050741|0.028790|0.005882|0.003338|0.052740|0.029924|0.006116|0.003470|0.028766|0.016322|0.003337|0.001893,2.1053155594973526e-16
2500,SNode_8|CHOOSE19|GOAL_56|SNode_24|SNode_7,220,29,0.0011775493621826172,0.0010445117950439453,1.1273681807806437,0.000054|0.002560|0.000024|0.001140|0.000017|0.000805|0.000008|0.000358|0.000052|0.002435|0.000023|0.001084|0.000018|0.000860|0.000008|0.000383|0.005477|0.257842|0.002439|0.114827|0.001722|0.081061|0.000767|0.036100|0.005210|0.245279|0.002320|0.109232|0.001841|0.086647|0.000820|0.038587,0.000054|0.002560|0.000024|0.001140|0.000017|0.000805|0.000008|0.000358|0.000052|0.002435|0.000023|0.001084|0.000018|0.000860|0.000008|0.000383|0.005477|0.257842|0.002439|0.114827|0.001722|0.081061|0.000767|0.036100|0.005210|0.245279|0.002320|0.109232|0.001841|0.086647|0.000820|0.038587,1.9540154937512915e-16
2500,SNode_64|SNode_97|SNode_25|SNode_94|SNode_95,220,104,0.004952430725097656,0.005087137222290039,0.9735201762197122,0.037655|0.009012|0.002924|0.008090|0.294018|0.070369|0.022834|0.063171|0.008498|0.002034|0.003071|0.008497|0.066357|0.015882|0.023981|0.066344|0.015926|0.003812|0.001237|0.003423|0.124350|0.029761|0.009662|0.026729|0.003594|0.000860|0.001300|0.003596|0.028065|0.006717|0.010150|0.028079,0.037655|0.009012|0.002924|0.008090|0.294018|0.070369|0.022834|0.063171|0.008498|0.002034|0.003071|0.008497|0.066357|0.015882|0.023981|0.066344|0.015926|0.003812|0.001237|0.003423|0.124350|0.029761|0.009662|0.026729|0.003594|0.000860|0.001300|0.003596|0.028065|0.006717|0.010150|0.028079,-1.228598208123782e-16
2500,GOAL_143|SNode_136|VECTOR44|SNode_33|RApp12,220,147,0.009514093399047852,0.00865626335144043,1.099099347233316,0.039212|0.000000|0.324628|0.000000|0.036719|0.000000|0.303987|0.000000|0.004560|0.000000|0.037793|0.000000|0.004272|0.000000|0.035410|0.000000|0.005296|0.005294|0.044059|0.044047|0.004960|0.004957|0.041261|0.041249|0.000615|0.000617|0.005127|0.005150|0.000576|0.000579|0.004802|0.004828,0.039212|0.000000|0.324628|0.000000|0.036719|0.000000|0.303987|0.000000|0.004560|0.000000|0.037793|0.000000|0.004272|0.000000|0.035410|0.000000|0.005296|0.005294|0.044059|0.044047|0.004960|0.004957|0.041261|0.041249|0.000615|0.000617|0.005127|0.005150|0.000576|0.000579|0.004802|0.004828,2.4850115981830096e-16
2500,RApp7|TRY26|NEED36|GOAL_113|EQUATION28,220,122,0.0070760250091552734,0.006028413772583008,1.1737789203084832,0.017339|0.011425|0.007041|0.004640|0.016552|0.010907|0.006722|0.004429|0.171662|0.113093|0.069809|0.045998|0.163877|0.107950|0.066643|0.043911|0.002186|0.001441|0.001683|0.001109|0.002087|0.001375|0.001606|0.001058|0.021854|0.014412|0.016819|0.011091|0.020863|0.013767|0.016056|0.010595,0.017339|0.011425|0.007041|0.004640|0.016552|0.010907|0.006722|0.004429|0.171662|0.113093|0.069809|0.045998|0.163877|0.107950|0.066643|0.043911|0.002186|0.001441|0.001683|0.001109|0.002087|0.001375|0.001606|0.001058|0.021854|0.014412|0.016819|0.011091|0.020863|0.013767|0.016056|0.010595,1.763398806105737e-16
2500,RESOLVE38|INCLINE51|SNode_132|SNode_116|SNode_3,220,131,0.008115530014038086,0.0071048736572265625,1.142248322147651,0.004754|0.248119|0.000545|0.028423|0.000579|0.030211|0.000081|0.004246|0.002697|0.140782|0.000309|0.016127|0.000328|0.017141|0.000046|0.002409|0.004815|0.251315|0.000552|0.028790|0.000586|0.030600|0.000082|0.004301|0.002732|0.142596|0.000313|0.016335|0.000333|0.017362|0.000047|0.002440,0.004754|0.248119|0.000545|0.028423|0.000579|0.030211|0.000081|0.004246|0.002697|0.140782|0.000309|0.016127|0.000328|0.017141|0.000046|0.002409|0.004815|0.251315|0.000552|0.028790|0.000586|0.030600|0.000082|0.004301|0.002732|0.142596|0.000313|0.016335|0.000333|0.017362|0.000047|0.002440,-1.1619477873011e-16
2500,FORCE60|SNode_71|WRITE63|RApp7|INCLINE51,220,118,0.006911039352416992,0.006043434143066406,1.1435616222187155,0.047358|0.026871|0.007057|0.004004|0.045947|0.026070|0.007775|0.004412|0.009306|0.005280|0.001387|0.000787|0.009028|0.005122|0.001528|0.000867|0.186138|0.105614|0.027766|0.015754|0.180197|0.102244|0.030985|0.017581|0.036575|0.020753|0.005456|0.003096|0.035405|0.020089|0.006092|0.003456,0.047358|0.026871|0.007057|0.004004|0.045947|0.026070|0.007775|0.004412|0.009306|0.005280|0.001387|0.000787|0.009028|0.005122|0.001528|0.000867|0.186138|0.105614|0.027766|0.015754|0.180197|0.102244|0.030985|0.017581|0.036575|0.020753|0.005456|0.003096|0.035405|0.020089|0.006092|0.003456,6.112619292548435e-17
2500,GOAL_114|SNode_95|APPLY32|TRY24|SNode_65,220,124,0.007253885269165039,0.006240367889404297,1.162413081684114,0.018324|0.002490|0.173267|0.023547|0.019067|0.002597|0.180291|0.024556|0.009356|0.001271|0.092099|0.012519|0.009735|0.001326|0.095833|0.013055|0.008631|0.001173|0.081734|0.011108|0.008981|0.001223|0.085048|0.011584|0.004410|0.000599|0.043550|0.005920|0.004589|0.000625|0.045315|0.006173,0.018324|0.002490|0.173267|0.023547|0.019067|0.002597|0.180291|0.024556|0.009356|0.001271|0.092099|0.012519|0.009735|0.001326|0.095833|0.013055|0.008631|0.001173|0.081734|0.011108|0.008981|0.001223|0.085048|0.011584|0.004410|0.000599|0.043550|0.005920|0.004589|0.000625|0.045315|0.006173,-1.2527545513084307e-16
2500,SNode_100|SNode_115|SNode_70|GOAL_56|SNode_119,220,136,0.008322477340698242,0.007259368896484375,1.146446400420389,0.223252|0.027239|0.073909|0.009016|0.088535|0.010913|0.029969|0.003696|0.097451|0.012775|0.032068|0.004202|0.050861|0.006828|0.017344|0.002330|0.100005|0.012239|0.033158|0.004058|0.039674|0.004909|0.013452|0.001665|0.043663|0.005768|0.014391|0.001900|0.022796|0.003088|0.007787|0.001056,0.223252|0.027239|0.073909|0.009016|0.088535|0.010913|0.029969|0.003696|0.097451|0.012775|0.032068|0.004202|0.050861|0.006828|0.017344|0.002330|0.100005|0.012239|0.033158|0.004058|0.039674|0.004909|0.013452|0.001665|0.043663|0.005768|0.014391|0.001900|0.022796|0.003088|0.007787|0.001056,2.6628769666470004e-16
2500,SNode_64|GOAL_49|SLIDING4|SNode_40|SNode_43,220,99,0.004338741302490234,0.004464864730834961,0.9717520158060554,0.024837|0.007782|0.009225|0.002890|0.212160|0.066470|0.078800|0.024688|0.015582|0.005485|0.005803|0.002043|0.133102|0.046852|0.049571|0.017449|0.010431|0.003302|0.003875|0.001227|0.089101|0.028206|0.033097|0.010478|0.006613|0.002363|0.002463|0.000880|0.056484|0.020183|0.021040|0.007518,0.024837|0.007782|0.009225|0.002890|0.212160|0.066470|0.078800|0.024688|0.015582|0.005485|0.005803|0.002043|0.133102|0.046852|0.049571|0.017449|0.010431|0.003302|0.003875|0.001227|0.089101|0.028206|0.033097|0.010478|0.006613|0.002363|0.002463|0.000880|0.056484|0.020183|0.021040|0.007518,1.4993805334820731e-16
2500,IDENTIFY39|SNode_5|SNode_120|SNode_40|GOAL_130,220,138,0.008432149887084961,0.007480621337890625,1.1271991330953595,0.003686|0.001771|0.001370|0.000658|0.000419|0.000207|0.000156|0.000077|0.221083|0.106204|0.082197|0.039492|0.025123|0.012398|0.009345|0.004614|0.003559|0.001710|0.001323|0.000636|0.000404|0.000200|0.000150|0.000074|0.213436|0.102530|0.079353|0.038126|0.024254|0.011970|0.009022|0.004454,0.003686|0.001771|0.001370|0.000658|0.000419|0.000207|0.000156|0.000077|0.221083|0.106204|0.082197|0.039492|0.025123|0.012398|0.009345|0.004614|0.003559|0.001710|0.001323|0.000636|0.000404|0.000200|0.000150|0.000074|0.213436|0.102530|0.079353|0.038126|0.024254|0.011970|0.009022|0.004454,2.1213654623952574e-16
2500,SNode_151|CONSTANT5|EQUATION28|VAR20|CHOOSE47,220,163,0.011181116104125977,0.010176420211791992,1.09872783075229,0.035321|0.033383|0.088006|0.083179|0.023263|0.021987|0.057964|0.054782|0.036528|0.034524|0.091013|0.086021|0.024058|0.022738|0.059944|0.056654|0.008303|0.007864|0.020688|0.019593|0.005481|0.005192|0.013657|0.012937|0.008587|0.008132|0.021395|0.020263|0.005669|0.005370|0.014124|0.013379,0.035321|0.033383|0.088006|0.083179|0.023263|0.021987|0.057964|0.054782|0.036528|0.034524|0.091013|0.086021|0.024058|0.022738|0.059944|0.056654|0.008303|0.007864|0.020688|0.019593|0.005481|0.005192|0.013657|0.012937|0.008587|0.008132|0.021395|0.020263|0.005669|0.005370|0.014124|0.013379,-8.08256118330577e-17
2500,CHOOSE35|RApp13|DISPLACEM0|SNode_12|GOAL_114,220,139,0.008596181869506836,0.007668495178222656,1.1209737594826514,0.003376|0.001593|0.144685|0.068271|0.003536|0.001669|0.151558|0.071514|0.000376|0.000178|0.016129|0.007638|0.000394|0.000187|0.016895|0.008001|0.003430|0.001619|0.147019|0.069372|0.003593|0.001695|0.154003|0.072667|0.000382|0.000181|0.016389|0.007762|0.000401|0.000190|0.017168|0.008130,0.003376|0.001593|0.144685|0.068271|0.003536|0.001669|0.151558|0.071514|0.000376|0.000178|0.016129|0.007638|0.000394|0.000187|0.016895|0.008001|0.003430|0.001619|0.147019|0.069372|0.003593|0.001695|0.154003|0.072667|0.000382|0.000181|0.016389|0.007762|0.000401|0.000190|0.017168|0.008130,2.3183767948090982e-17
2500,TRY15|WRITE30|GOAL_80|TRY25|SNode_134,220,131,0.007921457290649414,0.006792783737182617,1.1661577340212699,0.020507|0.002337|0.182089|0.020797|0.007253|0.000827|0.064380|0.007385|0.021878|0.002493|0.194264|0.022187|0.007812|0.000891|0.069343|0.007955|0.011920|0.001358|0.105838|0.012088|0.004217|0.000481|0.037429|0.004294|0.012715|0.001449|0.112900|0.012895|0.004543|0.000518|0.040329|0.004627,0.020507|0.002337|0.182089|0.020797|0.007253|0.000827|0.064380|0.007385|0.021878|0.002493|0.194264|0.022187|0.007812|0.000891|0.069343|0.007955|0.011920|0.001358|0.105838|0.012088|0.004217|0.000481|0.037429|0.004294|0.012715|0.001449|0.112900|0.012895|0.004543|0.000518|0.040329|0.004627,-2.173030021290728e-16
2500,GOAL_79|GOAL_57|SNode_5|TRY14|NEED67,220,80,0.0036132335662841797,0.0035941600799560547,1.00530679933665,0.003052|0.002786|0.001781|0.001626|0.182702|0.166766|0.103694|0.094650|0.001244|0.001135|0.000712|0.000650|0.074954|0.068416|0.045811|0.041815|0.000802|0.000732|0.000468|0.000427|0.048029|0.043840|0.027264|0.024886|0.000327|0.000299|0.000187|0.000171|0.019717|0.017997|0.012055|0.011003,0.003052|0.002786|0.001781|0.001626|0.182702|0.166766|0.103694|0.094650|0.001244|0.001135|0.000712|0.000650|0.074954|0.068416|0.045811|0.041815|0.000802|0.000732|0.000468|0.000427|0.048029|0.043840|0.027264|0.024886|0.000327|0.000299|0.000187|0.000171|0.019717|0.017997|0.012055|0.011003,1.240766530906114e-16
2500,TRY11|TRY25|SNode_11|IDENTIFY59|SYSTEM18,220,5,0.0004241466522216797,0.00020241737365722656,2.095406360424028,0.000297|0.000293|0.000295|0.000291|0.013999|0.013777|0.013910|0.013689|0.002641|0.002599|0.002624|0.002583|0.124331|0.122357|0.123538|0.121577|0.000235|0.000231|0.000233|0.000230|0.011053|0.010877|0.010982|0.010808|0.002085|0.002052|0.002072|0.002039|0.098165|0.096607|0.097539|0.095991,0.000297|0.000293|0.000295|0.000291|0.013999|0.013777|0.013910|0.013689|0.002641|0.002599|0.002624|0.002583|0.124331|0.122357|0.123538|0.121577|0.000235|0.000231|0.000233|0.000230|0.011053|0.010877|0.010982|0.010808|0.002085|0.002052|0.002072|0.002039|0.098165|0.096607|0.097539|0.095991,2.1903663760608002e-16
2500,SNode_71|SNode_24|SNode_94|GOAL_110|IDENTIFY55,220,124,0.00723576545715332,0.006280183792114258,1.152158232413348,0.149030|0.142272|0.063182|0.060316|0.058517|0.055864|0.025107|0.023968|0.066261|0.063256|0.028091|0.026817|0.026167|0.024981|0.011227|0.010718|0.029268|0.027941|0.012409|0.011847|0.011512|0.010990|0.004941|0.004717|0.013013|0.012423|0.005517|0.005267|0.005148|0.004914|0.002209|0.002109,0.149030|0.142272|0.063182|0.060316|0.058517|0.055864|0.025107|0.023968|0.066261|0.063256|0.028091|0.026817|0.026167|0.024981|0.011227|0.010718|0.029268|0.027941|0.012409|0.011847|0.011512|0.010990|0.004941|0.004717|0.013013|0.012423|0.005517|0.005267|0.005148|0.004914|0.002209|0.002109,7.077440110551885e-17
2500,SNode_7|RApp6|GOAL_142|COMPO16|SNode_42,220,134,0.008203268051147461,0.00716853141784668,1.1443442977350584,0.004677|0.003556|0.003455|0.002626|0.001231|0.000936|0.000904|0.000687|0.000000|0.000000|0.001222|0.000929|0.000000|0.000000|0.000327|0.000249|0.220168|0.167384|0.162627|0.123611|0.057973|0.044074|0.042570|0.032357|0.000000|0.000000|0.057528|0.043762|0.000000|0.000000|0.015417|0.011728,0.004677|0.003556|0.003455|0.002626|0.001231|0.000936|0.000904|0.000687|0.000000|0.000000|0.001222|0.000929|0.000000|0.000000|0.000327|0.000249|0.220168|0.167384|0.162627|0.123611|0.057973|0.044074|0.042570|0.032357|0.000000|0.000000|0.057528|0.043762|0.000000|0.000000|0.015417|0.011728,-1.4118317213454989e-16
2500,GOAL65|TRY12|WRITE64|GOAL_143|SNode_91,220,137,0.008380889892578125,0.007479667663574219,1.12048960856815,0.109094|0.033658|0.029522|0.009116|0.105150|0.032441|0.028457|0.008787|0.045869|0.014152|0.012413|0.003833|0.044211|0.013640|0.011965|0.003694|0.106446|0.032839|0.028882|0.008920|0.102506|0.031619|0.027932|0.008631|0.044756|0.013807|0.012144|0.003751|0.043099|0.013294|0.011744|0.003629,0.109094|0.033658|0.029522|0.009116|0.105150|0.032441|0.028457|0.008787|0.045869|0.014152|0.012413|0.003833|0.044211|0.013640|0.011965|0.003694|0.106446|0.032839|0.028882|0.008920|0.102506|0.031619|0.027932|0.008631|0.044756|0.013807|0.012144|0.003751|0.043099|0.013294|0.011744|0.003629,-9.499574529771409e-17
2500,FIND49|RApp7|VECTOR73|CONSTANT5|SNode_33,220,117,0.006487607955932617,0.005556583404541016,1.1675534197202437,0.011554|0.095705|0.011949|0.098975|0.011987|0.099293|0.012397|0.102686|0.001839|0.015305|0.001902|0.015828|0.001908|0.015879|0.001973|0.016421|0.010854|0.089867|0.011225|0.092938|0.011261|0.093236|0.011646|0.096423|0.001728|0.014425|0.001787|0.014918|0.001793|0.014966|0.001854|0.015477,0.011554|0.095705|0.011949|0.098975|0.011987|0.099293|0.012397|0.102686|0.001839|0.015305|0.001902|0.015828|0.001908|0.015879|0.001973|0.016421|0.010854|0.089867|0.011225|0.092938|0.011261|0.093236|0.011646|0.096423|0.001728|0.014425|0.001787|0.014918|0.001793|0.014966|0.001854|0.015477,1.6535285163395962e-16
2500,GOAL68|SNode_27|GOAL_150|SNode_124|SNode_131,220,165,0.012167692184448242,0.010940313339233398,1.1121886373046832,0.080473|0.030824|0.010265|0.004048|0.021305|0.008152|0.002828|0.001125|0.168710|0.064621|0.021519|0.008487|0.044666|0.017090|0.005929|0.002359|0.071725|0.043004|0.008989|0.005765|0.019004|0.011366|0.002463|0.001613|0.150369|0.090157|0.018845|0.012085|0.039841|0.023829|0.005164|0.003381,0.080473|0.030824|0.010265|0.004048|0.021305|0.008152|0.002828|0.001125|0.168710|0.064621|0.021519|0.008487|0.044666|0.017090|0.005929|0.002359|0.071725|0.043004|0.008989|0.005765|0.019004|0.011366|0.002463|0.001613|0.150369|0.090157|0.018845|0.012085|0.039841|0.023829|0.005164|0.003381,-1.3537434261483076e-16
2500,TRY12|GOAL_84|SNode_154|KINEMATI17|SNode_12,220,119,0.006760358810424805,0.005885601043701172,1.1486267520051852,0.003286|0.140857|0.003255|0.139509|0.001622|0.069518|0.001606|0.068853|0.002109|0.090370|0.002088|0.089509|0.001047|0.044879|0.001037|0.044452|0.001382|0.059223|0.001369|0.058655|0.000682|0.029229|0.000675|0.028948|0.000887|0.037998|0.000878|0.037637|0.000440|0.018870|0.000436|0.018692,0.003286|0.140857|0.003255|0.139509|0.001622|0.069518|0.001606|0.068853|0.002109|0.090370|0.002088|0.089509|0.001047|0.044879|0.001037|0.044452|0.001382|0.059223|0.001369|0.058655|0.000682|0.029229|0.000675|0.028948|0.000887|0.037998|0.000878|0.037637|0.000440|0.018870|0.000436|0.018692,1.5930628209801822e-17
2500,VECTOR27|CHOOSE62|SNode_55|TRY11|GOAL_121,220,116,0.006536722183227539,0.005573749542236328,1.172769270254085,0.074214|0.035352|0.057715|0.027492|0.025239|0.012023|0.020808|0.009913|0.070823|0.034109|0.055078|0.026526|0.024086|0.011601|0.019857|0.009564|0.070028|0.033403|0.054460|0.025977|0.023816|0.011360|0.019635|0.009366|0.066818|0.032239|0.051964|0.025072|0.022724|0.010965|0.018734|0.009040,0.074214|0.035352|0.057715|0.027492|0.025239|0.012023|0.020808|0.009913|0.070823|0.034109|0.055078|0.026526|0.024086|0.011601|0.019857|0.009564|0.070028|0.033403|0.054460|0.025977|0.023816|0.011360|0.019635|0.009366|0.066818|0.032239|0.051964|0.025072|0.022724|0.010965|0.018734|0.009040,1.6374870919082724e-16
2500,SNode_68|GOAL_81|SNode_100|COMPO16|SNode_106,220,114,0.0065765380859375,0.00566864013671875,1.1601615074024225,0.146273|0.068246|0.108622|0.050677|0.060947|0.028557|0.045259|0.021206|0.053815|0.026547|0.088622|0.043717|0.027022|0.013404|0.044500|0.022073|0.025831|0.012059|0.018739|0.008748|0.010763|0.005046|0.007808|0.003661|0.009572|0.004725|0.016199|0.007998|0.004806|0.002386|0.008134|0.004038,0.146273|0.068246|0.108622|0.050677|0.060947|0.028557|0.045259|0.021206|0.053815|0.026547|0.088622|0.043717|0.027022|0.013404|0.044500|0.022073|0.025831|0.012059|0.018739|0.008748|0.010763|0.005046|0.007808|0.003661|0.009572|0.004725|0.016199|0.007998|0.004806|0.002386|0.008134|0.004038,-4.532497091315464e-17
2500,GOAL_142|GOAL_87|SYSTEM46|EQUATION28|NEED36,220,134,0.007850885391235352,0.00682520866394043,1.1502777098543333,0.080092|0.076395|0.051331|0.048771|0.079836|0.076149|0.051006|0.048343|0.040291|0.038450|0.025978|0.024663|0.046670|0.044540|0.030230|0.028801|0.019955|0.019112|0.014428|0.013882|0.019891|0.019051|0.014336|0.013760|0.010035|0.009595|0.007348|0.007275|0.011624|0.011115|0.008551|0.008497,0.080092|0.076395|0.051331|0.048771|0.079836|0.076149|0.051006|0.048343|0.040291|0.038450|0.025978|0.024663|0.046670|0.044540|0.030230|0.028801|0.019955|0.019112|0.014428|0.013882|0.019891|0.019051|0.014336|0.013760|0.010035|0.009595|0.007348|0.007275|0.011624|0.011115|0.008551|0.008497,1.5186471296340323e-16
2500,WRITE63|SNode_134|GOAL_84|AXIS33|SNode_42,220,128,0.007633686065673828,0.006840229034423828,1.115998605785988,0.034180|0.025985|0.122032|0.092772|0.021956|0.016693|0.078396|0.059604|0.003892|0.002959|0.013897|0.010565|0.002519|0.001915|0.008995|0.006839|0.033743|0.025652|0.120461|0.091578|0.021675|0.016479|0.077380|0.058832|0.003845|0.002923|0.013740|0.010445|0.002489|0.001893|0.008899|0.006766,0.034180|0.025985|0.122032|0.092772|0.021956|0.016693|0.078396|0.059604|0.003892|0.002959|0.013897|0.010565|0.002519|0.001915|0.008995|0.006839|0.033743|0.025652|0.120461|0.091578|0.021675|0.016479|0.077380|0.058832|0.003845|0.002923|0.013740|0.010445|0.002489|0.001893|0.008899|0.006766,3.641787732869599e-16
2500,SNode_156|NULL48|RApp6|SNode_102|SNode_65,220,108,0.0062525272369384766,0.005254268646240234,1.189990017242944,0.222788|0.025600|0.046469|0.005340|0.031883|0.003675|0.006547|0.000755|0.215316|0.033868|0.044910|0.007064|0.030698|0.004973|0.006303|0.001021|0.094874|0.010902|0.024892|0.002860|0.015303|0.001764|0.004977|0.000574|0.091691|0.014424|0.024056|0.003785|0.014734|0.002387|0.004792|0.000776,0.222788|0.025600|0.046469|0.005340|0.031883|0.003675|0.006547|0.000755|0.215316|0.033868|0.044910|0.007064|0.030698|0.004973|0.006303|0.001021|0.094874|0.010902|0.024892|0.002860|0.015303|0.001764|0.004977|0.000574|0.091691|0.014424|0.024056|0.003785|0.014734|0.002387|0.004792|0.000776,-1.604503430759717e-17
2500,SNode_133|SNode_151|APPLY77|GOAL_129|SNode_73,220,164,0.011037826538085938,0.010385274887084961,1.0628343166739365,0.159439|0.065684|0.040807|0.010367|0.159188|0.065570|0.040742|0.010350|0.033299|0.013716|0.008522|0.002165|0.041739|0.017203|0.010683|0.002715|0.037481|0.015751|0.048794|0.026692|0.037422|0.015723|0.048713|0.026643|0.007828|0.003289|0.010191|0.005574|0.009812|0.004125|0.012778|0.006994,0.159439|0.065684|0.040807|0.010367|0.159188|0.065570|0.040742|0.010350|0.033299|0.013716|0.008522|0.002165|0.041739|0.017203|0.010683|0.002715|0.037481|0.015751|0.048794|0.026692|0.037422|0.015723|0.048713|0.026643|0.007828|0.003289|0.010191|0.005574|0.009812|0.004125|0.012778|0.006994,-1.3403481441675473e-16
2500,SNode_102|GOAL_80|VELOCITY7|RApp3|CHOOSE62,220,105,0.004759550094604492,0.005080461502075195,0.9368342015110986,0.142106|0.136097|0.008919|0.008542|0.108715|0.104118|0.047972|0.045943|0.050118|0.047999|0.003148|0.003015|0.038331|0.036710|0.016932|0.016216|0.031918|0.030568|0.002003|0.001919|0.024418|0.023386|0.010775|0.010319|0.011751|0.011254|0.000738|0.000707|0.008987|0.008607|0.003970|0.003802,0.142106|0.136097|0.008919|0.008542|0.108715|0.104118|0.047972|0.045943|0.050118|0.047999|0.003148|0.003015|0.038331|0.036710|0.016932|0.016216|0.031918|0.030568|0.002003|0.001919|0.024418|0.023386|0.010775|0.010319|0.011751|0.011254|0.000738|0.000707|0.008987|0.008607|0.003970|0.003802,-9.762249278454286e-17
2500,SNode_54|SNode_117|KINEMATI17|APPLY61|INCLINE51,220,120,0.0069806575775146484,0.005952596664428711,1.1727079745263749,0.076535|0.043426|0.074909|0.042503|0.073569|0.041743|0.072006|0.040856|0.037363|0.021200|0.036645|0.020792|0.035915|0.020378|0.035225|0.019986|0.032277|0.018314|0.031591|0.017925|0.034204|0.019407|0.033476|0.018994|0.015757|0.008940|0.015454|0.008769|0.016697|0.009474|0.016377|0.009292,0.076535|0.043426|0.074909|0.042503|0.073569|0.041743|0.072006|0.040856|0.037363|0.021200|0.036645|0.020792|0.035915|0.020378|0.035225|0.019986|0.032277|0.018314|0.031591|0.017925|0.034204|0.019407|0.033476|0.018994|0.015757|0.008940|0.015454|0.008769|0.016697|0.009474|0.016377|0.009292,-6.127657150282362e-17
2500,SNode_40|GOAL66|SNode_65|GOAL_48|GOAL72,220,103,0.004637956619262695,0.004801273345947266,0.9659847055318304,0.082588|0.081017|0.117632|0.115395|0.011102|0.010891|0.015939|0.015636|0.051136|0.050163|0.072835|0.071450|0.006874|0.006743|0.009869|0.009682|0.030469|0.029889|0.043736|0.042905|0.004204|0.004124|0.006093|0.005977|0.018865|0.018507|0.027080|0.026565|0.002603|0.002554|0.003773|0.003701,0.082588|0.081017|0.117632|0.115395|0.011102|0.010891|0.015939|0.015636|0.051136|0.050163|0.072835|0.071450|0.006874|0.006743|0.009869|0.009682|0.030469|0.029889|0.043736|0.042905|0.004204|0.004124|0.006093|0.005977|0.018865|0.018507|0.027080|0.026565|0.002603|0.002554|0.003773|0.003701,-1.0624190217375711e-16
2500,RApp3|SNode_92|WRITE63|SNode_44|GOAL_63,220,60,0.0023801326751708984,0.0023696422576904297,1.004427004728846,0.131552|0.036221|0.065272|0.018160|0.129878|0.035760|0.064442|0.017929|0.083236|0.022918|0.041300|0.011490|0.082178|0.022627|0.040774|0.011344|0.028705|0.008068|0.015603|0.004615|0.028340|0.007965|0.015405|0.004556|0.018163|0.005105|0.009873|0.002920|0.017932|0.005040|0.009747|0.002883,0.131552|0.036221|0.065272|0.018160|0.129878|0.035760|0.064442|0.017929|0.083236|0.022918|0.041300|0.011490|0.082178|0.022627|0.040774|0.011344|0.028705|0.008068|0.015603|0.004615|0.028340|0.007965|0.015405|0.004556|0.018163|0.005105|0.009873|0.002920|0.017932|0.005040|0.009747|0.002883,1.39391610431245e-16
2500,SNode_119|SNode_155|RApp6|CHOOSE62|SNode_33,220,140,0.00884556770324707,0.007732391357421875,1.1439627528367045,0.037555|0.311248|0.035957|0.297997|0.005639|0.046739|0.005398|0.044741|0.004897|0.040606|0.004699|0.038969|0.000761|0.006314|0.000730|0.006066|0.004711|0.039049|0.004512|0.037395|0.000715|0.005926|0.000684|0.005675|0.000617|0.005119|0.000592|0.004915|0.000097|0.000807|0.000093|0.000776,0.037555|0.311248|0.035957|0.297997|0.005639|0.046739|0.005398|0.044741|0.004897|0.040606|0.004699|0.038969|0.000761|0.006314|0.000730|0.006066|0.004711|0.039049|0.004512|0.037395|0.000715|0.005926|0.000684|0.005675|0.000617|0.005119|0.000592|0.004915|0.000097|0.000807|0.000093|0.000776,1.4639625769278903e-16
2500,RESOLVE38|GOAL_79|SNode_75|SNode_5|GOAL_69,220,77,0.0035431385040283203,0.0036208629608154297,0.9785342727332587,0.004177|0.001301|0.250109|0.078372|0.000737|0.000237|0.044130|0.014341|0.001046|0.000326|0.062613|0.019620|0.000244|0.000080|0.014649|0.004819|0.004231|0.001317|0.253330|0.079381|0.000746|0.000239|0.044687|0.014459|0.001059|0.000330|0.063420|0.019873|0.000248|0.000082|0.014849|0.004948,0.004177|0.001301|0.250109|0.078372|0.000737|0.000237|0.044130|0.014341|0.001046|0.000326|0.062613|0.019620|0.000244|0.000080|0.014649|0.004819|0.004231|0.001317|0.253330|0.079381|0.000746|0.000239|0.044687|0.014459|0.001059|0.000330|0.063420|0.019873|0.000248|0.000082|0.014849|0.004948,2.2570675757944976e-17
2500,IDENTIFY39|IDENTIFY59|RESOLVE38|GOAL_98|GIVEN_1,220,94,0.004158496856689453,0.004387855529785156,0.9477287546185612,0.001955|0.090273|0.000733|0.033829|0.001980|0.091436|0.000742|0.034265|0.001943|0.089697|0.000728|0.033613|0.001968|0.090852|0.000737|0.034047|0.001888|0.087150|0.000707|0.032659|0.001912|0.088273|0.000716|0.033080|0.001876|0.086595|0.000703|0.032451|0.001900|0.087710|0.000712|0.032869,0.001955|0.090273|0.000733|0.033829|0.001980|0.091436|0.000742|0.034265|0.001943|0.089697|0.000728|0.033613|0.001968|0.090852|0.000737|0.034047|0.001888|0.087150|0.000707|0.032659|0.001912|0.088273|0.000716|0.033080|0.001876|0.086595|0.000703|0.032451|0.001900|0.087710|0.000712|0.032869,7.30550488436246e-17
2500,IDENTIFY22|GOAL_127|SNode_119|NULL48|SNode_64,220,135,0.008157968521118164,0.0070590972900390625,1.1556673871926506,0.112253|0.047398|0.112613|0.047550|0.014029|0.006019|0.014074|0.006038|0.045142|0.019059|0.045287|0.019121|0.005664|0.002432|0.005682|0.002440|0.110118|0.046497|0.110471|0.046646|0.013762|0.005904|0.013806|0.005923|0.044283|0.018697|0.044425|0.018757|0.005556|0.002386|0.005574|0.002394,0.112253|0.047398|0.112613|0.047550|0.014029|0.006019|0.014074|0.006038|0.045142|0.019059|0.045287|0.019121|0.005664|0.002432|0.005682|0.002440|0.110118|0.046497|0.110471|0.046646|0.013762|0.005904|0.013806|0.005923|0.044283|0.018697|0.044425|0.018757|0.005556|0.002386|0.005574|0.002394,-6.692598642760076e-17
2500,NEED1|SNode_154|SNode_3|SNode_92|SNode_68,220,123,0.007182121276855469,0.006131887435913086,1.1712741552937518,0.003409|0.000566|0.002157|0.000358|0.177918|0.029539|0.112574|0.018690|0.001638|0.000328|0.001037|0.000208|0.085503|0.017134|0.054100|0.010841|0.003198|0.000531|0.002023|0.000336|0.166884|0.027707|0.105592|0.017531|0.001537|0.000308|0.000972|0.000195|0.080200|0.016072|0.050745|0.010169,0.003409|0.000566|0.002157|0.000358|0.177918|0.029539|0.112574|0.018690|0.001638|0.000328|0.001037|0.000208|0.085503|0.017134|0.054100|0.010841|0.003198|0.000531|0.002023|0.000336|0.166884|0.027707|0.105592|0.017531|0.001537|0.000308|0.000972|0.000195|0.080200|0.016072|0.050745|0.010169,2.2569030706167414e-16
2500,IDENTIFY43|TRY11|IDENTIFY55|SNode_97|SNode_131,220,121,0.0069904327392578125,0.006200075149536133,1.127475485483561,0.095295|0.046492|0.022449|0.010954|0.071115|0.034670|0.041289|0.020170|0.075240|0.036707|0.017724|0.008648|0.056149|0.027374|0.032599|0.015925|0.060212|0.029376|0.014184|0.006921|0.044933|0.021906|0.026089|0.012745|0.047541|0.023194|0.011199|0.005465|0.035477|0.017295|0.020599|0.010063,0.095295|0.046492|0.022449|0.010954|0.071115|0.034670|0.041289|0.020170|0.075240|0.036707|0.017724|0.008648|0.056149|0.027374|0.032599|0.015925|0.060212|0.029376|0.014184|0.006921|0.044933|0.021906|0.026089|0.012745|0.047541|0.023194|0.011199|0.005465|0.035477|0.017295|0.020599|0.010063,7.006051139493094e-17
2500,MAXIMIZE34|GOAL_114|APPLY61|SNode_3|SNode_10,220,118,0.006691455841064453,0.0056476593017578125,1.1848193177980413,0.000062|0.003117|0.003253|0.162705|0.000061|0.003050|0.003183|0.159159|0.000029|0.001464|0.001527|0.076400|0.000029|0.001437|0.001498|0.075024|0.000064|0.003213|0.003353|0.167695|0.000063|0.003141|0.003280|0.163935|0.000030|0.001517|0.001583|0.079186|0.000030|0.001492|0.001554|0.077864,0.000062|0.003117|0.003253|0.162705|0.000061|0.003050|0.003183|0.159159|0.000029|0.001464|0.001527|0.076400|0.000029|0.001437|0.001498|0.075024|0.000064|0.003213|0.003353|0.167695|0.000063|0.003141|0.003280|0.163935|0.000030|0.001517|0.001583|0.079186|0.000030|0.001492|0.001554|0.077864,5.684545214381104e-17
2500,SNode_152|SNode_100|CHOOSE35|SNode_93|SNode_5,220,116,0.00681757926940918,0.005915164947509766,1.152559451833938,0.002467|0.147975|0.000921|0.055225|0.002507|0.150361|0.000936|0.056115|0.001093|0.065561|0.000424|0.025416|0.001111|0.066619|0.000431|0.025826|0.001616|0.096949|0.000611|0.036668|0.001643|0.098513|0.000621|0.037259|0.000718|0.043078|0.000283|0.016993|0.000730|0.043773|0.000288|0.017268,0.002467|0.147975|0.000921|0.055225|0.002507|0.150361|0.000936|0.056115|0.001093|0.065561|0.000424|0.025416|0.001111|0.066619|0.000431|0.025826|0.001616|0.096949|0.000611|0.036668|0.001643|0.098513|0.000621|0.037259|0.000718|0.043078|0.000283|0.016993|0.000730|0.043773|0.000288|0.017268,-1.709172668525807e-16
2500,SNode_133|GOAL72|SNode_74|SNode_29|DISPLACEM0,220,122,0.007112979888916016,0.006205558776855469,1.1462271400030737,0.097456|0.102085|0.053282|0.055813|0.011182|0.011713|0.006270|0.006568|0.095602|0.100144|0.052268|0.054751|0.010969|0.011491|0.006151|0.006443|0.045412|0.047570|0.024779|0.025955|0.005198|0.005445|0.002965|0.003106|0.044549|0.046665|0.024307|0.025462|0.005100|0.005342|0.002909|0.003047,0.097456|0.102085|0.053282|0.055813|0.011182|0.011713|0.006270|0.006568|0.095602|0.100144|0.052268|0.054751|0.010969|0.011491|0.006151|0.006443|0.045412|0.047570|0.024779|0.025955|0.005198|0.005445|0.002965|0.003106|0.044549|0.046665|0.024307|0.025462|0.005100|0.005342|0.002909|0.003047,6.557326549481594e-17
2500,SNode_120|WRITE30|SNode_38|SNode_34|TRY25,220,134,0.00806283950805664,0.007044792175292969,1.14451062677677,0.011195|0.098086|0.016437|0.144013|0.006581|0.059767|0.009663|0.087753|0.011974|0.104903|0.017580|0.154021|0.007039|0.063926|0.010335|0.093860|0.001281|0.011244|0.001881|0.016509|0.000754|0.006859|0.001107|0.010070|0.001370|0.012026|0.002012|0.017657|0.000806|0.007336|0.001183|0.010771,0.011195|0.098086|0.016437|0.144013|0.006581|0.059767|0.009663|0.087753|0.011974|0.104903|0.017580|0.154021|0.007039|0.063926|0.010335|0.093860|0.001281|0.011244|0.001881|0.016509|0.000754|0.006859|0.001107|0.010070|0.001370|0.012026|0.002012|0.017657|0.000806|0.007336|0.001183|0.010771,1.1799778978141852e-16
2500,CHOOSE35|SNode_91|RApp12|NEED36|FIND58,220,138,0.008516550064086914,0.007455110549926758,1.1423774345198119,0.121065|0.052281|0.115425|0.049846|0.014370|0.006205|0.013860|0.005985|0.037342|0.016126|0.035605|0.015376|0.004444|0.001919|0.004295|0.001855|0.123018|0.053125|0.117287|0.050650|0.014601|0.006305|0.014083|0.006082|0.037945|0.016386|0.036179|0.015624|0.004516|0.001950|0.004365|0.001885,0.121065|0.052281|0.115425|0.049846|0.014370|0.006205|0.013860|0.005985|0.037342|0.016126|0.035605|0.015376|0.004444|0.001919|0.004295|0.001855|0.123018|0.053125|0.117287|0.050650|0.014601|0.006305|0.014083|0.006082|0.037945|0.016386|0.036179|0.015624|0.004516|0.001950|0.004365|0.001885,-8.692966120691792e-17
2500,TRY24|TRY26|RApp11|TRY15|WEIGHT57,220,139,0.008332014083862305,0.007524728775024414,1.1072843065809068,0.014923|0.033644|0.008675|0.019557|0.001676|0.003791|0.000974|0.002204|0.001564|0.003526|0.000909|0.002050|0.000176|0.000397|0.000102|0.000231|0.001075|0.002423|0.000625|0.001409|0.000121|0.000273|0.000070|0.000159|0.157088|0.354136|0.091312|0.205851|0.017650|0.039935|0.010259|0.023214,0.014923|0.033644|0.008675|0.019557|0.001676|0.003791|0.000974|0.002204|0.001564|0.003526|0.000909|0.002050|0.000176|0.000397|0.000102|0.000231|0.001075|0.002423|0.000625|0.001409|0.000121|0.000273|0.000070|0.000159|0.157088|0.354136|0.091312|0.205851|0.017650|0.039935|0.010259|0.023214,2.2943006381692563e-16
2500,GOAL65|GOAL_48|SNode_15|SNode_34|SNode_41,220,10,0.0005724430084228516,0.00045490264892578125,1.2583857442348008,0.001314|0.000340|0.000350|0.002079|0.065750|0.017002|0.017485|0.104015|0.001878|0.000486|0.000499|0.002971|0.093942|0.024292|0.024982|0.148614|0.001283|0.000332|0.000341|0.002030|0.064191|0.016599|0.017070|0.101548|0.001834|0.000474|0.000488|0.002901|0.091714|0.023716|0.024390|0.145090,0.001314|0.000340|0.000350|0.002079|0.065750|0.017002|0.017485|0.104015|0.001878|0.000486|0.000499|0.002971|0.093942|0.024292|0.024982|0.148614|0.001283|0.000332|0.000341|0.002030|0.064191|0.016599|0.017070|0.101548|0.001834|0.000474|0.000488|0.002901|0.091714|0.023716|0.024390|0.145090,8.622610559549942e-17
2500,NEED36|CHOOSE19|GOAL_150|SNode_52|SNode_137,220,160,0.01055288314819336,0.00956869125366211,1.1028554342951113,0.121971|0.026742|0.045479|0.009971|0.032432|0.007118|0.012093|0.002654|0.109759|0.024064|0.054244|0.011894|0.029173|0.006402|0.014435|0.003168|0.112424|0.029532|0.041919|0.011012|0.029903|0.007867|0.011150|0.002933|0.101168|0.026574|0.049997|0.013135|0.026898|0.007076|0.013310|0.003502,0.121971|0.026742|0.045479|0.009971|0.032432|0.007118|0.012093|0.002654|0.109759|0.024064|0.054244|0.011894|0.029173|0.006402|0.014435|0.003168|0.112424|0.029532|0.041919|0.011012|0.029903|0.007867|0.011150|0.002933|0.101168|0.026574|0.049997|0.013135|0.026898|0.007076|0.013310|0.003502,1.2400532181067465e-16
2500,GOAL_142|SNode_122|SNode_11|COMPO16|NEWTONS45,220,137,0.008396148681640625,0.007362842559814453,1.1403406515122076,0.002663|0.002754|0.002663|0.002753|0.125384|0.129651|0.125347|0.129605|0.001384|0.001431|0.001384|0.001432|0.065144|0.067374|0.065172|0.067403|0.000697|0.000720|0.000697|0.000720|0.032794|0.033918|0.032789|0.033916|0.000369|0.000382|0.000369|0.000382|0.017366|0.017970|0.017379|0.017988,0.002663|0.002754|0.002663|0.002753|0.125384|0.129651|0.125347|0.129605|0.001384|0.001431|0.001384|0.001432|0.065144|0.067374|0.065172|0.067403|0.000697|0.000720|0.000697|0.000720|0.032794|0.033918|0.032789|0.033916|0.000369|0.000382|0.000369|0.000382|0.017366|0.017970|0.017379|0.017988,-2.211055369258345e-17
2500,GOAL_50|GIVEN21|SNode_151|GOAL_57|GRAV78,220,162,0.011121273040771484,0.010044574737548828,1.1071920246854974,0.020630|0.016535|0.008219|0.006587|0.002290|0.006458|0.000912|0.002573|0.187331|0.150147|0.074629|0.059813|0.020795|0.058646|0.008284|0.023367|0.010727|0.008593|0.004997|0.004002|0.001191|0.003364|0.000555|0.001567|0.097412|0.078026|0.045376|0.036342|0.010814|0.030547|0.005038|0.014233,0.020630|0.016535|0.008219|0.006587|0.002290|0.006458|0.000912|0.002573|0.187331|0.150147|0.074629|0.059813|0.020795|0.058646|0.008284|0.023367|0.010727|0.008593|0.004997|0.004002|0.001191|0.003364|0.000555|0.001567|0.097412|0.078026|0.045376|0.036342|0.010814|0.030547|0.005038|0.014233,-1.8231752141557015e-16
2500,VECTOR44|VALUE3|SNode_117|TRY25|NEED67,220,122,0.006783008575439453,0.005906343460083008,1.148427723731482,0.008958|0.008177|0.079542|0.072604|0.004375|0.003993|0.038873|0.035482|0.009399|0.008579|0.083454|0.076175|0.004590|0.004189|0.040784|0.037227|0.008389|0.007658|0.074488|0.067991|0.004097|0.003739|0.036405|0.033230|0.008802|0.008034|0.078151|0.071335|0.004298|0.003923|0.038195|0.034864,0.008958|0.008177|0.079542|0.072604|0.004375|0.003993|0.038873|0.035482|0.009399|0.008579|0.083454|0.076175|0.004590|0.004189|0.040784|0.037227|0.008389|0.007658|0.074488|0.067991|0.004097|0.003739|0.036405|0.033230|0.008802|0.008034|0.078151|0.071335|0.004298|0.003923|0.038195|0.034864,-1.1433277637979936e-16
2500,GOAL_103|TRY24|SNode_29|SNode_59|RESOLVE37,220,108,0.006137371063232422,0.0051860809326171875,1.1834314086061053,0.016222|0.016353|0.007783|0.007846|0.008866|0.008937|0.004294|0.004328|0.149772|0.150975|0.071851|0.072428|0.081842|0.082498|0.039629|0.039947|0.004298|0.004332|0.002062|0.002079|0.002349|0.002368|0.001137|0.001147|0.047082|0.047461|0.022599|0.022781|0.025741|0.025949|0.012472|0.012573,0.016222|0.016353|0.007783|0.007846|0.008866|0.008937|0.004294|0.004328|0.149772|0.150975|0.071851|0.072428|0.081842|0.082498|0.039629|0.039947|0.004298|0.004332|0.002062|0.002079|0.002349|0.002368|0.001137|0.001147|0.047082|0.047461|0.022599|0.022781|0.025741|0.025949|0.012472|0.012573,-1.535144470124037e-17
2500,WRITE31|RApp2|DISPLACEM0|VECTOR70|SNode_118,220,125,0.007170677185058594,0.006236076354980469,1.1498700107050008,0.000433|0.000075|0.003593|0.001188|0.000453|0.000079|0.003763|0.001245|0.019970|0.003472|0.165877|0.054867|0.020918|0.003637|0.173757|0.057473|0.000414|0.000072|0.003441|0.001138|0.000434|0.000075|0.003604|0.001192|0.019125|0.003325|0.158863|0.052547|0.020034|0.003483|0.166409|0.055043,0.000433|0.000075|0.003593|0.001188|0.000453|0.000079|0.003763|0.001245|0.019970|0.003472|0.165877|0.054867|0.020918|0.003637|0.173757|0.057473|0.000414|0.000072|0.003441|0.001138|0.000434|0.000075|0.003604|0.001192|0.019125|0.003325|0.158863|0.052547|0.020034|0.003483|0.166409|0.055043,1.6196677212773585e-17
2500,SNode_33|SNode_112|SNode_75|SNode_55|IDENTIFY22,220,121,0.0069234371185302734,0.006029367446899414,1.1482858159674167,0.020837|0.020441|0.006880|0.006750|0.003566|0.003498|0.001443|0.001416|0.013540|0.013283|0.004427|0.004343|0.002581|0.002532|0.001071|0.001051|0.171396|0.168137|0.058074|0.056970|0.029321|0.028763|0.012176|0.011945|0.111664|0.109540|0.037467|0.036755|0.021288|0.020883|0.009068|0.008895,0.020837|0.020441|0.006880|0.006750|0.003566|0.003498|0.001443|0.001416|0.013540|0.013283|0.004427|0.004343|0.002581|0.002532|0.001071|0.001051|0.171396|0.168137|0.058074|0.056970|0.029321|0.028763|0.012176|0.011945|0.111664|0.109540|0.037467|0.036755|0.021288|0.020883|0.009068|0.008895,2.1261843259900698e-16
2500,GOAL_107|SNode_152|SNode_20|GOAL_150|IDENTIFY55,220,160,0.010541200637817383,0.009859561920166016,1.0691347874449872,0.082658|0.078910|0.018444|0.017608|0.111697|0.106628|0.033234|0.031730|0.047259|0.045115|0.010546|0.010067|0.063861|0.060963|0.018996|0.018137|0.020981|0.020029|0.004681|0.004469|0.028348|0.027061|0.008445|0.008064|0.020972|0.020020|0.004678|0.004466|0.028335|0.027049|0.008465|0.008083,0.082658|0.078910|0.018444|0.017608|0.111697|0.106628|0.033234|0.031730|0.047259|0.045115|0.010546|0.010067|0.063861|0.060963|0.018996|0.018137|0.020981|0.020029|0.004681|0.004469|0.028348|0.027061|0.008445|0.008064|0.020972|0.020020|0.004678|0.004466|0.028335|0.027049|0.008465|0.008083,-1.698184858099684e-16
2500,WRITE64|WRITE30|RApp4|SNode_94|GOAL_108,220,114,0.006497383117675781,0.005677938461303711,1.1443208062145707,0.072148|0.017263|0.028475|0.006828|0.070191|0.016795|0.027702|0.006643|0.077161|0.018463|0.030458|0.007304|0.075068|0.017962|0.029632|0.007106|0.052510|0.033670|0.020295|0.013733|0.051086|0.032757|0.019744|0.013360|0.056158|0.036010|0.021708|0.014690|0.054635|0.035034|0.021119|0.014292,0.072148|0.017263|0.028475|0.006828|0.070191|0.016795|0.027702|0.006643|0.077161|0.018463|0.030458|0.007304|0.075068|0.017962|0.029632|0.007106|0.052510|0.033670|0.020295|0.013733|0.051086|0.032757|0.019744|0.013360|0.056158|0.036010|0.021708|0.014690|0.054635|0.035034|0.021119|0.014292,2.9863585748533317e-16
2500,NEED1|SLIDING4|RESOLVE37|SNode_75|GOAL_121,220,117,0.006574869155883789,0.005652666091918945,1.1631447973343456,0.015311|0.007324|0.002905|0.001391|0.015434|0.007383|0.002928|0.001402|0.130703|0.062644|0.024791|0.011899|0.131753|0.063148|0.024990|0.011995|0.014362|0.006870|0.002724|0.001304|0.014477|0.006925|0.002746|0.001315|0.122598|0.058759|0.023254|0.011161|0.123583|0.059231|0.023440|0.011251,0.015311|0.007324|0.002905|0.001391|0.015434|0.007383|0.002928|0.001402|0.130703|0.062644|0.024791|0.011899|0.131753|0.063148|0.024990|0.011995|0.014362|0.006870|0.002724|0.001304|0.014477|0.006925|0.002746|0.001315|0.122598|0.058759|0.023254|0.011161|0.123583|0.059231|0.023440|0.011251,1.0390009631002529e-16
2500,SNode_122|TRY76|SNode_51|SNode_116|SNode_24,220,135,0.008025884628295898,0.007437229156494141,1.0791498365070207,0.145921|0.064982|0.016936|0.007544|0.050089|0.022306|0.005814|0.002590|0.157323|0.070060|0.018259|0.008133|0.054003|0.024049|0.006268|0.002792|0.075897|0.033799|0.009098|0.004053|0.026054|0.011602|0.003124|0.001392|0.081828|0.036440|0.009808|0.004370|0.028089|0.012509|0.003368|0.001500,0.145921|0.064982|0.016936|0.007544|0.050089|0.022306|0.005814|0.002590|0.157323|0.070060|0.018259|0.008133|0.054003|0.024049|0.006268|0.002792|0.075897|0.033799|0.009098|0.004053|0.026054|0.011602|0.003124|0.001392|0.081828|0.036440|0.009808|0.004370|0.028089|0.012509|0.003368|0.001500,-9.595869488303657e-18
2500,SNode_67|RApp3|VECTOR27|GOAL_146|GOAL_98,220,136,0.008507251739501953,0.007577180862426758,1.1227462949561058,0.174258|0.063074|0.045372|0.016452|0.161418|0.062624|0.042034|0.016332|0.039418|0.014267|0.010263|0.003721|0.036514|0.014166|0.009508|0.003694|0.069920|0.025342|0.018236|0.006624|0.064766|0.025161|0.016894|0.006576|0.015978|0.005792|0.004167|0.001514|0.014800|0.005751|0.003861|0.001503,0.174258|0.063074|0.045372|0.016452|0.161418|0.062624|0.042034|0.016332|0.039418|0.014267|0.010263|0.003721|0.036514|0.014166|0.009508|0.003694|0.069920|0.025342|0.018236|0.006624|0.064766|0.025161|0.016894|0.006576|0.015978|0.005792|0.004167|0.001514|0.014800|0.005751|0.003861|0.001503,2.495306978100661e-16
2500,GOAL_61|SNode_128|CHOOSE47|SNode_154|WEIGHT56,220,124,0.00717473030090332,0.006247997283935547,1.148324811111959,0.051185|0.109807|0.022509|0.048303|0.048396|0.103801|0.021282|0.045663|0.030806|0.066282|0.018010|0.038834|0.029128|0.062684|0.017029|0.036738|0.017009|0.036488|0.007481|0.016053|0.016083|0.034492|0.007073|0.015175|0.010249|0.022054|0.005997|0.012933|0.009691|0.020857|0.005671|0.012236,0.051185|0.109807|0.022509|0.048303|0.048396|0.103801|0.021282|0.045663|0.030806|0.066282|0.018010|0.038834|0.029128|0.062684|0.017029|0.036738|0.017009|0.036488|0.007481|0.016053|0.016083|0.034492|0.007073|0.015175|0.010249|0.022054|0.005997|0.012933|0.009691|0.020857|0.005671|0.012236,-1.910875926252775e-16
2500,RApp11|APPLY77|GOAL_84|FORCE60|GIVEN21,220,136,0.008254766464233398,0.007348060607910156,1.123393900064893,0.005411|0.049122|0.021269|0.193096|0.003444|0.031264|0.013538|0.122893|0.005640|0.051209|0.022172|0.201299|0.003590|0.032593|0.014113|0.128114|0.000585|0.005318|0.002298|0.020907|0.000411|0.003737|0.001614|0.014695|0.000609|0.005544|0.002396|0.021795|0.000428|0.003896|0.001683|0.015319,0.005411|0.049122|0.021269|0.193096|0.003444|0.031264|0.013538|0.122893|0.005640|0.051209|0.022172|0.201299|0.003590|0.032593|0.014113|0.128114|0.000585|0.005318|0.002298|0.020907|0.000411|0.003737|0.001614|0.014695|0.000609|0.005544|0.002396|0.021795|0.000428|0.003896|0.001683|0.015319,-2.6508310873541858e-17
2500,GOAL_129|SNode_71|SNode_132|RApp6|SNode_74,220,127,0.007708549499511719,0.006749629974365234,1.1420699399505476,0.400443|0.046363|0.059384|0.006866|0.047828|0.005539|0.007153|0.000827|0.077513|0.009022|0.012586|0.001506|0.009409|0.001097|0.001546|0.000186|0.179839|0.020822|0.026726|0.003090|0.024040|0.002786|0.003646|0.000422|0.034693|0.004037|0.005641|0.000675|0.004841|0.000566|0.000810|0.000098,0.400443|0.046363|0.059384|0.006866|0.047828|0.005539|0.007153|0.000827|0.077513|0.009022|0.012586|0.001506|0.009409|0.001097|0.001546|0.000186|0.179839|0.020822|0.026726|0.003090|0.024040|0.002786|0.003646|0.000422|0.034693|0.004037|0.005641|0.000675|0.004841|0.000566|0.000810|0.000098,1.797036896918963e-17
2500,GOAL_114|SNode_4|SNode_64|GOAL_49|GOAL_79,220,118,0.0067026615142822266,0.005726337432861328,1.170497127154634,0.004252|0.001084|0.002748|0.000701|0.001790|0.000456|0.001171|0.000298|0.225608|0.059041|0.145806|0.038157|0.094686|0.025158|0.061892|0.016486|0.002006|0.000512|0.001297|0.000331|0.000845|0.000216|0.000553|0.000141|0.106445|0.027904|0.068812|0.018037|0.044675|0.011891|0.029210|0.007793,0.004252|0.001084|0.002748|0.000701|0.001790|0.000456|0.001171|0.000298|0.225608|0.059041|0.145806|0.038157|0.094686|0.025158|0.061892|0.016486|0.002006|0.000512|0.001297|0.000331|0.000845|0.000216|0.000553|0.000141|0.106445|0.027904|0.068812|0.018037|0.044675|0.011891|0.029210|0.007793,1.8191185615438285e-16
2500,GOAL_80|GOAL_143|GOAL_110|VECTOR27|WEIGHT57,220,131,0.008066415786743164,0.007159233093261719,1.1267150659384575,0.064518|0.145393|0.060869|0.137167|0.027356|0.061545|0.025861|0.058175|0.017321|0.039169|0.016341|0.036958|0.007382|0.016798|0.006979|0.015886|0.022826|0.051424|0.021541|0.048527|0.009723|0.021840|0.009186|0.020631|0.006227|0.014097|0.005876|0.013304|0.002671|0.006111|0.002524|0.005775,0.064518|0.145393|0.060869|0.137167|0.027356|0.061545|0.025861|0.058175|0.017321|0.039169|0.016341|0.036958|0.007382|0.016798|0.006979|0.015886|0.022826|0.051424|0.021541|0.048527|0.009723|0.021840|0.009186|0.020631|0.006227|0.014097|0.005876|0.013304|0.002671|0.006111|0.002524|0.005775,1.0923561825364102e-16
2500,GOAL_79|KNOWN6|SNode_34|IDENTIFY41|GRAV2,220,78,0.0034377574920654297,0.0035500526428222656,0.9683680322364002,0.040629|0.040564|0.037202|0.037143|0.059645|0.059549|0.054613|0.054525|0.043176|0.043107|0.039534|0.039471|0.063382|0.063280|0.058032|0.057940|0.010676|0.010659|0.009779|0.009763|0.015684|0.015659|0.014366|0.014344|0.011346|0.011328|0.010392|0.010376|0.016671|0.016644|0.015272|0.015248,0.040629|0.040564|0.037202|0.037143|0.059645|0.059549|0.054613|0.054525|0.043176|0.043107|0.039534|0.039471|0.063382|0.063280|0.058032|0.057940|0.010676|0.010659|0.009779|0.009763|0.015684|0.015659|0.014366|0.014344|0.011346|0.011328|0.010392|0.010376|0.016671|0.016644|0.015272|0.015248,-2.3808300987484694e-16
2500,NORMAL52|GRAV78|GOAL_66|RApp9|NEED67,220,118,0.006680727005004883,0.005734682083129883,1.164969026732632,0.128491|0.083049|0.000000|0.034235|0.038016|0.024569|0.000000|0.010131|0.128902|0.083315|0.000000|0.034344|0.038138|0.024648|0.000000|0.010163|0.072905|0.047122|0.000000|0.019425|0.021570|0.013941|0.000000|0.005748|0.073139|0.047273|0.000000|0.019487|0.021639|0.013985|0.000000|0.005767,0.128491|0.083049|0.000000|0.034235|0.038016|0.024569|0.000000|0.010131|0.128902|0.083315|0.000000|0.034344|0.038138|0.024648|0.000000|0.010163|0.072905|0.047122|0.000000|0.019425|0.021570|0.013941|0.000000|0.005748|0.073139|0.047273|0.000000|0.019487|0.021639|0.013985|0.000000|0.005767,6.395704917806219e-17
2500,GRAV2|SNode_116|SNode_118|GOAL72|SUM75,220,136,0.008055925369262695,0.007024526596069336,1.1468282252316464,0.083892|0.088300|0.082296|0.086621|0.026248|0.027627|0.025749|0.027102|0.009773|0.010287|0.009588|0.010091|0.003155|0.003320|0.003095|0.003257|0.083758|0.088159|0.082165|0.086482|0.026206|0.027583|0.025708|0.027058|0.009758|0.010270|0.009572|0.010075|0.003150|0.003315|0.003090|0.003252,0.083892|0.088300|0.082296|0.086621|0.026248|0.027627|0.025749|0.027102|0.009773|0.010287|0.009588|0.010091|0.003155|0.003320|0.003095|0.003257|0.083758|0.088159|0.082165|0.086482|0.026206|0.027583|0.025708|0.027058|0.009758|0.010270|0.009572|0.010075|0.003150|0.003315|0.003090|0.003252,-2.06807280152379e-16
2500,IDENTIFY10|INCLINE51|GOAL_72|SNode_37|RApp9,220,121,0.006972312927246094,0.0060346126556396484,1.1553869858954604,0.138928|0.022456|0.061992|0.010053|0.044615|0.007219|0.020023|0.003251|0.078827|0.012742|0.035174|0.005704|0.025314|0.004096|0.011361|0.001844|0.147926|0.023910|0.066006|0.010704|0.048064|0.007777|0.021573|0.003502|0.083933|0.013567|0.037452|0.006074|0.027272|0.004413|0.012240|0.001987,0.138928|0.022456|0.061992|0.010053|0.044615|0.007219|0.020023|0.003251|0.078827|0.012742|0.035174|0.005704|0.025314|0.004096|0.011361|0.001844|0.147926|0.023910|0.066006|0.010704|0.048064|0.007777|0.021573|0.003502|0.083933|0.013567|0.037452|0.006074|0.027272|0.004413|0.012240|0.001987,1.2066177395643356e-16
2500,MAXIMIZE34|SNode_119|KINEMATI17|TRY25|RESOLVE38,220,131,0.007636547088623047,0.006688356399536133,1.141767368908851,0.011044|0.011187|0.098043|0.099306|0.010939|0.011080|0.097106|0.098357|0.001383|0.001401|0.012329|0.012488|0.001370|0.001387|0.012212|0.012369|0.011403|0.011550|0.101227|0.102531|0.011294|0.011440|0.100260|0.101551|0.001428|0.001447|0.012735|0.012899|0.001415|0.001433|0.012613|0.012776,0.011044|0.011187|0.098043|0.099306|0.010939|0.011080|0.097106|0.098357|0.001383|0.001401|0.012329|0.012488|0.001370|0.001387|0.012212|0.012369|0.011403|0.011550|0.101227|0.102531|0.011294|0.011440|0.100260|0.101551|0.001428|0.001447|0.012735|0.012899|0.001415|0.001433|0.012613|0.012776,-6.46697963042157e-17
2500,SNode_128|APPLY32|SNode_91|GOAL_143|GOAL_114,220,142,0.009012460708618164,0.007965564727783203,1.131427716252619,0.121809|0.055258|0.032787|0.015157|0.037553|0.017035|0.010110|0.004683|0.126781|0.057513|0.034125|0.015776|0.039086|0.017730|0.010523|0.004875|0.078624|0.038863|0.021173|0.010781|0.024278|0.012005|0.006540|0.003344|0.081833|0.040449|0.022037|0.011221|0.025269|0.012495|0.006806|0.003480,0.121809|0.055258|0.032787|0.015157|0.037553|0.017035|0.010110|0.004683|0.126781|0.057513|0.034125|0.015776|0.039086|0.017730|0.010523|0.004875|0.078624|0.038863|0.021173|0.010781|0.024278|0.012005|0.006540|0.003344|0.081833|0.040449|0.022037|0.011221|0.025269|0.012495|0.006806|0.003480,-9.959159028938944e-17
2500,GOAL_130|GRAV2|SNode_70|GOAL_149|SNode_3,220,153,0.01033782958984375,0.00959467887878418,1.0774544641304078,0.002440|0.127363|0.001973|0.102966|0.001070|0.055858|0.000866|0.045174|0.002436|0.127160|0.001970|0.102801|0.001069|0.055769|0.000864|0.045102|0.001174|0.061295|0.000952|0.049663|0.000515|0.026873|0.000418|0.021800|0.001173|0.061197|0.000950|0.049584|0.000514|0.026830|0.000417|0.021765,0.002440|0.127363|0.001973|0.102966|0.001070|0.055858|0.000866|0.045174|0.002436|0.127160|0.001970|0.102801|0.001069|0.055769|0.000864|0.045102|0.001174|0.061295|0.000952|0.049663|0.000515|0.026873|0.000418|0.021800|0.001173|0.061197|0.000950|0.049584|0.000514|0.026830|0.000417|0.021765,1.0144809818723383e-16
2500,CHOOSE62|SNode_124|GOAL_103|SNode_60|SNode_38,220,131,0.007868051528930664,0.0068666934967041016,1.1458282698517412,0.131697|0.077375|0.085977|0.050517|0.040344|0.024161|0.026345|0.015768|0.015456|0.011446|0.010091|0.007473|0.004780|0.003770|0.003124|0.002475|0.126128|0.074103|0.082342|0.048381|0.038630|0.023098|0.025221|0.015049|0.014803|0.010962|0.009664|0.007157|0.004586|0.003653|0.003002|0.002422,0.131697|0.077375|0.085977|0.050517|0.040344|0.024161|0.026345|0.015768|0.015456|0.011446|0.010091|0.007473|0.004780|0.003770|0.003124|0.002475|0.126128|0.074103|0.082342|0.048381|0.038630|0.023098|0.025221|0.015049|0.014803|0.010962|0.009664|0.007157|0.004586|0.003653|0.003002|0.002422,1.5419486051532226e-16
2500,GRAV78|CHOOSE62|NORMAL50|SNode_95|SNode_135,220,130,0.007622241973876953,0.006665945053100586,1.1434600665259844,0.074900|0.007634|0.039675|0.004063|0.076256|0.007878|0.040333|0.004252|0.071732|0.007312|0.037996|0.003892|0.073030|0.007547|0.038626|0.004074|0.075140|0.007658|0.039802|0.004076|0.076500|0.007903|0.040463|0.004266|0.071962|0.007336|0.038118|0.003904|0.073264|0.007571|0.038750|0.004087,0.074900|0.007634|0.039675|0.004063|0.076256|0.007878|0.040333|0.004252|0.071732|0.007312|0.037996|0.003892|0.073030|0.007547|0.038626|0.004074|0.075140|0.007658|0.039802|0.004076|0.076500|0.007903|0.040463|0.004266|0.071962|0.007336|0.038118|0.003904|0.073264|0.007571|0.038750|0.004087,-2.0570061243013104e-17
2500,GOAL_146|FORCE60|GOAL_66|SNode_34|GOAL_127,220,134,0.008229494094848633,0.0071141719818115234,1.1567746908408458,0.035993|0.014407|0.052664|0.021080|0.010553|0.004224|0.015677|0.006275|0.141349|0.056769|0.206810|0.083067|0.041443|0.016646|0.061563|0.024729|0.009350|0.003785|0.013680|0.005539|0.002741|0.001110|0.004072|0.001649|0.036720|0.014917|0.053726|0.021830|0.010766|0.004374|0.015993|0.006499,0.035993|0.014407|0.052664|0.021080|0.010553|0.004224|0.015677|0.006275|0.141349|0.056769|0.206810|0.083067|0.041443|0.016646|0.061563|0.024729|0.009350|0.003785|0.013680|0.005539|0.002741|0.001110|0.004072|0.001649|0.036720|0.014917|0.053726|0.021830|0.010766|0.004374|0.015993|0.006499,-3.9393567423661014e-17
2500,SNode_102|GOAL_50|SNode_155|CHOOSE47|WRITE63,220,124,0.007475376129150391,0.006438732147216797,1.161001258979486,0.121132|0.119442|0.113720|0.112128|0.015735|0.015684|0.014845|0.014802|0.066001|0.065080|0.061948|0.061080|0.008576|0.008549|0.008091|0.008068|0.027004|0.026583|0.026260|0.025844|0.003528|0.003561|0.003454|0.003493|0.014742|0.014511|0.014348|0.014120|0.001927|0.001946|0.001889|0.001911,0.121132|0.119442|0.113720|0.112128|0.015735|0.015684|0.014845|0.014802|0.066001|0.065080|0.061948|0.061080|0.008576|0.008549|0.008091|0.008068|0.027004|0.026583|0.026260|0.025844|0.003528|0.003561|0.003454|0.003493|0.014742|0.014511|0.014348|0.014120|0.001927|0.001946|0.001889|0.001911,1.1236795926877967e-16
5000,EQUAL71|NORMAL50|IDENTIFY59|IDENTIFY22|SNode_55,220,25,0.0010440349578857422,0.0009245872497558594,1.129190304280557,0.039222|0.012641|0.039569|0.012752|0.038476|0.012400|0.038816|0.012510|0.038847|0.012520|0.039190|0.012631|0.038108|0.012282|0.038445|0.012390|0.056255|0.018130|0.056752|0.018291|0.055185|0.017786|0.055673|0.017943|0.055717|0.017957|0.056210|0.018116|0.054658|0.017616|0.055141|0.017771,0.039222|0.012641|0.039569|0.012752|0.038476|0.012400|0.038816|0.012510|0.038847|0.012520|0.039190|0.012631|0.038108|0.012282|0.038445|0.012390|0.056255|0.018130|0.056752|0.018291|0.055185|0.017786|0.055673|0.017943|0.055717|0.017957|0.056210|0.018116|0.054658|0.017616|0.055141|0.017771,-6.200071706291007e-17
5000,SNode_51|CHOOSE35|GIVEN21|APPLY61|GOAL65,220,16,0.0007214546203613281,0.0005626678466796875,1.2822033898305085,0.008446|0.008459|0.008727|0.008741|0.084569|0.084705|0.087389|0.087529|0.008069|0.008082|0.008338|0.008352|0.080799|0.080928|0.083493|0.083627|0.002963|0.002968|0.003062|0.003067|0.029674|0.029722|0.030664|0.030713|0.002831|0.002836|0.002926|0.002930|0.028351|0.028397|0.029297|0.029343,0.008446|0.008459|0.008727|0.008741|0.084569|0.084705|0.087389|0.087529|0.008069|0.008082|0.008338|0.008352|0.080799|0.080928|0.083493|0.083627|0.002963|0.002968|0.003062|0.003067|0.029674|0.029722|0.030664|0.030713|0.002831|0.002836|0.002926|0.002930|0.028351|0.028397|0.029297|0.029343,2.0327501120958588e-17
5000,CHOOSE47|GOAL_79|WRITE30|RApp10|SNode_125,220,125,0.007464170455932617,0.0063593387603759766,1.1737337382371686,0.142959|0.031735|0.023858|0.007712|0.139796|0.031032|0.023308|0.007535|0.037849|0.008435|0.006445|0.002098|0.037147|0.008279|0.006346|0.002066|0.133760|0.029701|0.022325|0.007221|0.130801|0.029043|0.021811|0.007055|0.035411|0.007895|0.006031|0.001965|0.034755|0.007750|0.005939|0.001935,0.142959|0.031735|0.023858|0.007712|0.139796|0.031032|0.023308|0.007535|0.037849|0.008435|0.006445|0.002098|0.037147|0.008279|0.006346|0.002066|0.133760|0.029701|0.022325|0.007221|0.130801|0.029043|0.021811|0.007055|0.035411|0.007895|0.006031|0.001965|0.034755|0.007750|0.005939|0.001935,-4.627225467391331e-17
5000,SNode_131|GRAV78|SNode_125|GOAL_62|SNode_7,220,129,0.007294893264770508,0.00641942024230957,1.1363788300835655,0.004100|0.180728|0.001719|0.077950|0.000939|0.041383|0.000394|0.017859|0.004186|0.184527|0.001755|0.079588|0.000959|0.042252|0.000402|0.018234|0.002101|0.092632|0.000881|0.039955|0.000529|0.023335|0.000222|0.010073|0.002146|0.094579|0.000900|0.040795|0.000541|0.023826|0.000227|0.010284,0.004100|0.180728|0.001719|0.077950|0.000939|0.041383|0.000394|0.017859|0.004186|0.184527|0.001755|0.079588|0.000959|0.042252|0.000402|0.018234|0.002101|0.092632|0.000881|0.039955|0.000529|0.023335|0.000222|0.010073|0.002146|0.094579|0.000900|0.040795|0.000541|0.023826|0.000227|0.010284,-1.635370713372506e-16
5000,SNode_136|WRITE64|SNode_34|VAR20|HORIZ53,220,132,0.007660865783691406,0.006722211837768555,1.1396346870012413,0.027983|0.026247|0.063945|0.059979|0.040711|0.038186|0.093030|0.087260|0.028882|0.027091|0.066000|0.061907|0.042019|0.039413|0.096020|0.090065|0.003357|0.003148|0.007670|0.007195|0.004883|0.004580|0.011159|0.010467|0.003762|0.003529|0.008597|0.008064|0.005474|0.005134|0.012508|0.011732,0.027983|0.026247|0.063945|0.059979|0.040711|0.038186|0.093030|0.087260|0.028882|0.027091|0.066000|0.061907|0.042019|0.039413|0.096020|0.090065|0.003357|0.003148|0.007670|0.007195|0.004883|0.004580|0.011159|0.010467|0.003762|0.003529|0.008597|0.008064|0.005474|0.005134|0.012508|0.011732,-6.138696514127001e-17
5000,SYSTEM46|SNode_26|SNode_54|GRAV2|GOAL_56,220,25,0.0010416507720947266,0.000982522964477539,1.0601795680660033,0.056667|0.017187|0.056667|0.017187|0.022904|0.008500|0.022904|0.008500|0.078569|0.023830|0.078569|0.023830|0.031757|0.011785|0.031757|0.011785|0.056125|0.017023|0.056125|0.017023|0.022685|0.008419|0.022685|0.008419|0.077818|0.023603|0.077818|0.023603|0.031453|0.011673|0.031453|0.011673,0.056667|0.017187|0.056667|0.017187|0.022904|0.008500|0.022904|0.008500|0.078569|0.023830|0.078569|0.023830|0.031757|0.011785|0.031757|0.011785|0.056125|0.017023|0.056125|0.017023|0.022685|0.008419|0.022685|0.008419|0.077818|0.023603|0.077818|0.023603|0.031453|0.011673|0.031453|0.011673,1.6483772858440044e-16
5000,GOAL_81|SNode_24|GOAL_114|SNode_27|RApp11,220,141,0.008852720260620117,0.00778961181640625,1.1364777179236043,0.093765|0.008584|0.175391|0.016057|0.046604|0.004309|0.087174|0.008059|0.041237|0.003775|0.077136|0.007062|0.020496|0.001895|0.038338|0.003544|0.052339|0.006800|0.097920|0.012722|0.026106|0.003439|0.048841|0.006434|0.023018|0.002991|0.043065|0.005595|0.011481|0.001513|0.021480|0.002830,0.093765|0.008584|0.175391|0.016057|0.046604|0.004309|0.087174|0.008059|0.041237|0.003775|0.077136|0.007062|0.020496|0.001895|0.038338|0.003544|0.052339|0.006800|0.097920|0.012722|0.026106|0.003439|0.048841|0.006434|0.023018|0.002991|0.043065|0.005595|0.011481|0.001513|0.021480|0.002830,-1.652062183820351e-16
5000,SNode_59|IDENTIFY39|IDENTIFY55|SNode_42|VECTOR27,220,34,0.0013229846954345703,0.0011942386627197266,1.1078059492912757,0.049622|0.047371|0.036247|0.034603|0.051317|0.048990|0.037485|0.035785|0.048951|0.046732|0.035757|0.034135|0.050624|0.048329|0.036979|0.035302|0.023542|0.022474|0.017196|0.016416|0.024346|0.023242|0.017784|0.016978|0.023224|0.022171|0.016964|0.016195|0.024017|0.022928|0.017544|0.016748,0.049622|0.047371|0.036247|0.034603|0.051317|0.048990|0.037485|0.035785|0.048951|0.046732|0.035757|0.034135|0.050624|0.048329|0.036979|0.035302|0.023542|0.022474|0.017196|0.016416|0.024346|0.023242|0.017784|0.016978|0.023224|0.022171|0.016964|0.016195|0.024017|0.022928|0.017544|0.016748,-1.5302769284733797e-17
5000,GOAL_126|SNode_13|SNode_41|HORIZ53|GOAL_108,220,118,0.006896495819091797,0.005779266357421875,1.1933168316831684,0.002100|0.000446|0.001970|0.000419|0.002998|0.000637|0.002812|0.000597|0.114582|0.024348|0.107476|0.022838|0.163535|0.034750|0.153393|0.032595|0.000582|0.000698|0.000546|0.000655|0.000831|0.000996|0.000779|0.000934|0.031752|0.038080|0.029782|0.035718|0.045317|0.054349|0.042506|0.050979,0.002100|0.000446|0.001970|0.000419|0.002998|0.000637|0.002812|0.000597|0.114582|0.024348|0.107476|0.022838|0.163535|0.034750|0.153393|0.032595|0.000582|0.000698|0.000546|0.000655|0.000831|0.000996|0.000779|0.000934|0.031752|0.038080|0.029782|0.035718|0.045317|0.054349|0.042506|0.050979,1.1075564455385055e-16
5000,VECTOR44|GOAL_72|SNode_115|SNode_52|NEWTONS74,220,120,0.006848573684692383,0.0058748722076416016,1.1657400267846272,0.086119|0.087298|0.037195|0.037704|0.044584|0.045194|0.019256|0.019520|0.025013|0.025355|0.011088|0.011239|0.012949|0.013126|0.005740|0.005819|0.090644|0.091885|0.039149|0.039685|0.046927|0.047569|0.020268|0.020545|0.026325|0.026685|0.011669|0.011829|0.013631|0.013818|0.006043|0.006125,0.086119|0.087298|0.037195|0.037704|0.044584|0.045194|0.019256|0.019520|0.025013|0.025355|0.011088|0.011239|0.012949|0.013126|0.005740|0.005819|0.090644|0.091885|0.039149|0.039685|0.046927|0.047569|0.020268|0.020545|0.026325|0.026685|0.011669|0.011829|0.013631|0.013818|0.006043|0.006125,-7.706117596288198e-18
5000,SNode_47|SNode_128|SNode_65|SNode_54|KINEMATI17,220,124,0.007533073425292969,0.006635904312133789,1.1351992239428017,0.077562|0.073598|0.031353|0.032575|0.010174|0.009691|0.004296|0.004499|0.054238|0.051460|0.021895|0.022743|0.007629|0.007272|0.003243|0.003401|0.109026|0.103446|0.044027|0.045735|0.014330|0.013658|0.006095|0.006390|0.076235|0.072323|0.030736|0.031920|0.010750|0.010252|0.004608|0.004838,0.077562|0.073598|0.031353|0.032575|0.010174|0.009691|0.004296|0.004499|0.054238|0.051460|0.021895|0.022743|0.007629|0.007272|0.003243|0.003401|0.109026|0.103446|0.044027|0.045735|0.014330|0.013658|0.006095|0.006390|0.076235|0.072323|0.030736|0.031920|0.010750|0.010252|0.004608|0.004838,-1.7703388117286287e-17
5000,WRITE30|SNode_125|SYSTEM18|IDENTIFY39|SNode_60,220,122,0.007022857666015625,0.0061261653900146484,1.1463708892780697,0.060854|0.041836|0.060032|0.041271|0.060719|0.042299|0.059899|0.041728|0.014361|0.009955|0.014167|0.009821|0.014327|0.010067|0.014134|0.009931|0.059553|0.040942|0.058749|0.040389|0.059422|0.041395|0.058619|0.040836|0.014054|0.009743|0.013864|0.009611|0.014021|0.009852|0.013832|0.009719,0.060854|0.041836|0.060032|0.041271|0.060719|0.042299|0.059899|0.041728|0.014361|0.009955|0.014167|0.009821|0.014327|0.010067|0.014134|0.009931|0.059553|0.040942|0.058749|0.040389|0.059422|0.041395|0.058619|0.040836|0.014054|0.009743|0.013864|0.009611|0.014021|0.009852|0.013832|0.009719,1.170791511342692e-16
5000,SNode_21|CHOOSE47|RApp4|SNode_25|NULL48,220,13,0.0005688667297363281,0.0005071163177490234,1.1217677480018806,0.007427|0.007291|0.068406|0.067159|0.006855|0.006730|0.063145|0.061994|0.006949|0.006823|0.064010|0.062843|0.006415|0.006298|0.059087|0.058010|0.005848|0.005742|0.053870|0.052888|0.005399|0.005300|0.049727|0.048820|0.005473|0.005373|0.050408|0.049489|0.005052|0.004960|0.046531|0.045682,0.007427|0.007291|0.068406|0.067159|0.006855|0.006730|0.063145|0.061994|0.006949|0.006823|0.064010|0.062843|0.006415|0.006298|0.059087|0.058010|0.005848|0.005742|0.053870|0.052888|0.005399|0.005300|0.049727|0.048820|0.005473|0.005373|0.050408|0.049489|0.005052|0.004960|0.046531|0.045682,2.2426754548000534e-16
5000,GOAL_61|WRITE64|GRAV2|SNode_47|IDENTIFY9,220,31,0.001241445541381836,0.0011126995086669922,1.1157060209985001,0.038425|0.038579|0.054026|0.054242|0.038425|0.038579|0.054026|0.054242|0.040026|0.040186|0.056276|0.056501|0.040026|0.040186|0.056276|0.056501|0.012367|0.012416|0.017387|0.017457|0.012367|0.012416|0.017387|0.017457|0.012882|0.012933|0.018111|0.018184|0.012882|0.012933|0.018111|0.018184,0.038425|0.038579|0.054026|0.054242|0.038425|0.038579|0.054026|0.054242|0.040026|0.040186|0.056276|0.056501|0.040026|0.040186|0.056276|0.056501|0.012367|0.012416|0.017387|0.017457|0.012367|0.012416|0.017387|0.017457|0.012882|0.012933|0.018111|0.018184|0.012882|0.012933|0.018111|0.018184,1.654474407378064e-16
5000,WEIGHT56|GIVEN21|IDENTIFY59|RESOLVE38|SYSTEM18,220,5,0.00036978721618652344,0.0002243518829345703,1.6482465462274176,0.003448|0.003459|0.003353|0.003363|0.003382|0.003393|0.003289|0.003299|0.034523|0.034634|0.033570|0.033677|0.033867|0.033975|0.032931|0.033037|0.008153|0.008179|0.007928|0.007953|0.007998|0.008024|0.007777|0.007802|0.081638|0.081900|0.079384|0.079638|0.080086|0.080342|0.077874|0.078124,0.003448|0.003459|0.003353|0.003363|0.003382|0.003393|0.003289|0.003299|0.034523|0.034634|0.033570|0.033677|0.033867|0.033975|0.032931|0.033037|0.008153|0.008179|0.007928|0.007953|0.007998|0.008024|0.007777|0.007802|0.081638|0.081900|0.079384|0.079638|0.080086|0.080342|0.077874|0.078124,-1.9801708538788226e-16
5000,SNode_21|SNode_115|WEIGHT57|SNode_73|SNode_59,220,124,0.007271289825439453,0.006224870681762695,1.1681029530047111,0.053060|0.025121|0.020748|0.009884|0.126682|0.059978|0.049536|0.023599|0.025582|0.012105|0.012618|0.006029|0.061078|0.028901|0.030127|0.014394|0.041784|0.019783|0.016339|0.007784|0.099761|0.047233|0.039009|0.018584|0.020146|0.009533|0.009937|0.004748|0.048099|0.022759|0.023725|0.011336,0.053060|0.025121|0.020748|0.009884|0.126682|0.059978|0.049536|0.023599|0.025582|0.012105|0.012618|0.006029|0.061078|0.028901|0.030127|0.014394|0.041784|0.019783|0.016339|0.007784|0.099761|0.047233|0.039009|0.018584|0.020146|0.009533|0.009937|0.004748|0.048099|0.022759|0.023725|0.011336,-9.400311562963337e-17
5000,SNode_11|SNode_17|SNode_54|TRY76|VELOCITY7,220,21,0.000919342041015625,0.0007643699645996094,1.2027448533998752,0.000065|0.000062|0.000062|0.000059|0.000027|0.000025|0.000026|0.000024|0.003394|0.003212|0.003256|0.003081|0.001444|0.001367|0.001385|0.001311|0.003397|0.003215|0.003259|0.003084|0.001389|0.001314|0.001332|0.001261|0.177146|0.167630|0.169926|0.160798|0.075382|0.071332|0.072310|0.068425,0.000065|0.000062|0.000062|0.000059|0.000027|0.000025|0.000026|0.000024|0.003394|0.003212|0.003256|0.003081|0.001444|0.001367|0.001385|0.001311|0.003397|0.003215|0.003259|0.003084|0.001389|0.001314|0.001332|0.001261|0.177146|0.167630|0.169926|0.160798|0.075382|0.071332|0.072310|0.068425,-8.750153087026959e-17
5000,RApp7|WRITE30|SNode_65|SNode_54|GOAL_150,220,164,0.011055707931518555,0.010390520095825195,1.0640187237557652,0.202158|0.064715|0.085482|0.027377|0.026887|0.008608|0.011902|0.003812|0.196939|0.063045|0.083069|0.026604|0.027210|0.008711|0.012232|0.003918|0.034918|0.011193|0.014766|0.004735|0.004644|0.001489|0.002056|0.000659|0.034017|0.010904|0.014349|0.004602|0.004701|0.001507|0.002114|0.000678,0.202158|0.064715|0.085482|0.027377|0.026887|0.008608|0.011902|0.003812|0.196939|0.063045|0.083069|0.026604|0.027210|0.008711|0.012232|0.003918|0.034918|0.011193|0.014766|0.004735|0.004644|0.001489|0.002056|0.000659|0.034017|0.010904|0.014349|0.004602|0.004701|0.001507|0.002114|0.000678,1.7023557473979903e-16
5000,SNode_94|SNode_12|GOAL65|SNode_154|RApp7,220,121,0.007106781005859375,0.006173372268676758,1.1511991657977059,0.004876|0.000678|0.002169|0.000531|0.004884|0.000679|0.002172|0.000532|0.205307|0.028548|0.091322|0.022355|0.205635|0.028594|0.091469|0.022391|0.001962|0.000279|0.000876|0.000219|0.001965|0.000280|0.000877|0.000220|0.082598|0.011768|0.036883|0.009228|0.082730|0.011786|0.036942|0.009243,0.004876|0.000678|0.002169|0.000531|0.004884|0.000679|0.002172|0.000532|0.205307|0.028548|0.091322|0.022355|0.205635|0.028594|0.091469|0.022391|0.001962|0.000279|0.000876|0.000219|0.001965|0.000280|0.000877|0.000220|0.082598|0.011768|0.036883|0.009228|0.082730|0.011786|0.036942|0.009243,1.2682058153971242e-16
5000,SNode_11|SNode_60|RApp1|GOAL68|TRY14,220,30,0.0011973381042480469,0.0011363029479980469,1.053713806126731,0.001734|0.001000|0.001834|0.001058|0.001688|0.000974|0.001785|0.001030|0.001193|0.000702|0.001262|0.000743|0.001162|0.000684|0.001228|0.000723|0.090486|0.052214|0.095700|0.055222|0.088101|0.050837|0.093177|0.053766|0.062264|0.036653|0.065851|0.038765|0.060622|0.035687|0.064115|0.037743,0.001734|0.001000|0.001834|0.001058|0.001688|0.000974|0.001785|0.001030|0.001193|0.000702|0.001262|0.000743|0.001162|0.000684|0.001228|0.000723|0.090486|0.052214|0.095700|0.055222|0.088101|0.050837|0.093177|0.053766|0.062264|0.036653|0.065851|0.038765|0.060622|0.035687|0.064115|0.037743,0.0
5000,SNode_33|SNode_152|BUGGY54|SNode_47|SNode_93,220,113,0.006937503814697266,0.005656719207763672,1.2264182753097868,0.008347|0.003109|0.011736|0.004371|0.008772|0.003267|0.012333|0.004593|0.005665|0.002117|0.007965|0.002976|0.005953|0.002224|0.008370|0.003128|0.079458|0.029422|0.111717|0.041367|0.083500|0.030918|0.117400|0.043471|0.054143|0.020399|0.076125|0.028681|0.056897|0.021437|0.079997|0.030140,0.008347|0.003109|0.011736|0.004371|0.008772|0.003267|0.012333|0.004593|0.005665|0.002117|0.007965|0.002976|0.005953|0.002224|0.008370|0.003128|0.079458|0.029422|0.111717|0.041367|0.083500|0.030918|0.117400|0.043471|0.054143|0.020399|0.076125|0.028681|0.056897|0.021437|0.079997|0.030140,5.911125213104795e-17
5000,SNode_16|SNode_44|SNode_132|GOAL_48|WEIGHT56,220,127,0.007701396942138672,0.006787538528442383,1.1346376760687062,0.001513|0.003575|0.002228|0.005263|0.000166|0.000396|0.000244|0.000583|0.000776|0.001833|0.001161|0.002742|0.000085|0.000203|0.000127|0.000304|0.069828|0.163613|0.102800|0.240775|0.007704|0.019731|0.011344|0.029146|0.035803|0.083888|0.053560|0.125446|0.003950|0.010116|0.005910|0.015185,0.001513|0.003575|0.002228|0.005263|0.000166|0.000396|0.000244|0.000583|0.000776|0.001833|0.001161|0.002742|0.000085|0.000203|0.000127|0.000304|0.069828|0.163613|0.102800|0.240775|0.007704|0.019731|0.011344|0.029146|0.035803|0.083888|0.053560|0.125446|0.003950|0.010116|0.005910|0.015185,1.3011814440567894e-16
5000,GIVEN_1|SNode_115|SNode_123|APPLY77|SNode_9,220,130,0.0078051090240478516,0.0071620941162109375,1.089780292942743,0.000135|0.006357|0.000135|0.006337|0.000019|0.000880|0.000019|0.000878|0.000069|0.003240|0.000069|0.003230|0.000011|0.000507|0.000011|0.000506|0.005894|0.277449|0.005875|0.276563|0.000816|0.038419|0.000813|0.038297|0.003004|0.141397|0.002994|0.140946|0.000470|0.022133|0.000469|0.022062,0.000135|0.006357|0.000135|0.006337|0.000019|0.000880|0.000019|0.000878|0.000069|0.003240|0.000069|0.003230|0.000011|0.000507|0.000011|0.000506|0.005894|0.277449|0.005875|0.276563|0.000816|0.038419|0.000813|0.038297|0.003004|0.141397|0.002994|0.140946|0.000470|0.022133|0.000469|0.022062,4.740508131359452e-17
5000,NEWTONS74|GOAL65|SNode_55|GOAL_99|IDENTIFY41,220,96,0.004175662994384766,0.004492044448852539,0.9295684942412823,0.067866|0.070636|0.024072|0.025055|0.021869|0.022761|0.007762|0.008079|0.067975|0.070750|0.024111|0.025095|0.021904|0.022798|0.007775|0.008092|0.068796|0.071604|0.024402|0.025398|0.022168|0.023073|0.007868|0.008190|0.068906|0.071718|0.024441|0.025439|0.022204|0.023110|0.007881|0.008203,0.067866|0.070636|0.024072|0.025055|0.021869|0.022761|0.007762|0.008079|0.067975|0.070750|0.024111|0.025095|0.021904|0.022798|0.007775|0.008092|0.068796|0.071604|0.024402|0.025398|0.022168|0.023073|0.007868|0.008190|0.068906|0.071718|0.024441|0.025439|0.022204|0.023110|0.007881|0.008203,3.850783266006171e-17
5000,WRITE31|SNode_20|SNode_24|SLIDING4|APPLY32,220,10,0.0005590915679931641,0.0003764629364013672,1.4851171627612414,0.007977|0.007920|0.076888|0.076336|0.001960|0.001946|0.018892|0.018757|0.008993|0.008928|0.086676|0.086055|0.005503|0.005464|0.053042|0.052662|0.007423|0.007370|0.071544|0.071031|0.001824|0.001811|0.017579|0.017453|0.008368|0.008308|0.080653|0.080074|0.005121|0.005084|0.049356|0.049002,0.007977|0.007920|0.076888|0.076336|0.001960|0.001946|0.018892|0.018757|0.008993|0.008928|0.086676|0.086055|0.005503|0.005464|0.053042|0.052662|0.007423|0.007370|0.071544|0.071031|0.001824|0.001811|0.017579|0.017453|0.008368|0.008308|0.080653|0.080074|0.005121|0.005084|0.049356|0.049002,0.0
5000,GOAL_113|DEFINE23|GOAL66|RApp3|WEIGHT57,220,121,0.0068013668060302734,0.006011486053466797,1.1313952566034742,0.049547|0.118295|0.010057|0.024012|0.031971|0.076333|0.006490|0.015494|0.051322|0.122533|0.010418|0.024872|0.033117|0.079068|0.006722|0.016050|0.023715|0.056619|0.004814|0.011493|0.015302|0.036535|0.003106|0.007416|0.024564|0.058648|0.004986|0.011905|0.015851|0.037844|0.003217|0.007682,0.049547|0.118295|0.010057|0.024012|0.031971|0.076333|0.006490|0.015494|0.051322|0.122533|0.010418|0.024872|0.033117|0.079068|0.006722|0.016050|0.023715|0.056619|0.004814|0.011493|0.015302|0.036535|0.003106|0.007416|0.024564|0.058648|0.004986|0.011905|0.015851|0.037844|0.003217|0.007682,4.333220574187921e-17
5000,IDENTIFY10|SNode_41|SNode_21|GOAL_130|SNode_75,220,122,0.0069539546966552734,0.006144285202026367,1.1317760273175275,0.065256|0.012466|0.033165|0.006339|0.051389|0.009817|0.026117|0.004992|0.092987|0.017939|0.047258|0.009122|0.073227|0.014127|0.037216|0.007184|0.063035|0.012058|0.032036|0.006132|0.049640|0.009496|0.025228|0.004829|0.089741|0.017433|0.045609|0.008865|0.070671|0.013729|0.035917|0.006981,0.065256|0.012466|0.033165|0.006339|0.051389|0.009817|0.026117|0.004992|0.092987|0.017939|0.047258|0.009122|0.073227|0.014127|0.037216|0.007184|0.063035|0.012058|0.032036|0.006132|0.049640|0.009496|0.025228|0.004829|0.089741|0.017433|0.045609|0.008865|0.070671|0.013729|0.035917|0.006981,-1.572480765189238e-16
5000,IDENTIFY55|GOAL_108|GOAL_111|SNode_74|NORMAL52,220,119,0.006751298904418945,0.006008148193359375,1.1236904761904762,0.147589|0.081515|0.018033|0.009960|0.050227|0.027741|0.006137|0.003390|0.054407|0.030050|0.006650|0.003673|0.029981|0.016559|0.003665|0.002024|0.152632|0.084301|0.018650|0.010300|0.051943|0.028689|0.006347|0.003505|0.056266|0.031077|0.006877|0.003798|0.031006|0.017125|0.003790|0.002093,0.147589|0.081515|0.018033|0.009960|0.050227|0.027741|0.006137|0.003390|0.054407|0.030050|0.006650|0.003673|0.029981|0.016559|0.003665|0.002024|0.152632|0.084301|0.018650|0.010300|0.051943|0.028689|0.006347|0.003505|0.056266|0.031077|0.006877|0.003798|0.031006|0.017125|0.003790|0.002093,-6.728750077012331e-17
5000,SNode_8|CHOOSE19|GOAL_56|SNode_24|SNode_7,220,29,0.0012073516845703125,0.001064300537109375,1.1344086021505377,0.000056|0.002496|0.000025|0.001098|0.000017|0.000758|0.000007|0.000333|0.000056|0.002497|0.000025|0.001098|0.000019|0.000854|0.000008|0.000376|0.005718|0.254188|0.002515|0.111790|0.001736|0.077164|0.000763|0.033936|0.005721|0.254314|0.002516|0.111846|0.001957|0.086993|0.000861|0.038259,0.000056|0.002496|0.000025|0.001098|0.000017|0.000758|0.000007|0.000333|0.000056|0.002497|0.000025|0.001098|0.000019|0.000854|0.000008|0.000376|0.005718|0.254188|0.002515|0.111790|0.001736|0.077164|0.000763|0.033936|0.005721|0.254314|0.002516|0.111846|0.001957|0.086993|0.000861|0.038259,-1.3447067499720287e-17
5000,SNode_64|SNode_97|SNode_25|SNode_94|SNode_95,220,104,0.005078792572021484,0.0049626827239990234,1.0233965889983185,0.032397|0.007398|0.002262|0.007125|0.298409|0.068144|0.020832|0.065625|0.007287|0.001664|0.002485|0.007828|0.067121|0.015328|0.022889|0.072106|0.013954|0.003187|0.000975|0.003071|0.128533|0.029351|0.008978|0.028283|0.003139|0.000717|0.001071|0.003375|0.028911|0.006602|0.009868|0.031086,0.032397|0.007398|0.002262|0.007125|0.298409|0.068144|0.020832|0.065625|0.007287|0.001664|0.002485|0.007828|0.067121|0.015328|0.022889|0.072106|0.013954|0.003187|0.000975|0.003071|0.128533|0.029351|0.008978|0.028283|0.003139|0.000717|0.001071|0.003375|0.028911|0.006602|0.009868|0.031086,3.335537565266938e-16
5000,GOAL_143|SNode_136|VECTOR44|SNode_33|RApp12,220,147,0.009466886520385742,0.008515119552612305,1.1117737645247094,0.032955|0.000000|0.313804|0.000000|0.034685|0.000000|0.330271|0.000000|0.004122|0.000000|0.039267|0.000000|0.004340|0.000000|0.041345|0.000000|0.004044|0.004108|0.038734|0.039358|0.004256|0.004324|0.040770|0.041429|0.000505|0.000515|0.004848|0.004940|0.000532|0.000542|0.005103|0.005203,0.032955|0.000000|0.313804|0.000000|0.034685|0.000000|0.330271|0.000000|0.004122|0.000000|0.039267|0.000000|0.004340|0.000000|0.041345|0.000000|0.004044|0.004108|0.038734|0.039358|0.004256|0.004324|0.040770|0.041429|0.000505|0.000515|0.004848|0.004940|0.000532|0.000542|0.005103|0.005203,2.6682288753909653e-16
5000,RApp7|TRY26|NEED36|GOAL_113|EQUATION28,220,122,0.00720524787902832,0.006127357482910156,1.1759143968871595,0.016596|0.010772|0.007236|0.004697|0.017287|0.011221|0.007538|0.004893|0.159718|0.103655|0.069719|0.045251|0.166368|0.107959|0.072623|0.047135|0.002295|0.001489|0.001792|0.001163|0.002390|0.001552|0.001867|0.001212|0.022268|0.014462|0.017391|0.011295|0.023196|0.015073|0.018116|0.011771,0.016596|0.010772|0.007236|0.004697|0.017287|0.011221|0.007538|0.004893|0.159718|0.103655|0.069719|0.045251|0.166368|0.107959|0.072623|0.047135|0.002295|0.001489|0.001792|0.001163|0.002390|0.001552|0.001867|0.001212|0.022268|0.014462|0.017391|0.011295|0.023196|0.015073|0.018116|0.011771,-1.5058855857347626e-16
5000,RESOLVE38|INCLINE51|SNode_132|SNode_116|SNode_3,220,131,0.008093595504760742,0.0071833133697509766,1.1267217630853994,0.005482|0.258096|0.000596|0.028077|0.000624|0.029376|0.000091|0.004267|0.003028|0.142550|0.000329|0.015507|0.000345|0.016225|0.000050|0.002357|0.005331|0.250969|0.000580|0.027301|0.000607|0.028565|0.000088|0.004149|0.002944|0.138614|0.000320|0.015079|0.000335|0.015777|0.000049|0.002291,0.005482|0.258096|0.000596|0.028077|0.000624|0.029376|0.000091|0.004267|0.003028|0.142550|0.000329|0.015507|0.000345|0.016225|0.000050|0.002357|0.005331|0.250969|0.000580|0.027301|0.000607|0.028565|0.000088|0.004149|0.002944|0.138614|0.000320|0.015079|0.000335|0.015777|0.000049|0.002291,2.1795174778543056e-16
5000,FORCE60|SNode_71|WRITE63|RApp7|INCLINE51,220,118,0.008116722106933594,0.0058400630950927734,1.3898346601347213,0.047793|0.026397|0.007639|0.004219|0.046552|0.025711|0.008570|0.004733|0.009576|0.005289|0.001531|0.000845|0.009327|0.005152|0.001718|0.000949|0.184214|0.101744|0.029439|0.016259|0.179043|0.098888|0.033417|0.018457|0.036912|0.020387|0.005899|0.003258|0.035872|0.019813|0.006699|0.003700,0.047793|0.026397|0.007639|0.004219|0.046552|0.025711|0.008570|0.004733|0.009576|0.005289|0.001531|0.000845|0.009327|0.005152|0.001718|0.000949|0.184214|0.101744|0.029439|0.016259|0.179043|0.098888|0.033417|0.018457|0.036912|0.020387|0.005899|0.003258|0.035872|0.019813|0.006699|0.003700,6.907072226870221e-17
5000,GOAL_114|SNode_95|APPLY32|TRY24|SNode_65,220,124,0.007268667221069336,0.006274700164794922,1.1584086936697318,0.018601|0.002560|0.172557|0.023748|0.018461|0.002548|0.171262|0.023633|0.009618|0.001324|0.093634|0.012889|0.009546|0.001317|0.092932|0.012828|0.009250|0.001273|0.085913|0.011824|0.009180|0.001267|0.085268|0.011767|0.004788|0.000659|0.046730|0.006433|0.004752|0.000656|0.046380|0.006402,0.018601|0.002560|0.172557|0.023748|0.018461|0.002548|0.171262|0.023633|0.009618|0.001324|0.093634|0.012889|0.009546|0.001317|0.092932|0.012828|0.009250|0.001273|0.085913|0.011824|0.009180|0.001267|0.085268|0.011767|0.004788|0.000659|0.046730|0.006433|0.004752|0.000656|0.046380|0.006402,9.968875217983328e-17
5000,SNode_100|SNode_115|SNode_70|GOAL_56|SNode_119,220,136,0.008415699005126953,0.00732421875,1.1490234375,0.221184|0.027699|0.070873|0.008874|0.086124|0.010972|0.028276|0.003605|0.105089|0.014605|0.033509|0.004654|0.051900|0.007487|0.017141|0.002475|0.097186|0.012220|0.031196|0.003922|0.037859|0.004845|0.012454|0.001595|0.046185|0.006465|0.014754|0.002064|0.022818|0.003319|0.007551|0.001099,0.221184|0.027699|0.070873|0.008874|0.086124|0.010972|0.028276|0.003605|0.105089|0.014605|0.033509|0.004654|0.051900|0.007487|0.017141|0.002475|0.097186|0.012220|0.031196|0.003922|0.037859|0.004845|0.012454|0.001595|0.046185|0.006465|0.014754|0.002064|0.022818|0.003319|0.007551|0.001099,8.380263164229399e-17
5000,SNode_64|GOAL_49|SLIDING4|SNode_40|SNode_43,220,99,0.004426240921020508,0.004580974578857422,0.9662225460601644,0.022193|0.007030|0.007947|0.002518|0.213902|0.067762|0.076597|0.024265|0.014164|0.004974|0.005085|0.001786|0.136515|0.047942|0.049008|0.017211|0.009497|0.003039|0.003401|0.001088|0.091533|0.029287|0.032781|0.010489|0.006119|0.002180|0.002197|0.000783|0.058977|0.021010|0.021176|0.007544,0.022193|0.007030|0.007947|0.002518|0.213902|0.067762|0.076597|0.024265|0.014164|0.004974|0.005085|0.001786|0.136515|0.047942|0.049008|0.017211|0.009497|0.003039|0.003401|0.001088|0.091533|0.029287|0.032781|0.010489|0.006119|0.002180|0.002197|0.000783|0.058977|0.021010|0.021176|0.007544,3.4187893105186076e-16
5000,IDENTIFY39|SNode_5|SNode_120|SNode_40|GOAL_130,220,138,0.008459329605102539,0.00746464729309082,1.133252419432112,0.004514|0.002290|0.001618|0.000821|0.000547|0.000283|0.000196|0.000101|0.214632|0.108854|0.076933|0.039022|0.025998|0.013448|0.009321|0.004823|0.004453|0.002259|0.001596|0.000810|0.000539|0.000279|0.000193|0.000100|0.211732|0.107383|0.075894|0.038495|0.025647|0.013266|0.009195|0.004758,0.004514|0.002290|0.001618|0.000821|0.000547|0.000283|0.000196|0.000101|0.214632|0.108854|0.076933|0.039022|0.025998|0.013448|0.009321|0.004823|0.004453|0.002259|0.001596|0.000810|0.000539|0.000279|0.000193|0.000100|0.211732|0.107383|0.075894|0.038495|0.025647|0.013266|0.009195|0.004758,-4.552587511295754e-18
5000,SNode_151|CONSTANT5|EQUATION28|VAR20|CHOOSE47,220,163,0.011099815368652344,0.010176658630371094,1.0907131477837129,0.038118|0.035645|0.087106|0.081455|0.024736|0.023130|0.056525|0.052855|0.036888|0.034495|0.084295|0.078826|0.023937|0.022383|0.054701|0.051150|0.010343|0.009701|0.023635|0.022169|0.006719|0.006304|0.015354|0.014405|0.010009|0.009388|0.022872|0.021453|0.006502|0.006100|0.014859|0.013940,0.038118|0.035645|0.087106|0.081455|0.024736|0.023130|0.056525|0.052855|0.036888|0.034495|0.084295|0.078826|0.023937|0.022383|0.054701|0.051150|0.010343|0.009701|0.023635|0.022169|0.006719|0.006304|0.015354|0.014405|0.010009|0.009388|0.022872|0.021453|0.006502|0.006100|0.014859|0.013940,-1.132797390170426e-16
5000,CHOOSE35|RApp13|DISPLACEM0|SNode_12|GOAL_114,220,139,0.008581161499023438,0.007672786712646484,1.1183891616431545,0.003520|0.001753|0.148207|0.073792|0.003574|0.001779|0.150477|0.074922|0.000409|0.000205|0.017235|0.008635|0.000416|0.000208|0.017499|0.008767|0.003363|0.001674|0.141600|0.070502|0.003415|0.001700|0.143769|0.071582|0.000391|0.000196|0.016467|0.008250|0.000397|0.000199|0.016719|0.008376,0.003520|0.001753|0.148207|0.073792|0.003574|0.001779|0.150477|0.074922|0.000409|0.000205|0.017235|0.008635|0.000416|0.000208|0.017499|0.008767|0.003363|0.001674|0.141600|0.070502|0.003415|0.001700|0.143769|0.071582|0.000391|0.000196|0.016467|0.008250|0.000397|0.000199|0.016719|0.008376,2.8173447130632337e-16
5000,TRY15|WRITE30|GOAL_80|TRY25|SNode_134,220,131,0.007777214050292969,0.006758689880371094,1.150698461972626,0.021280|0.002581|0.186883|0.022728|0.007432|0.000907|0.065243|0.008012|0.020776|0.002520|0.182462|0.022188|0.007322|0.000894|0.064276|0.007896|0.012855|0.001559|0.112891|0.013729|0.004491|0.000548|0.039420|0.004841|0.012548|0.001522|0.110203|0.013401|0.004426|0.000540|0.038853|0.004773,0.021280|0.002581|0.186883|0.022728|0.007432|0.000907|0.065243|0.008012|0.020776|0.002520|0.182462|0.022188|0.007322|0.000894|0.064276|0.007896|0.012855|0.001559|0.112891|0.013729|0.004491|0.000548|0.039420|0.004841|0.012548|0.001522|0.110203|0.013401|0.004426|0.000540|0.038853|0.004773,1.0522725017064997e-17
5000,GOAL_79|GOAL_57|SNode_5|TRY14|NEED67,220,80,0.0035429000854492188,0.0036597251892089844,0.9680781758957655,0.003732|0.003609|0.002165|0.002094|0.175298|0.169506|0.099312|0.096030|0.001496|0.001447|0.000876|0.000848|0.073281|0.070860|0.045298|0.043801|0.000994|0.000961|0.000577|0.000558|0.046678|0.045136|0.026450|0.025576|0.000399|0.000386|0.000234|0.000226|0.019531|0.018886|0.012078|0.011679,0.003732|0.003609|0.002165|0.002094|0.175298|0.169506|0.099312|0.096030|0.001496|0.001447|0.000876|0.000848|0.073281|0.070860|0.045298|0.043801|0.000994|0.000961|0.000577|0.000558|0.046678|0.045136|0.026450|0.025576|0.000399|0.000386|0.000234|0.000226|0.019531|0.018886|0.012078|0.011679,-4.217447472082111e-17
5000,TRY11|TRY25|SNode_11|IDENTIFY59|SYSTEM18,220,5,0.00042629241943359375,0.0002186298370361328,1.9498364231188658,0.000273|0.000274|0.000268|0.000269|0.014247|0.014293|0.013976|0.014021|0.002398|0.002406|0.002352|0.002360|0.125157|0.125558|0.122777|0.123171|0.000211|0.000212|0.000207|0.000208|0.011023|0.011058|0.010813|0.010848|0.001855|0.001861|0.001820|0.001826|0.096832|0.097142|0.094990|0.095294,0.000273|0.000274|0.000268|0.000269|0.014247|0.014293|0.013976|0.014021|0.002398|0.002406|0.002352|0.002360|0.125157|0.125558|0.122777|0.123171|0.000211|0.000212|0.000207|0.000208|0.011023|0.011058|0.010813|0.010848|0.001855|0.001861|0.001820|0.001826|0.096832|0.097142|0.094990|0.095294,-3.769063541181409e-17
5000,SNode_71|SNode_24|SNode_94|GOAL_110|IDENTIFY55,220,124,0.007164716720581055,0.006226062774658203,1.1507620433483956,0.137567|0.142269|0.065159|0.067385|0.055258|0.057146|0.026460|0.027364|0.060364|0.062427|0.028591|0.029568|0.024439|0.025274|0.011702|0.012102|0.027547|0.028488|0.013048|0.013494|0.011089|0.011468|0.005311|0.005492|0.012087|0.012500|0.005726|0.005921|0.004904|0.005072|0.002349|0.002429,0.137567|0.142269|0.065159|0.067385|0.055258|0.057146|0.026460|0.027364|0.060364|0.062427|0.028591|0.029568|0.024439|0.025274|0.011702|0.012102|0.027547|0.028488|0.013048|0.013494|0.011089|0.011468|0.005311|0.005492|0.012087|0.012500|0.005726|0.005921|0.004904|0.005072|0.002349|0.002429,1.6840355326362427e-16
5000,SNode_7|RApp6|GOAL_142|COMPO16|SNode_42,220,134,0.008140325546264648,0.007312774658203125,1.1131651017214397,0.005072|0.003705|0.003820|0.002789|0.001234|0.000902|0.000924|0.000674|0.000000|0.000000|0.001334|0.000975|0.000000|0.000000|0.000331|0.000242|0.225456|0.164686|0.169786|0.123982|0.054868|0.040078|0.041052|0.029976|0.000000|0.000000|0.059296|0.043353|0.000000|0.000000|0.014712|0.010757,0.005072|0.003705|0.003820|0.002789|0.001234|0.000902|0.000924|0.000674|0.000000|0.000000|0.001334|0.000975|0.000000|0.000000|0.000331|0.000242|0.225456|0.164686|0.169786|0.123982|0.054868|0.040078|0.041052|0.029976|0.000000|0.000000|0.059296|0.043353|0.000000|0.000000|0.014712|0.010757,5.856556397052718e-17
5000,GOAL65|TRY12|WRITE64|GOAL_143|SNode_91,220,137,0.008349418640136719,0.007555723190307617,1.1050455965416048,0.105234|0.031776|0.026101|0.007889|0.109616|0.033099|0.027188|0.008217|0.045358|0.013696|0.011250|0.003400|0.047247|0.014267|0.011719|0.003542|0.105335|0.031804|0.026209|0.007924|0.109630|0.033096|0.027393|0.008287|0.045402|0.013708|0.011297|0.003416|0.047253|0.014265|0.011807|0.003572,0.105234|0.031776|0.026101|0.007889|0.109616|0.033099|0.027188|0.008217|0.045358|0.013696|0.011250|0.003400|0.047247|0.014267|0.011719|0.003542|0.105335|0.031804|0.026209|0.007924|0.109630|0.033096|0.027393|0.008287|0.045402|0.013708|0.011297|0.003416|0.047253|0.014265|0.011807|0.003572,0.0
5000,FIND49|RApp7|VECTOR73|CONSTANT5|SNode_33,220,117,0.00666356086730957,0.0056459903717041016,1.1802288754697858,0.010719|0.102132|0.010373|0.098836|0.010540|0.100431|0.010200|0.097189|0.001842|0.017627|0.001783|0.017058|0.001811|0.017333|0.001753|0.016774|0.010037|0.095595|0.009713|0.092510|0.009870|0.094003|0.009551|0.090969|0.001726|0.016557|0.001670|0.016022|0.001697|0.016281|0.001642|0.015756,0.010719|0.102132|0.010373|0.098836|0.010540|0.100431|0.010200|0.097189|0.001842|0.017627|0.001783|0.017058|0.001811|0.017333|0.001753|0.016774|0.010037|0.095595|0.009713|0.092510|0.009870|0.094003|0.009551|0.090969|0.001726|0.016557|0.001670|0.016022|0.001697|0.016281|0.001642|0.015756,-1.9689632003950088e-16
5000,GOAL68|SNode_27|GOAL_150|SNode_124|SNode_131,220,165,0.011774063110351562,0.010842561721801758,1.0859115596895135,0.081536|0.032508|0.010056|0.004137|0.025955|0.010336|0.003372|0.001400|0.152525|0.060811|0.018812|0.007739|0.048552|0.019335|0.006308|0.002619|0.073020|0.047590|0.008742|0.006268|0.023273|0.015112|0.002905|0.002142|0.136595|0.089025|0.016354|0.011726|0.043535|0.028270|0.005435|0.004008,0.081536|0.032508|0.010056|0.004137|0.025955|0.010336|0.003372|0.001400|0.152525|0.060811|0.018812|0.007739|0.048552|0.019335|0.006308|0.002619|0.073020|0.047590|0.008742|0.006268|0.023273|0.015112|0.002905|0.002142|0.136595|0.089025|0.016354|0.011726|0.043535|0.028270|0.005435|0.004008,1.1929386499596673e-16
5000,TRY12|GOAL_84|SNode_154|KINEMATI17|SNode_12,220,119,0.0068132877349853516,0.005934238433837891,1.1481317798312576,0.003446|0.145106|0.003362|0.141549|0.001674|0.070469|0.001633|0.068742|0.002073|0.087285|0.002022|0.085149|0.001013|0.042666|0.000989|0.041622|0.001485|0.062543|0.001449|0.061008|0.000721|0.030373|0.000704|0.029627|0.000894|0.037623|0.000872|0.036704|0.000437|0.018391|0.000426|0.017942,0.003446|0.145106|0.003362|0.141549|0.001674|0.070469|0.001633|0.068742|0.002073|0.087285|0.002022|0.085149|0.001013|0.042666|0.000989|0.041622|0.001485|0.062543|0.001449|0.061008|0.000721|0.030373|0.000704|0.029627|0.000894|0.037623|0.000872|0.036704|0.000437|0.018391|0.000426|0.017942,9.726023091556341e-17
5000,VECTOR27|CHOOSE62|SNode_55|TRY11|GOAL_121,220,116,0.006601810455322266,0.005712747573852539,1.155627895329911,0.074969|0.034015|0.057307|0.026001|0.023643|0.010728|0.018987|0.008615|0.075559|0.034740|0.057758|0.026555|0.023829|0.010957|0.019137|0.008799|0.071541|0.032501|0.054686|0.024844|0.022562|0.010250|0.018119|0.008232|0.072090|0.033208|0.055106|0.025384|0.022735|0.010473|0.018258|0.008411,0.074969|0.034015|0.057307|0.026001|0.023643|0.010728|0.018987|0.008615|0.075559|0.034740|0.057758|0.026555|0.023829|0.010957|0.019137|0.008799|0.071541|0.032501|0.054686|0.024844|0.022562|0.010250|0.018119|0.008232|0.072090|0.033208|0.055106|0.025384|0.022735|0.010473|0.018258|0.008411,-1.7830438911472526e-16
5000,SNode_68|GOAL_81|SNode_100|COMPO16|SNode_106,220,114,0.006729841232299805,0.005734682083129883,1.1735334469712717,0.149040|0.064672|0.112881|0.048980|0.061589|0.026827|0.046647|0.020317|0.051984|0.023849|0.088779|0.040731|0.025309|0.011672|0.043223|0.019934|0.029031|0.012604|0.021511|0.009340|0.011997|0.005228|0.008889|0.003874|0.010227|0.004695|0.017918|0.008228|0.004979|0.002298|0.008724|0.004027,0.149040|0.064672|0.112881|0.048980|0.061589|0.026827|0.046647|0.020317|0.051984|0.023849|0.088779|0.040731|0.025309|0.011672|0.043223|0.019934|0.029031|0.012604|0.021511|0.009340|0.011997|0.005228|0.008889|0.003874|0.010227|0.004695|0.017918|0.008228|0.004979|0.002298|0.008724|0.004027,-1.0609352449484919e-16
5000,GOAL_142|GOAL_87|SYSTEM46|EQUATION28|NEED36,220,134,0.008007526397705078,0.00694727897644043,1.1526133360787947,0.081781|0.085194|0.051418|0.053224|0.076744|0.079932|0.048126|0.049697|0.039751|0.041453|0.025171|0.026074|0.043627|0.045507|0.027730|0.028823|0.018633|0.019384|0.013597|0.014344|0.017485|0.018186|0.012726|0.013393|0.009056|0.009404|0.006669|0.007248|0.009939|0.010324|0.007348|0.008013,0.081781|0.085194|0.051418|0.053224|0.076744|0.079932|0.048126|0.049697|0.039751|0.041453|0.025171|0.026074|0.043627|0.045507|0.027730|0.028823|0.018633|0.019384|0.013597|0.014344|0.017485|0.018186|0.012726|0.013393|0.009056|0.009404|0.006669|0.007248|0.009939|0.010324|0.007348|0.008013,-1.2102619908374694e-16
5000,WRITE63|SNode_134|GOAL_84|AXIS33|SNode_42,220,128,0.008033037185668945,0.006690263748168945,1.200705605644845,0.031824|0.023245|0.129389|0.094509|0.019163|0.013999|0.077917|0.056920|0.003862|0.002821|0.015701|0.011468|0.002348|0.001715|0.009546|0.006974|0.031644|0.023114|0.128646|0.093966|0.019054|0.013919|0.077464|0.056589|0.003843|0.002807|0.015634|0.011420|0.002337|0.001707|0.009510|0.006947,0.031824|0.023245|0.129389|0.094509|0.019163|0.013999|0.077917|0.056920|0.003862|0.002821|0.015701|0.011468|0.002348|0.001715|0.009546|0.006974|0.031644|0.023114|0.128646|0.093966|0.019054|0.013919|0.077464|0.056589|0.003843|0.002807|0.015634|0.011420|0.002337|0.001707|0.009510|0.006947,7.24533571500372e-17
5000,SNode_156|NULL48|RApp6|SNode_102|SNode_65,220,108,0.006365060806274414,0.005362510681152344,1.1869553619064557,0.232174|0.025030|0.044647|0.004813|0.033077|0.003581|0.006367|0.000689|0.215939|0.036576|0.041525|0.007034|0.030644|0.005345|0.005898|0.001029|0.095041|0.010246|0.023963|0.002583|0.015293|0.001656|0.004908|0.000531|0.088394|0.014974|0.022286|0.003776|0.014168|0.002471|0.004547|0.000793,0.232174|0.025030|0.044647|0.004813|0.033077|0.003581|0.006367|0.000689|0.215939|0.036576|0.041525|0.007034|0.030644|0.005345|0.005898|0.001029|0.095041|0.010246|0.023963|0.002583|0.015293|0.001656|0.004908|0.000531|0.088394|0.014974|0.022286|0.003776|0.014168|0.002471|0.004547|0.000793,1.5063676711863778e-16
5000,SNode_133|SNode_151|APPLY77|GOAL_129|SNode_73,220,164,0.011248588562011719,0.010555028915405273,1.0657089290957964,0.145948|0.062297|0.042354|0.010782|0.139517|0.059543|0.040486|0.010306|0.035873|0.015312|0.010410|0.002650|0.041723|0.017818|0.012110|0.003084|0.039338|0.016503|0.054400|0.030371|0.037605|0.015774|0.051998|0.029025|0.009669|0.004056|0.013371|0.007465|0.011246|0.004720|0.015556|0.008690,0.145948|0.062297|0.042354|0.010782|0.139517|0.059543|0.040486|0.010306|0.035873|0.015312|0.010410|0.002650|0.041723|0.017818|0.012110|0.003084|0.039338|0.016503|0.054400|0.030371|0.037605|0.015774|0.051998|0.029025|0.009669|0.004056|0.013371|0.007465|0.011246|0.004720|0.015556|0.008690,2.7194643751931498e-16
5000,SNode_102|GOAL_80|VELOCITY7|RApp3|CHOOSE62,220,105,0.004811525344848633,0.005048513412475586,0.9530578512396695,0.146938|0.148712|0.009306|0.009418|0.105862|0.107140|0.041988|0.042495|0.051087|0.051704|0.003240|0.003279|0.036791|0.037235|0.014618|0.014795|0.030803|0.031175|0.001951|0.001974|0.022192|0.022460|0.008802|0.008908|0.011316|0.011453|0.000718|0.000726|0.008149|0.008248|0.003238|0.003277,0.146938|0.148712|0.009306|0.009418|0.105862|0.107140|0.041988|0.042495|0.051087|0.051704|0.003240|0.003279|0.036791|0.037235|0.014618|0.014795|0.030803|0.031175|0.001951|0.001974|0.022192|0.022460|0.008802|0.008908|0.011316|0.011453|0.000718|0.000726|0.008149|0.008248|0.003238|0.003277,-2.7942114726010395e-17
5000,SNode_54|SNode_117|KINEMATI17|APPLY61|INCLINE51,220,120,0.007048845291137695,0.0058746337890625,1.1998782467532467,0.076567|0.042289|0.079070|0.043672|0.072686|0.040145|0.075062|0.041458|0.037470|0.020695|0.038769|0.021413|0.035571|0.019646|0.036804|0.020327|0.031111|0.017183|0.032128|0.017745|0.032354|0.017870|0.033412|0.018454|0.015225|0.008409|0.015753|0.008701|0.015834|0.008745|0.016383|0.009048,0.076567|0.042289|0.079070|0.043672|0.072686|0.040145|0.075062|0.041458|0.037470|0.020695|0.038769|0.021413|0.035571|0.019646|0.036804|0.020327|0.031111|0.017183|0.032128|0.017745|0.032354|0.017870|0.033412|0.018454|0.015225|0.008409|0.015753|0.008701|0.015834|0.008745|0.016383|0.009048,7.764816594914859e-18
5000,SNode_40|GOAL66|SNode_65|GOAL_48|GOAL72,220,103,0.004607439041137695,0.004824399948120117,0.9550284161106993,0.078816|0.080087|0.116350|0.118226|0.010763|0.010937|0.015990|0.016247|0.050858|0.051678|0.075078|0.076289|0.006945|0.007057|0.010318|0.010484|0.028060|0.028513|0.041727|0.042400|0.003908|0.003971|0.005856|0.005950|0.018107|0.018399|0.026926|0.027360|0.002521|0.002562|0.003779|0.003840,0.078816|0.080087|0.116350|0.118226|0.010763|0.010937|0.015990|0.016247|0.050858|0.051678|0.075078|0.076289|0.006945|0.007057|0.010318|0.010484|0.028060|0.028513|0.041727|0.042400|0.003908|0.003971|0.005856|0.005950|0.018107|0.018399|0.026926|0.027360|0.002521|0.002562|0.003779|0.003840,-1.814994546217008e-18
5000,RApp3|SNode_92|WRITE63|SNode_44|GOAL_63,220,60,0.0024340152740478516,0.002439260482788086,0.9978496725637768,0.129298|0.038583|0.065108|0.019620|0.128576|0.038368|0.064744|0.019510|0.084040|0.025078|0.042318|0.012752|0.083571|0.024938|0.042082|0.012681|0.024842|0.007509|0.014395|0.004529|0.024704|0.007467|0.014315|0.004504|0.016147|0.004881|0.009356|0.002944|0.016057|0.004853|0.009304|0.002928,0.129298|0.038583|0.065108|0.019620|0.128576|0.038368|0.064744|0.019510|0.084040|0.025078|0.042318|0.012752|0.083571|0.024938|0.042082|0.012681|0.024842|0.007509|0.014395|0.004529|0.024704|0.007467|0.014315|0.004504|0.016147|0.004881|0.009356|0.002944|0.016057|0.004853|0.009304|0.002928,1.8493156726945406e-16
5000,SNode_119|SNode_155|RApp6|CHOOSE62|SNode_33,220,140,0.008827924728393555,0.00785207748413086,1.1242788607518066,0.032169|0.306683|0.032547|0.310270|0.004819|0.045950|0.004875|0.046477|0.004088|0.038989|0.004147|0.039561|0.000636|0.006073|0.000646|0.006171|0.004204|0.040085|0.004255|0.040567|0.000639|0.006090|0.000646|0.006162|0.000538|0.005137|0.000546|0.005215|0.000085|0.000814|0.000087|0.000828,0.032169|0.306683|0.032547|0.310270|0.004819|0.045950|0.004875|0.046477|0.004088|0.038989|0.004147|0.039561|0.000636|0.006073|0.000646|0.006171|0.004204|0.040085|0.004255|0.040567|0.000639|0.006090|0.000646|0.006162|0.000538|0.005137|0.000546|0.005215|0.000085|0.000814|0.000087|0.000828,1.0890493014703135e-16
5000,RESOLVE38|GOAL_79|SNode_75|SNode_5|GOAL_69,220,77,0.0035729408264160156,0.0036034584045410156,0.9915310308323408,0.005381|0.001627|0.255086|0.077996|0.000948|0.000292|0.045003|0.014049|0.001346|0.000406|0.063787|0.019486|0.000335|0.000109|0.015901|0.005247|0.005233|0.001582|0.248044|0.075845|0.000922|0.000283|0.043754|0.013609|0.001308|0.000395|0.062024|0.018945|0.000326|0.000107|0.015469|0.005155,0.005381|0.001627|0.255086|0.077996|0.000948|0.000292|0.045003|0.014049|0.001346|0.000406|0.063787|0.019486|0.000335|0.000109|0.015901|0.005247|0.005233|0.001582|0.248044|0.075845|0.000922|0.000283|0.043754|0.013609|0.001308|0.000395|0.062024|0.018945|0.000326|0.000107|0.015469|0.005155,2.9763832870725906e-17
5000,IDENTIFY39|IDENTIFY59|RESOLVE38|GOAL_98|GIVEN_1,220,94,0.0041866302490234375,0.0043964385986328125,0.9522776572668112,0.002133|0.093079|0.000753|0.032872|0.002074|0.090509|0.000732|0.031964|0.002092|0.091309|0.000739|0.032246|0.002034|0.088788|0.000718|0.031356|0.002104|0.091822|0.000743|0.032427|0.002046|0.089286|0.000723|0.031532|0.002064|0.090076|0.000729|0.031811|0.002007|0.087588|0.000709|0.030933,0.002133|0.093079|0.000753|0.032872|0.002074|0.090509|0.000732|0.031964|0.002092|0.091309|0.000739|0.032246|0.002034|0.088788|0.000718|0.031356|0.002104|0.091822|0.000743|0.032427|0.002046|0.089286|0.000723|0.031532|0.002064|0.090076|0.000729|0.031811|0.002007|0.087588|0.000709|0.030933,-2.834913020211007e-17
5000,IDENTIFY22|GOAL_127|SNode_119|NULL48|SNode_64,220,135,0.008222818374633789,0.007088899612426758,1.1599569501900246,0.108590|0.046637|0.106610|0.045787|0.014098|0.006219|0.013841|0.006106|0.046767|0.020083|0.045915|0.019717|0.006101|0.002695|0.005989|0.002645|0.109550|0.047049|0.107553|0.046191|0.014223|0.006274|0.013964|0.006160|0.047181|0.020260|0.046320|0.019891|0.006154|0.002718|0.006042|0.002669,0.108590|0.046637|0.106610|0.045787|0.014098|0.006219|0.013841|0.006106|0.046767|0.020083|0.045915|0.019717|0.006101|0.002695|0.005989|0.002645|0.109550|0.047049|0.107553|0.046191|0.014223|0.006274|0.013964|0.006160|0.047181|0.020260|0.046320|0.019891|0.006154|0.002718|0.006042|0.002669,1.8935245819189744e-16
5000,NEED1|SNode_154|SNode_3|SNode_92|SNode_68,220,123,0.007188558578491211,0.006276845932006836,1.1452501234474115,0.003559|0.000656|0.002313|0.000427|0.167557|0.030899|0.108907|0.020083|0.001683|0.000369|0.001094|0.000240|0.079250|0.017365|0.051510|0.011287|0.003599|0.000664|0.002339|0.000431|0.169444|0.031247|0.110134|0.020310|0.001702|0.000373|0.001107|0.000242|0.080142|0.017561|0.052090|0.011414,0.003559|0.000656|0.002313|0.000427|0.167557|0.030899|0.108907|0.020083|0.001683|0.000369|0.001094|0.000240|0.079250|0.017365|0.051510|0.011287|0.003599|0.000664|0.002339|0.000431|0.169444|0.031247|0.110134|0.020310|0.001702|0.000373|0.001107|0.000242|0.080142|0.017561|0.052090|0.011414,-2.49550549164759e-17
5000,IDENTIFY43|TRY11|IDENTIFY55|SNode_97|SNode_131,220,121,0.007033348083496094,0.006279706954956055,1.1200121492843311,0.089619|0.046792|0.020254|0.010576|0.070991|0.037040|0.042637|0.022289|0.069336|0.036202|0.015670|0.008182|0.054924|0.028657|0.032987|0.017244|0.058904|0.030755|0.013313|0.006951|0.046659|0.024344|0.028026|0.014651|0.045573|0.023795|0.010300|0.005378|0.036099|0.018834|0.021683|0.011335,0.089619|0.046792|0.020254|0.010576|0.070991|0.037040|0.042637|0.022289|0.069336|0.036202|0.015670|0.008182|0.054924|0.028657|0.032987|0.017244|0.058904|0.030755|0.013313|0.006951|0.046659|0.024344|0.028026|0.014651|0.045573|0.023795|0.010300|0.005378|0.036099|0.018834|0.021683|0.011335,4.214137000150785e-17
5000,MAXIMIZE34|GOAL_114|APPLY61|SNode_3|SNode_10,220,118,0.006803750991821289,0.005827903747558594,1.1674439535264278,0.000063|0.003311|0.002954|0.155878|0.000065|0.003418|0.003051|0.160912|0.000031|0.001640|0.001463|0.077214|0.000032|0.001698|0.001514|0.079954|0.000064|0.003395|0.003029|0.159809|0.000066|0.003501|0.003126|0.164816|0.000032|0.001693|0.001511|0.079711|0.000033|0.001757|0.001565|0.082692,0.000063|0.003311|0.002954|0.155878|0.000065|0.003418|0.003051|0.160912|0.000031|0.001640|0.001463|0.077214|0.000032|0.001698|0.001514|0.079954|0.000064|0.003395|0.003029|0.159809|0.000066|0.003501|0.003126|0.164816|0.000032|0.001693|0.001511|0.079711|0.000033|0.001757|0.001565|0.082692,-2.1554459520704434e-16
5000,SNode_152|SNode_100|CHOOSE35|SNode_93|SNode_5,220,116,0.006857633590698242,0.005895853042602539,1.163128310890048,0.003180|0.151212|0.001166|0.055419|0.003039|0.144470|0.001114|0.052948|0.001384|0.065795|0.000525|0.024978|0.001322|0.062862|0.000502|0.023865|0.002165|0.102918|0.000805|0.038285|0.002068|0.098329|0.000769|0.036579|0.000944|0.044896|0.000365|0.017361|0.000902|0.042894|0.000349|0.016588,0.003180|0.151212|0.001166|0.055419|0.003039|0.144470|0.001114|0.052948|0.001384|0.065795|0.000525|0.024978|0.001322|0.062862|0.000502|0.023865|0.002165|0.102918|0.000805|0.038285|0.002068|0.098329|0.000769|0.036579|0.000944|0.044896|0.000365|0.017361|0.000902|0.042894|0.000349|0.016588,1.7683037831593928e-16
5000,SNode_133|GOAL72|SNode_74|SNode_29|DISPLACEM0,220,122,0.007007122039794922,0.00605320930480957,1.1575879317814801,0.092310|0.093724|0.050471|0.051244|0.011102|0.011272|0.006144|0.006239|0.093799|0.095236|0.051285|0.052070|0.011281|0.011454|0.006244|0.006339|0.049497|0.050255|0.027037|0.027451|0.006135|0.006229|0.003419|0.003472|0.050295|0.051065|0.027473|0.027894|0.006233|0.006329|0.003475|0.003528,0.092310|0.093724|0.050471|0.051244|0.011102|0.011272|0.006144|0.006239|0.093799|0.095236|0.051285|0.052070|0.011281|0.011454|0.006244|0.006339|0.049497|0.050255|0.027037|0.027451|0.006135|0.006229|0.003419|0.003472|0.050295|0.051065|0.027473|0.027894|0.006233|0.006329|0.003475|0.003528,6.663279875430254e-17
5000,SNode_120|WRITE30|SNode_38|SNode_34|TRY25,220,134,0.007955312728881836,0.006777763366699219,1.1737371605459406,0.011990|0.104043|0.017444|0.151365|0.006766|0.060701|0.009843|0.088313|0.011734|0.101817|0.017071|0.148126|0.006621|0.059407|0.009633|0.086431|0.001460|0.012686|0.002125|0.018457|0.000824|0.007407|0.001199|0.010776|0.001429|0.012415|0.002079|0.018062|0.000807|0.007249|0.001174|0.010547,0.011990|0.104043|0.017444|0.151365|0.006766|0.060701|0.009843|0.088313|0.011734|0.101817|0.017071|0.148126|0.006621|0.059407|0.009633|0.086431|0.001460|0.012686|0.002125|0.018457|0.000824|0.007407|0.001199|0.010776|0.001429|0.012415|0.002079|0.018062|0.000807|0.007249|0.001174|0.010547,9.047569345213952e-17
5000,CHOOSE35|SNode_91|RApp12|NEED36|FIND58,220,138,0.0084228515625,0.007431745529174805,1.1333611369542202,0.118624|0.054550|0.123432|0.056761|0.013162|0.006053|0.013833|0.006361|0.035810|0.016467|0.037265|0.017137|0.003985|0.001833|0.004197|0.001930|0.113335|0.052118|0.117929|0.054230|0.012575|0.005783|0.013217|0.006078|0.034213|0.015733|0.035604|0.016373|0.003807|0.001751|0.004010|0.001844,0.118624|0.054550|0.123432|0.056761|0.013162|0.006053|0.013833|0.006361|0.035810|0.016467|0.037265|0.017137|0.003985|0.001833|0.004197|0.001930|0.113335|0.052118|0.117929|0.054230|0.012575|0.005783|0.013217|0.006078|0.034213|0.015733|0.035604|0.016373|0.003807|0.001751|0.004010|0.001844,-1.2907672870086624e-17
5000,TRY24|TRY26|RApp11|TRY15|WEIGHT57,220,139,0.008243083953857422,0.0074803829193115234,1.1019601593625499,0.014666|0.035014|0.008860|0.021152|0.001549|0.003701|0.000936|0.002236|0.001279|0.003054|0.000773|0.001845|0.000135|0.000323|0.000082|0.000195|0.000980|0.002339|0.000592|0.001413|0.000104|0.000247|0.000063|0.000149|0.149520|0.356946|0.090326|0.215633|0.015795|0.037748|0.009542|0.022804,0.014666|0.035014|0.008860|0.021152|0.001549|0.003701|0.000936|0.002236|0.001279|0.003054|0.000773|0.001845|0.000135|0.000323|0.000082|0.000195|0.000980|0.002339|0.000592|0.001413|0.000104|0.000247|0.000063|0.000149|0.149520|0.356946|0.090326|0.215633|0.015795|0.037748|0.009542|0.022804,0.0
5000,GOAL65|GOAL_48|SNode_15|SNode_34|SNode_41,220,10,0.0005793571472167969,0.0003769397735595703,1.537001897533207,0.001062|0.000300|0.000315|0.001666|0.062920|0.017772|0.018690|0.098704|0.001572|0.000444|0.000467|0.002466|0.093139|0.026307|0.027666|0.146109|0.001064|0.000300|0.000316|0.001669|0.063021|0.017800|0.018720|0.098862|0.001575|0.000445|0.000468|0.002470|0.093288|0.026349|0.027710|0.146343,0.001062|0.000300|0.000315|0.001666|0.062920|0.017772|0.018690|0.098704|0.001572|0.000444|0.000467|0.002466|0.093139|0.026307|0.027666|0.146109|0.001064|0.000300|0.000316|0.001669|0.063021|0.017800|0.018720|0.098862|0.001575|0.000445|0.000468|0.002470|0.093288|0.026349|0.027710|0.146343,-2.6857561038672584e-18
5000,NEED36|CHOOSE19|GOAL_150|SNode_52|SNode_137,220,160,0.010505199432373047,0.009612560272216797,1.0928617490946972,0.108155|0.024464|0.040894|0.009250|0.034611|0.007847|0.013087|0.002967|0.102788|0.023250|0.050739|0.011478|0.032882|0.007455|0.016249|0.003684|0.109028|0.029098|0.041225|0.011002|0.034904|0.009338|0.013198|0.003531|0.103619|0.027654|0.051148|0.013652|0.033160|0.008871|0.016387|0.004384,0.108155|0.024464|0.040894|0.009250|0.034611|0.007847|0.013087|0.002967|0.102788|0.023250|0.050739|0.011478|0.032882|0.007455|0.016249|0.003684|0.109028|0.029098|0.041225|0.011002|0.034904|0.009338|0.013198|0.003531|0.103619|0.027654|0.051148|0.013652|0.033160|0.008871|0.016387|0.004384,-8.155908080213719e-17
5000,GOAL_142|SNode_122|SNode_11|COMPO16|NEWTONS45,220,137,0.008428335189819336,0.007352590560913086,1.1463082460520768,0.002475|0.002537|0.002515|0.002577|0.129200|0.132429|0.131244|0.134518|0.001228|0.001259|0.001248|0.001280|0.064088|0.065702|0.065154|0.066797|0.000600|0.000615|0.000609|0.000624|0.031289|0.032076|0.031788|0.032589|0.000302|0.000309|0.000307|0.000315|0.015744|0.016147|0.016010|0.016424,0.002475|0.002537|0.002515|0.002577|0.129200|0.132429|0.131244|0.134518|0.001228|0.001259|0.001248|0.001280|0.064088|0.065702|0.065154|0.066797|0.000600|0.000615|0.000609|0.000624|0.031289|0.032076|0.031788|0.032589|0.000302|0.000309|0.000307|0.000315|0.015744|0.016147|0.016010|0.016424,9.624174060348358e-17
5000,GOAL_50|GIVEN21|SNode_151|GOAL_57|GRAV78,220,162,0.010869741439819336,0.010048389434814453,1.081739666872301,0.018587|0.014441|0.007529|0.005849|0.002196|0.006778|0.000889|0.002746|0.186116|0.144603|0.075390|0.058570|0.021987|0.067874|0.008906|0.027498|0.009487|0.007365|0.004579|0.003554|0.001120|0.003465|0.000541|0.001673|0.094992|0.073747|0.045847|0.035589|0.011220|0.034697|0.005415|0.016751,0.018587|0.014441|0.007529|0.005849|0.002196|0.006778|0.000889|0.002746|0.186116|0.144603|0.075390|0.058570|0.021987|0.067874|0.008906|0.027498|0.009487|0.007365|0.004579|0.003554|0.001120|0.003465|0.000541|0.001673|0.094992|0.073747|0.045847|0.035589|0.011220|0.034697|0.005415|0.016751,1.8721857922255721e-16
5000,VECTOR44|VALUE3|SNode_117|TRY25|NEED67,220,122,0.006834506988525391,0.005923032760620117,1.1538864066336594,0.008453|0.008174|0.074242|0.071788|0.004138|0.004001|0.036369|0.035167|0.008541|0.008259|0.075018|0.072539|0.004182|0.004043|0.036749|0.035535|0.008897|0.008603|0.078141|0.075559|0.004356|0.004212|0.038282|0.037017|0.008990|0.008693|0.078958|0.076349|0.004401|0.004256|0.038682|0.037404,0.008453|0.008174|0.074242|0.071788|0.004138|0.004001|0.036369|0.035167|0.008541|0.008259|0.075018|0.072539|0.004182|0.004043|0.036749|0.035535|0.008897|0.008603|0.078141|0.075559|0.004356|0.004212|0.038282|0.037017|0.008990|0.008693|0.078958|0.076349|0.004401|0.004256|0.038682|0.037404,1.2049343881747673e-16
5000,GOAL_103|TRY24|SNode_29|SNode_59|RESOLVE37,220,108,0.006181001663208008,0.0052068233489990234,1.1870964787765008,0.016757|0.016771|0.007926|0.007933|0.009149|0.009156|0.004364|0.004368|0.152762|0.152884|0.072247|0.072304|0.083397|0.083464|0.039776|0.039807|0.004248|0.004252|0.002010|0.002011|0.002320|0.002321|0.001107|0.001107|0.045497|0.045533|0.021531|0.021549|0.024849|0.024870|0.011861|0.011870,0.016757|0.016771|0.007926|0.007933|0.009149|0.009156|0.004364|0.004368|0.152762|0.152884|0.072247|0.072304|0.083397|0.083464|0.039776|0.039807|0.004248|0.004252|0.002010|0.002011|0.002320|0.002321|0.001107|0.001107|0.045497|0.045533|0.021531|0.021549|0.024849|0.024870|0.011861|0.011870,-1.1489416480262285e-16
5000,WRITE31|RApp2|DISPLACEM0|VECTOR70|SNode_118,220,125,0.007252216339111328,0.006209373474121094,1.1679465519889418,0.000457|0.000112|0.003881|0.001360|0.000464|0.000113|0.003940|0.001381|0.019744|0.004825|0.167846|0.058807|0.020047|0.004899|0.170417|0.059708|0.000425|0.000104|0.003611|0.001265|0.000431|0.000105|0.003667|0.001285|0.018372|0.004490|0.156181|0.054720|0.018653|0.004559|0.158573|0.055558,0.000457|0.000112|0.003881|0.001360|0.000464|0.000113|0.003940|0.001381|0.019744|0.004825|0.167846|0.058807|0.020047|0.004899|0.170417|0.059708|0.000425|0.000104|0.003611|0.001265|0.000431|0.000105|0.003667|0.001285|0.018372|0.004490|0.156181|0.054720|0.018653|0.004559|0.158573|0.055558,2.0680798385836873e-16
5000,SNode_33|SNode_112|SNode_75|SNode_55|IDENTIFY22,220,121,0.006878852844238281,0.005955934524536133,1.1549577679036067,0.018145|0.018305|0.005502|0.005550|0.003181|0.003209|0.001181|0.001191|0.012289|0.012398|0.003695|0.003727|0.002365|0.002386|0.000898|0.000905|0.171538|0.173055|0.053652|0.054126|0.030067|0.030333|0.011511|0.011613|0.116464|0.117493|0.036117|0.036436|0.022419|0.022618|0.008776|0.008854,0.018145|0.018305|0.005502|0.005550|0.003181|0.003209|0.001181|0.001191|0.012289|0.012398|0.003695|0.003727|0.002365|0.002386|0.000898|0.000905|0.171538|0.173055|0.053652|0.054126|0.030067|0.030333|0.011511|0.011613|0.116464|0.117493|0.036117|0.036436|0.022419|0.022618|0.008776|0.008854,1.2309969876768567e-17
5000,GOAL_107|SNode_152|SNode_20|GOAL_150|IDENTIFY55,220,160,0.010479927062988281,0.009868383407592773,1.0619699934768427,0.074969|0.077531|0.020266|0.020959|0.102400|0.105894|0.036509|0.037761|0.044915|0.046450|0.012142|0.012558|0.061350|0.063443|0.021864|0.022614|0.018493|0.019125|0.005000|0.005171|0.025256|0.026117|0.009011|0.009321|0.019015|0.019664|0.005139|0.005314|0.025969|0.026854|0.009304|0.009625,0.074969|0.077531|0.020266|0.020959|0.102400|0.105894|0.036509|0.037761|0.044915|0.046450|0.012142|0.012558|0.061350|0.063443|0.021864|0.022614|0.018493|0.019125|0.005000|0.005171|0.025256|0.026117|0.009011|0.009321|0.019015|0.019664|0.005139|0.005314|0.025969|0.026854|0.009304|0.009625,-4.059763931626456e-18
5000,WRITE64|WRITE30|RApp4|SNode_94|GOAL_108,220,114,0.00651097297668457,0.005578517913818359,1.1671510385503034,0.072806|0.018866|0.029430|0.007621|0.067206|0.017415|0.027166|0.007035|0.071246|0.018461|0.028805|0.007460|0.065766|0.017042|0.026590|0.006886|0.058706|0.036783|0.023276|0.015319|0.054191|0.033954|0.021485|0.014140|0.057448|0.035996|0.022781|0.014994|0.053029|0.033227|0.021029|0.013841,0.072806|0.018866|0.029430|0.007621|0.067206|0.017415|0.027166|0.007035|0.071246|0.018461|0.028805|0.007460|0.065766|0.017042|0.026590|0.006886|0.058706|0.036783|0.023276|0.015319|0.054191|0.033954|0.021485|0.014140|0.057448|0.035996|0.022781|0.014994|0.053029|0.033227|0.021029|0.013841,-1.5968027797638355e-16
5000,NEED1|SLIDING4|RESOLVE37|SNode_75|GOAL_121,220,117,0.006582498550415039,0.005631208419799805,1.168931792201194,0.013451|0.006136|0.002590|0.001183|0.013462|0.006140|0.002592|0.001184|0.129559|0.059221|0.024943|0.011419|0.129662|0.059268|0.024963|0.011429|0.013602|0.006205|0.002619|0.001196|0.013613|0.006210|0.002621|0.001197|0.131018|0.059888|0.025224|0.011548|0.131123|0.059936|0.025244|0.011557,0.013451|0.006136|0.002590|0.001183|0.013462|0.006140|0.002592|0.001184|0.129559|0.059221|0.024943|0.011419|0.129662|0.059268|0.024963|0.011429|0.013602|0.006205|0.002619|0.001196|0.013613|0.006210|0.002621|0.001197|0.131018|0.059888|0.025224|0.011548|0.131123|0.059936|0.025244|0.011557,-4.3760941950238156e-17
5000,SNode_122|TRY76|SNode_51|SNode_116|SNode_24,220,135,0.008077144622802734,0.007099151611328125,1.137761955937668,0.157697|0.069353|0.017516|0.007705|0.055332|0.024334|0.006146|0.002704|0.151271|0.066526|0.016802|0.007391|0.053077|0.023342|0.005896|0.002593|0.078184|0.034384|0.009020|0.003968|0.027434|0.012065|0.003166|0.001393|0.074998|0.032982|0.008652|0.003807|0.026316|0.011573|0.003037|0.001336,0.157697|0.069353|0.017516|0.007705|0.055332|0.024334|0.006146|0.002704|0.151271|0.066526|0.016802|0.007391|0.053077|0.023342|0.005896|0.002593|0.078184|0.034384|0.009020|0.003968|0.027434|0.012065|0.003166|0.001393|0.074998|0.032982|0.008652|0.003807|0.026316|0.011573|0.003037|0.001336,-8.288633607038737e-17
5000,SNode_67|RApp3|VECTOR27|GOAL_146|GOAL_98,220,136,0.008534431457519531,0.007452249526977539,1.1452154717343315,0.176770|0.060272|0.047996|0.016392|0.165702|0.060583|0.044999|0.016476|0.035736|0.012185|0.009703|0.003314|0.033499|0.012248|0.009097|0.003331|0.072585|0.024779|0.019733|0.006749|0.068034|0.024911|0.018499|0.006785|0.014878|0.005080|0.004045|0.001384|0.013945|0.005107|0.003792|0.001391,0.176770|0.060272|0.047996|0.016392|0.165702|0.060583|0.044999|0.016476|0.035736|0.012185|0.009703|0.003314|0.033499|0.012248|0.009097|0.003331|0.072585|0.024779|0.019733|0.006749|0.068034|0.024911|0.018499|0.006785|0.014878|0.005080|0.004045|0.001384|0.013945|0.005107|0.003792|0.001391,-1.0909696182288661e-16
5000,GOAL_61|SNode_128|CHOOSE47|SNode_154|WEIGHT56,220,124,0.007433176040649414,0.00616455078125,1.2057936262376239,0.047728|0.112708|0.020464|0.048344|0.044660|0.105444|0.019149|0.045230|0.030422|0.072014|0.017537|0.041602|0.028467|0.067396|0.016411|0.038947|0.015352|0.036251|0.006583|0.015552|0.014365|0.033914|0.006160|0.014550|0.009795|0.023187|0.005651|0.013408|0.009165|0.021701|0.005288|0.012552,0.047728|0.112708|0.020464|0.048344|0.044660|0.105444|0.019149|0.045230|0.030422|0.072014|0.017537|0.041602|0.028467|0.067396|0.016411|0.038947|0.015352|0.036251|0.006583|0.015552|0.014365|0.033914|0.006160|0.014550|0.009795|0.023187|0.005651|0.013408|0.009165|0.021701|0.005288|0.012552,-1.3131590303390146e-16
5000,RApp11|APPLY77|GOAL_84|FORCE60|GIVEN21,220,136,0.008294343948364258,0.007344722747802734,1.129292994871129,0.005306|0.053120|0.020450|0.204742|0.003167|0.031710|0.012208|0.122217|0.005289|0.052950|0.020384|0.204088|0.003157|0.031608|0.012169|0.121827|0.000539|0.005400|0.002076|0.020814|0.000356|0.003568|0.001372|0.013757|0.000537|0.005382|0.002069|0.020747|0.000355|0.003557|0.001367|0.013713,0.005306|0.053120|0.020450|0.204742|0.003167|0.031710|0.012208|0.122217|0.005289|0.052950|0.020384|0.204088|0.003157|0.031608|0.012169|0.121827|0.000539|0.005400|0.002076|0.020814|0.000356|0.003568|0.001372|0.013757|0.000537|0.005382|0.002069|0.020747|0.000355|0.003557|0.001367|0.013713,-2.5734578094764337e-16
5000,GOAL_129|SNode_71|SNode_132|RApp6|SNode_74,220,127,0.007685661315917969,0.006769418716430664,1.135350262388617,0.383228|0.045748|0.056762|0.006801|0.042554|0.005080|0.006349|0.000761|0.074825|0.010096|0.012037|0.001734|0.008305|0.001121|0.001347|0.000194|0.196741|0.023487|0.029173|0.003495|0.025519|0.003047|0.003866|0.000463|0.038416|0.005184|0.006186|0.000891|0.004979|0.000672|0.000821|0.000118,0.383228|0.045748|0.056762|0.006801|0.042554|0.005080|0.006349|0.000761|0.074825|0.010096|0.012037|0.001734|0.008305|0.001121|0.001347|0.000194|0.196741|0.023487|0.029173|0.003495|0.025519|0.003047|0.003866|0.000463|0.038416|0.005184|0.006186|0.000891|0.004979|0.000672|0.000821|0.000118,-1.33657172232809e-16
5000,GOAL_114|SNode_4|SNode_64|GOAL_49|GOAL_79,220,118,0.006684780120849609,0.005731105804443359,1.166403194941343,0.004439|0.001141|0.002909|0.000748|0.001905|0.000489|0.001262|0.000324|0.218365|0.057874|0.143078|0.037934|0.093351|0.025145|0.061809|0.016687|0.002211|0.000569|0.001449|0.000373|0.000949|0.000244|0.000629|0.000162|0.108749|0.028867|0.071272|0.018923|0.046490|0.012542|0.030790|0.008325,0.004439|0.001141|0.002909|0.000748|0.001905|0.000489|0.001262|0.000324|0.218365|0.057874|0.143078|0.037934|0.093351|0.025145|0.061809|0.016687|0.002211|0.000569|0.001449|0.000373|0.000949|0.000244|0.000629|0.000162|0.108749|0.028867|0.071272|0.018923|0.046490|0.012542|0.030790|0.008325,-3.783710518611115e-17
5000,GOAL_80|GOAL_143|GOAL_110|VECTOR27|WEIGHT57,220,131,0.008138418197631836,0.007062435150146484,1.1523529808925799,0.060755|0.144921|0.057966|0.138266|0.028796|0.068578|0.027522|0.065538|0.015065|0.036100|0.014374|0.034449|0.007162|0.017272|0.006845|0.016516|0.021365|0.050940|0.020389|0.048613|0.010166|0.024173|0.009712|0.023089|0.005220|0.012532|0.004982|0.011961|0.002496|0.006060|0.002385|0.005791,0.060755|0.144921|0.057966|0.138266|0.028796|0.068578|0.027522|0.065538|0.015065|0.036100|0.014374|0.034449|0.007162|0.017272|0.006845|0.016516|0.021365|0.050940|0.020389|0.048613|0.010166|0.024173|0.009712|0.023089|0.005220|0.012532|0.004982|0.011961|0.002496|0.006060|0.002385|0.005791,-1.7117156265886455e-16
5000,GOAL_79|KNOWN6|SNode_34|IDENTIFY41|GRAV2,220,78,0.0034341812133789062,0.003568887710571289,0.9622553276771996,0.039652|0.039652|0.041265|0.041265|0.057670|0.057670|0.060014|0.060014|0.039179|0.039179|0.040773|0.040773|0.056980|0.056980|0.059295|0.059295|0.010549|0.010549|0.010984|0.010984|0.015364|0.015364|0.016001|0.016001|0.010423|0.010423|0.010854|0.010854|0.015183|0.015183|0.015814|0.015814,0.039652|0.039652|0.041265|0.041265|0.057670|0.057670|0.060014|0.060014|0.039179|0.039179|0.040773|0.040773|0.056980|0.056980|0.059295|0.059295|0.010549|0.010549|0.010984|0.010984|0.015364|0.015364|0.016001|0.016001|0.010423|0.010423|0.010854|0.010854|0.015183|0.015183|0.015814|0.015814,-1.3961565963842046e-16
5000,NORMAL52|GRAV78|GOAL_66|RApp9|NEED67,220,118,0.0066280364990234375,0.005747079849243164,1.153287699647376,0.124955|0.084695|0.000000|0.036131|0.037097|0.025143|0.000000|0.010728|0.127582|0.086476|0.000000|0.036890|0.037877|0.025672|0.000000|0.010954|0.069014|0.046778|0.000000|0.019955|0.020489|0.013887|0.000000|0.005925|0.070465|0.047762|0.000000|0.020375|0.020920|0.014179|0.000000|0.006050,0.124955|0.084695|0.000000|0.036131|0.037097|0.025143|0.000000|0.010728|0.127582|0.086476|0.000000|0.036890|0.037877|0.025672|0.000000|0.010954|0.069014|0.046778|0.000000|0.019955|0.020489|0.013887|0.000000|0.005925|0.070465|0.047762|0.000000|0.020375|0.020920|0.014179|0.000000|0.006050,-2.4187940295052133e-16
5000,GRAV2|SNode_116|SNode_118|GOAL72|SUM75,220,136,0.008103370666503906,0.0073354244232177734,1.1046900900315273,0.083816|0.082684|0.085168|0.084017|0.028402|0.028018|0.028860|0.028470|0.009406|0.009279|0.009557|0.009428|0.003220|0.003176|0.003272|0.003228|0.083816|0.082684|0.085168|0.084017|0.028402|0.028018|0.028860|0.028470|0.009406|0.009279|0.009557|0.009428|0.003220|0.003176|0.003272|0.003228,0.083816|0.082684|0.085168|0.084017|0.028402|0.028018|0.028860|0.028470|0.009406|0.009279|0.009557|0.009428|0.003220|0.003176|0.003272|0.003228|0.083816|0.082684|0.085168|0.084017|0.028402|0.028018|0.028860|0.028470|0.009406|0.009279|0.009557|0.009428|0.003220|0.003176|0.003272|0.003228,1.4266139834800115e-16
5000,IDENTIFY10|INCLINE51|GOAL_72|SNode_37|RApp9,220,121,0.0070645809173583984,0.005917549133300781,1.1938356164383561,0.150003|0.025824|0.066499|0.011480|0.043536|0.007502|0.019436|0.003359|0.082849|0.014263|0.036728|0.006341|0.024046|0.004144|0.010735|0.001855|0.144510|0.024878|0.064063|0.011060|0.042483|0.007321|0.018967|0.003278|0.079815|0.013741|0.035383|0.006108|0.023464|0.004044|0.010476|0.001810,0.150003|0.025824|0.066499|0.011480|0.043536|0.007502|0.019436|0.003359|0.082849|0.014263|0.036728|0.006341|0.024046|0.004144|0.010735|0.001855|0.144510|0.024878|0.064063|0.011060|0.042483|0.007321|0.018967|0.003278|0.079815|0.013741|0.035383|0.006108|0.023464|0.004044|0.010476|0.001810,5.216122032764438e-17
5000,MAXIMIZE34|SNode_119|KINEMATI17|TRY25|RESOLVE38,220,131,0.007771968841552734,0.006775856018066406,1.147009148486981,0.011443|0.011127|0.100467|0.097693|0.011163|0.010855|0.098006|0.095300|0.001493|0.001452|0.013174|0.012810|0.001456|0.001416|0.012851|0.012496|0.011758|0.011434|0.103230|0.100380|0.011470|0.011153|0.100701|0.097921|0.001535|0.001492|0.013544|0.013170|0.001497|0.001456|0.013212|0.012847,0.011443|0.011127|0.100467|0.097693|0.011163|0.010855|0.098006|0.095300|0.001493|0.001452|0.013174|0.012810|0.001456|0.001416|0.012851|0.012496|0.011758|0.011434|0.103230|0.100380|0.011470|0.011153|0.100701|0.097921|0.001535|0.001492|0.013544|0.013170|0.001497|0.001456|0.013212|0.012847,3.0060444887795896e-17
5000,SNode_128|APPLY32|SNode_91|GOAL_143|GOAL_114,220,142,0.009105443954467773,0.008252620697021484,1.1033396891431213,0.122389|0.058717|0.030250|0.014703|0.036930|0.017717|0.009131|0.004447|0.121511|0.058295|0.030033|0.014597|0.036665|0.017590|0.009065|0.004415|0.083876|0.043663|0.020739|0.011066|0.025345|0.013198|0.006270|0.003359|0.083274|0.043350|0.020590|0.010987|0.025163|0.013103|0.006225|0.003335,0.122389|0.058717|0.030250|0.014703|0.036930|0.017717|0.009131|0.004447|0.121511|0.058295|0.030033|0.014597|0.036665|0.017590|0.009065|0.004415|0.083876|0.043663|0.020739|0.011066|0.025345|0.013198|0.006270|0.003359|0.083274|0.043350|0.020590|0.010987|0.025163|0.013103|0.006225|0.003335,-2.1838023330278516e-16
5000,GOAL_130|GRAV2|SNode_70|GOAL_149|SNode_3,220,153,0.010532379150390625,0.00947117805480957,1.112045311516677,0.002694|0.126846|0.002136|0.100537|0.001152|0.054228|0.000913|0.042999|0.002694|0.126846|0.002136|0.100537|0.001152|0.054228|0.000913|0.042999|0.001367|0.064368|0.001088|0.051204|0.000584|0.027512|0.000465|0.021907|0.001367|0.064368|0.001088|0.051204|0.000584|0.027512|0.000465|0.021907,0.002694|0.126846|0.002136|0.100537|0.001152|0.054228|0.000913|0.042999|0.002694|0.126846|0.002136|0.100537|0.001152|0.054228|0.000913|0.042999|0.001367|0.064368|0.001088|0.051204|0.000584|0.027512|0.000465|0.021907|0.001367|0.064368|0.001088|0.051204|0.000584|0.027512|0.000465|0.021907,2.108552482592529e-16
5000,CHOOSE62|SNode_124|GOAL_103|SNode_60|SNode_38,220,131,0.0077342987060546875,0.0068950653076171875,1.1217150760719226,0.128991|0.072771|0.089403|0.050443|0.037437|0.021521|0.025951|0.014906|0.014802|0.010363|0.010259|0.007182|0.004373|0.003273|0.003038|0.002287|0.130548|0.073650|0.090482|0.051052|0.037866|0.021715|0.026236|0.015005|0.014981|0.010488|0.010383|0.007268|0.004449|0.003378|0.003104|0.002396,0.128991|0.072771|0.089403|0.050443|0.037437|0.021521|0.025951|0.014906|0.014802|0.010363|0.010259|0.007182|0.004373|0.003273|0.003038|0.002287|0.130548|0.073650|0.090482|0.051052|0.037866|0.021715|0.026236|0.015005|0.014981|0.010488|0.010383|0.007268|0.004449|0.003378|0.003104|0.002396,-9.59506434962083e-17
5000,GRAV78|CHOOSE62|NORMAL50|SNode_95|SNode_135,220,130,0.00782012939453125,0.006722211837768555,1.163326830998404,0.071558|0.008639|0.038671|0.004680|0.070774|0.008656|0.038174|0.004764|0.072420|0.008745|0.039137|0.004738|0.071627|0.008762|0.038633|0.004823|0.073062|0.008820|0.039484|0.004779|0.072262|0.008838|0.038976|0.004864|0.073942|0.008928|0.039960|0.004837|0.073132|0.008947|0.039445|0.004924,0.071558|0.008639|0.038671|0.004680|0.070774|0.008656|0.038174|0.004764|0.072420|0.008745|0.039137|0.004738|0.071627|0.008762|0.038633|0.004823|0.073062|0.008820|0.039484|0.004779|0.072262|0.008838|0.038976|0.004864|0.073942|0.008928|0.039960|0.004837|0.073132|0.008947|0.039445|0.004924,8.349566306309142e-17
5000,GOAL_146|FORCE60|GOAL_66|SNode_34|GOAL_127,220,134,0.00829625129699707,0.007318973541259766,1.1335266141116684,0.035739|0.015266|0.051782|0.022118|0.010498|0.004484|0.015485|0.006615|0.137639|0.058943|0.199421|0.085405|0.040430|0.017315|0.059636|0.025541|0.009619|0.004239|0.013938|0.006142|0.002826|0.001245|0.004168|0.001837|0.037051|0.016371|0.053685|0.023723|0.010883|0.004809|0.016054|0.007095,0.035739|0.015266|0.051782|0.022118|0.010498|0.004484|0.015485|0.006615|0.137639|0.058943|0.199421|0.085405|0.040430|0.017315|0.059636|0.025541|0.009619|0.004239|0.013938|0.006142|0.002826|0.001245|0.004168|0.001837|0.037051|0.016371|0.053685|0.023723|0.010883|0.004809|0.016054|0.007095,-1.0039205482780359e-16
5000,SNode_102|GOAL_50|SNode_155|CHOOSE47|WRITE63,220,124,0.0074198246002197266,0.006472110748291016,1.146430413320563,0.123675|0.122798|0.114848|0.114028|0.015653|0.015752|0.014610|0.014707|0.066573|0.066101|0.061804|0.061363|0.008428|0.008482|0.007866|0.007919|0.025750|0.025518|0.024887|0.024656|0.003277|0.003347|0.003190|0.003264|0.013898|0.013772|0.013446|0.013320|0.001769|0.001808|0.001725|0.001766,0.123675|0.122798|0.114848|0.114028|0.015653|0.015752|0.014610|0.014707|0.066573|0.066101|0.061804|0.061363|0.008428|0.008482|0.007866|0.007919|0.025750|0.025518|0.024887|0.024656|0.003277|0.003347|0.003190|0.003264|0.013898|0.013772|0.013446|0.013320|0.001769|0.001808|0.001725|0.001766,1.682629509496116e-16
7500,EQUAL71|NORMAL50|IDENTIFY59|IDENTIFY22|SNode_55,220,25,0.0010766983032226562,0.0008838176727294922,1.2182357701645536,0.038034|0.011994|0.039041|0.012312|0.038278|0.012071|0.039292|0.012391|0.037430|0.011804|0.038421|0.012117|0.037671|0.011880|0.038668|0.012194|0.056203|0.017724|0.057691|0.018194|0.056564|0.017838|0.058062|0.018310|0.055311|0.017443|0.056775|0.017905|0.055666|0.017555|0.057140|0.018020,0.038034|0.011994|0.039041|0.012312|0.038278|0.012071|0.039292|0.012391|0.037430|0.011804|0.038421|0.012117|0.037671|0.011880|0.038668|0.012194|0.056203|0.017724|0.057691|0.018194|0.056564|0.017838|0.058062|0.018310|0.055311|0.017443|0.056775|0.017905|0.055666|0.017555|0.057140|0.018020,-1.5447144261988443e-16
7500,SNode_51|CHOOSE35|GIVEN21|APPLY61|GOAL65,220,16,0.0007181167602539062,0.0006182193756103516,1.1615888931739298,0.009007|0.009065|0.009143|0.009201|0.084170|0.084711|0.085437|0.085985|0.008747|0.008803|0.008878|0.008935|0.081737|0.082262|0.082967|0.083499|0.003123|0.003143|0.003170|0.003190|0.029183|0.029370|0.029622|0.029812|0.003033|0.003052|0.003078|0.003098|0.028339|0.028521|0.028766|0.028951,0.009007|0.009065|0.009143|0.009201|0.084170|0.084711|0.085437|0.085985|0.008747|0.008803|0.008878|0.008935|0.081737|0.082262|0.082967|0.083499|0.003123|0.003143|0.003170|0.003190|0.029183|0.029370|0.029622|0.029812|0.003033|0.003052|0.003078|0.003098|0.028339|0.028521|0.028766|0.028951,6.618040814586972e-17
7500,CHOOSE47|GOAL_79|WRITE30|RApp10|SNode_125,220,125,0.007563591003417969,0.006467580795288086,1.1694621594721126,0.133357|0.031239|0.021338|0.007351|0.138068|0.032343|0.022081|0.007607|0.034079|0.008006|0.005508|0.001907|0.035366|0.008309|0.005726|0.001983|0.136440|0.031970|0.021833|0.007525|0.141260|0.033099|0.022594|0.007788|0.034865|0.008194|0.005635|0.001954|0.036182|0.008504|0.005859|0.002031,0.133357|0.031239|0.021338|0.007351|0.138068|0.032343|0.022081|0.007607|0.034079|0.008006|0.005508|0.001907|0.035366|0.008309|0.005726|0.001983|0.136440|0.031970|0.021833|0.007525|0.141260|0.033099|0.022594|0.007788|0.034865|0.008194|0.005635|0.001954|0.036182|0.008504|0.005859|0.002031,-3.615337345332181e-18
7500,SNode_131|GRAV78|SNode_125|GOAL_62|SNode_7,220,129,0.007464408874511719,0.006420612335205078,1.1625696249535833,0.003640|0.184156|0.001541|0.080507|0.000879|0.044457|0.000372|0.019452|0.003650|0.184647|0.001545|0.080722|0.000881|0.044576|0.000373|0.019504|0.001750|0.088525|0.000741|0.038703|0.000467|0.023612|0.000198|0.010334|0.001755|0.088762|0.000743|0.038806|0.000468|0.023675|0.000198|0.010362,0.003640|0.184156|0.001541|0.080507|0.000879|0.044457|0.000372|0.019452|0.003650|0.184647|0.001545|0.080722|0.000881|0.044576|0.000373|0.019504|0.001750|0.088525|0.000741|0.038703|0.000467|0.023612|0.000198|0.010334|0.001755|0.088762|0.000743|0.038806|0.000468|0.023675|0.000198|0.010362,-2.956743668160316e-17
7500,SNode_136|WRITE64|SNode_34|VAR20|HORIZ53,220,132,0.007727384567260742,0.0068645477294921875,1.1256946373992776,0.027900|0.025236|0.065975|0.059676|0.040423|0.036564|0.095591|0.086464|0.028366|0.025657|0.067078|0.060673|0.041099|0.037175|0.097187|0.087908|0.003537|0.003199|0.008364|0.007565|0.005125|0.004635|0.012118|0.010961|0.003920|0.003546|0.009271|0.008385|0.005680|0.005138|0.013433|0.012150,0.027900|0.025236|0.065975|0.059676|0.040423|0.036564|0.095591|0.086464|0.028366|0.025657|0.067078|0.060673|0.041099|0.037175|0.097187|0.087908|0.003537|0.003199|0.008364|0.007565|0.005125|0.004635|0.012118|0.010961|0.003920|0.003546|0.009271|0.008385|0.005680|0.005138|0.013433|0.012150,3.4650019150892434e-17
7500,SYSTEM46|SNode_26|SNode_54|GRAV2|GOAL_56,220,25,0.0010750293731689453,0.0009582042694091797,1.1219208758397612,0.053925|0.017243|0.054156|0.017317|0.022742|0.008778|0.022840|0.008815|0.077952|0.024926|0.078285|0.025032|0.032876|0.012689|0.033016|0.012743|0.053211|0.017015|0.053438|0.017087|0.022441|0.008661|0.022537|0.008698|0.076919|0.024596|0.077248|0.024701|0.032440|0.012520|0.032579|0.012574,0.053925|0.017243|0.054156|0.017317|0.022742|0.008778|0.022840|0.008815|0.077952|0.024926|0.078285|0.025032|0.032876|0.012689|0.033016|0.012743|0.053211|0.017015|0.053438|0.017087|0.022441|0.008661|0.022537|0.008698|0.076919|0.024596|0.077248|0.024701|0.032440|0.012520|0.032579|0.012574,1.8979958873344766e-17
7500,GOAL_81|SNode_24|GOAL_114|SNode_27|RApp11,220,141,0.008887052536010742,0.007830381393432617,1.1349450415613678,0.088947|0.008936|0.178067|0.017889|0.043337|0.004451|0.086758|0.008910|0.039212|0.003939|0.078501|0.007886|0.019105|0.001962|0.038247|0.003928|0.050339|0.007058|0.100795|0.014133|0.024576|0.003542|0.049208|0.007091|0.022192|0.003112|0.044435|0.006230|0.010834|0.001561|0.021693|0.003126,0.088947|0.008936|0.178067|0.017889|0.043337|0.004451|0.086758|0.008910|0.039212|0.003939|0.078501|0.007886|0.019105|0.001962|0.038247|0.003928|0.050339|0.007058|0.100795|0.014133|0.024576|0.003542|0.049208|0.007091|0.022192|0.003112|0.044435|0.006230|0.010834|0.001561|0.021693|0.003126,-2.4149130825986106e-17
7500,SNode_59|IDENTIFY39|IDENTIFY55|SNode_42|VECTOR27,220,34,0.0013000965118408203,0.0011882781982421875,1.0941011235955056,0.048398|0.048243|0.037523|0.037403|0.048708|0.048553|0.037764|0.037644|0.047502|0.047351|0.036829|0.036712|0.047807|0.047655|0.037066|0.036947|0.022556|0.022484|0.017488|0.017432|0.022700|0.022628|0.017600|0.017544|0.022139|0.022068|0.017164|0.017109|0.022281|0.022209|0.017274|0.017219,0.048398|0.048243|0.037523|0.037403|0.048708|0.048553|0.037764|0.037644|0.047502|0.047351|0.036829|0.036712|0.047807|0.047655|0.037066|0.036947|0.022556|0.022484|0.017488|0.017432|0.022700|0.022628|0.017600|0.017544|0.022139|0.022068|0.017164|0.017109|0.022281|0.022209|0.017274|0.017219,3.2026058773376014e-17
7500,GOAL_126|SNode_13|SNode_41|HORIZ53|GOAL_108,220,118,0.00687408447265625,0.005831718444824219,1.1787408013082583,0.002362|0.000525|0.002137|0.000475|0.003378|0.000751|0.003056|0.000679|0.118161|0.026265|0.106879|0.023758|0.168973|0.037560|0.152840|0.033974|0.000583|0.000765|0.000527|0.000692|0.000833|0.001094|0.000754|0.000989|0.029153|0.038260|0.026370|0.034607|0.041690|0.054713|0.037709|0.049489,0.002362|0.000525|0.002137|0.000475|0.003378|0.000751|0.003056|0.000679|0.118161|0.026265|0.106879|0.023758|0.168973|0.037560|0.152840|0.033974|0.000583|0.000765|0.000527|0.000692|0.000833|0.001094|0.000754|0.000989|0.029153|0.038260|0.026370|0.034607|0.041690|0.054713|0.037709|0.049489,2.2038460408733206e-16
7500,VECTOR44|GOAL_72|SNode_115|SNode_52|NEWTONS74,220,120,0.00687098503112793,0.005900859832763672,1.1644040404040403,0.092480|0.089807|0.039894|0.038741|0.047048|0.045688|0.020296|0.019709|0.026437|0.025673|0.011787|0.011446|0.013450|0.013061|0.005996|0.005823|0.089807|0.087210|0.038741|0.037621|0.045688|0.044367|0.019709|0.019139|0.025671|0.024929|0.011445|0.011114|0.013062|0.012684|0.005824|0.005655,0.092480|0.089807|0.039894|0.038741|0.047048|0.045688|0.020296|0.019709|0.026437|0.025673|0.011787|0.011446|0.013450|0.013061|0.005996|0.005823|0.089807|0.087210|0.038741|0.037621|0.045688|0.044367|0.019709|0.019139|0.025671|0.024929|0.011445|0.011114|0.013062|0.012684|0.005824|0.005655,-1.1659627088253917e-16
7500,SNode_47|SNode_128|SNode_65|SNode_54|KINEMATI17,220,124,0.007525444030761719,0.006752729415893555,1.1144299685767751,0.075101|0.072792|0.031659|0.033491|0.010526|0.010243|0.004621|0.004927|0.050801|0.049232|0.021386|0.022617|0.007575|0.007377|0.003348|0.003575|0.108344|0.105004|0.045627|0.048257|0.015246|0.014846|0.006739|0.007195|0.073278|0.071007|0.030809|0.032574|0.010980|0.010700|0.004892|0.005231,0.075101|0.072792|0.031659|0.033491|0.010526|0.010243|0.004621|0.004927|0.050801|0.049232|0.021386|0.022617|0.007575|0.007377|0.003348|0.003575|0.108344|0.105004|0.045627|0.048257|0.015246|0.014846|0.006739|0.007195|0.073278|0.071007|0.030809|0.032574|0.010980|0.010700|0.004892|0.005231,1.874296598906504e-16
7500,WRITE30|SNode_125|SYSTEM18|IDENTIFY39|SNode_60,220,122,0.007159709930419922,0.006211042404174805,1.152738858393152,0.059669|0.039856|0.058565|0.039119|0.058921|0.039916|0.057831|0.039178|0.014833|0.010018|0.014558|0.009833|0.014644|0.010035|0.014374|0.009849|0.061806|0.041284|0.060663|0.040520|0.061032|0.041346|0.059903|0.040581|0.015364|0.010378|0.015080|0.010186|0.015169|0.010395|0.014889|0.010202,0.059669|0.039856|0.058565|0.039119|0.058921|0.039916|0.057831|0.039178|0.014833|0.010018|0.014558|0.009833|0.014644|0.010035|0.014374|0.009849|0.061806|0.041284|0.060663|0.040520|0.061032|0.041346|0.059903|0.040581|0.015364|0.010378|0.015080|0.010186|0.015169|0.010395|0.014889|0.010202,-4.508342681960012e-17
7500,SNode_21|CHOOSE47|RApp4|SNode_25|NULL48,220,13,0.0005772113800048828,0.0005347728729248047,1.079358002674989,0.007408|0.007657|0.061107|0.063162|0.007304|0.007549|0.060251|0.062277|0.007579|0.007834|0.062525|0.064627|0.007473|0.007724|0.061649|0.063722|0.005824|0.006020|0.048042|0.049658|0.005742|0.005935|0.047369|0.048962|0.005959|0.006159|0.049157|0.050810|0.005875|0.006073|0.048468|0.050098,0.007408|0.007657|0.061107|0.063162|0.007304|0.007549|0.060251|0.062277|0.007579|0.007834|0.062525|0.064627|0.007473|0.007724|0.061649|0.063722|0.005824|0.006020|0.048042|0.049658|0.005742|0.005935|0.047369|0.048962|0.005959|0.006159|0.049157|0.050810|0.005875|0.006073|0.048468|0.050098,-2.6134387473170395e-17
7500,GOAL_61|WRITE64|GRAV2|SNode_47|IDENTIFY9,220,31,0.001348257064819336,0.001142740249633789,1.1798456081785937,0.037877|0.037635|0.054670|0.054321|0.038039|0.037796|0.054904|0.054554|0.038901|0.038652|0.056148|0.055790|0.039067|0.038818|0.056388|0.056028|0.012653|0.012573|0.018264|0.018147|0.012708|0.012626|0.018342|0.018225|0.012995|0.012913|0.018757|0.018637|0.013051|0.012968|0.018837|0.018717,0.037877|0.037635|0.054670|0.054321|0.038039|0.037796|0.054904|0.054554|0.038901|0.038652|0.056148|0.055790|0.039067|0.038818|0.056388|0.056028|0.012653|0.012573|0.018264|0.018147|0.012708|0.012626|0.018342|0.018225|0.012995|0.012913|0.018757|0.018637|0.013051|0.012968|0.018837|0.018717,-1.0134319652174924e-17
7500,WEIGHT56|GIVEN21|IDENTIFY59|RESOLVE38|SYSTEM18,220,5,0.00041794776916503906,0.0002124309539794922,1.9674523007856342,0.003750|0.003724|0.003712|0.003686|0.003774|0.003748|0.003736|0.003710|0.035039|0.034797|0.034686|0.034446|0.035264|0.035020|0.034909|0.034667|0.008398|0.008340|0.008313|0.008256|0.008452|0.008394|0.008367|0.008309|0.078479|0.077936|0.077687|0.077151|0.078983|0.078437|0.078186|0.077646,0.003750|0.003724|0.003712|0.003686|0.003774|0.003748|0.003736|0.003710|0.035039|0.034797|0.034686|0.034446|0.035264|0.035020|0.034909|0.034667|0.008398|0.008340|0.008313|0.008256|0.008452|0.008394|0.008367|0.008309|0.078479|0.077936|0.077687|0.077151|0.078983|0.078437|0.078186|0.077646,6.986310071813328e-17
7500,SNode_21|SNode_115|WEIGHT57|SNode_73|SNode_59,220,124,0.007268428802490234,0.006180286407470703,1.1760666615230306,0.056281|0.026163|0.020437|0.009577|0.129424|0.060165|0.046996|0.022024|0.026710|0.012406|0.012306|0.005791|0.061422|0.028530|0.028300|0.013316|0.044248|0.020570|0.016067|0.007530|0.101752|0.047302|0.036948|0.017315|0.020999|0.009754|0.009675|0.004553|0.048290|0.022430|0.022249|0.010469,0.056281|0.026163|0.020437|0.009577|0.129424|0.060165|0.046996|0.022024|0.026710|0.012406|0.012306|0.005791|0.061422|0.028530|0.028300|0.013316|0.044248|0.020570|0.016067|0.007530|0.101752|0.047302|0.036948|0.017315|0.020999|0.009754|0.009675|0.004553|0.048290|0.022430|0.022249|0.010469,-7.299543322815969e-18
7500,SNode_11|SNode_17|SNode_54|TRY76|VELOCITY7,220,21,0.0009400844573974609,0.0008451938629150391,1.1122708039492242,0.000073|0.000072|0.000075|0.000074|0.000031|0.000031|0.000032|0.000032|0.003286|0.003241|0.003404|0.003357|0.001457|0.001437|0.001509|0.001488|0.003644|0.003594|0.003775|0.003723|0.001560|0.001539|0.001616|0.001594|0.164390|0.162126|0.170280|0.167935|0.072861|0.071858|0.075472|0.074433,0.000073|0.000072|0.000075|0.000074|0.000031|0.000031|0.000032|0.000032|0.003286|0.003241|0.003404|0.003357|0.001457|0.001437|0.001509|0.001488|0.003644|0.003594|0.003775|0.003723|0.001560|0.001539|0.001616|0.001594|0.164390|0.162126|0.170280|0.167935|0.072861|0.071858|0.075472|0.074433,-1.2159388320603136e-16
7500,RApp7|WRITE30|SNode_65|SNode_54|GOAL_150,220,164,0.011212825775146484,0.010129928588867188,1.1069007719826776,0.194497|0.058957|0.085647|0.025973|0.027635|0.008377|0.012723|0.003859|0.200637|0.060819|0.088176|0.026740|0.029453|0.008929|0.013718|0.004161|0.034229|0.010391|0.015074|0.004578|0.004864|0.001476|0.002239|0.000680|0.035310|0.010719|0.015519|0.004713|0.005184|0.001574|0.002415|0.000733,0.194497|0.058957|0.085647|0.025973|0.027635|0.008377|0.012723|0.003859|0.200637|0.060819|0.088176|0.026740|0.029453|0.008929|0.013718|0.004161|0.034229|0.010391|0.015074|0.004578|0.004864|0.001476|0.002239|0.000680|0.035310|0.010719|0.015519|0.004713|0.005184|0.001574|0.002415|0.000733,3.4383997475995405e-17
7500,SNode_94|SNode_12|GOAL65|SNode_154|RApp7,220,121,0.007078647613525391,0.00606083869934082,1.1679320247039848,0.004514|0.000638|0.001979|0.000499|0.004543|0.000642|0.001992|0.000502|0.203197|0.028703|0.089082|0.022445|0.204501|0.028887|0.089654|0.022589|0.001887|0.000272|0.000830|0.000213|0.001899|0.000274|0.000835|0.000214|0.084939|0.012249|0.037363|0.009591|0.085484|0.012328|0.037603|0.009652,0.004514|0.000638|0.001979|0.000499|0.004543|0.000642|0.001992|0.000502|0.203197|0.028703|0.089082|0.022445|0.204501|0.028887|0.089654|0.022589|0.001887|0.000272|0.000830|0.000213|0.001899|0.000274|0.000835|0.000214|0.084939|0.012249|0.037363|0.009591|0.085484|0.012328|0.037603|0.009652,6.763453192356519e-17
7500,SNode_11|SNode_60|RApp1|GOAL68|TRY14,220,30,0.0011839866638183594,0.0011227130889892578,1.054576343172648,0.001893|0.001133|0.001862|0.001114|0.001799|0.001077|0.001770|0.001059|0.001269|0.000771|0.001248|0.000759|0.001206|0.000733|0.001186|0.000721|0.094708|0.056665|0.093155|0.055736|0.089998|0.053847|0.088522|0.052964|0.063465|0.038590|0.062424|0.037957|0.060309|0.036671|0.059320|0.036069,0.001893|0.001133|0.001862|0.001114|0.001799|0.001077|0.001770|0.001059|0.001269|0.000771|0.001248|0.000759|0.001206|0.000733|0.001186|0.000721|0.094708|0.056665|0.093155|0.055736|0.089998|0.053847|0.088522|0.052964|0.063465|0.038590|0.062424|0.037957|0.060309|0.036671|0.059320|0.036069,0.0
7500,SNode_33|SNode_152|BUGGY54|SNode_47|SNode_93,220,113,0.006768226623535156,0.005607128143310547,1.2070754315843184,0.008917|0.003437|0.012870|0.004960|0.009853|0.003798|0.014221|0.005481|0.005838|0.002256|0.008426|0.003256|0.006451|0.002493|0.009311|0.003598|0.075749|0.029065|0.109333|0.041951|0.083700|0.032115|0.120809|0.046354|0.049796|0.019375|0.071873|0.027965|0.055023|0.021408|0.079418|0.030900,0.008917|0.003437|0.012870|0.004960|0.009853|0.003798|0.014221|0.005481|0.005838|0.002256|0.008426|0.003256|0.006451|0.002493|0.009311|0.003598|0.075749|0.029065|0.109333|0.041951|0.083700|0.032115|0.120809|0.046354|0.049796|0.019375|0.071873|0.027965|0.055023|0.021408|0.079418|0.030900,3.2335884729363363e-17
7500,SNode_16|SNode_44|SNode_132|GOAL_48|WEIGHT56,220,127,0.007538318634033203,0.006602764129638672,1.1416913410847116,0.001483|0.003321|0.002142|0.004795|0.000161|0.000361|0.000232|0.000521|0.000756|0.001693|0.001115|0.002497|0.000082|0.000184|0.000121|0.000271|0.073598|0.163267|0.106241|0.235582|0.008067|0.019644|0.011650|0.028463|0.037520|0.083232|0.055320|0.122668|0.004113|0.010014|0.006066|0.014821,0.001483|0.003321|0.002142|0.004795|0.000161|0.000361|0.000232|0.000521|0.000756|0.001693|0.001115|0.002497|0.000082|0.000184|0.000121|0.000271|0.073598|0.163267|0.106241|0.235582|0.008067|0.019644|0.011650|0.028463|0.037520|0.083232|0.055320|0.122668|0.004113|0.010014|0.006066|0.014821,0.0
7500,GIVEN_1|SNode_115|SNode_123|APPLY77|SNode_9,220,130,0.0077173709869384766,0.0068018436431884766,1.1345998808230222,0.000138|0.006330|0.000134|0.006164|0.000020|0.000900|0.000019|0.000876|0.000069|0.003169|0.000067|0.003085|0.000011|0.000510|0.000011|0.000496|0.006134|0.281416|0.005973|0.274010|0.000872|0.040009|0.000849|0.038956|0.003071|0.140871|0.002990|0.137164|0.000494|0.022653|0.000481|0.022057,0.000138|0.006330|0.000134|0.006164|0.000020|0.000900|0.000019|0.000876|0.000069|0.003169|0.000067|0.003085|0.000011|0.000510|0.000011|0.000496|0.006134|0.281416|0.005973|0.274010|0.000872|0.040009|0.000849|0.038956|0.003071|0.140871|0.002990|0.137164|0.000494|0.022653|0.000481|0.022057,-1.8920876088654504e-17
7500,NEWTONS74|GOAL65|SNode_55|GOAL_99|IDENTIFY41,220,96,0.004277706146240234,0.0043833255767822266,0.975904269785151,0.073101|0.070988|0.024425|0.023719|0.023049|0.022383|0.007707|0.007484|0.073570|0.071443|0.024582|0.023871|0.023197|0.022526|0.007756|0.007532|0.070988|0.068935|0.023719|0.023033|0.022383|0.021736|0.007484|0.007268|0.071443|0.069378|0.023871|0.023181|0.022526|0.021875|0.007532|0.007314,0.073101|0.070988|0.024425|0.023719|0.023049|0.022383|0.007707|0.007484|0.073570|0.071443|0.024582|0.023871|0.023197|0.022526|0.007756|0.007532|0.070988|0.068935|0.023719|0.023033|0.022383|0.021736|0.007484|0.007268|0.071443|0.069378|0.023871|0.023181|0.022526|0.021875|0.007532|0.007314,3.810922771103444e-17
7500,WRITE31|SNode_20|SNode_24|SLIDING4|APPLY32,220,10,0.0005309581756591797,0.00038814544677734375,1.367936117936118,0.008515|0.008251|0.075293|0.072961|0.002161|0.002094|0.019106|0.018514|0.009448|0.009156|0.083546|0.080958|0.005758|0.005580|0.050918|0.049341|0.008461|0.008198|0.074813|0.072495|0.002147|0.002080|0.018984|0.018396|0.009388|0.009097|0.083013|0.080441|0.005722|0.005544|0.050594|0.049026,0.008515|0.008251|0.075293|0.072961|0.002161|0.002094|0.019106|0.018514|0.009448|0.009156|0.083546|0.080958|0.005758|0.005580|0.050918|0.049341|0.008461|0.008198|0.074813|0.072495|0.002147|0.002080|0.018984|0.018396|0.009388|0.009097|0.083013|0.080441|0.005722|0.005544|0.050594|0.049026,0.0
7500,GOAL_113|DEFINE23|GOAL66|RApp3|WEIGHT57,220,121,0.006893157958984375,0.0059070587158203125,1.166935744268647,0.050041|0.115074|0.010664|0.024522|0.033305|0.076588|0.007097|0.016321|0.050685|0.116557|0.010801|0.024838|0.033734|0.077575|0.007189|0.016531|0.024478|0.056289|0.005216|0.011995|0.016291|0.037463|0.003472|0.007983|0.024793|0.057014|0.005283|0.012150|0.016501|0.037946|0.003516|0.008086,0.050041|0.115074|0.010664|0.024522|0.033305|0.076588|0.007097|0.016321|0.050685|0.116557|0.010801|0.024838|0.033734|0.077575|0.007189|0.016531|0.024478|0.056289|0.005216|0.011995|0.016291|0.037463|0.003472|0.007983|0.024793|0.057014|0.005283|0.012150|0.016501|0.037946|0.003516|0.008086,-1.3068506721916984e-17
7500,IDENTIFY10|SNode_41|SNode_21|GOAL_130|SNode_75,220,122,0.006946563720703125,0.006195068359375,1.1213054187192117,0.065061|0.011908|0.032881|0.006020|0.051151|0.009362|0.025851|0.004733|0.092836|0.017232|0.046917|0.008712|0.072987|0.013548|0.036886|0.006849|0.064288|0.011783|0.032490|0.005957|0.050543|0.009263|0.025544|0.004683|0.091646|0.017138|0.046316|0.008664|0.072052|0.013474|0.036414|0.006812,0.065061|0.011908|0.032881|0.006020|0.051151|0.009362|0.025851|0.004733|0.092836|0.017232|0.046917|0.008712|0.072987|0.013548|0.036886|0.006849|0.064288|0.011783|0.032490|0.005957|0.050543|0.009263|0.025544|0.004683|0.091646|0.017138|0.046316|0.008664|0.072052|0.013474|0.036414|0.006812,-1.0689922781927066e-16
7500,IDENTIFY55|GOAL_108|GOAL_111|SNode_74|NORMAL52,220,119,0.0069048404693603516,0.005814313888549805,1.1875589453397302,0.150927|0.079472|0.016091|0.008473|0.054239|0.028560|0.005783|0.003045|0.056564|0.029784|0.006032|0.003176|0.033298|0.017534|0.003552|0.001870|0.151896|0.079983|0.016194|0.008527|0.054587|0.028744|0.005820|0.003064|0.056927|0.029976|0.006071|0.003197|0.033512|0.017646|0.003575|0.001882,0.150927|0.079472|0.016091|0.008473|0.054239|0.028560|0.005783|0.003045|0.056564|0.029784|0.006032|0.003176|0.033298|0.017534|0.003552|0.001870|0.151896|0.079983|0.016194|0.008527|0.054587|0.028744|0.005820|0.003064|0.056927|0.029976|0.006071|0.003197|0.033512|0.017646|0.003575|0.001882,-4.098196570214734e-18
7500,SNode_8|CHOOSE19|GOAL_56|SNode_24|SNode_7,220,29,0.0011641979217529297,0.0010266304016113281,1.133999071063632,0.000047|0.002426|0.000021|0.001069|0.000015|0.000777|0.000007|0.000343|0.000044|0.002236|0.000019|0.000986|0.000016|0.000805|0.000007|0.000355|0.005129|0.262009|0.002261|0.115506|0.001643|0.083947|0.000724|0.037008|0.004729|0.241551|0.002085|0.106487|0.001702|0.086959|0.000750|0.038336,0.000047|0.002426|0.000021|0.001069|0.000015|0.000777|0.000007|0.000343|0.000044|0.002236|0.000019|0.000986|0.000016|0.000805|0.000007|0.000355|0.005129|0.262009|0.002261|0.115506|0.001643|0.083947|0.000724|0.037008|0.004729|0.241551|0.002085|0.106487|0.001702|0.086959|0.000750|0.038336,1.5576520045741137e-16
7500,SNode_64|SNode_97|SNode_25|SNode_94|SNode_95,220,104,0.0049304962158203125,0.004948854446411133,0.9962904080551139,0.034823|0.008638|0.002581|0.008400|0.287266|0.071258|0.021288|0.069295|0.008641|0.002144|0.002769|0.009013|0.071285|0.017683|0.022843|0.074355|0.014063|0.003489|0.001043|0.003394|0.116014|0.028778|0.008602|0.028000|0.003490|0.000866|0.001119|0.003643|0.028788|0.007141|0.009233|0.030054,0.034823|0.008638|0.002581|0.008400|0.287266|0.071258|0.021288|0.069295|0.008641|0.002144|0.002769|0.009013|0.071285|0.017683|0.022843|0.074355|0.014063|0.003489|0.001043|0.003394|0.116014|0.028778|0.008602|0.028000|0.003490|0.000866|0.001119|0.003643|0.028788|0.007141|0.009233|0.030054,-1.2568081991911792e-16
7500,GOAL_143|SNode_136|VECTOR44|SNode_33|RApp12,220,147,0.009471416473388672,0.00847005844116211,1.1182232730957609,0.037430|0.000000|0.318066|0.000000|0.036346|0.000000|0.308850|0.000000|0.004956|0.000000|0.042141|0.000000|0.004814|0.000000|0.040934|0.000000|0.004845|0.004841|0.041406|0.041383|0.004705|0.004701|0.040210|0.040190|0.000641|0.000642|0.005485|0.005498|0.000622|0.000624|0.005327|0.005344,0.037430|0.000000|0.318066|0.000000|0.036346|0.000000|0.308850|0.000000|0.004956|0.000000|0.042141|0.000000|0.004814|0.000000|0.040934|0.000000|0.004845|0.004841|0.041406|0.041383|0.004705|0.004701|0.040210|0.040190|0.000641|0.000642|0.005485|0.005498|0.000622|0.000624|0.005327|0.005344,6.5323545664354124e-18
7500,RApp7|TRY26|NEED36|GOAL_113|EQUATION28,220,122,0.006973981857299805,0.0059201717376708984,1.1780033023237082,0.015307|0.010131|0.006860|0.004540|0.015389|0.010185|0.006897|0.004565|0.160848|0.106445|0.072144|0.047747|0.161708|0.107005|0.072530|0.048001|0.002190|0.001449|0.001689|0.001118|0.002201|0.001457|0.001698|0.001124|0.023160|0.015338|0.017867|0.011833|0.023284|0.015426|0.017963|0.011901,0.015307|0.010131|0.006860|0.004540|0.015389|0.010185|0.006897|0.004565|0.160848|0.106445|0.072144|0.047747|0.161708|0.107005|0.072530|0.048001|0.002190|0.001449|0.001689|0.001118|0.002201|0.001457|0.001698|0.001124|0.023160|0.015338|0.017867|0.011833|0.023284|0.015426|0.017963|0.011901,-4.985267153858781e-17
7500,RESOLVE38|INCLINE51|SNode_132|SNode_116|SNode_3,220,131,0.008003473281860352,0.00705718994140625,1.1340878378378378,0.005482|0.258081|0.000648|0.030493|0.000622|0.029291|0.000095|0.004481|0.002887|0.135896|0.000341|0.016057|0.000328|0.015424|0.000050|0.002359|0.005427|0.255479|0.000641|0.030186|0.000616|0.028996|0.000094|0.004435|0.002858|0.134525|0.000338|0.015895|0.000324|0.015268|0.000050|0.002336,0.005482|0.258081|0.000648|0.030493|0.000622|0.029291|0.000095|0.004481|0.002887|0.135896|0.000341|0.016057|0.000328|0.015424|0.000050|0.002359|0.005427|0.255479|0.000641|0.030186|0.000616|0.028996|0.000094|0.004435|0.002858|0.134525|0.000338|0.015895|0.000324|0.015268|0.000050|0.002336,-3.800413677485174e-17
7500,FORCE60|SNode_71|WRITE63|RApp7|INCLINE51,220,118,0.006917238235473633,0.005771160125732422,1.1985871271585558,0.046006|0.024225|0.007376|0.003884|0.044004|0.023171|0.008390|0.004418|0.009001|0.004740|0.001443|0.000760|0.008609|0.004533|0.001642|0.000865|0.192263|0.101238|0.030848|0.016243|0.183586|0.096669|0.035399|0.018640|0.037617|0.019808|0.006036|0.003178|0.035917|0.018913|0.006929|0.003648,0.046006|0.024225|0.007376|0.003884|0.044004|0.023171|0.008390|0.004418|0.009001|0.004740|0.001443|0.000760|0.008609|0.004533|0.001642|0.000865|0.192263|0.101238|0.030848|0.016243|0.183586|0.096669|0.035399|0.018640|0.037617|0.019808|0.006036|0.003178|0.035917|0.018913|0.006929|0.003648,-3.538047387995097e-17
7500,GOAL_114|SNode_95|APPLY32|TRY24|SNode_65,220,124,0.007189750671386719,0.0062901973724365234,1.1430087556381003,0.017579|0.002578|0.171030|0.025082|0.017030|0.002503|0.165687|0.024349|0.009642|0.001414|0.099237|0.014556|0.009341|0.001373|0.096137|0.014131|0.008580|0.001258|0.083549|0.012253|0.008312|0.001222|0.080939|0.011895|0.004710|0.000691|0.048580|0.007126|0.004563|0.000671|0.047062|0.006918,0.017579|0.002578|0.171030|0.025082|0.017030|0.002503|0.165687|0.024349|0.009642|0.001414|0.099237|0.014556|0.009341|0.001373|0.096137|0.014131|0.008580|0.001258|0.083549|0.012253|0.008312|0.001222|0.080939|0.011895|0.004710|0.000691|0.048580|0.007126|0.004563|0.000671|0.047062|0.006918,-8.64719558015923e-17
7500,SNode_100|SNode_115|SNode_70|GOAL_56|SNode_119,220,136,0.008469820022583008,0.007398366928100586,1.1448229190164674,0.218516|0.027916|0.073615|0.009401|0.082434|0.010743|0.028471|0.003713|0.101520|0.014486|0.033997|0.004847|0.049419|0.007315|0.017203|0.002549|0.099846|0.012791|0.033691|0.004315|0.037679|0.004927|0.013037|0.001706|0.046395|0.006660|0.015563|0.002232|0.022592|0.003367|0.007879|0.001176,0.218516|0.027916|0.073615|0.009401|0.082434|0.010743|0.028471|0.003713|0.101520|0.014486|0.033997|0.004847|0.049419|0.007315|0.017203|0.002549|0.099846|0.012791|0.033691|0.004315|0.037679|0.004927|0.013037|0.001706|0.046395|0.006660|0.015563|0.002232|0.022592|0.003367|0.007879|0.001176,-4.394436462916603e-17
7500,SNode_64|GOAL_49|SLIDING4|SNode_40|SNode_43,220,99,0.004405498504638672,0.004527568817138672,0.9730384412848868,0.024219|0.007351|0.008940|0.002714|0.214161|0.065001|0.079054|0.023994|0.015803|0.005469|0.005848|0.002024|0.139734|0.048359|0.051714|0.017897|0.009702|0.002981|0.003582|0.001101|0.085790|0.026360|0.031671|0.009731|0.006405|0.002256|0.002371|0.000835|0.056633|0.019953|0.020963|0.007386,0.024219|0.007351|0.008940|0.002714|0.214161|0.065001|0.079054|0.023994|0.015803|0.005469|0.005848|0.002024|0.139734|0.048359|0.051714|0.017897|0.009702|0.002981|0.003582|0.001101|0.085790|0.026360|0.031671|0.009731|0.006405|0.002256|0.002371|0.000835|0.056633|0.019953|0.020963|0.007386,4.4441648175851416e-17
7500,IDENTIFY39|SNode_5|SNode_120|SNode_40|GOAL_130,220,138,0.008329629898071289,0.007368564605712891,1.1304277486572187,0.004594|0.002314|0.001697|0.000855|0.000530|0.000275|0.000196|0.000102|0.214864|0.108240|0.079393|0.039998|0.024795|0.012882|0.009166|0.004763|0.004509|0.002271|0.001666|0.000839|0.000520|0.000270|0.000192|0.000100|0.210891|0.106238|0.077924|0.039259|0.024336|0.012644|0.008997|0.004675,0.004594|0.002314|0.001697|0.000855|0.000530|0.000275|0.000196|0.000102|0.214864|0.108240|0.079393|0.039998|0.024795|0.012882|0.009166|0.004763|0.004509|0.002271|0.001666|0.000839|0.000520|0.000270|0.000192|0.000100|0.210891|0.106238|0.077924|0.039259|0.024336|0.012644|0.008997|0.004675,-1.4235871319711302e-16
7500,SNode_151|CONSTANT5|EQUATION28|VAR20|CHOOSE47,220,163,0.010952472686767578,0.010077238082885742,1.0868526273452102,0.035074|0.035868|0.082942|0.084820|0.023209|0.023733|0.054882|0.056122|0.035056|0.035849|0.082897|0.084774|0.023196|0.023720|0.054853|0.056092|0.009134|0.009365|0.021598|0.022146|0.006051|0.006206|0.014309|0.014675|0.009129|0.009360|0.021587|0.022134|0.006048|0.006203|0.014302|0.014667,0.035074|0.035868|0.082942|0.084820|0.023209|0.023733|0.054882|0.056122|0.035056|0.035849|0.082897|0.084774|0.023196|0.023720|0.054853|0.056092|0.009134|0.009365|0.021598|0.022146|0.006051|0.006206|0.014309|0.014675|0.009129|0.009360|0.021587|0.022134|0.006048|0.006203|0.014302|0.014667,2.0666044527597654e-16
7500,CHOOSE35|RApp13|DISPLACEM0|SNode_12|GOAL_114,220,139,0.008595943450927734,0.00774693489074707,1.109592835379928,0.003341|0.001633|0.150407|0.073488|0.003310|0.001617|0.148970|0.072785|0.000379|0.000186|0.017071|0.008379|0.000376|0.000184|0.016908|0.008299|0.003245|0.001585|0.146059|0.071363|0.003214|0.001570|0.144663|0.070681|0.000368|0.000181|0.016578|0.008137|0.000365|0.000179|0.016419|0.008059,0.003341|0.001633|0.150407|0.073488|0.003310|0.001617|0.148970|0.072785|0.000379|0.000186|0.017071|0.008379|0.000376|0.000184|0.016908|0.008299|0.003245|0.001585|0.146059|0.071363|0.003214|0.001570|0.144663|0.070681|0.000368|0.000181|0.016578|0.008137|0.000365|0.000179|0.016419|0.008059,-5.234863637824875e-17
7500,TRY15|WRITE30|GOAL_80|TRY25|SNode_134,220,131,0.008151769638061523,0.00682520866394043,1.1943619659761764,0.020343|0.002393|0.186366|0.021962|0.006784|0.000800|0.062137|0.007359|0.021027|0.002474|0.192625|0.022698|0.007073|0.000835|0.064782|0.007674|0.012084|0.001422|0.110703|0.013046|0.004031|0.000476|0.036919|0.004373|0.012488|0.001469|0.114407|0.013481|0.004204|0.000496|0.038505|0.004562,0.020343|0.002393|0.186366|0.021962|0.006784|0.000800|0.062137|0.007359|0.021027|0.002474|0.192625|0.022698|0.007073|0.000835|0.064782|0.007674|0.012084|0.001422|0.110703|0.013046|0.004031|0.000476|0.036919|0.004373|0.012488|0.001469|0.114407|0.013481|0.004204|0.000496|0.038505|0.004562,0.0
7500,GOAL_79|GOAL_57|SNode_5|TRY14|NEED67,220,80,0.003565073013305664,0.003645658493041992,0.9778954940814858,0.003727|0.003717|0.002245|0.002239|0.172878|0.172418|0.101737|0.101466|0.001479|0.001476|0.000890|0.000888|0.070621|0.070433|0.044899|0.044780|0.000955|0.000953|0.000576|0.000574|0.044324|0.044206|0.026087|0.026018|0.000380|0.000379|0.000228|0.000228|0.018118|0.018069|0.011521|0.011491,0.003727|0.003717|0.002245|0.002239|0.172878|0.172418|0.101737|0.101466|0.001479|0.001476|0.000890|0.000888|0.070621|0.070433|0.044899|0.044780|0.000955|0.000953|0.000576|0.000574|0.044324|0.044206|0.026087|0.026018|0.000380|0.000379|0.000228|0.000228|0.018118|0.018069|0.011521|0.011491,6.691073218300155e-17
7500,TRY11|TRY25|SNode_11|IDENTIFY59|SYSTEM18,220,5,0.0004277229309082031,0.00020813941955566406,2.0549828178694156,0.000267|0.000265|0.000269|0.000267|0.013361|0.013269|0.013447|0.013354|0.002448|0.002431|0.002463|0.002446|0.122426|0.121580|0.123212|0.122361|0.000215|0.000214|0.000217|0.000215|0.010763|0.010688|0.010832|0.010757|0.001971|0.001958|0.001984|0.001970|0.098613|0.097931|0.099246|0.098560,0.000267|0.000265|0.000269|0.000267|0.013361|0.013269|0.013447|0.013354|0.002448|0.002431|0.002463|0.002446|0.122426|0.121580|0.123212|0.122361|0.000215|0.000214|0.000217|0.000215|0.010763|0.010688|0.010832|0.010757|0.001971|0.001958|0.001984|0.001970|0.098613|0.097931|0.099246|0.098560,1.9730146670690523e-16
7500,SNode_71|SNode_24|SNode_94|GOAL_110|IDENTIFY55,220,124,0.0072174072265625,0.006273746490478516,1.1504142281675154,0.138423|0.139312|0.065510|0.065931|0.057768|0.058139|0.027602|0.027779|0.060889|0.061280|0.028816|0.029001|0.025601|0.025766|0.012233|0.012311|0.027067|0.027240|0.012810|0.012893|0.011318|0.011391|0.005409|0.005444|0.011906|0.011982|0.005635|0.005671|0.005016|0.005048|0.002397|0.002412,0.138423|0.139312|0.065510|0.065931|0.057768|0.058139|0.027602|0.027779|0.060889|0.061280|0.028816|0.029001|0.025601|0.025766|0.012233|0.012311|0.027067|0.027240|0.012810|0.012893|0.011318|0.011391|0.005409|0.005444|0.011906|0.011982|0.005635|0.005671|0.005016|0.005048|0.002397|0.002412,-6.372528991478025e-18
7500,SNode_7|RApp6|GOAL_142|COMPO16|SNode_42,220,134,0.008129596710205078,0.0074040889739990234,1.0979874416358075,0.004285|0.003322|0.003211|0.002489|0.001124|0.000871|0.000839|0.000650|0.000000|0.000000|0.001071|0.000832|0.000000|0.000000|0.000285|0.000221|0.218890|0.169709|0.164017|0.127117|0.057416|0.044516|0.042845|0.033205|0.000000|0.000000|0.054742|0.042489|0.000000|0.000000|0.014555|0.011298,0.004285|0.003322|0.003211|0.002489|0.001124|0.000871|0.000839|0.000650|0.000000|0.000000|0.001071|0.000832|0.000000|0.000000|0.000285|0.000221|0.218890|0.169709|0.164017|0.127117|0.057416|0.044516|0.042845|0.033205|0.000000|0.000000|0.054742|0.042489|0.000000|0.000000|0.014555|0.011298,1.600114210992938e-17
7500,GOAL65|TRY12|WRITE64|GOAL_143|SNode_91,220,137,0.008491277694702148,0.0074388980865478516,1.1414698246851063,0.104233|0.031400|0.027048|0.008155|0.107051|0.032248|0.027778|0.008375|0.045786|0.013793|0.011881|0.003582|0.047023|0.014166|0.012202|0.003679|0.104845|0.031582|0.027279|0.008227|0.107587|0.032404|0.028108|0.008481|0.046055|0.013873|0.011983|0.003614|0.047259|0.014234|0.012347|0.003725,0.104233|0.031400|0.027048|0.008155|0.107051|0.032248|0.027778|0.008375|0.045786|0.013793|0.011881|0.003582|0.047023|0.014166|0.012202|0.003679|0.104845|0.031582|0.027279|0.008227|0.107587|0.032404|0.028108|0.008481|0.046055|0.013873|0.011983|0.003614|0.047259|0.014234|0.012347|0.003725,0.0
7500,FIND49|RApp7|VECTOR73|CONSTANT5|SNode_33,220,117,0.006499528884887695,0.005692481994628906,1.1417741665270564,0.010814|0.091956|0.010808|0.091907|0.011267|0.095812|0.011261|0.095761|0.001894|0.016169|0.001893|0.016161|0.001973|0.016847|0.001972|0.016838|0.011105|0.094391|0.011099|0.094341|0.011571|0.098349|0.011564|0.098296|0.001946|0.016657|0.001945|0.016648|0.002028|0.017355|0.002027|0.017346,0.010814|0.091956|0.010808|0.091907|0.011267|0.095812|0.011261|0.095761|0.001894|0.016169|0.001893|0.016161|0.001973|0.016847|0.001972|0.016838|0.011105|0.094391|0.011099|0.094341|0.011571|0.098349|0.011564|0.098296|0.001946|0.016657|0.001945|0.016648|0.002028|0.017355|0.002027|0.017346,-3.2504387741373876e-17
7500,GOAL68|SNode_27|GOAL_150|SNode_124|SNode_131,220,165,0.011733293533325195,0.010957717895507812,1.0707789382071367,0.081695|0.031904|0.010853|0.004404|0.024654|0.009610|0.003407|0.001400|0.163561|0.063874|0.021729|0.008816|0.049360|0.019241|0.006821|0.002803|0.069892|0.041842|0.009044|0.005962|0.021118|0.012587|0.002815|0.001914|0.139929|0.083772|0.018108|0.011935|0.042280|0.025201|0.005635|0.003832,0.081695|0.031904|0.010853|0.004404|0.024654|0.009610|0.003407|0.001400|0.163561|0.063874|0.021729|0.008816|0.049360|0.019241|0.006821|0.002803|0.069892|0.041842|0.009044|0.005962|0.021118|0.012587|0.002815|0.001914|0.139929|0.083772|0.018108|0.011935|0.042280|0.025201|0.005635|0.003832,-3.0390290289361566e-17
7500,TRY12|GOAL_84|SNode_154|KINEMATI17|SNode_12,220,119,0.006823301315307617,0.005984783172607422,1.1401083578997688,0.003173|0.142813|0.003161|0.142279|0.001525|0.068631|0.001519|0.068374|0.001933|0.086999|0.001926|0.086677|0.000934|0.042040|0.000931|0.041885|0.001394|0.062731|0.001388|0.062495|0.000670|0.030146|0.000667|0.030032|0.000849|0.038217|0.000846|0.038077|0.000410|0.018468|0.000409|0.018401,0.003173|0.142813|0.003161|0.142279|0.001525|0.068631|0.001519|0.068374|0.001933|0.086999|0.001926|0.086677|0.000934|0.042040|0.000931|0.041885|0.001394|0.062731|0.001388|0.062495|0.000670|0.030146|0.000667|0.030032|0.000849|0.038217|0.000846|0.038077|0.000410|0.018468|0.000409|0.018401,-8.962919277283838e-17
7500,VECTOR27|CHOOSE62|SNode_55|TRY11|GOAL_121,220,116,0.0065228939056396484,0.005621910095214844,1.1602629346904156,0.073182|0.034838|0.058126|0.027671|0.022480|0.010702|0.018929|0.009011|0.070226|0.033947|0.055778|0.026963|0.021572|0.010428|0.018164|0.008781|0.072928|0.034748|0.057924|0.027599|0.022402|0.010674|0.018863|0.008988|0.069970|0.033870|0.055575|0.026902|0.021494|0.010405|0.018098|0.008761,0.073182|0.034838|0.058126|0.027671|0.022480|0.010702|0.018929|0.009011|0.070226|0.033947|0.055778|0.026963|0.021572|0.010428|0.018164|0.008781|0.072928|0.034748|0.057924|0.027599|0.022402|0.010674|0.018863|0.008988|0.069970|0.033870|0.055575|0.026902|0.021494|0.010405|0.018098|0.008761,2.0329813536653595e-16
7500,SNode_68|GOAL_81|SNode_100|COMPO16|SNode_106,220,114,0.006712913513183594,0.005697727203369141,1.1781739057661729,0.145553|0.066800|0.109674|0.050331|0.061986|0.028528|0.046706|0.021495|0.052747|0.025173|0.085971|0.041029|0.027062|0.012972|0.044107|0.021143|0.027379|0.012573|0.020190|0.009272|0.011660|0.005370|0.008598|0.003960|0.009984|0.004768|0.016715|0.007984|0.005122|0.002457|0.008576|0.004114,0.145553|0.066800|0.109674|0.050331|0.061986|0.028528|0.046706|0.021495|0.052747|0.025173|0.085971|0.041029|0.027062|0.012972|0.044107|0.021143|0.027379|0.012573|0.020190|0.009272|0.011660|0.005370|0.008598|0.003960|0.009984|0.004768|0.016715|0.007984|0.005122|0.002457|0.008576|0.004114,-6.492611165387594e-18
7500,GOAL_142|GOAL_87|SYSTEM46|EQUATION28|NEED36,220,134,0.007881402969360352,0.006888866424560547,1.1440783553678964,0.079924|0.080268|0.051761|0.051693|0.074591|0.074919|0.048131|0.047955|0.040772|0.040944|0.026680|0.026699|0.044507|0.044688|0.029265|0.029375|0.020090|0.020293|0.014156|0.014396|0.018750|0.018941|0.013164|0.013355|0.010246|0.010335|0.007366|0.007708|0.011184|0.011280|0.008080|0.008482,0.079924|0.080268|0.051761|0.051693|0.074591|0.074919|0.048131|0.047955|0.040772|0.040944|0.026680|0.026699|0.044507|0.044688|0.029265|0.029375|0.020090|0.020293|0.014156|0.014396|0.018750|0.018941|0.013164|0.013355|0.010246|0.010335|0.007366|0.007708|0.011184|0.011280|0.008080|0.008482,1.9541449960606767e-16
7500,WRITE63|SNode_134|GOAL_84|AXIS33|SNode_42,220,128,0.007776498794555664,0.006673336029052734,1.1653090389424794,0.032308|0.025047|0.125647|0.097410|0.019705|0.015279|0.076637|0.059424|0.003800|0.002946|0.014781|0.011459|0.002330|0.001806|0.009062|0.007027|0.031708|0.024582|0.123300|0.095590|0.019338|0.014994|0.075202|0.058310|0.003733|0.002894|0.014531|0.011265|0.002289|0.001775|0.008913|0.006911,0.032308|0.025047|0.125647|0.097410|0.019705|0.015279|0.076637|0.059424|0.003800|0.002946|0.014781|0.011459|0.002330|0.001806|0.009062|0.007027|0.031708|0.024582|0.123300|0.095590|0.019338|0.014994|0.075202|0.058310|0.003733|0.002894|0.014531|0.011265|0.002289|0.001775|0.008913|0.006911,1.980798283729709e-16
7500,SNode_156|NULL48|RApp6|SNode_102|SNode_65,220,108,0.006150722503662109,0.0053403377532958984,1.1517478458859771,0.223541|0.024830|0.044989|0.004997|0.030106|0.003350|0.006189|0.000689|0.217004|0.039719|0.043673|0.007994|0.029115|0.005466|0.005985|0.001124|0.093673|0.010405|0.024830|0.002758|0.014412|0.001604|0.004824|0.000537|0.090933|0.016644|0.024104|0.004412|0.013937|0.002617|0.004665|0.000876,0.223541|0.024830|0.044989|0.004997|0.030106|0.003350|0.006189|0.000689|0.217004|0.039719|0.043673|0.007994|0.029115|0.005466|0.005985|0.001124|0.093673|0.010405|0.024830|0.002758|0.014412|0.001604|0.004824|0.000537|0.090933|0.016644|0.024104|0.004412|0.013937|0.002617|0.004665|0.000876,3.6910820571031066e-17
7500,SNode_133|SNode_151|APPLY77|GOAL_129|SNode_73,220,164,0.011230945587158203,0.010493755340576172,1.0702503748807197,0.161483|0.063954|0.043211|0.010750|0.149995|0.059398|0.040137|0.009984|0.037501|0.014853|0.010035|0.002496|0.043753|0.017335|0.011708|0.002913|0.039135|0.015444|0.050758|0.026443|0.036351|0.014344|0.047143|0.024557|0.009088|0.003587|0.011787|0.006141|0.010604|0.004186|0.013757|0.007170,0.161483|0.063954|0.043211|0.010750|0.149995|0.059398|0.040137|0.009984|0.037501|0.014853|0.010035|0.002496|0.043753|0.017335|0.011708|0.002913|0.039135|0.015444|0.050758|0.026443|0.036351|0.014344|0.047143|0.024557|0.009088|0.003587|0.011787|0.006141|0.010604|0.004186|0.013757|0.007170,1.746058484457885e-16
7500,SNode_102|GOAL_80|VELOCITY7|RApp3|CHOOSE62,220,105,0.004815578460693359,0.005018711090087891,0.9595249406175772,0.147841|0.142574|0.009501|0.009163|0.109798|0.105887|0.045377|0.043761|0.048992|0.047247|0.003153|0.003041|0.036366|0.035071|0.015061|0.014524|0.032532|0.031374|0.002091|0.002016|0.024161|0.023300|0.009985|0.009630|0.011451|0.011043|0.000737|0.000711|0.008500|0.008197|0.003520|0.003395,0.147841|0.142574|0.009501|0.009163|0.109798|0.105887|0.045377|0.043761|0.048992|0.047247|0.003153|0.003041|0.036366|0.035071|0.015061|0.014524|0.032532|0.031374|0.002091|0.002016|0.024161|0.023300|0.009985|0.009630|0.011451|0.011043|0.000737|0.000711|0.008500|0.008197|0.003520|0.003395,2.2101531123675148e-17
7500,SNode_54|SNode_117|KINEMATI17|APPLY61|INCLINE51,220,120,0.007027864456176758,0.005906820297241211,1.1897880928355198,0.076657|0.040365|0.077759|0.040945|0.074336|0.039143|0.075405|0.039705|0.037726|0.019865|0.038345|0.020191|0.036584|0.019264|0.037184|0.019580|0.032480|0.017103|0.032947|0.017349|0.034394|0.018111|0.034888|0.018371|0.015985|0.008417|0.016247|0.008555|0.016927|0.008913|0.017204|0.009059,0.076657|0.040365|0.077759|0.040945|0.074336|0.039143|0.075405|0.039705|0.037726|0.019865|0.038345|0.020191|0.036584|0.019264|0.037184|0.019580|0.032480|0.017103|0.032947|0.017349|0.034394|0.018111|0.034888|0.018371|0.015985|0.008417|0.016247|0.008555|0.016927|0.008913|0.017204|0.009059,-4.122391621687607e-17
7500,SNode_40|GOAL66|SNode_65|GOAL_48|GOAL72,220,103,0.004713296890258789,0.004907369613647461,0.9604528008550746,0.076977|0.079184|0.111593|0.114792|0.011189|0.011509|0.016342|0.016811|0.051233|0.052702|0.074271|0.076401|0.007447|0.007660|0.010877|0.011189|0.028248|0.029058|0.041251|0.042434|0.004188|0.004308|0.006170|0.006347|0.018800|0.019339|0.027455|0.028242|0.002787|0.002867|0.004107|0.004224,0.076977|0.079184|0.111593|0.114792|0.011189|0.011509|0.016342|0.016811|0.051233|0.052702|0.074271|0.076401|0.007447|0.007660|0.010877|0.011189|0.028248|0.029058|0.041251|0.042434|0.004188|0.004308|0.006170|0.006347|0.018800|0.019339|0.027455|0.028242|0.002787|0.002867|0.004107|0.004224,8.714326048809105e-17
7500,RApp3|SNode_92|WRITE63|SNode_44|GOAL_63,220,60,0.002456188201904297,0.002378702163696289,1.0325749223213392,0.125886|0.037176|0.063288|0.018914|0.123558|0.036489|0.062118|0.018564|0.087640|0.025882|0.044061|0.013167|0.086019|0.025403|0.043246|0.012924|0.025464|0.007704|0.014506|0.004593|0.024993|0.007561|0.014237|0.004508|0.017727|0.005363|0.010099|0.003198|0.017400|0.005264|0.009912|0.003138,0.125886|0.037176|0.063288|0.018914|0.123558|0.036489|0.062118|0.018564|0.087640|0.025882|0.044061|0.013167|0.086019|0.025403|0.043246|0.012924|0.025464|0.007704|0.014506|0.004593|0.024993|0.007561|0.014237|0.004508|0.017727|0.005363|0.010099|0.003198|0.017400|0.005264|0.009912|0.003138,-8.653070080697041e-17
7500,SNode_119|SNode_155|RApp6|CHOOSE62|SNode_33,220,140,0.00879359245300293,0.009335041046142578,0.9419982632681208,0.036380|0.309510|0.035070|0.298360|0.005187|0.044139|0.004999|0.042539|0.004919|0.041862|0.004755|0.040481|0.000729|0.006210|0.000705|0.006013|0.004860|0.041352|0.004687|0.039876|0.000701|0.005970|0.000676|0.005756|0.000662|0.005637|0.000641|0.005455|0.000100|0.000849|0.000097|0.000823,0.036380|0.309510|0.035070|0.298360|0.005187|0.044139|0.004999|0.042539|0.004919|0.041862|0.004755|0.040481|0.000729|0.006210|0.000705|0.006013|0.004860|0.041352|0.004687|0.039876|0.000701|0.005970|0.000676|0.005756|0.000662|0.005637|0.000641|0.005455|0.000100|0.000849|0.000097|0.000823,1.2804146697837527e-17
7500,RESOLVE38|GOAL_79|SNode_75|SNode_5|GOAL_69,220,77,0.0035924911499023438,0.0036270618438720703,0.990468678104253,0.005440|0.001669|0.253693|0.078712|0.000961|0.000303|0.044879|0.014346|0.001355|0.000416|0.063176|0.019608|0.000284|0.000092|0.013238|0.004361|0.005385|0.001652|0.251134|0.077916|0.000951|0.000299|0.044398|0.014152|0.001341|0.000412|0.062541|0.019412|0.000281|0.000092|0.013133|0.004366,0.005440|0.001669|0.253693|0.078712|0.000961|0.000303|0.044879|0.014346|0.001355|0.000416|0.063176|0.019608|0.000284|0.000092|0.013238|0.004361|0.005385|0.001652|0.251134|0.077916|0.000951|0.000299|0.044398|0.014152|0.001341|0.000412|0.062541|0.019412|0.000281|0.000092|0.013133|0.004366,-1.9097433455709477e-16
7500,IDENTIFY39|IDENTIFY59|RESOLVE38|GOAL_98|GIVEN_1,220,94,0.004166603088378906,0.0044193267822265625,0.9428139835994821,0.002054|0.091313|0.000727|0.032306|0.002033|0.090392|0.000719|0.031981|0.002067|0.091900|0.000731|0.032513|0.002046|0.090973|0.000724|0.032186|0.002016|0.089625|0.000713|0.031709|0.001996|0.088720|0.000706|0.031389|0.002029|0.090200|0.000718|0.031912|0.002009|0.089290|0.000711|0.031591,0.002054|0.091313|0.000727|0.032306|0.002033|0.090392|0.000719|0.031981|0.002067|0.091900|0.000731|0.032513|0.002046|0.090973|0.000724|0.032186|0.002016|0.089625|0.000713|0.031709|0.001996|0.088720|0.000706|0.031389|0.002029|0.090200|0.000718|0.031912|0.002009|0.089290|0.000711|0.031591,1.404058696985593e-17
7500,IDENTIFY22|GOAL_127|SNode_119|NULL48|SNode_64,220,135,0.00817108154296875,0.007255077362060547,1.1262569832402234,0.107342|0.043192|0.110951|0.044645|0.014226|0.005913|0.014704|0.006112|0.045248|0.018204|0.046769|0.018816|0.006023|0.002507|0.006225|0.002591|0.110184|0.044336|0.113889|0.045827|0.014602|0.006069|0.015093|0.006273|0.046446|0.018686|0.048008|0.019314|0.006182|0.002573|0.006390|0.002660,0.107342|0.043192|0.110951|0.044645|0.014226|0.005913|0.014704|0.006112|0.045248|0.018204|0.046769|0.018816|0.006023|0.002507|0.006225|0.002591|0.110184|0.044336|0.113889|0.045827|0.014602|0.006069|0.015093|0.006273|0.046446|0.018686|0.048008|0.019314|0.006182|0.002573|0.006390|0.002660,1.1986249784598111e-16
7500,NEED1|SNode_154|SNode_3|SNode_92|SNode_68,220,123,0.007341146469116211,0.0063436031341552734,1.1572518510166498,0.003532|0.000627|0.002459|0.000437|0.166284|0.029528|0.115765|0.020557|0.001652|0.000351|0.001150|0.000244|0.077779|0.016519|0.054149|0.011500|0.003497|0.000621|0.002434|0.000432|0.164607|0.029231|0.114597|0.020350|0.001636|0.000347|0.001139|0.000242|0.076995|0.016352|0.053603|0.011384,0.003532|0.000627|0.002459|0.000437|0.166284|0.029528|0.115765|0.020557|0.001652|0.000351|0.001150|0.000244|0.077779|0.016519|0.054149|0.011500|0.003497|0.000621|0.002434|0.000432|0.164607|0.029231|0.114597|0.020350|0.001636|0.000347|0.001139|0.000242|0.076995|0.016352|0.053603|0.011384,7.892840769908982e-17
7500,IDENTIFY43|TRY11|IDENTIFY55|SNode_97|SNode_131,220,121,0.007145881652832031,0.0061833858489990234,1.1556583767110082,0.088387|0.043356|0.022585|0.011079|0.069033|0.033841|0.042652|0.020944|0.071195|0.034923|0.018192|0.008924|0.055605|0.027258|0.034356|0.016870|0.059121|0.029001|0.015107|0.007410|0.046174|0.022635|0.028531|0.014010|0.047621|0.023360|0.012169|0.005969|0.037192|0.018232|0.022982|0.011286,0.088387|0.043356|0.022585|0.011079|0.069033|0.033841|0.042652|0.020944|0.071195|0.034923|0.018192|0.008924|0.055605|0.027258|0.034356|0.016870|0.059121|0.029001|0.015107|0.007410|0.046174|0.022635|0.028531|0.014010|0.047621|0.023360|0.012169|0.005969|0.037192|0.018232|0.022982|0.011286,-2.6455299307134304e-16
7500,MAXIMIZE34|GOAL_114|APPLY61|SNode_3|SNode_10,220,118,0.0067675113677978516,0.005761384963989258,1.174632733291951,0.000079|0.003447|0.003741|0.162268|0.000081|0.003495|0.003794|0.164521|0.000039|0.001673|0.001816|0.078775|0.000039|0.001703|0.001846|0.080150|0.000077|0.003336|0.003620|0.157051|0.000078|0.003378|0.003669|0.159036|0.000038|0.001633|0.001773|0.076899|0.000038|0.001666|0.001805|0.078434,0.000079|0.003447|0.003741|0.162268|0.000081|0.003495|0.003794|0.164521|0.000039|0.001673|0.001816|0.078775|0.000039|0.001703|0.001846|0.080150|0.000077|0.003336|0.003620|0.157051|0.000078|0.003378|0.003669|0.159036|0.000038|0.001633|0.001773|0.076899|0.000038|0.001666|0.001805|0.078434,-3.7122355419414005e-17
7500,SNode_152|SNode_100|CHOOSE35|SNode_93|SNode_5,220,116,0.0068590641021728516,0.00596308708190918,1.1502538882891529,0.003183|0.148892|0.001209|0.056566|0.003091|0.144588|0.001174|0.054931|0.001441|0.067402|0.000566|0.026465|0.001399|0.065454|0.000549|0.025700|0.002090|0.097774|0.000804|0.037585|0.002030|0.094947|0.000780|0.036498|0.000948|0.044354|0.000378|0.017675|0.000921|0.043071|0.000367|0.017164,0.003183|0.148892|0.001209|0.056566|0.003091|0.144588|0.001174|0.054931|0.001441|0.067402|0.000566|0.026465|0.001399|0.065454|0.000549|0.025700|0.002090|0.097774|0.000804|0.037585|0.002030|0.094947|0.000780|0.036498|0.000948|0.044354|0.000378|0.017675|0.000921|0.043071|0.000367|0.017164,-2.7948506640756235e-17
7500,SNode_133|GOAL72|SNode_74|SNode_29|DISPLACEM0,220,122,0.007173776626586914,0.006206989288330078,1.1557578551125451,0.099000|0.098054|0.053137|0.052629|0.010481|0.010381|0.005662|0.005608|0.101838|0.100865|0.054660|0.054138|0.010781|0.010678|0.005824|0.005769|0.046633|0.046188|0.025018|0.024779|0.005004|0.004956|0.002715|0.002689|0.047970|0.047512|0.025736|0.025490|0.005148|0.005099|0.002792|0.002766,0.099000|0.098054|0.053137|0.052629|0.010481|0.010381|0.005662|0.005608|0.101838|0.100865|0.054660|0.054138|0.010781|0.010678|0.005824|0.005769|0.046633|0.046188|0.025018|0.024779|0.005004|0.004956|0.002715|0.002689|0.047970|0.047512|0.025736|0.025490|0.005148|0.005099|0.002792|0.002766,1.9782549594514056e-16
7500,SNode_120|WRITE30|SNode_38|SNode_34|TRY25,220,134,0.00789189338684082,0.0069468021392822266,1.1360469506126232,0.011249|0.101659|0.016298|0.147290|0.006430|0.060294|0.009317|0.087360|0.011652|0.105299|0.016882|0.152562|0.006661|0.062456|0.009651|0.090495|0.001309|0.011854|0.001897|0.017175|0.000749|0.007038|0.001085|0.010197|0.001356|0.012278|0.001965|0.017790|0.000776|0.007290|0.001124|0.010563,0.011249|0.101659|0.016298|0.147290|0.006430|0.060294|0.009317|0.087360|0.011652|0.105299|0.016882|0.152562|0.006661|0.062456|0.009651|0.090495|0.001309|0.011854|0.001897|0.017175|0.000749|0.007038|0.001085|0.010197|0.001356|0.012278|0.001965|0.017790|0.000776|0.007290|0.001124|0.010563,1.0908708971299769e-16
7500,CHOOSE35|SNode_91|RApp12|NEED36|FIND58,220,138,0.008616447448730469,0.0076141357421875,1.1316382765531061,0.122112|0.052367|0.122602|0.052577|0.013956|0.005985|0.014185|0.006083|0.036775|0.015771|0.036925|0.015835|0.004216|0.001808|0.004294|0.001841|0.118582|0.050853|0.119058|0.051057|0.013552|0.005812|0.013775|0.005907|0.035712|0.015315|0.035858|0.015377|0.004094|0.001756|0.004170|0.001788,0.122112|0.052367|0.122602|0.052577|0.013956|0.005985|0.014185|0.006083|0.036775|0.015771|0.036925|0.015835|0.004216|0.001808|0.004294|0.001841|0.118582|0.050853|0.119058|0.051057|0.013552|0.005812|0.013775|0.005907|0.035712|0.015315|0.035858|0.015377|0.004094|0.001756|0.004170|0.001788,-2.705225889765465e-17
7500,TRY24|TRY26|RApp11|TRY15|WEIGHT57,220,139,0.008333683013916016,0.00760340690612793,1.096045906368568,0.013753|0.031614|0.008170|0.018780|0.001587|0.003662|0.000943|0.002175|0.001838|0.004225|0.001092|0.002510|0.000212|0.000489|0.000126|0.000291|0.001042|0.002396|0.000619|0.001423|0.000120|0.000278|0.000071|0.000165|0.153817|0.353560|0.091375|0.210032|0.017754|0.040986|0.010547|0.024348,0.013753|0.031614|0.008170|0.018780|0.001587|0.003662|0.000943|0.002175|0.001838|0.004225|0.001092|0.002510|0.000212|0.000489|0.000126|0.000291|0.001042|0.002396|0.000619|0.001423|0.000120|0.000278|0.000071|0.000165|0.153817|0.353560|0.091375|0.210032|0.017754|0.040986|0.010547|0.024348,0.0
7500,GOAL65|GOAL_48|SNode_15|SNode_34|SNode_41,220,10,0.0005559921264648438,0.0003905296325683594,1.4236874236874237,0.001217|0.000320|0.000332|0.001895|0.064456|0.016941|0.017573|0.100362|0.001770|0.000465|0.000482|0.002756|0.093720|0.024633|0.025551|0.145928|0.001225|0.000322|0.000334|0.001907|0.064870|0.017050|0.017685|0.101007|0.001781|0.000468|0.000486|0.002773|0.094321|0.024791|0.025715|0.146865,0.001217|0.000320|0.000332|0.001895|0.064456|0.016941|0.017573|0.100362|0.001770|0.000465|0.000482|0.002756|0.093720|0.024633|0.025551|0.145928|0.001225|0.000322|0.000334|0.001907|0.064870|0.017050|0.017685|0.101007|0.001781|0.000468|0.000486|0.002773|0.094321|0.024791|0.025715|0.146865,2.2756547906443237e-17
7500,NEED36|CHOOSE19|GOAL_150|SNode_52|SNode_137,220,160,0.010524511337280273,0.00974893569946289,1.079554903399364,0.115393|0.026840|0.043846|0.010199|0.034973|0.008147|0.013289|0.003096|0.101016|0.023496|0.050192|0.011675|0.030606|0.007130|0.015222|0.003546|0.111991|0.030988|0.042553|0.011775|0.033954|0.009412|0.012902|0.003576|0.098038|0.027127|0.048712|0.013480|0.029714|0.008236|0.014779|0.004097,0.115393|0.026840|0.043846|0.010199|0.034973|0.008147|0.013289|0.003096|0.101016|0.023496|0.050192|0.011675|0.030606|0.007130|0.015222|0.003546|0.111991|0.030988|0.042553|0.011775|0.033954|0.009412|0.012902|0.003576|0.098038|0.027127|0.048712|0.013480|0.029714|0.008236|0.014779|0.004097,1.902852659926365e-16
7500,GOAL_142|SNode_122|SNode_11|COMPO16|NEWTONS45,220,137,0.0085601806640625,0.007680416107177734,1.1145464704786738,0.002601|0.002684|0.002599|0.002682|0.130120|0.134262|0.130022|0.134155|0.001221|0.001260|0.001220|0.001259|0.061053|0.063006|0.061039|0.062991|0.000677|0.000699|0.000677|0.000698|0.033861|0.034949|0.033841|0.034931|0.000325|0.000336|0.000325|0.000336|0.016275|0.016806|0.016277|0.016813,0.002601|0.002684|0.002599|0.002682|0.130120|0.134262|0.130022|0.134155|0.001221|0.001260|0.001220|0.001259|0.061053|0.063006|0.061039|0.062991|0.000677|0.000699|0.000677|0.000698|0.033861|0.034949|0.033841|0.034931|0.000325|0.000336|0.000325|0.000336|0.016275|0.016806|0.016277|0.016813,1.078802026112705e-16
7500,GOAL_50|GIVEN21|SNode_151|GOAL_57|GRAV78,220,162,0.01107931137084961,0.0102386474609375,1.0821069299552906,0.020110|0.015429|0.007941|0.006092|0.002263|0.007004|0.000894|0.002766|0.187924|0.144179|0.074209|0.056931|0.021149|0.065453|0.008352|0.025849|0.010439|0.008004|0.004896|0.003754|0.001175|0.003641|0.000551|0.001708|0.097551|0.074798|0.045751|0.035077|0.010979|0.034022|0.005149|0.015960,0.020110|0.015429|0.007941|0.006092|0.002263|0.007004|0.000894|0.002766|0.187924|0.144179|0.074209|0.056931|0.021149|0.065453|0.008352|0.025849|0.010439|0.008004|0.004896|0.003754|0.001175|0.003641|0.000551|0.001708|0.097551|0.074798|0.045751|0.035077|0.010979|0.034022|0.005149|0.015960,-2.3480448040131916e-18
7500,VECTOR44|VALUE3|SNode_117|TRY25|NEED67,220,122,0.006990671157836914,0.006021022796630859,1.1610437950423695,0.008383|0.008360|0.076795|0.076590|0.004128|0.004117|0.037833|0.037732|0.008365|0.008342|0.076631|0.076427|0.004119|0.004108|0.037752|0.037652|0.008140|0.008119|0.074574|0.074375|0.004008|0.003998|0.036740|0.036642|0.008123|0.008101|0.074415|0.074217|0.004000|0.003989|0.036662|0.036564,0.008383|0.008360|0.076795|0.076590|0.004128|0.004117|0.037833|0.037732|0.008365|0.008342|0.076631|0.076427|0.004119|0.004108|0.037752|0.037652|0.008140|0.008119|0.074574|0.074375|0.004008|0.003998|0.036740|0.036642|0.008123|0.008101|0.074415|0.074217|0.004000|0.003989|0.036662|0.036564,1.114210609650639e-16
7500,GOAL_103|TRY24|SNode_29|SNode_59|RESOLVE37,220,108,0.00632929801940918,0.005217790603637695,1.2130226182316655,0.015997|0.015852|0.007432|0.007365|0.008567|0.008489|0.004016|0.003980|0.154234|0.152842|0.071646|0.070999|0.082588|0.081842|0.038713|0.038364|0.004411|0.004371|0.002049|0.002031|0.002362|0.002341|0.001107|0.001097|0.048474|0.048036|0.022527|0.022324|0.025966|0.025732|0.012178|0.012068,0.015997|0.015852|0.007432|0.007365|0.008567|0.008489|0.004016|0.003980|0.154234|0.152842|0.071646|0.070999|0.082588|0.081842|0.038713|0.038364|0.004411|0.004371|0.002049|0.002031|0.002362|0.002341|0.001107|0.001097|0.048474|0.048036|0.022527|0.022324|0.025966|0.025732|0.012178|0.012068,-9.80504410747377e-18
7500,WRITE31|RApp2|DISPLACEM0|VECTOR70|SNode_118,220,125,0.007448434829711914,0.006310701370239258,1.1802863727379198,0.000431|0.000122|0.003654|0.001337|0.000426|0.000121|0.003619|0.001325|0.019140|0.005440|0.162430|0.059450|0.018958|0.005388|0.160878|0.058882|0.000428|0.000122|0.003631|0.001329|0.000424|0.000120|0.003596|0.001316|0.019018|0.005405|0.161393|0.059071|0.018837|0.005354|0.159851|0.058506,0.000431|0.000122|0.003654|0.001337|0.000426|0.000121|0.003619|0.001325|0.019140|0.005440|0.162430|0.059450|0.018958|0.005388|0.160878|0.058882|0.000428|0.000122|0.003631|0.001329|0.000424|0.000120|0.003596|0.001316|0.019018|0.005405|0.161393|0.059071|0.018837|0.005354|0.159851|0.058506,-1.5646731970627712e-17
7500,SNode_33|SNode_112|SNode_75|SNode_55|IDENTIFY22,220,121,0.007096052169799805,0.006165742874145508,1.1508835698542206,0.020293|0.020831|0.005972|0.006130|0.003395|0.003485|0.001249|0.001282|0.013584|0.013944|0.003955|0.004060|0.002500|0.002567|0.000948|0.000973|0.170957|0.175484|0.052253|0.053637|0.028595|0.029352|0.010927|0.011216|0.114713|0.117750|0.034691|0.035609|0.021118|0.021678|0.008316|0.008537,0.020293|0.020831|0.005972|0.006130|0.003395|0.003485|0.001249|0.001282|0.013584|0.013944|0.003955|0.004060|0.002500|0.002567|0.000948|0.000973|0.170957|0.175484|0.052253|0.053637|0.028595|0.029352|0.010927|0.011216|0.114713|0.117750|0.034691|0.035609|0.021118|0.021678|0.008316|0.008537,-1.828641409499447e-17
7500,GOAL_107|SNode_152|SNode_20|GOAL_150|IDENTIFY55,220,160,0.010832786560058594,0.009912252426147461,1.0928683102826218,0.081018|0.081539|0.019056|0.019179|0.105156|0.105827|0.037381|0.037625|0.044522|0.044808|0.010472|0.010539|0.057784|0.058153|0.020532|0.020666|0.019279|0.019403|0.004535|0.004564|0.025018|0.025177|0.008899|0.008957|0.021610|0.021749|0.005082|0.005115|0.028049|0.028227|0.010006|0.010072,0.081018|0.081539|0.019056|0.019179|0.105156|0.105827|0.037381|0.037625|0.044522|0.044808|0.010472|0.010539|0.057784|0.058153|0.020532|0.020666|0.019279|0.019403|0.004535|0.004564|0.025018|0.025177|0.008899|0.008957|0.021610|0.021749|0.005082|0.005115|0.028049|0.028227|0.010006|0.010072,-6.665171158179378e-17
7500,WRITE64|WRITE30|RApp4|SNode_94|GOAL_108,220,114,0.006483554840087891,0.005597352981567383,1.1583251693146484,0.068134|0.017814|0.028584|0.007486|0.067179|0.017564|0.028184|0.007381|0.070571|0.018451|0.029612|0.007755|0.069582|0.018193|0.029197|0.007647|0.053280|0.034990|0.021999|0.015046|0.052534|0.034500|0.021691|0.014835|0.055186|0.036242|0.022790|0.015588|0.054413|0.035734|0.022470|0.015369,0.068134|0.017814|0.028584|0.007486|0.067179|0.017564|0.028184|0.007381|0.070571|0.018451|0.029612|0.007755|0.069582|0.018193|0.029197|0.007647|0.053280|0.034990|0.021999|0.015046|0.052534|0.034500|0.021691|0.014835|0.055186|0.036242|0.022790|0.015588|0.054413|0.035734|0.022470|0.015369,-8.42848971225031e-17
7500,NEED1|SLIDING4|RESOLVE37|SNode_75|GOAL_121,220,117,0.006608486175537109,0.0055963993072509766,1.1808460784731394,0.014632|0.007008|0.002707|0.001297|0.014500|0.006945|0.002682|0.001286|0.129299|0.062057|0.023916|0.011490|0.128132|0.061497|0.023700|0.011386|0.014484|0.006938|0.002679|0.001284|0.014354|0.006875|0.002655|0.001273|0.127995|0.061431|0.023675|0.011374|0.126840|0.060877|0.023461|0.011271,0.014632|0.007008|0.002707|0.001297|0.014500|0.006945|0.002682|0.001286|0.129299|0.062057|0.023916|0.011490|0.128132|0.061497|0.023700|0.011386|0.014484|0.006938|0.002679|0.001284|0.014354|0.006875|0.002655|0.001273|0.127995|0.061431|0.023675|0.011374|0.126840|0.060877|0.023461|0.011271,4.699492758972664e-17
7500,SNode_122|TRY76|SNode_51|SNode_116|SNode_24,220,135,0.008083105087280273,0.007178306579589844,1.126046233559187,0.153593|0.067708|0.018408|0.008118|0.053251|0.023475|0.006383|0.002815|0.159096|0.070134|0.019067|0.008409|0.055159|0.024316|0.006612|0.002916|0.072089|0.031778|0.009053|0.003993|0.024994|0.011018|0.003140|0.001385|0.074672|0.032917|0.009377|0.004136|0.025890|0.011413|0.003252|0.001434,0.153593|0.067708|0.018408|0.008118|0.053251|0.023475|0.006383|0.002815|0.159096|0.070134|0.019067|0.008409|0.055159|0.024316|0.006612|0.002916|0.072089|0.031778|0.009053|0.003993|0.024994|0.011018|0.003140|0.001385|0.074672|0.032917|0.009377|0.004136|0.025890|0.011413|0.003252|0.001434,-3.258749398645452e-17
7500,SNode_67|RApp3|VECTOR27|GOAL_146|GOAL_98,220,136,0.008704185485839844,0.007635831832885742,1.1399131982389858,0.176650|0.060178|0.045353|0.015471|0.172719|0.063345|0.044348|0.016288|0.037513|0.012780|0.009631|0.003285|0.036678|0.013452|0.009418|0.003459|0.068304|0.023297|0.017571|0.006003|0.066781|0.024524|0.017182|0.006321|0.014686|0.005010|0.003778|0.001291|0.014358|0.005274|0.003694|0.001359,0.176650|0.060178|0.045353|0.015471|0.172719|0.063345|0.044348|0.016288|0.037513|0.012780|0.009631|0.003285|0.036678|0.013452|0.009418|0.003459|0.068304|0.023297|0.017571|0.006003|0.066781|0.024524|0.017182|0.006321|0.014686|0.005010|0.003778|0.001291|0.014358|0.005274|0.003694|0.001359,-8.066020403286728e-17
7500,GOAL_61|SNode_128|CHOOSE47|SNode_154|WEIGHT56,220,124,0.007378339767456055,0.006196498870849609,1.1907272027702962,0.047807|0.106943|0.020266|0.045350|0.048915|0.109404|0.020736|0.046396|0.029409|0.065934|0.016878|0.037909|0.030092|0.067474|0.017270|0.038805|0.015956|0.035691|0.006766|0.015139|0.016326|0.036512|0.006923|0.015488|0.009832|0.022044|0.005650|0.012693|0.010060|0.022559|0.005781|0.012993,0.047807|0.106943|0.020266|0.045350|0.048915|0.109404|0.020736|0.046396|0.029409|0.065934|0.016878|0.037909|0.030092|0.067474|0.017270|0.038805|0.015956|0.035691|0.006766|0.015139|0.016326|0.036512|0.006923|0.015488|0.009832|0.022044|0.005650|0.012693|0.010060|0.022559|0.005781|0.012993,2.1094335799828418e-16
7500,RApp11|APPLY77|GOAL_84|FORCE60|GIVEN21,220,136,0.008268117904663086,0.007462501525878906,1.1079552715654952,0.005286|0.049388|0.022094|0.206418|0.003191|0.029808|0.013336|0.124577|0.005147|0.048088|0.021512|0.200986|0.003107|0.029023|0.012985|0.121299|0.000586|0.005486|0.002449|0.022932|0.000393|0.003683|0.001643|0.015397|0.000571|0.005342|0.002385|0.022329|0.000383|0.003586|0.001600|0.014992,0.005286|0.049388|0.022094|0.206418|0.003191|0.029808|0.013336|0.124577|0.005147|0.048088|0.021512|0.200986|0.003107|0.029023|0.012985|0.121299|0.000586|0.005486|0.002449|0.022932|0.000393|0.003683|0.001643|0.015397|0.000571|0.005342|0.002385|0.022329|0.000383|0.003586|0.001600|0.014992,-4.87976461244803e-17
7500,GOAL_129|SNode_71|SNode_132|RApp6|SNode_74,220,127,0.007885932922363281,0.00677180290222168,1.164524874133014,0.405493|0.042810|0.057247|0.006047|0.045881|0.004847|0.006552|0.000693|0.077993|0.008672|0.011932|0.001391|0.008913|0.000993|0.001383|0.000162|0.188113|0.019859|0.026571|0.002807|0.023250|0.002459|0.003374|0.000357|0.036114|0.004014|0.005525|0.000644|0.004582|0.000512|0.000725|0.000085,0.405493|0.042810|0.057247|0.006047|0.045881|0.004847|0.006552|0.000693|0.077993|0.008672|0.011932|0.001391|0.008913|0.000993|0.001383|0.000162|0.188113|0.019859|0.026571|0.002807|0.023250|0.002459|0.003374|0.000357|0.036114|0.004014|0.005525|0.000644|0.004582|0.000512|0.000725|0.000085,1.1365351065207614e-16
7500,GOAL_114|SNode_4|SNode_64|GOAL_49|GOAL_79,220,118,0.00676274299621582,0.005762338638305664,1.1736108237825313,0.004167|0.001053|0.002809|0.000710|0.001674|0.000423|0.001144|0.000289|0.223420|0.057120|0.150625|0.038517|0.089584|0.023121|0.061199|0.015817|0.002036|0.000515|0.001373|0.000347|0.000818|0.000207|0.000559|0.000142|0.109177|0.027947|0.073618|0.018847|0.043777|0.011312|0.029912|0.007740,0.004167|0.001053|0.002809|0.000710|0.001674|0.000423|0.001144|0.000289|0.223420|0.057120|0.150625|0.038517|0.089584|0.023121|0.061199|0.015817|0.002036|0.000515|0.001373|0.000347|0.000818|0.000207|0.000559|0.000142|0.109177|0.027947|0.073618|0.018847|0.043777|0.011312|0.029912|0.007740,1.42460557118139e-16
7500,GOAL_80|GOAL_143|GOAL_110|VECTOR27|WEIGHT57,220,131,0.008205175399780273,0.007144927978515625,1.148391617725574,0.061323|0.140906|0.061101|0.140391|0.029037|0.066596|0.028969|0.066433|0.015803|0.036453|0.015746|0.036326|0.007516|0.017460|0.007499|0.017430|0.020494|0.047056|0.020424|0.046892|0.009731|0.022271|0.009705|0.022208|0.005325|0.012319|0.005307|0.012279|0.002546|0.005963|0.002540|0.005950,0.061323|0.140906|0.061101|0.140391|0.029037|0.066596|0.028969|0.066433|0.015803|0.036453|0.015746|0.036326|0.007516|0.017460|0.007499|0.017430|0.020494|0.047056|0.020424|0.046892|0.009731|0.022271|0.009705|0.022208|0.005325|0.012319|0.005307|0.012279|0.002546|0.005963|0.002540|0.005950,2.5310691257954597e-17
7500,GOAL_79|KNOWN6|SNode_34|IDENTIFY41|GRAV2,220,78,0.003586292266845703,0.0035088062286376953,1.0220833050214038,0.040854|0.041029|0.039671|0.039840|0.059183|0.059436|0.057467|0.057713|0.041425|0.041602|0.040224|0.040396|0.060008|0.060264|0.058266|0.058515|0.010469|0.010514|0.010169|0.010213|0.015179|0.015244|0.014745|0.014808|0.010616|0.010661|0.010311|0.010356|0.015393|0.015458|0.014954|0.015018,0.040854|0.041029|0.039671|0.039840|0.059183|0.059436|0.057467|0.057713|0.041425|0.041602|0.040224|0.040396|0.060008|0.060264|0.058266|0.058515|0.010469|0.010514|0.010169|0.010213|0.015179|0.015244|0.014745|0.014808|0.010616|0.010661|0.010311|0.010356|0.015393|0.015458|0.014954|0.015018,-1.071179808839528e-16
7500,NORMAL52|GRAV78|GOAL_66|RApp9|NEED67,220,118,0.0066568851470947266,0.005871772766113281,1.1337095988305994,0.125610|0.087119|0.000000|0.038157|0.038156|0.026462|0.000000|0.011593|0.125946|0.087352|0.000000|0.038258|0.038258|0.026532|0.000000|0.011624|0.066142|0.045874|0.000000|0.020092|0.020092|0.013934|0.000000|0.006104|0.066318|0.045996|0.000000|0.020145|0.020145|0.013971|0.000000|0.006121,0.125610|0.087119|0.000000|0.038157|0.038156|0.026462|0.000000|0.011593|0.125946|0.087352|0.000000|0.038258|0.038258|0.026532|0.000000|0.011624|0.066142|0.045874|0.000000|0.020092|0.020092|0.013934|0.000000|0.006104|0.066318|0.045996|0.000000|0.020145|0.020145|0.013971|0.000000|0.006121,-3.352029632814993e-17
7500,GRAV2|SNode_116|SNode_118|GOAL72|SUM75,220,136,0.008026838302612305,0.0070307254791259766,1.1416799484553561,0.079911|0.081722|0.082203|0.084065|0.028489|0.029135|0.029306|0.029970|0.009668|0.009887|0.009945|0.010170|0.003525|0.003605|0.003626|0.003708|0.080253|0.082071|0.082554|0.084424|0.028611|0.029259|0.029431|0.030098|0.009709|0.009929|0.009987|0.010214|0.003540|0.003620|0.003641|0.003724,0.079911|0.081722|0.082203|0.084065|0.028489|0.029135|0.029306|0.029970|0.009668|0.009887|0.009945|0.010170|0.003525|0.003605|0.003626|0.003708|0.080253|0.082071|0.082554|0.084424|0.028611|0.029259|0.029431|0.030098|0.009709|0.009929|0.009987|0.010214|0.003540|0.003620|0.003641|0.003724,-3.9164286870588834e-17
7500,IDENTIFY10|INCLINE51|GOAL_72|SNode_37|RApp9,220,121,0.006827354431152344,0.00599360466003418,1.1391065674847847,0.150977|0.027059|0.066144|0.011881|0.043197|0.007747|0.019029|0.003421|0.079499|0.014248|0.034829|0.006256|0.022746|0.004079|0.010020|0.001801|0.148721|0.026654|0.065155|0.011704|0.043187|0.007746|0.019026|0.003420|0.078311|0.014035|0.034308|0.006163|0.022740|0.004079|0.010018|0.001801,0.150977|0.027059|0.066144|0.011881|0.043197|0.007747|0.019029|0.003421|0.079499|0.014248|0.034829|0.006256|0.022746|0.004079|0.010020|0.001801|0.148721|0.026654|0.065155|0.011704|0.043187|0.007746|0.019026|0.003420|0.078311|0.014035|0.034308|0.006163|0.022740|0.004079|0.010018|0.001801,-9.375860072216688e-17
7500,MAXIMIZE34|SNode_119|KINEMATI17|TRY25|RESOLVE38,220,131,0.0076100826263427734,0.006772041320800781,1.123750176031545,0.011091|0.010979|0.101568|0.100544|0.011050|0.010938|0.101190|0.100170|0.001479|0.001464|0.013609|0.013472|0.001474|0.001459|0.013558|0.013421|0.010764|0.010655|0.098572|0.097578|0.010724|0.010616|0.098205|0.097214|0.001437|0.001422|0.013216|0.013083|0.001431|0.001417|0.013167|0.013034,0.011091|0.010979|0.101568|0.100544|0.011050|0.010938|0.101190|0.100170|0.001479|0.001464|0.013609|0.013472|0.001474|0.001459|0.013558|0.013421|0.010764|0.010655|0.098572|0.097578|0.010724|0.010616|0.098205|0.097214|0.001437|0.001422|0.013216|0.013083|0.001431|0.001417|0.013167|0.013034,1.461459899975025e-16
7500,SNode_128|APPLY32|SNode_91|GOAL_143|GOAL_114,220,142,0.009149789810180664,0.009223222732543945,0.9920382577226315,0.125442|0.058820|0.032375|0.015462|0.037767|0.017706|0.009748|0.004666|0.121556|0.056998|0.031372|0.014983|0.036597|0.017158|0.009446|0.004522|0.082929|0.042526|0.021405|0.011318|0.025000|0.012821|0.006454|0.003427|0.080360|0.041208|0.020742|0.010968|0.024225|0.012424|0.006254|0.003320,0.125442|0.058820|0.032375|0.015462|0.037767|0.017706|0.009748|0.004666|0.121556|0.056998|0.031372|0.014983|0.036597|0.017158|0.009446|0.004522|0.082929|0.042526|0.021405|0.011318|0.025000|0.012821|0.006454|0.003427|0.080360|0.041208|0.020742|0.010968|0.024225|0.012424|0.006254|0.003320,9.667941040701576e-17
7500,GOAL_130|GRAV2|SNode_70|GOAL_149|SNode_3,220,153,0.01087331771850586,0.009569406509399414,1.1362583152701995,0.002723|0.128175|0.002143|0.100878|0.001135|0.053416|0.000894|0.042064|0.002734|0.128723|0.002152|0.101309|0.001140|0.053645|0.000897|0.042244|0.001374|0.064707|0.001085|0.051058|0.000573|0.026958|0.000452|0.021299|0.001380|0.064984|0.001089|0.051276|0.000575|0.027073|0.000454|0.021391,0.002723|0.128175|0.002143|0.100878|0.001135|0.053416|0.000894|0.042064|0.002734|0.128723|0.002152|0.101309|0.001140|0.053645|0.000897|0.042244|0.001374|0.064707|0.001085|0.051058|0.000573|0.026958|0.000452|0.021299|0.001380|0.064984|0.001089|0.051276|0.000575|0.027073|0.000454|0.021391,-1.2153543984351102e-18
7500,CHOOSE62|SNode_124|GOAL_103|SNode_60|SNode_38,220,131,0.007813215255737305,0.006869792938232422,1.1373290761435413,0.129811|0.074681|0.087509|0.050346|0.039967|0.023355|0.026944|0.015732|0.016268|0.011227|0.010967|0.007571|0.005068|0.003691|0.003423|0.002507|0.125187|0.072020|0.084391|0.048552|0.038522|0.022456|0.025959|0.015088|0.015688|0.010827|0.010577|0.007302|0.004908|0.003627|0.003327|0.002502,0.129811|0.074681|0.087509|0.050346|0.039967|0.023355|0.026944|0.015732|0.016268|0.011227|0.010967|0.007571|0.005068|0.003691|0.003423|0.002507|0.125187|0.072020|0.084391|0.048552|0.038522|0.022456|0.025959|0.015088|0.015688|0.010827|0.010577|0.007302|0.004908|0.003627|0.003327|0.002502,2.0377708600500188e-16
7500,GRAV78|CHOOSE62|NORMAL50|SNode_95|SNode_135,220,130,0.00776362419128418,0.006855487823486328,1.1324685261181053,0.072398|0.008806|0.041810|0.005099|0.071077|0.008839|0.040922|0.005243|0.069819|0.008493|0.040320|0.004918|0.068544|0.008525|0.039463|0.005057|0.072592|0.008830|0.041922|0.005113|0.071266|0.008863|0.041031|0.005257|0.070005|0.008516|0.040428|0.004931|0.068727|0.008548|0.039569|0.005070,0.072398|0.008806|0.041810|0.005099|0.071077|0.008839|0.040922|0.005243|0.069819|0.008493|0.040320|0.004918|0.068544|0.008525|0.039463|0.005057|0.072592|0.008830|0.041922|0.005113|0.071266|0.008863|0.041031|0.005257|0.070005|0.008516|0.040428|0.004931|0.068727|0.008548|0.039569|0.005070,-1.7244737966268894e-16
7500,GOAL_146|FORCE60|GOAL_66|SNode_34|GOAL_127,220,134,0.008217096328735352,0.007249355316162109,1.133493389462606,0.033984|0.014233|0.049051|0.020543|0.010223|0.004282|0.014999|0.006282|0.141937|0.059581|0.204863|0.086000|0.042698|0.017925|0.062645|0.026301|0.008668|0.003721|0.012512|0.005372|0.002608|0.001120|0.003826|0.001643|0.036207|0.015581|0.052262|0.022493|0.010892|0.004688|0.015981|0.006879,0.033984|0.014233|0.049051|0.020543|0.010223|0.004282|0.014999|0.006282|0.141937|0.059581|0.204863|0.086000|0.042698|0.017925|0.062645|0.026301|0.008668|0.003721|0.012512|0.005372|0.002608|0.001120|0.003826|0.001643|0.036207|0.015581|0.052262|0.022493|0.010892|0.004688|0.015981|0.006879,-3.391461858817836e-17
7500,SNode_102|GOAL_50|SNode_155|CHOOSE47|WRITE63,220,124,0.007466793060302734,0.006512641906738281,1.1465075413676966,0.116606|0.114244|0.118447|0.116041|0.015688|0.015603|0.016016|0.015936|0.063710|0.062419|0.064699|0.063384|0.008574|0.008528|0.008753|0.008710|0.025525|0.024971|0.026886|0.026296|0.003456|0.003474|0.003667|0.003692|0.013987|0.013682|0.014746|0.014421|0.001895|0.001906|0.002013|0.002028,0.116606|0.114244|0.118447|0.116041|0.015688|0.015603|0.016016|0.015936|0.063710|0.062419|0.064699|0.063384|0.008574|0.008528|0.008753|0.008710|0.025525|0.024971|0.026886|0.026296|0.003456|0.003474|0.003667|0.003692|0.013987|0.013682|0.014746|0.014421|0.001895|0.001906|0.002013|0.002028,-1.178368987709156e-16
10000,EQUAL71|NORMAL50|IDENTIFY59|IDENTIFY22|SNode_55,220,25,0.0010483264923095703,0.0009205341339111328,1.138824138824139,0.036062|0.011847|0.036893|0.012121|0.036761|0.012077|0.037609|0.012356|0.036163|0.011881|0.036997|0.012155|0.036864|0.012111|0.037714|0.012390|0.055933|0.018376|0.057223|0.018799|0.057017|0.018732|0.058332|0.019164|0.056089|0.018427|0.057383|0.018852|0.057177|0.018784|0.058495|0.019218,0.036062|0.011847|0.036893|0.012121|0.036761|0.012077|0.037609|0.012356|0.036163|0.011881|0.036997|0.012155|0.036864|0.012111|0.037714|0.012390|0.055933|0.018376|0.057223|0.018799|0.057017|0.018732|0.058332|0.019164|0.056089|0.018427|0.057383|0.018852|0.057177|0.018784|0.058495|0.019218,5.012076510770171e-17
10000,SNode_51|CHOOSE35|GIVEN21|APPLY61|GOAL65,220,16,0.0007376670837402344,0.0006227493286132812,1.1845329249617151,0.009328|0.009306|0.009195|0.009173|0.084994|0.084790|0.083779|0.083578|0.009214|0.009191|0.009082|0.009060|0.083947|0.083745|0.082746|0.082548|0.003215|0.003208|0.003169|0.003162|0.029295|0.029225|0.028876|0.028807|0.003176|0.003168|0.003130|0.003123|0.028934|0.028864|0.028520|0.028452,0.009328|0.009306|0.009195|0.009173|0.084994|0.084790|0.083779|0.083578|0.009214|0.009191|0.009082|0.009060|0.083947|0.083745|0.082746|0.082548|0.003215|0.003208|0.003169|0.003162|0.029295|0.029225|0.028876|0.028807|0.003176|0.003168|0.003130|0.003123|0.028934|0.028864|0.028520|0.028452,1.047087876313656e-16
10000,CHOOSE47|GOAL_79|WRITE30|RApp10|SNode_125,220,125,0.007453441619873047,0.006440639495849609,1.157251795365366,0.139227|0.031204|0.022541|0.007484|0.137401|0.030794|0.022235|0.007382|0.035224|0.007915|0.005777|0.001927|0.034831|0.007827|0.005723|0.001909|0.139552|0.031284|0.022595|0.007506|0.137722|0.030873|0.022288|0.007404|0.035305|0.007936|0.005791|0.001934|0.034911|0.007848|0.005737|0.001916,0.139227|0.031204|0.022541|0.007484|0.137401|0.030794|0.022235|0.007382|0.035224|0.007915|0.005777|0.001927|0.034831|0.007827|0.005723|0.001909|0.139552|0.031284|0.022595|0.007506|0.137722|0.030873|0.022288|0.007404|0.035305|0.007936|0.005791|0.001934|0.034911|0.007848|0.005737|0.001916,-3.493253628889096e-17
10000,SNode_131|GRAV78|SNode_125|GOAL_62|SNode_7,220,129,0.0074198246002197266,0.006435394287109375,1.1529712507409602,0.003551|0.187587|0.001445|0.078916|0.000822|0.043412|0.000334|0.018276|0.003492|0.184462|0.001420|0.077601|0.000808|0.042688|0.000329|0.017971|0.001770|0.093494|0.000720|0.039334|0.000452|0.023857|0.000184|0.010046|0.001740|0.091937|0.000708|0.038679|0.000444|0.023460|0.000181|0.009879,0.003551|0.187587|0.001445|0.078916|0.000822|0.043412|0.000334|0.018276|0.003492|0.184462|0.001420|0.077601|0.000808|0.042688|0.000329|0.017971|0.001770|0.093494|0.000720|0.039334|0.000452|0.023857|0.000184|0.010046|0.001740|0.091937|0.000708|0.038679|0.000444|0.023460|0.000181|0.009879,-3.397475820396896e-17
10000,SNode_136|WRITE64|SNode_34|VAR20|HORIZ53,220,132,0.007863759994506836,0.0068454742431640625,1.1487531345778768,0.029304|0.026598|0.068572|0.062241|0.041166|0.037365|0.096329|0.087435|0.028781|0.026123|0.067347|0.061129|0.040430|0.036697|0.094607|0.085872|0.003471|0.003151|0.008123|0.007373|0.004877|0.004426|0.011411|0.010358|0.003708|0.003365|0.008676|0.007875|0.005209|0.004728|0.012189|0.011063,0.029304|0.026598|0.068572|0.062241|0.041166|0.037365|0.096329|0.087435|0.028781|0.026123|0.067347|0.061129|0.040430|0.036697|0.094607|0.085872|0.003471|0.003151|0.008123|0.007373|0.004877|0.004426|0.011411|0.010358|0.003708|0.003365|0.008676|0.007875|0.005209|0.004728|0.012189|0.011063,3.6635180640885193e-16
10000,SYSTEM46|SNode_26|SNode_54|GRAV2|GOAL_56,220,25,0.0011153221130371094,0.000982522964477539,1.1351613685998545,0.054877|0.017905|0.055031|0.017955|0.022572|0.008789|0.022635|0.008813|0.077358|0.025239|0.077575|0.025310|0.031819|0.012389|0.031908|0.012424|0.054310|0.017719|0.054462|0.017769|0.022338|0.008698|0.022401|0.008722|0.076558|0.024978|0.076773|0.025048|0.031490|0.012261|0.031578|0.012295,0.054877|0.017905|0.055031|0.017955|0.022572|0.008789|0.022635|0.008813|0.077358|0.025239|0.077575|0.025310|0.031819|0.012389|0.031908|0.012424|0.054310|0.017719|0.054462|0.017769|0.022338|0.008698|0.022401|0.008722|0.076558|0.024978|0.076773|0.025048|0.031490|0.012261|0.031578|0.012295,1.2670309709593965e-16
10000,GOAL_81|SNode_24|GOAL_114|SNode_27|RApp11,220,141,0.008796215057373047,0.007803916931152344,1.1271538555541978,0.088575|0.008931|0.179529|0.018101|0.043607|0.004476|0.088385|0.009072|0.037784|0.003810|0.076583|0.007721|0.018602|0.001910|0.037703|0.003870|0.050486|0.007052|0.102343|0.014296|0.024895|0.003556|0.050466|0.007209|0.021536|0.003008|0.043657|0.006098|0.010620|0.001517|0.021528|0.003075,0.088575|0.008931|0.179529|0.018101|0.043607|0.004476|0.088385|0.009072|0.037784|0.003810|0.076583|0.007721|0.018602|0.001910|0.037703|0.003870|0.050486|0.007052|0.102343|0.014296|0.024895|0.003556|0.050466|0.007209|0.021536|0.003008|0.043657|0.006098|0.010620|0.001517|0.021528|0.003075,7.181260324708304e-17
10000,SNode_59|IDENTIFY39|IDENTIFY55|SNode_42|VECTOR27,220,34,0.0013401508331298828,0.0012021064758300781,1.1148353827846094,0.048510|0.049708|0.036244|0.037139|0.049332|0.050550|0.036858|0.037768|0.047189|0.048355|0.035257|0.036128|0.047989|0.049174|0.035855|0.036740|0.022536|0.023093|0.016838|0.017254|0.022918|0.023484|0.017123|0.017546|0.021923|0.022464|0.016379|0.016784|0.022294|0.022845|0.016657|0.017068,0.048510|0.049708|0.036244|0.037139|0.049332|0.050550|0.036858|0.037768|0.047189|0.048355|0.035257|0.036128|0.047989|0.049174|0.035855|0.036740|0.022536|0.023093|0.016838|0.017254|0.022918|0.023484|0.017123|0.017546|0.021923|0.022464|0.016379|0.016784|0.022294|0.022845|0.016657|0.017068,2.3990742820994805e-16
10000,GOAL_126|SNode_13|SNode_41|HORIZ53|GOAL_108,220,118,0.006940126419067383,0.005776166915893555,1.2015107111899945,0.002481|0.000535|0.002252|0.000486|0.003433|0.000741|0.003116|0.000672|0.119751|0.025842|0.108694|0.023456|0.165689|0.035756|0.150390|0.032454|0.000633|0.000815|0.000574|0.000740|0.000875|0.001128|0.000794|0.001023|0.030532|0.039329|0.027713|0.035698|0.042244|0.054416|0.038343|0.049392,0.002481|0.000535|0.002252|0.000486|0.003433|0.000741|0.003116|0.000672|0.119751|0.025842|0.108694|0.023456|0.165689|0.035756|0.150390|0.032454|0.000633|0.000815|0.000574|0.000740|0.000875|0.001128|0.000794|0.001023|0.030532|0.039329|0.027713|0.035698|0.042244|0.054416|0.038343|0.049392,-5.618763512660802e-17
10000,VECTOR44|GOAL_72|SNode_115|SNode_52|NEWTONS74,220,120,0.006951093673706055,0.005982160568237305,1.1619704276433782,0.089411|0.086977|0.038107|0.037070|0.043151|0.041976|0.018391|0.017891|0.026606|0.025882|0.011729|0.011410|0.012841|0.012491|0.005661|0.005507|0.094903|0.092320|0.040448|0.039347|0.045802|0.044555|0.019521|0.018990|0.028239|0.027471|0.012449|0.012110|0.013631|0.013259|0.006009|0.005845,0.089411|0.086977|0.038107|0.037070|0.043151|0.041976|0.018391|0.017891|0.026606|0.025882|0.011729|0.011410|0.012841|0.012491|0.005661|0.005507|0.094903|0.092320|0.040448|0.039347|0.045802|0.044555|0.019521|0.018990|0.028239|0.027471|0.012449|0.012110|0.013631|0.013259|0.006009|0.005845,2.8667048104893193e-17
10000,SNode_47|SNode_128|SNode_65|SNode_54|KINEMATI17,220,124,0.007512092590332031,0.006519317626953125,1.1522820362785255,0.075164|0.071877|0.030846|0.032209|0.009915|0.009521|0.004227|0.004450|0.052444|0.050144|0.021496|0.022440|0.007292|0.007007|0.003130|0.003300|0.110179|0.105352|0.045178|0.047166|0.014576|0.014005|0.006252|0.006588|0.076868|0.073488|0.031473|0.032848|0.010725|0.010313|0.004637|0.004894,0.075164|0.071877|0.030846|0.032209|0.009915|0.009521|0.004227|0.004450|0.052444|0.050144|0.021496|0.022440|0.007292|0.007007|0.003130|0.003300|0.110179|0.105352|0.045178|0.047166|0.014576|0.014005|0.006252|0.006588|0.076868|0.073488|0.031473|0.032848|0.010725|0.010313|0.004637|0.004894,4.481344463742277e-17
10000,WRITE30|SNode_125|SYSTEM18|IDENTIFY39|SNode_60,220,122,0.007070779800415039,0.0064373016357421875,1.0984074074074075,0.061094|0.041110|0.059430|0.039991|0.061603|0.042001|0.059925|0.040857|0.014570|0.009895|0.014174|0.009625|0.014690|0.010110|0.014290|0.009835|0.060316|0.040587|0.058674|0.039482|0.060819|0.041466|0.059163|0.040337|0.014385|0.009769|0.013993|0.009503|0.014503|0.009982|0.014108|0.009710,0.061094|0.041110|0.059430|0.039991|0.061603|0.042001|0.059925|0.040857|0.014570|0.009895|0.014174|0.009625|0.014690|0.010110|0.014290|0.009835|0.060316|0.040587|0.058674|0.039482|0.060819|0.041466|0.059163|0.040337|0.014385|0.009769|0.013993|0.009503|0.014503|0.009982|0.014108|0.009710,3.114553834366174e-17
10000,SNode_21|CHOOSE47|RApp4|SNode_25|NULL48,220,13,0.0005731582641601562,0.0007140636444091797,0.8026711185308848,0.007320|0.007492|0.061850|0.063302|0.007201|0.007370|0.060844|0.062272|0.007337|0.007510|0.061999|0.063454|0.007218|0.007387|0.060990|0.062422|0.005846|0.005983|0.049397|0.050557|0.005751|0.005886|0.048594|0.049734|0.005860|0.005998|0.049516|0.050678|0.005765|0.005900|0.048711|0.049854,0.007320|0.007492|0.061850|0.063302|0.007201|0.007370|0.060844|0.062272|0.007337|0.007510|0.061999|0.063454|0.007218|0.007387|0.060990|0.062422|0.005846|0.005983|0.049397|0.050557|0.005751|0.005886|0.048594|0.049734|0.005860|0.005998|0.049516|0.050678|0.005765|0.005900|0.048711|0.049854,0.0
10000,GOAL_61|WRITE64|GRAV2|SNode_47|IDENTIFY9,220,31,0.0015325546264648438,0.0011639595031738281,1.3166734944694798,0.037841|0.038145|0.055488|0.055934|0.037947|0.038252|0.055643|0.056090|0.037510|0.037811|0.055002|0.055443|0.037615|0.037917|0.055156|0.055599|0.012790|0.012892|0.018754|0.018905|0.012826|0.012929|0.018807|0.018958|0.012678|0.012780|0.018590|0.018739|0.012713|0.012815|0.018642|0.018792,0.037841|0.038145|0.055488|0.055934|0.037947|0.038252|0.055643|0.056090|0.037510|0.037811|0.055002|0.055443|0.037615|0.037917|0.055156|0.055599|0.012790|0.012892|0.018754|0.018905|0.012826|0.012929|0.018807|0.018958|0.012678|0.012780|0.018590|0.018739|0.012713|0.012815|0.018642|0.018792,-9.886360917612214e-18
10000,WEIGHT56|GIVEN21|IDENTIFY59|RESOLVE38|SYSTEM18,220,5,0.00037097930908203125,0.00021147727966308594,1.754227733934611,0.003618|0.003668|0.003637|0.003687|0.003688|0.003739|0.003707|0.003758|0.032965|0.033416|0.033137|0.033591|0.033604|0.034064|0.033779|0.034242|0.008511|0.008627|0.008555|0.008672|0.008676|0.008795|0.008721|0.008841|0.077545|0.078606|0.077949|0.079016|0.079048|0.080130|0.079460|0.080548,0.003618|0.003668|0.003637|0.003687|0.003688|0.003739|0.003707|0.003758|0.032965|0.033416|0.033137|0.033591|0.033604|0.034064|0.033779|0.034242|0.008511|0.008627|0.008555|0.008672|0.008676|0.008795|0.008721|0.008841|0.077545|0.078606|0.077949|0.079016|0.079048|0.080130|0.079460|0.080548,-1.0968235984747237e-16
10000,SNode_21|SNode_115|WEIGHT57|SNode_73|SNode_59,220,124,0.007197141647338867,0.006133317947387695,1.173449951409135,0.054140|0.025094|0.020836|0.009728|0.130764|0.060609|0.050325|0.023495|0.024055|0.011138|0.012120|0.005678|0.058100|0.026902|0.029274|0.013714|0.043239|0.020041|0.016641|0.007769|0.104436|0.048406|0.040192|0.018764|0.019212|0.008896|0.009680|0.004535|0.046402|0.021485|0.023380|0.010953,0.054140|0.025094|0.020836|0.009728|0.130764|0.060609|0.050325|0.023495|0.024055|0.011138|0.012120|0.005678|0.058100|0.026902|0.029274|0.013714|0.043239|0.020041|0.016641|0.007769|0.104436|0.048406|0.040192|0.018764|0.019212|0.008896|0.009680|0.004535|0.046402|0.021485|0.023380|0.010953,4.626826547472057e-17
10000,SNode_11|SNode_17|SNode_54|TRY76|VELOCITY7,220,21,0.0009329319000244141,0.0008382797241210938,1.1129124004550626,0.000067|0.000067|0.000067|0.000067|0.000028|0.000028|0.000028|0.000028|0.003180|0.003178|0.003187|0.003186|0.001371|0.001370|0.001374|0.001374|0.003530|0.003529|0.003539|0.003537|0.001470|0.001469|0.001473|0.001473|0.167765|0.167698|0.168169|0.168101|0.072339|0.072310|0.072513|0.072484,0.000067|0.000067|0.000067|0.000067|0.000028|0.000028|0.000028|0.000028|0.003180|0.003178|0.003187|0.003186|0.001371|0.001370|0.001374|0.001374|0.003530|0.003529|0.003539|0.003537|0.001470|0.001469|0.001473|0.001473|0.167765|0.167698|0.168169|0.168101|0.072339|0.072310|0.072513|0.072484,1.1684638096032259e-16
10000,RApp7|WRITE30|SNode_65|SNode_54|GOAL_150,220,164,0.011192560195922852,0.010573863983154297,1.0585118376550169,0.202011|0.061865|0.086617|0.026536|0.026803|0.008209|0.011966|0.003666|0.198473|0.060782|0.084913|0.026014|0.027429|0.008401|0.012416|0.003804|0.035665|0.010935|0.015293|0.004691|0.004732|0.001451|0.002113|0.000648|0.035041|0.010744|0.014992|0.004598|0.004843|0.001485|0.002193|0.000673,0.202011|0.061865|0.086617|0.026536|0.026803|0.008209|0.011966|0.003666|0.198473|0.060782|0.084913|0.026014|0.027429|0.008401|0.012416|0.003804|0.035665|0.010935|0.015293|0.004691|0.004732|0.001451|0.002113|0.000648|0.035041|0.010744|0.014992|0.004598|0.004843|0.001485|0.002193|0.000673,1.0228746265930196e-16
10000,SNode_94|SNode_12|GOAL65|SNode_154|RApp7,220,121,0.0075299739837646484,0.006260871887207031,1.2027037319116527,0.003949|0.000555|0.001760|0.000448|0.003940|0.000554|0.001756|0.000447|0.202829|0.028508|0.090395|0.023009|0.202343|0.028440|0.090178|0.022954|0.001670|0.000239|0.000747|0.000193|0.001666|0.000238|0.000745|0.000193|0.085774|0.012271|0.038338|0.009915|0.085568|0.012241|0.038246|0.009892,0.003949|0.000555|0.001760|0.000448|0.003940|0.000554|0.001756|0.000447|0.202829|0.028508|0.090395|0.023009|0.202343|0.028440|0.090178|0.022954|0.001670|0.000239|0.000747|0.000193|0.001666|0.000238|0.000745|0.000193|0.085774|0.012271|0.038338|0.009915|0.085568|0.012241|0.038246|0.009892,8.002033019316536e-17
10000,SNode_11|SNode_60|RApp1|GOAL68|TRY14,220,30,0.0011959075927734375,0.001148223876953125,1.041528239202658,0.001817|0.001071|0.001769|0.001043|0.001715|0.001011|0.001670|0.000984|0.001225|0.000735|0.001193|0.000715|0.001156|0.000693|0.001126|0.000675|0.095877|0.056530|0.093341|0.055035|0.090487|0.053352|0.088094|0.051941|0.064656|0.038766|0.062946|0.037741|0.061021|0.036587|0.059407|0.035619,0.001817|0.001071|0.001769|0.001043|0.001715|0.001011|0.001670|0.000984|0.001225|0.000735|0.001193|0.000715|0.001156|0.000693|0.001126|0.000675|0.095877|0.056530|0.093341|0.055035|0.090487|0.053352|0.088094|0.051941|0.064656|0.038766|0.062946|0.037741|0.061021|0.036587|0.059407|0.035619,0.0
10000,SNode_33|SNode_152|BUGGY54|SNode_47|SNode_93,220,113,0.0068662166595458984,0.005616188049316406,1.2225759891322805,0.008952|0.003421|0.013127|0.005016|0.009686|0.003701|0.014203|0.005427|0.005951|0.002279|0.008726|0.003342|0.006439|0.002466|0.009442|0.003616|0.075562|0.028741|0.110799|0.042143|0.081760|0.031098|0.119888|0.045601|0.050404|0.019434|0.073909|0.028496|0.054539|0.021028|0.079972|0.030834,0.008952|0.003421|0.013127|0.005016|0.009686|0.003701|0.014203|0.005427|0.005951|0.002279|0.008726|0.003342|0.006439|0.002466|0.009442|0.003616|0.075562|0.028741|0.110799|0.042143|0.081760|0.031098|0.119888|0.045601|0.050404|0.019434|0.073909|0.028496|0.054539|0.021028|0.079972|0.030834,1.7442446862015916e-16
10000,SNode_16|SNode_44|SNode_132|GOAL_48|WEIGHT56,220,127,0.007537841796875,0.006623029708862305,1.1381259224594118,0.001319|0.003103|0.001898|0.004466|0.000148|0.000348|0.000213|0.000501|0.000675|0.001587|0.000989|0.002328|0.000076|0.000178|0.000111|0.000261|0.071184|0.166437|0.102448|0.239479|0.007950|0.019713|0.011445|0.028435|0.036407|0.085124|0.053404|0.124836|0.004066|0.010082|0.005966|0.014823,0.001319|0.003103|0.001898|0.004466|0.000148|0.000348|0.000213|0.000501|0.000675|0.001587|0.000989|0.002328|0.000076|0.000178|0.000111|0.000261|0.071184|0.166437|0.102448|0.239479|0.007950|0.019713|0.011445|0.028435|0.036407|0.085124|0.053404|0.124836|0.004066|0.010082|0.005966|0.014823,-8.185730806179577e-17
10000,GIVEN_1|SNode_115|SNode_123|APPLY77|SNode_9,220,130,0.007743358612060547,0.006959438323974609,1.1126413155190134,0.000101|0.004891|0.000100|0.004850|0.000013|0.000650|0.000013|0.000645|0.000048|0.002320|0.000047|0.002301|0.000007|0.000354|0.000007|0.000351|0.005937|0.287982|0.005888|0.285573|0.000789|0.038291|0.000783|0.037971|0.002816|0.136605|0.002793|0.135463|0.000430|0.020863|0.000427|0.020688,0.000101|0.004891|0.000100|0.004850|0.000013|0.000650|0.000013|0.000645|0.000048|0.002320|0.000047|0.002301|0.000007|0.000354|0.000007|0.000351|0.005937|0.287982|0.005888|0.285573|0.000789|0.038291|0.000783|0.037971|0.002816|0.136605|0.002793|0.135463|0.000430|0.020863|0.000427|0.020688,4.945456945286477e-18
10000,NEWTONS74|GOAL65|SNode_55|GOAL_99|IDENTIFY41,220,96,0.004260063171386719,0.004546642303466797,0.9369690613529104,0.071230|0.069819|0.025227|0.024727|0.023397|0.022933|0.008292|0.008128|0.071059|0.069652|0.025166|0.024668|0.023341|0.022878|0.008273|0.008109|0.069291|0.067919|0.024540|0.024054|0.022760|0.022309|0.008067|0.007907|0.069125|0.067756|0.024481|0.023996|0.022705|0.022256|0.008047|0.007888,0.071230|0.069819|0.025227|0.024727|0.023397|0.022933|0.008292|0.008128|0.071059|0.069652|0.025166|0.024668|0.023341|0.022878|0.008273|0.008109|0.069291|0.067919|0.024540|0.024054|0.022760|0.022309|0.008067|0.007907|0.069125|0.067756|0.024481|0.023996|0.022705|0.022256|0.008047|0.007888,1.461503328875389e-16
10000,WRITE31|SNode_20|SNode_24|SLIDING4|APPLY32,220,10,0.0005383491516113281,0.0004131793975830078,1.302942873629544,0.008201|0.008401|0.072760|0.074528|0.001963|0.002011|0.017418|0.017841|0.009366|0.009593|0.083091|0.085110|0.005530|0.005665|0.049065|0.050257|0.008175|0.008374|0.072528|0.074290|0.001957|0.002005|0.017362|0.017784|0.009336|0.009563|0.082826|0.084838|0.005513|0.005647|0.048908|0.050096,0.008201|0.008401|0.072760|0.074528|0.001963|0.002011|0.017418|0.017841|0.009366|0.009593|0.083091|0.085110|0.005530|0.005665|0.049065|0.050257|0.008175|0.008374|0.072528|0.074290|0.001957|0.002005|0.017362|0.017784|0.009336|0.009563|0.082826|0.084838|0.005513|0.005647|0.048908|0.050096,0.0
10000,GOAL_113|DEFINE23|GOAL66|RApp3|WEIGHT57,220,121,0.006894826889038086,0.0058917999267578125,1.1702411783748785,0.047792|0.115432|0.010073|0.024329|0.032436|0.078343|0.006837|0.016512|0.048738|0.117717|0.010272|0.024811|0.033078|0.079894|0.006972|0.016839|0.023531|0.056835|0.004960|0.011979|0.015971|0.038574|0.003366|0.008130|0.023997|0.057960|0.005058|0.012216|0.016287|0.039337|0.003433|0.008291,0.047792|0.115432|0.010073|0.024329|0.032436|0.078343|0.006837|0.016512|0.048738|0.117717|0.010272|0.024811|0.033078|0.079894|0.006972|0.016839|0.023531|0.056835|0.004960|0.011979|0.015971|0.038574|0.003366|0.008130|0.023997|0.057960|0.005058|0.012216|0.016287|0.039337|0.003433|0.008291,-1.4518074188151958e-16
10000,IDENTIFY10|SNode_41|SNode_21|GOAL_130|SNode_75,220,122,0.00696873664855957,0.0061953067779541016,1.1248412545699442,0.066275|0.013065|0.032292|0.006368|0.052931|0.010434|0.025790|0.005086|0.091559|0.018216|0.044611|0.008879|0.073125|0.014548|0.035629|0.007091|0.064713|0.012776|0.031531|0.006227|0.051684|0.010204|0.025183|0.004973|0.089305|0.017910|0.043513|0.008729|0.071324|0.014304|0.034752|0.006972,0.066275|0.013065|0.032292|0.006368|0.052931|0.010434|0.025790|0.005086|0.091559|0.018216|0.044611|0.008879|0.073125|0.014548|0.035629|0.007091|0.064713|0.012776|0.031531|0.006227|0.051684|0.010204|0.025183|0.004973|0.089305|0.017910|0.043513|0.008729|0.071324|0.014304|0.034752|0.006972,1.8389261127083856e-16
10000,IDENTIFY55|GOAL_108|GOAL_111|SNode_74|NORMAL52,220,119,0.006829261779785156,0.0059659481048583984,1.1447068696798945,0.146476|0.079463|0.016792|0.009110|0.054665|0.029656|0.006267|0.003400|0.054951|0.029811|0.006301|0.003418|0.032274|0.017508|0.003701|0.002008|0.148957|0.080809|0.017077|0.009264|0.055591|0.030158|0.006373|0.003457|0.055882|0.030316|0.006407|0.003476|0.032821|0.017805|0.003764|0.002042,0.146476|0.079463|0.016792|0.009110|0.054665|0.029656|0.006267|0.003400|0.054951|0.029811|0.006301|0.003418|0.032274|0.017508|0.003701|0.002008|0.148957|0.080809|0.017077|0.009264|0.055591|0.030158|0.006373|0.003457|0.055882|0.030316|0.006407|0.003476|0.032821|0.017805|0.003764|0.002042,-1.57384278632057e-16
10000,SNode_8|CHOOSE19|GOAL_56|SNode_24|SNode_7,220,29,0.00116729736328125,0.0010683536529541016,1.0926132559696495,0.000032|0.001714|0.000014|0.000731|0.000010|0.000558|0.000004|0.000238|0.000031|0.001629|0.000013|0.000695|0.000011|0.000594|0.000005|0.000253|0.004885|0.260607|0.002084|0.111169|0.001591|0.084877|0.000679|0.036207|0.004644|0.247766|0.001981|0.105691|0.001693|0.090336|0.000722|0.038535,0.000032|0.001714|0.000014|0.000731|0.000010|0.000558|0.000004|0.000238|0.000031|0.001629|0.000013|0.000695|0.000011|0.000594|0.000005|0.000253|0.004885|0.260607|0.002084|0.111169|0.001591|0.084877|0.000679|0.036207|0.004644|0.247766|0.001981|0.105691|0.001693|0.090336|0.000722|0.038535,8.435430415337189e-17
10000,SNode_64|SNode_97|SNode_25|SNode_94|SNode_95,220,104,0.004902839660644531,0.005022287368774414,0.9762164728222169,0.033352|0.008174|0.002482|0.008148|0.281814|0.069069|0.020974|0.068845|0.008507|0.002085|0.002682|0.008802|0.071885|0.017618|0.022658|0.074373|0.014191|0.003478|0.001057|0.003469|0.119911|0.029389|0.008929|0.029308|0.003620|0.000887|0.001142|0.003748|0.030587|0.007497|0.009649|0.031671,0.033352|0.008174|0.002482|0.008148|0.281814|0.069069|0.020974|0.068845|0.008507|0.002085|0.002682|0.008802|0.071885|0.017618|0.022658|0.074373|0.014191|0.003478|0.001057|0.003469|0.119911|0.029389|0.008929|0.029308|0.003620|0.000887|0.001142|0.003748|0.030587|0.007497|0.009649|0.031671,1.4947596558736325e-16
10000,GOAL_143|SNode_136|VECTOR44|SNode_33|RApp12,220,147,0.009520769119262695,0.008546829223632812,1.1139533586253068,0.036708|0.000000|0.309965|0.000000|0.038961|0.000000|0.328987|0.000000|0.004533|0.000000|0.038297|0.000000|0.004813|0.000000|0.040662|0.000000|0.004501|0.004470|0.038183|0.037920|0.004778|0.004744|0.040529|0.040251|0.000555|0.000553|0.004717|0.004699|0.000590|0.000587|0.005007|0.004992,0.036708|0.000000|0.309965|0.000000|0.038961|0.000000|0.328987|0.000000|0.004533|0.000000|0.038297|0.000000|0.004813|0.000000|0.040662|0.000000|0.004501|0.004470|0.038183|0.037920|0.004778|0.004744|0.040529|0.040251|0.000555|0.000553|0.004717|0.004699|0.000590|0.000587|0.005007|0.004992,5.810888133638503e-17
10000,RApp7|TRY26|NEED36|GOAL_113|EQUATION28,220,122,0.006918191909790039,0.005999565124511719,1.1531155619138451,0.015735|0.010390|0.007065|0.004665|0.016085|0.010621|0.007222|0.004769|0.158932|0.104930|0.071413|0.047152|0.162467|0.107255|0.073001|0.048200|0.002232|0.001474|0.001773|0.001171|0.002282|0.001507|0.001812|0.001197|0.022678|0.014982|0.018010|0.011898|0.023182|0.015321|0.018410|0.012167,0.015735|0.010390|0.007065|0.004665|0.016085|0.010621|0.007222|0.004769|0.158932|0.104930|0.071413|0.047152|0.162467|0.107255|0.073001|0.048200|0.002232|0.001474|0.001773|0.001171|0.002282|0.001507|0.001812|0.001197|0.022678|0.014982|0.018010|0.011898|0.023182|0.015321|0.018410|0.012167,-3.4242286900422014e-17
10000,RESOLVE38|INCLINE51|SNode_132|SNode_116|SNode_3,220,131,0.008089065551757812,0.0072193145751953125,1.1204755614266844,0.005249|0.253325|0.000629|0.030377|0.000595|0.028701|0.000090|0.004341|0.002848|0.137428|0.000341|0.016480|0.000323|0.015570|0.000049|0.002355|0.005276|0.254646|0.000633|0.030536|0.000598|0.028851|0.000090|0.004363|0.002862|0.138144|0.000343|0.016566|0.000324|0.015651|0.000049|0.002367,0.005249|0.253325|0.000629|0.030377|0.000595|0.028701|0.000090|0.004341|0.002848|0.137428|0.000341|0.016480|0.000323|0.015570|0.000049|0.002355|0.005276|0.254646|0.000633|0.030536|0.000598|0.028851|0.000090|0.004363|0.002862|0.138144|0.000343|0.016566|0.000324|0.015651|0.000049|0.002367,3.254380400598047e-16
10000,FORCE60|SNode_71|WRITE63|RApp7|INCLINE51,220,118,0.0070323944091796875,0.00591278076171875,1.1893548387096775,0.045934|0.024919|0.007445|0.004039|0.045478|0.024672|0.008611|0.004672|0.009208|0.004995|0.001492|0.000810|0.009116|0.004945|0.001726|0.000937|0.184892|0.100303|0.029969|0.016258|0.182685|0.099106|0.035031|0.019004|0.037062|0.020106|0.006007|0.003259|0.036618|0.019865|0.007024|0.003811,0.045934|0.024919|0.007445|0.004039|0.045478|0.024672|0.008611|0.004672|0.009208|0.004995|0.001492|0.000810|0.009116|0.004945|0.001726|0.000937|0.184892|0.100303|0.029969|0.016258|0.182685|0.099106|0.035031|0.019004|0.037062|0.020106|0.006007|0.003259|0.036618|0.019865|0.007024|0.003811,-6.736712269872838e-17
10000,GOAL_114|SNode_95|APPLY32|TRY24|SNode_65,220,124,0.007268428802490234,0.006362199783325195,1.1424395727937042,0.017471|0.002398|0.166782|0.022893|0.017890|0.002462|0.170784|0.023498|0.009672|0.001328|0.096893|0.013302|0.009904|0.001363|0.099219|0.013654|0.008613|0.001182|0.082286|0.011295|0.008820|0.001214|0.084260|0.011593|0.004771|0.000655|0.047885|0.006574|0.004886|0.000672|0.049035|0.006748,0.017471|0.002398|0.166782|0.022893|0.017890|0.002462|0.170784|0.023498|0.009672|0.001328|0.096893|0.013302|0.009904|0.001363|0.099219|0.013654|0.008613|0.001182|0.082286|0.011295|0.008820|0.001214|0.084260|0.011593|0.004771|0.000655|0.047885|0.006574|0.004886|0.000672|0.049035|0.006748,-6.194725017572936e-17
10000,SNode_100|SNode_115|SNode_70|GOAL_56|SNode_119,220,136,0.008622884750366211,0.0074193477630615234,1.1622160095118739,0.224949|0.028919|0.077039|0.009902|0.084285|0.011002|0.029471|0.003849|0.099359|0.014152|0.033856|0.004819|0.047920|0.007037|0.016870|0.002480|0.098162|0.012664|0.033686|0.004345|0.036798|0.004823|0.012895|0.001691|0.043372|0.006221|0.014810|0.002123|0.020927|0.003097|0.007384|0.001094,0.224949|0.028919|0.077039|0.009902|0.084285|0.011002|0.029471|0.003849|0.099359|0.014152|0.033856|0.004819|0.047920|0.007037|0.016870|0.002480|0.098162|0.012664|0.033686|0.004345|0.036798|0.004823|0.012895|0.001691|0.043372|0.006221|0.014810|0.002123|0.020927|0.003097|0.007384|0.001094,1.0254903751923407e-16
10000,SNode_64|GOAL_49|SLIDING4|SNode_40|SNode_43,220,99,0.004538297653198242,0.0046100616455078125,0.98443318163012,0.023849|0.007550|0.008534|0.002702|0.211582|0.066982|0.075708|0.023968|0.015434|0.005483|0.005539|0.001968|0.136922|0.048644|0.049144|0.017459|0.010081|0.003224|0.003608|0.001154|0.089435|0.028603|0.032006|0.010236|0.006585|0.002374|0.002364|0.000852|0.058418|0.021060|0.020971|0.007561,0.023849|0.007550|0.008534|0.002702|0.211582|0.066982|0.075708|0.023968|0.015434|0.005483|0.005539|0.001968|0.136922|0.048644|0.049144|0.017459|0.010081|0.003224|0.003608|0.001154|0.089435|0.028603|0.032006|0.010236|0.006585|0.002374|0.002364|0.000852|0.058418|0.021060|0.020971|0.007561,-1.1727446293206165e-16
10000,IDENTIFY39|SNode_5|SNode_120|SNode_40|GOAL_130,220,138,0.008438348770141602,0.007380485534667969,1.1433324718955937,0.004817|0.002342|0.001726|0.000839|0.000553|0.000274|0.000198|0.000098|0.220268|0.107117|0.078912|0.038378|0.025289|0.012532|0.009063|0.004492|0.004686|0.002279|0.001679|0.000816|0.000538|0.000267|0.000193|0.000096|0.214272|0.104200|0.076763|0.037334|0.024601|0.012191|0.008816|0.004370,0.004817|0.002342|0.001726|0.000839|0.000553|0.000274|0.000198|0.000098|0.220268|0.107117|0.078912|0.038378|0.025289|0.012532|0.009063|0.004492|0.004686|0.002279|0.001679|0.000816|0.000538|0.000267|0.000193|0.000096|0.214272|0.104200|0.076763|0.037334|0.024601|0.012191|0.008816|0.004370,3.067851748486985e-16
10000,SNode_151|CONSTANT5|EQUATION28|VAR20|CHOOSE47,220,163,0.0109100341796875,0.010230302810668945,1.0664429373791047,0.036633|0.036704|0.085722|0.085887|0.024182|0.024227|0.056587|0.056693|0.035239|0.035307|0.082459|0.082618|0.023262|0.023305|0.054433|0.054535|0.009269|0.009308|0.021688|0.021782|0.006127|0.006154|0.014337|0.014401|0.008916|0.008954|0.020863|0.020953|0.005894|0.005920|0.013791|0.013853,0.036633|0.036704|0.085722|0.085887|0.024182|0.024227|0.056587|0.056693|0.035239|0.035307|0.082459|0.082618|0.023262|0.023305|0.054433|0.054535|0.009269|0.009308|0.021688|0.021782|0.006127|0.006154|0.014337|0.014401|0.008916|0.008954|0.020863|0.020953|0.005894|0.005920|0.013791|0.013853,8.867368345461746e-17
10000,CHOOSE35|RApp13|DISPLACEM0|SNode_12|GOAL_114,220,139,0.008529901504516602,0.007752656936645508,1.100255251099425,0.002907|0.001435|0.149300|0.073674|0.002856|0.001410|0.146695|0.072389|0.000338|0.000167|0.017353|0.008590|0.000332|0.000164|0.017050|0.008441|0.002871|0.001417|0.147460|0.072766|0.002821|0.001392|0.144887|0.071497|0.000334|0.000165|0.017139|0.008485|0.000328|0.000162|0.016840|0.008337,0.002907|0.001435|0.149300|0.073674|0.002856|0.001410|0.146695|0.072389|0.000338|0.000167|0.017353|0.008590|0.000332|0.000164|0.017050|0.008441|0.002871|0.001417|0.147460|0.072766|0.002821|0.001392|0.144887|0.071497|0.000334|0.000165|0.017139|0.008485|0.000328|0.000162|0.016840|0.008337,1.9220334338914742e-16
10000,TRY15|WRITE30|GOAL_80|TRY25|SNode_134,220,131,0.00773167610168457,0.006969928741455078,1.1092905520968734,0.020885|0.002439|0.190911|0.022318|0.007186|0.000842|0.065674|0.007717|0.020571|0.002402|0.188038|0.021981|0.007143|0.000837|0.065282|0.007673|0.012166|0.001421|0.111204|0.013000|0.004187|0.000491|0.038264|0.004496|0.011981|0.001399|0.109514|0.012802|0.004164|0.000488|0.038053|0.004473,0.020885|0.002439|0.190911|0.022318|0.007186|0.000842|0.065674|0.007717|0.020571|0.002402|0.188038|0.021981|0.007143|0.000837|0.065282|0.007673|0.012166|0.001421|0.111204|0.013000|0.004187|0.000491|0.038264|0.004496|0.011981|0.001399|0.109514|0.012802|0.004164|0.000488|0.038053|0.004473,-5.101040380661838e-18
10000,GOAL_79|GOAL_57|SNode_5|TRY14|NEED67,220,80,0.003601551055908203,0.0036859512329101562,0.9771021992238034,0.003801|0.003856|0.002243|0.002275|0.172116|0.174613|0.099751|0.101198|0.001515|0.001537|0.000913|0.000926|0.070982|0.072011|0.044553|0.045200|0.000965|0.000979|0.000569|0.000578|0.043697|0.044331|0.025328|0.025695|0.000385|0.000390|0.000232|0.000235|0.018030|0.018292|0.011320|0.011484,0.003801|0.003856|0.002243|0.002275|0.172116|0.174613|0.099751|0.101198|0.001515|0.001537|0.000913|0.000926|0.070982|0.072011|0.044553|0.045200|0.000965|0.000979|0.000569|0.000578|0.043697|0.044331|0.025328|0.025695|0.000385|0.000390|0.000232|0.000235|0.018030|0.018292|0.011320|0.011484,-1.1021029849445592e-16
10000,TRY11|TRY25|SNode_11|IDENTIFY59|SYSTEM18,220,5,0.0004830360412597656,0.0001971721649169922,2.4498186215235793,0.000251|0.000255|0.000256|0.000259|0.013247|0.013429|0.013504|0.013689|0.002295|0.002327|0.002340|0.002372|0.121108|0.122766|0.123456|0.125146|0.000200|0.000203|0.000204|0.000207|0.010549|0.010693|0.010753|0.010901|0.001828|0.001853|0.001863|0.001889|0.096438|0.097759|0.098308|0.099654,0.000251|0.000255|0.000256|0.000259|0.013247|0.013429|0.013504|0.013689|0.002295|0.002327|0.002340|0.002372|0.121108|0.122766|0.123456|0.125146|0.000200|0.000203|0.000204|0.000207|0.010549|0.010693|0.010753|0.010901|0.001828|0.001853|0.001863|0.001889|0.096438|0.097759|0.098308|0.099654,-2.2968239301801305e-18
10000,SNode_71|SNode_24|SNode_94|GOAL_110|IDENTIFY55,220,124,0.007205963134765625,0.006222963333129883,1.1579632964254243,0.138044|0.140383|0.065309|0.066415|0.058338|0.059326|0.027821|0.028292|0.058809|0.059806|0.027823|0.028294|0.024962|0.025385|0.011904|0.012106|0.027657|0.028125|0.013085|0.013307|0.011708|0.011906|0.005584|0.005679|0.011782|0.011982|0.005574|0.005669|0.005010|0.005095|0.002389|0.002430,0.138044|0.140383|0.065309|0.066415|0.058338|0.059326|0.027821|0.028292|0.058809|0.059806|0.027823|0.028294|0.024962|0.025385|0.011904|0.012106|0.027657|0.028125|0.013085|0.013307|0.011708|0.011906|0.005584|0.005679|0.011782|0.011982|0.005574|0.005669|0.005010|0.005095|0.002389|0.002430,1.6646426567229161e-16
10000,SNode_7|RApp6|GOAL_142|COMPO16|SNode_42,220,134,0.008220911026000977,0.007527351379394531,1.0921386038261751,0.004201|0.003139|0.003104|0.002319|0.001082|0.000809|0.000796|0.000594|0.000000|0.000000|0.001068|0.000799|0.000000|0.000000|0.000280|0.000209|0.224122|0.167452|0.165590|0.123683|0.057748|0.043146|0.042442|0.031700|0.000000|0.000000|0.057003|0.042627|0.000000|0.000000|0.014925|0.011162,0.004201|0.003139|0.003104|0.002319|0.001082|0.000809|0.000796|0.000594|0.000000|0.000000|0.001068|0.000799|0.000000|0.000000|0.000280|0.000209|0.224122|0.167452|0.165590|0.123683|0.057748|0.043146|0.042442|0.031700|0.000000|0.000000|0.057003|0.042627|0.000000|0.000000|0.014925|0.011162,6.112382102167812e-17
10000,GOAL65|TRY12|WRITE64|GOAL_143|SNode_91,220,137,0.008958101272583008,0.0077075958251953125,1.1622432566196486,0.109597|0.032066|0.026838|0.007858|0.108637|0.031785|0.026602|0.007789|0.046635|0.013645|0.011420|0.003344|0.046227|0.013525|0.011320|0.003314|0.109287|0.031973|0.026821|0.007855|0.108244|0.031664|0.026671|0.007815|0.046503|0.013605|0.011413|0.003342|0.046060|0.013474|0.011349|0.003325,0.109597|0.032066|0.026838|0.007858|0.108637|0.031785|0.026602|0.007789|0.046635|0.013645|0.011420|0.003344|0.046227|0.013525|0.011320|0.003314|0.109287|0.031973|0.026821|0.007855|0.108244|0.031664|0.026671|0.007815|0.046503|0.013605|0.011413|0.003342|0.046060|0.013474|0.011349|0.003325,-9.407330908966017e-17
10000,FIND49|RApp7|VECTOR73|CONSTANT5|SNode_33,220,117,0.006584882736206055,0.005689382553100586,1.157398483007166,0.011726|0.099061|0.011279|0.095291|0.011782|0.099538|0.011334|0.095749|0.002062|0.017474|0.001983|0.016809|0.002072|0.017558|0.001993|0.016890|0.011148|0.094143|0.010724|0.090560|0.011202|0.094596|0.010776|0.090996|0.001961|0.016663|0.001886|0.016029|0.001970|0.016743|0.001895|0.016106,0.011726|0.099061|0.011279|0.095291|0.011782|0.099538|0.011334|0.095749|0.002062|0.017474|0.001983|0.016809|0.002072|0.017558|0.001993|0.016890|0.011148|0.094143|0.010724|0.090560|0.011202|0.094596|0.010776|0.090996|0.001961|0.016663|0.001886|0.016029|0.001970|0.016743|0.001895|0.016106,1.0496658029054729e-16
10000,GOAL68|SNode_27|GOAL_150|SNode_124|SNode_131,220,165,0.011937141418457031,0.010978460311889648,1.0873238213130063,0.081548|0.032316|0.010126|0.004151|0.024868|0.009845|0.003213|0.001327|0.165296|0.065504|0.020526|0.008415|0.050407|0.019956|0.006512|0.002689|0.067834|0.043017|0.008193|0.005707|0.020704|0.013094|0.002583|0.001837|0.137498|0.087193|0.016606|0.011568|0.041967|0.026540|0.005235|0.003724,0.081548|0.032316|0.010126|0.004151|0.024868|0.009845|0.003213|0.001327|0.165296|0.065504|0.020526|0.008415|0.050407|0.019956|0.006512|0.002689|0.067834|0.043017|0.008193|0.005707|0.020704|0.013094|0.002583|0.001837|0.137498|0.087193|0.016606|0.011568|0.041967|0.026540|0.005235|0.003724,1.5178809834109971e-16
10000,TRY12|GOAL_84|SNode_154|KINEMATI17|SNode_12,220,119,0.006990194320678711,0.0058994293212890625,1.184893307468477,0.002756|0.141562|0.002708|0.139089|0.001350|0.069340|0.001327|0.068129|0.001777|0.091253|0.001746|0.089664|0.000875|0.044923|0.000860|0.044141|0.001173|0.060236|0.001152|0.059182|0.000575|0.029505|0.000564|0.028988|0.000756|0.038831|0.000743|0.038156|0.000372|0.019116|0.000366|0.018785,0.002756|0.141562|0.002708|0.139089|0.001350|0.069340|0.001327|0.068129|0.001777|0.091253|0.001746|0.089664|0.000875|0.044923|0.000860|0.044141|0.001173|0.060236|0.001152|0.059182|0.000575|0.029505|0.000564|0.028988|0.000756|0.038831|0.000743|0.038156|0.000372|0.019116|0.000366|0.018785,-5.675504968910327e-17
10000,VECTOR27|CHOOSE62|SNode_55|TRY11|GOAL_121,220,116,0.006699085235595703,0.0057256221771240234,1.1700187382885696,0.071530|0.032820|0.056118|0.025748|0.022878|0.010497|0.019058|0.008745|0.070968|0.033006|0.055678|0.025895|0.022698|0.010557|0.018908|0.008795|0.073278|0.033649|0.057490|0.026399|0.023437|0.010762|0.019524|0.008966|0.072693|0.033850|0.057031|0.026557|0.023250|0.010827|0.019368|0.009019,0.071530|0.032820|0.056118|0.025748|0.022878|0.010497|0.019058|0.008745|0.070968|0.033006|0.055678|0.025895|0.022698|0.010557|0.018908|0.008795|0.073278|0.033649|0.057490|0.026399|0.023437|0.010762|0.019524|0.008966|0.072693|0.033850|0.057031|0.026557|0.023250|0.010827|0.019368|0.009019,-3.379878787779832e-17
10000,SNode_68|GOAL_81|SNode_100|COMPO16|SNode_106,220,114,0.0067937374114990234,0.005728721618652344,1.1859081072082571,0.146214|0.067407|0.108617|0.050072|0.058702|0.027153|0.043607|0.020170|0.052466|0.025069|0.085857|0.041025|0.026223|0.012585|0.042913|0.020594|0.030142|0.013905|0.021951|0.010127|0.012101|0.005601|0.008813|0.004079|0.010881|0.005203|0.018247|0.008727|0.005438|0.002612|0.009120|0.004381,0.146214|0.067407|0.108617|0.050072|0.058702|0.027153|0.043607|0.020170|0.052466|0.025069|0.085857|0.041025|0.026223|0.012585|0.042913|0.020594|0.030142|0.013905|0.021951|0.010127|0.012101|0.005601|0.008813|0.004079|0.010881|0.005203|0.018247|0.008727|0.005438|0.002612|0.009120|0.004381,5.555052095912511e-17
10000,GOAL_142|GOAL_87|SYSTEM46|EQUATION28|NEED36,220,134,0.008057832717895508,0.0069959163665771484,1.1517908870940259,0.079969|0.081690|0.051563|0.052379|0.075111|0.076728|0.048261|0.048906|0.040206|0.041068|0.026139|0.026618|0.043820|0.044760|0.028632|0.029255|0.019641|0.020136|0.013990|0.014480|0.018448|0.018913|0.013094|0.013520|0.009877|0.010128|0.007150|0.007564|0.010765|0.011039|0.007832|0.008315,0.079969|0.081690|0.051563|0.052379|0.075111|0.076728|0.048261|0.048906|0.040206|0.041068|0.026139|0.026618|0.043820|0.044760|0.028632|0.029255|0.019641|0.020136|0.013990|0.014480|0.018448|0.018913|0.013094|0.013520|0.009877|0.010128|0.007150|0.007564|0.010765|0.011039|0.007832|0.008315,1.6488198213453502e-17
10000,WRITE63|SNode_134|GOAL_84|AXIS33|SNode_42,220,128,0.0077571868896484375,0.006608724594116211,1.1737797178830405,0.030860|0.023056|0.123825|0.092512|0.019917|0.014882|0.079922|0.059718|0.003604|0.002692|0.014460|0.010803|0.002335|0.001745|0.009369|0.007000|0.031268|0.023361|0.125450|0.093726|0.020180|0.015078|0.080967|0.060498|0.003654|0.002730|0.014672|0.010962|0.002368|0.001769|0.009510|0.007106,0.030860|0.023056|0.123825|0.092512|0.019917|0.014882|0.079922|0.059718|0.003604|0.002692|0.014460|0.010803|0.002335|0.001745|0.009369|0.007000|0.031268|0.023361|0.125450|0.093726|0.020180|0.015078|0.080967|0.060498|0.003654|0.002730|0.014672|0.010962|0.002368|0.001769|0.009510|0.007106,3.4153383028988365e-16
10000,SNode_156|NULL48|RApp6|SNode_102|SNode_65,220,108,0.006280183792114258,0.005415439605712891,1.1596812538522496,0.225187|0.023004|0.046590|0.004759|0.031327|0.003197|0.006464|0.000660|0.216449|0.037568|0.044782|0.007773|0.029987|0.005348|0.006188|0.001104|0.094492|0.009653|0.024699|0.002523|0.014821|0.001512|0.004820|0.000492|0.090825|0.015765|0.023740|0.004121|0.014187|0.002530|0.004613|0.000823,0.225187|0.023004|0.046590|0.004759|0.031327|0.003197|0.006464|0.000660|0.216449|0.037568|0.044782|0.007773|0.029987|0.005348|0.006188|0.001104|0.094492|0.009653|0.024699|0.002523|0.014821|0.001512|0.004820|0.000492|0.090825|0.015765|0.023740|0.004121|0.014187|0.002530|0.004613|0.000823,1.5277059979497077e-16
10000,SNode_133|SNode_151|APPLY77|GOAL_129|SNode_73,220,164,0.011035919189453125,0.010294675827026367,1.0720025938534936,0.155825|0.066076|0.042262|0.010618|0.147951|0.062728|0.040126|0.010081|0.035356|0.014991|0.009589|0.002409|0.041630|0.017662|0.011291|0.002838|0.038665|0.016122|0.050914|0.028764|0.036711|0.015305|0.048338|0.027304|0.008773|0.003658|0.011552|0.006526|0.010330|0.004309|0.013605|0.007691,0.155825|0.066076|0.042262|0.010618|0.147951|0.062728|0.040126|0.010081|0.035356|0.014991|0.009589|0.002409|0.041630|0.017662|0.011291|0.002838|0.038665|0.016122|0.050914|0.028764|0.036711|0.015305|0.048338|0.027304|0.008773|0.003658|0.011552|0.006526|0.010330|0.004309|0.013605|0.007691,-1.4810389033664075e-17
10000,SNode_102|GOAL_80|VELOCITY7|RApp3|CHOOSE62,220,105,0.004897117614746094,0.005066633224487305,0.966542750929368,0.143030|0.142516|0.009166|0.009133|0.108340|0.107950|0.043795|0.043638|0.049029|0.048853|0.003146|0.003135|0.037123|0.036990|0.015031|0.014977|0.031890|0.031775|0.002044|0.002036|0.024155|0.024069|0.009765|0.009729|0.011460|0.011419|0.000735|0.000733|0.008677|0.008646|0.003514|0.003501,0.143030|0.142516|0.009166|0.009133|0.108340|0.107950|0.043795|0.043638|0.049029|0.048853|0.003146|0.003135|0.037123|0.036990|0.015031|0.014977|0.031890|0.031775|0.002044|0.002036|0.024155|0.024069|0.009765|0.009729|0.011460|0.011419|0.000735|0.000733|0.008677|0.008646|0.003514|0.003501,-2.1251244984981627e-17
10000,SNode_54|SNode_117|KINEMATI17|APPLY61|INCLINE51,220,120,0.007058382034301758,0.0059206485748291016,1.1921636532033988,0.077836|0.042226|0.076677|0.041597|0.074468|0.040398|0.073359|0.039797|0.038772|0.021033|0.038263|0.020758|0.037094|0.020123|0.036607|0.019859|0.032087|0.017407|0.031610|0.017148|0.033538|0.018194|0.033039|0.017923|0.015983|0.008671|0.015774|0.008557|0.016706|0.009063|0.016487|0.008944,0.077836|0.042226|0.076677|0.041597|0.074468|0.040398|0.073359|0.039797|0.038772|0.021033|0.038263|0.020758|0.037094|0.020123|0.036607|0.019859|0.032087|0.017407|0.031610|0.017148|0.033538|0.018194|0.033039|0.017923|0.015983|0.008671|0.015774|0.008557|0.016706|0.009063|0.016487|0.008944,2.0231306019242018e-16
10000,SNode_40|GOAL66|SNode_65|GOAL_48|GOAL72,220,103,0.004664897918701172,0.0048770904541015625,0.9564919827923347,0.079420|0.078441|0.114685|0.113272|0.010817|0.010683|0.015723|0.015529|0.053902|0.053238|0.077837|0.076877|0.007341|0.007251|0.010671|0.010540|0.028241|0.027893|0.041139|0.040632|0.003919|0.003870|0.005754|0.005683|0.019167|0.018931|0.027921|0.027577|0.002660|0.002627|0.003905|0.003857,0.079420|0.078441|0.114685|0.113272|0.010817|0.010683|0.015723|0.015529|0.053902|0.053238|0.077837|0.076877|0.007341|0.007251|0.010671|0.010540|0.028241|0.027893|0.041139|0.040632|0.003919|0.003870|0.005754|0.005683|0.019167|0.018931|0.027921|0.027577|0.002660|0.002627|0.003905|0.003857,2.0975334513772675e-17
10000,RApp3|SNode_92|WRITE63|SNode_44|GOAL_63,220,60,0.0024671554565429688,0.0023305416107177734,1.058618925831202,0.124832|0.036628|0.062993|0.018682|0.126491|0.037114|0.063830|0.018931|0.085794|0.025173|0.043293|0.012840|0.086934|0.025508|0.043869|0.013011|0.025088|0.007474|0.014252|0.004431|0.025421|0.007574|0.014441|0.004490|0.017242|0.005137|0.009795|0.003045|0.017471|0.005205|0.009925|0.003086,0.124832|0.036628|0.062993|0.018682|0.126491|0.037114|0.063830|0.018931|0.085794|0.025173|0.043293|0.012840|0.086934|0.025508|0.043869|0.013011|0.025088|0.007474|0.014252|0.004431|0.025421|0.007574|0.014441|0.004490|0.017242|0.005137|0.009795|0.003045|0.017471|0.005205|0.009925|0.003086,1.8117564009109654e-16
10000,SNode_119|SNode_155|RApp6|CHOOSE62|SNode_33,220,140,0.00881505012512207,0.007767677307128906,1.1348373235113567,0.036245|0.306328|0.036102|0.305113|0.005292|0.044735|0.005271|0.044550|0.004508|0.038116|0.004503|0.038079|0.000684|0.005786|0.000684|0.005788|0.004846|0.040961|0.004828|0.040810|0.000716|0.006052|0.000713|0.006029|0.000608|0.005138|0.000607|0.005136|0.000094|0.000792|0.000094|0.000793,0.036245|0.306328|0.036102|0.305113|0.005292|0.044735|0.005271|0.044550|0.004508|0.038116|0.004503|0.038079|0.000684|0.005786|0.000684|0.005788|0.004846|0.040961|0.004828|0.040810|0.000716|0.006052|0.000713|0.006029|0.000608|0.005138|0.000607|0.005136|0.000094|0.000792|0.000094|0.000793,7.57594384292987e-17
10000,RESOLVE38|GOAL_79|SNode_75|SNode_5|GOAL_69,220,77,0.0036842823028564453,0.003540515899658203,1.0406060606060605,0.005520|0.001635|0.251868|0.075240|0.001041|0.000316|0.047532|0.014585|0.001350|0.000400|0.061609|0.018403|0.000313|0.000097|0.014304|0.004487|0.005549|0.001644|0.253181|0.075634|0.001046|0.000317|0.047767|0.014617|0.001357|0.000402|0.061930|0.018498|0.000315|0.000099|0.014391|0.004554,0.005520|0.001635|0.251868|0.075240|0.001041|0.000316|0.047532|0.014585|0.001350|0.000400|0.061609|0.018403|0.000313|0.000097|0.014304|0.004487|0.005549|0.001644|0.253181|0.075634|0.001046|0.000317|0.047767|0.014617|0.001357|0.000402|0.061930|0.018498|0.000315|0.000099|0.014391|0.004554,-3.8126554395005224e-17
10000,IDENTIFY39|IDENTIFY59|RESOLVE38|GOAL_98|GIVEN_1,220,94,0.004159688949584961,0.004369020462036133,0.952087312414734,0.001538|0.090554|0.000553|0.032538|0.001546|0.091026|0.000555|0.032708|0.001568|0.092309|0.000563|0.033169|0.001576|0.092790|0.000566|0.033342|0.001496|0.088088|0.000538|0.031652|0.001504|0.088547|0.000540|0.031817|0.001525|0.089796|0.000548|0.032266|0.001533|0.090264|0.000551|0.032434,0.001538|0.090554|0.000553|0.032538|0.001546|0.091026|0.000555|0.032708|0.001568|0.092309|0.000563|0.033169|0.001576|0.092790|0.000566|0.033342|0.001496|0.088088|0.000538|0.031652|0.001504|0.088547|0.000540|0.031817|0.001525|0.089796|0.000548|0.032266|0.001533|0.090264|0.000551|0.032434,-1.668114550250132e-17
10000,IDENTIFY22|GOAL_127|SNode_119|NULL48|SNode_64,220,135,0.008120536804199219,0.007037639617919922,1.1538722135646047,0.106342|0.045110|0.108838|0.046168|0.014119|0.006156|0.014451|0.006300|0.044907|0.019047|0.045961|0.019494|0.005989|0.002614|0.006130|0.002676|0.108794|0.046150|0.111348|0.047233|0.014445|0.006298|0.014784|0.006445|0.045943|0.019486|0.047021|0.019943|0.006127|0.002675|0.006271|0.002738,0.106342|0.045110|0.108838|0.046168|0.014119|0.006156|0.014451|0.006300|0.044907|0.019047|0.045961|0.019494|0.005989|0.002614|0.006130|0.002676|0.108794|0.046150|0.111348|0.047233|0.014445|0.006298|0.014784|0.006445|0.045943|0.019486|0.047021|0.019943|0.006127|0.002675|0.006271|0.002738,3.3858343140821345e-17
10000,NEED1|SNode_154|SNode_3|SNode_92|SNode_68,220,123,0.0071713924407958984,0.006203413009643555,1.1560398170567663,0.003350|0.000658|0.002303|0.000452|0.161692|0.031765|0.111127|0.021831|0.001602|0.000366|0.001101|0.000251|0.077300|0.017646|0.053127|0.012128|0.003395|0.000667|0.002333|0.000458|0.163841|0.032187|0.112604|0.022122|0.001623|0.000370|0.001115|0.000255|0.078328|0.017881|0.053833|0.012289,0.003350|0.000658|0.002303|0.000452|0.161692|0.031765|0.111127|0.021831|0.001602|0.000366|0.001101|0.000251|0.077300|0.017646|0.053127|0.012128|0.003395|0.000667|0.002333|0.000458|0.163841|0.032187|0.112604|0.022122|0.001623|0.000370|0.001115|0.000255|0.078328|0.017881|0.053833|0.012289,-1.1319109096348204e-16
10000,IDENTIFY43|TRY11|IDENTIFY55|SNode_97|SNode_131,220,121,0.006996631622314453,0.006086826324462891,1.1494712103407756,0.087283|0.044342|0.023174|0.011774|0.069259|0.035165|0.043070|0.021901|0.069503|0.035310|0.018454|0.009375|0.055151|0.028002|0.034297|0.017440|0.057345|0.029133|0.015226|0.007735|0.045502|0.023103|0.028298|0.014390|0.045664|0.023199|0.012124|0.006160|0.036233|0.018396|0.022534|0.011459,0.087283|0.044342|0.023174|0.011774|0.069259|0.035165|0.043070|0.021901|0.069503|0.035310|0.018454|0.009375|0.055151|0.028002|0.034297|0.017440|0.057345|0.029133|0.015226|0.007735|0.045502|0.023103|0.028298|0.014390|0.045664|0.023199|0.012124|0.006160|0.036233|0.018396|0.022534|0.011459,5.159027566649432e-17
10000,MAXIMIZE34|GOAL_114|APPLY61|SNode_3|SNode_10,220,118,0.00661158561706543,0.005663394927978516,1.167424433779574,0.000069|0.003417|0.003348|0.164891|0.000068|0.003364|0.003298|0.162373|0.000034|0.001677|0.001644|0.080951|0.000034|0.001657|0.001622|0.079953|0.000067|0.003296|0.003230|0.159089|0.000066|0.003243|0.003180|0.156512|0.000033|0.001629|0.001597|0.078629|0.000033|0.001612|0.001578|0.077807,0.000069|0.003417|0.003348|0.164891|0.000068|0.003364|0.003298|0.162373|0.000034|0.001677|0.001644|0.080951|0.000034|0.001657|0.001622|0.079953|0.000067|0.003296|0.003230|0.159089|0.000066|0.003243|0.003180|0.156512|0.000033|0.001629|0.001597|0.078629|0.000033|0.001612|0.001578|0.077807,7.780675423399505e-17
10000,SNode_152|SNode_100|CHOOSE35|SNode_93|SNode_5,220,116,0.0068132877349853516,0.005823850631713867,1.1698939697875301,0.003263|0.149196|0.001228|0.056157|0.003222|0.147357|0.001213|0.055465|0.001410|0.064466|0.000550|0.025150|0.001392|0.063671|0.000543|0.024840|0.002174|0.099420|0.000828|0.037846|0.002147|0.098195|0.000817|0.037379|0.000941|0.043052|0.000373|0.017047|0.000930|0.042522|0.000368|0.016837,0.003263|0.149196|0.001228|0.056157|0.003222|0.147357|0.001213|0.055465|0.001410|0.064466|0.000550|0.025150|0.001392|0.063671|0.000543|0.024840|0.002174|0.099420|0.000828|0.037846|0.002147|0.098195|0.000817|0.037379|0.000941|0.043052|0.000373|0.017047|0.000930|0.042522|0.000368|0.016837,-1.8691139287877783e-16
10000,SNode_133|GOAL72|SNode_74|SNode_29|DISPLACEM0,220,122,0.006966114044189453,0.006056308746337891,1.1502243917801749,0.098519|0.096800|0.054443|0.053493|0.011161|0.010967|0.006262|0.006153|0.097305|0.095607|0.053772|0.052834|0.011024|0.010832|0.006185|0.006077|0.048131|0.047291|0.026570|0.026106|0.005541|0.005444|0.003137|0.003082|0.047538|0.046708|0.026242|0.025784|0.005473|0.005377|0.003098|0.003044,0.098519|0.096800|0.054443|0.053493|0.011161|0.010967|0.006262|0.006153|0.097305|0.095607|0.053772|0.052834|0.011024|0.010832|0.006185|0.006077|0.048131|0.047291|0.026570|0.026106|0.005541|0.005444|0.003137|0.003082|0.047538|0.046708|0.026242|0.025784|0.005473|0.005377|0.003098|0.003044,2.5811569154228116e-17
10000,SNode_120|WRITE30|SNode_38|SNode_34|TRY25,220,134,0.007931947708129883,0.0069544315338134766,1.140560183756728,0.011789|0.106079|0.016561|0.149017|0.006709|0.063001|0.009424|0.088504|0.011639|0.104727|0.016350|0.147116|0.006623|0.062202|0.009304|0.087383|0.001360|0.012254|0.001911|0.017215|0.000774|0.007283|0.001088|0.010232|0.001343|0.012098|0.001887|0.016995|0.000765|0.007191|0.001074|0.010102,0.011789|0.106079|0.016561|0.149017|0.006709|0.063001|0.009424|0.088504|0.011639|0.104727|0.016350|0.147116|0.006623|0.062202|0.009304|0.087383|0.001360|0.012254|0.001911|0.017215|0.000774|0.007283|0.001088|0.010232|0.001343|0.012098|0.001887|0.016995|0.000765|0.007191|0.001074|0.010102,1.006324848807984e-16
10000,CHOOSE35|SNode_91|RApp12|NEED36|FIND58,220,138,0.00860595703125,0.007623195648193359,1.1289172452617753,0.121104|0.052571|0.123657|0.053680|0.013106|0.005689|0.013529|0.005873|0.035422|0.015377|0.036173|0.015703|0.003844|0.001669|0.003976|0.001726|0.119611|0.051924|0.122133|0.053018|0.012944|0.005619|0.013362|0.005800|0.034986|0.015188|0.035728|0.015509|0.003797|0.001648|0.003927|0.001705,0.121104|0.052571|0.123657|0.053680|0.013106|0.005689|0.013529|0.005873|0.035422|0.015377|0.036173|0.015703|0.003844|0.001669|0.003976|0.001726|0.119611|0.051924|0.122133|0.053018|0.012944|0.005619|0.013362|0.005800|0.034986|0.015188|0.035728|0.015509|0.003797|0.001648|0.003927|0.001705,-6.918064326084672e-18
10000,TRY24|TRY26|RApp11|TRY15|WEIGHT57,220,139,0.00839543342590332,0.007586002349853516,1.1067006097177698,0.014125|0.034110|0.008228|0.019870|0.001631|0.003947|0.000950|0.002299|0.001350|0.003259|0.000786|0.001899|0.000156|0.000377|0.000091|0.000220|0.000802|0.001938|0.000467|0.001129|0.000093|0.000224|0.000054|0.000131|0.149584|0.361203|0.087137|0.210411|0.017279|0.041821|0.010066|0.024362,0.014125|0.034110|0.008228|0.019870|0.001631|0.003947|0.000950|0.002299|0.001350|0.003259|0.000786|0.001899|0.000156|0.000377|0.000091|0.000220|0.000802|0.001938|0.000467|0.001129|0.000093|0.000224|0.000054|0.000131|0.149584|0.361203|0.087137|0.210411|0.017279|0.041821|0.010066|0.024362,-1.6115892976297002e-17
10000,GOAL65|GOAL_48|SNode_15|SNode_34|SNode_41,220,10,0.0005540847778320312,0.0003838539123535156,1.4434782608695653,0.001270|0.000328|0.000342|0.001903|0.066287|0.017130|0.017871|0.099312|0.001840|0.000475|0.000496|0.002756|0.096023|0.024815|0.025888|0.143862|0.001267|0.000327|0.000342|0.001898|0.066128|0.017089|0.017829|0.099074|0.001835|0.000474|0.000495|0.002750|0.095793|0.024756|0.025826|0.143518,0.001270|0.000328|0.000342|0.001903|0.066287|0.017130|0.017871|0.099312|0.001840|0.000475|0.000496|0.002756|0.096023|0.024815|0.025888|0.143862|0.001267|0.000327|0.000342|0.001898|0.066128|0.017089|0.017829|0.099074|0.001835|0.000474|0.000495|0.002750|0.095793|0.024756|0.025826|0.143518,-1.411465483627772e-17
10000,NEED36|CHOOSE19|GOAL_150|SNode_52|SNode_137,220,160,0.010425567626953125,0.009531259536743164,1.093828951647197,0.113476|0.025520|0.042720|0.009607|0.034748|0.007822|0.013082|0.002945|0.102720|0.023100|0.050138|0.011276|0.031445|0.007078|0.015363|0.003458|0.112130|0.029943|0.042213|0.011273|0.034349|0.009183|0.012931|0.003457|0.101502|0.027105|0.049543|0.013231|0.031083|0.008310|0.015187|0.004060,0.113476|0.025520|0.042720|0.009607|0.034748|0.007822|0.013082|0.002945|0.102720|0.023100|0.050138|0.011276|0.031445|0.007078|0.015363|0.003458|0.112130|0.029943|0.042213|0.011273|0.034349|0.009183|0.012931|0.003457|0.101502|0.027105|0.049543|0.013231|0.031083|0.008310|0.015187|0.004060,-1.583249369515577e-17
10000,GOAL_142|SNode_122|SNode_11|COMPO16|NEWTONS45,220,137,0.008433818817138672,0.007708072662353516,1.0941540364986082,0.002467|0.002497|0.002450|0.002479|0.130193|0.131749|0.129286|0.130826|0.001220|0.001235|0.001212|0.001227|0.064387|0.065166|0.063969|0.064743|0.000631|0.000639|0.000627|0.000635|0.033319|0.033725|0.033091|0.033496|0.000319|0.000323|0.000317|0.000321|0.016808|0.017021|0.016703|0.016918,0.002467|0.002497|0.002450|0.002479|0.130193|0.131749|0.129286|0.130826|0.001220|0.001235|0.001212|0.001227|0.064387|0.065166|0.063969|0.064743|0.000631|0.000639|0.000627|0.000635|0.033319|0.033725|0.033091|0.033496|0.000319|0.000323|0.000317|0.000321|0.016808|0.017021|0.016703|0.016918,-1.2945527477146456e-16
10000,GOAL_50|GIVEN21|SNode_151|GOAL_57|GRAV78,220,162,0.010884761810302734,0.010009765625,1.0874142530487805,0.020711|0.015496|0.008268|0.006186|0.002169|0.007003|0.000866|0.002796|0.188706|0.141188|0.075334|0.056361|0.019764|0.063809|0.007890|0.025476|0.010975|0.008207|0.005183|0.003875|0.001149|0.003716|0.000543|0.001755|0.099997|0.074771|0.047224|0.035307|0.010473|0.033859|0.004946|0.015994,0.020711|0.015496|0.008268|0.006186|0.002169|0.007003|0.000866|0.002796|0.188706|0.141188|0.075334|0.056361|0.019764|0.063809|0.007890|0.025476|0.010975|0.008207|0.005183|0.003875|0.001149|0.003716|0.000543|0.001755|0.099997|0.074771|0.047224|0.035307|0.010473|0.033859|0.004946|0.015994,5.734042369834386e-17
10000,VECTOR44|VALUE3|SNode_117|TRY25|NEED67,220,122,0.0069065093994140625,0.005909442901611328,1.168724279835391,0.007906|0.008020|0.072263|0.073311|0.003940|0.003997|0.036029|0.036551|0.007940|0.008056|0.072581|0.073634|0.003957|0.004015|0.036188|0.036712|0.008391|0.008513|0.076701|0.077814|0.004182|0.004243|0.038243|0.038797|0.008428|0.008551|0.077039|0.078157|0.004200|0.004261|0.038411|0.038968,0.007906|0.008020|0.072263|0.073311|0.003940|0.003997|0.036029|0.036551|0.007940|0.008056|0.072581|0.073634|0.003957|0.004015|0.036188|0.036712|0.008391|0.008513|0.076701|0.077814|0.004182|0.004243|0.038243|0.038797|0.008428|0.008551|0.077039|0.078157|0.004200|0.004261|0.038411|0.038968,1.3010154965752575e-16
10000,GOAL_103|TRY24|SNode_29|SNode_59|RESOLVE37,220,108,0.006070375442504883,0.005121707916259766,1.1852248394004283,0.015892|0.016252|0.007360|0.007527|0.008772|0.008970|0.004098|0.004191|0.150202|0.153604|0.069555|0.071130|0.082896|0.084774|0.038723|0.039600|0.004402|0.004502|0.002039|0.002085|0.002430|0.002485|0.001135|0.001161|0.047021|0.048086|0.021783|0.022277|0.025960|0.026548|0.012133|0.012408,0.015892|0.016252|0.007360|0.007527|0.008772|0.008970|0.004098|0.004191|0.150202|0.153604|0.069555|0.071130|0.082896|0.084774|0.038723|0.039600|0.004402|0.004502|0.002039|0.002085|0.002430|0.002485|0.001135|0.001161|0.047021|0.048086|0.021783|0.022277|0.025960|0.026548|0.012133|0.012408,-1.352007618768336e-16
10000,WRITE31|RApp2|DISPLACEM0|VECTOR70|SNode_118,220,125,0.007260560989379883,0.006276607513427734,1.1567651751120565,0.000339|0.000087|0.002835|0.000982|0.000333|0.000086|0.002786|0.000965|0.019841|0.005095|0.165928|0.057496|0.019495|0.005006|0.163033|0.056493|0.000338|0.000087|0.002826|0.000979|0.000332|0.000085|0.002777|0.000962|0.019777|0.005078|0.165398|0.057312|0.019432|0.004990|0.162513|0.056313,0.000339|0.000087|0.002835|0.000982|0.000333|0.000086|0.002786|0.000965|0.019841|0.005095|0.165928|0.057496|0.019495|0.005006|0.163033|0.056493|0.000338|0.000087|0.002826|0.000979|0.000332|0.000085|0.002777|0.000962|0.019777|0.005078|0.165398|0.057312|0.019432|0.004990|0.162513|0.056313,-9.532610875854127e-17
10000,SNode_33|SNode_112|SNode_75|SNode_55|IDENTIFY22,220,121,0.006838083267211914,0.0058863162994384766,1.1616914415326665,0.019925|0.020385|0.006178|0.006321|0.003572|0.003655|0.001370|0.001401|0.013415|0.013724|0.004114|0.004209|0.002667|0.002729|0.001052|0.001077|0.167242|0.171099|0.053176|0.054403|0.029978|0.030670|0.011787|0.012059|0.112826|0.115428|0.035479|0.036297|0.022439|0.022957|0.009079|0.009288,0.019925|0.020385|0.006178|0.006321|0.003572|0.003655|0.001370|0.001401|0.013415|0.013724|0.004114|0.004209|0.002667|0.002729|0.001052|0.001077|0.167242|0.171099|0.053176|0.054403|0.029978|0.030670|0.011787|0.012059|0.112826|0.115428|0.035479|0.036297|0.022439|0.022957|0.009079|0.009288,2.5594305520004893e-16
10000,GOAL_107|SNode_152|SNode_20|GOAL_150|IDENTIFY55,220,160,0.010567903518676758,0.009796380996704102,1.078755871401105,0.076581|0.077878|0.020020|0.020359|0.105742|0.107530|0.035817|0.036428|0.044173|0.044921|0.011548|0.011744|0.060993|0.062024|0.020653|0.021005|0.018935|0.019256|0.004950|0.005034|0.026142|0.026584|0.008859|0.009011|0.019731|0.020066|0.005157|0.005245|0.027242|0.027702|0.009257|0.009415,0.076581|0.077878|0.020020|0.020359|0.105742|0.107530|0.035817|0.036428|0.044173|0.044921|0.011548|0.011744|0.060993|0.062024|0.020653|0.021005|0.018935|0.019256|0.004950|0.005034|0.026142|0.026584|0.008859|0.009011|0.019731|0.020066|0.005157|0.005245|0.027242|0.027702|0.009257|0.009415,1.1693770962373721e-16
10000,WRITE64|WRITE30|RApp4|SNode_94|GOAL_108,220,114,0.0065195560455322266,0.0055713653564453125,1.1701900034234851,0.070769|0.018669|0.030035|0.007917|0.069618|0.018365|0.029546|0.007788|0.069866|0.018431|0.029656|0.007817|0.068729|0.018131|0.029174|0.007690|0.053681|0.034973|0.022449|0.015170|0.052808|0.034404|0.022084|0.014923|0.052996|0.034527|0.022166|0.014979|0.052134|0.033965|0.021805|0.014736,0.070769|0.018669|0.030035|0.007917|0.069618|0.018365|0.029546|0.007788|0.069866|0.018431|0.029656|0.007817|0.068729|0.018131|0.029174|0.007690|0.053681|0.034973|0.022449|0.015170|0.052808|0.034404|0.022084|0.014923|0.052996|0.034527|0.022166|0.014979|0.052134|0.033965|0.021805|0.014736,3.32609662046191e-18
10000,NEED1|SLIDING4|RESOLVE37|SNode_75|GOAL_121,220,117,0.00667572021484375,0.0056400299072265625,1.1836320595197836,0.014201|0.006551|0.002822|0.001302|0.014523|0.006699|0.002886|0.001332|0.125909|0.058196|0.025014|0.011573|0.128762|0.059515|0.025581|0.011835|0.014390|0.006638|0.002859|0.001320|0.014716|0.006788|0.002924|0.001349|0.127582|0.058970|0.025346|0.011726|0.130473|0.060306|0.025920|0.011992,0.014201|0.006551|0.002822|0.001302|0.014523|0.006699|0.002886|0.001332|0.125909|0.058196|0.025014|0.011573|0.128762|0.059515|0.025581|0.011835|0.014390|0.006638|0.002859|0.001320|0.014716|0.006788|0.002924|0.001349|0.127582|0.058970|0.025346|0.011726|0.130473|0.060306|0.025920|0.011992,6.877209636799826e-18
10000,SNode_122|TRY76|SNode_51|SNode_116|SNode_24,220,135,0.008016109466552734,0.007245779037475586,1.1063143693856734,0.155122|0.066170|0.018813|0.008027|0.053464|0.022806|0.006485|0.002767|0.155495|0.066329|0.018859|0.008046|0.053593|0.022861|0.006501|0.002774|0.076684|0.032710|0.009719|0.004147|0.026431|0.011274|0.003350|0.001430|0.076868|0.032789|0.009742|0.004157|0.026494|0.011301|0.003359|0.001433,0.155122|0.066170|0.018813|0.008027|0.053464|0.022806|0.006485|0.002767|0.155495|0.066329|0.018859|0.008046|0.053593|0.022861|0.006501|0.002774|0.076684|0.032710|0.009719|0.004147|0.026431|0.011274|0.003350|0.001430|0.076868|0.032789|0.009742|0.004157|0.026494|0.011301|0.003359|0.001433,3.3881449757408968e-18
10000,SNode_67|RApp3|VECTOR27|GOAL_146|GOAL_98,220,136,0.009911060333251953,0.007542610168457031,1.3140093564293842,0.170822|0.058850|0.044262|0.015275|0.171346|0.063996|0.044402|0.016610|0.035884|0.012362|0.009298|0.003209|0.035994|0.013443|0.009327|0.003489|0.070072|0.024179|0.018177|0.006286|0.070285|0.026292|0.018234|0.006835|0.014888|0.005138|0.003862|0.001336|0.014933|0.005587|0.003874|0.001453,0.170822|0.058850|0.044262|0.015275|0.171346|0.063996|0.044402|0.016610|0.035884|0.012362|0.009298|0.003209|0.035994|0.013443|0.009327|0.003489|0.070072|0.024179|0.018177|0.006286|0.070285|0.026292|0.018234|0.006835|0.014888|0.005138|0.003862|0.001336|0.014933|0.005587|0.003874|0.001453,-6.029629016802029e-17
10000,GOAL_61|SNode_128|CHOOSE47|SNode_154|WEIGHT56,220,124,0.007311105728149414,0.006294965744018555,1.161421050638185,0.045590|0.107130|0.019882|0.046734|0.045699|0.107370|0.019930|0.046841|0.029119|0.068551|0.016748|0.039493|0.029190|0.068724|0.016789|0.039603|0.015397|0.036179|0.006716|0.015786|0.015434|0.036260|0.006732|0.015822|0.009847|0.023183|0.005670|0.013373|0.009871|0.023241|0.005684|0.013410,0.045590|0.107130|0.019882|0.046734|0.045699|0.107370|0.019930|0.046841|0.029119|0.068551|0.016748|0.039493|0.029190|0.068724|0.016789|0.039603|0.015397|0.036179|0.006716|0.015786|0.015434|0.036260|0.006732|0.015822|0.009847|0.023183|0.005670|0.013373|0.009871|0.023241|0.005684|0.013410,-1.0226662987879471e-16
10000,RApp11|APPLY77|GOAL_84|FORCE60|GIVEN21,220,136,0.008368253707885742,0.0076062679290771484,1.10017866658308,0.005404|0.049224|0.021750|0.198132|0.003455|0.031474|0.013908|0.126684|0.005358|0.048813|0.021568|0.196474|0.003426|0.031211|0.013792|0.125624|0.000601|0.005485|0.002419|0.022080|0.000422|0.003853|0.001698|0.015511|0.000596|0.005439|0.002399|0.021895|0.000418|0.003820|0.001684|0.015381,0.005404|0.049224|0.021750|0.198132|0.003455|0.031474|0.013908|0.126684|0.005358|0.048813|0.021568|0.196474|0.003426|0.031211|0.013792|0.125624|0.000601|0.005485|0.002419|0.022080|0.000422|0.003853|0.001698|0.015511|0.000596|0.005439|0.002399|0.021895|0.000418|0.003820|0.001684|0.015381,4.4912610208676744e-17
10000,GOAL_129|SNode_71|SNode_132|RApp6|SNode_74,220,127,0.007945060729980469,0.006805896759033203,1.16737896728088,0.397126|0.045200|0.057366|0.006579|0.044618|0.005082|0.006483|0.000744|0.078412|0.009197|0.012273|0.001522|0.008874|0.001042|0.001400|0.000174|0.188258|0.021424|0.027209|0.003120|0.023323|0.002660|0.003432|0.000395|0.037116|0.004352|0.005810|0.000720|0.004691|0.000552|0.000752|0.000094,0.397126|0.045200|0.057366|0.006579|0.044618|0.005082|0.006483|0.000744|0.078412|0.009197|0.012273|0.001522|0.008874|0.001042|0.001400|0.000174|0.188258|0.021424|0.027209|0.003120|0.023323|0.002660|0.003432|0.000395|0.037116|0.004352|0.005810|0.000720|0.004691|0.000552|0.000752|0.000094,-2.0581690181234054e-17
10000,GOAL_114|SNode_4|SNode_64|GOAL_49|GOAL_79,220,118,0.0067310333251953125,0.005747079849243164,1.1712092926778677,0.004990|0.001238|0.003326|0.000825|0.002115|0.000524|0.001425|0.000353|0.219943|0.055616|0.146623|0.037081|0.092938|0.023831|0.062605|0.016079|0.002462|0.000612|0.001642|0.000408|0.001044|0.000259|0.000703|0.000175|0.108541|0.027474|0.072369|0.018319|0.045865|0.011773|0.030901|0.007944,0.004990|0.001238|0.003326|0.000825|0.002115|0.000524|0.001425|0.000353|0.219943|0.055616|0.146623|0.037081|0.092938|0.023831|0.062605|0.016079|0.002462|0.000612|0.001642|0.000408|0.001044|0.000259|0.000703|0.000175|0.108541|0.027474|0.072369|0.018319|0.045865|0.011773|0.030901|0.007944,3.149765262570592e-17
10000,GOAL_80|GOAL_143|GOAL_110|VECTOR27|WEIGHT57,220,131,0.008144140243530273,0.00732874870300293,1.1112593122743095,0.058605|0.141484|0.060031|0.144924|0.027741|0.066874|0.028447|0.068572|0.014311|0.034629|0.014660|0.035475|0.006796|0.016543|0.006970|0.016970|0.020256|0.048877|0.020752|0.050073|0.009610|0.023126|0.009852|0.023704|0.004939|0.011975|0.005060|0.012270|0.002357|0.005778|0.002416|0.005926,0.058605|0.141484|0.060031|0.144924|0.027741|0.066874|0.028447|0.068572|0.014311|0.034629|0.014660|0.035475|0.006796|0.016543|0.006970|0.016970|0.020256|0.048877|0.020752|0.050073|0.009610|0.023126|0.009852|0.023704|0.004939|0.011975|0.005060|0.012270|0.002357|0.005778|0.002416|0.005926,-4.274302290535394e-17
10000,GOAL_79|KNOWN6|SNode_34|IDENTIFY41|GRAV2,220,78,0.003503561019897461,0.0036323070526123047,0.9645553002953725,0.041773|0.041891|0.040944|0.041059|0.058673|0.058838|0.057507|0.057668|0.041857|0.041974|0.041025|0.041140|0.058789|0.058954|0.057619|0.057780|0.010600|0.010630|0.010393|0.010422|0.014900|0.014942|0.014610|0.014651|0.010622|0.010651|0.010414|0.010443|0.014932|0.014974|0.014643|0.014684,0.041773|0.041891|0.040944|0.041059|0.058673|0.058838|0.057507|0.057668|0.041857|0.041974|0.041025|0.041140|0.058789|0.058954|0.057619|0.057780|0.010600|0.010630|0.010393|0.010422|0.014900|0.014942|0.014610|0.014651|0.010622|0.010651|0.010414|0.010443|0.014932|0.014974|0.014643|0.014684,-2.4308161215116137e-16
10000,NORMAL52|GRAV78|GOAL_66|RApp9|NEED67,220,118,0.0067217350006103516,0.005732536315917969,1.1725586424887706,0.124731|0.088265|0.000000|0.038275|0.037528|0.026555|0.000000|0.011518|0.122653|0.086795|0.000000|0.037637|0.036903|0.026112|0.000000|0.011326|0.067666|0.047884|0.000000|0.020764|0.020359|0.014406|0.000000|0.006248|0.066539|0.047086|0.000000|0.020418|0.020020|0.014166|0.000000|0.006144,0.124731|0.088265|0.000000|0.038275|0.037528|0.026555|0.000000|0.011518|0.122653|0.086795|0.000000|0.037637|0.036903|0.026112|0.000000|0.011326|0.067666|0.047884|0.000000|0.020764|0.020359|0.014406|0.000000|0.006248|0.066539|0.047086|0.000000|0.020418|0.020020|0.014166|0.000000|0.006144,-3.935285076958741e-17
10000,GRAV2|SNode_116|SNode_118|GOAL72|SUM75,220,136,0.008060932159423828,0.007132053375244141,1.1302400213946646,0.083010|0.084383|0.081987|0.083343|0.027905|0.028366|0.027561|0.028017|0.010165|0.010333|0.010040|0.010206|0.003489|0.003546|0.003446|0.003503|0.083243|0.084620|0.082217|0.083577|0.027983|0.028446|0.027638|0.028095|0.010194|0.010362|0.010068|0.010235|0.003498|0.003556|0.003455|0.003512,0.083010|0.084383|0.081987|0.083343|0.027905|0.028366|0.027561|0.028017|0.010165|0.010333|0.010040|0.010206|0.003489|0.003546|0.003446|0.003503|0.083243|0.084620|0.082217|0.083577|0.027983|0.028446|0.027638|0.028095|0.010194|0.010362|0.010068|0.010235|0.003498|0.003556|0.003455|0.003512,-4.609897739689773e-17
10000,IDENTIFY10|INCLINE51|GOAL_72|SNode_37|RApp9,220,121,0.006968975067138672,0.005939483642578125,1.173330122029544,0.148209|0.026613|0.065924|0.011863|0.044122|0.007928|0.019760|0.003558|0.080403|0.014437|0.035763|0.006435|0.023936|0.004301|0.010720|0.001930|0.144242|0.025900|0.064158|0.011545|0.043601|0.007834|0.019528|0.003516|0.078251|0.014051|0.034805|0.006263|0.023653|0.004250|0.010594|0.001908,0.148209|0.026613|0.065924|0.011863|0.044122|0.007928|0.019760|0.003558|0.080403|0.014437|0.035763|0.006435|0.023936|0.004301|0.010720|0.001930|0.144242|0.025900|0.064158|0.011545|0.043601|0.007834|0.019528|0.003516|0.078251|0.014051|0.034805|0.006263|0.023653|0.004250|0.010594|0.001908,-2.135736220549282e-16
10000,MAXIMIZE34|SNode_119|KINEMATI17|TRY25|RESOLVE38,220,131,0.00775599479675293,0.006712436676025391,1.1554663635717837,0.011125|0.011183|0.101646|0.102176|0.010930|0.010987|0.099873|0.100393|0.001485|0.001493|0.013630|0.013701|0.001459|0.001467|0.013392|0.013462|0.010756|0.010812|0.098281|0.098793|0.010569|0.010624|0.096566|0.097069|0.001436|0.001444|0.013186|0.013254|0.001411|0.001419|0.012956|0.013023,0.011125|0.011183|0.101646|0.102176|0.010930|0.010987|0.099873|0.100393|0.001485|0.001493|0.013630|0.013701|0.001459|0.001467|0.013392|0.013462|0.010756|0.010812|0.098281|0.098793|0.010569|0.010624|0.096566|0.097069|0.001436|0.001444|0.013186|0.013254|0.001411|0.001419|0.012956|0.013023,-5.038682357990524e-17
10000,SNode_128|APPLY32|SNode_91|GOAL_143|GOAL_114,220,142,0.00915670394897461,0.00818777084350586,1.118339060043096,0.122245|0.058128|0.029807|0.014376|0.035746|0.016996|0.008717|0.004212|0.125214|0.059540|0.030531|0.014726|0.036614|0.017408|0.008929|0.004315|0.083470|0.043025|0.020356|0.010762|0.024438|0.012599|0.005961|0.003163|0.085497|0.044070|0.020851|0.011024|0.025032|0.012905|0.006105|0.003240,0.122245|0.058128|0.029807|0.014376|0.035746|0.016996|0.008717|0.004212|0.125214|0.059540|0.030531|0.014726|0.036614|0.017408|0.008929|0.004315|0.083470|0.043025|0.020356|0.010762|0.024438|0.012599|0.005961|0.003163|0.085497|0.044070|0.020851|0.011024|0.025032|0.012905|0.006105|0.003240,-9.894914122112946e-18
10000,GOAL_130|GRAV2|SNode_70|GOAL_149|SNode_3,220,153,0.01040959358215332,0.009545564651489258,1.0905162724479855,0.002685|0.129563|0.002143|0.103423|0.001105|0.053329|0.000882|0.042586|0.002692|0.129927|0.002149|0.103713|0.001108|0.053478|0.000885|0.042705|0.001307|0.063073|0.001045|0.050453|0.000538|0.025955|0.000431|0.020782|0.001311|0.063250|0.001048|0.050595|0.000539|0.026027|0.000432|0.020840,0.002685|0.129563|0.002143|0.103423|0.001105|0.053329|0.000882|0.042586|0.002692|0.129927|0.002149|0.103713|0.001108|0.053478|0.000885|0.042705|0.001307|0.063073|0.001045|0.050453|0.000538|0.025955|0.000431|0.020782|0.001311|0.063250|0.001048|0.050595|0.000539|0.026027|0.000432|0.020840,-2.0106059845167622e-16
10000,CHOOSE62|SNode_124|GOAL_103|SNode_60|SNode_38,220,131,0.007740020751953125,0.006852865219116211,1.1294576070695475,0.128519|0.073929|0.087203|0.050167|0.039423|0.023054|0.026751|0.015633|0.014918|0.010486|0.010122|0.007116|0.004642|0.003434|0.003156|0.002346|0.128057|0.073663|0.086890|0.049987|0.039260|0.022916|0.026628|0.015508|0.014865|0.010448|0.010086|0.007090|0.004647|0.003477|0.003172|0.002406,0.128519|0.073929|0.087203|0.050167|0.039423|0.023054|0.026751|0.015633|0.014918|0.010486|0.010122|0.007116|0.004642|0.003434|0.003156|0.002346|0.128057|0.073663|0.086890|0.049987|0.039260|0.022916|0.026628|0.015508|0.014865|0.010448|0.010086|0.007090|0.004647|0.003477|0.003172|0.002406,-1.1600102411777155e-18
10000,GRAV78|CHOOSE62|NORMAL50|SNode_95|SNode_135,220,130,0.00782918930053711,0.006719350814819336,1.1651704928502997,0.071531|0.008346|0.041382|0.004842|0.071577|0.008523|0.041292|0.005061|0.071272|0.008318|0.041232|0.004825|0.071318|0.008495|0.041141|0.005045|0.070340|0.008207|0.040692|0.004761|0.070385|0.008381|0.040604|0.004976|0.070085|0.008179|0.040545|0.004745|0.070129|0.008354|0.040456|0.004961,0.071531|0.008346|0.041382|0.004842|0.071577|0.008523|0.041292|0.005061|0.071272|0.008318|0.041232|0.004825|0.071318|0.008495|0.041141|0.005045|0.070340|0.008207|0.040692|0.004761|0.070385|0.008381|0.040604|0.004976|0.070085|0.008179|0.040545|0.004745|0.070129|0.008354|0.040456|0.004961,-6.190060920261508e-17
10000,GOAL_146|FORCE60|GOAL_66|SNode_34|GOAL_127,220,134,0.008431434631347656,0.007413148880004883,1.137362107226707,0.035634|0.014984|0.049880|0.020975|0.010625|0.004468|0.015104|0.006352|0.143324|0.060419|0.200620|0.084576|0.042734|0.018016|0.060747|0.025611|0.009204|0.003922|0.012884|0.005490|0.002744|0.001169|0.003901|0.001662|0.037022|0.015815|0.051823|0.022140|0.011039|0.004716|0.015692|0.006704,0.035634|0.014984|0.049880|0.020975|0.010625|0.004468|0.015104|0.006352|0.143324|0.060419|0.200620|0.084576|0.042734|0.018016|0.060747|0.025611|0.009204|0.003922|0.012884|0.005490|0.002744|0.001169|0.003901|0.001662|0.037022|0.015815|0.051823|0.022140|0.011039|0.004716|0.015692|0.006704,3.92077289372752e-17
10000,SNode_102|GOAL_50|SNode_155|CHOOSE47|WRITE63,220,124,0.0076389312744140625,0.006537914276123047,1.1684049303478958,0.116007|0.117349|0.115487|0.116816|0.014365|0.014755|0.014360|0.014756|0.064653|0.065401|0.064347|0.065087|0.008009|0.008227|0.008005|0.008227|0.025689|0.025946|0.026480|0.026738|0.003195|0.003321|0.003312|0.003450|0.014349|0.014492|0.014804|0.014948|0.001785|0.001857|0.001853|0.001931,0.116007|0.117349|0.115487|0.116816|0.014365|0.014755|0.014360|0.014756|0.064653|0.065401|0.064347|0.065087|0.008009|0.008227|0.008005|0.008227|0.025689|0.025946|0.026480|0.026738|0.003195|0.003321|0.003312|0.003450|0.014349|0.014492|0.014804|0.014948|0.001785|0.001857|0.001853|0.001931,5.065787542474828e-17
