n,edge_density,seed,X,Y,true_effect,H_size,H_reduction,time_H,X_nbrs,X_nbrs_outside_H,n_X_nbrs_outside_H,H_ext_size,H_ext_reduction,time_ext_IDGraphs,n_mpdags_ext,time_full_IDGraphs,n_mpdags_full,effects_only_in_full,effects_only_in_ext,n_only_in_full,n_only_in_ext,effects_full,effects_ext,n_distinct_full,n_distinct_ext,same_count,same_values,is_false,n_ext_empty_P,false_empty_risk,Time_Full,Time_Local,Speedup,Speedup_IDG,n_raw_full,n_raw_ext
20,0.05,200500,v16,v11,0.0,3,0.15,0.00013256072998046875,v17,,0,3,0.15,0.0906682014465332,2,0.036834001541137695,2,,,0,0,0.0|0.3333,0.0|0.3333,2,2,True,True,False,1,False,0.036834001541137695,0.09080076217651367,0.4056574048302989,0.4062504930447816,2,2
20,0.05,200504,v13,v1,0.0,4,0.2,0.00014138221740722656,v12|v14,v12,1,5,0.25,0.018085241317749023,2,0.029244422912597656,2,,,0,0,0.0|0.5,0.0|0.5,2,2,True,True,False,1,True,0.029244422912597656,0.01822662353515625,1.6044893260778568,1.617032496209874,2,2
20,0.05,200501,v6,v19,0.0,3,0.15,0.00016689300537109375,v7,,0,3,0.15,0.09090757369995117,2,0.028783798217773438,2,,,0,0,0.0|0.6667,0.0|0.6667,2,2,True,True,False,1,False,0.028783798217773438,0.09107446670532227,0.3160468489033859,0.31662706467974844,2,2
20,0.05,200505,v17,v7,0.0,3,0.15,0.00013446807861328125,v3,,0,3,0.15,0.015452384948730469,2,0.02530503273010254,2,,,0,0,0.0|0.5,0.0|0.5,2,2,True,True,False,1,False,0.02530503273010254,0.01558685302734375,1.6234856828193833,1.637613404925014,2,2
20,0.05,200502,v9,v12,0.0,3,0.15,0.0001404285430908203,v3,,0,3,0.15,0.09380435943603516,2,0.03174257278442383,2,,,0,0,0.0|0.3333,0.0|0.3333,2,2,True,True,False,1,False,0.03174257278442383,0.09394478797912598,0.33788540553709967,0.33839123229735363,2,2
20,0.05,200503,v15,v5,0.0,5,0.25,0.0001556873321533203,v2,,0,5,0.25,0.10183405876159668,2,0.04231691360473633,2,,,0,0,0.0|0.3333,0.0|0.3333,2,2,True,True,False,1,False,0.04231691360473633,0.10198974609375,0.41491341262716935,0.41554774619957247,2,2
20,0.05,200507,v9,v17,0.0,3,0.15,0.00013256072998046875,v15,,0,3,0.15,0.014702558517456055,2,0.030881881713867188,2,,,0,0,0.0|0.6667,0.0|0.6667,2,2,True,True,False,1,False,0.030881881713867188,0.014835119247436523,2.0816739790752616,2.100442700309728,2,2
20,0.05,200508,v11,v20,0.0,3,0.15,0.00012254714965820312,v15,,0,3,0.15,0.02052021026611328,2,0.035894155502319336,2,,,0,0,0.0|0.5,0.0|0.5,2,2,True,True,False,1,False,0.035894155502319336,0.020642757415771484,1.7388256219537548,1.749209927034438,2,2
20,0.05,200509,v2,v11,1.0,5,0.25,0.0001575946807861328,v7|v9,v7,1,6,0.3,0.019706010818481445,2,0.030606985092163086,2,,,0,0,0.0|1.0,0.0|1.0,2,2,True,True,False,1,True,0.030606985092163086,0.019863605499267578,1.540857478935113,1.5531801628495034,2,2
20,0.05,200511,v2,v19,0.0,3,0.15,9.942054748535156e-05,v17,,0,3,0.15,0.012597084045410156,2,0.02034306526184082,2,,,0,0,0.0|0.5,0.0|0.5,2,2,True,True,False,1,False,0.02034306526184082,0.012696504592895508,1.6022571498319345,1.6149027178438944,2,2
20,0.05,200510,v7,v4,0.0,3,0.15,0.00011873245239257812,v3,,0,3,0.15,0.017452478408813477,2,0.030679941177368164,2,,,0,0,0.0|0.3333,0.0|0.3333,2,2,True,True,False,1,False,0.030679941177368164,0.017571210861206055,1.7460345459232824,1.7579131432630701,2,2
20,0.05,200512,v11,v1,0.0,5,0.25,0.00016379356384277344,v13|v14,v14,1,6,0.3,0.013849258422851562,2,0.02601933479309082,2,,,0,0,0.0|0.5,0.0|0.5,2,2,True,True,False,1,True,0.02601933479309082,0.014013051986694336,1.8567928541046363,1.878752926594133,2,2
20,0.05,200513,v18,v2,1.0,4,0.2,0.00012731552124023438,v14|v5,v14,1,5,0.25,0.014091253280639648,2,0.026649951934814453,2,,,0,0,0.0|1.0,0.0|1.0,2,2,True,True,False,1,True,0.026649951934814453,0.014218568801879883,1.8743062192933917,1.8912407153613184,2,2
20,0.05,200516,v17,v9,1.0,4,0.2,0.00014162063598632812,v5|v7,v7,1,5,0.25,0.013164997100830078,2,0.0313267707824707,2,,,0,0,0.0|1.0,0.0|1.0,2,2,True,True,False,1,True,0.0313267707824707,0.013306617736816406,2.3542248978714255,2.3795501466912965,2,2
20,0.05,200517,v11,v16,1.0,5,0.25,0.00014495849609375,v20|v6,v6,1,6,0.3,0.014533758163452148,2,0.027332067489624023,2,,,0,0,0.0|1.0,0.0|1.0,2,2,True,True,False,1,True,0.027332067489624023,0.014678716659545898,1.8620202381145743,1.8805918732262668,2,2
20,0.05,200518,v4,v12,0.0,5,0.25,0.00016951560974121094,v11,,0,5,0.25,0.014527320861816406,2,0.033919334411621094,2,,,0,0,0.0|0.5,0.0|0.5,2,2,True,True,False,1,False,0.033919334411621094,0.014696836471557617,2.3079343964440406,2.3348650955163133,2,2
20,0.05,200519,v13,v19,1.0,4,0.2,0.00011754035949707031,v16,,0,4,0.2,0.013416051864624023,2,0.03677511215209961,2,,,0,0,0.0|1.0,0.0|1.0,2,2,True,True,False,1,False,0.03677511215209961,0.013533592224121094,2.7173208371503064,2.7411277567485914,2,2
20,0.05,200521,v18,v5,1.0,3,0.15,0.00011301040649414062,v14,,0,3,0.15,0.014469623565673828,2,0.03379249572753906,2,,,0,0,0.0|1.0,0.0|1.0,2,2,True,True,False,1,False,0.03379249572753906,0.014582633972167969,2.3173108364397357,2.3354094579008073,2,2
20,0.05,200523,v19,v10,0.0,6,0.3,0.00012946128845214844,v20,,0,6,0.3,0.015771865844726562,2,0.02280426025390625,2,,,0,0,0.0|0.5,0.0|0.5,2,2,True,True,False,1,False,0.02280426025390625,0.01590132713317871,1.4341105030362096,1.4458822106663443,2,2
20,0.05,200522,v14,v18,0.0,4,0.2,0.0001270771026611328,v12,,0,4,0.2,0.015288829803466797,2,0.03177642822265625,2,,,0,0,0.0|0.5,0.0|0.5,2,2,True,True,False,1,False,0.03177642822265625,0.01541590690612793,2.061275305835228,2.0784081339862146,2,2
20,0.05,200524,v6,v8,0.0,3,0.15,0.00011229515075683594,v13,,0,3,0.15,0.015427350997924805,2,0.030234813690185547,2,,,0,0,0.0|0.3333,0.0|0.3333,2,2,True,True,False,1,False,0.030234813690185547,0.01553964614868164,1.945656509865292,1.9598188758557806,2,2
20,0.05,200515,v7,v5,0.0,3,0.15,0.00013947486877441406,v12|v13,v12,1,4,0.2,0.09585809707641602,2,0.02732706069946289,2,,,0,0,0.0|0.5,0.0|0.5,2,2,True,True,False,1,True,0.02732706069946289,0.09599757194519043,0.2846640820776718,0.28507827228907273,2,2
20,0.05,200525,v1,v16,1.0,7,0.35,0.00020003318786621094,v13,,0,7,0.35,0.01599884033203125,2,0.022628307342529297,2,,,0,0,0.0|1.0,0.0|1.0,2,2,True,True,False,1,False,0.022628307342529297,0.01619887351989746,1.3969062302223922,1.4143717215069147,2,2
20,0.05,200514,v18,v1,0.0,5,0.25,0.0001678466796875,v10,,0,5,0.25,0.09617185592651367,2,0.030374526977539062,2,,,0,0,0.0|0.3333,0.0|0.3333,2,2,True,True,False,1,False,0.030374526977539062,0.09633970260620117,0.31528566266908864,0.3158359239812184,2,2
20,0.05,200526,v13,v2,0.0,4,0.2,0.000110626220703125,v16,,0,4,0.2,0.014208793640136719,2,0.021823406219482422,2,,,0,0,0.0|0.5,0.0|0.5,2,2,True,True,False,1,False,0.021823406219482422,0.014319419860839844,1.5240426240426241,1.5359084502315592,2,2
20,0.05,200527,v13,v11,0.0,3,0.15,0.0001380443572998047,v9,,0,3,0.15,0.012496471405029297,2,0.02677631378173828,2,,,0,0,0.0|0.5,0.0|0.5,2,2,True,True,False,1,False,0.02677631378173828,0.012634515762329102,2.1192987753099466,2.1427099629869883,2,2
20,0.05,200528,v19,v14,1.0,4,0.2,0.00017499923706054688,v12|v8,v12,1,5,0.25,0.012815713882446289,2,0.02709197998046875,2,,,0,0,0.0|1.0,0.0|1.0,2,2,True,True,False,1,True,0.02709197998046875,0.012990713119506836,2.0854882816084572,2.1139657321451826,2,2
20,0.05,200530,v18,v11,0.0,4,0.2,0.00011587142944335938,v4,,0,4,0.2,0.01241445541381836,2,0.027936935424804688,2,,,0,0,0.0|0.6667,0.0|0.6667,2,2,True,True,False,1,False,0.027936935424804688,0.012530326843261719,2.2295456275211203,2.2503552909544844,2,2
20,0.05,200529,v5,v9,0.0,3,0.15,0.00010466575622558594,v11|v8,v8,1,4,0.2,0.017363786697387695,2,0.022356510162353516,2,,,0,0,0.0|0.5,0.0|0.5,2,2,True,True,False,1,True,0.022356510162353516,0.01746845245361328,1.2798220232570836,1.287536558239163,2,2
20,0.05,200532,v13,v3,0.0,3,0.15,0.00011324882507324219,v2,,0,3,0.15,0.012869596481323242,2,0.027066469192504883,2,,,0,0,0.0|0.5,0.0|0.5,2,2,True,True,False,1,False,0.027066469192504883,0.012982845306396484,2.084787159804606,2.103132699753608,2,2
20,0.05,200533,v5,v2,1.0,3,0.15,0.00010347366333007812,v18,,0,3,0.15,0.012583017349243164,2,0.02694845199584961,2,,,0,0,0.0|1.0,0.0|1.0,2,2,True,True,False,1,False,0.02694845199584961,0.012686491012573242,2.1241848489973876,2.1416526138279934,2,2
20,0.05,200531,v18,v3,0.0,3,0.15,0.00011682510375976562,v15,,0,3,0.15,0.016466617584228516,2,0.044321298599243164,2,,,0,0,0.0|0.5,0.0|0.5,2,2,True,True,False,1,False,0.044321298599243164,0.01658344268798828,2.6726234976134338,2.69158486085773,2,2
20,0.05,200536,v3,v8,0.0,6,0.3,0.0001838207244873047,v4,,0,6,0.3,0.02240157127380371,2,0.0217587947845459,2,,,0,0,0.0|1.0,0.0|1.0,2,2,True,True,False,1,False,0.0217587947845459,0.022585391998291016,0.9634012456455189,0.9713066337445055,2,2
20,0.05,200539,v20,v1,0.0,3,0.15,0.00013017654418945312,v17,,0,3,0.15,0.01378774642944336,2,0.022099733352661133,2,,,0,0,0.0|1.0,0.0|1.0,2,2,True,True,False,1,False,0.022099733352661133,0.013917922973632812,1.5878614499109223,1.602853190385613,2,2
20,0.05,200537,v3,v4,1.0,3,0.15,0.00010395050048828125,v6,,0,3,0.15,0.01299595832824707,2,0.035788536071777344,2,,,0,0,0.0|1.0,0.0|1.0,2,2,True,True,False,1,False,0.035788536071777344,0.013099908828735352,2.731968331968332,2.753820470014126,2,2
20,0.05,200540,v18,v12,1.0,3,0.15,0.00014591217041015625,v14|v3,v3,1,4,0.2,0.014371633529663086,2,0.028445959091186523,2,,,0,0,0.0|1.0,0.0|1.0,2,2,True,True,False,1,True,0.028445959091186523,0.014517545700073242,1.9594192902070913,1.979312861859022,2,2
20,0.05,200538,v11,v19,0.0,4,0.2,0.00010895729064941406,v8,,0,4,0.2,0.020490407943725586,2,0.024857521057128906,2,,,0,0,0.0|0.5,0.0|0.5,2,2,True,True,False,1,False,0.024857521057128906,0.020599365234375,1.206712962962963,1.2131296324307972,2,2
20,0.05,200541,v6,v3,0.0,9,0.45,0.00016808509826660156,v11,,0,9,0.45,0.015592336654663086,2,0.025148868560791016,2,,,0,0,0.0|0.5,0.0|0.5,2,2,True,True,False,1,False,0.025148868560791016,0.015760421752929688,1.595697688490863,1.6128992798055015,2,2
20,0.05,200542,v12,v5,0.0,3,0.15,0.00013303756713867188,v19,,0,3,0.15,0.014239072799682617,2,0.024121522903442383,2,,,0,0,0.0|0.5,0.0|0.5,2,2,True,True,False,1,False,0.024121522903442383,0.014372110366821289,1.6783563643602462,1.6940374730003516,2,2
20,0.05,200544,v9,v5,1.0,4,0.2,0.0001227855682373047,v1,,0,4,0.2,0.013859272003173828,2,0.023079633712768555,2,,,0,0,0.0|1.0,0.0|1.0,2,2,True,True,False,1,False,0.023079633712768555,0.013982057571411133,1.6506607553926167,1.6652847066918974,2,2
20,0.05,200545,v4,v17,0.0,6,0.3,0.00016760826110839844,v19,,0,6,0.3,0.015101194381713867,2,0.022547245025634766,2,,,0,0,0.0|0.6667,0.0|0.6667,2,2,True,True,False,1,False,0.022547245025634766,0.015268802642822266,1.4766871740420349,1.4930769352215854,2,2
20,0.05,200546,v9,v4,0.0,3,0.15,0.0001323223114013672,v14,,0,3,0.15,0.014065742492675781,2,0.023698091506958008,2,,,0,0,0.0|0.6667,0.0|0.6667,2,2,True,True,False,1,False,0.023698091506958008,0.014198064804077148,1.6691071518530336,1.684809139602685,2,2
20,0.05,200543,v1,v20,0.0,4,0.2,0.00013399124145507812,v10|v17,v17,1,5,0.25,0.020384788513183594,2,0.02751898765563965,2,,,0,0,0.0|0.5,0.0|0.5,2,2,True,True,False,1,True,0.02751898765563965,0.020518779754638672,1.3411610234482119,1.3499766081871345,2,2
20,0.05,200547,v6,v12,0.0,5,0.25,0.0001246929168701172,v7,,0,5,0.25,0.021112442016601562,2,0.029725074768066406,2,,,0,0,0.0|0.5,0.0|0.5,2,2,True,True,False,1,False,0.029725074768066406,0.02123713493347168,1.3996744316587146,1.4079410967567079,2,2
20,0.05,200548,v12,v8,1.0,4,0.2,0.00011968612670898438,v9,,0,4,0.2,0.019028186798095703,2,0.019104480743408203,2,,,0,0,0.0|1.0,0.0|1.0,2,2,True,True,False,1,False,0.019104480743408203,0.019147872924804688,0.9977338380316765,1.0040095226162136,2,2
20,0.05,200549,v20,v12,0.0,3,0.15,0.000133514404296875,v10|v19|v9,v10|v19,2,5,0.25,0.02000284194946289,2,0.02141094207763672,2,,,0,0,0.0|0.3333,0.0|0.3333,2,2,True,True,False,1,True,0.02141094207763672,0.020136356353759766,1.0632977337848397,1.0703950034565781,2,2
20,0.1,201000,v8,v2,0.0,5,0.25,0.00017189979553222656,v10|v20,v10,1,6,0.3,0.014404058456420898,2,0.026807546615600586,2,,,0,0,0.0|0.5,0.0|0.5,2,2,True,True,False,1,True,0.026807546615600586,0.014575958251953125,1.8391618686207798,1.8611106513283124,2,2
20,0.1,201002,v6,v18,-7.401486830834378e-17,3,0.15,0.00018405914306640625,v7,,0,3,0.15,0.01294255256652832,2,0.030132532119750977,2,,,0,0,-0.0|0.3333,-0.0|0.3333,2,2,True,True,False,1,False,0.030132532119750977,0.013126611709594727,2.2955300870007447,2.3281753707285624,2,2
20,0.1,201001,v15,v7,0.0,3,0.15,0.00014328956604003906,v13|v16,v13,1,4,0.2,0.018022537231445312,2,0.030106544494628906,2,,,0,0,0.0|0.3333,0.0|0.3333,2,2,True,True,False,1,True,0.030106544494628906,0.01816582679748535,1.657317601354455,1.670494232193883,2,2
20,0.1,201003,v18,v19,0.0,3,0.15,0.00011587142944335938,v7,,0,3,0.15,0.012363910675048828,2,0.023346424102783203,2,,,0,0,0.0|0.5,0.0|0.5,2,2,True,True,False,1,False,0.023346424102783203,0.012479782104492188,1.8707397218401345,1.8882718191985808,2,2
20,0.1,201004,v1,v20,0.0,3,0.15,0.00012636184692382812,v4,,0,3,0.15,0.013085126876831055,2,0.023141860961914062,2,,,0,0,0.0|0.5,0.0|0.5,2,2,True,True,False,1,False,0.023141860961914062,0.013211488723754883,1.751646725497627,1.7685622141646775,2,2
20,0.1,201005,v19,v10,0.0,3,0.15,0.0001418590545654297,v7,,0,3,0.15,0.013247013092041016,2,0.01924300193786621,2,,,0,0,0.0|0.5,0.0|0.5,2,2,True,True,False,1,False,0.01924300193786621,0.013388872146606445,1.437238456470253,1.4526294949785825,2,2
20,0.1,201006,v20,v1,0.0,5,0.25,0.00018167495727539062,v14|v15,v15,1,6,0.3,0.01800990104675293,2,0.02910900115966797,2,,,0,0,0.0|0.5,0.0|0.5,2,2,True,True,False,1,True,0.02910900115966797,0.01819157600402832,1.60013630227651,1.6162776843749587,2,2
20,0.1,201007,v19,v10,0.0,6,0.3,0.0001575946807861328,v12,,0,6,0.3,0.01507115364074707,2,0.025310516357421875,2,,,0,0,0.0|0.5,0.0|0.5,2,2,True,True,False,1,False,0.025310516357421875,0.015228748321533203,1.6620221060212292,1.6794013889548036,2,2
20,0.1,201008,v14,v10,0.0,3,0.15,0.00017547607421875,v11|v12|v19,v11|v12,2,5,0.25,0.016098499298095703,2,0.03570699691772461,2,,,0,0,0.0|0.5,0.0|0.5,2,2,True,True,False,1,True,0.03570699691772461,0.016273975372314453,2.1941164405637434,2.218032641213234,2,2
20,0.1,201010,v13,v4,0.0,9,0.45,0.00022530555725097656,v14,,0,9,0.45,0.019764423370361328,2,0.025075674057006836,2,,,0,0,0.0|0.5,0.0|0.5,2,2,True,True,False,1,False,0.025075674057006836,0.019989728927612305,1.2544279188483236,1.2687278342058916,2,2
20,0.1,201009,v3,v19,0.0,9,0.45,0.0002803802490234375,v9,,0,9,0.45,0.016081571578979492,2,0.027417659759521484,2,,,0,0,0.0|0.5,0.0|0.5,2,2,True,True,False,1,False,0.027417659759521484,0.01636195182800293,1.67569615457473,1.7049117136884553,2,2
20,0.1,201011,v14,v4,2.0,8,0.4,0.00021600723266601562,v2|v7,,0,8,0.4,0.020853519439697266,2,0.027218103408813477,2,,,0,0,1.0|2.0,1.0|2.0,2,2,True,True,False,1,False,0.027218103408813477,0.02106952667236328,1.29182320191916,1.3052043079596642,2,2
20,0.1,201012,v2,v17,2.0,5,0.25,0.0003478527069091797,v11|v18|v20|v3|v5|v7,v11|v18|v3|v5|v7,5,10,0.5,0.0169370174407959,2,0.034528493881225586,2,,,0,0,0.0|2.0,0.0|2.0,2,2,True,True,False,1,True,0.034528493881225586,0.017284870147705078,1.9976137272752352,2.0386407466321317,2,2
20,0.1,201013,v18,v6,0.0,7,0.35,0.0002110004425048828,v9,,0,7,0.35,0.021514177322387695,2,0.0265653133392334,2,,,0,0,0.0|0.5,0.0|0.5,2,2,True,True,False,1,False,0.0265653133392334,0.021725177764892578,1.2227892276288932,1.2347817414142757,2,2
20,0.1,201014,v6,v13,1.0,4,0.2,0.0001900196075439453,v11|v20|v4,v11|v20,2,6,0.3,0.015882015228271484,2,0.026267528533935547,2,,,0,0,0.0|1.0,0.0|1.0,2,2,True,True,False,1,True,0.026267528533935547,0.01607203483581543,1.6343623444245003,1.6539165941093463,2,2
20,0.1,201015,v15,v16,1.0,9,0.45,0.0001742839813232422,v14,,0,9,0.45,0.018588781356811523,2,0.0251004695892334,2,,,0,0,0.0|1.0,0.0|1.0,2,2,True,True,False,1,False,0.0251004695892334,0.018763065338134766,1.3377595364558184,1.3503020508676749,2,2
20,0.1,201016,v19,v9,0.0,4,0.2,0.00018358230590820312,v12,,0,4,0.2,0.014416933059692383,2,0.03542685508728027,2,,,0,0,0.0|0.5,0.0|0.5,2,2,True,True,False,1,False,0.03542685508728027,0.014600515365600586,2.426411273861428,2.4573087036332666,2,2
20,0.1,201017,v18,v6,0.0,4,0.2,0.0001609325408935547,v13,,0,4,0.2,0.01520538330078125,2,0.031006813049316406,2,,,0,0,0.0|0.5,0.0|0.5,2,2,True,True,False,1,False,0.031006813049316406,0.015366315841674805,2.01784301252114,2.039199698946312,2,2
20,0.1,201019,v16,v18,0.0,4,0.2,0.0001881122589111328,v12|v9,v12,1,5,0.25,0.014554500579833984,2,0.0276949405670166,2,,,0,0,0.0|0.5,0.0|0.5,2,2,True,True,False,1,True,0.0276949405670166,0.014742612838745117,1.87856392010997,1.9028437571667267,2,2
20,0.1,201018,v16,v4,0.0,4,0.2,0.00016951560974121094,v13,,0,4,0.2,0.015435934066772461,2,0.027835845947265625,2,,,0,0,0.0|0.5,0.0|0.5,2,2,True,True,False,1,False,0.027835845947265625,0.015605449676513672,1.7837259754942403,1.8033146440541834,2,2
20,0.1,201020,v3,v2,0.0,4,0.2,0.0001728534698486328,v1|v11|v12,v1|v11,2,6,0.3,0.01967644691467285,2,0.02335834503173828,2,,,0,0,0.0|0.5,0.0|0.5,2,2,True,True,False,1,True,0.02335834503173828,0.019849300384521484,1.176784298652317,1.187122102533655,2,2
20,0.1,201021,v18,v3,0.0,3,0.15,0.0001506805419921875,v4|v8,v8,1,4,0.2,0.013181686401367188,2,0.02686023712158203,2,,,0,0,0.0|0.3333,0.0|0.3333,2,2,True,True,False,1,True,0.02686023712158203,0.013332366943359375,2.0146638054363377,2.0376935320503544,2,2
20,0.1,201022,v7,v1,0.0,7,0.35,0.0002856254577636719,v20|v9,v9,1,8,0.4,0.014673233032226562,2,0.027940988540649414,2,,,0,0,0.0|0.5,0.0|0.5,2,2,True,True,False,1,True,0.027940988540649414,0.014958858489990234,1.8678556628733545,1.9042148706616404,2,2
20,0.1,201023,v19,v13,1.0,3,0.15,0.00013375282287597656,v1|v18,v18,1,4,0.2,0.014531135559082031,2,0.02789139747619629,2,,,0,0,0.0|1.0,0.0|1.0,2,2,True,True,False,1,True,0.02789139747619629,0.014664888381958008,1.9019167926644882,1.9194231147863752,2,2
20,0.1,201024,v12,v20,2.0,11,0.55,0.0007069110870361328,v18|v19,,0,11,0.55,0.019002437591552734,2,0.026554107666015625,2,,,0,0,2.0|3.0,2.0|3.0,2,2,True,True,False,1,False,0.026554107666015625,0.019709348678588867,1.3472848899802823,1.3974053348723996,2,2
20,0.1,201025,v9,v7,2.0,9,0.45,0.0003459453582763672,v11|v13,,0,9,0.45,0.01918649673461914,2,0.03192472457885742,2,,,0,0,1.0|2.0,1.0|2.0,2,2,True,True,False,1,False,0.03192472457885742,0.019532442092895508,1.6344461397619774,1.6639162959465168,2,2
20,0.1,201027,v15,v13,1.0,4,0.2,0.0001838207244873047,v12|v7,v7,1,5,0.25,0.013365745544433594,2,0.031156063079833984,2,,,0,0,0.0|1.0,0.0|1.0,2,2,True,True,False,1,True,0.031156063079833984,0.013549566268920898,2.299414052189826,2.331038173385658,2,2
20,0.1,201028,v13,v6,0.0,6,0.3,0.0001990795135498047,v11|v4,v11,1,7,0.35,0.014601945877075195,2,0.024817228317260742,2,,,0,0,0.0|0.5,0.0|0.5,2,2,True,True,False,1,True,0.024817228317260742,0.014801025390625,1.6767235824742268,1.699583639480774,2,2
20,0.1,201029,v15,v8,1.0,5,0.25,0.000148773193359375,v20|v6,v20,1,6,0.3,0.014846324920654297,2,0.03239274024963379,2,,,0,0,0.0|1.0,0.0|1.0,2,2,True,True,False,1,True,0.03239274024963379,0.014995098114013672,2.160221960759373,2.181869278946523,2,2
20,0.1,201030,v1,v19,0.0,9,0.45,0.00019168853759765625,v14|v17,v14,1,10,0.5,0.022925138473510742,2,0.029796123504638672,2,,,0,0,0.0|0.5,0.0|0.5,2,2,True,True,False,1,True,0.029796123504638672,0.0231168270111084,1.2889365608143648,1.2997140034319588,2,2
20,0.1,201031,v5,v1,1.4802973661668753e-16,9,0.45,0.00020742416381835938,v18|v20,v18,1,10,0.5,0.019304990768432617,2,0.04038715362548828,2,,,0,0,0.0|1.0,0.0|1.0,2,2,True,True,False,1,True,0.04038715362548828,0.019512414932250977,2.06981830622793,2.0920576502698496,2,2
20,0.1,201033,v17,v9,1.0,3,0.15,0.00014400482177734375,v14,,0,3,0.15,0.015290498733520508,2,0.0330350399017334,2,,,0,0,0.0|1.0,0.0|1.0,2,2,True,True,False,1,False,0.0330350399017334,0.015434503555297852,2.140337056088481,2.160494597165266,2,2
20,0.1,201034,v11,v7,0.0,4,0.2,0.00020265579223632812,v14|v15|v17|v2,v14|v15|v2,3,7,0.35,0.014903783798217773,2,0.025259733200073242,2,,,0,0,0.0|0.6667,0.0|0.6667,2,2,True,True,False,1,True,0.025259733200073242,0.015106439590454102,1.6721169173466328,1.6948537057477884,2,2
20,0.1,201026,v19,v3,0.0,5,0.25,0.00019073486328125,v12|v2|v20|v5|v6,v12|v20|v5|v6,4,9,0.45,0.048967838287353516,4,0.0898292064666748,4,,,0,0,0.0|0.5,0.0|0.5,2,2,True,True,False,1,True,0.0898292064666748,0.049158573150634766,1.8273355125954236,1.8344531759710982,4,4
20,0.1,201037,v10,v5,0.0,4,0.2,0.00011777877807617188,v2,,0,4,0.2,0.014087677001953125,2,0.02553415298461914,2,,,0,0,0.0|0.6667,0.0|0.6667,2,2,True,True,False,1,False,0.02553415298461914,0.014205455780029297,1.7974891745829278,1.8125169239101002,2,2
20,0.1,201036,v12,v3,0.0,5,0.25,0.0001518726348876953,v19,,0,5,0.25,0.014517545700073242,2,0.024482011795043945,2,,,0,0,0.0|0.5,0.0|0.5,2,2,True,True,False,1,False,0.024482011795043945,0.014669418334960938,1.6689149655441424,1.6863740125798559,2,2
20,0.1,201035,v11,v20,1.0,8,0.4,0.00023365020751953125,v10|v16|v19,v16|v19,2,10,0.5,0.020714998245239258,2,0.03022027015686035,2,,,0,0,0.0|1.0,0.0|1.0,2,2,True,True,False,1,True,0.03022027015686035,0.02094864845275879,1.4425880612302964,1.45885941186626,2,2
20,0.1,201039,v8,v2,0.0,4,0.2,0.00013256072998046875,v6,,0,4,0.2,0.012859344482421875,2,0.02070474624633789,2,,,0,0,0.0|0.3333,0.0|0.3333,2,2,True,True,False,1,False,0.02070474624633789,0.012991905212402344,1.5936651251559861,1.6100934440818748,2,2
20,0.1,201032,v18,v3,0.0,3,0.15,0.00017261505126953125,v14|v2,v2,1,4,0.2,0.043372392654418945,4,0.07527351379394531,4,,,0,0,0.0|0.3333,0.0|0.3333,2,2,True,True,False,1,True,0.07527351379394531,0.04354500770568848,1.7286370530165736,1.7355167466481967,4,4
20,0.1,201038,v15,v3,0.0,3,0.15,0.000141143798828125,v8,,0,3,0.15,0.013524293899536133,2,0.02714705467224121,2,,,0,0,0.0|0.5,0.0|0.5,2,2,True,True,False,1,False,0.02714705467224121,0.013665437698364258,1.986548493466162,2.0072807404142794,2,2
20,0.1,201042,v17,v6,0.0,3,0.15,0.00015306472778320312,v18,,0,3,0.15,0.012287378311157227,2,0.022914886474609375,2,,,0,0,0.0|0.5,0.0|0.5,2,2,True,True,False,1,False,0.022914886474609375,0.01244044303894043,1.8419670748768662,1.8649125870733647,2,2
20,0.1,201041,v14,v10,1.0,12,0.6,0.000263214111328125,v6|v9,,0,12,0.6,0.0161135196685791,2,0.022994279861450195,2,,,0,0,1.0|2.0,1.0|2.0,2,2,True,True,False,1,False,0.022994279861450195,0.016376733779907227,1.4040821674503923,1.4270178294000149,2,2
20,0.1,201040,v13,v16,2.0,11,0.55,0.00022721290588378906,v14|v15,v14,1,12,0.6,0.024181604385375977,2,0.02375197410583496,2,,,0,0,0.0|2.0,0.0|2.0,2,2,True,True,False,1,True,0.02375197410583496,0.024408817291259766,0.9730899216628572,0.9822331772245502,2,2
20,0.1,201043,v10,v4,0.0,5,0.25,0.00019478797912597656,v17|v8,v8,1,6,0.3,0.013398170471191406,2,0.03208160400390625,2,,,0,0,0.0|0.5,0.0|0.5,2,2,True,True,False,1,True,0.03208160400390625,0.013592958450317383,2.3601634714889586,2.394476475193964,2,2
20,0.1,201044,v15,v16,0.0,10,0.5,0.00023984909057617188,v12,,0,10,0.5,0.015643596649169922,2,0.033547401428222656,2,,,0,0,0.0|1.5,0.0|1.5,2,2,True,True,False,1,False,0.033547401428222656,0.015883445739746094,2.1120984689282496,2.1444813606852198,2,2
20,0.1,201045,v3,v19,1.4802973661668753e-16,7,0.35,0.00016570091247558594,v8,,0,7,0.35,0.014089584350585938,2,0.02974534034729004,2,,,0,0,0.0|1.0,0.0|1.0,2,2,True,True,False,1,False,0.02974534034729004,0.014255285263061523,2.0866183873827167,2.1111581156085015,2,2
20,0.1,201046,v8,v11,0.0,4,0.2,0.0001518726348876953,v15|v20,v20,1,5,0.25,0.02013683319091797,2,0.026612043380737305,2,,,0,0,0.0|0.25,0.0|0.25,2,2,True,True,False,1,True,0.026612043380737305,0.020288705825805664,1.3116678613817174,1.3215605020127872,2,2
20,0.1,201048,v17,v15,0.0,3,0.15,0.00015473365783691406,v9,,0,3,0.15,0.014055490493774414,2,0.028696060180664062,2,,,0,0,0.0|0.3333,0.0|0.3333,2,2,True,True,False,1,False,0.028696060180664062,0.014210224151611328,2.0193953223046206,2.0416263803368784,2,2
20,0.1,201049,v9,v2,0.0,4,0.2,0.00015115737915039062,v20|v6,v6,1,5,0.25,0.014231204986572266,2,0.02533578872680664,2,,,0,0,0.0|0.6667,0.0|0.6667,2,2,True,True,False,1,True,0.02533578872680664,0.014382362365722656,1.7615874278893973,1.7802982074049254,2,2
20,0.1,201047,v7,v13,0.0,7,0.35,0.0003151893615722656,v18,,0,7,0.35,0.01900625228881836,2,0.029134511947631836,2,,,0,0,0.0|0.5,0.0|0.5,2,2,True,True,False,1,False,0.029134511947631836,0.019321441650390625,1.5078849950641657,1.5328909405654934,2,2
20,0.15,201501,v15,v10,0.0,8,0.4,0.00033736228942871094,v1|v18|v20,v18|v20,2,10,0.5,0.018215656280517578,2,0.03296852111816406,2,,,0,0,0.0|0.5,0.0|0.5,2,2,True,True,False,1,True,0.03296852111816406,0.01855301856994629,1.7769896038140767,1.8099002643909845,2,2
20,0.15,201503,v4,v17,1.4802973661668753e-16,8,0.4,0.0005254745483398438,v13|v20|v3|v8|v9,v13|v20|v8|v9,4,12,0.6,0.017896652221679688,2,0.02526235580444336,2,,,0,0,0.0|1.0,0.0|1.0,2,2,True,True,False,1,True,0.02526235580444336,0.01842212677001953,1.3713050680747527,1.4115687946285835,2,2
20,0.15,201504,v11,v19,0.0,3,0.15,0.0001647472381591797,v17,,0,3,0.15,0.013245582580566406,2,0.02441716194152832,2,,,0,0,0.0|0.4545,0.0|0.4545,2,2,True,True,False,1,False,0.02441716194152832,0.013410329818725586,1.8207726634309385,1.8434192526459787,2,2
20,0.15,201502,v2,v8,0.0,7,0.35,0.00023889541625976562,v5,,0,7,0.35,0.01828169822692871,2,0.033383846282958984,2,,,0,0,0.0|0.5,0.0|0.5,2,2,True,True,False,1,False,0.033383846282958984,0.018520593643188477,1.8025257141385924,1.8260801523233219,2,2
20,0.15,201505,v18,v5,0.0,5,0.25,0.0002617835998535156,v10|v11|v20|v7,v10|v11|v20,3,8,0.4,0.016449689865112305,2,0.024964570999145508,2,,,0,0,0.0|0.5,0.0|0.5,2,2,True,True,False,1,True,0.024964570999145508,0.01671147346496582,1.4938581598733112,1.5176317124429306,2,2
20,0.15,201507,v11,v10,0.0,4,0.2,0.00017380714416503906,v1,,0,4,0.2,0.013145208358764648,2,0.02980637550354004,2,,,0,0,0.0|0.5,0.0|0.5,2,2,True,True,False,1,False,0.02980637550354004,0.013319015502929688,2.237881283116139,2.2674707536047882,2,2
20,0.15,201509,v5,v3,1.0,9,0.45,0.0002117156982421875,v17|v18|v8,v17|v18,2,11,0.55,0.017460346221923828,2,0.028687477111816406,2,,,0,0,0.0|1.0,0.0|1.0,2,2,True,True,False,1,True,0.028687477111816406,0.017672061920166016,1.6233237095599147,1.6430073463145534,2,2
20,0.15,201511,v20,v13,0.0,4,0.2,0.00018143653869628906,v11|v4|v5,v11|v4,2,6,0.3,0.013414144515991211,2,0.025372743606567383,2,,,0,0,0.0|0.5,0.0|0.5,2,2,True,True,False,1,True,0.025372743606567383,0.0135955810546875,1.866249298540965,1.8914917441302455,2,2
20,0.15,201510,v1,v16,0.0,5,0.25,0.0002167224884033203,v15|v8,v8,1,6,0.3,0.01312398910522461,2,0.02777266502380371,2,,,0,0,0.0|0.5,0.0|0.5,2,2,True,True,False,1,True,0.02777266502380371,0.01334071159362793,2.0817978732910376,2.1161755622570215,2,2
20,0.15,201512,v17,v20,1.0,8,0.4,0.00023889541625976562,v16,,0,8,0.4,0.015115022659301758,2,0.02595376968383789,2,,,0,0,0.0|1.0,0.0|1.0,2,2,True,True,False,1,False,0.02595376968383789,0.015353918075561523,1.6903678628550132,1.7170844046248246,2,2
20,0.15,201514,v3,v6,0.0,4,0.2,0.00016117095947265625,v10,,0,4,0.2,0.012571334838867188,2,0.029189348220825195,2,,,0,0,0.0|0.5,0.0|0.5,2,2,True,True,False,1,False,0.029189348220825195,0.012732505798339844,2.292506179312411,2.3218972841753907,2,2
20,0.15,201515,v9,v12,0.0,4,0.2,0.0001804828643798828,v20,,0,4,0.2,0.012403726577758789,2,0.03323841094970703,2,,,0,0,0.0|0.5,0.0|0.5,2,2,True,True,False,1,False,0.03323841094970703,0.012584209442138672,2.6412792239778713,2.679711677078328,2,2
20,0.15,201513,v18,v3,0.0,9,0.45,0.00047659873962402344,v2|v8,v2,1,10,0.5,0.01909947395324707,2,0.025713443756103516,2,,,0,0,0.0|0.3333,0.0|0.3333,2,2,True,True,False,1,True,0.025713443756103516,0.019576072692871094,1.313513908510742,1.3462906789499307,2,2
20,0.15,201506,v15,v2,0.0,3,0.15,0.00020885467529296875,v1|v11|v3|v7|v8,v1|v11|v3|v7,4,7,0.35,0.04702568054199219,4,0.0939490795135498,4,,,0,0,-0.0|0.5,-0.0|0.5,2,2,True,True,False,1,True,0.0939490795135498,0.047234535217285156,1.9889912980274183,1.9978249847901035,4,4
20,0.15,201516,v13,v1,6.106226635438372e-16,7,0.35,0.0003180503845214844,v16|v17,v16,1,8,0.4,0.018234968185424805,2,0.02778935432434082,2,,,0,0,0.0|0.5,0.0|0.5,2,2,True,True,False,1,True,0.02778935432434082,0.01855301856994629,1.497834663376897,1.5239595727155053,2,2
20,0.15,201517,v6,v14,0.0,6,0.3,0.0002009868621826172,v15|v18|v20|v3|v4,v15|v20|v3|v4,4,10,0.5,0.021721601486206055,2,0.023584365844726562,2,,,0,0,0.0|0.5,0.0|0.5,2,2,True,True,False,1,True,0.023584365844726562,0.021922588348388672,1.0758020663404024,1.08575630851636,2,2
20,0.15,201518,v20,v11,0.0,6,0.3,0.00021386146545410156,v9,,0,6,0.3,0.015612602233886719,2,0.028697729110717773,2,,,0,0,0.0|0.5,0.0|0.5,2,2,True,True,False,1,False,0.028697729110717773,0.01582646369934082,1.8132748828731113,1.838113126870686,2,2
20,0.15,201519,v10,v12,1.0,4,0.2,0.00018525123596191406,v2,,0,4,0.2,0.014557123184204102,2,0.028734207153320312,2,,,0,0,0.0|1.0,0.0|1.0,2,2,True,True,False,1,False,0.028734207153320312,0.014742374420166016,1.9490894976873565,1.9738932472935127,2,2
20,0.15,201520,v6,v14,0.0,11,0.55,0.0004949569702148438,v1,,0,11,0.55,0.015662670135498047,2,0.033331871032714844,2,,,0,0,0.0|0.6667,0.0|0.6667,2,2,True,True,False,1,False,0.033331871032714844,0.01615762710571289,2.062918695588018,2.1281091119432523,2,2
20,0.15,201521,v20,v19,1.0,5,0.25,0.00027060508728027344,v17|v5,v17,1,6,0.3,0.014821529388427734,2,0.03183293342590332,2,,,0,0,0.0|1.0,0.0|1.0,2,2,True,True,False,1,True,0.03183293342590332,0.015092134475708008,2.109239980411052,2.14774957372197,2,2
20,0.15,201522,v14,v7,1.0,7,0.35,0.00027942657470703125,v17|v19|v5,v17|v19,2,9,0.45,0.02143549919128418,2,0.02930450439453125,2,,,0,0,0.0|1.0,0.0|1.0,2,2,True,True,False,1,True,0.02930450439453125,0.02171492576599121,1.3495097662468847,1.367101560501407,2,2
20,0.15,201523,v6,v10,1.0,4,0.2,0.00018310546875,v1,,0,4,0.2,0.014579057693481445,2,0.027984142303466797,2,,,0,0,0.0|1.0,0.0|1.0,2,2,True,True,False,1,False,0.027984142303466797,0.014762163162231445,1.8956667797212396,1.9194753798099724,2,2
20,0.15,201524,v13,v4,0.0,7,0.35,0.000385284423828125,v2,,0,7,0.35,0.0149383544921875,2,0.030221939086914062,2,,,0,0,0.0|0.5,0.0|0.5,2,2,True,True,False,1,False,0.030221939086914062,0.015323638916015625,1.9722429673885984,2.0231103166496425,2,2
20,0.15,201528,v9,v2,0.0,8,0.4,0.0002551078796386719,v19,,0,8,0.4,0.01346445083618164,2,0.023987531661987305,2,,,0,0,0.0|0.5,0.0|0.5,2,2,True,True,False,1,False,0.023987531661987305,0.013719558715820312,1.7484186014180454,1.7815454899599816,2,2
20,0.15,201527,v16,v2,0.0,4,0.2,0.00015211105346679688,v12|v3,v3,1,5,0.25,0.013555765151977539,2,0.022448301315307617,2,,,0,0,0.0|0.5,0.0|0.5,2,2,True,True,False,1,True,0.022448301315307617,0.013707876205444336,1.6376206626663188,1.6559966231070933,2,2
20,0.15,201525,v12,v17,-1.4802973661668756e-16,7,0.35,0.0005290508270263672,v11|v3|v7,v11|v7,2,9,0.45,0.017436981201171875,2,0.028690099716186523,2,,,0,0,-0.0|0.6667,-0.0|0.6667,2,2,True,True,False,1,True,0.028690099716186523,0.017966032028198242,1.5969079689469843,1.6453593305622403,2,2
20,0.15,201526,v9,v11,3.0,8,0.4,0.00018930435180664062,v15|v16|v19|v2|v5|v6,v15|v19|v2|v5,4,12,0.6,0.03260207176208496,3,0.04377412796020508,3,,,0,0,1.0|2.0|3.0,1.0|2.0|3.0,3,3,True,True,False,1,True,0.04377412796020508,0.0327913761138916,1.3349280557231873,1.3426793327629203,3,3
20,0.15,201533,v9,v13,3.0,12,0.6,0.0003981590270996094,v11|v4|v7,v11|v7,2,14,0.7,0.02187180519104004,2,0.020609617233276367,2,,,0,0,0.0|3.0,0.0|3.0,2,2,True,True,False,1,True,0.020609617233276367,0.02226996421813965,0.9254445598295631,0.9422915508464415,2,2
20,0.15,201529,v14,v5,0.9999999999999997,6,0.3,0.00030422210693359375,v16|v18|v7,v7,1,7,0.35,0.02923893928527832,3,0.05494070053100586,3,,,0,0,1.0|1.3333|2.3333,1.0|1.3333|2.3333,3,3,True,True,False,1,True,0.05494070053100586,0.029543161392211914,1.8596757402371018,1.8790250903071666,3,3
20,0.15,201531,v1,v17,3.0,11,0.55,0.00060272216796875,v19|v20,v19,1,12,0.6,0.01989912986755371,2,0.02755451202392578,2,,,0,0,0.0|3.0,0.0|3.0,2,2,True,True,False,1,True,0.02755451202392578,0.02050185203552246,1.3440011163959018,1.384709392185759,2,2
20,0.15,201532,v12,v14,1.4802973661668753e-16,9,0.45,0.0002994537353515625,v19,,0,9,0.45,0.015130996704101562,2,0.034581661224365234,2,,,0,0,0.0|1.0,0.0|1.0,2,2,True,True,False,1,False,0.034581661224365234,0.015430450439453125,2.241131025957973,2.28548468423043,2,2
20,0.15,201534,v20,v2,1.0,9,0.45,0.00028443336486816406,v14|v5|v8|v9,v14|v8|v9,3,12,0.6,0.01994490623474121,2,0.03357124328613281,2,,,0,0,0.0|1.0,0.0|1.0,2,2,True,True,False,1,True,0.03357124328613281,0.020229339599609375,1.659532340184801,1.6831988524296218,2,2
20,0.15,201537,v13,v18,0.0,6,0.3,0.00022792816162109375,v20,,0,6,0.3,0.015323162078857422,2,0.021344423294067383,2,,,0,0,0.0|0.3333,0.0|0.3333,2,2,True,True,False,1,False,0.021344423294067383,0.015551090240478516,1.372535491981725,1.3929516103936517,2,2
20,0.15,201536,v19,v14,0.0,5,0.25,0.00016808509826660156,v5,,0,5,0.25,0.014390707015991211,2,0.03172898292541504,2,,,0,0,0.0|0.3333,0.0|0.3333,2,2,True,True,False,1,False,0.03172898292541504,0.014558792114257812,2.1793691864273548,2.204824466939479,2,2
20,0.15,201538,v15,v19,1.0,7,0.35,0.0004067420959472656,v16|v2,v2,1,8,0.4,0.0182952880859375,2,0.04058408737182617,2,,,0,0,0.0|1.0,0.0|1.0,2,2,True,True,False,1,True,0.04058408737182617,0.018702030181884766,2.170036460059662,2.218280859049208,2,2
20,0.15,201539,v5,v9,1.0,5,0.25,0.00015497207641601562,v12,,0,5,0.25,0.013849496841430664,2,0.025708675384521484,2,,,0,0,0.0|1.0,0.0|1.0,2,2,True,True,False,1,False,0.025708675384521484,0.01400446891784668,1.8357479698326495,1.8562894868219457,2,2
20,0.15,201535,v1,v16,1.0,9,0.45,0.0004169940948486328,v15|v17|v19|v3,v15|v3,2,11,0.55,0.039492130279541016,3,0.04599189758300781,3,,,0,0,0.5|1.0|1.5,0.5|1.0|1.5,3,3,True,True,False,1,True,0.04599189758300781,0.03990912437438965,1.1524156017946006,1.164583861581,3,3
20,0.15,201540,v5,v12,1.0,3,0.15,0.00021457672119140625,v13|v17|v18,v13|v18,2,5,0.25,0.014983654022216797,2,0.03437614440917969,2,,,0,0,0.0|1.0,0.0|1.0,2,2,True,True,False,1,True,0.03437614440917969,0.015198230743408203,2.261851724029743,2.2942430703624734,2,2
20,0.15,201542,v2,v17,-1.665334536937735e-16,6,0.3,0.00023889541625976562,v12|v13|v16|v20|v5|v6,v12|v13|v16|v20|v5,5,11,0.55,0.01813983917236328,2,0.026572465896606445,2,,,0,0,-0.0|0.5,-0.0|0.5,2,2,True,True,False,1,True,0.026572465896606445,0.018378734588623047,1.4458267389668682,1.4648677777193628,2,2
20,0.15,201543,v8,v1,1.0,10,0.5,0.0005805492401123047,v5|v7,v5,1,11,0.55,0.0198516845703125,2,0.028847217559814453,2,,,0,0,0.0|1.0,0.0|1.0,2,2,True,True,False,1,True,0.028847217559814453,0.020432233810424805,1.411848446306258,1.4531370099923135,2,2
20,0.15,201544,v1,v6,0.0,6,0.3,0.0008764266967773438,v12|v7,v12,1,7,0.35,0.020067930221557617,2,0.029486417770385742,2,,,0,0,0.0|1.5,0.0|1.5,2,2,True,True,False,1,True,0.029486417770385742,0.02094435691833496,1.407845458581397,1.4693302919057634,2,2
20,0.15,201530,v16,v18,0.0,4,0.2,0.0002562999725341797,v10|v13|v14|v17|v2|v8|v9,v13|v14|v17|v2|v8|v9,6,10,0.5,0.09039592742919922,6,0.13789010047912598,6,,,0,0,0.0|0.5,0.0|0.5,2,2,True,True,False,1,True,0.13789010047912598,0.0906522274017334,1.5210889399115781,1.5254016901051832,6,6
20,0.15,201545,v8,v9,0.0,5,0.25,0.0002570152282714844,v10|v16|v4,v16|v4,2,7,0.35,0.014193058013916016,2,0.03374600410461426,2,,,0,0,0.0|0.3333,0.0|0.3333,2,2,True,True,False,1,True,0.03374600410461426,0.0144500732421875,2.3353517687434002,2.3776415252813705,2,2
20,0.15,201546,v17,v1,0.0,9,0.45,0.0002346038818359375,v19,,0,9,0.45,0.018079519271850586,2,0.025178909301757812,2,,,0,0,0.0|0.5,0.0|0.5,2,2,True,True,False,1,False,0.025178909301757812,0.018314123153686523,1.3748356440799323,1.3926758185966162,2,2
20,0.15,201541,v11,v9,1.4802973661668753e-16,4,0.2,0.0002090930938720703,v16|v17|v2|v7,v16|v17|v7,3,7,0.35,0.04386615753173828,4,0.08281230926513672,4,,,0,0,0.0|0.5,0.0|0.5,2,2,True,True,False,1,True,0.08281230926513672,0.04407525062561035,1.878884591458632,1.887840511337696,4,4
20,0.15,201548,v13,v19,0.0,6,0.3,0.00025081634521484375,v1|v14|v7,v1|v7,2,8,0.4,0.014324665069580078,2,0.030042648315429688,2,,,0,0,0.0|0.5,0.0|0.5,2,2,True,True,False,1,True,0.030042648315429688,0.014575481414794922,2.0611770864003662,2.0972670683399355,2,2
20,0.15,201547,v12,v19,1.0,7,0.35,0.0003428459167480469,v17|v8,v8,1,8,0.4,0.019203662872314453,2,0.030630111694335938,2,,,0,0,0.0|1.0,0.0|1.0,2,2,True,True,False,1,True,0.030630111694335938,0.0195465087890625,1.5670374707259953,1.5950140292503663,2,2
20,0.15,201549,v11,v1,0.0,11,0.55,0.0004971027374267578,v18,,0,11,0.55,0.02724003791809082,2,0.034062862396240234,2,,,0,0,0.0|1.5,0.0|1.5,2,2,True,True,False,1,False,0.034062862396240234,0.027737140655517578,1.2280596193848958,1.250470447165501,2,2
40,0.05,400500,v25,v10,1.0,8,0.2,0.0005083084106445312,v22,,0,8,0.2,0.016296863555908203,2,0.061769723892211914,2,,,0,0,0.0|1.0,0.0|1.0,2,2,True,True,False,1,False,0.061769723892211914,0.016805171966552734,3.67563771529098,3.7902829388185038,2,2
40,0.05,400501,v21,v2,1.0,4,0.1,0.0003120899200439453,v15|v32|v33|v34,v15|v32|v34,3,7,0.175,0.022310256958007812,2,0.05400991439819336,2,,,0,0,0.0|1.0,0.0|1.0,2,2,True,True,False,1,True,0.05400991439819336,0.022622346878051758,2.387458502397639,2.420855774985039,2,2
40,0.05,400502,v2,v1,0.0,6,0.15,0.00040030479431152344,v28|v37|v39,v28|v39,2,8,0.2,0.01633143424987793,2,0.056818246841430664,2,,,0,0,0.0|0.5,0.0|0.5,2,2,True,True,False,1,True,0.056818246841430664,0.016731739044189453,3.395836301974978,3.479072687192514,2,2
40,0.05,400503,v32,v13,0.0,6,0.15,0.0002884864807128906,v30|v38|v7,v30|v7,2,8,0.2,0.016360044479370117,2,0.06619811058044434,2,,,0,0,0.0|0.5,0.0|0.5,2,2,True,True,False,1,True,0.06619811058044434,0.016648530960083008,3.9762133211130046,4.046328276424897,2,2
40,0.05,400504,v39,v20,0.0,3,0.075,0.00026297569274902344,v27|v8,v27,1,4,0.1,0.02005290985107422,2,0.05489659309387207,2,,,0,0,0.0|0.5,0.0|0.5,2,2,True,True,False,1,True,0.05489659309387207,0.020315885543823242,2.702151130722559,2.737587387644457,2,2
40,0.05,400505,v1,v36,0.0,3,0.075,0.00025963783264160156,v11|v18|v9,v11|v18,2,5,0.125,0.014568090438842773,2,0.052950143814086914,2,,,0,0,0.0|0.5,0.0|0.5,2,2,True,True,False,1,True,0.052950143814086914,0.014827728271484375,3.5710219963982506,3.6346660556764805,2,2
40,0.05,400506,v6,v10,1.0,4,0.1,0.00026702880859375,v15|v17|v8,v17|v8,2,6,0.15,0.014140605926513672,2,0.04997086524963379,2,,,0,0,0.0|1.0,0.0|1.0,2,2,True,True,False,1,True,0.04997086524963379,0.014407634735107422,3.4683600860499753,3.5338560107907604,2,2
40,0.05,400507,v21,v40,1.0,7,0.175,0.0003998279571533203,v10|v32|v37|v9,v32|v37|v9,3,10,0.25,0.01678156852722168,2,0.04460477828979492,2,,,0,0,0.0|1.0,0.0|1.0,2,2,True,True,False,1,True,0.04460477828979492,0.017181396484375,2.5961090142095915,2.6579624078309916,2,2
40,0.05,400508,v28,v29,1.0,5,0.125,0.0006029605865478516,v37,,0,5,0.125,0.014158964157104492,2,0.05616140365600586,2,,,0,0,0.0|1.0,0.0|1.0,2,2,True,True,False,1,False,0.05616140365600586,0.014761924743652344,3.8044770334000906,3.96649098287504,2,2
40,0.05,400510,v31,v14,0.0,3,0.075,0.00021409988403320312,v12|v27,v12,1,4,0.1,0.013323783874511719,2,0.048215389251708984,2,,,0,0,0.0|0.5,0.0|0.5,2,2,True,True,False,1,True,0.048215389251708984,0.013537883758544922,3.561515973371843,3.6187459738028775,2,2
40,0.05,400509,v6,v2,0.0,7,0.175,0.0005211830139160156,v22|v4,v4,1,8,0.2,0.014006853103637695,2,0.0617063045501709,2,,,0,0,0.0|0.5,0.0|0.5,2,2,True,True,False,1,True,0.0617063045501709,0.014528036117553711,4.247394764913432,4.405436688284056,2,2
40,0.05,400511,v31,v3,0.0,10,0.25,0.00036454200744628906,v8,,0,10,0.25,0.022128820419311523,2,0.04715609550476074,2,,,0,0,0.0|0.5,0.0|0.5,2,2,True,True,False,1,False,0.04715609550476074,0.022493362426757812,2.096444924955482,2.1309809836772073,2,2
40,0.05,400512,v13,v34,0.0,6,0.15,0.00033164024353027344,v24,,0,6,0.15,0.013971567153930664,2,0.05046892166137695,2,,,0,0,0.0|0.5,0.0|0.5,2,2,True,True,False,1,False,0.05046892166137695,0.014303207397460938,3.5285038005067344,3.6122591764645655,2,2
40,0.05,400513,v22,v16,6.344131569286608e-17,3,0.075,0.0002694129943847656,v24|v5,v5,1,4,0.1,0.015814781188964844,2,0.0570828914642334,2,,,0,0,0.0|0.2857,0.0|0.2857,2,2,True,True,False,1,True,0.0570828914642334,0.01608419418334961,3.549005365983813,3.6094645118494846,2,2
40,0.05,400514,v38,v25,0.0,9,0.225,0.0002994537353515625,v7,,0,9,0.225,0.016104936599731445,2,0.06091642379760742,2,,,0,0,0.0|0.5,0.0|0.5,2,2,True,True,False,1,False,0.06091642379760742,0.016404390335083008,3.7134219896809824,3.7824690224873794,2,2
40,0.05,400516,v20,v25,0.0,9,0.225,0.0007147789001464844,v35|v9,v35,1,10,0.25,0.02595663070678711,2,0.04987072944641113,2,,,0,0,0.0|0.6667,0.0|0.6667,2,2,True,True,False,1,True,0.04987072944641113,0.026671409606933594,1.8698197876068223,1.9213098190502433,2,2
40,0.05,400515,v13,v27,0.0,3,0.075,0.00024509429931640625,v23|v31|v32|v33|v34|v38,v23|v32|v33|v34|v38,5,8,0.2,0.01710343360900879,2,0.05898904800415039,2,,,0,0,0.0|0.5,0.0|0.5,2,2,True,True,False,1,True,0.05898904800415039,0.017348527908325195,3.4002336288050574,3.44895939333956,2,2
40,0.05,400517,v30,v3,1.0,9,0.225,0.0006966590881347656,v15|v17|v31|v37,v15|v17|v31,3,12,0.3,0.021492719650268555,2,0.05394744873046875,2,,,0,0,0.0|1.0,0.0|1.0,2,2,True,True,False,1,True,0.05394744873046875,0.02218937873840332,2.4312284434129516,2.5100336117674464,2,2
40,0.05,400518,v12,v25,1.0,7,0.175,0.0004291534423828125,v10|v14,v14,1,8,0.2,0.0224912166595459,2,0.0427393913269043,2,,,0,0,0.0|1.0,0.0|1.0,2,2,True,True,False,1,True,0.0427393913269043,0.02292037010192871,1.8646902792947417,1.9002703132453491,2,2
40,0.05,400519,v27,v7,0.0,6,0.15,0.0003230571746826172,v17,,0,6,0.15,0.014342546463012695,2,0.05536627769470215,2,,,0,0,0.0|0.3333,0.0|0.3333,2,2,True,True,False,1,False,0.05536627769470215,0.014665603637695312,3.77524710625569,3.8602822614159615,2,2
40,0.05,400520,v33,v21,0.0,7,0.175,0.00046539306640625,v19|v32|v37,v32|v37,2,9,0.225,0.014727354049682617,2,0.05757856369018555,2,,,0,0,0.0|0.5,0.0|0.5,2,2,True,True,False,1,True,0.05757856369018555,0.015192747116088867,3.7898717888360562,3.9096339706334686,2,2
40,0.05,400521,v18,v9,0.0,9,0.225,0.0006544589996337891,v23|v3,v23,1,10,0.25,0.015421390533447266,2,0.0497591495513916,2,,,0,0,0.0|0.5,0.0|0.5,2,2,True,True,False,1,True,0.0497591495513916,0.016075849533081055,3.0952734067954975,3.2266318295661853,2,2
40,0.05,400524,v5,v19,0.0,5,0.125,0.0002753734588623047,v6,,0,5,0.125,0.015192747116088867,2,0.06168842315673828,2,,,0,0,0.0|0.5,0.0|0.5,2,2,True,True,False,1,False,0.06168842315673828,0.015468120574951172,3.9881007429328896,4.060386359713133,2,2
40,0.05,400527,v37,v19,0.0,8,0.2,0.00049591064453125,v20|v32,v32,1,9,0.225,0.01581430435180664,2,0.04864645004272461,2,,,0,0,0.0|0.5,0.0|0.5,2,2,True,True,False,1,True,0.04864645004272461,0.01631021499633789,2.982575646835258,3.0761043268505954,2,2
40,0.05,400525,v15,v17,2.0,15,0.375,0.0011584758758544922,v13|v6,v13,1,16,0.4,0.02277231216430664,2,0.06309962272644043,2,,,0,0,0.0|2.0,0.0|2.0,2,2,True,True,False,1,True,0.06309962272644043,0.023930788040161133,2.6367549042073066,2.7708922252235273,2,2
40,0.05,400526,v32,v23,1.0,13,0.325,0.0005445480346679688,v34|v38,v38,1,14,0.35,0.01930856704711914,2,0.0664064884185791,2,,,0,0,0.0|1.0,0.0|1.0,2,2,True,True,False,1,True,0.0664064884185791,0.01985311508178711,3.344890116488531,3.4392240634183686,2,2
40,0.05,400522,v17,v37,0.0,4,0.1,0.000293731689453125,v1|v14,v14,1,5,0.125,0.03783726692199707,4,0.16182303428649902,4,,,0,0,0.0|0.5,0.0|0.5,2,2,True,True,False,1,True,0.16182303428649902,0.038130998611450195,4.243870870927201,4.276816151126962,4,4
40,0.05,400528,v2,v12,0.0,4,0.1,0.00020837783813476562,v19|v8,v8,1,5,0.125,0.015580177307128906,2,0.05791425704956055,2,,,0,0,0.0|0.6667,0.0|0.6667,2,2,True,True,False,1,True,0.05791425704956055,0.015788555145263672,3.668116335960859,3.717175736059252,2,2
40,0.05,400529,v40,v35,0.0,5,0.125,0.0002663135528564453,v2,,0,5,0.125,0.014119625091552734,2,0.053109169006347656,2,,,0,0,0.0|0.6667,0.0|0.6667,2,2,True,True,False,1,False,0.053109169006347656,0.01438593864440918,3.6917416596231294,3.761372462936071,2,2
40,0.05,400530,v22,v25,0.0,3,0.075,0.00024390220642089844,v31|v9,v31,1,4,0.1,0.013643980026245117,2,0.0628669261932373,2,,,0,0,0.0|0.6667,0.0|0.6667,2,2,True,True,False,1,True,0.0628669261932373,0.013887882232666016,4.52674678111588,4.607667709298059,2,2
40,0.05,400523,v9,v34,1.0,5,0.125,0.00028896331787109375,v11|v3|v32|v4,v11|v4,2,7,0.175,0.04387998580932617,4,0.19756174087524414,4,,,0,0,1.0|1.5,1.0|1.5,2,2,True,True,False,1,True,0.19756174087524414,0.044168949127197266,4.472864869533299,4.502320072155874,4,4
40,0.05,400531,v36,v26,1.0,10,0.25,0.00048041343688964844,v22|v23,v22,1,11,0.275,0.01866745948791504,2,0.053084373474121094,2,,,0,0,0.0|1.0,0.0|1.0,2,2,True,True,False,1,True,0.053084373474121094,0.019147872924804688,2.772337882259189,2.843684943228987,2,2
40,0.05,400533,v27,v1,0.0,3,0.075,0.00020837783813476562,v17,,0,3,0.075,0.012806177139282227,2,0.05295157432556152,2,,,0,0,0.0|0.5,0.0|0.5,2,2,True,True,False,1,False,0.05295157432556152,0.013014554977416992,4.0686427171304524,4.134846312810679,2,2
40,0.05,400532,v2,v24,0.0,3,0.075,0.00024390220642089844,v33,,0,3,0.075,0.01250457763671875,2,0.0655055046081543,2,,,0,0,0.0|0.5,0.0|0.5,2,2,True,True,False,1,False,0.0655055046081543,0.012748479843139648,5.1382992650221615,5.238521964612569,2,2
40,0.05,400534,v29,v11,0.0,7,0.175,0.0002949237823486328,v26|v39,v26,1,8,0.2,0.022218942642211914,2,0.05074739456176758,2,,,0,0,0.0|0.5,0.0|0.5,2,2,True,True,False,1,True,0.05074739456176758,0.022513866424560547,2.2540506195065126,2.2839698260598973,2,2
40,0.05,400536,v3,v19,1.0,3,0.075,0.000232696533203125,v8,,0,3,0.075,0.014737367630004883,2,0.06469202041625977,2,,,0,0,0.0|1.0,0.0|1.0,2,2,True,True,False,1,False,0.06469202041625977,0.014970064163208008,4.321425727436335,4.389659133192047,2,2
40,0.05,400537,v33,v27,0.0,6,0.15,0.0004143714904785156,v31|v9,v9,1,7,0.175,0.014704227447509766,2,0.06640195846557617,2,,,0,0,0.0|0.5,0.0|0.5,2,2,True,True,False,1,True,0.06640195846557617,0.015118598937988281,4.392070901406674,4.515841359405909,2,2
40,0.05,400538,v5,v25,0.0,10,0.25,0.00048089027404785156,v31,,0,10,0.25,0.018778085708618164,2,0.060222625732421875,2,,,0,0,0.0|0.5,0.0|0.5,2,2,True,True,False,1,False,0.060222625732421875,0.019258975982666016,3.1269900220357028,3.2070694887063396,2,2
40,0.05,400539,v12,v28,1.0,4,0.1,0.0002732276916503906,v35,,0,4,0.1,0.015419960021972656,2,0.06343770027160645,2,,,0,0,0.0|1.0,0.0|1.0,2,2,True,True,False,1,False,0.06343770027160645,0.015693187713623047,4.042371851356689,4.113999010452099,2,2
40,0.05,400535,v40,v13,0.0,9,0.225,0.0002989768981933594,v34,,0,9,0.225,0.01709270477294922,2,0.14546561241149902,2,,,0,0,0.0|1.0,0.0|1.0,2,2,True,True,False,1,False,0.14546561241149902,0.017391681671142578,8.364091245578921,8.510391675500752,2,2
40,0.05,400540,v26,v23,0.0,10,0.25,0.0007066726684570312,v32,,0,10,0.25,0.01740860939025879,2,0.05263853073120117,2,,,0,0,0.0|0.3333,0.0|0.3333,2,2,True,True,False,1,False,0.05263853073120117,0.01811528205871582,2.905752753977968,3.023706808003616,2,2
40,0.05,400542,v6,v39,1.0,8,0.2,0.0005199909210205078,v16|v35,v16,1,9,0.225,0.014781951904296875,2,0.06451582908630371,2,,,0,0,0.0|1.0,0.0|1.0,2,2,True,True,False,1,True,0.06451582908630371,0.015301942825317383,4.216185475452237,4.3645,2,2
40,0.05,400544,v38,v14,1.0,9,0.225,0.0003333091735839844,v22,,0,9,0.225,0.015073537826538086,2,0.051471710205078125,2,,,0,0,0.0|1.0,0.0|1.0,2,2,True,True,False,1,False,0.051471710205078125,0.01540684700012207,3.340833475186085,3.414706673204372,2,2
40,0.05,400541,v26,v19,1.0,4,0.1,0.00028777122497558594,v34|v40,v34,1,5,0.125,0.014013290405273438,2,0.1422898769378662,2,,,0,0,0.0|1.0,0.0|1.0,2,2,True,True,False,1,True,0.1422898769378662,0.014301061630249023,9.94960238734308,10.153923370083026,2,2
40,0.05,400545,v37,v4,0.0,14,0.35,0.00048041343688964844,v26,,0,14,0.35,0.018988847732543945,2,0.05145120620727539,2,,,0,0,0.0|0.5,0.0|0.5,2,2,True,True,False,1,False,0.05145120620727539,0.019469261169433594,2.6426891991182955,2.7095486220101703,2,2
40,0.05,400547,v24,v32,1.0,9,0.225,0.00032067298889160156,v16,,0,9,0.225,0.019008636474609375,2,0.0574793815612793,2,,,0,0,0.0|1.0,0.0|1.0,2,2,True,True,False,1,False,0.0574793815612793,0.019329309463500977,2.973690377807655,3.0238561107766406,2,2
40,0.05,400543,v7,v27,0.0,5,0.125,0.00042176246643066406,v10|v37,v10,1,6,0.15,0.015299081802368164,2,0.056398868560791016,2,,,0,0,0.0|0.3333,0.0|0.3333,2,2,True,True,False,1,True,0.056398868560791016,0.015720844268798828,3.5875216112105313,3.6864217924543006,2,2
40,0.05,400549,v35,v12,1.0,7,0.175,0.0003192424774169922,v14|v7,v14,1,8,0.2,0.023542165756225586,2,0.043059587478637695,2,,,0,0,0.0|1.0,0.0|1.0,2,2,True,True,False,1,True,0.043059587478637695,0.023861408233642578,1.8045702523930378,1.8290410459475608,2,2
40,0.1,401000,v3,v30,1.0,7,0.175,0.0006265640258789062,v23|v34|v4|v6,v34|v4|v6,3,10,0.25,0.016457080841064453,2,0.07855224609375,2,,,0,0,0.0|1.0,0.0|1.0,2,2,True,True,False,1,True,0.07855224609375,0.01708364486694336,4.598096407737182,4.773157940486193,2,2
40,0.05,400548,v31,v8,1.0,9,0.225,0.0004782676696777344,v11|v14|v34,v14|v34,2,11,0.275,0.015300750732421875,2,0.058080434799194336,2,,,0,0,0.0|1.0,0.0|1.0,2,2,True,True,False,1,True,0.058080434799194336,0.01577901840209961,3.680864887733825,3.7959205933682374,2,2
40,0.1,401002,v39,v2,0.0,7,0.175,0.0005342960357666016,v14|v9,v14,1,8,0.2,0.014522790908813477,2,0.06743288040161133,2,,,0,0,0.0|0.3333,0.0|0.3333,2,2,True,True,False,1,True,0.06743288040161133,0.015057086944580078,4.478481173005669,4.643245284257876,2,2
40,0.05,400546,v21,v27,0.0,9,0.225,0.0004913806915283203,v12|v16,v16,1,10,0.25,0.049521446228027344,4,0.2702298164367676,4,,,0,0,0.0|1.0,0.0|1.0,2,2,True,True,False,1,True,0.2702298164367676,0.050012826919555664,5.40321019788434,5.456824002927187,4,4
40,0.1,401004,v16,v22,0.0,11,0.275,0.0008807182312011719,v27,,0,11,0.275,0.016870737075805664,2,0.07069230079650879,2,,,0,0,0.0|2.6667,0.0|2.6667,2,2,True,True,False,1,False,0.07069230079650879,0.017751455307006836,3.98233832516285,4.1902319074066225,2,2
40,0.1,401005,v25,v22,0.0,4,0.1,0.00042557716369628906,v10|v6|v8,v10|v8,2,6,0.15,0.017711639404296875,2,0.05884146690368652,2,,,0,0,0.0|0.5,0.0|0.5,2,2,True,True,False,1,True,0.05884146690368652,0.018137216567993164,3.2442390861409436,3.3221920094766313,2,2
40,0.1,401001,v37,v15,-1.1102230246251565e-16,8,0.2,0.0005519390106201172,v16|v23|v26|v34|v35,v16|v23|v34|v35,4,12,0.3,0.01589512825012207,2,0.16593027114868164,2,,,0,0,-0.0|0.3333,-0.0|0.3333,2,2,True,True,False,1,True,0.16593027114868164,0.016447067260742188,10.088745216282037,10.439064632737853,2,2
40,0.1,401007,v32,v1,0.0,15,0.375,0.0011639595031738281,v25|v27|v3,v25|v27,2,17,0.425,0.02796769142150879,2,0.055741071701049805,2,,,0,0,0.0|0.5,0.0|0.5,2,2,True,True,False,1,True,0.055741071701049805,0.029131650924682617,1.9134195945558856,1.9930522995609736,2,2
40,0.1,401009,v15,v24,0.0,8,0.2,0.0005893707275390625,v12|v33,v33,1,9,0.225,0.015246391296386719,2,0.057181596755981445,2,,,0,0,0.0|1.0,0.0|1.0,2,2,True,True,False,1,True,0.057181596755981445,0.01583576202392578,3.610915386931647,3.7505004065803464,2,2
40,0.1,401010,v7,v13,0.0,5,0.125,0.00041866302490234375,v17|v23|v36|v37|v38|v40|v5,v17|v23|v36|v38|v40|v5,6,11,0.275,0.016617536544799805,2,0.06086993217468262,2,,,0,0,0.0|0.5,0.0|0.5,2,2,True,True,False,1,True,0.06086993217468262,0.01703619956970215,3.5729759988804144,3.6629937301826425,2,2
40,0.1,401003,v40,v31,0.0,13,0.325,0.0019712448120117188,v1|v18|v21,v18|v21,2,15,0.375,0.0772089958190918,4,0.18555235862731934,4,,,0,0,0.0|1.3333,0.0|1.3333,2,2,True,True,False,1,True,0.18555235862731934,0.07918024063110352,2.343417463099131,2.4032479202564243,4,4
40,0.1,401008,v4,v24,3.0,12,0.3,0.0008940696716308594,v1|v14|v15|v17|v40|v8,v1|v17|v8,3,15,0.375,0.03566765785217285,3,0.1446821689605713,3,,,0,0,2.0|3.0|4.0,2.0|3.0|4.0,3,3,True,True,False,1,True,0.1446821689605713,0.03656172752380371,3.9572027570736417,4.056396681840362,3,3
40,0.1,401011,v6,v23,0.0,3,0.075,0.0004258155822753906,v1|v4,v1,1,4,0.1,0.013776063919067383,2,0.07254910469055176,2,,,0,0,0.0|0.3333,0.0|0.3333,2,2,True,True,False,1,True,0.07254910469055176,0.014201879501342773,5.10841573354374,5.266315916996937,2,2
40,0.1,401006,v38,v12,0.0,15,0.375,0.0021071434020996094,v26|v40|v8,v40|v8,2,17,0.425,0.07581329345703125,4,0.19318628311157227,4,,,0,0,0.0|1.0,0.0|1.0,2,2,True,True,False,1,True,0.19318628311157227,0.07792043685913086,2.4792761809180535,2.548184814330281,4,4
40,0.1,401012,v36,v35,0.9999999999999999,18,0.45,0.004346609115600586,v25|v26,,0,18,0.45,0.021431684494018555,2,0.06654238700866699,2,,,0,0,1.0|1.6667,1.0|1.6667,2,2,True,True,False,1,False,0.06654238700866699,0.02577829360961914,2.581334048574758,3.104860330845135,2,2
40,0.1,401015,v27,v7,1.0,7,0.175,0.0005521774291992188,v16|v3|v34|v36|v38,v16|v3|v34|v38,4,11,0.275,0.021459579467773438,2,0.0659494400024414,2,,,0,0,0.0|1.0,0.0|1.0,2,2,True,True,False,1,True,0.0659494400024414,0.022011756896972656,2.996100688878298,3.0731934939116523,2,2
40,0.1,401017,v30,v12,1.0,7,0.175,0.0008094310760498047,v10|v25|v39|v5,v10|v25,2,9,0.225,0.016261577606201172,2,0.06740021705627441,2,,,0,0,1.0|2.0,1.0|2.0,2,2,True,True,False,1,True,0.06740021705627441,0.017071008682250977,3.948226980070111,4.144752661056212,2,2
40,0.1,401018,v22,v7,2.0,11,0.275,0.0006709098815917969,v15|v2|v38|v8|v9,v38|v8|v9,3,14,0.35,0.019582271575927734,2,0.05952000617980957,2,,,0,0,1.0|2.0,1.0|2.0,2,2,True,True,False,1,True,0.05952000617980957,0.02025318145751953,2.9387978528040684,3.0394842574329752,2,2
40,0.1,401014,v34,v5,4.0,20,0.5,0.002012968063354492,v10|v13|v17|v18|v28|v30|v4,v10|v17|v18|v28,4,24,0.6,0.06375646591186523,3,0.12661075592041016,3,,,0,0,2.0|3.0|4.0,2.0|3.0|4.0,3,3,True,True,False,1,True,0.12661075592041016,0.06576943397521973,1.9250698731589193,1.9858496563381125,3,3
40,0.1,401016,v25,v24,1.0,14,0.35,0.00179290771484375,v12|v18|v2|v22|v3|v31|v36,v12|v22|v3|v31|v36,5,19,0.475,0.029361248016357422,2,0.0725407600402832,2,,,0,0,1.0|3.3333,1.0|3.3333,2,2,True,True,False,1,True,0.0725407600402832,0.031154155731201172,2.328445702915742,2.4706293138449045,2,2
40,0.1,401013,v27,v34,2.0000000000000013,7,0.175,0.0005829334259033203,v21|v29|v4|v40|v6,v29|v4|v40,3,10,0.25,0.04979133605957031,4,0.21731805801391602,4,,,0,0,1.0|2.0,1.0|2.0,2,2,True,True,False,1,True,0.21731805801391602,0.05037426948547363,4.314068675012424,4.364575751771691,4,4
40,0.1,401023,v9,v24,0.0,6,0.15,0.0004782676696777344,v16|v3|v40,v16|v40,2,8,0.2,0.017054080963134766,2,0.054181814193725586,2,,,0,0,0.0|0.3333,0.0|0.3333,2,2,True,True,False,1,True,0.054181814193725586,0.0175323486328125,3.0903911009573544,3.1770585768209143,2,2
40,0.1,401022,v2,v35,0.9999999999999998,11,0.275,0.0008821487426757812,v12|v30|v31|v39|v40,v30|v39|v40,3,14,0.35,0.021068096160888672,2,0.05496954917907715,2,,,0,0,1.0|1.5,1.0|1.5,2,2,True,True,False,1,True,0.05496954917907715,0.021950244903564453,2.50427953859188,2.6091369983930472,2,2
40,0.1,401020,v1,v8,0.0,7,0.175,0.0005075931549072266,v12|v34|v36,v12|v36,2,9,0.225,0.017728567123413086,2,0.0667104721069336,2,,,0,0,0.0|0.3333,0.0|0.3333,2,2,True,True,False,1,True,0.0667104721069336,0.018236160278320312,3.6581424537182303,3.762880081765489,2,2
40,0.1,401021,v31,v32,0.0,8,0.2,0.0007703304290771484,v36|v9,v9,1,9,0.225,0.015686511993408203,2,0.07301712036132812,2,,,0,0,0.0|0.5,0.0|0.5,2,2,True,True,False,1,True,0.07301712036132812,0.01645684242248535,4.436885186526621,4.654770951758519,2,2
40,0.1,401019,v17,v6,1.0,6,0.15,0.0004911422729492188,v20|v23|v34|v37,v20|v23,2,8,0.2,0.03308606147766113,3,0.1328122615814209,3,,,0,0,0.5|1.0|1.5,0.5|1.0|1.5,3,3,True,True,False,1,True,0.1328122615814209,0.03357720375061035,3.9554294803064622,4.0141454029242,3,3
40,0.1,401024,v26,v9,0.0,19,0.475,0.002771139144897461,v17|v28|v8,v17|v8,2,21,0.525,0.025856971740722656,2,0.062033653259277344,2,,,0,0,0.0|5.6667,0.0|5.6667,2,2,True,True,False,1,True,0.062033653259277344,0.028628110885620117,2.1668790339371227,2.3991074392357907,2,2
40,0.1,401027,v28,v32,0.0,4,0.1,0.0004036426544189453,v19|v25|v26|v29,v25|v26|v29,3,7,0.175,0.014125347137451172,2,0.06187295913696289,2,,,0,0,0.0|0.5,0.0|0.5,2,2,True,True,False,1,True,0.06187295913696289,0.014528989791870117,4.258586455307767,4.380278837389866,2,2
40,0.1,401025,v21,v7,0.0,4,0.1,0.0004553794860839844,v22|v26|v8,v22|v26,2,6,0.15,0.018942594528198242,2,0.07279014587402344,2,,,0,0,0.0|0.6667,0.0|0.6667,2,2,True,True,False,1,True,0.07279014587402344,0.019397974014282227,3.7524612529344528,3.8426703251060403,2,2
40,0.1,401026,v7,v6,1.0,13,0.325,0.0016312599182128906,v38,,0,13,0.325,0.01928257942199707,2,0.07034802436828613,2,,,0,0,0.0|1.0,0.0|1.0,2,2,True,True,False,1,False,0.07034802436828613,0.02091383934020996,3.3637068366032445,3.648268358124065,2,2
40,0.1,401028,v37,v22,0.0,14,0.35,0.0021719932556152344,v18|v30|v6,v30|v6,2,16,0.4,0.018566370010375977,2,0.06345438957214355,2,,,0,0,0.0|1.5,0.0|1.5,2,2,True,True,False,1,True,0.06345438957214355,0.02073836326599121,3.059758803444351,3.417705751672595,2,2
40,0.1,401029,v12,v11,0.0,11,0.275,0.0009198188781738281,v10|v14|v17|v25|v6|v7|v8,v10|v14|v25|v6|v7|v8,6,17,0.425,0.03193807601928711,2,0.06672811508178711,2,,,0,0,0.0|1.0,0.0|1.0,2,2,True,True,False,1,True,0.06672811508178711,0.03285789489746094,2.0308091948685205,2.0892966452171575,2,2
40,0.1,401030,v33,v30,2.0,19,0.475,0.004307746887207031,v15|v17|v3|v32|v39,v15|v17|v3,3,22,0.55,0.03197956085205078,2,0.0662696361541748,2,,,0,0,1.0|2.0,1.0|2.0,2,2,True,True,False,1,True,0.0662696361541748,0.03628730773925781,1.8262483574244415,2.0722497241523277,2,2
40,0.1,401032,v24,v17,0.0,7,0.175,0.0005781650543212891,v30|v31|v32|v4|v8,v30|v31|v4|v8,4,11,0.275,0.023162364959716797,2,0.063629150390625,2,,,0,0,0.0|1.0,0.0|1.0,2,2,True,True,False,1,True,0.063629150390625,0.023740530014038086,2.680190810946523,2.7470921255790017,2,2
40,0.1,401033,v35,v18,0.0,5,0.125,0.0003914833068847656,v37|v6,v37,1,6,0.15,0.015506982803344727,2,0.05864882469177246,2,,,0,0,0.0|0.3333,0.0|0.3333,2,2,True,True,False,1,True,0.05864882469177246,0.015898466110229492,3.6889612045048965,3.7820912962592828,2,2
40,0.1,401031,v23,v31,3.0,22,0.55,0.0026483535766601562,v17|v39,v17,1,23,0.575,0.0303652286529541,2,0.0591738224029541,2,,,0,0,0.0|3.0,0.0|3.0,2,2,True,True,False,1,True,0.0591738224029541,0.03301358222961426,1.7924084091023984,1.9487362693446189,2,2
40,0.1,401034,v4,v17,0.0,8,0.2,0.0006282329559326172,v12|v16|v7,v12|v16,2,10,0.25,0.02286982536315918,2,0.06132149696350098,2,,,0,0,0.0|0.5,0.0|0.5,2,2,True,True,False,1,True,0.06132149696350098,0.023498058319091797,2.6096410235597314,2.681327731618069,2,2
40,0.1,401035,v19,v14,0.0,7,0.175,0.0006020069122314453,v17|v26|v37,v26|v37,2,9,0.225,0.015070915222167969,2,0.07458615303039551,2,,,0,0,0.0|0.6667,0.0|0.6667,2,2,True,True,False,1,True,0.07458615303039551,0.015672922134399414,4.758918113086998,4.949012845662216,2,2
40,0.1,401037,v24,v12,0.0,5,0.125,0.0008752346038818359,v1|v27|v31|v38,v1|v31|v38,3,8,0.2,0.015149116516113281,2,0.05874514579772949,2,,,0,0,0.0|0.5,0.0|0.5,2,2,True,True,False,1,True,0.05874514579772949,0.016024351119995117,3.6659921739001056,3.877793515895499,2,2
40,0.1,401039,v40,v21,0.0,14,0.35,0.0009448528289794922,v13|v34|v8,v34|v8,2,16,0.4,0.018897056579589844,2,0.06292891502380371,2,,,0,0,0.0|0.5,0.0|0.5,2,2,True,True,False,1,True,0.06292891502380371,0.019841909408569336,3.1715150859738293,3.3300908402725207,2,2
40,0.1,401038,v31,v8,2.0000000000000018,13,0.325,0.001096963882446289,v37|v38,v37,1,14,0.35,0.023705482482910156,2,0.06690788269042969,2,,,0,0,0.0|2.0,0.0|2.0,2,2,True,True,False,1,True,0.06690788269042969,0.024802446365356445,2.697632390967903,2.822464496922396,2,2
40,0.1,401043,v26,v38,1.0,3,0.075,0.0003437995910644531,v32|v6|v8|v9,v32|v6|v9,3,6,0.15,0.021396636962890625,2,0.06515765190124512,2,,,0,0,0.0|1.0,0.0|1.0,2,2,True,True,False,1,True,0.06515765190124512,0.021740436553955078,2.997071918934924,3.0452286503833124,2,2
40,0.1,401042,v6,v11,0.0,13,0.325,0.0015163421630859375,v31,,0,13,0.325,0.01915431022644043,2,0.07153964042663574,2,,,0,0,0.0|0.5,0.0|0.5,2,2,True,True,False,1,False,0.07153964042663574,0.020670652389526367,3.460928038385679,3.734910815419659,2,2
40,0.1,401044,v8,v5,3.0000000000000004,11,0.275,0.0010752677917480469,v15|v18|v2|v21|v25|v34|v35|v39,v18|v25|v34|v35|v39,5,16,0.4,0.024112462997436523,2,0.06380343437194824,2,,,0,0,2.0|3.0,2.0|3.0,2,2,True,True,False,1,True,0.06380343437194824,0.02518773078918457,2.533115623077287,2.6460770257576507,2,2
40,0.1,401041,v24,v35,1.9999999999999998,7,0.175,0.0005514621734619141,v23|v27|v28|v31|v37|v39|v40,v23|v27|v28|v31|v39,5,12,0.3,0.03516340255737305,3,0.14665794372558594,3,,,0,0,1.0|2.0,1.0|2.0,2,2,True,True,False,1,True,0.14665794372558594,0.03571486473083496,4.106355850172565,4.170755190323149,3,3
40,0.1,401036,v36,v21,0.0,7,0.175,0.0005609989166259766,v16|v2|v27|v6,v2|v27|v6,3,10,0.25,0.05229306221008301,4,0.23110413551330566,4,,,0,0,0.0|0.5,0.0|0.5,2,2,True,True,False,1,True,0.23110413551330566,0.052854061126708984,4.372495331234268,4.419403372953455,4,4
40,0.1,401040,v38,v20,0.9999999999999993,20,0.5,0.0011067390441894531,v11|v15|v8,,0,20,0.5,0.0779564380645752,4,0.19869303703308105,4,,,0,0,1.0|1.5|2.1429|2.6429,1.0|1.5|2.1429|2.6429,4,4,True,True,False,1,False,0.19869303703308105,0.07906317710876465,2.5130919892043484,2.5487700819333705,4,4
40,0.1,401046,v3,v24,0.0,15,0.375,0.0011222362518310547,v34|v7,v34,1,16,0.4,0.028384923934936523,2,0.06880450248718262,2,,,0,0,0.0|0.5,0.0|0.5,2,2,True,True,False,1,True,0.06880450248718262,0.029507160186767578,2.3317900486417478,2.423980513208181,2,2
40,0.1,401047,v28,v19,2.0,7,0.175,0.0006580352783203125,v10,,0,7,0.175,0.015889406204223633,2,0.06528139114379883,2,,,0,0,0.0|2.0,0.0|2.0,2,2,True,True,False,1,False,0.06528139114379883,0.016547441482543945,3.945104819537497,4.108485257708756,2,2
40,0.1,401048,v26,v31,1.0,3,0.075,0.00037479400634765625,v16|v19,v16,1,4,0.1,0.014146089553833008,2,0.06863760948181152,2,,,0,0,0.0|1.0,0.0|1.0,2,2,True,True,False,1,True,0.06863760948181152,0.014520883560180664,4.726820458090469,4.852055348625554,2,2
40,0.1,401049,v3,v19,2.0,13,0.325,0.001312255859375,v23|v24|v4,v23,1,14,0.35,0.024812698364257812,2,0.06269359588623047,2,,,0,0,1.0|2.0,1.0|2.0,2,2,True,True,False,1,True,0.06269359588623047,0.026124954223632812,2.399759071329488,2.5266738411868706,2,2
40,0.1,401045,v37,v34,4.0,10,0.25,0.0009441375732421875,v1|v15|v16|v39,v15|v39,2,12,0.3,0.053583383560180664,4,0.2081296443939209,4,,,0,0,1.0|4.0,1.0|4.0,2,2,True,True,False,1,True,0.2081296443939209,0.05452752113342285,3.8169650860278526,3.884219893657256,4,4
40,0.15,401501,v17,v22,0.9999999999999926,5,0.125,0.0006237030029296875,v11|v16|v25|v29|v30|v31|v40,v11|v16|v25|v29|v30|v40,6,11,0.275,0.016865253448486328,2,0.09951376914978027,2,,,0,0,-0.0|1.0,-0.0|1.0,2,2,True,True,False,1,True,0.09951376914978027,0.017488956451416016,5.690091883196554,5.900520229579575,2,2
40,0.15,401502,v23,v39,0.9999999999999987,9,0.225,0.0023355484008789062,v13|v34|v36|v4|v7,v34|v4|v7,3,12,0.3,0.024792194366455078,2,0.11514806747436523,2,,,0,0,1.0|3.0,1.0|3.0,2,2,True,True,False,1,True,0.11514806747436523,0.027127742767333984,4.244660842664042,4.644529071221126,2,2
40,0.15,401500,v30,v25,1.9999999999999971,24,0.6,0.009394168853759766,v1|v18|v32|v33|v36|v37,v1|v18|v37,3,27,0.675,0.08741354942321777,3,0.16109037399291992,3,,,0,0,2.0|6.6667|7.6667,2.0|6.6667|7.6667,3,3,True,True,False,1,True,0.16109037399291992,0.09680771827697754,1.6640240763863747,1.8428535971350566,3,3
40,0.15,401503,v16,v37,2.999999999999996,22,0.55,0.009495258331298828,v13|v28|v33|v34,v13|v28|v34,3,25,0.625,0.03933072090148926,2,0.10177206993103027,2,,,0,0,0.0|3.0,0.0|3.0,2,2,True,True,False,1,True,0.10177206993103027,0.048825979232788086,2.0843835910757798,2.587597369138908,2,2
40,0.15,401506,v2,v5,1.3322676295501888e-15,12,0.3,0.001154184341430664,v15|v23|v30|v33|v40,v15|v23|v30|v40,4,16,0.4,0.02832174301147461,2,0.09245014190673828,2,,,0,0,0.0|1.0,0.0|1.0,2,2,True,True,False,1,True,0.09245014190673828,0.029475927352905273,3.136462537713033,3.2642815051772036,2,2
40,0.15,401507,v31,v12,0.0,3,0.075,0.0004730224609375,v8|v9,v8,1,4,0.1,0.014073848724365234,2,0.08723831176757812,2,,,0,0,0.0|0.3333,0.0|0.3333,2,2,True,True,False,1,True,0.08723831176757812,0.014546871185302734,5.997049857409775,6.198610875825851,2,2
40,0.15,401505,v1,v11,22.000000000000007,24,0.6,0.0051479339599609375,v10|v26|v28|v31,,0,24,0.6,0.03882884979248047,2,0.11294412612915039,2,,,0,0,16.0|22.0,16.0|22.0,2,2,True,True,False,1,False,0.11294412612915039,0.043976783752441406,2.5682670830351526,2.908768267223382,2,2
40,0.15,401508,v36,v31,2.0000000000000013,24,0.6,0.01294088363647461,v2|v22|v27|v34|v4,v2|v22|v27,3,27,0.675,0.051680564880371094,2,0.09834074974060059,2,,,0,0,2.0|16.0,2.0|16.0,2,2,True,True,False,1,True,0.09834074974060059,0.0646214485168457,1.5217973598187735,1.9028574855603329,2,2
40,0.15,401511,v24,v33,-4.4408920985006217e-16,6,0.15,0.0006022453308105469,v14|v20|v23|v31|v37|v4|v5,v14|v20|v31|v37|v4|v5,6,12,0.3,0.01805400848388672,2,0.09067440032958984,2,,,0,0,-0.0|0.3333,-0.0|0.3333,2,2,True,True,False,1,True,0.09067440032958984,0.018656253814697266,4.860268370607029,5.022397126406423,2,2
40,0.15,401510,v19,v36,0.9999999999999993,7,0.175,0.0007889270782470703,v14|v15|v17|v23|v26|v9,v14|v15|v17|v23|v26,5,12,0.3,0.02161431312561035,2,0.10084223747253418,2,,,0,0,-0.0|1.0,-0.0|1.0,2,2,True,True,False,1,True,0.10084223747253418,0.022403240203857422,4.501234489070515,4.665530516121204,2,2
40,0.15,401504,v35,v25,111.00000000000036,37,0.925,0.0075991153717041016,v11|v18|v2|v21|v23|v3|v30|v33|v34|v36|v39,,0,37,0.925,0.22279882431030273,3,0.2658567428588867,3,,,0,0,111.0|177.6667|205.6667,111.0|177.6667|205.6667,3,3,True,True,False,1,False,0.2658567428588867,0.23039793968200684,1.1539024317049875,1.1932591820530216,3,3
40,0.15,401514,v20,v16,-5.551115123125783e-17,4,0.1,0.0005490779876708984,v11|v26|v33|v4|v6,v11|v26|v33|v6,4,8,0.2,0.013916254043579102,2,0.08026409149169922,2,,,0,0,-0.0|0.5,-0.0|0.5,2,2,True,True,False,1,True,0.08026409149169922,0.01446533203125,5.548720991561181,5.767650636467988,2,2
40,0.15,401512,v11,v17,2.2204460492503116e-16,7,0.175,0.0006494522094726562,v19|v28|v30|v4,v19|v30|v4,3,10,0.25,0.050486087799072266,4,0.2648494243621826,4,,,0,0,0.0|0.4,0.0|0.4,2,2,True,True,False,1,True,0.2648494243621826,0.05113554000854492,5.179361053348129,5.245988269406953,4,4
40,0.15,401515,v20,v37,6.000000000000024,29,0.725,0.016452550888061523,v29|v39|v8,v39,1,30,0.75,0.0548405647277832,2,0.09375715255737305,2,,,0,0,6.0|36.6667,6.0|36.6667,2,2,True,True,False,1,True,0.09375715255737305,0.07129311561584473,1.3150940556809632,1.7096314201497274,2,2
40,0.15,401517,v35,v19,2.0,11,0.275,0.0018055438995361328,v14|v17|v22|v27|v31|v4|v7,v14|v17|v22|v27|v4,5,16,0.4,0.02356553077697754,2,0.09250378608703613,2,,,0,0,1.0|2.0,1.0|2.0,2,2,True,True,False,1,True,0.09250378608703613,0.025371074676513672,3.6460334166557034,3.92538521463765,2,2
40,0.15,401513,v14,v35,9.999999999999998,15,0.375,0.0022115707397460938,v13|v24|v28|v36,v13|v24|v28,3,18,0.45,0.07756567001342773,4,0.2556469440460205,4,,,0,0,-0.0|5.0|10.0,-0.0|5.0|10.0,3,3,True,True,False,1,True,0.2556469440460205,0.07977724075317383,3.2045097277427455,3.295877467464206,4,4
40,0.15,401509,v16,v36,18.99999999999988,31,0.775,0.015221595764160156,v1|v10|v12|v14|v23|v28|v33,v12,1,32,0.8,0.19516539573669434,4,0.34235572814941406,4,,,0,0,11.0|19.0|39.5,11.0|19.0|39.5,3,3,True,True,False,1,True,0.34235572814941406,0.2103869915008545,1.6272666180885218,1.7541825324982316,4,4
40,0.15,401516,v23,v36,7.000000000000002,14,0.35,0.001683950424194336,v15|v16|v19|v26|v31|v8,v16|v26|v31,3,17,0.425,0.050186872482299805,3,0.18671822547912598,3,,,0,0,3.0|6.0|7.0,3.0|6.0|7.0,3,3,True,True,False,1,True,0.18671822547912598,0.05187082290649414,3.5996773333578473,3.7204594796174804,3,3
40,0.15,401518,v1,v34,13.000000000000005,22,0.55,0.0029726028442382812,v10|v11|v13|v16|v17|v19|v2|v23|v28|v32|v35|v8,v10|v11|v16|v35|v8,5,27,0.675,0.039808034896850586,2,0.08891487121582031,2,,,0,0,7.0|13.0,7.0|13.0,2,2,True,True,False,1,True,0.08891487121582031,0.04278063774108887,2.0783905035249535,2.2335910688938534,2,2
40,0.15,401519,v7,v10,0.0,15,0.375,0.0029985904693603516,v15|v24|v36|v5,v15|v24|v36,3,18,0.45,0.02190685272216797,2,0.10290217399597168,2,,,0,0,0.0|1.6667,0.0|1.6667,2,2,True,True,False,1,True,0.10290217399597168,0.02490544319152832,4.131714228276581,4.697259588176396,2,2
40,0.15,401520,v3,v25,2.000000000000013,20,0.5,0.003525257110595703,v21|v35,,0,20,0.5,0.02798175811767578,2,0.08873677253723145,2,,,0,0,2.0|12.0,2.0|12.0,2,2,True,True,False,1,False,0.08873677253723145,0.031507015228271484,2.8164131668558454,3.171236495006987,2,2
40,0.15,401521,v25,v26,5.000000000000073,26,0.65,0.005839824676513672,v13|v22|v23|v32|v35|v4|v6|v7,v22|v32|v4|v6|v7,5,31,0.775,0.05846905708312988,2,0.08705401420593262,2,,,0,0,5.0|10.0,5.0|10.0,2,2,True,True,False,1,True,0.08705401420593262,0.06430888175964355,1.353685709095358,1.4888903387335517,2,2
40,0.15,401523,v21,v12,-4.440892098500626e-16,4,0.1,0.0005033016204833984,v1|v16|v18|v22|v27|v28|v33|v8,v1|v16|v18|v22|v27|v28|v8,7,11,0.275,0.017623424530029297,2,0.0884852409362793,2,,,0,0,-0.0|0.5,-0.0|0.5,2,2,True,True,False,1,True,0.0884852409362793,0.018126726150512695,4.8814794354785676,5.0208880110392595,2,2
40,0.15,401524,v12,v27,-3.3306690738754696e-16,4,0.1,0.0005142688751220703,v10|v11|v14|v24|v30|v31,v11|v14|v24|v30|v31,5,9,0.225,0.016202926635742188,2,0.11953973770141602,2,,,0,0,-0.0|0.5,-0.0|0.5,2,2,True,True,False,1,True,0.11953973770141602,0.016717195510864258,7.1507052497967685,7.377663331371395,2,2
40,0.15,401525,v39,v12,4.999999999999998,16,0.4,0.0020818710327148438,v16|v23|v27|v3|v31|v32|v37|v8,v23|v27|v3|v32,4,20,0.5,0.035912275314331055,2,0.09653830528259277,2,,,0,0,5.0|6.5,5.0|6.5,2,2,True,True,False,1,True,0.09653830528259277,0.0379941463470459,2.5408731229488137,2.6881701155835276,2,2
40,0.15,401526,v17,v40,-2.9976021664879262e-15,3,0.075,0.0005352497100830078,v11|v14|v18|v22|v24|v26|v32|v37|v38|v6|v8|v9,v11|v14|v18|v24|v26|v32|v37|v38|v6|v8|v9,11,14,0.35,0.021172285079956055,2,0.11414599418640137,2,,,0,0,-0.0|0.5,-0.0|0.5,2,2,True,True,False,1,True,0.11414599418640137,0.021707534790039062,5.258358228626658,5.391293086945261,2,2
40,0.15,401528,v12,v9,0.0,6,0.15,0.00052642822265625,v23|v29|v6,v29|v6,2,8,0.2,0.023650407791137695,2,0.08033347129821777,2,,,0,0,0.0|0.5,0.0|0.5,2,2,True,True,False,1,True,0.08033347129821777,0.024176836013793945,3.322745426754105,3.3967055455306108,2,2
40,0.15,401529,v27,v37,1.9999999999999998,25,0.625,0.004653215408325195,v21|v40|v7,v21,1,26,0.65,0.03322935104370117,2,0.0859992504119873,2,,,0,0,2.0|4.3333,2.0|4.3333,2,2,True,True,False,1,True,0.0859992504119873,0.03788256645202637,2.2701537532018805,2.588050855970267,2,2
40,0.15,401530,v24,v8,-1.221245327087673e-15,5,0.125,0.0005435943603515625,v11|v22|v5|v7,v11|v22|v7,3,8,0.2,0.015905380249023438,2,0.09357547760009766,2,,,0,0,-0.0|0.3333,-0.0|0.3333,2,2,True,True,False,1,True,0.09357547760009766,0.016448974609375,5.688833487940631,5.883259383619139,2,2
40,0.15,401522,v36,v34,6.661338147750923e-16,4,0.1,0.0006134510040283203,v13|v19|v20|v21|v22|v4|v40,v13|v19|v20|v21|v4|v40,6,10,0.25,0.05182242393493652,4,0.299576997756958,4,,,0,0,0.0|0.5,0.0|0.5,2,2,True,True,False,1,True,0.299576997756958,0.052435874938964844,5.713206809377444,5.780837232412736,4,4
40,0.15,401527,v21,v12,2.0000000000000018,17,0.425,0.002543210983276367,v13|v27|v31|v38|v40|v5|v7,v27|v31|v40|v7,4,21,0.525,0.0709383487701416,3,0.1932539939880371,3,,,0,0,2.0|3.0,2.0|3.0,2,2,True,True,False,1,True,0.1932539939880371,0.07348155975341797,2.6299658667635724,2.7242527820069435,3,3
40,0.15,401534,v21,v23,1.0,7,0.175,0.000919342041015625,v16|v17|v20|v33|v39,v16|v17|v20|v33,4,11,0.275,0.017596006393432617,2,0.09284114837646484,2,,,0,0,0.0|1.0,0.0|1.0,2,2,True,True,False,1,True,0.09284114837646484,0.018515348434448242,5.014280379608287,5.27626248255491,2,2
40,0.15,401531,v37,v27,2.0,8,0.2,0.0007412433624267578,v12|v16|v17|v22,v12|v22,2,10,0.25,0.03740406036376953,3,0.16986393928527832,3,,,0,0,1.0|2.0,1.0|2.0,2,2,True,True,False,1,True,0.16986393928527832,0.03814530372619629,4.4530760720781535,4.541323525662273,3,3
40,0.15,401533,v8,v7,-7.993605777301127e-15,24,0.6,0.004851102828979492,v11|v35|v36|v37,v11|v35|v36,3,27,0.675,0.0524287223815918,2,0.08646035194396973,2,,,0,0,-0.0|2.5,-0.0|2.5,2,2,True,True,False,1,True,0.08646035194396973,0.05727982521057129,1.5094381246123814,1.6491027821484117,2,2
40,0.15,401536,v13,v27,2.0000000000000013,10,0.25,0.0008914470672607422,v1|v12|v15|v26|v29|v30|v33,v1|v12|v15|v26|v30|v33,6,16,0.4,0.02328348159790039,2,0.08524680137634277,2,,,0,0,-0.0|2.0,-0.0|2.0,2,2,True,True,False,1,True,0.08524680137634277,0.024174928665161133,3.5262483110940166,3.6612566302811853,2,2
40,0.15,401535,v19,v5,1.9999999999999851,14,0.35,0.0018582344055175781,v2|v20|v3|v35|v39|v40|v7,v2|v20|v35|v39|v7,5,19,0.475,0.031244993209838867,2,0.11844205856323242,2,,,0,0,1.0|2.0,1.0|2.0,2,2,True,True,False,1,True,0.11844205856323242,0.033103227615356445,3.5779610356872773,3.790753218212757,2,2
40,0.15,401538,v11,v1,4.440892098500626e-16,8,0.2,0.0007081031799316406,v15|v24|v6,v15|v24,2,10,0.25,0.017016887664794922,2,0.09250426292419434,2,,,0,0,0.0|1.0,0.0|1.0,2,2,True,True,False,1,True,0.09250426292419434,0.017724990844726562,5.21886097062305,5.436027124723289,2,2
40,0.15,401537,v8,v10,1.9999999999999938,22,0.55,0.0049457550048828125,v13|v18|v19|v22|v27|v28|v36,v18|v22|v28|v36,4,26,0.65,0.04593348503112793,2,0.08529043197631836,2,,,0,0,2.0|10.0,2.0|10.0,2,2,True,True,False,1,True,0.08529043197631836,0.05087924003601074,1.6763306982563506,1.8568247525420563,2,2
40,0.15,401539,v15,v26,1.0000000000000098,13,0.325,0.0010938644409179688,v11|v12|v22|v30|v34|v35|v39,v11|v12|v30|v34|v35|v39,6,19,0.475,0.027801036834716797,2,0.10534358024597168,2,,,0,0,0.0|1.0,0.0|1.0,2,2,True,True,False,1,True,0.10534358024597168,0.028894901275634766,3.6457497895935442,3.7891960962557674,2,2
40,0.15,401540,v10,v28,2.0,29,0.725,0.003366231918334961,v11|v24|v31|v32|v37,v11|v24,2,31,0.775,0.051320552825927734,2,0.07882237434387207,2,,,0,0,2.0|8.0,2.0|8.0,2,2,True,True,False,1,True,0.07882237434387207,0.054686784744262695,1.4413422678344878,1.5358831891625708,2,2
40,0.15,401541,v6,v38,0.9999999999999989,5,0.125,0.0005693435668945312,v22|v23|v40,v23|v40,2,7,0.175,0.017557382583618164,2,0.08873605728149414,2,,,0,0,-0.0|1.0,-0.0|1.0,2,2,True,True,False,1,True,0.08873605728149414,0.018126726150512695,4.8953162609004455,5.054059559212939,2,2
40,0.15,401542,v11,v15,0.0,3,0.075,0.0004761219024658203,v14|v19|v28|v29|v3|v34|v35,v19|v28|v29|v3|v34|v35,6,9,0.225,0.01644134521484375,2,0.0932776927947998,2,,,0,0,0.0|0.5,0.0|0.5,2,2,True,True,False,1,True,0.0932776927947998,0.01691746711730957,5.5136913905604805,5.673361368909513,2,2
40,0.15,401543,v21,v23,0.9999999999999999,6,0.15,0.0006248950958251953,v13|v14|v26|v36|v38|v4,v13|v14|v26|v38|v4,5,11,0.275,0.02208566665649414,2,0.09996151924133301,2,,,0,0,-0.0|1.0,-0.0|1.0,2,2,True,True,False,1,True,0.09996151924133301,0.022710561752319336,4.401543226077371,4.52608113651575,2,2
40,0.15,401532,v34,v38,160.0000000000003,28,0.7,0.01139688491821289,v14|v19|v2|v22|v26|v27|v33|v7,v26|v27,2,30,0.75,0.1946725845336914,4,0.3667433261871338,4,,,0,0,43.0|90.0|160.0,43.0|90.0|160.0,3,3,True,True,False,1,True,0.3667433261871338,0.2060694694519043,1.7797072373825376,1.8838981722342245,4,4
40,0.15,401545,v34,v9,1.0,17,0.425,0.005747318267822266,v1|v16|v4|v6,v16|v4,2,19,0.475,0.027692317962646484,2,0.09931468963623047,2,,,0,0,1.0|2.0,1.0|2.0,2,2,True,True,False,1,True,0.09931468963623047,0.03343963623046875,2.9699691991786445,3.58636246233319,2,2
40,0.15,401544,v39,v12,3.000000000000007,33,0.825,0.009111404418945312,v21|v22|v28|v32|v6,v32,1,34,0.85,0.07027530670166016,2,0.10017275810241699,2,,,0,0,3.0|11.0,3.0|11.0,2,2,True,True,False,1,True,0.10017275810241699,0.07938671112060547,1.261832826784234,1.4254332396965625,2,2
40,0.15,401547,v20,v32,1.0,5,0.125,0.0005183219909667969,v13|v2|v25|v3|v38|v4,v13|v2|v3|v38|v4,5,10,0.25,0.016134262084960938,2,0.08431839942932129,2,,,0,0,0.0|1.0,0.0|1.0,2,2,True,True,False,1,True,0.08431839942932129,0.016652584075927734,5.063382298198895,5.226046222957796,2,2
40,0.15,401546,v13,v2,1.0,6,0.15,0.0018172264099121094,v1|v26|v27|v29|v32|v40|v5|v9,v1|v26|v27|v32|v5|v9,6,12,0.3,0.03807187080383301,3,0.15497469902038574,3,,,0,0,0.5|1.0|1.5,0.5|1.0|1.5,3,3,True,True,False,1,True,0.15497469902038574,0.03988909721374512,3.885139294829266,4.070582709709741,3,3
40,0.15,401549,v20,v25,6.000000000000011,22,0.55,0.010058879852294922,v24|v30|v37|v8|v9,v8,1,23,0.575,0.0358729362487793,2,0.11335539817810059,2,,,0,0,6.0|14.5,6.0|14.5,2,2,True,True,False,1,True,0.11335539817810059,0.04593181610107422,2.467905861345846,3.159914131142747,2,2
40,0.15,401548,v27,v2,3.9999999999999956,14,0.35,0.0016455650329589844,v1|v22|v28|v29|v39|v6,v22|v28|v39,3,17,0.425,0.0481572151184082,3,0.17242193222045898,3,,,0,0,3.0|4.0,3.0|4.0,2,2,True,True,False,1,True,0.17242193222045898,0.04980278015136719,3.462094519551147,3.5803966611547335,3,3
60,0.05,600500,v60,v38,3.999999999999999,13,0.21666666666666667,0.001737356185913086,v25|v26|v28|v47|v5|v54|v9,v25|v5|v54|v9,4,17,0.2833333333333333,0.03401017189025879,2,0.1180415153503418,2,,,0,0,2.0|4.0,2.0|4.0,2,2,True,True,False,1,True,0.1180415153503418,0.035747528076171875,3.302088891260271,3.470770913220562,2,2
60,0.05,600502,v29,v9,0.0,12,0.2,0.0013117790222167969,v23|v39|v52,v23|v39,2,14,0.23333333333333334,0.01945638656616211,2,0.10615324974060059,2,,,0,0,0.0|0.3333,0.0|0.3333,2,2,True,True,False,1,True,0.10615324974060059,0.020768165588378906,5.111344537815126,5.455959120652893,2,2
60,0.05,600501,v56,v6,0.0,17,0.2833333333333333,0.002176046371459961,v10|v21|v31|v4,v10|v21|v31,3,20,0.3333333333333333,0.03473997116088867,2,0.09959173202514648,2,,,0,0,0.0|0.5,0.0|0.5,2,2,True,True,False,1,True,0.09959173202514648,0.03691601753234863,2.697791871451914,2.8667764738178576,2,2
60,0.05,600503,v52,v15,-8.881784197001253e-17,6,0.1,0.0005528926849365234,v57,,0,6,0.1,0.02559375762939453,2,0.11219644546508789,2,,,0,0,-0.0|0.4,-0.0|0.4,2,2,True,True,False,1,False,0.11219644546508789,0.026146650314331055,4.291044708070796,4.383742594179678,2,2
60,0.05,600504,v58,v24,0.0,4,0.06666666666666667,0.0004544258117675781,v7,,0,4,0.06666666666666667,0.013049602508544922,2,0.10933709144592285,2,,,0,0,0.0|0.5,0.0|0.5,2,2,True,True,False,1,False,0.10933709144592285,0.0135040283203125,8.096627824858757,8.378576387620127,2,2
60,0.05,600506,v14,v31,0.0,8,0.13333333333333333,0.0006253719329833984,v27|v32|v33|v38,v27|v32|v38,3,11,0.18333333333333332,0.015507698059082031,2,0.1088094711303711,2,,,0,0,0.0|0.5,0.0|0.5,2,2,True,True,False,1,True,0.1088094711303711,0.01613306999206543,6.744498795572436,7.016481151220712,2,2
60,0.05,600505,v41,v33,0.0,11,0.18333333333333332,0.001519918441772461,v12|v53,v53,1,12,0.2,0.015604496002197266,2,0.11422443389892578,2,,,0,0,0.0|0.5,0.0|0.5,2,2,True,True,False,1,True,0.11422443389892578,0.017124414443969727,6.670268012530456,7.319969442322384,2,2
60,0.05,600507,v24,v26,1.0,3,0.05,0.00040984153747558594,v25|v47|v58|v59,v25|v47|v58,3,6,0.1,0.013883113861083984,2,0.11400580406188965,2,,,0,0,0.0|1.0,0.0|1.0,2,2,True,True,False,1,True,0.11400580406188965,0.01429295539855957,7.976363242089109,8.211832388803023,2,2
60,0.05,600508,v21,v29,1.0,10,0.16666666666666666,0.0013501644134521484,v37|v46,,0,10,0.16666666666666666,0.01620030403137207,2,0.12769269943237305,2,,,0,0,1.0|1.5,1.0|1.5,2,2,True,True,False,1,False,0.12769269943237305,0.01755046844482422,7.275743085366516,7.882117470455783,2,2
60,0.05,600509,v36,v60,0.0,10,0.16666666666666666,0.0006878376007080078,v44|v45,v44,1,11,0.18333333333333332,0.016896963119506836,2,0.11497974395751953,2,,,0,0,0.0|0.5,0.0|0.5,2,2,True,True,False,1,True,0.11497974395751953,0.017584800720214844,6.538586691252237,6.804757940483413,2,2
60,0.05,600510,v51,v12,1.0,8,0.13333333333333333,0.0005435943603515625,v25|v41|v46|v49|v57,v41|v46|v49|v57,4,12,0.2,0.0162811279296875,2,0.1001439094543457,2,,,0,0,0.0|1.0,0.0|1.0,2,2,True,True,False,1,True,0.1001439094543457,0.016824722290039062,5.952187960548691,6.150919634489222,2,2
60,0.05,600511,v42,v60,0.0,11,0.18333333333333332,0.0008103847503662109,v12|v36,v36,1,12,0.2,0.02472090721130371,2,0.09110379219055176,2,,,0,0,0.0|0.5,0.0|0.5,2,2,True,True,False,1,True,0.09110379219055176,0.025531291961669922,3.5683189212408717,3.685293238303741,2,2
60,0.05,600513,v23,v53,1.0,4,0.06666666666666667,0.0004642009735107422,v22|v28|v47|v6,v22|v28|v6,3,7,0.11666666666666667,0.014445781707763672,2,0.09251046180725098,2,,,0,0,0.0|1.0,0.0|1.0,2,2,True,True,False,1,True,0.09251046180725098,0.014909982681274414,6.204598877464541,6.403977554051823,2,2
60,0.05,600512,v37,v5,0.0,27,0.45,0.006902456283569336,v33|v39|v57,v33|v39,2,29,0.48333333333333334,0.04954266548156738,2,0.11075282096862793,2,,,0,0,0.0|0.5,0.0|0.5,2,2,True,True,False,1,True,0.11075282096862793,0.05644512176513672,1.9621327318498996,2.23550388119174,2,2
60,0.05,600514,v2,v5,0.0,13,0.21666666666666667,0.0014185905456542969,v1|v36|v8,v36|v8,2,15,0.25,0.021384000778198242,2,0.12443280220031738,2,,,0,0,0.0|0.5,0.0|0.5,2,2,True,True,False,1,True,0.12443280220031738,0.02280259132385254,5.456958835645801,5.818967343434681,2,2
60,0.05,600515,v31,v43,0.0,7,0.11666666666666667,0.0005326271057128906,v17,,0,7,0.11666666666666667,0.015952348709106445,2,0.1093590259552002,2,,,0,0,0.0|0.5,0.0|0.5,2,2,True,True,False,1,False,0.1093590259552002,0.016484975814819336,6.633860260619296,6.855355781733399,2,2
60,0.05,600517,v25,v56,0.0,8,0.13333333333333333,0.0006887912750244141,v13|v30|v58,v30|v58,2,10,0.16666666666666666,0.01512908935546875,2,0.10783076286315918,2,,,0,0,0.0|0.5,0.0|0.5,2,2,True,True,False,1,True,0.10783076286315918,0.015817880630493164,6.817017107543899,7.1273796016137165,2,2
60,0.05,600518,v36,v39,0.0,8,0.13333333333333333,0.0006351470947265625,v59,,0,8,0.13333333333333333,0.014224529266357422,2,0.10460329055786133,2,,,0,0,0.0|0.5,0.0|0.5,2,2,True,True,False,1,False,0.10460329055786133,0.014859676361083984,7.039405705484068,7.353725989742214,2,2
60,0.05,600516,v33,v14,1.0000000000000002,18,0.3,0.0035195350646972656,v37|v51,,0,18,0.3,0.02589130401611328,2,0.1158914566040039,2,,,0,0,1.0|1.5,1.0|1.5,2,2,True,True,False,1,False,0.1158914566040039,0.029410839080810547,3.940433534914639,4.476076466904859,2,2
60,0.05,600519,v13,v30,0.0,9,0.15,0.0006699562072753906,v35,,0,9,0.15,0.015526056289672852,2,0.11581110954284668,2,,,0,0,0.0|0.3333,0.0|0.3333,2,2,True,True,False,1,False,0.11581110954284668,0.016196012496948242,7.150593985073089,7.459145283395525,2,2
60,0.05,600521,v20,v13,3.0,17,0.2833333333333333,0.0012412071228027344,v24|v8,v24,1,18,0.3,0.029115676879882812,2,0.09745407104492188,2,,,0,0,0.0|3.0,0.0|3.0,2,2,True,True,False,1,True,0.09745407104492188,0.030356884002685547,3.210279126022965,3.3471339665902393,2,2
60,0.05,600522,v30,v15,0.0,13,0.21666666666666667,0.0011420249938964844,v16|v40,v16,1,14,0.23333333333333334,0.02828502655029297,2,0.10046577453613281,2,,,0,0,0.0|1.0,0.0|1.0,2,2,True,True,False,1,True,0.10046577453613281,0.029427051544189453,3.414061867029637,3.5519066725108734,2,2
60,0.05,600523,v10,v41,1.0,10,0.16666666666666666,0.0009913444519042969,v29|v3|v44|v6,v29|v3|v6,3,13,0.21666666666666667,0.017142057418823242,2,0.11011862754821777,2,,,0,0,0.0|1.0,0.0|1.0,2,2,True,True,False,1,True,0.11011862754821777,0.01813340187072754,6.072695478391206,6.423886284927468,2,2
60,0.05,600524,v39,v54,1.000000000000003,8,0.13333333333333333,0.0006539821624755859,v15|v21|v26|v46|v55|v56|v6,v15|v26|v46|v55|v56|v6,6,14,0.23333333333333334,0.017890214920043945,2,0.11656308174133301,2,,,0,0,-0.0|1.0,-0.0|1.0,2,2,True,True,False,1,True,0.11656308174133301,0.01854419708251953,6.285690408845461,6.515465703586231,2,2
60,0.05,600525,v4,v19,0.0,3,0.05,0.0004394054412841797,v49,,0,3,0.05,0.014551877975463867,2,0.11460232734680176,2,,,0,0,0.0|0.5,0.0|0.5,2,2,True,True,False,1,False,0.11460232734680176,0.014991283416748047,7.644597474474379,7.87543212910625,2,2
60,0.05,600526,v54,v12,1.0,5,0.08333333333333333,0.0004990100860595703,v37|v41|v48|v52,v41|v48|v52,3,8,0.13333333333333333,0.01505732536315918,2,0.11810994148254395,2,,,0,0,0.0|1.0,0.0|1.0,2,2,True,True,False,1,True,0.11810994148254395,0.01555633544921875,7.592401299656695,7.844018684189692,2,2
60,0.05,600528,v47,v42,0.0,7,0.11666666666666667,0.0006699562072753906,v29|v57|v59|v60,v29|v57|v59,3,10,0.16666666666666666,0.017034053802490234,2,0.09449410438537598,2,,,0,0,0.0|1.0,0.0|1.0,2,2,True,True,False,1,True,0.09449410438537598,0.017704010009765625,5.337440745528981,5.54736444307589,2,2
60,0.05,600520,v50,v59,-7.401486830834377e-17,13,0.21666666666666667,0.0013039112091064453,v15|v32|v34,v15,1,14,0.23333333333333334,0.07443618774414062,4,0.3470900058746338,4,,,0,0,-0.0|0.3333|0.5|0.8333,-0.0|0.3333|0.5|0.8333,4,4,True,True,False,1,True,0.3470900058746338,0.07574009895324707,4.582645265474051,4.662920232665402,4,4
60,0.05,600530,v50,v20,0.0,11,0.18333333333333332,0.0008373260498046875,v12|v30|v36|v39|v8,v30|v36|v39|v8,4,15,0.25,0.017807722091674805,2,0.08751869201660156,2,,,0,0,0.0|0.5,0.0|0.5,2,2,True,True,False,1,True,0.08751869201660156,0.018645048141479492,4.693937572727389,4.9146483512069725,2,2
60,0.05,600529,v32,v5,6.000000000000002,21,0.35,0.004638671875,v24|v27|v42,v24,1,22,0.36666666666666664,0.04285168647766113,2,0.11751365661621094,2,,,0,0,3.0|6.0,3.0|6.0,2,2,True,True,False,1,True,0.11751365661621094,0.04749035835266113,2.474473992037713,2.7423344627864665,2,2
60,0.05,600531,v33,v59,1.0,6,0.1,0.0008075237274169922,v10|v16|v43|v56|v57|v7|v8,v16|v43|v56|v57|v7|v8,6,12,0.2,0.026029109954833984,2,0.09853529930114746,2,,,0,0,0.0|1.0,0.0|1.0,2,2,True,True,False,1,True,0.09853529930114746,0.026836633682250977,3.6716713604179065,3.7855808159451882,2,2
60,0.05,600527,v33,v60,3.0000000000000018,17,0.2833333333333333,0.0014390945434570312,v13|v24|v3|v31,v3|v31,2,19,0.31666666666666665,0.05240368843078613,3,0.23830866813659668,3,,,0,0,1.0|2.0|3.0,1.0|2.0|3.0,3,3,True,True,False,1,True,0.23830866813659668,0.053842782974243164,4.426009484884848,4.547555244157109,3,3
60,0.05,600532,v32,v44,1.0,11,0.18333333333333332,0.0009942054748535156,v4|v49,v4,1,12,0.2,0.020028352737426758,2,0.10274147987365723,2,,,0,0,0.0|1.0,0.0|1.0,2,2,True,True,False,1,True,0.10274147987365723,0.021022558212280273,4.887201587751631,5.1298017975120525,2,2
60,0.05,600533,v49,v54,0.0,12,0.2,0.0011966228485107422,v24|v27|v35|v4|v6,v27|v35|v4|v6,4,16,0.26666666666666666,0.02309107780456543,2,0.11562466621398926,2,,,0,0,0.0|1.0,0.0|1.0,2,2,True,True,False,1,True,0.11562466621398926,0.024287700653076172,4.760626288406793,5.00733084841664,2,2
60,0.05,600534,v32,v8,0.0,12,0.2,0.0012738704681396484,v1|v27|v38,v27|v38,2,14,0.23333333333333334,0.033519744873046875,2,0.09862303733825684,2,,,0,0,0.0|0.5,0.0|0.5,2,2,True,True,False,1,True,0.09862303733825684,0.03479361534118652,2.83451536643026,2.9422371116421986,2,2
60,0.05,600535,v4,v43,2.0,28,0.4666666666666667,0.00816655158996582,v34,,0,28,0.4666666666666667,0.04366111755371094,2,0.10458731651306152,2,,,0,0,0.0|2.0,0.0|2.0,2,2,True,True,False,1,False,0.10458731651306152,0.05182766914367676,2.017982252358762,2.395433794941243,2,2
60,0.05,600537,v39,v52,1.4802973661668753e-16,8,0.13333333333333333,0.0005068778991699219,v25|v43,v43,1,9,0.15,0.014924764633178711,2,0.09247064590454102,2,,,0,0,0.0|1.0,0.0|1.0,2,2,True,True,False,1,True,0.09247064590454102,0.015431642532348633,5.992275009656238,6.1957858751737245,2,2
60,0.05,600538,v47,v8,0.0,3,0.05,0.0005033016204833984,v1|v48,v48,1,4,0.06666666666666667,0.015078067779541016,2,0.11327242851257324,2,,,0,0,0.0|0.5,0.0|0.5,2,2,True,True,False,1,True,0.11327242851257324,0.015581369400024414,7.2697351307514575,7.512396824894848,2,2
60,0.05,600536,v50,v55,0.0,10,0.16666666666666666,0.0010249614715576172,v1|v42|v57,v1|v57,2,12,0.2,0.019448280334472656,2,0.15217280387878418,2,,,0,0,0.0|0.3333,0.0|0.3333,2,2,True,True,False,1,True,0.15217280387878418,0.020473241806030273,7.432765427210583,7.8244863433531116,2,2
60,0.05,600539,v42,v51,0.0,18,0.3,0.0025322437286376953,v14|v44,v44,1,19,0.31666666666666665,0.02476024627685547,2,0.10946130752563477,2,,,0,0,0.0|1.0,0.0|1.0,2,2,True,True,False,1,True,0.10946130752563477,0.027292490005493164,4.010675006333371,4.420848900358202,2,2
60,0.05,600540,v53,v18,1.0,7,0.11666666666666667,0.00042057037353515625,v16|v17|v19|v35,v16|v17|v35,3,10,0.16666666666666666,0.01614665985107422,2,0.10566091537475586,2,,,0,0,0.0|1.0,0.0|1.0,2,2,True,True,False,1,True,0.10566091537475586,0.016567230224609375,6.377705503108451,6.543824936506999,2,2
60,0.05,600541,v43,v22,0.0,15,0.25,0.0011980533599853516,v37,,0,15,0.25,0.027714252471923828,2,0.1011962890625,2,,,0,0,0.0|1.0,0.0|1.0,2,2,True,True,False,1,False,0.1011962890625,0.02891230583190918,3.500111324597788,3.6514168716986974,2,2
60,0.05,600542,v32,v3,0.0,12,0.2,0.0012295246124267578,v30|v58,v58,1,13,0.21666666666666667,0.01758861541748047,2,0.11750245094299316,2,,,0,0,0.0|1.0,0.0|1.0,2,2,True,True,False,1,True,0.11750245094299316,0.018818140029907227,6.244105461870795,6.680596974461856,2,2
60,0.05,600543,v30,v12,1.0,14,0.23333333333333334,0.0010557174682617188,v56|v8,v56,1,15,0.25,0.018531322479248047,2,0.10677051544189453,2,,,0,0,0.0|1.0,0.0|1.0,2,2,True,True,False,1,True,0.10677051544189453,0.019587039947509766,5.451079679626068,5.761624166945424,2,2
60,0.05,600545,v56,v53,1.0,3,0.05,0.0004892349243164062,v28|v32|v45|v8,v28|v32|v45,3,6,0.1,0.0140838623046875,2,0.10637187957763672,2,,,0,0,0.0|1.0,0.0|1.0,2,2,True,True,False,1,True,0.10637187957763672,0.014573097229003906,7.299195078856096,7.552749187432286,2,2
60,0.05,600544,v59,v33,1.0,3,0.05,0.0005114078521728516,v18|v28|v30|v31|v40,v18|v28|v30|v31,4,7,0.11666666666666667,0.01650524139404297,2,0.13885283470153809,2,,,0,0,0.0|1.0,0.0|1.0,2,2,True,True,False,1,True,0.13885283470153809,0.01701664924621582,8.159822341781906,8.412650950482464,2,2
60,0.05,600546,v27,v23,1.0,8,0.13333333333333333,0.0009615421295166016,v12|v43|v49,v12|v49,2,10,0.16666666666666666,0.018804550170898438,2,0.11594581604003906,2,,,0,0,0.0|1.0,0.0|1.0,2,2,True,True,False,1,True,0.11594581604003906,0.01976609230041504,5.865894698751583,6.165838320316462,2,2
60,0.05,600547,v2,v58,1.0,15,0.25,0.001432657241821289,v21|v55,v55,1,16,0.26666666666666666,0.021785259246826172,2,0.11269402503967285,2,,,0,0,0.0|1.0,0.0|1.0,2,2,True,True,False,1,True,0.11269402503967285,0.02321791648864746,4.853752708378259,5.172948541160506,2,2
60,0.05,600549,v42,v41,0.0,10,0.16666666666666666,0.0008208751678466797,v1|v37|v56,v37|v56,2,12,0.2,0.01778864860534668,2,0.10106253623962402,2,,,0,0,0.0|0.5,0.0|0.5,2,2,True,True,False,1,True,0.10106253623962402,0.01860952377319336,5.430689010172444,5.681293643028508,2,2
60,0.05,600548,v55,v5,2.0,9,0.15,0.0007672309875488281,v12|v15|v18|v23,v12|v15,2,11,0.18333333333333332,0.0362398624420166,3,0.23494410514831543,3,,,0,0,1.0|2.0,1.0|2.0,2,2,True,True,False,1,True,0.23494410514831543,0.03700709342956543,6.348623557683015,6.4830297169097575,3,3
60,0.1,601001,v47,v15,2.0000000000000013,11,0.18333333333333332,0.0011582374572753906,v17|v3|v30|v35,v3|v35,2,13,0.21666666666666667,0.030125141143798828,2,0.19898128509521484,2,,,0,0,1.0|2.0,1.0|2.0,2,2,True,True,False,1,True,0.19898128509521484,0.03128337860107422,6.360607261530958,6.605156940025642,2,2
60,0.1,601002,v44,v5,1.1102230246251565e-16,9,0.15,0.001142263412475586,v1|v53,v53,1,10,0.16666666666666666,0.015042304992675781,2,0.19841957092285156,2,,,0,0,0.0|0.5,0.0|0.5,2,2,True,True,False,1,True,0.19841957092285156,0.016184568405151367,12.259799949913821,13.190769035693908,2,2
60,0.1,601000,v31,v6,1.0000000000000002,5,0.08333333333333333,0.0008313655853271484,v19|v24|v42,v19|v42,2,7,0.11666666666666667,0.02189350128173828,2,0.211317777633667,2,,,0,0,0.0|1.0,0.0|1.0,2,2,True,True,False,1,True,0.211317777633667,0.02272486686706543,9.29896658448303,9.65207779762164,2,2
60,0.1,601003,v52,v5,-4.884981308350689e-15,15,0.25,0.003612995147705078,v10|v2|v39|v48,v10|v2|v39,3,18,0.3,0.02817845344543457,2,0.19031000137329102,2,,,0,0,-0.0|0.5,-0.0|0.5,2,2,True,True,False,1,True,0.19031000137329102,0.03179144859313965,5.986201000427469,6.753741887992961,2,2
60,0.1,601005,v23,v25,0.9999999999999996,9,0.15,0.0015065670013427734,v15|v2|v26|v44,v2|v26,2,11,0.18333333333333332,0.016818523406982422,2,0.1516122817993164,2,,,0,0,1.0|1.5,1.0|1.5,2,2,True,True,False,1,True,0.1516122817993164,0.018325090408325195,8.27348069892403,9.014601230472627,2,2
60,0.1,601008,v13,v46,1.0000000000000016,31,0.5166666666666667,0.010771512985229492,v28|v39|v7,v28,1,32,0.5333333333333333,0.05954551696777344,2,0.15970253944396973,2,,,0,0,1.0|3.0,1.0|3.0,2,2,True,True,False,1,True,0.15970253944396973,0.07031702995300293,2.2711786824714935,2.682024568371825,2,2
60,0.1,601006,v38,v56,1.5543122344752201e-15,17,0.2833333333333333,0.003139495849609375,v11|v49|v54,v11|v49,2,19,0.31666666666666665,0.023258686065673828,2,0.20940685272216797,2,,,0,0,0.0|1.5,0.0|1.5,2,2,True,True,False,1,True,0.20940685272216797,0.026398181915283203,7.932624049421072,9.003382741866043,2,2
60,0.1,601004,v29,v44,6.9999999999999964,38,0.6333333333333333,0.012500524520874023,v15|v2|v24|v33|v50,v15|v50,2,40,0.6666666666666666,0.16580820083618164,3,0.3496248722076416,3,,,0,0,7.0|18.0|24.0,7.0|18.0|24.0,3,3,True,True,False,1,True,0.3496248722076416,0.17830872535705566,1.9607838680217842,2.1086102523545907,3,3
60,0.1,601009,v60,v16,2.000000000000003,16,0.26666666666666666,0.002499818801879883,v13|v2|v41|v43|v46|v51|v53|v59,v13|v2|v41|v43|v46,5,21,0.35,0.03564000129699707,2,0.22405147552490234,2,,,0,0,2.0|2.5,2.0|2.5,2,2,True,True,False,1,True,0.22405147552490234,0.03813982009887695,5.8744764643370635,6.2865170418436636,2,2
60,0.1,601010,v56,v13,1.0000000000000002,8,0.13333333333333333,0.0010089874267578125,v10|v33|v35|v44|v53|v60|v9,v10|v33|v35|v53|v60|v9,6,14,0.23333333333333334,0.022216081619262695,2,0.17503023147583008,2,,,0,0,0.0|1.0,0.0|1.0,2,2,True,True,False,1,True,0.17503023147583008,0.023225069046020508,7.536263127098026,7.878537470085103,2,2
60,0.1,601007,v4,v14,1.9999999999999991,20,0.3333333333333333,0.005128383636474609,v11|v12|v22|v3|v40|v43,v11|v3|v40|v43,4,24,0.4,0.07850813865661621,3,0.384429931640625,3,,,0,0,0.5|2.0|2.5,0.5|2.0|2.5,3,3,True,True,False,1,True,0.384429931640625,0.08363652229309082,4.596436115474192,4.896688906637674,3,3
60,0.1,601011,v25,v53,0.0,5,0.08333333333333333,0.0012552738189697266,v24|v26|v28|v35|v36,v24|v26|v35|v36,4,9,0.15,0.024108171463012695,2,0.19849348068237305,2,,,0,0,0.0|0.3333,0.0|0.3333,2,2,True,True,False,1,True,0.19849348068237305,0.025363445281982422,7.82596679889455,8.23345233739134,2,2
60,0.1,601012,v43,v1,0.9999999999999999,21,0.35,0.010688066482543945,v17|v38,v38,1,22,0.36666666666666664,0.033290863037109375,2,0.20208740234375,2,,,0,0,0.0|1.0,0.0|1.0,2,2,True,True,False,1,True,0.20208740234375,0.04397892951965332,4.595095982348572,6.070356365303082,2,2
60,0.1,601014,v1,v27,0.9999999999999998,17,0.2833333333333333,0.004485130310058594,v29|v30|v32|v45|v49|v7,v29|v32|v45|v7,4,21,0.35,0.04019355773925781,2,0.17125606536865234,2,,,0,0,1.0|1.5,1.0|1.5,2,2,True,True,False,1,True,0.17125606536865234,0.044678688049316406,3.8330594036158723,4.260783941536563,2,2
60,0.1,601015,v29,v26,2.999999999999633,31,0.5166666666666667,0.024329185485839844,v11|v19|v27|v39|v41|v58,v27|v41|v58,3,34,0.5666666666666667,0.06320357322692871,2,0.190809965133667,2,,,0,0,3.0|6.5,3.0|6.5,2,2,True,True,False,1,True,0.190809965133667,0.08753275871276855,2.1798692048515687,3.018974329957185,2,2
60,0.1,601017,v7,v28,0.9999999999999991,16,0.26666666666666666,0.002045869827270508,v34|v44|v6,v44|v6,2,18,0.3,0.023615598678588867,2,0.17217636108398438,2,,,0,0,0.0|1.0,0.0|1.0,2,2,True,True,False,1,True,0.17217636108398438,0.025661468505859375,6.709528764679649,7.290789593239846,2,2
60,0.1,601018,v43,v39,6.661338147750933e-16,28,0.4666666666666667,0.0064084529876708984,v37|v52,v52,1,29,0.48333333333333334,0.04863619804382324,2,0.15600013732910156,2,,,0,0,0.0|0.5,0.0|0.5,2,2,True,True,False,1,True,0.15600013732910156,0.05504465103149414,2.8340653343382103,3.2074903796661682,2,2
60,0.1,601019,v56,v48,2.0000000000000084,16,0.26666666666666666,0.0043065547943115234,v30|v35|v41|v47|v50,v30|v35|v41,3,19,0.31666666666666665,0.023480653762817383,2,0.22347235679626465,2,,,0,0,2.0|3.0,2.0|3.0,2,2,True,True,False,1,True,0.22347235679626465,0.027787208557128906,8.042274427703607,9.51729705031223,2,2
60,0.1,601020,v30,v14,7.401486830834373e-17,8,0.13333333333333333,0.0017075538635253906,v23|v26|v42|v5|v6,v23|v26|v42|v6,4,12,0.2,0.03083038330078125,2,0.17722201347351074,2,,,0,0,0.0|0.3333,0.0|0.3333,2,2,True,True,False,1,True,0.17722201347351074,0.03253793716430664,5.446627196389056,5.748290955209106,2,2
60,0.1,601016,v4,v54,3.0000000000000018,29,0.48333333333333334,0.018552541732788086,v10|v14|v35|v39|v45|v7,v35|v39,2,31,0.5166666666666667,0.09750604629516602,3,0.39877891540527344,3,,,0,0,3.0|6.0|7.0,3.0|6.0|7.0,3,3,True,True,False,1,True,0.39877891540527344,0.1160585880279541,3.4360138459484166,4.089786536909798,3,3
60,0.1,601021,v48,v39,0.0,3,0.05,0.0007181167602539062,v10|v2|v20|v21|v37|v9,v10|v2|v21|v37|v9,5,8,0.13333333333333333,0.017467498779296875,2,0.21352839469909668,2,,,0,0,0.0|0.5,0.0|0.5,2,2,True,True,False,1,True,0.21352839469909668,0.01818561553955078,11.741609418427815,12.224325726141078,2,2
60,0.1,601013,v17,v12,1.999999999999998,32,0.5333333333333333,0.012143850326538086,v18|v19|v2|v41|v48|v5|v6,v18|v19|v48|v5,4,36,0.6,0.2003035545349121,4,0.5805349349975586,4,,,0,0,2.0|2.6667,2.0|2.6667,2,2,True,True,False,1,True,0.5805349349975586,0.2124474048614502,2.7326054435739544,2.8982757512492054,4,4
60,0.1,601025,v13,v18,0.0,5,0.08333333333333333,0.0007455348968505859,v16|v26|v38|v55|v57,v16|v26|v38|v57,4,9,0.15,0.015547037124633789,2,0.19283151626586914,2,,,0,0,0.0|0.5,0.0|0.5,2,2,True,True,False,1,True,0.19283151626586914,0.016292572021484375,11.8355478810583,12.403103866030763,2,2
60,0.1,601026,v60,v23,4.440892098500625e-16,10,0.16666666666666666,0.0011136531829833984,v19|v25|v46|v7,v19|v25|v46,3,13,0.21666666666666667,0.020201683044433594,2,0.18533039093017578,2,,,0,0,0.0|1.0,0.0|1.0,2,2,True,True,False,1,True,0.18533039093017578,0.021315336227416992,8.694697045960426,9.17400745881131,2,2
60,0.1,601027,v60,v32,-2.627527824946204e-15,6,0.1,0.0007617473602294922,v28|v44|v46|v5,v28|v44|v5,3,9,0.15,0.01561117172241211,2,0.17836570739746094,2,,,0,0,-0.0|0.3333,-0.0|0.3333,2,2,True,True,False,1,True,0.17836570739746094,0.0163729190826416,10.893946674821255,11.42551696753108,2,2
60,0.1,601023,v27,v56,5.000000000000002,21,0.35,0.003721475601196289,v14|v16|v19|v2|v35|v44|v5|v50|v51,v14|v16|v2|v35|v5|v51,6,27,0.45,0.09455084800720215,3,0.5006008148193359,3,,,0,0,3.0|4.0|5.0,3.0|4.0|5.0,3,3,True,True,False,1,True,0.5006008148193359,0.09827232360839844,5.094016264580866,5.294514278509739,3,3
60,0.1,601028,v59,v9,-1.5543122344752192e-15,4,0.06666666666666667,0.0007228851318359375,v33|v5,v33,1,5,0.08333333333333333,0.013991117477416992,2,0.2967360019683838,2,,,0,0,-0.0|0.3333,-0.0|0.3333,2,2,True,True,False,1,True,0.2967360019683838,0.01471400260925293,20.16691241999514,21.2088850263279,2,2
60,0.1,601029,v7,v52,0.9999999999999991,24,0.4,0.008789300918579102,v22|v26|v27|v4|v51,v22|v27|v51,3,27,0.45,0.03539395332336426,2,0.2506096363067627,2,,,0,0,1.0|1.3333,1.0|1.3333,2,2,True,True,False,1,True,0.2506096363067627,0.04418325424194336,5.672050205592549,7.080577691255819,2,2
60,0.1,601030,v40,v15,1.0000000000000384,25,0.4166666666666667,0.013712167739868164,v11|v20|v26|v49|v5|v56|v9,v11|v49|v5|v56|v9,5,30,0.5,0.06083059310913086,2,0.28513097763061523,2,,,0,0,1.0|2.6667,1.0|2.6667,2,2,True,True,False,1,True,0.28513097763061523,0.07454276084899902,3.825065967280229,4.687295702001238,2,2
60,0.1,601031,v20,v6,4.440892098500626e-16,8,0.13333333333333333,0.0011250972747802734,v28|v32|v5,v28|v5,2,10,0.16666666666666666,0.01618671417236328,2,0.2064807415008545,2,,,0,0,0.0|1.0,0.0|1.0,2,2,True,True,False,1,True,0.2064807415008545,0.017311811447143555,11.927159796725014,12.756186295881694,2,2
60,0.1,601022,v36,v2,1.0000000000000027,30,0.5,0.018393278121948242,v16|v37|v4|v40|v52,v16|v40|v52,3,33,0.55,0.23121047019958496,5,0.8914759159088135,5,,,0,0,1.0|3.0|4.0,1.0|3.0|4.0,3,3,True,True,False,1,True,0.8914759159088135,0.2496037483215332,3.5715646175330544,3.8556900781321697,5,5
60,0.1,601033,v53,v47,8.881784197001252e-16,6,0.1,0.0012886524200439453,v1|v12|v13|v15|v19|v28|v41|v56|v59|v7,v1|v12|v13|v15|v28|v41|v56|v59|v7,9,15,0.25,0.021866559982299805,2,0.1855931282043457,2,,,0,0,0.0|0.6667,0.0|0.6667,2,2,True,True,False,1,True,0.1855931282043457,0.02315521240234375,8.015177100494235,8.487532028566756,2,2
60,0.1,601032,v43,v4,1.000000000000138,22,0.36666666666666664,0.0049173831939697266,v13|v22|v44,v44,1,23,0.38333333333333336,0.033544063568115234,2,0.21718358993530273,2,,,0,0,1.0|3.5,1.0|3.5,2,2,True,True,False,1,True,0.21718358993530273,0.03846144676208496,5.646786801306727,6.474576030250046,2,2
60,0.1,601034,v43,v6,11.999999999999954,34,0.5666666666666667,0.01834559440612793,v25|v28|v33|v37|v39|v4|v40,v25|v33|v39,3,37,0.6166666666666667,0.0763547420501709,2,0.19520235061645508,2,,,0,0,12.0|22.5,12.0|22.5,2,2,True,True,False,1,True,0.19520235061645508,0.09470033645629883,2.061263538451468,2.5565190239028275,2,2
60,0.1,601024,v6,v8,31.000000000000007,40,0.6666666666666666,0.029613733291625977,v12|v17|v26|v40|v44|v48|v7,,0,40,0.6666666666666666,0.3124229907989502,5,0.83498215675354,5,,,0,0,17.0|20.0|26.0|31.0,17.0|20.0|26.0|31.0,4,4,True,True,False,1,False,0.83498215675354,0.34203672409057617,2.441206156951804,2.6726015093135898,5,5
60,0.1,601035,v30,v60,4.000000000000732,41,0.6833333333333333,0.021164894104003906,v19|v2|v41,v41,1,42,0.7,0.09678220748901367,2,0.17579913139343262,2,,,0,0,1.0|4.0,1.0|4.0,2,2,True,True,False,1,True,0.17579913139343262,0.11794710159301758,1.4904913221185916,1.8164406036449274,2,2
60,0.1,601037,v31,v2,5.000000000000005,37,0.6166666666666667,0.01708388328552246,v15|v32|v59,,0,37,0.6166666666666667,0.06308579444885254,2,0.16547656059265137,2,,,0,0,2.0|5.0,2.0|5.0,2,2,True,True,False,1,False,0.16547656059265137,0.080169677734375,2.0640791539779215,2.6230399733939027,2,2
60,0.1,601036,v14,v56,4.000000000000011,24,0.4,0.0075473785400390625,v15|v17|v18|v20|v32|v37|v45|v7,v15|v17|v18|v32,4,28,0.4666666666666667,0.05276823043823242,2,0.21938729286193848,2,,,0,0,4.0|5.0,4.0|5.0,2,2,True,True,False,1,True,0.21938729286193848,0.060315608978271484,3.637322022910721,4.157563955432258,2,2
60,0.1,601038,v7,v41,7.9999999999999245,31,0.5166666666666667,0.022071361541748047,v17|v20|v23|v35|v38|v51,v20|v35,2,33,0.55,0.07048964500427246,2,0.17303729057312012,2,,,0,0,8.0|13.0,8.0|13.0,2,2,True,True,False,1,True,0.17303729057312012,0.09256100654602051,1.8694404591104734,2.4547902115641542,2,2
60,0.1,601039,v47,v26,-3.8302694349567995e-15,6,0.1,0.0009169578552246094,v16|v35|v46|v5|v51|v59,v35|v46|v5|v51|v59,5,11,0.18333333333333332,0.017017841339111328,2,0.19745635986328125,2,,,0,0,-0.0|0.5,-0.0|0.5,2,2,True,True,False,1,True,0.19745635986328125,0.017934799194335938,11.009677762416251,11.602902855221497,2,2
60,0.1,601040,v37,v24,0.0,16,0.26666666666666666,0.004246711730957031,v39|v53|v56,v53|v56,2,18,0.3,0.028904438018798828,2,0.1962873935699463,2,,,0,0,0.0|0.6667,0.0|0.6667,2,2,True,True,False,1,True,0.1962873935699463,0.03315114974975586,5.920982984048444,6.790908491017372,2,2
60,0.1,601042,v22,v54,0.0,3,0.05,0.00075531005859375,v24|v29|v30|v34|v42|v56|v60,v24|v29|v30|v34|v42|v60,6,9,0.15,0.016240358352661133,2,0.17029190063476562,2,,,0,0,0.0|0.6667,0.0|0.6667,2,2,True,True,False,1,True,0.17029190063476562,0.016995668411254883,10.019723644525497,10.485723094088113,2,2
60,0.1,601043,v2,v55,-2.2204460492503082e-16,5,0.08333333333333333,0.0012340545654296875,v21|v25|v43|v58,v21|v43|v58,3,8,0.13333333333333333,0.015850305557250977,2,0.17474150657653809,2,,,0,0,-0.0|0.5,-0.0|0.5,2,2,True,True,False,1,True,0.17474150657653809,0.017084360122680664,10.228156355973596,11.024488199635986,2,2
60,0.1,601041,v41,v15,1.0000000000000002,28,0.4666666666666667,0.020891189575195312,v12|v24|v45|v57|v8,v12|v24|v8,3,31,0.5166666666666667,0.051439523696899414,2,0.17516636848449707,2,,,0,0,1.0|6.3333,1.0|6.3333,2,2,True,True,False,1,True,0.17516636848449707,0.07233071327209473,2.4217425843092917,3.405287527867515,2,2
60,0.1,601045,v23,v21,1.1102230246251575e-16,4,0.06666666666666667,0.0007102489471435547,v15|v37|v41,v15|v41,2,6,0.1,0.01589369773864746,2,0.15569543838500977,2,,,0,0,0.0|0.5,0.0|0.5,2,2,True,True,False,1,True,0.15569543838500977,0.016603946685791016,9.37701387093995,9.796048782683048,2,2
60,0.1,601044,v51,v7,11.99999999999994,33,0.55,0.012975692749023438,v17|v22|v28|v39|v56|v6,v28,1,34,0.5666666666666667,0.06094193458557129,2,0.21806907653808594,2,,,0,0,7.0|12.0,7.0|12.0,2,2,True,True,False,1,True,0.21806907653808594,0.07391762733459473,2.9501633697058054,3.5783090579752668,2,2
60,0.1,601046,v36,v4,7.105427357600989e-15,14,0.23333333333333334,0.002162933349609375,v11|v12|v16|v19|v25|v28|v30|v44|v59,v11|v12|v16|v19|v25|v28|v44|v59,8,22,0.36666666666666664,0.02588176727294922,2,0.19270658493041992,2,,,0,0,0.0|2.3333,0.0|2.3333,2,2,True,True,False,1,True,0.19270658493041992,0.028044700622558594,6.871408168123236,7.445650171340138,2,2
60,0.1,601047,v16,v51,1.4802973661668765e-16,7,0.11666666666666667,0.0009348392486572266,v19|v32|v34|v43|v47|v5|v50|v8,v19|v34|v43|v47|v5|v50|v8,7,14,0.23333333333333334,0.02009129524230957,2,0.16683197021484375,2,,,0,0,0.0|1.3333,0.0|1.3333,2,2,True,True,False,1,True,0.16683197021484375,0.021026134490966797,7.934505045923574,8.303694122393763,2,2
60,0.1,601049,v54,v4,5.773159728050824e-15,7,0.11666666666666667,0.0013937950134277344,v17|v26|v3|v30|v35|v50|v52|v9,v17|v26|v3|v30|v35|v50|v9,7,14,0.23333333333333334,0.02477407455444336,2,0.2241826057434082,2,,,0,0,0.0|0.5,0.0|0.5,2,2,True,True,False,1,True,0.2241826057434082,0.026167869567871094,8.567094281861584,9.049080935424888,2,2
60,0.1,601048,v4,v10,11.999999999999604,38,0.6333333333333333,0.025454998016357422,v1|v31|v38|v45|v57,v57,1,39,0.65,0.09026026725769043,2,0.2042856216430664,2,,,0,0,12.0|27.0,12.0|27.0,2,2,True,True,False,1,True,0.2042856216430664,0.11571526527404785,1.7654163533156826,2.2632951114562614,2,2
60,0.15,601500,v17,v41,2.0000000000003593,7,0.11666666666666667,0.0013818740844726562,v14|v18|v20|v27|v3|v35|v43|v46|v50|v54|v56|v58,v14|v18|v20|v27|v3|v35|v43|v46|v50|v54|v56,11,18,0.3,0.02410602569580078,2,0.43862152099609375,2,,,0,0,0.0|2.0,0.0|2.0,2,2,True,True,False,1,True,0.43862152099609375,0.025487899780273438,17.2090099528549,18.195513708114095,2,2
60,0.15,601501,v41,v58,105.0000000000234,41,0.6833333333333333,0.04234194755554199,v14|v18|v2|v29|v3|v4|v40|v48|v49|v55,v14|v3|v48|v55,4,45,0.75,0.1673743724822998,2,0.32880711555480957,2,,,0,0,87.0|105.0,87.0|105.0,2,2,True,True,False,1,True,0.32880711555480957,0.2097163200378418,1.5678661321898015,1.9645009608002062,2,2
60,0.15,601503,v56,v10,27.999999999996675,33,0.55,0.02750086784362793,v17|v18|v2|v20|v22|v25|v35|v44|v50,v20|v22|v25|v35,4,37,0.6166666666666667,0.08833980560302734,2,0.383211612701416,2,,,0,0,22.0|28.0,22.0|28.0,2,2,True,True,False,1,True,0.383211612701416,0.11584067344665527,3.308092065589426,4.337926827951765,2,2
60,0.15,601505,v52,v18,35.99999999999898,50,0.8333333333333334,0.08934450149536133,v1|v14|v26|v38|v44|v5,,0,50,0.8333333333333334,0.23325276374816895,2,0.38495683670043945,2,,,0,0,36.0|151.5,36.0|151.5,2,2,True,True,False,1,False,0.38495683670043945,0.3225972652435303,1.193304712021764,1.6503848893985995,2,2
60,0.15,601506,v35,v20,7.000000000000546,30,0.5,0.015134811401367188,v10|v12|v17|v2|v34|v38|v42|v5,v12|v38|v5,3,33,0.55,0.06867456436157227,2,0.29554224014282227,2,,,0,0,7.0|9.0,7.0|9.0,2,2,True,True,False,1,True,0.29554224014282227,0.08380937576293945,3.5263625036270847,4.303518236923782,2,2
60,0.15,601508,v51,v29,1.9999999999999922,22,0.36666666666666664,0.012336254119873047,v12|v14|v19|v24|v37|v4|v40|v46|v60,v12|v19|v24|v37|v4|v46|v60,7,29,0.48333333333333334,0.05576515197753906,2,0.3477938175201416,2,,,0,0,2.0|6.0,2.0|6.0,2,2,True,True,False,1,True,0.3477938175201416,0.06810140609741211,5.106999068751357,6.23675907240825,2,2
60,0.15,601504,v34,v37,152.0000000000079,47,0.7833333333333333,0.07993721961975098,v11|v17|v2|v28|v30|v38|v39|v40|v58|v59|v6,v38,1,48,0.8,0.3712942600250244,3,0.7315988540649414,3,,,0,0,152.0|179.5|204.5,152.0|179.5|204.5,3,3,True,True,False,1,True,0.7315988540649414,0.4512314796447754,1.6213382422717508,1.9704017347740126,3,3
60,0.15,601509,v31,v48,20.999999999989683,44,0.7333333333333333,0.09831738471984863,v19|v2|v23|v27|v30|v35|v40|v47,v23|v27|v40|v47,4,48,0.8,0.17089128494262695,2,0.3031156063079834,2,,,0,0,21.0|28.5,21.0|28.5,2,2,True,True,False,1,True,0.3031156063079834,0.2692086696624756,1.1259503889232807,1.7737335546967647,2,2
60,0.15,601511,v26,v49,4.440892098500626e-15,10,0.16666666666666666,0.0017957687377929688,v12|v13|v27|v3|v39|v42|v46|v5|v60|v9,v12|v13|v27|v3|v39|v42|v46|v5|v60,9,19,0.31666666666666665,0.036620378494262695,2,0.3692471981048584,2,,,0,0,0.0|0.6667,0.0|0.6667,2,2,True,True,False,1,True,0.3692471981048584,0.038416147232055664,9.611770693047186,10.08310709193539,2,2
60,0.15,601512,v48,v45,52.000000000012015,31,0.5166666666666667,0.023993968963623047,v19|v21|v28|v35|v42|v5,v19|v28,2,33,0.55,0.08752107620239258,2,0.41358160972595215,2,,,0,0,52.0|75.5,52.0|75.5,2,2,True,True,False,1,True,0.41358160972595215,0.11151504516601562,3.708751667635891,4.725508730828952,2,2
60,0.15,601513,v18,v30,23.999999999999943,46,0.7666666666666667,0.04826641082763672,v1|v22|v26|v27|v41|v42,v22|v26,2,48,0.8,0.16913962364196777,2,0.3518221378326416,2,,,0,0,24.0|147.5,24.0|147.5,2,2,True,True,False,1,True,0.3518221378326416,0.2174060344696045,1.6182721822371025,2.080069295751618,2,2
60,0.15,601510,v3,v37,1.9999999999999885,11,0.18333333333333332,0.001895904541015625,v17|v20|v23|v27|v28|v29|v30|v38|v39|v41|v43|v49|v6|v8,v17|v20|v23|v27|v28|v29|v39|v41|v43|v49|v8,11,22,0.36666666666666664,0.11315584182739258,4,1.2672555446624756,4,,,0,0,2.0|3.0,2.0|3.0,2,2,True,True,False,1,True,1.2672555446624756,0.1150517463684082,11.014657183947348,11.19920566359748,4,4
60,0.15,601507,v58,v35,52.999999999999766,44,0.7333333333333333,0.08821606636047363,v1|v19|v2|v20|v21|v29|v33|v38|v43|v48|v51|v53,v19|v2|v38|v48|v53,5,49,0.8166666666666667,0.6633365154266357,4,1.242631435394287,4,,,0,0,53.0|58.5|151.6667|157.1667,53.0|58.5|151.6667|157.1667,4,4,True,True,False,1,True,1.242631435394287,0.7515525817871094,1.653419155901835,1.873304735221863,4,4
60,0.15,601515,v27,v53,0.9999999999999049,14,0.23333333333333334,0.002531290054321289,v18|v29|v39|v42|v44|v49|v50|v7|v8,v18|v29|v39|v42|v44|v49|v50,7,21,0.35,0.03951883316040039,2,0.3439188003540039,2,,,0,0,1.0|3.5,1.0|3.5,2,2,True,True,False,1,True,0.3439188003540039,0.04205012321472168,8.17878222610293,8.702655742847835,2,2
60,0.15,601514,v19,v25,548.9999999999828,52,0.8666666666666667,0.07773756980895996,v16|v24|v37|v40|v46|v53|v56|v57|v59,v37,1,53,0.8833333333333333,0.2715601921081543,2,0.40253543853759766,2,,,0,0,354.0|549.0,354.0|549.0,2,2,True,True,False,1,True,0.40253543853759766,0.34929776191711426,1.1524134489963216,1.4823065023362476,2,2
60,0.15,601519,v56,v50,0.9999999999999969,10,0.16666666666666666,0.002389192581176758,v11|v24|v30|v31|v37|v40|v41|v53|v6,v11|v24|v30|v31|v37|v40|v53|v6,8,18,0.3,0.036864519119262695,2,0.2979755401611328,2,,,0,0,-0.0|1.0,-0.0|1.0,2,2,True,True,False,1,True,0.2979755401611328,0.03925371170043945,7.591015658216008,8.08299002076044,2,2
60,0.15,601518,v11,v33,1.000000000001101,28,0.4666666666666667,0.022535085678100586,v1|v16|v23|v34|v47|v53|v7,v23|v34|v47|v53|v7,5,33,0.55,0.06503629684448242,2,0.3430614471435547,2,,,0,0,1.0|17.25,1.0|17.25,2,2,True,True,False,1,True,0.3430614471435547,0.08757138252258301,3.9175063503774834,5.274922832151682,2,2
60,0.15,601520,v4,v18,16.00000000000241,41,0.6833333333333333,0.046399593353271484,v1|v12|v19|v2|v3|v50|v56,v12|v3|v56,3,44,0.7333333333333333,0.1167447566986084,2,0.30650997161865234,2,,,0,0,16.0|19.5,16.0|19.5,2,2,True,True,False,1,True,0.30650997161865234,0.16314435005187988,1.8787654707084995,2.6254709871891486,2,2
60,0.15,601516,v40,v17,1562.000000002193,55,0.9166666666666666,0.06388449668884277,v30|v31|v59,,0,55,0.9166666666666666,0.33732008934020996,2,0.4484109878540039,2,,,0,0,810.0|1562.0,810.0|1562.0,2,2,True,True,False,1,False,0.4484109878540039,0.40120458602905273,1.1176616705511258,1.3293337753203052,2,2
60,0.15,601517,v18,v1,13.99999999999921,24,0.4,0.010352849960327148,v11|v16|v20|v26|v30|v31|v37|v40|v47|v58|v8,v16|v20|v37,3,27,0.45,0.09603595733642578,3,0.7539241313934326,3,,,0,0,14.0|18.0|19.0,14.0|18.0|19.0,3,3,True,True,False,1,True,0.7539241313934326,0.10638880729675293,7.086498575836962,7.850435944032333,3,3
60,0.15,601502,v49,v17,24.99999999999993,21,0.35,0.006663084030151367,v10|v19|v22|v24|v30|v31|v37|v39|v4|v43|v46|v48,v22|v24|v31|v37|v43,5,26,0.43333333333333335,0.39158129692077637,9,3.3318400382995605,9,,,0,0,9.5|13.5|18.5|23.0|25.0|27.5,9.5|13.5|18.5|23.0|25.0|27.5,6,6,True,True,False,1,True,3.3318400382995605,0.39824438095092773,8.366320273857461,8.5086802268129,9,9
60,0.15,601521,v7,v29,1.9999999999998568,32,0.5333333333333333,0.021480083465576172,v36|v44|v5|v9,v44,1,33,0.55,0.08016705513000488,2,0.40653109550476074,2,,,0,0,2.0|23.0,2.0|23.0,2,2,True,True,False,1,True,0.40653109550476074,0.10164713859558105,3.999434722134264,5.071049383633957,2,2
60,0.15,601523,v55,v5,67.99999999999993,35,0.5833333333333334,0.029696226119995117,v1|v13|v16|v18|v2|v22|v29|v30|v37|v42|v45|v48,v1|v30|v37|v45|v48,5,40,0.6666666666666666,0.09713268280029297,2,0.41492247581481934,2,,,0,0,18.0|68.0,18.0|68.0,2,2,True,True,False,1,True,0.41492247581481934,0.12682890892028809,3.2715134061083653,4.271708181559337,2,2
60,0.15,601525,v18,v49,8.999999999999995,16,0.26666666666666666,0.0051937103271484375,v13|v20|v26|v3|v45|v54,v13|v20|v26|v3|v45,5,21,0.35,0.031453609466552734,2,0.3434586524963379,2,,,0,0,0.0|9.0,0.0|9.0,2,2,True,True,False,1,True,0.3434586524963379,0.03664731979370117,9.371999219309089,10.919530645968194,2,2
60,0.15,601524,v5,v11,148.99999999999946,42,0.7,0.056410789489746094,v13|v24|v26|v37|v39|v50|v52|v6,v13|v24|v26|v50|v6,5,47,0.7833333333333333,0.263779878616333,2,0.29822802543640137,2,,,0,0,30.0|149.0,30.0|149.0,2,2,True,True,False,1,True,0.29822802543640137,0.3201906681060791,0.9314076115972202,1.1305942932446833,2,2
60,0.15,601526,v7,v18,0.9999999999999831,9,0.15,0.0014815330505371094,v11|v13|v16|v49,v13|v16|v49,3,12,0.2,0.018606901168823242,2,0.30402350425720215,2,,,0,0,-0.0|1.0,-0.0|1.0,2,2,True,True,False,1,True,0.30402350425720215,0.02008843421936035,15.134255907521037,16.33928731596684,2,2
60,0.15,601522,v15,v42,507.99999999997783,42,0.7,0.07832574844360352,v13|v25|v29|v38|v40|v46|v53|v9,v25|v40|v46,3,45,0.75,0.2128000259399414,2,0.5361385345458984,2,,,0,0,42.0|508.0,42.0|508.0,2,2,True,True,False,1,True,0.5361385345458984,0.2911257743835449,1.8416044944188295,2.5194476935694214,2,2
60,0.15,601527,v35,v42,4.026408835973901e-14,29,0.48333333333333334,0.020776987075805664,v34|v59|v8,v34|v59,2,31,0.5166666666666667,0.07568550109863281,2,0.4247457981109619,2,,,0,0,0.0|19.0,0.0|19.0,2,2,True,True,False,1,True,0.4247457981109619,0.09646248817443848,4.403222497670498,5.611983694967365,2,2
60,0.15,601530,v55,v36,7.000000000000479,30,0.5,0.017507553100585938,v11|v17|v21|v24|v53|v6,v11|v53,2,32,0.5333333333333333,0.07056140899658203,2,0.2571122646331787,2,,,0,0,7.0|38.6667,7.0|38.6667,2,2,True,True,False,1,True,0.2571122646331787,0.08806896209716797,2.9194424290989422,3.6438085391071646,2,2
60,0.15,601529,v14,v6,5.773159728050522e-15,7,0.11666666666666667,0.0013098716735839844,v17|v24|v32|v50|v8,v24|v32|v50|v8,4,11,0.18333333333333332,0.026102304458618164,2,0.36703944206237793,2,,,0,0,0.0|0.5,0.0|0.5,2,2,True,True,False,1,True,0.36703944206237793,0.02741217613220215,13.3896499238965,14.06157232761849,2,2
60,0.15,601534,v7,v10,1.0000000000000138,7,0.11666666666666667,0.0013308525085449219,v1|v11|v14|v18|v19|v2|v26|v29|v36|v54|v8,v1|v11|v14|v18|v19|v26|v29|v36|v54|v8,10,17,0.2833333333333333,0.02673649787902832,2,0.3444228172302246,2,,,0,0,-0.0|1.0,-0.0|1.0,2,2,True,True,False,1,True,0.3444228172302246,0.028067350387573242,12.271297877220254,12.882121614752856,2,2
60,0.15,601533,v19,v9,185.99999999997675,45,0.75,0.06811857223510742,v18|v2|v27|v33|v34|v35|v41|v46|v48|v49|v53,v18|v33|v34|v46|v53,5,50,0.8333333333333334,0.2039659023284912,2,0.35970020294189453,2,,,0,0,186.0|383.5,186.0|383.5,2,2,True,True,False,1,True,0.35970020294189453,0.27208447456359863,1.322016640305642,1.763531055120135,2,2
60,0.15,601528,v3,v41,5.000000000002189,23,0.38333333333333336,0.008228778839111328,v42|v43|v47|v48|v53|v57|v60,v42|v43|v47|v48,4,27,0.45,0.14331579208374023,4,1.1113367080688477,4,,,0,0,1.0|5.0|11.0,1.0|5.0|11.0,3,3,True,True,False,1,True,1.1113367080688477,0.15154457092285156,7.333398361295357,7.754460913975811,4,4
60,0.15,601531,v2,v1,328.0000000000267,53,0.8833333333333333,0.07604289054870605,v18|v26|v27|v28|v3|v33|v4|v57|v58|v8,,0,53,0.8833333333333333,0.47743868827819824,3,0.7045614719390869,3,,,0,0,328.0|385.5|550.5,328.0|385.5|550.5,3,3,True,True,False,1,False,0.7045614719390869,0.5534815788269043,1.272962820971195,1.4757108907113676,3,3
60,0.15,601535,v49,v47,4.000000000000038,22,0.36666666666666664,0.011545896530151367,v11|v13|v20|v23|v29|v36|v38|v5|v7,v11|v13|v20|v29|v36|v7,6,28,0.4666666666666667,0.08949446678161621,3,0.6487252712249756,3,,,0,0,4.0|6.0|9.0,4.0|6.0|9.0,3,3,True,True,False,1,True,0.6487252712249756,0.10104036331176758,6.420456636950972,7.248775198672233,3,3
60,0.15,601536,v47,v1,0.0,3,0.05,0.0011813640594482422,v12|v15|v27|v30|v31|v36|v39|v6,v12|v27|v30|v31|v36|v39|v6,7,10,0.16666666666666666,0.01929450035095215,2,0.40154528617858887,2,,,0,0,0.0|0.5,0.0|0.5,2,2,True,True,False,1,True,0.40154528617858887,0.02047586441040039,19.61066346848001,20.811385569710975,2,2
60,0.15,601537,v5,v18,-6.3282712403633655e-15,5,0.08333333333333333,0.0013704299926757812,v1|v12|v15|v24|v26|v33|v50|v53|v54|v7|v9,v1|v12|v15|v24|v26|v33|v50|v53|v7|v9,10,15,0.25,0.02322673797607422,2,0.34536242485046387,2,,,0,0,-0.0|0.5,-0.0|0.5,2,2,True,True,False,1,True,0.34536242485046387,0.02459716796875,14.040739376550869,14.869174707452268,2,2
60,0.15,601539,v15,v37,-1.560656366044483e-14,6,0.1,0.0013804435729980469,v19|v38|v4|v51|v55|v59|v60,v19|v38|v51|v55|v59|v60,6,12,0.2,0.023383617401123047,2,0.3606283664703369,2,,,0,0,-0.0|0.8571,-0.0|0.8571,2,2,True,True,False,1,True,0.3606283664703369,0.024764060974121094,14.562569800130936,15.422265951589551,2,2
60,0.15,601541,v17,v56,1.0000000000001967,4,0.06666666666666667,0.0012004375457763672,v10|v24|v38|v4|v43|v5|v50|v52|v54|v59,v10|v24|v4|v43|v5|v50|v52|v54|v59,9,13,0.21666666666666667,0.022939205169677734,2,0.34038662910461426,2,,,0,0,0.0|1.0,0.0|1.0,2,2,True,True,False,1,True,0.34038662910461426,0.0241396427154541,14.10073185908009,14.838640946224043,2,2
60,0.15,601538,v13,v1,25.999999999999066,30,0.5,0.04135727882385254,v15|v22|v32|v36|v41|v46|v50|v51|v9,v32|v36|v46|v50,4,34,0.5666666666666667,0.15837764739990234,3,0.6617605686187744,3,,,0,0,26.0|32.5|33.5,26.0|32.5|33.5,3,3,True,True,False,1,True,0.6617605686187744,0.19973492622375488,3.313194047381734,4.1783709979466614,3,3
60,0.15,601542,v24,v8,62.00000000002355,32,0.5333333333333333,0.023233890533447266,v11|v19|v20|v41|v42|v45|v48|v53|v58,v11|v41|v42|v45|v48|v53,6,38,0.6333333333333333,0.10105609893798828,2,0.3802361488342285,2,,,0,0,13.0|62.0,13.0|62.0,2,2,True,True,False,1,True,0.3802361488342285,0.12428998947143555,3.0592660796838733,3.762624451469825,2,2
60,0.15,601540,v46,v55,11.999999999997852,30,0.5,0.02968144416809082,v11|v12|v29|v31|v35|v39|v40|v42|v56|v8|v9,v11|v35|v40|v42|v56|v9,6,36,0.6,0.1578357219696045,3,0.6678745746612549,3,,,0,0,12.0|16.0|20.0,12.0|16.0|20.0,3,3,True,True,False,1,True,0.6678745746612549,0.1875171661376953,3.5616716507481208,4.231453858017465,3,3
60,0.15,601532,v48,v30,167.00000000000267,32,0.5333333333333333,0.028583049774169922,v14|v16|v31|v33|v4|v43|v49|v50|v53|v56,v53,1,33,0.55,0.40144991874694824,6,1.93113112449646,6,,,0,0,74.5|112.5|116.5|167.0|170.5,74.5|112.5|116.5|167.0|170.5,5,5,True,True,False,1,True,1.93113112449646,0.43003296852111816,4.490658311937368,4.810391120576457,6,6
60,0.15,601543,v42,v43,-7.987684587836566e-13,17,0.2833333333333333,0.003561735153198242,v15|v24|v29|v32|v41|v9,v15|v29|v32|v41|v9,5,22,0.36666666666666664,0.03864026069641113,2,0.3876380920410156,2,,,0,0,-0.0|2.3333,-0.0|2.3333,2,2,True,True,False,1,True,0.3876380920410156,0.042201995849609375,9.185302359215402,10.031974035750205,2,2
60,0.15,601544,v32,v26,8.000000000000314,29,0.48333333333333334,0.011823892593383789,v22|v31|v34|v38|v43|v54|v57|v6,v38|v43|v54|v57,4,33,0.55,0.06986141204833984,2,0.2731900215148926,2,,,0,0,8.0|11.5,8.0|11.5,2,2,True,True,False,1,True,0.2731900215148926,0.08168530464172363,3.3444206728874852,3.9104566241212204,2,2
60,0.15,601546,v59,v10,7.438494264988549e-15,4,0.06666666666666667,0.0011355876922607422,v11|v19|v24|v33|v40|v57,v11|v19|v24|v33|v57,5,9,0.15,0.016913652420043945,2,0.33029651641845703,2,,,0,0,0.0|0.5,0.0|0.5,2,2,True,True,False,1,True,0.33029651641845703,0.018049240112304688,18.29974638064039,19.528396836808053,2,2
80,0.05,800500,v13,v10,0.0,26,0.325,0.011634588241577148,v31|v4|v61,v31|v4,2,28,0.35,0.043064117431640625,2,0.1699662208557129,2,,,0,0,0.0|0.6667,0.0|0.6667,2,2,True,True,False,1,True,0.1699662208557129,0.05469870567321777,3.1073170519084834,3.9468176986446983,2,2
60,0.15,601547,v32,v29,1.0000000000065874,31,0.5166666666666667,0.039073944091796875,v14|v16|v17|v46|v47|v50|v52|v58,v14|v16|v46|v47|v52|v58,6,37,0.6166666666666667,0.10008740425109863,2,0.3396565914154053,2,,,0,0,1.0|16.0,1.0|16.0,2,2,True,True,False,1,True,0.3396565914154053,0.1391613483428955,2.4407394399376376,3.3935997636953097,2,2
60,0.15,601549,v23,v8,-3.130828929442881e-14,8,0.13333333333333333,0.0013442039489746094,v20|v22|v28|v30|v33|v36|v37|v47|v49|v51|v53|v55|v9,v20|v22|v28|v30|v33|v36|v37|v47|v51|v53|v55|v9,12,20,0.3333333333333333,0.02646803855895996,2,0.34258365631103516,2,,,0,0,-0.0|0.5,-0.0|0.5,2,2,True,True,False,1,True,0.34258365631103516,0.02781224250793457,12.317728648213077,12.943295950997612,2,2
80,0.05,800501,v43,v8,0.0,6,0.075,0.001031637191772461,v33|v34|v46|v65,v33|v34|v65,3,9,0.1125,0.01966571807861328,2,0.23801136016845703,2,,,0,0,0.0|0.5,0.0|0.5,2,2,True,True,False,1,True,0.23801136016845703,0.020697355270385742,11.499602584925874,12.102856311527084,2,2
80,0.05,800502,v22,v8,1.0,30,0.375,0.01462864875793457,v42|v60,,0,30,0.375,0.06259727478027344,2,0.18965554237365723,2,,,0,0,1.0|3.5,1.0|3.5,2,2,True,True,False,1,False,0.18965554237365723,0.07722592353820801,2.4558533415249344,3.029773149699869,2,2
80,0.05,800504,v80,v54,0.0,11,0.1375,0.002476215362548828,v26|v30|v58|v59,v30|v58|v59,3,14,0.175,0.02352309226989746,2,0.19572901725769043,2,,,0,0,0.0|0.5,0.0|0.5,2,2,True,True,False,1,True,0.19572901725769043,0.02599930763244629,7.5282395987125055,8.320717999655393,2,2
80,0.05,800503,v62,v19,0.0,15,0.1875,0.002446413040161133,v49|v63,v49,1,16,0.2,0.020432710647583008,2,0.23320508003234863,2,,,0,0,0.0|1.5,0.0|1.5,2,2,True,True,False,1,True,0.23320508003234863,0.02287912368774414,10.192920114211876,11.413320731380031,2,2
80,0.05,800505,v77,v69,1.9999999999999993,14,0.175,0.004231929779052734,v11|v40|v61,v40|v61,2,16,0.2,0.02149796485900879,2,0.20657038688659668,2,,,0,0,0.0|2.0,0.0|2.0,2,2,True,True,False,1,True,0.20657038688659668,0.025729894638061523,8.028419462745207,9.608834521842319,2,2
80,0.05,800506,v67,v45,1.0,7,0.0875,0.0010700225830078125,v13|v28|v33,v13|v33,2,9,0.1125,0.016979217529296875,2,0.19874048233032227,2,,,0,0,0.0|1.0,0.0|1.0,2,2,True,True,False,1,True,0.19874048233032227,0.018049240112304688,11.011016590933108,11.704925859357449,2,2
80,0.05,800508,v57,v54,1.0,22,0.275,0.006683826446533203,v21|v3|v30|v32|v55,v3|v32|v55,3,25,0.3125,0.02895641326904297,2,0.18027210235595703,2,,,0,0,1.0|1.5,1.0|1.5,2,2,True,True,False,1,True,0.18027210235595703,0.03564023971557617,5.058105775791713,6.225636465434905,2,2
60,0.15,601545,v32,v58,167.9999999999903,39,0.65,0.036827802658081055,v1|v12|v15|v16|v2|v24|v25|v3|v33|v34|v40|v47|v48|v50,v2|v24|v3|v33,4,43,0.7166666666666667,0.41236162185668945,4,0.9677526950836182,4,,,0,0,168.0|205.0|225.0,168.0|205.0|225.0,3,3,True,True,False,1,True,0.9677526950836182,0.4491894245147705,2.154442295984633,2.34685442046289,4,4
80,0.05,800507,v6,v14,0.9999999999999999,8,0.1,0.0012366771697998047,v40|v48|v5|v69|v7,v40|v48|v5|v69,4,12,0.15,0.01789689064025879,2,0.20441412925720215,2,,,0,0,0.0|1.0,0.0|1.0,2,2,True,True,False,1,True,0.20441412925720215,0.019133567810058594,10.683534366744754,11.421767801238927,2,2
60,0.15,601548,v4,v47,27.999999999990344,38,0.6333333333333333,0.04095911979675293,v13|v18|v27|v3|v32|v35|v36|v41|v43|v44|v55|v58|v59,v13|v3|v35|v43|v44|v59,6,44,0.7333333333333333,0.27941370010375977,3,0.7336406707763672,3,,,0,0,25.0|28.0|34.0,25.0|28.0|34.0,3,3,True,True,False,1,True,0.7336406707763672,0.3203728199005127,2.2899591513543163,2.625643161033017,3,3
80,0.05,800509,v51,v70,0.0,7,0.0875,0.00093841552734375,v61|v74,v61,1,8,0.1,0.016966819763183594,2,0.1759796142578125,2,,,0,0,0.0|0.3333,0.0|0.3333,2,2,True,True,False,1,True,0.1759796142578125,0.017905235290527344,9.828388814913449,10.37198583553482,2,2
80,0.05,800510,v29,v62,0.0,8,0.1,0.0013306140899658203,v12|v70|v8,v70|v8,2,10,0.125,0.021216630935668945,2,0.2118978500366211,2,,,0,0,0.0|0.5,0.0|0.5,2,2,True,True,False,1,True,0.2118978500366211,0.022547245025634766,9.39794860949561,9.987346750721999,2,2
80,0.05,800513,v64,v74,1.9999999999999978,23,0.2875,0.004166841506958008,v15|v18|v41|v53|v67|v68|v79,v15|v18|v53|v68|v79,5,28,0.35,0.03502702713012695,2,0.17323946952819824,2,,,0,0,1.0|2.0,1.0|2.0,2,2,True,True,False,1,True,0.17323946952819824,0.03919386863708496,4.420065575366048,4.945879902528009,2,2
80,0.05,800512,v65,v5,0.0,10,0.125,0.0014214515686035156,v42|v48|v52|v7|v8,v42|v48|v52|v8,4,14,0.175,0.02761554718017578,2,0.18982219696044922,2,,,0,0,0.0|0.5,0.0|0.5,2,2,True,True,False,1,True,0.18982219696044922,0.029036998748779297,6.537252648000657,6.873743827053907,2,2
80,0.05,800511,v65,v22,6.344131569286612e-17,6,0.075,0.0011076927185058594,v38|v55|v74,v38|v55,2,8,0.1,0.018314123153686523,2,0.2033092975616455,2,,,0,0,0.0|0.4286,0.0|0.4286,2,2,True,True,False,1,True,0.2033092975616455,0.019421815872192383,10.468089024195628,11.101230228471001,2,2
80,0.05,800514,v39,v58,1.0,26,0.325,0.0038344860076904297,v40|v69|v70|v76,v40|v70|v76,3,29,0.3625,0.03963160514831543,2,0.18760347366333008,2,,,0,0,0.0|1.0,0.0|1.0,2,2,True,True,False,1,True,0.18760347366333008,0.04346609115600586,4.316087982008667,4.733683456959459,2,2
80,0.05,800515,v38,v68,1.0,42,0.525,0.02030324935913086,v36|v40|v57|v70,v36|v57,2,44,0.55,0.07786774635314941,2,0.18711090087890625,2,,,0,0,1.0|1.5,1.0|1.5,2,2,True,True,False,1,True,0.18711090087890625,0.09817099571228027,1.9059692684312912,2.402932017966877,2,2
80,0.05,800520,v60,v15,0.0,8,0.1,0.0011391639709472656,v78,,0,8,0.1,0.015434026718139648,2,0.19974112510681152,2,,,0,0,0.0|0.3333,0.0|0.3333,2,2,True,True,False,1,False,0.19974112510681152,0.016573190689086914,12.052062204192021,12.941608094539275,2,2
80,0.05,800518,v71,v50,1.0,8,0.1,0.0022644996643066406,v21|v25|v35,v25,1,9,0.1125,0.016004323959350586,2,0.20503544807434082,2,,,0,0,1.0|1.5,1.0|1.5,2,2,True,True,False,1,True,0.20503544807434082,0.018268823623657227,11.223243066884176,12.81125329599118,2,2
80,0.05,800519,v41,v67,1.0,18,0.225,0.002000093460083008,v42|v51,v51,1,19,0.2375,0.03251481056213379,2,0.2509887218475342,2,,,0,0,0.0|1.0,0.0|1.0,2,2,True,True,False,1,True,0.2509887218475342,0.0345149040222168,7.2718939530000135,7.7192121838726475,2,2
80,0.05,800521,v74,v24,4.0,19,0.2375,0.0042765140533447266,v28|v51|v58|v70|v72|v78,v58|v70|v78,3,22,0.275,0.03291916847229004,2,0.19211745262145996,2,,,0,0,2.0|4.0,2.0|4.0,2,2,True,True,False,1,True,0.19211745262145996,0.037195682525634766,5.165047112364592,5.836036009936772,2,2
80,0.05,800522,v55,v78,0.0,15,0.1875,0.003892660140991211,v11|v68,v68,1,16,0.2,0.019474029541015625,2,0.18758225440979004,2,,,0,0,0.0|1.3333,0.0|1.3333,2,2,True,True,False,1,True,0.18758225440979004,0.023366689682006836,8.027763323027948,9.632431439764936,2,2
80,0.05,800516,v36,v34,2.0,24,0.3,0.009891510009765625,v21|v4|v41|v45|v72,v4|v41|v45|v72,4,28,0.35,0.11200141906738281,4,0.5831108093261719,4,,,0,0,0.0|2.0,0.0|2.0,2,2,True,True,False,1,True,0.5831108093261719,0.12189292907714844,4.783795202403493,5.206280546993409,4,4
80,0.05,800523,v17,v18,0.0,19,0.2375,0.003135204315185547,v32|v45|v75,v32|v45,2,21,0.2625,0.030115127563476562,2,0.18788623809814453,2,,,0,0,0.0|0.5,0.0|0.5,2,2,True,True,False,1,True,0.18788623809814453,0.03325033187866211,5.6506575267814885,6.238932167965039,2,2
80,0.05,800524,v43,v46,2.0,15,0.1875,0.002183675765991211,v72|v73|v77|v79,v79,1,16,0.2,0.02564382553100586,2,0.28304290771484375,2,,,0,0,2.0|2.5,2.0|2.5,2,2,True,True,False,1,True,0.28304290771484375,0.02782750129699707,10.17133750867483,11.037468156715446,2,2
80,0.05,800517,v43,v28,2.999999999999999,27,0.3375,0.005028724670410156,v10|v5|v50|v51|v53,v10|v5,2,29,0.3625,0.14136409759521484,4,0.7168066501617432,4,,,0,0,1.5|2.5|3.0|3.5,1.5|2.5|3.0|3.5,4,4,True,True,False,1,True,0.7168066501617432,0.146392822265625,4.896460352824682,5.070641431279557,4,4
80,0.05,800525,v72,v75,3.0000000000000018,32,0.4,0.01173853874206543,v14|v18|v26|v74,v14,1,33,0.4125,0.05411720275878906,2,0.2912740707397461,2,,,0,0,2.0|3.0,2.0|3.0,2,2,True,True,False,1,True,0.2912740707397461,0.06585574150085449,4.422910806280524,5.382282451626546,2,2
80,0.05,800528,v62,v72,1.0,11,0.1375,0.0011932849884033203,v28|v31|v38|v66|v74,v28|v38|v66,3,14,0.175,0.024094343185424805,2,0.273665189743042,2,,,0,0,1.0|1.5,1.0|1.5,2,2,True,True,False,1,True,0.273665189743042,0.025287628173828125,10.822097978578972,11.358068059252515,2,2
80,0.05,800526,v3,v29,1.0,27,0.3375,0.008360147476196289,v18|v38|v43,v18,1,28,0.35,0.03895688056945801,2,0.17876672744750977,2,,,0,0,1.0|2.0,1.0|2.0,2,2,True,True,False,1,True,0.17876672744750977,0.0473170280456543,3.778063306829519,4.588835780338684,2,2
80,0.05,800529,v26,v68,3.0,44,0.55,0.011076688766479492,v37|v47|v56,v47,1,45,0.5625,0.06954455375671387,2,0.17238664627075195,2,,,0,0,2.0|3.0,2.0|3.0,2,2,True,True,False,1,True,0.17238664627075195,0.08062124252319336,2.1382285967765786,2.4787943405864423,2,2
80,0.05,800531,v69,v78,2.498001805406601e-16,5,0.0625,0.0009255409240722656,v54|v57|v60|v61|v9,v54|v57|v61|v9,4,9,0.1125,0.017003536224365234,2,0.1983025074005127,2,,,0,0,0.0|0.25,0.0|0.25,2,2,True,True,False,1,True,0.1983025074005127,0.0179290771484375,11.060385638297872,11.662427437673518,2,2
80,0.05,800533,v67,v44,0.0,3,0.0375,0.0011527538299560547,v39|v5|v64|v76,v39|v5|v64,3,6,0.075,0.014903783798217773,2,0.180006742477417,2,,,0,0,0.0|0.5,0.0|0.5,2,2,True,True,False,1,True,0.180006742477417,0.016056537628173828,11.210806877914056,12.07792228567772,2,2
80,0.05,800527,v32,v14,1.0,12,0.15,0.002855539321899414,v10|v29,,0,12,0.15,0.053529977798461914,3,0.43195009231567383,3,,,0,0,0.3333|1.0|1.3333,0.3333|1.0|1.3333,3,3,True,True,False,1,False,0.43195009231567383,0.05638551712036133,7.660656749739956,8.069312001995359,3,3
80,0.05,800534,v10,v61,0.0,15,0.1875,0.002489805221557617,v1,,0,15,0.1875,0.022575855255126953,2,0.19281697273254395,2,,,0,0,0.0|0.5,0.0|0.5,2,2,True,True,False,1,False,0.19281697273254395,0.02506566047668457,7.692475245641235,8.540849086492766,2,2
80,0.05,800530,v45,v44,5.000000000000002,25,0.3125,0.014991044998168945,v12|v14|v37|v54|v7,,0,25,0.3125,0.07296299934387207,3,0.36521410942077637,3,,,0,0,4.5|5.0|5.5,4.5|5.0|5.5,3,3,True,True,False,1,False,0.36521410942077637,0.08795404434204102,4.152328777520561,5.005470069829983,3,3
80,0.05,800537,v43,v8,0.0,16,0.2,0.0021810531616210938,v2|v21|v49|v52|v78,v2|v21|v52|v78,4,20,0.25,0.035138607025146484,2,0.18208813667297363,2,,,0,0,0.0|0.5,0.0|0.5,2,2,True,True,False,1,True,0.18208813667297363,0.03731966018676758,4.879147767201175,5.1819964446133175,2,2
80,0.05,800532,v61,v66,1.0,7,0.0875,0.0010554790496826172,v12|v18|v22|v30|v49|v55,v12|v18|v30|v49|v55,5,12,0.15,0.0539093017578125,4,0.5366621017456055,4,,,0,0,0.0|1.0,0.0|1.0,2,2,True,True,False,1,True,0.5366621017456055,0.05496478080749512,9.76374496289131,9.954907302575714,4,4
80,0.05,800536,v50,v63,2.0,14,0.175,0.002613067626953125,v12|v49|v59,v59,1,15,0.1875,0.046578168869018555,3,0.37671756744384766,3,,,0,0,1.0|2.0,1.0|2.0,2,2,True,True,False,1,True,0.37671756744384766,0.04919123649597168,7.658225209986283,8.087856963703464,3,3
80,0.05,800539,v36,v3,0.0,13,0.1625,0.0017261505126953125,v26,,0,13,0.1625,0.01837468147277832,2,0.20997333526611328,2,,,0,0,0.0|1.0,0.0|1.0,2,2,True,True,False,1,False,0.20997333526611328,0.020100831985473633,10.44600220617016,11.427318377038757,2,2
80,0.05,800535,v38,v25,4.999999999999998,46,0.575,0.021210908889770508,v14|v44|v49|v56|v63,v44|v63,2,48,0.6,0.17241740226745605,3,0.40474510192871094,3,,,0,0,2.0|4.0|5.0,2.0|4.0|5.0,3,3,True,True,False,1,True,0.40474510192871094,0.19362831115722656,2.090319847907247,2.347472451190659,3,3
80,0.05,800540,v66,v45,7.401486830834377e-17,8,0.1,0.001192331314086914,v12|v41|v55|v60,v12|v41|v55,3,11,0.1375,0.016447782516479492,2,0.2205510139465332,2,,,0,0,0.0|0.6667,0.0|0.6667,2,2,True,True,False,1,True,0.2205510139465332,0.017640113830566406,12.502811266691896,13.409164045399859,2,2
80,0.05,800538,v70,v10,2.0,13,0.1625,0.004220485687255859,v31|v38|v51|v69,v31,1,14,0.175,0.05397796630859375,3,0.36959338188171387,3,,,0,0,1.5|2.0|2.5,1.5|2.0|2.5,3,3,True,True,False,1,True,0.36959338188171387,0.05819845199584961,6.350570663083465,6.847115724381625,3,3
80,0.05,800541,v80,v61,0.0,10,0.125,0.002692699432373047,v16|v47|v63,v16|v63,2,12,0.15,0.029011964797973633,2,0.19821667671203613,2,,,0,0,0.0|0.5,0.0|0.5,2,2,True,True,False,1,True,0.19821667671203613,0.03170466423034668,6.251972115897999,6.832238977688293,2,2
80,0.05,800543,v55,v41,1.0,6,0.075,0.0012133121490478516,v11|v19|v23|v31|v35|v49|v8,v11|v19|v23|v35|v49|v8,6,12,0.15,0.0186460018157959,2,0.18276071548461914,2,,,0,0,0.0|1.0,0.0|1.0,2,2,True,True,False,1,True,0.18276071548461914,0.01985931396484375,9.20277084133692,9.80160343703249,2,2
80,0.05,800542,v16,v12,1.0,28,0.35,0.008391857147216797,v11|v18|v60|v65|v77,v18|v60|v65|v77,4,32,0.4,0.05442667007446289,2,0.20297574996948242,2,,,0,0,0.0|1.0,0.0|1.0,2,2,True,True,False,1,True,0.20297574996948242,0.06281852722167969,3.2311446789130103,3.7293435312464407,2,2
80,0.05,800545,v41,v42,0.0,6,0.075,0.0008616447448730469,v58|v67,v67,1,7,0.0875,0.018219470977783203,2,0.17640423774719238,2,,,0,0,0.0|0.25,0.0|0.25,2,2,True,True,False,1,True,0.17640423774719238,0.01908111572265625,9.244964514194322,9.682182208380224,2,2
80,0.05,800546,v71,v4,0.0,8,0.1,0.0011348724365234375,v33|v35,v33,1,9,0.1125,0.015758037567138672,2,0.18484091758728027,2,,,0,0,0.0|0.5,0.0|0.5,2,2,True,True,False,1,True,0.18484091758728027,0.01689291000366211,10.941922827222175,11.72994522952159,2,2
80,0.05,800547,v9,v41,1.0,26,0.325,0.009556770324707031,v20|v33|v78,v33,1,27,0.3375,0.04300498962402344,2,0.20268034934997559,2,,,0,0,1.0|1.5,1.0|1.5,2,2,True,True,False,1,True,0.20268034934997559,0.05256175994873047,3.856041912365055,4.712949616356943,2,2
80,0.05,800548,v78,v41,2.0,33,0.4125,0.009992122650146484,v11|v40|v42|v43|v8,v11|v42,2,35,0.4375,0.0657050609588623,2,0.20125293731689453,2,,,0,0,2.0|2.5,2.0|2.5,2,2,True,True,False,1,True,0.20125293731689453,0.07569718360900879,2.658658192045909,3.062974668616444,2,2
80,0.05,800549,v39,v71,-1.1102230246251558e-15,25,0.3125,0.009611368179321289,v37,,0,25,0.3125,0.040906429290771484,2,0.23778367042541504,2,,,0,0,-0.0|1.5,-0.0|1.5,2,2,True,True,False,1,False,0.23778367042541504,0.05051779747009277,4.706928693124166,5.812867917050369,2,2
80,0.05,800544,v70,v19,1.0,15,0.1875,0.002403736114501953,v11|v28|v33|v49|v57,v11|v28|v33|v49,4,19,0.2375,0.08691668510437012,4,0.5172326564788818,4,,,0,0,0.0|1.0,0.0|1.0,2,2,True,True,False,1,True,0.5172326564788818,0.08932042121887207,5.790754783964211,5.950901784367242,4,4
80,0.1,801000,v75,v62,0.9999999999999671,23,0.2875,0.011307001113891602,v17|v39|v48|v51|v55|v60|v63,v17|v39|v48|v55|v60|v63,6,29,0.3625,0.044243574142456055,2,0.5467712879180908,2,,,0,0,-0.0|1.0,-0.0|1.0,2,2,True,True,False,1,True,0.5467712879180908,0.055550575256347656,9.84276554103933,12.358207909641054,2,2
80,0.1,801002,v58,v72,5.056695802826041e-13,31,0.3875,0.018286705017089844,v14|v17|v65|v76,v14|v65|v76,3,34,0.425,0.06452584266662598,2,0.5095982551574707,2,,,0,0,0.0|7.3333,0.0|7.3333,2,2,True,True,False,1,True,0.5095982551574707,0.08281254768371582,6.153635764277756,7.897583884186062,2,2
80,0.1,801003,v60,v1,3.23074900165919e-14,15,0.1875,0.0030050277709960938,v26|v58|v6|v63|v77,v26|v6|v63|v77,4,19,0.2375,0.030298948287963867,2,0.5211775302886963,2,,,0,0,0.0|0.5,0.0|0.5,2,2,True,True,False,1,True,0.5211775302886963,0.03330397605895996,15.649108363698842,17.201175609640945,2,2
80,0.1,801004,v37,v56,1.0000000000060303,18,0.225,0.007139444351196289,v15|v25|v45|v48|v52|v63|v78,v15|v25|v45|v48|v52|v78,6,24,0.3,0.043802738189697266,2,0.5910396575927734,2,,,0,0,0.0|1.0,0.0|1.0,2,2,True,True,False,1,True,0.5910396575927734,0.050942182540893555,11.60216598726055,13.493212571167307,2,2
80,0.1,801005,v26,v63,8.999999999999662,36,0.45,0.04341268539428711,v18|v2|v24|v31|v54|v55|v57|v60|v61|v67|v9,v18|v31|v54|v55|v67|v9,6,42,0.525,0.18953442573547363,3,1.0566959381103516,3,,,0,0,9.0|15.0|21.0,9.0|15.0|21.0,3,3,True,True,False,1,True,1.0566959381103516,0.23294711112976074,4.536205377201394,5.575219034800274,3,3
80,0.1,801001,v64,v26,10.999999999999979,24,0.3,0.006591796875,v23|v3|v30|v31|v37|v38|v42|v45|v58|v73|v80,v23|v30|v31|v37|v42|v58|v73,7,31,0.3875,0.15198802947998047,4,1.5787708759307861,4,,,0,0,8.0|9.0|11.0,8.0|9.0|11.0,3,3,True,True,False,1,True,1.5787708759307861,0.15857982635498047,9.95568548799336,10.38746854823023,4,4
80,0.1,801006,v16,v65,18.00000000000008,53,0.6625,0.06704115867614746,v13|v14|v2|v33|v38|v54|v61|v64|v67,v2|v33|v54,3,56,0.7,0.2079780101776123,2,0.5810403823852539,2,,,0,0,18.0|24.0,18.0|24.0,2,2,True,True,False,1,True,0.5810403823852539,0.27501916885375977,2.1127268503026406,2.7937587338634886,2,2
80,0.1,801009,v61,v56,2.999999999999807,32,0.4,0.015105485916137695,v11|v2|v26|v3|v30|v32|v42|v62|v67,v11|v2|v26|v3|v32|v42|v67,7,39,0.4875,0.07433414459228516,2,0.4835202693939209,2,,,0,0,2.0|3.0,2.0|3.0,2,2,True,True,False,1,True,0.4835202693939209,0.08943963050842285,5.406107635343887,6.504685996536019,2,2
80,0.1,801012,v65,v46,21.00000000000526,39,0.4875,0.037833213806152344,v13|v24|v42|v43|v64|v67|v7|v74,v13|v64|v74,3,42,0.525,0.10982704162597656,2,0.5019528865814209,2,,,0,0,19.0|21.0,19.0|21.0,2,2,True,True,False,1,True,0.5019528865814209,0.1476602554321289,3.399377070779485,4.570394314096664,2,2
80,0.1,801011,v32,v2,15.999999999999847,34,0.425,0.03257131576538086,v13|v23|v37|v42|v53,v23|v37|v53,3,37,0.4625,0.07178020477294922,2,0.5190737247467041,2,,,0,0,2.0|16.0,2.0|16.0,2,2,True,True,False,1,True,0.5190737247467041,0.10435152053833008,4.974280413633642,7.231432766019637,2,2
80,0.1,801010,v69,v59,13.00000000000106,45,0.5625,0.04583597183227539,v12|v2|v31|v37|v4|v41|v5|v63,v12|v41|v5|v63,4,49,0.6125,0.13162469863891602,2,0.5941224098205566,2,,,0,0,9.0|13.0,9.0|13.0,2,2,True,True,False,1,True,0.5941224098205566,0.1774606704711914,3.347910318624685,4.513760836409611,2,2
80,0.1,801013,v11,v67,29.999999999999588,35,0.4375,0.03367447853088379,v20|v29|v3|v34|v55|v56|v60|v77,v29|v34|v56,3,38,0.475,0.10213875770568848,2,0.5333857536315918,2,,,0,0,30.0|49.0,30.0|49.0,2,2,True,True,False,1,True,0.5333857536315918,0.13581323623657227,3.9273473514944475,5.222168015480823,2,2
80,0.1,801007,v25,v36,64.99999999999969,58,0.725,0.18694758415222168,v11|v32|v37|v42|v53|v56|v63|v7|v72,,0,58,0.725,0.5702738761901855,4,1.4573814868927002,4,,,0,0,52.5|65.0|82.5|93.5,52.5|65.0|82.5|93.5,4,4,True,True,False,1,False,1.4573814868927002,0.7572214603424072,1.9246436653204313,2.5555817086151524,4,4
80,0.1,801015,v6,v66,3.0000000000000715,18,0.225,0.005428314208984375,v13|v15|v16|v18|v37|v51|v64|v68|v72,v15|v16|v18|v37|v64|v68|v72,7,25,0.3125,0.04443669319152832,2,0.5317091941833496,2,,,0,0,2.0|3.0,2.0|3.0,2,2,True,True,False,1,True,0.5317091941833496,0.049865007400512695,10.662972330730723,11.965543698123735,2,2
80,0.1,801016,v28,v9,8.999999999999963,21,0.2625,0.012535810470581055,v12|v2|v39|v43|v45|v52|v69|v80,v12|v2|v39|v45|v80,5,26,0.325,0.03524494171142578,2,0.5129103660583496,2,,,0,0,4.0|9.0,4.0|9.0,2,2,True,True,False,1,True,0.5129103660583496,0.047780752182006836,10.734664956812885,14.552736964580458,2,2
80,0.1,801014,v48,v18,14.000000000000036,49,0.6125,0.05354118347167969,v15|v43|v51|v63|v71|v77,v15|v51,2,51,0.6375,0.1320803165435791,2,0.498671293258667,2,,,0,0,14.0|19.5,14.0|19.5,2,2,True,True,False,1,True,0.498671293258667,0.1856215000152588,2.6864953317243656,3.7755155825518742,2,2
80,0.1,801017,v40,v64,9.999999999997254,47,0.5875,0.05670928955078125,v14|v23|v26|v32|v44|v6|v62|v67|v71,v14|v23|v32|v6|v67|v71,6,53,0.6625,0.16195893287658691,2,0.6964035034179688,2,,,0,0,10.0|17.3333,10.0|17.3333,2,2,True,True,False,1,True,0.6964035034179688,0.21866822242736816,3.1847494605636304,4.2998770802511395,2,2
80,0.1,801018,v11,v5,3.5527136788004883e-15,27,0.3375,0.009137392044067383,v13|v72,v13,1,28,0.35,0.03879070281982422,2,0.6415092945098877,2,,,0,0,0.0|2.6667,0.0|2.6667,2,2,True,True,False,1,True,0.6415092945098877,0.0479280948638916,13.384827757741574,16.537707437000616,2,2
80,0.1,801021,v69,v54,2.0000000000000018,52,0.65,0.06269049644470215,v24|v25|v50|v53,v25,1,53,0.6625,0.22754788398742676,2,0.4448587894439697,2,,,0,0,2.0|5.0,2.0|5.0,2,2,True,True,False,1,True,0.4448587894439697,0.2902383804321289,1.532735914463243,1.955011761254394,2,2
80,0.1,801022,v2,v3,0.9999999999999858,23,0.2875,0.007015228271484375,v26|v33|v57|v66|v7|v79,v26|v57|v66|v79,4,27,0.3375,0.047362565994262695,2,0.48981785774230957,2,,,0,0,1.0|3.6667,1.0|3.6667,2,2,True,True,False,1,True,0.48981785774230957,0.05437779426574707,9.007681616296251,10.341877545267376,2,2
80,0.1,801008,v55,v49,449.99999999999227,61,0.7625,0.13692116737365723,v2|v23|v28|v41|v43|v50|v58|v63,v28|v50|v58,3,64,0.8,1.22627854347229,5,2.4573962688446045,5,,,0,0,107.0|202.0|347.0|450.0,107.0|202.0|347.0|450.0,4,4,True,True,False,1,True,2.4573962688446045,1.3631997108459473,1.8026678331083583,2.0039462338518312,5,5
80,0.1,801019,v62,v6,47.00000000000186,52,0.65,0.10244894027709961,v10|v16|v20|v37|v39|v42|v47|v52|v72,v16|v39|v42|v52,4,56,0.7,0.22731828689575195,2,0.6635739803314209,2,,,0,0,47.0|63.5,47.0|63.5,2,2,True,True,False,1,True,0.6635739803314209,0.32976722717285156,2.0122496283828726,2.9191403357519388,2,2
80,0.1,801023,v78,v65,-1.4210854715202322e-14,45,0.5625,0.04547548294067383,v52,,0,45,0.5625,0.11245584487915039,2,0.56192946434021,2,,,0,0,-0.0|29.3333,-0.0|29.3333,2,2,True,True,False,1,False,0.56192946434021,0.15793132781982422,3.558062052015966,4.996889801006628,2,2
80,0.1,801020,v61,v44,11.000000000000261,30,0.375,0.014048576354980469,v10|v20|v29|v3|v39|v45|v46|v47|v63|v68|v75|v79,v20|v3|v39|v45|v46|v63|v75|v79,8,38,0.475,0.20898222923278809,4,1.6360082626342773,4,,,0,0,7.0|9.0|11.0,7.0|9.0|11.0,3,3,True,True,False,1,True,1.6360082626342773,0.22303080558776855,7.335346605249402,7.828456365119476,4,4
80,0.1,801027,v52,v45,4.014566457044596e-13,25,0.3125,0.015568733215332031,v11|v57|v62,v11|v62,2,27,0.3375,0.03911018371582031,2,0.522789716720581,2,,,0,0,0.0|8.0,0.0|8.0,2,2,True,True,False,1,True,0.522789716720581,0.054678916931152344,9.561083980116857,13.367099487929773,2,2
80,0.1,801028,v34,v52,6.439293542825775e-15,3,0.0375,0.0016040802001953125,v23|v27|v29|v3|v35|v40,v23|v27|v3|v35|v40,5,8,0.1,0.018177270889282227,2,0.6024532318115234,2,,,0,0,0.0|0.5,0.0|0.5,2,2,True,True,False,1,True,0.6024532318115234,0.01978135108947754,30.45561595294628,33.14321690429034,2,2
80,0.1,801026,v28,v77,2.0000000000000213,32,0.4,0.031032323837280273,v17|v25|v27|v40|v41|v73,v17|v27|v40|v73,4,36,0.45,0.1333599090576172,3,1.0315687656402588,3,,,0,0,2.0|5.0|7.0,2.0|5.0|7.0,3,3,True,True,False,1,True,1.0315687656402588,0.16439223289489746,6.2750456482927754,7.735223973454998,3,3
80,0.1,801030,v6,v24,-9.992007221626409e-15,18,0.225,0.0041048526763916016,v16|v28|v70|v80,v16|v70|v80,3,21,0.2625,0.032392024993896484,2,0.5455584526062012,2,,,0,0,-0.0|1.0,-0.0|1.0,2,2,True,True,False,1,True,0.5455584526062012,0.036496877670288086,14.948085628988954,16.842369463131707,2,2
80,0.1,801029,v55,v68,35.99999999999139,38,0.475,0.028143644332885742,v12|v18|v20|v43|v5|v51|v53|v56|v64|v65|v7|v8,v43|v64|v65|v7|v8,5,43,0.5375,0.09759855270385742,2,0.5407466888427734,2,,,0,0,18.0|36.0,18.0|36.0,2,2,True,True,False,1,True,0.5407466888427734,0.12574219703674316,4.300439324157519,5.540519545239131,2,2
80,0.1,801025,v17,v77,6.999999999999839,26,0.325,0.01198577880859375,v26|v3|v33|v37|v40|v42|v45|v46|v50|v71|v73,v26|v33|v37|v40|v42|v45|v50|v73,8,34,0.425,0.20824575424194336,4,1.6069507598876953,4,,,0,0,3.0|7.0|9.0,3.0|7.0|9.0,3,3,True,True,False,1,True,1.6069507598876953,0.2202315330505371,7.296642481796392,7.7166075521554855,4,4
80,0.1,801032,v23,v9,8.881784197001266e-16,34,0.425,0.021768808364868164,v31|v36,v31,1,35,0.4375,0.06834197044372559,2,0.45183730125427246,2,,,0,0,0.0|6.0,0.0|6.0,2,2,True,True,False,1,True,0.45183730125427246,0.09011077880859375,5.014242549318432,6.611417527481536,2,2
80,0.1,801024,v79,v1,6.999999999999476,45,0.5625,0.0414433479309082,v17|v19|v21|v28|v33|v51|v62,v17|v19|v28,3,48,0.6,0.4686911106109619,5,1.812687635421753,5,,,0,0,3.0|7.0|30.25|31.25,3.0|7.0|30.25|31.25,4,4,True,True,False,1,True,1.812687635421753,0.5101344585418701,3.553352660400559,3.867552838923754,5,5
80,0.1,801034,v55,v18,1.999999999999964,8,0.1,0.0018169879913330078,v24|v33|v36|v71,v24|v36|v71,3,11,0.1375,0.019800901412963867,2,0.5029387474060059,2,,,0,0,0.0|2.0,0.0|2.0,2,2,True,True,False,1,True,0.5029387474060059,0.021617889404296875,23.264932945120876,25.39979049018073,2,2
80,0.1,801033,v33,v28,-5.884182030512652e-14,4,0.05,0.0017538070678710938,v16|v17|v19|v36|v38|v39|v49|v52|v62|v7|v78|v79,v16|v17|v19|v36|v38|v39|v49|v62|v7|v78|v79,11,15,0.1875,0.023939132690429688,2,0.6383893489837646,2,,,0,0,-0.0|0.5,-0.0|0.5,2,2,True,True,False,1,True,0.6383893489837646,0.02569293975830078,24.846878363832076,26.667187873476216,2,2
80,0.1,801031,v72,v55,12.00000000000055,37,0.4625,0.022546768188476562,v11|v12|v20|v31|v39|v53|v70|v79|v80|v9,v11|v12|v31|v53|v80|v9,6,43,0.5375,0.20053601264953613,3,1.1499207019805908,3,,,0,0,3.0|11.0|12.0,3.0|11.0|12.0,3,3,True,True,False,1,True,1.1499207019805908,0.2230827808380127,5.154681583495159,5.73423539636361,3,3
80,0.1,801036,v79,v40,3.000000000000011,14,0.175,0.006057262420654297,v10|v17|v25|v27|v29|v51|v68|v73,v17|v27|v29|v51|v68|v73,6,20,0.25,0.02652597427368164,2,0.5851638317108154,2,,,0,0,2.0|3.0,2.0|3.0,2,2,True,True,False,1,True,0.5851638317108154,0.03258323669433594,17.959045542352047,22.060031638174333,2,2
80,0.1,801035,v61,v22,9.999999999993758,45,0.5625,0.12331247329711914,v23|v48|v49|v62|v63|v74|v77,v23|v48|v77,3,48,0.6,0.1439368724822998,2,0.5528419017791748,2,,,0,0,10.0|54.5,10.0|54.5,2,2,True,True,False,1,True,0.5528419017791748,0.26724934577941895,2.0686370631398177,3.8408636525512865,2,2
80,0.1,801041,v14,v36,3.33066907387547e-16,16,0.2,0.004631519317626953,v12|v16|v23|v60|v74|v76,v12|v16|v23|v60|v76,5,21,0.2625,0.039696693420410156,2,0.556941032409668,2,,,0,0,0.0|0.5,0.0|0.5,2,2,True,True,False,1,True,0.556941032409668,0.04432821273803711,12.564030850983725,14.02990990990991,2,2
80,0.1,801039,v11,v31,69.00000000000031,63,0.7875,0.10997200012207031,v2|v28|v35|v38|v50|v60|v70|v79,v28|v60|v70,3,66,0.825,0.27873778343200684,2,0.603243350982666,2,,,0,0,69.0|101.5,69.0|101.5,2,2,True,True,False,1,True,0.603243350982666,0.38870978355407715,1.5519119314853649,2.1641965561867096,2,2
80,0.1,801042,v31,v34,1.9999999999999996,21,0.2625,0.008457660675048828,v14|v47|v5|v56,v14|v47,2,23,0.2875,0.03839302062988281,2,0.6073873043060303,2,,,0,0,1.0|2.0,1.0|2.0,2,2,True,True,False,1,True,0.6073873043060303,0.04685068130493164,12.96432170010076,15.820253117392816,2,2
80,0.1,801037,v21,v73,0.9999999999999912,12,0.15,0.004040956497192383,v26|v31|v36|v45|v46|v52|v6|v70|v72|v77|v78,v26|v31|v45|v46|v6|v70|v72|v77|v78,9,21,0.2625,0.08657336235046387,4,1.9338886737823486,4,,,0,0,1.0|2.0,1.0|2.0,2,2,True,True,False,1,True,1.9338886737823486,0.09061431884765625,21.341976614464933,22.338149071230877,4,4
80,0.1,801040,v7,v5,0.9999999999999947,22,0.275,0.013141870498657227,v10|v3|v38|v67|v8,v3|v38,2,24,0.3,0.10028767585754395,4,1.6295037269592285,4,,,0,0,1.0|1.5|2.6667|3.1667,1.0|1.5|2.6667|3.1667,4,4,True,True,False,1,True,1.6295037269592285,0.11342954635620117,14.365778399942828,16.248294848051884,4,4
80,0.1,801043,v17,v73,2.0000000000000355,26,0.325,0.010553836822509766,v13|v37|v40|v51|v60|v66|v72|v78,v13|v37|v40|v51|v60|v72,6,32,0.4,0.05646014213562012,2,0.540264368057251,2,,,0,0,2.0|7.5,2.0|7.5,2,2,True,True,False,1,True,0.540264368057251,0.06701397895812988,8.061965226610502,9.568951611200493,2,2
80,0.1,801044,v41,v48,2.9605947323337426e-15,19,0.2375,0.005213260650634766,v23|v26|v27|v35|v66|v72|v76,v23|v26|v27|v35|v72|v76,6,25,0.3125,0.03540825843811035,2,0.4939403533935547,2,,,0,0,0.0|3.0,0.0|3.0,2,2,True,True,False,1,True,0.4939403533935547,0.04062151908874512,12.15957365637784,13.949862974958421,2,2
80,0.1,801038,v42,v39,85.0000000000193,54,0.675,0.08379983901977539,v15|v32|v38|v48|v59|v80,v80,1,55,0.6875,0.4096658229827881,3,1.4082562923431396,3,,,0,0,35.0|60.0|85.0,35.0|60.0|85.0,3,3,True,True,False,1,True,1.4082562923431396,0.4934656620025635,2.8538080778066863,3.4375732934946512,3,3
80,0.1,801047,v80,v7,2.864375403532904e-14,10,0.125,0.0034241676330566406,v20|v33|v37|v38|v5|v57|v75|v8,v20|v33|v37|v38|v5|v57|v8,7,17,0.2125,0.03175187110900879,2,0.4262518882751465,2,,,0,0,0.0|1.0,0.0|1.0,2,2,True,True,False,1,True,0.4262518882751465,0.03517603874206543,12.117677359884505,13.424465185429916,2,2
80,0.1,801046,v35,v1,-3.434289889507109e-14,21,0.2625,0.007292032241821289,v10|v28|v37|v57|v6|v71,v10|v28|v57|v6|v71,5,26,0.325,0.05122494697570801,2,0.6177105903625488,2,,,0,0,-0.0|6.3333,-0.0|6.3333,2,2,True,True,False,1,True,0.6177105903625488,0.0585169792175293,10.556091558764331,12.058784378156227,2,2
80,0.1,801048,v14,v76,3.0000000000000084,21,0.2625,0.005277156829833984,v18|v35|v49|v5|v54|v57|v60|v62|v69|v70|v80,v18|v35|v49|v5|v54|v60|v62|v69,8,29,0.3625,0.04965376853942871,2,0.4762604236602783,2,,,0,0,3.0|4.0,3.0|4.0,2,2,True,True,False,1,True,0.4762604236602783,0.054930925369262695,8.670169316440752,9.591626933252666,2,2
80,0.1,801049,v41,v13,0.9999999999999765,49,0.6125,0.05256819725036621,v21|v27|v54|v66|v69,v21|v27|v66,3,52,0.65,0.16052889823913574,2,0.5096337795257568,2,,,0,0,1.0|22.0,1.0|22.0,2,2,True,True,False,1,True,0.5096337795257568,0.21309709548950195,2.3915566674200095,3.174716733971279,2,2
80,0.1,801045,v65,v24,1.9999999999999931,7,0.0875,0.0016055107116699219,v12|v19|v20|v26|v37|v41|v43|v50|v78|v8,v12|v19|v26|v37|v41|v43|v50|v78|v8,9,16,0.2,0.06736063957214355,4,1.4938023090362549,4,,,0,0,-0.0|2.0,-0.0|2.0,2,2,True,True,False,1,True,1.4938023090362549,0.06896615028381348,21.659934661988142,22.176189515486797,4,4
80,0.15,801501,v58,v23,30.999999999999034,48,0.6,0.10931849479675293,v10|v19|v51|v72|v75|v77|v9,v10|v51|v75|v77,4,52,0.65,0.2357189655303955,2,1.0072813034057617,2,,,0,0,31.0|237.0,31.0|237.0,2,2,True,True,False,1,True,1.0072813034057617,0.34503746032714844,2.9193389681535,4.27322978080809,2,2
80,0.15,801502,v65,v38,236.9999999999899,54,0.675,0.16262531280517578,v11|v14|v15|v17|v2|v24|v26|v33|v39|v43|v49|v55|v56|v66|v8,v2|v26|v39|v43|v8,5,59,0.7375,0.34700918197631836,2,0.9255766868591309,2,,,0,0,237.0|314.5,237.0|314.5,2,2,True,True,False,1,True,0.9255766868591309,0.5096344947814941,1.816157847117417,2.667297394229461,2,2
80,0.15,801504,v30,v12,5.977440764570129e-13,5,0.0625,0.002557516098022461,v11|v15|v38|v50|v52|v71|v72|v73|v9,v11|v15|v38|v50|v52|v71|v72|v9,8,13,0.1625,0.020549535751342773,2,1.154432773590088,2,,,0,0,0.0|0.5,0.0|0.5,2,2,True,True,False,1,True,1.154432773590088,0.023107051849365234,49.96019315297468,56.17804643176202,2,2
80,0.15,801505,v47,v27,87.99999999913075,66,0.825,0.28354597091674805,v25|v55|v69|v7|v75,,0,66,0.825,0.5615172386169434,2,1.0866219997406006,2,,,0,0,88.0|1757.5,88.0|1757.5,2,2,True,True,False,1,False,1.0866219997406006,0.8450632095336914,1.285847008225813,1.9351534111704698,2,2
80,0.15,801507,v27,v57,6.000000000009031,26,0.325,0.011494874954223633,v11|v13|v16|v34|v38|v41|v47|v48|v61|v68|v7|v70,v13|v16|v34|v38|v47|v61|v68|v7|v70,9,35,0.4375,0.08419299125671387,2,1.218998670578003,2,,,0,0,6.0|6.5,6.0|6.5,2,2,True,True,False,1,True,1.218998670578003,0.0956878662109375,12.739323373465156,14.478624080015631,2,2
80,0.15,801506,v78,v49,40.00000000000758,49,0.6125,0.14997410774230957,v18|v19|v24|v29|v33|v60|v61|v77|v80|v9,v24|v33|v60|v80|v9,5,54,0.675,0.2652313709259033,2,1.262408971786499,2,,,0,0,40.0|176.0,40.0|176.0,2,2,True,True,False,1,True,1.262408971786499,0.4152054786682129,3.040443916674036,4.759651799029359,2,2
80,0.15,801503,v17,v46,37.00000000043636,43,0.5375,0.12549233436584473,v1|v12|v13|v26|v36|v37|v42|v5|v52|v54|v60|v64|v70|v80,v12|v13|v26|v36|v54|v60|v80,7,50,0.625,0.6194982528686523,4,3.448317050933838,4,,,0,0,37.0|53.0|57.0|73.0,37.0|53.0|57.0|73.0,4,4,True,True,False,1,True,3.448317050933838,0.7449905872344971,4.628671972533833,5.566306337372285,4,4
80,0.15,801509,v4,v17,122.00000000039516,68,0.85,0.34033942222595215,v15|v2|v21|v25|v27|v41|v43|v6|v74,v2|v27,2,70,0.875,0.5972452163696289,2,0.9414324760437012,2,,,0,0,122.0|1925.0,122.0|1925.0,2,2,True,True,False,1,True,0.9414324760437012,0.937584638595581,1.0041039894316997,1.5762913628111144,2,2
80,0.15,801510,v75,v9,26.999999999998224,33,0.4125,0.02154707908630371,v17|v18|v19|v2|v29|v31|v35|v38|v4|v41|v48|v5|v51|v61|v68|v69|v71,v17|v18|v31|v35|v4|v41|v51|v61|v71,9,42,0.525,0.13344049453735352,2,1.0603199005126953,2,,,0,0,20.0|27.0,20.0|27.0,2,2,True,True,False,1,True,1.0603199005126953,0.15498757362365723,6.84132202164399,7.946012971466348,2,2
80,0.15,801508,v75,v4,125.99999999925657,42,0.525,0.06877398490905762,v12|v23|v31|v34|v35|v38|v40|v46|v49|v54|v61|v74,v12|v23|v34|v40|v54|v61,6,48,0.6,0.5086548328399658,3,2.408402919769287,3,,,0,0,126.0|162.0|171.0,126.0|162.0|171.0,3,3,True,True,False,1,True,2.408402919769287,0.5774288177490234,4.170908769600216,4.734847217163912,3,3
80,0.15,801511,v71,v49,10.000000000000693,31,0.3875,0.022271156311035156,v10|v11|v14|v17|v2|v20|v32|v47|v5|v53|v56|v66|v7|v9,v10|v11|v14|v2|v47|v5|v53|v56|v9,9,40,0.5,0.1288163661956787,2,1.095505714416504,2,,,0,0,10.0|18.5,10.0|18.5,2,2,True,True,False,1,True,1.095505714416504,0.15108752250671387,7.250802026804186,8.504398523029087,2,2
80,0.15,801513,v9,v49,16.000000000022627,31,0.3875,0.028939247131347656,v3|v33|v45|v50|v52|v58|v60|v69|v70|v73|v75,v3|v33|v52|v58|v60|v69,6,37,0.4625,0.10652947425842285,2,1.1814000606536865,2,,,0,0,11.0|16.0,11.0|16.0,2,2,True,True,False,1,True,1.1814000606536865,0.1354687213897705,8.720832739349204,11.089889149249021,2,2
80,0.15,801516,v24,v79,140.00000000021325,54,0.675,0.15866661071777344,v12|v13|v17|v29|v35|v40|v41|v43|v54|v66|v67|v68|v7|v78,v43|v67|v78,3,57,0.7125,0.27492213249206543,2,0.9296560287475586,2,,,0,0,139.0|140.0,139.0|140.0,2,2,True,True,False,1,True,0.9296560287475586,0.43358874320983887,2.144096320087452,3.3815248714993493,2,2
80,0.15,801512,v16,v22,3.000000000001757,18,0.225,0.005496025085449219,v2|v26|v31|v39|v49|v51|v55|v60|v61|v62|v68|v7|v71|v9,v2|v26|v31|v39|v49|v51|v55|v61|v62|v68|v7|v9,12,30,0.375,0.11082053184509277,3,2.426177978515625,3,,,0,0,1.0|2.0|3.0,1.0|2.0|3.0,3,3,True,True,False,1,True,2.426177978515625,0.11631655693054199,20.85840608198546,21.892856297666814,3,3
80,0.15,801514,v74,v32,5768.000000002663,57,0.7125,0.2304368019104004,v14|v21|v23|v24|v27|v29|v39|v47|v50|v65|v67|v70|v71|v72|v79,v14|v21|v29|v50|v65|v79,6,63,0.7875,0.4737579822540283,2,1.1155388355255127,2,,,0,0,844.0|5768.0,844.0|5768.0,2,2,True,True,False,1,True,1.1155388355255127,0.7041947841644287,1.5841339081333434,2.354659715110325,2,2
80,0.15,801515,v42,v36,83.99999999996913,46,0.575,0.09445929527282715,v12|v19|v25|v3|v30|v31|v33|v37|v40|v46|v49|v60|v62|v68|v74|v75,v31|v40|v49|v60|v62|v68|v75,7,53,0.6625,0.4907341003417969,3,2.0737016201019287,3,,,0,0,84.0|109.5|110.5,84.0|109.5|110.5,3,3,True,True,False,1,True,2.0737016201019287,0.585193395614624,3.5436176068322442,4.225713311256734,3,3
80,0.15,801517,v64,v72,2.000000000262302,46,0.575,0.0871284008026123,v15|v20|v29|v37|v41|v52|v57|v66|v67|v73,v15|v20|v29|v41|v57|v66|v73,7,53,0.6625,0.2270655632019043,2,1.1740632057189941,2,,,0,0,2.0|288.5,2.0|288.5,2,2,True,True,False,1,True,1.1740632057189941,0.3141939640045166,3.7367465331132736,5.170591212349667,2,2
80,0.15,801500,v17,v79,5835.000000002747,70,0.875,0.3242788314819336,v10|v11|v12|v13|v14|v15|v20|v3|v33|v34|v4|v55|v60|v64|v68|v70|v75|v8,v20|v55|v60|v68,4,74,0.925,3.9952683448791504,6,5.2057130336761475,6,,,0,0,4613.0|5677.0|5835.0|6330.0|7296.0,4613.0|5677.0|5835.0|6330.0|7296.0,5,5,True,True,False,1,True,5.2057130336761475,4.319547176361084,1.2051524896323962,1.302969559065653,6,6
80,0.15,801518,v42,v28,1755.9999999972292,61,0.7625,0.33190035820007324,v10|v25|v26|v33|v35|v36|v4|v44|v5|v54|v58|v63|v64|v69|v75,v26,1,62,0.775,0.43032360076904297,2,1.0742344856262207,2,,,0,0,1146.0|1756.0,1146.0|1756.0,2,2,True,True,False,1,True,1.0742344856262207,0.7622239589691162,1.4093423238480838,2.4963410877451926,2,2
80,0.15,801519,v74,v32,525.0000000000059,62,0.775,0.3293271064758301,v2|v20|v24|v26|v31|v45|v46|v48|v50|v52|v58|v66|v70|v9,v24|v58|v70,3,65,0.8125,0.5130796432495117,2,1.0772559642791748,2,,,0,0,525.0|562.5,525.0|562.5,2,2,True,True,False,1,True,1.0772559642791748,0.8424067497253418,1.2787836334768248,2.0995881993223087,2,2
80,0.15,801523,v37,v65,3.0000000000000604,58,0.725,0.12759995460510254,v25|v53,,0,58,0.725,0.24666714668273926,2,0.7765605449676514,2,,,0,0,3.0|145.6667,3.0|145.6667,2,2,True,True,False,1,False,0.7765605449676514,0.3742671012878418,2.0748832646404933,3.148212299088437,2,2
80,0.15,801522,v47,v33,1.000000000005854,5,0.0625,0.002675294876098633,v14|v15|v25|v26|v48|v5|v51|v59|v61|v65|v67|v68|v72|v76,v14|v15|v25|v26|v5|v51|v59|v61|v65|v67|v68|v72|v76,13,18,0.225,0.025490283966064453,2,1.158057451248169,2,,,0,0,0.0|1.0,0.0|1.0,2,2,True,True,False,1,True,1.158057451248169,0.028165578842163086,41.1160536674144,45.431327983238866,2,2
80,0.15,801521,v39,v49,12.000000000186438,36,0.45,0.036092281341552734,v15|v18|v27|v46|v50|v6|v61|v9,v18|v27|v46|v61|v9,5,41,0.5125,0.23989081382751465,3,2.309743642807007,3,,,0,0,12.0|19.0|30.0,12.0|19.0|30.0,3,3,True,True,False,1,True,2.309743642807007,0.2759830951690674,8.369148992231052,9.628312172335827,3,3
80,0.15,801525,v74,v50,-2.637889906509358e-13,5,0.0625,0.0025348663330078125,v22|v23|v25|v30|v37|v45|v48|v6|v60|v69|v7|v71|v72,v22|v23|v25|v30|v45|v48|v6|v60|v69|v7|v71|v72,12,17,0.2125,0.03545546531677246,2,1.1194343566894531,2,,,0,0,-0.0|0.5,-0.0|0.5,2,2,True,True,False,1,True,1.1194343566894531,0.03799033164978027,29.466295977859083,31.57297039223729,2,2
80,0.15,801526,v60,v25,0.9999999999997368,13,0.1625,0.0031180381774902344,v1|v19|v23|v35|v4|v40|v41|v44|v5|v53|v74|v77,v1|v19|v23|v35|v4|v40|v41|v5|v53|v77,10,23,0.2875,0.03186297416687012,2,0.9253177642822266,2,,,0,0,1.0|2.5,1.0|2.5,2,2,True,True,False,1,True,0.9253177642822266,0.03498101234436035,26.452000736090948,29.040533361268455,2,2
80,0.15,801520,v67,v60,129.00000000001526,42,0.525,0.07085394859313965,v13|v16|v22|v27|v28|v35|v38|v4|v40|v76|v80,v16|v28|v35|v80,4,46,0.575,0.49624085426330566,4,3.16760516166687,4,,,0,0,71.0|113.0|122.0|129.0,71.0|113.0|122.0|129.0,4,4,True,True,False,1,True,3.16760516166687,0.5670948028564453,5.585671294661326,6.383201089659049,4,4
80,0.15,801528,v51,v57,1.000000000001108,10,0.125,0.003003835678100586,v18|v19|v32|v4|v40|v46|v49|v56|v6|v62|v76|v8|v9,v18|v19|v32|v4|v40|v46|v49|v6|v62|v76|v8|v9,12,22,0.275,0.03976249694824219,2,0.9787395000457764,2,,,0,0,0.0|1.0,0.0|1.0,2,2,True,True,False,1,True,0.9787395000457764,0.04276633262634277,22.885747735191636,24.6146387969492,2,2
80,0.15,801524,v39,v37,710.0000000010164,43,0.5375,0.08521080017089844,v24|v26|v30|v41|v46|v52|v57|v62|v67|v73|v76|v8,v41|v52|v57|v76|v8,5,48,0.6,0.4523496627807617,3,2.283592462539673,3,,,0,0,456.5|710.0|1104.5,456.5|710.0|1104.5,3,3,True,True,False,1,True,2.283592462539673,0.5375604629516602,4.248066254725701,5.048290405483184,3,3
80,0.15,801531,v67,v31,199.9999999999522,46,0.575,0.08951544761657715,v10|v18|v19|v2|v3|v40|v41|v49|v57|v63|v75|v78,v10|v19|v40|v49|v57|v75,6,52,0.65,0.22049927711486816,2,0.944460391998291,2,,,0,0,198.0|200.0,198.0|200.0,2,2,True,True,False,1,True,0.944460391998291,0.3100147247314453,3.0465017196084583,4.283281126161145,2,2
80,0.15,801533,v44,v1,0.9999999999963192,12,0.15,0.0032138824462890625,v17|v29|v3|v32|v39|v42|v5|v62|v68,v29|v3|v32|v39|v42|v5|v62|v68,8,20,0.25,0.026384353637695312,2,0.805516242980957,2,,,0,0,-0.0|1.0,-0.0|1.0,2,2,True,True,False,1,True,0.805516242980957,0.029598236083984375,27.215008377368218,30.530073013807563,2,2
80,0.15,801532,v17,v54,-9.658940314238862e-15,10,0.125,0.0046842098236083984,v3|v39|v43|v5|v65|v7|v79|v9,v3|v39|v43|v5|v65|v7|v79,7,17,0.2125,0.029742002487182617,2,0.9780106544494629,2,,,0,0,-0.0|0.5,-0.0|0.5,2,2,True,True,False,1,True,0.9780106544494629,0.034426212310791016,28.408895106444866,32.88314749052081,2,2
80,0.15,801527,v50,v3,38.000000000001386,28,0.35,0.01840972900390625,v11|v26|v43|v49|v56|v58|v61|v72|v79|v80,v11|v26|v79|v80,4,32,0.4,0.37679409980773926,6,4.271655321121216,6,,,0,0,26.0|38.0|59.5|65.5|67.5,26.0|38.0|59.5|65.5|67.5,5,5,True,True,False,1,True,4.271655321121216,0.3952038288116455,10.808739717845928,11.336842385007742,6,6
80,0.15,801530,v57,v56,-1.31450406115611e-12,13,0.1625,0.0034418106079101562,v15|v18|v2|v21|v25|v27|v45|v59|v60|v61|v63|v64,v15|v2|v21|v25|v27|v45|v59|v60|v61|v63|v64,11,24,0.3,0.13344669342041016,4,3.4096150398254395,4,,,0,0,0.0|0.5,0.0|0.5,2,2,True,True,False,1,True,3.4096150398254395,0.1368885040283203,24.90797210494782,25.550389840561998,4,4
80,0.15,801536,v7,v52,-6.22094968131844e-14,3,0.0375,0.002329111099243164,v17|v21|v23|v26|v5|v53|v54|v55|v59|v74,v17|v21|v23|v26|v53|v54|v55|v59|v74,9,12,0.15,0.021734237670898438,2,1.1202619075775146,2,,,0,0,-0.0|0.3333,-0.0|0.3333,2,2,True,True,False,1,True,1.1202619075775146,0.0240633487701416,46.5546968661138,51.54364853005704,2,2
80,0.15,801535,v62,v54,55.00000000149355,55,0.6875,0.16285085678100586,v21|v55|v58|v78,v55,1,56,0.7,0.28492140769958496,2,0.9799044132232666,2,,,0,0,55.0|1583.5,55.0|1583.5,2,2,True,True,False,1,True,0.9799044132232666,0.4477722644805908,2.1883990835384615,3.439209503893989,2,2
80,0.15,801529,v10,v50,501.99999999982253,46,0.575,0.1020500659942627,v1|v11|v17|v19|v20|v22|v27|v30|v38|v45|v46|v49|v51|v52|v56|v60|v74|v79|v80,v20|v27|v56|v60|v79,5,51,0.6375,0.7493865489959717,4,3.6243655681610107,4,,,0,0,436.0|502.0|534.0|545.0,436.0|502.0|534.0|545.0,4,4,True,True,False,1,True,3.6243655681610107,0.8514366149902344,4.256764983266054,4.83644331889455,4,4
80,0.15,801537,v66,v30,1.0000000000036189,17,0.2125,0.004916667938232422,v31|v32|v35|v43|v46|v47|v6|v70|v71|v79|v8,v31|v35|v43|v46|v47|v6|v71|v79|v8,9,26,0.325,0.04662632942199707,2,1.262261152267456,2,,,0,0,1.0|1.5,1.0|1.5,2,2,True,True,False,1,True,1.262261152267456,0.05154299736022949,24.489479015852016,27.071853347991716,2,2
80,0.15,801538,v27,v55,-8.717471189359569e-13,7,0.0875,0.0025148391723632812,v18|v19|v21|v31|v34|v36|v60|v67,v18|v19|v21|v31|v36|v60|v67,7,14,0.175,0.020910978317260742,2,1.0060927867889404,2,,,0,0,-0.0|0.5,-0.0|0.5,2,2,True,True,False,1,True,1.0060927867889404,0.023425817489624023,42.94803317897308,48.113138061956285,2,2
80,0.15,801539,v71,v46,8.077982727158251e-13,4,0.05,0.0024683475494384766,v38|v4|v43|v44|v45|v56|v61|v68|v72,v38|v4|v43|v45|v56|v61|v68|v72,8,12,0.15,0.021859407424926758,2,0.9718747138977051,2,,,0,0,0.0|0.6667,0.0|0.6667,2,2,True,True,False,1,True,0.9718747138977051,0.024327754974365234,39.94921499833396,44.460249768228174,2,2
80,0.15,801541,v65,v31,2.0000000000562617,25,0.3125,0.013571500778198242,v25|v34|v39|v46|v52|v53|v54|v59|v69|v79,v25|v34|v39|v46|v52|v53|v59|v79,8,33,0.4125,0.08544158935546875,2,0.9375197887420654,2,,,0,0,2.0|32.5,2.0|32.5,2,2,True,True,False,1,True,0.9375197887420654,0.09901309013366699,9.46864487792897,10.972639856237164,2,2
80,0.15,801540,v11,v70,1.9999999999984488,36,0.45,0.032485246658325195,v31|v46|v51|v56|v63|v64|v65|v68|v71,v46|v65|v68|v71,4,40,0.5,0.20093297958374023,2,1.1174325942993164,2,,,0,0,2.0|3.0,2.0|3.0,2,2,True,True,False,0,False,1.1174325942993164,0.23341822624206543,4.78725510123827,5.561220445813468,2,2
80,0.15,801542,v56,v25,12.000000000054808,42,0.525,0.06902742385864258,v24|v36|v40|v45|v49|v53|v55|v76|v77,v45|v53|v76,3,45,0.5625,0.1710193157196045,2,1.1133136749267578,2,,,0,0,12.0|35.0,12.0|35.0,2,2,True,True,False,1,True,1.1133136749267578,0.24004673957824707,4.637903755255361,6.509870947864722,2,2
80,0.15,801543,v35,v70,1.999999999999556,41,0.5125,0.05472564697265625,v24|v29|v3|v62|v74|v79,v29|v3|v62|v74,4,45,0.5625,0.12447810173034668,2,1.020514726638794,2,,,0,0,2.0|15.0,2.0|15.0,2,2,True,True,False,1,True,1.020514726638794,0.17920374870300293,5.6947175158155225,8.198347439853361,2,2
80,0.15,801544,v61,v65,0.9999999999988386,12,0.15,0.003382444381713867,v23|v29|v3|v31|v34|v39|v55|v56|v63|v73|v75,v23|v29|v3|v31|v39|v55|v56|v63|v73|v75,10,22,0.275,0.03388714790344238,2,1.197049617767334,2,,,0,0,0.0|1.0,0.0|1.0,2,2,True,True,False,1,True,1.197049617767334,0.03726959228515625,32.11866683725691,35.32459034847643,2,2
100,0.05,1000500,v97,v56,0.0,5,0.05,0.0014543533325195312,v44|v51|v6|v79|v8,v51|v6|v79|v8,4,9,0.09,0.01845073699951172,2,0.38265037536621094,2,,,0,0,0.0|0.5,0.0|0.5,2,2,True,True,False,1,True,0.38265037536621094,0.01990509033203125,19.223744729781526,20.73902930686928,2,2
80,0.15,801547,v56,v18,4.00000000000302,7,0.0875,0.003620624542236328,v15|v19|v30|v32|v45|v48|v51|v72|v80,v19|v30|v45|v48|v51|v72|v80,7,14,0.175,0.03068232536315918,2,1.1745517253875732,2,,,0,0,2.0|4.0,2.0|4.0,2,2,True,True,False,1,True,1.1745517253875732,0.03430294990539551,34.24054574393406,38.28105306509391,2,2
80,0.15,801548,v37,v75,0.9999999999819398,21,0.2625,0.0076601505279541016,v11|v15|v2|v20|v34|v52|v74,v11|v15|v2|v20|v74,5,26,0.325,0.05912590026855469,2,0.9623980522155762,2,,,0,0,1.0|3.0,1.0|3.0,2,2,True,True,False,1,True,0.9623980522155762,0.06678605079650879,14.410165607005544,16.277097648311237,2,2
100,0.05,1000502,v60,v74,2.999999999999999,17,0.17,0.0038633346557617188,v10|v8|v84|v94,v84|v94,2,19,0.19,0.026381969451904297,2,0.346973180770874,2,,,0,0,1.0|3.0,1.0|3.0,2,2,True,True,False,1,True,0.346973180770874,0.030245304107666016,11.471968657869429,13.151905941041445,2,2
100,0.05,1000501,v58,v15,0.9999999999999994,9,0.09,0.0018377304077148438,v19|v44|v50|v63|v67,v19|v44|v50|v63,4,13,0.13,0.028464317321777344,2,0.3595435619354248,2,,,0,0,-0.0|1.0,-0.0|1.0,2,2,True,True,False,1,True,0.3595435619354248,0.030302047729492188,11.865322276074778,12.631378362984554,2,2
80,0.15,801546,v9,v46,10.000000000002858,20,0.25,0.011573314666748047,v34|v38|v4|v40|v42|v44|v57|v58|v61|v63|v79,v38|v40|v42|v44|v57|v61|v79,7,27,0.3375,0.10638022422790527,3,2.181706190109253,3,,,0,0,5.0|7.0|10.0,5.0|7.0|10.0,3,3,True,True,False,1,True,2.181706190109253,0.11795353889465332,18.496318216088273,20.50856920018557,3,3
80,0.15,801549,v51,v1,0.9999999999992384,3,0.0375,0.002481698989868164,v11|v17|v32|v45|v61|v75,v17|v32|v45|v61|v75,5,8,0.1,0.02646470069885254,2,1.187605381011963,2,,,0,0,0.0|1.0,0.0|1.0,2,2,True,True,False,1,True,1.187605381011963,0.028946399688720703,41.02774071328556,44.87507319753876,2,2
100,0.05,1000505,v11,v40,1.0,6,0.06,0.0014123916625976562,v15|v16|v25|v54|v64|v89|v94,v15|v25|v64|v89|v94,5,11,0.11,0.017778873443603516,2,0.3033285140991211,2,,,0,0,1.0|1.6667,1.0|1.6667,2,2,True,True,False,1,True,0.3033285140991211,0.019191265106201172,15.805550724277586,17.0611774171919,2,2
100,0.05,1000504,v52,v13,0.0,17,0.17,0.003412485122680664,v46|v48|v78,v48|v78,2,19,0.19,0.02796459197998047,2,0.33421874046325684,2,,,0,0,0.0|1.0,0.0|1.0,2,2,True,True,False,1,True,0.33421874046325684,0.03137707710266113,10.651684966376658,11.951497118303038,2,2
100,0.05,1000503,v16,v41,6.000000000000001,61,0.61,0.08538103103637695,v27|v36|v56|v6,,0,61,0.61,0.1547377109527588,2,0.5765876770019531,2,,,0,0,6.0|7.0,6.0|7.0,2,2,True,True,False,1,False,0.5765876770019531,0.24011874198913574,2.401260610585912,3.7262259694276114,2,2
100,0.05,1000506,v88,v6,0.0,3,0.03,0.0012416839599609375,v20|v37|v59|v68,v37|v59|v68,3,6,0.06,0.017239809036254883,2,0.3422672748565674,2,,,0,0,0.0|0.5,0.0|0.5,2,2,True,True,False,1,True,0.3422672748565674,0.01848149299621582,18.519460247429596,19.853310099710963,2,2
100,0.05,1000509,v71,v21,-2.960594732333751e-16,29,0.29,0.015622615814208984,v31|v34|v70|v98,v31|v34|v98,3,32,0.32,0.04176068305969238,2,0.3399338722229004,2,,,0,0,-0.0|1.3333,-0.0|1.3333,2,2,True,True,False,1,True,0.3399338722229004,0.05738329887390137,5.923916520900936,8.140045787493506,2,2
100,0.05,1000510,v40,v27,-2.220446049250313e-16,46,0.46,0.049654245376586914,v16|v39|v44|v73|v76,v39|v44|v73|v76,4,50,0.5,0.09387826919555664,2,0.34476280212402344,2,,,0,0,-0.0|0.5,-0.0|0.5,2,2,True,True,False,1,True,0.34476280212402344,0.14353251457214355,2.4019839905385045,3.672445232302402,2,2
100,0.05,1000508,v22,v37,0.0,16,0.16,0.006160259246826172,v24|v3|v47|v74,v3|v47|v74,3,19,0.19,0.028363466262817383,2,0.5023047924041748,2,,,0,0,0.0|2.5,0.0|2.5,2,2,True,True,False,1,True,0.5023047924041748,0.034523725509643555,14.549553531349488,17.709570041608877,2,2
100,0.05,1000507,v61,v72,2.9999999999999982,17,0.17,0.0049669742584228516,v4|v73|v87|v89,v4|v89,2,19,0.19,0.06283235549926758,3,0.8348770141601562,3,,,0,0,1.0|2.0|3.0,1.0|2.0|3.0,3,3,True,True,False,1,True,0.8348770141601562,0.06779932975769043,12.313941998305031,13.287374116825657,3,3
100,0.05,1000511,v90,v14,1.0000000000000042,20,0.2,0.008034944534301758,v69,,0,20,0.2,0.033916473388671875,2,0.4075205326080322,2,,,0,0,0.0|1.0,0.0|1.0,2,2,True,True,False,1,False,0.4075205326080322,0.04195141792297363,9.714106287331564,12.01541586998088,2,2
80,0.15,801545,v49,v17,5.999999999966032,31,0.3875,0.028920412063598633,v1|v10|v13|v15|v27|v29|v35|v36|v4|v43|v46|v51|v52|v57|v58|v67|v73,v1|v10|v13|v15|v35|v4|v43|v46|v51|v52|v57|v67|v73,13,44,0.55,0.5135202407836914,4,3.5146422386169434,4,,,0,0,6.0|26.0|55.5|75.5,6.0|26.0|55.5|75.5,4,4,True,True,False,1,True,3.5146422386169434,0.54244065284729,6.4793120135234386,6.844213644340858,4,4
100,0.05,1000512,v45,v80,1.0,19,0.19,0.008017778396606445,v25|v3|v61|v78,v3|v61|v78,3,22,0.22,0.031014204025268555,2,0.491835355758667,2,,,0,0,-0.0|1.0,-0.0|1.0,2,2,True,True,False,1,True,0.491835355758667,0.039031982421875,12.600829505473026,15.85839041227524,2,2
100,0.05,1000514,v42,v97,-2.220446049250313e-16,15,0.15,0.005747795104980469,v27|v86,v86,1,16,0.16,0.02099466323852539,2,0.4753904342651367,2,,,0,0,-0.0|0.5,-0.0|0.5,2,2,True,True,False,1,True,0.4753904342651367,0.02674245834350586,17.776616800099852,22.643394126598377,2,2
100,0.05,1000517,v52,v27,3.0,16,0.16,0.005065441131591797,v24|v30|v97,v30,1,17,0.17,0.022457361221313477,2,0.38049960136413574,2,,,0,0,1.0|3.0,1.0|3.0,2,2,True,True,False,1,True,0.38049960136413574,0.027522802352905273,13.824885870459724,16.94320172411963,2,2
100,0.05,1000516,v42,v85,-2.3314683517128287e-15,15,0.15,0.0031087398529052734,v18|v36|v96,v18|v36,2,17,0.17,0.021708965301513672,2,0.4190223217010498,2,,,0,0,-0.0|0.5,-0.0|0.5,2,2,True,True,False,1,True,0.4190223217010498,0.024817705154418945,16.884007570153614,19.3018099149955,2,2
100,0.05,1000518,v95,v81,1.0,16,0.16,0.007981300354003906,v50|v58|v63|v65|v87,v58|v63|v65|v87,4,20,0.2,0.028548717498779297,2,0.38116955757141113,2,,,0,0,0.0|1.0,0.0|1.0,2,2,True,True,False,1,True,0.38116955757141113,0.0365300178527832,10.434420237831064,13.35154749377829,2,2
100,0.05,1000515,v23,v48,1.999999999999997,31,0.31,0.026599645614624023,v29|v30|v32|v36|v80|v93,v29|v30|v32|v36|v93,5,36,0.36,0.06815075874328613,2,0.47125959396362305,2,,,0,0,-0.0|2.0,-0.0|2.0,2,2,True,True,False,1,True,0.47125959396362305,0.09475040435791016,4.973694805390879,6.914957406986304,2,2
100,0.05,1000513,v29,v74,9.999999999999998,28,0.28,0.022284269332885742,v100|v18|v32|v34|v35|v37|v62|v98,v18|v32|v35|v62|v98,5,33,0.33,0.11667251586914062,3,0.8352787494659424,3,,,0,0,3.0|8.0|10.0,3.0|8.0|10.0,3,3,True,True,False,1,True,0.8352787494659424,0.13895678520202637,6.011068464570104,7.1591732058198465,3,3
100,0.05,1000519,v92,v93,0.0,26,0.26,0.00849151611328125,v33|v34|v44|v70|v9,v33|v34|v44|v70,4,30,0.3,0.03681588172912598,2,0.391524076461792,2,,,0,0,0.0|0.5,0.0|0.5,2,2,True,True,False,1,True,0.391524076461792,0.04530739784240723,8.64150437029358,10.6346516251449,2,2
100,0.05,1000520,v80,v53,1.0,34,0.34,0.02590465545654297,v100|v57|v58|v75|v95|v99,v100|v58|v75|v95,4,38,0.38,0.07159924507141113,2,0.45116424560546875,2,,,0,0,1.0|5.0,1.0|5.0,2,2,True,True,False,1,True,0.45116424560546875,0.0975039005279541,4.627140485278547,6.301243052988755,2,2
100,0.05,1000524,v39,v97,0.9999999999999996,22,0.22,0.007604837417602539,v58|v87,v58,1,23,0.23,0.032445669174194336,2,0.3746206760406494,2,,,0,0,-0.0|1.0,-0.0|1.0,2,2,True,True,False,1,True,0.3746206760406494,0.040050506591796875,9.353706305362415,11.546091838309318,2,2
100,0.05,1000523,v87,v48,0.0,16,0.16,0.0038416385650634766,v35|v40|v45|v69|v81|v96,v35|v40|v45|v69|v96,5,21,0.21,0.024236679077148438,2,0.4068615436553955,2,,,0,0,0.0|1.5,0.0|1.5,2,2,True,True,False,1,True,0.4068615436553955,0.028078317642211914,14.490239366896212,16.78701699850476,2,2
100,0.05,1000522,v89,v51,1.0,58,0.58,0.08220314979553223,v11|v14|v66,v66,1,59,0.59,0.14767074584960938,2,0.42311716079711914,2,,,0,0,1.0|1.3333,1.0|1.3333,2,2,True,True,False,1,True,0.42311716079711914,0.2298738956451416,1.8406490202362469,2.865274082302188,2,2
100,0.05,1000525,v73,v43,-3.1086244689504383e-15,11,0.11,0.0025746822357177734,v100|v14|v87,v14|v87,2,13,0.13,0.022371768951416016,2,0.4081845283508301,2,,,0,0,-0.0|2.25,-0.0|2.25,2,2,True,True,False,1,True,0.4081845283508301,0.02494645118713379,16.362428679288563,18.24551868192766,2,2
100,0.05,1000528,v2,v93,2.999999999999998,30,0.3,0.016258716583251953,v1|v14|v23|v66|v81,v1|v14|v23|v81,4,34,0.34,0.05040311813354492,2,0.33722352981567383,2,,,0,0,-0.0|3.0,-0.0|3.0,2,2,True,True,False,1,True,0.33722352981567383,0.06666183471679688,5.058719599427754,6.690529124055136,2,2
100,0.05,1000526,v11,v92,0.9999999999999994,28,0.28,0.017480850219726562,v18|v29|v44|v65|v68|v70|v9,v18|v29|v44|v68|v70,5,33,0.33,0.048438072204589844,2,0.42669200897216797,2,,,0,0,1.0|1.6667,1.0|1.6667,2,2,True,True,False,1,True,0.42669200897216797,0.0659189224243164,6.47298216171641,8.809021283298222,2,2
100,0.05,1000529,v23,v10,0.0,23,0.23,0.00966024398803711,v80|v9,v9,1,24,0.24,0.04680752754211426,2,0.43111538887023926,2,,,0,0,0.0|2.5,0.0|2.5,2,2,True,True,False,1,True,0.43111538887023926,0.05646777153015137,7.634715824406886,9.210385839806444,2,2
100,0.05,1000521,v40,v70,5.0,27,0.27,0.008429527282714844,v19|v48|v58|v61|v68|v74,v61|v74,2,29,0.29,0.12281274795532227,4,1.3613319396972656,4,,,0,0,2.5|4.5|5.0|5.5,2.5|4.5|5.0|5.5,4,4,True,True,False,1,True,1.3613319396972656,0.1312422752380371,10.372663360401111,11.084614279557535,4,4
100,0.05,1000527,v27,v20,2.0,53,0.53,0.08977007865905762,v4|v49|v63|v71|v8,v49|v63|v71,3,56,0.56,0.140350341796875,2,0.509016752243042,2,,,0,0,2.0|5.5,2.0|5.5,2,2,True,True,False,1,True,0.509016752243042,0.23012042045593262,2.2119582053367455,3.626758194716243,2,2
100,0.05,1000531,v25,v2,1.0,39,0.39,0.03937554359436035,v13|v21|v46|v53|v70|v86,v13|v21|v53|v70,4,43,0.43,0.08865690231323242,2,0.40920138359069824,2,,,0,0,1.0|2.0,1.0|2.0,2,2,True,True,False,1,True,0.40920138359069824,0.12803244590759277,3.19607565636947,4.615561483808161,2,2
100,0.05,1000532,v100,v54,0.0,10,0.1,0.0018310546875,v31,,0,10,0.1,0.021526336669921875,2,0.43309903144836426,2,,,0,0,0.0|0.5,0.0|0.5,2,2,True,True,False,1,False,0.43309903144836426,0.023357391357421875,18.542268904131962,20.11949539252171,2,2
100,0.05,1000530,v61,v40,5.999999999999997,35,0.35,0.02831125259399414,v3|v52|v53|v57|v74|v90|v97,v52|v53|v74,3,38,0.38,0.12749290466308594,3,0.8129680156707764,3,,,0,0,3.5|6.0|6.5,3.5|6.0|6.5,3,3,True,True,False,1,True,0.8129680156707764,0.15580415725708008,5.217883976801481,6.376574585222087,3,3
100,0.05,1000534,v19,v27,0.9999999999999994,9,0.09,0.002050638198852539,v15|v40|v66|v87,v15|v40|v66,3,12,0.12,0.029695987701416016,2,0.4524202346801758,2,,,0,0,-0.0|1.0,-0.0|1.0,2,2,True,True,False,1,True,0.4524202346801758,0.031746625900268555,14.250970673275505,15.235062703726898,2,2
100,0.05,1000537,v49,v98,0.0,13,0.13,0.002565145492553711,v10|v51|v81,v51|v81,2,15,0.15,0.022865772247314453,2,0.3608860969543457,2,,,0,0,0.0|0.5,0.0|0.5,2,2,True,True,False,1,True,0.3608860969543457,0.025430917739868164,14.19084048188253,15.78280816632953,2,2
100,0.05,1000535,v25,v52,1.9999999999999996,20,0.2,0.004918813705444336,v30|v51|v70|v74,v30|v51,2,22,0.22,0.06500673294067383,3,0.778383731842041,3,,,0,0,1.0|2.0,1.0|2.0,2,2,True,True,False,1,True,0.778383731842041,0.06992554664611816,11.131607390662452,11.973894035751748,3,3
100,0.05,1000536,v53,v61,0.0,13,0.13,0.0023832321166992188,v20,,0,13,0.13,0.01936507225036621,2,0.44808268547058105,2,,,0,0,0.0|0.5,0.0|0.5,2,2,True,True,False,1,False,0.44808268547058105,0.02174830436706543,20.60310900141418,23.138704554128758,2,2
100,0.05,1000533,v39,v13,1.9999999999999984,46,0.46,0.06150031089782715,v18|v53|v74,v74,1,47,0.47,0.20503473281860352,3,0.8075511455535889,3,,,0,0,1.6667|2.0|3.6667,1.6667|2.0|3.6667,3,3,True,True,False,1,True,0.8075511455535889,0.26653504371643066,3.029812268936578,3.9386065690052536,3,3
100,0.05,1000538,v37,v82,4.0,46,0.46,0.036667823791503906,v24|v54|v58|v68|v73,v58|v68,2,48,0.48,0.10012936592102051,2,0.38028860092163086,2,,,0,0,4.0|4.5,4.0|4.5,2,2,True,True,False,1,True,0.38028860092163086,0.13679718971252441,2.7799445421415236,3.7979727268181525,2,2
100,0.05,1000539,v86,v10,-3.1086244689504348e-15,10,0.1,0.003975629806518555,v1|v43|v46|v56|v69|v91,v43|v46|v56|v69|v91,5,15,0.15,0.02586054801940918,2,0.45506930351257324,2,,,0,0,-0.0|0.6667,-0.0|0.6667,2,2,True,True,False,1,True,0.45506930351257324,0.029836177825927734,15.252265426475525,17.59704795006776,2,2
100,0.05,1000542,v1,v36,1.9999999999999998,6,0.06,0.0015091896057128906,v100|v30|v42|v62|v63|v65|v73|v76,v100|v42|v62|v63|v65|v76,6,12,0.12,0.01817178726196289,2,0.4148399829864502,2,,,0,0,1.0|2.0,1.0|2.0,2,2,True,True,False,1,True,0.4148399829864502,0.01968097686767578,21.0782211561758,22.82879372326747,2,2
100,0.05,1000543,v42,v81,4.440892098500627e-16,33,0.33,0.009939193725585938,v36|v54|v82|v93|v99,v54|v82|v93|v99,4,37,0.37,0.07188701629638672,2,0.36309123039245605,2,,,0,0,0.0|1.3333,0.0|1.3333,2,2,True,True,False,1,True,0.36309123039245605,0.08182621002197266,4.437346301325159,5.050859655872325,2,2
100,0.05,1000541,v77,v19,1.0000000000000064,29,0.29,0.01856517791748047,v45|v70|v96,v70,1,30,0.3,0.05510354042053223,2,0.48620176315307617,2,,,0,0,1.0|2.0,1.0|2.0,2,2,True,True,False,1,True,0.48620176315307617,0.0736687183380127,6.599840123758451,8.823421497830141,2,2
100,0.05,1000544,v71,v88,1.2823075934420563e-14,21,0.21,0.01081705093383789,v46|v66,v66,1,22,0.22,0.03294634819030762,2,0.4306018352508545,2,,,0,0,0.0|0.5,0.0|0.5,2,2,True,True,False,1,True,0.4306018352508545,0.04376339912414551,9.839314218471646,13.069789488157353,2,2
100,0.05,1000540,v99,v36,1.0,27,0.27,0.006414175033569336,v17|v34|v58|v66|v79|v97,v34|v66|v79|v97,4,31,0.31,0.09535479545593262,3,0.773723840713501,3,,,0,0,0.5|1.0|1.5,0.5|1.0|1.5,3,3,True,True,False,1,True,0.773723840713501,0.10176897048950195,7.602748037952442,8.11415762588543,3,3
100,0.05,1000545,v98,v100,-2.220446049250313e-16,7,0.07,0.0015251636505126953,v13|v31|v33|v62|v64|v85,v13|v31|v33|v62|v85,5,12,0.12,0.031754255294799805,2,0.3994138240814209,2,,,0,0,-0.0|0.3333,-0.0|0.3333,2,2,True,True,False,1,True,0.3994138240814209,0.0332794189453125,12.001826856946355,12.578277159182203,2,2
100,0.05,1000546,v35,v26,0.0,3,0.03,0.00145721435546875,v14|v25|v44|v45|v83,v14|v25|v44|v83,4,7,0.07,0.016628742218017578,2,0.48128604888916016,2,,,0,0,0.0|0.3333,0.0|0.3333,2,2,True,True,False,1,True,0.48128604888916016,0.018085956573486328,26.611036410134727,28.943021822039974,2,2
100,0.05,1000547,v65,v66,-4.440892098500626e-16,22,0.22,0.01506352424621582,v12|v36|v38|v41|v49|v77,v12|v36|v38|v41|v49,5,27,0.27,0.052301645278930664,2,0.388808012008667,2,,,0,0,-0.0|1.0,-0.0|1.0,2,2,True,True,False,1,True,0.388808012008667,0.06736516952514648,5.771647496018404,7.43395374916237,2,2
100,0.05,1000548,v5,v100,4.218847493575585e-15,10,0.1,0.002228975296020508,v21|v67|v73|v86,v67|v73|v86,3,13,0.13,0.01862478256225586,2,0.42113304138183594,2,,,0,0,0.0|0.5,0.0|0.5,2,2,True,True,False,1,True,0.42113304138183594,0.020853757858276367,20.19458767306527,22.61143398448501,2,2
100,0.05,1000549,v40,v52,0.0,40,0.4,0.03718447685241699,v13|v16|v29|v39|v47|v94,v13|v16|v39|v47|v94,5,45,0.45,0.0895082950592041,2,0.47083306312561035,2,,,0,0,0.0|2.5,0.0|2.5,2,2,True,True,False,1,True,0.47083306312561035,0.1266927719116211,3.716337214991682,5.260217087301059,2,2
100,0.1,1001003,v87,v3,-1.0413891970984029e-13,18,0.18,0.008782386779785156,v42|v78|v89|v95,v42|v89|v95,3,21,0.21,0.03112030029296875,2,1.078873634338379,2,,,0,0,-0.0|1.5,-0.0|1.5,2,2,True,True,False,1,True,1.078873634338379,0.039902687072753906,27.03761860376186,34.66784138269183,2,2
100,0.1,1001002,v13,v29,3.9999999999997264,21,0.21,0.008027315139770508,v17|v27|v3|v4|v81|v87|v89,v4|v87|v89,3,24,0.24,0.03328990936279297,2,1.36985182762146,2,,,0,0,3.0|4.0,3.0|4.0,2,2,True,True,False,1,True,1.36985182762146,0.04131722450256348,33.154497769724806,41.149160626808374,2,2
100,0.1,1001004,v17,v2,1.9999999999998632,42,0.42,0.09059357643127441,v25|v29|v3|v38|v42|v47|v51|v61|v7|v75,v3|v38|v42|v47|v51|v7|v75,7,49,0.49,0.13190746307373047,2,1.3184709548950195,2,,,0,0,2.0|18.0,2.0|18.0,2,2,True,True,False,1,True,1.3184709548950195,0.22250103950500488,5.925684472433048,9.995423489860102,2,2
100,0.1,1001001,v4,v74,202.99999999905677,85,0.85,0.38916969299316406,v18|v28|v3|v40|v43|v49|v61|v63|v75|v76|v89|v97,v40|v43|v49|v97,4,89,0.89,0.9061031341552734,2,1.2378137111663818,2,,,0,0,203.0|310.5,203.0|310.5,2,2,True,True,False,1,True,1.2378137111663818,1.2952728271484375,0.9556393720475456,1.3660847915732572,2,2
100,0.1,1001000,v61,v58,4.000000000000826,24,0.24,0.009780168533325195,v29|v31|v36|v39|v4|v43|v49|v54|v88|v93|v96|v98,v29|v31|v36|v39|v4|v43|v54|v88|v93|v96,10,34,0.34,0.19581294059753418,4,4.11720085144043,4,,,0,0,0.0|1.0|4.0,0.0|1.0|4.0,3,3,True,True,False,1,True,4.11720085144043,0.20559310913085938,20.025967158363486,21.026193870928857,4,4
100,0.1,1001007,v26,v19,9.00000000001714,40,0.4,0.04996681213378906,v11|v17|v28|v32|v50|v73,v17|v28|v32,3,43,0.43,0.11610674858093262,2,1.4535820484161377,2,,,0,0,9.0|20.5,9.0|20.5,2,2,True,True,False,1,True,1.4535820484161377,0.16607356071472168,8.752639746871424,12.519358832987328,2,2
100,0.1,1001008,v34,v93,13.000000000000478,36,0.36,0.02757096290588379,v20|v30|v38|v39|v40|v61|v75|v8|v81|v92,v20|v30|v38|v40|v75|v8|v81|v92,8,44,0.44,0.12481904029846191,2,1.4249093532562256,2,,,0,0,6.0|13.0,6.0|13.0,2,2,True,True,False,1,True,1.4249093532562256,0.1523900032043457,9.350412253391116,11.415801225911077,2,2
100,0.1,1001006,v97,v16,6.000000000001188,18,0.18,0.00594019889831543,v1|v10|v12|v14|v19|v29|v3|v4|v45|v47|v50|v53|v62|v75|v77|v96,v10|v12|v14|v29|v4|v45|v47|v50|v53|v75|v96,11,29,0.29,0.0966031551361084,3,2.6707348823547363,3,,,0,0,6.0|6.5|7.5,6.0|6.5|7.5,3,3,True,True,False,1,True,2.6707348823547363,0.10254335403442383,26.04493394528689,27.646456045786717,3,3
100,0.1,1001009,v29,v39,146.99999999992053,70,0.7,0.2150406837463379,v12|v30|v55|v63|v73|v8|v81|v84|v89,v63|v8,2,72,0.72,0.39214491844177246,2,1.1829290390014648,2,,,0,0,147.0|179.0,147.0|179.0,2,2,True,True,False,1,True,1.1829290390014648,0.6071856021881104,1.9482165498301542,3.0165609277864753,2,2
100,0.1,1001005,v74,v87,5.000000000051374,50,0.5,0.09007382392883301,v13|v17|v21|v25|v35|v51|v66|v85|v90,v17|v21|v35|v51|v66|v85,6,56,0.56,0.598515510559082,4,4.652328252792358,4,,,0,0,5.0|11.0,5.0|11.0,2,2,True,True,False,1,True,4.652328252792358,0.688589334487915,6.756317618907309,7.7731122597751074,4,4
100,0.1,1001011,v87,v91,14.99999999999106,30,0.3,0.0314784049987793,v20|v21|v25|v3|v54|v67|v75|v8|v81|v83|v99,v25|v54|v67|v75|v8|v81|v99,7,37,0.37,0.07515716552734375,2,1.479665994644165,2,,,0,0,3.0|15.0,3.0|15.0,2,2,True,True,False,1,True,1.479665994644165,0.10663557052612305,13.875913893869813,19.68762371840422,2,2
100,0.1,1001013,v74,v88,27.99999999999536,53,0.53,0.09786057472229004,v29|v38|v58|v59|v90,v59|v90,2,55,0.55,0.15832233428955078,2,1.0130138397216797,2,,,0,0,4.0|28.0,4.0|28.0,2,2,True,True,False,1,True,1.0130138397216797,0.2561829090118408,3.954260038771197,6.398426629239879,2,2
100,0.1,1001014,v69,v32,-1.428301921180325e-13,9,0.09,0.0034580230712890625,v14|v19|v20|v30|v35|v45|v61|v81|v92|v95,v14|v19|v20|v30|v35|v45|v61|v92|v95,9,18,0.18,0.03366899490356445,2,1.3124034404754639,2,,,0,0,-0.0|0.25,-0.0|0.25,2,2,True,True,False,1,True,1.3124034404754639,0.037127017974853516,35.34901298467782,38.97958475548443,2,2
100,0.1,1001015,v76,v48,4.000000000000121,28,0.28,0.019608497619628906,v14|v21|v31|v34|v42|v47|v56|v59|v72|v9|v92,v14|v21|v31|v42|v56|v59|v72,7,35,0.35,0.06417179107666016,2,1.129767894744873,2,,,0,0,4.0|6.0,4.0|6.0,2,2,True,True,False,1,True,1.129767894744873,0.08378028869628906,13.484889015367102,17.605366404612937,2,2
100,0.1,1001016,v44,v71,-1.1472304587787803e-13,7,0.07,0.002868175506591797,v14|v2|v23|v26|v29|v47|v5|v78|v80|v85,v14|v2|v23|v26|v29|v47|v5|v78|v85,9,16,0.16,0.025243282318115234,2,1.4423458576202393,2,,,0,0,-0.0|1.0,-0.0|1.0,2,2,True,True,False,1,True,1.4423458576202393,0.02811145782470703,51.30811310513282,57.13780955439279,2,2
100,0.1,1001017,v46,v83,1.000000000009308,41,0.41,0.050099849700927734,v16|v29|v33|v5|v52|v7|v72|v80|v85|v90,v16|v29|v33|v5|v7|v72|v80|v90,8,49,0.49,0.1503918170928955,2,1.4642281532287598,2,,,0,0,1.0|11.0,1.0|11.0,2,2,True,True,False,1,True,1.4642281532287598,0.20049166679382324,7.303187093229702,9.736089246958967,2,2
100,0.1,1001010,v99,v28,1024.9999999998856,66,0.66,0.45926666259765625,v1|v15|v2|v3|v43|v44|v47|v62|v71|v73|v79|v82|v83|v84,v43|v71|v73|v79|v82|v84,6,72,0.72,1.018261194229126,3,3.353961944580078,3,,,0,0,725.0|820.0|1025.0,725.0|820.0|1025.0,3,3,True,True,False,1,True,3.353961944580078,1.4775278568267822,2.2699822064832174,3.293812985890318,3,3
100,0.1,1001012,v82,v37,315.0000000000087,70,0.7,0.2903733253479004,v10|v11|v18|v20|v25|v3|v39|v44|v49|v54|v78|v93|v98,v10|v3|v39|v54|v93,5,75,0.75,1.3632056713104248,4,3.6845571994781494,4,,,0,0,34.0|133.0|315.0,34.0|133.0|315.0,3,3,True,True,False,1,True,3.6845571994781494,1.6535789966583252,2.2282317366900375,2.7028622877839497,4,4
100,0.1,1001019,v51,v35,47.00000000003756,60,0.6,0.18277788162231445,v31|v32|v38|v46|v47|v49|v54|v70|v72|v81|v92,v32|v46|v47|v70|v72|v81,6,66,0.66,0.3551144599914551,2,1.5961248874664307,2,,,0,0,35.0|47.0,35.0|47.0,2,2,True,True,False,1,True,1.5961248874664307,0.5378923416137695,2.967368679534982,4.494677258438975,2,2
100,0.1,1001021,v43,v29,8.000000000045224,48,0.48,0.059914588928222656,v22|v30|v35|v4|v64|v69|v79|v80|v81|v89|v94|v95,v30|v4|v64|v79|v89|v95,6,54,0.54,0.1758415699005127,2,1.17246413230896,2,,,0,0,8.0|13.0,8.0|13.0,2,2,True,True,False,1,True,1.17246413230896,0.23575615882873535,4.97320680033939,6.66773012190641,2,2
100,0.1,1001022,v49,v21,14.999999999972847,23,0.23,0.01012563705444336,v17|v22|v27|v31|v32|v52|v55|v7|v88|v9|v99,v17|v31|v52|v55|v88|v9|v99,7,30,0.3,0.0697023868560791,2,1.6213574409484863,2,,,0,0,11.0|15.0,11.0|15.0,2,2,True,True,False,1,True,1.6213574409484863,0.07982802391052246,20.31062979544416,23.26114662753589,2,2
100,0.1,1001020,v30,v53,3.0000000000095697,25,0.25,0.011010408401489258,v14|v16|v38|v41|v48|v61|v65|v73|v75,v14|v38|v48|v61|v65|v73,6,31,0.31,0.11280608177185059,3,2.660478115081787,3,,,0,0,3.0|4.0|6.0,3.0|4.0|6.0,3,3,True,True,False,1,True,2.660478115081787,0.12381649017333984,21.487268063867642,23.5845272993577,3,3
100,0.1,1001023,v17,v91,-7.993605777300892e-14,14,0.14,0.004560232162475586,v100|v23|v26|v3|v45|v46|v5|v60|v7|v84|v94|v99,v100|v23|v26|v3|v45|v46|v5|v7|v84|v94|v99,11,25,0.25,0.046787261962890625,2,1.4047718048095703,2,,,0,0,-0.0|6.0,-0.0|6.0,2,2,True,True,False,1,True,1.4047718048095703,0.05134749412536621,27.358137504817357,30.024663677130047,2,2
100,0.1,1001024,v76,v97,-3.670841408620548e-11,41,0.41,0.04470515251159668,v32|v41|v62|v64,v41|v62|v64,3,44,0.44,0.1234736442565918,2,1.3534581661224365,2,,,0,0,-0.0|5.5,-0.0|5.5,2,2,True,True,False,1,True,1.3534581661224365,0.16817879676818848,8.047733674703322,10.96151469628451,2,2
100,0.1,1001018,v16,v49,698.9999999999023,81,0.81,0.4097309112548828,v100|v14|v28|v3|v44|v48|v54|v6|v79|v81,v44|v48|v79,3,84,0.84,1.7262191772460938,3,3.2455556392669678,3,,,0,0,186.0|595.0|699.0,186.0|595.0|699.0,3,3,True,True,False,1,True,3.2455556392669678,2.1359500885009766,1.5194903929355013,1.88015269558338,3,3
100,0.1,1001025,v80,v48,20.00000000000685,43,0.43,0.05381655693054199,v1|v10|v13|v27|v34|v35|v37|v38|v40|v54|v64|v65|v67|v73|v79|v8,v1|v10|v27|v34|v35|v37|v40|v65|v67|v79|v8,11,54,0.54,0.19269037246704102,2,1.331385850906372,2,,,0,0,17.0|20.0,17.0|20.0,2,2,True,True,False,1,True,1.331385850906372,0.246506929397583,5.4010078100442485,6.909457041680174,2,2
100,0.1,1001026,v28,v72,0.9999999999999979,10,0.1,0.0030698776245117188,v26|v36|v39|v41|v42|v43|v45|v46|v48|v5|v51|v52|v9,v26|v36|v39|v41|v42|v43|v45|v48|v5|v51|v52|v9,12,22,0.22,0.04140496253967285,2,1.3457403182983398,2,,,0,0,-0.0|1.0,-0.0|1.0,2,2,True,True,False,1,True,1.3457403182983398,0.04447484016418457,30.258463286891352,32.50190884749374,2,2
100,0.1,1001029,v56,v54,33.00000000000112,56,0.56,0.11092329025268555,v32|v40|v93|v94,v40|v93,2,58,0.58,0.21180200576782227,2,1.3769769668579102,2,,,0,0,3.0|33.0,3.0|33.0,2,2,True,True,False,1,True,1.3769769668579102,0.3227252960205078,4.266715326741568,6.501246113633856,2,2
100,0.1,1001028,v20,v61,65.0000000000851,67,0.67,0.19251656532287598,v12|v17|v44|v53|v56|v62|v75|v76|v79|v87|v98,v17|v44|v75,3,70,0.7,0.33257198333740234,2,1.4833996295928955,2,,,0,0,22.0|65.0,22.0|65.0,2,2,True,True,False,1,True,1.4833996295928955,0.5250885486602783,2.825046619998992,4.460386634817493,2,2
100,0.1,1001031,v62,v24,260.00000000020754,76,0.76,0.25334811210632324,v10|v22|v33|v36|v39|v57|v63|v76|v78|v79|v9,v33|v36|v79,3,79,0.79,0.6396708488464355,2,1.418405294418335,2,,,0,0,260.0|491.5,260.0|491.5,2,2,True,True,False,1,True,1.418405294418335,0.8930189609527588,1.588326067461147,2.217398677735975,2,2
100,0.1,1001032,v87,v70,193.00000000017155,49,0.49,0.08971977233886719,v12|v15|v16|v33|v48|v55|v72|v8|v88,v15|v72|v88,3,52,0.52,0.18238210678100586,2,1.6072192192077637,2,,,0,0,148.0|193.0,148.0|193.0,2,2,True,True,False,1,True,1.6072192192077637,0.27210187911987305,5.906681807587634,8.812373360384644,2,2
100,0.1,1001034,v30,v7,2.6452913933401865e-13,15,0.15,0.007714033126831055,v100|v2|v29|v50|v52|v73|v95|v99,v100|v29|v50|v52|v73|v95|v99,7,22,0.22,0.035906076431274414,2,1.2250635623931885,2,,,0,0,0.0|1.0,0.0|1.0,2,2,True,True,False,1,True,1.2250635623931885,0.04362010955810547,28.08483460504165,34.118558309705776,2,2
100,0.1,1001027,v24,v41,21.000000000004707,31,0.31,0.03824901580810547,v10|v19|v21|v22|v3|v4|v44|v57|v61|v62|v64|v83|v93|v97|v99,v10|v19|v21|v3|v4|v44|v57|v62|v64|v93,10,41,0.41,0.3062276840209961,4,4.098786354064941,4,,,0,0,9.0|20.0|21.0|23.0,9.0|20.0|21.0|23.0,4,4,True,True,False,1,True,4.098786354064941,0.34447669982910156,11.89858807895684,13.384767504507899,4,4
100,0.1,1001035,v7,v13,5.0000000000007745,27,0.27,0.024821996688842773,v19|v27|v39|v43|v45|v53|v54|v67|v95,v19|v27|v43|v54|v67|v95,6,33,0.33,0.06064605712890625,2,1.1724576950073242,2,,,0,0,3.0|5.0,3.0|5.0,2,2,True,True,False,1,True,1.1724576950073242,0.08546805381774902,13.718081114932813,19.332793433136242,2,2
100,0.1,1001033,v62,v81,15.000000000000416,36,0.36,0.04812169075012207,v10|v100|v17|v40|v55|v65|v8|v84|v87|v90|v91|v92,v100|v40|v55|v87|v90|v91|v92,7,43,0.43,0.19762778282165527,3,2.3964855670928955,3,,,0,0,10.0|13.0|15.0,10.0|13.0|15.0,3,3,True,True,False,1,True,2.3964855670928955,0.24574947357177734,9.751742423948434,12.126258428226915,3,3
100,0.1,1001036,v40,v22,36.99999999947425,59,0.59,0.1619551181793213,v14|v16|v38|v46|v53|v69|v72|v75,v14|v16|v38|v72,4,63,0.63,0.33739185333251953,2,1.5694761276245117,2,,,0,0,37.0|54.0,37.0|54.0,2,2,True,True,False,1,True,1.5694761276245117,0.4993469715118408,3.1430572671197132,4.651790231810074,2,2
100,0.1,1001037,v70,v8,377.0000000001233,64,0.64,0.24329924583435059,v2|v20|v21|v36|v37|v59|v6|v69|v81|v91,v69|v81|v91,3,67,0.67,0.37254810333251953,2,1.5659503936767578,2,,,0,0,276.0|377.0,276.0|377.0,2,2,True,True,False,1,True,1.5659503936767578,0.6158473491668701,2.5427573826455614,4.203350868435536,2,2
100,0.1,1001040,v85,v8,0.0,3,0.03,0.003343343734741211,v100|v14|v2|v25|v32|v39|v49|v52|v62|v69|v87,v100|v2|v25|v32|v39|v49|v52|v62|v69|v87,10,13,0.13,0.0330500602722168,2,1.6062240600585938,2,,,0,0,0.0|0.6667,0.0|0.6667,2,2,True,True,False,1,True,1.6062240600585938,0.03639340400695801,44.13503226440434,48.59973164432774,2,2
100,0.1,1001039,v10,v39,2.0000000000000466,14,0.14,0.004260063171386719,v24|v28|v33|v50|v55|v76|v89|v91|v92|v96,v24|v50|v76|v89|v91|v92|v96,7,21,0.21,0.0686178207397461,3,2.5950818061828613,3,,,0,0,2.0|2.5|3.5,2.0|2.5|3.5,3,3,True,True,False,1,True,2.5950818061828613,0.07287788391113281,35.608632782852204,37.81935622854443,3,3
100,0.1,1001030,v13,v80,457.9999999999769,71,0.71,0.22475719451904297,v1|v35|v36|v48|v56|v57|v71|v82|v88,v82,1,72,0.72,2.224660873413086,6,5.724023818969727,6,,,0,0,185.0|258.0|458.0|475.0|530.0,185.0|258.0|458.0|475.0|530.0,5,5,True,True,False,1,True,5.724023818969727,2.449418067932129,2.3368913187621403,2.572987140367107,6,6
100,0.1,1001042,v81,v32,-1.3891110484109934e-12,24,0.24,0.010892868041992188,v11|v15|v28|v30|v36|v4|v46|v55|v63|v79,v11|v15|v28|v30|v36|v4|v46|v63|v79,9,33,0.33,0.06086254119873047,2,1.433532953262329,2,,,0,0,-0.0|9.5,-0.0|9.5,2,2,True,True,False,1,True,1.433532953262329,0.07175540924072266,19.978047208303984,23.553616477851424,2,2
100,0.1,1001041,v83,v100,5.881162223886348e-11,35,0.35,0.04911637306213379,v20|v33|v48|v61|v68,v20|v48|v61|v68,4,39,0.39,0.08734560012817383,2,1.5110089778900146,2,,,0,0,0.0|11.3333,0.0|11.3333,2,2,True,True,False,1,True,1.5110089778900146,0.13646197319030762,11.072747539585892,17.29919968118268,2,2
100,0.1,1001038,v1,v73,1476.9999999998818,75,0.75,0.3593738079071045,v13|v25|v33|v48|v59|v69|v70|v82|v88|v89|v9|v92|v99,v69,1,76,0.76,1.2393467426300049,3,3.0358054637908936,3,,,0,0,1362.0|1379.0|1477.0,1362.0|1379.0|1477.0,3,3,True,True,False,1,True,3.0358054637908936,1.5987205505371094,1.8988968789892506,2.44952067034012,3,3
100,0.1,1001044,v79,v35,0.9999999999997958,5,0.05,0.0028209686279296875,v21|v27|v42|v43|v57|v7|v77|v78|v87,v21|v27|v42|v43|v7|v77|v78|v87,8,13,0.13,0.03195023536682129,2,1.296781063079834,2,,,0,0,-0.0|1.0,-0.0|1.0,2,2,True,True,False,1,True,1.296781063079834,0.03477120399475098,37.294683936615904,40.58752770336321,2,2
100,0.1,1001043,v49,v39,48.99999999998358,53,0.53,0.12402462959289551,v12|v29|v34|v38|v45|v47|v72|v73|v78|v8|v91,v12|v29|v34|v38|v47|v73|v78|v8|v91,9,62,0.62,0.338031530380249,2,1.6879329681396484,2,,,0,0,49.0|81.0,49.0|81.0,2,2,True,True,False,1,True,1.6879329681396484,0.46205615997314453,3.653090499297215,4.993418709316571,2,2
100,0.1,1001046,v70,v91,82.999999999958,69,0.69,0.226792573928833,v10|v14|v30|v32|v42|v49|v57|v64|v65|v75|v85,v57|v64|v85,3,72,0.72,0.42464160919189453,2,1.4578993320465088,2,,,0,0,83.0|183.0,83.0|183.0,2,2,True,True,False,1,True,1.4578993320465088,0.6514341831207275,2.23798408161876,3.433246531871745,2,2
100,0.1,1001045,v72,v96,14.000000000001231,40,0.4,0.0702357292175293,v11|v17|v20|v24|v45|v49|v60|v68|v89,v20|v24|v49|v60,4,44,0.44,0.21898531913757324,3,2.6094565391540527,3,,,0,0,14.0|17.5|18.5,14.0|17.5|18.5,3,3,True,True,False,1,True,2.6094565391540527,0.28922104835510254,9.02236041946086,11.916125471017136,3,3
100,0.1,1001048,v30,v46,1.9999999999977416,11,0.11,0.003510713577270508,v11|v12|v22|v24|v65|v80|v88|v96,v12|v22|v24|v80|v88|v96,6,17,0.17,0.02670574188232422,2,1.639843463897705,2,,,0,0,1.0|2.0,1.0|2.0,2,2,True,True,False,1,True,1.639843463897705,0.030216455459594727,54.269881723569284,61.40415312645074,2,2
100,0.1,1001047,v28,v63,12.000000000017426,40,0.4,0.04366612434387207,v17|v2|v23|v27|v3|v36|v37|v38|v39|v48|v58|v6|v73|v77|v82|v99,v17|v2|v23|v3|v37|v38|v39|v48|v73|v77|v82|v99,12,52,0.52,0.31710052490234375,3,2.777508020401001,3,,,0,0,12.0|19.0|26.0,12.0|19.0|26.0,3,3,True,True,False,1,True,2.777508020401001,0.3607666492462158,7.698904613839205,8.759077334408007,3,3
100,0.15,1001500,v6,v20,118.00000001705445,69,0.69,0.4718496799468994,v26|v34|v47|v48|v58|v66|v72|v74|v88,v26|v47|v66,3,72,0.72,0.6591010093688965,2,2.231842517852783,2,,,0,0,118.0|209.0,118.0|209.0,2,2,True,True,False,1,True,2.231842517852783,1.130950689315796,1.9734215991353312,3.386191928290052,2,2
100,0.15,1001503,v43,v68,8.976264176415458e-11,17,0.17,0.011256694793701172,v11|v13|v44|v52|v59|v74|v77|v86|v87|v90|v96|v99,v11|v13|v44|v52|v59|v74|v77|v86|v90|v96|v99,11,28,0.28,0.05539369583129883,2,2.7886180877685547,2,,,0,0,0.0|0.3333,0.0|0.3333,2,2,True,True,False,1,True,2.7886180877685547,0.066650390625,41.83948603479853,50.34179514328263,2,2
100,0.15,1001501,v83,v57,1128.9999999333775,78,0.78,0.9214606285095215,v12|v16|v25|v28|v33|v34|v35|v4|v45|v60|v66|v86|v91,v33|v34|v86,3,81,0.81,1.1748802661895752,2,2.6750431060791016,2,,,0,0,1129.0|2438.5,1129.0|2438.5,2,2,True,True,False,1,True,2.6750431060791016,2.0963408946990967,1.2760534857872294,2.276864445731923,2,2
100,0.1,1001049,v88,v72,16.0000000000006,27,0.27,0.01334071159362793,v21|v33|v35|v36|v39|v44|v48|v49|v51|v53|v56|v73|v78|v83,v35|v39|v48|v49|v53|v56|v73|v78,8,35,0.35,0.3502817153930664,6,7.543579339981079,6,,,0,0,10.0|12.0|13.0|15.0|16.0,10.0|12.0|13.0|15.0|16.0,5,5,True,True,False,1,True,7.543579339981079,0.36362242698669434,20.74563827785329,21.535749679414753,6,6
100,0.15,1001506,v74,v43,2.0000000000027467,8,0.08,0.004642486572265625,v100|v11|v14|v26|v31|v40|v45|v47|v54|v60|v69|v7|v78|v79|v89,v11|v14|v26|v31|v40|v45|v54|v60|v69|v7|v78|v79|v89,13,21,0.21,0.03599071502685547,2,2.7114250659942627,2,,,0,0,1.0|2.0,1.0|2.0,2,2,True,True,False,1,True,2.7114250659942627,0.040633201599121094,66.7292991761917,75.33679350274252,2,2
100,0.15,1001502,v21,v33,2707.000000029805,55,0.55,0.24204468727111816,v25|v36|v41|v46|v52|v72|v80|v87|v92,v25|v41|v72|v80|v87|v92,6,61,0.61,0.9896304607391357,3,6.031629323959351,3,,,0,0,1254.0|1454.0|2707.0,1254.0|1454.0|2707.0,3,3,True,True,False,1,True,6.031629323959351,1.231675148010254,4.897094281477811,6.094829901915554,3,3
100,0.15,1001505,v84,v56,135.999999999975,48,0.48,0.11759257316589355,v100|v13|v16|v17|v18|v34|v35|v37|v41|v60|v62|v69|v7|v72|v79|v81|v87|v95,v13|v17|v18|v37|v60|v72|v79|v81|v87,9,57,0.57,0.6383943557739258,3,4.829077482223511,3,,,0,0,91.0|103.0|136.0,91.0|103.0|136.0,3,3,True,True,False,1,True,4.829077482223511,0.7559869289398193,6.387779070460531,7.564411305562403,3,3
100,0.15,1001507,v87,v66,50.000000000203066,33,0.33,0.05189394950866699,v1|v18|v21|v34|v41|v43|v47|v53|v54|v56|v6|v67|v73|v78|v80|v82|v92,v1|v43|v54|v56|v6|v67|v78|v80|v82|v92,10,43,0.43,0.1502976417541504,2,2.7796671390533447,2,,,0,0,41.0|50.0,41.0|50.0,2,2,True,True,False,1,True,2.7796671390533447,0.20219159126281738,13.747689118486699,18.494416190509426,2,2
100,0.15,1001504,v3,v53,22.000000006416528,56,0.56,0.2053062915802002,v14|v23|v24|v27|v30|v45|v55|v60|v77|v79|v83|v96,v14|v23|v27|v45|v60|v79|v96,7,63,0.63,1.2244126796722412,4,7.3561930656433105,4,,,0,0,22.0|36.3333|38.0|52.3333,22.0|36.3333|38.0|52.3333,4,4,True,True,False,1,True,7.3561930656433105,1.4297189712524414,5.145202108634851,6.00793603967942,4,4
100,0.15,1001510,v27,v86,8.000000000016986,27,0.27,0.0179595947265625,v22|v26|v28|v34|v35|v36|v57|v58|v62|v63|v71|v73|v87,v22|v26|v28|v36|v57|v71|v73|v87,8,35,0.35,0.08686566352844238,2,2.795450448989868,2,,,0,0,8.0|20.25,8.0|20.25,2,2,True,True,False,1,True,2.795450448989868,0.10482525825500488,26.667718215293778,32.18130542541191,2,2
100,0.15,1001509,v23,v61,763.9999999471227,76,0.76,0.7354562282562256,v15|v20|v34|v49|v50|v51|v62|v66|v68|v75|v8|v83|v94|v95|v99,v15|v8|v95,3,79,0.79,1.0213582515716553,2,2.671398401260376,2,,,0,0,764.0|5754.1429,764.0|5754.1429,2,2,True,True,False,1,True,2.671398401260376,1.7568144798278809,1.520592203635582,2.6155351436674215,2,2
100,0.15,1001512,v20,v14,8.00000000105064,30,0.3,0.020025253295898438,v10|v11|v18|v21|v23|v26|v28|v37|v39|v40|v43|v44|v54|v6|v63|v70|v71|v72|v74|v77|v82,v10|v11|v18|v21|v23|v26|v28|v37|v39|v40|v43|v54|v6|v63|v71|v72|v74|v77,18,48,0.48,0.22434449195861816,2,2.8786749839782715,2,,,0,0,8.0|14.5,8.0|14.5,2,2,True,True,False,1,True,2.8786749839782715,0.2443697452545166,11.779997482831053,12.831493917440426,2,2
100,0.15,1001508,v63,v10,6751.999999989047,71,0.71,0.6250238418579102,v11|v14|v16|v29|v32|v35|v41|v5|v60|v61|v62|v65|v67|v73|v76|v83|v88,v16|v60|v61|v62|v67|v76,6,77,0.77,2.0021536350250244,3,5.29613995552063,3,,,0,0,3947.0|6752.0|6901.0,3947.0|6752.0|6901.0,3,3,True,True,False,1,True,5.29613995552063,2.6271774768829346,2.0159049025512874,2.6452215568634094,3,3
100,0.15,1001513,v23,v31,1809.9999999644472,68,0.68,0.4928133487701416,v12|v13|v14|v17|v22|v27|v33|v39|v4|v52|v55|v56|v59|v62|v68|v72|v78|v81|v91|v98,v14|v17|v22|v33|v4|v56|v59|v62,8,76,0.76,0.91939377784729,2,2.7870585918426514,2,,,0,0,1810.0|4500.6667,1810.0|4500.6667,2,2,True,True,False,1,True,2.7870585918426514,1.4122071266174316,1.9735480294015457,3.031409020809773,2,2
100,0.15,1001514,v39,v56,19.99999999662908,46,0.46,0.09587836265563965,v11|v15|v22|v32|v45|v70|v71|v76|v83|v86,v11|v45|v70|v71|v76|v83,6,52,0.52,0.20676636695861816,2,2.484449863433838,2,,,0,0,20.0|46.0,20.0|46.0,2,2,True,True,False,1,True,2.484449863433838,0.3026447296142578,8.209129782634728,12.0157349571803,2,2
100,0.15,1001515,v20,v12,2.0000000010913603,19,0.19,0.008194923400878906,v1|v23|v35|v36|v46|v47|v5|v57|v60|v62|v81|v83|v86,v1|v23|v35|v46|v5|v57|v60|v62|v81|v83,10,29,0.29,0.05954384803771973,2,2.813140869140625,2,,,0,0,2.0|2.5,2.0|2.5,2,2,True,True,False,1,True,2.813140869140625,0.06773877143859863,41.52925731300837,47.244861758994176,2,2
100,0.15,1001518,v75,v46,21.000000000442753,26,0.26,0.02681589126586914,v17|v28|v3|v35|v36|v40|v42|v54|v55|v57|v59|v61|v62|v69|v7|v71|v80|v83|v94,v17|v28|v35|v42|v55|v61|v69|v7|v71|v80|v83|v94,12,38,0.38,0.20953583717346191,3,5.79192590713501,3,,,0,0,10.5|21.0|22.5,10.5|21.0|22.5,3,3,True,True,False,1,True,5.79192590713501,0.23635172843933105,24.505536495882808,27.641695975568265,3,3
100,0.15,1001511,v65,v27,8528.9999998862,73,0.73,0.7696754932403564,v100|v36|v39|v43|v5|v58|v59|v62|v68|v69|v85|v97|v98,v43|v5|v62|v98,4,77,0.77,3.448392868041992,4,9.027214050292969,4,,,0,0,3091.0|3857.0|8529.0,3091.0|3857.0|8529.0,3,3,True,True,False,1,True,9.027214050292969,4.218068361282349,2.140129859713458,2.6178032479862563,4,4
100,0.15,1001520,v4,v79,4138.000000315003,83,0.83,1.2340106964111328,v30|v39|v59|v6|v61|v62|v76|v77|v80|v82|v84|v9|v90|v93|v99,v39|v76|v84,3,86,0.86,1.5501489639282227,2,2.724874973297119,2,,,0,0,4138.0,4138.0,1,1,True,True,False,1,True,2.724874973297119,2.7841596603393555,0.9787064341579426,1.757814917601229,1,1
100,0.15,1001517,v24,v41,3744.9999962774104,81,0.81,1.0993983745574951,v22|v26|v43|v49|v59|v60|v71|v74|v81|v82|v87,v49|v59,2,83,0.83,2.8390371799468994,3,5.822412967681885,3,,,0,0,3745.0,3745.0,1,1,True,True,False,1,True,5.822412967681885,3.9384355545043945,1.4783567960183537,2.0508406895153044,1,1
100,0.15,1001519,v70,v73,8608.000000414797,76,0.76,0.9461555480957031,v1|v17|v22|v34|v35|v47|v49|v67|v78|v79|v82|v86|v98,v1|v49|v82,3,79,0.79,2.2134931087493896,3,5.819901704788208,3,,,0,0,8608.0,8608.0,1,1,True,True,False,1,True,5.819901704788208,3.1596486568450928,1.841945841725129,2.6292838598790205,1,1
100,0.15,1001522,v99,v7,45.99999999258741,54,0.54,0.19429373741149902,v1|v10|v12|v14|v29|v37|v42|v43|v53|v64|v71|v74|v77|v78,v10|v12|v14|v37|v43|v53|v71|v74|v78,9,63,0.63,0.5715296268463135,2,2.8128299713134766,2,,,0,0,46.0|245.5,46.0|245.5,2,2,True,True,False,1,True,2.8128299713134766,0.7658233642578125,3.6729487537109726,4.921582082865246,2,2
100,0.15,1001523,v73,v92,2.0000000000405516,13,0.13,0.005953311920166016,v15|v17|v23|v31|v32|v40|v43|v44|v55|v58|v60|v65|v77|v97,v15|v17|v23|v31|v40|v44|v55|v58|v60|v65|v97,11,24,0.24,0.03656315803527832,2,3.021336078643799,2,,,0,0,2.0|3.0,2.0|3.0,2,2,True,True,False,1,True,3.021336078643799,0.042516469955444336,71.06272185367331,82.63334572272541,2,2
100,0.15,1001525,v69,v11,750.0000000041551,73,0.73,0.6168689727783203,v10|v12|v19|v20|v24|v27|v32|v35|v55|v64|v72|v82|v85|v89|v92|v97,v10|v24|v32|v85,4,77,0.77,0.9162020683288574,2,2.4080803394317627,2,,,0,0,750.0|2136.0,750.0|2136.0,2,2,True,True,False,1,True,2.4080803394317627,1.5330710411071777,1.5707558716213548,2.6283288618023697,2,2
100,0.15,1001524,v89,v34,924.9999999994664,61,0.61,0.2783997058868408,v2|v20|v30|v31|v44|v47|v51|v55|v66|v75|v77|v8|v90|v96,v2|v31|v44|v47|v51|v77|v96,7,68,0.68,1.1635897159576416,3,4.9307777881622314,3,,,0,0,373.0|925.0|1149.0,373.0|925.0|1149.0,3,3,True,True,False,1,True,4.9307777881622314,1.4419894218444824,3.419427156306846,4.237557036248099,3,3
100,0.15,1001527,v78,v82,-2.955043617210693e-13,3,0.03,0.004465579986572266,v11|v15|v2|v31|v37|v5|v67|v77|v80|v87|v88|v93|v94|v95|v97,v11|v15|v2|v31|v37|v5|v67|v77|v80|v87|v93|v94|v95|v97,14,17,0.17,0.027109384536743164,2,2.6359035968780518,2,,,0,0,-0.0|0.3333,-0.0|0.3333,2,2,True,True,False,1,True,2.6359035968780518,0.03157496452331543,83.48080945369426,97.23214458467086,2,2
100,0.15,1001526,v54,v51,9.000000001353785,25,0.25,0.015905141830444336,v15|v17|v2|v38|v43|v44|v65|v67|v69|v7|v70|v73|v75|v87|v88|v9|v91|v98,v17|v2|v44|v65|v67|v69|v7|v73|v75|v87|v88|v9|v98,13,38,0.38,0.21584129333496094,3,6.641601324081421,3,,,0,0,9.0|29.3333|30.3333,9.0|29.3333|30.3333,3,3,True,True,False,1,True,6.641601324081421,0.23174643516540527,28.65891472868217,30.77076319114905,3,3
100,0.15,1001531,v15,v74,2417.0000001367644,58,0.58,0.29984593391418457,v12|v28|v29|v32|v47|v49|v63|v67|v69|v7|v76|v84|v90|v92|v94|v97|v99,v28|v29|v47|v67|v69|v84|v90|v94|v97,9,67,0.67,0.733109712600708,2,3.0809876918792725,2,,,0,0,2067.0|2417.0,2067.0|2417.0,2,2,True,True,False,1,True,3.0809876918792725,1.0329556465148926,2.9826911758256722,4.202628390980475,2,2
100,0.15,1001528,v6,v83,1.0000000001818503,18,0.18,0.007666587829589844,v12|v26|v28|v3|v35|v37|v4|v40|v41|v46|v49|v65|v66|v70|v73|v85|v9,v12|v26|v28|v3|v35|v4|v40|v41|v46|v49|v65|v73|v85|v9,14,32,0.32,0.2113780975341797,4,8.162388563156128,4,,,0,0,1.0|1.3333|3.0|3.3333,1.0|1.3333|3.0|3.3333,4,4,True,True,False,1,True,8.162388563156128,0.21904468536376953,37.26357729063718,38.61511035615351,4,4
100,0.15,1001530,v78,v44,7.999999999485165,25,0.25,0.02429056167602539,v10|v20|v24|v27|v45|v55|v59|v65|v68|v71|v80|v85|v87|v92|v93,v20|v27|v45|v59|v65|v68|v80|v85|v87|v93,10,35,0.35,0.17930054664611816,3,5.463165521621704,3,,,0,0,5.0|8.0|9.0,5.0|8.0|9.0,3,3,True,True,False,1,True,5.463165521621704,0.20359110832214355,26.834008452752766,30.469318827032037,3,3
100,0.15,1001532,v92,v93,6.299183397309028e-12,4,0.04,0.0046350955963134766,v13|v19|v2|v24|v26|v27|v49|v51|v54|v57|v7|v70|v72|v73|v76|v84|v85|v87|v94|v98,v13|v19|v2|v26|v27|v49|v51|v54|v57|v7|v70|v72|v73|v76|v84|v85|v87|v94|v98,19,23,0.23,0.0378720760345459,2,2.759579658508301,2,,,0,0,0.0|0.3333,0.0|0.3333,2,2,True,True,False,1,True,2.759579658508301,0.042507171630859375,64.92033114960064,72.86581427411282,2,2
100,0.15,1001533,v48,v31,12.000000000066018,27,0.27,0.031723976135253906,v10|v18|v20|v21|v24|v27|v4|v41|v5|v65|v74|v88|v9|v93,v18|v24|v27|v4|v41|v5|v65|v88|v9|v93,10,37,0.37,0.08341193199157715,2,2.6693410873413086,2,,,0,0,8.0|12.0,8.0|12.0,2,2,True,True,False,1,True,2.6693410873413086,0.11513590812683105,23.18426224076701,32.00190936245016,2,2
100,0.15,1001536,v86,v93,0.9999999979456177,28,0.28,0.01877570152282715,v13|v15|v20|v26|v37|v40|v50|v6|v78|v80|v90,v13|v15|v20|v40|v50|v6|v78|v80|v90,9,37,0.37,0.0899820327758789,2,3.1635866165161133,2,,,0,0,1.0|12.0,1.0|12.0,2,2,True,True,False,1,True,3.1635866165161133,0.10875773429870605,29.088382880680808,35.157981198266086,2,2
100,0.15,1001535,v24,v4,31636.00000037886,80,0.8,1.0933191776275635,v18|v25|v41|v46|v58|v62|v63|v73|v76|v80|v82,v41|v73,2,82,0.82,1.2777378559112549,2,2.804331064224243,2,,,0,0,3491.0,3491.0,1,1,True,True,False,1,True,2.804331064224243,2.3710570335388184,1.182734546051286,2.1947624477512684,1,1
100,0.15,1001534,v94,v26,560.0000000000266,57,0.57,0.2360680103302002,v11|v29|v32|v33|v54|v56|v63|v65|v72|v8|v83|v85|v89|v9,v11|v29|v33|v54|v56|v63|v8|v89,8,65,0.65,1.0623915195465088,3,5.223862171173096,3,,,0,0,560.0|771.3333|1140.3333,560.0|771.3333|1140.3333,3,3,True,True,False,1,True,5.223862171173096,1.298459529876709,4.023122824374134,4.917078191101288,3,3
100,0.15,1001538,v10,v80,6.999999999972753,26,0.26,0.01538228988647461,v1|v20|v24|v3|v39|v4|v42|v56|v70|v73|v9,v1|v20|v3|v39|v4|v42|v56|v70|v73|v9,10,36,0.36,0.09278082847595215,2,2.7513720989227295,2,,,0,0,-0.0|7.0,-0.0|7.0,2,2,True,True,False,1,True,2.7513720989227295,0.10816311836242676,25.437248302176258,29.65453255934072,2,2
100,0.15,1001537,v93,v40,18.000000000227057,34,0.34,0.03153800964355469,v10|v16|v22|v3|v30|v5|v54|v56|v64|v66|v67|v8|v82|v84|v87|v92|v95|v97,v10|v3|v30|v54|v56|v64|v66|v67|v8|v87|v92|v95|v97,13,47,0.47,0.3515329360961914,3,5.635529041290283,3,,,0,0,12.0|18.0|20.0,12.0|18.0|20.0,3,3,True,True,False,1,True,5.635529041290283,0.3830709457397461,14.711449938881545,16.03129739100239,3,3
100,0.15,1001539,v15,v9,28.99999999988077,57,0.57,0.22114896774291992,v37|v38|v48|v53|v56|v58|v74,v37|v38|v56|v58,4,61,0.61,0.3882627487182617,2,2.6603665351867676,2,,,0,0,29.0|1136.0,29.0|1136.0,2,2,True,True,False,1,True,2.6603665351867676,0.6094117164611816,4.3654666678142675,6.851974710345522,2,2
100,0.15,1001540,v16,v51,8.99999999999134,35,0.35,0.04248499870300293,v19|v22|v30|v33|v39|v40|v41|v43|v5|v57|v62|v63|v68|v72|v86|v92,v19|v22|v33|v40|v43|v57|v62|v63|v68|v72|v86,11,46,0.46,0.17098212242126465,2,2.633819818496704,2,,,0,0,9.0|78.5,9.0|78.5,2,2,True,True,False,1,True,2.633819818496704,0.21346712112426758,12.338292682382006,15.404065531526832,2,2
100,0.15,1001541,v16,v29,9.27495117804919e-12,22,0.22,0.01194453239440918,v10|v28|v35|v47|v49|v65|v69|v78|v79|v83|v85|v86,v10|v28|v47|v49|v65|v69|v78|v79|v83|v85|v86,11,33,0.33,0.09131097793579102,2,2.691362142562866,2,,,0,0,0.0|15.0,0.0|15.0,2,2,True,True,False,1,True,2.691362142562866,0.1032555103302002,26.065070367248925,29.47468314768686,2,2
100,0.15,1001545,v74,v82,9.999201466837915e-11,12,0.12,0.009773969650268555,v20|v32|v36|v38|v48|v61|v63|v88|v90,v20|v32|v38|v48|v61|v63|v88|v90,8,20,0.2,0.04751157760620117,2,2.800576686859131,2,,,0,0,0.0|1.0,0.0|1.0,2,2,True,True,False,1,True,2.800576686859131,0.05728554725646973,48.888014883070504,58.94514196248457,2,2
100,0.15,1001546,v11,v36,2.999999999993916,10,0.1,0.004995822906494141,v13|v27|v28|v30|v31|v44|v45|v51|v60|v7|v76|v9|v92|v95|v97,v13|v27|v28|v30|v31|v44|v45|v51|v60|v7|v76|v92|v95|v97,14,24,0.24,0.04704451560974121,2,3.1318471431732178,2,,,0,0,-0.0|3.0,-0.0|3.0,2,2,True,True,False,1,True,3.1318471431732178,0.05204033851623535,60.18114471327191,66.57199256027043,2,2
100,0.15,1001542,v64,v8,-1.2214673716922436e-11,12,0.12,0.009205102920532227,v11|v14|v17|v21|v31|v35|v36|v4|v41|v49|v5|v57|v60|v67|v71|v85|v89|v91|v98|v99,v11|v17|v21|v31|v35|v36|v4|v41|v49|v5|v57|v60|v67|v71|v85|v89|v91|v98,18,30,0.3,0.17809724807739258,4,8.636377096176147,4,,,0,0,-0.0|0.5|0.6|1.1,-0.0|0.5|0.6|1.1,4,4,True,True,False,1,True,8.636377096176147,0.1873023509979248,46.10928293298269,48.492479189926556,4,4
100,0.15,1001543,v23,v58,12.999999998584512,34,0.34,0.05565786361694336,v2|v24|v25|v30|v46|v53|v90|v98,v46|v53|v98,3,37,0.37,0.2630481719970703,4,8.929625034332275,4,,,0,0,13.0|13.6667|16.5|17.1667,13.0|13.6667|16.5|17.1667,4,4,True,True,False,1,True,8.929625034332275,0.31870603561401367,28.018374415560128,33.946729097329474,4,4
100,0.15,1001549,v8,v46,2.7119417822684878e-11,10,0.1,0.004329204559326172,v12|v22|v32|v35|v40|v53|v62|v63|v64|v67|v7|v79|v80|v94,v12|v22|v32|v35|v53|v62|v63|v64|v67|v7|v79|v80|v94,13,23,0.23,0.0381624698638916,2,2.5189714431762695,2,,,0,0,0.0|0.5,0.0|0.5,2,2,True,True,False,1,True,2.5189714431762695,0.04249167442321777,59.2815293200092,66.00650985537125,2,2
100,0.15,1001547,v76,v74,138.9999999998312,42,0.42,0.07257723808288574,v11|v13|v14|v15|v27|v58|v60|v66|v7|v87|v90|v91|v94|v98,v11|v14|v15|v90|v91|v94,6,48,0.48,0.9290807247161865,6,11.574074983596802,6,,,0,0,139.0|174.3333|176.0|192.3333|202.3333|229.3333,139.0|174.3333|176.0|192.3333|202.3333|229.3333,6,6,True,True,False,1,True,11.574074983596802,1.0016579627990723,11.554917360466794,12.457555813712984,6,6
