n,edge_density,seed,X,Y,true_effect,H_size,H_reduction,time_H,effects_only_in_full,effects_only_in_ext,n_only_in_full,n_only_in_ext,effects_full,effects_ext,n_distinct_full,n_distinct_ext,same_count,same_values,is_false,Time_Full,Time_Local,Speedup,n_raw_full,n_raw_ext,raw_full,raw_ext
20,0.05,200500,v16,v11,0.0,3,0.15,0.0076558589935302734,,,0,0,0.0|0.3333,0.0|0.3333,2,2,True,True,False,0.018333911895751953,0.0076558589935302734,2.3947556911961634,2,2,0.0|0.3333,0.0|0.3333
20,0.05,200501,v6,v19,0.0,3,0.15,0.006919384002685547,,,0,0,0.0|0.6667,0.0|0.6667,2,2,True,True,False,0.010221004486083984,0.006919384002685547,1.477155261525739,2,2,0.0|0.6667,0.0|0.6667
20,0.05,200502,v9,v12,0.0,3,0.15,0.005762815475463867,,,0,0,0.0|0.3333,0.0|0.3333,2,2,True,True,False,0.017682790756225586,0.005762815475463867,3.0684291092631666,2,2,0.0|0.3333,0.0|0.3333
20,0.05,200503,v15,v5,0.0,5,0.25,0.005571842193603516,,,0,0,0.0|0.3333,0.0|0.3333,2,2,True,True,False,0.011444330215454102,0.005571842193603516,2.0539580658964485,2,2,0.0|0.3333,0.0|0.3333
20,0.05,200504,v13,v1,0.0,4,0.2,0.0057942867279052734,,,0,0,0.0|0.5,0.0|0.5,2,2,True,True,False,0.006756305694580078,0.0057942867279052734,1.1660288853227996,2,2,0.0|0.5,0.0|0.5
20,0.05,200505,v17,v7,0.0,3,0.15,0.006243228912353516,,,0,0,0.0|0.5,0.0|0.5,2,2,True,True,False,0.012652397155761719,0.006243228912353516,2.0265790880623236,2,2,0.0|0.5,0.0|0.5
20,0.05,200507,v9,v17,0.0,3,0.15,0.005681037902832031,,,0,0,0.0|0.6667,0.0|0.6667,2,2,True,True,False,0.010762691497802734,0.005681037902832031,1.8944938727547422,2,2,0.0|0.6667,0.0|0.6667
20,0.05,200508,v11,v20,0.0,3,0.15,0.005575656890869141,,,0,0,0.0|0.5,0.0|0.5,2,2,True,True,False,0.010145902633666992,0.005575656890869141,1.819678440092363,2,2,0.0|0.5,0.0|0.5
20,0.05,200509,v2,v11,1.0,5,0.25,0.005326271057128906,,,0,0,0.0|1.0,0.0|1.0,2,2,True,True,False,0.011940240859985352,0.005326271057128906,2.2417636526410027,2,2,0.0|1.0,0.0|1.0
20,0.05,200510,v7,v4,0.0,3,0.15,0.005188703536987305,,,0,0,0.0|0.3333,0.0|0.3333,2,2,True,True,False,0.007541179656982422,0.005188703536987305,1.453384184165786,2,2,0.0|0.3333,0.0|0.3333
20,0.05,200511,v2,v19,0.0,3,0.15,0.005115985870361328,,,0,0,0.0|0.5,0.0|0.5,2,2,True,True,False,0.0073566436767578125,0.005115985870361328,1.4379718519899338,2,2,0.0|0.5,0.0|0.5
20,0.05,200512,v11,v1,0.0,6,0.3,0.006098031997680664,,,0,0,0.0|0.5,0.0|0.5,2,2,True,True,False,0.009845972061157227,0.006098031997680664,1.6146146928881417,3,3,0.0|0.5|0.5,0.0|0.5|0.5
20,0.05,200513,v18,v2,1.0,4,0.2,0.005394935607910156,,,0,0,0.0|1.0,0.0|1.0,2,2,True,True,False,0.010487794876098633,0.005394935607910156,1.94400742442991,2,2,0.0|1.0,0.0|1.0
20,0.05,200514,v18,v1,0.0,5,0.25,0.005685567855834961,,,0,0,0.0|0.3333,0.0|0.3333,2,2,True,True,False,0.008299112319946289,0.005685567855834961,1.4596804629513147,2,2,0.0|0.3333,0.0|0.3333
20,0.05,200515,v7,v5,0.0,3,0.15,0.005831241607666016,,,0,0,0.0|0.5,0.0|0.5,2,2,True,True,False,0.006674528121948242,0.005831241607666016,1.144615258811023,2,2,0.0|0.5,0.0|0.5
20,0.05,200516,v17,v9,1.0,4,0.2,0.0065004825592041016,,,0,0,0.0|1.0,0.0|1.0,2,2,True,True,False,0.009781360626220703,0.0065004825592041016,1.5047130020172381,2,2,0.0|1.0,0.0|1.0
20,0.05,200517,v11,v16,1.0,5,0.25,0.005908966064453125,,,0,0,0.0|1.0,0.0|1.0,2,2,True,True,False,0.009636640548706055,0.005908966064453125,1.6308505487411233,2,2,0.0|1.0,0.0|1.0
20,0.05,200518,v4,v12,0.0,5,0.25,0.005661964416503906,,,0,0,0.0|0.5,0.0|0.5,2,2,True,True,False,0.011057853698730469,0.005661964416503906,1.9530065689742293,2,2,0.0|0.5,0.0|0.5
20,0.05,200519,v13,v19,1.0,4,0.2,0.006224632263183594,,,0,0,0.0|1.0,0.0|1.0,2,2,True,True,False,0.010503053665161133,0.006224632263183594,1.6873372146468515,2,2,0.0|1.0,0.0|1.0
20,0.05,200521,v18,v5,1.0,3,0.15,0.006412982940673828,,,0,0,0.0|1.0,0.0|1.0,2,2,True,True,False,0.00997471809387207,0.006412982940673828,1.555394453119191,2,2,0.0|1.0,0.0|1.0
20,0.05,200522,v14,v18,0.0,4,0.2,0.006237983703613281,,,0,0,0.0|0.5,0.0|0.5,2,2,True,True,False,0.011043787002563477,0.006237983703613281,1.7704097232839016,2,2,0.0|0.5,0.0|0.5
20,0.05,200523,v19,v10,0.0,6,0.3,0.006027698516845703,,,0,0,0.0|0.5,0.0|0.5,2,2,True,True,False,0.006053924560546875,0.006027698516845703,1.0043509216043034,2,2,0.0|0.5,0.0|0.5
20,0.05,200524,v6,v8,0.0,3,0.15,0.0053293704986572266,,,0,0,0.0|0.3333,0.0|0.3333,2,2,True,True,False,0.010580778121948242,0.0053293704986572266,1.9853710911287075,2,2,0.0|0.3333,0.0|0.3333
20,0.05,200525,v1,v16,1.0,7,0.35,0.0060863494873046875,,,0,0,0.0|1.0,0.0|1.0,2,2,True,True,False,0.008118629455566406,0.0060863494873046875,1.3339078658727672,2,2,0.0|1.0,0.0|1.0
20,0.05,200526,v13,v2,0.0,4,0.2,0.0058269500732421875,,,0,0,0.0|0.5,0.0|0.5,2,2,True,True,False,0.009079933166503906,0.0058269500732421875,1.558265139116203,2,2,0.0|0.5,0.0|0.5
20,0.05,200527,v13,v11,0.0,3,0.15,0.005667686462402344,,,0,0,0.0|0.5,0.0|0.5,2,2,True,True,False,0.00730443000793457,0.005667686462402344,1.2887851253575635,2,2,0.0|0.5,0.0|0.5
20,0.05,200528,v19,v14,1.0,5,0.25,0.005816221237182617,,,0,0,0.0|1.0,0.0|1.0,2,2,True,True,False,0.008562088012695312,0.005816221237182617,1.4721049395367902,3,3,0.0|1.0|1.0,0.0|1.0|1.0
20,0.05,200529,v5,v9,0.0,4,0.2,0.005959272384643555,,,0,0,0.0|0.5,0.0|0.5,2,2,True,True,False,0.005080461502075195,0.005959272384643555,0.8525305061012203,3,3,0.0|0.5|0.5,0.0|0.5|0.5
20,0.05,200530,v18,v11,0.0,4,0.2,0.005644321441650391,,,0,0,0.0|0.6667,0.0|0.6667,2,2,True,True,False,0.008303165435791016,0.005644321441650391,1.47106530370871,2,2,0.0|0.6667,0.0|0.6667
20,0.05,200531,v18,v3,0.0,3,0.15,0.006260395050048828,,,0,0,0.0|0.5,0.0|0.5,2,2,True,True,False,0.011811256408691406,0.006260395050048828,1.8866631121943789,2,2,0.0|0.5,0.0|0.5
20,0.05,200532,v13,v3,0.0,3,0.15,0.006295680999755859,,,0,0,0.0|0.5,0.0|0.5,2,2,True,True,False,0.011228561401367188,0.006295680999755859,1.7835340452927364,2,2,0.0|0.5,0.0|0.5
20,0.05,200533,v5,v2,1.0,3,0.15,0.0058078765869140625,,,0,0,0.0|1.0,0.0|1.0,2,2,True,True,False,0.009790897369384766,0.0058078765869140625,1.6857963875205255,2,2,0.0|1.0,0.0|1.0
20,0.05,200536,v3,v8,0.0,6,0.3,0.006638765335083008,,,0,0,0.0|1.0,0.0|1.0,2,2,True,True,False,0.0076258182525634766,0.006638765335083008,1.1486801939306877,2,2,0.0|1.0,0.0|1.0
20,0.05,200537,v3,v4,1.0,3,0.15,0.005975961685180664,,,0,0,0.0|1.0,0.0|1.0,2,2,True,True,False,0.012603282928466797,0.005975961685180664,2.1089966088170757,2,2,0.0|1.0,0.0|1.0
20,0.05,200538,v11,v19,0.0,4,0.2,0.00551605224609375,,,0,0,0.0|0.5,0.0|0.5,2,2,True,True,False,0.008555173873901367,0.00551605224609375,1.5509595435684647,2,2,0.0|0.5,0.0|0.5
20,0.05,200539,v20,v1,0.0,3,0.15,0.005412101745605469,,,0,0,0.0|1.0,0.0|1.0,2,2,True,True,False,0.007204294204711914,0.005412101745605469,1.3311453744493391,2,2,0.0|1.0,0.0|1.0
20,0.05,200540,v18,v12,1.0,4,0.2,0.0065042972564697266,,,0,0,0.0|1.0,0.0|1.0,2,2,True,True,False,0.009319543838500977,0.0065042972564697266,1.4328287086250504,3,3,0.0|1.0|1.0,0.0|1.0|1.0
20,0.05,200541,v6,v3,0.0,9,0.45,0.006500720977783203,,,0,0,0.0|0.5,0.0|0.5,2,2,True,True,False,0.00760197639465332,0.006500720977783203,1.1694051199295827,2,2,0.0|0.5,0.0|0.5
20,0.05,200542,v12,v5,0.0,3,0.15,0.005414485931396484,,,0,0,0.0|0.5,0.0|0.5,2,2,True,True,False,0.0075685977935791016,0.005414485931396484,1.3978423601937473,2,2,0.0|0.5,0.0|0.5
20,0.05,200543,v1,v20,0.0,5,0.25,0.006301403045654297,,,0,0,0.0|0.5,0.0|0.5,2,2,True,True,False,0.011144638061523438,0.006301403045654297,1.7685962920923193,3,3,0.0|0.5|0.5,0.0|0.5|0.5
20,0.05,200544,v9,v5,1.0,4,0.2,0.005995512008666992,,,0,0,0.0|1.0,0.0|1.0,2,2,True,True,False,0.01235342025756836,0.005995512008666992,2.0604445858352887,2,2,0.0|1.0,0.0|1.0
20,0.05,200545,v4,v17,0.0,6,0.3,0.006223201751708984,,,0,0,0.0|0.6667,0.0|0.6667,2,2,True,True,False,0.005810976028442383,0.006223201751708984,0.9337598651444334,2,2,0.0|0.6667,0.0|0.6667
20,0.05,200546,v9,v4,0.0,3,0.15,0.006087064743041992,,,0,0,0.0|0.6667,0.0|0.6667,2,2,True,True,False,0.008447647094726562,0.006087064743041992,1.3878030629430889,2,2,0.0|0.6667,0.0|0.6667
20,0.05,200547,v6,v12,0.0,5,0.25,0.0055654048919677734,,,0,0,0.0|0.5,0.0|0.5,2,2,True,True,False,0.015622138977050781,0.0055654048919677734,2.8070085250396266,2,2,0.0|0.5,0.0|0.5
20,0.05,200548,v12,v8,1.0,4,0.2,0.005224943161010742,,,0,0,0.0|1.0,0.0|1.0,2,2,True,True,False,0.005876779556274414,0.005224943161010742,1.1247547342003195,2,2,0.0|1.0,0.0|1.0
20,0.05,200549,v20,v12,0.0,4,0.2,0.006250143051147461,,,0,0,0.0|0.3333,0.0|0.3333,2,2,True,True,False,0.006743192672729492,0.006250143051147461,1.0788861338928095,3,3,0.0|0.3333|0.3333,0.0|0.3333|0.3333
20,0.1,201000,v8,v2,0.0,6,0.3,0.011827945709228516,,,0,0,0.0|0.5,0.0|0.5,2,2,True,True,False,0.010770320892333984,0.011827945709228516,0.9105825438419674,3,3,0.0|0.5|0.5,0.0|0.5|0.5
20,0.1,201001,v15,v7,0.0,3,0.15,0.005715131759643555,,,0,0,0.0|0.3333,0.0|0.3333,2,2,True,True,False,0.01236724853515625,0.005715131759643555,2.1639481039589503,2,2,0.0|0.3333,0.0|0.3333
20,0.1,201002,v6,v18,-7.401486830834378e-17,3,0.15,0.0061740875244140625,,,0,0,-0.0|0.3333,-0.0|0.3333,2,2,True,True,False,0.011402130126953125,0.0061740875244140625,1.846771702193389,2,2,-0.0|0.3333,-0.0|0.3333
20,0.1,201003,v18,v19,0.0,3,0.15,0.005671024322509766,,,0,0,0.0|0.5,0.0|0.5,2,2,True,True,False,0.009794950485229492,0.005671024322509766,1.7271924661565627,2,2,0.0|0.5,0.0|0.5
20,0.1,201004,v1,v20,0.0,3,0.15,0.0061185359954833984,,,0,0,0.0|0.5,0.0|0.5,2,2,True,True,False,0.008472204208374023,0.0061185359954833984,1.3846783306706152,2,2,0.0|0.5,0.0|0.5
20,0.1,201005,v19,v10,0.0,3,0.15,0.00554203987121582,,,0,0,0.0|0.5,0.0|0.5,2,2,True,True,False,0.006357431411743164,0.00554203987121582,1.1471284147128415,2,2,0.0|0.5,0.0|0.5
20,0.1,201006,v20,v1,0.0,5,0.25,0.005695819854736328,,,0,0,0.0|0.5,0.0|0.5,2,2,True,True,False,0.01075434684753418,0.005695819854736328,1.8881121808287986,2,2,0.0|0.5,0.0|0.5
20,0.1,201007,v19,v10,0.0,6,0.3,0.005705833435058594,,,0,0,0.0|0.5,0.0|0.5,2,2,True,True,False,0.008663177490234375,0.005705833435058594,1.5183018552565604,2,2,0.0|0.5,0.0|0.5
20,0.1,201008,v14,v10,0.0,3,0.15,0.007006168365478516,,,0,0,0.0|0.5,0.0|0.5,2,2,True,True,False,0.015691757202148438,0.007006168365478516,2.239705982440618,2,2,0.0|0.5,0.0|0.5
20,0.1,201009,v3,v19,0.0,9,0.45,0.007661342620849609,,,0,0,0.0|0.5,0.0|0.5,2,2,True,True,False,0.011314868927001953,0.007661342620849609,1.4768780730690234,2,2,0.0|0.5,0.0|0.5
20,0.1,201010,v13,v4,0.0,9,0.45,0.006877899169921875,,,0,0,0.0|0.5,0.0|0.5,2,2,True,True,False,0.009405136108398438,0.006877899169921875,1.367443150305047,2,2,0.0|0.5,0.0|0.5
20,0.1,201011,v14,v4,2.0,8,0.4,0.007166624069213867,,,0,0,1.0|2.0,1.0|2.0,2,2,True,True,False,0.010808229446411133,0.007166624069213867,1.5081340031271833,2,2,1.0|2.0,1.0|2.0
20,0.1,201012,v2,v17,2.0,8,0.4,0.007676124572753906,,,0,0,0.0|2.0,0.0|2.0,2,2,True,True,False,0.011161565780639648,0.007676124572753906,1.4540626164740962,5,5,0.0|2.0|2.0|2.0|2.0,0.0|2.0|2.0|2.0|2.0
20,0.1,201013,v18,v6,0.0,7,0.35,0.006228446960449219,,,0,0,0.0|0.5,0.0|0.5,2,2,True,True,False,0.012685298919677734,0.006228446960449219,2.0366712601439287,2,2,0.0|0.5,0.0|0.5
20,0.1,201014,v6,v13,1.0,4,0.2,0.005612373352050781,,,0,0,0.0|1.0,0.0|1.0,2,2,True,True,False,0.00820469856262207,0.005612373352050781,1.461894647408666,2,2,0.0|1.0,0.0|1.0
20,0.1,201015,v15,v16,1.0,9,0.45,0.00689697265625,,,0,0,0.0|1.0,0.0|1.0,2,2,True,True,False,0.008605718612670898,0.00689697265625,1.2477530420353982,2,2,0.0|1.0,0.0|1.0
20,0.1,201016,v19,v9,0.0,4,0.2,0.006181001663208008,,,0,0,0.0|0.5,0.0|0.5,2,2,True,True,False,0.008543729782104492,0.006181001663208008,1.3822565091610415,2,2,0.0|0.5,0.0|0.5
20,0.1,201017,v18,v6,0.0,4,0.2,0.00860142707824707,,,0,0,0.0|0.5,0.0|0.5,2,2,True,True,False,0.011123180389404297,0.00860142707824707,1.2931784793635834,2,2,0.0|0.5,0.0|0.5
20,0.1,201018,v16,v4,0.0,4,0.2,0.013042211532592773,,,0,0,0.0|0.5,0.0|0.5,2,2,True,True,False,0.013871192932128906,0.013042211532592773,1.0635614134508162,2,2,0.0|0.5,0.0|0.5
20,0.1,201019,v16,v18,0.0,4,0.2,0.006758213043212891,,,0,0,0.0|0.5,0.0|0.5,2,2,True,True,False,0.01315927505493164,0.006758213043212891,1.9471530374656036,2,2,0.0|0.5,0.0|0.5
20,0.1,201020,v3,v2,0.0,5,0.25,0.00722050666809082,,,0,0,0.0|0.5,0.0|0.5,2,2,True,True,False,0.010234594345092773,0.00722050666809082,1.4174343734522041,3,3,0.0|0.5|0.5,0.0|0.5|0.5
20,0.1,201021,v18,v3,0.0,3,0.15,0.0076067447662353516,,,0,0,0.0|0.3333,0.0|0.3333,2,2,True,True,False,0.01625370979309082,0.0076067447662353516,2.1367497257483152,2,2,0.0|0.3333,0.0|0.3333
20,0.1,201022,v7,v1,0.0,7,0.35,0.00911259651184082,,,0,0,0.0|0.5,0.0|0.5,2,2,True,True,False,0.012171268463134766,0.00911259651184082,1.335653174956176,2,2,0.0|0.5,0.0|0.5
20,0.1,201023,v19,v13,1.0,4,0.2,0.014111757278442383,,,0,0,0.0|1.0,0.0|1.0,2,2,True,True,False,0.01253056526184082,0.014111757278442383,0.8879521532717228,3,3,0.0|1.0|1.0,0.0|1.0|1.0
20,0.1,201024,v12,v20,2.0,11,0.55,0.010640382766723633,,,0,0,2.0|3.0,2.0|3.0,2,2,True,True,False,0.012267589569091797,0.010640382766723633,1.1529274686862803,2,2,2.0|3.0,2.0|3.0
20,0.1,201025,v9,v7,2.0,9,0.45,0.008499383926391602,,,0,0,1.0|2.0,1.0|2.0,2,2,True,True,False,0.013994455337524414,0.008499383926391602,1.6465258492524335,2,2,1.0|2.0,1.0|2.0
20,0.1,201026,v19,v3,0.0,7,0.35,0.008013725280761719,,,0,0,0.0|0.5,0.0|0.5,2,2,True,True,False,0.011473655700683594,0.008013725280761719,1.4317505652743068,5,5,0.0|0.0|0.0|0.5|0.5,0.0|0.0|0.0|0.5|0.5
20,0.1,201027,v15,v13,1.0,4,0.2,0.008124589920043945,,,0,0,0.0|1.0,0.0|1.0,2,2,True,True,False,0.010372400283813477,0.008124589920043945,1.2766675470258533,2,2,0.0|1.0,0.0|1.0
20,0.1,201028,v13,v6,0.0,6,0.3,0.007641792297363281,,,0,0,0.0|0.5,0.0|0.5,2,2,True,True,False,0.018416166305541992,0.007641792297363281,2.4099276176213653,2,2,0.0|0.5,0.0|0.5
20,0.1,201029,v15,v8,1.0,5,0.25,0.007516145706176758,,,0,0,0.0|1.0,0.0|1.0,2,2,True,True,False,0.012492895126342773,0.007516145706176758,1.6621411578112608,2,2,0.0|1.0,0.0|1.0
20,0.1,201030,v1,v19,0.0,9,0.45,0.007939577102661133,,,0,0,0.0|0.5,0.0|0.5,2,2,True,True,False,0.012603044509887695,0.007939577102661133,1.5873697486561964,2,2,0.0|0.5,0.0|0.5
20,0.1,201031,v5,v1,1.4802973661668753e-16,9,0.45,0.00993204116821289,,,0,0,0.0|1.0,0.0|1.0,2,2,True,True,False,0.016824007034301758,0.00993204116821289,1.6939123337654232,2,2,0.0|1.0,0.0|1.0
20,0.1,201032,v18,v3,0.0,4,0.2,0.00743865966796875,,,0,0,0.0|0.3333,0.0|0.3333,2,2,True,True,False,0.009343385696411133,0.00743865966796875,1.2560576923076923,4,4,0.0|0.0|0.3333|0.3333,0.0|0.0|0.3333|0.3333
20,0.1,201033,v17,v9,1.0,3,0.15,0.011800527572631836,,,0,0,0.0|1.0,0.0|1.0,2,2,True,True,False,0.012145280838012695,0.011800527572631836,1.0292150722295181,2,2,0.0|1.0,0.0|1.0
20,0.1,201034,v11,v7,0.0,5,0.25,0.006897926330566406,,,0,0,0.0|0.6667,0.0|0.6667,2,2,True,True,False,0.009939432144165039,0.006897926330566406,1.4409304576247752,3,3,0.0|0.6667|0.6667,0.0|0.6667|0.6667
20,0.1,201035,v11,v20,1.0,9,0.45,0.009368896484375,,,0,0,0.0|1.0,0.0|1.0,2,2,True,True,False,0.010498523712158203,0.009368896484375,1.1205720684039089,3,3,0.0|1.0|1.0,0.0|1.0|1.0
20,0.1,201036,v12,v3,0.0,5,0.25,0.005530834197998047,,,0,0,0.0|0.5,0.0|0.5,2,2,True,True,False,0.00935816764831543,0.005530834197998047,1.6919993102853694,2,2,0.0|0.5,0.0|0.5
20,0.1,201037,v10,v5,0.0,4,0.2,0.005872964859008789,,,0,0,0.0|0.6667,0.0|0.6667,2,2,True,True,False,0.009212732315063477,0.005872964859008789,1.5686680469289165,2,2,0.0|0.6667,0.0|0.6667
20,0.1,201038,v15,v3,0.0,3,0.15,0.0061492919921875,,,0,0,0.0|0.5,0.0|0.5,2,2,True,True,False,0.011770248413085938,0.0061492919921875,1.9140818858560793,2,2,0.0|0.5,0.0|0.5
20,0.1,201039,v8,v2,0.0,4,0.2,0.005947113037109375,,,0,0,0.0|0.3333,0.0|0.3333,2,2,True,True,False,0.007129192352294922,0.005947113037109375,1.1987652341244388,2,2,0.0|0.3333,0.0|0.3333
20,0.1,201040,v13,v16,2.0,11,0.55,0.00810384750366211,,,0,0,0.0|2.0,0.0|2.0,2,2,True,True,False,0.021718740463256836,0.00810384750366211,2.680052956751986,2,2,0.0|2.0,0.0|2.0
20,0.1,201041,v14,v10,1.0,12,0.6,0.020014286041259766,,,0,0,1.0|2.0,1.0|2.0,2,2,True,True,False,0.009151697158813477,0.020014286041259766,0.45725823743835325,2,2,1.0|2.0,1.0|2.0
20,0.1,201042,v17,v6,0.0,3,0.15,0.0052738189697265625,,,0,0,0.0|0.5,0.0|0.5,2,2,True,True,False,0.008191823959350586,0.0052738189697265625,1.5533001808318263,2,2,0.0|0.5,0.0|0.5
20,0.1,201043,v10,v4,0.0,6,0.3,0.004765748977661133,,,0,0,0.0|0.5,0.0|0.5,2,2,True,True,False,0.008461713790893555,0.004765748977661133,1.7755265395967783,3,3,0.0|0.5|0.5,0.0|0.5|0.5
20,0.1,201044,v15,v16,0.0,10,0.5,0.005631923675537109,,,0,0,0.0|1.5,0.0|1.5,2,2,True,True,False,0.009597301483154297,0.005631923675537109,1.7040894081788163,2,2,0.0|1.5,0.0|1.5
20,0.1,201045,v3,v19,1.4802973661668753e-16,7,0.35,0.004858493804931641,,,0,0,0.0|1.0,0.0|1.0,2,2,True,True,False,0.007699251174926758,0.004858493804931641,1.5846991853960153,2,2,0.0|1.0,0.0|1.0
20,0.1,201046,v8,v11,0.0,4,0.2,0.007860183715820312,,,0,0,0.0|0.25,0.0|0.25,2,2,True,True,False,0.00644230842590332,0.007860183715820312,0.8196129580198981,2,2,0.0|0.25,0.0|0.25
20,0.1,201047,v7,v13,0.0,7,0.35,0.0060803890228271484,,,0,0,0.0|0.5,0.0|0.5,2,2,True,True,False,0.006427288055419922,0.0060803890228271484,1.0570521115162923,2,2,0.0|0.5,0.0|0.5
20,0.1,201048,v17,v15,0.0,3,0.15,0.004218101501464844,,,0,0,0.0|0.3333,0.0|0.3333,2,2,True,True,False,0.006993770599365234,0.004218101501464844,1.658037531087497,2,2,0.0|0.3333,0.0|0.3333
20,0.1,201049,v9,v2,0.0,4,0.2,0.004563093185424805,,,0,0,0.0|0.6667,0.0|0.6667,2,2,True,True,False,0.009870529174804688,0.004563093185424805,2.1631224201891426,2,2,0.0|0.6667,0.0|0.6667
20,0.15,201501,v15,v10,0.0,8,0.4,0.005711078643798828,,,0,0,0.0|0.5,0.0|0.5,2,2,True,True,False,0.009016275405883789,0.005711078643798828,1.5787342406278702,2,2,0.0|0.5,0.0|0.5
20,0.15,201502,v2,v8,0.0,7,0.35,0.007484912872314453,,,0,0,0.0|0.5,0.0|0.5,2,2,True,True,False,0.011341094970703125,0.007484912872314453,1.5151939861119958,2,2,0.0|0.5,0.0|0.5
20,0.15,201503,v4,v17,1.4802973661668753e-16,8,0.4,0.005465269088745117,,,0,0,0.0|1.0,0.0|1.0,2,2,True,True,False,0.008814334869384766,0.005465269088745117,1.6127906469484796,2,2,0.0|1.0,0.0|1.0
20,0.15,201504,v11,v19,0.0,3,0.15,0.005737781524658203,,,0,0,0.0|0.4545,0.0|0.4545,2,2,True,True,False,0.014391183853149414,0.005737781524658203,2.5081442699243746,2,2,0.0|0.4545,0.0|0.4545
20,0.15,201505,v18,v5,0.0,5,0.25,0.006633281707763672,,,0,0,0.0|0.5,0.0|0.5,2,2,True,True,False,0.010401725769042969,0.006633281707763672,1.568111566386313,2,2,0.0|0.5,0.0|0.5
20,0.15,201506,v15,v2,0.0,4,0.2,0.005929708480834961,,,0,0,-0.0|0.5,-0.0|0.5,2,2,True,True,False,0.014964103698730469,0.005929708480834961,2.5235816814764185,4,4,-0.0|0.0|0.0|0.5,-0.0|0.0|0.0|0.5
20,0.15,201507,v11,v10,0.0,4,0.2,0.005635738372802734,,,0,0,0.0|0.5,0.0|0.5,2,2,True,True,False,0.010360240936279297,0.005635738372802734,1.8383111938404264,2,2,0.0|0.5,0.0|0.5
20,0.15,201509,v5,v3,1.0,9,0.45,0.013240575790405273,,,0,0,0.0|1.0,0.0|1.0,2,2,True,True,False,0.010439634323120117,0.013240575790405273,0.7884577293598631,2,2,0.0|1.0,0.0|1.0
20,0.15,201510,v1,v16,0.0,5,0.25,0.006340742111206055,,,0,0,0.0|0.5,0.0|0.5,2,2,True,True,False,0.012934684753417969,0.006340742111206055,2.0399323181049067,2,2,0.0|0.5,0.0|0.5
20,0.15,201511,v20,v13,0.0,4,0.2,0.011115550994873047,,,0,0,0.0|0.5,0.0|0.5,2,2,True,True,False,0.011843204498291016,0.011115550994873047,1.0654626571146668,2,2,0.0|0.5,0.0|0.5
20,0.15,201512,v17,v20,1.0,8,0.4,0.006208658218383789,,,0,0,0.0|1.0,0.0|1.0,2,2,True,True,False,0.010412931442260742,0.006208658218383789,1.6771629353711455,2,2,0.0|1.0,0.0|1.0
20,0.15,201513,v18,v3,0.0,9,0.45,0.008468151092529297,,,0,0,0.0|0.3333,0.0|0.3333,2,2,True,True,False,0.010534524917602539,0.008468151092529297,1.244017118080973,2,2,0.0|0.3333,0.0|0.3333
20,0.15,201514,v3,v6,0.0,4,0.2,0.0056285858154296875,,,0,0,0.0|0.5,0.0|0.5,2,2,True,True,False,0.011062383651733398,0.0056285858154296875,1.9653930870891223,2,2,0.0|0.5,0.0|0.5
20,0.15,201515,v9,v12,0.0,4,0.2,0.005944728851318359,,,0,0,0.0|0.5,0.0|0.5,2,2,True,True,False,0.011687994003295898,0.005944728851318359,1.9661105318039624,2,2,0.0|0.5,0.0|0.5
20,0.15,201516,v13,v1,6.106226635438372e-16,7,0.35,0.008661031723022461,,,0,0,0.0|0.5,0.0|0.5,2,2,True,True,False,0.011055469512939453,0.008661031723022461,1.276461034492251,2,2,0.0|0.5,0.0|0.5
20,0.15,201517,v6,v14,0.0,6,0.3,0.0067136287689208984,,,0,0,0.0|0.5,0.0|0.5,2,2,True,True,False,0.00733637809753418,0.0067136287689208984,1.0927589758159026,2,2,0.0|0.5,0.0|0.5
20,0.15,201518,v20,v11,0.0,6,0.3,0.005418539047241211,,,0,0,0.0|0.5,0.0|0.5,2,2,True,True,False,0.013672351837158203,0.005418539047241211,2.523254279051349,2,2,0.0|0.5,0.0|0.5
20,0.15,201519,v10,v12,1.0,4,0.2,0.00573277473449707,,,0,0,0.0|1.0,0.0|1.0,2,2,True,True,False,0.010568618774414062,0.00573277473449707,1.8435433562071117,2,2,0.0|1.0,0.0|1.0
20,0.15,201520,v6,v14,0.0,11,0.55,0.006989955902099609,,,0,0,0.0|0.6667,0.0|0.6667,2,2,True,True,False,0.010346651077270508,0.006989955902099609,1.4802169315778702,2,2,0.0|0.6667,0.0|0.6667
20,0.15,201521,v20,v19,1.0,6,0.3,0.0062220096588134766,,,0,0,0.0|1.0,0.0|1.0,2,2,True,True,False,0.013229608535766602,0.0062220096588134766,2.1262597233398477,3,3,0.0|1.0|1.0,0.0|1.0|1.0
20,0.15,201522,v14,v7,1.0,7,0.35,0.0068814754486083984,,,0,0,0.0|1.0,0.0|1.0,2,2,True,True,False,0.011058330535888672,0.0068814754486083984,1.6069708623497212,2,2,0.0|1.0,0.0|1.0
20,0.15,201523,v6,v10,1.0,4,0.2,0.0054891109466552734,,,0,0,0.0|1.0,0.0|1.0,2,2,True,True,False,0.010312318801879883,0.0054891109466552734,1.878686530860444,2,2,0.0|1.0,0.0|1.0
20,0.15,201524,v13,v4,0.0,7,0.35,0.008050918579101562,,,0,0,0.0|0.5,0.0|0.5,2,2,True,True,False,0.012585639953613281,0.008050918579101562,1.5632551528073917,2,2,0.0|0.5,0.0|0.5
20,0.15,201525,v12,v17,-1.4802973661668756e-16,8,0.4,0.0075473785400390625,,,0,0,-0.0|0.6667,-0.0|0.6667,2,2,True,True,False,0.011981010437011719,0.0075473785400390625,1.5874399797826637,3,3,-0.0|0.6667|0.6667,-0.0|0.6667|0.6667
20,0.15,201526,v9,v11,3.0,9,0.45,0.006997823715209961,,,0,0,1.0|2.0|3.0,1.0|2.0|3.0,3,3,True,True,False,0.007747650146484375,0.006997823715209961,1.1071513747402133,4,4,1.0|2.0|3.0|3.0,1.0|2.0|3.0|3.0
20,0.15,201527,v16,v2,0.0,4,0.2,0.005472421646118164,,,0,0,0.0|0.5,0.0|0.5,2,2,True,True,False,0.012496471405029297,0.005472421646118164,2.28353592123034,2,2,0.0|0.5,0.0|0.5
20,0.15,201528,v9,v2,0.0,8,0.4,0.006070137023925781,,,0,0,0.0|0.5,0.0|0.5,2,2,True,True,False,0.0066699981689453125,0.006070137023925781,1.0988216810683424,2,2,0.0|0.5,0.0|0.5
20,0.15,201529,v14,v5,0.9999999999999997,6,0.3,0.00907588005065918,,,0,0,1.0|1.3333|2.3333,1.0|1.3333|2.3333,3,3,True,True,False,0.009885549545288086,0.00907588005065918,1.0892111277484435,3,3,1.0|1.3333|2.3333,1.0|1.3333|2.3333
20,0.15,201530,v16,v18,0.0,6,0.3,0.007021427154541016,,,0,0,0.0|0.5,0.0|0.5,2,2,True,True,False,0.009784698486328125,0.007021427154541016,1.3935483870967742,6,6,0.0|0.0|0.0|0.0|0.5|0.5,0.0|0.0|0.0|0.0|0.5|0.5
20,0.15,201531,v1,v17,3.0,12,0.6,0.017455577850341797,,,0,0,0.0|3.0,0.0|3.0,2,2,True,True,False,0.012614965438842773,0.017455577850341797,0.7226896495205835,3,3,0.0|3.0|3.0,0.0|3.0|3.0
20,0.15,201532,v12,v14,1.4802973661668753e-16,9,0.45,0.0073549747467041016,,,0,0,0.0|1.0,0.0|1.0,2,2,True,True,False,0.012306928634643555,0.0073549747467041016,1.673279522837045,2,2,0.0|1.0,0.0|1.0
20,0.15,201533,v9,v13,3.0,13,0.65,0.013346433639526367,,,0,0,0.0|3.0,0.0|3.0,2,2,True,True,False,0.008090734481811523,0.013346433639526367,0.6062094714089212,3,3,0.0|3.0|3.0,0.0|3.0|3.0
20,0.15,201534,v20,v2,1.0,11,0.55,0.009282350540161133,,,0,0,0.0|1.0,0.0|1.0,2,2,True,True,False,0.010874509811401367,0.009282350540161133,1.1715254411424756,4,4,0.0|1.0|1.0|1.0,0.0|1.0|1.0|1.0
20,0.15,201535,v1,v16,1.0,9,0.45,0.006806850433349609,,,0,0,0.5|1.0|1.5,0.5|1.0|1.5,3,3,True,True,False,0.008034944534301758,0.006806850433349609,1.1804203152364274,3,3,0.5|1.0|1.5,0.5|1.0|1.5
20,0.15,201536,v19,v14,0.0,5,0.25,0.006322383880615234,,,0,0,0.0|0.3333,0.0|0.3333,2,2,True,True,False,0.010613679885864258,0.006322383880615234,1.6787465118033034,2,2,0.0|0.3333,0.0|0.3333
20,0.15,201537,v13,v18,0.0,6,0.3,0.006395578384399414,,,0,0,0.0|0.3333,0.0|0.3333,2,2,True,True,False,0.007833003997802734,0.006395578384399414,1.2247530288909598,2,2,0.0|0.3333,0.0|0.3333
20,0.15,201538,v15,v19,1.0,7,0.35,0.008414506912231445,,,0,0,0.0|1.0,0.0|1.0,2,2,True,True,False,0.020598411560058594,0.008414506912231445,2.447964185532542,2,2,0.0|1.0,0.0|1.0
20,0.15,201539,v5,v9,1.0,5,0.25,0.006247282028198242,,,0,0,0.0|1.0,0.0|1.0,2,2,True,True,False,0.010184526443481445,0.006247282028198242,1.6302331794069382,2,2,0.0|1.0,0.0|1.0
20,0.15,201540,v5,v12,1.0,3,0.15,0.005858659744262695,,,0,0,0.0|1.0,0.0|1.0,2,2,True,True,False,0.01753067970275879,0.005858659744262695,2.9922679363529077,2,2,0.0|1.0,0.0|1.0
20,0.15,201541,v11,v9,1.4802973661668753e-16,5,0.25,0.006188869476318359,,,0,0,0.0|0.5,0.0|0.5,2,2,True,True,False,0.010517597198486328,0.006188869476318359,1.6994375529701826,4,4,0.0|0.0|0.5|0.5,0.0|0.0|0.5|0.5
20,0.15,201542,v2,v17,-1.665334536937735e-16,6,0.3,0.006516695022583008,,,0,0,-0.0|0.5,-0.0|0.5,2,2,True,True,False,0.0165402889251709,0.006516695022583008,2.538140709033037,2,2,-0.0|0.5,-0.0|0.5
20,0.15,201543,v8,v1,1.0,11,0.55,0.010689020156860352,,,0,0,0.0|1.0,0.0|1.0,2,2,True,True,False,0.013517141342163086,0.010689020156860352,1.264581892802177,3,3,0.0|1.0|1.0,0.0|1.0|1.0
20,0.15,201544,v1,v6,0.0,6,0.3,0.007016420364379883,,,0,0,0.0|1.5,0.0|1.5,2,2,True,True,False,0.01827216148376465,0.007016420364379883,2.6041999388358423,2,2,0.0|1.5,0.0|1.5
20,0.15,201545,v8,v9,0.0,5,0.25,0.006087064743041992,,,0,0,0.0|0.3333,0.0|0.3333,2,2,True,True,False,0.012790918350219727,0.006087064743041992,2.101327797579413,2,2,0.0|0.3333,0.0|0.3333
20,0.15,201546,v17,v1,0.0,9,0.45,0.007930278778076172,,,0,0,0.0|0.5,0.0|0.5,2,2,True,True,False,0.014159202575683594,0.007930278778076172,1.785460886296675,2,2,0.0|0.5,0.0|0.5
20,0.15,201547,v12,v19,1.0,7,0.35,0.0064334869384765625,,,0,0,0.0|1.0,0.0|1.0,2,2,True,True,False,0.011558771133422852,0.0064334869384765625,1.7966572783871924,2,2,0.0|1.0,0.0|1.0
20,0.15,201548,v13,v19,0.0,6,0.3,0.010625362396240234,,,0,0,0.0|0.5,0.0|0.5,2,2,True,True,False,0.00891733169555664,0.010625362396240234,0.8392496522012296,2,2,0.0|0.5,0.0|0.5
20,0.15,201549,v11,v1,0.0,11,0.55,0.010633230209350586,,,0,0,0.0|1.5,0.0|1.5,2,2,True,True,False,0.014205694198608398,0.010633230209350586,1.3359716585573667,2,2,0.0|1.5,0.0|1.5
40,0.05,400500,v25,v10,1.0,8,0.2,0.008010149002075195,,,0,0,0.0|1.0,0.0|1.0,2,2,True,True,False,0.019479990005493164,0.008010149002075195,2.4319135637110456,2,2,0.0|1.0,0.0|1.0
40,0.05,400501,v21,v2,1.0,5,0.125,0.006845712661743164,,,0,0,0.0|1.0,0.0|1.0,2,2,True,True,False,0.030770063400268555,0.006845712661743164,4.494793299202452,3,3,0.0|1.0|1.0,0.0|1.0|1.0
40,0.05,400502,v2,v1,0.0,6,0.15,0.005186796188354492,,,0,0,0.0|0.5,0.0|0.5,2,2,True,True,False,0.024954557418823242,0.005186796188354492,4.811169846012411,2,2,0.0|0.5,0.0|0.5
40,0.05,400503,v32,v13,0.0,6,0.15,0.0056650638580322266,,,0,0,0.0|0.5,0.0|0.5,2,2,True,True,False,0.024988174438476562,0.0056650638580322266,4.410925466099911,2,2,0.0|0.5,0.0|0.5
40,0.05,400504,v39,v20,0.0,3,0.075,0.0051152706146240234,,,0,0,0.0|0.5,0.0|0.5,2,2,True,True,False,0.025418758392333984,0.0051152706146240234,4.969191330692146,2,2,0.0|0.5,0.0|0.5
40,0.05,400505,v1,v36,0.0,3,0.075,0.006136417388916016,,,0,0,0.0|0.5,0.0|0.5,2,2,True,True,False,0.02088141441345215,0.006136417388916016,3.4028673556608906,2,2,0.0|0.5,0.0|0.5
40,0.05,400506,v6,v10,1.0,4,0.1,0.005049228668212891,,,0,0,0.0|1.0,0.0|1.0,2,2,True,True,False,0.016033172607421875,0.005049228668212891,3.1753706676740014,2,2,0.0|1.0,0.0|1.0
40,0.05,400507,v21,v40,1.0,9,0.225,0.006617307662963867,,,0,0,0.0|1.0,0.0|1.0,2,2,True,True,False,0.014400959014892578,0.006617307662963867,2.176256530354891,4,4,0.0|1.0|1.0|1.0,0.0|1.0|1.0|1.0
40,0.05,400508,v28,v29,1.0,5,0.125,0.006681680679321289,,,0,0,0.0|1.0,0.0|1.0,2,2,True,True,False,0.02256155014038086,0.006681680679321289,3.376628010704728,2,2,0.0|1.0,0.0|1.0
40,0.05,400509,v6,v2,0.0,7,0.175,0.007050514221191406,,,0,0,0.0|0.5,0.0|0.5,2,2,True,True,False,0.03088998794555664,0.007050514221191406,4.381239009874205,2,2,0.0|0.5,0.0|0.5
40,0.05,400510,v31,v14,0.0,3,0.075,0.0054438114166259766,,,0,0,0.0|0.5,0.0|0.5,2,2,True,True,False,0.025246620178222656,0.0054438114166259766,4.6376735426794555,2,2,0.0|0.5,0.0|0.5
40,0.05,400511,v31,v3,0.0,10,0.25,0.015064239501953125,,,0,0,0.0|0.5,0.0|0.5,2,2,True,True,False,0.019995927810668945,0.015064239501953125,1.3273771840972397,2,2,0.0|0.5,0.0|0.5
40,0.05,400512,v13,v34,0.0,6,0.15,0.005666494369506836,,,0,0,0.0|0.5,0.0|0.5,2,2,True,True,False,0.014525651931762695,0.005666494369506836,2.563428282913283,2,2,0.0|0.5,0.0|0.5
40,0.05,400513,v22,v16,6.344131569286608e-17,3,0.075,0.007159233093261719,,,0,0,0.0|0.2857,0.0|0.2857,2,2,True,True,False,0.018767833709716797,0.007159233093261719,2.6214866124950045,2,2,0.0|0.2857,0.0|0.2857
40,0.05,400514,v38,v25,0.0,9,0.225,0.007270336151123047,,,0,0,0.0|0.5,0.0|0.5,2,2,True,True,False,0.024848222732543945,0.007270336151123047,3.4177543123237357,2,2,0.0|0.5,0.0|0.5
40,0.05,400515,v13,v27,0.0,5,0.125,0.005350589752197266,,,0,0,0.0|0.5,0.0|0.5,2,2,True,True,False,0.01737356185913086,0.005350589752197266,3.247036805988771,4,4,0.0|0.5|0.5|0.5,0.0|0.5|0.5|0.5
40,0.05,400516,v20,v25,0.0,10,0.25,0.008275985717773438,,,0,0,0.0|0.6667,0.0|0.6667,2,2,True,True,False,0.026240825653076172,0.008275985717773438,3.170719059691173,3,3,0.0|0.6667|0.6667,0.0|0.6667|0.6667
40,0.05,400517,v30,v3,1.0,9,0.225,0.00944375991821289,,,0,0,0.0|1.0,0.0|1.0,2,2,True,True,False,0.027749300003051758,0.00944375991821289,2.938374147942439,2,2,0.0|1.0,0.0|1.0
40,0.05,400518,v12,v25,1.0,7,0.175,0.0057830810546875,,,0,0,0.0|1.0,0.0|1.0,2,2,True,True,False,0.023874521255493164,0.0057830810546875,4.12833937994723,2,2,0.0|1.0,0.0|1.0
40,0.05,400519,v27,v7,0.0,6,0.15,0.0052912235260009766,,,0,0,0.0|0.3333,0.0|0.3333,2,2,True,True,False,0.016582965850830078,0.0052912235260009766,3.1340512774298204,2,2,0.0|0.3333,0.0|0.3333
40,0.05,400520,v33,v21,0.0,7,0.175,0.0072023868560791016,,,0,0,0.0|0.5,0.0|0.5,2,2,True,True,False,0.02698373794555664,0.0072023868560791016,3.746499387599722,2,2,0.0|0.5,0.0|0.5
40,0.05,400521,v18,v9,0.0,9,0.225,0.006157636642456055,,,0,0,0.0|0.5,0.0|0.5,2,2,True,True,False,0.015853166580200195,0.006157636642456055,2.574553761567352,2,2,0.0|0.5,0.0|0.5
40,0.05,400522,v17,v37,0.0,5,0.125,0.007187366485595703,,,0,0,0.0|0.5,0.0|0.5,2,2,True,True,False,0.019904136657714844,0.007187366485595703,2.769322629867976,4,4,0.0|0.0|0.5|0.5,0.0|0.0|0.5|0.5
40,0.05,400523,v9,v34,1.0,7,0.175,0.007665872573852539,,,0,0,1.0|1.5,1.0|1.5,2,2,True,True,False,0.02492046356201172,0.007665872573852539,3.2508319596927193,5,5,1.0|1.0|1.0|1.5|1.5,1.0|1.0|1.0|1.5|1.5
40,0.05,400524,v5,v19,0.0,5,0.125,0.005526542663574219,,,0,0,0.0|0.5,0.0|0.5,2,2,True,True,False,0.02856588363647461,0.005526542663574219,5.168852459016393,2,2,0.0|0.5,0.0|0.5
40,0.05,400525,v15,v17,2.0,15,0.375,0.011794567108154297,,,0,0,0.0|2.0,0.0|2.0,2,2,True,True,False,0.027228832244873047,0.011794567108154297,2.308591065292096,2,2,0.0|2.0,0.0|2.0
40,0.05,400526,v32,v23,1.0,14,0.35,0.0068204402923583984,,,0,0,0.0|1.0,0.0|1.0,2,2,True,True,False,0.02911090850830078,0.0068204402923583984,4.268186108295173,3,3,0.0|1.0|1.0,0.0|1.0|1.0
40,0.05,400527,v37,v19,0.0,8,0.2,0.0059320926666259766,,,0,0,0.0|0.5,0.0|0.5,2,2,True,True,False,0.018660306930541992,0.0059320926666259766,3.1456533097544312,2,2,0.0|0.5,0.0|0.5
40,0.05,400528,v2,v12,0.0,4,0.1,0.005652904510498047,,,0,0,0.0|0.6667,0.0|0.6667,2,2,True,True,False,0.019440174102783203,0.005652904510498047,3.4389708983551244,2,2,0.0|0.6667,0.0|0.6667
40,0.05,400529,v40,v35,0.0,5,0.125,0.005189657211303711,,,0,0,0.0|0.6667,0.0|0.6667,2,2,True,True,False,0.01535940170288086,0.005189657211303711,2.959617770018836,2,2,0.0|0.6667,0.0|0.6667
40,0.05,400530,v22,v25,0.0,3,0.075,0.005154132843017578,,,0,0,0.0|0.6667,0.0|0.6667,2,2,True,True,False,0.026589393615722656,0.005154132843017578,5.1588491072254605,2,2,0.0|0.6667,0.0|0.6667
40,0.05,400531,v36,v26,1.0,10,0.25,0.007381439208984375,,,0,0,0.0|1.0,0.0|1.0,2,2,True,True,False,0.023427248001098633,0.007381439208984375,3.1738049095607237,2,2,0.0|1.0,0.0|1.0
40,0.05,400532,v2,v24,0.0,3,0.075,0.004927396774291992,,,0,0,0.0|0.5,0.0|0.5,2,2,True,True,False,0.024451732635498047,0.004927396774291992,4.962403832196255,2,2,0.0|0.5,0.0|0.5
40,0.05,400533,v27,v1,0.0,3,0.075,0.007050752639770508,,,0,0,0.0|0.5,0.0|0.5,2,2,True,True,False,0.028302907943725586,0.007050752639770508,4.0141683292192205,2,2,0.0|0.5,0.0|0.5
40,0.05,400534,v29,v11,0.0,8,0.2,0.01491689682006836,,,0,0,0.0|0.5,0.0|0.5,2,2,True,True,False,0.022930383682250977,0.01491689682006836,1.5372087076047694,3,3,0.0|0.5|0.5,0.0|0.5|0.5
40,0.05,400535,v40,v13,0.0,9,0.225,0.005629062652587891,,,0,0,0.0|1.0,0.0|1.0,2,2,True,True,False,0.01703619956970215,0.005629062652587891,3.026471833968657,2,2,0.0|1.0,0.0|1.0
40,0.05,400536,v3,v19,1.0,3,0.075,0.006153583526611328,,,0,0,0.0|1.0,0.0|1.0,2,2,True,True,False,0.019010305404663086,0.006153583526611328,3.0893064703603255,2,2,0.0|1.0,0.0|1.0
40,0.05,400537,v33,v27,0.0,6,0.15,0.006780862808227539,,,0,0,0.0|0.5,0.0|0.5,2,2,True,True,False,0.02607893943786621,0.006780862808227539,3.8459618156886184,2,2,0.0|0.5,0.0|0.5
40,0.05,400538,v5,v25,0.0,10,0.25,0.010437965393066406,,,0,0,0.0|0.5,0.0|0.5,2,2,True,True,False,0.02638530731201172,0.010437965393066406,2.5278209227957973,2,2,0.0|0.5,0.0|0.5
40,0.05,400539,v12,v28,1.0,4,0.1,0.006798982620239258,,,0,0,0.0|1.0,0.0|1.0,2,2,True,True,False,0.024122238159179688,0.006798982620239258,3.5479187852859697,2,2,0.0|1.0,0.0|1.0
40,0.05,400540,v26,v23,0.0,10,0.25,0.007727861404418945,,,0,0,0.0|0.3333,0.0|0.3333,2,2,True,True,False,0.023052453994750977,0.007727861404418945,2.983031499706908,2,2,0.0|0.3333,0.0|0.3333
40,0.05,400541,v26,v19,1.0,5,0.125,0.007290840148925781,,,0,0,0.0|1.0,0.0|1.0,2,2,True,True,False,0.029027223587036133,0.007290840148925781,3.981327665140615,3,3,0.0|1.0|1.0,0.0|1.0|1.0
40,0.05,400542,v6,v39,1.0,8,0.2,0.008077383041381836,,,0,0,0.0|1.0,0.0|1.0,2,2,True,True,False,0.03841280937194824,0.008077383041381836,4.755600814663951,2,2,0.0|1.0,0.0|1.0
40,0.05,400543,v7,v27,0.0,5,0.125,0.0067369937896728516,,,0,0,0.0|0.3333,0.0|0.3333,2,2,True,True,False,0.03251838684082031,0.0067369937896728516,4.826839367236437,2,2,0.0|0.3333,0.0|0.3333
40,0.05,400544,v38,v14,1.0,9,0.225,0.006989002227783203,,,0,0,0.0|1.0,0.0|1.0,2,2,True,True,False,0.027823686599731445,0.006989002227783203,3.981067066930477,2,2,0.0|1.0,0.0|1.0
40,0.05,400545,v37,v4,0.0,14,0.35,0.009123563766479492,,,0,0,0.0|0.5,0.0|0.5,2,2,True,True,False,0.029773235321044922,0.009123563766479492,3.2633339430841195,2,2,0.0|0.5,0.0|0.5
40,0.05,400546,v21,v27,0.0,10,0.25,0.01631331443786621,,,0,0,0.0|1.0,0.0|1.0,2,2,True,True,False,0.023144960403442383,0.01631331443786621,1.4187773117226663,4,4,0.0|0.0|0.0|1.0,0.0|0.0|0.0|1.0
40,0.05,400547,v24,v32,1.0,9,0.225,0.008692264556884766,,,0,0,0.0|1.0,0.0|1.0,2,2,True,True,False,0.02406620979309082,0.008692264556884766,2.768692742333644,2,2,0.0|1.0,0.0|1.0
40,0.05,400548,v31,v8,1.0,10,0.25,0.0075228214263916016,,,0,0,0.0|1.0,0.0|1.0,2,2,True,True,False,0.021448373794555664,0.0075228214263916016,2.8511076601274046,3,3,0.0|1.0|1.0,0.0|1.0|1.0
40,0.05,400549,v35,v12,1.0,7,0.175,0.007988929748535156,,,0,0,0.0|1.0,0.0|1.0,2,2,True,True,False,0.01965188980102539,0.007988929748535156,2.4598901754804823,2,2,0.0|1.0,0.0|1.0
40,0.1,401000,v3,v30,1.0,8,0.2,0.00901651382446289,,,0,0,0.0|1.0,0.0|1.0,2,2,True,True,False,0.042777299880981445,0.00901651382446289,4.744328097731239,3,3,0.0|1.0|1.0,0.0|1.0|1.0
40,0.1,401001,v37,v15,-1.1102230246251565e-16,8,0.2,0.008289575576782227,,,0,0,-0.0|0.3333,-0.0|0.3333,2,2,True,True,False,0.04100155830383301,0.008289575576782227,4.9461589346831945,2,2,-0.0|0.3333,-0.0|0.3333
40,0.1,401002,v39,v2,0.0,7,0.175,0.008189678192138672,,,0,0,0.0|0.3333,0.0|0.3333,2,2,True,True,False,0.04306769371032715,0.008189678192138672,5.258777292576419,2,2,0.0|0.3333,0.0|0.3333
40,0.1,401003,v40,v31,0.0,14,0.35,0.013796806335449219,,,0,0,0.0|1.3333,0.0|1.3333,2,2,True,True,False,0.037659645080566406,0.013796806335449219,2.7295914840671873,4,4,0.0|0.0|1.3333|1.3333,0.0|0.0|1.3333|1.3333
40,0.1,401004,v16,v22,0.0,11,0.275,0.008594274520874023,,,0,0,0.0|2.6667,0.0|2.6667,2,2,True,True,False,0.03502988815307617,0.008594274520874023,4.075956390268261,2,2,0.0|2.6667,0.0|2.6667
40,0.1,401005,v25,v22,0.0,4,0.1,0.007450103759765625,,,0,0,0.0|0.5,0.0|0.5,2,2,True,True,False,0.024704456329345703,0.007450103759765625,3.3159882232462876,2,2,0.0|0.5,0.0|0.5
40,0.1,401006,v38,v12,0.0,16,0.4,0.016071557998657227,,,0,0,0.0|1.0,0.0|1.0,2,2,True,True,False,0.04479360580444336,0.016071557998657227,2.787135249002359,4,4,0.0|0.0|0.0|1.0,0.0|0.0|0.0|1.0
40,0.1,401007,v32,v1,0.0,15,0.375,0.011677980422973633,,,0,0,0.0|0.5,0.0|0.5,2,2,True,True,False,0.0271604061126709,0.011677980422973633,2.3257793838427143,2,2,0.0|0.5,0.0|0.5
40,0.1,401008,v4,v24,3.0,12,0.3,0.010235309600830078,,,0,0,2.0|3.0|4.0,2.0|3.0|4.0,3,3,True,True,False,0.03783869743347168,0.010235309600830078,3.696878639645935,3,3,2.0|3.0|4.0,2.0|3.0|4.0
40,0.1,401009,v15,v24,0.0,8,0.2,0.008312225341796875,,,0,0,0.0|1.0,0.0|1.0,2,2,True,True,False,0.02577662467956543,0.008312225341796875,3.101049793483249,2,2,0.0|1.0,0.0|1.0
40,0.1,401010,v7,v13,0.0,7,0.175,0.008115530014038086,,,0,0,0.0|0.5,0.0|0.5,2,2,True,True,False,0.0364384651184082,0.008115530014038086,4.489967390346368,4,4,0.0|0.5|0.5|0.5,0.0|0.5|0.5|0.5
40,0.1,401011,v6,v23,0.0,3,0.075,0.00749969482421875,,,0,0,0.0|0.3333,0.0|0.3333,2,2,True,True,False,0.03479576110839844,0.00749969482421875,4.639623601220753,2,2,0.0|0.3333,0.0|0.3333
40,0.1,401012,v36,v35,0.9999999999999999,18,0.45,0.015546321868896484,,,0,0,1.0|1.6667,1.0|1.6667,2,2,True,True,False,0.038861751556396484,0.015546321868896484,2.4997392877956015,2,2,1.0|1.6667,1.0|1.6667
40,0.1,401013,v27,v34,2.0000000000000013,8,0.2,0.009816408157348633,,,0,0,1.0|2.0,1.0|2.0,2,2,True,True,False,0.0402982234954834,0.009816408157348633,4.105190294610546,4,4,1.0|1.0|1.0|2.0,1.0|1.0|1.0|2.0
40,0.1,401014,v34,v5,4.0,21,0.525,0.02285623550415039,,,0,0,2.0|3.0|4.0,2.0|3.0|4.0,3,3,True,True,False,0.0397953987121582,0.02285623550415039,1.7411178102768448,4,4,2.0|3.0|4.0|4.0,2.0|3.0|4.0|4.0
40,0.1,401015,v27,v7,1.0,8,0.2,0.007972240447998047,,,0,0,0.0|1.0,0.0|1.0,2,2,True,True,False,0.03849935531616211,0.007972240447998047,4.829176386147497,3,3,0.0|1.0|1.0,0.0|1.0|1.0
40,0.1,401016,v25,v24,1.0,14,0.35,0.0129547119140625,,,0,0,1.0|3.3333,1.0|3.3333,2,2,True,True,False,0.04312562942504883,0.0129547119140625,3.328953180212014,2,2,1.0|3.3333,1.0|3.3333
40,0.1,401017,v30,v12,1.0,7,0.175,0.008702516555786133,,,0,0,1.0|2.0,1.0|2.0,2,2,True,True,False,0.038195133209228516,0.008702516555786133,4.3889756445028905,2,2,1.0|2.0,1.0|2.0
40,0.1,401018,v22,v7,2.0,12,0.3,0.011575460433959961,,,0,0,1.0|2.0,1.0|2.0,2,2,True,True,False,0.027005910873413086,0.011575460433959961,2.3330312454944284,3,3,1.0|2.0|2.0,1.0|2.0|2.0
40,0.1,401019,v17,v6,1.0,6,0.15,0.008533954620361328,,,0,0,0.5|1.0|1.5,0.5|1.0|1.5,3,3,True,True,False,0.042844533920288086,0.008533954620361328,5.020478292451249,3,3,0.5|1.0|1.5,0.5|1.0|1.5
40,0.1,401020,v1,v8,0.0,7,0.175,0.007348537445068359,,,0,0,0.0|0.3333,0.0|0.3333,2,2,True,True,False,0.03967022895812988,0.007348537445068359,5.398384270975278,2,2,0.0|0.3333,0.0|0.3333
40,0.1,401021,v31,v32,0.0,8,0.2,0.007988214492797852,,,0,0,0.0|0.5,0.0|0.5,2,2,True,True,False,0.04700183868408203,0.007988214492797852,5.883897925682734,2,2,0.0|0.5,0.0|0.5
40,0.1,401022,v2,v35,0.9999999999999998,12,0.3,0.011444568634033203,,,0,0,1.0|1.5,1.0|1.5,2,2,True,True,False,0.03068995475769043,0.011444568634033203,2.681617432606975,3,3,1.0|1.5|1.5,1.0|1.5|1.5
40,0.1,401023,v9,v24,0.0,6,0.15,0.012364387512207031,,,0,0,0.0|0.3333,0.0|0.3333,2,2,True,True,False,0.023124217987060547,0.012364387512207031,1.8702275356729656,2,2,0.0|0.3333,0.0|0.3333
40,0.1,401024,v26,v9,0.0,20,0.5,0.018743515014648438,,,0,0,0.0|5.6667,0.0|5.6667,2,2,True,True,False,0.04441952705383301,0.018743515014648438,2.3698610969777145,3,3,0.0|5.6667|5.6667,0.0|5.6667|5.6667
40,0.1,401025,v21,v7,0.0,4,0.1,0.007489919662475586,,,0,0,0.0|0.6667,0.0|0.6667,2,2,True,True,False,0.05111432075500488,0.007489919662475586,6.824415088333598,2,2,0.0|0.6667,0.0|0.6667
40,0.1,401026,v7,v6,1.0,13,0.325,0.012392282485961914,,,0,0,0.0|1.0,0.0|1.0,2,2,True,True,False,0.04467606544494629,0.012392282485961914,3.605152278892587,2,2,0.0|1.0,0.0|1.0
40,0.1,401027,v28,v32,0.0,4,0.1,0.006867647171020508,,,0,0,0.0|0.5,0.0|0.5,2,2,True,True,False,0.03881025314331055,0.006867647171020508,5.651171671584795,2,2,0.0|0.5,0.0|0.5
40,0.1,401028,v37,v22,0.0,15,0.375,0.01251673698425293,,,0,0,0.0|1.5,0.0|1.5,2,2,True,True,False,0.031638145446777344,0.01251673698425293,2.5276671936608315,3,3,0.0|1.5|1.5,0.0|1.5|1.5
40,0.1,401029,v12,v11,0.0,11,0.275,0.011237382888793945,,,0,0,0.0|1.0,0.0|1.0,2,2,True,True,False,0.04216408729553223,0.011237382888793945,3.7521269598794897,2,2,0.0|1.0,0.0|1.0
40,0.1,401030,v33,v30,2.0,21,0.525,0.02335047721862793,,,0,0,1.0|2.0,1.0|2.0,2,2,True,True,False,0.04381132125854492,0.02335047721862793,1.876249502241191,4,4,1.0|2.0|2.0|2.0,1.0|2.0|2.0|2.0
40,0.1,401031,v23,v31,3.0,22,0.55,0.0910186767578125,,,0,0,0.0|3.0,0.0|3.0,2,2,True,True,False,0.028258085250854492,0.0910186767578125,0.3104646898575021,2,2,0.0|3.0,0.0|3.0
40,0.1,401032,v24,v17,0.0,7,0.175,0.007064342498779297,,,0,0,0.0|1.0,0.0|1.0,2,2,True,True,False,0.03287363052368164,0.007064342498779297,4.653459331758353,2,2,0.0|1.0,0.0|1.0
40,0.1,401033,v35,v18,0.0,5,0.125,0.007167816162109375,,,0,0,0.0|0.3333,0.0|0.3333,2,2,True,True,False,0.026607275009155273,0.007167816162109375,3.7120476317189994,2,2,0.0|0.3333,0.0|0.3333
40,0.1,401034,v4,v17,0.0,8,0.2,0.007250785827636719,,,0,0,0.0|0.5,0.0|0.5,2,2,True,True,False,0.03012681007385254,0.007250785827636719,4.154971721688807,2,2,0.0|0.5,0.0|0.5
40,0.1,401035,v19,v14,0.0,7,0.175,0.007792949676513672,,,0,0,0.0|0.6667,0.0|0.6667,2,2,True,True,False,0.04256629943847656,0.007792949676513672,5.4621550510922106,2,2,0.0|0.6667,0.0|0.6667
40,0.1,401036,v36,v21,0.0,9,0.225,0.009519100189208984,,,0,0,0.0|0.5,0.0|0.5,2,2,True,True,False,0.04249691963195801,0.009519100189208984,4.464384110604619,5,5,0.0|0.0|0.5|0.5|0.5,0.0|0.0|0.5|0.5|0.5
40,0.1,401037,v24,v12,0.0,5,0.125,0.007104158401489258,,,0,0,0.0|0.5,0.0|0.5,2,2,True,True,False,0.029965639114379883,0.007104158401489258,4.218042084773635,2,2,0.0|0.5,0.0|0.5
40,0.1,401038,v31,v8,2.0000000000000018,13,0.325,0.012935876846313477,,,0,0,0.0|2.0,0.0|2.0,2,2,True,True,False,0.03670692443847656,0.012935876846313477,2.837606207493964,2,2,0.0|2.0,0.0|2.0
40,0.1,401039,v40,v21,0.0,15,0.375,0.010152578353881836,,,0,0,0.0|0.5,0.0|0.5,2,2,True,True,False,0.027724742889404297,0.010152578353881836,2.7308080689477023,3,3,0.0|0.5|0.5,0.0|0.5|0.5
40,0.1,401040,v38,v20,0.9999999999999993,20,0.5,0.013706207275390625,,,0,0,1.0|1.5|2.1429|2.6429,1.0|1.5|2.1429|2.6429,4,4,True,True,False,0.034653425216674805,0.013706207275390625,2.52830155858614,4,4,1.0|1.5|2.1429|2.6429,1.0|1.5|2.1429|2.6429
40,0.1,401041,v24,v35,1.9999999999999998,9,0.225,0.00952601432800293,,,0,0,1.0|2.0,1.0|2.0,2,2,True,True,False,0.03957939147949219,0.00952601432800293,4.154874233512702,5,5,1.0|1.0|2.0|2.0|2.0,1.0|1.0|2.0|2.0|2.0
40,0.1,401042,v6,v11,0.0,13,0.325,0.013609647750854492,,,0,0,0.0|0.5,0.0|0.5,2,2,True,True,False,0.032639265060424805,0.013609647750854492,2.3982446612826935,2,2,0.0|0.5,0.0|0.5
40,0.1,401043,v26,v38,1.0,4,0.1,0.00745391845703125,,,0,0,0.0|1.0,0.0|1.0,2,2,True,True,False,0.033600568771362305,0.00745391845703125,4.507772517911976,3,3,0.0|1.0|1.0,0.0|1.0|1.0
40,0.1,401044,v8,v5,3.0000000000000004,11,0.275,0.010994672775268555,,,0,0,2.0|3.0,2.0|3.0,2,2,True,True,False,0.03746175765991211,0.010994672775268555,3.4072644475767104,2,2,2.0|3.0,2.0|3.0
40,0.1,401045,v37,v34,4.0,11,0.275,0.008791923522949219,,,0,0,1.0|4.0,1.0|4.0,2,2,True,True,False,0.03410458564758301,0.008791923522949219,3.879081245254366,4,4,1.0|1.0|1.0|4.0,1.0|1.0|1.0|4.0
40,0.1,401046,v3,v24,0.0,16,0.4,0.015088796615600586,,,0,0,0.0|0.5,0.0|0.5,2,2,True,True,False,0.036165714263916016,0.015088796615600586,2.3968587545625484,3,3,0.0|0.5|0.5,0.0|0.5|0.5
40,0.1,401047,v28,v19,2.0,7,0.175,0.008265018463134766,,,0,0,0.0|2.0,0.0|2.0,2,2,True,True,False,0.032835960388183594,0.008265018463134766,3.972884093924883,2,2,0.0|2.0,0.0|2.0
40,0.1,401048,v26,v31,1.0,3,0.075,0.006366252899169922,,,0,0,0.0|1.0,0.0|1.0,2,2,True,True,False,0.029830217361450195,0.006366252899169922,4.685678975357651,2,2,0.0|1.0,0.0|1.0
40,0.1,401049,v3,v19,2.0,13,0.325,0.01273655891418457,,,0,0,1.0|2.0,1.0|2.0,2,2,True,True,False,0.03308916091918945,0.01273655891418457,2.5979670915931936,2,2,1.0|2.0,1.0|2.0
40,0.15,401500,v30,v25,1.9999999999999971,24,0.6,0.028158903121948242,,,0,0,2.0|6.6667|7.6667,2.0|6.6667|7.6667,3,3,True,True,False,0.04677438735961914,0.028158903121948242,1.661086980449931,3,3,2.0|6.6667|7.6667,2.0|6.6667|7.6667
40,0.15,401501,v17,v22,0.9999999999999926,5,0.125,0.007148265838623047,,,0,0,-0.0|1.0,-0.0|1.0,2,2,True,True,False,0.05292081832885742,0.007148265838623047,7.403308651857781,2,2,-0.0|1.0,-0.0|1.0
40,0.15,401502,v23,v39,0.9999999999999987,9,0.225,0.009240865707397461,,,0,0,1.0|3.0,1.0|3.0,2,2,True,True,False,0.06954288482666016,0.009240865707397461,7.5255811553445655,2,2,1.0|3.0,1.0|3.0
40,0.15,401503,v16,v37,2.999999999999996,22,0.55,0.028760194778442383,,,0,0,0.0|3.0,0.0|3.0,2,2,True,True,False,0.05926847457885742,0.028760194778442383,2.0607814041399664,2,2,0.0|3.0,0.0|3.0
40,0.15,401504,v35,v25,111.00000000000036,37,0.925,0.07695794105529785,,,0,0,111.0|177.6667|205.6667,111.0|177.6667|205.6667,3,3,True,True,False,0.07780146598815918,0.07695794105529785,1.0109608562975354,3,3,111.0|177.6667|205.6667,111.0|177.6667|205.6667
40,0.15,401505,v1,v11,22.000000000000007,24,0.6,0.03097844123840332,,,0,0,16.0|22.0,16.0|22.0,2,2,True,True,False,0.05592155456542969,0.03097844123840332,1.8051765140495486,2,2,16.0|22.0,16.0|22.0
40,0.15,401506,v2,v5,1.3322676295501888e-15,13,0.325,0.01793360710144043,,,0,0,0.0|1.0,0.0|1.0,2,2,True,True,False,0.05321192741394043,0.01793360710144043,2.9671625520147833,3,3,0.0|1.0|1.0,0.0|1.0|1.0
40,0.15,401507,v31,v12,0.0,3,0.075,0.0074193477630615234,,,0,0,0.0|0.3333,0.0|0.3333,2,2,True,True,False,0.05051922798156738,0.0074193477630615234,6.809119830328738,2,2,0.0|0.3333,0.0|0.3333
40,0.15,401508,v36,v31,2.0000000000000013,24,0.6,0.03648662567138672,,,0,0,2.0|16.0,2.0|16.0,2,2,True,True,False,0.05510687828063965,0.03648662567138672,1.5103309025327374,2,2,2.0|16.0,2.0|16.0
40,0.15,401509,v16,v36,18.99999999999988,31,0.775,0.056878089904785156,,,0,0,11.0|19.0|39.5,11.0|19.0|39.5,3,3,True,True,False,0.06740546226501465,0.056878089904785156,1.185086601498969,4,4,11.0|11.0|19.0|39.5,11.0|11.0|19.0|39.5
40,0.15,401510,v19,v36,0.9999999999999993,8,0.2,0.008455991744995117,,,0,0,-0.0|1.0,-0.0|1.0,2,2,True,True,False,0.05475735664367676,0.008455991744995117,6.4755688386387344,3,3,-0.0|1.0|1.0,-0.0|1.0|1.0
40,0.15,401511,v24,v33,-4.4408920985006217e-16,7,0.175,0.007687091827392578,,,0,0,-0.0|0.3333,-0.0|0.3333,2,2,True,True,False,0.05053997039794922,0.007687091827392578,6.574654177780535,3,3,-0.0|0.3333|0.3333,-0.0|0.3333|0.3333
40,0.15,401512,v11,v17,2.2204460492503116e-16,8,0.2,0.013961553573608398,,,0,0,0.0|0.4,0.0|0.4,2,2,True,True,False,0.05220198631286621,0.013961553573608398,3.738981198449427,4,4,0.0|0.0|0.4|0.4,0.0|0.0|0.4|0.4
40,0.15,401513,v14,v35,9.999999999999998,17,0.425,0.016704082489013672,,,0,0,-0.0|5.0|10.0,-0.0|5.0|10.0,3,3,True,True,False,0.048868656158447266,0.016704082489013672,2.9255516542490936,5,5,-0.0|-0.0|5.0|10.0|10.0,-0.0|-0.0|5.0|10.0|10.0
40,0.15,401514,v20,v16,-5.551115123125783e-17,5,0.125,0.007849454879760742,,,0,0,-0.0|0.5,-0.0|0.5,2,2,True,True,False,0.058767080307006836,0.007849454879760742,7.486772165355527,3,3,-0.0|0.5|0.5,-0.0|0.5|0.5
40,0.15,401515,v20,v37,6.000000000000024,29,0.725,0.046766042709350586,,,0,0,6.0|36.6667,6.0|36.6667,2,2,True,True,False,0.062271833419799805,0.046766042709350586,1.3315608893148645,2,2,6.0|36.6667,6.0|36.6667
40,0.15,401516,v23,v36,7.000000000000002,14,0.35,0.011756420135498047,,,0,0,3.0|6.0|7.0,3.0|6.0|7.0,3,3,True,True,False,0.04728198051452637,0.011756420135498047,4.021800851754208,3,3,3.0|6.0|7.0,3.0|6.0|7.0
40,0.15,401517,v35,v19,2.0,11,0.275,0.01186680793762207,,,0,0,1.0|2.0,1.0|2.0,2,2,True,True,False,0.06140470504760742,0.01186680793762207,5.174492194563317,2,2,1.0|2.0,1.0|2.0
40,0.15,401518,v1,v34,13.000000000000005,22,0.55,0.019044160842895508,,,0,0,7.0|13.0,7.0|13.0,2,2,True,True,False,0.041187286376953125,0.019044160842895508,2.162725189979594,2,2,7.0|13.0,7.0|13.0
40,0.15,401519,v7,v10,0.0,15,0.375,0.013604402542114258,,,0,0,0.0|1.6667,0.0|1.6667,2,2,True,True,False,0.055418968200683594,0.013604402542114258,4.073605439792503,2,2,0.0|1.6667,0.0|1.6667
40,0.15,401520,v3,v25,2.000000000000013,20,0.5,0.02217578887939453,,,0,0,2.0|12.0,2.0|12.0,2,2,True,True,False,0.045040130615234375,0.02217578887939453,2.0310497570205994,2,2,2.0|12.0,2.0|12.0
40,0.15,401521,v25,v26,5.000000000000073,26,0.65,0.03116154670715332,,,0,0,5.0|10.0,5.0|10.0,2,2,True,True,False,0.047852277755737305,0.03116154670715332,1.5356194673338384,2,2,5.0|10.0,5.0|10.0
40,0.15,401522,v36,v34,6.661338147750923e-16,5,0.125,0.011411905288696289,,,0,0,0.0|0.5,0.0|0.5,2,2,True,True,False,0.05549979209899902,0.011411905288696289,4.863323931891779,4,4,0.0|0.0|0.0|0.5,0.0|0.0|0.0|0.5
40,0.15,401523,v21,v12,-4.440892098500626e-16,4,0.1,0.008699417114257812,,,0,0,-0.0|0.5,-0.0|0.5,2,2,True,True,False,0.04726600646972656,0.008699417114257812,5.433238324928744,2,2,-0.0|0.5,-0.0|0.5
40,0.15,401524,v12,v27,-3.3306690738754696e-16,5,0.125,0.007524013519287109,,,0,0,-0.0|0.5,-0.0|0.5,2,2,True,True,False,0.059143781661987305,0.007524013519287109,7.860669243931808,3,3,-0.0|0.5|0.5,-0.0|0.5|0.5
40,0.15,401525,v39,v12,4.999999999999998,16,0.4,0.016469717025756836,,,0,0,5.0|6.5,5.0|6.5,2,2,True,True,False,0.05280876159667969,0.016469717025756836,3.2064158427307863,2,2,5.0|6.5,5.0|6.5
40,0.15,401526,v17,v40,-2.9976021664879262e-15,5,0.125,0.008173942565917969,,,0,0,-0.0|0.5,-0.0|0.5,2,2,True,True,False,0.06843757629394531,0.008173942565917969,8.37265196593163,4,4,-0.0|0.5|0.5|0.5,-0.0|0.5|0.5|0.5
40,0.15,401527,v21,v12,2.0000000000000018,17,0.425,0.020395755767822266,,,0,0,2.0|3.0,2.0|3.0,2,2,True,True,False,0.0506434440612793,0.020395755767822266,2.483038365323919,3,3,2.0|2.0|3.0,2.0|2.0|3.0
40,0.15,401528,v12,v9,0.0,6,0.15,0.013154268264770508,,,0,0,0.0|0.5,0.0|0.5,2,2,True,True,False,0.03302645683288574,0.013154268264770508,2.5107026987838252,2,2,0.0|0.5,0.0|0.5
40,0.15,401529,v27,v37,1.9999999999999998,25,0.625,0.021300077438354492,,,0,0,2.0|4.3333,2.0|4.3333,2,2,True,True,False,0.04062056541442871,0.021300077438354492,1.9070618654786824,2,2,2.0|4.3333,2.0|4.3333
40,0.15,401530,v24,v8,-1.221245327087673e-15,5,0.125,0.007456302642822266,,,0,0,-0.0|0.3333,-0.0|0.3333,2,2,True,True,False,0.05368375778198242,0.007456302642822266,7.199782566988553,2,2,-0.0|0.3333,-0.0|0.3333
40,0.15,401531,v37,v27,2.0,8,0.2,0.008764982223510742,,,0,0,1.0|2.0,1.0|2.0,2,2,True,True,False,0.048380136489868164,0.008764982223510742,5.519707314419389,3,3,1.0|1.0|2.0,1.0|1.0|2.0
40,0.15,401532,v34,v38,160.0000000000003,28,0.7,0.04147505760192871,,,0,0,43.0|90.0|160.0,43.0|90.0|160.0,3,3,True,True,False,0.1378040313720703,0.04147505760192871,3.3225760092895453,4,4,43.0|43.0|90.0|160.0,43.0|43.0|90.0|160.0
40,0.15,401533,v8,v7,-7.993605777301127e-15,24,0.6,0.029339313507080078,,,0,0,-0.0|2.5,-0.0|2.5,2,2,True,True,False,0.052176713943481445,0.029339313507080078,1.7783890523167938,2,2,-0.0|2.5,-0.0|2.5
40,0.15,401534,v21,v23,1.0,7,0.175,0.007636070251464844,,,0,0,0.0|1.0,0.0|1.0,2,2,True,True,False,0.04349064826965332,0.007636070251464844,5.695422755089297,2,2,0.0|1.0,0.0|1.0
40,0.15,401535,v19,v5,1.9999999999999851,15,0.375,0.01585221290588379,,,0,0,1.0|2.0,1.0|2.0,2,2,True,True,False,0.06607627868652344,0.01585221290588379,4.168268435380289,3,3,1.0|2.0|2.0,1.0|2.0|2.0
40,0.15,401536,v13,v27,2.0000000000000013,12,0.3,0.012272834777832031,,,0,0,-0.0|2.0,-0.0|2.0,2,2,True,True,False,0.04875802993774414,0.012272834777832031,3.972841712642785,4,4,-0.0|2.0|2.0|2.0,-0.0|2.0|2.0|2.0
40,0.15,401537,v8,v10,1.9999999999999938,22,0.55,0.023712873458862305,,,0,0,2.0|10.0,2.0|10.0,2,2,True,True,False,0.05077004432678223,0.023712873458862305,2.1410329884676096,2,2,2.0|10.0,2.0|10.0
40,0.15,401538,v11,v1,4.440892098500626e-16,8,0.2,0.007629871368408203,,,0,0,0.0|1.0,0.0|1.0,2,2,True,True,False,0.04567599296569824,0.007629871368408203,5.986469595650272,2,2,0.0|1.0,0.0|1.0
40,0.15,401539,v15,v26,1.0000000000000098,13,0.325,0.012096405029296875,,,0,0,0.0|1.0,0.0|1.0,2,2,True,True,False,0.05392003059387207,0.012096405029296875,4.4575252286345,2,2,0.0|1.0,0.0|1.0
40,0.15,401540,v10,v28,2.0,29,0.725,0.025986194610595703,,,0,0,2.0|8.0,2.0|8.0,2,2,True,True,False,0.04044318199157715,0.025986194610595703,1.5563333761491458,2,2,2.0|8.0,2.0|8.0
40,0.15,401541,v6,v38,0.9999999999999989,5,0.125,0.0072116851806640625,,,0,0,-0.0|1.0,-0.0|1.0,2,2,True,True,False,0.043663740158081055,0.0072116851806640625,6.0545821211319755,2,2,-0.0|1.0,-0.0|1.0
40,0.15,401542,v11,v15,0.0,3,0.075,0.006640911102294922,,,0,0,0.0|0.5,0.0|0.5,2,2,True,True,False,0.05548715591430664,0.006640911102294922,8.35535291161054,2,2,0.0|0.5,0.0|0.5
40,0.15,401543,v21,v23,0.9999999999999999,6,0.15,0.012437582015991211,,,0,0,-0.0|1.0,-0.0|1.0,2,2,True,True,False,0.0520176887512207,0.012437582015991211,4.18229915463799,2,2,-0.0|1.0,-0.0|1.0
40,0.15,401544,v39,v12,3.000000000000007,33,0.825,0.04747653007507324,,,0,0,3.0|11.0,3.0|11.0,2,2,True,True,False,0.054906368255615234,0.04747653007507324,1.1564949706474632,2,2,3.0|11.0,3.0|11.0
40,0.15,401545,v34,v9,1.0,17,0.425,0.01769113540649414,,,0,0,1.0|2.0,1.0|2.0,2,2,True,True,False,0.06011676788330078,0.01769113540649414,3.3981294304735723,2,2,1.0|2.0,1.0|2.0
40,0.15,401546,v13,v2,1.0,6,0.15,0.0072841644287109375,,,0,0,0.5|1.0|1.5,0.5|1.0|1.5,3,3,True,True,False,0.039160966873168945,0.0072841644287109375,5.376178318931657,3,3,0.5|1.0|1.5,0.5|1.0|1.5
40,0.15,401547,v20,v32,1.0,5,0.125,0.00808858871459961,,,0,0,0.0|1.0,0.0|1.0,2,2,True,True,False,0.04705667495727539,0.00808858871459961,5.817661970170371,2,2,0.0|1.0,0.0|1.0
40,0.15,401548,v27,v2,3.9999999999999956,14,0.35,0.012599468231201172,,,0,0,3.0|4.0,3.0|4.0,2,2,True,True,False,0.04892253875732422,0.012599468231201172,3.882905044847292,3,3,3.0|3.0|4.0,3.0|3.0|4.0
40,0.15,401549,v20,v25,6.000000000000011,22,0.55,0.02779555320739746,,,0,0,6.0|14.5,6.0|14.5,2,2,True,True,False,0.05583596229553223,0.02779555320739746,2.008809174579484,2,2,6.0|14.5,6.0|14.5
60,0.05,600500,v60,v38,3.999999999999999,13,0.21666666666666667,0.012684822082519531,,,0,0,2.0|4.0,2.0|4.0,2,2,True,True,False,0.06282997131347656,0.012684822082519531,4.953161416434854,2,2,2.0|4.0,2.0|4.0
60,0.05,600501,v56,v6,0.0,17,0.2833333333333333,0.01433873176574707,,,0,0,0.0|0.5,0.0|0.5,2,2,True,True,False,0.0559537410736084,0.01433873176574707,3.9022796428393276,2,2,0.0|0.5,0.0|0.5
60,0.05,600502,v29,v9,0.0,13,0.21666666666666667,0.011693716049194336,,,0,0,0.0|0.3333,0.0|0.3333,2,2,True,True,False,0.05808544158935547,0.011693716049194336,4.967235508797684,3,3,0.0|0.3333|0.3333,0.0|0.3333|0.3333
60,0.05,600503,v52,v15,-8.881784197001253e-17,6,0.1,0.0077359676361083984,,,0,0,-0.0|0.4,-0.0|0.4,2,2,True,True,False,0.07317233085632324,0.0077359676361083984,9.458717292815976,2,2,-0.0|0.4,-0.0|0.4
60,0.05,600504,v58,v24,0.0,4,0.06666666666666667,0.008372068405151367,,,0,0,0.0|0.5,0.0|0.5,2,2,True,True,False,0.05402374267578125,0.008372068405151367,6.452854905311121,2,2,0.0|0.5,0.0|0.5
60,0.05,600505,v41,v33,0.0,11,0.18333333333333332,0.009909391403198242,,,0,0,0.0|0.5,0.0|0.5,2,2,True,True,False,0.06467413902282715,0.009909391403198242,6.526550056540673,2,2,0.0|0.5,0.0|0.5
60,0.05,600506,v14,v31,0.0,9,0.15,0.009163379669189453,,,0,0,0.0|0.5,0.0|0.5,2,2,True,True,False,0.06042814254760742,0.009163379669189453,6.594525680387157,3,3,0.0|0.5|0.5,0.0|0.5|0.5
60,0.05,600507,v24,v26,1.0,3,0.05,0.008054971694946289,,,0,0,0.0|1.0,0.0|1.0,2,2,True,True,False,0.053225040435791016,0.008054971694946289,6.607725321888412,2,2,0.0|1.0,0.0|1.0
60,0.05,600508,v21,v29,1.0,10,0.16666666666666666,0.009858846664428711,,,0,0,1.0|1.5,1.0|1.5,2,2,True,True,False,0.06560707092285156,0.009858846664428711,6.654639549224928,2,2,1.0|1.5,1.0|1.5
60,0.05,600509,v36,v60,0.0,10,0.16666666666666666,0.008299589157104492,,,0,0,0.0|0.5,0.0|0.5,2,2,True,True,False,0.05856680870056152,0.008299589157104492,7.056591307345379,2,2,0.0|0.5,0.0|0.5
60,0.05,600510,v51,v12,1.0,8,0.13333333333333333,0.01033163070678711,,,0,0,0.0|1.0,0.0|1.0,2,2,True,True,False,0.05298662185668945,0.01033163070678711,5.128582637190197,2,2,0.0|1.0,0.0|1.0
60,0.05,600511,v42,v60,0.0,12,0.2,0.010282039642333984,,,0,0,0.0|0.5,0.0|0.5,2,2,True,True,False,0.054357290267944336,0.010282039642333984,5.286625237675648,3,3,0.0|0.5|0.5,0.0|0.5|0.5
60,0.05,600512,v37,v5,0.0,27,0.45,0.0396728515625,,,0,0,0.0|0.5,0.0|0.5,2,2,True,True,False,0.057154178619384766,0.0396728515625,1.4406370192307691,2,2,0.0|0.5,0.0|0.5
60,0.05,600513,v23,v53,1.0,5,0.08333333333333333,0.00842595100402832,,,0,0,0.0|1.0,0.0|1.0,2,2,True,True,False,0.05305910110473633,0.00842595100402832,6.297105345066637,3,3,0.0|1.0|1.0,0.0|1.0|1.0
60,0.05,600514,v2,v5,0.0,13,0.21666666666666667,0.0277254581451416,,,0,0,0.0|0.5,0.0|0.5,2,2,True,True,False,0.07274985313415527,0.0277254581451416,2.6239369157873917,2,2,0.0|0.5,0.0|0.5
60,0.05,600515,v31,v43,0.0,7,0.11666666666666667,0.017992258071899414,,,0,0,0.0|0.5,0.0|0.5,2,2,True,True,False,0.06100201606750488,0.017992258071899414,3.390459153249851,2,2,0.0|0.5,0.0|0.5
60,0.05,600516,v33,v14,1.0000000000000002,18,0.3,0.018471479415893555,,,0,0,1.0|1.5,1.0|1.5,2,2,True,True,False,0.06978678703308105,0.018471479415893555,3.778083252662149,2,2,1.0|1.5,1.0|1.5
60,0.05,600517,v25,v56,0.0,8,0.13333333333333333,0.009250402450561523,,,0,0,0.0|0.5,0.0|0.5,2,2,True,True,False,0.0566859245300293,0.009250402450561523,6.127941441789737,2,2,0.0|0.5,0.0|0.5
60,0.05,600518,v36,v39,0.0,8,0.13333333333333333,0.008051156997680664,,,0,0,0.0|0.5,0.0|0.5,2,2,True,True,False,0.0618898868560791,0.008051156997680664,7.687079866149427,2,2,0.0|0.5,0.0|0.5
60,0.05,600519,v13,v30,0.0,9,0.15,0.008734703063964844,,,0,0,0.0|0.3333,0.0|0.3333,2,2,True,True,False,0.0538022518157959,0.008734703063964844,6.159597117589256,2,2,0.0|0.3333,0.0|0.3333
60,0.05,600520,v50,v59,-7.401486830834377e-17,13,0.21666666666666667,0.015003442764282227,,,0,0,-0.0|0.3333|0.5|0.8333,-0.0|0.3333|0.5|0.8333,4,4,True,True,False,0.06218075752258301,0.015003442764282227,4.14443261453384,4,4,-0.0|0.3333|0.5|0.8333,-0.0|0.3333|0.5|0.8333
60,0.05,600521,v20,v13,3.0,17,0.2833333333333333,0.01232147216796875,,,0,0,0.0|3.0,0.0|3.0,2,2,True,True,False,0.0626375675201416,0.01232147216796875,5.083610681114551,2,2,0.0|3.0,0.0|3.0
60,0.05,600522,v30,v15,0.0,13,0.21666666666666667,0.012122869491577148,,,0,0,0.0|1.0,0.0|1.0,2,2,True,True,False,0.060231685638427734,0.012122869491577148,4.968434715912443,2,2,0.0|1.0,0.0|1.0
60,0.05,600523,v10,v41,1.0,11,0.18333333333333332,0.009790420532226562,,,0,0,0.0|1.0,0.0|1.0,2,2,True,True,False,0.05746316909790039,0.009790420532226562,5.869325930255211,3,3,0.0|1.0|1.0,0.0|1.0|1.0
60,0.05,600524,v39,v54,1.000000000000003,8,0.13333333333333333,0.008311986923217773,,,0,0,-0.0|1.0,-0.0|1.0,2,2,True,True,False,0.0637364387512207,0.008311986923217773,7.668014800791671,2,2,-0.0|1.0,-0.0|1.0
60,0.05,600525,v4,v19,0.0,3,0.05,0.007723808288574219,,,0,0,0.0|0.5,0.0|0.5,2,2,True,True,False,0.06370377540588379,0.007723808288574219,8.247715767378688,2,2,0.0|0.5,0.0|0.5
60,0.05,600526,v54,v12,1.0,7,0.11666666666666667,0.008818387985229492,,,0,0,0.0|1.0,0.0|1.0,2,2,True,True,False,0.07230806350708008,0.008818387985229492,8.199691783599643,4,4,0.0|1.0|1.0|1.0,0.0|1.0|1.0|1.0
60,0.05,600527,v33,v60,3.0000000000000018,17,0.2833333333333333,0.012357950210571289,,,0,0,1.0|2.0|3.0,1.0|2.0|3.0,3,3,True,True,False,0.07211828231811523,0.012357950210571289,5.835780294407038,3,3,1.0|2.0|3.0,1.0|2.0|3.0
60,0.05,600528,v47,v42,0.0,7,0.11666666666666667,0.009126424789428711,,,0,0,0.0|1.0,0.0|1.0,2,2,True,True,False,0.05258631706237793,0.009126424789428711,5.761984377857311,2,2,0.0|1.0,0.0|1.0
60,0.05,600529,v32,v5,6.000000000000002,21,0.35,0.024014949798583984,,,0,0,3.0|6.0,3.0|6.0,2,2,True,True,False,0.07173395156860352,0.024014949798583984,2.9870539880467804,2,2,3.0|6.0,3.0|6.0
60,0.05,600530,v50,v20,0.0,11,0.18333333333333332,0.009688138961791992,,,0,0,0.0|0.5,0.0|0.5,2,2,True,True,False,0.05162835121154785,0.009688138961791992,5.329026701119725,2,2,0.0|0.5,0.0|0.5
60,0.05,600531,v33,v59,1.0,9,0.15,0.01772904396057129,,,0,0,0.0|1.0,0.0|1.0,2,2,True,True,False,0.05985903739929199,0.01772904396057129,3.376326300076653,5,5,0.0|1.0|1.0|1.0|1.0,0.0|1.0|1.0|1.0|1.0
60,0.05,600532,v32,v44,1.0,11,0.18333333333333332,0.010982513427734375,,,0,0,0.0|1.0,0.0|1.0,2,2,True,True,False,0.0516057014465332,0.010982513427734375,4.698897186523098,2,2,0.0|1.0,0.0|1.0
60,0.05,600533,v49,v54,0.0,12,0.2,0.010128498077392578,,,0,0,0.0|1.0,0.0|1.0,2,2,True,True,False,0.05623745918273926,0.010128498077392578,5.552398662963137,2,2,0.0|1.0,0.0|1.0
60,0.05,600534,v32,v8,0.0,12,0.2,0.012747764587402344,,,0,0,0.0|0.5,0.0|0.5,2,2,True,True,False,0.05836176872253418,0.012747764587402344,4.578196304331563,2,2,0.0|0.5,0.0|0.5
60,0.05,600535,v4,v43,2.0,28,0.4666666666666667,0.02615189552307129,,,0,0,0.0|2.0,0.0|2.0,2,2,True,True,False,0.055797576904296875,0.02615189552307129,2.1335958938453263,2,2,0.0|2.0,0.0|2.0
60,0.05,600536,v50,v55,0.0,11,0.18333333333333332,0.011275768280029297,,,0,0,0.0|0.3333,0.0|0.3333,2,2,True,True,False,0.0894932746887207,0.011275768280029297,7.936778449697636,3,3,0.0|0.3333|0.3333,0.0|0.3333|0.3333
60,0.05,600537,v39,v52,1.4802973661668753e-16,8,0.13333333333333333,0.00819849967956543,,,0,0,0.0|1.0,0.0|1.0,2,2,True,True,False,0.05309557914733887,0.00819849967956543,6.476255561694827,2,2,0.0|1.0,0.0|1.0
60,0.05,600538,v47,v8,0.0,3,0.05,0.00690150260925293,,,0,0,0.0|0.5,0.0|0.5,2,2,True,True,False,0.06030607223510742,0.00690150260925293,8.738107575914603,2,2,0.0|0.5,0.0|0.5
60,0.05,600539,v42,v51,0.0,18,0.3,0.015288591384887695,,,0,0,0.0|1.0,0.0|1.0,2,2,True,True,False,0.05394768714904785,0.015288591384887695,3.5286237816764134,2,2,0.0|1.0,0.0|1.0
60,0.05,600540,v53,v18,1.0,8,0.13333333333333333,0.008671045303344727,,,0,0,0.0|1.0,0.0|1.0,2,2,True,True,False,0.051584720611572266,0.008671045303344727,5.9490775110671175,3,3,0.0|1.0|1.0,0.0|1.0|1.0
60,0.05,600541,v43,v22,0.0,15,0.25,0.010669469833374023,,,0,0,0.0|1.0,0.0|1.0,2,2,True,True,False,0.054795026779174805,0.010669469833374023,5.135684118790642,2,2,0.0|1.0,0.0|1.0
60,0.05,600542,v32,v3,0.0,12,0.2,0.010342836380004883,,,0,0,0.0|1.0,0.0|1.0,2,2,True,True,False,0.07215261459350586,0.010342836380004883,6.976095525690971,2,2,0.0|1.0,0.0|1.0
60,0.05,600543,v30,v12,1.0,14,0.23333333333333334,0.009178638458251953,,,0,0,0.0|1.0,0.0|1.0,2,2,True,True,False,0.05947136878967285,0.009178638458251953,6.479323601226038,2,2,0.0|1.0,0.0|1.0
60,0.05,600544,v59,v33,1.0,3,0.05,0.007837772369384766,,,0,0,0.0|1.0,0.0|1.0,2,2,True,True,False,0.06808066368103027,0.007837772369384766,8.686226196994586,2,2,0.0|1.0,0.0|1.0
60,0.05,600545,v56,v53,1.0,4,0.06666666666666667,0.008557796478271484,,,0,0,0.0|1.0,0.0|1.0,2,2,True,True,False,0.05876445770263672,0.008557796478271484,6.866774391263164,3,3,0.0|1.0|1.0,0.0|1.0|1.0
60,0.05,600546,v27,v23,1.0,8,0.13333333333333333,0.010568857192993164,,,0,0,0.0|1.0,0.0|1.0,2,2,True,True,False,0.05525469779968262,0.010568857192993164,5.228067405084707,2,2,0.0|1.0,0.0|1.0
60,0.05,600547,v2,v58,1.0,16,0.26666666666666666,0.014458894729614258,,,0,0,0.0|1.0,0.0|1.0,2,2,True,True,False,0.059479713439941406,0.014458894729614258,4.113710940720587,3,3,0.0|1.0|1.0,0.0|1.0|1.0
60,0.05,600548,v55,v5,2.0,11,0.18333333333333332,0.024127960205078125,,,0,0,1.0|2.0,1.0|2.0,2,2,True,True,False,0.06570196151733398,0.024127960205078125,2.7230632411067193,5,5,1.0|1.0|2.0|2.0|2.0,1.0|1.0|2.0|2.0|2.0
60,0.05,600549,v42,v41,0.0,10,0.16666666666666666,0.008136272430419922,,,0,0,0.0|0.5,0.0|0.5,2,2,True,True,False,0.048871755599975586,0.008136272430419922,6.006651819726894,2,2,0.0|0.5,0.0|0.5
60,0.1,601000,v31,v6,1.0000000000000002,5,0.08333333333333333,0.0081329345703125,,,0,0,0.0|1.0,0.0|1.0,2,2,True,True,False,0.12802672386169434,0.0081329345703125,15.741762429643527,2,2,0.0|1.0,0.0|1.0
60,0.1,601001,v47,v15,2.0000000000000013,12,0.2,0.013891220092773438,,,0,0,1.0|2.0,1.0|2.0,2,2,True,True,False,0.13063597679138184,0.013891220092773438,9.40421186324317,3,3,1.0|2.0|2.0,1.0|2.0|2.0
60,0.1,601002,v44,v5,1.1102230246251565e-16,9,0.15,0.00819849967956543,,,0,0,0.0|0.5,0.0|0.5,2,2,True,True,False,0.11025023460388184,0.00819849967956543,13.447611015790851,2,2,0.0|0.5,0.0|0.5
60,0.1,601003,v52,v5,-4.884981308350689e-15,15,0.25,0.022472143173217773,,,0,0,-0.0|0.5,-0.0|0.5,2,2,True,True,False,0.12802338600158691,0.022472143173217773,5.696981592488462,2,2,-0.0|0.5,-0.0|0.5
60,0.1,601004,v29,v44,6.9999999999999964,38,0.6333333333333333,0.060150861740112305,,,0,0,7.0|18.0|24.0,7.0|18.0|24.0,3,3,True,True,False,0.14757823944091797,0.060150861740112305,2.4534684154408994,3,3,7.0|18.0|24.0,7.0|18.0|24.0
60,0.1,601005,v23,v25,0.9999999999999996,9,0.15,0.009575366973876953,,,0,0,1.0|1.5,1.0|1.5,2,2,True,True,False,0.08657455444335938,0.009575366973876953,9.041382401274836,2,2,1.0|1.5,1.0|1.5
60,0.1,601006,v38,v56,1.5543122344752201e-15,17,0.2833333333333333,0.014493703842163086,,,0,0,0.0|1.5,0.0|1.5,2,2,True,True,False,0.13078022003173828,0.014493703842163086,9.023243572239311,2,2,0.0|1.5,0.0|1.5
60,0.1,601007,v4,v14,1.9999999999999991,21,0.35,0.02509164810180664,,,0,0,0.5|2.0|2.5,0.5|2.0|2.5,3,3,True,True,False,0.12574100494384766,0.02509164810180664,5.01126926512229,4,4,0.5|2.0|2.5|2.5,0.5|2.0|2.5|2.5
60,0.1,601008,v13,v46,1.0000000000000016,31,0.5166666666666667,0.03802013397216797,,,0,0,1.0|3.0,1.0|3.0,2,2,True,True,False,0.10805535316467285,0.03802013397216797,2.8420560864875712,2,2,1.0|3.0,1.0|3.0
60,0.1,601009,v60,v16,2.000000000000003,16,0.26666666666666666,0.019252300262451172,,,0,0,2.0|2.5,2.0|2.5,2,2,True,True,False,0.1222374439239502,0.019252300262451172,6.3492383900928795,2,2,2.0|2.5,2.0|2.5
60,0.1,601010,v56,v13,1.0000000000000002,10,0.16666666666666666,0.01258397102355957,,,0,0,0.0|1.0,0.0|1.0,2,2,True,True,False,0.12094902992248535,0.01258397102355957,9.611356359295959,4,4,0.0|1.0|1.0|1.0,0.0|1.0|1.0|1.0
60,0.1,601011,v25,v53,0.0,5,0.08333333333333333,0.008033990859985352,,,0,0,0.0|0.3333,0.0|0.3333,2,2,True,True,False,0.13511967658996582,0.008033990859985352,16.818500163219277,2,2,0.0|0.3333,0.0|0.3333
60,0.1,601012,v43,v1,0.9999999999999999,21,0.35,0.024808168411254883,,,0,0,0.0|1.0,0.0|1.0,2,2,True,True,False,0.1772143840789795,0.024808168411254883,7.143388465493547,2,2,0.0|1.0,0.0|1.0
60,0.1,601013,v17,v12,1.999999999999998,33,0.55,0.054225921630859375,,,0,0,2.0|2.6667,2.0|2.6667,2,2,True,True,False,0.0973052978515625,0.054225921630859375,1.7944424903271192,4,4,2.0|2.0|2.6667|2.6667,2.0|2.0|2.6667|2.6667
60,0.1,601014,v1,v27,0.9999999999999998,17,0.2833333333333333,0.01686239242553711,,,0,0,1.0|1.5,1.0|1.5,2,2,True,True,False,0.1041722297668457,0.01686239242553711,6.177784690212935,2,2,1.0|1.5,1.0|1.5
60,0.1,601015,v29,v26,2.999999999999633,31,0.5166666666666667,0.05134224891662598,,,0,0,3.0|6.5,3.0|6.5,2,2,True,True,False,0.09258031845092773,0.05134224891662598,1.8031995170540296,2,2,3.0|6.5,3.0|6.5
60,0.1,601016,v4,v54,3.0000000000000018,29,0.48333333333333334,0.046967267990112305,,,0,0,3.0|6.0|7.0,3.0|6.0|7.0,3,3,True,True,False,0.11423969268798828,0.046967267990112305,2.4323256935455215,3,3,3.0|6.0|7.0,3.0|6.0|7.0
60,0.1,601017,v7,v28,0.9999999999999991,17,0.2833333333333333,0.015716552734375,,,0,0,0.0|1.0,0.0|1.0,2,2,True,True,False,0.09697151184082031,0.015716552734375,6.17002427184466,3,3,0.0|1.0|1.0,0.0|1.0|1.0
60,0.1,601018,v43,v39,6.661338147750933e-16,28,0.4666666666666667,0.033544301986694336,,,0,0,0.0|0.5,0.0|0.5,2,2,True,True,False,0.08462643623352051,0.033544301986694336,2.5228259710721774,2,2,0.0|0.5,0.0|0.5
60,0.1,601019,v56,v48,2.0000000000000084,16,0.26666666666666666,0.023203372955322266,,,0,0,2.0|3.0,2.0|3.0,2,2,True,True,False,0.13530635833740234,0.023203372955322266,5.831322825260475,2,2,2.0|3.0,2.0|3.0
60,0.1,601020,v30,v14,7.401486830834373e-17,8,0.13333333333333333,0.010889291763305664,,,0,0,0.0|0.3333,0.0|0.3333,2,2,True,True,False,0.11417436599731445,0.010889291763305664,10.485013027390362,2,2,0.0|0.3333,0.0|0.3333
60,0.1,601021,v48,v39,0.0,5,0.08333333333333333,0.00839090347290039,,,0,0,0.0|0.5,0.0|0.5,2,2,True,True,False,0.12408971786499023,0.00839090347290039,14.788600329601637,4,4,0.0|0.5|0.5|0.5,0.0|0.5|0.5|0.5
60,0.1,601022,v36,v2,1.0000000000000027,31,0.5166666666666667,0.06492090225219727,,,0,0,1.0|3.0|4.0,1.0|3.0|4.0,3,3,True,True,False,0.12128543853759766,0.06492090225219727,1.868203218532637,5,5,1.0|3.0|3.0|3.0|4.0,1.0|3.0|3.0|3.0|4.0
60,0.1,601023,v27,v56,5.000000000000002,23,0.38333333333333336,0.029569625854492188,,,0,0,3.0|4.0|5.0,3.0|4.0|5.0,3,3,True,True,False,0.13412141799926758,0.029569625854492188,4.535783396761917,5,5,3.0|4.0|5.0|5.0|5.0,3.0|4.0|5.0|5.0|5.0
60,0.1,601024,v6,v8,31.000000000000007,40,0.6666666666666666,0.07658767700195312,,,0,0,17.0|20.0|26.0|31.0,17.0|20.0|26.0|31.0,4,4,True,True,False,0.11371660232543945,0.07658767700195312,1.4847898092344474,5,5,17.0|17.0|20.0|26.0|31.0,17.0|17.0|20.0|26.0|31.0
60,0.1,601025,v13,v18,0.0,6,0.1,0.010141849517822266,,,0,0,0.0|0.5,0.0|0.5,2,2,True,True,False,0.1149604320526123,0.010141849517822266,11.335253185387183,3,3,0.0|0.5|0.5,0.0|0.5|0.5
60,0.1,601026,v60,v23,4.440892098500625e-16,11,0.18333333333333332,0.010710477828979492,,,0,0,0.0|1.0,0.0|1.0,2,2,True,True,False,0.11803507804870605,0.010710477828979492,11.02052400774659,3,3,0.0|1.0|1.0,0.0|1.0|1.0
60,0.1,601027,v60,v32,-2.627527824946204e-15,6,0.1,0.008034229278564453,,,0,0,-0.0|0.3333,-0.0|0.3333,2,2,True,True,False,0.10828733444213867,0.008034229278564453,13.478247967238412,2,2,-0.0|0.3333,-0.0|0.3333
60,0.1,601028,v59,v9,-1.5543122344752192e-15,4,0.06666666666666667,0.0076520442962646484,,,0,0,-0.0|0.3333,-0.0|0.3333,2,2,True,True,False,0.11095547676086426,0.0076520442962646484,14.500109051254089,2,2,-0.0|0.3333,-0.0|0.3333
60,0.1,601029,v7,v52,0.9999999999999991,24,0.4,0.031141996383666992,,,0,0,1.0|1.3333,1.0|1.3333,2,2,True,True,False,0.08695006370544434,0.031141996383666992,2.7920516923265373,2,2,1.0|1.3333,1.0|1.3333
60,0.1,601030,v40,v15,1.0000000000000384,25,0.4166666666666667,0.03352785110473633,,,0,0,1.0|2.6667,1.0|2.6667,2,2,True,True,False,0.12084555625915527,0.03352785110473633,3.604333480295251,2,2,1.0|2.6667,1.0|2.6667
60,0.1,601031,v20,v6,4.440892098500626e-16,8,0.13333333333333333,0.009139776229858398,,,0,0,0.0|1.0,0.0|1.0,2,2,True,True,False,0.13799262046813965,0.009139776229858398,15.098030520412156,2,2,0.0|1.0,0.0|1.0
60,0.1,601032,v43,v4,1.000000000000138,22,0.36666666666666664,0.01916980743408203,,,0,0,1.0|3.5,1.0|3.5,2,2,True,True,False,0.12242269515991211,0.01916980743408203,6.386224565941993,2,2,1.0|3.5,1.0|3.5
60,0.1,601033,v53,v47,8.881784197001252e-16,6,0.1,0.008534669876098633,,,0,0,0.0|0.6667,0.0|0.6667,2,2,True,True,False,0.10005450248718262,0.008534669876098633,11.723300835265524,2,2,0.0|0.6667,0.0|0.6667
60,0.1,601034,v43,v6,11.999999999999954,34,0.5666666666666667,0.0524907112121582,,,0,0,12.0|22.5,12.0|22.5,2,2,True,True,False,0.1148982048034668,0.0524907112121582,2.188924519217667,2,2,12.0|22.5,12.0|22.5
60,0.1,601035,v30,v60,4.000000000000732,41,0.6833333333333333,0.07725691795349121,,,0,0,1.0|4.0,1.0|4.0,2,2,True,True,False,0.11257719993591309,0.07725691795349121,1.4571795370310363,2,2,1.0|4.0,1.0|4.0
60,0.1,601036,v14,v56,4.000000000000011,24,0.4,0.026770353317260742,,,0,0,4.0|5.0,4.0|5.0,2,2,True,True,False,0.13135218620300293,0.026770353317260742,4.906628786192033,2,2,4.0|5.0,4.0|5.0
60,0.1,601037,v31,v2,5.000000000000005,37,0.6166666666666667,0.05286097526550293,,,0,0,2.0|5.0,2.0|5.0,2,2,True,True,False,0.08438754081726074,0.05286097526550293,1.596405295086034,2,2,2.0|5.0,2.0|5.0
60,0.1,601038,v7,v41,7.9999999999999245,31,0.5166666666666667,0.05462455749511719,,,0,0,8.0|13.0,8.0|13.0,2,2,True,True,False,0.09426665306091309,0.05462455749511719,1.7257192988582004,2,2,8.0|13.0,8.0|13.0
60,0.1,601039,v47,v26,-3.8302694349567995e-15,6,0.1,0.008707523345947266,,,0,0,-0.0|0.5,-0.0|0.5,2,2,True,True,False,0.10966014862060547,0.008707523345947266,12.593724330540496,2,2,-0.0|0.5,-0.0|0.5
60,0.1,601040,v37,v24,0.0,16,0.26666666666666666,0.018718719482421875,,,0,0,0.0|0.6667,0.0|0.6667,2,2,True,True,False,0.11395716667175293,0.018718719482421875,6.087871917668637,2,2,0.0|0.6667,0.0|0.6667
60,0.1,601041,v41,v15,1.0000000000000002,28,0.4666666666666667,0.043538808822631836,,,0,0,1.0|6.3333,1.0|6.3333,2,2,True,True,False,0.1310596466064453,0.043538808822631836,3.0101798866467706,2,2,1.0|6.3333,1.0|6.3333
60,0.1,601042,v22,v54,0.0,4,0.06666666666666667,0.007417440414428711,,,0,0,0.0|0.6667,0.0|0.6667,2,2,True,True,False,0.10506820678710938,0.007417440414428711,14.165022017935778,3,3,0.0|0.6667|0.6667,0.0|0.6667|0.6667
60,0.1,601043,v2,v55,-2.2204460492503082e-16,5,0.08333333333333333,0.007833003997802734,,,0,0,-0.0|0.5,-0.0|0.5,2,2,True,True,False,0.10582423210144043,0.007833003997802734,13.5100444390333,2,2,-0.0|0.5,-0.0|0.5
60,0.1,601044,v51,v7,11.99999999999994,33,0.55,0.048425912857055664,,,0,0,7.0|12.0,7.0|12.0,2,2,True,True,False,0.12856459617614746,0.048425912857055664,2.6548719185871903,2,2,7.0|12.0,7.0|12.0
60,0.1,601045,v23,v21,1.1102230246251575e-16,4,0.06666666666666667,0.007348060607910156,,,0,0,0.0|0.5,0.0|0.5,2,2,True,True,False,0.09705281257629395,0.007348060607910156,13.207949383517196,2,2,0.0|0.5,0.0|0.5
60,0.1,601046,v36,v4,7.105427357600989e-15,15,0.25,0.013345956802368164,,,0,0,0.0|2.3333,0.0|2.3333,2,2,True,True,False,0.12528681755065918,0.013345956802368164,9.387623488218376,3,3,0.0|2.3333|2.3333,0.0|2.3333|2.3333
60,0.1,601047,v16,v51,1.4802973661668765e-16,7,0.11666666666666667,0.008465766906738281,,,0,0,0.0|1.3333,0.0|1.3333,2,2,True,True,False,0.09785151481628418,0.008465766906738281,11.558493860538471,2,2,0.0|1.3333,0.0|1.3333
60,0.1,601048,v4,v10,11.999999999999604,38,0.6333333333333333,0.06673884391784668,,,0,0,12.0|27.0,12.0|27.0,2,2,True,True,False,0.10890412330627441,0.06673884391784668,1.6317951722437956,2,2,12.0|27.0,12.0|27.0
60,0.1,601049,v54,v4,5.773159728050824e-15,7,0.11666666666666667,0.010775089263916016,,,0,0,0.0|0.5,0.0|0.5,2,2,True,True,False,0.14403986930847168,0.010775089263916016,13.36785856529628,2,2,0.0|0.5,0.0|0.5
60,0.15,601500,v17,v41,2.0000000000003593,8,0.13333333333333333,0.01083683967590332,,,0,0,0.0|2.0,0.0|2.0,2,2,True,True,False,0.2519068717956543,0.01083683967590332,23.245418344223705,3,3,0.0|2.0|2.0,0.0|2.0|2.0
60,0.15,601501,v41,v58,105.0000000000234,41,0.6833333333333333,0.1128838062286377,,,0,0,87.0|105.0,87.0|105.0,2,2,True,True,False,0.18752217292785645,0.1128838062286377,1.66119640356602,2,2,87.0|105.0,87.0|105.0
60,0.15,601502,v49,v17,24.99999999999993,21,0.35,0.027001142501831055,,,0,0,9.5|13.5|18.5|23.0|25.0|27.5,9.5|13.5|18.5|23.0|25.0|27.5,6,6,True,True,False,0.2463819980621338,0.027001142501831055,9.12487306955347,9,9,9.5|9.5|13.5|13.5|18.5|23.0|23.0|25.0|27.5,9.5|9.5|13.5|13.5|18.5|23.0|23.0|25.0|27.5
60,0.15,601503,v56,v10,27.999999999996675,33,0.55,0.07147812843322754,,,0,0,22.0|28.0,22.0|28.0,2,2,True,True,False,0.217085599899292,0.07147812843322754,3.0370912705427933,2,2,22.0|28.0,22.0|28.0
60,0.15,601504,v34,v37,152.0000000000079,47,0.7833333333333333,0.17145299911499023,,,0,0,152.0|179.5|204.5,152.0|179.5|204.5,3,3,True,True,False,0.19782757759094238,0.17145299911499023,1.1538297878257775,3,3,152.0|179.5|204.5,152.0|179.5|204.5
60,0.15,601505,v52,v18,35.99999999999898,50,0.8333333333333334,0.17117619514465332,,,0,0,36.0|151.5,36.0|151.5,2,2,True,True,False,0.1730356216430664,0.17117619514465332,1.010862646507838,2,2,36.0|151.5,36.0|151.5
60,0.15,601506,v35,v20,7.000000000000546,30,0.5,0.0326840877532959,,,0,0,7.0|9.0,7.0|9.0,2,2,True,True,False,0.13452863693237305,0.0326840877532959,4.116028507444177,2,2,7.0|9.0,7.0|9.0
60,0.15,601507,v58,v35,52.999999999999766,44,0.7333333333333333,0.14260506629943848,,,0,0,53.0|58.5|151.6667|157.1667,53.0|58.5|151.6667|157.1667,4,4,True,True,False,0.18700146675109863,0.14260506629943848,1.3113241457946363,4,4,53.0|58.5|151.6667|157.1667,53.0|58.5|151.6667|157.1667
60,0.15,601508,v51,v29,1.9999999999999922,22,0.36666666666666664,0.03998994827270508,,,0,0,2.0|6.0,2.0|6.0,2,2,True,True,False,0.21832585334777832,0.03998994827270508,5.4595182734156085,2,2,2.0|6.0,2.0|6.0
60,0.15,601509,v31,v48,20.999999999989683,45,0.75,0.2284090518951416,,,0,0,21.0|28.5,21.0|28.5,2,2,True,True,False,0.24280786514282227,0.2284090518951416,1.0630395911554806,3,3,21.0|28.5|28.5,21.0|28.5|28.5
60,0.15,601510,v3,v37,1.9999999999999885,12,0.2,0.0220794677734375,,,0,0,2.0|3.0,2.0|3.0,2,2,True,True,False,0.23277688026428223,0.0220794677734375,10.542685297166551,4,4,2.0|2.0|2.0|3.0,2.0|2.0|2.0|3.0
60,0.15,601511,v26,v49,4.440892098500626e-15,10,0.16666666666666666,0.011326789855957031,,,0,0,0.0|0.6667,0.0|0.6667,2,2,True,True,False,0.21929430961608887,0.011326789855957031,19.360676096657404,2,2,0.0|0.6667,0.0|0.6667
60,0.15,601512,v48,v45,52.000000000012015,31,0.5166666666666667,0.06180930137634277,,,0,0,52.0|75.5,52.0|75.5,2,2,True,True,False,0.2122020721435547,0.06180930137634277,3.433173768645346,2,2,52.0|75.5,52.0|75.5
60,0.15,601513,v18,v30,23.999999999999943,46,0.7666666666666667,0.1056821346282959,,,0,0,24.0|147.5,24.0|147.5,2,2,True,True,False,0.17485737800598145,0.1056821346282959,1.654559482745007,2,2,24.0|147.5,24.0|147.5
60,0.15,601514,v19,v25,548.9999999999828,52,0.8666666666666667,0.17354369163513184,,,0,0,354.0|549.0,354.0|549.0,2,2,True,True,False,0.19077682495117188,0.17354369163513184,1.0993014102308711,2,2,354.0|549.0,354.0|549.0
60,0.15,601515,v27,v53,0.9999999999999049,14,0.23333333333333334,0.01116800308227539,,,0,0,1.0|3.5,1.0|3.5,2,2,True,True,False,0.15616559982299805,0.01116800308227539,13.983305580461979,2,2,1.0|3.5,1.0|3.5
60,0.15,601516,v40,v17,1562.000000002193,55,0.9166666666666666,0.20863580703735352,,,0,0,810.0|1562.0,810.0|1562.0,2,2,True,True,False,0.19761991500854492,0.20863580703735352,0.9472003766504168,2,2,810.0|1562.0,810.0|1562.0
60,0.15,601517,v18,v1,13.99999999999921,24,0.4,0.05471372604370117,,,0,0,14.0|18.0|19.0,14.0|18.0|19.0,3,3,True,True,False,0.3045051097869873,0.05471372604370117,5.56542447033806,3,3,14.0|18.0|19.0,14.0|18.0|19.0
60,0.15,601518,v11,v33,1.000000000001101,28,0.4666666666666667,0.047016143798828125,,,0,0,1.0|17.25,1.0|17.25,2,2,True,True,False,0.2105398178100586,0.047016143798828125,4.478032454361054,2,2,1.0|17.25,1.0|17.25
60,0.15,601519,v56,v50,0.9999999999999969,11,0.18333333333333332,0.010827302932739258,,,0,0,-0.0|1.0,-0.0|1.0,2,2,True,True,False,0.1494286060333252,0.010827302932739258,13.801092198269219,3,3,-0.0|1.0|1.0,-0.0|1.0|1.0
60,0.15,601520,v4,v18,16.00000000000241,41,0.6833333333333333,0.08613276481628418,,,0,0,16.0|19.5,16.0|19.5,2,2,True,True,False,0.13899898529052734,0.08613276481628418,1.6137759607160356,2,2,16.0|19.5,16.0|19.5
60,0.15,601521,v7,v29,1.9999999999998568,32,0.5333333333333333,0.048974037170410156,,,0,0,2.0|23.0,2.0|23.0,2,2,True,True,False,0.15219569206237793,0.048974037170410156,3.10768114813156,2,2,2.0|23.0,2.0|23.0
60,0.15,601522,v15,v42,507.99999999997783,42,0.7,0.1293344497680664,,,0,0,42.0|508.0,42.0|508.0,2,2,True,True,False,0.2066950798034668,0.1293344497680664,1.5981440379893377,2,2,42.0|508.0,42.0|508.0
60,0.15,601523,v55,v5,67.99999999999993,35,0.5833333333333334,0.0630042552947998,,,0,0,18.0|68.0,18.0|68.0,2,2,True,True,False,0.15234637260437012,0.0630042552947998,2.418033066045054,2,2,18.0|68.0,18.0|68.0
60,0.15,601524,v5,v11,148.99999999999946,42,0.7,0.10349035263061523,,,0,0,30.0|149.0,30.0|149.0,2,2,True,True,False,0.1384899616241455,0.10349035263061523,1.3381919966825626,2,2,30.0|149.0,30.0|149.0
60,0.15,601525,v18,v49,8.999999999999995,16,0.26666666666666666,0.012768268585205078,,,0,0,0.0|9.0,0.0|9.0,2,2,True,True,False,0.15090632438659668,0.012768268585205078,11.818855734398925,2,2,0.0|9.0,0.0|9.0
60,0.15,601526,v7,v18,0.9999999999999831,9,0.15,0.008134841918945312,,,0,0,-0.0|1.0,-0.0|1.0,2,2,True,True,False,0.1430208683013916,0.008134841918945312,17.581271981242672,2,2,-0.0|1.0,-0.0|1.0
60,0.15,601527,v35,v42,4.026408835973901e-14,29,0.48333333333333334,0.04428243637084961,,,0,0,0.0|19.0,0.0|19.0,2,2,True,True,False,0.18760967254638672,0.04428243637084961,4.236661031367439,2,2,0.0|19.0,0.0|19.0
60,0.15,601528,v3,v41,5.000000000002189,23,0.38333333333333336,0.02113056182861328,,,0,0,1.0|5.0|11.0,1.0|5.0|11.0,3,3,True,True,False,0.16814637184143066,0.02113056182861328,7.957496502234057,4,4,1.0|1.0|5.0|11.0,1.0|1.0|5.0|11.0
60,0.15,601529,v14,v6,5.773159728050522e-15,7,0.11666666666666667,0.006597995758056641,,,0,0,0.0|0.5,0.0|0.5,2,2,True,True,False,0.1601099967956543,0.006597995758056641,24.266459492664595,2,2,0.0|0.5,0.0|0.5
60,0.15,601530,v55,v36,7.000000000000479,30,0.5,0.039545297622680664,,,0,0,7.0|38.6667,7.0|38.6667,2,2,True,True,False,0.15874981880187988,0.039545297622680664,4.014379163777771,2,2,7.0|38.6667,7.0|38.6667
60,0.15,601531,v2,v1,328.0000000000267,53,0.8833333333333333,0.1670396327972412,,,0,0,328.0|385.5|550.5,328.0|385.5|550.5,3,3,True,True,False,0.14493727684020996,0.1670396327972412,0.8676819651306352,3,3,328.0|385.5|550.5,328.0|385.5|550.5
60,0.15,601532,v48,v30,167.00000000000267,32,0.5333333333333333,0.05659961700439453,,,0,0,74.5|112.5|116.5|167.0|170.5,74.5|112.5|116.5|167.0|170.5,5,5,True,True,False,0.1808168888092041,0.05659961700439453,3.194666295978028,6,6,74.5|74.5|112.5|116.5|167.0|170.5,74.5|74.5|112.5|116.5|167.0|170.5
60,0.15,601533,v19,v9,185.99999999997675,45,0.75,0.11686468124389648,,,0,0,186.0|383.5,186.0|383.5,2,2,True,True,False,0.15059852600097656,0.11686468124389648,1.2886573120126652,2,2,186.0|383.5,186.0|383.5
60,0.15,601534,v7,v10,1.0000000000000138,7,0.11666666666666667,0.0070230960845947266,,,0,0,-0.0|1.0,-0.0|1.0,2,2,True,True,False,0.1540391445159912,0.0070230960845947266,21.93322470041077,2,2,-0.0|1.0,-0.0|1.0
60,0.15,601535,v49,v47,4.000000000000038,22,0.36666666666666664,0.026528120040893555,,,0,0,4.0|6.0|9.0,4.0|6.0|9.0,3,3,True,True,False,0.16652774810791016,0.026528120040893555,6.277404801064107,3,3,4.0|6.0|9.0,4.0|6.0|9.0
60,0.15,601536,v47,v1,0.0,3,0.05,0.006586551666259766,,,0,0,0.0|0.5,0.0|0.5,2,2,True,True,False,0.16079044342041016,0.006586551666259766,24.41193078983566,2,2,0.0|0.5,0.0|0.5
60,0.15,601537,v5,v18,-6.3282712403633655e-15,5,0.08333333333333333,0.005996227264404297,,,0,0,-0.0|0.5,-0.0|0.5,2,2,True,True,False,0.14405560493469238,0.005996227264404297,24.02437375745527,2,2,-0.0|0.5,-0.0|0.5
60,0.15,601538,v13,v1,25.999999999999066,30,0.5,0.05826687812805176,,,0,0,26.0|32.5|33.5,26.0|32.5|33.5,3,3,True,True,False,0.14637351036071777,0.05826687812805176,2.5121220676871707,3,3,26.0|32.5|33.5,26.0|32.5|33.5
60,0.15,601539,v15,v37,-1.560656366044483e-14,6,0.1,0.007008790969848633,,,0,0,-0.0|0.8571,-0.0|0.8571,2,2,True,True,False,0.16907835006713867,0.007008790969848633,24.123754124570535,2,2,-0.0|0.8571,-0.0|0.8571
60,0.15,601540,v46,v55,11.999999999997852,30,0.5,0.04773068428039551,,,0,0,12.0|16.0|20.0,12.0|16.0|20.0,3,3,True,True,False,0.1497631072998047,0.04773068428039551,3.1376693956452892,3,3,12.0|16.0|20.0,12.0|16.0|20.0
60,0.15,601541,v17,v56,1.0000000000001967,5,0.08333333333333333,0.00698399543762207,,,0,0,0.0|1.0,0.0|1.0,2,2,True,True,False,0.17044663429260254,0.00698399543762207,24.405318676816986,3,3,0.0|1.0|1.0,0.0|1.0|1.0
60,0.15,601542,v24,v8,62.00000000002355,32,0.5333333333333333,0.05174398422241211,,,0,0,13.0|62.0,13.0|62.0,2,2,True,True,False,0.16356945037841797,0.05174398422241211,3.161129797723817,2,2,13.0|62.0,13.0|62.0
60,0.15,601543,v42,v43,-7.987684587836566e-13,17,0.2833333333333333,0.014373540878295898,,,0,0,-0.0|2.3333,-0.0|2.3333,2,2,True,True,False,0.17076373100280762,0.014373540878295898,11.880421981521721,2,2,-0.0|2.3333,-0.0|2.3333
60,0.15,601544,v32,v26,8.000000000000314,29,0.48333333333333334,0.03295445442199707,,,0,0,8.0|11.5,8.0|11.5,2,2,True,True,False,0.12538933753967285,0.03295445442199707,3.8049283393984994,2,2,8.0|11.5,8.0|11.5
60,0.15,601545,v32,v58,167.9999999999903,39,0.65,0.08326053619384766,,,0,0,168.0|205.0|225.0,168.0|205.0|225.0,3,3,True,True,False,0.1655423641204834,0.08326053619384766,1.988245232231831,4,4,168.0|168.0|205.0|225.0,168.0|168.0|205.0|225.0
60,0.15,601546,v59,v10,7.438494264988549e-15,4,0.06666666666666667,0.01081085205078125,,,0,0,0.0|0.5,0.0|0.5,2,2,True,True,False,0.15384244918823242,0.01081085205078125,14.23037226534933,2,2,0.0|0.5,0.0|0.5
60,0.15,601547,v32,v29,1.0000000000065874,31,0.5166666666666667,0.058843374252319336,,,0,0,1.0|16.0,1.0|16.0,2,2,True,True,False,0.1544497013092041,0.058843374252319336,2.62475942740684,2,2,1.0|16.0,1.0|16.0
60,0.15,601548,v4,v47,27.999999999990344,38,0.6333333333333333,0.0719447135925293,,,0,0,25.0|28.0|34.0,25.0|28.0|34.0,3,3,True,True,False,0.15844345092773438,0.0719447135925293,2.2022945539140637,3,3,25.0|28.0|34.0,25.0|28.0|34.0
60,0.15,601549,v23,v8,-3.130828929442881e-14,9,0.15,0.007410287857055664,,,0,0,-0.0|0.5,-0.0|0.5,2,2,True,True,False,0.15681004524230957,0.007410287857055664,21.161127376854026,3,3,-0.0|0.5|0.5,-0.0|0.5|0.5
80,0.05,800500,v13,v10,0.0,26,0.325,0.021930932998657227,,,0,0,0.0|0.6667,0.0|0.6667,2,2,True,True,False,0.0833897590637207,0.021930932998657227,3.802380822960265,2,2,0.0|0.6667,0.0|0.6667
80,0.05,800501,v43,v8,0.0,6,0.075,0.006338596343994141,,,0,0,0.0|0.5,0.0|0.5,2,2,True,True,False,0.0982048511505127,0.006338596343994141,15.493154291732491,2,2,0.0|0.5,0.0|0.5
80,0.05,800502,v22,v8,1.0,30,0.375,0.03057408332824707,,,0,0,1.0|3.5,1.0|3.5,2,2,True,True,False,0.09297800064086914,0.03057408332824707,3.041072389403994,2,2,1.0|3.5,1.0|3.5
80,0.05,800503,v62,v19,0.0,15,0.1875,0.009528398513793945,,,0,0,0.0|1.5,0.0|1.5,2,2,True,True,False,0.10913681983947754,0.009528398513793945,11.453847116226699,2,2,0.0|1.5,0.0|1.5
80,0.05,800504,v80,v54,0.0,11,0.1375,0.016309022903442383,,,0,0,0.0|0.5,0.0|0.5,2,2,True,True,False,0.0960242748260498,0.016309022903442383,5.887800599371391,2,2,0.0|0.5,0.0|0.5
80,0.05,800505,v77,v69,1.9999999999999993,15,0.1875,0.013530731201171875,,,0,0,0.0|2.0,0.0|2.0,2,2,True,True,False,0.11725926399230957,0.013530731201171875,8.666143924443192,3,3,0.0|2.0|2.0,0.0|2.0|2.0
80,0.05,800506,v67,v45,1.0,8,0.1,0.00774073600769043,,,0,0,0.0|1.0,0.0|1.0,2,2,True,True,False,0.09437203407287598,0.00774073600769043,12.191609942403055,3,3,0.0|1.0|1.0,0.0|1.0|1.0
80,0.05,800507,v6,v14,0.9999999999999999,8,0.1,0.006433010101318359,,,0,0,0.0|1.0,0.0|1.0,2,2,True,True,False,0.09029316902160645,0.006433010101318359,14.035912830776073,2,2,0.0|1.0,0.0|1.0
80,0.05,800508,v57,v54,1.0,23,0.2875,0.02088189125061035,,,0,0,1.0|1.5,1.0|1.5,2,2,True,True,False,0.07550215721130371,0.02088189125061035,3.615676200262602,3,3,1.0|1.5|1.5,1.0|1.5|1.5
80,0.05,800509,v51,v70,0.0,7,0.0875,0.0062978267669677734,,,0,0,0.0|0.3333,0.0|0.3333,2,2,True,True,False,0.0865778923034668,0.0062978267669677734,13.747264811660042,2,2,0.0|0.3333,0.0|0.3333
80,0.05,800510,v29,v62,0.0,8,0.1,0.008153915405273438,,,0,0,0.0|0.5,0.0|0.5,2,2,True,True,False,0.09428000450134277,0.008153915405273438,11.562543859649123,2,2,0.0|0.5,0.0|0.5
80,0.05,800511,v65,v22,6.344131569286612e-17,7,0.0875,0.007566690444946289,,,0,0,0.0|0.4286,0.0|0.4286,2,2,True,True,False,0.10922574996948242,0.007566690444946289,14.435075779059142,3,3,0.0|0.4286|0.4286,0.0|0.4286|0.4286
80,0.05,800512,v65,v5,0.0,10,0.125,0.007898092269897461,,,0,0,0.0|0.5,0.0|0.5,2,2,True,True,False,0.09010934829711914,0.007898092269897461,11.409001720650828,2,2,0.0|0.5,0.0|0.5
80,0.05,800513,v64,v74,1.9999999999999978,25,0.3125,0.017822742462158203,,,0,0,1.0|2.0,1.0|2.0,2,2,True,True,False,0.08268618583679199,0.017822742462158203,4.639363779864623,4,4,1.0|2.0|2.0|2.0,1.0|2.0|2.0|2.0
80,0.05,800514,v39,v58,1.0,26,0.325,0.013803482055664062,,,0,0,0.0|1.0,0.0|1.0,2,2,True,True,False,0.07589483261108398,0.013803482055664062,5.498238220257012,2,2,0.0|1.0,0.0|1.0
80,0.05,800515,v38,v68,1.0,42,0.525,0.048398733139038086,,,0,0,1.0|1.5,1.0|1.5,2,2,True,True,False,0.08871245384216309,0.048398733139038086,1.8329499160094385,2,2,1.0|1.5,1.0|1.5
80,0.05,800516,v36,v34,2.0,25,0.3125,0.033562660217285156,,,0,0,0.0|2.0,0.0|2.0,2,2,True,True,False,0.09556317329406738,0.033562660217285156,2.8473062824993605,4,4,0.0|0.0|0.0|2.0,0.0|0.0|0.0|2.0
80,0.05,800517,v43,v28,2.999999999999999,27,0.3375,0.02113795280456543,,,0,0,1.5|2.5|3.0|3.5,1.5|2.5|3.0|3.5,4,4,True,True,False,0.09967184066772461,0.02113795280456543,4.715302450963805,4,4,1.5|2.5|3.0|3.5,1.5|2.5|3.0|3.5
80,0.05,800518,v71,v50,1.0,8,0.1,0.0077304840087890625,,,0,0,1.0|1.5,1.0|1.5,2,2,True,True,False,0.09019947052001953,0.0077304840087890625,11.668023686158401,2,2,1.0|1.5,1.0|1.5
80,0.05,800519,v41,v67,1.0,18,0.225,0.010994195938110352,,,0,0,0.0|1.0,0.0|1.0,2,2,True,True,False,0.1103675365447998,0.010994195938110352,10.038709257693059,2,2,0.0|1.0,0.0|1.0
80,0.05,800520,v60,v15,0.0,8,0.1,0.008044958114624023,,,0,0,0.0|0.3333,0.0|0.3333,2,2,True,True,False,0.09082150459289551,0.008044958114624023,11.289245176777406,2,2,0.0|0.3333,0.0|0.3333
80,0.05,800521,v74,v24,4.0,20,0.25,0.015552282333374023,,,0,0,2.0|4.0,2.0|4.0,2,2,True,True,False,0.08623552322387695,0.015552282333374023,5.544878968588555,3,3,2.0|4.0|4.0,2.0|4.0|4.0
80,0.05,800522,v55,v78,0.0,16,0.2,0.01291966438293457,,,0,0,0.0|1.3333,0.0|1.3333,2,2,True,True,False,0.08340573310852051,0.01291966438293457,6.455719795530459,3,3,0.0|1.3333|1.3333,0.0|1.3333|1.3333
80,0.05,800523,v17,v18,0.0,19,0.2375,0.020159006118774414,,,0,0,0.0|0.5,0.0|0.5,2,2,True,True,False,0.07552003860473633,0.020159006118774414,3.7462183482549407,2,2,0.0|0.5,0.0|0.5
80,0.05,800524,v43,v46,2.0,15,0.1875,0.010963678359985352,,,0,0,2.0|2.5,2.0|2.5,2,2,True,True,False,0.10170269012451172,0.010963678359985352,9.276329237794933,2,2,2.0|2.5,2.0|2.5
80,0.05,800525,v72,v75,3.0000000000000018,32,0.4,0.03065013885498047,,,0,0,2.0|3.0,2.0|3.0,2,2,True,True,False,0.0926353931427002,0.03065013885498047,3.022348237344037,2,2,2.0|3.0,2.0|3.0
80,0.05,800526,v3,v29,1.0,27,0.3375,0.023131847381591797,,,0,0,1.0|2.0,1.0|2.0,2,2,True,True,False,0.08634519577026367,0.023131847381591797,3.732741027808126,2,2,1.0|2.0,1.0|2.0
80,0.05,800527,v32,v14,1.0,12,0.15,0.01142430305480957,,,0,0,0.3333|1.0|1.3333,0.3333|1.0|1.3333,3,3,True,True,False,0.12421774864196777,0.01142430305480957,10.873113926163992,3,3,0.3333|1.0|1.3333,0.3333|1.0|1.3333
80,0.05,800528,v62,v72,1.0,12,0.15,0.015167951583862305,,,0,0,1.0|1.5,1.0|1.5,2,2,True,True,False,0.07524919509887695,0.015167951583862305,4.961065090617582,3,3,1.0|1.5|1.5,1.0|1.5|1.5
80,0.05,800529,v26,v68,3.0,44,0.55,0.0402531623840332,,,0,0,2.0|3.0,2.0|3.0,2,2,True,True,False,0.07410979270935059,0.0402531623840332,1.8410924339884147,2,2,2.0|3.0,2.0|3.0
80,0.05,800530,v45,v44,5.000000000000002,25,0.3125,0.027292728424072266,,,0,0,4.5|5.0|5.5,4.5|5.0|5.5,3,3,True,True,False,0.10960721969604492,0.027292728424072266,4.015986162796792,3,3,4.5|5.0|5.5,4.5|5.0|5.5
80,0.05,800531,v69,v78,2.498001805406601e-16,5,0.0625,0.006712198257446289,,,0,0,0.0|0.25,0.0|0.25,2,2,True,True,False,0.11064600944519043,0.006712198257446289,16.48431783468902,2,2,0.0|0.25,0.0|0.25
80,0.05,800532,v61,v66,1.0,9,0.1125,0.007681369781494141,,,0,0,0.0|1.0,0.0|1.0,2,2,True,True,False,0.08814287185668945,0.007681369781494141,11.47488981314793,5,5,0.0|0.0|0.0|1.0|1.0,0.0|0.0|0.0|1.0|1.0
80,0.05,800533,v67,v44,0.0,4,0.05,0.00633549690246582,,,0,0,0.0|0.5,0.0|0.5,2,2,True,True,False,0.08176279067993164,0.00633549690246582,12.905505588379182,3,3,0.0|0.5|0.5,0.0|0.5|0.5
80,0.05,800534,v10,v61,0.0,15,0.1875,0.010418176651000977,,,0,0,0.0|0.5,0.0|0.5,2,2,True,True,False,0.16029620170593262,0.010418176651000977,15.38620500263176,2,2,0.0|0.5,0.0|0.5
80,0.05,800535,v38,v25,4.999999999999998,46,0.575,0.05543327331542969,,,0,0,2.0|4.0|5.0,2.0|4.0|5.0,3,3,True,True,False,0.09091877937316895,0.05543327331542969,1.6401481264838453,3,3,2.0|4.0|5.0,2.0|4.0|5.0
80,0.05,800536,v50,v63,2.0,14,0.175,0.011302947998046875,,,0,0,1.0|2.0,1.0|2.0,2,2,True,True,False,0.10091447830200195,0.011302947998046875,8.92815558555518,3,3,1.0|1.0|2.0,1.0|1.0|2.0
80,0.05,800537,v43,v8,0.0,16,0.2,0.009973287582397461,,,0,0,0.0|0.5,0.0|0.5,2,2,True,True,False,0.08711528778076172,0.009973287582397461,8.734861705433769,2,2,0.0|0.5,0.0|0.5
80,0.05,800538,v70,v10,2.0,13,0.1625,0.013471364974975586,,,0,0,1.5|2.0|2.5,1.5|2.0|2.5,3,3,True,True,False,0.09943151473999023,0.013471364974975586,7.380953223722634,3,3,1.5|2.0|2.5,1.5|2.0|2.5
80,0.05,800539,v36,v3,0.0,13,0.1625,0.008061408996582031,,,0,0,0.0|1.0,0.0|1.0,2,2,True,True,False,0.10219383239746094,0.008061408996582031,12.676919436886312,2,2,0.0|1.0,0.0|1.0
80,0.05,800540,v66,v45,7.401486830834377e-17,8,0.1,0.007369279861450195,,,0,0,0.0|0.6667,0.0|0.6667,2,2,True,True,False,0.09719133377075195,0.007369279861450195,13.188715260927237,2,2,0.0|0.6667,0.0|0.6667
80,0.05,800541,v80,v61,0.0,10,0.125,0.009055376052856445,,,0,0,0.0|0.5,0.0|0.5,2,2,True,True,False,0.10850834846496582,0.009055376052856445,11.982754535162318,2,2,0.0|0.5,0.0|0.5
80,0.05,800542,v16,v12,1.0,29,0.3625,0.027764081954956055,,,0,0,0.0|1.0,0.0|1.0,2,2,True,True,False,0.09280824661254883,0.027764081954956055,3.3427450172175424,3,3,0.0|1.0|1.0,0.0|1.0|1.0
80,0.05,800543,v55,v41,1.0,7,0.0875,0.006743431091308594,,,0,0,0.0|1.0,0.0|1.0,2,2,True,True,False,0.08551979064941406,0.006743431091308594,12.68194031961533,3,3,0.0|1.0|1.0,0.0|1.0|1.0
80,0.05,800544,v70,v19,1.0,16,0.2,0.01308441162109375,,,0,0,0.0|1.0,0.0|1.0,2,2,True,True,False,0.0833885669708252,0.01308441162109375,6.373123177842565,4,4,0.0|0.0|0.0|1.0,0.0|0.0|0.0|1.0
80,0.05,800545,v41,v42,0.0,7,0.0875,0.00711512565612793,,,0,0,0.0|0.25,0.0|0.25,2,2,True,True,False,0.08057522773742676,0.00711512565612793,11.32449820728479,3,3,0.0|0.25|0.25,0.0|0.25|0.25
80,0.05,800546,v71,v4,0.0,8,0.1,0.006997823715209961,,,0,0,0.0|0.5,0.0|0.5,2,2,True,True,False,0.08850812911987305,0.006997823715209961,12.647950666076113,2,2,0.0|0.5,0.0|0.5
80,0.05,800547,v9,v41,1.0,26,0.325,0.02070164680480957,,,0,0,1.0|1.5,1.0|1.5,2,2,True,True,False,0.09726905822753906,0.02070164680480957,4.698614518190927,2,2,1.0|1.5,1.0|1.5
80,0.05,800548,v78,v41,2.0,33,0.4125,0.03769826889038086,,,0,0,2.0|2.5,2.0|2.5,2,2,True,True,False,0.10035109519958496,0.03769826889038086,2.6619549956361706,2,2,2.0|2.5,2.0|2.5
80,0.05,800549,v39,v71,-1.1102230246251558e-15,25,0.3125,0.021745681762695312,,,0,0,-0.0|1.5,-0.0|1.5,2,2,True,True,False,0.11989116668701172,0.021745681762695312,5.513332163845277,2,2,-0.0|1.5,-0.0|1.5
80,0.1,801000,v75,v62,0.9999999999999671,24,0.3,0.02752065658569336,,,0,0,-0.0|1.0,-0.0|1.0,2,2,True,True,False,0.24884533882141113,0.02752065658569336,9.042129429091224,3,3,-0.0|1.0|1.0,-0.0|1.0|1.0
80,0.1,801001,v64,v26,10.999999999999979,24,0.3,0.019583463668823242,,,0,0,8.0|9.0|11.0,8.0|9.0|11.0,3,3,True,True,False,0.31197357177734375,0.019583463668823242,15.930459343308295,4,4,8.0|8.0|9.0|11.0,8.0|8.0|9.0|11.0
80,0.1,801002,v58,v72,5.056695802826041e-13,31,0.3875,0.035162925720214844,,,0,0,0.0|7.3333,0.0|7.3333,2,2,True,True,False,0.25559043884277344,0.035162925720214844,7.268747796371132,2,2,0.0|7.3333,0.0|7.3333
80,0.1,801003,v60,v1,3.23074900165919e-14,15,0.1875,0.011920690536499023,,,0,0,0.0|0.5,0.0|0.5,2,2,True,True,False,0.24094796180725098,0.011920690536499023,20.212584251685033,2,2,0.0|0.5,0.0|0.5
80,0.1,801004,v37,v56,1.0000000000060303,18,0.225,0.01593756675720215,,,0,0,0.0|1.0,0.0|1.0,2,2,True,True,False,0.27769970893859863,0.01593756675720215,17.42422247819648,2,2,0.0|1.0,0.0|1.0
80,0.1,801005,v26,v63,8.999999999999662,36,0.45,0.06949448585510254,,,0,0,9.0|15.0|21.0,9.0|15.0|21.0,3,3,True,True,False,0.2747933864593506,0.06949448585510254,3.9541754007979937,3,3,9.0|15.0|21.0,9.0|15.0|21.0
80,0.1,801006,v16,v65,18.00000000000008,53,0.6625,0.14562129974365234,,,0,0,18.0|24.0,18.0|24.0,2,2,True,True,False,0.27040815353393555,0.14562129974365234,1.8569272078326076,2,2,18.0|24.0,18.0|24.0
80,0.1,801007,v25,v36,64.99999999999969,58,0.725,0.24062132835388184,,,0,0,52.5|65.0|82.5|93.5,52.5|65.0|82.5|93.5,4,4,True,True,False,0.29711151123046875,0.24062132835388184,1.234767978645296,4,4,52.5|65.0|82.5|93.5,52.5|65.0|82.5|93.5
80,0.1,801008,v55,v49,449.99999999999227,61,0.7625,0.24011921882629395,,,0,0,107.0|202.0|347.0|450.0,107.0|202.0|347.0|450.0,4,4,True,True,False,0.2961118221282959,0.24011921882629395,1.2331866794157276,5,5,107.0|107.0|202.0|347.0|450.0,107.0|107.0|202.0|347.0|450.0
80,0.1,801009,v61,v56,2.999999999999807,32,0.4,0.03839421272277832,,,0,0,2.0|3.0,2.0|3.0,2,2,True,True,False,0.22367119789123535,0.03839421272277832,5.825648763948657,2,2,2.0|3.0,2.0|3.0
80,0.1,801010,v69,v59,13.00000000000106,45,0.5625,0.09357380867004395,,,0,0,9.0|13.0,9.0|13.0,2,2,True,True,False,0.2611825466156006,0.09357380867004395,2.7911928597089766,2,2,9.0|13.0,9.0|13.0
80,0.1,801011,v32,v2,15.999999999999847,34,0.425,0.05358695983886719,,,0,0,2.0|16.0,2.0|16.0,2,2,True,True,False,0.2279500961303711,0.05358695983886719,4.253835201993237,2,2,2.0|16.0,2.0|16.0
80,0.1,801012,v65,v46,21.00000000000526,39,0.4875,0.07876348495483398,,,0,0,19.0|21.0,19.0|21.0,2,2,True,True,False,0.2221212387084961,0.07876348495483398,2.820104250540323,2,2,19.0|21.0,19.0|21.0
80,0.1,801013,v11,v67,29.999999999999588,35,0.4375,0.06407690048217773,,,0,0,30.0|49.0,30.0|49.0,2,2,True,True,False,0.24077630043029785,0.06407690048217773,3.757614657052069,2,2,30.0|49.0,30.0|49.0
80,0.1,801014,v48,v18,14.000000000000036,49,0.6125,0.09870195388793945,,,0,0,14.0|19.5,14.0|19.5,2,2,True,True,False,0.22500920295715332,0.09870195388793945,2.279683370935249,2,2,14.0|19.5,14.0|19.5
80,0.1,801015,v6,v66,3.0000000000000715,18,0.225,0.015119314193725586,,,0,0,2.0|3.0,2.0|3.0,2,2,True,True,False,0.26451659202575684,0.015119314193725586,17.49527714263187,2,2,2.0|3.0,2.0|3.0
80,0.1,801016,v28,v9,8.999999999999963,21,0.2625,0.021144390106201172,,,0,0,4.0|9.0,4.0|9.0,2,2,True,True,False,0.23285150527954102,0.021144390106201172,11.012448413503822,2,2,4.0|9.0,4.0|9.0
80,0.1,801017,v40,v64,9.999999999997254,47,0.5875,0.09210658073425293,,,0,0,10.0|17.3333,10.0|17.3333,2,2,True,True,False,0.27292490005493164,0.09210658073425293,2.9631422410780615,2,2,10.0|17.3333,10.0|17.3333
80,0.1,801018,v11,v5,3.5527136788004883e-15,27,0.3375,0.023160219192504883,,,0,0,0.0|2.6667,0.0|2.6667,2,2,True,True,False,0.25081920623779297,0.023160219192504883,10.829742333309314,2,2,0.0|2.6667,0.0|2.6667
80,0.1,801019,v62,v6,47.00000000000186,52,0.65,0.16017389297485352,,,0,0,47.0|63.5,47.0|63.5,2,2,True,True,False,0.305527925491333,0.16017389297485352,1.9074764296282625,2,2,47.0|63.5,47.0|63.5
80,0.1,801020,v61,v44,11.000000000000261,31,0.3875,0.04585003852844238,,,0,0,7.0|9.0|11.0,7.0|9.0|11.0,3,3,True,True,False,0.25148916244506836,0.04585003852844238,5.485037101747708,4,4,7.0|7.0|9.0|11.0,7.0|7.0|9.0|11.0
80,0.1,801021,v69,v54,2.0000000000000018,52,0.65,0.12144017219543457,,,0,0,2.0|5.0,2.0|5.0,2,2,True,True,False,0.2458481788635254,0.12144017219543457,2.0244386550101403,2,2,2.0|5.0,2.0|5.0
80,0.1,801022,v2,v3,0.9999999999999858,23,0.2875,0.01885986328125,,,0,0,1.0|3.6667,1.0|3.6667,2,2,True,True,False,0.26465868949890137,0.01885986328125,14.032906047734627,2,2,1.0|3.6667,1.0|3.6667
80,0.1,801023,v78,v65,-1.4210854715202322e-14,45,0.5625,0.09054446220397949,,,0,0,-0.0|29.3333,-0.0|29.3333,2,2,True,True,False,0.264892578125,0.09054446220397949,2.9255525040089947,2,2,-0.0|29.3333,-0.0|29.3333
80,0.1,801024,v79,v1,6.999999999999476,45,0.5625,0.08182811737060547,,,0,0,3.0|7.0|30.25|31.25,3.0|7.0|30.25|31.25,4,4,True,True,False,0.23581838607788086,0.08182811737060547,2.8818747596237895,5,5,3.0|3.0|7.0|30.25|31.25,3.0|3.0|7.0|30.25|31.25
80,0.1,801025,v17,v77,6.999999999999839,27,0.3375,0.0435938835144043,,,0,0,3.0|7.0|9.0,3.0|7.0|9.0,3,3,True,True,False,0.24978303909301758,0.0435938835144043,5.729772595517539,4,4,3.0|3.0|7.0|9.0,3.0|3.0|7.0|9.0
80,0.1,801026,v28,v77,2.0000000000000213,32,0.4,0.04572010040283203,,,0,0,2.0|5.0|7.0,2.0|5.0|7.0,3,3,True,True,False,0.25086092948913574,0.04572010040283203,5.486884921048789,3,3,2.0|5.0|7.0,2.0|5.0|7.0
80,0.1,801027,v52,v45,4.014566457044596e-13,25,0.3125,0.029858112335205078,,,0,0,0.0|8.0,0.0|8.0,2,2,True,True,False,0.2678701877593994,0.029858112335205078,8.971437469057923,2,2,0.0|8.0,0.0|8.0
80,0.1,801028,v34,v52,6.439293542825775e-15,3,0.0375,0.006726503372192383,,,0,0,0.0|0.5,0.0|0.5,2,2,True,True,False,0.2786276340484619,0.006726503372192383,41.422358487222205,2,2,0.0|0.5,0.0|0.5
80,0.1,801029,v55,v68,35.99999999999139,38,0.475,0.05876970291137695,,,0,0,18.0|36.0,18.0|36.0,2,2,True,True,False,0.2375338077545166,0.05876970291137695,4.041773158402908,2,2,18.0|36.0,18.0|36.0
80,0.1,801030,v6,v24,-9.992007221626409e-15,18,0.225,0.015204429626464844,,,0,0,-0.0|1.0,-0.0|1.0,2,2,True,True,False,0.26655125617980957,0.015204429626464844,17.531157874929438,2,2,-0.0|1.0,-0.0|1.0
80,0.1,801031,v72,v55,12.00000000000055,37,0.4625,0.0491032600402832,,,0,0,3.0|11.0|12.0,3.0|11.0|12.0,3,3,True,True,False,0.24399423599243164,0.0491032600402832,4.969002787030114,3,3,3.0|11.0|12.0,3.0|11.0|12.0
80,0.1,801032,v23,v9,8.881784197001266e-16,34,0.425,0.04056859016418457,,,0,0,0.0|6.0,0.0|6.0,2,2,True,True,False,0.2087693214416504,0.04056859016418457,5.146082735356171,2,2,0.0|6.0,0.0|6.0
80,0.1,801033,v33,v28,-5.884182030512652e-14,4,0.05,0.006699085235595703,,,0,0,-0.0|0.5,-0.0|0.5,2,2,True,True,False,0.27026987075805664,0.006699085235595703,40.34429496761335,2,2,-0.0|0.5,-0.0|0.5
80,0.1,801034,v55,v18,1.999999999999964,8,0.1,0.007883310317993164,,,0,0,0.0|2.0,0.0|2.0,2,2,True,True,False,0.23502612113952637,0.007883310317993164,29.813125661575683,2,2,0.0|2.0,0.0|2.0
80,0.1,801035,v61,v22,9.999999999993758,45,0.5625,0.15199828147888184,,,0,0,10.0|54.5,10.0|54.5,2,2,True,True,False,0.29526376724243164,0.15199828147888184,1.9425467470397333,2,2,10.0|54.5,10.0|54.5
80,0.1,801036,v79,v40,3.000000000000011,14,0.175,0.012318849563598633,,,0,0,2.0|3.0,2.0|3.0,2,2,True,True,False,0.2659423351287842,0.012318849563598633,21.588244401865722,2,2,2.0|3.0,2.0|3.0
80,0.1,801037,v21,v73,0.9999999999999912,13,0.1625,0.012529373168945312,,,0,0,1.0|2.0,1.0|2.0,2,2,True,True,False,0.3004915714263916,0.012529373168945312,23.982969249505253,4,4,1.0|1.0|1.0|2.0,1.0|1.0|1.0|2.0
80,0.1,801038,v42,v39,85.0000000000193,54,0.675,0.15413117408752441,,,0,0,35.0|60.0|85.0,35.0|60.0|85.0,3,3,True,True,False,0.2851436138153076,0.15413117408752441,1.8500061100772964,3,3,35.0|60.0|85.0,35.0|60.0|85.0
80,0.1,801039,v11,v31,69.00000000000031,64,0.8,0.31412839889526367,,,0,0,69.0|101.5,69.0|101.5,2,2,True,True,False,0.2734978199005127,0.31412839889526367,0.8706561420818945,3,3,69.0|101.5|101.5,69.0|101.5|101.5
80,0.1,801040,v7,v5,0.9999999999999947,22,0.275,0.022577762603759766,,,0,0,1.0|1.5|2.6667|3.1667,1.0|1.5|2.6667|3.1667,4,4,True,True,False,0.24022340774536133,0.022577762603759766,10.639823438720986,4,4,1.0|1.5|2.6667|3.1667,1.0|1.5|2.6667|3.1667
80,0.1,801041,v14,v36,3.33066907387547e-16,16,0.2,0.014389276504516602,,,0,0,0.0|0.5,0.0|0.5,2,2,True,True,False,0.20816731452941895,0.014389276504516602,14.466836776962205,2,2,0.0|0.5,0.0|0.5
80,0.1,801042,v31,v34,1.9999999999999996,21,0.2625,0.017504453659057617,,,0,0,1.0|2.0,1.0|2.0,2,2,True,True,False,0.25003600120544434,0.017504453659057617,14.284136259006525,2,2,1.0|2.0,1.0|2.0
80,0.1,801043,v17,v73,2.0000000000000355,26,0.325,0.02443099021911621,,,0,0,2.0|7.5,2.0|7.5,2,2,True,True,False,0.25296640396118164,0.02443099021911621,10.354324638190317,2,2,2.0|7.5,2.0|7.5
80,0.1,801044,v41,v48,2.9605947323337426e-15,19,0.2375,0.015245676040649414,,,0,0,0.0|3.0,0.0|3.0,2,2,True,True,False,0.23223161697387695,0.015245676040649414,15.232621784345922,2,2,0.0|3.0,0.0|3.0
80,0.1,801045,v65,v24,1.9999999999999931,8,0.1,0.008256673812866211,,,0,0,-0.0|2.0,-0.0|2.0,2,2,True,True,False,0.23697853088378906,0.008256673812866211,28.70145245589212,4,4,-0.0|-0.0|-0.0|2.0,-0.0|-0.0|-0.0|2.0
80,0.1,801046,v35,v1,-3.434289889507109e-14,21,0.2625,0.02527618408203125,,,0,0,-0.0|6.3333,-0.0|6.3333,2,2,True,True,False,0.2973763942718506,0.02527618408203125,11.765082629037126,2,2,-0.0|6.3333,-0.0|6.3333
80,0.1,801047,v80,v7,2.864375403532904e-14,10,0.125,0.008887290954589844,,,0,0,0.0|1.0,0.0|1.0,2,2,True,True,False,0.19925594329833984,0.008887290954589844,22.420324069106126,2,2,0.0|1.0,0.0|1.0
80,0.1,801048,v14,v76,3.0000000000000084,22,0.275,0.022025585174560547,,,0,0,3.0|4.0,3.0|4.0,2,2,True,True,False,0.229034423828125,0.022025585174560547,10.398562490528457,3,3,3.0|4.0|4.0,3.0|4.0|4.0
80,0.1,801049,v41,v13,0.9999999999999765,49,0.6125,0.11300230026245117,,,0,0,1.0|22.0,1.0|22.0,2,2,True,True,False,0.3361213207244873,0.11300230026245117,2.9744644130591644,2,2,1.0|22.0,1.0|22.0
80,0.15,801500,v17,v79,5835.000000002747,70,0.875,0.5722358226776123,,,0,0,4613.0|5677.0|5835.0|6330.0|7296.0,4613.0|5677.0|5835.0|6330.0|7296.0,5,5,True,True,False,0.47312116622924805,0.5722358226776123,0.8267940374921202,6,6,4613.0|4613.0|5677.0|5835.0|6330.0|7296.0,4613.0|4613.0|5677.0|5835.0|6330.0|7296.0
80,0.15,801501,v58,v23,30.999999999999034,48,0.6,0.17027902603149414,,,0,0,31.0|237.0,31.0|237.0,2,2,True,True,False,0.4573860168457031,0.17027902603149414,2.6860972105930814,2,2,31.0|237.0,31.0|237.0
80,0.15,801502,v65,v38,236.9999999999899,54,0.675,0.25583720207214355,,,0,0,237.0|314.5,237.0|314.5,2,2,True,True,False,0.485828161239624,0.25583720207214355,1.8989738681656834,2,2,237.0|314.5,237.0|314.5
80,0.15,801503,v17,v46,37.00000000043636,43,0.5375,0.1600804328918457,,,0,0,37.0|53.0|57.0|73.0,37.0|53.0|57.0|73.0,4,4,True,True,False,0.5020077228546143,0.1600804328918457,3.135971797338798,4,4,37.0|53.0|57.0|73.0,37.0|53.0|57.0|73.0
80,0.15,801504,v30,v12,5.977440764570129e-13,5,0.0625,0.0077972412109375,,,0,0,0.0|0.5,0.0|0.5,2,2,True,True,False,0.47844505310058594,0.0077972412109375,61.36081213307241,2,2,0.0|0.5,0.0|0.5
80,0.15,801505,v47,v27,87.99999999913075,66,0.825,0.48233866691589355,,,0,0,88.0|1757.5,88.0|1757.5,2,2,True,True,False,0.5392701625823975,0.48233866691589355,1.1180322034526649,2,2,88.0|1757.5,88.0|1757.5
80,0.15,801506,v78,v49,40.00000000000758,49,0.6125,0.20862126350402832,,,0,0,40.0|176.0,40.0|176.0,2,2,True,True,False,0.5164318084716797,0.20862126350402832,2.4754514463081456,2,2,40.0|176.0,40.0|176.0
80,0.15,801507,v27,v57,6.000000000009031,26,0.325,0.029761075973510742,,,0,0,6.0|6.5,6.0|6.5,2,2,True,True,False,0.4745213985443115,0.029761075973510742,15.94436299838977,2,2,6.0|6.5,6.0|6.5
80,0.15,801508,v75,v4,125.99999999925657,42,0.525,0.12131524085998535,,,0,0,126.0|162.0|171.0,126.0|162.0|171.0,3,3,True,True,False,0.5177803039550781,0.12131524085998535,4.268056513630209,3,3,126.0|162.0|171.0,126.0|162.0|171.0
80,0.15,801509,v4,v17,122.00000000039516,68,0.85,0.5318126678466797,,,0,0,122.0|1925.0,122.0|1925.0,2,2,True,True,False,0.413254976272583,0.5318126678466797,0.777068695911026,2,2,122.0|1925.0,122.0|1925.0
80,0.15,801510,v75,v9,26.999999999998224,33,0.4125,0.0417180061340332,,,0,0,20.0|27.0,20.0|27.0,2,2,True,True,False,0.4411585330963135,0.0417180061340332,10.574775114585833,2,2,20.0|27.0,20.0|27.0
80,0.15,801511,v71,v49,10.000000000000693,31,0.3875,0.04882359504699707,,,0,0,10.0|18.5,10.0|18.5,2,2,True,True,False,0.4651908874511719,0.04882359504699707,9.527993319692746,2,2,10.0|18.5,10.0|18.5
80,0.15,801512,v16,v22,3.000000000001757,18,0.225,0.015330791473388672,,,0,0,1.0|2.0|3.0,1.0|2.0|3.0,3,3,True,True,False,0.49449753761291504,0.015330791473388672,32.2551864638736,3,3,1.0|2.0|3.0,1.0|2.0|3.0
80,0.15,801513,v9,v49,16.000000000022627,31,0.3875,0.05287933349609375,,,0,0,11.0|16.0,11.0|16.0,2,2,True,True,False,0.5857443809509277,0.05287933349609375,11.077000072139663,2,2,11.0|16.0,11.0|16.0
80,0.15,801514,v74,v32,5768.000000002663,57,0.7125,0.3451385498046875,,,0,0,844.0|5768.0,844.0|5768.0,2,2,True,True,False,0.46624326705932617,0.3451385498046875,1.3508872518678987,2,2,844.0|5768.0,844.0|5768.0
80,0.15,801515,v42,v36,83.99999999996913,46,0.575,0.15276265144348145,,,0,0,84.0|109.5|110.5,84.0|109.5|110.5,3,3,True,True,False,0.45134758949279785,0.15276265144348145,2.9545676592277905,3,3,84.0|109.5|110.5,84.0|109.5|110.5
80,0.15,801516,v24,v79,140.00000000021325,54,0.675,0.24624133110046387,,,0,0,139.0|140.0,139.0|140.0,2,2,True,True,False,0.5372917652130127,0.24624133110046387,2.181972306646618,2,2,139.0|140.0,139.0|140.0
80,0.15,801517,v64,v72,2.000000000262302,46,0.575,0.15498971939086914,,,0,0,2.0|288.5,2.0|288.5,2,2,True,True,False,0.557490348815918,0.15498971939086914,3.596950501019884,2,2,2.0|288.5,2.0|288.5
80,0.15,801518,v42,v28,1755.9999999972292,61,0.7625,0.46121644973754883,,,0,0,1146.0|1756.0,1146.0|1756.0,2,2,True,True,False,0.4716677665710449,0.46121644973754883,1.0226603297420187,2,2,1146.0|1756.0,1146.0|1756.0
80,0.15,801519,v74,v32,525.0000000000059,62,0.775,0.4655787944793701,,,0,0,525.0|562.5,525.0|562.5,2,2,True,True,False,0.5124075412750244,0.4655787944793701,1.1005817862646003,2,2,525.0|562.5,525.0|562.5
80,0.15,801520,v67,v60,129.00000000001526,42,0.525,0.11489176750183105,,,0,0,71.0|113.0|122.0|129.0,71.0|113.0|122.0|129.0,4,4,True,True,False,0.4839351177215576,0.11489176750183105,4.21209568138853,4,4,71.0|113.0|122.0|129.0,71.0|113.0|122.0|129.0
80,0.15,801521,v39,v49,12.000000000186438,36,0.45,0.07193303108215332,,,0,0,12.0|19.0|30.0,12.0|19.0|30.0,3,3,True,True,False,0.5052433013916016,0.07193303108215332,7.023801079848464,3,3,12.0|19.0|30.0,12.0|19.0|30.0
80,0.15,801522,v47,v33,1.000000000005854,6,0.075,0.00926971435546875,,,0,0,0.0|1.0,0.0|1.0,2,2,True,True,False,0.5389881134033203,0.00926971435546875,58.14506172839506,3,3,0.0|1.0|1.0,0.0|1.0|1.0
80,0.15,801523,v37,v65,3.0000000000000604,58,0.725,0.22598695755004883,,,0,0,3.0|145.6667,3.0|145.6667,2,2,True,True,False,0.36304211616516113,0.22598695755004883,1.6064737545075318,2,2,3.0|145.6667,3.0|145.6667
80,0.15,801524,v39,v37,710.0000000010164,43,0.5375,0.15247082710266113,,,0,0,456.5|710.0|1104.5,456.5|710.0|1104.5,3,3,True,True,False,0.530764102935791,0.15247082710266113,3.4810862708734356,3,3,456.5|710.0|1104.5,456.5|710.0|1104.5
80,0.15,801525,v74,v50,-2.637889906509358e-13,5,0.0625,0.007689476013183594,,,0,0,-0.0|0.5,-0.0|0.5,2,2,True,True,False,0.49114513397216797,0.007689476013183594,63.8723800074414,2,2,-0.0|0.5,-0.0|0.5
80,0.15,801526,v60,v25,0.9999999999997368,13,0.1625,0.01051640510559082,,,0,0,1.0|2.5,1.0|2.5,2,2,True,True,False,0.40130186080932617,0.01051640510559082,38.159604615838035,2,2,1.0|2.5,1.0|2.5
80,0.15,801527,v50,v3,38.000000000001386,28,0.35,0.04269981384277344,,,0,0,26.0|38.0|59.5|65.5|67.5,26.0|38.0|59.5|65.5|67.5,5,5,True,True,False,0.3827822208404541,0.04269981384277344,8.964493902711395,6,6,26.0|26.0|38.0|59.5|65.5|67.5,26.0|26.0|38.0|59.5|65.5|67.5
80,0.15,801528,v51,v57,1.000000000001108,12,0.15,0.011125564575195312,,,0,0,0.0|1.0,0.0|1.0,2,2,True,True,False,0.4791882038116455,0.011125564575195312,43.07091119492542,5,5,0.0|1.0|1.0|1.0|1.0,0.0|1.0|1.0|1.0|1.0
80,0.15,801529,v10,v50,501.99999999982253,46,0.575,0.16968822479248047,,,0,0,436.0|502.0|534.0|545.0,436.0|502.0|534.0|545.0,4,4,True,True,False,0.5084226131439209,0.16968822479248047,2.9962162298868664,4,4,436.0|502.0|534.0|545.0,436.0|502.0|534.0|545.0
80,0.15,801530,v57,v56,-1.31450406115611e-12,14,0.175,0.013701677322387695,,,0,0,-0.0|0.5,-0.0|0.5,2,2,True,True,False,0.4761199951171875,0.013701677322387695,34.74902991177852,4,4,-0.0|0.0|0.0|0.5,-0.0|0.0|0.0|0.5
80,0.15,801531,v67,v31,199.9999999999522,46,0.575,0.14068293571472168,,,0,0,198.0|200.0,198.0|200.0,2,2,True,True,False,0.4727749824523926,0.14068293571472168,3.360570918217762,2,2,198.0|200.0,198.0|200.0
80,0.15,801532,v17,v54,-9.658940314238862e-15,10,0.125,0.012240886688232422,,,0,0,-0.0|0.5,-0.0|0.5,2,2,True,True,False,0.4630763530731201,0.012240886688232422,37.83029488527911,2,2,-0.0|0.5,-0.0|0.5
80,0.15,801533,v44,v1,0.9999999999963192,12,0.15,0.014220952987670898,,,0,0,-0.0|1.0,-0.0|1.0,2,2,True,True,False,0.37578344345092773,0.014220952987670898,26.424631582476906,2,2,-0.0|1.0,-0.0|1.0
80,0.15,801535,v62,v54,55.00000000149355,55,0.6875,0.2653336524963379,,,0,0,55.0|1583.5,55.0|1583.5,2,2,True,True,False,0.46579790115356445,0.2653336524963379,1.7555176162963095,2,2,55.0|1583.5,55.0|1583.5
80,0.15,801536,v7,v52,-6.22094968131844e-14,4,0.05,0.008654356002807617,,,0,0,-0.0|0.3333,-0.0|0.3333,2,2,True,True,False,0.4751455783843994,0.008654356002807617,54.902476652249376,3,3,-0.0|0.3333|0.3333,-0.0|0.3333|0.3333
80,0.15,801537,v66,v30,1.0000000000036189,17,0.2125,0.013704776763916016,,,0,0,1.0|1.5,1.0|1.5,2,2,True,True,False,0.5505578517913818,0.013704776763916016,40.172697540099506,2,2,1.0|1.5,1.0|1.5
80,0.15,801538,v27,v55,-8.717471189359569e-13,7,0.0875,0.007570505142211914,,,0,0,-0.0|0.5,-0.0|0.5,2,2,True,True,False,0.45658016204833984,0.007570505142211914,60.31039586810695,2,2,-0.0|0.5,-0.0|0.5
80,0.15,801539,v71,v46,8.077982727158251e-13,4,0.05,0.007596015930175781,,,0,0,0.0|0.6667,0.0|0.6667,2,2,True,True,False,0.4803783893585205,0.007596015930175781,63.24083490269931,2,2,0.0|0.6667,0.0|0.6667
80,0.15,801540,v11,v70,1.9999999999984488,36,0.45,0.06293320655822754,,,0,0,2.0|3.0,2.0|3.0,2,2,True,True,False,0.5282468795776367,0.06293320655822754,8.393770291823413,2,2,2.0|3.0,2.0|3.0
80,0.15,801541,v65,v31,2.0000000000562617,25,0.3125,0.03621411323547363,,,0,0,2.0|32.5,2.0|32.5,2,2,True,True,False,0.4241821765899658,0.03621411323547363,11.713173088950775,2,2,2.0|32.5,2.0|32.5
80,0.15,801542,v56,v25,12.000000000054808,42,0.525,0.11662435531616211,,,0,0,12.0|35.0,12.0|35.0,2,2,True,True,False,0.4991574287414551,0.11662435531616211,4.280044484604156,2,2,12.0|35.0,12.0|35.0
80,0.15,801543,v35,v70,1.999999999999556,41,0.5125,0.08974099159240723,,,0,0,2.0|15.0,2.0|15.0,2,2,True,True,False,0.5174827575683594,0.08974099159240723,5.766403383625442,2,2,2.0|15.0,2.0|15.0
80,0.15,801544,v61,v65,0.9999999999988386,12,0.15,0.016643762588500977,,,0,0,0.0|1.0,0.0|1.0,2,2,True,True,False,0.5302138328552246,0.016643762588500977,31.8566087467232,2,2,0.0|1.0,0.0|1.0
80,0.15,801545,v49,v17,5.999999999966032,31,0.3875,0.05875253677368164,,,0,0,6.0|26.0|55.5|75.5,6.0|26.0|55.5|75.5,4,4,True,True,False,0.5371167659759521,0.05875253677368164,9.142018293524222,4,4,6.0|26.0|55.5|75.5,6.0|26.0|55.5|75.5
80,0.15,801546,v9,v46,10.000000000002858,20,0.25,0.028909683227539062,,,0,0,5.0|7.0|10.0,5.0|7.0|10.0,3,3,True,True,False,0.5606868267059326,0.028909683227539062,19.39442996635218,3,3,5.0|7.0|10.0,5.0|7.0|10.0
80,0.15,801547,v56,v18,4.00000000000302,7,0.0875,0.009125471115112305,,,0,0,2.0|4.0,2.0|4.0,2,2,True,True,False,0.49168848991394043,0.009125471115112305,53.88088830829523,2,2,2.0|4.0,2.0|4.0
80,0.15,801548,v37,v75,0.9999999999819398,21,0.2625,0.021387338638305664,,,0,0,1.0|3.0,1.0|3.0,2,2,True,True,False,0.4409193992614746,0.021387338638305664,20.615907697452762,2,2,1.0|3.0,1.0|3.0
80,0.15,801549,v51,v1,0.9999999999992384,4,0.05,0.008597850799560547,,,0,0,0.0|1.0,0.0|1.0,2,2,True,True,False,0.574420690536499,0.008597850799560547,66.80979978925184,3,3,0.0|1.0|1.0,0.0|1.0|1.0
100,0.05,1000500,v97,v56,0.0,5,0.05,0.007144927978515625,,,0,0,0.0|0.5,0.0|0.5,2,2,True,True,False,0.19087648391723633,0.007144927978515625,26.71496262680192,2,2,0.0|0.5,0.0|0.5
100,0.05,1000501,v58,v15,0.9999999999999994,9,0.09,0.007458686828613281,,,0,0,-0.0|1.0,-0.0|1.0,2,2,True,True,False,0.18082499504089355,0.007458686828613281,24.243543025188593,2,2,-0.0|1.0,-0.0|1.0
100,0.05,1000502,v60,v74,2.999999999999999,17,0.17,0.012984514236450195,,,0,0,1.0|3.0,1.0|3.0,2,2,True,True,False,0.1755237579345703,0.012984514236450195,13.517930262022364,2,2,1.0|3.0,1.0|3.0
100,0.05,1000503,v16,v41,6.000000000000001,61,0.61,0.1470475196838379,,,0,0,6.0|7.0,6.0|7.0,2,2,True,True,False,0.2474839687347412,0.1470475196838379,1.6830203546911127,2,2,6.0|7.0,6.0|7.0
100,0.05,1000504,v52,v13,0.0,17,0.17,0.011934041976928711,,,0,0,0.0|1.0,0.0|1.0,2,2,True,True,False,0.17911267280578613,0.011934041976928711,15.00855059434622,2,2,0.0|1.0,0.0|1.0
100,0.05,1000505,v11,v40,1.0,8,0.08,0.008844137191772461,,,0,0,1.0|1.6667,1.0|1.6667,2,2,True,True,False,0.17409276962280273,0.008844137191772461,19.684539695376735,4,4,1.0|1.6667|1.6667|1.6667,1.0|1.6667|1.6667|1.6667
100,0.05,1000506,v88,v6,0.0,4,0.04,0.0070912837982177734,,,0,0,0.0|0.5,0.0|0.5,2,2,True,True,False,0.1532580852508545,0.0070912837982177734,21.61217765524661,3,3,0.0|0.5|0.5,0.0|0.5|0.5
100,0.05,1000507,v61,v72,2.9999999999999982,17,0.17,0.013719320297241211,,,0,0,1.0|2.0|3.0,1.0|2.0|3.0,3,3,True,True,False,0.1950678825378418,0.013719320297241211,14.218480093147733,3,3,1.0|2.0|3.0,1.0|2.0|3.0
100,0.05,1000508,v22,v37,0.0,16,0.16,0.014869928359985352,,,0,0,0.0|2.5,0.0|2.5,2,2,True,True,False,0.29738712310791016,0.014869928359985352,19.999230386890922,2,2,0.0|2.5,0.0|2.5
100,0.05,1000509,v71,v21,-2.960594732333751e-16,30,0.3,0.03400588035583496,,,0,0,-0.0|1.3333,-0.0|1.3333,2,2,True,True,False,0.15622305870056152,0.03400588035583496,4.594001304064334,3,3,-0.0|1.3333|1.3333,-0.0|1.3333|1.3333
100,0.05,1000510,v40,v27,-2.220446049250313e-16,48,0.48,0.1000218391418457,,,0,0,-0.0|0.5,-0.0|0.5,2,2,True,True,False,0.15218353271484375,0.1000218391418457,1.5215030439404846,4,4,-0.0|0.5|0.5|0.5,-0.0|0.5|0.5|0.5
100,0.05,1000511,v90,v14,1.0000000000000042,20,0.2,0.025298357009887695,,,0,0,0.0|1.0,0.0|1.0,2,2,True,True,False,0.21845436096191406,0.025298357009887695,8.635120489308164,2,2,0.0|1.0,0.0|1.0
100,0.05,1000512,v45,v80,1.0,19,0.19,0.02213597297668457,,,0,0,-0.0|1.0,-0.0|1.0,2,2,True,True,False,0.19024085998535156,0.02213597297668457,8.59419462545102,2,2,-0.0|1.0,-0.0|1.0
100,0.05,1000513,v29,v74,9.999999999999998,29,0.29,0.04430818557739258,,,0,0,3.0|8.0|10.0,3.0|8.0|10.0,3,3,True,True,False,0.26581788063049316,0.04430818557739258,5.999295100138828,4,4,3.0|8.0|10.0|10.0,3.0|8.0|10.0|10.0
100,0.05,1000514,v42,v97,-2.220446049250313e-16,15,0.15,0.012118816375732422,,,0,0,-0.0|0.5,-0.0|0.5,2,2,True,True,False,0.23518824577331543,0.012118816375732422,19.406866024001573,2,2,-0.0|0.5,-0.0|0.5
100,0.05,1000515,v23,v48,1.999999999999997,31,0.31,0.04754829406738281,,,0,0,-0.0|2.0,-0.0|2.0,2,2,True,True,False,0.2338254451751709,0.04754829406738281,4.917641100726062,2,2,-0.0|2.0,-0.0|2.0
100,0.05,1000516,v42,v85,-2.3314683517128287e-15,15,0.15,0.009735584259033203,,,0,0,-0.0|0.5,-0.0|0.5,2,2,True,True,False,0.19014310836791992,0.009735584259033203,19.530734192094823,2,2,-0.0|0.5,-0.0|0.5
100,0.05,1000517,v52,v27,3.0,16,0.16,0.011383533477783203,,,0,0,1.0|3.0,1.0|3.0,2,2,True,True,False,0.2530808448791504,0.011383533477783203,22.23218698948603,2,2,1.0|3.0,1.0|3.0
100,0.05,1000518,v95,v81,1.0,17,0.17,0.01771092414855957,,,0,0,0.0|1.0,0.0|1.0,2,2,True,True,False,0.20592212677001953,0.01771092414855957,11.626842565793902,3,3,0.0|1.0|1.0,0.0|1.0|1.0
100,0.05,1000519,v92,v93,0.0,26,0.26,0.01683950424194336,,,0,0,0.0|0.5,0.0|0.5,2,2,True,True,False,0.17246460914611816,0.01683950424194336,10.24166784652414,2,2,0.0|0.5,0.0|0.5
100,0.05,1000520,v80,v53,1.0,34,0.34,0.04943561553955078,,,0,0,1.0|5.0,1.0|5.0,2,2,True,True,False,0.21924734115600586,0.04943561553955078,4.435007812952138,2,2,1.0|5.0,1.0|5.0
100,0.05,1000521,v40,v70,5.0,27,0.27,0.0263211727142334,,,0,0,2.5|4.5|5.0|5.5,2.5|4.5|5.0|5.5,4,4,True,True,False,0.1910395622253418,0.0263211727142334,7.2580186414732015,4,4,2.5|4.5|5.0|5.5,2.5|4.5|5.0|5.5
100,0.05,1000522,v89,v51,1.0,58,0.58,0.127044677734375,,,0,0,1.0|1.3333,1.0|1.3333,2,2,True,True,False,0.19776296615600586,0.127044677734375,1.5566410941628632,2,2,1.0|1.3333,1.0|1.3333
100,0.05,1000523,v87,v48,0.0,16,0.16,0.011411905288696289,,,0,0,0.0|1.5,0.0|1.5,2,2,True,True,False,0.2206275463104248,0.011411905288696289,19.33310352031756,2,2,0.0|1.5,0.0|1.5
100,0.05,1000524,v39,v97,0.9999999999999996,23,0.23,0.02191329002380371,,,0,0,-0.0|1.0,-0.0|1.0,2,2,True,True,False,0.16979479789733887,0.02191329002380371,7.748484947394762,3,3,-0.0|1.0|1.0,-0.0|1.0|1.0
100,0.05,1000525,v73,v43,-3.1086244689504383e-15,11,0.11,0.008293628692626953,,,0,0,-0.0|2.25,-0.0|2.25,2,2,True,True,False,0.2109975814819336,0.008293628692626953,25.440924509860288,2,2,-0.0|2.25,-0.0|2.25
100,0.05,1000526,v11,v92,0.9999999999999994,28,0.28,0.028625011444091797,,,0,0,1.0|1.6667,1.0|1.6667,2,2,True,True,False,0.27282118797302246,0.028625011444091797,9.53086738518432,2,2,1.0|1.6667,1.0|1.6667
100,0.05,1000527,v27,v20,2.0,53,0.53,0.12006664276123047,,,0,0,2.0|5.5,2.0|5.5,2,2,True,True,False,0.22343873977661133,0.12006664276123047,1.8609560044162383,2,2,2.0|5.5,2.0|5.5
100,0.05,1000528,v2,v93,2.999999999999998,30,0.3,0.03792762756347656,,,0,0,-0.0|3.0,-0.0|3.0,2,2,True,True,False,0.15722203254699707,0.03792762756347656,4.1453168217249186,2,2,-0.0|3.0,-0.0|3.0
100,0.05,1000529,v23,v10,0.0,23,0.23,0.026431560516357422,,,0,0,0.0|2.5,0.0|2.5,2,2,True,True,False,0.22303557395935059,0.026431560516357422,8.438229510562682,2,2,0.0|2.5,0.0|2.5
100,0.05,1000530,v61,v40,5.999999999999997,35,0.35,0.049689531326293945,,,0,0,3.5|6.0|6.5,3.5|6.0|6.5,3,3,True,True,False,0.19246530532836914,0.049689531326293945,3.873357228195938,3,3,3.5|6.0|6.5,3.5|6.0|6.5
100,0.05,1000531,v25,v2,1.0,39,0.39,0.06811404228210449,,,0,0,1.0|2.0,1.0|2.0,2,2,True,True,False,0.20137643814086914,0.06811404228210449,2.956459951486046,2,2,1.0|2.0,1.0|2.0
100,0.05,1000532,v100,v54,0.0,10,0.1,0.008766889572143555,,,0,0,0.0|0.5,0.0|0.5,2,2,True,True,False,0.21109652519226074,0.008766889572143555,24.078839302711376,2,2,0.0|0.5,0.0|0.5
100,0.05,1000533,v39,v13,1.9999999999999984,46,0.46,0.08597230911254883,,,0,0,1.6667|2.0|3.6667,1.6667|2.0|3.6667,3,3,True,True,False,0.20902562141418457,0.08597230911254883,2.431313333000549,3,3,1.6667|2.0|3.6667,1.6667|2.0|3.6667
100,0.05,1000534,v19,v27,0.9999999999999994,10,0.1,0.009220361709594727,,,0,0,-0.0|1.0,-0.0|1.0,2,2,True,True,False,0.2282261848449707,0.009220361709594727,24.752411242986064,3,3,-0.0|1.0|1.0,-0.0|1.0|1.0
100,0.05,1000535,v25,v52,1.9999999999999996,20,0.2,0.0137176513671875,,,0,0,1.0|2.0,1.0|2.0,2,2,True,True,False,0.1927626132965088,0.0137176513671875,14.052158648498331,3,3,1.0|1.0|2.0,1.0|1.0|2.0
100,0.05,1000536,v53,v61,0.0,13,0.13,0.008980989456176758,,,0,0,0.0|0.5,0.0|0.5,2,2,True,True,False,0.20951533317565918,0.008980989456176758,23.328758395497623,2,2,0.0|0.5,0.0|0.5
100,0.05,1000537,v49,v98,0.0,13,0.13,0.008982658386230469,,,0,0,0.0|0.5,0.0|0.5,2,2,True,True,False,0.16455721855163574,0.008982658386230469,18.319434122518313,2,2,0.0|0.5,0.0|0.5
100,0.05,1000538,v37,v82,4.0,47,0.47,0.08624935150146484,,,0,0,4.0|4.5,4.0|4.5,2,2,True,True,False,0.1922917366027832,0.08624935150146484,2.229486173000586,3,3,4.0|4.5|4.5,4.0|4.5|4.5
100,0.05,1000539,v86,v10,-3.1086244689504348e-15,11,0.11,0.012619733810424805,,,0,0,-0.0|0.6667,-0.0|0.6667,2,2,True,True,False,0.19713807106018066,0.012619733810424805,15.621412782679338,3,3,-0.0|0.6667|0.6667,-0.0|0.6667|0.6667
100,0.05,1000540,v99,v36,1.0,28,0.28,0.024796724319458008,,,0,0,0.5|1.0|1.5,0.5|1.0|1.5,3,3,True,True,False,0.16439342498779297,0.024796724319458008,6.629642805634345,4,4,0.5|1.0|1.5|1.5,0.5|1.0|1.5|1.5
100,0.05,1000541,v77,v19,1.0000000000000064,29,0.29,0.03803086280822754,,,0,0,1.0|2.0,1.0|2.0,2,2,True,True,False,0.25031614303588867,0.03803086280822754,6.581921222721659,2,2,1.0|2.0,1.0|2.0
100,0.05,1000542,v1,v36,1.9999999999999998,7,0.07,0.007664680480957031,,,0,0,1.0|2.0,1.0|2.0,2,2,True,True,False,0.21012282371520996,0.007664680480957031,27.41442702500933,3,3,1.0|2.0|2.0,1.0|2.0|2.0
100,0.05,1000543,v42,v81,4.440892098500627e-16,33,0.33,0.03333878517150879,,,0,0,0.0|1.3333,0.0|1.3333,2,2,True,True,False,0.15195226669311523,0.03333878517150879,4.557822545464948,2,2,0.0|1.3333,0.0|1.3333
100,0.05,1000544,v71,v88,1.2823075934420563e-14,22,0.22,0.02372598648071289,,,0,0,0.0|0.5,0.0|0.5,2,2,True,True,False,0.31263065338134766,0.02372598648071289,13.176718853628635,3,3,0.0|0.5|0.5,0.0|0.5|0.5
100,0.05,1000545,v98,v100,-2.220446049250313e-16,8,0.08,0.008361339569091797,,,0,0,-0.0|0.3333,-0.0|0.3333,2,2,True,True,False,0.18453669548034668,0.008361339569091797,22.070230966638153,3,3,-0.0|0.3333|0.3333,-0.0|0.3333|0.3333
100,0.05,1000546,v35,v26,0.0,3,0.03,0.014408111572265625,,,0,0,0.0|0.3333,0.0|0.3333,2,2,True,True,False,0.2550034523010254,0.014408111572265625,17.698603388933016,2,2,0.0|0.3333,0.0|0.3333
100,0.05,1000547,v65,v66,-4.440892098500626e-16,22,0.22,0.02427816390991211,,,0,0,-0.0|1.0,-0.0|1.0,2,2,True,True,False,0.24614691734313965,0.02427816390991211,10.138613375233232,2,2,-0.0|1.0,-0.0|1.0
100,0.05,1000548,v5,v100,4.218847493575585e-15,10,0.1,0.00798940658569336,,,0,0,0.0|0.5,0.0|0.5,2,2,True,True,False,0.2035386562347412,0.00798940658569336,25.476066845717696,2,2,0.0|0.5,0.0|0.5
100,0.05,1000549,v40,v52,0.0,40,0.4,0.059937477111816406,,,0,0,0.0|2.5,0.0|2.5,2,2,True,True,False,0.16745424270629883,0.059937477111816406,2.7938153351684196,2,2,0.0|2.5,0.0|2.5
100,0.1,1001000,v61,v58,4.000000000000826,25,0.25,0.029746532440185547,,,0,0,0.0|1.0|4.0,0.0|1.0|4.0,3,3,True,True,False,0.6360263824462891,0.029746532440185547,21.381530224580416,5,5,0.0|0.0|1.0|4.0|4.0,0.0|0.0|1.0|4.0|4.0
100,0.1,1001001,v4,v74,202.99999999905677,85,0.85,0.6073653697967529,,,0,0,203.0|310.5,203.0|310.5,2,2,True,True,False,0.5584256649017334,0.6073653697967529,0.919422958027066,2,2,203.0|310.5,203.0|310.5
100,0.1,1001002,v13,v29,3.9999999999997264,21,0.21,0.015073776245117188,,,0,0,3.0|4.0,3.0|4.0,2,2,True,True,False,0.554253101348877,0.015073776245117188,36.76935973680881,2,2,3.0|4.0,3.0|4.0
100,0.1,1001003,v87,v3,-1.0413891970984029e-13,19,0.19,0.0200350284576416,,,0,0,-0.0|1.5,-0.0|1.5,2,2,True,True,False,0.4890463352203369,0.0200350284576416,24.409565289826617,3,3,-0.0|1.5|1.5,-0.0|1.5|1.5
100,0.1,1001004,v17,v2,1.9999999999998632,42,0.42,0.11588788032531738,,,0,0,2.0|18.0,2.0|18.0,2,2,True,True,False,0.5395526885986328,0.11588788032531738,4.655816355291122,2,2,2.0|18.0,2.0|18.0
100,0.1,1001005,v74,v87,5.000000000051374,51,0.51,0.26988792419433594,,,0,0,5.0|11.0,5.0|11.0,2,2,True,True,False,0.6615490913391113,0.26988792419433594,2.45119930176185,4,4,5.0|5.0|5.0|11.0,5.0|5.0|5.0|11.0
100,0.1,1001006,v97,v16,6.000000000001188,19,0.19,0.01862788200378418,,,0,0,6.0|6.5|7.5,6.0|6.5|7.5,3,3,True,True,False,0.576300859451294,0.01862788200378418,30.937540796866802,4,4,6.0|6.5|7.5|7.5,6.0|6.5|7.5|7.5
100,0.1,1001007,v26,v19,9.00000000001714,40,0.4,0.07537436485290527,,,0,0,9.0|20.5,9.0|20.5,2,2,True,True,False,0.6275508403778076,0.07537436485290527,8.32578611577672,2,2,9.0|20.5,9.0|20.5
100,0.1,1001008,v34,v93,13.000000000000478,36,0.36,0.053658485412597656,,,0,0,6.0|13.0,6.0|13.0,2,2,True,True,False,0.6272056102752686,0.053658485412597656,11.688842975206612,2,2,6.0|13.0,6.0|13.0
100,0.1,1001009,v29,v39,146.99999999992053,70,0.7,0.3135366439819336,,,0,0,147.0|179.0,147.0|179.0,2,2,True,True,False,0.5160632133483887,0.3135366439819336,1.645942263061682,2,2,147.0|179.0,147.0|179.0
100,0.1,1001010,v99,v28,1024.9999999998856,66,0.66,0.5136594772338867,,,0,0,725.0|820.0|1025.0,725.0|820.0|1025.0,3,3,True,True,False,0.7115845680236816,0.5136594772338867,1.3853235451930985,3,3,725.0|820.0|1025.0,725.0|820.0|1025.0
100,0.1,1001011,v87,v91,14.99999999999106,30,0.3,0.04401040077209473,,,0,0,3.0|15.0,3.0|15.0,2,2,True,True,False,0.6252434253692627,0.04401040077209473,14.206719648090663,2,2,3.0|15.0,3.0|15.0
100,0.1,1001012,v82,v37,315.0000000000087,70,0.7,0.36045098304748535,,,0,0,34.0|133.0|315.0,34.0|133.0|315.0,3,3,True,True,False,0.4737534523010254,0.36045098304748535,1.314335303778638,4,4,34.0|34.0|133.0|315.0,34.0|34.0|133.0|315.0
100,0.1,1001013,v74,v88,27.99999999999536,53,0.53,0.15638351440429688,,,0,0,4.0|28.0,4.0|28.0,2,2,True,True,False,0.5688104629516602,0.15638351440429688,3.6372789364556652,2,2,4.0|28.0,4.0|28.0
100,0.1,1001014,v69,v32,-1.428301921180325e-13,9,0.09,0.008603811264038086,,,0,0,-0.0|0.25,-0.0|0.25,2,2,True,True,False,0.5956871509552002,0.008603811264038086,69.23526477678942,2,2,-0.0|0.25,-0.0|0.25
100,0.1,1001015,v76,v48,4.000000000000121,28,0.28,0.0368046760559082,,,0,0,4.0|6.0,4.0|6.0,2,2,True,True,False,0.5353631973266602,0.0368046760559082,14.546064649867203,2,2,4.0|6.0,4.0|6.0
100,0.1,1001016,v44,v71,-1.1472304587787803e-13,7,0.07,0.008742570877075195,,,0,0,-0.0|1.0,-0.0|1.0,2,2,True,True,False,0.6431267261505127,0.008742570877075195,73.56265510376612,2,2,-0.0|1.0,-0.0|1.0
100,0.1,1001017,v46,v83,1.000000000009308,41,0.41,0.07790708541870117,,,0,0,1.0|11.0,1.0|11.0,2,2,True,True,False,0.6026899814605713,0.07790708541870117,7.736009866387568,2,2,1.0|11.0,1.0|11.0
100,0.1,1001018,v16,v49,698.9999999999023,81,0.81,0.6371891498565674,,,0,0,186.0|595.0|699.0,186.0|595.0|699.0,3,3,True,True,False,0.6481728553771973,0.6371891498565674,1.0172377472577843,3,3,186.0|595.0|699.0,186.0|595.0|699.0
100,0.1,1001019,v51,v35,47.00000000003756,60,0.6,0.24388813972473145,,,0,0,35.0|47.0,35.0|47.0,2,2,True,True,False,0.5945408344268799,0.24388813972473145,2.4377603400391616,2,2,35.0|47.0,35.0|47.0
100,0.1,1001020,v30,v53,3.0000000000095697,25,0.25,0.023104429244995117,,,0,0,3.0|4.0|6.0,3.0|4.0|6.0,3,3,True,True,False,0.5434436798095703,0.023104429244995117,23.521190419680725,3,3,3.0|4.0|6.0,3.0|4.0|6.0
100,0.1,1001021,v43,v29,8.000000000045224,48,0.48,0.10883927345275879,,,0,0,8.0|13.0,8.0|13.0,2,2,True,True,False,0.5049228668212891,0.10883927345275879,4.63916057874503,2,2,8.0|13.0,8.0|13.0
100,0.1,1001022,v49,v21,14.999999999972847,23,0.23,0.026024580001831055,,,0,0,11.0|15.0,11.0|15.0,2,2,True,True,False,0.7296299934387207,0.026024580001831055,28.036187073427694,2,2,11.0|15.0,11.0|15.0
100,0.1,1001023,v17,v91,-7.993605777300892e-14,15,0.15,0.014531850814819336,,,0,0,-0.0|6.0,-0.0|6.0,2,2,True,True,False,0.6224946975708008,0.014531850814819336,42.836573641121554,3,3,-0.0|6.0|6.0,-0.0|6.0|6.0
100,0.1,1001024,v76,v97,-3.670841408620548e-11,41,0.41,0.07864999771118164,,,0,0,-0.0|5.5,-0.0|5.5,2,2,True,True,False,0.6279792785644531,0.07864999771118164,7.984479298658308,2,2,-0.0|5.5,-0.0|5.5
100,0.1,1001025,v80,v48,20.00000000000685,43,0.43,0.0969846248626709,,,0,0,17.0|20.0,17.0|20.0,2,2,True,True,False,0.6629464626312256,0.0969846248626709,6.835583099588725,2,2,17.0|20.0,17.0|20.0
100,0.1,1001026,v28,v72,0.9999999999999979,13,0.13,0.018114566802978516,,,0,0,-0.0|1.0,-0.0|1.0,2,2,True,True,False,0.5612306594848633,0.018114566802978516,30.982284345468425,6,6,-0.0|1.0|1.0|1.0|1.0|1.0,-0.0|1.0|1.0|1.0|1.0|1.0
100,0.1,1001027,v24,v41,21.000000000004707,31,0.31,0.05714726448059082,,,0,0,9.0|20.0|21.0|23.0,9.0|20.0|21.0|23.0,4,4,True,True,False,0.6407732963562012,0.05714726448059082,11.212667870984967,4,4,9.0|20.0|21.0|23.0,9.0|20.0|21.0|23.0
100,0.1,1001028,v20,v61,65.0000000000851,67,0.67,0.27930760383605957,,,0,0,22.0|65.0,22.0|65.0,2,2,True,True,False,0.6094064712524414,0.27930760383605957,2.1818470492129327,2,2,22.0|65.0,22.0|65.0
100,0.1,1001029,v56,v54,33.00000000000112,56,0.56,0.1764237880706787,,,0,0,3.0|33.0,3.0|33.0,2,2,True,True,False,0.6940858364105225,0.1764237880706787,3.9341964255549176,2,2,3.0|33.0,3.0|33.0
100,0.1,1001030,v13,v80,457.9999999999769,71,0.71,0.3727588653564453,,,0,0,185.0|258.0|458.0|475.0|530.0,185.0|258.0|458.0|475.0|530.0,5,5,True,True,False,0.5472180843353271,0.3727588653564453,1.4680216493632088,6,6,185.0|185.0|258.0|458.0|475.0|530.0,185.0|185.0|258.0|458.0|475.0|530.0
100,0.1,1001031,v62,v24,260.00000000020754,76,0.76,0.42079854011535645,,,0,0,260.0|491.5,260.0|491.5,2,2,True,True,False,0.5567867755889893,0.42079854011535645,1.3231670799911839,2,2,260.0|491.5,260.0|491.5
100,0.1,1001032,v87,v70,193.00000000017155,49,0.49,0.13493824005126953,,,0,0,148.0|193.0,148.0|193.0,2,2,True,True,False,0.7022392749786377,0.13493824005126953,5.204153208992671,2,2,148.0|193.0,148.0|193.0
100,0.1,1001033,v62,v81,15.000000000000416,37,0.37,0.09153985977172852,,,0,0,10.0|13.0|15.0,10.0|13.0|15.0,3,3,True,True,False,0.5694224834442139,0.09153985977172852,6.220486735113792,4,4,10.0|13.0|15.0|15.0,10.0|13.0|15.0|15.0
100,0.1,1001034,v30,v7,2.6452913933401865e-13,16,0.16,0.02557826042175293,,,0,0,0.0|1.0,0.0|1.0,2,2,True,True,False,0.6409106254577637,0.02557826042175293,25.056849640670002,3,3,0.0|1.0|1.0,0.0|1.0|1.0
100,0.1,1001035,v7,v13,5.0000000000007745,27,0.27,0.0344538688659668,,,0,0,3.0|5.0,3.0|5.0,2,2,True,True,False,0.5127270221710205,0.0344538688659668,14.881551449726663,2,2,3.0|5.0,3.0|5.0
100,0.1,1001036,v40,v22,36.99999999947425,59,0.59,0.24881887435913086,,,0,0,37.0|54.0,37.0|54.0,2,2,True,True,False,0.6541035175323486,0.24881887435913086,2.628834003116071,2,2,37.0|54.0,37.0|54.0
100,0.1,1001037,v70,v8,377.0000000001233,64,0.64,0.3523564338684082,,,0,0,276.0|377.0,276.0|377.0,2,2,True,True,False,0.6596453189849854,0.3523564338684082,1.8720967054381585,2,2,276.0|377.0,276.0|377.0
100,0.1,1001038,v1,v73,1476.9999999998818,75,0.75,0.507673978805542,,,0,0,1362.0|1379.0|1477.0,1362.0|1379.0|1477.0,3,3,True,True,False,0.6275455951690674,0.507673978805542,1.2361192839655875,3,3,1362.0|1379.0|1477.0,1362.0|1379.0|1477.0
100,0.1,1001039,v10,v39,2.0000000000000466,14,0.14,0.011104822158813477,,,0,0,2.0|2.5|3.5,2.0|2.5|3.5,3,3,True,True,False,0.557837963104248,0.011104822158813477,50.23384932477403,3,3,2.0|2.5|3.5,2.0|2.5|3.5
100,0.1,1001040,v85,v8,0.0,4,0.04,0.009509086608886719,,,0,0,0.0|0.6667,0.0|0.6667,2,2,True,True,False,0.7663471698760986,0.009509086608886719,80.5910390131381,3,3,0.0|0.6667|0.6667,0.0|0.6667|0.6667
100,0.1,1001041,v83,v100,5.881162223886348e-11,35,0.35,0.07197308540344238,,,0,0,0.0|11.3333,0.0|11.3333,2,2,True,True,False,0.6387424468994141,0.07197308540344238,8.874740374390894,2,2,0.0|11.3333,0.0|11.3333
100,0.1,1001042,v81,v32,-1.3891110484109934e-12,24,0.24,0.029532194137573242,,,0,0,-0.0|9.5,-0.0|9.5,2,2,True,True,False,0.6792304515838623,0.029532194137573242,22.999660926639056,2,2,-0.0|9.5,-0.0|9.5
100,0.1,1001043,v49,v39,48.99999999998358,53,0.53,0.18455290794372559,,,0,0,49.0|81.0,49.0|81.0,2,2,True,True,False,0.7625110149383545,0.18455290794372559,4.13166621666488,2,2,49.0|81.0,49.0|81.0
100,0.1,1001044,v79,v35,0.9999999999997958,7,0.07,0.009824275970458984,,,0,0,-0.0|1.0,-0.0|1.0,2,2,True,True,False,0.6390786170959473,0.009824275970458984,65.05096345192447,4,4,-0.0|1.0|1.0|1.0,-0.0|1.0|1.0|1.0
100,0.1,1001045,v72,v96,14.000000000001231,40,0.4,0.1610093116760254,,,0,0,14.0|17.5|18.5,14.0|17.5|18.5,3,3,True,True,False,0.6101830005645752,0.1610093116760254,3.7897373401133088,3,3,14.0|17.5|18.5,14.0|17.5|18.5
100,0.1,1001046,v70,v91,82.999999999958,69,0.69,0.3513319492340088,,,0,0,83.0|183.0,83.0|183.0,2,2,True,True,False,0.6596767902374268,0.3513319492340088,1.8776453199764114,2,2,83.0|183.0,83.0|183.0
100,0.1,1001047,v28,v63,12.000000000017426,40,0.4,0.07293534278869629,,,0,0,12.0|19.0|26.0,12.0|19.0|26.0,3,3,True,True,False,0.6058757305145264,0.07293534278869629,8.307025199975156,3,3,12.0|19.0|26.0,12.0|19.0|26.0
100,0.1,1001048,v30,v46,1.9999999999977416,11,0.11,0.01066732406616211,,,0,0,1.0|2.0,1.0|2.0,2,2,True,True,False,0.7165706157684326,0.01066732406616211,67.17435519198963,2,2,1.0|2.0,1.0|2.0
100,0.1,1001049,v88,v72,16.0000000000006,27,0.27,0.03348183631896973,,,0,0,10.0|12.0|13.0|15.0|16.0,10.0|12.0|13.0|15.0|16.0,5,5,True,True,False,0.6974875926971436,0.03348183631896973,20.831820156231085,6,6,10.0|12.0|12.0|13.0|15.0|16.0,10.0|12.0|12.0|13.0|15.0|16.0
100,0.15,1001500,v6,v20,118.00000001705445,69,0.69,0.7483608722686768,,,0,0,118.0|209.0,118.0|209.0,2,2,True,True,False,1.1293683052062988,0.7483608722686768,1.5091225998796376,2,2,118.0|209.0,118.0|209.0
100,0.15,1001501,v83,v57,1128.9999999333775,78,0.78,1.4494121074676514,,,0,0,1129.0|2438.5,1129.0|2438.5,2,2,True,True,False,1.7738094329833984,1.4494121074676514,1.2238130369164086,2,2,1129.0|2438.5,1129.0|2438.5
100,0.15,1001502,v21,v33,2707.000000029805,55,0.55,0.40955066680908203,,,0,0,1254.0|1454.0|2707.0,1254.0|1454.0|2707.0,3,3,True,True,False,1.5387310981750488,0.40955066680908203,3.757120236584429,3,3,1254.0|1454.0|2707.0,1254.0|1454.0|2707.0
100,0.15,1001503,v43,v68,8.976264176415458e-11,17,0.17,0.0250246524810791,,,0,0,0.0|0.3333,0.0|0.3333,2,2,True,True,False,1.5504724979400635,0.0250246524810791,61.95780337458675,2,2,0.0|0.3333,0.0|0.3333
100,0.15,1001504,v3,v53,22.000000006416528,56,0.56,0.33687376976013184,,,0,0,22.0|36.3333|38.0|52.3333,22.0|36.3333|38.0|52.3333,4,4,True,True,False,1.215404748916626,0.33687376976013184,3.607893691996396,4,4,22.0|36.3333|38.0|52.3333,22.0|36.3333|38.0|52.3333
100,0.15,1001505,v84,v56,135.999999999975,48,0.48,0.21417927742004395,,,0,0,91.0|103.0|136.0,91.0|103.0|136.0,3,3,True,True,False,1.2850446701049805,0.21417927742004395,5.999855287515877,3,3,91.0|103.0|136.0,91.0|103.0|136.0
100,0.15,1001506,v74,v43,2.0000000000027467,8,0.08,0.014685869216918945,,,0,0,1.0|2.0,1.0|2.0,2,2,True,True,False,1.451195478439331,0.014685869216918945,98.81577024855106,2,2,1.0|2.0,1.0|2.0
100,0.15,1001507,v87,v66,50.000000000203066,33,0.33,0.0805671215057373,,,0,0,41.0|50.0,41.0|50.0,2,2,True,True,False,1.4486665725708008,0.0805671215057373,17.98086546343398,2,2,41.0|50.0,41.0|50.0
100,0.15,1001508,v63,v10,6751.999999989047,71,0.71,0.9919116497039795,,,0,0,3947.0|6752.0|6901.0,3947.0|6752.0|6901.0,3,3,True,True,False,1.3792812824249268,0.9919116497039795,1.390528362920782,3,3,3947.0|6752.0|6901.0,3947.0|6752.0|6901.0
100,0.15,1001509,v23,v61,763.9999999471227,76,0.76,1.174665927886963,,,0,0,764.0|5754.1429,764.0|5754.1429,2,2,True,True,False,1.3935437202453613,1.174665927886963,1.1863319495034004,2,2,764.0|5754.1429,764.0|5754.1429
100,0.15,1001510,v27,v86,8.000000000016986,27,0.27,0.042902469635009766,,,0,0,8.0|20.25,8.0|20.25,2,2,True,True,False,1.5509333610534668,0.042902469635009766,36.150211730185724,2,2,8.0|20.25,8.0|20.25
100,0.15,1001511,v65,v27,8528.9999998862,73,0.73,1.2130708694458008,,,0,0,3091.0|3857.0|8529.0,3091.0|3857.0|8529.0,3,3,True,True,False,1.4882025718688965,1.2130708694458008,1.2268059594480176,4,4,3091.0|3091.0|3857.0|8529.0,3091.0|3091.0|3857.0|8529.0
100,0.15,1001512,v20,v14,8.00000000105064,30,0.3,0.05460095405578613,,,0,0,8.0|14.5,8.0|14.5,2,2,True,True,False,1.4868767261505127,0.05460095405578613,27.23169863719527,2,2,8.0|14.5,8.0|14.5
100,0.15,1001513,v23,v31,1809.9999999644472,68,0.68,0.7789530754089355,,,0,0,1810.0|4500.6667,1810.0|4500.6667,2,2,True,True,False,1.4289638996124268,0.7789530754089355,1.8344672416400023,2,2,1810.0|4500.6667,1810.0|4500.6667
100,0.15,1001514,v39,v56,19.99999999662908,46,0.46,0.1697070598602295,,,0,0,20.0|46.0,20.0|46.0,2,2,True,True,False,1.3592205047607422,0.1697070598602295,8.009216033087807,2,2,20.0|46.0,20.0|46.0
100,0.15,1001515,v20,v12,2.0000000010913603,19,0.19,0.024186134338378906,,,0,0,2.0|2.5,2.0|2.5,2,2,True,True,False,1.4495294094085693,0.024186134338378906,59.932248334056226,2,2,2.0|2.5,2.0|2.5
100,0.15,1001517,v24,v41,3744.9999962774104,81,0.81,1.4985649585723877,,,0,0,3745.0,3745.0,1,1,True,True,False,1.2167541980743408,1.4985649585723877,0.8119462497197888,1,1,3745.0,3745.0
100,0.15,1001518,v75,v46,21.000000000442753,26,0.26,0.04118680953979492,,,0,0,10.5|21.0|22.5,10.5|21.0|22.5,3,3,True,True,False,1.20182204246521,0.04118680953979492,29.17978002894356,3,3,10.5|21.0|22.5,10.5|21.0|22.5
100,0.15,1001519,v70,v73,8608.000000414797,76,0.76,1.164158582687378,,,0,0,8608.0,8608.0,1,1,True,True,False,1.2173817157745361,1.164158582687378,1.0457181125309374,1,1,8608.0,8608.0
100,0.15,1001520,v4,v79,4138.000000315003,83,0.83,1.4764001369476318,,,0,0,4138.0,4138.0,1,1,True,True,False,1.1166231632232666,1.4764001369476318,0.7563147247681903,1,1,4138.0,4138.0
100,0.15,1001522,v99,v7,45.99999999258741,54,0.54,0.27487897872924805,,,0,0,46.0|245.5,46.0|245.5,2,2,True,True,False,1.1873624324798584,0.27487897872924805,4.319582523076069,2,2,46.0|245.5,46.0|245.5
100,0.15,1001523,v73,v92,2.0000000000405516,14,0.14,0.017232418060302734,,,0,0,2.0|3.0,2.0|3.0,2,2,True,True,False,1.250065565109253,0.017232418060302734,72.54150640582196,3,3,2.0|3.0|3.0,2.0|3.0|3.0
100,0.15,1001524,v89,v34,924.9999999994664,61,0.61,0.3857269287109375,,,0,0,373.0|925.0|1149.0,373.0|925.0|1149.0,3,3,True,True,False,1.0555503368377686,0.3857269287109375,2.7365222862850587,3,3,373.0|925.0|1149.0,373.0|925.0|1149.0
100,0.15,1001525,v69,v11,750.0000000041551,73,0.73,0.8121848106384277,,,0,0,750.0|2136.0,750.0|2136.0,2,2,True,True,False,1.0617163181304932,0.8121848106384277,1.3072348857348344,2,2,750.0|2136.0,750.0|2136.0
100,0.15,1001526,v54,v51,9.000000001353785,25,0.25,0.031230688095092773,,,0,0,9.0|29.3333|30.3333,9.0|29.3333|30.3333,3,3,True,True,False,1.4586844444274902,0.031230688095092773,46.70676611370247,3,3,9.0|29.3333|30.3333,9.0|29.3333|30.3333
100,0.15,1001527,v78,v82,-2.955043617210693e-13,3,0.03,0.009531021118164062,,,0,0,-0.0|0.3333,-0.0|0.3333,2,2,True,True,False,1.1144866943359375,0.009531021118164062,116.93255953572144,2,2,-0.0|0.3333,-0.0|0.3333
100,0.15,1001528,v6,v83,1.0000000001818503,18,0.18,0.019484281539916992,,,0,0,1.0|1.3333|3.0|3.3333,1.0|1.3333|3.0|3.3333,4,4,True,True,False,1.1510615348815918,0.019484281539916992,59.07641667584401,4,4,1.0|1.3333|3.0|3.3333,1.0|1.3333|3.0|3.3333
100,0.15,1001530,v78,v44,7.999999999485165,25,0.25,0.04775667190551758,,,0,0,5.0|8.0|9.0,5.0|8.0|9.0,3,3,True,True,False,1.1099798679351807,0.04775667190551758,23.24240412169381,3,3,5.0|8.0|9.0,5.0|8.0|9.0
100,0.15,1001531,v15,v74,2417.0000001367644,58,0.58,0.4129033088684082,,,0,0,2067.0|2417.0,2067.0|2417.0,2,2,True,True,False,1.2554442882537842,0.4129033088684082,3.040528523964657,2,2,2067.0|2417.0,2067.0|2417.0
100,0.15,1001532,v92,v93,6.299183397309028e-12,4,0.04,0.014275074005126953,,,0,0,0.0|0.3333,0.0|0.3333,2,2,True,True,False,1.1260254383087158,0.014275074005126953,78.88053245148144,2,2,0.0|0.3333,0.0|0.3333
100,0.15,1001533,v48,v31,12.000000000066018,27,0.27,0.039769649505615234,,,0,0,8.0|12.0,8.0|12.0,2,2,True,True,False,1.1324615478515625,0.039769649505615234,28.47552246322075,2,2,8.0|12.0,8.0|12.0
100,0.15,1001534,v94,v26,560.0000000000266,57,0.57,0.31567883491516113,,,0,0,560.0|771.3333|1140.3333,560.0|771.3333|1140.3333,3,3,True,True,False,1.0476362705230713,0.31567883491516113,3.318677575595539,3,3,560.0|771.3333|1140.3333,560.0|771.3333|1140.3333
100,0.15,1001535,v24,v4,31636.00000037886,80,0.8,1.2732231616973877,,,0,0,3491.0,3491.0,1,1,True,True,False,1.0817387104034424,1.2732231616973877,0.8496065284905207,1,1,3491.0,3491.0
100,0.15,1001536,v86,v93,0.9999999979456177,28,0.28,0.04017782211303711,,,0,0,1.0|12.0,1.0|12.0,2,2,True,True,False,1.3629088401794434,0.04017782211303711,33.921919320191314,2,2,1.0|12.0,1.0|12.0
100,0.15,1001537,v93,v40,18.000000000227057,34,0.34,0.06396675109863281,,,0,0,12.0|18.0|20.0,12.0|18.0|20.0,3,3,True,True,False,1.1811463832855225,0.06396675109863281,18.465005069028237,3,3,12.0|18.0|20.0,12.0|18.0|20.0
100,0.15,1001538,v10,v80,6.999999999972753,26,0.26,0.03484034538269043,,,0,0,-0.0|7.0,-0.0|7.0,2,2,True,True,False,1.1365940570831299,0.03484034538269043,32.62292737338416,2,2,-0.0|7.0,-0.0|7.0
100,0.15,1001539,v15,v9,28.99999999988077,57,0.57,0.31888890266418457,,,0,0,29.0|1136.0,29.0|1136.0,2,2,True,True,False,1.192429780960083,0.31888890266418457,3.7393266777169933,2,2,29.0|1136.0,29.0|1136.0
100,0.15,1001540,v16,v51,8.99999999999134,35,0.35,0.07141256332397461,,,0,0,9.0|78.5,9.0|78.5,2,2,True,True,False,1.1532340049743652,0.07141256332397461,16.148895254502115,2,2,9.0|78.5,9.0|78.5
100,0.15,1001541,v16,v29,9.27495117804919e-12,22,0.22,0.024459123611450195,,,0,0,0.0|15.0,0.0|15.0,2,2,True,True,False,1.2475929260253906,0.024459123611450195,51.00726198715262,2,2,0.0|15.0,0.0|15.0
100,0.15,1001542,v64,v8,-1.2214673716922436e-11,12,0.12,0.01464986801147461,,,0,0,-0.0|0.5|0.6|1.1,-0.0|0.5|0.6|1.1,4,4,True,True,False,1.2585692405700684,0.01464986801147461,85.90993718061387,4,4,-0.0|0.5|0.6|1.1,-0.0|0.5|0.6|1.1
100,0.15,1001543,v23,v58,12.999999998584512,34,0.34,0.07770752906799316,,,0,0,13.0|13.6667|16.5|17.1667,13.0|13.6667|16.5|17.1667,4,4,True,True,False,1.227142572402954,0.07770752906799316,15.791810486332913,4,4,13.0|13.6667|16.5|17.1667,13.0|13.6667|16.5|17.1667
100,0.15,1001545,v74,v82,9.999201466837915e-11,13,0.13,0.02017045021057129,,,0,0,0.0|1.0,0.0|1.0,2,2,True,True,False,1.2069430351257324,0.02017045021057129,59.83718868571294,3,3,0.0|1.0|1.0,0.0|1.0|1.0
100,0.15,1001546,v11,v36,2.999999999993916,11,0.11,0.013416767120361328,,,0,0,-0.0|3.0,-0.0|3.0,2,2,True,True,False,1.242762565612793,0.013416767120361328,92.62757223584605,3,3,-0.0|3.0|3.0,-0.0|3.0|3.0
100,0.15,1001547,v76,v74,138.9999999998312,42,0.42,0.1296215057373047,,,0,0,139.0|174.3333|176.0|192.3333|202.3333|229.3333,139.0|174.3333|176.0|192.3333|202.3333|229.3333,6,6,True,True,False,1.2192068099975586,0.1296215057373047,9.405899145072764,6,6,139.0|174.3333|176.0|192.3333|202.3333|229.3333,139.0|174.3333|176.0|192.3333|202.3333|229.3333
100,0.15,1001549,v8,v46,2.7119417822684878e-11,10,0.1,0.011167526245117188,,,0,0,0.0|0.5,0.0|0.5,2,2,True,True,False,1.1887526512145996,0.011167526245117188,106.44726729291204,2,2,0.0|0.5,0.0|0.5
